# 260612_11:04:04.806305
t	CH1	CH2
0.000000e+00	-3.928230e-04	-5.428141e-01
1.000000e-08	-2.009482e-03	-6.327525e-01
2.000000e-08	-3.722593e-03	-7.469210e-01
3.000000e-08	4.352779e-03	-8.425601e-01
4.000000e-08	5.070638e-02	-9.453195e-01
5.000000e-08	1.786463e-02	-1.082712e+00
6.000000e-08	-3.650103e-02	-1.314846e+00
7.000000e-08	-1.111767e-01	-1.515847e+00
8.000000e-08	4.510907e-02	-1.547272e+00
9.000000e-08	7.064836e-02	-1.547968e+00
1.000000e-07	-5.966885e-02	-1.725867e+00
1.100000e-07	-6.220040e-02	-1.873037e+00
1.200000e-07	1.036744e-01	-1.842212e+00
1.300000e-07	-3.710255e-02	-1.956947e+00
1.400000e-07	-6.253813e-02	-2.191477e+00
1.500000e-07	1.187607e-01	-2.304264e+00
1.600000e-07	-3.277654e-02	-2.368924e+00
1.700000e-07	-1.448392e-01	-2.483213e+00
1.800000e-07	1.058219e-01	-2.588900e+00
1.900000e-07	5.030289e-02	-2.694288e+00
2.000000e-07	-1.041686e-01	-2.788425e+00
2.100000e-07	3.308083e-02	-2.831585e+00
2.200000e-07	-2.481800e-03	-3.040105e+00
2.300000e-07	-3.685482e-03	-3.187947e+00
2.400000e-07	5.718409e-02	-3.232054e+00
2.500000e-07	-6.590006e-02	-3.335839e+00
2.600000e-07	-2.820345e-02	-3.491510e+00
2.700000e-07	8.155867e-02	-3.533318e+00
2.800000e-07	-3.837500e-02	-3.608076e+00
2.900000e-07	6.866194e-03	-3.722778e+00
3.000000e-07	1.100897e-02	-3.858051e+00
3.100000e-07	-6.647628e-02	-3.945896e+00
3.200000e-07	5.371940e-02	-4.001555e+00
3.300000e-07	3.497167e-02	-4.085813e+00
3.400000e-07	-4.172601e-02	-4.208952e+00
3.500000e-07	-1.006629e-02	-4.243683e+00
3.600000e-07	3.844241e-03	-4.358421e+00
3.700000e-07	2.900546e-02	-4.462578e+00
3.800000e-07	-2.487242e-03	-4.473681e+00
3.900000e-07	-3.601068e-02	-4.569998e+00
4.000000e-07	1.473884e-03	-4.674636e+00
4.100000e-07	1.660837e-02	-4.725466e+00
4.200000e-07	1.901585e-02	-4.791075e+00
4.300000e-07	-3.088424e-03	-4.894159e+00
4.400000e-07	-3.144097e-02	-4.981498e+00
4.500000e-07	1.358554e-02	-5.103662e+00
4.600000e-07	1.056196e-02	-5.126291e+00
4.700000e-07	5.307878e-03	-5.239501e+00
4.800000e-07	-1.179677e-02	-5.273664e+00
4.900000e-07	-2.187687e-02	-5.388979e+00
5.000000e-07	2.428566e-02	-5.503129e+00
5.100000e-07	1.352709e-02	-5.557917e+00
5.200000e-07	-6.161226e-03	-5.590051e+00
5.300000e-07	-1.406120e-02	-5.652078e+00
5.400000e-07	-8.255052e-03	-5.671812e+00
5.500000e-07	2.000961e-02	-5.757446e+00
5.600000e-07	7.097001e-03	-5.789995e+00
5.700000e-07	-1.205769e-02	-5.861083e+00
5.800000e-07	-1.044041e-02	-5.924734e+00
5.900000e-07	5.356200e-03	-5.976366e+00
6.000000e-07	1.909697e-02	-5.977000e+00
6.100000e-07	-1.577822e-03	-5.999449e+00
6.200000e-07	-1.648905e-02	-6.021551e+00
6.300000e-07	-1.166001e-03	-6.091155e+00
6.400000e-07	9.550906e-03	-6.072182e+00
6.500000e-07	1.166013e-02	-6.145290e+00
6.600000e-07	-8.585337e-03	-6.190494e+00
6.700000e-07	-1.180430e-02	-6.182130e+00
6.800000e-07	4.850012e-03	-6.272130e+00
6.900000e-07	1.048843e-02	-6.304791e+00
7.000000e-07	4.841870e-03	-6.357345e+00
7.100000e-07	-1.129836e-02	-6.327392e+00
7.200000e-07	-6.692910e-03	-6.368416e+00
7.300000e-07	7.961549e-03	-6.368471e+00
7.400000e-07	9.705593e-03	-6.407949e+00
7.500000e-07	-3.216554e-03	-6.399447e+00
7.600000e-07	-1.089196e-02	-6.399401e+00
7.700000e-07	-9.499991e-05	-6.390049e+00
7.800000e-07	9.743611e-03	-6.410048e+00
7.900000e-07	5.400705e-03	-6.399525e+00
8.000000e-07	-7.489911e-03	-6.419496e+00
8.100000e-07	-7.474774e-03	-6.407999e+00
8.200000e-07	3.079135e-03	-6.399001e+00
8.300000e-07	7.710753e-03	-6.399999e+00
8.400000e-07	-6.265676e-04	-6.378945e+00
8.500000e-07	-7.980211e-03	-6.377967e+00
8.600000e-07	-2.389610e-03	-6.367419e+00
8.700000e-07	7.280752e-03	-6.356292e+00
8.800000e-07	6.455098e-03	-6.296290e+00
8.900000e-07	-5.848756e-03	-6.334683e+00
9.000000e-07	-7.177878e-03	-6.252129e+00
9.100000e-07	-9.970275e-05	-6.228972e+00
9.200000e-07	7.045142e-03	-6.156291e+00
9.300000e-07	7.652649e-04	-6.083282e+00
9.400000e-07	-6.703339e-03	-6.042029e+00
9.500000e-07	-3.751001e-03	-6.000026e+00
9.600000e-07	4.501834e-03	-6.009499e+00
9.700000e-07	4.781141e-03	-5.998497e+00
9.800000e-07	-4.002050e-03	-5.967344e+00
9.900000e-07	-7.323094e-03	-5.914762e+00
1.000000e-06	-1.989814e-03	-5.862655e+00
1.010000e-06	3.651930e-03	-5.791021e+00
1.020000e-06	4.688515e-04	-5.776398e+00
1.030000e-06	-5.094526e-03	-5.684162e+00
1.040000e-06	-4.548821e-03	-5.632153e+00
1.050000e-06	2.586128e-03	-5.617529e+00
1.060000e-06	3.668196e-03	-5.558944e+00
1.070000e-06	-1.628493e-03	-5.495817e+00
1.080000e-06	-5.852657e-03	-5.421179e+00
1.090000e-06	-3.068154e-03	-5.316663e+00
1.100000e-06	2.192379e-03	-5.251578e+00
1.110000e-06	8.958937e-04	-5.167471e+00
1.120000e-06	-3.823877e-03	-5.104211e+00
1.130000e-06	-4.851079e-03	-5.031052e+00
1.140000e-06	-9.077141e-05	-4.955766e+00
1.150000e-06	2.028556e-03	-4.780628e+00
1.160000e-06	-3.484163e-04	-4.714837e+00
1.170000e-06	-4.184877e-03	-4.653055e+00
1.180000e-06	-3.055417e-03	-4.640402e+00
1.190000e-06	1.443488e-03	-4.494261e+00
1.200000e-06	7.600337e-05	-4.431102e+00
1.210000e-06	-3.481963e-03	-4.419950e+00
1.220000e-06	-5.010659e-03	-4.304737e+00
1.230000e-06	-2.068307e-03	-4.242026e+00
1.240000e-06	1.266401e-03	-4.145820e+00
1.250000e-06	-2.368546e-04	-4.101632e+00
1.260000e-06	-3.711655e-03	-4.008949e+00
1.270000e-06	-2.873964e-03	-3.945837e+00
1.280000e-06	-5.082138e-04	-3.778446e+00
1.290000e-06	4.609964e-04	-3.641656e+00
1.300000e-06	-3.396657e-03	-3.577972e+00
1.310000e-06	-4.974678e-03	-3.484709e+00
1.320000e-06	-2.547502e-03	-3.360025e+00
1.330000e-06	-4.231427e-04	-3.282736e+00
1.340000e-06	-1.790385e-03	-3.218525e+00
1.350000e-06	-3.421277e-03	-3.135820e+00
1.360000e-06	-3.958667e-03	-2.979472e+00
1.370000e-06	1.005364e-04	-2.831603e+00
1.380000e-06	-1.659544e-03	-2.757971e+00
1.390000e-06	-1.896673e-03	-2.653206e+00
1.400000e-06	-4.141028e-03	-2.555394e+00
1.410000e-06	-3.167884e-03	-2.443109e+00
1.420000e-06	-2.212195e-03	-2.407420e+00
1.430000e-06	-4.466629e-03	-2.250634e+00
1.440000e-06	-6.527759e-03	-2.123287e+00
1.450000e-06	-5.717874e-03	-1.977451e+00
1.460000e-06	-1.823386e-03	-1.913685e+00
1.470000e-06	-2.948049e-04	-1.759450e+00
1.480000e-06	-1.326439e-03	-1.663259e+00
1.490000e-06	-2.815147e-03	-1.599448e+00
1.500000e-06	-3.935551e-03	-1.490678e+00
1.510000e-06	-4.536128e-03	-1.301756e+00
1.520000e-06	-5.689450e-03	-1.159369e+00
1.530000e-06	-6.939863e-03	-1.032080e+00
1.540000e-06	-5.839000e-03	-9.358410e-01
1.550000e-06	-2.973840e-03	-8.510503e-01
1.560000e-06	-2.274547e-04	-7.568173e-01
1.570000e-06	-1.158640e-03	-5.695729e-01
1.580000e-06	-3.188894e-03	-4.510305e-01
1.590000e-06	-4.618392e-03	-3.469447e-01
1.600000e-06	-5.722578e-03	-2.200539e-01
1.610000e-06	-6.030213e-03	-1.147644e-01
1.620000e-06	-5.595965e-03	-5.107657e-02
1.630000e-06	-2.937504e-03	5.218146e-02
1.640000e-06	-8.551937e-04	2.424235e-01
1.650000e-06	1.436779e-03	3.673682e-01
1.660000e-06	-9.220472e-05	4.110290e-01
1.670000e-06	-1.856653e-03	5.258644e-01
1.680000e-06	-4.167113e-03	6.016051e-01
1.690000e-06	-8.639434e-04	7.072721e-01
1.700000e-06	1.637213e-02	8.215801e-01
1.710000e-06	4.074396e-02	1.010055e+00
1.720000e-06	-9.307670e-03	1.221098e+00
1.730000e-06	-5.598721e-02	1.356891e+00
1.740000e-06	-9.145120e-02	1.401527e+00
1.750000e-06	7.244794e-02	1.516360e+00
1.760000e-06	5.482683e-02	1.743818e+00
1.770000e-06	-1.018680e-01	1.779471e+00
1.780000e-06	-9.551376e-03	1.850603e+00
1.790000e-06	7.242870e-02	1.968422e+00
1.800000e-06	-4.958758e-02	2.085286e+00
1.810000e-06	-2.175720e-02	2.098365e+00
1.820000e-06	9.163985e-02	2.242078e+00
1.830000e-06	-9.005868e-02	2.418922e+00
1.840000e-06	-6.999925e-02	2.444083e+00
1.850000e-06	1.084139e-01	2.576921e+00
1.860000e-06	9.068098e-03	2.696839e+00
1.870000e-06	-7.536903e-02	2.862049e+00
1.880000e-06	1.414464e-02	2.948871e+00
1.890000e-06	-8.360008e-03	3.031053e+00
1.900000e-06	1.544055e-02	3.106811e+00
1.910000e-06	1.854162e-02	3.209451e+00
1.920000e-06	-6.134584e-02	3.355737e+00
1.930000e-06	2.268373e-03	3.391054e+00
1.940000e-06	2.961486e-02	3.567345e+00
1.950000e-06	-4.425250e-03	3.621025e+00
1.960000e-06	-8.300604e-03	3.737288e+00
1.970000e-06	-1.923029e-02	3.822602e+00
1.980000e-06	-3.508085e-02	3.906867e+00
1.990000e-06	4.215388e-02	4.008424e+00
2.000000e-06	1.827434e-02	4.083128e+00
2.010000e-06	-4.413552e-02	4.239850e+00
2.020000e-06	-1.764574e-02	4.327264e+00
2.030000e-06	1.591796e-02	4.399471e+00
2.040000e-06	1.596225e-02	4.432528e+00
2.050000e-06	-2.050676e-02	4.586389e+00
2.060000e-06	-2.356503e-02	4.662029e+00
2.070000e-06	-1.591510e-02	4.725288e+00
2.080000e-06	2.348576e-02	4.777396e+00
2.090000e-06	9.859750e-03	4.832054e+00
2.100000e-06	-2.158245e-02	4.958335e+00
2.110000e-06	-2.432413e-02	5.023732e+00
2.120000e-06	1.254299e-03	5.179392e+00
2.130000e-06	1.467392e-02	5.231027e+00
2.140000e-06	-7.256109e-03	5.295184e+00
2.150000e-06	-2.428541e-02	5.358793e+00
2.160000e-06	-1.716758e-02	5.413000e+00
2.170000e-06	1.826396e-02	5.464708e+00
2.180000e-06	6.600610e-03	5.494941e+00
2.190000e-06	-1.430503e-02	5.599894e+00
2.200000e-06	-2.499386e-02	5.600976e+00
2.210000e-06	-5.158718e-03	5.663205e+00
2.220000e-06	1.084228e-02	5.675292e+00
2.230000e-06	-4.107917e-03	5.771450e+00
2.240000e-06	-1.974126e-02	5.884103e+00
2.250000e-06	-1.866946e-02	5.946845e+00
2.260000e-06	7.914543e-03	5.999445e+00
2.270000e-06	7.501578e-03	6.010475e+00
2.280000e-06	-9.754412e-03	6.010576e+00
2.290000e-06	-2.252907e-02	6.054078e+00
2.300000e-06	-7.235548e-03	6.114662e+00
2.310000e-06	6.971999e-03	6.147315e+00
2.320000e-06	-1.820384e-03	6.198914e+00
2.330000e-06	-1.652262e-02	6.178924e+00
2.340000e-06	-1.910337e-02	6.219025e+00
2.350000e-06	1.017415e-04	6.230025e+00
2.360000e-06	4.548660e-03	6.211628e+00
2.370000e-06	-5.683738e-03	6.291678e+00
2.380000e-06	-1.845865e-02	6.303131e+00
2.390000e-06	-1.032640e-02	6.305257e+00
2.400000e-06	3.306622e-03	6.346841e+00
2.410000e-06	7.426541e-04	6.325216e+00
2.420000e-06	-1.409856e-02	6.336290e+00
2.430000e-06	-1.883944e-02	6.346413e+00
2.440000e-06	-4.620566e-03	6.369370e+00
2.450000e-06	3.202423e-03	6.356818e+00
2.460000e-06	-3.087589e-03	6.326761e+00
2.470000e-06	-1.460916e-02	6.347792e+00
2.480000e-06	-1.100630e-02	6.356813e+00
2.490000e-06	2.266443e-04	6.344840e+00
2.500000e-06	-2.637486e-04	6.326256e+00
2.510000e-06	-1.054197e-02	6.285161e+00
2.520000e-06	-1.657696e-02	6.243706e+00
2.530000e-06	-7.046638e-03	6.263609e+00
2.540000e-06	9.349225e-04	6.242054e+00
2.550000e-06	-1.522697e-03	6.211077e+00
2.560000e-06	-1.246195e-02	6.220498e+00
2.570000e-06	-1.150264e-02	6.177419e+00
2.580000e-06	-1.724173e-03	6.167390e+00
2.590000e-06	8.971296e-04	6.106285e+00
2.600000e-06	-7.578319e-03	6.063680e+00
2.610000e-06	-1.460248e-02	6.051053e+00
2.620000e-06	-8.076814e-03	6.011525e+00
2.630000e-06	-4.479657e-04	5.999526e+00
2.640000e-06	-1.717989e-03	5.987868e+00
2.650000e-06	-1.021624e-02	5.938363e+00
2.660000e-06	-1.091239e-02	5.890629e+00
2.670000e-06	-3.979989e-03	5.787939e+00
2.680000e-06	2.205145e-04	5.675286e+00
2.690000e-06	-5.071570e-03	5.641053e+00
2.700000e-06	-1.201343e-02	5.610027e+00
2.710000e-06	-9.903255e-03	5.589373e+00
2.720000e-06	-3.180760e-03	5.547241e+00
2.730000e-06	-1.973601e-03	5.442102e+00
2.740000e-06	-8.511520e-03	5.428975e+00
2.750000e-06	-1.016835e-02	5.335814e+00
2.760000e-06	-6.352590e-03	5.294707e+00
2.770000e-06	-9.260094e-04	5.200521e+00
2.780000e-06	-3.519878e-03	5.147838e+00
2.790000e-06	-9.328511e-03	4.991389e+00
2.800000e-06	-9.617407e-03	4.893679e+00
2.810000e-06	-5.221092e-03	4.830029e+00
2.820000e-06	-3.673107e-03	4.778869e+00
2.830000e-06	-7.317356e-03	4.642632e+00
2.840000e-06	-9.981191e-03	4.610975e+00
2.850000e-06	-6.230526e-03	4.525708e+00
2.860000e-06	-2.062739e-03	4.441575e+00
2.870000e-06	-3.153418e-03	4.399974e+00
2.880000e-06	-7.845095e-03	4.356136e+00
2.890000e-06	-8.929459e-03	4.179447e+00
2.900000e-06	-5.798093e-03	4.052153e+00
2.910000e-06	-3.168028e-03	4.019445e+00
2.920000e-06	-5.497369e-03	3.924288e+00
2.930000e-06	-8.968315e-03	3.831549e+00
2.940000e-06	-8.182263e-03	3.746312e+00
2.950000e-06	-3.139349e-03	3.662155e+00
2.960000e-06	-3.221375e-03	3.569370e+00
2.970000e-06	-6.108746e-03	3.503179e+00
2.980000e-06	-7.576288e-03	3.326438e+00
2.990000e-06	-5.604567e-03	3.229975e+00
3.000000e-06	-3.505476e-03	3.167387e+00
3.010000e-06	-4.501602e-03	3.093153e+00
3.020000e-06	-7.630479e-03	2.936838e+00
3.030000e-06	-8.129583e-03	2.832628e+00
3.040000e-06	-4.192198e-03	2.788394e+00
3.050000e-06	-2.909297e-03	2.651107e+00
3.060000e-06	-5.019841e-03	2.524211e+00
3.070000e-06	-6.176371e-03	2.398421e+00
3.080000e-06	-4.649434e-03	2.274810e+00
3.090000e-06	-2.859147e-03	2.177967e+00
3.100000e-06	-4.140471e-03	2.053729e+00
3.110000e-06	-6.555537e-03	2.020475e+00
3.120000e-06	-6.672277e-03	1.883633e+00
3.130000e-06	-4.568475e-03	1.779020e+00
3.140000e-06	-3.316036e-03	1.691177e+00
3.150000e-06	-4.916989e-03	1.535833e+00
3.160000e-06	-5.235051e-03	1.381067e+00
3.170000e-06	-4.706495e-03	1.293707e+00
3.180000e-06	-2.794055e-03	1.148494e+00
3.190000e-06	-3.276533e-03	1.020147e+00
3.200000e-06	-5.097744e-03	8.631067e-01
3.210000e-06	-5.636981e-03	7.583911e-01
3.220000e-06	-4.200164e-03	6.731016e-01
3.230000e-06	-2.806868e-03	5.363159e-01
3.240000e-06	-3.175787e-03	4.005527e-01
3.250000e-06	-4.777024e-03	3.368710e-01
3.260000e-06	-5.326199e-03	1.889737e-01
3.270000e-06	-1.938717e-03	6.207795e-02
3.280000e-06	-6.771584e-04	-8.306040e-02
3.290000e-06	5.218736e-04	-1.678947e-01
3.300000e-06	-1.232047e-03	-2.726578e-01
3.310000e-06	-1.119909e-03	-3.779186e-01
3.320000e-06	-1.063129e-03	-4.440314e-01
3.330000e-06	-1.888705e-03	-5.284697e-01
3.340000e-06	-3.584629e-03	-7.053181e-01
3.350000e-06	-5.821359e-04	-7.894760e-01
3.360000e-06	3.188126e-02	-8.857380e-01
3.370000e-06	4.512871e-02	-9.806000e-01
3.380000e-06	-2.475290e-02	-1.213131e+00
3.390000e-06	-8.613728e-02	-1.494318e+00
3.400000e-06	-2.534916e-02	-1.578822e+00
3.410000e-06	8.302772e-02	-1.526843e+00
3.420000e-06	8.978658e-03	-1.630629e+00
3.430000e-06	-1.197834e-01	-1.881059e+00
3.440000e-06	7.369569e-02	-1.864187e+00
3.450000e-06	7.850601e-03	-1.915367e+00
3.460000e-06	-9.825777e-02	-2.136242e+00
3.470000e-06	8.287247e-02	-2.315242e+00
3.480000e-06	4.656156e-02	-2.356397e+00
3.490000e-06	-1.634720e-01	-2.472109e+00
3.500000e-06	4.007159e-02	-2.577924e+00
3.510000e-06	1.090342e-01	-2.632631e+00
3.520000e-06	-8.218818e-02	-2.758873e+00
3.530000e-06	-1.831045e-02	-2.802031e+00
3.540000e-06	3.166884e-02	-2.977893e+00
3.550000e-06	-3.147030e-02	-3.135744e+00
3.560000e-06	5.729718e-02	-3.200001e+00
3.570000e-06	-2.030490e-02	-3.293787e+00
3.580000e-06	-7.643357e-02	-3.440554e+00
3.590000e-06	8.005907e-02	-3.493658e+00
3.600000e-06	-5.475103e-03	-3.587946e+00
3.610000e-06	-2.142904e-02	-3.664558e+00
3.620000e-06	3.207072e-02	-3.776355e+00
3.630000e-06	-5.877917e-02	-3.906287e+00
3.640000e-06	5.936317e-03	-3.989502e+00
3.650000e-06	6.541917e-02	-4.083208e+00
3.660000e-06	-2.943735e-02	-4.168525e+00
3.670000e-06	-2.457174e-02	-4.231082e+00
3.680000e-06	4.497744e-03	-4.313366e+00
3.690000e-06	1.975832e-02	-4.420000e+00
3.700000e-06	1.949266e-02	-4.452631e+00
3.710000e-06	-3.710521e-02	-4.527920e+00
3.720000e-06	-1.015285e-02	-4.643107e+00
3.730000e-06	1.276116e-02	-4.745818e+00
3.740000e-06	1.661183e-02	-4.788453e+00
3.750000e-06	1.120970e-02	-4.903315e+00
3.760000e-06	-3.387811e-02	-4.938419e+00
3.770000e-06	2.329430e-03	-5.041654e+00
3.780000e-06	1.602338e-02	-5.126941e+00
3.790000e-06	8.286216e-03	-5.218376e+00
3.800000e-06	-2.804722e-03	-5.242688e+00
3.810000e-06	-2.515899e-02	-5.387413e+00
3.820000e-06	7.231614e-03	-5.434680e+00
3.830000e-06	2.265227e-02	-5.557741e+00
3.840000e-06	-2.547881e-03	-5.598471e+00
3.850000e-06	-1.180495e-02	-5.641031e+00
3.860000e-06	-1.198637e-02	-5.674683e+00
3.870000e-06	1.263344e-02	-5.745263e+00
3.880000e-06	1.921143e-02	-5.778449e+00
3.890000e-06	-1.041308e-02	-5.810531e+00
3.900000e-06	-1.089467e-02	-5.904138e+00
3.910000e-06	-3.840622e-03	-5.956393e+00
3.920000e-06	1.787883e-02	-5.977397e+00
3.930000e-06	6.745807e-03	-5.989924e+00
3.940000e-06	-1.588939e-02	-5.999574e+00
3.950000e-06	-6.225848e-03	-6.051629e+00
3.960000e-06	7.093918e-03	-6.062533e+00
3.970000e-06	1.518451e-02	-6.124238e+00
3.980000e-06	-2.372393e-03	-6.157872e+00
3.990000e-06	-1.358675e-02	-6.190551e+00
4.000000e-06	-2.132206e-03	-6.291084e+00
4.010000e-06	1.005412e-02	-6.285756e+00
4.020000e-06	7.538321e-03	-6.356290e+00
4.030000e-06	-7.409461e-03	-6.366870e+00
4.040000e-06	-9.920061e-03	-6.337916e+00
4.050000e-06	4.065104e-03	-6.388972e+00
4.060000e-06	1.148321e-02	-6.378447e+00
4.070000e-06	1.899654e-04	-6.399496e+00
4.080000e-06	-1.095653e-02	-6.390449e+00
4.090000e-06	-5.805569e-03	-6.400022e+00
4.100000e-06	8.674617e-03	-6.399896e+00
4.110000e-06	8.132520e-03	-6.410050e+00
4.120000e-06	-3.556807e-03	-6.400001e+00
4.130000e-06	-8.765267e-03	-6.399950e+00
4.140000e-06	-4.407925e-04	-6.399474e+00
4.150000e-06	7.704804e-03	-6.398371e+00
4.160000e-06	1.761160e-03	-6.379498e+00
4.170000e-06	-6.879127e-03	-6.358919e+00
4.180000e-06	-6.130574e-03	-6.368944e+00
4.190000e-06	4.966177e-03	-6.364364e+00
4.200000e-06	8.336890e-03	-6.337310e+00
4.210000e-06	-2.212855e-03	-6.334716e+00
4.220000e-06	-8.556481e-03	-6.229629e+00
4.230000e-06	-3.665367e-03	-6.241576e+00
4.240000e-06	5.649966e-03	-6.157519e+00
4.250000e-06	2.622513e-03	-6.116186e+00
4.260000e-06	-4.602180e-03	-6.042632e+00
4.270000e-06	-6.317605e-03	-6.030579e+00
4.280000e-06	3.054174e-03	-6.030025e+00
4.290000e-06	6.328308e-03	-5.960000e+00
4.300000e-06	-2.687485e-04	-5.976921e+00
4.310000e-06	-7.250631e-03	-5.934359e+00
4.320000e-06	-4.213528e-03	-5.833582e+00
4.330000e-06	2.992977e-03	-5.840030e+00
4.340000e-06	3.084840e-03	-5.798394e+00
4.350000e-06	-3.997267e-03	-5.697342e+00
4.360000e-06	-6.969493e-03	-5.663158e+00
4.370000e-06	-3.778816e-04	-5.602048e+00
4.380000e-06	3.822871e-03	-5.608497e+00
4.390000e-06	3.532640e-04	-5.554868e+00
4.400000e-06	-6.079684e-03	-5.442574e+00
4.410000e-06	-3.855206e-03	-5.365342e+00
4.420000e-06	2.089234e-03	-5.263633e+00
4.430000e-06	2.491474e-03	-5.190047e+00
4.440000e-06	-2.908352e-03	-5.135362e+00
4.450000e-06	-5.433357e-03	-5.031579e+00
4.460000e-06	-2.622256e-03	-4.969926e+00
4.470000e-06	1.553982e-03	-4.853563e+00
4.480000e-06	1.186431e-03	-4.783317e+00
4.490000e-06	-3.715797e-03	-4.674683e+00
4.500000e-06	-3.247125e-03	-4.610028e+00
4.510000e-06	1.300426e-03	-4.566367e+00
4.520000e-06	1.145226e-03	-4.442677e+00
4.530000e-06	-2.452829e-03	-4.400024e+00
4.540000e-06	-5.477841e-03	-4.367293e+00
4.550000e-06	-3.556618e-03	-4.263129e+00
4.560000e-06	2.030117e-04	-4.187971e+00
4.570000e-06	6.565027e-04	-4.113186e+00
4.580000e-06	-2.255401e-03	-4.020578e+00
4.590000e-06	-3.589502e-03	-3.936867e+00
4.600000e-06	-1.545274e-03	-3.849527e+00
4.610000e-06	1.886026e-03	-3.661108e+00
4.620000e-06	-1.089153e-03	-3.598975e+00
4.630000e-06	-5.745302e-03	-3.545311e+00
4.640000e-06	-5.399868e-03	-3.420604e+00
4.650000e-06	-1.561247e-03	-3.335737e+00
4.660000e-06	-7.069180e-05	-3.232577e+00
4.670000e-06	-3.604848e-03	-3.147421e+00
4.680000e-06	-5.543245e-03	-3.041503e+00
4.690000e-06	-3.003385e-03	-2.894188e+00
4.700000e-06	4.846061e-04	-2.819500e+00
4.710000e-06	-9.039495e-04	-2.695233e+00
4.720000e-06	-4.235786e-03	-2.608947e+00
4.730000e-06	-4.901884e-03	-2.514260e+00
4.740000e-06	-4.432695e-03	-2.388474e+00
4.750000e-06	-2.403247e-03	-2.302133e+00
4.760000e-06	-4.356983e-03	-2.159766e+00
4.770000e-06	-4.968523e-03	-2.010051e+00
4.780000e-06	-3.937847e-03	-1.935315e+00
4.790000e-06	-4.671698e-04	-1.820053e+00
4.800000e-06	-1.056731e-03	-1.704186e+00
4.810000e-06	-3.991954e-03	-1.608977e+00
4.820000e-06	-5.633587e-03	-1.566257e+00
4.830000e-06	-4.485342e-03	-1.337416e+00
4.840000e-06	-4.518290e-03	-1.188873e+00
4.850000e-06	-5.647149e-03	-1.073208e+00
4.860000e-06	-6.410690e-03	-9.794487e-01
4.870000e-06	-5.099043e-03	-8.431557e-01
4.880000e-06	-1.294731e-03	-7.884722e-01
4.890000e-06	-1.385723e-03	-6.295830e-01
4.900000e-06	-2.992083e-03	-4.732320e-01
4.910000e-06	-5.105494e-03	-3.594961e-01
4.920000e-06	-6.018673e-03	-2.721807e-01
4.930000e-06	-4.194021e-03	-1.678451e-01
4.940000e-06	-4.228144e-03	-3.265657e-02
4.950000e-06	-2.691158e-03	2.160388e-02
4.960000e-06	-3.490925e-03	1.583896e-01
4.970000e-06	-1.897778e-04	3.157392e-01
4.980000e-06	-8.416896e-04	3.990224e-01
4.990000e-06	-1.352243e-03	4.938118e-01
5.000000e-06	-3.696818e-03	6.199774e-01
5.010000e-06	-2.909478e-03	6.858416e-01
5.020000e-06	8.125533e-03	8.005249e-01
5.030000e-06	4.115988e-02	9.363931e-01
5.040000e-06	1.267244e-02	1.107868e+00
5.050000e-06	-3.756163e-02	1.324814e+00
5.060000e-06	-1.033190e-01	1.401000e+00
5.070000e-06	1.669138e-02	1.482658e+00
5.080000e-06	8.040174e-02	1.682134e+00
5.090000e-06	-3.323723e-02	1.765877e+00
5.100000e-06	-9.096299e-02	1.800999e+00
5.110000e-06	8.836616e-02	1.927390e+00
5.120000e-06	-9.526471e-03	2.061055e+00
5.130000e-06	-7.219274e-02	2.147818e+00
5.140000e-06	9.548822e-02	2.169975e+00
5.150000e-06	-2.453793e-02	2.338346e+00
5.160000e-06	-1.250851e-01	2.440557e+00
5.170000e-06	7.758200e-02	2.518321e+00
5.180000e-06	6.411111e-02	2.672659e+00
5.190000e-06	-8.059478e-02	2.820476e+00
5.200000e-06	-2.669779e-04	2.885813e+00
5.210000e-06	-3.881570e-03	2.999474e+00
5.220000e-06	6.537284e-03	3.075711e+00
5.230000e-06	2.924094e-02	3.170420e+00
5.240000e-06	-3.729414e-02	3.284134e+00
5.250000e-06	-3.518287e-02	3.398473e+00
5.260000e-06	4.003360e-02	3.537845e+00
5.270000e-06	-6.218241e-04	3.621049e+00
5.280000e-06	-9.902326e-03	3.683708e+00
5.290000e-06	-6.757979e-03	3.789424e+00
5.300000e-06	-4.716985e-02	3.875889e+00
5.310000e-06	2.497590e-02	3.948517e+00
5.320000e-06	3.346649e-02	4.011029e+00
5.330000e-06	-2.614767e-02	4.126266e+00
5.340000e-06	-3.948667e-02	4.264663e+00
5.350000e-06	1.246620e-02	4.378446e+00
5.360000e-06	1.801122e-02	4.431051e+00
5.370000e-06	-8.308004e-03	4.485711e+00
5.380000e-06	-2.562999e-02	4.609999e+00
5.390000e-06	-2.260105e-02	4.692662e+00
5.400000e-06	1.484015e-02	4.738420e+00
5.410000e-06	1.697859e-02	4.790079e+00
5.420000e-06	-7.902117e-03	4.914684e+00
5.430000e-06	-3.333424e-02	5.001150e+00
5.440000e-06	-3.964188e-03	5.107843e+00
5.450000e-06	1.073636e-02	5.210525e+00
5.460000e-06	3.867888e-03	5.283610e+00
5.470000e-06	-2.303257e-02	5.367866e+00
5.480000e-06	-2.453620e-02	5.409924e+00
5.490000e-06	9.946479e-03	5.453706e+00
5.500000e-06	1.308936e-02	5.526242e+00
5.510000e-06	-4.803625e-03	5.567972e+00
5.520000e-06	-2.673153e-02	5.601527e+00
5.530000e-06	-9.967618e-03	5.662103e+00
5.540000e-06	6.683181e-03	5.747233e+00
5.550000e-06	5.312523e-03	5.788842e+00
5.560000e-06	-1.761931e-02	5.871753e+00
5.570000e-06	-2.340580e-02	5.927267e+00
5.580000e-06	-7.067312e-04	5.987946e+00
5.590000e-06	1.111580e-02	6.020000e+00
5.600000e-06	-1.635668e-03	6.020050e+00
5.610000e-06	-2.141113e-02	6.041580e+00
5.620000e-06	-1.272624e-02	6.074183e+00
5.630000e-06	2.338895e-03	6.096764e+00
5.640000e-06	5.407736e-03	6.166866e+00
5.650000e-06	-1.332799e-02	6.209446e+00
5.660000e-06	-2.078073e-02	6.229523e+00
5.670000e-06	-6.017320e-03	6.220052e+00
5.680000e-06	4.950509e-03	6.211475e+00
5.690000e-06	9.222548e-04	6.252603e+00
5.700000e-06	-1.622300e-02	6.272705e+00
5.710000e-06	-1.342584e-02	6.334154e+00
5.720000e-06	-1.337448e-03	6.325732e+00
5.730000e-06	5.301201e-03	6.335786e+00
5.740000e-06	-9.187351e-03	6.347841e+00
5.750000e-06	-1.845212e-02	6.337239e+00
5.760000e-06	-1.055961e-02	6.377788e+00
5.770000e-06	1.496637e-03	6.379317e+00
5.780000e-06	8.736672e-04	6.339265e+00
5.790000e-06	-1.186159e-02	6.357413e+00
5.800000e-06	-1.216581e-02	6.357489e+00
5.810000e-06	-3.550275e-03	6.364316e+00
5.820000e-06	1.839497e-03	6.297786e+00
5.830000e-06	-6.140424e-03	6.274087e+00
5.840000e-06	-1.574655e-02	6.282180e+00
5.850000e-06	-1.075881e-02	6.254653e+00
5.860000e-06	-1.163830e-03	6.235582e+00
5.870000e-06	9.351900e-04	6.260527e+00
5.880000e-06	-9.280788e-03	6.198474e+00
5.890000e-06	-1.279259e-02	6.219471e+00
5.900000e-06	-5.660227e-03	6.188841e+00
5.910000e-06	4.756428e-04	6.128307e+00
5.920000e-06	-4.639368e-03	6.111632e+00
5.930000e-06	-1.212025e-02	6.041607e+00
5.940000e-06	-1.110217e-02	6.040550e+00
5.950000e-06	-2.780307e-03	6.000475e+00
5.960000e-06	-9.827401e-04	5.969444e+00
5.970000e-06	-8.747259e-03	5.948389e+00
5.980000e-06	-1.173131e-02	5.913136e+00
5.990000e-06	-6.141960e-03	5.822002e+00
6.000000e-06	2.429788e-04	5.757314e+00
6.010000e-06	-3.146879e-03	5.692579e+00
6.020000e-06	-9.831221e-03	5.580497e+00
6.030000e-06	-1.045930e-02	5.589947e+00
6.040000e-06	-4.090656e-03	5.558365e+00
6.050000e-06	-2.257747e-03	5.482629e+00
6.060000e-06	-7.825547e-03	5.421551e+00
6.070000e-06	-1.169753e-02	5.367392e+00
6.080000e-06	-7.744669e-03	5.327308e+00
6.090000e-06	-7.261282e-04	5.230994e+00
6.100000e-06	-2.008464e-03	5.166812e+00
6.110000e-06	-7.699765e-03	5.021095e+00
6.120000e-06	-1.031311e-02	4.925230e+00
6.130000e-06	-6.055688e-03	4.831052e+00
6.140000e-06	-2.685373e-03	4.789022e+00
6.150000e-06	-6.143815e-03	4.685734e+00
6.160000e-06	-1.048665e-02	4.611051e+00
6.170000e-06	-8.052607e-03	4.558442e+00
6.180000e-06	-3.020265e-03	4.462055e+00
6.190000e-06	-1.873501e-03	4.401001e+00
6.200000e-06	-6.771894e-03	4.397340e+00
6.210000e-06	-9.240178e-03	4.232498e+00
6.220000e-06	-6.236222e-03	4.105206e+00
6.230000e-06	-2.170411e-03	4.011521e+00
6.240000e-06	-5.342097e-03	3.947312e+00
6.250000e-06	-8.967503e-03	3.852607e+00
6.260000e-06	-9.009872e-03	3.738391e+00
6.270000e-06	-4.505985e-03	3.674603e+00
6.280000e-06	-1.638065e-03	3.599999e+00
6.290000e-06	-5.263527e-03	3.536212e+00
6.300000e-06	-8.193713e-03	3.349999e+00
6.310000e-06	-5.500548e-03	3.233055e+00
6.320000e-06	-2.545901e-03	3.167922e+00
6.330000e-06	-3.546244e-03	3.083756e+00
6.340000e-06	-7.382933e-03	2.990020e+00
6.350000e-06	-7.992042e-03	2.913056e+00
6.360000e-06	-4.766056e-03	2.800021e+00
6.370000e-06	-2.163143e-03	2.694158e+00
6.380000e-06	-4.473452e-03	2.527232e+00
6.390000e-06	-6.782338e-03	2.410102e+00
6.400000e-06	-5.830075e-03	2.335213e+00
6.410000e-06	-2.841815e-03	2.230575e+00
6.420000e-06	-2.887979e-03	2.095758e+00
6.430000e-06	-5.570243e-03	2.031025e+00
6.440000e-06	-6.846762e-03	1.926341e+00
6.450000e-06	-4.821806e-03	1.810972e+00
6.460000e-06	-3.165548e-03	1.694234e+00
6.470000e-06	-4.130761e-03	1.568975e+00
6.480000e-06	-5.856195e-03	1.422550e+00
6.490000e-06	-5.813902e-03	1.325790e+00
6.500000e-06	-3.041294e-03	1.189473e+00
6.510000e-06	-2.615609e-03	1.064607e+00
6.520000e-06	-4.238901e-03	8.752085e-01
6.530000e-06	-5.791752e-03	7.994214e-01
6.540000e-06	-4.382581e-03	6.861594e-01
6.550000e-06	-3.402048e-03	5.794413e-01
6.560000e-06	-3.491438e-03	4.737032e-01
6.570000e-06	-5.374789e-03	3.684426e-01
6.580000e-06	-4.995122e-03	2.305315e-01
6.590000e-06	-2.983695e-03	6.521177e-02
6.600000e-06	-2.075892e-03	-2.582444e-03
6.610000e-06	-3.769915e-04	-7.531817e-02
6.620000e-06	-4.786377e-05	-2.221076e-01
6.630000e-06	-1.595615e-03	-3.573705e-01
6.640000e-06	-1.825278e-03	-4.199787e-01
6.650000e-06	-2.352106e-03	-4.963219e-01
6.660000e-06	-2.424925e-03	-6.616625e-01
6.670000e-06	-2.558912e-03	-7.684511e-01
6.680000e-06	1.356623e-02	-8.931553e-01
6.690000e-06	5.732479e-02	-9.584470e-01
6.700000e-06	-8.474013e-03	-1.146921e+00
6.710000e-06	-5.408953e-02	-1.452581e+00
6.720000e-06	-9.309480e-02	-1.555874e+00
6.730000e-06	8.094820e-02	-1.507316e+00
6.740000e-06	5.302430e-02	-1.548528e+00
6.750000e-06	-1.232809e-01	-1.819479e+00
6.760000e-06	2.783827e-02	-1.864162e+00
6.770000e-06	5.250147e-02	-1.864235e+00
6.780000e-06	-8.357801e-02	-2.031058e+00
6.790000e-06	9.821364e-03	-2.262689e+00
6.800000e-06	1.086905e-01	-2.306820e+00
6.810000e-06	-1.141105e-01	-2.431080e+00
6.820000e-06	-5.161816e-02	-2.545820e+00
6.830000e-06	1.417262e-01	-2.590101e+00
6.840000e-06	-2.276284e-02	-2.705841e+00
6.850000e-06	-7.559186e-02	-2.819950e+00
6.860000e-06	5.021903e-02	-2.905211e+00
6.870000e-06	-3.192480e-02	-3.083688e+00
6.880000e-06	3.361280e-02	-3.169400e+00
6.890000e-06	2.541006e-02	-3.262130e+00
6.900000e-06	-9.005786e-02	-3.390372e+00
6.910000e-06	3.704158e-02	-3.472693e+00
6.920000e-06	4.429969e-02	-3.576365e+00
6.930000e-06	-4.007321e-02	-3.652153e+00
6.940000e-06	3.188085e-02	-3.756847e+00
6.950000e-06	-2.637685e-02	-3.872063e+00
6.960000e-06	-4.174362e-02	-3.968871e+00
6.970000e-06	7.538404e-02	-4.062079e+00
6.980000e-06	-3.234074e-03	-4.136896e+00
6.990000e-06	-3.838738e-02	-4.230608e+00
7.000000e-06	1.444247e-03	-4.293189e+00
7.010000e-06	8.852771e-03	-4.378897e+00
7.020000e-06	3.182614e-02	-4.441104e+00
7.030000e-06	-2.279410e-02	-4.515393e+00
7.040000e-06	-2.306934e-02	-4.590526e+00
7.050000e-06	8.213108e-03	-4.694764e+00
7.060000e-06	1.561713e-02	-4.746396e+00
7.070000e-06	1.848302e-02	-4.821102e+00
7.080000e-06	-2.236778e-02	-4.905292e+00
7.090000e-06	-1.601196e-02	-5.032530e+00
7.100000e-06	1.688208e-02	-5.073214e+00
7.110000e-06	8.908943e-03	-5.158872e+00
7.120000e-06	4.914046e-03	-5.251008e+00
7.130000e-06	-1.890261e-02	-5.336262e+00
7.140000e-06	-9.760744e-03	-5.469985e+00
7.150000e-06	2.879787e-02	-5.514863e+00
7.160000e-06	3.747537e-03	-5.567897e+00
7.170000e-06	-8.581897e-03	-5.601053e+00
7.180000e-06	-1.517806e-02	-5.642635e+00
7.190000e-06	4.355291e-04	-5.704342e+00
7.200000e-06	2.277023e-02	-5.758424e+00
7.210000e-06	-3.341768e-03	-5.840000e+00
7.220000e-06	-1.046708e-02	-5.872532e+00
7.230000e-06	-8.366771e-03	-5.885208e+00
7.240000e-06	1.255701e-02	-5.967818e+00
7.250000e-06	1.500930e-02	-6.009424e+00
7.260000e-06	-1.035906e-02	-6.010003e+00
7.270000e-06	-1.198185e-02	-6.020551e+00
7.280000e-06	1.448334e-03	-6.092155e+00
7.290000e-06	1.314479e-02	-6.083186e+00
7.300000e-06	4.953223e-03	-6.166869e+00
7.310000e-06	-1.261755e-02	-6.158478e+00
7.320000e-06	-6.802671e-03	-6.252558e+00
7.330000e-06	8.712553e-03	-6.323259e+00
7.340000e-06	9.790807e-03	-6.293866e+00
7.350000e-06	-1.344209e-03	-6.368813e+00
7.360000e-06	-1.256619e-02	-6.346920e+00
7.370000e-06	-1.115360e-03	-6.398949e+00
7.380000e-06	1.037006e-02	-6.358398e+00
7.390000e-06	5.428374e-03	-6.397999e+00
7.400000e-06	-7.472195e-03	-6.390001e+00
7.410000e-06	-8.677482e-03	-6.389999e+00
7.420000e-06	5.601628e-03	-6.399450e+00
7.430000e-06	8.948337e-03	-6.420500e+00
7.440000e-06	5.127504e-05	-6.390550e+00
7.450000e-06	-9.015301e-03	-6.399474e+00
7.460000e-06	-3.441724e-03	-6.409949e+00
7.470000e-06	6.111618e-03	-6.389449e+00
7.480000e-06	4.314537e-03	-6.377474e+00
7.490000e-06	-4.772907e-03	-6.357948e+00
7.500000e-06	-8.065373e-03	-6.377444e+00
7.510000e-06	1.577670e-03	-6.347869e+00
7.520000e-06	8.745410e-03	-6.327392e+00
7.530000e-06	2.829956e-03	-6.345335e+00
7.540000e-06	-6.907442e-03	-6.291633e+00
7.550000e-06	-5.091321e-03	-6.250579e+00
7.560000e-06	3.062949e-03	-6.218395e+00
7.570000e-06	4.032419e-03	-6.116262e+00
7.580000e-06	-3.303502e-03	-6.103759e+00
7.590000e-06	-6.464702e-03	-6.041529e+00
7.600000e-06	-1.050841e-03	-6.041025e+00
7.610000e-06	6.205368e-03	-6.010499e+00
7.620000e-06	2.679311e-03	-5.997945e+00
7.630000e-06	-5.661795e-03	-5.927292e+00
7.640000e-06	-5.776902e-03	-5.882684e+00
7.650000e-06	4.372235e-04	-5.852103e+00
7.660000e-06	4.051498e-03	-5.799000e+00
7.670000e-06	-1.607189e-03	-5.768294e+00
7.680000e-06	-6.655635e-03	-5.694233e+00
7.690000e-06	-3.632735e-03	-5.621103e+00
7.700000e-06	3.612458e-03	-5.620475e+00
7.710000e-06	2.881404e-03	-5.586473e+00
7.720000e-06	-3.255782e-03	-5.485184e+00
7.730000e-06	-5.675423e-03	-5.348898e+00
7.740000e-06	-4.412305e-04	-5.292611e+00
7.750000e-06	3.222200e-03	-5.211026e+00
7.760000e-06	-7.331165e-04	-5.156875e+00
7.770000e-06	-5.126953e-03	-5.062104e+00
7.780000e-06	-3.667203e-03	-5.020479e+00
7.790000e-06	2.043595e-03	-4.947259e+00
7.800000e-06	3.396602e-03	-4.785899e+00
7.810000e-06	-2.476880e-03	-4.684707e+00
7.820000e-06	-5.171823e-03	-4.630578e+00
7.830000e-06	-1.839565e-03	-4.608497e+00
7.840000e-06	1.727227e-03	-4.454658e+00
7.850000e-06	-3.940543e-04	-4.430100e+00
7.860000e-06	-4.191062e-03	-4.359421e+00
7.870000e-06	-3.685435e-03	-4.293286e+00
7.880000e-06	-6.694933e-04	-4.218973e+00
7.890000e-06	1.108373e-03	-4.136315e+00
7.900000e-06	-2.079220e-03	-4.051004e+00
7.910000e-06	-4.156269e-03	-3.988470e+00
7.920000e-06	-3.072678e-03	-3.902104e+00
7.930000e-06	2.894898e-05	-3.745232e+00
7.940000e-06	-6.879248e-04	-3.629550e+00
7.950000e-06	-3.780281e-03	-3.526391e+00
7.960000e-06	-4.897774e-03	-3.472132e+00
7.970000e-06	-2.421348e-03	-3.337820e+00
7.980000e-06	-6.357577e-04	-3.251129e+00
7.990000e-06	-2.352335e-03	-3.188547e+00
8.000000e-06	-4.094325e-03	-3.054708e+00
8.010000e-06	-4.491624e-03	-2.926886e+00
8.020000e-06	-3.865698e-04	-2.840578e+00
8.030000e-06	-1.660389e-03	-2.747363e+00
8.040000e-06	-2.530525e-03	-2.628924e+00
8.050000e-06	-5.117817e-03	-2.535715e+00
8.060000e-06	-4.111977e-03	-2.409574e+00
8.070000e-06	-2.879648e-03	-2.327817e+00
8.080000e-06	-3.046879e-03	-2.211446e+00
8.090000e-06	-5.903511e-03	-2.032156e+00
8.100000e-06	-5.618677e-03	-1.975944e+00
8.110000e-06	-1.538839e-03	-1.830107e+00
8.120000e-06	-8.303005e-04	-1.775889e+00
8.130000e-06	-2.222734e-03	-1.662197e+00
8.140000e-06	-4.669621e-03	-1.596921e+00
8.150000e-06	-3.916621e-03	-1.386994e+00
8.160000e-06	-3.855496e-03	-1.210578e+00
8.170000e-06	-5.046597e-03	-1.134261e+00
8.180000e-06	-6.839493e-03	-1.030950e+00
8.190000e-06	-5.866540e-03	-8.746320e-01
8.200000e-06	-2.852131e-03	-8.175751e-01
8.210000e-06	-1.603023e-03	-6.826120e-01
8.220000e-06	-2.547003e-03	-5.067370e-01
8.230000e-06	-4.196546e-03	-3.995226e-01
8.240000e-06	-5.114844e-03	-3.451908e-01
8.250000e-06	-4.291541e-03	-1.890215e-01
8.260000e-06	-4.106322e-03	-6.521158e-02
8.270000e-06	-4.707707e-03	2.200013e-02
8.280000e-06	-2.331066e-03	1.037632e-01
8.290000e-06	-1.651071e-03	2.446303e-01
8.300000e-06	-3.407625e-05	3.598974e-01
8.310000e-06	-1.303900e-03	4.236815e-01
8.320000e-06	-2.147121e-03	5.494223e-01
8.330000e-06	-2.939563e-03	6.632130e-01
8.340000e-06	3.325039e-03	7.804948e-01
8.350000e-06	3.040300e-02	8.637317e-01
8.360000e-06	3.168888e-02	1.074210e+00
8.370000e-06	-2.669136e-02	1.274155e+00
8.380000e-06	-8.553060e-02	1.389472e+00
8.390000e-06	-4.800659e-02	1.432606e+00
8.400000e-06	9.517426e-02	1.569967e+00
8.410000e-06	2.248837e-02	1.775346e+00
8.420000e-06	-1.339056e-01	1.790451e+00
8.430000e-06	6.394091e-02	1.893633e+00
8.440000e-06	2.174789e-02	2.032500e+00
8.450000e-06	-7.769280e-02	2.126789e+00
8.460000e-06	4.987497e-02	2.158872e+00
8.470000e-06	4.175712e-02	2.306232e+00
8.480000e-06	-1.322153e-01	2.432479e+00
8.490000e-06	1.069722e-02	2.464257e+00
8.500000e-06	1.034296e-01	2.591552e+00
8.510000e-06	-4.719359e-02	2.757873e+00
8.520000e-06	-3.706662e-02	2.853132e+00
8.530000e-06	5.798619e-03	2.936444e+00
8.540000e-06	-2.866098e-03	3.044082e+00
8.550000e-06	2.331641e-02	3.116367e+00
8.560000e-06	-7.339819e-03	3.243058e+00
8.570000e-06	-6.453694e-02	3.317497e+00
8.580000e-06	3.461624e-02	3.523157e+00
8.590000e-06	1.206927e-02	3.559974e+00
8.600000e-06	-5.841482e-03	3.632654e+00
8.610000e-06	-5.249502e-03	3.727892e+00
8.620000e-06	-4.152126e-02	3.884157e+00
8.630000e-06	-6.978232e-03	3.948872e+00
8.640000e-06	4.211330e-02	4.011080e+00
8.650000e-06	-2.679280e-03	4.084237e+00
8.660000e-06	-4.991426e-02	4.252058e+00
8.670000e-06	3.939954e-03	4.366422e+00
8.680000e-06	1.804918e-02	4.400998e+00
8.690000e-06	6.700866e-03	4.493708e+00
8.700000e-06	-2.826949e-02	4.568396e+00
8.710000e-06	-2.554728e-02	4.663654e+00
8.720000e-06	-1.955304e-03	4.727288e+00
8.730000e-06	2.290440e-02	4.781420e+00
8.740000e-06	3.775544e-03	4.874084e+00
8.750000e-06	-3.114547e-02	5.030516e+00
8.760000e-06	-1.089770e-02	5.096789e+00
8.770000e-06	5.040856e-03	5.198919e+00
8.780000e-06	1.211237e-02	5.262079e+00
8.790000e-06	-1.889841e-02	5.336313e+00
8.800000e-06	-2.733779e-02	5.368971e+00
8.810000e-06	-3.753644e-03	5.412527e+00
8.820000e-06	1.798309e-02	5.524713e+00
8.830000e-06	1.587847e-03	5.598867e+00
8.840000e-06	-2.344639e-02	5.619501e+00
8.850000e-06	-1.608076e-02	5.622126e+00
8.860000e-06	9.232849e-04	5.684186e+00
8.870000e-06	1.110977e-02	5.756338e+00
8.880000e-06	-1.243790e-02	5.790449e+00
8.890000e-06	-2.340045e-02	5.906290e+00
8.900000e-06	-1.028904e-02	5.958371e+00
8.910000e-06	1.106955e-02	5.980449e+00
8.920000e-06	4.570787e-03	6.020999e+00
8.930000e-06	-1.808474e-02	6.031103e+00
8.940000e-06	-1.696918e-02	6.064608e+00
8.950000e-06	-2.207743e-03	6.085786e+00
8.960000e-06	9.252591e-03	6.187290e+00
8.970000e-06	-8.757422e-03	6.149920e+00
8.980000e-06	-2.008203e-02	6.189523e+00
8.990000e-06	-1.306234e-02	6.230522e+00
9.000000e-06	5.091742e-03	6.250598e+00
9.010000e-06	4.033497e-03	6.252127e+00
9.020000e-06	-1.273725e-02	6.252604e+00
9.030000e-06	-1.778251e-02	6.322711e+00
9.040000e-06	-5.010651e-03	6.344786e+00
9.050000e-06	5.661583e-03	6.337258e+00
9.060000e-06	-3.899242e-03	6.346237e+00
9.070000e-06	-1.592122e-02	6.348785e+00
9.080000e-06	-1.451764e-02	6.349365e+00
9.090000e-06	1.375936e-03	6.369841e+00
9.100000e-06	1.294648e-03	6.344367e+00
9.110000e-06	-8.908786e-03	6.346895e+00
9.120000e-06	-1.657355e-02	6.326262e+00
9.130000e-06	-8.729967e-03	6.337341e+00
9.140000e-06	2.653891e-03	6.334736e+00
9.150000e-06	-1.546588e-03	6.327635e+00
9.160000e-06	-1.155125e-02	6.313656e+00
9.170000e-06	-1.410518e-02	6.273129e+00
9.180000e-06	-3.081986e-03	6.273705e+00
9.190000e-06	-5.511915e-04	6.251128e+00
9.200000e-06	-6.564512e-03	6.229995e+00
9.210000e-06	-1.470688e-02	6.189398e+00
9.220000e-06	-9.920267e-03	6.189493e+00
9.230000e-06	-2.168509e-04	6.118417e+00
9.240000e-06	-2.168669e-04	6.116108e+00
9.250000e-06	-8.212856e-03	6.032633e+00
9.260000e-06	-1.229534e-02	6.011575e+00
9.270000e-06	-5.826547e-03	6.051550e+00
9.280000e-06	-1.861455e-03	5.999471e+00
9.290000e-06	-5.656780e-03	5.988844e+00
9.300000e-06	-1.258970e-02	5.956786e+00
9.310000e-06	-1.009196e-02	5.852602e+00
9.320000e-06	-2.326121e-03	5.767787e+00
9.330000e-06	-6.752941e-04	5.672182e+00
9.340000e-06	-6.198522e-03	5.641525e+00
9.350000e-06	-1.225853e-02	5.589995e+00
9.360000e-06	-5.935163e-03	5.549440e+00
9.370000e-06	-2.860913e-03	5.516231e+00
9.380000e-06	-3.791158e-03	5.422548e+00
9.390000e-06	-1.075611e-02	5.388996e+00
9.400000e-06	-9.625276e-03	5.347785e+00
9.410000e-06	-4.391198e-03	5.233553e+00
9.420000e-06	-1.368688e-03	5.169466e+00
9.430000e-06	-5.321144e-03	5.104226e+00
9.440000e-06	-9.522804e-03	4.979711e+00
9.450000e-06	-8.216150e-03	4.844630e+00
9.460000e-06	-4.246063e-03	4.800548e+00
9.470000e-06	-3.636282e-03	4.716269e+00
9.480000e-06	-8.395144e-03	4.611077e+00
9.490000e-06	-9.275279e-03	4.568444e+00
9.500000e-06	-5.686101e-03	4.482681e+00
9.510000e-06	-1.637365e-03	4.411574e+00
9.520000e-06	-5.012739e-03	4.368971e+00
9.530000e-06	-8.935263e-03	4.285682e+00
9.540000e-06	-7.728204e-03	4.165912e+00
9.550000e-06	-4.105400e-03	4.002628e+00
9.560000e-06	-4.194024e-03	3.968990e+00
9.570000e-06	-5.824834e-03	3.853183e+00
9.580000e-06	-9.203531e-03	3.829970e+00
9.590000e-06	-6.781959e-03	3.714737e+00
9.600000e-06	-3.310075e-03	3.621073e+00
9.610000e-06	-4.365838e-03	3.556416e+00
9.620000e-06	-6.501915e-03	3.410494e+00
9.630000e-06	-6.733345e-03	3.273182e+00
9.640000e-06	-4.478536e-03	3.179445e+00
9.650000e-06	-2.669987e-03	3.076310e+00
9.660000e-06	-4.853753e-03	3.030499e+00
9.670000e-06	-7.349966e-03	2.904211e+00
9.680000e-06	-6.293471e-03	2.801028e+00
9.690000e-06	-5.011064e-03	2.718369e+00
9.700000e-06	-3.523666e-03	2.610094e+00
9.710000e-06	-6.032916e-03	2.454625e+00
9.720000e-06	-5.347978e-03	2.347865e+00
9.730000e-06	-4.562355e-03	2.253102e+00
9.740000e-06	-2.239715e-03	2.146739e+00
9.750000e-06	-3.620332e-03	2.042652e+00
9.760000e-06	-6.108762e-03	1.957940e+00
9.770000e-06	-6.767527e-03	1.863624e+00
9.780000e-06	-4.930982e-03	1.717665e+00
9.790000e-06	-4.641156e-03	1.602101e+00
9.800000e-06	-4.608634e-03	1.474206e+00
9.810000e-06	-5.839796e-03	1.348416e+00
9.820000e-06	-3.249775e-03	1.232027e+00
9.830000e-06	-2.172775e-03	1.158286e+00
9.840000e-06	-3.008234e-03	9.558437e-01
9.850000e-06	-5.761919e-03	8.205228e-01
9.860000e-06	-6.814001e-03	7.257609e-01
9.870000e-06	-5.237127e-03	6.110240e-01
9.880000e-06	-4.533823e-03	4.842093e-01
9.890000e-06	-4.339500e-03	4.100214e-01
9.900000e-06	-3.917268e-03	3.227093e-01
9.910000e-06	-2.239053e-03	9.581472e-02
9.920000e-06	-1.155616e-03	-9.927432e-03
9.930000e-06	-1.375674e-03	-1.242617e-01
9.940000e-06	-1.906842e-03	-1.994535e-01
9.950000e-06	-2.545591e-03	-3.167882e-01
9.960000e-06	-2.000296e-03	-4.093986e-01
9.970000e-06	-2.111863e-03	-4.742129e-01
9.980000e-06	-1.796294e-03	-6.027314e-01
9.990000e-06	-2.960969e-03	-7.384471e-01
1.000000e-05	5.225897e-03	-8.520050e-01
1.001000e-05	5.137796e-02	-9.274195e-01
1.002000e-05	1.622276e-02	-1.064789e+00
1.003000e-05	-3.632237e-02	-1.316323e+00
1.004000e-05	-1.145170e-01	-1.537269e+00
1.005000e-05	4.823278e-02	-1.576917e+00
1.006000e-05	6.785647e-02	-1.539897e+00
1.007000e-05	-6.183575e-02	-1.734289e+00
1.008000e-05	-5.627127e-02	-1.884634e+00
1.009000e-05	9.982511e-02	-1.863184e+00
1.010000e-05	-3.885701e-02	-1.947422e+00
1.011000e-05	-6.393533e-02	-2.200504e+00
1.012000e-05	1.203256e-01	-2.326368e+00
1.013000e-05	-3.615385e-02	-2.367420e+00
1.014000e-05	-1.439770e-01	-2.493718e+00
1.015000e-05	1.092163e-01	-2.609976e+00
1.016000e-05	4.815981e-02	-2.703737e+00
1.017000e-05	-1.030669e-01	-2.798476e+00
1.018000e-05	3.536704e-02	-2.822183e+00
1.019000e-05	-4.763378e-03	-3.020603e+00
1.020000e-05	-2.518769e-03	-3.146397e+00
1.021000e-05	5.447173e-02	-3.211551e+00
1.022000e-05	-6.680202e-02	-3.336888e+00
1.023000e-05	-2.516346e-02	-3.472107e+00
1.024000e-05	8.234155e-02	-3.514765e+00
1.025000e-05	-3.845062e-02	-3.579972e+00
1.026000e-05	9.450031e-03	-3.704288e+00
1.027000e-05	1.073835e-02	-3.850031e+00
1.028000e-05	-6.629008e-02	-3.926397e+00
1.029000e-05	5.495593e-02	-4.040508e+00
1.030000e-05	3.297788e-02	-4.115790e+00
1.031000e-05	-4.107991e-02	-4.219479e+00
1.032000e-05	-8.123846e-03	-4.212633e+00
1.033000e-05	3.670776e-03	-4.349370e+00
1.034000e-05	2.894448e-02	-4.441006e+00
1.035000e-05	-3.121694e-03	-4.493815e+00
1.036000e-05	-3.436695e-02	-4.599877e+00
1.037000e-05	2.651786e-03	-4.704084e+00
1.038000e-05	1.695873e-02	-4.676315e+00
1.039000e-05	1.959127e-02	-4.849106e+00
1.040000e-05	-3.675127e-03	-4.945190e+00
1.041000e-05	-3.109911e-02	-4.998474e+00
1.042000e-05	1.363438e-02	-5.073708e+00
1.043000e-05	1.021521e-02	-5.156820e+00
1.044000e-05	5.359103e-03	-5.210551e+00
1.045000e-05	-1.033469e-02	-5.223658e+00
1.046000e-05	-2.128309e-02	-5.378892e+00
1.047000e-05	2.542988e-02	-5.503217e+00
1.048000e-05	1.328934e-02	-5.577271e+00
1.049000e-05	-5.754968e-03	-5.609949e+00
1.050000e-05	-1.404800e-02	-5.641079e+00
1.051000e-05	-7.700953e-03	-5.713686e+00
1.052000e-05	1.889536e-02	-5.767895e+00
1.053000e-05	5.881460e-03	-5.780449e+00
1.054000e-05	-1.251878e-02	-5.862132e+00
1.055000e-05	-9.727587e-03	-5.914232e+00
1.056000e-05	6.258456e-03	-5.978868e+00
1.057000e-05	1.849460e-02	-5.978897e+00
1.058000e-05	-2.610949e-03	-5.999474e+00
1.059000e-05	-1.603069e-02	-6.051053e+00
1.060000e-05	-1.329786e-03	-6.071105e+00
1.061000e-05	8.721611e-03	-6.074237e+00
1.062000e-05	1.021794e-02	-6.137360e+00
1.063000e-05	-9.071293e-03	-6.209374e+00
1.064000e-05	-1.127259e-02	-6.250124e+00
1.065000e-05	5.928672e-03	-6.314501e+00
1.066000e-05	9.820392e-03	-6.294085e+00
1.067000e-05	3.709123e-03	-6.357342e+00
1.068000e-05	-1.161136e-02	-6.368391e+00
1.069000e-05	-5.699376e-03	-6.398871e+00
1.070000e-05	8.057437e-03	-6.377950e+00
1.071000e-05	8.366517e-03	-6.408449e+00
1.072000e-05	-4.249323e-03	-6.399499e+00
1.073000e-05	-1.153895e-02	-6.399498e+00
1.074000e-05	3.712781e-04	-6.399449e+00
1.075000e-05	9.278780e-03	-6.408946e+00
1.076000e-05	4.410233e-03	-6.399500e+00
1.077000e-05	-7.729432e-03	-6.387999e+00
1.078000e-05	-6.604233e-03	-6.400523e+00
1.079000e-05	4.424074e-03	-6.419475e+00
1.080000e-05	7.263660e-03	-6.378450e+00
1.081000e-05	-2.085102e-03	-6.388449e+00
1.082000e-05	-8.362155e-03	-6.369794e+00
1.083000e-05	-2.200771e-03	-6.357896e+00
1.084000e-05	7.097250e-03	-6.356290e+00
1.085000e-05	5.063514e-03	-6.346317e+00
1.086000e-05	-6.075511e-03	-6.343561e+00
1.087000e-05	-6.810128e-03	-6.264175e+00
1.088000e-05	2.221950e-03	-6.226475e+00
1.089000e-05	6.510079e-03	-6.197291e+00
1.090000e-05	-9.780390e-05	-6.105159e+00
1.091000e-05	-7.163523e-03	-6.062580e+00
1.092000e-05	-3.129981e-03	-6.041078e+00
1.093000e-05	4.580320e-03	-6.009999e+00
1.094000e-05	4.385643e-03	-5.978922e+00
1.095000e-05	-3.919194e-03	-5.967895e+00
1.096000e-05	-6.464385e-03	-5.945236e+00
1.097000e-05	-5.840265e-04	-5.860609e+00
1.098000e-05	4.688641e-03	-5.822049e+00
1.099000e-05	8.150709e-04	-5.787772e+00
1.100000e-05	-5.832975e-03	-5.725187e+00
1.101000e-05	-4.484872e-03	-5.652200e+00
1.102000e-05	2.110720e-03	-5.610528e+00
1.103000e-05	3.109626e-03	-5.599421e+00
1.104000e-05	-1.815744e-03	-5.567218e+00
1.105000e-05	-5.237276e-03	-5.401552e+00
1.106000e-05	-1.445931e-03	-5.283290e+00
1.107000e-05	3.171365e-03	-5.242602e+00
1.108000e-05	4.584135e-04	-5.179395e+00
1.109000e-05	-4.655482e-03	-5.064208e+00
1.110000e-05	-4.576583e-03	-5.021074e+00
1.111000e-05	-1.394953e-05	-4.977296e+00
1.112000e-05	3.875982e-03	-4.801501e+00
1.113000e-05	-1.226433e-03	-4.778313e+00
1.114000e-05	-5.475145e-03	-4.642632e+00
1.115000e-05	-3.534559e-03	-4.609974e+00
1.116000e-05	1.192171e-03	-4.495211e+00
1.117000e-05	6.229986e-04	-4.441550e+00
1.118000e-05	-3.011507e-03	-4.389425e+00
1.119000e-05	-4.812096e-03	-4.326737e+00
1.120000e-05	-1.279633e-03	-4.271474e+00
1.121000e-05	1.538479e-03	-4.167866e+00
1.122000e-05	-1.019630e-03	-4.062211e+00
1.123000e-05	-5.453102e-03	-3.990520e+00
1.124000e-05	-3.368279e-03	-3.953795e+00
1.125000e-05	-5.633042e-04	-3.807416e+00
1.126000e-05	1.052801e-03	-3.633154e+00
1.127000e-05	-4.050567e-03	-3.567898e+00
1.128000e-05	-4.426872e-03	-3.512687e+00
1.129000e-05	-3.856064e-03	-3.399498e+00
1.130000e-05	2.344511e-04	-3.283688e+00
1.131000e-05	-2.444417e-03	-3.229499e+00
1.132000e-05	-4.368114e-03	-3.156865e+00
1.133000e-05	-4.881137e-03	-2.988922e+00
1.134000e-05	-1.057068e-03	-2.852659e+00
1.135000e-05	-1.129942e-03	-2.746921e+00
1.136000e-05	-2.904189e-03	-2.653605e+00
1.137000e-05	-5.113046e-03	-2.578443e+00
1.138000e-05	-4.215048e-03	-2.422634e+00
1.139000e-05	-2.562816e-03	-2.368948e+00
1.140000e-05	-3.221698e-03	-2.230653e+00
1.141000e-05	-6.074174e-03	-2.102164e+00
1.142000e-05	-4.780478e-03	-2.000049e+00
1.143000e-05	-2.470210e-03	-1.892737e+00
1.144000e-05	-4.499723e-04	-1.818995e+00
1.145000e-05	-2.445176e-03	-1.643682e+00
1.146000e-05	-4.610286e-03	-1.589820e+00
1.147000e-05	-4.578804e-03	-1.470558e+00
1.148000e-05	-3.515193e-03	-1.232709e+00
1.149000e-05	-4.077673e-03	-1.187346e+00
1.150000e-05	-5.790312e-03	-1.041105e+00
1.151000e-05	-5.704062e-03	-9.257386e-01
1.152000e-05	-3.603315e-03	-8.010228e-01
1.153000e-05	-4.929227e-04	-7.163196e-01
1.154000e-05	-3.559865e-03	-5.784948e-01
1.155000e-05	-4.234403e-03	-4.216053e-01
1.156000e-05	-5.527830e-03	-3.363672e-01
1.157000e-05	-4.267146e-03	-2.210529e-01
1.158000e-05	-3.259365e-03	-8.476466e-02
1.159000e-05	-3.850250e-03	-3.102169e-02
1.160000e-05	-2.045045e-03	5.211128e-02
1.161000e-05	-1.710776e-03	2.191260e-01
1.162000e-05	6.624527e-04	3.678447e-01
1.163000e-05	-1.638333e-03	4.311075e-01
1.164000e-05	-2.603816e-03	5.368446e-01
1.165000e-05	-4.095504e-03	6.125340e-01
1.166000e-05	-2.652181e-04	7.183434e-01
1.167000e-05	1.728733e-02	8.010839e-01
1.168000e-05	4.235560e-02	1.010580e+00
1.169000e-05	-8.809646e-03	1.200956e+00
1.170000e-05	-5.493196e-02	1.347320e+00
1.171000e-05	-9.139148e-02	1.430051e+00
1.172000e-05	7.378196e-02	1.496936e+00
1.173000e-05	5.152011e-02	1.695739e+00
1.174000e-05	-1.046820e-01	1.778926e+00
1.175000e-05	-4.891809e-03	1.813028e+00
1.176000e-05	7.159405e-02	1.948471e+00
1.177000e-05	-4.825384e-02	2.093734e+00
1.178000e-05	-2.073784e-02	2.136795e+00
1.179000e-05	9.240636e-02	2.233076e+00
1.180000e-05	-9.150845e-02	2.380405e+00
1.181000e-05	-6.915471e-02	2.464733e+00
1.182000e-05	1.085586e-01	2.548893e+00
1.183000e-05	6.915999e-03	2.716892e+00
1.184000e-05	-7.392054e-02	2.852130e+00
1.185000e-05	1.423847e-02	2.965816e+00
1.186000e-05	-8.705113e-03	3.042599e+00
1.187000e-05	1.517757e-02	3.095267e+00
1.188000e-05	1.891332e-02	3.221031e+00
1.189000e-05	-6.205776e-02	3.327788e+00
1.190000e-05	5.559313e-03	3.451076e+00
1.191000e-05	2.747018e-02	3.547894e+00
1.192000e-05	-2.359835e-03	3.641103e+00
1.193000e-05	-7.971157e-03	3.728813e+00
1.194000e-05	-2.063289e-02	3.873101e+00
1.195000e-05	-3.739865e-02	3.934821e+00
1.196000e-05	4.204779e-02	3.969422e+00
1.197000e-05	1.818288e-02	4.031559e+00
1.198000e-05	-4.417472e-02	4.190916e+00
1.199000e-05	-1.543744e-02	4.325790e+00
1.200000e-05	1.497341e-02	4.389499e+00
1.201000e-05	1.677437e-02	4.442678e+00
1.202000e-05	-2.209406e-02	4.526292e+00
1.203000e-05	-2.273976e-02	4.623002e+00
1.204000e-05	-1.772091e-02	4.726791e+00
1.205000e-05	2.243570e-02	4.780945e+00
1.206000e-05	1.027531e-02	4.831549e+00
1.207000e-05	-2.091612e-02	4.945915e+00
1.208000e-05	-2.267440e-02	5.074559e+00
1.209000e-05	5.973783e-04	5.198346e+00
1.210000e-05	1.481775e-02	5.210004e+00
1.211000e-05	-8.164406e-03	5.294713e+00
1.212000e-05	-2.474812e-02	5.358345e+00
1.213000e-05	-1.686853e-02	5.441605e+00
1.214000e-05	1.769025e-02	5.443135e+00
1.215000e-05	6.125919e-03	5.535342e+00
1.216000e-05	-1.441483e-02	5.578949e+00
1.217000e-05	-2.275637e-02	5.611050e+00
1.218000e-05	-5.047182e-03	5.673159e+00
1.219000e-05	1.181667e-02	5.714712e+00
1.220000e-05	-4.056047e-03	5.809965e+00
1.221000e-05	-1.889719e-02	5.853154e+00
1.222000e-05	-1.836820e-02	5.977789e+00
1.223000e-05	7.692463e-03	5.988421e+00
1.224000e-05	7.418202e-03	6.009950e+00
1.225000e-05	-9.091601e-03	6.050050e+00
1.226000e-05	-2.190113e-02	6.042629e+00
1.227000e-05	-7.838621e-03	6.114288e+00
1.228000e-05	7.241120e-03	6.158289e+00
1.229000e-05	-1.448690e-03	6.167870e+00
1.230000e-05	-1.598344e-02	6.190449e+00
1.231000e-05	-1.753759e-02	6.211023e+00
1.232000e-05	1.355694e-03	6.220574e+00
1.233000e-05	4.894917e-03	6.261624e+00
1.234000e-05	-5.460374e-03	6.224653e+00
1.235000e-05	-1.903783e-02	6.273234e+00
1.236000e-05	-1.013288e-02	6.346708e+00
1.237000e-05	3.465301e-03	6.315814e+00
1.238000e-05	7.825817e-04	6.336337e+00
1.239000e-05	-1.257882e-02	6.377763e+00
1.240000e-05	-1.814328e-02	6.335365e+00
1.241000e-05	-3.370758e-03	6.377843e+00
1.242000e-05	3.281900e-03	6.357818e+00
1.243000e-05	-3.745858e-03	6.345861e+00
1.244000e-05	-1.560848e-02	6.329265e+00
1.245000e-05	-1.111353e-02	6.337844e+00
1.246000e-05	-3.516013e-04	6.315761e+00
1.247000e-05	2.289690e-04	6.315761e+00
1.248000e-05	-9.696364e-03	6.304656e+00
1.249000e-05	-1.515157e-02	6.265109e+00
1.250000e-05	-6.626053e-03	6.295206e+00
1.251000e-05	1.835001e-03	6.272655e+00
1.252000e-05	-2.072341e-03	6.201549e+00
1.253000e-05	-1.254745e-02	6.209473e+00
1.254000e-05	-1.220648e-02	6.198969e+00
1.255000e-05	-3.083644e-03	6.157841e+00
1.256000e-05	1.759895e-04	6.126736e+00
1.257000e-05	-7.389151e-03	6.112633e+00
1.258000e-05	-1.470315e-02	6.051076e+00
1.259000e-05	-7.936819e-03	6.031026e+00
1.260000e-05	-1.005461e-03	6.020024e+00
1.261000e-05	-1.484681e-03	5.979894e+00
1.262000e-05	-1.011609e-02	5.975761e+00
1.263000e-05	-1.143238e-02	5.854653e+00
1.264000e-05	-3.997798e-03	5.829968e+00
1.265000e-05	-5.083915e-04	5.716207e+00
1.266000e-05	-5.456245e-03	5.641128e+00
1.267000e-05	-1.274106e-02	5.610447e+00
1.268000e-05	-9.380197e-03	5.599445e+00
1.269000e-05	-3.344413e-03	5.547838e+00
1.270000e-05	-7.759414e-04	5.453078e+00
1.271000e-05	-8.337511e-03	5.400995e+00
1.272000e-05	-9.756090e-03	5.337362e+00
1.273000e-05	-6.729383e-03	5.294205e+00
1.274000e-05	-1.010946e-03	5.220520e+00
1.275000e-05	-4.940105e-03	5.136332e+00
1.276000e-05	-9.897407e-03	5.008470e+00
1.277000e-05	-1.008661e-02	4.874631e+00
1.278000e-05	-4.397486e-03	4.800546e+00
1.279000e-05	-2.644167e-03	4.756417e+00
1.280000e-05	-6.231051e-03	4.675208e+00
1.281000e-05	-9.217878e-03	4.590542e+00
1.282000e-05	-6.234231e-03	4.535811e+00
1.283000e-05	-2.757798e-03	4.471599e+00
1.284000e-05	-3.338480e-03	4.409446e+00
1.285000e-05	-7.798020e-03	4.326837e+00
1.286000e-05	-1.003771e-02	4.199823e+00
1.287000e-05	-5.976651e-03	4.083679e+00
1.288000e-05	-3.133375e-03	3.989069e+00
1.289000e-05	-4.635301e-03	3.905209e+00
1.290000e-05	-7.462498e-03	3.791076e+00
1.291000e-05	-6.750532e-03	3.716316e+00
1.292000e-05	-3.571096e-03	3.642075e+00
1.293000e-05	-3.226162e-03	3.609870e+00
1.294000e-05	-6.058431e-03	3.495208e+00
1.295000e-05	-8.628575e-03	3.336684e+00
1.296000e-05	-5.985896e-03	3.231574e+00
1.297000e-05	-3.712194e-03	3.126362e+00
1.298000e-05	-4.142030e-03	3.001075e+00
1.299000e-05	-6.792934e-03	2.947842e+00
1.300000e-05	-5.900769e-03	2.852626e+00
1.301000e-05	-4.345140e-03	2.778366e+00
1.302000e-05	-2.754374e-03	2.674650e+00
1.303000e-05	-5.273976e-03	2.534781e+00
1.304000e-05	-7.100917e-03	2.370444e+00
1.305000e-05	-6.162696e-03	2.303683e+00
1.306000e-05	-3.742665e-03	2.208995e+00
1.307000e-05	-4.034519e-03	2.044582e+00
1.308000e-05	-5.614048e-03	1.990021e+00
1.309000e-05	-7.162201e-03	1.894158e+00
1.310000e-05	-4.952571e-03	1.766914e+00
1.311000e-05	-3.262889e-03	1.615555e+00
1.312000e-05	-4.212612e-03	1.536317e+00
1.313000e-05	-5.590241e-03	1.420596e+00
1.314000e-05	-5.590315e-03	1.264208e+00
1.315000e-05	-3.761160e-03	1.188870e+00
1.316000e-05	-4.395446e-03	9.990540e-01
1.317000e-05	-4.962083e-03	8.832019e-01
1.318000e-05	-6.520893e-03	7.483697e-01
1.319000e-05	-4.023241e-03	6.525529e-01
1.320000e-05	-2.834127e-03	5.267648e-01
1.321000e-05	-2.763481e-03	4.420767e-01
1.322000e-05	-4.748607e-03	3.158174e-01
1.323000e-05	-5.714612e-03	1.914427e-01
1.324000e-05	-3.128823e-03	2.312807e-02
1.325000e-05	-1.579147e-03	-6.320777e-02
1.326000e-05	-1.118529e-03	-1.769446e-01
1.327000e-05	-1.631235e-03	-2.642328e-01
1.328000e-05	-1.961849e-03	-3.773709e-01
1.329000e-05	-6.321258e-04	-4.406564e-01
1.330000e-05	-5.681857e-04	-5.975698e-01
1.331000e-05	-3.339088e-03	-6.863169e-01
1.332000e-05	-1.071965e-03	-8.000788e-01
1.333000e-05	3.138747e-02	-8.732592e-01
1.334000e-05	4.324769e-02	-1.051604e+00
1.335000e-05	-2.537720e-02	-1.253206e+00
1.336000e-05	-8.728427e-02	-1.494742e+00
1.337000e-05	-2.219165e-02	-1.577397e+00
1.338000e-05	8.249079e-02	-1.545718e+00
1.339000e-05	1.028128e-02	-1.621179e+00
1.340000e-05	-1.230665e-01	-1.840081e+00
1.341000e-05	7.848944e-02	-1.853114e+00
1.342000e-05	4.229769e-03	-1.905344e+00
1.343000e-05	-9.913848e-02	-2.134796e+00
1.344000e-05	8.673190e-02	-2.272791e+00
1.345000e-05	4.449557e-02	-2.326848e+00
1.346000e-05	-1.639968e-01	-2.492184e+00
1.347000e-05	4.191047e-02	-2.556876e+00
1.348000e-05	1.084624e-01	-2.622135e+00
1.349000e-05	-8.382696e-02	-2.778900e+00
1.350000e-05	-1.613344e-02	-2.801579e+00
1.351000e-05	2.895945e-02	-2.956494e+00
1.352000e-05	-2.968446e-02	-3.165772e+00
1.353000e-05	5.938375e-02	-3.200453e+00
1.354000e-05	-2.105666e-02	-3.293312e+00
1.355000e-05	-7.559232e-02	-3.421083e+00
1.356000e-05	8.082265e-02	-3.506609e+00
1.357000e-05	-8.408510e-03	-3.567421e+00
1.358000e-05	-2.040718e-02	-3.694237e+00
1.359000e-05	3.117322e-02	-3.827897e+00
1.360000e-05	-6.037450e-02	-3.924787e+00
1.361000e-05	8.982887e-03	-4.011004e+00
1.362000e-05	6.646675e-02	-4.083683e+00
1.363000e-05	-2.784713e-02	-4.178451e+00
1.364000e-05	-2.426209e-02	-4.241062e+00
1.365000e-05	2.906314e-03	-4.304267e+00
1.366000e-05	1.825052e-02	-4.390530e+00
1.367000e-05	1.842497e-02	-4.442611e+00
1.368000e-05	-3.750181e-02	-4.555892e+00
1.369000e-05	-9.438429e-03	-4.673610e+00
1.370000e-05	1.502092e-02	-4.664769e+00
1.371000e-05	1.895165e-02	-4.801522e+00
1.372000e-05	1.426597e-02	-4.873135e+00
1.373000e-05	-3.515328e-02	-4.977397e+00
1.374000e-05	5.504544e-04	-5.062633e+00
1.375000e-05	1.236475e-02	-5.114767e+00
1.376000e-05	8.191168e-03	-5.207924e+00
1.377000e-05	-2.785699e-03	-5.250658e+00
1.378000e-05	-2.374107e-02	-5.377867e+00
1.379000e-05	9.057719e-03	-5.472110e+00
1.380000e-05	2.459809e-02	-5.578292e+00
1.381000e-05	-1.302078e-03	-5.558972e+00
1.382000e-05	-1.079952e-02	-5.610054e+00
1.383000e-05	-1.308899e-02	-5.702733e+00
1.384000e-05	1.087640e-02	-5.726788e+00
1.385000e-05	1.711068e-02	-5.809446e+00
1.386000e-05	-1.040534e-02	-5.821178e+00
1.387000e-05	-1.014453e-02	-5.892685e+00
1.388000e-05	-3.980186e-03	-5.935840e+00
1.389000e-05	1.802362e-02	-5.968446e+00
1.390000e-05	7.888223e-03	-5.999000e+00
1.391000e-05	-1.496666e-02	-6.010026e+00
1.392000e-05	-6.483361e-03	-6.033051e+00
1.393000e-05	4.971708e-03	-6.113184e+00
1.394000e-05	1.551162e-02	-6.115284e+00
1.395000e-05	-2.317127e-03	-6.229420e+00
1.396000e-05	-1.399522e-02	-6.210975e+00
1.397000e-05	-2.752720e-03	-6.252060e+00
1.398000e-05	8.813418e-03	-6.284737e+00
1.399000e-05	9.043257e-03	-6.307338e+00
1.400000e-05	-7.155998e-03	-6.376816e+00
1.401000e-05	-9.095499e-03	-6.357442e+00
1.402000e-05	3.525400e-03	-6.359442e+00
1.403000e-05	1.182977e-02	-6.379474e+00
1.404000e-05	1.680190e-03	-6.410021e+00
1.405000e-05	-9.899179e-03	-6.388999e+00
1.406000e-05	-6.839838e-03	-6.400025e+00
1.407000e-05	7.684928e-03	-6.398875e+00
1.408000e-05	8.106990e-03	-6.400999e+00
1.409000e-05	-3.354418e-03	-6.409950e+00
1.410000e-05	-7.847821e-03	-6.399449e+00
1.411000e-05	1.134082e-04	-6.399974e+00
1.412000e-05	9.697431e-03	-6.378450e+00
1.413000e-05	1.861830e-03	-6.409946e+00
1.414000e-05	-6.118310e-03	-6.398424e+00
1.415000e-05	-7.516414e-03	-6.357369e+00
1.416000e-05	3.903090e-03	-6.348345e+00
1.417000e-05	6.813564e-03	-6.335816e+00
1.418000e-05	-1.530961e-03	-6.343735e+00
1.419000e-05	-7.119951e-03	-6.262658e+00
1.420000e-05	-1.908587e-03	-6.241021e+00
1.421000e-05	6.303695e-03	-6.148442e+00
1.422000e-05	3.007040e-03	-6.154862e+00
1.423000e-05	-4.148765e-03	-6.073182e+00
1.424000e-05	-5.991218e-03	-6.041526e+00
1.425000e-05	2.550745e-03	-5.999998e+00
1.426000e-05	5.582262e-03	-5.998949e+00
1.427000e-05	3.989324e-04	-5.958895e+00
1.428000e-05	-7.123116e-03	-5.945312e+00
1.429000e-05	-4.137086e-03	-5.893110e+00
1.430000e-05	1.666426e-03	-5.871524e+00
1.431000e-05	3.153600e-03	-5.839469e+00
1.432000e-05	-3.080517e-03	-5.744768e+00
1.433000e-05	-5.152943e-03	-5.662683e+00
1.434000e-05	8.802348e-04	-5.640075e+00
1.435000e-05	5.337885e-03	-5.589974e+00
1.436000e-05	1.319620e-03	-5.575886e+00
1.437000e-05	-6.114459e-03	-5.461634e+00
1.438000e-05	-5.684369e-03	-5.337413e+00
1.439000e-05	-4.757687e-05	-5.292105e+00
1.440000e-05	1.991784e-03	-5.210025e+00
1.441000e-05	-1.492031e-03	-5.126291e+00
1.442000e-05	-4.240104e-03	-5.042606e+00
1.443000e-05	-6.737062e-04	-5.009373e+00
1.444000e-05	2.704711e-03	-4.874137e+00
1.445000e-05	5.011503e-04	-4.756810e+00
1.446000e-05	-5.449070e-03	-4.643684e+00
1.447000e-05	-5.532667e-03	-4.639599e+00
1.448000e-05	-1.223365e-03	-4.556290e+00
1.449000e-05	1.481709e-03	-4.442206e+00
1.450000e-05	-2.006955e-03	-4.410024e+00
1.451000e-05	-4.318556e-03	-4.327841e+00
1.452000e-05	-1.613060e-03	-4.252607e+00
1.453000e-05	1.409039e-03	-4.197920e+00
1.454000e-05	6.343977e-05	-4.095183e+00
1.455000e-05	-4.018217e-03	-4.011000e+00
1.456000e-05	-5.539014e-03	-3.958418e+00
1.457000e-05	-2.275398e-03	-3.811067e+00
1.458000e-05	7.050956e-04	-3.674686e+00
1.459000e-05	-2.340739e-03	-3.609524e+00
1.460000e-05	-5.068567e-03	-3.494313e+00
1.461000e-05	-3.689701e-03	-3.451105e+00
1.462000e-05	4.250661e-04	-3.346810e+00
1.463000e-05	-3.009809e-05	-3.242002e+00
1.464000e-05	-3.827123e-03	-3.178396e+00
1.465000e-05	-5.574646e-03	-3.031054e+00
1.466000e-05	-2.916038e-03	-2.875732e+00
1.467000e-05	-1.459892e-03	-2.799448e+00
1.468000e-05	-1.206331e-03	-2.684783e+00
1.469000e-05	-4.911271e-03	-2.599396e+00
1.470000e-05	-4.636491e-03	-2.472631e+00
1.471000e-05	-3.283950e-03	-2.399998e+00
1.472000e-05	-1.451712e-03	-2.313712e+00
1.473000e-05	-3.447340e-03	-2.155790e+00
1.474000e-05	-5.113101e-03	-2.010075e+00
1.475000e-05	-5.178706e-03	-1.906315e+00
1.476000e-05	-1.287778e-03	-1.791099e+00
1.477000e-05	-2.549134e-03	-1.704211e+00
1.478000e-05	-4.372507e-03	-1.629648e+00
1.479000e-05	-5.149928e-03	-1.543282e+00
1.480000e-05	-4.069271e-03	-1.348320e+00
1.481000e-05	-3.091583e-03	-1.230546e+00
1.482000e-05	-4.698430e-03	-1.093811e+00
1.483000e-05	-5.672455e-03	-9.784162e-01
1.484000e-05	-4.584219e-03	-8.816577e-01
1.485000e-05	-2.025666e-03	-7.579437e-01
1.486000e-05	-2.470323e-03	-6.420052e-01
1.487000e-05	-4.008046e-03	-4.630867e-01
1.488000e-05	-5.420516e-03	-3.979199e-01
1.489000e-05	-5.055680e-03	-2.626817e-01
1.490000e-05	-2.545568e-03	-1.569659e-01
1.491000e-05	-3.050447e-03	-2.163032e-02
1.492000e-05	-2.432266e-03	2.255501e-02
1.493000e-05	-2.330639e-03	1.888959e-01
1.494000e-05	1.450682e-05	2.952394e-01
1.495000e-05	-1.386865e-03	4.000501e-01
1.496000e-05	-1.071580e-03	4.747392e-01
1.497000e-05	-5.274561e-03	6.009499e-01
1.498000e-05	-1.537832e-03	6.957144e-01
1.499000e-05	7.040735e-03	8.189500e-01
1.500000e-05	4.376543e-02	9.384182e-01
1.501000e-05	1.222385e-02	1.108422e+00
1.502000e-05	-3.701820e-02	1.316313e+00
1.503000e-05	-1.052124e-01	1.409497e+00
1.504000e-05	1.835709e-02	1.475134e+00
1.505000e-05	7.695901e-02	1.641108e+00
1.506000e-05	-3.392614e-02	1.798318e+00
1.507000e-05	-9.030307e-02	1.800575e+00
1.508000e-05	9.028860e-02	1.925814e+00
1.509000e-05	-1.162599e-02	2.053160e+00
1.510000e-05	-7.291934e-02	2.117343e+00
1.511000e-05	9.791004e-02	2.199922e+00
1.512000e-05	-2.884948e-02	2.327945e+00
1.513000e-05	-1.242555e-01	2.393106e+00
1.514000e-05	7.882463e-02	2.525216e+00
1.515000e-05	6.322339e-02	2.675658e+00
1.516000e-05	-8.069128e-02	2.820025e+00
1.517000e-05	1.875579e-03	2.935683e+00
1.518000e-05	-7.938712e-03	3.021449e+00
1.519000e-05	6.640383e-03	3.075735e+00
1.520000e-05	2.790908e-02	3.168967e+00
1.521000e-05	-3.975708e-02	3.234658e+00
1.522000e-05	-3.399742e-02	3.399519e+00
1.523000e-05	4.048644e-02	3.545791e+00
1.524000e-05	1.479289e-03	3.630999e+00
1.525000e-05	-9.571753e-03	3.675689e+00
1.526000e-05	-6.894207e-03	3.789976e+00
1.527000e-05	-5.049309e-02	3.865313e+00
1.528000e-05	2.618913e-02	3.998918e+00
1.529000e-05	3.192499e-02	4.032054e+00
1.530000e-05	-2.514300e-02	4.117267e+00
1.531000e-05	-3.848287e-02	4.284158e+00
1.532000e-05	1.402692e-02	4.388424e+00
1.533000e-05	1.932690e-02	4.421578e+00
1.534000e-05	-8.419529e-03	4.496265e+00
1.535000e-05	-2.482147e-02	4.649002e+00
1.536000e-05	-2.445840e-02	4.666734e+00
1.537000e-05	1.527042e-02	4.767422e+00
1.538000e-05	1.642175e-02	4.810523e+00
1.539000e-05	-7.805243e-03	4.904086e+00
1.540000e-05	-3.257465e-02	5.051201e+00
1.541000e-05	-3.153315e-03	5.126890e+00
1.542000e-05	1.179825e-02	5.220029e+00
1.543000e-05	4.995010e-03	5.283654e+00
1.544000e-05	-2.182007e-02	5.327391e+00
1.545000e-05	-2.541955e-02	5.400999e+00
1.546000e-05	1.055748e-02	5.472706e+00
1.547000e-05	1.246351e-02	5.537208e+00
1.548000e-05	-4.825640e-03	5.578417e+00
1.549000e-05	-2.757698e-02	5.601477e+00
1.550000e-05	-1.041586e-02	5.632655e+00
1.551000e-05	7.136030e-03	5.693132e+00
1.552000e-05	6.990063e-03	5.776951e+00
1.553000e-05	-1.640085e-02	5.853235e+00
1.554000e-05	-2.232518e-02	5.926808e+00
1.555000e-05	3.897820e-04	5.980021e+00
1.556000e-05	1.077560e-02	5.999471e+00
1.557000e-05	-1.322570e-03	6.010475e+00
1.558000e-05	-2.307707e-02	6.041577e+00
1.559000e-05	-1.297795e-02	6.075787e+00
1.560000e-05	2.523796e-03	6.146762e+00
1.561000e-05	6.317064e-03	6.128366e+00
1.562000e-05	-1.185594e-02	6.189422e+00
1.563000e-05	-1.979629e-02	6.230023e+00
1.564000e-05	-4.459356e-03	6.201503e+00
1.565000e-05	6.304651e-03	6.252504e+00
1.566000e-05	6.042624e-04	6.241129e+00
1.567000e-05	-1.809498e-02	6.337082e+00
1.568000e-05	-1.411177e-02	6.304629e+00
1.569000e-05	-2.009938e-03	6.315316e+00
1.570000e-05	5.938584e-03	6.337658e+00
1.571000e-05	-9.373913e-03	6.327336e+00
1.572000e-05	-1.877992e-02	6.348368e+00
1.573000e-05	-1.000075e-02	6.376897e+00
1.574000e-05	2.284514e-03	6.358291e+00
1.575000e-05	1.673744e-03	6.326340e+00
1.576000e-05	-1.321576e-02	6.346389e+00
1.577000e-05	-1.378756e-02	6.356687e+00
1.578000e-05	-4.101717e-03	6.316866e+00
1.579000e-05	3.630757e-03	6.295292e+00
1.580000e-05	-6.949144e-03	6.286684e+00
1.581000e-05	-1.576601e-02	6.254706e+00
1.582000e-05	-1.263977e-02	6.292107e+00
1.583000e-05	-5.665147e-04	6.242558e+00
1.584000e-05	2.037994e-03	6.241524e+00
1.585000e-05	-9.340779e-03	6.200973e+00
1.586000e-05	-1.325832e-02	6.169921e+00
1.587000e-05	-7.080916e-03	6.178944e+00
1.588000e-05	1.183643e-03	6.145765e+00
1.589000e-05	-4.932416e-03	6.084654e+00
1.590000e-05	-1.395176e-02	6.081604e+00
1.591000e-05	-1.335129e-02	6.020026e+00
1.592000e-05	-2.629104e-03	6.019526e+00
1.593000e-05	6.648396e-04	5.988944e+00
1.594000e-05	-5.781507e-03	5.976811e+00
1.595000e-05	-1.054276e-02	5.916133e+00
1.596000e-05	-7.779283e-03	5.813000e+00
1.597000e-05	-1.386764e-03	5.774739e+00
1.598000e-05	-4.257495e-03	5.623629e+00
1.599000e-05	-1.205928e-02	5.610023e+00
1.600000e-05	-1.182706e-02	5.579471e+00
1.601000e-05	-3.606724e-03	5.566841e+00
1.602000e-05	7.147843e-04	5.513134e+00
1.603000e-05	-4.234111e-03	5.401523e+00
1.604000e-05	-1.006381e-02	5.398442e+00
1.605000e-05	-8.765850e-03	5.294334e+00
1.606000e-05	-2.343773e-03	5.233053e+00
1.607000e-05	-3.172829e-03	5.186316e+00
1.608000e-05	-8.290655e-03	5.060595e+00
1.609000e-05	-9.573752e-03	4.894731e+00
1.610000e-05	-4.988665e-03	4.863052e+00
1.611000e-05	-1.403844e-03	4.768418e+00
1.612000e-05	-4.550151e-03	4.726761e+00
1.613000e-05	-1.002672e-02	4.611049e+00
1.614000e-05	-1.016790e-02	4.557516e+00
1.615000e-05	-4.253068e-03	4.452153e+00
1.616000e-05	-2.363421e-03	4.410024e+00
1.617000e-05	-5.490754e-03	4.347442e+00
1.618000e-05	-8.136792e-03	4.232077e+00
1.619000e-05	-5.657737e-03	4.086262e+00
1.620000e-05	-3.062334e-03	4.010049e+00
1.621000e-05	-3.980472e-03	3.956868e+00
1.622000e-05	-8.029228e-03	3.842629e+00
1.623000e-05	-9.553163e-03	3.766846e+00
1.624000e-05	-4.439533e-03	3.652683e+00
1.625000e-05	-1.803425e-03	3.600496e+00
1.626000e-05	-3.389528e-03	3.535710e+00
1.627000e-05	-6.771169e-03	3.360341e+00
1.628000e-05	-5.875565e-03	3.242600e+00
1.629000e-05	-4.207397e-03	3.128416e+00
1.630000e-05	-4.989657e-03	3.034182e+00
1.631000e-05	-8.158828e-03	2.968948e+00
1.632000e-05	-8.654615e-03	2.903708e+00
1.633000e-05	-4.926527e-03	2.770025e+00
1.634000e-05	-4.645699e-04	2.703684e+00
1.635000e-05	-2.061861e-03	2.547390e+00
1.636000e-05	-6.708462e-03	2.420998e+00
1.637000e-05	-6.174101e-03	2.315367e+00
1.638000e-05	-4.619551e-03	2.211073e+00
1.639000e-05	-3.782274e-03	2.124762e+00
1.640000e-05	-6.678259e-03	2.021548e+00
1.641000e-05	-8.348154e-03	1.926790e+00
1.642000e-05	-4.338014e-03	1.778523e+00
1.643000e-05	-1.757243e-03	1.672707e+00
1.644000e-05	-2.351880e-03	1.567866e+00
1.645000e-05	-5.668581e-03	1.452195e+00
1.646000e-05	-5.980156e-03	1.364365e+00
1.647000e-05	-4.989828e-03	1.220573e+00
1.648000e-05	-3.280099e-03	1.041102e+00
1.649000e-05	-5.546241e-03	8.957358e-01
1.650000e-05	-6.788265e-03	7.794976e-01
1.651000e-05	-4.969998e-03	6.756796e-01
1.652000e-05	-2.140614e-03	5.779449e-01
1.653000e-05	-2.407898e-03	4.437028e-01
1.654000e-05	-4.398488e-03	3.584238e-01
1.655000e-05	-5.696030e-03	2.316293e-01
1.656000e-05	-3.790076e-03	6.281071e-02
1.657000e-05	-1.496495e-03	-4.058133e-02
1.658000e-05	-1.423745e-03	-1.058671e-01
1.659000e-05	-1.997788e-03	-2.200301e-01
1.660000e-05	-3.247563e-03	-3.363432e-01
1.661000e-05	-1.800366e-03	-4.115025e-01
1.662000e-05	-6.960792e-04	-5.173644e-01
1.663000e-05	-2.568334e-03	-7.037380e-01
1.664000e-05	-2.576284e-03	-7.894773e-01
1.665000e-05	1.520203e-02	-8.746353e-01
1.666000e-05	5.853123e-02	-9.994748e-01
1.667000e-05	-9.690386e-03	-1.167951e+00
1.668000e-05	-5.520748e-02	-1.431581e+00
1.669000e-05	-9.437195e-02	-1.576871e+00
1.670000e-05	8.284305e-02	-1.526870e+00
1.671000e-05	5.283978e-02	-1.568497e+00
1.672000e-05	-1.258281e-01	-1.777447e+00
1.673000e-05	3.244515e-02	-1.903608e+00
1.674000e-05	5.029283e-02	-1.884686e+00
1.675000e-05	-8.147531e-02	-2.073209e+00
1.676000e-05	1.202936e-02	-2.273083e+00
1.677000e-05	1.051334e-01	-2.356762e+00
1.678000e-05	-1.163285e-01	-2.420480e+00
1.679000e-05	-4.805828e-02	-2.566796e+00
1.680000e-05	1.390263e-01	-2.600080e+00
1.681000e-05	-2.578917e-02	-2.736844e+00
1.682000e-05	-7.284754e-02	-2.810475e+00
1.683000e-05	5.270724e-02	-2.903234e+00
1.684000e-05	-3.186851e-02	-3.073238e+00
1.685000e-05	3.539557e-02	-3.189450e+00
1.686000e-05	2.453828e-02	-3.241609e+00
1.687000e-05	-9.129117e-02	-3.389975e+00
1.688000e-05	3.924082e-02	-3.464115e+00
1.689000e-05	4.133935e-02	-3.556866e+00
1.690000e-05	-3.897025e-02	-3.642029e+00
1.691000e-05	3.199765e-02	-3.755771e+00
1.692000e-05	-2.793436e-02	-3.922759e+00
1.693000e-05	-3.992353e-02	-3.979877e+00
1.694000e-05	7.748773e-02	-4.072580e+00
1.695000e-05	-4.411409e-03	-4.126419e+00
1.696000e-05	-3.752813e-02	-4.229052e+00
1.697000e-05	2.194337e-03	-4.264742e+00
1.698000e-05	8.713406e-03	-4.388946e+00
1.699000e-05	3.005403e-02	-4.461005e+00
1.700000e-05	-2.641214e-02	-4.555312e+00
1.701000e-05	-2.399558e-02	-4.672482e+00
1.702000e-05	9.285652e-03	-4.664212e+00
1.703000e-05	1.687569e-02	-4.809399e+00
1.704000e-05	2.124967e-02	-4.871039e+00
1.705000e-05	-2.321523e-02	-4.976912e+00
1.706000e-05	-1.445319e-02	-5.031555e+00
1.707000e-05	1.600964e-02	-5.124761e+00
1.708000e-05	8.313924e-03	-5.178372e+00
1.709000e-05	1.605102e-03	-5.242678e+00
1.710000e-05	-2.009153e-02	-5.316769e+00
1.711000e-05	-9.206329e-03	-5.431454e+00
1.712000e-05	3.154675e-02	-5.545218e+00
1.713000e-05	4.270729e-03	-5.579949e+00
1.714000e-05	-7.615424e-03	-5.600950e+00
1.715000e-05	-1.534853e-02	-5.653635e+00
1.716000e-05	6.673508e-04	-5.725765e+00
1.717000e-05	2.181995e-02	-5.769346e+00
1.718000e-05	-5.416570e-03	-5.821548e+00
1.719000e-05	-1.215682e-02	-5.873657e+00
1.720000e-05	-9.169217e-03	-5.914791e+00
1.721000e-05	1.391236e-02	-5.948422e+00
1.722000e-05	1.430713e-02	-5.979497e+00
1.723000e-05	-1.025322e-02	-6.020500e+00
1.724000e-05	-1.199855e-02	-6.000603e+00
1.725000e-05	2.269837e-03	-6.082132e+00
1.726000e-05	1.297209e-02	-6.132758e+00
1.727000e-05	4.307136e-03	-6.158791e+00
1.728000e-05	-1.338527e-02	-6.190921e+00
1.729000e-05	-7.155008e-03	-6.251577e+00
1.730000e-05	8.667376e-03	-6.260662e+00
1.731000e-05	9.852018e-03	-6.296210e+00
1.732000e-05	-1.425605e-03	-6.316895e+00
1.733000e-05	-1.348311e-02	-6.386366e+00
1.734000e-05	-7.399485e-04	-6.349450e+00
1.735000e-05	1.211811e-02	-6.389972e+00
1.736000e-05	6.136662e-03	-6.388974e+00
1.737000e-05	-7.130952e-03	-6.378946e+00
1.738000e-05	-1.064765e-02	-6.400523e+00
1.739000e-05	4.132199e-03	-6.410001e+00
1.740000e-05	9.339044e-03	-6.429450e+00
1.741000e-05	6.135608e-04	-6.420476e+00
1.742000e-05	-9.514286e-03	-6.409421e+00
1.743000e-05	-3.389648e-03	-6.390576e+00
1.744000e-05	8.039952e-03	-6.399499e+00
1.745000e-05	6.546213e-03	-6.379970e+00
1.746000e-05	-3.630582e-03	-6.377873e+00
1.747000e-05	-8.779760e-03	-6.378867e+00
1.748000e-05	1.170808e-03	-6.367371e+00
1.749000e-05	7.724149e-03	-6.336317e+00
1.750000e-05	2.251184e-03	-6.346743e+00
1.751000e-05	-8.518667e-03	-6.313205e+00
1.752000e-05	-5.293332e-03	-6.242098e+00
1.753000e-05	4.853599e-03	-6.197996e+00
1.754000e-05	5.893802e-03	-6.178291e+00
1.755000e-05	-1.641786e-03	-6.093183e+00
1.756000e-05	-6.307138e-03	-6.061178e+00
1.757000e-05	-9.144482e-04	-6.020530e+00
1.758000e-05	5.428762e-03	-5.999975e+00
1.759000e-05	2.240669e-03	-5.978397e+00
1.760000e-05	-6.225495e-03	-5.939390e+00
1.761000e-05	-6.975776e-03	-5.915616e+00
1.762000e-05	1.599266e-03	-5.851578e+00
1.763000e-05	3.511266e-03	-5.798499e+00
1.764000e-05	5.756512e-06	-5.797271e+00
1.765000e-05	-5.496736e-03	-5.684687e+00
1.766000e-05	-1.279871e-03	-5.652079e+00
1.767000e-05	3.868639e-03	-5.620025e+00
1.768000e-05	1.473803e-03	-5.576991e+00
1.769000e-05	-5.964595e-03	-5.444187e+00
1.770000e-05	-8.070584e-03	-5.419004e+00
1.771000e-05	-1.964416e-03	-5.264260e+00
1.772000e-05	3.211332e-03	-5.220003e+00
1.773000e-05	4.577116e-04	-5.127368e+00
1.774000e-05	-3.103356e-03	-5.105158e+00
1.775000e-05	-2.089876e-03	-4.991075e+00
1.776000e-05	2.858652e-03	-4.884712e+00
1.777000e-05	1.237363e-03	-4.860394e+00
1.778000e-05	-3.904266e-03	-4.713658e+00
1.779000e-05	-7.300616e-03	-4.642105e+00
1.780000e-05	-2.823089e-03	-4.588870e+00
1.781000e-05	1.115126e-03	-4.474208e+00
1.782000e-05	5.571854e-04	-4.451073e+00
1.783000e-05	-2.616762e-03	-4.357919e+00
1.784000e-05	-3.380368e-03	-4.272186e+00
1.785000e-05	3.018082e-04	-4.199950e+00
1.786000e-05	1.354754e-03	-4.156364e+00
1.787000e-05	-2.758963e-03	-4.042052e+00
1.788000e-05	-6.326430e-03	-3.979469e+00
1.789000e-05	-4.428816e-03	-3.874663e+00
1.790000e-05	-4.731668e-04	-3.684785e+00
1.791000e-05	1.003096e-04	-3.602527e+00
1.792000e-05	-4.070402e-03	-3.556341e+00
1.793000e-05	-3.634385e-03	-3.453133e+00
1.794000e-05	-8.446496e-04	-3.347345e+00
1.795000e-05	1.033287e-03	-3.253108e+00
1.796000e-05	-2.481574e-03	-3.199444e+00
1.797000e-05	-5.438171e-03	-3.085209e+00
1.798000e-05	-4.214332e-03	-2.924812e+00
1.799000e-05	-1.861839e-03	-2.810576e+00
1.800000e-05	-1.877768e-03	-2.755867e+00
1.801000e-05	-4.484138e-03	-2.619098e+00
1.802000e-05	-3.894094e-03	-2.547837e+00
1.803000e-05	-2.621991e-03	-2.411048e+00
1.804000e-05	-7.824714e-04	-2.346265e+00
1.805000e-05	-2.455935e-03	-2.217441e+00
1.806000e-05	-5.143537e-03	-2.082554e+00
1.807000e-05	-5.247566e-03	-1.966917e+00
1.808000e-05	-2.502077e-03	-1.853102e+00
1.809000e-05	-2.360901e-03	-1.757393e+00
1.810000e-05	-3.575922e-03	-1.623057e+00
1.811000e-05	-4.333234e-03	-1.546370e+00
1.812000e-05	-3.687684e-03	-1.389900e+00
1.813000e-05	-3.594183e-03	-1.251129e+00
1.814000e-05	-3.927938e-03	-1.105363e+00
1.815000e-05	-5.382024e-03	-1.011501e+00
1.816000e-05	-4.710592e-03	-8.642332e-01
1.817000e-05	-2.347397e-03	-8.305014e-01
1.818000e-05	-2.487538e-03	-6.921606e-01
1.819000e-05	-3.616849e-03	-5.073873e-01
1.820000e-05	-5.341147e-03	-3.899976e-01
1.821000e-05	-5.444344e-03	-2.857396e-01
1.822000e-05	-3.308181e-03	-2.204989e-01
1.823000e-05	-2.679191e-03	-9.270816e-02
1.824000e-05	-2.818675e-03	1.047232e-02
1.825000e-05	-2.050316e-03	1.058402e-01
1.826000e-05	-1.671178e-03	2.725867e-01
1.827000e-05	3.220441e-04	3.779498e-01
1.828000e-05	-2.178190e-03	4.231303e-01
1.829000e-05	-3.814209e-03	5.589247e-01
1.830000e-05	-4.271905e-03	6.541590e-01
1.831000e-05	2.843825e-03	8.289446e-01
1.832000e-05	3.123087e-02	8.637164e-01
1.833000e-05	3.166455e-02	1.082188e+00
1.834000e-05	-2.613641e-02	1.254581e+00
1.835000e-05	-8.568756e-02	1.388895e+00
1.836000e-05	-4.553116e-02	1.412531e+00
1.837000e-05	9.492466e-02	1.613474e+00
1.838000e-05	2.017221e-02	1.735448e+00
1.839000e-05	-1.384607e-01	1.799500e+00
1.840000e-05	6.580775e-02	1.874162e+00
1.841000e-05	1.594039e-02	2.020958e+00
1.842000e-05	-7.575250e-02	2.146836e+00
1.843000e-05	5.378287e-02	2.167871e+00
1.844000e-05	4.059311e-02	2.314189e+00
1.845000e-05	-1.311061e-01	2.423454e+00
1.846000e-05	1.327316e-02	2.476158e+00
1.847000e-05	9.789637e-02	2.601125e+00
1.848000e-05	-4.997094e-02	2.768871e+00
1.849000e-05	-3.570963e-02	2.864709e+00
1.850000e-05	4.511965e-03	2.968946e+00
1.851000e-05	-2.084339e-03	3.042656e+00
1.852000e-05	2.431818e-02	3.137842e+00
1.853000e-05	-6.175927e-03	3.243602e+00
1.854000e-05	-6.292114e-02	3.349321e+00
1.855000e-05	3.378767e-02	3.446338e+00
1.856000e-05	8.652387e-03	3.608424e+00
1.857000e-05	-5.392511e-03	3.652132e+00
1.858000e-05	-4.140864e-03	3.778420e+00
1.859000e-05	-4.130170e-02	3.913558e+00
1.860000e-05	-4.994076e-03	3.968842e+00
1.861000e-05	4.078011e-02	4.000000e+00
1.862000e-05	-2.365376e-03	4.083733e+00
1.863000e-05	-5.049441e-02	4.263078e+00
1.864000e-05	4.264380e-03	4.337391e+00
1.865000e-05	1.656966e-02	4.420524e+00
1.866000e-05	7.969830e-03	4.465115e+00
1.867000e-05	-2.605172e-02	4.569370e+00
1.868000e-05	-2.367883e-02	4.642656e+00
1.869000e-05	-1.267217e-03	4.768836e+00
1.870000e-05	2.153945e-02	4.800022e+00
1.871000e-05	3.608616e-03	4.862154e+00
1.872000e-05	-3.335953e-02	4.979316e+00
1.873000e-05	-1.107929e-02	5.076759e+00
1.874000e-05	5.431043e-03	5.219949e+00
1.875000e-05	1.396035e-02	5.252127e+00
1.876000e-05	-1.639562e-02	5.326289e+00
1.877000e-05	-2.514230e-02	5.440045e+00
1.878000e-05	-4.082428e-03	5.421629e+00
1.879000e-05	1.704466e-02	5.526662e+00
1.880000e-05	1.710967e-03	5.557443e+00
1.881000e-05	-2.450328e-02	5.579950e+00
1.882000e-05	-1.650812e-02	5.622028e+00
1.883000e-05	8.464129e-04	5.662603e+00
1.884000e-05	1.249263e-02	5.714844e+00
1.885000e-05	-1.062409e-02	5.832124e+00
1.886000e-05	-2.158061e-02	5.896863e+00
1.887000e-05	-9.412686e-03	5.967943e+00
1.888000e-05	1.127761e-02	5.989999e+00
1.889000e-05	4.702416e-03	6.021026e+00
1.890000e-05	-1.942933e-02	6.001526e+00
1.891000e-05	-1.752904e-02	6.083055e+00
1.892000e-05	-3.651027e-03	6.094688e+00
1.893000e-05	9.048064e-03	6.148345e+00
1.894000e-05	-7.355909e-03	6.168470e+00
1.895000e-05	-1.852616e-02	6.198970e+00
1.896000e-05	-1.256786e-02	6.190524e+00
1.897000e-05	5.038691e-03	6.221574e+00
1.898000e-05	3.545881e-03	6.241058e+00
1.899000e-05	-1.208201e-02	6.272602e+00
1.900000e-05	-1.706501e-02	6.294158e+00
1.901000e-05	-6.048209e-03	6.294862e+00
1.902000e-05	5.413313e-03	6.298710e+00
1.903000e-05	-4.892838e-03	6.296791e+00
1.904000e-05	-1.610707e-02	6.365840e+00
1.905000e-05	-1.488695e-02	6.397311e+00
1.906000e-05	1.536429e-03	6.348892e+00
1.907000e-05	3.057797e-03	6.337391e+00
1.908000e-05	-8.208310e-03	6.326887e+00
1.909000e-05	-1.603592e-02	6.309395e+00
1.910000e-05	-8.747744e-03	6.346887e+00
1.911000e-05	1.729246e-03	6.345662e+00
1.912000e-05	-4.244308e-03	6.325158e+00
1.913000e-05	-1.343665e-02	6.282134e+00
1.914000e-05	-1.464560e-02	6.335282e+00
1.915000e-05	-2.072205e-03	6.211654e+00
1.916000e-05	2.823665e-03	6.242097e+00
1.917000e-05	-6.028017e-03	6.210098e+00
1.918000e-05	-1.437816e-02	6.209948e+00
1.919000e-05	-1.043777e-02	6.158444e+00
1.920000e-05	3.326056e-04	6.167790e+00
1.921000e-05	-3.037436e-03	6.074133e+00
1.922000e-05	-1.089187e-02	6.082557e+00
1.923000e-05	-1.387431e-02	6.021176e+00
1.924000e-05	-3.969655e-03	6.019999e+00
1.925000e-05	9.767952e-04	5.979469e+00
1.926000e-05	-4.417547e-03	5.998912e+00
1.927000e-05	-1.125908e-02	5.903708e+00
1.928000e-05	-9.204911e-03	5.852120e+00
1.929000e-05	-1.607383e-03	5.750420e+00
1.930000e-05	-2.314786e-03	5.674207e+00
1.931000e-05	-8.256513e-03	5.631101e+00
1.932000e-05	-1.286667e-02	5.589974e+00
1.933000e-05	-5.738434e-03	5.557421e+00
1.934000e-05	-1.110955e-03	5.475209e+00
1.935000e-05	-3.171409e-03	5.412551e+00
1.936000e-05	-1.062859e-02	5.399917e+00
1.937000e-05	-9.068290e-03	5.345262e+00
1.938000e-05	-2.639594e-03	5.271128e+00
1.939000e-05	-1.608720e-03	5.200444e+00
1.940000e-05	-6.944619e-03	5.063228e+00
1.941000e-05	-1.139522e-02	5.006363e+00
1.942000e-05	-7.445886e-03	4.852575e+00
1.943000e-05	-2.991084e-03	4.799498e+00
1.944000e-05	-3.183920e-03	4.736940e+00
1.945000e-05	-8.739761e-03	4.632080e+00
1.946000e-05	-8.236520e-03	4.608442e+00
1.947000e-05	-2.811793e-03	4.494710e+00
1.948000e-05	-1.105990e-03	4.420549e+00
1.949000e-05	-4.994062e-03	4.398993e+00
1.950000e-05	-1.045146e-02	4.313129e+00
1.951000e-05	-8.197518e-03	4.137811e+00
1.952000e-05	-4.425417e-03	4.021548e+00
1.953000e-05	-3.734262e-03	3.988445e+00
1.954000e-05	-7.475298e-03	3.873632e+00
1.955000e-05	-8.108218e-03	3.799994e+00
1.956000e-05	-3.594661e-03	3.674736e+00
1.957000e-05	-1.278240e-03	3.632050e+00
1.958000e-05	-3.502580e-03	3.566843e+00
1.959000e-05	-8.494980e-03	3.400073e+00
1.960000e-05	-7.083973e-03	3.284683e+00
1.961000e-05	-4.291076e-03	3.189044e+00
1.962000e-05	-4.095498e-03	3.106186e+00
1.963000e-05	-7.158386e-03	2.989546e+00
1.964000e-05	-7.939791e-03	2.895737e+00
1.965000e-05	-5.297875e-03	2.811123e+00
1.966000e-05	-1.874308e-03	2.708262e+00
1.967000e-05	-2.637330e-03	2.598398e+00
1.968000e-05	-6.314824e-03	2.442628e+00
1.969000e-05	-7.052754e-03	2.357265e+00
1.970000e-05	-4.603529e-03	2.242126e+00
1.971000e-05	-3.857908e-03	2.136268e+00
1.972000e-05	-5.688210e-03	2.063579e+00
1.973000e-05	-7.071898e-03	1.967366e+00
1.974000e-05	-5.467377e-03	1.831554e+00
1.975000e-05	-2.084633e-03	1.716786e+00
1.976000e-05	-3.320293e-03	1.639418e+00
1.977000e-05	-4.964543e-03	1.474706e+00
1.978000e-05	-6.631347e-03	1.377415e+00
1.979000e-05	-4.078616e-03	1.261572e+00
1.980000e-05	-3.530519e-03	1.095338e+00
1.981000e-05	-5.151299e-03	9.564149e-01
1.982000e-05	-6.942537e-03	8.106514e-01
1.983000e-05	-5.590039e-03	7.447648e-01
1.984000e-05	-3.171088e-03	6.105502e-01
1.985000e-05	-2.539390e-03	5.147369e-01
1.986000e-05	-4.204182e-03	4.310238e-01
1.987000e-05	-4.999456e-03	2.847058e-01
1.988000e-05	-3.399494e-03	1.063633e-01
1.989000e-05	-1.393584e-03	1.062288e-02
1.990000e-05	-1.844301e-03	-6.473815e-02
1.991000e-05	-1.746975e-03	-1.505748e-01
1.992000e-05	-3.004687e-03	-3.237880e-01
1.993000e-05	-1.196443e-03	-3.884774e-01
1.994000e-05	-5.181289e-04	-4.837868e-01
1.995000e-05	-2.251000e-03	-6.410602e-01
1.996000e-05	-2.149685e-03	-7.669210e-01
1.997000e-05	5.225612e-03	-8.205088e-01
1.998000e-05	5.205981e-02	-9.458945e-01
1.999000e-05	1.425084e-02	-1.093785e+00
2.000000e-05	-3.618411e-02	-1.347473e+00
2.001000e-05	-1.168364e-01	-1.546270e+00
2.002000e-05	5.336797e-02	-1.547771e+00
2.003000e-05	6.476464e-02	-1.568470e+00
2.004000e-05	-6.281933e-02	-1.736843e+00
2.005000e-05	-5.188145e-02	-1.913159e+00
2.006000e-05	9.694586e-02	-1.854162e+00
2.007000e-05	-4.027462e-02	-1.948375e+00
2.008000e-05	-6.309869e-02	-2.229601e+00
2.009000e-05	1.235438e-01	-2.326793e+00
2.010000e-05	-3.927934e-02	-2.377344e+00
2.011000e-05	-1.416803e-01	-2.475266e+00
2.012000e-05	1.124943e-01	-2.619504e+00
2.013000e-05	4.517913e-02	-2.714813e+00
2.014000e-05	-1.037243e-01	-2.808924e+00
2.015000e-05	3.748556e-02	-2.821609e+00
2.016000e-05	-8.887078e-03	-3.051476e+00
2.017000e-05	1.331290e-03	-3.158372e+00
2.018000e-05	5.415253e-02	-3.220653e+00
2.019000e-05	-6.798473e-02	-3.337367e+00
2.020000e-05	-2.288846e-02	-3.483555e+00
2.021000e-05	8.170655e-02	-3.526237e+00
2.022000e-05	-3.934771e-02	-3.618577e+00
2.023000e-05	1.018317e-02	-3.696690e+00
2.024000e-05	7.625998e-03	-3.819956e+00
2.025000e-05	-6.743809e-02	-3.957396e+00
2.026000e-05	5.818274e-02	-4.002055e+00
2.027000e-05	3.177443e-02	-4.125289e+00
2.028000e-05	-3.998534e-02	-4.200003e+00
2.029000e-05	-7.686868e-03	-4.242187e+00
2.030000e-05	3.127584e-03	-4.337394e+00
2.031000e-05	2.961485e-02	-4.401076e+00
2.032000e-05	-5.474193e-03	-4.464639e+00
2.033000e-05	-3.500727e-02	-4.627575e+00
2.034000e-05	1.439396e-03	-4.685562e+00
2.035000e-05	1.632365e-02	-4.708895e+00
2.036000e-05	2.146611e-02	-4.828476e+00
2.037000e-05	-2.718523e-03	-4.925764e+00
2.038000e-05	-3.146397e-02	-5.032028e+00
2.039000e-05	1.430524e-02	-5.072657e+00
2.040000e-05	9.502650e-03	-5.108269e+00
2.041000e-05	4.929739e-03	-5.209504e+00
2.042000e-05	-1.207262e-02	-5.282787e+00
2.043000e-05	-2.200604e-02	-5.379897e+00
2.044000e-05	2.577439e-02	-5.523637e+00
2.045000e-05	1.199329e-02	-5.566893e+00
2.046000e-05	-4.984924e-03	-5.619976e+00
2.047000e-05	-1.378997e-02	-5.642628e+00
2.048000e-05	-6.869291e-03	-5.714234e+00
2.049000e-05	1.916008e-02	-5.736816e+00
2.050000e-05	5.290947e-03	-5.819976e+00
2.051000e-05	-1.249656e-02	-5.812080e+00
2.052000e-05	-1.051576e-02	-5.914687e+00
2.053000e-05	6.016161e-03	-5.947766e+00
2.054000e-05	1.774320e-02	-5.998999e+00
2.055000e-05	-1.822430e-03	-6.010026e+00
2.056000e-05	-1.604950e-02	-6.011501e+00
2.057000e-05	-1.160176e-03	-6.061575e+00
2.058000e-05	9.613462e-03	-6.093209e+00
2.059000e-05	1.128246e-02	-6.177765e+00
2.060000e-05	-9.233983e-03	-6.206922e+00
2.061000e-05	-1.130666e-02	-6.250452e+00
2.062000e-05	4.287886e-03	-6.313134e+00
2.063000e-05	9.616122e-03	-6.282763e+00
2.064000e-05	3.718775e-03	-6.366767e+00
2.065000e-05	-1.168464e-02	-6.366170e+00
2.066000e-05	-4.957780e-03	-6.368893e+00
2.067000e-05	9.070740e-03	-6.388899e+00
2.068000e-05	9.962505e-03	-6.368474e+00
2.069000e-05	-2.454761e-03	-6.388948e+00
2.070000e-05	-1.082561e-02	-6.399474e+00
2.071000e-05	1.055718e-03	-6.400475e+00
2.072000e-05	7.775906e-03	-6.388974e+00
2.073000e-05	4.346843e-03	-6.390498e+00
2.074000e-05	-8.088484e-03	-6.419526e+00
2.075000e-05	-6.231439e-03	-6.400000e+00
2.076000e-05	4.134798e-03	-6.389498e+00
2.077000e-05	8.093498e-03	-6.388946e+00
2.078000e-05	-1.945812e-04	-6.379973e+00
2.079000e-05	-6.630765e-03	-6.388872e+00
2.080000e-05	-1.715414e-03	-6.356891e+00
2.081000e-05	6.130202e-03	-6.376740e+00
2.082000e-05	4.982204e-03	-6.324263e+00
2.083000e-05	-6.312998e-03	-6.275191e+00
2.084000e-05	-7.196845e-03	-6.231532e+00
2.085000e-05	1.535055e-03	-6.219002e+00
2.086000e-05	7.471893e-03	-6.126794e+00
2.087000e-05	1.236713e-03	-6.065162e+00
2.088000e-05	-5.782529e-03	-6.083083e+00
2.089000e-05	-2.833618e-03	-6.041501e+00
2.090000e-05	3.971880e-03	-5.990026e+00
2.091000e-05	4.640669e-03	-6.009472e+00
2.092000e-05	-5.415838e-03	-5.947893e+00
2.093000e-05	-7.308469e-03	-5.894868e+00
2.094000e-05	-2.120536e-03	-5.892057e+00
2.095000e-05	4.911150e-03	-5.809529e+00
2.096000e-05	1.303064e-03	-5.769369e+00
2.097000e-05	-4.239128e-03	-5.717235e+00
2.098000e-05	-3.676998e-03	-5.703259e+00
2.099000e-05	2.873390e-03	-5.621052e+00
2.100000e-05	3.947148e-03	-5.578947e+00
2.101000e-05	-3.408343e-03	-5.546865e+00
2.102000e-05	-6.463324e-03	-5.420879e+00
2.103000e-05	-4.064921e-03	-5.303713e+00
2.104000e-05	2.258226e-03	-5.241578e+00
2.105000e-05	4.604599e-04	-5.147921e+00
2.106000e-05	-4.116298e-03	-5.104236e+00
2.107000e-05	-4.651549e-03	-5.040498e+00
2.108000e-05	1.165591e-03	-4.968365e+00
2.109000e-05	3.409000e-03	-4.852179e+00
2.110000e-05	-1.290392e-04	-4.704184e+00
2.111000e-05	-5.647980e-03	-4.661058e+00
2.112000e-05	-4.810898e-03	-4.589072e+00
2.113000e-05	-8.060286e-04	-4.515188e+00
2.114000e-05	-1.803924e-04	-4.442130e+00
2.115000e-05	-3.964379e-03	-4.408474e+00
2.116000e-05	-4.067010e-03	-4.334162e+00
2.117000e-05	2.725115e-04	-4.241648e+00
2.118000e-05	2.670389e-03	-4.186320e+00
2.119000e-05	-7.814477e-04	-4.053133e+00
2.120000e-05	-5.452172e-03	-4.010041e+00
2.121000e-05	-5.864725e-03	-3.895710e+00
2.122000e-05	-2.106329e-03	-3.786817e+00
2.123000e-05	-2.910064e-04	-3.622153e+00
2.124000e-05	-3.233465e-03	-3.627971e+00
2.125000e-05	-3.420606e-03	-3.503112e+00
2.126000e-05	-2.399522e-03	-3.409523e+00
2.127000e-05	1.021563e-03	-3.311580e+00
2.128000e-05	-1.271515e-03	-3.220574e+00
2.129000e-05	-3.733051e-03	-3.137292e+00
2.130000e-05	-4.760001e-03	-3.020570e+00
2.131000e-05	-1.469313e-03	-2.851605e+00
2.132000e-05	-1.241654e-03	-2.759468e+00
2.133000e-05	-3.508939e-03	-2.672633e+00
2.134000e-05	-6.070001e-03	-2.546820e+00
2.135000e-05	-3.416931e-03	-2.473126e+00
2.136000e-05	-2.341994e-03	-2.386425e+00
2.137000e-05	-2.598416e-03	-2.240106e+00
2.138000e-05	-4.380495e-03	-2.073734e+00
2.139000e-05	-4.173644e-03	-1.998450e+00
2.140000e-05	-2.256070e-03	-1.874237e+00
2.141000e-05	-4.427023e-04	-1.769997e+00
2.142000e-05	-4.112380e-03	-1.632233e+00
2.143000e-05	-5.216294e-03	-1.588374e+00
2.144000e-05	-5.423548e-03	-1.473211e+00
2.145000e-05	-3.242657e-03	-1.264233e+00
2.146000e-05	-2.839500e-03	-1.159412e+00
2.147000e-05	-4.510210e-03	-1.032630e+00
2.148000e-05	-4.877705e-03	-9.068410e-01
2.149000e-05	-3.168354e-03	-8.320515e-01
2.150000e-05	-1.812452e-03	-7.353159e-01
2.151000e-05	-3.256106e-03	-5.284251e-01
2.152000e-05	-5.564994e-03	-4.410541e-01
2.153000e-05	-5.636379e-03	-3.578884e-01
2.154000e-05	-4.245075e-03	-2.515780e-01
2.155000e-05	-3.833492e-03	-1.267392e-01
2.156000e-05	-3.623231e-03	-4.157664e-02
2.157000e-05	-1.280033e-03	7.268382e-02
2.158000e-05	-6.591470e-04	2.386550e-01
2.159000e-05	9.242869e-04	3.668957e-01
2.160000e-05	-1.696867e-03	4.531277e-01
2.161000e-05	-3.642564e-03	5.373671e-01
2.162000e-05	-5.397389e-03	6.126513e-01
2.163000e-05	-5.216069e-04	7.758459e-01
2.164000e-05	1.776637e-02	8.541326e-01
2.165000e-05	4.232099e-02	9.920496e-01
2.166000e-05	-1.017389e-02	1.210577e+00
2.167000e-05	-5.434299e-02	1.346892e+00
2.168000e-05	-9.201179e-02	1.421560e+00
2.169000e-05	7.680049e-02	1.516190e+00
2.170000e-05	4.784005e-02	1.725218e+00
2.171000e-05	-1.068810e-01	1.779371e+00
2.172000e-05	-8.560466e-04	1.802631e+00
2.173000e-05	6.801243e-02	1.958896e+00
2.174000e-05	-4.625468e-02	2.085313e+00
2.175000e-05	-1.894060e-02	2.159342e+00
2.176000e-05	9.271770e-02	2.222556e+00
2.177000e-05	-9.303886e-02	2.420054e+00
2.178000e-05	-6.597404e-02	2.454680e+00
2.179000e-05	1.076956e-01	2.590968e+00
2.180000e-05	3.170286e-03	2.727319e+00
2.181000e-05	-7.388301e-02	2.853583e+00
2.182000e-05	1.437765e-02	2.936319e+00
2.183000e-05	-8.404139e-03	3.042550e+00
2.184000e-05	1.688636e-02	3.106816e+00
2.185000e-05	1.890383e-02	3.210522e+00
2.186000e-05	-6.279705e-02	3.303815e+00
2.187000e-05	7.376336e-03	3.450554e+00
2.188000e-05	2.387248e-02	3.548892e+00
2.189000e-05	-2.339419e-03	3.621579e+00
2.190000e-05	-9.593845e-03	3.705214e+00
2.191000e-05	-2.106401e-02	3.811076e+00
2.192000e-05	-3.572292e-02	3.927843e+00
2.193000e-05	4.450142e-02	3.998971e+00
2.194000e-05	1.738332e-02	4.061580e+00
2.195000e-05	-4.463217e-02	4.189772e+00
2.196000e-05	-1.431905e-02	4.345811e+00
2.197000e-05	1.443074e-02	4.408971e+00
2.198000e-05	1.718779e-02	4.442659e+00
2.199000e-05	-2.296596e-02	4.544868e+00
2.200000e-05	-2.229597e-02	4.671605e+00
2.201000e-05	-1.667534e-02	4.687210e+00
2.202000e-05	2.397699e-02	4.778520e+00
2.203000e-05	9.896045e-03	4.841080e+00
2.204000e-05	-2.213187e-02	4.956796e+00
2.205000e-05	-2.227286e-02	5.084157e+00
2.206000e-05	1.089025e-03	5.177917e+00
2.207000e-05	1.559666e-02	5.240000e+00
2.208000e-05	-8.626840e-03	5.315211e+00
2.209000e-05	-2.343304e-02	5.367869e+00
2.210000e-05	-1.809342e-02	5.421999e+00
2.211000e-05	1.898479e-02	5.483709e+00
2.212000e-05	6.735278e-03	5.556838e+00
2.213000e-05	-1.448552e-02	5.568945e+00
2.214000e-05	-2.377784e-02	5.619050e+00
2.215000e-05	-4.655904e-03	5.705104e+00
2.216000e-05	1.241781e-02	5.695713e+00
2.217000e-05	-4.569562e-03	5.791443e+00
2.218000e-05	-1.936067e-02	5.885154e+00
2.219000e-05	-1.894675e-02	5.968366e+00
2.220000e-05	9.277454e-03	6.009447e+00
2.221000e-05	7.913340e-03	6.010000e+00
2.222000e-05	-9.096414e-03	6.031626e+00
2.223000e-05	-2.207875e-02	6.044128e+00
2.224000e-05	-7.332189e-03	6.114686e+00
2.225000e-05	7.056562e-03	6.145766e+00
2.226000e-05	-1.550471e-03	6.168895e+00
2.227000e-05	-1.676614e-02	6.179921e+00
2.228000e-05	-1.782097e-02	6.210002e+00
2.229000e-05	1.745598e-03	6.260528e+00
2.230000e-05	4.809343e-03	6.251604e+00
2.231000e-05	-5.600729e-03	6.231553e+00
2.232000e-05	-1.918110e-02	6.284113e+00
2.233000e-05	-9.730943e-03	6.365737e+00
2.234000e-05	3.547819e-03	6.276235e+00
2.235000e-05	5.250993e-04	6.305786e+00
2.236000e-05	-1.378497e-02	6.337387e+00
2.237000e-05	-1.842043e-02	6.347490e+00
2.238000e-05	-3.625882e-03	6.348316e+00
2.239000e-05	2.633890e-03	6.386892e+00
2.240000e-05	-3.445808e-03	6.337370e+00
2.241000e-05	-1.509087e-02	6.356315e+00
2.242000e-05	-1.048069e-02	6.358316e+00
2.243000e-05	-3.511763e-04	6.335811e+00
2.244000e-05	-8.005607e-04	6.305837e+00
2.245000e-05	-1.160311e-02	6.323761e+00
2.246000e-05	-1.738525e-02	6.274133e+00
2.247000e-05	-6.651468e-03	6.283154e+00
2.248000e-05	2.247505e-03	6.231578e+00
2.249000e-05	-8.024054e-04	6.240050e+00
2.250000e-05	-1.318328e-02	6.190546e+00
2.251000e-05	-1.246794e-02	6.179498e+00
2.252000e-05	-3.486917e-03	6.196865e+00
2.253000e-05	2.521309e-05	6.114307e+00
2.254000e-05	-7.073040e-03	6.063130e+00
2.255000e-05	-1.474380e-02	6.051126e+00
2.256000e-05	-7.762482e-03	6.010524e+00
2.257000e-05	-4.524811e-04	6.000499e+00
2.258000e-05	-5.514957e-04	5.989471e+00
2.259000e-05	-1.051575e-02	5.936405e+00
2.260000e-05	-1.147282e-02	5.872753e+00
2.261000e-05	-4.480833e-03	5.819115e+00
2.262000e-05	6.769334e-04	5.754709e+00
2.263000e-05	-5.442227e-03	5.612575e+00
2.264000e-05	-1.281914e-02	5.599999e+00
2.265000e-05	-9.683605e-03	5.587970e+00
2.266000e-05	-2.648734e-03	5.566313e+00
2.267000e-05	-5.185444e-04	5.451104e+00
2.268000e-05	-8.890631e-03	5.390496e+00
2.269000e-05	-9.560974e-03	5.356811e+00
2.270000e-05	-5.480691e-03	5.272178e+00
2.271000e-05	8.665223e-05	5.211497e+00
2.272000e-05	-4.723561e-03	5.095707e+00
2.273000e-05	-1.028799e-02	5.031063e+00
2.274000e-05	-1.073642e-02	4.884154e+00
2.275000e-05	-4.684539e-03	4.800024e+00
2.276000e-05	-2.806735e-03	4.787391e+00
2.277000e-05	-6.651145e-03	4.704179e+00
2.278000e-05	-9.342345e-03	4.619574e+00
2.279000e-05	-5.570408e-03	4.505213e+00
2.280000e-05	-1.422224e-03	4.452550e+00
2.281000e-05	-2.963698e-03	4.408973e+00
2.282000e-05	-8.630345e-03	4.307286e+00
2.283000e-05	-8.953221e-03	4.156869e+00
2.284000e-05	-6.072129e-03	4.072703e+00
2.285000e-05	-3.729005e-03	4.008949e+00
2.286000e-05	-7.035678e-03	3.935761e+00
2.287000e-05	-8.093719e-03	3.829998e+00
2.288000e-05	-6.385974e-03	3.718312e+00
2.289000e-05	-2.310051e-03	3.642129e+00
2.290000e-05	-3.381794e-03	3.579391e+00
2.291000e-05	-6.211865e-03	3.515027e+00
2.292000e-05	-8.791166e-03	3.327837e+00
2.293000e-05	-5.449172e-03	3.221551e+00
2.294000e-05	-3.958504e-03	3.136715e+00
2.295000e-05	-5.784916e-03	3.020075e+00
2.296000e-05	-6.731357e-03	2.936842e+00
2.297000e-05	-6.392771e-03	2.841599e+00
2.298000e-05	-3.155379e-03	2.806915e+00
2.299000e-05	-2.794239e-03	2.653553e+00
2.300000e-05	-6.009546e-03	2.474729e+00
2.301000e-05	-7.248324e-03	2.409999e+00
2.302000e-05	-5.239930e-03	2.283157e+00
2.303000e-05	-3.764505e-03	2.209444e+00
2.304000e-05	-4.846576e-03	2.044106e+00
2.305000e-05	-6.959749e-03	1.988446e+00
2.306000e-05	-6.941328e-03	1.894160e+00
2.307000e-05	-3.670479e-03	1.727444e+00
2.308000e-05	-3.677586e-03	1.641227e+00
2.309000e-05	-3.815835e-03	1.545759e+00
2.310000e-05	-4.875961e-03	1.369045e+00
2.311000e-05	-4.584555e-03	1.283707e+00
2.312000e-05	-3.282320e-03	1.148395e+00
2.313000e-05	-4.971693e-03	9.724992e-01
2.314000e-05	-6.491744e-03	8.551543e-01
2.315000e-05	-6.826792e-03	7.268911e-01
2.316000e-05	-4.509748e-03	6.716017e-01
2.317000e-05	-1.917246e-03	5.068671e-01
2.318000e-05	-2.424234e-03	4.315479e-01
2.319000e-05	-4.229356e-03	3.462886e-01
2.320000e-05	-4.530405e-03	1.679414e-01
2.321000e-05	-3.114580e-03	4.307545e-02
2.322000e-05	-3.353984e-03	-6.113520e-02
2.323000e-05	-1.970604e-03	-1.769198e-01
2.324000e-05	-2.168337e-03	-2.631365e-01
2.325000e-05	-1.287832e-03	-3.383972e-01
2.326000e-05	-6.135136e-04	-4.416565e-01
2.327000e-05	-5.991994e-04	-5.989473e-01
2.328000e-05	-3.126012e-03	-7.243707e-01
2.329000e-05	-2.335017e-04	-8.290539e-01
2.330000e-05	3.290269e-02	-8.941904e-01
2.331000e-05	4.299859e-02	-1.022155e+00
2.332000e-05	-2.570942e-02	-1.233586e+00
2.333000e-05	-8.991034e-02	-1.504214e+00
2.334000e-05	-1.795278e-02	-1.568296e+00
2.335000e-05	7.951786e-02	-1.527347e+00
2.336000e-05	1.186954e-02	-1.643134e+00
2.337000e-05	-1.263937e-01	-1.882608e+00
2.338000e-05	8.310203e-02	-1.891187e+00
2.339000e-05	2.154665e-03	-1.895888e+00
2.340000e-05	-9.851133e-02	-2.104823e+00
2.341000e-05	8.994676e-02	-2.323792e+00
2.342000e-05	3.841164e-02	-2.337795e+00
2.343000e-05	-1.653878e-01	-2.432761e+00
2.344000e-05	4.514089e-02	-2.537846e+00
2.345000e-05	1.037986e-01	-2.622654e+00
2.346000e-05	-8.404966e-02	-2.766897e+00
2.347000e-05	-1.111710e-02	-2.841081e+00
2.348000e-05	2.688535e-02	-2.886247e+00
2.349000e-05	-2.820713e-02	-3.156822e+00
2.350000e-05	5.858222e-02	-3.209452e+00
2.351000e-05	-2.406254e-02	-3.305260e+00
2.352000e-05	-7.612848e-02	-3.409610e+00
2.353000e-05	8.218021e-02	-3.525283e+00
2.354000e-05	-1.128279e-02	-3.589969e+00
2.355000e-05	-1.654447e-02	-3.682679e+00
2.356000e-05	3.125439e-02	-3.728906e+00
2.357000e-05	-6.166567e-02	-3.914188e+00
2.358000e-05	1.176805e-02	-4.009477e+00
2.359000e-05	6.291774e-02	-4.074188e+00
2.360000e-05	-2.896397e-02	-4.177948e+00
2.361000e-05	-2.445973e-02	-4.211559e+00
2.362000e-05	3.537759e-03	-4.345816e+00
2.363000e-05	1.998346e-02	-4.400001e+00
2.364000e-05	1.919576e-02	-4.461661e+00
2.365000e-05	-3.738933e-02	-4.587946e+00
2.366000e-05	-9.964804e-03	-4.662611e+00
2.367000e-05	1.340102e-02	-4.714810e+00
2.368000e-05	1.762045e-02	-4.790075e+00
2.369000e-05	1.291573e-02	-4.883610e+00
2.370000e-05	-3.529191e-02	-4.999972e+00
2.371000e-05	4.452359e-03	-5.094082e+00
2.372000e-05	1.226316e-02	-5.086242e+00
2.373000e-05	7.254509e-03	-5.209001e+00
2.374000e-05	-3.702597e-03	-5.281083e+00
2.375000e-05	-2.589866e-02	-5.346947e+00
2.376000e-05	9.975535e-03	-5.442076e+00
2.377000e-05	2.245821e-02	-5.536819e+00
2.378000e-05	-1.298632e-03	-5.599974e+00
2.379000e-05	-1.115077e-02	-5.601000e+00
2.380000e-05	-1.167469e-02	-5.703738e+00
2.381000e-05	1.141038e-02	-5.748293e+00
2.382000e-05	1.718584e-02	-5.810445e+00
2.383000e-05	-1.114544e-02	-5.840604e+00
2.384000e-05	-1.089678e-02	-5.873734e+00
2.385000e-05	-2.972794e-03	-5.947295e+00
2.386000e-05	1.735690e-02	-5.967873e+00
2.387000e-05	8.035690e-03	-5.988949e+00
2.388000e-05	-1.517810e-02	-6.011025e+00
2.389000e-05	-5.781525e-03	-6.002080e+00
2.390000e-05	5.577765e-03	-6.073703e+00
2.391000e-05	1.475487e-02	-6.166207e+00
2.392000e-05	-3.219671e-03	-6.220996e+00
2.393000e-05	-1.320326e-02	-6.199946e+00
2.394000e-05	-1.135546e-03	-6.251159e+00
2.395000e-05	9.728639e-03	-6.264685e+00
2.396000e-05	8.397612e-03	-6.357342e+00
2.397000e-05	-7.882375e-03	-6.357393e+00
2.398000e-05	-9.383102e-03	-6.389468e+00
2.399000e-05	3.873247e-03	-6.358447e+00
2.400000e-05	1.174072e-02	-6.379474e+00
2.401000e-05	7.126782e-04	-6.389000e+00
2.402000e-05	-9.676276e-03	-6.400424e+00
2.403000e-05	-5.373558e-03	-6.420023e+00
2.404000e-05	8.647941e-03	-6.409476e+00
2.405000e-05	7.326546e-03	-6.390024e+00
2.406000e-05	-4.163818e-03	-6.410528e+00
2.407000e-05	-8.019103e-03	-6.400000e+00
2.408000e-05	2.757618e-04	-6.399474e+00
2.409000e-05	9.323661e-03	-6.399425e+00
2.410000e-05	2.467901e-03	-6.399946e+00
2.411000e-05	-6.244395e-03	-6.398947e+00
2.412000e-05	-5.362710e-03	-6.368918e+00
2.413000e-05	4.860199e-03	-6.348346e+00
2.414000e-05	6.671863e-03	-6.347337e+00
2.415000e-05	-2.838364e-03	-6.325758e+00
2.416000e-05	-7.769739e-03	-6.313605e+00
2.417000e-05	-2.038770e-03	-6.261698e+00
2.418000e-05	6.988999e-03	-6.167866e+00
2.419000e-05	2.531435e-03	-6.103282e+00
2.420000e-05	-4.666438e-03	-6.053582e+00
2.421000e-05	-5.628367e-03	-6.042055e+00
2.422000e-05	3.044954e-03	-6.040051e+00
2.423000e-05	5.140549e-03	-5.999472e+00
2.424000e-05	-1.479428e-03	-5.987895e+00
2.425000e-05	-7.273925e-03	-5.965783e+00
2.426000e-05	-2.958827e-03	-5.903708e+00
2.427000e-05	4.603641e-03	-5.831024e+00
2.428000e-05	2.138517e-03	-5.789476e+00
2.429000e-05	-3.379728e-03	-5.765815e+00
2.430000e-05	-6.375383e-03	-5.656103e+00
2.431000e-05	1.153949e-03	-5.630628e+00
2.432000e-05	3.706215e-03	-5.628900e+00
2.433000e-05	-8.325906e-04	-5.576368e+00
2.434000e-05	-5.441478e-03	-5.472600e+00
2.435000e-05	-4.708901e-03	-5.326210e+00
2.436000e-05	2.013632e-03	-5.261783e+00
2.437000e-05	1.088007e-03	-5.188948e+00
2.438000e-05	-2.736085e-03	-5.147237e+00
2.439000e-05	-6.073938e-03	-5.040179e+00
2.440000e-05	-7.243079e-04	-5.008974e+00
2.441000e-05	2.645325e-03	-4.919686e+00
2.442000e-05	8.229954e-04	-4.756312e+00
2.443000e-05	-4.812339e-03	-4.623682e+00
2.444000e-05	-4.098526e-03	-4.630025e+00
2.445000e-05	-7.601342e-04	-4.576345e+00
2.446000e-05	1.368827e-03	-4.463157e+00
2.447000e-05	-2.594858e-03	-4.409500e+00
2.448000e-05	-5.546867e-03	-4.345769e+00
2.449000e-05	-2.315512e-03	-4.242179e+00
2.450000e-05	8.518860e-04	-4.188473e+00
2.451000e-05	6.238382e-04	-4.094211e+00
2.452000e-05	-3.047774e-03	-4.018528e+00
2.453000e-05	-4.111567e-03	-3.977391e+00
2.454000e-05	-1.366469e-03	-3.859971e+00
2.455000e-05	5.814943e-04	-3.663137e+00
2.456000e-05	-3.675812e-03	-3.599474e+00
2.457000e-05	-5.075954e-03	-3.553815e+00
2.458000e-05	-3.998411e-03	-3.411027e+00
2.459000e-05	1.156024e-04	-3.354263e+00
2.460000e-05	6.045649e-04	-3.241126e+00
2.461000e-05	-3.690541e-03	-3.177371e+00
2.462000e-05	-4.525562e-03	-3.082504e+00
2.463000e-05	-3.037445e-03	-2.863213e+00
2.464000e-05	-1.602608e-03	-2.809500e+00
2.465000e-05	-3.084957e-03	-2.674711e+00
2.466000e-05	-4.579246e-03	-2.609950e+00
2.467000e-05	-3.969652e-03	-2.465211e+00
2.468000e-05	-2.728057e-03	-2.389925e+00
2.469000e-05	-1.433371e-03	-2.314207e+00
2.470000e-05	-3.779230e-03	-2.125867e+00
2.471000e-05	-4.165958e-03	-2.001028e+00
2.472000e-05	-3.626380e-03	-1.935838e+00
2.473000e-05	-1.285090e-03	-1.820552e+00
2.474000e-05	-1.947540e-03	-1.714263e+00
2.475000e-05	-3.853790e-03	-1.580501e+00
2.476000e-05	-4.066840e-03	-1.516117e+00
2.477000e-05	-5.037453e-03	-1.337791e+00
2.478000e-05	-4.196801e-03	-1.200550e+00
2.479000e-05	-6.013432e-03	-1.072132e+00
2.480000e-05	-4.556281e-03	-9.589986e-01
2.481000e-05	-3.661481e-03	-8.810565e-01
2.482000e-05	-1.462056e-03	-7.663675e-01
2.483000e-05	-2.242243e-03	-6.724515e-01
2.484000e-05	-3.763038e-03	-4.716817e-01
2.485000e-05	-5.582574e-03	-3.694226e-01
2.486000e-05	-6.931414e-03	-2.836831e-01
2.487000e-05	-5.774747e-03	-2.205751e-01
2.488000e-05	-4.165477e-03	2.762578e-05
2.489000e-05	-1.307261e-03	4.010364e-02
2.490000e-05	-2.869524e-04	1.584160e-01
2.491000e-05	-7.807364e-05	3.157117e-01
2.492000e-05	2.132342e-04	4.205001e-01
2.493000e-05	-3.575347e-03	4.732617e-01
2.494000e-05	-4.969683e-03	6.115252e-01
2.495000e-05	-4.199212e-03	7.057680e-01
2.496000e-05	6.374767e-03	7.900487e-01
2.497000e-05	4.253520e-02	9.363106e-01
2.498000e-05	1.146356e-02	1.137892e+00
2.499000e-05	-3.558345e-02	1.295784e+00
2.500000e-05	-1.050157e-01	1.389501e+00
2.501000e-05	2.241933e-02	1.452754e+00
2.502000e-05	7.347746e-02	1.623581e+00
2.503000e-05	-3.506538e-02	1.788917e+00
2.504000e-05	-8.884211e-02	1.820478e+00
2.505000e-05	9.066126e-02	1.934838e+00
2.506000e-05	-1.398630e-02	2.063183e+00
2.507000e-05	-7.417616e-02	2.148767e+00
2.508000e-05	1.014050e-01	2.188996e+00
2.509000e-05	-3.205695e-02	2.336892e+00
2.510000e-05	-1.213751e-01	2.443053e+00
2.511000e-05	8.092435e-02	2.506388e+00
2.512000e-05	5.978095e-02	2.685135e+00
2.513000e-05	-8.161996e-02	2.780999e+00
2.514000e-05	3.080915e-03	2.944814e+00
2.515000e-05	-1.082580e-02	2.991526e+00
2.516000e-05	8.690593e-03	3.076159e+00
2.517000e-05	2.803926e-02	3.168968e+00
2.518000e-05	-3.981387e-02	3.272708e+00
2.519000e-05	-3.161828e-02	3.349628e+00
2.520000e-05	4.002373e-02	3.528366e+00
2.521000e-05	3.218308e-04	3.621499e+00
2.522000e-05	-9.500999e-03	3.684812e+00
2.523000e-05	-7.034209e-03	3.789970e+00
2.524000e-05	-4.998300e-02	3.895361e+00
2.525000e-05	2.789445e-02	3.979973e+00
2.526000e-05	2.977395e-02	4.021554e+00
2.527000e-05	-2.452116e-02	4.118342e+00
2.528000e-05	-3.749637e-02	4.282679e+00
2.529000e-05	1.370925e-02	4.378496e+00
2.530000e-05	1.998633e-02	4.452030e+00
2.531000e-05	-9.500558e-03	4.506818e+00
2.532000e-05	-2.480538e-02	4.620027e+00
2.533000e-05	-2.466271e-02	4.674312e+00
2.534000e-05	1.641167e-02	4.728870e+00
2.535000e-05	1.571644e-02	4.781476e+00
2.536000e-05	-7.826792e-03	4.898757e+00
2.537000e-05	-3.287280e-02	5.022027e+00
2.538000e-05	-2.115248e-03	5.118914e+00
2.539000e-05	1.195256e-02	5.200476e+00
2.540000e-05	4.780354e-03	5.252681e+00
2.541000e-05	-2.199976e-02	5.335870e+00
2.542000e-05	-2.505557e-02	5.431021e+00
2.543000e-05	1.101585e-02	5.463154e+00
2.544000e-05	1.084780e-02	5.538764e+00
2.545000e-05	-4.523407e-03	5.588952e+00
2.546000e-05	-2.807523e-02	5.610500e+00
2.547000e-05	-8.683867e-03	5.622581e+00
2.548000e-05	7.180761e-03	5.683262e+00
2.549000e-05	6.036497e-03	5.738413e+00
2.550000e-05	-1.761414e-02	5.901549e+00
2.551000e-05	-2.276427e-02	5.954316e+00
2.552000e-05	7.729069e-04	5.969397e+00
2.553000e-05	1.000023e-02	6.000025e+00
2.554000e-05	-1.666136e-03	6.000025e+00
2.555000e-05	-2.361900e-02	6.021606e+00
2.556000e-05	-1.226273e-02	6.092209e+00
2.557000e-05	4.046044e-03	6.126738e+00
2.558000e-05	5.733565e-03	6.167417e+00
2.559000e-05	-1.336424e-02	6.158970e+00
2.560000e-05	-2.031869e-02	6.199921e+00
2.561000e-05	-4.481292e-03	6.232028e+00
2.562000e-05	5.931325e-03	6.212004e+00
2.563000e-05	3.111852e-04	6.261630e+00
2.564000e-05	-1.836410e-02	6.293657e+00
2.565000e-05	-1.386243e-02	6.314207e+00
2.566000e-05	-1.405794e-03	6.336285e+00
2.567000e-05	5.223517e-03	6.337736e+00
2.568000e-05	-1.031776e-02	6.336710e+00
2.569000e-05	-1.938440e-02	6.348835e+00
2.570000e-05	-9.684278e-03	6.337415e+00
2.571000e-05	3.062324e-03	6.358336e+00
2.572000e-05	4.573844e-04	6.345866e+00
2.573000e-05	-1.386137e-02	6.307841e+00
2.574000e-05	-1.402580e-02	6.338393e+00
2.575000e-05	-4.047230e-03	6.346867e+00
2.576000e-05	2.475141e-03	6.304309e+00
2.577000e-05	-6.498990e-03	6.303707e+00
2.578000e-05	-1.591813e-02	6.252654e+00
2.579000e-05	-1.100018e-02	6.271656e+00
2.580000e-05	2.087820e-04	6.214205e+00
2.581000e-05	1.025474e-03	6.252523e+00
2.582000e-05	-1.049382e-02	6.210002e+00
2.583000e-05	-1.379284e-02	6.198924e+00
2.584000e-05	-6.963062e-03	6.167940e+00
2.585000e-05	1.396919e-03	6.176282e+00
2.586000e-05	-4.134928e-03	6.082657e+00
2.587000e-05	-1.280842e-02	6.071105e+00
2.588000e-05	-1.088956e-02	6.012050e+00
2.589000e-05	-1.667510e-03	6.010001e+00
2.590000e-05	7.386174e-04	5.988399e+00
2.591000e-05	-7.745949e-03	5.947391e+00
2.592000e-05	-1.113734e-02	5.894636e+00
2.593000e-05	-7.893542e-03	5.841478e+00
2.594000e-05	5.965303e-04	5.726790e+00
2.595000e-05	-3.067557e-03	5.621605e+00
2.596000e-05	-1.051342e-02	5.619997e+00
2.597000e-05	-1.111101e-02	5.588995e+00
2.598000e-05	-4.088214e-03	5.538865e+00
2.599000e-05	-8.114004e-04	5.473633e+00
2.600000e-05	-5.908121e-03	5.400023e+00
2.601000e-05	-9.820116e-03	5.377369e+00
2.602000e-05	-7.521778e-03	5.315760e+00
2.603000e-05	-1.127793e-03	5.201549e+00
2.604000e-05	-2.547302e-03	5.146842e+00
2.605000e-05	-8.234719e-03	5.094601e+00
2.606000e-05	-1.048005e-02	4.915707e+00
2.607000e-05	-5.968738e-03	4.812576e+00
2.608000e-05	-2.865791e-03	4.797420e+00
2.609000e-05	-5.922938e-03	4.685161e+00
2.610000e-05	-8.168719e-03	4.612573e+00
2.611000e-05	-7.711580e-03	4.586388e+00
2.612000e-05	-2.847391e-03	4.484052e+00
2.613000e-05	-2.837167e-03	4.419999e+00
2.614000e-05	-6.540567e-03	4.326840e+00
2.615000e-05	-1.000394e-02	4.181397e+00
2.616000e-05	-6.106781e-03	4.063183e+00
2.617000e-05	-4.160972e-03	3.999500e+00
2.618000e-05	-4.459082e-03	3.937838e+00
2.619000e-05	-8.129806e-03	3.843577e+00
2.620000e-05	-8.519735e-03	3.767842e+00
2.621000e-05	-4.522536e-03	3.672132e+00
2.622000e-05	-2.808498e-03	3.610548e+00
2.623000e-05	-4.154101e-03	3.528712e+00
2.624000e-05	-6.659981e-03	3.369915e+00
2.625000e-05	-6.506965e-03	3.232128e+00
2.626000e-05	-3.978496e-03	3.197842e+00
2.627000e-05	-5.215504e-03	3.052632e+00
2.628000e-05	-8.226363e-03	2.979371e+00
2.629000e-05	-8.499158e-03	2.863732e+00
2.630000e-05	-4.512562e-03	2.818518e+00
2.631000e-05	-2.908301e-03	2.686280e+00
2.632000e-05	-3.277780e-03	2.545940e+00
2.633000e-05	-6.348623e-03	2.430574e+00
2.634000e-05	-6.381554e-03	2.305687e+00
2.635000e-05	-4.105398e-03	2.241048e+00
2.636000e-05	-4.863704e-03	2.104257e+00
2.637000e-05	-7.001989e-03	2.001575e+00
2.638000e-05	-7.531799e-03	1.917240e+00
2.639000e-05	-5.163615e-03	1.829494e+00
2.640000e-05	-2.397296e-03	1.684131e+00
2.641000e-05	-2.770272e-03	1.567366e+00
2.642000e-05	-5.689261e-03	1.433623e+00
2.643000e-05	-5.425957e-03	1.325763e+00
2.644000e-05	-3.876905e-03	1.219946e+00
2.645000e-05	-3.773846e-03	1.083703e+00
2.646000e-05	-6.226811e-03	9.046544e-01
2.647000e-05	-6.797992e-03	7.985712e-01
2.648000e-05	-4.252292e-03	6.847056e-01
2.649000e-05	-2.406442e-03	5.783474e-01
2.650000e-05	-2.822265e-03	4.516304e-01
2.651000e-05	-4.187640e-03	3.890437e-01
2.652000e-05	-4.804405e-03	2.024768e-01
2.653000e-05	-2.129356e-03	8.318539e-02
2.654000e-05	-1.285385e-03	-1.162988e-02
2.655000e-05	-1.590514e-03	-1.168932e-01
2.656000e-05	-1.858170e-03	-2.006287e-01
2.657000e-05	-2.314047e-03	-3.368670e-01
2.658000e-05	-3.746306e-04	-4.088788e-01
2.659000e-05	-9.062503e-04	-5.164156e-01
2.660000e-05	-2.774102e-03	-6.756390e-01
2.661000e-05	-2.739362e-03	-7.989773e-01
2.662000e-05	1.637103e-02	-8.631115e-01
2.663000e-05	5.939082e-02	-9.889498e-01
2.664000e-05	-1.148601e-02	-1.149477e+00
2.665000e-05	-5.522127e-02	-1.442033e+00
2.666000e-05	-9.404986e-02	-1.557822e+00
2.667000e-05	8.581402e-02	-1.526321e+00
2.668000e-05	5.330904e-02	-1.570451e+00
2.669000e-05	-1.294975e-01	-1.780525e+00
2.670000e-05	3.718276e-02	-1.864107e+00
2.671000e-05	4.363865e-02	-1.855235e+00
2.672000e-05	-7.878676e-02	-2.032161e+00
2.673000e-05	1.452093e-02	-2.271612e+00
2.674000e-05	1.025601e-01	-2.335771e+00
2.675000e-05	-1.184577e-01	-2.430526e+00
2.676000e-05	-4.119075e-02	-2.546791e+00
2.677000e-05	1.366536e-01	-2.640028e+00
2.678000e-05	-2.893777e-02	-2.737392e+00
2.679000e-05	-7.053292e-02	-2.840504e+00
2.680000e-05	5.091904e-02	-2.925309e+00
2.681000e-05	-3.355623e-02	-3.084638e+00
2.682000e-05	3.767048e-02	-3.169475e+00
2.683000e-05	2.105599e-02	-3.262082e+00
2.684000e-05	-9.257757e-02	-3.379474e+00
2.685000e-05	4.392480e-02	-3.454087e+00
2.686000e-05	3.827191e-02	-3.518342e+00
2.687000e-05	-3.779975e-02	-3.639526e+00
2.688000e-05	3.095457e-02	-3.786897e+00
2.689000e-05	-2.891711e-02	-3.881185e+00
2.690000e-05	-3.825738e-02	-4.007921e+00
2.691000e-05	7.665808e-02	-3.991580e+00
2.692000e-05	-5.970312e-03	-4.148870e+00
2.693000e-05	-3.728921e-02	-4.219658e+00
2.694000e-05	1.386282e-03	-4.314638e+00
2.695000e-05	7.945873e-03	-4.387924e+00
2.696000e-05	3.125349e-02	-4.431604e+00
2.697000e-05	-2.648230e-02	-4.484294e+00
2.698000e-05	-2.236388e-02	-4.671576e+00
2.699000e-05	9.657389e-03	-4.715788e+00
2.700000e-05	1.721337e-02	-4.768842e+00
2.701000e-05	1.879001e-02	-4.811635e+00
2.702000e-05	-2.490186e-02	-4.947796e+00
2.703000e-05	-1.368802e-02	-5.020055e+00
2.704000e-05	1.438167e-02	-5.115711e+00
2.705000e-05	8.597771e-03	-5.167919e+00
2.706000e-05	9.816187e-04	-5.222032e+00
2.707000e-05	-1.998534e-02	-5.315714e+00
2.708000e-05	-8.594556e-03	-5.451023e+00
2.709000e-05	3.065727e-02	-5.513712e+00
2.710000e-05	3.355744e-03	-5.568975e+00
2.711000e-05	-8.795569e-03	-5.630002e+00
2.712000e-05	-1.414325e-02	-5.662084e+00
2.713000e-05	6.782341e-04	-5.684764e+00
2.714000e-05	2.227762e-02	-5.767922e+00
2.715000e-05	-5.226278e-03	-5.811024e+00
2.716000e-05	-9.815767e-03	-5.851629e+00
2.717000e-05	-9.052065e-03	-5.904316e+00
2.718000e-05	1.448069e-02	-5.967321e+00
2.719000e-05	1.405227e-02	-5.998474e+00
2.720000e-05	-1.078920e-02	-5.990525e+00
2.721000e-05	-1.224484e-02	-6.021104e+00
2.722000e-05	2.775820e-03	-6.052085e+00
2.723000e-05	1.342374e-02	-6.094640e+00
2.724000e-05	3.084382e-03	-6.138365e+00
2.725000e-05	-1.243567e-02	-6.170421e+00
2.726000e-05	-6.302918e-03	-6.261701e+00
2.727000e-05	9.117428e-03	-6.302159e+00
2.728000e-05	9.225915e-03	-6.335611e+00
2.729000e-05	-1.865031e-03	-6.346322e+00
2.730000e-05	-1.201169e-02	-6.385918e+00
2.731000e-05	-5.132875e-04	-6.397922e+00
2.732000e-05	1.118511e-02	-6.398920e+00
2.733000e-05	4.398906e-03	-6.388946e+00
2.734000e-05	-7.076132e-03	-6.399875e+00
2.735000e-05	-8.694807e-03	-6.389998e+00
2.736000e-05	5.860624e-03	-6.399473e+00
2.737000e-05	9.172014e-03	-6.409974e+00
2.738000e-05	-8.947664e-04	-6.389950e+00
2.739000e-05	-8.868042e-03	-6.389476e+00
2.740000e-05	-3.596049e-03	-6.379999e+00
2.741000e-05	8.318073e-03	-6.390520e+00
2.742000e-05	4.526667e-03	-6.388447e+00
2.743000e-05	-4.424768e-03	-6.388397e+00
2.744000e-05	-7.271545e-03	-6.357924e+00
2.745000e-05	1.689986e-03	-6.357819e+00
2.746000e-05	8.377075e-03	-6.345245e+00
2.747000e-05	1.880127e-03	-6.294263e+00
2.748000e-05	-8.470255e-03	-6.261632e+00
2.749000e-05	-4.692777e-03	-6.221428e+00
2.750000e-05	4.683313e-03	-6.241054e+00
2.751000e-05	4.752702e-03	-6.153338e+00
2.752000e-05	-2.158144e-03	-6.083107e+00
2.753000e-05	-7.120076e-03	-6.030577e+00
2.754000e-05	4.287813e-04	-6.040026e+00
2.755000e-05	5.347953e-03	-5.990496e+00
2.756000e-05	8.259336e-04	-5.969971e+00
2.757000e-05	-6.711831e-03	-5.947866e+00
2.758000e-05	-6.036094e-03	-5.885711e+00
2.759000e-05	1.985924e-03	-5.841528e+00
2.760000e-05	3.803674e-03	-5.818970e+00
2.761000e-05	-1.669795e-03	-5.748341e+00
2.762000e-05	-6.722748e-03	-5.722712e+00
2.763000e-05	-1.601166e-03	-5.640577e+00
2.764000e-05	3.069961e-03	-5.570426e+00
2.765000e-05	1.732958e-03	-5.587347e+00
2.766000e-05	-4.505265e-03	-5.446178e+00
2.767000e-05	-4.832047e-03	-5.398496e+00
2.768000e-05	2.977734e-04	-5.332136e+00
2.769000e-05	3.357178e-03	-5.208474e+00
2.770000e-05	-1.345662e-03	-5.166946e+00
2.771000e-05	-6.046706e-03	-5.082655e+00
2.772000e-05	-3.438893e-03	-4.998024e+00
2.773000e-05	1.596269e-03	-4.881687e+00
2.774000e-05	2.468190e-03	-4.788890e+00
2.775000e-05	-3.368893e-03	-4.663688e+00
2.776000e-05	-4.605660e-03	-4.660506e+00
2.777000e-05	-8.523635e-04	-4.587416e+00
2.778000e-05	1.490756e-03	-4.514759e+00
2.779000e-05	-1.361205e-03	-4.440051e+00
2.780000e-05	-4.624932e-03	-4.367894e+00
2.781000e-05	-4.800989e-03	-4.305734e+00
2.782000e-05	-2.151674e-04	-4.200498e+00
2.783000e-05	1.439354e-03	-4.144342e+00
2.784000e-05	-1.122005e-03	-4.031627e+00
2.785000e-05	-4.331621e-03	-3.966495e+00
2.786000e-05	-9.860683e-04	-3.851234e+00
2.787000e-05	5.467418e-04	-3.694809e+00
2.788000e-05	-1.118866e-03	-3.620526e+00
2.789000e-05	-6.314395e-03	-3.586892e+00
2.790000e-05	-5.593360e-03	-3.443152e+00
2.791000e-05	-2.280217e-03	-3.357445e+00
2.792000e-05	1.391788e-03	-3.230658e+00
2.793000e-05	-1.857921e-03	-3.199996e+00
2.794000e-05	-3.121404e-03	-3.103684e+00
2.795000e-05	-3.505891e-03	-2.925662e+00
2.796000e-05	-1.531826e-03	-2.820001e+00
2.797000e-05	-2.102948e-03	-2.757270e+00
2.798000e-05	-3.978012e-03	-2.650099e+00
2.799000e-05	-4.667629e-03	-2.515313e+00
2.800000e-05	-3.454164e-03	-2.412427e+00
2.801000e-05	-1.429046e-03	-2.326816e+00
2.802000e-05	-3.919106e-03	-2.218995e+00
2.803000e-05	-4.803440e-03	-2.063076e+00
2.804000e-05	-5.003262e-03	-1.977872e+00
2.805000e-05	-1.466494e-03	-1.861132e+00
2.806000e-05	-1.078902e-03	-1.745945e+00
2.807000e-05	-2.895416e-03	-1.632130e+00
2.808000e-05	-4.157836e-03	-1.557270e+00
2.809000e-05	-4.097464e-03	-1.388378e+00
2.810000e-05	-4.264546e-03	-1.219576e+00
2.811000e-05	-5.434651e-03	-1.116258e+00
2.812000e-05	-6.724455e-03	-1.019975e+00
2.813000e-05	-5.720569e-03	-8.937096e-01
2.814000e-05	-2.019070e-03	-8.089738e-01
2.815000e-05	-7.647599e-04	-6.646382e-01
2.816000e-05	-2.413698e-03	-5.167648e-01
2.817000e-05	-4.201334e-03	-4.095739e-01
2.818000e-05	-5.818307e-03	-3.143120e-01
2.819000e-05	-4.699607e-03	-1.705464e-01
2.820000e-05	-6.380270e-03	-6.420696e-02
2.821000e-05	-3.302438e-03	1.530006e-03
2.822000e-05	-1.864714e-03	7.688903e-02
2.823000e-05	-3.109225e-04	2.827377e-01
2.824000e-05	6.530668e-04	3.689472e-01
2.825000e-05	-1.194930e-03	4.436850e-01
2.826000e-05	-3.585570e-03	5.404260e-01
2.827000e-05	-3.892070e-03	6.742568e-01
2.828000e-05	2.175304e-03	7.778736e-01
2.829000e-05	3.069254e-02	8.826641e-01
2.830000e-05	3.012707e-02	1.114708e+00
2.831000e-05	-2.633108e-02	1.273131e+00
2.832000e-05	-8.675754e-02	1.368922e+00
2.833000e-05	-4.178134e-02	1.421626e+00
2.834000e-05	9.337945e-02	1.610424e+00
2.835000e-05	2.042378e-02	1.767317e+00
2.836000e-05	-1.408981e-01	1.809528e+00
2.837000e-05	6.972161e-02	1.865709e+00
2.838000e-05	1.085466e-02	1.991656e+00
2.839000e-05	-7.487382e-02	2.146293e+00
2.840000e-05	5.671157e-02	2.169445e+00
2.841000e-05	3.589976e-02	2.286263e+00
2.842000e-05	-1.299423e-01	2.399577e+00
2.843000e-05	1.593371e-02	2.505259e+00
2.844000e-05	9.641502e-02	2.651553e+00
2.845000e-05	-5.112120e-02	2.777401e+00
2.846000e-05	-3.192064e-02	2.844231e+00
2.847000e-05	2.223351e-03	2.969925e+00
2.848000e-05	3.821764e-04	3.042278e+00
2.849000e-05	2.402759e-02	3.147887e+00
2.850000e-05	-7.639187e-03	3.233133e+00
2.851000e-05	-6.314254e-02	3.371762e+00
2.852000e-05	3.575910e-02	3.514207e+00
2.853000e-05	7.017879e-03	3.599946e+00
2.854000e-05	-4.810774e-03	3.642082e+00
2.855000e-05	-4.107742e-03	3.757393e+00
2.856000e-05	-4.001436e-02	3.892658e+00
2.857000e-05	-3.098816e-03	3.979820e+00
2.858000e-05	3.917940e-02	4.001150e+00
2.859000e-05	-2.557110e-03	4.093760e+00
2.860000e-05	-5.236121e-02	4.233550e+00
2.861000e-05	5.752985e-03	4.378867e+00
2.862000e-05	1.662959e-02	4.379524e+00
2.863000e-05	8.225175e-03	4.494584e+00
2.864000e-05	-2.609013e-02	4.568993e+00
2.865000e-05	-2.372209e-02	4.673230e+00
2.866000e-05	-4.046113e-05	4.737343e+00
2.867000e-05	2.045001e-02	4.798424e+00
2.868000e-05	2.455875e-03	4.866680e+00
2.869000e-05	-3.385888e-02	4.988946e+00
2.870000e-05	-9.239880e-03	5.137764e+00
2.871000e-05	5.299301e-03	5.179474e+00
2.872000e-05	1.369142e-02	5.293125e+00
2.873000e-05	-1.800478e-02	5.334836e+00
2.874000e-05	-2.609757e-02	5.418921e+00
2.875000e-05	-3.486283e-03	5.463079e+00
2.876000e-05	1.627453e-02	5.526812e+00
2.877000e-05	2.233404e-03	5.547398e+00
2.878000e-05	-2.411379e-02	5.589452e+00
2.879000e-05	-1.516689e-02	5.640528e+00
2.880000e-05	3.217738e-04	5.703161e+00
2.881000e-05	1.150741e-02	5.736813e+00
2.882000e-05	-1.246936e-02	5.832095e+00
2.883000e-05	-2.197901e-02	5.916710e+00
2.884000e-05	-1.001520e-02	5.969918e+00
2.885000e-05	1.071008e-02	5.989525e+00
2.886000e-05	4.645260e-03	6.010024e+00
2.887000e-05	-1.884534e-02	6.050553e+00
2.888000e-05	-1.661119e-02	6.093608e+00
2.889000e-05	-3.116084e-03	6.143258e+00
2.890000e-05	8.969241e-03	6.157315e+00
2.891000e-05	-8.885202e-03	6.179420e+00
2.892000e-05	-1.871855e-02	6.198998e+00
2.893000e-05	-1.270533e-02	6.211027e+00
2.894000e-05	5.357763e-03	6.222575e+00
2.895000e-05	2.718376e-03	6.271576e+00
2.896000e-05	-1.251262e-02	6.263179e+00
2.897000e-05	-1.640388e-02	6.304183e+00
2.898000e-05	-6.474005e-03	6.347258e+00
2.899000e-05	6.118876e-03	6.346786e+00
2.900000e-05	-5.663534e-03	6.307888e+00
2.901000e-05	-1.512703e-02	6.336788e+00
2.902000e-05	-1.518329e-02	6.348411e+00
2.903000e-05	7.804774e-05	6.367315e+00
2.904000e-05	1.669200e-03	6.347361e+00
2.905000e-05	-8.559854e-03	6.326815e+00
2.906000e-05	-1.492813e-02	6.306286e+00
2.907000e-05	-7.943360e-03	6.338241e+00
2.908000e-05	2.294375e-03	6.326386e+00
2.909000e-05	-4.236343e-03	6.304307e+00
2.910000e-05	-1.264793e-02	6.303636e+00
2.911000e-05	-1.413214e-02	6.294703e+00
2.912000e-05	-2.357656e-03	6.263202e+00
2.913000e-05	1.766062e-03	6.221098e+00
2.914000e-05	-5.183180e-03	6.221474e+00
2.915000e-05	-1.389768e-02	6.220543e+00
2.916000e-05	-9.297350e-03	6.179393e+00
2.917000e-05	2.924775e-04	6.139364e+00
2.918000e-05	-1.984566e-03	6.113134e+00
2.919000e-05	-9.269028e-03	6.033579e+00
2.920000e-05	-1.362229e-02	6.021551e+00
2.921000e-05	-4.380337e-03	6.010550e+00
2.922000e-05	-2.465213e-04	5.988996e+00
2.923000e-05	-4.494965e-03	5.977941e+00
2.924000e-05	-1.190215e-02	5.923737e+00
2.925000e-05	-9.738065e-03	5.863057e+00
2.926000e-05	-1.427968e-03	5.777386e+00
2.927000e-05	-1.497148e-03	5.693703e+00
2.928000e-05	-6.367051e-03	5.600001e+00
2.929000e-05	-1.132701e-02	5.600422e+00
2.930000e-05	-5.930489e-03	5.587870e+00
2.931000e-05	-1.830031e-03	5.504132e+00
2.932000e-05	-3.246039e-03	5.441050e+00
2.933000e-05	-1.095158e-02	5.397892e+00
2.934000e-05	-9.967059e-03	5.327363e+00
2.935000e-05	-3.753211e-03	5.240579e+00
2.936000e-05	-9.741133e-04	5.199440e+00
2.937000e-05	-4.859920e-03	5.094657e+00
2.938000e-05	-1.014701e-02	4.940466e+00
2.939000e-05	-8.142127e-03	4.883150e+00
2.940000e-05	-3.719831e-03	4.790448e+00
2.941000e-05	-4.154684e-03	4.758197e+00
2.942000e-05	-8.596719e-03	4.673179e+00
2.943000e-05	-8.925121e-03	4.597417e+00
2.944000e-05	-4.690061e-03	4.474681e+00
2.945000e-05	-1.107879e-03	4.411000e+00
2.946000e-05	-4.480962e-03	4.368920e+00
2.947000e-05	-9.530387e-03	4.273687e+00
2.948000e-05	-8.678530e-03	4.136286e+00
2.949000e-05	-4.126900e-03	4.001502e+00
2.950000e-05	-3.523949e-03	3.997370e+00
2.951000e-05	-6.368899e-03	3.893180e+00
2.952000e-05	-9.383785e-03	3.807450e+00
2.953000e-05	-5.932115e-03	3.695259e+00
2.954000e-05	-3.114221e-03	3.610595e+00
2.955000e-05	-2.889777e-03	3.545891e+00
2.956000e-05	-7.396948e-03	3.459544e+00
2.957000e-05	-8.342703e-03	3.304107e+00
2.958000e-05	-4.835996e-03	3.179547e+00
2.959000e-05	-3.091967e-03	3.074207e+00
2.960000e-05	-5.883781e-03	3.041071e+00
2.961000e-05	-8.955518e-03	2.905255e+00
2.962000e-05	-6.337208e-03	2.801024e+00
2.963000e-05	-3.763810e-03	2.686314e+00
2.964000e-05	-2.546154e-03	2.589473e+00
2.965000e-05	-4.824578e-03	2.472077e+00
2.966000e-05	-7.028037e-03	2.357891e+00
2.967000e-05	-4.441508e-03	2.261128e+00
2.968000e-05	-3.439110e-03	2.166786e+00
2.969000e-05	-5.131675e-03	2.020579e+00
2.970000e-05	-8.694327e-03	1.978344e+00
2.971000e-05	-7.092393e-03	1.879522e+00
2.972000e-05	-3.263190e-03	1.748335e+00
2.973000e-05	-1.795624e-03	1.571544e+00
2.974000e-05	-3.742718e-03	1.472277e+00
2.975000e-05	-5.217517e-03	1.368412e+00
2.976000e-05	-4.917325e-03	1.231629e+00
2.977000e-05	-3.368663e-03	1.105783e+00
2.978000e-05	-4.181646e-03	9.279674e-01
2.979000e-05	-6.173195e-03	8.110504e-01
2.980000e-05	-6.302969e-03	7.367847e-01
2.981000e-05	-2.991677e-03	6.290202e-01
2.982000e-05	-1.636950e-03	4.847343e-01
2.983000e-05	-4.123609e-03	4.004712e-01
2.984000e-05	-5.749211e-03	3.266795e-01
2.985000e-05	-4.505031e-03	1.663383e-01
2.986000e-05	-1.701921e-03	3.149650e-02
2.987000e-05	-7.881421e-04	-8.269053e-02
2.988000e-05	-7.513138e-04	-1.884301e-01
2.989000e-05	-2.243248e-03	-3.052918e-01
2.990000e-05	-8.491514e-04	-3.779299e-01
2.991000e-05	-6.127620e-04	-4.917879e-01
2.992000e-05	-1.780305e-03	-5.926090e-01
2.993000e-05	-3.276370e-03	-7.683696e-01
2.994000e-05	5.072073e-03	-8.011053e-01
2.995000e-05	5.372474e-02	-9.468694e-01
2.996000e-05	1.294382e-02	-1.104169e+00
2.997000e-05	-3.549215e-02	-1.407971e+00
2.998000e-05	-1.185883e-01	-1.526896e+00
2.999000e-05	5.901014e-02	-1.547320e+00
3.000000e-05	6.099605e-02	-1.557898e+00
3.001000e-05	-6.565835e-02	-1.724815e+00
3.002000e-05	-4.577358e-02	-1.852638e+00
3.003000e-05	9.269346e-02	-1.872735e+00
3.004000e-05	-4.075812e-02	-1.918447e+00
3.005000e-05	-6.281809e-02	-2.239622e+00
3.006000e-05	1.248282e-01	-2.345317e+00
3.007000e-05	-4.247891e-02	-2.358025e+00
3.008000e-05	-1.386116e-01	-2.505688e+00
3.009000e-05	1.139173e-01	-2.580929e+00
3.010000e-05	4.192134e-02	-2.684292e+00
3.011000e-05	-1.015777e-01	-2.787929e+00
3.012000e-05	3.973866e-02	-2.851635e+00
3.013000e-05	-1.245338e-02	-3.061551e+00
3.014000e-05	3.551791e-03	-3.188425e+00
3.015000e-05	5.126022e-02	-3.221079e+00
3.016000e-05	-7.089575e-02	-3.338918e+00
3.017000e-05	-1.982857e-02	-3.462085e+00
3.018000e-05	8.028937e-02	-3.525267e+00
3.019000e-05	-3.974229e-02	-3.551100e+00
3.020000e-05	1.391431e-02	-3.685791e+00
3.021000e-05	7.764237e-03	-3.819977e+00
3.022000e-05	-6.702761e-02	-3.926920e+00
3.023000e-05	5.785745e-02	-4.011025e+00
3.024000e-05	2.588576e-02	-4.136788e+00
3.025000e-05	-4.119574e-02	-4.240499e+00
3.026000e-05	-7.593775e-03	-4.253613e+00
3.027000e-05	2.866025e-03	-4.368367e+00
3.028000e-05	3.204461e-02	-4.430503e+00
3.029000e-05	-3.308007e-03	-4.454589e+00
3.030000e-05	-3.286783e-02	-4.590377e+00
3.031000e-05	1.775103e-04	-4.681208e+00
3.032000e-05	1.519027e-02	-4.738370e+00
3.033000e-05	1.781396e-02	-4.850629e+00
3.034000e-05	-5.144670e-03	-4.933691e+00
3.035000e-05	-3.040669e-02	-5.010480e+00
3.036000e-05	1.443702e-02	-5.062633e+00
3.037000e-05	1.170243e-02	-5.126867e+00
3.038000e-05	7.215524e-03	-5.219549e+00
3.039000e-05	-1.107146e-02	-5.302764e+00
3.040000e-05	-2.320677e-02	-5.412097e+00
3.041000e-05	2.562570e-02	-5.472633e+00
3.042000e-05	1.049141e-02	-5.568896e+00
3.043000e-05	-4.448582e-03	-5.619500e+00
3.044000e-05	-1.548273e-02	-5.641579e+00
3.045000e-05	-7.436882e-03	-5.715241e+00
3.046000e-05	2.032759e-02	-5.776921e+00
3.047000e-05	6.259378e-03	-5.819949e+00
3.048000e-05	-1.168722e-02	-5.841606e+00
3.049000e-05	-1.118613e-02	-5.893712e+00
3.050000e-05	6.148460e-03	-5.956869e+00
3.051000e-05	1.871705e-02	-5.988920e+00
3.052000e-05	-1.022353e-03	-5.990000e+00
3.053000e-05	-1.606654e-02	-6.010578e+00
3.054000e-05	-1.902816e-03	-6.042633e+00
3.055000e-05	1.030520e-02	-6.112686e+00
3.056000e-05	1.209136e-02	-6.145841e+00
3.057000e-05	-8.970481e-03	-6.197880e+00
3.058000e-05	-1.152474e-02	-6.262053e+00
3.059000e-05	5.398106e-03	-6.324135e+00
3.060000e-05	1.145041e-02	-6.305235e+00
3.061000e-05	4.291836e-03	-6.365845e+00
3.062000e-05	-1.236234e-02	-6.358397e+00
3.063000e-05	-6.682858e-03	-6.377921e+00
3.064000e-05	8.517955e-03	-6.409366e+00
3.065000e-05	8.117905e-03	-6.378997e+00
3.066000e-05	-2.374255e-03	-6.419475e+00
3.067000e-05	-1.163700e-02	-6.398001e+00
3.068000e-05	2.328995e-03	-6.399973e+00
3.069000e-05	9.313375e-03	-6.389476e+00
3.070000e-05	4.504581e-03	-6.410025e+00
3.071000e-05	-8.881589e-03	-6.399975e+00
3.072000e-05	-7.784720e-03	-6.419475e+00
3.073000e-05	3.521661e-03	-6.379475e+00
3.074000e-05	8.144808e-03	-6.378921e+00
3.075000e-05	-1.420718e-03	-6.378972e+00
3.076000e-05	-6.918005e-03	-6.368842e+00
3.077000e-05	-1.104288e-03	-6.357917e+00
3.078000e-05	7.033160e-03	-6.335813e+00
3.079000e-05	5.537279e-03	-6.306840e+00
3.080000e-05	-7.687029e-03	-6.303238e+00
3.081000e-05	-7.431057e-03	-6.292580e+00
3.082000e-05	9.803030e-04	-6.248520e+00
3.083000e-05	7.435072e-03	-6.174165e+00
3.084000e-05	9.774708e-04	-6.112283e+00
3.085000e-05	-6.262637e-03	-6.082107e+00
3.086000e-05	-2.836824e-03	-6.021100e+00
3.087000e-05	4.127468e-03	-6.029497e+00
3.088000e-05	3.762502e-03	-5.999975e+00
3.089000e-05	-5.761332e-03	-5.977794e+00
3.090000e-05	-7.562840e-03	-5.916239e+00
3.091000e-05	-7.928224e-04	-5.822733e+00
3.092000e-05	5.724708e-03	-5.820025e+00
3.093000e-05	7.704847e-04	-5.798371e+00
3.094000e-05	-5.376005e-03	-5.704158e+00
3.095000e-05	-4.679737e-03	-5.702627e+00
3.096000e-05	2.013461e-03	-5.620076e+00
3.097000e-05	3.102082e-03	-5.598418e+00
3.098000e-05	-3.107758e-03	-5.535237e+00
3.099000e-05	-6.276523e-03	-5.461624e+00
3.100000e-05	-2.020899e-03	-5.326262e+00
3.101000e-05	3.425746e-03	-5.220553e+00
3.102000e-05	1.017004e-03	-5.148444e+00
3.103000e-05	-3.976557e-03	-5.094661e+00
3.104000e-05	-4.165122e-03	-5.021026e+00
3.105000e-05	7.485657e-05	-4.977390e+00
3.106000e-05	2.024762e-03	-4.840905e+00
3.107000e-05	-1.945967e-03	-4.714833e+00
3.108000e-05	-5.437233e-03	-4.642128e+00
3.109000e-05	-2.973783e-03	-4.608494e+00
3.110000e-05	2.883274e-03	-4.523738e+00
3.111000e-05	1.719236e-03	-4.451578e+00
3.112000e-05	-3.119574e-03	-4.409473e+00
3.113000e-05	-4.839744e-03	-4.293758e+00
3.114000e-05	-1.684148e-03	-4.251028e+00
3.115000e-05	1.141057e-03	-4.136842e+00
3.116000e-05	-7.444382e-04	-4.062605e+00
3.117000e-05	-4.521215e-03	-4.000449e+00
3.118000e-05	-4.170881e-03	-3.944308e+00
3.119000e-05	1.641031e-04	-3.726823e+00
3.120000e-05	1.023305e-03	-3.641581e+00
3.121000e-05	-2.865653e-03	-3.577872e+00
3.122000e-05	-4.775240e-03	-3.454161e+00
3.123000e-05	-3.473808e-03	-3.378998e+00
3.124000e-05	-1.149582e-04	-3.274141e+00
3.125000e-05	-1.951507e-03	-3.219050e+00
3.126000e-05	-3.914486e-03	-3.136286e+00
3.127000e-05	-4.531259e-03	-2.977949e+00
3.128000e-05	-7.273886e-04	-2.842679e+00
3.129000e-05	-9.350673e-04	-2.778895e+00
3.130000e-05	-2.807850e-03	-2.662629e+00
3.131000e-05	-5.052467e-03	-2.547242e+00
3.132000e-05	-3.527983e-03	-2.462603e+00
3.133000e-05	-2.039817e-03	-2.405394e+00
3.134000e-05	-2.611226e-03	-2.269500e+00
3.135000e-05	-5.997487e-03	-2.125687e+00
3.136000e-05	-4.848072e-03	-1.998971e+00
3.137000e-05	-2.818240e-03	-1.863208e+00
3.138000e-05	-1.875933e-03	-1.799420e+00
3.139000e-05	-2.953553e-03	-1.673207e+00
3.140000e-05	-4.123801e-03	-1.578448e+00
3.141000e-05	-3.999413e-03	-1.471009e+00
3.142000e-05	-3.303034e-03	-1.272683e+00
3.143000e-05	-4.674625e-03	-1.187842e+00
3.144000e-05	-5.389508e-03	-1.042653e+00
3.145000e-05	-6.044630e-03	-9.262897e-01
3.146000e-05	-4.042543e-03	-8.101089e-01
3.147000e-05	-1.992766e-03	-7.652145e-01
3.148000e-05	-3.318099e-03	-5.653963e-01
3.149000e-05	-4.028639e-03	-4.515488e-01
3.150000e-05	-5.483730e-03	-3.767935e-01
3.151000e-05	-3.516932e-03	-2.616078e-01
3.152000e-05	-4.094557e-03	-1.052659e-01
3.153000e-05	-3.851964e-03	-2.860275e-02
3.154000e-05	-2.689121e-03	7.408277e-02
3.155000e-05	-3.295051e-03	2.010521e-01
3.156000e-05	-2.456227e-04	3.673221e-01
3.157000e-05	-1.885190e-03	4.421290e-01
3.158000e-05	-1.862195e-03	5.169170e-01
3.159000e-05	-3.592768e-03	6.525552e-01
3.160000e-05	1.236435e-03	7.078960e-01
3.161000e-05	1.761580e-02	8.334800e-01
3.162000e-05	4.257806e-02	1.023069e+00
3.163000e-05	-1.200677e-02	1.240081e+00
3.164000e-05	-5.687635e-02	1.347892e+00
3.165000e-05	-9.306935e-02	1.429501e+00
3.166000e-05	7.920019e-02	1.449760e+00
3.167000e-05	4.711274e-02	1.706742e+00
3.168000e-05	-1.078343e-01	1.778922e+00
3.169000e-05	7.296416e-03	1.832108e+00
3.170000e-05	6.285164e-02	1.968871e+00
3.171000e-05	-4.392733e-02	2.115287e+00
3.172000e-05	-1.908772e-02	2.166766e+00
3.173000e-05	8.977224e-02	2.271155e+00
3.174000e-05	-9.567443e-02	2.381396e+00
3.175000e-05	-6.169940e-02	2.484779e+00
3.176000e-05	1.075426e-01	2.578896e+00
3.177000e-05	3.576657e-03	2.727317e+00
3.178000e-05	-7.205639e-02	2.832083e+00
3.179000e-05	1.340772e-02	2.956816e+00
3.180000e-05	-9.009645e-03	3.061526e+00
3.181000e-05	1.633028e-02	3.125791e+00
3.182000e-05	1.955932e-02	3.191454e+00
3.183000e-05	-6.503988e-02	3.315307e+00
3.184000e-05	1.056626e-02	3.471054e+00
3.185000e-05	2.185728e-02	3.588843e+00
3.186000e-05	-1.405184e-03	3.641076e+00
3.187000e-05	-9.937231e-03	3.714788e+00
3.188000e-05	-2.162951e-02	3.802102e+00
3.189000e-05	-3.477844e-02	3.906767e+00
3.190000e-05	4.373153e-02	3.991001e+00
3.191000e-05	1.817354e-02	4.084155e+00
3.192000e-05	-4.518566e-02	4.188449e+00
3.193000e-05	-1.231878e-02	4.325341e+00
3.194000e-05	1.265881e-02	4.409998e+00
3.195000e-05	1.824211e-02	4.451653e+00
3.196000e-05	-2.381177e-02	4.528471e+00
3.197000e-05	-2.228142e-02	4.610104e+00
3.198000e-05	-1.774767e-02	4.696266e+00
3.199000e-05	2.388894e-02	4.798416e+00
3.200000e-05	1.011897e-02	4.843579e+00
3.201000e-05	-2.214286e-02	4.958844e+00
3.202000e-05	-2.169169e-02	5.043785e+00
3.203000e-05	2.058102e-04	5.147944e+00
3.204000e-05	1.725089e-02	5.200577e+00
3.205000e-05	-9.810506e-03	5.326310e+00
3.206000e-05	-2.415528e-02	5.387371e+00
3.207000e-05	-1.894073e-02	5.412049e+00
3.208000e-05	1.839853e-02	5.493782e+00
3.209000e-05	5.975732e-03	5.565843e+00
3.210000e-05	-1.484812e-02	5.589996e+00
3.211000e-05	-2.226259e-02	5.620501e+00
3.212000e-05	-4.534746e-03	5.636679e+00
3.213000e-05	1.377106e-02	5.695761e+00
3.214000e-05	-4.971385e-03	5.750021e+00
3.215000e-05	-2.063600e-02	5.885233e+00
3.216000e-05	-2.116729e-02	5.948868e+00
3.217000e-05	8.536625e-03	5.959495e+00
3.218000e-05	7.263281e-03	6.000499e+00
3.219000e-05	-9.952018e-03	6.051051e+00
3.220000e-05	-2.159595e-02	6.033108e+00
3.221000e-05	-6.743547e-03	6.094733e+00
3.222000e-05	9.173712e-03	6.127861e+00
3.223000e-05	-1.709985e-03	6.136894e+00
3.224000e-05	-1.652525e-02	6.179396e+00
3.225000e-05	-1.917752e-02	6.189999e+00
3.226000e-05	1.146282e-03	6.221050e+00
3.227000e-05	3.774402e-03	6.221503e+00
3.228000e-05	-6.268215e-03	6.243577e+00
3.229000e-05	-1.848344e-02	6.282083e+00
3.230000e-05	-1.046682e-02	6.314813e+00
3.231000e-05	4.786113e-03	6.283687e+00
3.232000e-05	9.734421e-04	6.324716e+00
3.233000e-05	-1.264046e-02	6.326333e+00
3.234000e-05	-1.893138e-02	6.326895e+00
3.235000e-05	-3.941298e-03	6.355746e+00
3.236000e-05	2.522455e-03	6.387894e+00
3.237000e-05	-3.075682e-03	6.317839e+00
3.238000e-05	-1.554754e-02	6.337291e+00
3.239000e-05	-1.078904e-02	6.366285e+00
3.240000e-05	5.233712e-04	6.357342e+00
3.241000e-05	5.396653e-04	6.315233e+00
3.242000e-05	-8.878067e-03	6.324758e+00
3.243000e-05	-1.702145e-02	6.253231e+00
3.244000e-05	-6.042260e-03	6.283635e+00
3.245000e-05	1.397498e-03	6.263551e+00
3.246000e-05	-1.692478e-03	6.230502e+00
3.247000e-05	-1.366407e-02	6.208977e+00
3.248000e-05	-1.281062e-02	6.188420e+00
3.249000e-05	-2.727803e-03	6.107312e+00
3.250000e-05	4.287723e-04	6.105735e+00
3.251000e-05	-6.124125e-03	6.083132e+00
3.252000e-05	-1.292512e-02	6.052605e+00
3.253000e-05	-7.832690e-03	6.050525e+00
3.254000e-05	5.729876e-04	6.030025e+00
3.255000e-05	-1.765165e-03	5.968944e+00
3.256000e-05	-1.013189e-02	5.925839e+00
3.257000e-05	-1.219162e-02	5.922628e+00
3.258000e-05	-4.516236e-03	5.760419e+00
3.259000e-05	1.760512e-04	5.713707e+00
3.260000e-05	-5.892266e-03	5.642575e+00
3.261000e-05	-1.103881e-02	5.600047e+00
3.262000e-05	-8.866299e-03	5.589470e+00
3.263000e-05	-1.444698e-03	5.517317e+00
3.264000e-05	-2.105140e-03	5.472079e+00
3.265000e-05	-8.778034e-03	5.407496e+00
3.266000e-05	-1.154346e-02	5.346865e+00
3.267000e-05	-6.050022e-03	5.263729e+00
3.268000e-05	-6.759061e-04	5.190473e+00
3.269000e-05	-4.451522e-03	5.126233e+00
3.270000e-05	-1.016191e-02	4.988440e+00
3.271000e-05	-8.695840e-03	4.855109e+00
3.272000e-05	-3.573427e-03	4.801501e+00
3.273000e-05	-2.739940e-03	4.776867e+00
3.274000e-05	-7.352650e-03	4.673684e+00
3.275000e-05	-1.090365e-02	4.609472e+00
3.276000e-05	-6.431907e-03	4.506661e+00
3.277000e-05	-2.300241e-03	4.422602e+00
3.278000e-05	-4.015343e-03	4.390446e+00
3.279000e-05	-9.061328e-03	4.334360e+00
3.280000e-05	-9.110786e-03	4.187370e+00
3.281000e-05	-4.441070e-03	4.052600e+00
3.282000e-05	-2.687669e-03	3.977996e+00
3.283000e-05	-5.222007e-03	3.925259e+00
3.284000e-05	-8.627277e-03	3.821075e+00
3.285000e-05	-6.825795e-03	3.705715e+00
3.286000e-05	-3.034672e-03	3.622625e+00
3.287000e-05	-4.321981e-03	3.587871e+00
3.288000e-05	-7.513929e-03	3.494184e+00
3.289000e-05	-9.181719e-03	3.335682e+00
3.290000e-05	-5.570277e-03	3.210575e+00
3.291000e-05	-2.292647e-03	3.126267e+00
3.292000e-05	-4.678652e-03	3.031599e+00
3.293000e-05	-7.588370e-03	2.907365e+00
3.294000e-05	-7.048015e-03	2.852073e+00
3.295000e-05	-3.060145e-03	2.788444e+00
3.296000e-05	-2.705989e-03	2.684225e+00
3.297000e-05	-6.163016e-03	2.454186e+00
3.298000e-05	-8.157472e-03	2.408466e+00
3.299000e-05	-5.819465e-03	2.264160e+00
3.300000e-05	-2.749148e-03	2.186542e+00
3.301000e-05	-3.226347e-03	2.073678e+00
3.302000e-05	-5.712287e-03	2.010046e+00
3.303000e-05	-6.758777e-03	1.863208e+00
3.304000e-05	-3.273221e-03	1.729795e+00
3.305000e-05	-3.070215e-03	1.702103e+00
3.306000e-05	-5.096687e-03	1.467758e+00
3.307000e-05	-7.334852e-03	1.398944e+00
3.308000e-05	-6.063084e-03	1.303604e+00
3.309000e-05	-3.598661e-03	1.156317e+00
3.310000e-05	-2.984993e-03	1.040624e+00
3.311000e-05	-5.298427e-03	8.512765e-01
3.312000e-05	-5.412287e-03	7.677673e-01
3.313000e-05	-2.403198e-03	6.615779e-01
3.314000e-05	-2.495631e-03	4.862647e-01
3.315000e-05	-2.867032e-03	4.420515e-01
3.316000e-05	-5.671666e-03	3.377660e-01
3.317000e-05	-5.256335e-03	1.804478e-01
3.318000e-05	-3.556001e-03	3.112532e-02
3.319000e-05	-1.166279e-03	-6.370771e-02
3.320000e-05	-4.440582e-04	-1.669735e-01
3.321000e-05	-1.515125e-03	-2.525365e-01
3.322000e-05	-9.634483e-04	-3.789260e-01
3.323000e-05	-5.278555e-04	-4.726800e-01
3.324000e-05	-1.167741e-03	-5.894034e-01
3.325000e-05	-3.548387e-03	-7.548157e-01
3.326000e-05	-1.191137e-03	-7.909999e-01
3.327000e-05	3.275606e-02	-9.037893e-01
3.328000e-05	4.214544e-02	-1.041055e+00
3.329000e-05	-2.417785e-02	-1.264254e+00
3.330000e-05	-9.268170e-02	-1.504786e+00
3.331000e-05	-1.129361e-02	-1.577922e+00
3.332000e-05	7.452489e-02	-1.505895e+00
3.333000e-05	1.249942e-02	-1.671084e+00
3.334000e-05	-1.278194e-01	-1.842555e+00
3.335000e-05	8.455468e-02	-1.914211e+00
3.336000e-05	-5.464083e-04	-1.926814e+00
3.337000e-05	-9.819022e-02	-2.136345e+00
3.338000e-05	9.226521e-02	-2.285618e+00
3.339000e-05	3.327239e-02	-2.356396e+00
3.340000e-05	-1.662699e-01	-2.482234e+00
3.341000e-05	4.884305e-02	-2.597929e+00
3.342000e-05	9.945643e-02	-2.642604e+00
3.343000e-05	-8.467661e-02	-2.748422e+00
3.344000e-05	-6.897655e-03	-2.842605e+00
3.345000e-05	2.442069e-02	-2.977989e+00
3.346000e-05	-2.342445e-02	-3.158346e+00
3.347000e-05	5.911647e-02	-3.210451e+00
3.348000e-05	-2.629416e-02	-3.284262e+00
3.349000e-05	-7.592569e-02	-3.421078e+00
3.350000e-05	8.153811e-02	-3.484709e+00
3.351000e-05	-1.693011e-02	-3.556971e+00
3.352000e-05	-1.388636e-02	-3.703259e+00
3.353000e-05	2.995639e-02	-3.768877e+00
3.354000e-05	-5.999577e-02	-3.906216e+00
3.355000e-05	1.705589e-02	-4.021453e+00
3.356000e-05	6.238943e-02	-4.063735e+00
3.357000e-05	-3.014090e-02	-4.168900e+00
3.358000e-05	-2.707618e-02	-4.242554e+00
3.359000e-05	1.171844e-03	-4.336813e+00
3.360000e-05	1.962250e-02	-4.410499e+00
3.361000e-05	1.793935e-02	-4.483130e+00
3.362000e-05	-3.661322e-02	-4.567391e+00
3.363000e-05	-6.773061e-03	-4.644708e+00
3.364000e-05	1.598969e-02	-4.765215e+00
3.365000e-05	1.903968e-02	-4.749523e+00
3.366000e-05	1.224997e-02	-4.873734e+00
3.367000e-05	-3.755920e-02	-4.999495e+00
3.368000e-05	2.272757e-03	-5.083559e+00
3.369000e-05	1.052286e-02	-5.094742e+00
3.370000e-05	8.439304e-03	-5.209000e+00
3.371000e-05	-3.826337e-03	-5.270630e+00
3.372000e-05	-2.440191e-02	-5.365790e+00
3.373000e-05	1.327090e-02	-5.481709e+00
3.374000e-05	2.497414e-02	-5.517821e+00
3.375000e-05	2.437738e-04	-5.619000e+00
3.376000e-05	-1.352756e-02	-5.631551e+00
3.377000e-05	-1.329314e-02	-5.673708e+00
3.378000e-05	1.070459e-02	-5.708318e+00
3.379000e-05	1.653622e-02	-5.809875e+00
3.380000e-05	-1.158162e-02	-5.862599e+00
3.381000e-05	-1.051450e-02	-5.863709e+00
3.382000e-05	-1.409024e-03	-5.975366e+00
3.383000e-05	2.006655e-02	-5.998895e+00
3.384000e-05	8.604123e-03	-6.009972e+00
3.385000e-05	-1.634775e-02	-6.040050e+00
3.386000e-05	-6.186223e-03	-6.041128e+00
3.387000e-05	4.646296e-03	-6.083583e+00
3.388000e-05	1.374078e-02	-6.164337e+00
3.389000e-05	-4.338064e-03	-6.189922e+00
3.390000e-05	-1.342826e-02	-6.260499e+00
3.391000e-05	-3.670009e-04	-6.274098e+00
3.392000e-05	1.194700e-02	-6.314612e+00
3.393000e-05	9.971426e-03	-6.356770e+00
3.394000e-05	-7.348828e-03	-6.327894e+00
3.395000e-05	-9.391526e-03	-6.368895e+00
3.396000e-05	2.680313e-03	-6.388996e+00
3.397000e-05	1.035959e-02	-6.398423e+00
3.398000e-05	-4.634621e-04	-6.398974e+00
3.399000e-05	-1.121781e-02	-6.398499e+00
3.400000e-05	-4.644639e-03	-6.410000e+00
3.401000e-05	9.313660e-03	-6.379924e+00
3.402000e-05	9.060825e-03	-6.410024e+00
3.403000e-05	-3.790151e-03	-6.389499e+00
3.404000e-05	-7.787541e-03	-6.399974e+00
3.405000e-05	2.303166e-04	-6.409974e+00
3.406000e-05	8.519888e-03	-6.380971e+00
3.407000e-05	3.944301e-04	-6.388999e+00
3.408000e-05	-6.893438e-03	-6.399867e+00
3.409000e-05	-5.977548e-03	-6.377890e+00
3.410000e-05	4.895913e-03	-6.376320e+00
3.411000e-05	7.952555e-03	-6.335111e+00
3.412000e-05	-2.209159e-03	-6.344212e+00
3.413000e-05	-7.417439e-03	-6.301677e+00
3.414000e-05	-1.877866e-03	-6.239627e+00
3.415000e-05	6.515454e-03	-6.156345e+00
3.416000e-05	1.826845e-03	-6.104756e+00
3.417000e-05	-6.104435e-03	-6.063155e+00
3.418000e-05	-6.353256e-03	-6.050575e+00
3.419000e-05	1.806557e-03	-6.020448e+00
3.420000e-05	5.624229e-03	-5.999525e+00
3.421000e-05	-6.062356e-04	-5.978946e+00
3.422000e-05	-5.688654e-03	-5.945262e+00
3.423000e-05	-3.259098e-03	-5.903658e+00
3.424000e-05	4.288445e-03	-5.830055e+00
3.425000e-05	2.302087e-03	-5.777996e+00
3.426000e-05	-3.819739e-03	-5.755237e+00
3.427000e-05	-5.601989e-03	-5.652678e+00
3.428000e-05	-1.376698e-04	-5.650975e+00
3.429000e-05	3.077242e-03	-5.608947e+00
3.430000e-05	-1.142495e-03	-5.567286e+00
3.431000e-05	-5.272268e-03	-5.491579e+00
3.432000e-05	-3.322912e-03	-5.367511e+00
3.433000e-05	2.240694e-03	-5.273028e+00
3.434000e-05	2.078019e-03	-5.218993e+00
3.435000e-05	-1.834755e-03	-5.124235e+00
3.436000e-05	-5.152643e-03	-5.051156e+00
3.437000e-05	-5.256499e-04	-4.998394e+00
3.438000e-05	2.053898e-03	-4.905105e+00
3.439000e-05	-1.625091e-04	-4.745391e+00
3.440000e-05	-4.020362e-03	-4.663656e+00
3.441000e-05	-3.588573e-03	-4.610996e+00
3.442000e-05	1.395763e-03	-4.524816e+00
3.443000e-05	1.440219e-03	-4.473157e+00
3.444000e-05	-2.315562e-03	-4.440523e+00
3.445000e-05	-4.980827e-03	-4.337367e+00
3.446000e-05	-2.381816e-03	-4.282654e+00
3.447000e-05	8.606023e-04	-4.167899e+00
3.448000e-05	-3.505728e-04	-4.086133e+00
3.449000e-05	-3.719554e-03	-4.000076e+00
3.450000e-05	-4.611112e-03	-3.976867e+00
3.451000e-05	-5.726944e-04	-3.801023e+00
3.452000e-05	7.793608e-04	-3.684208e+00
3.453000e-05	-1.962710e-03	-3.609521e+00
3.454000e-05	-5.020131e-03	-3.536235e+00
3.455000e-05	-3.099944e-03	-3.440050e+00
3.456000e-05	-5.481363e-04	-3.315265e+00
3.457000e-05	-2.085128e-04	-3.241680e+00
3.458000e-05	-4.482564e-03	-3.187267e+00
3.459000e-05	-4.782317e-03	-3.022525e+00
3.460000e-05	-2.541674e-03	-2.892109e+00
3.461000e-05	-1.677030e-03	-2.757949e+00
3.462000e-05	-3.486295e-03	-2.694787e+00
3.463000e-05	-4.811680e-03	-2.589921e+00
3.464000e-05	-3.294285e-03	-2.482085e+00
3.465000e-05	-2.060734e-03	-2.399423e+00
3.466000e-05	-1.821783e-03	-2.284132e+00
3.467000e-05	-5.066815e-03	-2.135837e+00
3.468000e-05	-4.590541e-03	-2.011053e+00
3.469000e-05	-3.366245e-03	-1.924264e+00
3.470000e-05	-1.313961e-03	-1.851650e+00
3.471000e-05	-2.579011e-03	-1.703263e+00
3.472000e-05	-4.131460e-03	-1.599975e+00
3.473000e-05	-4.294393e-03	-1.544792e+00
3.474000e-05	-3.206482e-03	-1.336264e+00
3.475000e-05	-3.926177e-03	-1.209048e+00
3.476000e-05	-5.613671e-03	-1.074679e+00
3.477000e-05	-6.923539e-03	-9.778950e-01
3.478000e-05	-4.286528e-03	-8.811256e-01
3.479000e-05	-2.775288e-03	-7.799924e-01
3.480000e-05	-3.603033e-03	-6.380768e-01
3.481000e-05	-4.626977e-03	-4.622332e-01
3.482000e-05	-4.833994e-03	-3.983449e-01
3.483000e-05	-4.733076e-03	-2.431579e-01
3.484000e-05	-3.190636e-03	-1.279186e-01
3.485000e-05	-3.710448e-03	-8.360433e-02
3.486000e-05	-2.518569e-03	6.310508e-02
3.487000e-05	-1.976422e-03	1.579707e-01
3.488000e-05	-7.667500e-05	3.448655e-01
3.489000e-05	-1.693343e-03	3.905550e-01
3.490000e-05	-2.973168e-03	4.847368e-01
3.491000e-05	-5.006184e-03	5.904250e-01
3.492000e-05	-2.977479e-03	7.053404e-01
3.493000e-05	7.951290e-03	7.799787e-01
3.494000e-05	4.262059e-02	9.483917e-01
3.495000e-05	1.005524e-02	1.157371e+00
3.496000e-05	-3.611258e-02	1.284837e+00
3.497000e-05	-1.070228e-01	1.399449e+00
3.498000e-05	2.746817e-02	1.506256e+00
3.499000e-05	7.024400e-02	1.632151e+00
3.500000e-05	-3.488826e-02	1.797900e+00
3.501000e-05	-8.469716e-02	1.811528e+00
3.502000e-05	8.907299e-02	1.927293e+00
3.503000e-05	-1.196670e-02	2.114210e+00
3.504000e-05	-7.239133e-02	2.166293e+00
3.505000e-05	1.035428e-01	2.222023e+00
3.506000e-05	-3.716510e-02	2.377843e+00
3.507000e-05	-1.186872e-01	2.471113e+00
3.508000e-05	8.088469e-02	2.505763e+00
3.509000e-05	5.598549e-02	2.663263e+00
3.510000e-05	-8.022019e-02	2.830955e+00
3.511000e-05	5.799782e-03	2.853786e+00
3.512000e-05	-1.092533e-02	3.030551e+00
3.513000e-05	1.054508e-02	3.104734e+00
3.514000e-05	2.761971e-02	3.197950e+00
3.515000e-05	-4.156755e-02	3.273133e+00
3.516000e-05	-2.911970e-02	3.360003e+00
3.517000e-05	3.743795e-02	3.495442e+00
3.518000e-05	1.445129e-03	3.602053e+00
3.519000e-05	-1.104936e-02	3.696138e+00
3.520000e-05	-5.004572e-03	3.778049e+00
3.521000e-05	-5.158290e-02	3.926810e+00
3.522000e-05	2.952174e-02	3.958421e+00
3.523000e-05	2.789000e-02	4.012053e+00
3.524000e-05	-2.607540e-02	4.136838e+00
3.525000e-05	-3.703584e-02	4.304709e+00
3.526000e-05	1.317399e-02	4.369823e+00
3.527000e-05	2.059049e-02	4.440553e+00
3.528000e-05	-1.015758e-02	4.517337e+00
3.529000e-05	-2.375328e-02	4.600600e+00
3.530000e-05	-2.577257e-02	4.694190e+00
3.531000e-05	1.694970e-02	4.757342e+00
3.532000e-05	1.228736e-02	4.831051e+00
3.533000e-05	-8.005198e-03	4.864190e+00
3.534000e-05	-3.224517e-02	5.061503e+00
3.535000e-05	-1.792844e-03	5.127216e+00
3.536000e-05	1.226581e-02	5.220551e+00
3.537000e-05	3.333075e-03	5.245235e+00
3.538000e-05	-2.222744e-02	5.356870e+00
3.539000e-05	-2.603484e-02	5.411051e+00
3.540000e-05	1.091512e-02	5.483129e+00
3.541000e-05	8.477543e-03	5.506285e+00
3.542000e-05	-4.386463e-03	5.569943e+00
3.543000e-05	-2.614876e-02	5.600500e+00
3.544000e-05	-8.167519e-03	5.672104e+00
3.545000e-05	7.414460e-03	5.725212e+00
3.546000e-05	5.465374e-03	5.819887e+00
3.547000e-05	-1.596144e-02	5.844604e+00
3.548000e-05	-2.249896e-02	5.937416e+00
3.549000e-05	1.178190e-03	5.959421e+00
3.550000e-05	7.748524e-03	6.000024e+00
3.551000e-05	-1.844617e-03	6.010578e+00
3.552000e-05	-2.331043e-02	6.023054e+00
3.553000e-05	-1.040111e-02	6.053733e+00
3.554000e-05	2.324368e-03	6.096789e+00
3.555000e-05	4.122867e-03	6.148366e+00
3.556000e-05	-1.250469e-02	6.157947e+00
3.557000e-05	-1.872077e-02	6.179999e+00
3.558000e-05	-3.554183e-03	6.231025e+00
3.559000e-05	4.957348e-03	6.231604e+00
3.560000e-05	-3.481156e-04	6.251579e+00
3.561000e-05	-1.774052e-02	6.292236e+00
3.562000e-05	-1.317291e-02	6.284257e+00
3.563000e-05	-1.440691e-03	6.346707e+00
3.564000e-05	4.766841e-03	6.313812e+00
3.565000e-05	-9.642120e-03	6.316789e+00
3.566000e-05	-1.717354e-02	6.346387e+00
3.567000e-05	-8.138794e-03	6.366414e+00
3.568000e-05	1.047183e-03	6.327342e+00
3.569000e-05	-1.783443e-04	6.327791e+00
3.570000e-05	-1.392109e-02	6.377837e+00
3.571000e-05	-1.348976e-02	6.326818e+00
3.572000e-05	-4.681606e-03	6.317365e+00
3.573000e-05	2.937754e-03	6.336338e+00
3.574000e-05	-6.292792e-03	6.343786e+00
3.575000e-05	-1.425699e-02	6.304084e+00
3.576000e-05	-9.335668e-03	6.253706e+00
3.577000e-05	1.389800e-04	6.263100e+00
3.578000e-05	1.099214e-03	6.250051e+00
3.579000e-05	-1.038482e-02	6.211499e+00
3.580000e-05	-1.292949e-02	6.179921e+00
3.581000e-05	-7.846519e-03	6.147415e+00
3.582000e-05	8.730347e-04	6.125336e+00
3.583000e-05	-4.062722e-03	6.082706e+00
3.584000e-05	-1.243674e-02	6.030553e+00
3.585000e-05	-1.047126e-02	6.030553e+00
3.586000e-05	-1.852593e-03	6.010074e+00
3.587000e-05	-2.585160e-04	5.979449e+00
3.588000e-05	-7.680244e-03	5.918363e+00
3.589000e-05	-1.131951e-02	5.886255e+00
3.590000e-05	-7.291380e-03	5.833195e+00
3.591000e-05	-1.587963e-04	5.746362e+00
3.592000e-05	-3.234768e-03	5.672154e+00
3.593000e-05	-9.819450e-03	5.609525e+00
3.594000e-05	-1.029232e-02	5.588918e+00
3.595000e-05	-3.552584e-03	5.577417e+00
3.596000e-05	-7.462868e-04	5.485107e+00
3.597000e-05	-6.128526e-03	5.389500e+00
3.598000e-05	-1.020051e-02	5.369370e+00
3.599000e-05	-8.561296e-03	5.316186e+00
3.600000e-05	-2.537546e-03	5.241000e+00
3.601000e-05	-2.833964e-03	5.169486e+00
3.602000e-05	-7.788743e-03	5.053524e+00
3.603000e-05	-1.035338e-02	4.896185e+00
3.604000e-05	-6.495074e-03	4.842050e+00
3.605000e-05	-3.184289e-03	4.769869e+00
3.606000e-05	-4.762279e-03	4.715257e+00
3.607000e-05	-8.452323e-03	4.602101e+00
3.608000e-05	-8.343578e-03	4.578434e+00
3.609000e-05	-2.913371e-03	4.443554e+00
3.610000e-05	-2.763215e-03	4.399974e+00
3.611000e-05	-7.311713e-03	4.377315e+00
3.612000e-05	-9.728085e-03	4.189975e+00
3.613000e-05	-7.322212e-03	4.093206e+00
3.614000e-05	-3.640797e-03	4.010999e+00
3.615000e-05	-4.452602e-03	3.917837e+00
3.616000e-05	-7.037434e-03	3.873153e+00
3.617000e-05	-6.872299e-03	3.778892e+00
3.618000e-05	-4.386514e-03	3.672153e+00
3.619000e-05	-3.248887e-03	3.570574e+00
3.620000e-05	-5.420832e-03	3.555687e+00
3.621000e-05	-8.188478e-03	3.368463e+00
3.622000e-05	-6.576493e-03	3.252575e+00
3.623000e-05	-3.452420e-03	3.178394e+00
3.624000e-05	-4.624568e-03	3.043634e+00
3.625000e-05	-7.236367e-03	2.988895e+00
3.626000e-05	-7.046325e-03	2.863682e+00
3.627000e-05	-4.371792e-03	2.810495e+00
3.628000e-05	-2.925910e-03	2.686182e+00
3.629000e-05	-4.836151e-03	2.507338e+00
3.630000e-05	-7.284423e-03	2.419124e+00
3.631000e-05	-6.621019e-03	2.325862e+00
3.632000e-05	-4.130760e-03	2.200021e+00
3.633000e-05	-4.273863e-03	2.095211e+00
3.634000e-05	-5.807819e-03	2.020024e+00
3.635000e-05	-5.989547e-03	1.935833e+00
3.636000e-05	-3.685056e-03	1.799995e+00
3.637000e-05	-2.007860e-03	1.684703e+00
3.638000e-05	-3.833544e-03	1.518360e+00
3.639000e-05	-5.317843e-03	1.471079e+00
3.640000e-05	-5.518815e-03	1.334262e+00
3.641000e-05	-3.906840e-03	1.199971e+00
3.642000e-05	-3.374438e-03	1.063227e+00
3.643000e-05	-5.379889e-03	8.946581e-01
3.644000e-05	-5.388303e-03	7.885199e-01
3.645000e-05	-4.741523e-03	6.851357e-01
3.646000e-05	-3.414219e-03	5.489200e-01
3.647000e-05	-2.916992e-03	4.731318e-01
3.648000e-05	-4.476451e-03	3.574176e-01
3.649000e-05	-6.007740e-03	2.320527e-01
3.650000e-05	-3.042058e-03	8.365927e-02
3.651000e-05	-1.940722e-03	-3.098251e-02
3.652000e-05	-9.392996e-04	-1.163434e-01
3.653000e-05	-2.409562e-03	-2.310789e-01
3.654000e-05	-2.560495e-03	-3.368946e-01
3.655000e-05	-1.220396e-03	-4.100275e-01
3.656000e-05	-3.335434e-04	-5.171879e-01
3.657000e-05	-3.286642e-03	-6.537617e-01
3.658000e-05	-2.534627e-03	-7.999498e-01
3.659000e-05	1.554139e-02	-8.632340e-01
3.660000e-05	5.869893e-02	-9.584521e-01
3.661000e-05	-1.402399e-02	-1.139853e+00
3.662000e-05	-5.550041e-02	-1.430683e+00
3.663000e-05	-9.222934e-02	-1.597873e+00
3.664000e-05	8.661859e-02	-1.546791e+00
3.665000e-05	5.450250e-02	-1.579975e+00
3.666000e-05	-1.330936e-01	-1.819925e+00
3.667000e-05	4.229557e-02	-1.863688e+00
3.668000e-05	3.716317e-02	-1.874736e+00
3.669000e-05	-7.690437e-02	-2.051659e+00
3.670000e-05	1.932650e-02	-2.254637e+00
3.671000e-05	9.851811e-02	-2.286346e+00
3.672000e-05	-1.192507e-01	-2.420530e+00
3.673000e-05	-3.512589e-02	-2.536371e+00
3.674000e-05	1.327091e-01	-2.630553e+00
3.675000e-05	-3.162745e-02	-2.726344e+00
3.676000e-05	-6.846263e-02	-2.800478e+00
3.677000e-05	4.933852e-02	-2.894688e+00
3.678000e-05	-3.276606e-02	-3.044237e+00
3.679000e-05	4.039559e-02	-3.188376e+00
3.680000e-05	1.852881e-02	-3.262683e+00
3.681000e-05	-9.224725e-02	-3.369474e+00
3.682000e-05	4.515416e-02	-3.473587e+00
3.683000e-05	3.332285e-02	-3.545920e+00
3.684000e-05	-3.515773e-02	-3.672105e+00
3.685000e-05	3.115783e-02	-3.695347e+00
3.686000e-05	-3.092257e-02	-3.873235e+00
3.687000e-05	-3.501026e-02	-3.989374e+00
3.688000e-05	7.668047e-02	-4.042059e+00
3.689000e-05	-6.015931e-03	-4.136271e+00
3.690000e-05	-3.835506e-02	-4.241529e+00
3.691000e-05	1.454911e-03	-4.306786e+00
3.692000e-05	8.347956e-03	-4.389024e+00
3.693000e-05	3.098066e-02	-4.442005e+00
3.694000e-05	-2.784616e-02	-4.526337e+00
3.695000e-05	-2.116992e-02	-4.631577e+00
3.696000e-05	8.844712e-03	-4.713768e+00
3.697000e-05	1.743270e-02	-4.719872e+00
3.698000e-05	2.141424e-02	-4.871155e+00
3.699000e-05	-2.468957e-02	-4.956345e+00
3.700000e-05	-1.172763e-02	-5.031076e+00
3.701000e-05	1.415148e-02	-5.095236e+00
3.702000e-05	9.587626e-03	-5.199472e+00
3.703000e-05	1.744448e-03	-5.241054e+00
3.704000e-05	-2.077542e-02	-5.304812e+00
3.705000e-05	-9.273589e-03	-5.422553e+00
3.706000e-05	2.986956e-02	-5.516939e+00
3.707000e-05	4.646496e-03	-5.597995e+00
3.708000e-05	-7.508906e-03	-5.610076e+00
3.709000e-05	-1.514341e-02	-5.702132e+00
3.710000e-05	1.133322e-03	-5.705362e+00
3.711000e-05	2.283142e-02	-5.779372e+00
3.712000e-05	-4.996271e-03	-5.821000e+00
3.713000e-05	-1.128360e-02	-5.852079e+00
3.714000e-05	-1.067421e-02	-5.934791e+00
3.715000e-05	1.413211e-02	-5.919395e+00
3.716000e-05	1.523731e-02	-5.968924e+00
3.717000e-05	-9.984072e-03	-6.000000e+00
3.718000e-05	-1.033463e-02	-6.061626e+00
3.719000e-05	1.790693e-03	-6.072659e+00
3.720000e-05	1.428175e-02	-6.125216e+00
3.721000e-05	3.054181e-03	-6.134867e+00
3.722000e-05	-1.266109e-02	-6.227901e+00
3.723000e-05	-8.786802e-03	-6.231558e+00
3.724000e-05	7.343929e-03	-6.324133e+00
3.725000e-05	1.016092e-02	-6.346239e+00
3.726000e-05	-1.149113e-03	-6.338371e+00
3.727000e-05	-1.120556e-02	-6.377391e+00
3.728000e-05	-7.769009e-04	-6.378873e+00
3.729000e-05	1.250380e-02	-6.388474e+00
3.730000e-05	4.832548e-03	-6.399495e+00
3.731000e-05	-6.475045e-03	-6.389474e+00
3.732000e-05	-1.022067e-02	-6.388971e+00
3.733000e-05	4.492943e-03	-6.389499e+00
3.734000e-05	7.925152e-03	-6.399049e+00
3.735000e-05	4.192243e-04	-6.389025e+00
3.736000e-05	-7.831569e-03	-6.419526e+00
3.737000e-05	-3.385957e-03	-6.399501e+00
3.738000e-05	7.389872e-03	-6.399898e+00
3.739000e-05	4.842385e-03	-6.388924e+00
3.740000e-05	-3.540203e-03	-6.378446e+00
3.741000e-05	-8.774425e-03	-6.378919e+00
3.742000e-05	1.204980e-03	-6.356816e+00
3.743000e-05	7.490257e-03	-6.327312e+00
3.744000e-05	1.767448e-03	-6.313266e+00
3.745000e-05	-7.805929e-03	-6.302078e+00
3.746000e-05	-4.838096e-03	-6.241003e+00
3.747000e-05	5.749975e-03	-6.219868e+00
3.748000e-05	4.731641e-03	-6.114236e+00
3.749000e-05	-1.469722e-03	-6.094208e+00
3.750000e-05	-7.698532e-03	-6.050604e+00
3.751000e-05	-3.933551e-04	-6.020050e+00
3.752000e-05	4.280105e-03	-5.989472e+00
3.753000e-05	1.559681e-03	-5.978471e+00
3.754000e-05	-5.707455e-03	-5.947791e+00
3.755000e-05	-5.632007e-03	-5.875634e+00
3.756000e-05	9.085552e-04	-5.830504e+00
3.757000e-05	4.288737e-03	-5.790001e+00
3.758000e-05	-7.165334e-04	-5.796915e+00
3.759000e-05	-5.915034e-03	-5.686133e+00
3.760000e-05	-1.069881e-03	-5.649680e+00
3.761000e-05	4.136322e-03	-5.609051e+00
3.762000e-05	2.945366e-03	-5.567813e+00
3.763000e-05	-4.234778e-03	-5.464216e+00
3.764000e-05	-6.170057e-03	-5.407565e+00
3.765000e-05	-8.343765e-04	-5.303658e+00
3.766000e-05	2.531151e-03	-5.211025e+00
3.767000e-05	-1.011411e-05	-5.135845e+00
3.768000e-05	-5.136684e-03	-5.093205e+00
3.769000e-05	-2.911192e-03	-5.030899e+00
3.770000e-05	1.564448e-03	-4.914783e+00
3.771000e-05	2.356639e-03	-4.826877e+00
3.772000e-05	-2.847583e-03	-4.715209e+00
3.773000e-05	-5.604335e-03	-4.612053e+00
3.774000e-05	-1.889331e-03	-4.568920e+00
3.775000e-05	2.981962e-03	-4.484732e+00
3.776000e-05	3.716334e-04	-4.450000e+00
3.777000e-05	-4.679339e-03	-4.367844e+00
3.778000e-05	-4.797526e-03	-4.283683e+00
3.779000e-05	8.776978e-05	-4.240023e+00
3.780000e-05	1.830217e-03	-4.154742e+00
3.781000e-05	-1.616123e-03	-4.001554e+00
3.782000e-05	-4.887677e-03	-3.967895e+00
3.783000e-05	-3.342057e-03	-3.921628e+00
3.784000e-05	1.740858e-04	-3.693358e+00
3.785000e-05	-1.011891e-03	-3.631075e+00
3.786000e-05	-4.380026e-03	-3.538866e+00
3.787000e-05	-5.352702e-03	-3.471603e+00
3.788000e-05	-2.650939e-03	-3.376469e+00
3.789000e-05	1.214763e-03	-3.262654e+00
3.790000e-05	-1.934006e-03	-3.188969e+00
3.791000e-05	-4.228844e-03	-3.115662e+00
3.792000e-05	-3.616751e-03	-2.905860e+00
3.793000e-05	-7.339922e-04	-2.811078e+00
3.794000e-05	-9.021880e-04	-2.747238e+00
3.795000e-05	-4.958145e-03	-2.640024e+00
3.796000e-05	-5.793614e-03	-2.504790e+00
3.797000e-05	-4.318385e-03	-2.430026e+00
3.798000e-05	-9.662495e-04	-2.346767e+00
3.799000e-05	-2.475223e-03	-2.146943e+00
3.800000e-05	-5.331927e-03	-2.022179e+00
3.801000e-05	-6.231532e-03	-1.946867e+00
3.802000e-05	-1.300747e-03	-1.871629e+00
3.803000e-05	-1.194347e-03	-1.727316e+00
3.804000e-05	-3.445986e-03	-1.631575e+00
3.805000e-05	-5.711375e-03	-1.557420e+00
3.806000e-05	-3.655936e-03	-1.379977e+00
3.807000e-05	-4.002162e-03	-1.242627e+00
3.808000e-05	-3.401138e-03	-1.086788e+00
3.809000e-05	-5.991006e-03	-1.008548e+00
3.810000e-05	-5.653159e-03	-8.837143e-01
3.811000e-05	-2.427922e-03	-8.290265e-01
3.812000e-05	-2.331524e-03	-6.932094e-01
3.813000e-05	-3.402246e-03	-5.053396e-01
3.814000e-05	-4.550838e-03	-4.110753e-01
3.815000e-05	-5.487792e-03	-3.442369e-01
3.816000e-05	-4.844347e-03	-1.915728e-01
3.817000e-05	-4.567135e-03	-6.320434e-02
3.818000e-05	-3.169932e-03	9.275691e-04
3.819000e-05	-1.303960e-03	5.624067e-02
3.820000e-05	-5.344690e-04	2.951613e-01
3.821000e-05	6.047284e-04	3.894261e-01
3.822000e-05	-1.466016e-03	4.541303e-01
3.823000e-05	-3.573233e-03	5.988721e-01
3.824000e-05	-4.094138e-03	6.741831e-01
3.825000e-05	2.753891e-03	7.694473e-01
3.826000e-05	3.261898e-02	9.151605e-01
3.827000e-05	2.929859e-02	1.086216e+00
3.828000e-05	-2.581832e-02	1.294708e+00
3.829000e-05	-8.856623e-02	1.398900e+00
3.830000e-05	-3.775874e-02	1.455005e+00
3.831000e-05	9.116243e-02	1.569080e+00
3.832000e-05	2.063506e-02	1.727795e+00
3.833000e-05	-1.420359e-01	1.789025e+00
3.834000e-05	7.311911e-02	1.863685e+00
3.835000e-05	7.349228e-03	2.051028e+00
3.836000e-05	-7.346333e-02	2.147371e+00
3.837000e-05	6.110394e-02	2.147897e+00
3.838000e-05	2.954057e-02	2.334713e+00
3.839000e-05	-1.272656e-01	2.411555e+00
3.840000e-05	1.970935e-02	2.496138e+00
3.841000e-05	9.401498e-02	2.671155e+00
3.842000e-05	-5.042016e-02	2.768896e+00
3.843000e-05	-3.035449e-02	2.883134e+00
3.844000e-05	-1.594042e-03	2.958446e+00
3.845000e-05	1.681534e-03	3.074160e+00
3.846000e-05	2.283210e-02	3.168341e+00
3.847000e-05	-9.055069e-03	3.204055e+00
3.848000e-05	-6.200140e-02	3.338464e+00
3.849000e-05	3.574620e-02	3.484283e+00
3.850000e-05	5.749264e-03	3.578925e+00
3.851000e-05	-4.184900e-03	3.642602e+00
3.852000e-05	-2.948422e-03	3.777922e+00
3.853000e-05	-4.346643e-02	3.843604e+00
3.854000e-05	1.420099e-04	3.957370e+00
3.855000e-05	3.859675e-02	3.990001e+00
3.856000e-05	-2.140597e-03	4.114308e+00
3.857000e-05	-5.241112e-02	4.241531e+00
3.858000e-05	6.092881e-03	4.346898e+00
3.859000e-05	1.503330e-02	4.411552e+00
3.860000e-05	7.266950e-03	4.464707e+00
3.861000e-05	-2.643197e-02	4.558422e+00
3.862000e-05	-2.436900e-02	4.673708e+00
3.863000e-05	7.845310e-04	4.726343e+00
3.864000e-05	2.047190e-02	4.800948e+00
3.865000e-05	3.222456e-03	4.892155e+00
3.866000e-05	-3.539280e-02	5.010445e+00
3.867000e-05	-9.577395e-03	5.146039e+00
3.868000e-05	3.725205e-03	5.211425e+00
3.869000e-05	1.471019e-02	5.263580e+00
3.870000e-05	-1.786335e-02	5.335787e+00
3.871000e-05	-2.480249e-02	5.409099e+00
3.872000e-05	-3.100034e-03	5.422079e+00
3.873000e-05	1.608353e-02	5.504740e+00
3.874000e-05	2.517363e-03	5.588393e+00
3.875000e-05	-2.604852e-02	5.579547e+00
3.876000e-05	-1.524210e-02	5.650624e+00
3.877000e-05	-9.615175e-04	5.674233e+00
3.878000e-05	1.245482e-02	5.775838e+00
3.879000e-05	-1.293076e-02	5.849548e+00
3.880000e-05	-2.144227e-02	5.905260e+00
3.881000e-05	-9.918690e-03	5.978346e+00
3.882000e-05	1.105946e-02	5.999972e+00
3.883000e-05	4.820495e-03	6.031000e+00
3.884000e-05	-1.891704e-02	6.041028e+00
3.885000e-05	-1.630613e-02	6.053632e+00
3.886000e-05	-3.742970e-03	6.125787e+00
3.887000e-05	8.936830e-03	6.125863e+00
3.888000e-05	-8.541934e-03	6.178445e+00
3.889000e-05	-1.821401e-02	6.198496e+00
3.890000e-05	-1.205118e-02	6.199975e+00
3.891000e-05	5.029753e-03	6.231502e+00
3.892000e-05	3.713669e-03	6.252052e+00
3.893000e-05	-1.228667e-02	6.282628e+00
3.894000e-05	-1.601777e-02	6.283256e+00
3.895000e-05	-7.151019e-03	6.355738e+00
3.896000e-05	6.842332e-03	6.365187e+00
3.897000e-05	-4.957312e-03	6.325816e+00
3.898000e-05	-1.585056e-02	6.345888e+00
3.899000e-05	-1.482999e-02	6.348342e+00
3.900000e-05	4.089343e-04	6.348940e+00
3.901000e-05	3.423537e-03	6.347816e+00
3.902000e-05	-7.533553e-03	6.375341e+00
3.903000e-05	-1.454288e-02	6.368311e+00
3.904000e-05	-8.175796e-03	6.365815e+00
3.905000e-05	2.916648e-03	6.324736e+00
3.906000e-05	-3.988344e-03	6.323788e+00
3.907000e-05	-1.358427e-02	6.254206e+00
3.908000e-05	-1.607612e-02	6.265607e+00
3.909000e-05	-2.722182e-03	6.252604e+00
3.910000e-05	2.271604e-03	6.243008e+00
3.911000e-05	-5.053850e-03	6.220050e+00
3.912000e-05	-1.320601e-02	6.199549e+00
3.913000e-05	-9.656519e-03	6.187941e+00
3.914000e-05	9.283894e-04	6.117317e+00
3.915000e-05	-1.817590e-03	6.123811e+00
3.916000e-05	-9.570464e-03	6.051658e+00
3.917000e-05	-1.438147e-02	6.020575e+00
3.918000e-05	-4.611730e-03	6.011050e+00
3.919000e-05	-1.393145e-04	6.000449e+00
3.920000e-05	-4.639760e-03	5.956864e+00
3.921000e-05	-1.059010e-02	5.937180e+00
3.922000e-05	-9.158380e-03	5.842076e+00
3.923000e-05	-1.357372e-03	5.786321e+00
3.924000e-05	-1.772940e-03	5.681704e+00
3.925000e-05	-7.355286e-03	5.652024e+00
3.926000e-05	-1.297602e-02	5.599971e+00
3.927000e-05	-7.071205e-03	5.578918e+00
3.928000e-05	-2.102513e-03	5.484207e+00
3.929000e-05	-3.669236e-03	5.430625e+00
3.930000e-05	-9.508276e-03	5.357874e+00
3.931000e-05	-8.979510e-03	5.345838e+00
3.932000e-05	-2.718762e-03	5.263101e+00
3.933000e-05	-8.581960e-04	5.209395e+00
3.934000e-05	-6.137966e-03	5.074601e+00
3.935000e-05	-1.110198e-02	4.957261e+00
3.936000e-05	-8.761491e-03	4.841602e+00
3.937000e-05	-3.942347e-03	4.789424e+00
3.938000e-05	-3.869833e-03	4.746315e+00
3.939000e-05	-8.356668e-03	4.682632e+00
3.940000e-05	-1.001871e-02	4.598871e+00
3.941000e-05	-4.102096e-03	4.492627e+00
3.942000e-05	-1.625795e-03	4.431048e+00
3.943000e-05	-3.994319e-03	4.386944e+00
3.944000e-05	-8.846682e-03	4.263657e+00
3.945000e-05	-7.696654e-03	4.174830e+00
3.946000e-05	-4.245898e-03	4.041100e+00
3.947000e-05	-3.790687e-03	3.977892e+00
3.948000e-05	-7.292572e-03	3.894283e+00
3.949000e-05	-9.081775e-03	3.810996e+00
3.950000e-05	-5.413152e-03	3.684258e+00
3.951000e-05	-1.662375e-03	3.630999e+00
3.952000e-05	-3.282665e-03	3.567820e+00
3.953000e-05	-7.017726e-03	3.419871e+00
3.954000e-05	-7.046180e-03	3.243658e+00
3.955000e-05	-4.615525e-03	3.199448e+00
3.956000e-05	-3.674423e-03	3.115286e+00
3.957000e-05	-6.401505e-03	3.008024e+00
3.958000e-05	-8.343126e-03	2.936183e+00
3.959000e-05	-5.797900e-03	2.811074e+00
3.960000e-05	-2.731447e-03	2.734811e+00
3.961000e-05	-2.908518e-03	2.639497e+00
3.962000e-05	-5.689950e-03	2.452104e+00
3.963000e-05	-5.608671e-03	2.356869e+00
3.964000e-05	-4.526128e-03	2.253028e+00
3.965000e-05	-3.668487e-03	2.157836e+00
3.966000e-05	-5.475678e-03	2.071579e+00
3.967000e-05	-7.126558e-03	1.978367e+00
3.968000e-05	-6.863299e-03	1.832095e+00
3.969000e-05	-4.488750e-03	1.676316e+00
3.970000e-05	-3.748185e-03	1.651974e+00
3.971000e-05	-4.252436e-03	1.474232e+00
3.972000e-05	-5.418557e-03	1.356719e+00
3.973000e-05	-3.860930e-03	1.224550e+00
3.974000e-05	-3.019178e-03	1.086362e+00
3.975000e-05	-4.048123e-03	9.468711e-01
3.976000e-05	-5.459167e-03	8.220502e-01
3.977000e-05	-5.256787e-03	7.162384e-01
3.978000e-05	-4.333340e-03	6.100214e-01
3.979000e-05	-3.712745e-03	4.736069e-01
3.980000e-05	-4.505303e-03	3.984924e-01
3.981000e-05	-5.583765e-03	3.036596e-01
3.982000e-05	-3.550143e-03	1.458347e-01
3.983000e-05	-1.109350e-03	2.004875e-02
3.984000e-05	3.515636e-04	-5.428791e-02
3.985000e-05	5.367540e-04	-1.895261e-01
3.986000e-05	-2.300394e-03	-3.047919e-01
3.987000e-05	-2.774799e-03	-3.704262e-01
3.988000e-05	-2.959076e-03	-4.741577e-01
3.989000e-05	-3.487156e-03	-6.296314e-01
3.990000e-05	-4.147127e-03	-7.568695e-01
3.991000e-05	4.864539e-03	-8.515803e-01
3.992000e-05	5.449184e-02	-9.763682e-01
3.993000e-05	1.287608e-02	-1.064317e+00
3.994000e-05	-3.225778e-02	-1.347949e+00
3.995000e-05	-1.194292e-01	-1.557368e+00
3.996000e-05	6.264893e-02	-1.576393e+00
3.997000e-05	5.600042e-02	-1.557847e+00
3.998000e-05	-7.063947e-02	-1.716867e+00
3.999000e-05	-4.039931e-02	-1.873737e+00
4.000000e-05	8.612966e-02	-1.853659e+00
4.001000e-05	-3.845494e-02	-1.928471e+00
4.002000e-05	-5.990902e-02	-2.210009e+00
4.003000e-05	1.255645e-01	-2.365348e+00
4.004000e-05	-4.581811e-02	-2.367999e+00
4.005000e-05	-1.355246e-01	-2.526262e+00
4.006000e-05	1.137399e-01	-2.599953e+00
4.007000e-05	3.815626e-02	-2.695760e+00
4.008000e-05	-1.003910e-01	-2.789452e+00
4.009000e-05	4.072421e-02	-2.853110e+00
4.010000e-05	-1.423014e-02	-3.001051e+00
4.011000e-05	7.276572e-03	-3.167371e+00
4.012000e-05	4.968567e-02	-3.232078e+00
4.013000e-05	-6.995240e-02	-3.338866e+00
4.014000e-05	-1.541879e-02	-3.440138e+00
4.015000e-05	7.559693e-02	-3.516764e+00
4.016000e-05	-3.947905e-02	-3.582076e+00
4.017000e-05	1.377675e-02	-3.686216e+00
4.018000e-05	5.304457e-03	-3.801524e+00
4.019000e-05	-6.678111e-02	-3.937721e+00
4.020000e-05	6.105049e-02	-4.020551e+00
4.021000e-05	2.507817e-02	-4.116313e+00
4.022000e-05	-3.845106e-02	-4.219903e+00
4.023000e-05	-6.686055e-03	-4.284107e+00
4.024000e-05	3.561592e-03	-4.368417e+00
4.025000e-05	3.244941e-02	-4.411051e+00
4.026000e-05	-6.784825e-03	-4.464179e+00
4.027000e-05	-3.239460e-02	-4.568925e+00
4.028000e-05	8.256389e-04	-4.655786e+00
4.029000e-05	1.560100e-02	-4.756293e+00
4.030000e-05	1.910136e-02	-4.790405e+00
4.031000e-05	-5.074884e-03	-4.944767e+00
4.032000e-05	-2.973156e-02	-4.958099e+00
4.033000e-05	1.548321e-02	-5.103634e+00
4.034000e-05	1.137278e-02	-5.135870e+00
4.035000e-05	6.718847e-03	-5.241077e+00
4.036000e-05	-1.150243e-02	-5.285284e+00
4.037000e-05	-2.180906e-02	-5.381430e+00
4.038000e-05	2.622010e-02	-5.514693e+00
4.039000e-05	1.000795e-02	-5.548946e+00
4.040000e-05	-4.808856e-03	-5.619975e+00
4.041000e-05	-1.474490e-02	-5.632551e+00
4.042000e-05	-5.809527e-03	-5.675210e+00
4.043000e-05	2.121998e-02	-5.747396e+00
4.044000e-05	5.619042e-03	-5.769978e+00
4.045000e-05	-1.171208e-02	-5.832105e+00
4.046000e-05	-1.188950e-02	-5.914708e+00
4.047000e-05	6.514272e-03	-5.936869e+00
4.048000e-05	1.810557e-02	-5.998974e+00
4.049000e-05	-2.529487e-03	-5.998997e+00
4.050000e-05	-1.693945e-02	-6.021024e+00
4.051000e-05	-1.966359e-03	-6.061632e+00
4.052000e-05	1.135700e-02	-6.073160e+00
4.053000e-05	1.149369e-02	-6.145717e+00
4.054000e-05	-8.939573e-03	-6.157420e+00
4.055000e-05	-1.143045e-02	-6.242076e+00
4.056000e-05	6.430967e-03	-6.282507e+00
4.057000e-05	1.044566e-02	-6.284788e+00
4.058000e-05	3.562366e-03	-6.336795e+00
4.059000e-05	-1.355714e-02	-6.338444e+00
4.060000e-05	-6.143701e-03	-6.398395e+00
4.061000e-05	7.874993e-03	-6.377899e+00
4.062000e-05	9.244725e-03	-6.399395e+00
4.063000e-05	-2.693497e-03	-6.399399e+00
4.064000e-05	-1.126263e-02	-6.389974e+00
4.065000e-05	2.101424e-03	-6.399975e+00
4.066000e-05	9.673857e-03	-6.388976e+00
4.067000e-05	5.088388e-03	-6.400050e+00
4.068000e-05	-9.307365e-03	-6.399975e+00
4.069000e-05	-6.763361e-03	-6.399474e+00
4.070000e-05	3.517005e-03	-6.389446e+00
4.071000e-05	7.765258e-03	-6.368950e+00
4.072000e-05	-1.687481e-03	-6.369899e+00
4.073000e-05	-7.640952e-03	-6.378947e+00
4.074000e-05	-1.114343e-03	-6.356417e+00
4.075000e-05	7.401539e-03	-6.325787e+00
4.076000e-05	6.122852e-03	-6.334285e+00
4.077000e-05	-6.873587e-03	-6.274634e+00
4.078000e-05	-6.875939e-03	-6.241085e+00
4.079000e-05	5.628566e-04	-6.189999e+00
4.080000e-05	5.789198e-03	-6.157313e+00
4.081000e-05	-5.381547e-04	-6.115158e+00
4.082000e-05	-6.576088e-03	-6.062054e+00
4.083000e-05	-1.249682e-03	-6.040028e+00
4.084000e-05	6.135583e-03	-6.009499e+00
4.085000e-05	4.470568e-03	-5.998474e+00
4.086000e-05	-3.951269e-03	-5.946796e+00
4.087000e-05	-6.814779e-03	-5.924759e+00
4.088000e-05	-1.229242e-03	-5.872532e+00
4.089000e-05	4.401836e-03	-5.799004e+00
4.090000e-05	-6.348775e-04	-5.797866e+00
4.091000e-05	-6.036704e-03	-5.715836e+00
4.092000e-05	-4.003822e-03	-5.691630e+00
4.093000e-05	3.345162e-03	-5.610521e+00
4.094000e-05	4.094834e-03	-5.578895e+00
4.095000e-05	-2.431489e-03	-5.534836e+00
4.096000e-05	-4.658186e-03	-5.421472e+00
4.097000e-05	-9.348276e-04	-5.313259e+00
4.098000e-05	3.819356e-03	-5.241500e+00
4.099000e-05	-5.014909e-05	-5.168821e+00
4.100000e-05	-4.859480e-03	-5.084162e+00
4.101000e-05	-5.107896e-03	-5.030525e+00
4.102000e-05	1.524403e-03	-4.917362e+00
4.103000e-05	3.336402e-03	-4.830075e+00
4.104000e-05	-1.448569e-03	-4.745334e+00
4.105000e-05	-4.471884e-03	-4.622084e+00
4.106000e-05	-2.097986e-03	-4.590020e+00
4.107000e-05	1.833669e-03	-4.516239e+00
4.108000e-05	5.557635e-05	-4.450575e+00
4.109000e-05	-5.343055e-03	-4.379998e+00
4.110000e-05	-6.206081e-03	-4.304341e+00
4.111000e-05	-1.494325e-03	-4.231600e+00
4.112000e-05	2.267854e-03	-4.146893e+00
4.113000e-05	-6.788272e-04	-4.082627e+00
4.114000e-05	-3.100128e-03	-4.008471e+00
4.115000e-05	-2.191724e-03	-3.925838e+00
4.116000e-05	1.691976e-03	-3.757421e+00
4.117000e-05	5.768950e-04	-3.652155e+00
4.118000e-05	-3.934067e-03	-3.568396e+00
4.119000e-05	-6.226283e-03	-3.484183e+00
4.120000e-05	-4.159729e-03	-3.388446e+00
4.121000e-05	-8.547732e-05	-3.303211e+00
4.122000e-05	-2.580613e-03	-3.199999e+00
4.123000e-05	-3.698502e-03	-3.133283e+00
4.124000e-05	-4.131016e-03	-2.989495e+00
4.125000e-05	-8.923910e-05	-2.843104e+00
4.126000e-05	-7.508110e-04	-2.748442e+00
4.127000e-05	-2.492121e-03	-2.663128e+00
4.128000e-05	-6.451064e-03	-2.538394e+00
4.129000e-05	-4.202340e-03	-2.462606e+00
4.130000e-05	-2.346057e-03	-2.378969e+00
4.131000e-05	-3.064976e-03	-2.212059e+00
4.132000e-05	-5.924654e-03	-2.094738e+00
4.133000e-05	-5.225935e-03	-1.998896e+00
4.134000e-05	-9.212602e-04	-1.904212e+00
4.135000e-05	4.724965e-04	-1.788946e+00
4.136000e-05	-2.147018e-03	-1.673187e+00
4.137000e-05	-4.604210e-03	-1.599398e+00
4.138000e-05	-5.145455e-03	-1.472097e+00
4.139000e-05	-4.391319e-03	-1.303208e+00
4.140000e-05	-5.111883e-03	-1.176317e+00
4.141000e-05	-6.666631e-03	-1.030578e+00
4.142000e-05	-5.951436e-03	-9.157922e-01
4.143000e-05	-2.273083e-03	-8.420751e-01
4.144000e-05	-9.686581e-04	-7.473384e-01
4.145000e-05	-2.223040e-03	-5.674189e-01
4.146000e-05	-3.309362e-03	-4.330790e-01
4.147000e-05	-4.483538e-03	-3.468196e-01
4.148000e-05	-4.227475e-03	-2.195791e-01
4.149000e-05	-5.272504e-03	-1.048135e-01
4.150000e-05	-4.949067e-03	-1.052757e-03
4.151000e-05	-2.489309e-03	5.468534e-02
4.152000e-05	-1.718004e-03	2.424524e-01
4.153000e-05	6.116603e-04	3.378708e-01
4.154000e-05	-7.901597e-04	4.121275e-01
4.155000e-05	-2.065262e-03	5.268645e-01
4.156000e-05	-2.530985e-03	6.415312e-01
4.157000e-05	6.834336e-04	7.268921e-01
4.158000e-05	1.715130e-02	8.621837e-01
4.159000e-05	4.073171e-02	1.022131e+00
4.160000e-05	-1.315333e-02	1.242454e+00
4.161000e-05	-5.621374e-02	1.338394e+00
4.162000e-05	-8.927206e-02	1.451474e+00
4.163000e-05	8.019171e-02	1.516218e+00
4.164000e-05	4.440775e-02	1.705789e+00
4.165000e-05	-1.109395e-01	1.798474e+00
4.166000e-05	1.635026e-02	1.852080e+00
4.167000e-05	5.554805e-02	1.937924e+00
4.168000e-05	-4.212150e-02	2.146811e+00
4.169000e-05	-1.769524e-02	2.146798e+00
4.170000e-05	8.475930e-02	2.254630e+00
4.171000e-05	-9.694960e-02	2.389972e+00
4.172000e-05	-5.817255e-02	2.471607e+00
4.173000e-05	1.053105e-01	2.576943e+00
4.174000e-05	2.743038e-03	2.738317e+00
4.175000e-05	-6.815862e-02	2.841556e+00
4.176000e-05	1.316278e-02	2.958371e+00
4.177000e-05	-6.773509e-03	3.041526e+00
4.178000e-05	1.519931e-02	3.115764e+00
4.179000e-05	1.717480e-02	3.200551e+00
4.180000e-05	-6.640532e-02	3.246767e+00
4.181000e-05	1.280599e-02	3.462600e+00
4.182000e-05	1.860006e-02	3.598896e+00
4.183000e-05	6.116434e-04	3.622129e+00
4.184000e-05	-9.522364e-03	3.736740e+00
4.185000e-05	-2.152950e-02	3.862580e+00
4.186000e-05	-3.283931e-02	3.947342e+00
4.187000e-05	4.238250e-02	3.998473e+00
4.188000e-05	1.644530e-02	4.042053e+00
4.189000e-05	-4.748081e-02	4.208999e+00
4.190000e-05	-1.138818e-02	4.346291e+00
4.191000e-05	1.122183e-02	4.399474e+00
4.192000e-05	1.796927e-02	4.423135e+00
4.193000e-05	-2.409117e-02	4.527396e+00
4.194000e-05	-2.078924e-02	4.642553e+00
4.195000e-05	-1.508709e-02	4.646188e+00
4.196000e-05	2.467057e-02	4.778945e+00
4.197000e-05	8.834493e-03	4.811008e+00
4.198000e-05	-2.314087e-02	4.920338e+00
4.199000e-05	-2.081968e-02	5.115154e+00
4.200000e-05	-2.158853e-03	5.168394e+00
4.201000e-05	1.572146e-02	5.230553e+00
4.202000e-05	-1.150559e-02	5.324709e+00
4.203000e-05	-2.223005e-02	5.357922e+00
4.204000e-05	-1.706009e-02	5.421601e+00
4.205000e-05	2.004503e-02	5.475682e+00
4.206000e-05	6.494733e-03	5.587267e+00
4.207000e-05	-1.487613e-02	5.580448e+00
4.208000e-05	-2.159194e-02	5.601052e+00
4.209000e-05	-4.922570e-03	5.654629e+00
4.210000e-05	1.244628e-02	5.715734e+00
4.211000e-05	-6.793200e-03	5.770446e+00
4.212000e-05	-2.009837e-02	5.914186e+00
4.213000e-05	-2.024526e-02	5.957317e+00
4.214000e-05	9.148315e-03	5.978924e+00
4.215000e-05	7.763710e-03	5.989999e+00
4.216000e-05	-8.843038e-03	6.010100e+00
4.217000e-05	-1.985611e-02	6.052126e+00
4.218000e-05	-7.133984e-03	6.103759e+00
4.219000e-05	8.017216e-03	6.136338e+00
4.220000e-05	-3.190899e-03	6.146867e+00
4.221000e-05	-1.708731e-02	6.189494e+00
4.222000e-05	-1.938728e-02	6.211000e+00
4.223000e-05	2.097770e-03	6.220553e+00
4.224000e-05	4.357716e-03	6.240079e+00
4.225000e-05	-3.727605e-03	6.242654e+00
4.226000e-05	-1.574737e-02	6.283679e+00
4.227000e-05	-9.108252e-03	6.336257e+00
4.228000e-05	4.035203e-03	6.296736e+00
4.229000e-05	-1.518991e-03	6.317763e+00
4.230000e-05	-1.514259e-02	6.335362e+00
4.231000e-05	-1.981652e-02	6.386814e+00
4.232000e-05	-4.065272e-03	6.336918e+00
4.233000e-05	2.693542e-03	6.346817e+00
4.234000e-05	-2.055068e-03	6.357790e+00
4.235000e-05	-1.337225e-02	6.376762e+00
4.236000e-05	-9.075611e-03	6.316786e+00
4.237000e-05	-1.324427e-04	6.326260e+00
4.238000e-05	-8.430770e-04	6.304687e+00
4.239000e-05	-1.034412e-02	6.285809e+00
4.240000e-05	-1.772020e-02	6.285105e+00
4.241000e-05	-7.085287e-03	6.323729e+00
4.242000e-05	2.468182e-04	6.201153e+00
4.243000e-05	-1.728744e-03	6.172050e+00
4.244000e-05	-1.201148e-02	6.230519e+00
4.245000e-05	-1.097367e-02	6.199921e+00
4.246000e-05	-2.314247e-03	6.127765e+00
4.247000e-05	1.022866e-03	6.115263e+00
4.248000e-05	-6.582255e-03	6.044130e+00
4.249000e-05	-1.470979e-02	6.042528e+00
4.250000e-05	-7.874108e-03	6.010526e+00
4.251000e-05	-2.809697e-03	6.019921e+00
4.252000e-05	-2.796853e-03	5.978946e+00
4.253000e-05	-1.042917e-02	5.927237e+00
4.254000e-05	-9.986590e-03	5.862572e+00
4.255000e-05	-2.471016e-03	5.788915e+00
4.256000e-05	1.725294e-03	5.735131e+00
4.257000e-05	-3.902701e-03	5.672051e+00
4.258000e-05	-1.257610e-02	5.620526e+00
4.259000e-05	-9.459980e-03	5.589892e+00
4.260000e-05	-4.522444e-03	5.545341e+00
4.261000e-05	-3.619717e-03	5.451052e+00
4.262000e-05	-1.043615e-02	5.409998e+00
4.263000e-05	-9.481450e-03	5.336286e+00
4.264000e-05	-4.148716e-03	5.264184e+00
4.265000e-05	8.623600e-04	5.220542e+00
4.266000e-05	-2.942401e-03	5.104633e+00
4.267000e-05	-8.668364e-03	5.001889e+00
4.268000e-05	-9.850452e-03	4.853083e+00
4.269000e-05	-5.912097e-03	4.820499e+00
4.270000e-05	-4.709080e-03	4.767870e+00
4.271000e-05	-7.524323e-03	4.703179e+00
4.272000e-05	-1.003744e-02	4.640049e+00
4.273000e-05	-5.048840e-03	4.514259e+00
4.274000e-05	-2.797120e-04	4.452076e+00
4.275000e-05	-1.483507e-03	4.389017e+00
4.276000e-05	-8.190524e-03	4.334735e+00
4.277000e-05	-9.156936e-03	4.198341e+00
4.278000e-05	-6.464385e-03	4.021128e+00
4.279000e-05	-4.162405e-03	4.000441e+00
4.280000e-05	-5.987493e-03	3.925256e+00
4.281000e-05	-7.928816e-03	3.811000e+00
4.282000e-05	-5.635826e-03	3.707836e+00
4.283000e-05	-2.233180e-03	3.621099e+00
4.284000e-05	-1.630417e-03	3.587444e+00
4.285000e-05	-7.238903e-03	3.463127e+00
4.286000e-05	-8.932689e-03	3.335313e+00
4.287000e-05	-5.896641e-03	3.200048e+00
4.288000e-05	-3.086783e-03	3.138341e+00
4.289000e-05	-3.942749e-03	3.072103e+00
4.290000e-05	-6.687809e-03	2.987336e+00
4.291000e-05	-6.672566e-03	2.851600e+00
4.292000e-05	-3.794564e-03	2.798417e+00
4.293000e-05	-3.287425e-03	2.652595e+00
4.294000e-05	-6.072499e-03	2.473681e+00
4.295000e-05	-6.794391e-03	2.407445e+00
4.296000e-05	-5.322877e-03	2.292703e+00
4.297000e-05	-2.043356e-03	2.158366e+00
4.298000e-05	-2.612142e-03	2.063156e+00
4.299000e-05	-5.947232e-03	1.978971e+00
4.300000e-05	-7.002464e-03	1.895636e+00
4.301000e-05	-5.114249e-03	1.767797e+00
4.302000e-05	-4.348570e-03	1.653127e+00
4.303000e-05	-4.621900e-03	1.526265e+00
4.304000e-05	-6.124812e-03	1.382043e+00
4.305000e-05	-4.870554e-03	1.244681e+00
4.306000e-05	-2.059147e-03	1.168789e+00
4.307000e-05	-2.809881e-03	1.029943e+00
4.308000e-05	-4.778100e-03	8.336030e-01
4.309000e-05	-5.815389e-03	7.368911e-01
4.310000e-05	-5.721601e-03	6.416526e-01
4.311000e-05	-4.034755e-03	5.168421e-01
4.312000e-05	-3.989960e-03	4.115527e-01
4.313000e-05	-4.767939e-03	3.157924e-01
4.314000e-05	-5.271944e-03	1.779198e-01
4.315000e-05	-1.891568e-03	3.202664e-02
4.316000e-05	5.750582e-04	-5.315895e-02
4.317000e-05	2.723748e-04	-1.589482e-01
4.318000e-05	-2.121894e-03	-3.042382e-01
4.319000e-05	-2.854379e-03	-3.789211e-01
4.320000e-05	-2.665545e-03	-4.216578e-01
4.321000e-05	-2.344373e-03	-5.810011e-01
4.322000e-05	-4.069643e-03	-7.468207e-01
4.323000e-05	-9.010462e-04	-8.210250e-01
4.324000e-05	3.368818e-02	-8.847905e-01
4.325000e-05	4.027294e-02	-1.031635e+00
4.326000e-05	-2.477136e-02	-1.252610e+00
4.327000e-05	-9.343310e-02	-1.495294e+00
4.328000e-05	-6.016404e-03	-1.566372e+00
4.329000e-05	6.980599e-02	-1.513368e+00
4.330000e-05	1.436270e-02	-1.651111e+00
4.331000e-05	-1.271819e-01	-1.874580e+00
4.332000e-05	8.423484e-02	-1.872689e+00
4.333000e-05	-2.825591e-03	-1.935340e+00
4.334000e-05	-9.881667e-02	-2.127867e+00
4.335000e-05	9.588698e-02	-2.272819e+00
4.336000e-05	2.971488e-02	-2.367816e+00
4.337000e-05	-1.631215e-01	-2.451687e+00
4.338000e-05	5.183845e-02	-2.558474e+00
4.339000e-05	9.646748e-02	-2.662032e+00
4.340000e-05	-8.409327e-02	-2.768426e+00
4.341000e-05	-5.870684e-03	-2.822580e+00
4.342000e-05	1.745506e-02	-2.966972e+00
4.343000e-05	-2.191298e-02	-3.148822e+00
4.344000e-05	5.622180e-02	-3.200479e+00
4.345000e-05	-2.826102e-02	-3.274812e+00
4.346000e-05	-6.988298e-02	-3.461606e+00
4.347000e-05	8.458649e-02	-3.484767e+00
4.348000e-05	-1.563913e-02	-3.598974e+00
4.349000e-05	-1.084598e-02	-3.683761e+00
4.350000e-05	2.849172e-02	-3.797427e+00
4.351000e-05	-6.347241e-02	-3.925342e+00
4.352000e-05	1.600560e-02	-4.000979e+00
4.353000e-05	5.621005e-02	-4.084183e+00
4.354000e-05	-2.818665e-02	-4.208972e+00
4.355000e-05	-2.367133e-02	-4.233134e+00
4.356000e-05	4.353744e-03	-4.336370e+00
4.357000e-05	2.225622e-02	-4.429000e+00
4.358000e-05	1.688694e-02	-4.463659e+00
4.359000e-05	-3.555826e-02	-4.538892e+00
4.360000e-05	-9.118647e-03	-4.671560e+00
4.361000e-05	1.376975e-02	-4.714865e+00
4.362000e-05	1.644738e-02	-4.787948e+00
4.363000e-05	1.194107e-02	-4.893212e+00
4.364000e-05	-3.558900e-02	-4.987447e+00
4.365000e-05	5.577782e-03	-5.051580e+00
4.366000e-05	1.216813e-02	-5.146341e+00
4.367000e-05	8.996339e-03	-5.230001e+00
4.368000e-05	-3.443047e-03	-5.282658e+00
4.369000e-05	-2.496287e-02	-5.386842e+00
4.370000e-05	1.148407e-02	-5.472608e+00
4.371000e-05	1.997270e-02	-5.577768e+00
4.372000e-05	-1.028493e-03	-5.590000e+00
4.373000e-05	-1.333169e-02	-5.610004e+00
4.374000e-05	-1.302639e-02	-5.694207e+00
4.375000e-05	1.089727e-02	-5.747943e+00
4.376000e-05	1.713258e-02	-5.788498e+00
4.377000e-05	-9.101029e-03	-5.832030e+00
4.378000e-05	-9.456120e-03	-5.872133e+00
4.379000e-05	-1.272991e-03	-5.964766e+00
4.380000e-05	1.707450e-02	-5.956872e+00
4.381000e-05	6.739990e-03	-5.999975e+00
4.382000e-05	-1.762941e-02	-6.010000e+00
4.383000e-05	-5.632574e-03	-6.041553e+00
4.384000e-05	3.557162e-03	-6.073183e+00
4.385000e-05	1.515243e-02	-6.135342e+00
4.386000e-05	-3.629770e-03	-6.195946e+00
4.387000e-05	-1.189101e-02	-6.209019e+00
4.388000e-05	-1.899361e-04	-6.251108e+00
4.389000e-05	1.034727e-02	-6.264685e+00
4.390000e-05	7.674016e-03	-6.367217e+00
4.391000e-05	-8.532711e-03	-6.357367e+00
4.392000e-05	-9.422072e-03	-6.388421e+00
4.393000e-05	2.535806e-03	-6.379473e+00
4.394000e-05	1.148357e-02	-6.368395e+00
4.395000e-05	5.206005e-04	-6.399448e+00
4.396000e-05	-9.343044e-03	-6.389474e+00
4.397000e-05	-3.721083e-03	-6.419998e+00
4.398000e-05	8.643067e-03	-6.409948e+00
4.399000e-05	8.585102e-03	-6.399999e+00
4.400000e-05	-4.199152e-03	-6.410023e+00
4.401000e-05	-7.844096e-03	-6.399525e+00
4.402000e-05	-1.594253e-03	-6.419471e+00
4.403000e-05	7.835046e-03	-6.409424e+00
4.404000e-05	1.531642e-03	-6.379969e+00
4.405000e-05	-6.347735e-03	-6.377470e+00
4.406000e-05	-5.118734e-03	-6.397392e+00
4.407000e-05	5.723980e-03	-6.356370e+00
4.408000e-05	8.554150e-03	-6.343283e+00
4.409000e-05	-1.255257e-03	-6.304713e+00
4.410000e-05	-6.721224e-03	-6.261204e+00
4.411000e-05	-2.942986e-03	-6.207124e+00
4.412000e-05	5.940277e-03	-6.186836e+00
4.413000e-05	2.227761e-03	-6.114288e+00
4.414000e-05	-4.315938e-03	-6.092156e+00
4.415000e-05	-5.002791e-03	-6.040129e+00
4.416000e-05	2.277112e-03	-6.041002e+00
4.417000e-05	5.801523e-03	-5.999998e+00
4.418000e-05	-2.174382e-04	-5.958345e+00
4.419000e-05	-5.352356e-03	-5.925289e+00
4.420000e-05	-3.296012e-03	-5.883111e+00
4.421000e-05	2.878282e-03	-5.801578e+00
4.422000e-05	2.612872e-03	-5.809418e+00
4.423000e-05	-3.652815e-03	-5.736366e+00
4.424000e-05	-5.261516e-03	-5.692104e+00
4.425000e-05	-5.925017e-05	-5.611576e+00
4.426000e-05	4.753411e-03	-5.588950e+00
4.427000e-05	7.694619e-04	-5.585345e+00
4.428000e-05	-3.342411e-03	-5.434610e+00
4.429000e-05	-3.363153e-03	-5.326041e+00
4.430000e-05	1.354541e-03	-5.252703e+00
4.431000e-05	1.277351e-03	-5.188499e+00
4.432000e-05	-3.063387e-03	-5.124814e+00
4.433000e-05	-6.584688e-03	-5.070603e+00
4.434000e-05	-2.168222e-03	-4.980044e+00
4.435000e-05	2.629025e-03	-4.915077e+00
4.436000e-05	1.021531e-03	-4.748815e+00
4.437000e-05	-3.094050e-03	-4.673236e+00
4.438000e-05	-3.170683e-03	-4.610472e+00
4.439000e-05	4.358253e-04	-4.505868e+00
4.440000e-05	2.765023e-03	-4.452603e+00
4.441000e-05	-2.268461e-03	-4.398998e+00
4.442000e-05	-5.749369e-03	-4.327844e+00
4.443000e-05	-3.401509e-03	-4.261657e+00
4.444000e-05	-4.314811e-04	-4.179420e+00
4.445000e-05	-2.899948e-04	-4.063187e+00
4.446000e-05	-3.062313e-03	-4.020603e+00
4.447000e-05	-3.523148e-03	-3.976916e+00
4.448000e-05	-6.298467e-04	-3.800474e+00
4.449000e-05	1.114439e-03	-3.674233e+00
4.450000e-05	-2.096034e-03	-3.590473e+00
4.451000e-05	-5.240347e-03	-3.525315e+00
4.452000e-05	-4.350890e-03	-3.390473e+00
4.453000e-05	-1.397642e-03	-3.296790e+00
4.454000e-05	-9.260068e-04	-3.222051e+00
4.455000e-05	-3.424374e-03	-3.147893e+00
4.456000e-05	-3.321817e-03	-3.019430e+00
4.457000e-05	-1.791268e-03	-2.863186e+00
4.458000e-05	-2.005392e-04	-2.798946e+00
4.459000e-05	-1.815448e-03	-2.684258e+00
4.460000e-05	-4.867729e-03	-2.610024e+00
4.461000e-05	-4.535264e-03	-2.473160e+00
4.462000e-05	-3.537111e-03	-2.419995e+00
4.463000e-05	-3.506171e-03	-2.293834e+00
4.464000e-05	-5.107066e-03	-2.126339e+00
4.465000e-05	-5.094025e-03	-2.000550e+00
4.466000e-05	-3.463284e-03	-1.914788e+00
4.467000e-05	-1.411406e-04	-1.800552e+00
4.468000e-05	-1.076403e-03	-1.704761e+00
4.469000e-05	-2.670656e-03	-1.610573e+00
4.470000e-05	-2.942065e-03	-1.483140e+00
4.471000e-05	-4.094967e-03	-1.295910e+00
4.472000e-05	-4.492197e-03	-1.210544e+00
4.473000e-05	-6.272873e-03	-1.084704e+00
4.474000e-05	-6.712099e-03	-9.974686e-01
4.475000e-05	-4.537679e-03	-8.321854e-01
4.476000e-05	-1.405850e-03	-7.289210e-01
4.477000e-05	-1.991277e-03	-6.415251e-01
4.478000e-05	-2.722984e-03	-4.726842e-01
4.479000e-05	-4.059328e-03	-3.779462e-01
4.480000e-05	-4.041593e-03	-2.626306e-01
4.481000e-05	-4.384288e-03	-1.684685e-01
4.482000e-05	-5.294378e-03	-4.213032e-02
4.483000e-05	-3.116066e-03	4.260514e-02
4.484000e-05	-1.597534e-03	1.494457e-01
4.485000e-05	1.458792e-03	3.062644e-01
4.486000e-05	1.519465e-04	4.504761e-01
4.487000e-05	-1.735177e-03	4.847394e-01
4.488000e-05	-3.967047e-03	6.219724e-01
4.489000e-05	-1.025305e-03	6.967443e-01
4.490000e-05	7.724864e-03	7.694751e-01
4.491000e-05	4.290309e-02	1.017812e+00
4.492000e-05	7.007868e-03	1.178350e+00
4.493000e-05	-3.535645e-02	1.285711e+00
4.494000e-05	-1.074232e-01	1.399429e+00
4.495000e-05	3.041157e-02	1.474228e+00
4.496000e-05	6.470723e-02	1.663055e+00
4.497000e-05	-3.429953e-02	1.767997e+00
4.498000e-05	-7.859790e-02	1.779028e+00
4.499000e-05	8.630593e-02	1.905318e+00
4.500000e-05	-1.147107e-02	2.053735e+00
4.501000e-05	-7.432177e-02	2.146372e+00
4.502000e-05	1.036003e-01	2.230027e+00
4.503000e-05	-4.009232e-02	2.326317e+00
4.504000e-05	-1.143143e-01	2.421558e+00
4.505000e-05	7.993248e-02	2.547239e+00
4.506000e-05	5.384236e-02	2.673710e+00
4.507000e-05	-7.978477e-02	2.790504e+00
4.508000e-05	6.996103e-03	2.926788e+00
4.509000e-05	-1.187587e-02	3.018975e+00
4.510000e-05	1.127211e-02	3.104234e+00
4.511000e-05	2.675898e-02	3.188446e+00
4.512000e-05	-4.290220e-02	3.296760e+00
4.513000e-05	-2.629872e-02	3.390847e+00
4.514000e-05	3.406373e-02	3.527842e+00
4.515000e-05	1.076470e-03	3.611450e+00
4.516000e-05	-1.147855e-02	3.675813e+00
4.517000e-05	-3.755030e-03	3.780496e+00
4.518000e-05	-5.168987e-02	3.876764e+00
4.519000e-05	3.242094e-02	3.988974e+00
4.520000e-05	2.625725e-02	4.022029e+00
4.521000e-05	-2.531875e-02	4.105366e+00
4.522000e-05	-3.674162e-02	4.285209e+00
4.523000e-05	1.178799e-02	4.368447e+00
4.524000e-05	1.925261e-02	4.411078e+00
4.525000e-05	-1.244552e-02	4.504791e+00
4.526000e-05	-2.293713e-02	4.571975e+00
4.527000e-05	-2.620778e-02	4.675213e+00
4.528000e-05	1.907067e-02	4.767444e+00
4.529000e-05	1.368365e-02	4.809550e+00
4.530000e-05	-6.429812e-03	4.915783e+00
4.531000e-05	-3.105839e-02	5.031145e+00
4.532000e-05	-2.740134e-03	5.097393e+00
4.533000e-05	1.080701e-02	5.220996e+00
4.534000e-05	9.746754e-04	5.282609e+00
4.535000e-05	-2.174602e-02	5.358967e+00
4.536000e-05	-2.436244e-02	5.410025e+00
4.537000e-05	1.393350e-02	5.462651e+00
4.538000e-05	9.829424e-03	5.538289e+00
4.539000e-05	-4.068726e-03	5.598921e+00
4.540000e-05	-2.691342e-02	5.601049e+00
4.541000e-05	-1.032832e-02	5.682082e+00
4.542000e-05	6.045246e-03	5.725313e+00
4.543000e-05	4.078399e-03	5.807987e+00
4.544000e-05	-1.623118e-02	5.844204e+00
4.545000e-05	-2.122389e-02	5.955265e+00
4.546000e-05	2.840973e-03	5.978423e+00
4.547000e-05	9.920838e-03	5.999974e+00
4.548000e-05	-1.330508e-03	6.011025e+00
4.549000e-05	-2.294635e-02	6.042129e+00
4.550000e-05	-1.115299e-02	6.114208e+00
4.551000e-05	2.153352e-03	6.157816e+00
4.552000e-05	4.254171e-03	6.136770e+00
4.553000e-05	-1.243118e-02	6.169469e+00
4.554000e-05	-1.935109e-02	6.188975e+00
4.555000e-05	-3.862722e-03	6.210596e+00
4.556000e-05	4.351642e-03	6.240978e+00
4.557000e-05	1.981595e-04	6.211579e+00
4.558000e-05	-1.695535e-02	6.252707e+00
4.559000e-05	-1.181763e-02	6.305735e+00
4.560000e-05	-1.218308e-03	6.316188e+00
4.561000e-05	4.535193e-03	6.325309e+00
4.562000e-05	-8.484257e-03	6.316863e+00
4.563000e-05	-1.813057e-02	6.357890e+00
4.564000e-05	-9.794008e-03	6.377392e+00
4.565000e-05	6.419653e-04	6.356891e+00
4.566000e-05	4.516057e-04	6.337839e+00
4.567000e-05	-1.269686e-02	6.336837e+00
4.568000e-05	-1.236146e-02	6.367891e+00
4.569000e-05	-3.869389e-03	6.354287e+00
4.570000e-05	2.059217e-03	6.317438e+00
4.571000e-05	-6.596054e-03	6.263658e+00
4.572000e-05	-1.507597e-02	6.285684e+00
4.573000e-05	-1.136194e-02	6.254129e+00
4.574000e-05	-1.294496e-03	6.252178e+00
4.575000e-05	8.850555e-04	6.252025e+00
4.576000e-05	-9.918831e-03	6.230450e+00
4.577000e-05	-1.214252e-02	6.198523e+00
4.578000e-05	-6.070833e-03	6.159396e+00
4.579000e-05	1.517193e-03	6.135337e+00
4.580000e-05	-5.274688e-03	6.073683e+00
4.581000e-05	-1.131353e-02	6.083128e+00
4.582000e-05	-1.222997e-02	6.001050e+00
4.583000e-05	-2.785220e-03	6.009976e+00
4.584000e-05	-7.514341e-04	6.019441e+00
4.585000e-05	-6.331496e-03	5.988414e+00
4.586000e-05	-1.078365e-02	5.874152e+00
4.587000e-05	-7.229208e-03	5.830919e+00
4.588000e-05	-1.195267e-03	5.705787e+00
4.589000e-05	-4.046884e-03	5.691655e+00
4.590000e-05	-1.010493e-02	5.609951e+00
4.591000e-05	-1.021816e-02	5.587972e+00
4.592000e-05	-4.062423e-03	5.537841e+00
4.593000e-05	-3.799090e-04	5.463130e+00
4.594000e-05	-6.040098e-03	5.451096e+00
4.595000e-05	-9.961541e-03	5.367844e+00
4.596000e-05	-8.965386e-03	5.305733e+00
4.597000e-05	-2.028479e-03	5.241027e+00
4.598000e-05	-3.340176e-03	5.155312e+00
4.599000e-05	-7.042541e-03	5.041645e+00
4.600000e-05	-9.218497e-03	4.904306e+00
4.601000e-05	-5.545867e-03	4.840548e+00
4.602000e-05	-2.594548e-03	4.768417e+00
4.603000e-05	-4.886452e-03	4.725231e+00
4.604000e-05	-8.904946e-03	4.622547e+00
4.605000e-05	-8.529135e-03	4.548315e+00
4.606000e-05	-3.104277e-03	4.463179e+00
4.607000e-05	-2.386196e-03	4.409524e+00
4.608000e-05	-7.016044e-03	4.366365e+00
4.609000e-05	-7.031192e-03	4.180106e+00
4.610000e-05	-6.610690e-03	4.064758e+00
4.611000e-05	-1.844843e-03	3.991049e+00
4.612000e-05	-4.431762e-03	3.947216e+00
4.613000e-05	-7.134861e-03	3.862028e+00
4.614000e-05	-7.961654e-03	3.777445e+00
4.615000e-05	-5.054667e-03	3.684104e+00
4.616000e-05	-3.114814e-03	3.588498e+00
4.617000e-05	-5.693573e-03	3.506707e+00
4.618000e-05	-6.839340e-03	3.388894e+00
4.619000e-05	-5.866999e-03	3.230575e+00
4.620000e-05	-2.332295e-03	3.147294e+00
4.621000e-05	-2.911908e-03	3.083180e+00
4.622000e-05	-5.327942e-03	2.968942e+00
4.623000e-05	-7.514325e-03	2.904628e+00
4.624000e-05	-6.555179e-03	2.788945e+00
4.625000e-05	-3.957043e-03	2.675206e+00
4.626000e-05	-4.453300e-03	2.576306e+00
4.627000e-05	-6.402304e-03	2.431123e+00
4.628000e-05	-5.208821e-03	2.315308e+00
4.629000e-05	-1.298308e-03	2.230424e+00
4.630000e-05	-2.310610e-03	2.096288e+00
4.631000e-05	-5.499978e-03	1.990021e+00
4.632000e-05	-7.662572e-03	1.916261e+00
4.633000e-05	-5.801496e-03	1.799044e+00
4.634000e-05	-4.901738e-03	1.643679e+00
4.635000e-05	-4.547321e-03	1.587965e+00
4.636000e-05	-7.359562e-03	1.432071e+00
4.637000e-05	-3.587655e-03	1.316688e+00
4.638000e-05	-1.924423e-03	1.190470e+00
4.639000e-05	-3.689070e-04	1.053127e+00
4.640000e-05	-3.458656e-03	8.731557e-01
4.641000e-05	-7.435010e-03	7.990224e-01
4.642000e-05	-6.565997e-03	6.841569e-01
4.643000e-05	-5.817743e-03	5.783926e-01
4.644000e-05	-4.710899e-03	4.621494e-01
4.645000e-05	-5.479244e-03	3.873912e-01
4.646000e-05	-4.839701e-03	2.414715e-01
4.647000e-05	-9.220581e-04	1.043293e-01
4.648000e-05	4.386206e-04	-4.110495e-02
4.649000e-05	-3.952637e-04	-1.268421e-01
4.650000e-05	-3.093670e-03	-2.216063e-01
4.651000e-05	-3.732888e-03	-3.773459e-01
4.652000e-05	-2.803629e-03	-4.310813e-01
4.653000e-05	-1.900385e-03	-5.072679e-01
4.654000e-05	-3.154166e-03	-7.027618e-01
4.655000e-05	-1.389070e-03	-7.493749e-01
4.656000e-05	1.757164e-02	-8.641841e-01
4.657000e-05	5.901075e-02	-9.779286e-01
4.658000e-05	-1.246954e-02	-1.179401e+00
4.659000e-05	-5.651962e-02	-1.441536e+00
4.660000e-05	-8.989538e-02	-1.588399e+00
4.661000e-05	8.312668e-02	-1.477338e+00
4.662000e-05	5.551832e-02	-1.589448e+00
4.663000e-05	-1.354002e-01	-1.808479e+00
4.664000e-05	4.616042e-02	-1.885065e+00
4.665000e-05	3.024131e-02	-1.894237e+00
4.666000e-05	-7.549411e-02	-2.053161e+00
4.667000e-05	2.164112e-02	-2.262238e+00
4.668000e-05	9.497200e-02	-2.367370e+00
4.669000e-05	-1.194721e-01	-2.430504e+00
4.670000e-05	-2.887948e-02	-2.556371e+00
4.671000e-05	1.294824e-01	-2.640955e+00
4.672000e-05	-3.067118e-02	-2.748392e+00
4.673000e-05	-6.548118e-02	-2.810501e+00
4.674000e-05	4.463717e-02	-2.883735e+00
4.675000e-05	-3.272817e-02	-3.082763e+00
4.676000e-05	3.909917e-02	-3.199451e+00
4.677000e-05	1.620479e-02	-3.243133e+00
4.678000e-05	-9.044767e-02	-3.399899e+00
4.679000e-05	4.963060e-02	-3.452185e+00
4.680000e-05	3.068776e-02	-3.556820e+00
4.681000e-05	-3.110976e-02	-3.643075e+00
4.682000e-05	2.966062e-02	-3.756843e+00
4.683000e-05	-3.346932e-02	-3.872629e+00
4.684000e-05	-3.433754e-02	-3.979924e+00
4.685000e-05	7.404326e-02	-4.091631e+00
4.686000e-05	-6.419504e-03	-4.168444e+00
4.687000e-05	-3.660126e-02	-4.180527e+00
4.688000e-05	3.889495e-03	-4.304841e+00
4.689000e-05	8.835658e-03	-4.388921e+00
4.690000e-05	3.144127e-02	-4.421105e+00
4.691000e-05	-2.784099e-02	-4.507323e+00
4.692000e-05	-2.116851e-02	-4.671580e+00
4.693000e-05	7.570926e-03	-4.717192e+00
4.694000e-05	1.550322e-02	-4.716422e+00
4.695000e-05	2.005499e-02	-4.823086e+00
4.696000e-05	-2.673037e-02	-4.957316e+00
4.697000e-05	-1.005002e-02	-5.052030e+00
4.698000e-05	1.289063e-02	-5.096187e+00
4.699000e-05	1.113724e-02	-5.160001e+00
4.700000e-05	1.137056e-03	-5.231633e+00
4.701000e-05	-1.989037e-02	-5.344765e+00
4.702000e-05	-7.328274e-03	-5.452059e+00
4.703000e-05	2.898591e-02	-5.535839e+00
4.704000e-05	3.431009e-03	-5.568950e+00
4.705000e-05	-9.160960e-03	-5.600551e+00
4.706000e-05	-1.487559e-02	-5.673134e+00
4.707000e-05	1.358313e-03	-5.726791e+00
4.708000e-05	2.239342e-02	-5.787471e+00
4.709000e-05	-5.506753e-03	-5.820524e+00
4.710000e-05	-1.026642e-02	-5.874160e+00
4.711000e-05	-9.246088e-03	-5.904316e+00
4.712000e-05	1.368295e-02	-5.998372e+00
4.713000e-05	1.392128e-02	-5.988969e+00
4.714000e-05	-1.155829e-02	-6.000026e+00
4.715000e-05	-1.143969e-02	-6.010554e+00
4.716000e-05	5.351122e-04	-6.085110e+00
4.717000e-05	1.458152e-02	-6.084160e+00
4.718000e-05	4.337276e-03	-6.167771e+00
4.719000e-05	-1.143880e-02	-6.228470e+00
4.720000e-05	-7.142053e-03	-6.260508e+00
4.721000e-05	7.883043e-03	-6.312804e+00
4.722000e-05	1.011003e-02	-6.325312e+00
4.723000e-05	-2.195547e-03	-6.358867e+00
4.724000e-05	-1.199811e-02	-6.357421e+00
4.725000e-05	-1.658919e-03	-6.398922e+00
4.726000e-05	1.136278e-02	-6.378945e+00
4.727000e-05	5.189555e-03	-6.400524e+00
4.728000e-05	-6.514254e-03	-6.379974e+00
4.729000e-05	-9.107977e-03	-6.409474e+00
4.730000e-05	5.123383e-03	-6.389953e+00
4.731000e-05	9.625624e-03	-6.389450e+00
4.732000e-05	1.393203e-03	-6.389974e+00
4.733000e-05	-7.941461e-03	-6.399475e+00
4.734000e-05	-4.374903e-03	-6.379450e+00
4.735000e-05	6.159741e-03	-6.389474e+00
4.736000e-05	4.103782e-03	-6.399971e+00
4.737000e-05	-2.699397e-03	-6.379949e+00
4.738000e-05	-7.399416e-03	-6.378341e+00
4.739000e-05	1.926996e-03	-6.357895e+00
4.740000e-05	8.822493e-03	-6.335316e+00
4.741000e-05	3.142888e-03	-6.317591e+00
4.742000e-05	-7.820772e-03	-6.282582e+00
4.743000e-05	-5.985583e-03	-6.231002e+00
4.744000e-05	2.548688e-03	-6.179915e+00
4.745000e-05	5.549388e-03	-6.135886e+00
4.746000e-05	-8.120642e-04	-6.065734e+00
4.747000e-05	-5.672795e-03	-6.051125e+00
4.748000e-05	-4.940272e-04	-6.030025e+00
4.749000e-05	6.130402e-03	-5.999949e+00
4.750000e-05	3.706998e-03	-5.979422e+00
4.751000e-05	-4.433292e-03	-5.957317e+00
4.752000e-05	-6.056089e-03	-5.862682e+00
4.753000e-05	5.951805e-04	-5.850108e+00
4.754000e-05	3.162575e-03	-5.827974e+00
4.755000e-05	-1.054646e-03	-5.757762e+00
4.756000e-05	-6.446017e-03	-5.662234e+00
4.757000e-05	-2.871745e-03	-5.621600e+00
4.758000e-05	3.490145e-03	-5.600024e+00
4.759000e-05	3.300207e-03	-5.558440e+00
4.760000e-05	-2.920840e-03	-5.514253e+00
4.761000e-05	-4.038280e-03	-5.408522e+00
4.762000e-05	-3.030542e-04	-5.284158e+00
4.763000e-05	3.134763e-03	-5.229675e+00
4.764000e-05	-3.561001e-04	-5.168312e+00
4.765000e-05	-5.778942e-03	-5.073631e+00
4.766000e-05	-3.938157e-03	-4.999574e+00
4.767000e-05	6.613542e-04	-4.955241e+00
4.768000e-05	2.873073e-03	-4.779024e+00
4.769000e-05	-1.614490e-03	-4.676156e+00
4.770000e-05	-3.724242e-03	-4.649576e+00
4.771000e-05	-1.701488e-03	-4.557919e+00
4.772000e-05	1.333126e-03	-4.474730e+00
4.773000e-05	-9.435715e-04	-4.420000e+00
4.774000e-05	-5.543656e-03	-4.398469e+00
4.775000e-05	-4.312657e-03	-4.304182e+00
4.776000e-05	-2.140000e-04	-4.211024e+00
4.777000e-05	1.931538e-03	-4.126211e+00
4.778000e-05	-8.424075e-04	-4.039579e+00
4.779000e-05	-3.711141e-03	-3.989994e+00
4.780000e-05	-2.045044e-03	-3.852127e+00
4.781000e-05	4.037704e-04	-3.725261e+00
4.782000e-05	-1.093302e-03	-3.632054e+00
4.783000e-05	-5.421728e-03	-3.546345e+00
4.784000e-05	-5.510721e-03	-3.453104e+00
4.785000e-05	-1.974629e-03	-3.336970e+00
4.786000e-05	1.000555e-04	-3.282131e+00
4.787000e-05	-2.204532e-03	-3.198971e+00
4.788000e-05	-4.595795e-03	-3.042584e+00
4.789000e-05	-3.983783e-03	-2.924266e+00
4.790000e-05	-4.894657e-04	-2.831025e+00
4.791000e-05	-4.054314e-04	-2.705738e+00
4.792000e-05	-3.279275e-03	-2.610048e+00
4.793000e-05	-4.296887e-03	-2.515265e+00
4.794000e-05	-4.522282e-03	-2.421578e+00
4.795000e-05	-2.295033e-03	-2.337319e+00
4.796000e-05	-3.514767e-03	-2.217346e+00
4.797000e-05	-4.421041e-03	-2.051602e+00
4.798000e-05	-3.822954e-03	-1.977865e+00
4.799000e-05	-2.311783e-04	-1.832653e+00
4.800000e-05	-1.495477e-03	-1.766292e+00
4.801000e-05	-2.384919e-03	-1.652127e+00
4.802000e-05	-4.667593e-03	-1.547369e+00
4.803000e-05	-4.565861e-03	-1.407848e+00
4.804000e-05	-4.044641e-03	-1.222028e+00
4.805000e-05	-5.135178e-03	-1.135189e+00
4.806000e-05	-6.433906e-03	-1.029521e+00
4.807000e-05	-4.368192e-03	-8.836609e-01
4.808000e-05	-2.047231e-03	-7.995237e-01
4.809000e-05	-9.159180e-04	-6.642055e-01
4.810000e-05	-1.763369e-03	-5.142870e-01
4.811000e-05	-3.480819e-03	-4.400439e-01
4.812000e-05	-5.205015e-03	-2.747906e-01
4.813000e-05	-4.568285e-03	-2.099726e-01
4.814000e-05	-4.574787e-03	-6.516315e-02
4.815000e-05	-3.588127e-03	4.052494e-02
4.816000e-05	-2.712728e-03	1.087692e-01
4.817000e-05	-8.590824e-04	2.731092e-01
4.818000e-05	5.973682e-04	3.773749e-01
4.819000e-05	-1.244400e-03	4.916566e-01
4.820000e-05	-2.917156e-03	5.584235e-01
4.821000e-05	-3.866511e-03	6.421591e-01
4.822000e-05	3.433212e-03	7.988998e-01
4.823000e-05	3.289897e-02	8.732341e-01
4.824000e-05	2.855172e-02	1.083791e+00
4.825000e-05	-2.641403e-02	1.263659e+00
4.826000e-05	-9.021067e-02	1.398474e+00
4.827000e-05	-3.531475e-02	1.422104e+00
4.828000e-05	8.871811e-02	1.590495e+00
4.829000e-05	2.178858e-02	1.737368e+00
4.830000e-05	-1.422477e-01	1.799999e+00
4.831000e-05	7.465229e-02	1.903236e+00
4.832000e-05	5.320368e-03	2.002050e+00
4.833000e-05	-7.356014e-02	2.165789e+00
4.834000e-05	6.416128e-02	2.177422e+00
4.835000e-05	2.310171e-02	2.294811e+00
4.836000e-05	-1.262353e-01	2.441106e+00
4.837000e-05	2.075300e-02	2.495185e+00
4.838000e-05	9.068120e-02	2.651101e+00
4.839000e-05	-5.004211e-02	2.749872e+00
4.840000e-05	-2.660404e-02	2.924208e+00
4.841000e-05	-3.511189e-03	2.939401e+00
4.842000e-05	5.331536e-03	3.052229e+00
4.843000e-05	2.153774e-02	3.176921e+00
4.844000e-05	-1.003665e-02	3.262979e+00
4.845000e-05	-6.179033e-02	3.347975e+00
4.846000e-05	3.496972e-02	3.445682e+00
4.847000e-05	5.372067e-03	3.579975e+00
4.848000e-05	-3.999538e-03	3.652582e+00
4.849000e-05	-2.928537e-03	3.768897e+00
4.850000e-05	-4.540305e-02	3.874655e+00
4.851000e-05	2.913896e-03	3.946918e+00
4.852000e-05	3.620587e-02	4.009551e+00
4.853000e-05	-8.853285e-04	4.074282e+00
4.854000e-05	-5.192719e-02	4.262181e+00
4.855000e-05	7.084125e-03	4.367893e+00
4.856000e-05	1.366278e-02	4.419501e+00
4.857000e-05	6.048922e-03	4.484206e+00
4.858000e-05	-2.505567e-02	4.597992e+00
4.859000e-05	-2.507347e-02	4.643134e+00
4.860000e-05	3.153421e-03	4.766266e+00
4.861000e-05	1.986894e-02	4.788449e+00
4.862000e-05	4.494106e-03	4.873605e+00
4.863000e-05	-3.475672e-02	5.000502e+00
4.864000e-05	-9.471110e-03	5.095812e+00
4.865000e-05	2.300618e-03	5.198945e+00
4.866000e-05	1.415370e-02	5.242109e+00
4.867000e-05	-1.902197e-02	5.344761e+00
4.868000e-05	-2.553948e-02	5.388446e+00
4.869000e-05	-6.844077e-04	5.411555e+00
4.870000e-05	1.612797e-02	5.505263e+00
4.871000e-05	4.480861e-03	5.557893e+00
4.872000e-05	-2.538219e-02	5.599450e+00
4.873000e-05	-1.450790e-02	5.641055e+00
4.874000e-05	-3.498251e-04	5.713238e+00
4.875000e-05	1.173290e-02	5.727815e+00
4.876000e-05	-1.313711e-02	5.791120e+00
4.877000e-05	-2.202302e-02	5.933789e+00
4.878000e-05	-9.295601e-03	5.977873e+00
4.879000e-05	1.089388e-02	5.999999e+00
4.880000e-05	4.980899e-03	5.989450e+00
4.881000e-05	-1.901787e-02	6.021103e+00
4.882000e-05	-1.520034e-02	6.072080e+00
4.883000e-05	-3.295245e-03	6.105212e+00
4.884000e-05	9.190766e-03	6.146791e+00
4.885000e-05	-9.217972e-03	6.178344e+00
4.886000e-05	-1.895489e-02	6.200025e+00
4.887000e-05	-1.309854e-02	6.211547e+00
4.888000e-05	4.964501e-03	6.252601e+00
4.889000e-05	4.109341e-03	6.242053e+00
4.890000e-05	-1.236513e-02	6.282583e+00
4.891000e-05	-1.462400e-02	6.365757e+00
4.892000e-05	-6.153981e-03	6.345716e+00
4.893000e-05	6.289102e-03	6.355736e+00
4.894000e-05	-6.945363e-03	6.357815e+00
4.895000e-05	-1.726432e-02	6.307815e+00
4.896000e-05	-1.551423e-02	6.367442e+00
4.897000e-05	-7.425619e-04	6.378412e+00
4.898000e-05	2.554478e-03	6.316845e+00
4.899000e-05	-8.095548e-03	6.345290e+00
4.900000e-05	-1.247201e-02	6.355813e+00
4.901000e-05	-7.321838e-03	6.347865e+00
4.902000e-05	2.421436e-03	6.355761e+00
4.903000e-05	-4.680862e-03	6.293635e+00
4.904000e-05	-1.256941e-02	6.283681e+00
4.905000e-05	-1.563867e-02	6.286205e+00
4.906000e-05	-2.841297e-03	6.252152e+00
4.907000e-05	8.421302e-04	6.211577e+00
4.908000e-05	-6.728878e-03	6.230073e+00
4.909000e-05	-1.235583e-02	6.190975e+00
4.910000e-05	-8.751689e-03	6.188417e+00
4.911000e-05	7.191996e-04	6.137911e+00
4.912000e-05	-2.887980e-03	6.133257e+00
4.913000e-05	-9.707875e-03	6.052003e+00
4.914000e-05	-1.305743e-02	6.041576e+00
4.915000e-05	-4.359139e-03	6.000048e+00
4.916000e-05	-1.259577e-03	5.989446e+00
4.917000e-05	-5.126093e-03	5.967888e+00
4.918000e-05	-1.062626e-02	5.925182e+00
4.919000e-05	-8.886998e-03	5.813599e+00
4.920000e-05	-7.894403e-04	5.798369e+00
4.921000e-05	-1.643886e-03	5.663156e+00
4.922000e-05	-6.655767e-03	5.601550e+00
4.923000e-05	-1.183396e-02	5.579972e+00
4.924000e-05	-5.771069e-03	5.567417e+00
4.925000e-05	-3.532040e-03	5.515632e+00
4.926000e-05	-5.560680e-03	5.411053e+00
4.927000e-05	-1.089994e-02	5.358922e+00
4.928000e-05	-7.975689e-03	5.316839e+00
4.929000e-05	-1.714528e-03	5.261174e+00
4.930000e-05	-1.283158e-03	5.189916e+00
4.931000e-05	-5.910214e-03	5.043107e+00
4.932000e-05	-9.422475e-03	4.955813e+00
4.933000e-05	-6.975056e-03	4.851173e+00
4.934000e-05	-3.369926e-03	4.770446e+00
4.935000e-05	-5.263179e-03	4.757335e+00
4.936000e-05	-9.516258e-03	4.652153e+00
4.937000e-05	-9.449244e-03	4.579443e+00
4.938000e-05	-3.742943e-03	4.472631e+00
4.939000e-05	-2.036784e-03	4.410024e+00
4.940000e-05	-4.829343e-03	4.407418e+00
4.941000e-05	-8.476843e-03	4.294102e+00
4.942000e-05	-5.290253e-03	4.124233e+00
4.943000e-05	-3.188903e-03	4.040524e+00
4.944000e-05	-3.847832e-03	3.958471e+00
4.945000e-05	-7.130789e-03	3.863679e+00
4.946000e-05	-8.413061e-03	3.798370e+00
4.947000e-05	-5.219786e-03	3.713134e+00
4.948000e-05	-2.543362e-03	3.630499e+00
4.949000e-05	-4.127836e-03	3.558292e+00
4.950000e-05	-6.675686e-03	3.433019e+00
4.951000e-05	-5.352190e-03	3.274156e+00
4.952000e-05	-2.922069e-03	3.180521e+00
4.953000e-05	-3.373722e-03	3.094782e+00
4.954000e-05	-6.438770e-03	3.000521e+00
4.955000e-05	-9.647458e-03	2.926184e+00
4.956000e-05	-6.283475e-03	2.810047e+00
4.957000e-05	-3.863032e-03	2.737212e+00
4.958000e-05	-3.347886e-03	2.550469e+00
4.959000e-05	-6.193878e-03	2.452577e+00
4.960000e-05	-5.701574e-03	2.306867e+00
4.961000e-05	-3.159630e-03	2.251554e+00
4.962000e-05	-2.093717e-03	2.145865e+00
4.963000e-05	-5.213425e-03	2.021579e+00
4.964000e-05	-7.561293e-03	1.977865e+00
4.965000e-05	-6.164949e-03	1.831104e+00
4.966000e-05	-3.927932e-03	1.726261e+00
4.967000e-05	-3.036098e-03	1.609470e+00
4.968000e-05	-5.645333e-03	1.453107e+00
4.969000e-05	-5.462449e-03	1.357493e+00
4.970000e-05	-4.250690e-03	1.242127e+00
4.971000e-05	-2.435240e-03	1.115733e+00
4.972000e-05	-4.025493e-03	9.663877e-01
4.973000e-05	-6.409322e-03	8.404974e-01
4.974000e-05	-5.727341e-03	7.062896e-01
4.975000e-05	-4.231935e-03	6.305215e-01
4.976000e-05	-3.679792e-03	4.851619e-01
4.977000e-05	-4.973670e-03	3.994715e-01
4.978000e-05	-5.716168e-03	2.952320e-01
4.979000e-05	-3.435789e-03	1.162872e-01
4.980000e-05	-8.170462e-04	1.954876e-02
4.981000e-05	-2.268717e-04	-7.523934e-02
4.982000e-05	-8.224930e-04	-1.704501e-01
4.983000e-05	-2.810487e-03	-3.153643e-01
4.984000e-05	-1.401062e-03	-3.789261e-01
4.985000e-05	-1.213686e-03	-4.832354e-01
4.986000e-05	-2.935902e-03	-6.529600e-01
4.987000e-05	-4.828784e-03	-7.369445e-01
4.988000e-05	4.166220e-03	-8.416089e-01
4.989000e-05	5.454419e-02	-9.363706e-01
4.990000e-05	1.033599e-02	-1.054840e+00
4.991000e-05	-3.214373e-02	-1.347922e+00
4.992000e-05	-1.206744e-01	-1.527296e+00
4.993000e-05	6.609880e-02	-1.538398e+00
4.994000e-05	5.686307e-02	-1.537944e+00
4.995000e-05	-7.054749e-02	-1.736313e+00
4.996000e-05	-3.401004e-02	-1.883010e+00
4.997000e-05	7.966924e-02	-1.863657e+00
4.998000e-05	-3.703702e-02	-1.978954e+00
4.999000e-05	-5.933570e-02	-2.182504e+00
