# 260612_13:28:44.241550
t	CH1	CH2
0.000000e+00	-5.182898e-03	-5.672907e-01
1.000000e-08	1.222680e-03	-8.295037e-01
2.000000e-08	-4.111850e-03	-1.020549e+00
3.000000e-08	-1.303035e-04	-1.211578e+00
4.000000e-08	-4.445526e-03	-1.503687e+00
5.000000e-08	1.465361e-02	-1.695763e+00
6.000000e-08	8.594611e-02	-1.895738e+00
7.000000e-08	1.697364e-02	-2.180053e+00
8.000000e-08	-5.774718e-02	-2.598926e+00
9.000000e-08	-2.230534e-02	-2.849579e+00
1.000000e-07	-6.944740e-02	-3.040557e+00
1.100000e-07	-4.750014e-02	-3.199998e+00
1.200000e-07	1.665489e-01	-3.322238e+00
1.300000e-07	-1.224557e-01	-3.538346e+00
1.400000e-07	2.483425e-02	-3.830057e+00
1.500000e-07	9.704798e-02	-4.020026e+00
1.600000e-07	-1.395150e-01	-4.283108e+00
1.700000e-07	1.619244e-01	-4.462133e+00
1.800000e-07	-7.992341e-02	-4.703689e+00
1.900000e-07	-1.002646e-01	-4.966894e+00
2.000000e-07	1.135294e-01	-5.146372e+00
2.100000e-07	-8.348690e-02	-5.432129e+00
2.200000e-07	1.229949e-01	-5.684237e+00
2.300000e-07	-5.463102e-02	-5.881087e+00
2.400000e-07	-4.400832e-02	-6.126316e+00
2.500000e-07	1.043195e-01	-6.355663e+00
2.600000e-07	-8.609240e-02	-6.578820e+00
2.700000e-07	9.527865e-02	-6.737370e+00
2.800000e-07	-1.115617e-01	-6.987243e+00
2.900000e-07	5.770522e-02	-7.219100e+00
3.000000e-07	5.377379e-02	-7.378949e+00
3.100000e-07	-6.146307e-02	-7.659504e+00
3.200000e-07	7.939852e-02	-7.829500e+00
3.300000e-07	-1.142508e-01	-8.032630e+00
3.400000e-07	9.186481e-02	-8.249525e+00
3.500000e-07	-9.095646e-03	-8.417427e+00
3.600000e-07	1.719027e-02	-8.649502e+00
3.700000e-07	7.835288e-03	-8.788423e+00
3.800000e-07	-4.456556e-02	-8.946870e+00
3.900000e-07	8.542622e-02	-9.125767e+00
4.000000e-07	-4.751961e-02	-9.323763e+00
4.100000e-07	4.140002e-02	-9.502661e+00
4.200000e-07	-5.293030e-02	-9.662082e+00
4.300000e-07	4.321428e-02	-9.839948e+00
4.400000e-07	2.809120e-02	-9.966765e+00
4.500000e-07	2.953354e-03	-1.013221e+01
4.600000e-07	1.061758e-02	-1.026108e+01
4.700000e-07	-2.533016e-02	-1.046250e+01
4.800000e-07	4.706029e-02	-1.060737e+01
4.900000e-07	-8.084829e-03	-1.070266e+01
5.000000e-07	2.015711e-02	-1.084105e+01
5.100000e-07	-1.993551e-02	-1.094634e+01
5.200000e-07	2.718645e-02	-1.112016e+01
5.300000e-07	2.638582e-02	-1.120943e+01
5.400000e-07	1.510665e-02	-1.137727e+01
5.500000e-07	-5.498124e-04	-1.148256e+01
5.600000e-07	-3.375835e-03	-1.165802e+01
5.700000e-07	2.719301e-02	-1.173424e+01
5.800000e-07	1.702851e-02	-1.187805e+01
5.900000e-07	1.346020e-02	-1.197534e+01
6.000000e-07	-5.140427e-03	-1.208159e+01
6.100000e-07	1.934765e-02	-1.215634e+01
6.200000e-07	2.826093e-02	-1.221853e+01
6.300000e-07	2.050694e-02	-1.232268e+01
6.400000e-07	4.881828e-03	-1.237687e+01
6.500000e-07	8.306463e-03	-1.245163e+01
6.600000e-07	2.513010e-02	-1.255524e+01
6.700000e-07	2.793223e-02	-1.262795e+01
6.800000e-07	1.311155e-02	-1.270098e+01
6.900000e-07	6.944093e-03	-1.276372e+01
7.000000e-07	1.778202e-02	-1.281577e+01
7.100000e-07	3.167739e-02	-1.282893e+01
7.200000e-07	2.618111e-02	-1.289013e+01
7.300000e-07	1.509963e-02	-1.289411e+01
7.400000e-07	1.592693e-02	-1.297427e+01
7.500000e-07	2.951791e-02	-1.296685e+01
7.600000e-07	3.478210e-02	-1.298839e+01
7.700000e-07	2.331007e-02	-1.299790e+01
7.800000e-07	1.797598e-02	-1.305997e+01
7.900000e-07	2.298310e-02	-1.302850e+01
8.000000e-07	3.839147e-02	-1.304000e+01
8.100000e-07	3.682008e-02	-1.302950e+01
8.200000e-07	2.908103e-02	-1.305895e+01
8.300000e-07	2.669610e-02	-1.304847e+01
8.400000e-07	3.710921e-02	-1.301850e+01
8.500000e-07	4.498139e-02	-1.298790e+01
8.600000e-07	3.793929e-02	-1.299580e+01
8.700000e-07	3.037260e-02	-1.297737e+01
8.800000e-07	3.540646e-02	-1.292269e+01
8.900000e-07	4.749561e-02	-1.292264e+01
9.000000e-07	4.795248e-02	-1.287950e+01
9.100000e-07	3.825398e-02	-1.279445e+01
9.200000e-07	3.376525e-02	-1.283532e+01
9.300000e-07	4.057843e-02	-1.269111e+01
9.400000e-07	4.681346e-02	-1.267045e+01
9.500000e-07	4.028722e-02	-1.258684e+01
9.600000e-07	3.123965e-02	-1.251169e+01
9.700000e-07	3.143622e-02	-1.240996e+01
9.800000e-07	3.778590e-02	-1.234521e+01
9.900000e-07	3.663116e-02	-1.226148e+01
1.000000e-06	2.771446e-02	-1.216682e+01
1.010000e-06	2.124382e-02	-1.214013e+01
1.020000e-06	2.484934e-02	-1.198595e+01
1.030000e-06	2.827869e-02	-1.193161e+01
1.040000e-06	2.529492e-02	-1.181687e+01
1.050000e-06	1.640683e-02	-1.163856e+01
1.060000e-06	1.481899e-02	-1.153469e+01
1.070000e-06	2.014096e-02	-1.141628e+01
1.080000e-06	2.083369e-02	-1.128047e+01
1.090000e-06	1.472986e-02	-1.110219e+01
1.100000e-06	8.621850e-03	-1.099734e+01
1.110000e-06	1.105639e-02	-1.089261e+01
1.120000e-06	1.529402e-02	-1.079577e+01
1.130000e-06	1.413339e-02	-1.064000e+01
1.140000e-06	7.821482e-03	-1.050409e+01
1.150000e-06	4.839583e-03	-1.033566e+01
1.160000e-06	9.405811e-03	-1.019784e+01
1.170000e-06	1.184072e-02	-9.967375e+00
1.180000e-06	7.556487e-03	-9.871603e+00
1.190000e-06	2.507324e-03	-9.744717e+00
1.200000e-06	3.533128e-03	-9.608318e+00
1.210000e-06	8.792617e-03	-9.418397e+00
1.220000e-06	7.717134e-03	-9.237954e+00
1.230000e-06	2.911933e-03	-9.081553e+00
1.240000e-06	4.240815e-04	-8.871611e+00
1.250000e-06	3.603119e-03	-8.714712e+00
1.260000e-06	5.936514e-03	-8.494133e+00
1.270000e-06	3.756281e-03	-8.324212e+00
1.280000e-06	-9.456648e-04	-8.158217e+00
1.290000e-06	5.201368e-04	-8.027841e+00
1.300000e-06	3.433775e-03	-7.766288e+00
1.310000e-06	3.737419e-03	-7.531741e+00
1.320000e-06	-8.534194e-04	-7.335788e+00
1.330000e-06	-1.398163e-03	-7.174714e+00
1.340000e-06	6.749742e-04	-6.923611e+00
1.350000e-06	1.578536e-03	-6.674706e+00
1.360000e-06	8.622371e-04	-6.543687e+00
1.370000e-06	-3.351064e-03	-6.311111e+00
1.380000e-06	-1.057843e-03	-6.059555e+00
1.390000e-06	-1.327414e-04	-5.871558e+00
1.400000e-06	3.941615e-04	-5.650549e+00
1.410000e-06	-3.331668e-03	-5.421578e+00
1.420000e-06	-3.998128e-03	-5.166816e+00
1.430000e-06	-2.717172e-03	-4.873633e+00
1.440000e-06	-6.971095e-04	-4.629500e+00
1.450000e-06	-2.110052e-03	-4.480532e+00
1.460000e-06	-3.102684e-03	-4.252102e+00
1.470000e-06	-2.835342e-03	-3.991530e+00
1.480000e-06	-1.079686e-03	-3.828999e+00
1.490000e-06	-3.528338e-03	-3.546317e+00
1.500000e-06	-4.409305e-03	-3.365262e+00
1.510000e-06	-7.076681e-03	-3.136711e+00
1.520000e-06	-4.074714e-03	-2.851053e+00
1.530000e-06	-3.703612e-03	-2.611954e+00
1.540000e-06	-2.539893e-03	-2.448951e+00
1.550000e-06	-5.408060e-03	-2.168368e+00
1.560000e-06	-4.065294e-03	-1.886213e+00
1.570000e-06	-4.136121e-03	-1.673636e+00
1.580000e-06	-4.245036e-03	-1.460626e+00
1.590000e-06	-7.340851e-03	-1.116247e+00
1.600000e-06	-7.157456e-03	-9.346633e-01
1.610000e-06	-5.907813e-03	-7.131832e-01
1.620000e-06	-3.890975e-03	-4.095265e-01
1.630000e-06	-2.994566e-03	-2.094488e-01
1.640000e-06	-2.669373e-03	3.957738e-02
1.650000e-06	4.910644e-03	2.852367e-01
1.660000e-06	-3.963888e-03	4.938617e-01
1.670000e-06	3.037125e-03	6.762420e-01
1.680000e-06	-6.388810e-03	8.859220e-01
1.690000e-06	-2.590397e-03	1.179046e+00
1.700000e-06	-4.734742e-03	1.412074e+00
1.710000e-06	6.159902e-03	1.674758e+00
1.720000e-06	3.485164e-02	1.883737e+00
1.730000e-06	7.210834e-02	2.116391e+00
1.740000e-06	-4.435821e-02	2.407974e+00
1.750000e-06	-4.098583e-02	2.724735e+00
1.760000e-06	-3.679645e-02	2.916914e+00
1.770000e-06	-4.436966e-02	3.095262e+00
1.780000e-06	-6.717133e-02	3.254683e+00
1.790000e-06	1.322970e-01	3.462186e+00
1.800000e-06	-8.068907e-02	3.705410e+00
1.810000e-06	-2.549422e-02	3.905267e+00
1.820000e-06	1.393203e-01	4.178395e+00
1.830000e-06	-9.574883e-02	4.430578e+00
1.840000e-06	5.223515e-02	4.619554e+00
1.850000e-06	-2.693295e-02	4.871611e+00
1.860000e-06	-6.912214e-02	5.164764e+00
1.870000e-06	4.684976e-02	5.358399e+00
1.880000e-06	-2.290404e-02	5.628526e+00
1.890000e-06	1.772147e-02	5.822078e+00
1.900000e-06	-1.744401e-02	6.053135e+00
1.910000e-06	-2.985702e-02	6.284686e+00
1.920000e-06	2.692135e-02	6.472182e+00
1.930000e-06	-3.197528e-02	6.693236e+00
1.940000e-06	2.783150e-02	6.935791e+00
1.950000e-06	-6.061425e-02	7.114839e+00
1.960000e-06	2.558371e-02	7.324810e+00
1.970000e-06	1.253812e-02	7.546443e+00
1.980000e-06	-3.340467e-02	7.786896e+00
1.990000e-06	3.087673e-03	8.006946e+00
2.000000e-06	-4.065307e-02	8.178998e+00
2.010000e-06	1.444857e-02	8.347420e+00
2.020000e-06	-2.503477e-03	8.545766e+00
2.030000e-06	-7.452162e-03	8.703663e+00
2.040000e-06	-1.937798e-02	8.869633e+00
2.050000e-06	-1.631361e-02	9.040604e+00
2.060000e-06	8.349760e-03	9.230527e+00
2.070000e-06	-2.067412e-02	9.387498e+00
2.080000e-06	-1.713777e-02	9.544868e+00
2.090000e-06	-2.463173e-02	9.754289e+00
2.100000e-06	-1.719369e-03	9.914183e+00
2.110000e-06	4.933417e-03	1.000255e+01
2.120000e-06	-1.622333e-02	1.020800e+01
2.130000e-06	-1.950213e-02	1.035374e+01
2.140000e-06	-2.039449e-02	1.050373e+01
2.150000e-06	-3.888829e-03	1.066957e+01
2.160000e-06	-1.404381e-02	1.078583e+01
2.170000e-06	-2.140829e-02	1.090424e+01
2.180000e-06	-2.256279e-02	1.101908e+01
2.190000e-06	-9.252342e-03	1.113684e+01
2.200000e-06	-4.134088e-03	1.124264e+01
2.210000e-06	-1.802691e-02	1.140800e+01
2.220000e-06	-2.466834e-02	1.152277e+01
2.230000e-06	-2.255423e-02	1.167106e+01
2.240000e-06	-1.218317e-02	1.175695e+01
2.250000e-06	-1.516222e-02	1.188056e+01
2.260000e-06	-2.462848e-02	1.196632e+01
2.270000e-06	-2.536554e-02	1.205058e+01
2.280000e-06	-1.799998e-02	1.215489e+01
2.290000e-06	-1.139802e-02	1.225847e+01
2.300000e-06	-2.179965e-02	1.231324e+01
2.310000e-06	-2.702398e-02	1.239832e+01
2.320000e-06	-2.676369e-02	1.247058e+01
2.330000e-06	-1.882940e-02	1.255581e+01
2.340000e-06	-2.033167e-02	1.259740e+01
2.350000e-06	-2.927080e-02	1.264008e+01
2.360000e-06	-3.228913e-02	1.269208e+01
2.370000e-06	-2.685731e-02	1.271474e+01
2.380000e-06	-2.150587e-02	1.275480e+01
2.390000e-06	-2.669266e-02	1.278755e+01
2.400000e-06	-3.478341e-02	1.281156e+01
2.410000e-06	-3.310185e-02	1.290116e+01
2.420000e-06	-2.683581e-02	1.290218e+01
2.430000e-06	-2.831824e-02	1.294269e+01
2.440000e-06	-3.675161e-02	1.292529e+01
2.450000e-06	-4.124042e-02	1.296432e+01
2.460000e-06	-3.857989e-02	1.294639e+01
2.470000e-06	-3.338752e-02	1.294579e+01
2.480000e-06	-3.697253e-02	1.296331e+01
2.490000e-06	-4.283083e-02	1.293632e+01
2.500000e-06	-4.517696e-02	1.290379e+01
2.510000e-06	-4.072274e-02	1.291471e+01
2.520000e-06	-4.128874e-02	1.290068e+01
2.530000e-06	-4.708855e-02	1.286008e+01
2.540000e-06	-5.184061e-02	1.283845e+01
2.550000e-06	-4.939977e-02	1.277789e+01
2.560000e-06	-4.438752e-02	1.275521e+01
2.570000e-06	-4.599746e-02	1.271118e+01
2.580000e-06	-5.006268e-02	1.267005e+01
2.590000e-06	-5.116554e-02	1.260798e+01
2.600000e-06	-4.574756e-02	1.255434e+01
2.610000e-06	-4.259734e-02	1.249373e+01
2.620000e-06	-4.407861e-02	1.241910e+01
2.630000e-06	-4.541364e-02	1.237384e+01
2.640000e-06	-4.272067e-02	1.226163e+01
2.650000e-06	-3.689228e-02	1.220797e+01
2.660000e-06	-3.562740e-02	1.210424e+01
2.670000e-06	-3.604088e-02	1.201900e+01
2.680000e-06	-3.529418e-02	1.189416e+01
2.690000e-06	-3.088806e-02	1.185052e+01
2.700000e-06	-2.694739e-02	1.172282e+01
2.710000e-06	-2.865376e-02	1.162738e+01
2.720000e-06	-2.947801e-02	1.147118e+01
2.730000e-06	-2.776730e-02	1.138484e+01
2.740000e-06	-2.279523e-02	1.119797e+01
2.750000e-06	-2.039533e-02	1.111213e+01
2.760000e-06	-2.270564e-02	1.096792e+01
2.770000e-06	-2.280228e-02	1.087213e+01
2.780000e-06	-2.075972e-02	1.076529e+01
2.790000e-06	-1.654962e-02	1.059785e+01
2.800000e-06	-1.827592e-02	1.043745e+01
2.810000e-06	-1.876751e-02	1.026263e+01
2.820000e-06	-1.912606e-02	1.014429e+01
2.830000e-06	-1.477952e-02	9.999000e+00
2.840000e-06	-1.476524e-02	9.840452e+00
2.850000e-06	-1.518298e-02	9.650580e+00
2.860000e-06	-1.728568e-02	9.482085e+00
2.870000e-06	-1.462695e-02	9.314761e+00
2.880000e-06	-1.244116e-02	9.187371e+00
2.890000e-06	-1.181255e-02	8.989974e+00
2.900000e-06	-1.414041e-02	8.780873e+00
2.910000e-06	-1.299343e-02	8.650525e+00
2.920000e-06	-1.111609e-02	8.492682e+00
2.930000e-06	-1.107204e-02	8.303681e+00
2.940000e-06	-1.282100e-02	8.082659e+00
2.950000e-06	-1.349188e-02	7.902188e+00
2.960000e-06	-1.081489e-02	7.694208e+00
2.970000e-06	-9.644144e-03	7.504133e+00
2.980000e-06	-9.231495e-03	7.271033e+00
2.990000e-06	-1.102818e-02	7.071680e+00
3.000000e-06	-1.017139e-02	6.882631e+00
3.010000e-06	-8.551031e-03	6.661608e+00
3.020000e-06	-8.561089e-03	6.450507e+00
3.030000e-06	-1.004558e-02	6.251081e+00
3.040000e-06	-1.099954e-02	6.060100e+00
3.050000e-06	-9.290085e-03	5.862477e+00
3.060000e-06	-8.100943e-03	5.608450e+00
3.070000e-06	-7.247755e-03	5.389470e+00
3.080000e-06	-8.343998e-03	5.095239e+00
3.090000e-06	-7.597118e-03	4.892703e+00
3.100000e-06	-6.899315e-03	4.640502e+00
3.110000e-06	-6.424719e-03	4.440480e+00
3.120000e-06	-7.524928e-03	4.159470e+00
3.130000e-06	-9.028697e-03	3.915744e+00
3.140000e-06	-8.479262e-03	3.684215e+00
3.150000e-06	-7.596316e-03	3.515285e+00
3.160000e-06	-6.738009e-03	3.271532e+00
3.170000e-06	-6.634212e-03	3.040580e+00
3.180000e-06	-5.663344e-03	2.819028e+00
3.190000e-06	-5.006774e-03	2.566918e+00
3.200000e-06	-4.918331e-03	2.315288e+00
3.210000e-06	-5.787520e-03	2.094587e+00
3.220000e-06	-7.864650e-03	1.892659e+00
3.230000e-06	-7.160299e-03	1.620576e+00
3.240000e-06	-6.317360e-03	1.377820e+00
3.250000e-06	-5.313416e-03	1.106790e+00
3.260000e-06	-4.708317e-03	8.300040e-01
3.270000e-06	-4.225385e-03	6.295224e-01
3.280000e-06	-3.828227e-03	3.883950e-01
3.290000e-06	-3.469866e-03	9.721328e-02
3.300000e-06	-2.738589e-03	-1.452893e-01
3.310000e-06	5.519682e-03	-3.463670e-01
3.320000e-06	-4.292525e-03	-5.388471e-01
3.330000e-06	1.918213e-03	-7.894763e-01
3.340000e-06	-3.717830e-03	-1.020950e+00
3.350000e-06	1.702155e-03	-1.251553e+00
3.360000e-06	-4.288746e-03	-1.514186e+00
3.370000e-06	1.508559e-02	-1.714762e+00
3.380000e-06	8.391290e-02	-1.885188e+00
3.390000e-06	1.710871e-02	-2.192557e+00
3.400000e-06	-5.822385e-02	-2.578521e+00
3.410000e-06	-2.137494e-02	-2.819606e+00
3.420000e-06	-6.984337e-02	-3.051979e+00
3.430000e-06	-4.678482e-02	-3.189500e+00
3.440000e-06	1.661133e-01	-3.304284e+00
3.450000e-06	-1.206574e-01	-3.556441e+00
3.460000e-06	2.433355e-02	-3.889603e+00
3.470000e-06	9.652731e-02	-4.007425e+00
3.480000e-06	-1.391356e-01	-4.282155e+00
3.490000e-06	1.626411e-01	-4.511631e+00
3.500000e-06	-7.945714e-02	-4.704261e+00
3.510000e-06	-1.007845e-01	-4.958443e+00
3.520000e-06	1.127967e-01	-5.156842e+00
3.530000e-06	-8.268233e-02	-5.441175e+00
3.540000e-06	1.237229e-01	-5.692633e+00
3.550000e-06	-5.471880e-02	-5.864161e+00
3.560000e-06	-4.456446e-02	-6.153766e+00
3.570000e-06	1.027624e-01	-6.315817e+00
3.580000e-06	-8.477744e-02	-6.567445e+00
3.590000e-06	9.522441e-02	-6.756316e+00
3.600000e-06	-1.107001e-01	-6.959370e+00
3.610000e-06	5.706487e-02	-7.248500e+00
3.620000e-06	5.506138e-02	-7.367948e+00
3.630000e-06	-6.055552e-02	-7.661024e+00
3.640000e-06	8.006718e-02	-7.870554e+00
3.650000e-06	-1.135020e-01	-8.060553e+00
3.660000e-06	9.092563e-02	-8.219053e+00
3.670000e-06	-8.409616e-03	-8.386896e+00
3.680000e-06	1.702770e-02	-8.648001e+00
3.690000e-06	8.168538e-03	-8.807849e+00
3.700000e-06	-4.421737e-02	-8.947871e+00
3.710000e-06	8.576043e-02	-9.155742e+00
3.720000e-06	-4.723362e-02	-9.305160e+00
3.730000e-06	4.119904e-02	-9.481633e+00
3.740000e-06	-5.355401e-02	-9.631078e+00
3.750000e-06	4.257626e-02	-9.828498e+00
3.760000e-06	2.865881e-02	-9.974867e+00
3.770000e-06	1.551516e-03	-1.008324e+01
3.780000e-06	9.816433e-03	-1.028211e+01
3.790000e-06	-2.465165e-02	-1.045903e+01
3.800000e-06	4.823920e-02	-1.059692e+01
3.810000e-06	-8.131665e-03	-1.071322e+01
3.820000e-06	1.949919e-02	-1.082998e+01
3.830000e-06	-2.046279e-02	-1.097629e+01
3.840000e-06	2.662093e-02	-1.110166e+01
3.850000e-06	2.582275e-02	-1.120038e+01
3.860000e-06	1.400125e-02	-1.140537e+01
3.870000e-06	-8.611878e-04	-1.149161e+01
3.880000e-06	-3.002277e-03	-1.163743e+01
3.890000e-06	2.783448e-02	-1.173336e+01
3.900000e-06	1.689334e-02	-1.187905e+01
3.910000e-06	1.294394e-02	-1.194581e+01
3.920000e-06	-4.657797e-03	-1.206056e+01
3.930000e-06	1.951951e-02	-1.218587e+01
3.940000e-06	2.720285e-02	-1.227050e+01
3.950000e-06	1.990644e-02	-1.231269e+01
3.960000e-06	5.031007e-03	-1.238789e+01
3.970000e-06	8.456278e-03	-1.246108e+01
3.980000e-06	2.477727e-02	-1.253622e+01
3.990000e-06	2.819043e-02	-1.260850e+01
4.000000e-06	1.344976e-02	-1.267255e+01
4.010000e-06	7.413575e-03	-1.275321e+01
4.020000e-06	1.672490e-02	-1.278734e+01
4.030000e-06	3.041204e-02	-1.284742e+01
4.040000e-06	2.498933e-02	-1.288958e+01
4.050000e-06	1.590714e-02	-1.290321e+01
4.060000e-06	1.677396e-02	-1.295574e+01
4.070000e-06	3.007877e-02	-1.295687e+01
4.080000e-06	3.387594e-02	-1.301735e+01
4.090000e-06	2.236627e-02	-1.301847e+01
4.100000e-06	1.889480e-02	-1.304698e+01
4.110000e-06	2.504348e-02	-1.305897e+01
4.120000e-06	3.846965e-02	-1.303848e+01
4.130000e-06	3.453531e-02	-1.302900e+01
4.140000e-06	2.799131e-02	-1.305848e+01
4.150000e-06	2.764503e-02	-1.303895e+01
4.160000e-06	3.886761e-02	-1.303900e+01
4.170000e-06	4.262129e-02	-1.300745e+01
4.180000e-06	3.569221e-02	-1.301792e+01
4.190000e-06	3.157931e-02	-1.296529e+01
4.200000e-06	3.803195e-02	-1.295379e+01
4.210000e-06	4.712101e-02	-1.290256e+01
4.220000e-06	4.503859e-02	-1.287148e+01
4.230000e-06	3.826509e-02	-1.279838e+01
4.240000e-06	3.585226e-02	-1.276574e+01
4.250000e-06	4.206213e-02	-1.264266e+01
4.260000e-06	4.425925e-02	-1.262848e+01
4.270000e-06	3.867513e-02	-1.254732e+01
4.280000e-06	3.290069e-02	-1.251166e+01
4.290000e-06	3.330282e-02	-1.241802e+01
4.300000e-06	3.784709e-02	-1.238372e+01
4.310000e-06	3.499914e-02	-1.224963e+01
4.320000e-06	2.661678e-02	-1.217737e+01
4.330000e-06	2.241123e-02	-1.211166e+01
4.340000e-06	2.556492e-02	-1.201892e+01
4.350000e-06	2.747694e-02	-1.188258e+01
4.360000e-06	2.416700e-02	-1.178644e+01
4.370000e-06	1.616553e-02	-1.169156e+01
4.380000e-06	1.592297e-02	-1.155266e+01
4.390000e-06	2.060382e-02	-1.145595e+01
4.400000e-06	2.045443e-02	-1.126853e+01
4.410000e-06	1.388192e-02	-1.108471e+01
4.420000e-06	8.796147e-03	-1.092640e+01
4.430000e-06	1.144168e-02	-1.087318e+01
4.440000e-06	1.622792e-02	-1.078632e+01
4.450000e-06	1.345103e-02	-1.064150e+01
4.460000e-06	6.789650e-03	-1.051313e+01
4.470000e-06	6.055569e-03	-1.036524e+01
4.480000e-06	9.778446e-03	-1.018687e+01
4.490000e-06	1.109816e-02	-1.001953e+01
4.500000e-06	6.091759e-03	-9.881577e+00
4.510000e-06	2.762496e-03	-9.723735e+00
4.520000e-06	5.139694e-03	-9.596844e+00
4.530000e-06	8.598580e-03	-9.359365e+00
4.540000e-06	7.167330e-03	-9.239528e+00
4.550000e-06	2.256631e-03	-9.030554e+00
4.560000e-06	1.279887e-03	-8.933159e+00
4.570000e-06	3.629496e-03	-8.722563e+00
4.580000e-06	5.376398e-03	-8.532660e+00
4.590000e-06	3.249300e-03	-8.346212e+00
4.600000e-06	-1.407492e-04	-8.155815e+00
4.610000e-06	6.989564e-04	-7.947898e+00
4.620000e-06	3.397182e-03	-7.754237e+00
4.630000e-06	3.131788e-03	-7.525717e+00
4.640000e-06	-4.052769e-04	-7.324711e+00
4.650000e-06	-2.728247e-03	-7.164343e+00
4.660000e-06	-4.659102e-04	-6.904636e+00
4.670000e-06	2.044435e-03	-6.683217e+00
4.680000e-06	9.774818e-04	-6.513231e+00
4.690000e-06	-2.850823e-03	-6.324232e+00
4.700000e-06	-2.384350e-03	-6.059633e+00
4.710000e-06	8.827994e-04	-5.871077e+00
4.720000e-06	5.723748e-04	-5.630426e+00
4.730000e-06	-3.767387e-03	-5.429444e+00
4.740000e-06	-5.195001e-03	-5.155316e+00
4.750000e-06	-1.250263e-03	-4.955631e+00
4.760000e-06	-7.008478e-04	-4.661007e+00
4.770000e-06	-1.599131e-03	-4.442053e+00
4.780000e-06	-4.828543e-03	-4.292604e+00
4.790000e-06	-3.804634e-03	-4.001552e+00
4.800000e-06	-6.503223e-04	-3.818445e+00
4.810000e-06	-2.919512e-03	-3.568840e+00
4.820000e-06	-4.680854e-03	-3.327235e+00
4.830000e-06	-7.431328e-03	-3.125214e+00
4.840000e-06	-2.503548e-03	-2.861555e+00
4.850000e-06	-2.614182e-03	-2.640975e+00
4.860000e-06	-2.660327e-03	-2.420004e+00
4.870000e-06	-5.985885e-03	-2.104772e+00
4.880000e-06	-4.619478e-03	-1.944734e+00
4.890000e-06	-3.306238e-03	-1.722186e+00
4.900000e-06	-3.963229e-03	-1.441603e+00
4.910000e-06	-8.067776e-03	-1.115792e+00
4.920000e-06	-7.876634e-03	-9.061608e-01
4.930000e-06	-4.909271e-03	-7.147091e-01
4.940000e-06	-3.116240e-03	-4.109276e-01
4.950000e-06	-3.666990e-03	-1.809476e-01
4.960000e-06	-2.246664e-03	2.205612e-02
4.970000e-06	3.911689e-03	2.932616e-01
4.980000e-06	-3.564223e-03	4.853118e-01
4.990000e-06	2.403344e-03	7.147921e-01
5.000000e-06	-6.314364e-03	9.168683e-01
5.010000e-06	-2.360398e-03	1.208477e+00
5.020000e-06	-3.914910e-03	1.412598e+00
5.030000e-06	5.563555e-03	1.694708e+00
5.040000e-06	3.480011e-02	1.883789e+00
5.050000e-06	7.274691e-02	2.106340e+00
5.060000e-06	-4.457465e-02	2.429050e+00
5.070000e-06	-4.132706e-02	2.713811e+00
5.080000e-06	-3.739223e-02	2.905841e+00
5.090000e-06	-4.574541e-02	3.106190e+00
5.100000e-06	-6.739972e-02	3.262159e+00
5.110000e-06	1.320775e-01	3.493262e+00
5.120000e-06	-8.061267e-02	3.715389e+00
5.130000e-06	-2.498799e-02	3.924287e+00
5.140000e-06	1.377781e-01	4.158396e+00
5.150000e-06	-9.529489e-02	4.391028e+00
5.160000e-06	5.190680e-02	4.621102e+00
5.170000e-06	-2.690453e-02	4.903633e+00
5.180000e-06	-6.940185e-02	5.126340e+00
5.190000e-06	4.584138e-02	5.389023e+00
5.200000e-06	-2.253455e-02	5.580504e+00
5.210000e-06	1.766457e-02	5.810104e+00
5.220000e-06	-1.736941e-02	6.061187e+00
5.230000e-06	-2.983225e-02	6.252712e+00
5.240000e-06	2.708322e-02	6.461137e+00
5.250000e-06	-3.131391e-02	6.745212e+00
5.260000e-06	2.705255e-02	6.904365e+00
5.270000e-06	-6.144477e-02	7.115766e+00
5.280000e-06	2.515596e-02	7.304812e+00
5.290000e-06	1.222497e-02	7.555396e+00
5.300000e-06	-3.353968e-02	7.786817e+00
5.310000e-06	3.960642e-03	8.046474e+00
5.320000e-06	-4.078865e-02	8.177921e+00
5.330000e-06	1.420965e-02	8.366495e+00
5.340000e-06	-1.661104e-03	8.554268e+00
5.350000e-06	-5.921745e-03	8.672690e+00
5.360000e-06	-1.903394e-02	8.831633e+00
5.370000e-06	-1.655836e-02	9.071133e+00
5.380000e-06	7.972690e-03	9.249575e+00
5.390000e-06	-2.093603e-02	9.409974e+00
5.400000e-06	-1.647527e-02	9.536844e+00
5.410000e-06	-2.439042e-02	9.725812e+00
5.420000e-06	-1.818556e-03	9.904259e+00
5.430000e-06	4.835314e-03	1.004155e+01
5.440000e-06	-1.592373e-02	1.020645e+01
5.450000e-06	-1.900778e-02	1.034622e+01
5.460000e-06	-2.142552e-02	1.046416e+01
5.470000e-06	-3.816616e-03	1.067005e+01
5.480000e-06	-1.476851e-02	1.080635e+01
5.490000e-06	-2.110156e-02	1.092431e+01
5.500000e-06	-2.281010e-02	1.101853e+01
5.510000e-06	-9.193032e-03	1.113536e+01
5.520000e-06	-2.720492e-03	1.129313e+01
5.530000e-06	-1.768055e-02	1.141793e+01
5.540000e-06	-2.456292e-02	1.151376e+01
5.550000e-06	-2.294990e-02	1.166106e+01
5.560000e-06	-1.097648e-02	1.179797e+01
5.570000e-06	-1.506604e-02	1.187116e+01
5.580000e-06	-2.464560e-02	1.193682e+01
5.590000e-06	-2.612928e-02	1.205208e+01
5.600000e-06	-1.864213e-02	1.216487e+01
5.610000e-06	-1.129555e-02	1.225952e+01
5.620000e-06	-2.064890e-02	1.234369e+01
5.630000e-06	-2.707946e-02	1.236782e+01
5.640000e-06	-2.710933e-02	1.247366e+01
5.650000e-06	-1.859162e-02	1.253334e+01
5.660000e-06	-1.969398e-02	1.258690e+01
5.670000e-06	-2.983894e-02	1.264105e+01
5.680000e-06	-3.265925e-02	1.266273e+01
5.690000e-06	-2.806843e-02	1.271374e+01
5.700000e-06	-2.253029e-02	1.277729e+01
5.710000e-06	-2.668918e-02	1.275792e+01
5.720000e-06	-3.384498e-02	1.285005e+01
5.730000e-06	-3.327483e-02	1.290411e+01
5.740000e-06	-2.772268e-02	1.294359e+01
5.750000e-06	-2.824100e-02	1.291211e+01
5.760000e-06	-3.626484e-02	1.294374e+01
5.770000e-06	-4.170889e-02	1.295477e+01
5.780000e-06	-3.894320e-02	1.296529e+01
5.790000e-06	-3.346449e-02	1.296539e+01
5.800000e-06	-3.770308e-02	1.295489e+01
5.810000e-06	-4.335214e-02	1.291434e+01
5.820000e-06	-4.507027e-02	1.294379e+01
5.830000e-06	-4.087936e-02	1.290369e+01
5.840000e-06	-4.105548e-02	1.286121e+01
5.850000e-06	-4.829271e-02	1.282963e+01
5.860000e-06	-5.249995e-02	1.284858e+01
5.870000e-06	-4.968138e-02	1.277689e+01
5.880000e-06	-4.440731e-02	1.276624e+01
5.890000e-06	-4.606529e-02	1.268064e+01
5.900000e-06	-5.011383e-02	1.265153e+01
5.910000e-06	-5.161084e-02	1.259797e+01
5.920000e-06	-4.583100e-02	1.257637e+01
5.930000e-06	-4.293457e-02	1.250421e+01
5.940000e-06	-4.482972e-02	1.243948e+01
5.950000e-06	-4.545015e-02	1.239532e+01
5.960000e-06	-4.285882e-02	1.232011e+01
5.970000e-06	-3.627117e-02	1.222697e+01
5.980000e-06	-3.506398e-02	1.209371e+01
5.990000e-06	-3.764907e-02	1.199845e+01
6.000000e-06	-3.604938e-02	1.193414e+01
6.010000e-06	-3.139714e-02	1.180900e+01
6.020000e-06	-2.620989e-02	1.173264e+01
6.030000e-06	-2.802016e-02	1.162838e+01
6.040000e-06	-2.877662e-02	1.148263e+01
6.050000e-06	-2.738610e-02	1.138584e+01
6.060000e-06	-2.299164e-02	1.119947e+01
6.070000e-06	-2.054572e-02	1.110216e+01
6.080000e-06	-2.208048e-02	1.097594e+01
6.090000e-06	-2.255177e-02	1.085063e+01
6.100000e-06	-2.156851e-02	1.076619e+01
6.110000e-06	-1.890435e-02	1.058789e+01
6.120000e-06	-1.752753e-02	1.042743e+01
6.130000e-06	-1.824620e-02	1.028266e+01
6.140000e-06	-1.872089e-02	1.015529e+01
6.150000e-06	-1.549482e-02	9.996424e+00
6.160000e-06	-1.515696e-02	9.840442e+00
6.170000e-06	-1.414352e-02	9.680551e+00
6.180000e-06	-1.687696e-02	9.481685e+00
6.190000e-06	-1.510378e-02	9.343740e+00
6.200000e-06	-1.303829e-02	9.177874e+00
6.210000e-06	-1.181159e-02	8.989393e+00
6.220000e-06	-1.208161e-02	8.858449e+00
6.230000e-06	-1.308943e-02	8.630526e+00
6.240000e-06	-1.225592e-02	8.482057e+00
6.250000e-06	-1.124713e-02	8.295662e+00
6.260000e-06	-1.057103e-02	8.093663e+00
6.270000e-06	-1.247686e-02	7.874186e+00
6.280000e-06	-1.146239e-02	7.712261e+00
6.290000e-06	-1.080839e-02	7.532656e+00
6.300000e-06	-9.890234e-03	7.282106e+00
6.310000e-06	-1.015194e-02	7.081629e+00
6.320000e-06	-1.026677e-02	6.861108e+00
6.330000e-06	-9.309032e-03	6.682053e+00
6.340000e-06	-8.140379e-03	6.429579e+00
6.350000e-06	-8.154000e-03	6.230526e+00
6.360000e-06	-9.354972e-03	6.060505e+00
6.370000e-06	-9.248547e-03	5.831003e+00
6.380000e-06	-8.702601e-03	5.568926e+00
6.390000e-06	-8.081548e-03	5.418423e+00
6.400000e-06	-8.797507e-03	5.123814e+00
6.410000e-06	-9.451523e-03	4.862508e+00
6.420000e-06	-7.102311e-03	4.611030e+00
6.430000e-06	-7.390844e-03	4.430552e+00
6.440000e-06	-6.318826e-03	4.168844e+00
6.450000e-06	-7.730795e-03	3.926791e+00
6.460000e-06	-7.822200e-03	3.725291e+00
6.470000e-06	-7.302598e-03	3.534666e+00
6.480000e-06	-7.082917e-03	3.221606e+00
6.490000e-06	-7.000291e-03	3.031502e+00
6.500000e-06	-7.082490e-03	2.829474e+00
6.510000e-06	-5.864477e-03	2.598446e+00
6.520000e-06	-5.927589e-03	2.314713e+00
6.530000e-06	-6.042448e-03	2.054186e+00
6.540000e-06	-6.742338e-03	1.902660e+00
6.550000e-06	-5.899135e-03	1.621928e+00
6.560000e-06	-5.800823e-03	1.338920e+00
6.570000e-06	-5.060509e-03	1.135266e+00
6.580000e-06	-5.439935e-03	8.301064e-01
6.590000e-06	-5.777357e-03	5.884200e-01
6.600000e-06	-4.637931e-03	3.989988e-01
6.610000e-06	-3.503349e-03	1.453119e-01
6.620000e-06	-2.569408e-03	-1.247107e-01
6.630000e-06	5.297998e-03	-3.283671e-01
6.640000e-06	-3.770607e-03	-5.468671e-01
6.650000e-06	2.599498e-03	-8.010235e-01
6.660000e-06	-3.240076e-03	-1.008047e+00
6.670000e-06	1.354245e-03	-1.302030e+00
6.680000e-06	-3.525206e-03	-1.494839e+00
6.690000e-06	1.381069e-02	-1.725240e+00
6.700000e-06	8.382088e-02	-1.863811e+00
6.710000e-06	1.651175e-02	-2.201422e+00
6.720000e-06	-5.780857e-02	-2.558950e+00
6.730000e-06	-2.077490e-02	-2.831002e+00
6.740000e-06	-6.983876e-02	-3.042106e+00
6.750000e-06	-4.615484e-02	-3.208475e+00
6.760000e-06	1.665881e-01	-3.313288e+00
6.770000e-06	-1.200406e-01	-3.576442e+00
6.780000e-06	2.390728e-02	-3.840456e+00
6.790000e-06	9.541404e-02	-3.998396e+00
6.800000e-06	-1.390321e-01	-4.303782e+00
6.810000e-06	1.615345e-01	-4.442184e+00
6.820000e-06	-7.954717e-02	-4.684289e+00
6.830000e-06	-1.003412e-01	-4.965894e+00
6.840000e-06	1.127115e-01	-5.134792e+00
6.850000e-06	-8.150320e-02	-5.502158e+00
6.860000e-06	1.242900e-01	-5.694234e+00
6.870000e-06	-5.405171e-02	-5.882707e+00
6.880000e-06	-4.510113e-02	-6.125290e+00
6.890000e-06	1.025250e-01	-6.343266e+00
6.900000e-06	-8.551586e-02	-6.567467e+00
6.910000e-06	9.551324e-02	-6.776869e+00
6.920000e-06	-1.121513e-01	-6.938899e+00
6.930000e-06	5.688122e-02	-7.270523e+00
6.940000e-06	5.599611e-02	-7.378449e+00
6.950000e-06	-6.007316e-02	-7.651053e+00
6.960000e-06	8.001893e-02	-7.840053e+00
6.970000e-06	-1.134209e-01	-8.040107e+00
6.980000e-06	9.179512e-02	-8.261054e+00
6.990000e-06	-7.543073e-03	-8.398952e+00
7.000000e-06	1.536893e-02	-8.587974e+00
7.010000e-06	6.623933e-03	-8.788877e+00
7.020000e-06	-4.487880e-02	-8.977421e+00
7.030000e-06	8.411814e-02	-9.155212e+00
7.040000e-06	-4.640317e-02	-9.313715e+00
7.050000e-06	4.135344e-02	-9.521610e+00
7.060000e-06	-5.201917e-02	-9.640458e+00
7.070000e-06	4.309704e-02	-9.819923e+00
7.080000e-06	2.854168e-02	-9.935246e+00
7.090000e-06	1.019822e-05	-1.011521e+01
7.100000e-06	8.812557e-03	-1.029063e+01
7.110000e-06	-2.499777e-02	-1.046950e+01
7.120000e-06	4.780571e-02	-1.056742e+01
7.130000e-06	-7.128641e-03	-1.072469e+01
7.140000e-06	1.986832e-02	-1.081895e+01
7.150000e-06	-1.953483e-02	-1.096682e+01
7.160000e-06	2.743035e-02	-1.110163e+01
7.170000e-06	2.598529e-02	-1.122895e+01
7.180000e-06	1.448101e-02	-1.141579e+01
7.190000e-06	-1.402122e-03	-1.147961e+01
7.200000e-06	-2.765810e-03	-1.161692e+01
7.210000e-06	2.769417e-02	-1.173317e+01
7.220000e-06	1.615785e-02	-1.184958e+01
7.230000e-06	1.323653e-02	-1.195574e+01
7.240000e-06	-4.700532e-03	-1.205363e+01
7.250000e-06	1.979557e-02	-1.214632e+01
7.260000e-06	2.804274e-02	-1.226053e+01
7.270000e-06	2.135409e-02	-1.230311e+01
7.280000e-06	4.365791e-03	-1.235735e+01
7.290000e-06	8.091570e-03	-1.246055e+01
7.300000e-06	2.397777e-02	-1.249476e+01
7.310000e-06	2.773214e-02	-1.264892e+01
7.320000e-06	1.300570e-02	-1.269060e+01
7.330000e-06	8.204995e-03	-1.272472e+01
7.340000e-06	1.836591e-02	-1.280632e+01
7.350000e-06	3.240592e-02	-1.283898e+01
7.360000e-06	2.593858e-02	-1.289206e+01
7.370000e-06	1.574522e-02	-1.291481e+01
7.380000e-06	1.526287e-02	-1.297484e+01
7.390000e-06	2.748074e-02	-1.300637e+01
7.400000e-06	3.342763e-02	-1.301890e+01
7.410000e-06	2.295833e-02	-1.300800e+01
7.420000e-06	1.873705e-02	-1.301898e+01
7.430000e-06	2.485135e-02	-1.303953e+01
7.440000e-06	3.938325e-02	-1.305998e+01
7.450000e-06	3.748747e-02	-1.305001e+01
7.460000e-06	2.867084e-02	-1.304998e+01
7.470000e-06	2.710346e-02	-1.304898e+01
7.480000e-06	3.671963e-02	-1.301995e+01
7.490000e-06	4.242135e-02	-1.300887e+01
7.500000e-06	3.555040e-02	-1.300639e+01
7.510000e-06	3.090999e-02	-1.294531e+01
7.520000e-06	3.706717e-02	-1.294466e+01
7.530000e-06	4.876432e-02	-1.289308e+01
7.540000e-06	4.819146e-02	-1.285108e+01
7.550000e-06	3.871205e-02	-1.283792e+01
7.560000e-06	3.474454e-02	-1.277629e+01
7.570000e-06	4.030586e-02	-1.269108e+01
7.580000e-06	4.436392e-02	-1.268956e+01
7.590000e-06	3.732637e-02	-1.260685e+01
7.600000e-06	3.135352e-02	-1.252318e+01
7.610000e-06	3.206095e-02	-1.242100e+01
7.620000e-06	3.940584e-02	-1.234526e+01
7.630000e-06	3.775700e-02	-1.226158e+01
7.640000e-06	2.784378e-02	-1.218685e+01
7.650000e-06	2.098049e-02	-1.210263e+01
7.660000e-06	2.432699e-02	-1.201587e+01
7.670000e-06	2.696250e-02	-1.191198e+01
7.680000e-06	2.322938e-02	-1.181639e+01
7.690000e-06	1.657405e-02	-1.165010e+01
7.700000e-06	1.586137e-02	-1.154367e+01
7.710000e-06	2.131446e-02	-1.139645e+01
7.720000e-06	2.138795e-02	-1.126095e+01
7.730000e-06	1.383278e-02	-1.110331e+01
7.740000e-06	9.148729e-03	-1.099938e+01
7.750000e-06	1.158103e-02	-1.086170e+01
7.760000e-06	1.511392e-02	-1.073632e+01
7.770000e-06	1.320152e-02	-1.060995e+01
7.780000e-06	6.811690e-03	-1.052318e+01
7.790000e-06	5.637010e-03	-1.034429e+01
7.800000e-06	1.000591e-02	-1.016732e+01
7.810000e-06	1.039806e-02	-1.002943e+01
7.820000e-06	6.767655e-03	-9.872630e+00
7.830000e-06	2.492432e-03	-9.714709e+00
7.840000e-06	4.108296e-03	-9.546343e+00
7.850000e-06	8.372507e-03	-9.387347e+00
7.860000e-06	7.161853e-03	-9.269029e+00
7.870000e-06	3.126354e-03	-9.070532e+00
7.880000e-06	4.775821e-04	-8.902636e+00
7.890000e-06	3.723981e-03	-8.724236e+00
7.900000e-06	5.109656e-03	-8.506163e+00
7.910000e-06	2.706050e-03	-8.325267e+00
7.920000e-06	-6.725347e-04	-8.168268e+00
7.930000e-06	1.332320e-03	-7.966874e+00
7.940000e-06	3.633730e-03	-7.716262e+00
7.950000e-06	3.488163e-03	-7.524715e+00
7.960000e-06	-8.209091e-04	-7.356663e+00
7.970000e-06	-1.453742e-03	-7.115236e+00
7.980000e-06	1.620618e-04	-6.944687e+00
7.990000e-06	1.850665e-03	-6.693182e+00
8.000000e-06	-2.908604e-04	-6.484133e+00
8.010000e-06	-2.581015e-03	-6.333665e+00
8.020000e-06	-9.998551e-04	-6.091606e+00
8.030000e-06	1.125584e-03	-5.879978e+00
8.040000e-06	4.420728e-04	-5.632134e+00
8.050000e-06	-2.167446e-03	-5.420470e+00
8.060000e-06	-4.558143e-03	-5.126795e+00
8.070000e-06	-2.545362e-03	-4.903132e+00
8.080000e-06	-1.782506e-03	-4.631083e+00
8.090000e-06	-1.590290e-03	-4.471029e+00
8.100000e-06	-4.323973e-03	-4.273032e+00
8.110000e-06	-3.483404e-03	-4.028982e+00
8.120000e-06	-1.050274e-03	-3.760395e+00
8.130000e-06	-2.523879e-03	-3.536370e+00
8.140000e-06	-3.906119e-03	-3.336716e+00
8.150000e-06	-6.981584e-03	-3.135713e+00
8.160000e-06	-4.397153e-03	-2.811007e+00
8.170000e-06	-4.072995e-03	-2.598929e+00
8.180000e-06	-1.785564e-03	-2.410425e+00
8.190000e-06	-4.742713e-03	-2.158416e+00
8.200000e-06	-4.260255e-03	-1.894162e+00
8.210000e-06	-4.615618e-03	-1.712513e+00
8.220000e-06	-3.595796e-03	-1.431000e+00
8.230000e-06	-6.212977e-03	-1.125765e+00
8.240000e-06	-7.053515e-03	-9.437859e-01
8.250000e-06	-7.059732e-03	-7.041119e-01
8.260000e-06	-4.275347e-03	-4.220014e-01
8.270000e-06	-3.462970e-03	-1.905501e-01
8.280000e-06	-1.324953e-03	2.160993e-02
8.290000e-06	3.947170e-03	2.937353e-01
8.300000e-06	-3.973795e-03	4.758155e-01
8.310000e-06	2.750989e-03	7.182384e-01
8.320000e-06	-5.508365e-03	8.758894e-01
8.330000e-06	-2.331393e-03	1.167550e+00
8.340000e-06	-4.384547e-03	1.409050e+00
8.350000e-06	5.510952e-03	1.685162e+00
8.360000e-06	3.457523e-02	1.895136e+00
8.370000e-06	7.200609e-02	2.096389e+00
8.380000e-06	-4.471082e-02	2.389551e+00
8.390000e-06	-4.110991e-02	2.725209e+00
8.400000e-06	-3.783653e-02	2.913866e+00
8.410000e-06	-4.480093e-02	3.104864e+00
8.420000e-06	-6.671703e-02	3.232180e+00
8.430000e-06	1.316812e-01	3.484209e+00
8.440000e-06	-8.102323e-02	3.705891e+00
8.450000e-06	-2.576802e-02	3.884766e+00
8.460000e-06	1.383907e-01	4.127347e+00
8.470000e-06	-9.503541e-02	4.419578e+00
8.480000e-06	5.192270e-02	4.598505e+00
8.490000e-06	-2.698540e-02	4.882136e+00
8.500000e-06	-6.902257e-02	5.163842e+00
8.510000e-06	4.664723e-02	5.378002e+00
8.520000e-06	-2.246886e-02	5.680153e+00
8.530000e-06	1.611752e-02	5.810509e+00
8.540000e-06	-1.791862e-02	6.051208e+00
8.550000e-06	-2.989388e-02	6.294133e+00
8.560000e-06	2.671616e-02	6.442782e+00
8.570000e-06	-3.143491e-02	6.722161e+00
8.580000e-06	2.761701e-02	6.915337e+00
8.590000e-06	-5.989586e-02	7.164249e+00
8.600000e-06	2.624488e-02	7.287865e+00
8.610000e-06	1.190504e-02	7.544314e+00
8.620000e-06	-3.345297e-02	7.786920e+00
8.630000e-06	2.977152e-03	8.008449e+00
8.640000e-06	-4.009623e-02	8.188944e+00
8.650000e-06	1.479851e-02	8.366923e+00
8.660000e-06	-9.482990e-04	8.515891e+00
8.670000e-06	-6.560350e-03	8.682133e+00
8.680000e-06	-1.863911e-02	8.812157e+00
8.690000e-06	-1.662065e-02	9.030132e+00
8.700000e-06	8.403856e-03	9.218075e+00
8.710000e-06	-2.143763e-02	9.368000e+00
8.720000e-06	-1.729921e-02	9.535893e+00
8.730000e-06	-2.511700e-02	9.714363e+00
8.740000e-06	-1.347518e-03	9.902161e+00
8.750000e-06	4.891014e-03	1.006050e+01
8.760000e-06	-1.627402e-02	1.018895e+01
8.770000e-06	-1.915611e-02	1.032439e+01
8.780000e-06	-1.991221e-02	1.049174e+01
8.790000e-06	-3.724517e-03	1.064000e+01
8.800000e-06	-1.324009e-02	1.079594e+01
8.810000e-06	-2.126036e-02	1.088421e+01
8.820000e-06	-2.247467e-02	1.103000e+01
8.830000e-06	-9.665789e-03	1.113529e+01
8.840000e-06	-2.872744e-03	1.125071e+01
8.850000e-06	-1.827693e-02	1.135700e+01
8.860000e-06	-2.540941e-02	1.153174e+01
8.870000e-06	-2.202338e-02	1.167901e+01
8.880000e-06	-1.121269e-02	1.179707e+01
8.890000e-06	-1.454164e-02	1.188156e+01
8.900000e-06	-2.470009e-02	1.197435e+01
8.910000e-06	-2.622880e-02	1.208100e+01
8.920000e-06	-1.880540e-02	1.210582e+01
8.930000e-06	-1.119657e-02	1.222903e+01
8.940000e-06	-2.108815e-02	1.231463e+01
8.950000e-06	-2.708294e-02	1.238735e+01
8.960000e-06	-2.660344e-02	1.245111e+01
8.970000e-06	-1.777680e-02	1.254427e+01
8.980000e-06	-1.920397e-02	1.257687e+01
8.990000e-06	-2.897541e-02	1.265152e+01
9.000000e-06	-3.279022e-02	1.269116e+01
9.010000e-06	-2.793330e-02	1.272414e+01
9.020000e-06	-2.258927e-02	1.276634e+01
9.030000e-06	-2.717362e-02	1.281847e+01
9.040000e-06	-3.501074e-02	1.283263e+01
9.050000e-06	-3.343379e-02	1.288366e+01
9.060000e-06	-2.670336e-02	1.290273e+01
9.070000e-06	-2.781011e-02	1.293426e+01
9.080000e-06	-3.564257e-02	1.292581e+01
9.090000e-06	-4.124787e-02	1.296280e+01
9.100000e-06	-3.895953e-02	1.297787e+01
9.110000e-06	-3.386549e-02	1.296572e+01
9.120000e-06	-3.832234e-02	1.298434e+01
9.130000e-06	-4.334132e-02	1.294527e+01
9.140000e-06	-4.463173e-02	1.293489e+01
9.150000e-06	-4.020162e-02	1.291268e+01
9.160000e-06	-3.984738e-02	1.290174e+01
9.170000e-06	-4.645289e-02	1.286161e+01
9.180000e-06	-5.178705e-02	1.282693e+01
9.190000e-06	-4.961934e-02	1.277642e+01
9.200000e-06	-4.527238e-02	1.272526e+01
9.210000e-06	-4.709574e-02	1.271411e+01
9.220000e-06	-5.161922e-02	1.265063e+01
9.230000e-06	-5.198890e-02	1.264890e+01
9.240000e-06	-4.444160e-02	1.254487e+01
9.250000e-06	-4.158211e-02	1.251321e+01
9.260000e-06	-4.408655e-02	1.239953e+01
9.270000e-06	-4.447847e-02	1.235479e+01
9.280000e-06	-4.324504e-02	1.227163e+01
9.290000e-06	-3.605792e-02	1.218797e+01
9.300000e-06	-3.643869e-02	1.213274e+01
9.310000e-06	-3.761047e-02	1.198953e+01
9.320000e-06	-3.615072e-02	1.192519e+01
9.330000e-06	-3.086512e-02	1.183895e+01
9.340000e-06	-2.609599e-02	1.171526e+01
9.350000e-06	-2.778986e-02	1.158700e+01
9.360000e-06	-2.899436e-02	1.148968e+01
9.370000e-06	-2.706184e-02	1.136426e+01
9.380000e-06	-2.179675e-02	1.122990e+01
9.390000e-06	-2.047603e-02	1.110308e+01
9.400000e-06	-2.328158e-02	1.097640e+01
9.410000e-06	-2.340020e-02	1.083261e+01
9.420000e-06	-2.075179e-02	1.074327e+01
9.430000e-06	-1.638073e-02	1.057594e+01
9.440000e-06	-1.835563e-02	1.043903e+01
9.450000e-06	-1.875327e-02	1.030211e+01
9.460000e-06	-1.902719e-02	1.020374e+01
9.470000e-06	-1.471647e-02	1.001549e+01
9.480000e-06	-1.396115e-02	9.829973e+00
9.490000e-06	-1.482845e-02	9.649079e+00
9.500000e-06	-1.769851e-02	9.461584e+00
9.510000e-06	-1.400992e-02	9.305213e+00
9.520000e-06	-1.269559e-02	9.177897e+00
9.530000e-06	-1.216843e-02	8.998945e+00
9.540000e-06	-1.377534e-02	8.819475e+00
9.550000e-06	-1.302342e-02	8.630028e+00
9.560000e-06	-1.067886e-02	8.443130e+00
9.570000e-06	-9.944775e-03	8.284212e+00
9.580000e-06	-1.129273e-02	8.142160e+00
9.590000e-06	-1.222376e-02	7.874107e+00
9.600000e-06	-1.153463e-02	7.712684e+00
9.610000e-06	-9.319379e-03	7.482708e+00
9.620000e-06	-1.007719e-02	7.249603e+00
9.630000e-06	-1.168384e-02	7.042083e+00
9.640000e-06	-1.065862e-02	6.871658e+00
9.650000e-06	-9.202440e-03	6.674081e+00
9.660000e-06	-7.752237e-03	6.440050e+00
9.670000e-06	-9.147079e-03	6.240504e+00
9.680000e-06	-1.049620e-02	6.050078e+00
9.690000e-06	-8.875196e-03	5.839978e+00
9.700000e-06	-7.150432e-03	5.629425e+00
9.710000e-06	-7.744510e-03	5.368998e+00
9.720000e-06	-8.776566e-03	5.155316e+00
9.730000e-06	-8.677181e-03	4.870604e+00
9.740000e-06	-8.402720e-03	4.649098e+00
9.750000e-06	-7.877362e-03	4.440527e+00
9.760000e-06	-7.139578e-03	4.168393e+00
9.770000e-06	-6.427924e-03	3.924414e+00
9.780000e-06	-7.622772e-03	3.726838e+00
9.790000e-06	-7.283807e-03	3.534239e+00
9.800000e-06	-7.373243e-03	3.263055e+00
9.810000e-06	-6.840596e-03	3.051027e+00
9.820000e-06	-6.556708e-03	2.831428e+00
9.830000e-06	-6.695398e-03	2.557347e+00
9.840000e-06	-6.626820e-03	2.296238e+00
9.850000e-06	-5.551475e-03	2.093236e+00
9.860000e-06	-6.585830e-03	1.884156e+00
9.870000e-06	-5.864788e-03	1.599553e+00
9.880000e-06	-6.691467e-03	1.397916e+00
9.890000e-06	-5.201334e-03	1.104762e+00
9.900000e-06	-4.660878e-03	7.820527e-01
9.910000e-06	-4.565948e-03	5.689500e-01
9.920000e-06	-5.202325e-03	4.100463e-01
9.930000e-06	-4.130682e-03	6.631329e-02
9.940000e-06	-3.008643e-03	-1.148419e-01
9.950000e-06	6.641818e-03	-3.264157e-01
9.960000e-06	-3.551848e-03	-5.968669e-01
9.970000e-06	1.681361e-03	-8.009524e-01
9.980000e-06	-3.681822e-03	-1.009528e+00
9.990000e-06	2.336542e-03	-1.221031e+00
1.000000e-05	-3.506319e-03	-1.496762e+00
1.001000e-05	1.427299e-02	-1.694316e+00
1.002000e-05	8.300699e-02	-1.904262e+00
1.003000e-05	1.603699e-02	-2.199601e+00
1.004000e-05	-5.668800e-02	-2.568949e+00
1.005000e-05	-2.192207e-02	-2.800601e+00
1.006000e-05	-6.818523e-02	-3.019578e+00
1.007000e-05	-4.844830e-02	-3.209020e+00
1.008000e-05	1.682621e-01	-3.324766e+00
1.009000e-05	-1.198697e-01	-3.577346e+00
1.010000e-05	2.311129e-02	-3.829602e+00
1.011000e-05	9.482889e-02	-4.007422e+00
1.012000e-05	-1.413612e-01	-4.292708e+00
1.013000e-05	1.611775e-01	-4.472707e+00
1.014000e-05	-8.022189e-02	-4.654263e+00
1.015000e-05	-9.985157e-02	-4.955869e+00
1.016000e-05	1.128112e-01	-5.107293e+00
1.017000e-05	-8.088607e-02	-5.463154e+00
1.018000e-05	1.258985e-01	-5.704708e+00
1.019000e-05	-5.204087e-02	-5.871686e+00
1.020000e-05	-4.537012e-02	-6.085789e+00
1.021000e-05	1.003754e-01	-6.336243e+00
1.022000e-05	-8.586889e-02	-6.586921e+00
1.023000e-05	9.289940e-02	-6.776894e+00
1.024000e-05	-1.098577e-01	-6.946920e+00
1.025000e-05	5.433142e-02	-7.243604e+00
1.026000e-05	5.746165e-02	-7.407899e+00
1.027000e-05	-5.902528e-02	-7.662123e+00
1.028000e-05	8.133199e-02	-7.839479e+00
1.029000e-05	-1.133657e-01	-8.060559e+00
1.030000e-05	8.805782e-02	-8.241503e+00
1.031000e-05	-9.042907e-03	-8.419499e+00
1.032000e-05	1.507916e-02	-8.619051e+00
1.033000e-05	5.733195e-03	-8.797896e+00
1.034000e-05	-4.328903e-02	-8.987424e+00
1.035000e-05	8.591572e-02	-9.145792e+00
1.036000e-05	-4.328868e-02	-9.304762e+00
1.037000e-05	4.165529e-02	-9.511586e+00
1.038000e-05	-5.244156e-02	-9.662158e+00
1.039000e-05	4.094795e-02	-9.788998e+00
1.040000e-05	2.665596e-02	-9.976338e+00
1.041000e-05	-1.445348e-03	-1.013366e+01
1.042000e-05	8.864164e-03	-1.030056e+01
1.043000e-05	-2.493239e-02	-1.047850e+01
1.044000e-05	4.999652e-02	-1.061739e+01
1.045000e-05	-5.945532e-03	-1.069419e+01
1.046000e-05	2.071323e-02	-1.084903e+01
1.047000e-05	-2.012166e-02	-1.097489e+01
1.048000e-05	2.685866e-02	-1.110259e+01
1.049000e-05	2.442984e-02	-1.124900e+01
1.050000e-05	1.348463e-02	-1.137629e+01
1.051000e-05	-6.953325e-04	-1.151301e+01
1.052000e-05	-2.479540e-03	-1.157848e+01
1.053000e-05	2.886143e-02	-1.169482e+01
1.054000e-05	1.599517e-02	-1.185108e+01
1.055000e-05	1.259949e-02	-1.193582e+01
1.056000e-05	-5.016189e-03	-1.207211e+01
1.057000e-05	1.901133e-02	-1.216482e+01
1.058000e-05	2.662541e-02	-1.226003e+01
1.059000e-05	2.083950e-02	-1.232318e+01
1.060000e-05	4.672483e-03	-1.238784e+01
1.061000e-05	8.893010e-03	-1.245308e+01
1.062000e-05	2.525314e-02	-1.254329e+01
1.063000e-05	2.885946e-02	-1.262842e+01
1.064000e-05	1.361684e-02	-1.268055e+01
1.065000e-05	7.439724e-03	-1.273412e+01
1.066000e-05	1.789494e-02	-1.276587e+01
1.067000e-05	3.182903e-02	-1.285945e+01
1.068000e-05	2.559796e-02	-1.286198e+01
1.069000e-05	1.590276e-02	-1.295221e+01
1.070000e-05	1.662179e-02	-1.294424e+01
1.071000e-05	3.016027e-02	-1.298647e+01
1.072000e-05	3.477999e-02	-1.300835e+01
1.073000e-05	2.246639e-02	-1.301737e+01
1.074000e-05	1.821013e-02	-1.302795e+01
1.075000e-05	2.478562e-02	-1.304800e+01
1.076000e-05	3.815492e-02	-1.304005e+01
1.077000e-05	3.568398e-02	-1.305950e+01
1.078000e-05	2.764056e-02	-1.304948e+01
1.079000e-05	2.736586e-02	-1.304045e+01
1.080000e-05	3.896540e-02	-1.301745e+01
1.081000e-05	4.334223e-02	-1.301892e+01
1.082000e-05	3.630899e-02	-1.298787e+01
1.083000e-05	3.073674e-02	-1.296477e+01
1.084000e-05	3.688395e-02	-1.293476e+01
1.085000e-05	4.807884e-02	-1.286216e+01
1.086000e-05	4.568594e-02	-1.285006e+01
1.087000e-05	3.727290e-02	-1.279887e+01
1.088000e-05	3.413824e-02	-1.276472e+01
1.089000e-05	4.304648e-02	-1.274113e+01
1.090000e-05	4.636905e-02	-1.261941e+01
1.091000e-05	3.894895e-02	-1.257575e+01
1.092000e-05	3.119254e-02	-1.252212e+01
1.093000e-05	3.270291e-02	-1.243700e+01
1.094000e-05	3.799572e-02	-1.232361e+01
1.095000e-05	3.581293e-02	-1.229108e+01
1.096000e-05	2.667800e-02	-1.220692e+01
1.097000e-05	2.103069e-02	-1.211161e+01
1.098000e-05	2.578339e-02	-1.204588e+01
1.099000e-05	2.921017e-02	-1.191158e+01
1.100000e-05	2.415200e-02	-1.178734e+01
1.101000e-05	1.569260e-02	-1.165805e+01
1.102000e-05	1.535374e-02	-1.154369e+01
1.103000e-05	2.003536e-02	-1.141637e+01
1.104000e-05	2.005455e-02	-1.129055e+01
1.105000e-05	1.375066e-02	-1.112419e+01
1.106000e-05	8.387395e-03	-1.098592e+01
1.107000e-05	1.181581e-02	-1.090261e+01
1.108000e-05	1.576257e-02	-1.076530e+01
1.109000e-05	1.404054e-02	-1.062045e+01
1.110000e-05	7.075756e-03	-1.048313e+01
1.111000e-05	5.441234e-03	-1.030432e+01
1.112000e-05	1.002955e-02	-1.017889e+01
1.113000e-05	1.093941e-02	-1.002897e+01
1.114000e-05	6.413281e-03	-9.851132e+00
1.115000e-05	2.698557e-03	-9.754765e+00
1.116000e-05	3.725908e-03	-9.577823e+00
1.117000e-05	8.453884e-03	-9.417841e+00
1.118000e-05	6.267124e-03	-9.248951e+00
1.119000e-05	2.855064e-03	-9.070532e+00
1.120000e-05	1.702803e-03	-8.912633e+00
1.121000e-05	4.365115e-03	-8.733112e+00
1.122000e-05	5.262972e-03	-8.462209e+00
1.123000e-05	2.826018e-03	-8.344719e+00
1.124000e-05	-1.079481e-03	-8.128343e+00
1.125000e-05	-5.188828e-06	-7.998348e+00
1.126000e-05	3.082431e-03	-7.754738e+00
1.127000e-05	3.153965e-03	-7.546187e+00
1.128000e-05	2.314269e-04	-7.354661e+00
1.129000e-05	-1.607907e-03	-7.143716e+00
1.130000e-05	5.131128e-04	-6.923662e+00
1.131000e-05	2.498347e-03	-6.723108e+00
1.132000e-05	3.145201e-04	-6.513733e+00
1.133000e-05	-3.035422e-03	-6.364636e+00
1.134000e-05	-2.226034e-03	-6.102108e+00
1.135000e-05	-6.266931e-04	-5.862076e+00
1.136000e-05	1.115891e-03	-5.661031e+00
1.137000e-05	-2.730378e-03	-5.390929e+00
1.138000e-05	-4.481033e-03	-5.146871e+00
1.139000e-05	-1.690173e-03	-4.904549e+00
1.140000e-05	-1.135489e-04	-4.620053e+00
1.141000e-05	-6.774579e-04	-4.502055e+00
1.142000e-05	-3.264046e-03	-4.241031e+00
1.143000e-05	-4.701708e-03	-4.019479e+00
1.144000e-05	-2.155614e-03	-3.819894e+00
1.145000e-05	-3.087532e-03	-3.575916e+00
1.146000e-05	-3.716522e-03	-3.365786e+00
1.147000e-05	-7.040332e-03	-3.074711e+00
1.148000e-05	-3.485200e-03	-2.871079e+00
1.149000e-05	-3.361811e-03	-2.631032e+00
1.150000e-05	-1.100308e-03	-2.419977e+00
1.151000e-05	-5.134546e-03	-2.157789e+00
1.152000e-05	-4.204326e-03	-1.915265e+00
1.153000e-05	-4.027739e-03	-1.693586e+00
1.154000e-05	-3.855886e-03	-1.452023e+00
1.155000e-05	-7.096305e-03	-1.176391e+00
1.156000e-05	-7.272647e-03	-9.352897e-01
1.157000e-05	-6.385973e-03	-7.136831e-01
1.158000e-05	-3.792736e-03	-4.300752e-01
1.159000e-05	-2.432648e-03	-2.004988e-01
1.160000e-05	-1.324131e-03	5.013008e-02
1.161000e-05	4.730892e-03	2.448082e-01
1.162000e-05	-4.332674e-03	4.453394e-01
1.163000e-05	1.712897e-03	6.853894e-01
1.164000e-05	-6.591814e-03	8.832704e-01
1.165000e-05	-2.906767e-03	1.179004e+00
1.166000e-05	-5.163422e-03	1.412076e+00
1.167000e-05	5.869019e-03	1.664733e+00
1.168000e-05	3.494277e-02	1.905287e+00
1.169000e-05	7.288459e-02	2.116342e+00
1.170000e-05	-4.464960e-02	2.399975e+00
1.171000e-05	-4.193473e-02	2.663733e+00
1.172000e-05	-3.762305e-02	2.905416e+00
1.173000e-05	-4.500811e-02	3.104713e+00
1.174000e-05	-6.602596e-02	3.233708e+00
1.175000e-05	1.306542e-01	3.483310e+00
1.176000e-05	-8.098138e-02	3.716341e+00
1.177000e-05	-2.575113e-02	3.864710e+00
1.178000e-05	1.380626e-01	4.137495e+00
1.179000e-05	-9.380758e-02	4.410027e+00
1.180000e-05	5.152469e-02	4.579047e+00
1.181000e-05	-2.742202e-02	4.852657e+00
1.182000e-05	-6.941028e-02	5.145821e+00
1.183000e-05	4.655326e-02	5.368396e+00
1.184000e-05	-2.356148e-02	5.621053e+00
1.185000e-05	1.696967e-02	5.818983e+00
1.186000e-05	-1.786261e-02	6.062185e+00
1.187000e-05	-2.984291e-02	6.292657e+00
1.188000e-05	2.807532e-02	6.432755e+00
1.189000e-05	-3.162340e-02	6.724162e+00
1.190000e-05	2.677628e-02	6.895791e+00
1.191000e-05	-6.053641e-02	7.164814e+00
1.192000e-05	2.627741e-02	7.314270e+00
1.193000e-05	1.217067e-02	7.556341e+00
1.194000e-05	-3.345725e-02	7.764896e+00
1.195000e-05	2.528354e-03	7.979004e+00
1.196000e-05	-4.038998e-02	8.230476e+00
1.197000e-05	1.444950e-02	8.376418e+00
1.198000e-05	-1.651852e-03	8.515340e+00
1.199000e-05	-6.875315e-03	8.713187e+00
1.200000e-05	-1.941293e-02	8.842632e+00
1.201000e-05	-1.546002e-02	9.039134e+00
1.202000e-05	8.661433e-03	9.249025e+00
1.203000e-05	-2.031162e-02	9.406472e+00
1.204000e-05	-1.729728e-02	9.566318e+00
1.205000e-05	-2.450453e-02	9.734790e+00
1.206000e-05	-1.342701e-03	9.911059e+00
1.207000e-05	5.216628e-03	1.001963e+01
1.208000e-05	-1.652166e-02	1.018949e+01
1.209000e-05	-1.981573e-02	1.032481e+01
1.210000e-05	-2.054190e-02	1.049271e+01
1.211000e-05	-2.819973e-03	1.066110e+01
1.212000e-05	-1.454020e-02	1.076539e+01
1.213000e-05	-2.206743e-02	1.087384e+01
1.214000e-05	-2.306799e-02	1.103053e+01
1.215000e-05	-9.287710e-03	1.113430e+01
1.216000e-05	-2.537209e-03	1.125258e+01
1.217000e-05	-1.813312e-02	1.141797e+01
1.218000e-05	-2.449242e-02	1.155374e+01
1.219000e-05	-2.231459e-02	1.166103e+01
1.220000e-05	-9.780153e-03	1.176737e+01
1.221000e-05	-1.524657e-02	1.192308e+01
1.222000e-05	-2.516928e-02	1.197584e+01
1.223000e-05	-2.687342e-02	1.204011e+01
1.224000e-05	-1.887237e-02	1.213787e+01
1.225000e-05	-1.155927e-02	1.224045e+01
1.226000e-05	-2.207833e-02	1.232114e+01
1.227000e-05	-2.766688e-02	1.238685e+01
1.228000e-05	-2.612571e-02	1.244063e+01
1.229000e-05	-1.742759e-02	1.251536e+01
1.230000e-05	-1.968090e-02	1.261642e+01
1.231000e-05	-2.947424e-02	1.265152e+01
1.232000e-05	-3.363545e-02	1.264311e+01
1.233000e-05	-2.818249e-02	1.271334e+01
1.234000e-05	-2.236959e-02	1.273684e+01
1.235000e-05	-2.668253e-02	1.279847e+01
1.236000e-05	-3.374352e-02	1.282053e+01
1.237000e-05	-3.270630e-02	1.287258e+01
1.238000e-05	-2.666708e-02	1.291321e+01
1.239000e-05	-2.828613e-02	1.294228e+01
1.240000e-05	-3.809308e-02	1.289384e+01
1.241000e-05	-4.296730e-02	1.297531e+01
1.242000e-05	-3.905321e-02	1.295582e+01
1.243000e-05	-3.260254e-02	1.293589e+01
1.244000e-05	-3.583817e-02	1.294529e+01
1.245000e-05	-4.270678e-02	1.294476e+01
1.246000e-05	-4.547620e-02	1.290476e+01
1.247000e-05	-4.076113e-02	1.290366e+01
1.248000e-05	-4.135462e-02	1.286278e+01
1.249000e-05	-4.846708e-02	1.283950e+01
1.250000e-05	-5.380512e-02	1.281995e+01
1.251000e-05	-4.917905e-02	1.280737e+01
1.252000e-05	-4.204229e-02	1.275471e+01
1.253000e-05	-4.413662e-02	1.267371e+01
1.254000e-05	-5.037137e-02	1.265055e+01
1.255000e-05	-5.337423e-02	1.261700e+01
1.256000e-05	-4.666865e-02	1.253582e+01
1.257000e-05	-4.366681e-02	1.250364e+01
1.258000e-05	-4.532852e-02	1.243903e+01
1.259000e-05	-4.631786e-02	1.235684e+01
1.260000e-05	-4.228774e-02	1.228068e+01
1.261000e-05	-3.515370e-02	1.221887e+01
1.262000e-05	-3.409939e-02	1.212321e+01
1.263000e-05	-3.725284e-02	1.203700e+01
1.264000e-05	-3.653146e-02	1.189364e+01
1.265000e-05	-3.182091e-02	1.181950e+01
1.266000e-05	-2.747676e-02	1.172176e+01
1.267000e-05	-2.821233e-02	1.160685e+01
1.268000e-05	-2.951705e-02	1.148058e+01
1.269000e-05	-2.791529e-02	1.135576e+01
1.270000e-05	-2.106066e-02	1.123705e+01
1.271000e-05	-1.993385e-02	1.109213e+01
1.272000e-05	-2.177130e-02	1.094842e+01
1.273000e-05	-2.285475e-02	1.086013e+01
1.274000e-05	-2.191728e-02	1.074576e+01
1.275000e-05	-1.804470e-02	1.059744e+01
1.276000e-05	-1.813273e-02	1.042948e+01
1.277000e-05	-1.884542e-02	1.032208e+01
1.278000e-05	-1.932757e-02	1.013631e+01
1.279000e-05	-1.458414e-02	9.986925e+00
1.280000e-05	-1.344349e-02	9.819422e+00
1.281000e-05	-1.437829e-02	9.668607e+00
1.282000e-05	-1.778180e-02	9.502631e+00
1.283000e-05	-1.469499e-02	9.345764e+00
1.284000e-05	-1.129071e-02	9.167426e+00
1.285000e-05	-1.276629e-02	8.970417e+00
1.286000e-05	-1.355994e-02	8.807450e+00
1.287000e-05	-1.626158e-02	8.650048e+00
1.288000e-05	-9.756590e-03	8.481606e+00
1.289000e-05	-1.066107e-02	8.312084e+00
1.290000e-05	-9.153483e-03	8.075084e+00
1.291000e-05	-1.352240e-02	7.953686e+00
1.292000e-05	-1.282844e-02	7.684263e+00
1.293000e-05	-1.024009e-02	7.462161e+00
1.294000e-05	-1.080836e-02	7.251601e+00
1.295000e-05	-1.186567e-02	7.061581e+00
1.296000e-05	-1.147879e-02	6.901631e+00
1.297000e-05	-7.617003e-03	6.684658e+00
1.298000e-05	-5.506975e-03	6.459530e+00
1.299000e-05	-6.890366e-03	6.240028e+00
1.300000e-05	-1.050617e-02	6.050607e+00
1.301000e-05	-1.195789e-02	5.848948e+00
1.302000e-05	-9.273806e-03	5.579921e+00
1.303000e-05	-8.858084e-03	5.359398e+00
1.304000e-05	-8.531105e-03	5.165265e+00
1.305000e-05	-8.544260e-03	4.870507e+00
1.306000e-05	-6.464267e-03	4.641098e+00
1.307000e-05	-4.121589e-03	4.450533e+00
1.308000e-05	-5.727180e-03	4.168395e+00
1.309000e-05	-9.550420e-03	3.947266e+00
1.310000e-05	-1.029754e-02	3.694290e+00
1.311000e-05	-8.616788e-03	3.504715e+00
1.312000e-05	-6.508948e-03	3.262632e+00
1.313000e-05	-6.412982e-03	3.030579e+00
1.314000e-05	-6.838235e-03	2.860551e+00
1.315000e-05	-5.416787e-03	2.616400e+00
1.316000e-05	-4.386114e-03	2.327690e+00
1.317000e-05	-6.021016e-03	2.093661e+00
1.318000e-05	-7.235872e-03	1.902234e+00
1.319000e-05	-8.349882e-03	1.630580e+00
1.320000e-05	-6.428726e-03	1.356395e+00
1.321000e-05	-5.061432e-03	1.135710e+00
1.322000e-05	-4.671622e-03	7.810538e-01
1.323000e-05	-6.158289e-03	5.710213e-01
1.324000e-05	-4.178280e-03	3.794700e-01
1.325000e-05	-2.385707e-03	1.068144e-01
1.326000e-05	-1.585449e-03	-1.057655e-01
1.327000e-05	3.274534e-03	-3.263158e-01
1.328000e-05	-4.308609e-03	-5.389458e-01
1.329000e-05	2.692000e-03	-7.995036e-01
1.330000e-05	-2.572608e-03	-1.039496e+00
1.331000e-05	1.537409e-04	-1.231133e+00
1.332000e-05	-4.598037e-03	-1.505738e+00
1.333000e-05	1.442392e-02	-1.685788e+00
1.334000e-05	8.578052e-02	-1.903715e+00
1.335000e-05	1.737779e-02	-2.171075e+00
1.336000e-05	-5.904366e-02	-2.588947e+00
1.337000e-05	-2.230002e-02	-2.819548e+00
1.338000e-05	-6.962650e-02	-3.059953e+00
1.339000e-05	-4.430032e-02	-3.189971e+00
1.340000e-05	1.651035e-01	-3.293187e+00
1.341000e-05	-1.198782e-01	-3.557995e+00
1.342000e-05	2.203526e-02	-3.880533e+00
1.343000e-05	9.657351e-02	-4.009000e+00
1.344000e-05	-1.377961e-01	-4.301708e+00
1.345000e-05	1.607578e-01	-4.433680e+00
1.346000e-05	-8.082734e-02	-4.685841e+00
1.347000e-05	-1.006505e-01	-4.978345e+00
1.348000e-05	1.119280e-01	-5.126366e+00
1.349000e-05	-8.129350e-02	-5.502604e+00
1.350000e-05	1.226399e-01	-5.703157e+00
1.351000e-05	-5.389635e-02	-5.883133e+00
1.352000e-05	-4.280241e-02	-6.145166e+00
1.353000e-05	1.050516e-01	-6.306817e+00
1.354000e-05	-8.447485e-02	-6.568322e+00
1.355000e-05	9.275411e-02	-6.748344e+00
1.356000e-05	-1.116758e-01	-6.956796e+00
1.357000e-05	5.643720e-02	-7.220103e+00
1.358000e-05	5.562617e-02	-7.387450e+00
1.359000e-05	-6.203790e-02	-7.641057e+00
1.360000e-05	7.754870e-02	-7.870027e+00
1.361000e-05	-1.124126e-01	-8.062524e+00
1.362000e-05	9.322477e-02	-8.239557e+00
1.363000e-05	-6.360768e-03	-8.397449e+00
1.364000e-05	1.510508e-02	-8.637026e+00
1.365000e-05	5.882208e-03	-8.798949e+00
1.366000e-05	-4.369539e-02	-8.977521e+00
1.367000e-05	8.370353e-02	-9.133766e+00
1.368000e-05	-4.772387e-02	-9.294838e+00
1.369000e-05	3.897389e-02	-9.493209e+00
1.370000e-05	-5.194722e-02	-9.661603e+00
1.371000e-05	4.348424e-02	-9.798949e+00
1.372000e-05	3.084457e-02	-9.953766e+00
1.373000e-05	1.670198e-03	-1.013321e+01
1.374000e-05	9.363905e-03	-1.024005e+01
1.375000e-05	-2.569503e-02	-1.046003e+01
1.376000e-05	4.726921e-02	-1.058640e+01
1.377000e-05	-8.502282e-03	-1.071521e+01
1.378000e-05	1.725647e-02	-1.080898e+01
1.379000e-05	-1.966765e-02	-1.094687e+01
1.380000e-05	2.822010e-02	-1.112161e+01
1.381000e-05	2.699850e-02	-1.123750e+01
1.382000e-05	1.534184e-02	-1.136734e+01
1.383000e-05	-3.399208e-04	-1.147206e+01
1.384000e-05	-3.530874e-03	-1.162853e+01
1.385000e-05	2.863363e-02	-1.172424e+01
1.386000e-05	1.566046e-02	-1.186060e+01
1.387000e-05	1.174282e-02	-1.196477e+01
1.388000e-05	-4.828062e-03	-1.210063e+01
1.389000e-05	1.962122e-02	-1.217586e+01
1.390000e-05	2.839825e-02	-1.225000e+01
1.391000e-05	2.103507e-02	-1.230266e+01
1.392000e-05	4.401831e-03	-1.239940e+01
1.393000e-05	8.338588e-03	-1.245216e+01
1.394000e-05	2.488536e-02	-1.256429e+01
1.395000e-05	2.889622e-02	-1.263837e+01
1.396000e-05	1.296176e-02	-1.271113e+01
1.397000e-05	6.245227e-03	-1.272429e+01
1.398000e-05	1.736234e-02	-1.276737e+01
1.399000e-05	3.191220e-02	-1.281993e+01
1.400000e-05	2.590843e-02	-1.289060e+01
1.401000e-05	1.578022e-02	-1.292468e+01
1.402000e-05	1.620787e-02	-1.292429e+01
1.403000e-05	3.026273e-02	-1.296637e+01
1.404000e-05	3.561049e-02	-1.297795e+01
1.405000e-05	2.365857e-02	-1.306897e+01
1.406000e-05	1.789161e-02	-1.301795e+01
1.407000e-05	2.294037e-02	-1.300898e+01
1.408000e-05	3.754917e-02	-1.304955e+01
1.409000e-05	3.556643e-02	-1.304048e+01
1.410000e-05	2.863972e-02	-1.303145e+01
1.411000e-05	2.704715e-02	-1.300898e+01
1.412000e-05	3.858774e-02	-1.305050e+01
1.413000e-05	4.461894e-02	-1.301850e+01
1.414000e-05	3.733058e-02	-1.298690e+01
1.415000e-05	3.155326e-02	-1.293479e+01
1.416000e-05	3.543882e-02	-1.291476e+01
1.417000e-05	4.759979e-02	-1.289266e+01
1.418000e-05	4.603301e-02	-1.285053e+01
1.419000e-05	3.809947e-02	-1.280697e+01
1.420000e-05	3.495132e-02	-1.277524e+01
1.421000e-05	4.111714e-02	-1.268263e+01
1.422000e-05	4.577472e-02	-1.265902e+01
1.423000e-05	4.021695e-02	-1.257684e+01
1.424000e-05	3.141997e-02	-1.249164e+01
1.425000e-05	3.107006e-02	-1.238900e+01
1.426000e-05	3.671665e-02	-1.237376e+01
1.427000e-05	3.576447e-02	-1.227048e+01
1.428000e-05	2.717589e-02	-1.218632e+01
1.429000e-05	2.120320e-02	-1.209413e+01
1.430000e-05	2.541487e-02	-1.202790e+01
1.431000e-05	2.801075e-02	-1.190261e+01
1.432000e-05	2.430301e-02	-1.176587e+01
1.433000e-05	1.687856e-02	-1.169063e+01
1.434000e-05	1.494020e-02	-1.153429e+01
1.435000e-05	1.986228e-02	-1.139782e+01
1.436000e-05	2.078552e-02	-1.124056e+01
1.437000e-05	1.442346e-02	-1.112418e+01
1.438000e-05	8.868166e-03	-1.098792e+01
1.439000e-05	1.139904e-02	-1.090113e+01
1.440000e-05	1.434394e-02	-1.077627e+01
1.441000e-05	1.258108e-02	-1.067090e+01
1.442000e-05	6.243199e-03	-1.049121e+01
1.443000e-05	5.495999e-03	-1.035429e+01
1.444000e-05	1.013099e-02	-1.019832e+01
1.445000e-05	1.137061e-02	-1.004898e+01
1.446000e-05	7.022844e-03	-9.871081e+00
1.447000e-05	4.093372e-03	-9.723709e+00
1.448000e-05	3.585532e-03	-9.615873e+00
1.449000e-05	8.316554e-03	-9.379817e+00
1.450000e-05	6.050892e-03	-9.249453e+00
1.451000e-05	2.418528e-03	-9.061608e+00
1.452000e-05	1.214359e-03	-8.843610e+00
1.453000e-05	3.983036e-03	-8.703109e+00
1.454000e-05	6.446772e-03	-8.504188e+00
1.455000e-05	3.718642e-03	-8.335215e+00
1.456000e-05	-5.600666e-04	-8.146746e+00
1.457000e-05	2.600213e-04	-7.975373e+00
1.458000e-05	2.342161e-03	-7.763241e+00
1.459000e-05	2.639396e-03	-7.544767e+00
1.460000e-05	-8.423529e-04	-7.342736e+00
1.461000e-05	-2.613961e-03	-7.146770e+00
1.462000e-05	6.345658e-04	-6.912235e+00
1.463000e-05	3.868088e-03	-6.713182e+00
1.464000e-05	6.435868e-04	-6.524234e+00
1.465000e-05	-2.495919e-03	-6.314187e+00
1.466000e-05	-2.415263e-03	-6.071584e+00
1.467000e-05	1.079064e-04	-5.881529e+00
1.468000e-05	1.075871e-03	-5.671979e+00
1.469000e-05	-3.586388e-03	-5.470474e+00
1.470000e-05	-5.098837e-03	-5.136240e+00
1.471000e-05	-1.920148e-03	-4.884081e+00
1.472000e-05	-4.562476e-04	-4.609098e+00
1.473000e-05	-1.126172e-03	-4.472054e+00
1.474000e-05	-3.538361e-03	-4.262053e+00
1.475000e-05	-3.329626e-03	-4.070480e+00
1.476000e-05	-2.283397e-03	-3.797370e+00
1.477000e-05	-2.375302e-03	-3.516392e+00
1.478000e-05	-3.724170e-03	-3.357214e+00
1.479000e-05	-6.530147e-03	-3.156287e+00
1.480000e-05	-4.055444e-03	-2.883102e+00
1.481000e-05	-2.807784e-03	-2.620524e+00
1.482000e-05	-2.116567e-03	-2.381429e+00
1.483000e-05	-5.109211e-03	-2.137741e+00
1.484000e-05	-4.519732e-03	-1.915242e+00
1.485000e-05	-4.370188e-03	-1.724208e+00
1.486000e-05	-3.509890e-03	-1.412049e+00
1.487000e-05	-6.093928e-03	-1.126867e+00
1.488000e-05	-7.941219e-03	-9.152108e-01
1.489000e-05	-7.053480e-03	-6.441780e-01
1.490000e-05	-3.924913e-03	-4.124539e-01
1.491000e-05	-3.507501e-03	-2.310001e-01
1.492000e-05	-1.552927e-03	-7.919937e-03
1.493000e-05	3.655676e-03	2.822081e-01
1.494000e-05	-3.279182e-03	4.852655e-01
1.495000e-05	3.115655e-03	6.742132e-01
1.496000e-05	-4.935230e-03	9.252929e-01
1.497000e-05	-2.976615e-03	1.179546e+00
1.498000e-05	-4.855574e-03	1.412128e+00
1.499000e-05	4.211668e-03	1.725288e+00
1.500000e-05	3.442406e-02	1.835161e+00
1.501000e-05	7.139771e-02	2.084292e+00
1.502000e-05	-4.451814e-02	2.378446e+00
1.503000e-05	-4.090569e-02	2.683260e+00
1.504000e-05	-3.718767e-02	2.885791e+00
1.505000e-05	-4.480457e-02	3.114812e+00
1.506000e-05	-6.632860e-02	3.242712e+00
1.507000e-05	1.306690e-01	3.502133e+00
1.508000e-05	-8.053975e-02	3.755867e+00
1.509000e-05	-2.566112e-02	3.905266e+00
1.510000e-05	1.380686e-01	4.107449e+00
1.511000e-05	-9.430259e-02	4.408126e+00
1.512000e-05	5.076062e-02	4.629051e+00
1.513000e-05	-2.650531e-02	4.852079e+00
1.514000e-05	-6.844395e-02	5.145788e+00
1.515000e-05	4.642706e-02	5.368999e+00
1.516000e-05	-2.284847e-02	5.589006e+00
1.517000e-05	1.613723e-02	5.811559e+00
1.518000e-05	-1.814209e-02	6.032708e+00
1.519000e-05	-2.949205e-02	6.302158e+00
1.520000e-05	2.634195e-02	6.461755e+00
1.521000e-05	-3.149981e-02	6.722737e+00
1.522000e-05	2.647828e-02	6.884712e+00
1.523000e-05	-5.874747e-02	7.124786e+00
1.524000e-05	2.594697e-02	7.326442e+00
1.525000e-05	1.222915e-02	7.545237e+00
1.526000e-05	-3.287472e-02	7.766374e+00
1.527000e-05	3.525517e-03	7.926346e+00
1.528000e-05	-4.013767e-02	8.227369e+00
1.529000e-05	1.454124e-02	8.335848e+00
1.530000e-05	-2.627258e-03	8.495816e+00
1.531000e-05	-6.719002e-03	8.684661e+00
1.532000e-05	-1.889819e-02	8.841654e+00
1.533000e-05	-1.522851e-02	9.031054e+00
1.534000e-05	7.940723e-03	9.190024e+00
1.535000e-05	-1.965661e-02	9.388470e+00
1.536000e-05	-1.700051e-02	9.545841e+00
1.537000e-05	-2.449426e-02	9.714716e+00
1.538000e-05	-2.190999e-03	9.911637e+00
1.539000e-05	4.495291e-03	1.003113e+01
1.540000e-05	-1.677154e-02	1.020952e+01
1.541000e-05	-1.871891e-02	1.032424e+01
1.542000e-05	-1.942299e-02	1.049574e+01
1.543000e-05	-3.446772e-03	1.063003e+01
1.544000e-05	-1.323910e-02	1.075642e+01
1.545000e-05	-2.148422e-02	1.092374e+01
1.546000e-05	-2.198345e-02	1.100010e+01
1.547000e-05	-9.880458e-03	1.110532e+01
1.548000e-05	-3.142689e-03	1.124468e+01
1.549000e-05	-1.847809e-02	1.142900e+01
1.550000e-05	-2.511304e-02	1.154489e+01
1.551000e-05	-2.256181e-02	1.168353e+01
1.552000e-05	-1.104031e-02	1.179742e+01
1.553000e-05	-1.461755e-02	1.187156e+01
1.554000e-05	-2.439704e-02	1.196529e+01
1.555000e-05	-2.594295e-02	1.206058e+01
1.556000e-05	-1.775377e-02	1.217584e+01
1.557000e-05	-1.076864e-02	1.222903e+01
1.558000e-05	-2.166946e-02	1.229169e+01
1.559000e-05	-2.821520e-02	1.238690e+01
1.560000e-05	-2.685406e-02	1.244163e+01
1.561000e-05	-1.893772e-02	1.253582e+01
1.562000e-05	-2.007225e-02	1.262787e+01
1.563000e-05	-2.946414e-02	1.265103e+01
1.564000e-05	-3.247511e-02	1.267211e+01
1.565000e-05	-2.738294e-02	1.269276e+01
1.566000e-05	-2.186836e-02	1.279690e+01
1.567000e-05	-2.750439e-02	1.280898e+01
1.568000e-05	-3.435770e-02	1.283008e+01
1.569000e-05	-3.345108e-02	1.287016e+01
1.570000e-05	-2.700220e-02	1.287221e+01
1.571000e-05	-2.795711e-02	1.292524e+01
1.572000e-05	-3.677152e-02	1.292571e+01
1.573000e-05	-4.135324e-02	1.289687e+01
1.574000e-05	-3.821833e-02	1.293540e+01
1.575000e-05	-3.322393e-02	1.292484e+01
1.576000e-05	-3.681742e-02	1.295587e+01
1.577000e-05	-4.306830e-02	1.293534e+01
1.578000e-05	-4.492439e-02	1.292522e+01
1.579000e-05	-4.120784e-02	1.293426e+01
1.580000e-05	-4.131207e-02	1.286274e+01
1.581000e-05	-4.815587e-02	1.285011e+01
1.582000e-05	-5.186934e-02	1.281905e+01
1.583000e-05	-4.926063e-02	1.277790e+01
1.584000e-05	-4.341665e-02	1.274529e+01
1.585000e-05	-4.685693e-02	1.270324e+01
1.586000e-05	-5.043666e-02	1.264113e+01
1.587000e-05	-5.160411e-02	1.260797e+01
1.588000e-05	-4.580918e-02	1.255689e+01
1.589000e-05	-4.388420e-02	1.249366e+01
1.590000e-05	-4.517152e-02	1.244053e+01
1.591000e-05	-4.486311e-02	1.238632e+01
1.592000e-05	-4.084177e-02	1.230259e+01
1.593000e-05	-3.636219e-02	1.223734e+01
1.594000e-05	-3.577047e-02	1.211426e+01
1.595000e-05	-3.714293e-02	1.202856e+01
1.596000e-05	-3.548559e-02	1.191321e+01
1.597000e-05	-3.107352e-02	1.179852e+01
1.598000e-05	-2.745393e-02	1.171466e+01
1.599000e-05	-2.912162e-02	1.158642e+01
1.600000e-05	-2.853857e-02	1.148113e+01
1.601000e-05	-2.616849e-02	1.133476e+01
1.602000e-05	-2.094639e-02	1.119897e+01
1.603000e-05	-2.099084e-02	1.109366e+01
1.604000e-05	-2.309766e-02	1.096782e+01
1.605000e-05	-2.300053e-02	1.088206e+01
1.606000e-05	-2.124243e-02	1.070432e+01
1.607000e-05	-1.763219e-02	1.054734e+01
1.608000e-05	-1.840238e-02	1.045952e+01
1.609000e-05	-1.923588e-02	1.025308e+01
1.610000e-05	-1.754361e-02	1.012572e+01
1.611000e-05	-1.422523e-02	9.987875e+00
1.612000e-05	-1.514931e-02	9.840945e+00
1.613000e-05	-1.559907e-02	9.661502e+00
1.614000e-05	-1.813970e-02	9.503160e+00
1.615000e-05	-1.436375e-02	9.345763e+00
1.616000e-05	-1.253920e-02	9.207875e+00
1.617000e-05	-1.217593e-02	8.998391e+00
1.618000e-05	-1.320268e-02	8.819529e+00
1.619000e-05	-1.369515e-02	8.640078e+00
1.620000e-05	-1.118532e-02	8.492105e+00
1.621000e-05	-1.067112e-02	8.293635e+00
1.622000e-05	-1.208163e-02	8.102158e+00
1.623000e-05	-1.405361e-02	7.894688e+00
1.624000e-05	-1.092390e-02	7.702686e+00
1.625000e-05	-9.144086e-03	7.534209e+00
1.626000e-05	-7.939615e-03	7.241683e+00
1.627000e-05	-1.132246e-02	7.062102e+00
1.628000e-05	-1.069602e-02	6.860608e+00
1.629000e-05	-9.065205e-03	6.643131e+00
1.630000e-05	-8.104538e-03	6.431030e+00
1.631000e-05	-1.004887e-02	6.242131e+00
1.632000e-05	-1.174881e-02	6.081579e+00
1.633000e-05	-9.353200e-03	5.849103e+00
1.634000e-05	-6.466066e-03	5.580030e+00
1.635000e-05	-6.368337e-03	5.377426e+00
1.636000e-05	-9.467570e-03	5.115319e+00
1.637000e-05	-9.496311e-03	4.889607e+00
1.638000e-05	-7.620464e-03	4.641526e+00
1.639000e-05	-5.937109e-03	4.430529e+00
1.640000e-05	-7.019852e-03	4.190395e+00
1.641000e-05	-9.466379e-03	3.936264e+00
1.642000e-05	-8.533229e-03	3.736261e+00
1.643000e-05	-5.231249e-03	3.513157e+00
1.644000e-05	-4.881743e-03	3.251539e+00
1.645000e-05	-7.374820e-03	3.059530e+00
1.646000e-05	-1.000126e-02	2.850127e+00
1.647000e-05	-6.530459e-03	2.577890e+00
1.648000e-05	-4.564923e-03	2.303761e+00
1.649000e-05	-4.011108e-03	2.073208e+00
1.650000e-05	-7.929611e-03	1.925212e+00
1.651000e-05	-8.213719e-03	1.619503e+00
1.652000e-05	-5.231067e-03	1.347395e+00
1.653000e-05	-4.339926e-03	1.084812e+00
1.654000e-05	-5.017243e-03	8.110291e-01
1.655000e-05	-5.685063e-03	5.994987e-01
1.656000e-05	-5.050712e-03	3.484212e-01
1.657000e-05	-3.228095e-03	1.242434e-01
1.658000e-05	-1.579024e-03	-1.168419e-01
1.659000e-05	6.147045e-03	-3.259133e-01
1.660000e-05	-4.187797e-03	-5.174720e-01
1.661000e-05	6.795096e-04	-8.300487e-01
1.662000e-05	-3.354614e-03	-9.789737e-01
1.663000e-05	1.970241e-03	-1.220080e+00
1.664000e-05	-2.680839e-03	-1.484785e+00
1.665000e-05	1.398060e-02	-1.675240e+00
1.666000e-05	8.414783e-02	-1.924764e+00
1.667000e-05	1.714521e-02	-2.191504e+00
1.668000e-05	-5.717601e-02	-2.548925e+00
1.669000e-05	-2.142061e-02	-2.850976e+00
1.670000e-05	-7.012982e-02	-3.103609e+00
1.671000e-05	-4.570567e-02	-3.199051e+00
1.672000e-05	1.649700e-01	-3.315711e+00
1.673000e-05	-1.188418e-01	-3.536501e+00
1.674000e-05	2.127969e-02	-3.879578e+00
1.675000e-05	9.527239e-02	-4.018474e+00
1.676000e-05	-1.371081e-01	-4.272634e+00
1.677000e-05	1.618471e-01	-4.471704e+00
1.678000e-05	-7.957206e-02	-4.725288e+00
1.679000e-05	-1.006396e-01	-4.987420e+00
1.680000e-05	1.116540e-01	-5.125316e+00
1.681000e-05	-8.059319e-02	-5.443158e+00
1.682000e-05	1.221079e-01	-5.733662e+00
1.683000e-05	-5.353638e-02	-5.883132e+00
1.684000e-05	-4.441466e-02	-6.125339e+00
1.685000e-05	1.034998e-01	-6.354342e+00
1.686000e-05	-8.397770e-02	-6.577395e+00
1.687000e-05	9.275340e-02	-6.754311e+00
1.688000e-05	-1.103172e-01	-6.967850e+00
1.689000e-05	5.642437e-02	-7.240631e+00
1.690000e-05	5.547421e-02	-7.378970e+00
1.691000e-05	-6.141013e-02	-7.641552e+00
1.692000e-05	7.787207e-02	-7.820558e+00
1.693000e-05	-1.119523e-01	-8.060104e+00
1.694000e-05	9.136158e-02	-8.259552e+00
1.695000e-05	-7.142673e-03	-8.389028e+00
1.696000e-05	1.478059e-02	-8.629027e+00
1.697000e-05	6.733657e-03	-8.797419e+00
1.698000e-05	-4.344483e-02	-8.966976e+00
1.699000e-05	8.421998e-02	-9.104689e+00
1.700000e-05	-4.646450e-02	-9.303281e+00
1.701000e-05	3.979691e-02	-9.501191e+00
1.702000e-05	-5.172465e-02	-9.621553e+00
1.703000e-05	4.330828e-02	-9.818028e+00
1.704000e-05	2.866646e-02	-9.935818e+00
1.705000e-05	-1.780895e-04	-1.012523e+01
1.706000e-05	9.441636e-03	-1.029015e+01
1.707000e-05	-2.335057e-02	-1.044008e+01
1.708000e-05	4.814311e-02	-1.058792e+01
1.709000e-05	-7.867308e-03	-1.068466e+01
1.710000e-05	1.894019e-02	-1.081048e+01
1.711000e-05	-1.885745e-02	-1.097424e+01
1.712000e-05	2.863047e-02	-1.109416e+01
1.713000e-05	2.462918e-02	-1.118845e+01
1.714000e-05	1.298787e-02	-1.135540e+01
1.715000e-05	-9.792653e-04	-1.146153e+01
1.716000e-05	-1.305146e-03	-1.160745e+01
1.717000e-05	2.878991e-02	-1.171632e+01
1.718000e-05	1.499632e-02	-1.189005e+01
1.719000e-05	1.199813e-02	-1.196832e+01
1.720000e-05	-3.326998e-03	-1.206053e+01
1.721000e-05	2.048196e-02	-1.216582e+01
1.722000e-05	2.758642e-02	-1.226801e+01
1.723000e-05	1.953979e-02	-1.231216e+01
1.724000e-05	4.060974e-03	-1.235737e+01
1.725000e-05	8.835071e-03	-1.245063e+01
1.726000e-05	2.554982e-02	-1.255529e+01
1.727000e-05	2.780759e-02	-1.263892e+01
1.728000e-05	1.335032e-02	-1.273053e+01
1.729000e-05	7.513024e-03	-1.274326e+01
1.730000e-05	1.829303e-02	-1.281637e+01
1.731000e-05	3.145873e-02	-1.280938e+01
1.732000e-05	2.519429e-02	-1.286213e+01
1.733000e-05	1.544902e-02	-1.291414e+01
1.734000e-05	1.642753e-02	-1.293584e+01
1.735000e-05	2.968914e-02	-1.299642e+01
1.736000e-05	3.440366e-02	-1.300890e+01
1.737000e-05	2.320598e-02	-1.299738e+01
1.738000e-05	1.868036e-02	-1.298892e+01
1.739000e-05	2.439127e-02	-1.304055e+01
1.740000e-05	3.783772e-02	-1.302900e+01
1.741000e-05	3.540025e-02	-1.301998e+01
1.742000e-05	2.856766e-02	-1.304950e+01
1.743000e-05	2.801817e-02	-1.301895e+01
1.744000e-05	3.744096e-02	-1.302890e+01
1.745000e-05	4.311655e-02	-1.299739e+01
1.746000e-05	3.667424e-02	-1.299490e+01
1.747000e-05	3.170505e-02	-1.298629e+01
1.748000e-05	3.612566e-02	-1.292479e+01
1.749000e-05	4.716256e-02	-1.286208e+01
1.750000e-05	4.603772e-02	-1.286948e+01
1.751000e-05	3.791471e-02	-1.279637e+01
1.752000e-05	3.540666e-02	-1.275475e+01
1.753000e-05	4.147471e-02	-1.270263e+01
1.754000e-05	4.505787e-02	-1.268095e+01
1.755000e-05	3.923249e-02	-1.257589e+01
1.756000e-05	3.184818e-02	-1.252313e+01
1.757000e-05	3.245608e-02	-1.242848e+01
1.758000e-05	3.740456e-02	-1.234419e+01
1.759000e-05	3.569698e-02	-1.225101e+01
1.760000e-05	2.741135e-02	-1.216582e+01
1.761000e-05	2.186625e-02	-1.208363e+01
1.762000e-05	2.534183e-02	-1.200795e+01
1.763000e-05	2.787247e-02	-1.190108e+01
1.764000e-05	2.289502e-02	-1.177627e+01
1.765000e-05	1.650764e-02	-1.168208e+01
1.766000e-05	1.561868e-02	-1.153469e+01
1.767000e-05	1.997076e-02	-1.143932e+01
1.768000e-05	2.019378e-02	-1.127200e+01
1.769000e-05	1.425277e-02	-1.112319e+01
1.770000e-05	8.849234e-03	-1.097790e+01
1.771000e-05	1.254274e-02	-1.088311e+01
1.772000e-05	1.538665e-02	-1.077672e+01
1.773000e-05	1.285428e-02	-1.069095e+01
1.774000e-05	7.249222e-03	-1.048211e+01
1.775000e-05	5.552632e-03	-1.037529e+01
1.776000e-05	1.010280e-02	-1.016637e+01
1.777000e-05	1.088234e-02	-1.004738e+01
1.778000e-05	6.705081e-03	-9.881528e+00
1.779000e-05	3.758267e-03	-9.715689e+00
1.780000e-05	3.830450e-03	-9.587344e+00
1.781000e-05	7.800880e-03	-9.437419e+00
1.782000e-05	6.522174e-03	-9.239478e+00
1.783000e-05	2.749118e-03	-9.062003e+00
1.784000e-05	1.458263e-03	-8.882633e+00
1.785000e-05	3.904358e-03	-8.703128e+00
1.786000e-05	5.190069e-03	-8.493736e+00
1.787000e-05	2.886472e-03	-8.374737e+00
1.788000e-05	-9.164461e-04	-8.177764e+00
1.789000e-05	1.876882e-04	-7.956368e+00
1.790000e-05	3.589985e-03	-7.715813e+00
1.791000e-05	3.159753e-03	-7.554286e+00
1.792000e-05	9.398171e-04	-7.344237e+00
1.793000e-05	-1.107550e-03	-7.134790e+00
1.794000e-05	-4.718033e-04	-6.905189e+00
1.795000e-05	1.766265e-03	-6.693136e+00
1.796000e-05	7.330031e-04	-6.554736e+00
1.797000e-05	-2.802269e-03	-6.324132e+00
1.798000e-05	-1.737018e-03	-6.071557e+00
1.799000e-05	1.214016e-04	-5.870103e+00
1.800000e-05	1.244952e-03	-5.658055e+00
1.801000e-05	-1.936732e-03	-5.439997e+00
1.802000e-05	-4.948815e-03	-5.136319e+00
1.803000e-05	-1.661438e-03	-4.862078e+00
1.804000e-05	-1.520107e-03	-4.662502e+00
1.805000e-05	-7.713182e-04	-4.463080e+00
1.806000e-05	-3.916338e-03	-4.241056e+00
1.807000e-05	-4.244764e-03	-4.060057e+00
1.808000e-05	-1.999074e-03	-3.787895e+00
1.809000e-05	-3.195427e-03	-3.566322e+00
1.810000e-05	-4.047367e-03	-3.317764e+00
1.811000e-05	-6.289612e-03	-3.114688e+00
1.812000e-05	-4.071944e-03	-2.851555e+00
1.813000e-05	-3.557631e-03	-2.611003e+00
1.814000e-05	-2.203652e-03	-2.411026e+00
1.815000e-05	-5.429610e-03	-2.156270e+00
1.816000e-05	-3.295303e-03	-1.935111e+00
1.817000e-05	-4.189643e-03	-1.691661e+00
1.818000e-05	-4.256697e-03	-1.461650e+00
1.819000e-05	-6.832966e-03	-1.157844e+00
1.820000e-05	-7.556902e-03	-9.142158e-01
1.821000e-05	-7.005435e-03	-6.946596e-01
1.822000e-05	-4.214737e-03	-4.320250e-01
1.823000e-05	-3.876457e-03	-1.999001e-01
1.824000e-05	-1.133436e-03	-8.446247e-03
1.825000e-05	5.451585e-03	2.647591e-01
1.826000e-05	-3.624950e-03	4.863156e-01
1.827000e-05	3.102024e-03	6.648619e-01
1.828000e-05	-6.256486e-03	9.153456e-01
1.829000e-05	-3.417033e-03	1.149951e+00
1.830000e-05	-5.125519e-03	1.420577e+00
1.831000e-05	4.731246e-03	1.715136e+00
1.832000e-05	3.383906e-02	1.864734e+00
1.833000e-05	7.287254e-02	2.076842e+00
1.834000e-05	-4.341092e-02	2.400479e+00
1.835000e-05	-4.071335e-02	2.743884e+00
1.836000e-05	-3.706926e-02	2.905841e+00
1.837000e-05	-4.569033e-02	3.103764e+00
1.838000e-05	-6.669425e-02	3.242188e+00
1.839000e-05	1.287400e-01	3.523259e+00
1.840000e-05	-7.962079e-02	3.685393e+00
1.841000e-05	-2.479079e-02	3.913762e+00
1.842000e-05	1.375525e-01	4.108444e+00
1.843000e-05	-9.365467e-02	4.388108e+00
1.844000e-05	5.212938e-02	4.619551e+00
1.845000e-05	-2.682661e-02	4.833155e+00
1.846000e-05	-6.807351e-02	5.104315e+00
1.847000e-05	4.524944e-02	5.388099e+00
1.848000e-05	-2.307439e-02	5.608578e+00
1.849000e-05	1.589771e-02	5.810033e+00
1.850000e-05	-1.765355e-02	6.063154e+00
1.851000e-05	-2.841126e-02	6.252685e+00
1.852000e-05	2.659296e-02	6.443632e+00
1.853000e-05	-3.059250e-02	6.734263e+00
1.854000e-05	2.676794e-02	6.925762e+00
1.855000e-05	-5.999884e-02	7.144740e+00
1.856000e-05	2.598664e-02	7.284260e+00
1.857000e-05	1.298371e-02	7.535417e+00
1.858000e-05	-3.332275e-02	7.715399e+00
1.859000e-05	3.462666e-03	8.008494e+00
1.860000e-05	-3.977567e-02	8.188953e+00
1.861000e-05	1.364780e-02	8.356374e+00
1.862000e-05	-2.402998e-03	8.516369e+00
1.863000e-05	-7.879771e-03	8.693163e+00
1.864000e-05	-2.021545e-02	8.872635e+00
1.865000e-05	-1.472666e-02	9.060608e+00
1.866000e-05	7.688011e-03	9.210980e+00
1.867000e-05	-1.869330e-02	9.396975e+00
1.868000e-05	-1.838749e-02	9.555370e+00
1.869000e-05	-2.175077e-02	9.704889e+00
1.870000e-05	-1.253675e-03	9.892138e+00
1.871000e-05	5.199204e-03	1.006008e+01
1.872000e-05	-1.669248e-02	1.020002e+01
1.873000e-05	-2.129284e-02	1.032379e+01
1.874000e-05	-2.092520e-02	1.047364e+01
1.875000e-05	-4.355976e-03	1.066048e+01
1.876000e-05	-1.392566e-02	1.077535e+01
1.877000e-05	-2.066300e-02	1.094371e+01
1.878000e-05	-2.110963e-02	1.102055e+01
1.879000e-05	-8.048448e-03	1.114532e+01
1.880000e-05	-3.859352e-03	1.128270e+01
1.881000e-05	-1.781622e-02	1.137693e+01
1.882000e-05	-2.826100e-02	1.155476e+01
1.883000e-05	-2.268858e-02	1.164253e+01
1.884000e-05	-1.209280e-02	1.176839e+01
1.885000e-05	-1.410717e-02	1.186166e+01
1.886000e-05	-2.306804e-02	1.196492e+01
1.887000e-05	-2.422816e-02	1.206055e+01
1.888000e-05	-1.846690e-02	1.215781e+01
1.889000e-05	-1.187481e-02	1.223953e+01
1.890000e-05	-2.266969e-02	1.229316e+01
1.891000e-05	-2.776665e-02	1.237745e+01
1.892000e-05	-2.661190e-02	1.249211e+01
1.893000e-05	-1.976416e-02	1.249474e+01
1.894000e-05	-2.012030e-02	1.257737e+01
1.895000e-05	-2.944785e-02	1.264000e+01
1.896000e-05	-3.176298e-02	1.266208e+01
1.897000e-05	-2.732308e-02	1.269522e+01
1.898000e-05	-2.210099e-02	1.275739e+01
1.899000e-05	-2.705517e-02	1.282800e+01
1.900000e-05	-3.358804e-02	1.284016e+01
1.901000e-05	-3.326058e-02	1.289214e+01
1.902000e-05	-2.829165e-02	1.289216e+01
1.903000e-05	-2.937140e-02	1.290179e+01
1.904000e-05	-3.704116e-02	1.293521e+01
1.905000e-05	-4.050007e-02	1.292526e+01
1.906000e-05	-3.826406e-02	1.296642e+01
1.907000e-05	-3.335067e-02	1.295634e+01
1.908000e-05	-3.655498e-02	1.295432e+01
1.909000e-05	-4.254619e-02	1.294631e+01
1.910000e-05	-4.539024e-02	1.291316e+01
1.911000e-05	-4.154598e-02	1.291271e+01
1.912000e-05	-4.196907e-02	1.286071e+01
1.913000e-05	-4.806295e-02	1.285058e+01
1.914000e-05	-5.112120e-02	1.280755e+01
1.915000e-05	-5.000049e-02	1.277589e+01
1.916000e-05	-4.344228e-02	1.273432e+01
1.917000e-05	-4.627109e-02	1.269273e+01
1.918000e-05	-4.980959e-02	1.264153e+01
1.919000e-05	-5.219243e-02	1.261752e+01
1.920000e-05	-4.619533e-02	1.254527e+01
1.921000e-05	-4.285181e-02	1.249321e+01
1.922000e-05	-4.424102e-02	1.245950e+01
1.923000e-05	-4.538090e-02	1.237582e+01
1.924000e-05	-4.267926e-02	1.228110e+01
1.925000e-05	-3.661396e-02	1.216952e+01
1.926000e-05	-3.496297e-02	1.210323e+01
1.927000e-05	-3.577007e-02	1.200845e+01
1.928000e-05	-3.587813e-02	1.192316e+01
1.929000e-05	-3.093772e-02	1.181945e+01
1.930000e-05	-2.732294e-02	1.171474e+01
1.931000e-05	-2.837768e-02	1.162543e+01
1.932000e-05	-2.921074e-02	1.148103e+01
1.933000e-05	-2.680633e-02	1.131634e+01
1.934000e-05	-2.259517e-02	1.120795e+01
1.935000e-05	-2.051791e-02	1.108463e+01
1.936000e-05	-2.264573e-02	1.100685e+01
1.937000e-05	-2.258217e-02	1.087111e+01
1.938000e-05	-1.998863e-02	1.074421e+01
1.939000e-05	-1.771729e-02	1.057744e+01
1.940000e-05	-1.846656e-02	1.041808e+01
1.941000e-05	-2.001481e-02	1.025211e+01
1.942000e-05	-1.826739e-02	1.013577e+01
1.943000e-05	-1.465685e-02	9.977424e+00
1.944000e-05	-1.365175e-02	9.829501e+00
1.945000e-05	-1.545228e-02	9.669980e+00
1.946000e-05	-1.744035e-02	9.472160e+00
1.947000e-05	-1.417310e-02	9.315689e+00
1.948000e-05	-1.101098e-02	9.158475e+00
1.949000e-05	-1.177023e-02	9.009892e+00
1.950000e-05	-1.466641e-02	8.818500e+00
1.951000e-05	-1.478568e-02	8.629479e+00
1.952000e-05	-1.125602e-02	8.470633e+00
1.953000e-05	-9.913752e-03	8.314191e+00
1.954000e-05	-1.153002e-02	8.094212e+00
1.955000e-05	-1.401885e-02	7.903683e+00
1.956000e-05	-1.172281e-02	7.694686e+00
1.957000e-05	-9.489509e-03	7.493705e+00
1.958000e-05	-1.000975e-02	7.281159e+00
1.959000e-05	-1.113865e-02	7.082157e+00
1.960000e-05	-1.228142e-02	6.871633e+00
1.961000e-05	-9.398765e-03	6.741104e+00
1.962000e-05	-7.571985e-03	6.420055e+00
1.963000e-05	-9.193141e-03	6.261527e+00
1.964000e-05	-1.084721e-02	6.022577e+00
1.965000e-05	-1.027012e-02	5.821473e+00
1.966000e-05	-7.521317e-03	5.619473e+00
1.967000e-05	-6.799425e-03	5.407396e+00
1.968000e-05	-9.074368e-03	5.125817e+00
1.969000e-05	-9.481602e-03	4.871607e+00
1.970000e-05	-7.812454e-03	4.619504e+00
1.971000e-05	-6.733621e-03	4.429528e+00
1.972000e-05	-6.290858e-03	4.149322e+00
1.973000e-05	-8.452245e-03	3.905738e+00
1.974000e-05	-8.285716e-03	3.715761e+00
1.975000e-05	-6.517855e-03	3.487320e+00
1.976000e-05	-6.556477e-03	3.231609e+00
1.977000e-05	-6.600493e-03	3.041078e+00
1.978000e-05	-7.381470e-03	2.811528e+00
1.979000e-05	-6.338103e-03	2.617422e+00
1.980000e-05	-5.024473e-03	2.285215e+00
1.981000e-05	-5.047891e-03	2.053736e+00
1.982000e-05	-7.172862e-03	1.833711e+00
1.983000e-05	-6.894323e-03	1.651600e+00
1.984000e-05	-6.108546e-03	1.347366e+00
1.985000e-05	-4.919219e-03	1.085786e+00
1.986000e-05	-5.491035e-03	8.220065e-01
1.987000e-05	-6.148484e-03	5.689988e-01
1.988000e-05	-5.290634e-03	3.899723e-01
1.989000e-05	-3.022449e-03	1.062420e-01
1.990000e-05	-1.353612e-03	-1.272920e-01
1.991000e-05	6.495209e-03	-3.168932e-01
1.992000e-05	-3.733119e-03	-5.072934e-01
1.993000e-05	1.164518e-03	-8.085276e-01
1.994000e-05	-3.140812e-03	-9.990013e-01
1.995000e-05	2.230290e-03	-1.223582e+00
1.996000e-05	-2.923687e-03	-1.512257e+00
1.997000e-05	1.313249e-02	-1.705239e+00
1.998000e-05	8.353768e-02	-1.925284e+00
1.999000e-05	1.811824e-02	-2.199099e+00
2.000000e-05	-5.666049e-02	-2.628446e+00
2.001000e-05	-2.107191e-02	-2.840603e+00
2.002000e-05	-7.073063e-02	-3.042553e+00
2.003000e-05	-4.557623e-02	-3.207500e+00
2.004000e-05	1.642854e-01	-3.323712e+00
2.005000e-05	-1.176414e-01	-3.546445e+00
2.006000e-05	1.999002e-02	-3.860123e+00
2.007000e-05	9.440948e-02	-3.998550e+00
2.008000e-05	-1.366553e-01	-4.293133e+00
2.009000e-05	1.602189e-01	-4.444157e+00
2.010000e-05	-7.869273e-02	-4.705236e+00
2.011000e-05	-9.993541e-02	-4.997469e+00
2.012000e-05	1.113960e-01	-5.163817e+00
2.013000e-05	-8.221751e-02	-5.402131e+00
2.014000e-05	1.214716e-01	-5.682659e+00
2.015000e-05	-5.254240e-02	-5.842682e+00
2.016000e-05	-4.332664e-02	-6.095790e+00
2.017000e-05	1.028114e-01	-6.356290e+00
2.018000e-05	-8.588321e-02	-6.567795e+00
2.019000e-05	9.190939e-02	-6.745870e+00
2.020000e-05	-1.080931e-01	-6.937316e+00
2.021000e-05	5.680553e-02	-7.209506e+00
2.022000e-05	5.468847e-02	-7.378999e+00
2.023000e-05	-6.167793e-02	-7.618079e+00
2.024000e-05	7.839917e-02	-7.819058e+00
2.025000e-05	-1.108354e-01	-8.072553e+00
2.026000e-05	9.028764e-02	-8.260524e+00
2.027000e-05	-8.271633e-03	-8.419450e+00
2.028000e-05	1.465655e-02	-8.637401e+00
2.029000e-05	7.634853e-03	-8.797846e+00
2.030000e-05	-4.293168e-02	-8.967894e+00
2.031000e-05	8.363526e-02	-9.115713e+00
2.032000e-05	-4.767961e-02	-9.282336e+00
2.033000e-05	4.010303e-02	-9.502136e+00
2.034000e-05	-5.097628e-02	-9.630557e+00
2.035000e-05	4.308546e-02	-9.817498e+00
2.036000e-05	2.846013e-02	-9.945291e+00
2.037000e-05	1.207762e-05	-1.013574e+01
2.038000e-05	9.807127e-03	-1.028961e+01
2.039000e-05	-2.382207e-02	-1.045951e+01
2.040000e-05	4.731914e-02	-1.060845e+01
2.041000e-05	-7.811301e-03	-1.069319e+01
2.042000e-05	1.886545e-02	-1.082897e+01
2.043000e-05	-1.854092e-02	-1.096532e+01
2.044000e-05	2.810040e-02	-1.109158e+01
2.045000e-05	2.551813e-02	-1.121890e+01
2.046000e-05	1.322819e-02	-1.136592e+01
2.047000e-05	-5.951386e-04	-1.147308e+01
2.048000e-05	-2.320056e-03	-1.159798e+01
2.049000e-05	2.774842e-02	-1.175379e+01
2.050000e-05	1.583047e-02	-1.188858e+01
2.051000e-05	1.206208e-02	-1.198732e+01
2.052000e-05	-3.420333e-03	-1.207155e+01
2.053000e-05	2.030551e-02	-1.217582e+01
2.054000e-05	2.775532e-02	-1.223998e+01
2.055000e-05	2.002558e-02	-1.232319e+01
2.056000e-05	4.249593e-03	-1.239745e+01
2.057000e-05	9.508874e-03	-1.245156e+01
2.058000e-05	2.597491e-02	-1.255634e+01
2.059000e-05	2.752114e-02	-1.261695e+01
2.060000e-05	1.233617e-02	-1.272010e+01
2.061000e-05	8.019809e-03	-1.276274e+01
2.062000e-05	1.988986e-02	-1.276535e+01
2.063000e-05	3.188428e-02	-1.281952e+01
2.064000e-05	2.359886e-02	-1.290270e+01
2.065000e-05	1.445850e-02	-1.292268e+01
2.066000e-05	1.825248e-02	-1.294534e+01
2.067000e-05	3.206713e-02	-1.296682e+01
2.068000e-05	3.353464e-02	-1.302842e+01
2.069000e-05	2.141313e-02	-1.298788e+01
2.070000e-05	1.829242e-02	-1.300898e+01
2.071000e-05	2.553587e-02	-1.301148e+01
2.072000e-05	3.906371e-02	-1.303945e+01
2.073000e-05	3.332493e-02	-1.304058e+01
2.074000e-05	2.703220e-02	-1.299945e+01
2.075000e-05	2.833923e-02	-1.302798e+01
2.076000e-05	3.945888e-02	-1.300998e+01
2.077000e-05	4.268483e-02	-1.298840e+01
2.078000e-05	3.503671e-02	-1.298737e+01
2.079000e-05	3.063433e-02	-1.294477e+01
2.080000e-05	3.804443e-02	-1.293466e+01
2.081000e-05	4.802983e-02	-1.291158e+01
2.082000e-05	4.545454e-02	-1.288013e+01
2.083000e-05	3.641108e-02	-1.281787e+01
2.084000e-05	3.625827e-02	-1.276422e+01
2.085000e-05	4.298821e-02	-1.270109e+01
2.086000e-05	4.603251e-02	-1.267793e+01
2.087000e-05	3.790125e-02	-1.258629e+01
2.088000e-05	3.094722e-02	-1.253313e+01
2.089000e-05	3.285563e-02	-1.243792e+01
2.090000e-05	3.852580e-02	-1.236426e+01
2.091000e-05	3.487408e-02	-1.224300e+01
2.092000e-05	2.560757e-02	-1.218735e+01
2.093000e-05	2.234275e-02	-1.210114e+01
2.094000e-05	2.689362e-02	-1.200642e+01
2.095000e-05	2.836562e-02	-1.189205e+01
2.096000e-05	2.248821e-02	-1.176689e+01
2.097000e-05	1.575453e-02	-1.164106e+01
2.098000e-05	1.592137e-02	-1.152269e+01
2.099000e-05	2.062003e-02	-1.141580e+01
2.100000e-05	1.976154e-02	-1.129155e+01
2.101000e-05	1.323628e-02	-1.115126e+01
2.102000e-05	9.700794e-03	-1.098632e+01
2.103000e-05	1.356776e-02	-1.088211e+01
2.104000e-05	1.540847e-02	-1.076629e+01
2.105000e-05	1.189106e-02	-1.063098e+01
2.106000e-05	6.229068e-03	-1.051214e+01
2.107000e-05	5.977660e-03	-1.035487e+01
2.108000e-05	1.077617e-02	-1.021630e+01
2.109000e-05	1.076689e-02	-1.003743e+01
2.110000e-05	5.177465e-03	-9.903079e+00
2.111000e-05	2.888265e-03	-9.754188e+00
2.112000e-05	5.635091e-03	-9.556344e+00
2.113000e-05	9.064503e-03	-9.376321e+00
2.114000e-05	6.790195e-03	-9.209024e+00
2.115000e-05	1.997119e-03	-9.101552e+00
2.116000e-05	1.446796e-03	-8.912155e+00
2.117000e-05	5.196740e-03	-8.682714e+00
2.118000e-05	5.759634e-03	-8.533688e+00
2.119000e-05	2.566356e-03	-8.345261e+00
2.120000e-05	-1.274058e-03	-8.177766e+00
2.121000e-05	7.701558e-04	-7.956772e+00
2.122000e-05	3.832656e-03	-7.775236e+00
2.123000e-05	3.205895e-03	-7.534713e+00
2.124000e-05	-2.352604e-04	-7.346664e+00
2.125000e-05	-1.879971e-03	-7.126343e+00
2.126000e-05	7.705892e-04	-6.913659e+00
2.127000e-05	2.661687e-03	-6.703208e+00
2.128000e-05	8.839057e-05	-6.504161e+00
2.129000e-05	-3.168280e-03	-6.273112e+00
2.130000e-05	-1.560165e-03	-6.062504e+00
2.131000e-05	-1.697880e-04	-5.863478e+00
2.132000e-05	1.103023e-03	-5.651579e+00
2.133000e-05	-2.400922e-03	-5.420949e+00
2.134000e-05	-4.763673e-03	-5.175718e+00
2.135000e-05	-1.750981e-03	-4.894650e+00
2.136000e-05	-1.430241e-03	-4.639977e+00
2.137000e-05	-1.574983e-03	-4.491530e+00
2.138000e-05	-3.303898e-03	-4.253077e+00
2.139000e-05	-3.799301e-03	-4.029997e+00
2.140000e-05	-1.658791e-03	-3.779897e+00
2.141000e-05	-3.088322e-03	-3.577390e+00
2.142000e-05	-3.916500e-03	-3.325742e+00
2.143000e-05	-6.926788e-03	-3.114765e+00
2.144000e-05	-3.903542e-03	-2.840588e+00
2.145000e-05	-3.727628e-03	-2.630479e+00
2.146000e-05	-1.738063e-03	-2.401476e+00
2.147000e-05	-5.591271e-03	-2.168262e+00
2.148000e-05	-4.185352e-03	-1.913662e+00
2.149000e-05	-4.176830e-03	-1.713662e+00
2.150000e-05	-4.256138e-03	-1.451448e+00
2.151000e-05	-7.518035e-03	-1.125266e+00
2.152000e-05	-6.779759e-03	-8.962108e-01
2.153000e-05	-6.323503e-03	-7.226855e-01
2.154000e-05	-3.803973e-03	-4.410226e-01
2.155000e-05	-3.938979e-03	-1.894251e-01
2.156000e-05	-1.445137e-03	9.074938e-03
2.157000e-05	3.719601e-03	2.542092e-01
2.158000e-05	-4.086886e-03	5.052881e-01
2.159000e-05	1.995332e-03	6.957397e-01
2.160000e-05	-5.608847e-03	9.248169e-01
2.161000e-05	-2.939408e-03	1.189520e+00
2.162000e-05	-4.192829e-03	1.399204e+00
2.163000e-05	5.932808e-03	1.743236e+00
2.164000e-05	3.563778e-02	1.875314e+00
2.165000e-05	7.175477e-02	2.115792e+00
2.166000e-05	-4.415629e-02	2.412999e+00
2.167000e-05	-4.188881e-02	2.684211e+00
2.168000e-05	-3.663441e-02	2.875387e+00
2.169000e-05	-4.587055e-02	3.093742e+00
2.170000e-05	-6.570042e-02	3.282630e+00
2.171000e-05	1.296536e-01	3.474262e+00
2.172000e-05	-7.862087e-02	3.756271e+00
2.173000e-05	-2.491270e-02	3.865713e+00
2.174000e-05	1.366484e-01	4.147367e+00
2.175000e-05	-9.374190e-02	4.420080e+00
2.176000e-05	5.081484e-02	4.590524e+00
2.177000e-05	-2.626132e-02	4.831612e+00
2.178000e-05	-6.798095e-02	5.146292e+00
2.179000e-05	4.583383e-02	5.378424e+00
2.180000e-05	-2.269915e-02	5.599528e+00
2.181000e-05	1.594411e-02	5.821525e+00
2.182000e-05	-1.683873e-02	6.060658e+00
2.183000e-05	-2.974604e-02	6.284262e+00
2.184000e-05	2.701212e-02	6.442609e+00
2.185000e-05	-3.025260e-02	6.694165e+00
2.186000e-05	2.644976e-02	6.895816e+00
2.187000e-05	-6.022140e-02	7.124762e+00
2.188000e-05	2.493256e-02	7.293264e+00
2.189000e-05	1.279532e-02	7.535366e+00
2.190000e-05	-3.277684e-02	7.736924e+00
2.191000e-05	2.525026e-03	8.007395e+00
2.192000e-05	-4.055739e-02	8.217971e+00
2.193000e-05	1.452317e-02	8.347894e+00
2.194000e-05	-5.885571e-04	8.535714e+00
2.195000e-05	-7.580604e-03	8.722237e+00
2.196000e-05	-1.971431e-02	8.850081e+00
2.197000e-05	-1.624753e-02	9.050130e+00
2.198000e-05	8.164588e-03	9.220529e+00
2.199000e-05	-2.056676e-02	9.398397e+00
2.200000e-05	-1.763766e-02	9.536369e+00
2.201000e-05	-2.418479e-02	9.694819e+00
2.202000e-05	-2.131853e-03	9.892207e+00
2.203000e-05	5.745351e-03	1.002216e+01
2.204000e-05	-1.740351e-02	1.016797e+01
2.205000e-05	-1.892860e-02	1.033577e+01
2.206000e-05	-2.078874e-02	1.042221e+01
2.207000e-05	-1.482220e-03	1.066018e+01
2.208000e-05	-1.390541e-02	1.076787e+01
2.209000e-05	-2.175725e-02	1.091426e+01
2.210000e-05	-2.264739e-02	1.100857e+01
2.211000e-05	-1.191355e-02	1.114477e+01
2.212000e-05	-3.343852e-03	1.125268e+01
2.213000e-05	-1.667276e-02	1.139890e+01
2.214000e-05	-2.526762e-02	1.154381e+01
2.215000e-05	-1.953322e-02	1.165908e+01
2.216000e-05	-1.034664e-02	1.175850e+01
2.217000e-05	-1.531361e-02	1.189308e+01
2.218000e-05	-2.690308e-02	1.197480e+01
2.219000e-05	-2.821239e-02	1.202313e+01
2.220000e-05	-1.944989e-02	1.213584e+01
2.221000e-05	-9.983605e-03	1.224953e+01
2.222000e-05	-2.058036e-02	1.230266e+01
2.223000e-05	-2.646293e-02	1.237747e+01
2.224000e-05	-2.444707e-02	1.247958e+01
2.225000e-05	-1.826193e-02	1.255574e+01
2.226000e-05	-2.128445e-02	1.262792e+01
2.227000e-05	-3.128905e-02	1.263148e+01
2.228000e-05	-3.404944e-02	1.272261e+01
2.229000e-05	-2.745234e-02	1.270576e+01
2.230000e-05	-2.175580e-02	1.277529e+01
2.231000e-05	-2.616241e-02	1.280000e+01
2.232000e-05	-3.355392e-02	1.281913e+01
2.233000e-05	-3.283275e-02	1.288011e+01
2.234000e-05	-2.686189e-02	1.287371e+01
2.235000e-05	-2.876197e-02	1.290321e+01
2.236000e-05	-3.800938e-02	1.293422e+01
2.237000e-05	-4.138384e-02	1.295627e+01
2.238000e-05	-3.858204e-02	1.294589e+01
2.239000e-05	-3.244531e-02	1.297482e+01
2.240000e-05	-3.686841e-02	1.294522e+01
2.241000e-05	-4.268924e-02	1.294529e+01
2.242000e-05	-4.395278e-02	1.288322e+01
2.243000e-05	-4.008011e-02	1.290466e+01
2.244000e-05	-4.215015e-02	1.287213e+01
2.245000e-05	-4.817490e-02	1.285958e+01
2.246000e-05	-5.311772e-02	1.284058e+01
2.247000e-05	-5.004753e-02	1.277692e+01
2.248000e-05	-4.377046e-02	1.269377e+01
2.249000e-05	-4.612890e-02	1.268313e+01
2.250000e-05	-4.934939e-02	1.265050e+01
2.251000e-05	-5.064892e-02	1.259898e+01
2.252000e-05	-4.526124e-02	1.256735e+01
2.253000e-05	-4.253532e-02	1.251418e+01
2.254000e-05	-4.473965e-02	1.241903e+01
2.255000e-05	-4.609244e-02	1.234535e+01
2.256000e-05	-4.265616e-02	1.227158e+01
2.257000e-05	-3.667092e-02	1.221842e+01
2.258000e-05	-3.501204e-02	1.213373e+01
2.259000e-05	-3.579772e-02	1.199803e+01
2.260000e-05	-3.514066e-02	1.190224e+01
2.261000e-05	-3.085105e-02	1.183098e+01
2.262000e-05	-2.691861e-02	1.166524e+01
2.263000e-05	-2.881670e-02	1.161490e+01
2.264000e-05	-2.958487e-02	1.152208e+01
2.265000e-05	-2.725437e-02	1.134484e+01
2.266000e-05	-2.210731e-02	1.120948e+01
2.267000e-05	-2.016611e-02	1.109516e+01
2.268000e-05	-2.263706e-02	1.102787e+01
2.269000e-05	-2.282339e-02	1.086215e+01
2.270000e-05	-2.006046e-02	1.072426e+01
2.271000e-05	-1.622946e-02	1.056835e+01
2.272000e-05	-1.790710e-02	1.042995e+01
2.273000e-05	-2.001717e-02	1.027266e+01
2.274000e-05	-1.980904e-02	1.015521e+01
2.275000e-05	-1.431938e-02	9.997376e+00
2.276000e-05	-1.433566e-02	9.850973e+00
2.277000e-05	-1.475047e-02	9.600050e+00
2.278000e-05	-1.755231e-02	9.492660e+00
2.279000e-05	-1.419254e-02	9.315766e+00
2.280000e-05	-1.175619e-02	9.177922e+00
2.281000e-05	-1.176958e-02	8.987447e+00
2.282000e-05	-1.423431e-02	8.809973e+00
2.283000e-05	-1.432944e-02	8.600003e+00
2.284000e-05	-1.131511e-02	8.440606e+00
2.285000e-05	-1.039971e-02	8.303761e+00
2.286000e-05	-1.159051e-02	8.102735e+00
2.287000e-05	-1.328981e-02	7.864212e+00
2.288000e-05	-1.099455e-02	7.692182e+00
2.289000e-05	-9.860220e-03	7.473653e+00
2.290000e-05	-9.858784e-03	7.261581e+00
2.291000e-05	-1.056627e-02	7.090076e+00
2.292000e-05	-1.084474e-02	6.852131e+00
2.293000e-05	-9.935480e-03	6.680551e+00
2.294000e-05	-7.884115e-03	6.451002e+00
2.295000e-05	-8.609990e-03	6.231052e+00
2.296000e-05	-1.061313e-02	6.041107e+00
2.297000e-05	-1.043275e-02	5.770000e+00
2.298000e-05	-8.161544e-03	5.640975e+00
2.299000e-05	-5.872316e-03	5.356999e+00
2.300000e-05	-8.121506e-03	5.135336e+00
2.301000e-05	-9.338650e-03	4.843133e+00
2.302000e-05	-8.156934e-03	4.611028e+00
2.303000e-05	-6.327136e-03	4.429955e+00
2.304000e-05	-6.200492e-03	4.179394e+00
2.305000e-05	-8.344362e-03	3.925744e+00
2.306000e-05	-8.620095e-03	3.735788e+00
2.307000e-05	-6.611108e-03	3.513314e+00
2.308000e-05	-5.489343e-03	3.260558e+00
2.309000e-05	-7.501354e-03	3.022030e+00
2.310000e-05	-8.273935e-03	2.828553e+00
2.311000e-05	-6.997003e-03	2.558990e+00
2.312000e-05	-4.619025e-03	2.304710e+00
2.313000e-05	-4.878890e-03	2.073687e+00
2.314000e-05	-6.935614e-03	1.884258e+00
2.315000e-05	-6.714288e-03	1.682075e+00
2.316000e-05	-6.018747e-03	1.358322e+00
2.317000e-05	-4.791093e-03	1.105163e+00
2.318000e-05	-5.133417e-03	8.090578e-01
2.319000e-05	-5.985017e-03	5.909463e-01
2.320000e-05	-4.123455e-03	4.184699e-01
2.321000e-05	-3.455500e-03	1.172645e-01
2.322000e-05	-1.404346e-03	-8.631566e-02
2.323000e-05	5.660333e-03	-3.363634e-01
2.324000e-05	-3.500272e-03	-5.283694e-01
2.325000e-05	1.888860e-03	-8.395209e-01
2.326000e-05	-2.815901e-03	-1.010074e+00
2.327000e-05	1.305753e-03	-1.231076e+00
2.328000e-05	-3.705269e-03	-1.523682e+00
2.329000e-05	1.469859e-02	-1.694788e+00
2.330000e-05	8.442294e-02	-1.905259e+00
2.331000e-05	1.807026e-02	-2.181476e+00
2.332000e-05	-5.803797e-02	-2.578425e+00
2.333000e-05	-2.083919e-02	-2.831626e+00
2.334000e-05	-6.949974e-02	-3.021150e+00
2.335000e-05	-4.377670e-02	-3.219473e+00
2.336000e-05	1.635433e-01	-3.294287e+00
2.337000e-05	-1.169900e-01	-3.548472e+00
2.338000e-05	2.013120e-02	-3.833172e+00
2.339000e-05	9.406384e-02	-3.979526e+00
2.340000e-05	-1.367797e-01	-4.283157e+00
2.341000e-05	1.592733e-01	-4.494238e+00
2.342000e-05	-7.901935e-02	-4.694282e+00
2.343000e-05	-1.005970e-01	-4.975920e+00
2.344000e-05	1.119607e-01	-5.094838e+00
2.345000e-05	-7.997651e-02	-5.493130e+00
2.346000e-05	1.211796e-01	-5.662634e+00
2.347000e-05	-5.260701e-02	-5.883183e+00
2.348000e-05	-4.462035e-02	-6.114794e+00
2.349000e-05	1.020376e-01	-6.386240e+00
2.350000e-05	-8.380046e-02	-6.577396e+00
2.351000e-05	9.283976e-02	-6.766866e+00
2.352000e-05	-1.092581e-01	-6.926820e+00
2.353000e-05	5.555876e-02	-7.229123e+00
2.354000e-05	5.551337e-02	-7.399945e+00
2.355000e-05	-6.057720e-02	-7.632104e+00
2.356000e-05	7.757146e-02	-7.869654e+00
2.357000e-05	-1.117896e-01	-8.050127e+00
2.358000e-05	8.985739e-02	-8.251581e+00
2.359000e-05	-7.572602e-03	-8.397399e+00
2.360000e-05	1.490254e-02	-8.617451e+00
2.361000e-05	7.082601e-03	-8.828920e+00
2.362000e-05	-4.360703e-02	-8.988371e+00
2.363000e-05	8.452599e-02	-9.134292e+00
2.364000e-05	-4.681983e-02	-9.283739e+00
2.365000e-05	3.924203e-02	-9.492185e+00
2.366000e-05	-5.213794e-02	-9.662581e+00
2.367000e-05	4.251276e-02	-9.789899e+00
2.368000e-05	2.867016e-02	-9.945769e+00
2.369000e-05	5.699740e-04	-1.011479e+01
2.370000e-05	9.729161e-03	-1.029108e+01
2.371000e-05	-2.396182e-02	-1.044053e+01
2.372000e-05	4.760104e-02	-1.058642e+01
2.373000e-05	-7.641739e-03	-1.073276e+01
2.374000e-05	1.849151e-02	-1.084947e+01
2.375000e-05	-1.989634e-02	-1.096592e+01
2.376000e-05	2.724122e-02	-1.113218e+01
2.377000e-05	2.630528e-02	-1.122940e+01
2.378000e-05	1.424711e-02	-1.138487e+01
2.379000e-05	-9.102162e-04	-1.152208e+01
2.380000e-05	-2.370801e-03	-1.157948e+01
2.381000e-05	2.856477e-02	-1.176374e+01
2.382000e-05	1.722487e-02	-1.189006e+01
2.383000e-05	1.218041e-02	-1.198522e+01
2.384000e-05	-3.689065e-03	-1.206263e+01
2.385000e-05	2.018025e-02	-1.215626e+01
2.386000e-05	2.788526e-02	-1.227953e+01
2.387000e-05	2.020852e-02	-1.230319e+01
2.388000e-05	4.626695e-03	-1.236684e+01
2.389000e-05	8.444906e-03	-1.247061e+01
2.390000e-05	2.576537e-02	-1.255469e+01
2.391000e-05	2.863021e-02	-1.264745e+01
2.392000e-05	1.339027e-02	-1.267106e+01
2.393000e-05	7.107101e-03	-1.275169e+01
2.394000e-05	1.860969e-02	-1.275694e+01
2.395000e-05	3.159946e-02	-1.280890e+01
2.396000e-05	2.566376e-02	-1.288208e+01
2.397000e-05	1.522484e-02	-1.291276e+01
2.398000e-05	1.578754e-02	-1.290534e+01
2.399000e-05	2.964645e-02	-1.300689e+01
2.400000e-05	3.451002e-02	-1.300740e+01
2.401000e-05	2.415042e-02	-1.300790e+01
2.402000e-05	1.877349e-02	-1.302948e+01
2.403000e-05	2.424276e-02	-1.303943e+01
2.404000e-05	3.813989e-02	-1.302952e+01
2.405000e-05	3.554585e-02	-1.301950e+01
2.406000e-05	2.756076e-02	-1.302955e+01
2.407000e-05	2.647356e-02	-1.301845e+01
2.408000e-05	3.787637e-02	-1.302843e+01
2.409000e-05	4.412302e-02	-1.302740e+01
2.410000e-05	3.782894e-02	-1.301742e+01
2.411000e-05	3.236182e-02	-1.297632e+01
2.412000e-05	3.662089e-02	-1.294471e+01
2.413000e-05	4.766679e-02	-1.287108e+01
2.414000e-05	4.547938e-02	-1.285060e+01
2.415000e-05	3.618931e-02	-1.282995e+01
2.416000e-05	3.287268e-02	-1.278384e+01
2.417000e-05	4.054451e-02	-1.270258e+01
2.418000e-05	4.599504e-02	-1.265893e+01
2.419000e-05	4.114139e-02	-1.258529e+01
2.420000e-05	3.357078e-02	-1.250158e+01
2.421000e-05	3.223995e-02	-1.243843e+01
2.422000e-05	3.755330e-02	-1.234371e+01
2.423000e-05	3.457677e-02	-1.227005e+01
2.424000e-05	2.540128e-02	-1.217637e+01
2.425000e-05	1.999991e-02	-1.212259e+01
2.426000e-05	2.491039e-02	-1.202792e+01
2.427000e-05	2.905566e-02	-1.189148e+01
2.428000e-05	2.585473e-02	-1.178642e+01
2.429000e-05	1.802003e-02	-1.166955e+01
2.430000e-05	1.723329e-02	-1.152524e+01
2.431000e-05	1.769518e-02	-1.140734e+01
2.432000e-05	1.895291e-02	-1.126953e+01
2.433000e-05	1.024968e-02	-1.107379e+01
2.434000e-05	1.037711e-02	-1.100732e+01
2.435000e-05	1.291078e-02	-1.089113e+01
2.436000e-05	1.729092e-02	-1.078430e+01
2.437000e-05	1.600343e-02	-1.064205e+01
2.438000e-05	6.043354e-03	-1.049463e+01
2.439000e-05	5.735525e-03	-1.031379e+01
2.440000e-05	6.234977e-03	-1.016732e+01
2.441000e-05	8.629971e-03	-1.004037e+01
2.442000e-05	6.088003e-03	-9.892031e+00
2.443000e-05	5.070040e-03	-9.743742e+00
2.444000e-05	8.766211e-03	-9.596846e+00
2.445000e-05	9.928853e-03	-9.419844e+00
2.446000e-05	8.292280e-03	-9.238555e+00
2.447000e-05	1.960554e-04	-9.071030e+00
2.448000e-05	-9.440001e-04	-8.883237e+00
2.449000e-05	1.674884e-03	-8.743616e+00
2.450000e-05	4.844556e-03	-8.524210e+00
2.451000e-05	4.405888e-03	-8.345289e+00
2.452000e-05	2.462353e-03	-8.156894e+00
2.453000e-05	2.570017e-03	-7.986846e+00
2.454000e-05	4.385669e-03	-7.745233e+00
2.455000e-05	2.607282e-03	-7.545267e+00
2.456000e-05	-1.123921e-03	-7.356312e+00
2.457000e-05	-2.774639e-03	-7.165261e+00
2.458000e-05	1.720152e-04	-6.906186e+00
2.459000e-05	3.234837e-03	-6.703183e+00
2.460000e-05	1.521793e-03	-6.512687e+00
2.461000e-05	-1.453266e-03	-6.295210e+00
2.462000e-05	-1.627164e-03	-6.101032e+00
2.463000e-05	-1.286681e-03	-5.860552e+00
2.464000e-05	1.941942e-06	-5.640581e+00
2.465000e-05	-2.740150e-03	-5.461569e+00
2.466000e-05	-3.879411e-03	-5.155823e+00
2.467000e-05	-2.464096e-03	-4.914680e+00
2.468000e-05	-2.055606e-04	-4.670479e+00
2.469000e-05	-1.297882e-03	-4.432083e+00
2.470000e-05	-4.213947e-03	-4.261530e+00
2.471000e-05	-4.801764e-03	-4.061981e+00
2.472000e-05	-1.900746e-03	-3.809423e+00
2.473000e-05	-1.870795e-03	-3.546820e+00
2.474000e-05	-3.341648e-03	-3.355814e+00
2.475000e-05	-6.449001e-03	-3.124263e+00
2.476000e-05	-3.717196e-03	-2.850532e+00
2.477000e-05	-3.809129e-03	-2.589974e+00
2.478000e-05	-2.072484e-03	-2.378477e+00
2.479000e-05	-5.784422e-03	-2.147741e+00
2.480000e-05	-5.222749e-03	-1.905237e+00
2.481000e-05	-4.966787e-03	-1.725131e+00
2.482000e-05	-4.158206e-03	-1.441649e+00
2.483000e-05	-6.567944e-03	-1.145892e+00
2.484000e-05	-5.654233e-03	-8.852147e-01
2.485000e-05	-5.541212e-03	-6.727581e-01
2.486000e-05	-3.486835e-03	-4.200513e-01
2.487000e-05	-3.908607e-03	-2.410553e-01
2.488000e-05	-2.107959e-03	2.313520e-02
2.489000e-05	4.299691e-03	2.462054e-01
2.490000e-05	-3.474343e-03	4.747629e-01
2.491000e-05	2.069429e-03	6.752872e-01
2.492000e-05	-5.527323e-03	8.839390e-01
2.493000e-05	-2.106634e-03	1.199446e+00
2.494000e-05	-3.926930e-03	1.399679e+00
2.495000e-05	5.193342e-03	1.734234e+00
2.496000e-05	3.430321e-02	1.894235e+00
2.497000e-05	7.141009e-02	2.106392e+00
2.498000e-05	-4.440914e-02	2.398554e+00
2.499000e-05	-4.156022e-02	2.715237e+00
2.500000e-05	-3.643366e-02	2.915791e+00
2.501000e-05	-4.516162e-02	3.105341e+00
2.502000e-05	-6.453245e-02	3.282105e+00
2.503000e-05	1.301342e-01	3.464191e+00
2.504000e-05	-7.871190e-02	3.735288e+00
2.505000e-05	-2.601149e-02	3.916789e+00
2.506000e-05	1.360240e-01	4.177419e+00
2.507000e-05	-9.395718e-02	4.430530e+00
2.508000e-05	5.027550e-02	4.579425e+00
2.509000e-05	-2.620822e-02	4.852793e+00
2.510000e-05	-6.890368e-02	5.135394e+00
2.511000e-05	4.638952e-02	5.387947e+00
2.512000e-05	-2.099974e-02	5.579079e+00
2.513000e-05	1.624919e-02	5.870032e+00
2.514000e-05	-1.740413e-02	6.033209e+00
2.515000e-05	-2.930488e-02	6.273133e+00
2.516000e-05	2.665063e-02	6.502733e+00
2.517000e-05	-2.995629e-02	6.713165e+00
2.518000e-05	2.618754e-02	6.905889e+00
2.519000e-05	-6.011965e-02	7.115269e+00
2.520000e-05	2.488341e-02	7.274915e+00
2.521000e-05	1.342649e-02	7.534272e+00
2.522000e-05	-3.285452e-02	7.776824e+00
2.523000e-05	2.687202e-03	7.987972e+00
2.524000e-05	-4.028423e-02	8.221500e+00
2.525000e-05	1.377935e-02	8.345898e+00
2.526000e-05	-1.702932e-03	8.513816e+00
2.527000e-05	-6.550901e-03	8.683162e+00
2.528000e-05	-1.991839e-02	8.833157e+00
2.529000e-05	-1.585696e-02	9.079055e+00
2.530000e-05	7.861302e-03	9.233052e+00
2.531000e-05	-2.000324e-02	9.378397e+00
2.532000e-05	-1.689419e-02	9.544818e+00
2.533000e-05	-2.422425e-02	9.705337e+00
2.534000e-05	-1.608966e-03	9.922111e+00
2.535000e-05	5.874331e-03	1.003960e+01
2.536000e-05	-1.629543e-02	1.019700e+01
2.537000e-05	-1.997691e-02	1.034479e+01
2.538000e-05	-2.128950e-02	1.046416e+01
2.539000e-05	-3.467720e-03	1.061908e+01
2.540000e-05	-1.442186e-02	1.074634e+01
2.541000e-05	-2.089151e-02	1.092531e+01
2.542000e-05	-2.282368e-02	1.098953e+01
2.543000e-05	-9.180638e-03	1.113481e+01
2.544000e-05	-1.979165e-03	1.123208e+01
2.545000e-05	-1.783641e-02	1.137848e+01
2.546000e-05	-2.633114e-02	1.151279e+01
2.547000e-05	-2.280391e-02	1.164910e+01
2.548000e-05	-1.182251e-02	1.173640e+01
2.549000e-05	-1.456810e-02	1.188306e+01
2.550000e-05	-2.464133e-02	1.194629e+01
2.551000e-05	-2.575553e-02	1.204958e+01
2.552000e-05	-1.870746e-02	1.215542e+01
2.553000e-05	-1.090084e-02	1.223948e+01
2.554000e-05	-2.122177e-02	1.232324e+01
2.555000e-05	-2.699458e-02	1.240745e+01
2.556000e-05	-2.691032e-02	1.247056e+01
2.557000e-05	-1.931394e-02	1.250429e+01
2.558000e-05	-2.014074e-02	1.259745e+01
2.559000e-05	-2.824614e-02	1.264003e+01
2.560000e-05	-3.309212e-02	1.268356e+01
2.561000e-05	-2.818791e-02	1.273224e+01
2.562000e-05	-2.251747e-02	1.276539e+01
2.563000e-05	-2.606328e-02	1.277697e+01
2.564000e-05	-3.269692e-02	1.281001e+01
2.565000e-05	-3.331275e-02	1.288215e+01
2.566000e-05	-2.783025e-02	1.291269e+01
2.567000e-05	-2.746166e-02	1.289424e+01
2.568000e-05	-3.634594e-02	1.291624e+01
2.569000e-05	-4.092478e-02	1.293477e+01
2.570000e-05	-3.966965e-02	1.294385e+01
2.571000e-05	-3.351432e-02	1.298537e+01
2.572000e-05	-3.643655e-02	1.296479e+01
2.573000e-05	-4.237180e-02	1.292534e+01
2.574000e-05	-4.459587e-02	1.295516e+01
2.575000e-05	-4.063642e-02	1.289467e+01
2.576000e-05	-4.145958e-02	1.285211e+01
2.577000e-05	-4.727936e-02	1.282961e+01
2.578000e-05	-5.152668e-02	1.281750e+01
2.579000e-05	-5.054067e-02	1.275832e+01
2.580000e-05	-4.462032e-02	1.273481e+01
2.581000e-05	-4.532070e-02	1.272218e+01
2.582000e-05	-4.967259e-02	1.263003e+01
2.583000e-05	-5.129838e-02	1.260895e+01
2.584000e-05	-4.644062e-02	1.254639e+01
2.585000e-05	-4.331996e-02	1.250274e+01
2.586000e-05	-4.388622e-02	1.246101e+01
2.587000e-05	-4.500077e-02	1.237485e+01
2.588000e-05	-4.396057e-02	1.229223e+01
2.589000e-05	-3.740946e-02	1.217987e+01
2.590000e-05	-3.572606e-02	1.211471e+01
2.591000e-05	-3.524161e-02	1.200907e+01
2.592000e-05	-3.511867e-02	1.192426e+01
2.593000e-05	-3.155744e-02	1.181897e+01
2.594000e-05	-2.642189e-02	1.171474e+01
2.595000e-05	-2.796030e-02	1.162747e+01
2.596000e-05	-2.826335e-02	1.150108e+01
2.597000e-05	-2.838473e-02	1.132469e+01
2.598000e-05	-2.207933e-02	1.122800e+01
2.599000e-05	-2.108117e-02	1.108371e+01
2.600000e-05	-2.168040e-02	1.100844e+01
2.601000e-05	-2.327401e-02	1.088158e+01
2.602000e-05	-2.100227e-02	1.073479e+01
2.603000e-05	-1.817129e-02	1.059687e+01
2.604000e-05	-1.772078e-02	1.043847e+01
2.605000e-05	-1.812970e-02	1.029213e+01
2.606000e-05	-1.860408e-02	1.017626e+01
2.607000e-05	-1.555532e-02	9.977447e+00
2.608000e-05	-1.445715e-02	9.809924e+00
2.609000e-05	-1.459460e-02	9.649007e+00
2.610000e-05	-1.715968e-02	9.452635e+00
2.611000e-05	-1.514571e-02	9.335287e+00
2.612000e-05	-1.379465e-02	9.186400e+00
2.613000e-05	-1.176467e-02	9.006898e+00
2.614000e-05	-1.294687e-02	8.789429e+00
2.615000e-05	-1.361382e-02	8.610003e+00
2.616000e-05	-1.195908e-02	8.481658e+00
2.617000e-05	-1.043459e-02	8.293132e+00
2.618000e-05	-1.076830e-02	8.094082e+00
2.619000e-05	-1.376265e-02	7.883190e+00
2.620000e-05	-1.268311e-02	7.684686e+00
2.621000e-05	-1.040907e-02	7.493206e+00
2.622000e-05	-7.742507e-03	7.260607e+00
2.623000e-05	-9.667620e-03	7.083079e+00
2.624000e-05	-1.071429e-02	6.871132e+00
2.625000e-05	-9.679785e-03	6.652581e+00
2.626000e-05	-8.125403e-03	6.398479e+00
2.627000e-05	-8.176779e-03	6.210503e+00
2.628000e-05	-1.001956e-02	6.051054e+00
2.629000e-05	-1.001965e-02	5.819525e+00
2.630000e-05	-8.539724e-03	5.588475e+00
2.631000e-05	-6.497022e-03	5.377349e+00
2.632000e-05	-8.647865e-03	5.126761e+00
2.633000e-05	-9.730470e-03	4.832554e+00
2.634000e-05	-8.057619e-03	4.630529e+00
2.635000e-05	-6.713973e-03	4.422005e+00
2.636000e-05	-6.354063e-03	4.169370e+00
2.637000e-05	-8.233517e-03	3.936219e+00
2.638000e-05	-8.513934e-03	3.703786e+00
2.639000e-05	-7.270998e-03	3.525764e+00
2.640000e-05	-6.069671e-03	3.223483e+00
2.641000e-05	-6.151035e-03	3.042077e+00
2.642000e-05	-7.138640e-03	2.832029e+00
2.643000e-05	-6.696556e-03	2.557341e+00
2.644000e-05	-5.480676e-03	2.314712e+00
2.645000e-05	-4.704263e-03	2.084685e+00
2.646000e-05	-5.442451e-03	1.872684e+00
2.647000e-05	-7.451709e-03	1.629503e+00
2.648000e-05	-7.134689e-03	1.348420e+00
2.649000e-05	-4.677252e-03	1.104661e+00
2.650000e-05	-3.651803e-03	7.825053e-01
2.651000e-05	-6.568151e-03	5.900001e-01
2.652000e-05	-6.221532e-03	3.878699e-01
2.653000e-05	-3.123666e-03	1.132894e-01
2.654000e-05	5.361304e-04	-1.258169e-01
2.655000e-05	6.873959e-03	-3.258659e-01
2.656000e-05	-4.495175e-03	-5.158457e-01
2.657000e-05	6.654395e-04	-7.805247e-01
2.658000e-05	-2.589225e-03	-1.000528e+00
2.659000e-05	1.838730e-03	-1.241579e+00
2.660000e-05	-3.787153e-03	-1.524788e+00
2.661000e-05	1.281271e-02	-1.724687e+00
2.662000e-05	8.312328e-02	-1.893661e+00
2.663000e-05	1.901577e-02	-2.179654e+00
2.664000e-05	-5.618623e-02	-2.601022e+00
2.665000e-05	-2.187739e-02	-2.841053e+00
2.666000e-05	-7.148231e-02	-3.042556e+00
2.667000e-05	-4.431893e-02	-3.198472e+00
2.668000e-05	1.645655e-01	-3.254737e+00
2.669000e-05	-1.161790e-01	-3.568370e+00
2.670000e-05	1.821430e-02	-3.890579e+00
2.671000e-05	9.454536e-02	-4.010025e+00
2.672000e-05	-1.355455e-01	-4.252233e+00
2.673000e-05	1.606412e-01	-4.461632e+00
2.674000e-05	-7.878916e-02	-4.694709e+00
2.675000e-05	-1.005846e-01	-4.975916e+00
2.676000e-05	1.103940e-01	-5.124817e+00
2.677000e-05	-7.906830e-02	-5.471252e+00
2.678000e-05	1.202578e-01	-5.724188e+00
2.679000e-05	-5.339941e-02	-5.883612e+00
2.680000e-05	-4.545252e-02	-6.153312e+00
2.681000e-05	1.027795e-01	-6.323787e+00
2.682000e-05	-8.319167e-02	-6.557396e+00
2.683000e-05	9.252893e-02	-6.746345e+00
2.684000e-05	-1.098944e-01	-6.975336e+00
2.685000e-05	5.574922e-02	-7.221553e+00
2.686000e-05	5.590324e-02	-7.408845e+00
2.687000e-05	-5.962639e-02	-7.651572e+00
2.688000e-05	7.747288e-02	-7.860605e+00
2.689000e-05	-1.120594e-01	-8.051158e+00
2.690000e-05	9.013896e-02	-8.240583e+00
2.691000e-05	-5.710314e-03	-8.366950e+00
2.692000e-05	1.497236e-02	-8.668502e+00
2.693000e-05	6.583718e-03	-8.809498e+00
2.694000e-05	-4.496326e-02	-8.947872e+00
2.695000e-05	8.426883e-02	-9.135716e+00
2.696000e-05	-4.613804e-02	-9.283765e+00
2.697000e-05	3.982278e-02	-9.511636e+00
2.698000e-05	-5.201829e-02	-9.671056e+00
2.699000e-05	4.235438e-02	-9.829003e+00
2.700000e-05	2.925927e-02	-9.946787e+00
2.701000e-05	8.076804e-04	-1.011579e+01
2.702000e-05	8.751000e-03	-1.029056e+01
2.703000e-05	-2.506852e-02	-1.040751e+01
2.704000e-05	4.753401e-02	-1.059690e+01
2.705000e-05	-5.528500e-03	-1.069274e+01
2.706000e-05	1.965708e-02	-1.080956e+01
2.707000e-05	-1.957229e-02	-1.093492e+01
2.708000e-05	2.691087e-02	-1.111306e+01
2.709000e-05	2.586141e-02	-1.123948e+01
2.710000e-05	1.435210e-02	-1.134642e+01
2.711000e-05	-1.489031e-03	-1.150111e+01
2.712000e-05	-3.504946e-03	-1.158847e+01
2.713000e-05	2.774556e-02	-1.172482e+01
2.714000e-05	1.746768e-02	-1.186908e+01
2.715000e-05	1.310290e-02	-1.198579e+01
2.716000e-05	-3.392619e-03	-1.205355e+01
2.717000e-05	1.983552e-02	-1.215676e+01
2.718000e-05	2.759190e-02	-1.224945e+01
2.719000e-05	2.018227e-02	-1.232374e+01
2.720000e-05	3.952417e-03	-1.239589e+01
2.721000e-05	8.171226e-03	-1.246015e+01
2.722000e-05	2.482052e-02	-1.252621e+01
2.723000e-05	2.815483e-02	-1.263742e+01
2.724000e-05	1.350272e-02	-1.269101e+01
2.725000e-05	8.124371e-03	-1.274224e+01
2.726000e-05	1.796217e-02	-1.280632e+01
2.727000e-05	3.169085e-02	-1.281900e+01
2.728000e-05	2.563519e-02	-1.288106e+01
2.729000e-05	1.565084e-02	-1.293421e+01
2.730000e-05	1.667244e-02	-1.296639e+01
2.731000e-05	2.935386e-02	-1.297684e+01
2.732000e-05	3.421732e-02	-1.300797e+01
2.733000e-05	2.366159e-02	-1.303045e+01
2.734000e-05	1.906162e-02	-1.303995e+01
2.735000e-05	2.462219e-02	-1.303053e+01
2.736000e-05	3.858298e-02	-1.305053e+01
2.737000e-05	3.659395e-02	-1.304943e+01
2.738000e-05	2.886765e-02	-1.304895e+01
2.739000e-05	2.672586e-02	-1.301002e+01
2.740000e-05	3.636793e-02	-1.300795e+01
2.741000e-05	4.244823e-02	-1.302650e+01
2.742000e-05	3.571920e-02	-1.299837e+01
2.743000e-05	3.180372e-02	-1.299424e+01
2.744000e-05	3.654398e-02	-1.293569e+01
2.745000e-05	4.691513e-02	-1.290118e+01
2.746000e-05	4.748699e-02	-1.288903e+01
2.747000e-05	3.882047e-02	-1.280642e+01
2.748000e-05	3.484564e-02	-1.277524e+01
2.749000e-05	4.037999e-02	-1.274114e+01
2.750000e-05	4.503937e-02	-1.261195e+01
2.751000e-05	3.994634e-02	-1.256592e+01
2.752000e-05	3.149960e-02	-1.248024e+01
2.753000e-05	3.149968e-02	-1.242950e+01
2.754000e-05	3.654218e-02	-1.236372e+01
2.755000e-05	3.514517e-02	-1.228103e+01
2.756000e-05	2.807246e-02	-1.216830e+01
2.757000e-05	2.195209e-02	-1.206166e+01
2.758000e-05	2.508072e-02	-1.198687e+01
2.759000e-05	2.780874e-02	-1.191209e+01
2.760000e-05	2.391800e-02	-1.179689e+01
2.761000e-05	1.571751e-02	-1.164058e+01
2.762000e-05	1.537140e-02	-1.153321e+01
2.763000e-05	2.001446e-02	-1.139785e+01
2.764000e-05	2.003547e-02	-1.127053e+01
2.765000e-05	1.514884e-02	-1.114166e+01
2.766000e-05	1.004078e-02	-1.098687e+01
2.767000e-05	1.155140e-02	-1.089063e+01
2.768000e-05	1.555267e-02	-1.076684e+01
2.769000e-05	1.306013e-02	-1.065050e+01
2.770000e-05	7.378890e-03	-1.049311e+01
2.771000e-05	5.451238e-03	-1.030479e+01
2.772000e-05	8.897667e-03	-1.017687e+01
2.773000e-05	1.087469e-02	-1.003888e+01
2.774000e-05	6.431118e-03	-9.882609e+00
2.775000e-05	3.489163e-03	-9.753715e+00
2.776000e-05	4.552914e-03	-9.585849e+00
2.777000e-05	8.819370e-03	-9.389890e+00
2.778000e-05	7.181921e-03	-9.218354e+00
2.779000e-05	3.504217e-03	-9.050527e+00
2.780000e-05	1.308312e-03	-8.902658e+00
2.781000e-05	2.989808e-03	-8.714135e+00
2.782000e-05	5.325524e-03	-8.505189e+00
2.783000e-05	3.397753e-03	-8.345734e+00
2.784000e-05	1.108982e-04	-8.125791e+00
2.785000e-05	9.130773e-04	-7.987374e+00
2.786000e-05	3.719915e-03	-7.785762e+00
2.787000e-05	3.867238e-03	-7.536288e+00
2.788000e-05	6.049663e-04	-7.333767e+00
2.789000e-05	-3.005252e-03	-7.156238e+00
2.790000e-05	-9.934593e-04	-6.902657e+00
2.791000e-05	1.481137e-03	-6.671585e+00
2.792000e-05	1.441598e-03	-6.505187e+00
2.793000e-05	-2.433714e-03	-6.315162e+00
2.794000e-05	-1.175128e-03	-6.061034e+00
2.795000e-05	7.630016e-04	-5.851579e+00
2.796000e-05	7.347936e-04	-5.640576e+00
2.797000e-05	-2.501014e-03	-5.460445e+00
2.798000e-05	-4.343400e-03	-5.177291e+00
2.799000e-05	-2.825130e-03	-4.893586e+00
2.800000e-05	-1.777958e-03	-4.609001e+00
2.801000e-05	-1.603790e-03	-4.452078e+00
2.802000e-05	-4.252780e-03	-4.250455e+00
2.803000e-05	-3.939475e-03	-4.060579e+00
2.804000e-05	-2.030268e-03	-3.809372e+00
2.805000e-05	-2.585824e-03	-3.548347e+00
2.806000e-05	-4.299542e-03	-3.365315e+00
2.807000e-05	-6.486472e-03	-3.144685e+00
2.808000e-05	-4.026984e-03	-2.873052e+00
2.809000e-05	-3.525317e-03	-2.620024e+00
2.810000e-05	-1.999932e-03	-2.389401e+00
2.811000e-05	-5.033111e-03	-2.164319e+00
2.812000e-05	-5.363541e-03	-1.914288e+00
2.813000e-05	-4.365750e-03	-1.703661e+00
2.814000e-05	-4.302926e-03	-1.421623e+00
2.815000e-05	-6.452051e-03	-1.135315e+00
2.816000e-05	-6.321869e-03	-9.151608e-01
2.817000e-05	-6.180898e-03	-6.731568e-01
2.818000e-05	-3.600031e-03	-4.200264e-01
2.819000e-05	-3.796710e-03	-1.904487e-01
2.820000e-05	-2.197903e-03	2.102495e-02
2.821000e-05	3.725922e-03	2.846577e-01
2.822000e-05	-4.309355e-03	5.147879e-01
2.823000e-05	2.361031e-03	7.047381e-01
2.824000e-05	-5.123448e-03	8.959942e-01
2.825000e-05	-2.437367e-03	1.198519e+00
2.826000e-05	-4.279342e-03	1.430526e+00
2.827000e-05	6.746093e-03	1.695214e+00
2.828000e-05	3.534715e-02	1.873741e+00
2.829000e-05	7.144641e-02	2.126317e+00
2.830000e-05	-4.418986e-02	2.371575e+00
2.831000e-05	-4.178369e-02	2.693758e+00
2.832000e-05	-3.636790e-02	2.926341e+00
2.833000e-05	-4.598993e-02	3.124259e+00
2.834000e-05	-6.636720e-02	3.233232e+00
2.835000e-05	1.295665e-01	3.464182e+00
2.836000e-05	-7.613881e-02	3.706816e+00
2.837000e-05	-2.562318e-02	3.905314e+00
2.838000e-05	1.355126e-01	4.147400e+00
2.839000e-05	-9.323881e-02	4.431628e+00
2.840000e-05	5.133693e-02	4.590029e+00
2.841000e-05	-2.588808e-02	4.862183e+00
2.842000e-05	-6.916489e-02	5.134896e+00
2.843000e-05	4.514473e-02	5.348574e+00
2.844000e-05	-2.171877e-02	5.589602e+00
2.845000e-05	1.749849e-02	5.810532e+00
2.846000e-05	-1.669013e-02	6.051162e+00
2.847000e-05	-3.067839e-02	6.262136e+00
2.848000e-05	2.646748e-02	6.424682e+00
2.849000e-05	-3.150889e-02	6.715262e+00
2.850000e-05	2.661566e-02	6.875290e+00
2.851000e-05	-6.059713e-02	7.126267e+00
2.852000e-05	2.560824e-02	7.304873e+00
2.853000e-05	1.281777e-02	7.552342e+00
2.854000e-05	-2.872083e-02	7.747895e+00
2.855000e-05	2.190647e-03	7.958421e+00
2.856000e-05	-4.050613e-02	8.209025e+00
2.857000e-05	1.210113e-02	8.376919e+00
2.858000e-05	-8.163005e-04	8.496291e+00
2.859000e-05	-7.761460e-03	8.674188e+00
2.860000e-05	-1.990973e-02	8.823132e+00
2.861000e-05	-1.677652e-02	9.069583e+00
2.862000e-05	1.069027e-02	9.242025e+00
2.863000e-05	-1.765646e-02	9.406873e+00
2.864000e-05	-1.674307e-02	9.536794e+00
2.865000e-05	-2.787000e-02	9.714740e+00
2.866000e-05	-3.854666e-03	9.892161e+00
2.867000e-05	5.040716e-03	1.001955e+01
2.868000e-05	-1.556475e-02	1.020850e+01
2.869000e-05	-2.056126e-02	1.034272e+01
2.870000e-05	-2.010787e-02	1.048466e+01
2.871000e-05	-1.244508e-03	1.067003e+01
2.872000e-05	-1.122297e-02	1.078637e+01
2.873000e-05	-2.146429e-02	1.091379e+01
2.874000e-05	-2.359823e-02	1.101900e+01
2.875000e-05	-1.189409e-02	1.113626e+01
2.876000e-05	-2.690969e-03	1.126423e+01
2.877000e-05	-1.799645e-02	1.140847e+01
2.878000e-05	-2.539788e-02	1.153429e+01
2.879000e-05	-2.330408e-02	1.169202e+01
2.880000e-05	-9.892739e-03	1.176842e+01
2.881000e-05	-1.320676e-02	1.188208e+01
2.882000e-05	-2.398127e-02	1.196489e+01
2.883000e-05	-2.805699e-02	1.205803e+01
2.884000e-05	-2.022506e-02	1.213584e+01
2.885000e-05	-1.083376e-02	1.224895e+01
2.886000e-05	-2.059875e-02	1.230321e+01
2.887000e-05	-2.732788e-02	1.239595e+01
2.888000e-05	-2.722534e-02	1.246159e+01
2.889000e-05	-1.816155e-02	1.254629e+01
2.890000e-05	-1.849056e-02	1.259792e+01
2.891000e-05	-2.928294e-02	1.265900e+01
2.892000e-05	-3.364183e-02	1.267116e+01
2.893000e-05	-2.883757e-02	1.270324e+01
2.894000e-05	-2.223902e-02	1.275485e+01
2.895000e-05	-2.675566e-02	1.280838e+01
2.896000e-05	-3.375576e-02	1.286153e+01
2.897000e-05	-3.314867e-02	1.288216e+01
2.898000e-05	-2.682598e-02	1.287224e+01
2.899000e-05	-2.680935e-02	1.294324e+01
2.900000e-05	-3.542496e-02	1.296529e+01
2.901000e-05	-4.143643e-02	1.296587e+01
2.902000e-05	-3.898247e-02	1.290529e+01
2.903000e-05	-3.407289e-02	1.299474e+01
2.904000e-05	-3.603845e-02	1.297629e+01
2.905000e-05	-4.276630e-02	1.292582e+01
2.906000e-05	-4.558524e-02	1.292376e+01
2.907000e-05	-4.058698e-02	1.288271e+01
2.908000e-05	-4.060062e-02	1.288121e+01
2.909000e-05	-4.623787e-02	1.286058e+01
2.910000e-05	-5.146022e-02	1.283800e+01
2.911000e-05	-5.076602e-02	1.274640e+01
2.912000e-05	-4.473663e-02	1.277434e+01
2.913000e-05	-4.536283e-02	1.269266e+01
2.914000e-05	-5.033582e-02	1.266911e+01
2.915000e-05	-5.318469e-02	1.259900e+01
2.916000e-05	-4.668253e-02	1.256574e+01
2.917000e-05	-4.215576e-02	1.249374e+01
2.918000e-05	-4.196494e-02	1.244043e+01
2.919000e-05	-4.627055e-02	1.238582e+01
2.920000e-05	-4.368027e-02	1.231114e+01
2.921000e-05	-3.621840e-02	1.220942e+01
2.922000e-05	-3.433317e-02	1.210313e+01
2.923000e-05	-3.652441e-02	1.203695e+01
2.924000e-05	-3.745934e-02	1.193174e+01
2.925000e-05	-3.257946e-02	1.183857e+01
2.926000e-05	-2.568365e-02	1.171469e+01
2.927000e-05	-2.693576e-02	1.157840e+01
2.928000e-05	-2.832597e-02	1.152260e+01
2.929000e-05	-2.834623e-02	1.133579e+01
2.930000e-05	-2.259698e-02	1.121942e+01
2.931000e-05	-1.979314e-02	1.109368e+01
2.932000e-05	-2.344841e-02	1.098697e+01
2.933000e-05	-2.394773e-02	1.086358e+01
2.934000e-05	-2.201150e-02	1.074474e+01
2.935000e-05	-1.615715e-02	1.060729e+01
2.936000e-05	-1.766483e-02	1.041850e+01
2.937000e-05	-1.962591e-02	1.029258e+01
2.938000e-05	-1.951430e-02	1.014527e+01
2.939000e-05	-1.458411e-02	9.997502e+00
2.940000e-05	-1.424543e-02	9.799949e+00
2.941000e-05	-1.529428e-02	9.711578e+00
2.942000e-05	-1.835989e-02	9.504157e+00
2.943000e-05	-1.499115e-02	9.315291e+00
2.944000e-05	-1.261501e-02	9.177800e+00
2.945000e-05	-1.162834e-02	8.987869e+00
2.946000e-05	-1.259817e-02	8.829926e+00
2.947000e-05	-1.360692e-02	8.641002e+00
2.948000e-05	-1.127109e-02	8.442606e+00
2.949000e-05	-1.024156e-02	8.302704e+00
2.950000e-05	-1.061991e-02	8.112161e+00
2.951000e-05	-1.337724e-02	7.884182e+00
2.952000e-05	-1.182602e-02	7.694662e+00
2.953000e-05	-1.133458e-02	7.475658e+00
2.954000e-05	-9.212620e-03	7.251607e+00
2.955000e-05	-1.037906e-02	7.081607e+00
2.956000e-05	-1.083505e-02	6.872130e+00
2.957000e-05	-1.033934e-02	6.681131e+00
2.958000e-05	-7.972134e-03	6.440203e+00
2.959000e-05	-7.894946e-03	6.260029e+00
2.960000e-05	-1.008346e-02	6.060532e+00
2.961000e-05	-1.054951e-02	5.812549e+00
2.962000e-05	-8.405878e-03	5.597449e+00
2.963000e-05	-7.016331e-03	5.397898e+00
2.964000e-05	-8.392984e-03	5.124291e+00
2.965000e-05	-9.176695e-03	4.852102e+00
2.966000e-05	-7.867610e-03	4.600502e+00
2.967000e-05	-6.694785e-03	4.441054e+00
2.968000e-05	-4.967141e-03	4.209875e+00
2.969000e-05	-8.727466e-03	3.926266e+00
2.970000e-05	-8.384095e-03	3.744291e+00
2.971000e-05	-7.498986e-03	3.534817e+00
2.972000e-05	-5.660734e-03	3.272134e+00
2.973000e-05	-6.231411e-03	3.040979e+00
2.974000e-05	-5.587216e-03	2.850053e+00
2.975000e-05	-7.302276e-03	2.598795e+00
2.976000e-05	-4.825219e-03	2.304186e+00
2.977000e-05	-6.817210e-03	2.084688e+00
2.978000e-05	-6.725061e-03	1.924136e+00
2.979000e-05	-7.870956e-03	1.580057e+00
2.980000e-05	-5.618187e-03	1.358969e+00
2.981000e-05	-4.273322e-03	1.125320e+00
2.982000e-05	-3.567669e-03	8.609764e-01
2.983000e-05	-4.172942e-03	5.899490e-01
2.984000e-05	-5.581421e-03	3.899475e-01
2.985000e-05	-4.587602e-03	1.157370e-01
2.986000e-05	-3.533781e-03	-9.528928e-02
2.987000e-05	5.678614e-03	-3.464134e-01
2.988000e-05	-3.820168e-03	-5.168446e-01
2.989000e-05	2.454040e-03	-8.304726e-01
2.990000e-05	-2.905272e-03	-1.019069e+00
2.991000e-05	2.120014e-03	-1.243176e+00
2.992000e-05	-3.066342e-03	-1.503137e+00
2.993000e-05	1.419230e-02	-1.706162e+00
2.994000e-05	8.270955e-02	-1.915741e+00
2.995000e-05	1.719316e-02	-2.220974e+00
2.996000e-05	-5.783478e-02	-2.579971e+00
2.997000e-05	-2.060386e-02	-2.862127e+00
2.998000e-05	-6.962171e-02	-3.059632e+00
2.999000e-05	-4.450214e-02	-3.230526e+00
3.000000e-05	1.631028e-01	-3.304237e+00
3.001000e-05	-1.154182e-01	-3.577422e+00
3.002000e-05	1.976363e-02	-3.880575e+00
3.003000e-05	9.424534e-02	-4.028922e+00
3.004000e-05	-1.370276e-01	-4.283185e+00
3.005000e-05	1.587080e-01	-4.433129e+00
3.006000e-05	-7.737147e-02	-4.733733e+00
3.007000e-05	-1.007315e-01	-4.989370e+00
3.008000e-05	1.105698e-01	-5.146740e+00
3.009000e-05	-7.855341e-02	-5.460653e+00
3.010000e-05	1.220259e-01	-5.714241e+00
3.011000e-05	-5.035747e-02	-5.863158e+00
3.012000e-05	-4.541566e-02	-6.146313e+00
3.013000e-05	1.018060e-01	-6.355742e+00
3.014000e-05	-8.416183e-02	-6.587325e+00
3.015000e-05	9.195736e-02	-6.745315e+00
3.016000e-05	-1.088217e-01	-6.977321e+00
3.017000e-05	5.389745e-02	-7.230501e+00
3.018000e-05	5.628378e-02	-7.398394e+00
3.019000e-05	-5.925464e-02	-7.601625e+00
3.020000e-05	7.883094e-02	-7.890480e+00
3.021000e-05	-1.108340e-01	-8.043031e+00
3.022000e-05	8.909172e-02	-8.251528e+00
3.023000e-05	-6.548377e-03	-8.411048e+00
3.024000e-05	1.440696e-02	-8.639523e+00
3.025000e-05	7.351548e-03	-8.798448e+00
3.026000e-05	-4.560550e-02	-8.966795e+00
3.027000e-05	8.412456e-02	-9.145764e+00
3.028000e-05	-4.461322e-02	-9.284309e+00
3.029000e-05	4.066851e-02	-9.524082e+00
3.030000e-05	-5.118837e-02	-9.680528e+00
3.031000e-05	4.190921e-02	-9.826997e+00
3.032000e-05	2.932261e-02	-9.934739e+00
3.033000e-05	1.134285e-03	-1.010524e+01
3.034000e-05	8.595871e-03	-1.029058e+01
3.035000e-05	-2.599045e-02	-1.044055e+01
3.036000e-05	4.689977e-02	-1.056789e+01
3.037000e-05	-6.075829e-03	-1.071321e+01
3.038000e-05	2.030256e-02	-1.081993e+01
3.039000e-05	-1.865965e-02	-1.096737e+01
3.040000e-05	2.760967e-02	-1.112113e+01
3.041000e-05	2.616800e-02	-1.121942e+01
3.042000e-05	1.488412e-02	-1.135587e+01
3.043000e-05	-1.449088e-03	-1.146051e+01
3.044000e-05	-3.729179e-03	-1.161847e+01
3.045000e-05	2.724506e-02	-1.173524e+01
3.046000e-05	1.704036e-02	-1.188998e+01
3.047000e-05	1.292702e-02	-1.199539e+01
3.048000e-05	-4.071809e-03	-1.207111e+01
3.049000e-05	2.010604e-02	-1.216684e+01
3.050000e-05	2.808192e-02	-1.227900e+01
3.051000e-05	2.098626e-02	-1.230271e+01
3.052000e-05	4.335583e-03	-1.237537e+01
3.053000e-05	7.325809e-03	-1.249206e+01
3.054000e-05	2.449977e-02	-1.254529e+01
3.055000e-05	2.844407e-02	-1.263890e+01
3.056000e-05	1.454310e-02	-1.270011e+01
3.057000e-05	7.844986e-03	-1.273172e+01
3.058000e-05	1.767184e-02	-1.281682e+01
3.059000e-05	3.244778e-02	-1.283900e+01
3.060000e-05	2.602124e-02	-1.288166e+01
3.061000e-05	1.591891e-02	-1.291469e+01
3.062000e-05	1.488139e-02	-1.295631e+01
3.063000e-05	2.878760e-02	-1.299587e+01
3.064000e-05	3.427416e-02	-1.300935e+01
3.065000e-05	2.350868e-02	-1.302752e+01
3.066000e-05	1.882245e-02	-1.300848e+01
3.067000e-05	2.368404e-02	-1.303798e+01
3.068000e-05	3.831785e-02	-1.303900e+01
3.069000e-05	3.724465e-02	-1.304903e+01
3.070000e-05	2.887834e-02	-1.301903e+01
3.071000e-05	2.668819e-02	-1.302842e+01
3.072000e-05	3.687165e-02	-1.300943e+01
3.073000e-05	4.330603e-02	-1.300839e+01
3.074000e-05	3.670861e-02	-1.299784e+01
3.075000e-05	3.104006e-02	-1.293775e+01
3.076000e-05	3.606612e-02	-1.291427e+01
3.077000e-05	4.634499e-02	-1.290008e+01
3.078000e-05	4.744883e-02	-1.282098e+01
3.079000e-05	3.824910e-02	-1.282642e+01
3.080000e-05	3.495057e-02	-1.276630e+01
3.081000e-05	4.103229e-02	-1.273158e+01
3.082000e-05	4.491161e-02	-1.266995e+01
3.083000e-05	4.036703e-02	-1.257587e+01
3.084000e-05	3.182147e-02	-1.248418e+01
3.085000e-05	3.144647e-02	-1.243748e+01
3.086000e-05	3.684034e-02	-1.236326e+01
3.087000e-05	3.590651e-02	-1.230053e+01
3.088000e-05	2.789619e-02	-1.218837e+01
3.089000e-05	2.223813e-02	-1.208263e+01
3.090000e-05	2.518870e-02	-1.201890e+01
3.091000e-05	2.788880e-02	-1.193454e+01
3.092000e-05	2.412237e-02	-1.175634e+01
3.093000e-05	1.615832e-02	-1.168958e+01
3.094000e-05	1.462066e-02	-1.153426e+01
3.095000e-05	1.962887e-02	-1.140733e+01
3.096000e-05	2.050832e-02	-1.128097e+01
3.097000e-05	1.456484e-02	-1.112276e+01
3.098000e-05	9.429602e-03	-1.095679e+01
3.099000e-05	1.179363e-02	-1.088308e+01
3.100000e-05	1.608878e-02	-1.077581e+01
3.101000e-05	1.424431e-02	-1.065146e+01
3.102000e-05	7.914870e-03	-1.050116e+01
3.103000e-05	5.029635e-03	-1.035621e+01
3.104000e-05	8.689143e-03	-1.018682e+01
3.105000e-05	1.063061e-02	-1.003895e+01
3.106000e-05	6.683418e-03	-9.882106e+00
3.107000e-05	3.687628e-03	-9.736260e+00
3.108000e-05	4.339859e-03	-9.586322e+00
3.109000e-05	8.875391e-03	-9.356448e+00
3.110000e-05	7.477976e-03	-9.229028e+00
3.111000e-05	3.453770e-03	-9.081057e+00
3.112000e-05	1.193010e-03	-8.872635e+00
3.113000e-05	3.634014e-03	-8.703159e+00
3.114000e-05	4.627861e-03	-8.523135e+00
3.115000e-05	2.758568e-03	-8.314737e+00
3.116000e-05	-2.897947e-04	-8.157242e+00
3.117000e-05	-1.443874e-04	-7.976275e+00
3.118000e-05	3.228223e-03	-7.764838e+00
3.119000e-05	3.899160e-03	-7.555717e+00
3.120000e-05	6.457878e-04	-7.333234e+00
3.121000e-05	-1.224447e-03	-7.134815e+00
3.122000e-05	-7.661588e-04	-6.893110e+00
3.123000e-05	2.948670e-03	-6.703683e+00
3.124000e-05	-1.375568e-04	-6.493637e+00
3.125000e-05	-3.111382e-03	-6.305163e+00
3.126000e-05	-2.885010e-03	-6.061104e+00
3.127000e-05	2.396999e-04	-5.832608e+00
3.128000e-05	8.239310e-04	-5.650578e+00
3.129000e-05	-1.368577e-03	-5.419448e+00
3.130000e-05	-3.839306e-03	-5.186244e+00
3.131000e-05	-1.381773e-03	-4.923705e+00
3.132000e-05	-7.639296e-04	-4.640948e+00
3.133000e-05	-9.720277e-04	-4.451558e+00
3.134000e-05	-3.623526e-03	-4.242582e+00
3.135000e-05	-4.515972e-03	-4.061079e+00
3.136000e-05	-2.807916e-03	-3.829424e+00
3.137000e-05	-3.512440e-03	-3.586320e+00
3.138000e-05	-3.822289e-03	-3.336342e+00
3.139000e-05	-5.588570e-03	-3.145237e+00
3.140000e-05	-3.423116e-03	-2.903458e+00
3.141000e-05	-3.953381e-03	-2.630525e+00
3.142000e-05	-2.220630e-03	-2.388324e+00
3.143000e-05	-5.352760e-03	-2.158244e+00
3.144000e-05	-4.964245e-03	-1.894760e+00
3.145000e-05	-5.237947e-03	-1.692160e+00
3.146000e-05	-4.190318e-03	-1.451928e+00
3.147000e-05	-6.203940e-03	-1.155265e+00
3.148000e-05	-5.935622e-03	-9.046844e-01
3.149000e-05	-6.520726e-03	-7.251307e-01
3.150000e-05	-4.045916e-03	-3.705265e-01
3.151000e-05	-3.429164e-03	-2.289751e-01
3.152000e-05	-1.094549e-03	2.007382e-02
3.153000e-05	3.682235e-03	2.732615e-01
3.154000e-05	-4.596180e-03	4.937617e-01
3.155000e-05	2.111850e-03	7.057158e-01
3.156000e-05	-6.419672e-03	8.668418e-01
3.157000e-05	-1.838053e-03	1.159577e+00
3.158000e-05	-4.706743e-03	1.430604e+00
3.159000e-05	6.164020e-03	1.687266e+00
3.160000e-05	3.450261e-02	1.884687e+00
3.161000e-05	7.303561e-02	2.086292e+00
3.162000e-05	-4.305014e-02	2.359525e+00
3.163000e-05	-4.196337e-02	2.683262e+00
3.164000e-05	-3.780682e-02	2.934863e+00
3.165000e-05	-4.609870e-02	3.155215e+00
3.166000e-05	-6.535155e-02	3.222682e+00
3.167000e-05	1.294756e-01	3.474236e+00
3.168000e-05	-7.744613e-02	3.705839e+00
3.169000e-05	-2.593329e-02	3.904762e+00
3.170000e-05	1.368536e-01	4.118395e+00
3.171000e-05	-9.296083e-02	4.410528e+00
3.172000e-05	5.153636e-02	4.589553e+00
3.173000e-05	-2.479873e-02	4.852860e+00
3.174000e-05	-6.944016e-02	5.184844e+00
3.175000e-05	4.427976e-02	5.377501e+00
3.176000e-05	-2.221336e-02	5.610177e+00
3.177000e-05	1.627188e-02	5.820529e+00
3.178000e-05	-1.650357e-02	6.072183e+00
3.179000e-05	-2.986104e-02	6.272657e+00
3.180000e-05	2.646601e-02	6.462184e+00
3.181000e-05	-2.865781e-02	6.684762e+00
3.182000e-05	2.670666e-02	6.904788e+00
3.183000e-05	-6.020920e-02	7.115791e+00
3.184000e-05	2.336390e-02	7.303940e+00
3.185000e-05	1.326150e-02	7.564397e+00
3.186000e-05	-3.342735e-02	7.756395e+00
3.187000e-05	2.764992e-03	7.968523e+00
3.188000e-05	-4.111034e-02	8.239051e+00
3.189000e-05	1.379805e-02	8.365869e+00
3.190000e-05	-2.032232e-04	8.515316e+00
3.191000e-05	-6.170513e-03	8.701813e+00
3.192000e-05	-1.897461e-02	8.850210e+00
3.193000e-05	-1.633179e-02	9.040033e+00
3.194000e-05	8.240436e-03	9.239982e+00
3.195000e-05	-2.099143e-02	9.439025e+00
3.196000e-05	-1.697039e-02	9.536894e+00
3.197000e-05	-2.570956e-02	9.726741e+00
3.198000e-05	-2.375345e-03	9.890637e+00
3.199000e-05	5.095386e-03	1.005158e+01
3.200000e-05	-1.526405e-02	1.019050e+01
3.201000e-05	-1.920186e-02	1.031326e+01
3.202000e-05	-2.057557e-02	1.047318e+01
3.203000e-05	-4.925308e-03	1.065056e+01
3.204000e-05	-1.393872e-02	1.079685e+01
3.205000e-05	-2.135700e-02	1.092379e+01
3.206000e-05	-2.275935e-02	1.100000e+01
3.207000e-05	-1.004655e-02	1.113379e+01
3.208000e-05	-2.241523e-03	1.126414e+01
3.209000e-05	-1.732134e-02	1.140853e+01
3.210000e-05	-2.581046e-02	1.152377e+01
3.211000e-05	-2.329601e-02	1.167054e+01
3.212000e-05	-1.084795e-02	1.179692e+01
3.213000e-05	-1.400721e-02	1.187211e+01
3.214000e-05	-2.513906e-02	1.197524e+01
3.215000e-05	-2.756384e-02	1.202951e+01
3.216000e-05	-1.924597e-02	1.214539e+01
3.217000e-05	-1.059707e-02	1.225945e+01
3.218000e-05	-2.130809e-02	1.230161e+01
3.219000e-05	-2.784741e-02	1.236645e+01
3.220000e-05	-2.672846e-02	1.246266e+01
3.221000e-05	-1.704883e-02	1.250434e+01
3.222000e-05	-1.943259e-02	1.260792e+01
3.223000e-05	-2.938978e-02	1.263998e+01
3.224000e-05	-3.262736e-02	1.270266e+01
3.225000e-05	-2.739351e-02	1.272371e+01
3.226000e-05	-2.225890e-02	1.277637e+01
3.227000e-05	-2.750207e-02	1.277695e+01
3.228000e-05	-3.470796e-02	1.282211e+01
3.229000e-05	-3.243266e-02	1.288074e+01
3.230000e-05	-2.691761e-02	1.291211e+01
3.231000e-05	-2.712992e-02	1.290427e+01
3.232000e-05	-3.670354e-02	1.295627e+01
3.233000e-05	-4.153697e-02	1.293637e+01
3.234000e-05	-3.772850e-02	1.291684e+01
3.235000e-05	-3.408664e-02	1.297629e+01
3.236000e-05	-3.860327e-02	1.294574e+01
3.237000e-05	-4.329998e-02	1.292476e+01
3.238000e-05	-4.414593e-02	1.293564e+01
3.239000e-05	-3.874057e-02	1.291231e+01
3.240000e-05	-4.128322e-02	1.286421e+01
3.241000e-05	-4.737439e-02	1.282201e+01
3.242000e-05	-5.110924e-02	1.283853e+01
3.243000e-05	-4.917446e-02	1.279745e+01
3.244000e-05	-4.394541e-02	1.274480e+01
3.245000e-05	-4.610595e-02	1.265268e+01
3.246000e-05	-5.100338e-02	1.266003e+01
3.247000e-05	-5.198614e-02	1.259895e+01
3.248000e-05	-4.625597e-02	1.256639e+01
3.249000e-05	-4.249544e-02	1.249324e+01
3.250000e-05	-4.372769e-02	1.243010e+01
3.251000e-05	-4.476042e-02	1.235484e+01
3.252000e-05	-4.225032e-02	1.228205e+01
3.253000e-05	-3.598896e-02	1.218895e+01
3.254000e-05	-3.470686e-02	1.207261e+01
3.255000e-05	-3.662226e-02	1.201795e+01
3.256000e-05	-3.613367e-02	1.192266e+01
3.257000e-05	-3.217957e-02	1.182847e+01
3.258000e-05	-2.729018e-02	1.174426e+01
3.259000e-05	-2.773241e-02	1.161745e+01
3.260000e-05	-2.853096e-02	1.147018e+01
3.261000e-05	-2.767320e-02	1.137481e+01
3.262000e-05	-2.344335e-02	1.120740e+01
3.263000e-05	-2.069275e-02	1.112311e+01
3.264000e-05	-2.174450e-02	1.098689e+01
3.265000e-05	-2.336150e-02	1.086164e+01
3.266000e-05	-2.165850e-02	1.073520e+01
3.267000e-05	-1.813722e-02	1.060737e+01
3.268000e-05	-1.810138e-02	1.045948e+01
3.269000e-05	-1.883812e-02	1.027313e+01
3.270000e-05	-1.925197e-02	1.014679e+01
3.271000e-05	-1.432152e-02	1.000787e+01
3.272000e-05	-1.396362e-02	9.850476e+00
3.273000e-05	-1.431596e-02	9.668478e+00
3.274000e-05	-1.739715e-02	9.482136e+00
3.275000e-05	-1.523152e-02	9.327214e+00
3.276000e-05	-1.368731e-02	9.186874e+00
3.277000e-05	-1.215197e-02	9.009023e+00
3.278000e-05	-1.405498e-02	8.828426e+00
3.279000e-05	-1.440789e-02	8.641504e+00
3.280000e-05	-1.189860e-02	8.461581e+00
3.281000e-05	-9.745171e-03	8.273613e+00
3.282000e-05	-1.183151e-02	8.104110e+00
3.283000e-05	-1.134131e-02	7.863135e+00
3.284000e-05	-1.397473e-02	7.683765e+00
3.285000e-05	-7.083247e-03	7.483584e+00
3.286000e-05	-8.839864e-03	7.271107e+00
3.287000e-05	-8.761857e-03	7.051081e+00
3.288000e-05	-1.111447e-02	6.882632e+00
3.289000e-05	-1.090001e-02	6.651133e+00
3.290000e-05	-8.960007e-03	6.429105e+00
3.291000e-05	-9.650391e-03	6.231001e+00
3.292000e-05	-1.122150e-02	6.051005e+00
3.293000e-05	-8.669159e-03	5.841079e+00
3.294000e-05	-6.834168e-03	5.588574e+00
3.295000e-05	-3.669670e-03	5.359445e+00
3.296000e-05	-7.771576e-03	5.116815e+00
3.297000e-05	-9.063750e-03	4.832134e+00
3.298000e-05	-1.098016e-02	4.640478e+00
3.299000e-05	-7.685778e-03	4.449979e+00
3.300000e-05	-7.730791e-03	4.169400e+00
3.301000e-05	-8.635771e-03	3.945320e+00
3.302000e-05	-6.111514e-03	3.714786e+00
3.303000e-05	-2.970785e-03	3.544736e+00
3.304000e-05	-3.426664e-03	3.250132e+00
3.305000e-05	-6.583335e-03	3.031603e+00
3.306000e-05	-9.509821e-03	2.820028e+00
3.307000e-05	-8.266437e-03	2.586372e+00
3.308000e-05	-7.767313e-03	2.304763e+00
3.309000e-05	-6.927077e-03	2.075684e+00
3.310000e-05	-6.891777e-03	1.914133e+00
3.311000e-05	-5.217869e-03	1.622079e+00
3.312000e-05	-3.194342e-03	1.356874e+00
3.313000e-05	-3.145023e-03	1.115263e+00
3.314000e-05	-5.353065e-03	8.119538e-01
3.315000e-05	-6.690474e-03	5.784988e-01
3.316000e-05	-5.904198e-03	3.674224e-01
3.317000e-05	-4.391222e-03	1.472906e-01
3.318000e-05	-3.156123e-03	-9.533560e-02
3.319000e-05	5.394394e-03	-3.468146e-01
3.320000e-05	-2.961682e-03	-5.384460e-01
3.321000e-05	3.250855e-03	-8.300263e-01
3.322000e-05	-2.358737e-03	-9.994476e-01
3.323000e-05	1.940116e-03	-1.201104e+00
3.324000e-05	-4.029044e-03	-1.496759e+00
3.325000e-05	1.360134e-02	-1.706389e+00
3.326000e-05	8.286568e-02	-1.875286e+00
3.327000e-05	1.671244e-02	-2.180050e+00
3.328000e-05	-5.876797e-02	-2.547048e+00
3.329000e-05	-2.139001e-02	-2.831029e+00
3.330000e-05	-6.898755e-02	-3.082103e+00
3.331000e-05	-4.392334e-02	-3.209026e+00
3.332000e-05	1.629122e-01	-3.305213e+00
3.333000e-05	-1.160169e-01	-3.577394e+00
3.334000e-05	1.928215e-02	-3.811578e+00
3.335000e-05	9.467180e-02	-4.028474e+00
3.336000e-05	-1.364791e-01	-4.282707e+00
3.337000e-05	1.572827e-01	-4.452704e+00
3.338000e-05	-7.778912e-02	-4.723335e+00
3.339000e-05	-1.022072e-01	-5.006945e+00
3.340000e-05	1.103544e-01	-5.125842e+00
3.341000e-05	-7.951870e-02	-5.431128e+00
3.342000e-05	1.221048e-01	-5.685133e+00
3.343000e-05	-4.985610e-02	-5.863609e+00
3.344000e-05	-4.200394e-02	-6.166321e+00
3.345000e-05	1.015148e-01	-6.304838e+00
3.346000e-05	-8.367132e-02	-6.577924e+00
3.347000e-05	8.971822e-02	-6.756844e+00
3.348000e-05	-1.107346e-01	-6.947920e+00
3.349000e-05	5.281674e-02	-7.211125e+00
3.350000e-05	5.568142e-02	-7.396974e+00
3.351000e-05	-5.817014e-02	-7.621078e+00
3.352000e-05	8.076106e-02	-7.850458e+00
3.353000e-05	-1.074997e-01	-8.071081e+00
3.354000e-05	9.021454e-02	-8.250558e+00
3.355000e-05	-7.703488e-03	-8.378947e+00
3.356000e-05	1.199600e-02	-8.619078e+00
3.357000e-05	4.830492e-03	-8.808896e+00
3.358000e-05	-4.486393e-02	-8.977396e+00
3.359000e-05	8.269588e-02	-9.145263e+00
3.360000e-05	-4.484805e-02	-9.255212e+00
3.361000e-05	4.200722e-02	-9.511108e+00
3.362000e-05	-4.797399e-02	-9.660158e+00
3.363000e-05	4.317754e-02	-9.839501e+00
3.364000e-05	2.871640e-02	-9.954290e+00
3.365000e-05	-3.202527e-04	-1.008476e+01
3.366000e-05	8.143948e-03	-1.026211e+01
3.367000e-05	-2.614823e-02	-1.045050e+01
3.368000e-05	4.621776e-02	-1.056792e+01
3.369000e-05	-7.872373e-03	-1.071373e+01
3.370000e-05	2.123841e-02	-1.079148e+01
3.371000e-05	-1.752720e-02	-1.096482e+01
3.372000e-05	2.867046e-02	-1.110317e+01
3.373000e-05	2.590790e-02	-1.125948e+01
3.374000e-05	1.438307e-02	-1.134679e+01
3.375000e-05	-2.014298e-03	-1.147160e+01
3.376000e-05	-3.723837e-03	-1.162792e+01
3.377000e-05	2.642441e-02	-1.174324e+01
3.378000e-05	1.604432e-02	-1.187908e+01
3.379000e-05	1.292720e-02	-1.198577e+01
3.380000e-05	-3.338367e-03	-1.208213e+01
3.381000e-05	2.034563e-02	-1.219687e+01
3.382000e-05	2.769702e-02	-1.225003e+01
3.383000e-05	2.065947e-02	-1.230171e+01
3.384000e-05	4.812312e-03	-1.237687e+01
3.385000e-05	8.566185e-03	-1.246101e+01
3.386000e-05	2.410673e-02	-1.252429e+01
3.387000e-05	2.690920e-02	-1.262845e+01
3.388000e-05	1.324188e-02	-1.269053e+01
3.389000e-05	7.205497e-03	-1.275326e+01
3.390000e-05	1.781575e-02	-1.277684e+01
3.391000e-05	3.184276e-02	-1.281898e+01
3.392000e-05	2.701187e-02	-1.287015e+01
3.393000e-05	1.682446e-02	-1.289373e+01
3.394000e-05	1.714645e-02	-1.294629e+01
3.395000e-05	2.865858e-02	-1.299682e+01
3.396000e-05	3.284482e-02	-1.300840e+01
3.397000e-05	2.245790e-02	-1.299887e+01
3.398000e-05	1.761131e-02	-1.303943e+01
3.399000e-05	2.453121e-02	-1.303903e+01
3.400000e-05	3.866520e-02	-1.304855e+01
3.401000e-05	3.681394e-02	-1.301947e+01
3.402000e-05	2.915063e-02	-1.301948e+01
3.403000e-05	2.699727e-02	-1.302998e+01
3.404000e-05	3.626773e-02	-1.300800e+01
3.405000e-05	4.258731e-02	-1.299789e+01
3.406000e-05	3.597102e-02	-1.298687e+01
3.407000e-05	3.227002e-02	-1.294629e+01
3.408000e-05	3.600766e-02	-1.295374e+01
3.409000e-05	4.758860e-02	-1.290168e+01
3.410000e-05	4.677831e-02	-1.282995e+01
3.411000e-05	3.912388e-02	-1.283695e+01
3.412000e-05	3.530695e-02	-1.278424e+01
3.413000e-05	4.148212e-02	-1.274211e+01
3.414000e-05	4.535365e-02	-1.261845e+01
3.415000e-05	3.923447e-02	-1.256792e+01
3.416000e-05	3.196843e-02	-1.250221e+01
3.417000e-05	3.045083e-02	-1.245847e+01
3.418000e-05	3.628837e-02	-1.230322e+01
3.419000e-05	3.549813e-02	-1.224113e+01
3.420000e-05	2.773208e-02	-1.220529e+01
3.421000e-05	2.236633e-02	-1.208313e+01
3.422000e-05	2.607887e-02	-1.203937e+01
3.423000e-05	2.880257e-02	-1.190306e+01
3.424000e-05	2.416836e-02	-1.182779e+01
3.425000e-05	1.657063e-02	-1.167005e+01
3.426000e-05	1.525527e-02	-1.154274e+01
3.427000e-05	1.970361e-02	-1.138639e+01
3.428000e-05	1.998382e-02	-1.129293e+01
3.429000e-05	1.473005e-02	-1.112226e+01
3.430000e-05	9.925018e-03	-1.099830e+01
3.431000e-05	1.250027e-02	-1.088160e+01
3.432000e-05	1.566725e-02	-1.078642e+01
3.433000e-05	1.371701e-02	-1.062893e+01
3.434000e-05	7.534665e-03	-1.051208e+01
3.435000e-05	5.856410e-03	-1.038419e+01
3.436000e-05	9.035168e-03	-1.016736e+01
3.437000e-05	1.014105e-02	-1.000752e+01
3.438000e-05	6.931174e-03	-9.882635e+00
3.439000e-05	3.772733e-03	-9.734689e+00
3.440000e-05	4.101937e-03	-9.605323e+00
3.441000e-05	7.995026e-03	-9.408918e+00
3.442000e-05	8.644498e-03	-9.248475e+00
3.443000e-05	3.047114e-03	-9.060529e+00
3.444000e-05	7.887425e-04	-8.911135e+00
3.445000e-05	4.055943e-03	-8.683736e+00
3.446000e-05	5.070790e-03	-8.511662e+00
3.447000e-05	3.089964e-03	-8.325664e+00
3.448000e-05	-1.153812e-03	-8.166790e+00
3.449000e-05	3.306700e-04	-7.976449e+00
3.450000e-05	3.052424e-03	-7.745741e+00
3.451000e-05	3.721809e-03	-7.543213e+00
3.452000e-05	1.952444e-04	-7.325737e+00
3.453000e-05	-1.108579e-03	-7.175764e+00
3.454000e-05	-1.078123e-04	-6.904711e+00
3.455000e-05	1.138453e-03	-6.704158e+00
3.456000e-05	5.056944e-04	-6.484137e+00
3.457000e-05	-3.040587e-03	-6.324086e+00
3.458000e-05	-3.213111e-03	-6.070057e+00
3.459000e-05	-5.533202e-05	-5.891076e+00
3.460000e-05	7.297014e-04	-5.651578e+00
3.461000e-05	-1.362234e-03	-5.458398e+00
3.462000e-05	-2.755191e-03	-5.175765e+00
3.463000e-05	-2.989888e-03	-4.924108e+00
3.464000e-05	-8.477706e-04	-4.650974e+00
3.465000e-05	-3.663016e-03	-4.462131e+00
3.466000e-05	-3.888350e-03	-4.261532e+00
3.467000e-05	-4.714188e-03	-4.040924e+00
3.468000e-05	-1.213931e-03	-3.797899e+00
3.469000e-05	-1.649799e-03	-3.568314e+00
3.470000e-05	-1.746928e-03	-3.326741e+00
3.471000e-05	-5.742556e-03	-3.134213e+00
3.472000e-05	-4.954911e-03	-2.850555e+00
3.473000e-05	-5.854084e-03	-2.659020e+00
3.474000e-05	-3.489717e-03	-2.379474e+00
3.475000e-05	-5.335184e-03	-2.177287e+00
3.476000e-05	-2.950290e-03	-1.925736e+00
3.477000e-05	-2.409833e-03	-1.684137e+00
3.478000e-05	-2.845924e-03	-1.461003e+00
3.479000e-05	-5.962144e-03	-1.135841e+00
3.480000e-05	-8.102607e-03	-8.942880e-01
3.481000e-05	-8.194920e-03	-6.931758e-01
3.482000e-05	-6.659713e-03	-4.215452e-01
3.483000e-05	-4.223916e-03	-2.084539e-01
3.484000e-05	-1.106548e-03	3.065370e-02
3.485000e-05	6.650272e-03	2.732605e-01
3.486000e-05	-1.509884e-03	4.643393e-01
3.487000e-05	3.564586e-03	6.862894e-01
3.488000e-05	-5.945634e-03	9.153182e-01
3.489000e-05	-5.110888e-03	1.157925e+00
3.490000e-05	-6.509774e-03	1.400003e+00
3.491000e-05	3.630815e-03	1.635195e+00
3.492000e-05	3.532774e-02	1.874261e+00
3.493000e-05	7.396640e-02	2.136891e+00
3.494000e-05	-4.139641e-02	2.408506e+00
3.495000e-05	-4.141881e-02	2.663266e+00
3.496000e-05	-3.700808e-02	2.905767e+00
3.497000e-05	-4.587497e-02	3.124288e+00
3.498000e-05	-6.649124e-02	3.251733e+00
3.499000e-05	1.269849e-01	3.422212e+00
3.500000e-05	-7.806607e-02	3.704890e+00
3.501000e-05	-2.620835e-02	3.935237e+00
3.502000e-05	1.370999e-01	4.106396e+00
3.503000e-05	-9.195709e-02	4.411075e+00
3.504000e-05	5.137588e-02	4.608549e+00
3.505000e-05	-2.706496e-02	4.862759e+00
3.506000e-05	-6.912202e-02	5.115395e+00
3.507000e-05	4.550922e-02	5.378499e+00
3.508000e-05	-2.233846e-02	5.599074e+00
3.509000e-05	1.501283e-02	5.790554e+00
3.510000e-05	-1.746289e-02	6.054133e+00
3.511000e-05	-2.912385e-02	6.242710e+00
3.512000e-05	2.734230e-02	6.462134e+00
3.513000e-05	-3.046821e-02	6.684236e+00
3.514000e-05	2.468305e-02	6.894291e+00
3.515000e-05	-5.897269e-02	7.165745e+00
3.516000e-05	2.568062e-02	7.324915e+00
3.517000e-05	1.412052e-02	7.565342e+00
3.518000e-05	-3.401837e-02	7.714945e+00
3.519000e-05	1.470652e-03	8.010475e+00
3.520000e-05	-3.940709e-02	8.236872e+00
3.521000e-05	1.361827e-02	8.375369e+00
3.522000e-05	-1.750025e-03	8.505437e+00
3.523000e-05	-7.520750e-03	8.704663e+00
3.524000e-05	-1.907210e-02	8.843762e+00
3.525000e-05	-1.456803e-02	9.040532e+00
3.526000e-05	8.992586e-03	9.209077e+00
3.527000e-05	-2.028200e-02	9.378495e+00
3.528000e-05	-1.785882e-02	9.566269e+00
3.529000e-05	-2.540933e-02	9.714291e+00
3.530000e-05	-1.529599e-03	9.891686e+00
3.531000e-05	5.047649e-03	1.003016e+01
3.532000e-05	-1.706269e-02	1.017795e+01
3.533000e-05	-1.976957e-02	1.036572e+01
3.534000e-05	-1.928477e-02	1.047181e+01
3.535000e-05	-2.173704e-03	1.064998e+01
3.536000e-05	-1.273211e-02	1.075640e+01
3.537000e-05	-2.245821e-02	1.090426e+01
3.538000e-05	-2.381782e-02	1.102100e+01
3.539000e-05	-9.982512e-03	1.113529e+01
3.540000e-05	-4.264641e-03	1.127418e+01
3.541000e-05	-1.894942e-02	1.139848e+01
3.542000e-05	-2.571096e-02	1.155436e+01
3.543000e-05	-2.163523e-02	1.165005e+01
3.544000e-05	-9.265444e-03	1.178732e+01
3.545000e-05	-1.399524e-02	1.184208e+01
3.546000e-05	-2.549441e-02	1.195589e+01
3.547000e-05	-2.613464e-02	1.204003e+01
3.548000e-05	-1.896512e-02	1.212592e+01
3.549000e-05	-1.089876e-02	1.225748e+01
3.550000e-05	-2.226777e-02	1.232116e+01
3.551000e-05	-2.809975e-02	1.239750e+01
3.552000e-05	-2.628780e-02	1.242158e+01
3.553000e-05	-1.807631e-02	1.253576e+01
3.554000e-05	-1.902880e-02	1.258740e+01
3.555000e-05	-2.921571e-02	1.262855e+01
3.556000e-05	-3.228973e-02	1.267311e+01
3.557000e-05	-2.746296e-02	1.272379e+01
3.558000e-05	-2.239525e-02	1.275694e+01
3.559000e-05	-2.754949e-02	1.278845e+01
3.560000e-05	-3.570774e-02	1.285106e+01
3.561000e-05	-3.334634e-02	1.289308e+01
3.562000e-05	-2.639105e-02	1.292316e+01
3.563000e-05	-2.714824e-02	1.289486e+01
3.564000e-05	-3.581205e-02	1.292529e+01
3.565000e-05	-4.053505e-02	1.293637e+01
3.566000e-05	-3.767264e-02	1.292634e+01
3.567000e-05	-3.336232e-02	1.295477e+01
3.568000e-05	-3.743519e-02	1.300674e+01
3.569000e-05	-4.357003e-02	1.297572e+01
3.570000e-05	-4.629653e-02	1.294421e+01
3.571000e-05	-4.176527e-02	1.289316e+01
3.572000e-05	-4.100504e-02	1.287173e+01
3.573000e-05	-4.630869e-02	1.284203e+01
3.574000e-05	-5.094140e-02	1.281953e+01
3.575000e-05	-4.955467e-02	1.276647e+01
3.576000e-05	-4.429449e-02	1.274479e+01
3.577000e-05	-4.522397e-02	1.269216e+01
3.578000e-05	-5.055458e-02	1.266158e+01
3.579000e-05	-5.169701e-02	1.260843e+01
3.580000e-05	-4.604914e-02	1.254584e+01
3.581000e-05	-4.279744e-02	1.252324e+01
3.582000e-05	-4.519615e-02	1.244101e+01
3.583000e-05	-4.513756e-02	1.236389e+01
3.584000e-05	-4.159431e-02	1.230116e+01
3.585000e-05	-3.583813e-02	1.220932e+01
3.586000e-05	-3.573248e-02	1.209326e+01
3.587000e-05	-3.710641e-02	1.198805e+01
3.588000e-05	-3.643643e-02	1.190376e+01
3.589000e-05	-3.075743e-02	1.181800e+01
3.590000e-05	-2.675766e-02	1.172324e+01
3.591000e-05	-2.987552e-02	1.160750e+01
3.592000e-05	-3.005684e-02	1.148256e+01
3.593000e-05	-2.669704e-02	1.134434e+01
3.594000e-05	-1.986372e-02	1.123897e+01
3.595000e-05	-2.101393e-02	1.109361e+01
3.596000e-05	-2.302712e-02	1.095684e+01
3.597000e-05	-2.306212e-02	1.086111e+01
3.598000e-05	-1.994160e-02	1.071466e+01
3.599000e-05	-1.687898e-02	1.062640e+01
3.600000e-05	-2.000768e-02	1.043045e+01
3.601000e-05	-2.058034e-02	1.027168e+01
3.602000e-05	-1.863886e-02	1.011322e+01
3.603000e-05	-1.389985e-02	1.002850e+01
3.604000e-05	-1.357240e-02	9.819023e+00
3.605000e-05	-1.586137e-02	9.638527e+00
3.606000e-05	-1.615834e-02	9.492106e+00
3.607000e-05	-1.293504e-02	9.294737e+00
3.608000e-05	-1.181092e-02	9.177472e+00
3.609000e-05	-1.234414e-02	8.978443e+00
3.610000e-05	-1.599482e-02	8.788478e+00
3.611000e-05	-1.383660e-02	8.631053e+00
3.612000e-05	-1.032183e-02	8.480556e+00
3.613000e-05	-1.002871e-02	8.314615e+00
3.614000e-05	-1.133566e-02	8.093157e+00
3.615000e-05	-1.296908e-02	7.894211e+00
3.616000e-05	-1.025609e-02	7.673160e+00
3.617000e-05	-9.402582e-03	7.513640e+00
3.618000e-05	-1.068571e-02	7.271707e+00
3.619000e-05	-1.201200e-02	7.081607e+00
3.620000e-05	-1.130151e-02	6.850083e+00
3.621000e-05	-8.557612e-03	6.631630e+00
3.622000e-05	-8.192019e-03	6.400030e+00
3.623000e-05	-9.029298e-03	6.241553e+00
3.624000e-05	-9.927952e-03	6.048554e+00
3.625000e-05	-8.232834e-03	5.820202e+00
3.626000e-05	-7.192135e-03	5.606974e+00
3.627000e-05	-7.788202e-03	5.367921e+00
3.628000e-05	-9.472392e-03	5.115840e+00
3.629000e-05	-8.991689e-03	4.871257e+00
3.630000e-05	-6.231627e-03	4.641531e+00
3.631000e-05	-7.733027e-03	4.389603e+00
3.632000e-05	-8.568482e-03	4.170430e+00
3.633000e-05	-8.380827e-03	3.945788e+00
3.634000e-05	-6.490797e-03	3.684788e+00
3.635000e-05	-5.473010e-03	3.526739e+00
3.636000e-05	-6.878935e-03	3.243584e+00
3.637000e-05	-8.039865e-03	3.031050e+00
3.638000e-05	-6.192464e-03	2.820501e+00
3.639000e-05	-5.042717e-03	2.589347e+00
3.640000e-05	-5.601229e-03	2.304767e+00
3.641000e-05	-6.909473e-03	2.075159e+00
3.642000e-05	-7.420166e-03	1.903767e+00
3.643000e-05	-6.002530e-03	1.631456e+00
3.644000e-05	-4.730901e-03	1.347366e+00
3.645000e-05	-5.360291e-03	1.064790e+00
3.646000e-05	-5.949739e-03	8.110528e-01
3.647000e-05	-4.781281e-03	6.005725e-01
3.648000e-05	-3.724120e-03	3.694699e-01
3.649000e-05	-3.400829e-03	1.347121e-01
3.650000e-05	-3.593204e-03	-1.263144e-01
3.651000e-05	4.024591e-03	-3.168172e-01
3.652000e-05	-3.450627e-03	-5.673932e-01
3.653000e-05	2.658743e-03	-8.204788e-01
3.654000e-05	-3.306531e-03	-1.020525e+00
3.655000e-05	1.372691e-04	-1.253206e+00
3.656000e-05	-3.025868e-03	-1.531707e+00
3.657000e-05	1.640313e-02	-1.695811e+00
3.658000e-05	8.440157e-02	-1.865262e+00
3.659000e-05	1.522324e-02	-2.220494e+00
3.660000e-05	-5.857808e-02	-2.588947e+00
3.661000e-05	-2.003675e-02	-2.819477e+00
3.662000e-05	-6.853098e-02	-3.052655e+00
3.663000e-05	-4.500436e-02	-3.228949e+00
3.664000e-05	1.602127e-01	-3.334784e+00
3.665000e-05	-1.154597e-01	-3.557470e+00
3.666000e-05	1.972724e-02	-3.820101e+00
3.667000e-05	9.479524e-02	-3.989549e+00
3.668000e-05	-1.373549e-01	-4.303231e+00
3.669000e-05	1.567693e-01	-4.433132e+00
3.670000e-05	-7.629356e-02	-4.733285e+00
3.671000e-05	-9.954382e-02	-5.017924e+00
3.672000e-05	1.093476e-01	-5.125870e+00
3.673000e-05	-8.112368e-02	-5.480603e+00
3.674000e-05	1.202189e-01	-5.714159e+00
3.675000e-05	-4.920429e-02	-5.893654e+00
3.676000e-05	-4.328549e-02	-6.146262e+00
3.677000e-05	1.018748e-01	-6.354813e+00
3.678000e-05	-8.400325e-02	-6.558293e+00
3.679000e-05	9.253983e-02	-6.746943e+00
3.680000e-05	-1.080597e-01	-6.955844e+00
3.681000e-05	5.322027e-02	-7.260052e+00
3.682000e-05	5.426335e-02	-7.397895e+00
3.683000e-05	-6.101972e-02	-7.641500e+00
3.684000e-05	7.928992e-02	-7.819482e+00
3.685000e-05	-1.081718e-01	-8.042108e+00
3.686000e-05	8.845838e-02	-8.260478e+00
3.687000e-05	-6.838286e-03	-8.378998e+00
3.688000e-05	1.445777e-02	-8.588530e+00
3.689000e-05	8.505867e-03	-8.787395e+00
3.690000e-05	-4.391173e-02	-8.956844e+00
3.691000e-05	8.125163e-02	-9.153789e+00
3.692000e-05	-4.631613e-02	-9.324688e+00
3.693000e-05	3.925470e-02	-9.490110e+00
3.694000e-05	-4.907064e-02	-9.651129e+00
3.695000e-05	4.222973e-02	-9.828973e+00
3.696000e-05	2.863652e-02	-9.947841e+00
3.697000e-05	9.338389e-06	-1.012632e+01
3.698000e-05	1.042338e-02	-1.030106e+01
3.699000e-05	-2.455257e-02	-1.046153e+01
3.700000e-05	4.646782e-02	-1.055893e+01
3.701000e-05	-7.631260e-03	-1.073231e+01
3.702000e-05	1.951762e-02	-1.080950e+01
3.703000e-05	-1.869781e-02	-1.094842e+01
3.704000e-05	2.739689e-02	-1.110061e+01
3.705000e-05	2.482898e-02	-1.124850e+01
3.706000e-05	1.390848e-02	-1.137582e+01
3.707000e-05	-1.450560e-04	-1.149306e+01
3.708000e-05	-1.878789e-03	-1.162793e+01
3.709000e-05	2.745312e-02	-1.174429e+01
3.710000e-05	1.493000e-02	-1.186165e+01
3.711000e-05	1.232611e-02	-1.196484e+01
3.712000e-05	-3.788487e-03	-1.209066e+01
3.713000e-05	1.971774e-02	-1.219684e+01
3.714000e-05	2.688634e-02	-1.226093e+01
3.715000e-05	2.016199e-02	-1.232371e+01
3.716000e-05	6.146420e-03	-1.240737e+01
3.717000e-05	9.306804e-03	-1.246063e+01
3.718000e-05	2.503667e-02	-1.254472e+01
3.719000e-05	2.778159e-02	-1.260792e+01
3.720000e-05	1.259149e-02	-1.270106e+01
3.721000e-05	7.731957e-03	-1.272121e+01
3.722000e-05	1.657751e-02	-1.280627e+01
3.723000e-05	3.144042e-02	-1.284940e+01
3.724000e-05	2.606111e-02	-1.288218e+01
3.725000e-05	1.558501e-02	-1.293421e+01
3.726000e-05	1.724819e-02	-1.296481e+01
3.727000e-05	2.970285e-02	-1.297732e+01
3.728000e-05	3.458723e-02	-1.299845e+01
3.729000e-05	2.259911e-02	-1.302790e+01
3.730000e-05	1.774923e-02	-1.303050e+01
3.731000e-05	2.316456e-02	-1.302950e+01
3.732000e-05	3.749371e-02	-1.304948e+01
3.733000e-05	3.546797e-02	-1.307000e+01
3.734000e-05	2.787253e-02	-1.304845e+01
3.735000e-05	2.924247e-02	-1.303893e+01
3.736000e-05	3.906479e-02	-1.302850e+01
3.737000e-05	4.430337e-02	-1.301740e+01
3.738000e-05	3.614183e-02	-1.299629e+01
3.739000e-05	3.036433e-02	-1.299777e+01
3.740000e-05	3.464634e-02	-1.291429e+01
3.741000e-05	4.567009e-02	-1.286111e+01
3.742000e-05	4.510172e-02	-1.283898e+01
3.743000e-05	3.897818e-02	-1.282840e+01
3.744000e-05	3.598693e-02	-1.279439e+01
3.745000e-05	4.282680e-02	-1.272263e+01
3.746000e-05	4.713908e-02	-1.264847e+01
3.747000e-05	4.007069e-02	-1.259635e+01
3.748000e-05	3.116123e-02	-1.250316e+01
3.749000e-05	3.105957e-02	-1.243645e+01
3.750000e-05	3.571467e-02	-1.235524e+01
3.751000e-05	3.529683e-02	-1.226103e+01
3.752000e-05	2.810208e-02	-1.219792e+01
3.753000e-05	2.264002e-02	-1.211211e+01
3.754000e-05	2.709099e-02	-1.203848e+01
3.755000e-05	2.829052e-02	-1.190206e+01
3.756000e-05	2.397419e-02	-1.179739e+01
3.757000e-05	1.555387e-02	-1.164105e+01
3.758000e-05	1.451577e-02	-1.158274e+01
3.759000e-05	2.038005e-02	-1.141834e+01
3.760000e-05	1.883775e-02	-1.127300e+01
3.761000e-05	1.654105e-02	-1.113219e+01
3.762000e-05	1.149020e-02	-1.100887e+01
3.763000e-05	1.213012e-02	-1.088200e+01
3.764000e-05	1.637641e-02	-1.078577e+01
3.765000e-05	1.001114e-02	-1.067058e+01
3.766000e-05	6.679407e-03	-1.052361e+01
3.767000e-05	3.625949e-03	-1.035574e+01
3.768000e-05	1.112934e-02	-1.018584e+01
3.769000e-05	1.213312e-02	-1.002798e+01
3.770000e-05	9.064813e-03	-9.883056e+00
3.771000e-05	3.472830e-03	-9.735736e+00
3.772000e-05	4.410856e-03	-9.557323e+00
3.773000e-05	7.795760e-03	-9.438371e+00
3.774000e-05	5.767573e-03	-9.238500e+00
3.775000e-05	9.990573e-04	-9.091536e+00
3.776000e-05	4.033682e-04	-8.913183e+00
3.777000e-05	5.539357e-03	-8.774686e+00
3.778000e-05	8.292870e-03	-8.523258e+00
3.779000e-05	4.312736e-03	-8.334740e+00
3.780000e-05	-1.499335e-03	-8.155262e+00
3.781000e-05	-2.735625e-05	-8.006394e+00
3.782000e-05	2.005417e-03	-7.754713e+00
3.783000e-05	2.536716e-03	-7.564690e+00
3.784000e-05	-1.806312e-03	-7.275185e+00
3.785000e-05	-2.363610e-03	-7.165244e+00
3.786000e-05	1.171958e-03	-6.944159e+00
3.787000e-05	3.690494e-03	-6.673156e+00
3.788000e-05	2.056256e-03	-6.533682e+00
3.789000e-05	-2.752367e-03	-6.313661e+00
3.790000e-05	-2.203188e-03	-6.071130e+00
3.791000e-05	-1.380403e-03	-5.883577e+00
3.792000e-05	4.470047e-04	-5.650557e+00
3.793000e-05	-3.848161e-03	-5.439947e+00
3.794000e-05	-4.579430e-03	-5.155839e+00
3.795000e-05	-2.274993e-03	-4.903581e+00
3.796000e-05	2.966476e-04	-4.659500e+00
3.797000e-05	-6.240594e-04	-4.472080e+00
3.798000e-05	-3.409307e-03	-4.271055e+00
3.799000e-05	-4.110770e-03	-4.090054e+00
3.800000e-05	-2.081215e-03	-3.777971e+00
3.801000e-05	-3.163642e-03	-3.546844e+00
3.802000e-05	-4.559808e-03	-3.336289e+00
3.803000e-05	-7.631756e-03	-3.093813e+00
3.804000e-05	-4.514295e-03	-2.852479e+00
3.805000e-05	-3.412154e-03	-2.651550e+00
3.806000e-05	-1.124287e-03	-2.377448e+00
3.807000e-05	-4.648046e-03	-2.126790e+00
3.808000e-05	-3.221450e-03	-1.916236e+00
3.809000e-05	-4.196468e-03	-1.684661e+00
3.810000e-05	-4.120379e-03	-1.482549e+00
3.811000e-05	-6.696311e-03	-1.155340e+00
3.812000e-05	-7.366717e-03	-9.247372e-01
3.813000e-05	-7.101939e-03	-6.937818e-01
3.814000e-05	-4.154539e-03	-4.300002e-01
3.815000e-05	-3.007750e-03	-1.984727e-01
3.816000e-05	-6.838611e-04	1.579875e-03
3.817000e-05	5.172945e-03	2.437117e-01
3.818000e-05	-4.064082e-03	4.953129e-01
3.819000e-05	2.202934e-03	7.063618e-01
3.820000e-05	-6.104085e-03	8.953006e-01
3.821000e-05	-3.044409e-03	1.198054e+00
3.822000e-05	-4.769971e-03	1.462101e+00
3.823000e-05	5.168150e-03	1.664266e+00
3.824000e-05	3.539990e-02	1.873784e+00
3.825000e-05	7.220365e-02	2.106391e+00
3.826000e-05	-4.280345e-02	2.400554e+00
3.827000e-05	-4.212788e-02	2.714736e+00
3.828000e-05	-3.693338e-02	2.906792e+00
3.829000e-05	-4.590101e-02	3.075816e+00
3.830000e-05	-6.519936e-02	3.221183e+00
3.831000e-05	1.282259e-01	3.503760e+00
3.832000e-05	-7.751393e-02	3.736339e+00
3.833000e-05	-2.710716e-02	3.905242e+00
3.834000e-05	1.363220e-01	4.167351e+00
3.835000e-05	-9.334797e-02	4.439004e+00
3.836000e-05	5.005983e-02	4.570571e+00
3.837000e-05	-2.606272e-02	4.871707e+00
3.838000e-05	-6.841365e-02	5.166690e+00
3.839000e-05	4.641866e-02	5.377949e+00
3.840000e-05	-2.168263e-02	5.600030e+00
3.841000e-05	1.532179e-02	5.840558e+00
3.842000e-05	-1.722100e-02	6.042232e+00
3.843000e-05	-2.893064e-02	6.272662e+00
3.844000e-05	2.645476e-02	6.422708e+00
3.845000e-05	-3.047288e-02	6.673235e+00
3.846000e-05	2.551145e-02	6.905338e+00
3.847000e-05	-5.871590e-02	7.114321e+00
3.848000e-05	2.494418e-02	7.285837e+00
3.849000e-05	1.300315e-02	7.565266e+00
3.850000e-05	-3.387317e-02	7.745968e+00
3.851000e-05	2.539680e-03	7.996551e+00
3.852000e-05	-3.946807e-02	8.187473e+00
3.853000e-05	1.350868e-02	8.347393e+00
3.854000e-05	-2.132158e-03	8.525767e+00
3.855000e-05	-7.257767e-03	8.664687e+00
3.856000e-05	-1.938924e-02	8.821557e+00
3.857000e-05	-1.542172e-02	9.051630e+00
3.858000e-05	8.126876e-03	9.220001e+00
3.859000e-05	-2.036508e-02	9.397504e+00
3.860000e-05	-1.679661e-02	9.535792e+00
3.861000e-05	-2.462599e-02	9.725294e+00
3.862000e-05	-1.464690e-03	9.922262e+00
3.863000e-05	3.841264e-03	1.001306e+01
3.864000e-05	-1.656204e-02	1.017700e+01
3.865000e-05	-2.040165e-02	1.032379e+01
3.866000e-05	-1.994803e-02	1.047221e+01
3.867000e-05	-3.750108e-03	1.064905e+01
3.868000e-05	-1.344060e-02	1.075787e+01
3.869000e-05	-2.045883e-02	1.091379e+01
3.870000e-05	-2.237490e-02	1.102953e+01
3.871000e-05	-9.983997e-03	1.112392e+01
3.872000e-05	-3.981962e-03	1.129324e+01
3.873000e-05	-1.873455e-02	1.140800e+01
3.874000e-05	-2.608324e-02	1.153224e+01
3.875000e-05	-2.255164e-02	1.166266e+01
3.876000e-05	-1.111935e-02	1.177630e+01
3.877000e-05	-1.468482e-02	1.187211e+01
3.878000e-05	-2.478162e-02	1.197529e+01
3.879000e-05	-2.589446e-02	1.207003e+01
3.880000e-05	-1.791160e-02	1.213679e+01
3.881000e-05	-1.138398e-02	1.221855e+01
3.882000e-05	-2.143717e-02	1.231074e+01
3.883000e-05	-2.828716e-02	1.242590e+01
3.884000e-05	-2.699485e-02	1.246061e+01
3.885000e-05	-1.814954e-02	1.248484e+01
3.886000e-05	-1.939461e-02	1.257642e+01
3.887000e-05	-2.922130e-02	1.264998e+01
3.888000e-05	-3.185066e-02	1.271113e+01
3.889000e-05	-2.704223e-02	1.271276e+01
3.890000e-05	-2.208075e-02	1.277539e+01
3.891000e-05	-2.707275e-02	1.280797e+01
3.892000e-05	-3.382647e-02	1.283058e+01
3.893000e-05	-3.425130e-02	1.287066e+01
3.894000e-05	-2.827743e-02	1.289223e+01
3.895000e-05	-2.878041e-02	1.290379e+01
3.896000e-05	-3.602843e-02	1.293624e+01
3.897000e-05	-4.074474e-02	1.295627e+01
3.898000e-05	-3.841864e-02	1.293580e+01
3.899000e-05	-3.281158e-02	1.293687e+01
3.900000e-05	-3.811469e-02	1.292624e+01
3.901000e-05	-4.152760e-02	1.296484e+01
3.902000e-05	-4.625674e-02	1.291382e+01
3.903000e-05	-3.838252e-02	1.290324e+01
3.904000e-05	-4.167131e-02	1.286211e+01
3.905000e-05	-4.608964e-02	1.285003e+01
3.906000e-05	-5.115295e-02	1.281851e+01
3.907000e-05	-5.074645e-02	1.277684e+01
3.908000e-05	-4.471837e-02	1.275474e+01
3.909000e-05	-4.745569e-02	1.267216e+01
3.910000e-05	-5.119904e-02	1.267108e+01
3.911000e-05	-5.212636e-02	1.260745e+01
3.912000e-05	-4.461365e-02	1.255432e+01
3.913000e-05	-4.021664e-02	1.251264e+01
3.914000e-05	-4.345763e-02	1.242955e+01
3.915000e-05	-4.564728e-02	1.237482e+01
3.916000e-05	-4.515902e-02	1.228203e+01
3.917000e-05	-3.740926e-02	1.219847e+01
3.918000e-05	-3.573393e-02	1.209219e+01
3.919000e-05	-3.668256e-02	1.201950e+01
3.920000e-05	-3.473691e-02	1.191264e+01
3.921000e-05	-2.895625e-02	1.176900e+01
3.922000e-05	-2.457278e-02	1.172422e+01
3.923000e-05	-2.772509e-02	1.159797e+01
3.924000e-05	-3.014156e-02	1.146263e+01
3.925000e-05	-3.001808e-02	1.135476e+01
3.926000e-05	-2.413052e-02	1.119935e+01
3.927000e-05	-2.164706e-02	1.110164e+01
3.928000e-05	-2.268146e-02	1.099637e+01
3.929000e-05	-2.206935e-02	1.086111e+01
3.930000e-05	-1.939520e-02	1.072429e+01
3.931000e-05	-1.477782e-02	1.058739e+01
3.932000e-05	-1.696145e-02	1.044900e+01
3.933000e-05	-1.899482e-02	1.026211e+01
3.934000e-05	-2.065514e-02	1.012434e+01
3.935000e-05	-1.624786e-02	9.997399e+00
3.936000e-05	-1.483308e-02	9.840002e+00
3.937000e-05	-1.511732e-02	9.660956e+00
3.938000e-05	-1.717593e-02	9.482106e+00
3.939000e-05	-1.378358e-02	9.335740e+00
3.940000e-05	-1.102658e-02	9.168374e+00
3.941000e-05	-1.115199e-02	8.968923e+00
3.942000e-05	-1.378892e-02	8.798895e+00
3.943000e-05	-1.437367e-02	8.659506e+00
3.944000e-05	-1.289151e-02	8.460633e+00
3.945000e-05	-1.058235e-02	8.293135e+00
3.946000e-05	-1.186967e-02	8.102182e+00
3.947000e-05	-1.279631e-02	7.924157e+00
3.948000e-05	-1.142659e-02	7.683187e+00
3.949000e-05	-8.106539e-03	7.473136e+00
3.950000e-05	-7.815350e-03	7.241033e+00
3.951000e-05	-9.842050e-03	7.053182e+00
3.952000e-05	-1.114539e-02	6.872607e+00
3.953000e-05	-1.002276e-02	6.673508e+00
3.954000e-05	-8.352088e-03	6.450581e+00
3.955000e-05	-1.025218e-02	6.230603e+00
3.956000e-05	-1.102947e-02	6.061083e+00
3.957000e-05	-9.926860e-03	5.790528e+00
3.958000e-05	-7.023898e-03	5.566901e+00
3.959000e-05	-6.290095e-03	5.388423e+00
3.960000e-05	-7.551050e-03	5.096239e+00
3.961000e-05	-8.435392e-03	4.800132e+00
3.962000e-05	-7.798461e-03	4.651553e+00
3.963000e-05	-7.139055e-03	4.450555e+00
3.964000e-05	-8.193389e-03	4.168850e+00
3.965000e-05	-8.850041e-03	3.924792e+00
3.966000e-05	-8.483249e-03	3.724216e+00
3.967000e-05	-6.306978e-03	3.504816e+00
3.968000e-05	-6.092549e-03	3.243108e+00
3.969000e-05	-6.336930e-03	3.039554e+00
3.970000e-05	-6.501322e-03	2.819527e+00
3.971000e-05	-6.619494e-03	2.567871e+00
3.972000e-05	-5.484511e-03	2.285764e+00
3.973000e-05	-6.450400e-03	2.084687e+00
3.974000e-05	-7.284713e-03	1.842211e+00
3.975000e-05	-6.684440e-03	1.620504e+00
3.976000e-05	-5.858811e-03	1.350370e+00
3.977000e-05	-4.873185e-03	1.116215e+00
3.978000e-05	-5.193897e-03	8.110291e-01
3.979000e-05	-4.985114e-03	5.584476e-01
3.980000e-05	-4.091790e-03	3.794000e-01
3.981000e-05	-2.928740e-03	1.046932e-01
3.982000e-05	-2.286086e-03	-1.057370e-01
3.983000e-05	5.188607e-03	-3.263145e-01
3.984000e-05	-4.614314e-03	-5.773697e-01
3.985000e-05	1.045885e-03	-8.300238e-01
3.986000e-05	-3.405718e-03	-9.710263e-01
3.987000e-05	8.975450e-04	-1.241658e+00
3.988000e-05	-4.492907e-03	-1.484709e+00
3.989000e-05	1.579223e-02	-1.704212e+00
3.990000e-05	8.264675e-02	-1.895307e+00
3.991000e-05	1.830809e-02	-2.170575e+00
3.992000e-05	-5.982487e-02	-2.548995e+00
3.993000e-05	-1.884748e-02	-2.831577e+00
3.994000e-05	-7.074958e-02	-3.092133e+00
3.995000e-05	-4.262557e-02	-3.199526e+00
3.996000e-05	1.609538e-01	-3.305262e+00
3.997000e-05	-1.150723e-01	-3.558420e+00
3.998000e-05	1.693690e-02	-3.871123e+00
3.999000e-05	9.352918e-02	-4.020000e+00
4.000000e-05	-1.363552e-01	-4.272658e+00
4.001000e-05	1.596252e-01	-4.452636e+00
4.002000e-05	-7.609876e-02	-4.703713e+00
4.003000e-05	-9.873141e-02	-4.987470e+00
4.004000e-05	1.108608e-01	-5.137345e+00
4.005000e-05	-7.878745e-02	-5.491632e+00
4.006000e-05	1.169705e-01	-5.672711e+00
4.007000e-05	-5.239277e-02	-5.902134e+00
4.008000e-05	-4.497051e-02	-6.155865e+00
4.009000e-05	1.025026e-01	-6.354763e+00
4.010000e-05	-8.080032e-02	-6.565893e+00
4.011000e-05	9.342547e-02	-6.787837e+00
4.012000e-05	-1.060095e-01	-6.946849e+00
4.013000e-05	5.414467e-02	-7.211156e+00
4.014000e-05	5.442582e-02	-7.418499e+00
4.015000e-05	-6.168863e-02	-7.650629e+00
4.016000e-05	7.644751e-02	-7.840029e+00
4.017000e-05	-1.098396e-01	-8.062604e+00
4.018000e-05	8.909148e-02	-8.250603e+00
4.019000e-05	-5.781089e-03	-8.388923e+00
4.020000e-05	1.530435e-02	-8.629523e+00
4.021000e-05	8.456786e-03	-8.816471e+00
4.022000e-05	-4.298633e-02	-8.986895e+00
4.023000e-05	8.265155e-02	-9.185715e+00
4.024000e-05	-4.626692e-02	-9.334262e+00
4.025000e-05	3.809461e-02	-9.511615e+00
4.026000e-05	-5.010927e-02	-9.630107e+00
4.027000e-05	4.230237e-02	-9.809523e+00
4.028000e-05	2.902592e-02	-9.966291e+00
4.029000e-05	8.755747e-04	-1.010528e+01
4.030000e-05	1.040482e-02	-1.023011e+01
4.031000e-05	-2.418949e-02	-1.045010e+01
4.032000e-05	4.688826e-02	-1.057695e+01
4.033000e-05	-7.574920e-03	-1.075271e+01
4.034000e-05	1.855975e-02	-1.082850e+01
4.035000e-05	-1.947436e-02	-1.097632e+01
4.036000e-05	2.691041e-02	-1.107323e+01
4.037000e-05	2.470694e-02	-1.124750e+01
4.038000e-05	1.396179e-02	-1.138729e+01
4.039000e-05	-5.491195e-04	-1.146103e+01
4.040000e-05	-9.562428e-04	-1.162740e+01
4.041000e-05	2.780802e-02	-1.178527e+01
4.042000e-05	1.599231e-02	-1.187991e+01
4.043000e-05	1.226632e-02	-1.195626e+01
4.044000e-05	-4.983518e-03	-1.208156e+01
4.045000e-05	1.966561e-02	-1.217579e+01
4.046000e-05	2.591666e-02	-1.220850e+01
4.047000e-05	2.021806e-02	-1.231319e+01
4.048000e-05	4.319011e-03	-1.235637e+01
4.049000e-05	9.456390e-03	-1.249061e+01
4.050000e-05	2.528252e-02	-1.253425e+01
4.051000e-05	2.881485e-02	-1.263797e+01
4.052000e-05	1.381558e-02	-1.271110e+01
4.053000e-05	8.218333e-03	-1.276317e+01
4.054000e-05	1.798677e-02	-1.282632e+01
4.055000e-05	2.977957e-02	-1.285958e+01
4.056000e-05	2.455565e-02	-1.290101e+01
4.057000e-05	1.557378e-02	-1.293469e+01
4.058000e-05	1.691863e-02	-1.295484e+01
4.059000e-05	3.010592e-02	-1.294584e+01
4.060000e-05	3.453815e-02	-1.299842e+01
4.061000e-05	2.375475e-02	-1.302895e+01
4.062000e-05	1.920482e-02	-1.302948e+01
4.063000e-05	2.424329e-02	-1.302950e+01
4.064000e-05	3.674018e-02	-1.302948e+01
4.065000e-05	3.555246e-02	-1.307000e+01
4.066000e-05	2.765952e-02	-1.304000e+01
4.067000e-05	2.752197e-02	-1.303850e+01
4.068000e-05	3.783734e-02	-1.304045e+01
4.069000e-05	4.337684e-02	-1.301643e+01
4.070000e-05	3.691868e-02	-1.299642e+01
4.071000e-05	3.237422e-02	-1.295536e+01
4.072000e-05	3.761634e-02	-1.294379e+01
4.073000e-05	4.694134e-02	-1.291266e+01
4.074000e-05	4.556275e-02	-1.288008e+01
4.075000e-05	3.809324e-02	-1.283739e+01
4.076000e-05	3.494059e-02	-1.278479e+01
4.077000e-05	4.119571e-02	-1.273164e+01
4.078000e-05	4.557936e-02	-1.266040e+01
4.079000e-05	3.941247e-02	-1.258835e+01
4.080000e-05	3.334856e-02	-1.253169e+01
4.081000e-05	3.231006e-02	-1.243792e+01
4.082000e-05	3.838266e-02	-1.235386e+01
4.083000e-05	3.509267e-02	-1.225000e+01
4.084000e-05	2.689200e-02	-1.219685e+01
4.085000e-05	2.208100e-02	-1.208274e+01
4.086000e-05	2.570992e-02	-1.204687e+01
4.087000e-05	2.770149e-02	-1.190268e+01
4.088000e-05	2.395227e-02	-1.177634e+01
4.089000e-05	1.672669e-02	-1.172010e+01
4.090000e-05	1.584899e-02	-1.152316e+01
4.091000e-05	2.072959e-02	-1.143787e+01
4.092000e-05	2.035389e-02	-1.128953e+01
4.093000e-05	1.442864e-02	-1.111419e+01
4.094000e-05	9.095096e-03	-1.098687e+01
4.095000e-05	1.212270e-02	-1.088211e+01
4.096000e-05	1.517633e-02	-1.076529e+01
4.097000e-05	1.267626e-02	-1.065943e+01
4.098000e-05	6.362794e-03	-1.052368e+01
4.099000e-05	6.348852e-03	-1.035571e+01
4.100000e-05	9.780341e-03	-1.019627e+01
4.101000e-05	1.102482e-02	-1.000798e+01
4.102000e-05	7.211305e-03	-9.873102e+00
4.103000e-05	3.032105e-03	-9.714763e+00
4.104000e-05	4.387175e-03	-9.605369e+00
4.105000e-05	7.682800e-03	-9.419398e+00
4.106000e-05	6.907082e-03	-9.238501e+00
4.107000e-05	2.932061e-03	-9.082603e+00
4.108000e-05	1.192296e-03	-8.933182e+00
4.109000e-05	3.474937e-03	-8.714166e+00
4.110000e-05	5.273149e-03	-8.502238e+00
4.111000e-05	2.316781e-03	-8.344686e+00
4.112000e-05	1.703302e-04	-8.175267e+00
4.113000e-05	6.383777e-04	-7.986772e+00
4.114000e-05	3.455171e-03	-7.755765e+00
4.115000e-05	3.443195e-03	-7.545237e+00
4.116000e-05	6.259373e-04	-7.314738e+00
4.117000e-05	-2.251588e-03	-7.146291e+00
4.118000e-05	-3.843876e-04	-6.923633e+00
4.119000e-05	1.895590e-03	-6.713684e+00
4.120000e-05	1.519408e-03	-6.533211e+00
4.121000e-05	-1.590690e-03	-6.313586e+00
4.122000e-05	-2.230445e-03	-6.081130e+00
4.123000e-05	3.754731e-04	-5.850054e+00
4.124000e-05	6.609020e-04	-5.651029e+00
4.125000e-05	-1.772154e-03	-5.410406e+00
4.126000e-05	-5.756223e-03	-5.125816e+00
4.127000e-05	-2.666402e-03	-4.882586e+00
4.128000e-05	-1.434618e-03	-4.660958e+00
4.129000e-05	-1.477280e-03	-4.451580e+00
4.130000e-05	-2.803214e-03	-4.252058e+00
4.131000e-05	-3.920889e-03	-4.050052e+00
4.132000e-05	-2.453716e-03	-3.810873e+00
4.133000e-05	-1.911920e-03	-3.597317e+00
4.134000e-05	-3.379551e-03	-3.316265e+00
4.135000e-05	-6.712691e-03	-3.116215e+00
4.136000e-05	-2.286345e-03	-2.871979e+00
4.137000e-05	-5.292029e-03	-2.650525e+00
4.138000e-05	-3.221491e-04	-2.400550e+00
4.139000e-05	-7.296686e-03	-2.137266e+00
4.140000e-05	-4.609306e-03	-1.914738e+00
4.141000e-05	-5.999888e-03	-1.744708e+00
4.142000e-05	-3.162556e-03	-1.461605e+00
4.143000e-05	-4.771243e-03	-1.136294e+00
4.144000e-05	-4.530347e-03	-9.353095e-01
4.145000e-05	-5.526505e-03	-6.941831e-01
4.146000e-05	-4.904782e-03	-4.404526e-01
4.147000e-05	-4.159836e-03	-2.200238e-01
4.148000e-05	-2.516841e-03	-8.472503e-03
4.149000e-05	3.898739e-03	2.937840e-01
4.150000e-05	-5.004442e-03	4.852617e-01
4.151000e-05	3.286067e-03	6.748119e-01
4.152000e-05	-2.955623e-03	9.283903e-01
4.153000e-05	3.303121e-04	1.178971e+00
4.154000e-05	-4.916512e-03	1.391054e+00
4.155000e-05	3.203557e-03	1.705262e+00
4.156000e-05	3.241414e-02	1.875213e+00
4.157000e-05	7.230786e-02	2.116396e+00
4.158000e-05	-4.280299e-02	2.380503e+00
4.159000e-05	-4.309810e-02	2.685286e+00
4.160000e-05	-3.692898e-02	2.916341e+00
4.161000e-05	-4.527175e-02	3.114312e+00
4.162000e-05	-6.235192e-02	3.242134e+00
4.163000e-05	1.279851e-01	3.493659e+00
4.164000e-05	-7.730510e-02	3.735267e+00
4.165000e-05	-2.803925e-02	3.895262e+00
4.166000e-05	1.364861e-01	4.117921e+00
4.167000e-05	-9.257866e-02	4.411601e+00
4.168000e-05	4.916753e-02	4.599000e+00
4.169000e-05	-2.625900e-02	4.863212e+00
4.170000e-05	-6.862115e-02	5.156292e+00
4.171000e-05	4.644496e-02	5.367974e+00
4.172000e-05	-2.163349e-02	5.609055e+00
4.173000e-05	1.515300e-02	5.820583e+00
4.174000e-05	-1.715868e-02	6.063661e+00
4.175000e-05	-2.861493e-02	6.293234e+00
4.176000e-05	2.512760e-02	6.422700e+00
4.177000e-05	-3.037176e-02	6.693141e+00
4.178000e-05	2.505606e-02	6.914713e+00
4.179000e-05	-5.902362e-02	7.106315e+00
4.180000e-05	2.502531e-02	7.285409e+00
4.181000e-05	1.342309e-02	7.535891e+00
4.182000e-05	-3.351971e-02	7.748445e+00
4.183000e-05	2.754042e-03	7.966448e+00
4.184000e-05	-3.913822e-02	8.189921e+00
4.185000e-05	1.378937e-02	8.356368e+00
4.186000e-05	-1.782600e-03	8.555817e+00
4.187000e-05	-8.054526e-03	8.703163e+00
4.188000e-05	-1.958313e-02	8.862157e+00
4.189000e-05	-1.538823e-02	9.058582e+00
4.190000e-05	7.558929e-03	9.239503e+00
4.191000e-05	-2.086704e-02	9.377453e+00
4.192000e-05	-1.720554e-02	9.524292e+00
4.193000e-05	-2.254868e-02	9.724869e+00
4.194000e-05	-1.167961e-03	9.892136e+00
4.195000e-05	4.626626e-03	1.003066e+01
4.196000e-05	-1.700953e-02	1.018744e+01
4.197000e-05	-1.949150e-02	1.032434e+01
4.198000e-05	-2.073882e-02	1.044221e+01
4.199000e-05	-4.168503e-03	1.064843e+01
4.200000e-05	-1.418560e-02	1.078695e+01
4.201000e-05	-2.046839e-02	1.092414e+01
4.202000e-05	-2.112658e-02	1.102000e+01
4.203000e-05	-9.299207e-03	1.114482e+01
4.204000e-05	-3.805181e-03	1.122311e+01
4.205000e-05	-1.793146e-02	1.140845e+01
4.206000e-05	-2.482575e-02	1.152526e+01
4.207000e-05	-2.253141e-02	1.167166e+01
4.208000e-05	-1.201396e-02	1.177740e+01
4.209000e-05	-1.531390e-02	1.187206e+01
4.210000e-05	-2.406463e-02	1.193532e+01
4.211000e-05	-2.493290e-02	1.203913e+01
4.212000e-05	-1.821376e-02	1.213579e+01
4.213000e-05	-1.060814e-02	1.223945e+01
4.214000e-05	-2.132332e-02	1.230274e+01
4.215000e-05	-2.719368e-02	1.238790e+01
4.216000e-05	-2.644869e-02	1.249115e+01
4.217000e-05	-1.974068e-02	1.253482e+01
4.218000e-05	-2.129553e-02	1.258747e+01
4.219000e-05	-2.997989e-02	1.261958e+01
4.220000e-05	-3.192452e-02	1.268171e+01
4.221000e-05	-2.717675e-02	1.269377e+01
4.222000e-05	-2.180653e-02	1.273592e+01
4.223000e-05	-2.654149e-02	1.276843e+01
4.224000e-05	-3.281300e-02	1.283108e+01
4.225000e-05	-3.372963e-02	1.285316e+01
4.226000e-05	-2.781902e-02	1.290171e+01
4.227000e-05	-2.909809e-02	1.292519e+01
4.228000e-05	-3.661107e-02	1.295532e+01
4.229000e-05	-4.068604e-02	1.296722e+01
4.230000e-05	-3.840983e-02	1.297384e+01
4.231000e-05	-3.387073e-02	1.291632e+01
4.232000e-05	-3.774207e-02	1.294527e+01
4.233000e-05	-4.146671e-02	1.293727e+01
4.234000e-05	-4.449368e-02	1.293372e+01
4.235000e-05	-4.106993e-02	1.292369e+01
4.236000e-05	-4.326834e-02	1.289211e+01
4.237000e-05	-4.615633e-02	1.282065e+01
4.238000e-05	-5.104361e-02	1.282803e+01
4.239000e-05	-5.013465e-02	1.275740e+01
4.240000e-05	-4.627475e-02	1.272471e+01
4.241000e-05	-4.647606e-02	1.269216e+01
4.242000e-05	-4.842627e-02	1.267156e+01
4.243000e-05	-5.055891e-02	1.260744e+01
4.244000e-05	-4.642059e-02	1.252484e+01
4.245000e-05	-4.392651e-02	1.249321e+01
4.246000e-05	-4.339117e-02	1.242805e+01
4.247000e-05	-4.480004e-02	1.237530e+01
4.248000e-05	-4.265833e-02	1.230108e+01
4.249000e-05	-3.823407e-02	1.222898e+01
4.250000e-05	-3.548460e-02	1.209424e+01
4.251000e-05	-3.548611e-02	1.201852e+01
4.252000e-05	-3.481784e-02	1.193314e+01
4.253000e-05	-3.084940e-02	1.180850e+01
4.254000e-05	-2.758850e-02	1.170322e+01
4.255000e-05	-2.711401e-02	1.158743e+01
4.256000e-05	-2.904323e-02	1.145906e+01
4.257000e-05	-2.677041e-02	1.136577e+01
4.258000e-05	-2.387870e-02	1.122743e+01
4.259000e-05	-2.066263e-02	1.106464e+01
4.260000e-05	-2.247531e-02	1.100692e+01
4.261000e-05	-2.195137e-02	1.087213e+01
4.262000e-05	-2.064168e-02	1.074420e+01
4.263000e-05	-1.808755e-02	1.059032e+01
4.264000e-05	-1.830361e-02	1.041945e+01
4.265000e-05	-1.806200e-02	1.026211e+01
4.266000e-05	-1.825165e-02	1.012526e+01
4.267000e-05	-1.539722e-02	1.000692e+01
4.268000e-05	-1.512597e-02	9.810927e+00
4.269000e-05	-1.585225e-02	9.639554e+00
4.270000e-05	-1.618874e-02	9.492109e+00
4.271000e-05	-1.415985e-02	9.314267e+00
4.272000e-05	-1.248213e-02	9.145899e+00
4.273000e-05	-1.178549e-02	8.969417e+00
4.274000e-05	-1.263647e-02	8.846924e+00
4.275000e-05	-1.261804e-02	8.641552e+00
4.276000e-05	-1.178818e-02	8.472106e+00
4.277000e-05	-1.116316e-02	8.294262e+00
4.278000e-05	-1.218188e-02	8.122634e+00
4.279000e-05	-1.293949e-02	7.892707e+00
4.280000e-05	-1.174389e-02	7.703637e+00
4.281000e-05	-1.032143e-02	7.503087e+00
4.282000e-05	-8.824941e-03	7.259656e+00
4.283000e-05	-1.024641e-02	7.091682e+00
4.284000e-05	-9.937575e-03	6.881083e+00
4.285000e-05	-9.077765e-03	6.633113e+00
4.286000e-05	-9.369339e-03	6.448025e+00
4.287000e-05	-9.493974e-03	6.269079e+00
4.288000e-05	-1.021802e-02	6.050054e+00
4.289000e-05	-8.958394e-03	5.830023e+00
4.290000e-05	-8.812971e-03	5.610473e+00
4.291000e-05	-7.325808e-03	5.388320e+00
4.292000e-05	-9.486958e-03	5.126267e+00
4.293000e-05	-7.916899e-03	4.850583e+00
4.294000e-05	-7.584787e-03	4.671079e+00
4.295000e-05	-6.575749e-03	4.450428e+00
4.296000e-05	-6.587680e-03	4.138016e+00
4.297000e-05	-8.731339e-03	3.934742e+00
4.298000e-05	-8.111035e-03	3.705263e+00
4.299000e-05	-7.514525e-03	3.495736e+00
4.300000e-05	-6.089537e-03	3.291584e+00
4.301000e-05	-6.795323e-03	3.062104e+00
4.302000e-05	-6.228639e-03	2.821006e+00
4.303000e-05	-6.389543e-03	2.567347e+00
4.304000e-05	-5.803144e-03	2.294712e+00
4.305000e-05	-6.673273e-03	2.055163e+00
4.306000e-05	-6.345440e-03	1.892634e+00
4.307000e-05	-6.326610e-03	1.670929e+00
4.308000e-05	-5.996782e-03	1.358321e+00
4.309000e-05	-5.146340e-03	1.135236e+00
4.310000e-05	-4.743610e-03	8.015528e-01
4.311000e-05	-5.349124e-03	6.299725e-01
4.312000e-05	-4.106142e-03	3.689725e-01
4.313000e-05	-3.856423e-03	9.426298e-02
4.314000e-05	-2.160990e-03	-1.162895e-01
4.315000e-05	5.128326e-03	-3.473907e-01
4.316000e-05	-3.448927e-03	-5.268461e-01
4.317000e-05	1.443347e-03	-8.315012e-01
4.318000e-05	-2.956291e-03	-9.894751e-01
4.319000e-05	1.310811e-03	-1.240554e+00
4.320000e-05	-2.541945e-03	-1.485836e+00
4.321000e-05	1.473912e-02	-1.695717e+00
4.322000e-05	8.395807e-02	-1.894214e+00
4.323000e-05	1.703063e-02	-2.220103e+00
4.324000e-05	-5.778253e-02	-2.588520e+00
4.325000e-05	-2.131223e-02	-2.840479e+00
4.326000e-05	-7.000949e-02	-3.030580e+00
4.327000e-05	-4.494027e-02	-3.189024e+00
4.328000e-05	1.619263e-01	-3.304734e+00
4.329000e-05	-1.127183e-01	-3.586946e+00
4.330000e-05	1.815760e-02	-3.880133e+00
4.331000e-05	9.470772e-02	-4.018420e+00
4.332000e-05	-1.361032e-01	-4.272607e+00
4.333000e-05	1.573051e-01	-4.473182e+00
4.334000e-05	-7.678126e-02	-4.693663e+00
4.335000e-05	-1.001775e-01	-4.998468e+00
4.336000e-05	1.097876e-01	-5.116365e+00
4.337000e-05	-7.696860e-02	-5.473603e+00
4.338000e-05	1.205926e-01	-5.703186e+00
4.339000e-05	-4.958250e-02	-5.893109e+00
4.340000e-05	-4.541495e-02	-6.145745e+00
4.341000e-05	1.005600e-01	-6.335767e+00
4.342000e-05	-8.285929e-02	-6.566419e+00
4.343000e-05	9.103213e-02	-6.776819e+00
4.344000e-05	-1.073706e-01	-6.957447e+00
4.345000e-05	5.350994e-02	-7.249527e+00
4.346000e-05	5.632224e-02	-7.388396e+00
4.347000e-05	-5.929522e-02	-7.629530e+00
4.348000e-05	7.802562e-02	-7.839508e+00
4.349000e-05	-1.095524e-01	-8.040026e+00
4.350000e-05	8.810660e-02	-8.250503e+00
4.351000e-05	-5.811516e-03	-8.406998e+00
4.352000e-05	1.376019e-02	-8.628928e+00
4.353000e-05	7.054240e-03	-8.807445e+00
4.354000e-05	-4.378020e-02	-8.996892e+00
4.355000e-05	8.192321e-02	-9.135266e+00
4.356000e-05	-4.415674e-02	-9.313287e+00
4.357000e-05	3.882481e-02	-9.472187e+00
4.358000e-05	-4.912396e-02	-9.680608e+00
4.359000e-05	4.193581e-02	-9.807453e+00
4.360000e-05	2.935933e-02	-9.936317e+00
4.361000e-05	3.778577e-04	-1.012582e+01
4.362000e-05	7.664903e-03	-1.030051e+01
4.363000e-05	-2.534684e-02	-1.046008e+01
4.364000e-05	4.635082e-02	-1.059790e+01
4.365000e-05	-7.142586e-03	-1.071316e+01
4.366000e-05	2.046686e-02	-1.086053e+01
4.367000e-05	-1.914255e-02	-1.097687e+01
4.368000e-05	2.876166e-02	-1.110159e+01
4.369000e-05	2.768579e-02	-1.123000e+01
4.370000e-05	1.353150e-02	-1.139489e+01
4.371000e-05	4.536067e-05	-1.145158e+01
4.372000e-05	-6.592150e-03	-1.161798e+01
4.373000e-05	2.708591e-02	-1.177374e+01
4.374000e-05	1.405230e-02	-1.187006e+01
4.375000e-05	1.353105e-02	-1.199629e+01
4.376000e-05	-3.527187e-03	-1.208113e+01
4.377000e-05	2.232527e-02	-1.217579e+01
4.378000e-05	2.922303e-02	-1.221000e+01
4.379000e-05	2.196388e-02	-1.232169e+01
4.380000e-05	4.281422e-03	-1.238687e+01
4.381000e-05	6.694857e-03	-1.244153e+01
4.382000e-05	2.255259e-02	-1.255577e+01
4.383000e-05	2.661745e-02	-1.263897e+01
4.384000e-05	1.378685e-02	-1.267161e+01
4.385000e-05	8.680911e-03	-1.276419e+01
4.386000e-05	2.033634e-02	-1.281534e+01
4.387000e-05	3.281776e-02	-1.281942e+01
4.388000e-05	2.685668e-02	-1.291053e+01
4.389000e-05	1.571965e-02	-1.293313e+01
4.390000e-05	1.436645e-02	-1.293624e+01
4.391000e-05	2.733905e-02	-1.298735e+01
4.392000e-05	3.238488e-02	-1.303782e+01
4.393000e-05	2.335420e-02	-1.298748e+01
4.394000e-05	1.851719e-02	-1.303897e+01
4.395000e-05	2.514045e-02	-1.303898e+01
4.396000e-05	3.851827e-02	-1.305003e+01
4.397000e-05	3.780385e-02	-1.306943e+01
4.398000e-05	2.853583e-02	-1.301850e+01
4.399000e-05	2.729774e-02	-1.302793e+01
4.400000e-05	3.574852e-02	-1.301697e+01
4.401000e-05	4.281574e-02	-1.300792e+01
4.402000e-05	3.588671e-02	-1.301637e+01
4.403000e-05	3.122081e-02	-1.297632e+01
4.404000e-05	3.660070e-02	-1.291521e+01
4.405000e-05	4.673190e-02	-1.288119e+01
4.406000e-05	4.735764e-02	-1.284965e+01
4.407000e-05	3.928369e-02	-1.281792e+01
4.408000e-05	3.359243e-02	-1.277324e+01
4.409000e-05	4.228675e-02	-1.273256e+01
4.410000e-05	4.324789e-02	-1.264892e+01
4.411000e-05	4.133884e-02	-1.258687e+01
4.412000e-05	3.329794e-02	-1.252461e+01
4.413000e-05	3.241713e-02	-1.241850e+01
4.414000e-05	3.841870e-02	-1.232524e+01
4.415000e-05	3.331264e-02	-1.227058e+01
4.416000e-05	2.772364e-02	-1.218739e+01
4.417000e-05	2.038911e-02	-1.208221e+01
4.418000e-05	2.727375e-02	-1.202740e+01
4.419000e-05	2.698021e-02	-1.189153e+01
4.420000e-05	2.504973e-02	-1.177782e+01
4.421000e-05	1.673777e-02	-1.166901e+01
4.422000e-05	1.689403e-02	-1.153324e+01
4.423000e-05	1.995978e-02	-1.141842e+01
4.424000e-05	1.809476e-02	-1.125106e+01
4.425000e-05	1.285581e-02	-1.114469e+01
4.426000e-05	8.757968e-03	-1.101837e+01
4.427000e-05	1.319785e-02	-1.087108e+01
4.428000e-05	1.655334e-02	-1.077482e+01
4.429000e-05	1.413806e-02	-1.064948e+01
4.430000e-05	7.443296e-03	-1.052359e+01
4.431000e-05	7.566249e-03	-1.036575e+01
4.432000e-05	9.285718e-03	-1.020734e+01
4.433000e-05	8.828546e-03	-1.001893e+01
4.434000e-05	4.136857e-03	-9.882629e+00
4.435000e-05	2.862884e-03	-9.715214e+00
4.436000e-05	6.876788e-03	-9.586374e+00
4.437000e-05	9.515766e-03	-9.377472e+00
4.438000e-05	6.890291e-03	-9.259555e+00
4.439000e-05	2.225992e-03	-9.103078e+00
4.440000e-05	2.031720e-03	-8.912661e+00
4.441000e-05	4.870813e-03	-8.722685e+00
4.442000e-05	4.388611e-03	-8.531710e+00
4.443000e-05	6.910609e-05	-8.305266e+00
4.444000e-05	-2.932273e-04	-8.174290e+00
4.445000e-05	2.552364e-03	-7.986820e+00
4.446000e-05	4.477660e-03	-7.794736e+00
4.447000e-05	3.092483e-03	-7.544215e+00
4.448000e-05	-8.483296e-04	-7.324766e+00
4.449000e-05	-9.755239e-04	-7.165146e+00
4.450000e-05	3.948106e-04	-6.894631e+00
4.451000e-05	1.904782e-03	-6.693712e+00
4.452000e-05	-1.941457e-03	-6.512632e+00
4.453000e-05	-3.345229e-03	-6.335090e+00
4.454000e-05	-1.460701e-03	-6.060082e+00
4.455000e-05	1.572292e-03	-5.882052e+00
4.456000e-05	2.422558e-04	-5.649635e+00
4.457000e-05	-2.686850e-03	-5.439448e+00
4.458000e-05	-3.301955e-03	-5.165240e+00
4.459000e-05	-1.846315e-03	-4.893083e+00
4.460000e-05	-8.380084e-04	-4.640004e+00
4.461000e-05	-2.681207e-03	-4.461056e+00
4.462000e-05	-4.896064e-03	-4.271553e+00
4.463000e-05	-3.760286e-03	-4.101030e+00
4.464000e-05	-9.385085e-04	-3.797921e+00
4.465000e-05	-3.191741e-03	-3.577770e+00
4.466000e-05	-3.944001e-03	-3.355719e+00
4.467000e-05	-6.101207e-03	-3.106790e+00
4.468000e-05	-2.719743e-03	-2.831182e+00
4.469000e-05	-3.805069e-03	-2.682053e+00
4.470000e-05	-2.795316e-03	-2.410001e+00
4.471000e-05	-6.333729e-03	-2.127241e+00
4.472000e-05	-4.390461e-03	-1.943610e+00
4.473000e-05	-4.076343e-03	-1.693686e+00
4.474000e-05	-4.038911e-03	-1.472104e+00
4.475000e-05	-6.570222e-03	-1.156269e+00
4.476000e-05	-6.282007e-03	-9.257634e-01
4.477000e-05	-4.696474e-03	-7.022596e-01
4.478000e-05	-3.599783e-03	-4.020041e-01
4.479000e-05	-4.248621e-03	-1.994288e-01
4.480000e-05	-2.387583e-03	-1.792137e-02
4.481000e-05	3.681272e-03	2.828330e-01
4.482000e-05	-3.883685e-03	4.957879e-01
4.483000e-05	2.017976e-03	6.653368e-01
4.484000e-05	-5.859755e-03	8.678156e-01
4.485000e-05	-2.124177e-03	1.187948e+00
4.486000e-05	-3.511809e-03	1.401529e+00
4.487000e-05	6.385973e-03	1.724287e+00
4.488000e-05	3.518259e-02	1.874788e+00
4.489000e-05	7.072882e-02	2.096864e+00
4.490000e-05	-4.248017e-02	2.399023e+00
4.491000e-05	-4.328046e-02	2.663334e+00
4.492000e-05	-3.653623e-02	2.915340e+00
4.493000e-05	-4.598082e-02	3.095314e+00
4.494000e-05	-6.441573e-02	3.253154e+00
4.495000e-05	1.277232e-01	3.464238e+00
4.496000e-05	-7.533420e-02	3.725790e+00
4.497000e-05	-2.818833e-02	3.884288e+00
4.498000e-05	1.352184e-01	4.149873e+00
4.499000e-05	-9.230814e-02	4.418551e+00
4.500000e-05	5.082339e-02	4.608453e+00
4.501000e-05	-2.634326e-02	4.813157e+00
4.502000e-05	-7.073742e-02	5.145317e+00
4.503000e-05	4.405055e-02	5.378999e+00
4.504000e-05	-2.060665e-02	5.598025e+00
4.505000e-05	1.637506e-02	5.829633e+00
4.506000e-05	-1.719240e-02	6.052733e+00
4.507000e-05	-2.948620e-02	6.254210e+00
4.508000e-05	2.582447e-02	6.471610e+00
4.509000e-05	-2.839721e-02	6.692213e+00
4.510000e-05	2.578382e-02	6.894291e+00
4.511000e-05	-6.039591e-02	7.104864e+00
4.512000e-05	2.187023e-02	7.287287e+00
4.513000e-05	1.397430e-02	7.537269e+00
4.514000e-05	-3.143538e-02	7.776323e+00
4.515000e-05	3.079599e-03	7.978951e+00
4.516000e-05	-4.100507e-02	8.230474e+00
4.517000e-05	1.334905e-02	8.376942e+00
4.518000e-05	-4.641090e-04	8.505267e+00
4.519000e-05	-4.986069e-03	8.682763e+00
4.520000e-05	-1.963777e-02	8.841804e+00
4.521000e-05	-1.647557e-02	9.069554e+00
4.522000e-05	7.864224e-03	9.230527e+00
4.523000e-05	-1.916277e-02	9.377447e+00
4.524000e-05	-1.788447e-02	9.556364e+00
4.525000e-05	-2.481710e-02	9.725865e+00
4.526000e-05	-1.457510e-03	9.922158e+00
4.527000e-05	6.049694e-03	1.005208e+01
4.528000e-05	-1.610395e-02	1.018847e+01
4.529000e-05	-2.049010e-02	1.031577e+01
4.530000e-05	-2.139998e-02	1.049166e+01
4.531000e-05	-2.583413e-03	1.064856e+01
4.532000e-05	-1.310222e-02	1.077682e+01
4.533000e-05	-2.203974e-02	1.090374e+01
4.534000e-05	-2.303283e-02	1.101958e+01
4.535000e-05	-9.984079e-03	1.112582e+01
4.536000e-05	-1.697000e-03	1.129163e+01
4.537000e-05	-1.682560e-02	1.140748e+01
4.538000e-05	-2.537879e-02	1.153329e+01
4.539000e-05	-2.308769e-02	1.166198e+01
4.540000e-05	-1.101864e-02	1.175587e+01
4.541000e-05	-1.511953e-02	1.185211e+01
4.542000e-05	-2.485740e-02	1.192382e+01
4.543000e-05	-2.704272e-02	1.204113e+01
4.544000e-05	-1.863579e-02	1.218534e+01
4.545000e-05	-1.096462e-02	1.223748e+01
4.546000e-05	-2.125144e-02	1.229318e+01
4.547000e-05	-2.714318e-02	1.236587e+01
4.548000e-05	-2.610834e-02	1.244966e+01
4.549000e-05	-1.795048e-02	1.253481e+01
4.550000e-05	-1.948244e-02	1.258690e+01
4.551000e-05	-2.938714e-02	1.262901e+01
4.552000e-05	-3.330109e-02	1.267065e+01
4.553000e-05	-2.822103e-02	1.269319e+01
4.554000e-05	-2.199738e-02	1.276584e+01
4.555000e-05	-2.674185e-02	1.279900e+01
4.556000e-05	-3.359450e-02	1.282958e+01
4.557000e-05	-3.310702e-02	1.288221e+01
4.558000e-05	-2.644562e-02	1.289516e+01
4.559000e-05	-2.815169e-02	1.290222e+01
4.560000e-05	-3.765866e-02	1.291432e+01
4.561000e-05	-4.197326e-02	1.296529e+01
4.562000e-05	-3.938431e-02	1.293482e+01
4.563000e-05	-3.375577e-02	1.295532e+01
4.564000e-05	-3.669330e-02	1.295529e+01
4.565000e-05	-4.262723e-02	1.296579e+01
4.566000e-05	-4.529471e-02	1.295479e+01
4.567000e-05	-4.090490e-02	1.288418e+01
4.568000e-05	-4.109873e-02	1.290166e+01
4.569000e-05	-4.799477e-02	1.285163e+01
4.570000e-05	-5.219440e-02	1.280898e+01
4.571000e-05	-4.975342e-02	1.276782e+01
4.572000e-05	-4.398911e-02	1.275617e+01
4.573000e-05	-4.589914e-02	1.273166e+01
4.574000e-05	-5.107240e-02	1.265303e+01
4.575000e-05	-5.181930e-02	1.261842e+01
4.576000e-05	-4.595463e-02	1.255537e+01
4.577000e-05	-4.293504e-02	1.251268e+01
4.578000e-05	-4.487597e-02	1.242998e+01
4.579000e-05	-4.519541e-02	1.236487e+01
4.580000e-05	-4.226440e-02	1.231113e+01
4.581000e-05	-3.585439e-02	1.221784e+01
4.582000e-05	-3.511037e-02	1.211423e+01
4.583000e-05	-3.692009e-02	1.202845e+01
4.584000e-05	-3.597363e-02	1.192261e+01
4.585000e-05	-3.161641e-02	1.183953e+01
4.586000e-05	-2.614859e-02	1.169274e+01
4.587000e-05	-2.737819e-02	1.160697e+01
4.588000e-05	-2.929337e-02	1.148208e+01
4.589000e-05	-2.707585e-02	1.130431e+01
4.590000e-05	-2.214284e-02	1.124835e+01
4.591000e-05	-2.126104e-02	1.108259e+01
4.592000e-05	-2.375637e-02	1.099792e+01
4.593000e-05	-2.358703e-02	1.084963e+01
4.594000e-05	-2.057538e-02	1.074472e+01
4.595000e-05	-1.608028e-02	1.058840e+01
4.596000e-05	-1.753026e-02	1.041843e+01
4.597000e-05	-1.901346e-02	1.027358e+01
4.598000e-05	-1.876441e-02	1.017639e+01
4.599000e-05	-1.430368e-02	9.997420e+00
4.600000e-05	-1.425247e-02	9.819974e+00
4.601000e-05	-1.481843e-02	9.660653e+00
4.602000e-05	-1.799310e-02	9.492106e+00
4.603000e-05	-1.429612e-02	9.334812e+00
4.604000e-05	-1.238243e-02	9.188371e+00
4.605000e-05	-1.129999e-02	8.978920e+00
4.606000e-05	-1.410072e-02	8.838926e+00
4.607000e-05	-1.453450e-02	8.660079e+00
4.608000e-05	-1.144186e-02	8.482608e+00
4.609000e-05	-1.023561e-02	8.272587e+00
4.610000e-05	-1.096635e-02	8.091681e+00
4.611000e-05	-1.336766e-02	7.904135e+00
4.612000e-05	-1.149035e-02	7.702186e+00
4.613000e-05	-1.023198e-02	7.483082e+00
4.614000e-05	-8.830237e-03	7.259557e+00
4.615000e-05	-1.090311e-02	7.042084e+00
4.616000e-05	-1.134812e-02	6.863058e+00
4.617000e-05	-9.183221e-03	6.671556e+00
4.618000e-05	-7.339137e-03	6.428955e+00
4.619000e-05	-8.564311e-03	6.251554e+00
4.620000e-05	-9.948246e-03	6.020603e+00
4.621000e-05	-1.011623e-02	5.831430e+00
4.622000e-05	-8.448964e-03	5.578870e+00
4.623000e-05	-7.344582e-03	5.387374e+00
4.624000e-05	-8.923670e-03	5.144691e+00
4.625000e-05	-9.676210e-03	4.830581e+00
4.626000e-05	-8.425351e-03	4.619505e+00
4.627000e-05	-5.964907e-03	4.421001e+00
4.628000e-05	-6.473941e-03	4.157972e+00
4.629000e-05	-7.437489e-03	3.914239e+00
4.630000e-05	-8.549460e-03	3.714289e+00
4.631000e-05	-7.194241e-03	3.504742e+00
4.632000e-05	-6.600924e-03	3.249555e+00
4.633000e-05	-7.462930e-03	3.050554e+00
4.634000e-05	-8.011734e-03	2.829032e+00
4.635000e-05	-6.718230e-03	2.566346e+00
4.636000e-05	-5.023822e-03	2.313688e+00
4.637000e-05	-5.183220e-03	2.104137e+00
4.638000e-05	-6.517250e-03	1.874159e+00
4.639000e-05	-7.160016e-03	1.610000e+00
4.640000e-05	-6.109397e-03	1.367794e+00
4.641000e-05	-4.809842e-03	1.095217e+00
4.642000e-05	-5.385974e-03	8.024565e-01
4.643000e-05	-6.092388e-03	5.684262e-01
4.644000e-05	-5.067374e-03	3.584724e-01
4.645000e-05	-3.561285e-03	9.576191e-02
4.646000e-05	-1.764653e-03	-1.058380e-01
4.647000e-05	6.176055e-03	-3.263659e-01
4.648000e-05	-3.914654e-03	-5.083747e-01
4.649000e-05	1.977033e-03	-8.310576e-01
4.650000e-05	-3.474364e-03	-1.000549e+00
4.651000e-05	1.324213e-03	-1.231584e+00
4.652000e-05	-2.952889e-03	-1.494812e+00
4.653000e-05	1.481041e-02	-1.684762e+00
4.654000e-05	8.397639e-02	-1.885262e+00
4.655000e-05	1.818355e-02	-2.180150e+00
4.656000e-05	-5.817959e-02	-2.580546e+00
4.657000e-05	-2.158239e-02	-2.822055e+00
4.658000e-05	-7.121266e-02	-3.033630e+00
4.659000e-05	-4.368555e-02	-3.210075e+00
4.660000e-05	1.616032e-01	-3.265714e+00
4.661000e-05	-1.121004e-01	-3.537396e+00
4.662000e-05	1.856345e-02	-3.802032e+00
4.663000e-05	9.409596e-02	-3.979450e+00
4.664000e-05	-1.349755e-01	-4.272181e+00
4.665000e-05	1.561420e-01	-4.452686e+00
4.666000e-05	-7.801034e-02	-4.684736e+00
4.667000e-05	-1.009310e-01	-4.977899e+00
4.668000e-05	1.093713e-01	-5.107272e+00
4.669000e-05	-7.639842e-02	-5.443129e+00
4.670000e-05	1.202614e-01	-5.692688e+00
4.671000e-05	-4.826161e-02	-5.853158e+00
4.672000e-05	-4.437367e-02	-6.126265e+00
4.673000e-05	1.009546e-01	-6.326215e+00
4.674000e-05	-8.293086e-02	-6.577866e+00
4.675000e-05	8.902621e-02	-6.766792e+00
4.676000e-05	-1.077095e-01	-6.947897e+00
4.677000e-05	5.347892e-02	-7.249052e+00
4.678000e-05	5.680974e-02	-7.397973e+00
4.679000e-05	-5.742126e-02	-7.621608e+00
4.680000e-05	7.785613e-02	-7.871629e+00
4.681000e-05	-1.088305e-01	-8.021630e+00
4.682000e-05	8.640249e-02	-8.248552e+00
4.683000e-05	-7.439361e-03	-8.407974e+00
4.684000e-05	1.276533e-02	-8.637981e+00
4.685000e-05	6.453672e-03	-8.769470e+00
4.686000e-05	-4.340786e-02	-8.997897e+00
4.687000e-05	8.321961e-02	-9.115266e+00
4.688000e-05	-4.270554e-02	-9.274317e+00
4.689000e-05	3.840403e-02	-9.493687e+00
4.690000e-05	-5.053103e-02	-9.661105e+00
4.691000e-05	4.090723e-02	-9.818449e+00
4.692000e-05	2.879096e-02	-9.925868e+00
4.693000e-05	1.879628e-04	-1.010371e+01
4.694000e-05	9.224192e-03	-1.028200e+01
4.695000e-05	-2.392594e-02	-1.047098e+01
4.696000e-05	4.701078e-02	-1.055692e+01
4.697000e-05	-6.102571e-03	-1.072464e+01
4.698000e-05	1.844213e-02	-1.081945e+01
4.699000e-05	-1.945273e-02	-1.097737e+01
4.700000e-05	2.650376e-02	-1.107021e+01
4.701000e-05	2.611607e-02	-1.124895e+01
4.702000e-05	1.529577e-02	-1.135622e+01
4.703000e-05	-3.471804e-04	-1.149006e+01
4.704000e-05	-2.704009e-03	-1.160837e+01
4.705000e-05	2.714932e-02	-1.175434e+01
4.706000e-05	1.611107e-02	-1.186008e+01
4.707000e-05	1.230803e-02	-1.199424e+01
4.708000e-05	-4.715096e-03	-1.207211e+01
4.709000e-05	1.987656e-02	-1.220627e+01
4.710000e-05	2.732838e-02	-1.225148e+01
4.711000e-05	2.139896e-02	-1.231216e+01
4.712000e-05	5.230849e-03	-1.239692e+01
4.713000e-05	7.679720e-03	-1.247164e+01
4.714000e-05	2.417584e-02	-1.255627e+01
4.715000e-05	2.676782e-02	-1.260795e+01
4.716000e-05	1.324693e-02	-1.268000e+01
4.717000e-05	8.102126e-03	-1.270258e+01
4.718000e-05	1.843235e-02	-1.282635e+01
4.719000e-05	3.135187e-02	-1.282047e+01
4.720000e-05	2.658295e-02	-1.287168e+01
4.721000e-05	1.660803e-02	-1.296374e+01
4.722000e-05	1.589785e-02	-1.293476e+01
4.723000e-05	2.871824e-02	-1.296634e+01
4.724000e-05	3.377410e-02	-1.298890e+01
4.725000e-05	2.372326e-02	-1.301845e+01
4.726000e-05	1.868237e-02	-1.302850e+01
4.727000e-05	2.439615e-02	-1.303850e+01
4.728000e-05	3.826523e-02	-1.305950e+01
4.729000e-05	3.671325e-02	-1.304098e+01
4.730000e-05	2.923510e-02	-1.302845e+01
4.731000e-05	2.627605e-02	-1.305898e+01
4.732000e-05	3.718286e-02	-1.301845e+01
4.733000e-05	4.339605e-02	-1.300950e+01
4.734000e-05	3.735398e-02	-1.299587e+01
4.735000e-05	3.158209e-02	-1.295674e+01
4.736000e-05	3.619695e-02	-1.291468e+01
4.737000e-05	4.663890e-02	-1.287266e+01
4.738000e-05	4.625379e-02	-1.284908e+01
4.739000e-05	3.883980e-02	-1.280835e+01
4.740000e-05	3.481171e-02	-1.277527e+01
4.741000e-05	4.118374e-02	-1.273258e+01
4.742000e-05	4.513310e-02	-1.265035e+01
4.743000e-05	3.936837e-02	-1.260632e+01
4.744000e-05	3.198881e-02	-1.248369e+01
4.745000e-05	3.085158e-02	-1.244747e+01
4.746000e-05	3.682793e-02	-1.236319e+01
4.747000e-05	3.613714e-02	-1.227153e+01
4.748000e-05	2.744861e-02	-1.218642e+01
4.749000e-05	2.242463e-02	-1.210311e+01
4.750000e-05	2.625150e-02	-1.203595e+01
4.751000e-05	2.793950e-02	-1.190118e+01
4.752000e-05	2.288162e-02	-1.179677e+01
4.753000e-05	1.673187e-02	-1.170053e+01
4.754000e-05	1.550769e-02	-1.152379e+01
4.755000e-05	2.028951e-02	-1.139642e+01
4.756000e-05	1.923619e-02	-1.127001e+01
4.757000e-05	1.300985e-02	-1.114426e+01
4.758000e-05	1.004857e-02	-1.098780e+01
4.759000e-05	1.250019e-02	-1.087213e+01
4.760000e-05	1.631686e-02	-1.078680e+01
4.761000e-05	1.244878e-02	-1.067047e+01
4.762000e-05	7.026939e-03	-1.051113e+01
4.763000e-05	5.867521e-03	-1.033461e+01
4.764000e-05	1.007366e-02	-1.018734e+01
4.765000e-05	1.018247e-02	-1.005050e+01
4.766000e-05	6.183830e-03	-9.892082e+00
4.767000e-05	3.892717e-03	-9.724211e+00
4.768000e-05	5.410479e-03	-9.555321e+00
4.769000e-05	9.230575e-03	-9.407392e+00
4.770000e-05	6.459831e-03	-9.247976e+00
4.771000e-05	3.218872e-03	-9.071057e+00
4.772000e-05	2.054932e-03	-8.901237e+00
4.773000e-05	4.152922e-03	-8.714137e+00
4.774000e-05	4.076946e-03	-8.483210e+00
4.775000e-05	1.842320e-03	-8.304241e+00
4.776000e-05	-5.094217e-04	-8.147770e+00
4.777000e-05	1.126158e-03	-8.016850e+00
4.778000e-05	3.582080e-03	-7.785694e+00
4.779000e-05	2.901794e-03	-7.534712e+00
4.780000e-05	2.106627e-05	-7.343663e+00
4.781000e-05	-1.391053e-03	-7.146215e+00
4.782000e-05	1.289128e-03	-6.931659e+00
4.783000e-05	2.139729e-03	-6.693208e+00
4.784000e-05	-1.886128e-04	-6.494182e+00
4.785000e-05	-3.228533e-03	-6.274282e+00
4.786000e-05	-1.991707e-03	-6.033082e+00
4.787000e-05	8.349923e-04	-5.890602e+00
4.788000e-05	2.089591e-04	-5.650557e+00
4.789000e-05	-2.847471e-03	-5.440573e+00
4.790000e-05	-4.101577e-03	-5.145319e+00
4.791000e-05	-1.804686e-03	-4.874634e+00
4.792000e-05	-1.202603e-03	-4.650078e+00
4.793000e-05	-1.604921e-03	-4.442005e+00
4.794000e-05	-2.877631e-03	-4.281057e+00
4.795000e-05	-3.171234e-03	-4.041079e+00
4.796000e-05	-2.726838e-03	-3.810998e+00
4.797000e-05	-3.773534e-03	-3.576372e+00
4.798000e-05	-3.654141e-03	-3.367766e+00
4.799000e-05	-5.242262e-03	-3.134688e+00
4.800000e-05	-2.536075e-03	-2.872530e+00
4.801000e-05	-3.888620e-03	-2.629479e+00
4.802000e-05	-2.677441e-03	-2.409000e+00
4.803000e-05	-4.750369e-03	-2.117719e+00
4.804000e-05	-4.259587e-03	-1.925738e+00
4.805000e-05	-5.260426e-03	-1.694236e+00
4.806000e-05	-5.199023e-03	-1.463001e+00
4.807000e-05	-6.693466e-03	-1.166267e+00
4.808000e-05	-5.930831e-03	-9.047609e-01
4.809000e-05	-5.486247e-03	-7.246094e-01
4.810000e-05	-4.724264e-03	-4.014776e-01
4.811000e-05	-3.452506e-03	-2.103750e-01
4.812000e-05	-1.327701e-03	5.055476e-02
4.813000e-05	5.621794e-03	2.747130e-01
4.814000e-05	-3.287872e-03	4.846630e-01
4.815000e-05	5.936165e-04	6.958394e-01
4.816000e-05	-6.944433e-03	9.437640e-01
4.817000e-05	-1.869726e-03	1.188124e+00
4.818000e-05	-3.467552e-03	1.411556e+00
4.819000e-05	4.125639e-03	1.714237e+00
4.820000e-05	3.455506e-02	1.905762e+00
4.821000e-05	7.121264e-02	2.095392e+00
4.822000e-05	-4.060283e-02	2.361047e+00
4.823000e-05	-4.247305e-02	2.682688e+00
4.824000e-05	-3.735331e-02	2.915842e+00
4.825000e-05	-4.852168e-02	3.094287e+00
4.826000e-05	-6.390508e-02	3.272185e+00
4.827000e-05	1.273905e-01	3.493734e+00
4.828000e-05	-7.500209e-02	3.706766e+00
4.829000e-05	-2.755841e-02	3.874767e+00
4.830000e-05	1.343176e-01	4.177369e+00
4.831000e-05	-9.105385e-02	4.419054e+00
4.832000e-05	5.097133e-02	4.608976e+00
4.833000e-05	-2.521038e-02	4.852682e+00
4.834000e-05	-6.941267e-02	5.135891e+00
4.835000e-05	4.311296e-02	5.378024e+00
4.836000e-05	-2.129414e-02	5.568525e+00
4.837000e-05	1.525534e-02	5.830054e+00
4.838000e-05	-1.704394e-02	6.044186e+00
4.839000e-05	-2.921977e-02	6.271208e+00
4.840000e-05	2.603066e-02	6.471702e+00
4.841000e-05	-2.780354e-02	6.694766e+00
4.842000e-05	2.613468e-02	6.915265e+00
4.843000e-05	-5.924322e-02	7.115741e+00
4.844000e-05	2.296160e-02	7.283788e+00
4.845000e-05	1.286975e-02	7.557289e+00
4.846000e-05	-3.251770e-02	7.756320e+00
4.847000e-05	3.236719e-03	8.008473e+00
4.848000e-05	-4.058823e-02	8.199425e+00
4.849000e-05	1.295125e-02	8.376395e+00
4.850000e-05	-4.658579e-04	8.545815e+00
4.851000e-05	-5.148140e-03	8.652662e+00
4.852000e-05	-1.887626e-02	8.822857e+00
4.853000e-05	-1.801576e-02	9.080605e+00
4.854000e-05	6.992378e-03	9.191500e+00
4.855000e-05	-1.863563e-02	9.407445e+00
4.856000e-05	-1.607856e-02	9.535316e+00
4.857000e-05	-2.511823e-02	9.725314e+00
4.858000e-05	-2.956948e-03	9.893735e+00
4.859000e-05	6.161889e-03	1.003153e+01
4.860000e-05	-1.500053e-02	1.019895e+01
4.861000e-05	-1.885484e-02	1.032479e+01
4.862000e-05	-2.112756e-02	1.043216e+01
4.863000e-05	-4.362423e-03	1.068803e+01
4.864000e-05	-1.325669e-02	1.075685e+01
4.865000e-05	-2.041578e-02	1.091327e+01
4.866000e-05	-2.330092e-02	1.102100e+01
4.867000e-05	-1.105751e-02	1.112526e+01
4.868000e-05	-3.732433e-03	1.127313e+01
4.869000e-05	-1.705726e-02	1.145800e+01
4.870000e-05	-2.409017e-02	1.154429e+01
4.871000e-05	-2.283167e-02	1.164061e+01
4.872000e-05	-1.138893e-02	1.180489e+01
4.873000e-05	-1.377521e-02	1.184259e+01
4.874000e-05	-2.378720e-02	1.196527e+01
4.875000e-05	-2.665570e-02	1.204206e+01
4.876000e-05	-2.049096e-02	1.217784e+01
4.877000e-05	-1.251494e-02	1.222950e+01
4.878000e-05	-2.061719e-02	1.230267e+01
4.879000e-05	-2.632841e-02	1.237690e+01
4.880000e-05	-2.737132e-02	1.245156e+01
4.881000e-05	-1.877702e-02	1.253481e+01
4.882000e-05	-1.766200e-02	1.257687e+01
4.883000e-05	-2.715256e-02	1.263951e+01
4.884000e-05	-3.329843e-02	1.268206e+01
4.885000e-05	-3.010762e-02	1.272371e+01
4.886000e-05	-2.403944e-02	1.276534e+01
4.887000e-05	-2.655598e-02	1.278788e+01
4.888000e-05	-3.401305e-02	1.285048e+01
4.889000e-05	-3.362881e-02	1.287256e+01
4.890000e-05	-2.686320e-02	1.289364e+01
4.891000e-05	-2.620280e-02	1.290371e+01
4.892000e-05	-3.413995e-02	1.297430e+01
4.893000e-05	-4.248244e-02	1.294582e+01
4.894000e-05	-4.113158e-02	1.296779e+01
4.895000e-05	-3.529694e-02	1.294534e+01
4.896000e-05	-3.740004e-02	1.295540e+01
4.897000e-05	-4.196566e-02	1.295582e+01
4.898000e-05	-4.516695e-02	1.293524e+01
4.899000e-05	-4.022768e-02	1.291321e+01
4.900000e-05	-4.056243e-02	1.291166e+01
4.901000e-05	-4.632849e-02	1.284963e+01
4.902000e-05	-5.240853e-02	1.280700e+01
4.903000e-05	-5.114035e-02	1.279645e+01
4.904000e-05	-4.562044e-02	1.273469e+01
4.905000e-05	-4.541156e-02	1.271214e+01
4.906000e-05	-4.931288e-02	1.265106e+01
4.907000e-05	-5.119238e-02	1.262847e+01
4.908000e-05	-4.665561e-02	1.254527e+01
4.909000e-05	-4.283136e-02	1.253419e+01
4.910000e-05	-4.360879e-02	1.243795e+01
4.911000e-05	-4.538742e-02	1.240375e+01
4.912000e-05	-4.346695e-02	1.232366e+01
4.913000e-05	-3.677661e-02	1.220739e+01
4.914000e-05	-3.361176e-02	1.211218e+01
4.915000e-05	-3.541038e-02	1.197998e+01
4.916000e-05	-3.562940e-02	1.195469e+01
4.917000e-05	-3.260874e-02	1.183897e+01
4.918000e-05	-2.682080e-02	1.170379e+01
4.919000e-05	-2.716806e-02	1.160788e+01
4.920000e-05	-2.881170e-02	1.146153e+01
4.921000e-05	-2.677379e-02	1.131332e+01
4.922000e-05	-2.241271e-02	1.120850e+01
4.923000e-05	-1.962091e-02	1.106314e+01
4.924000e-05	-2.173571e-02	1.101635e+01
4.925000e-05	-2.244827e-02	1.086116e+01
4.926000e-05	-2.111164e-02	1.070429e+01
4.927000e-05	-1.721161e-02	1.056742e+01
4.928000e-05	-1.807124e-02	1.042800e+01
4.929000e-05	-1.885271e-02	1.028153e+01
4.930000e-05	-1.879676e-02	1.013479e+01
4.931000e-05	-1.408774e-02	9.988471e+00
4.932000e-05	-1.342597e-02	9.840502e+00
4.933000e-05	-1.453265e-02	9.680001e+00
4.934000e-05	-1.766637e-02	9.472684e+00
4.935000e-05	-1.486196e-02	9.333711e+00
4.936000e-05	-1.248507e-02	9.188376e+00
4.937000e-05	-1.204624e-02	9.028422e+00
4.938000e-05	-1.357205e-02	8.827402e+00
4.939000e-05	-1.444682e-02	8.630529e+00
4.940000e-05	-1.138152e-02	8.442154e+00
4.941000e-05	-1.020105e-02	8.312561e+00
4.942000e-05	-1.083813e-02	8.092207e+00
4.943000e-05	-1.288224e-02	7.911231e+00
4.944000e-05	-1.210961e-02	7.683211e+00
4.945000e-05	-9.464338e-03	7.503186e+00
4.946000e-05	-8.728146e-03	7.272586e+00
4.947000e-05	-1.122107e-02	7.071656e+00
4.948000e-05	-1.107818e-02	6.862132e+00
4.949000e-05	-1.068288e-02	6.660584e+00
4.950000e-05	-7.470415e-03	6.449052e+00
4.951000e-05	-9.796458e-03	6.221603e+00
4.952000e-05	-1.033692e-02	6.041606e+00
4.953000e-05	-9.738534e-03	5.810955e+00
4.954000e-05	-7.059402e-03	5.588949e+00
4.955000e-05	-6.890833e-03	5.387894e+00
4.956000e-05	-6.730603e-03	5.154892e+00
4.957000e-05	-1.186219e-02	4.871056e+00
4.958000e-05	-7.414557e-03	4.649553e+00
4.959000e-05	-1.042749e-02	4.430100e+00
4.960000e-05	-8.055745e-03	4.177871e+00
4.961000e-05	-9.320076e-03	3.936795e+00
4.962000e-05	-5.228074e-03	3.715263e+00
4.963000e-05	-5.182653e-03	3.536240e+00
4.964000e-05	-1.925076e-03	3.211029e+00
4.965000e-05	-6.288162e-03	3.041055e+00
4.966000e-05	-9.067985e-03	2.831533e+00
4.967000e-05	-9.177651e-03	2.537869e+00
4.968000e-05	-9.543348e-03	2.305687e+00
4.969000e-05	-7.033488e-03	2.094233e+00
4.970000e-05	-6.134465e-03	1.912188e+00
4.971000e-05	-3.424841e-03	1.591002e+00
4.972000e-05	-2.118075e-03	1.349371e+00
4.973000e-05	-1.705797e-03	1.074212e+00
4.974000e-05	-5.974222e-03	7.905780e-01
4.975000e-05	-9.220363e-03	5.884211e-01
4.976000e-05	-7.992754e-03	3.859989e-01
4.977000e-05	-6.439043e-03	1.347141e-01
4.978000e-05	-1.593840e-03	-1.063907e-01
4.979000e-05	6.849693e-03	-3.359197e-01
4.980000e-05	-9.636987e-04	-5.578935e-01
4.981000e-05	4.246508e-03	-7.900249e-01
4.982000e-05	-1.714419e-03	-9.890275e-01
4.983000e-05	2.288239e-04	-1.232603e+00
4.984000e-05	-4.401888e-03	-1.525186e+00
4.985000e-05	1.183096e-02	-1.714261e+00
4.986000e-05	8.225131e-02	-1.925266e+00
4.987000e-05	1.731350e-02	-2.221054e+00
4.988000e-05	-5.648202e-02	-2.598978e+00
4.989000e-05	-1.907732e-02	-2.820127e+00
4.990000e-05	-6.906947e-02	-3.112554e+00
4.991000e-05	-4.262211e-02	-3.179475e+00
4.992000e-05	1.606891e-01	-3.295688e+00
4.993000e-05	-1.127848e-01	-3.588376e+00
4.994000e-05	1.578505e-02	-3.859505e+00
4.995000e-05	9.315311e-02	-3.988522e+00
4.996000e-05	-1.340561e-01	-4.262153e+00
4.997000e-05	1.576437e-01	-4.441234e+00
4.998000e-05	-7.544306e-02	-4.693188e+00
4.999000e-05	-1.000717e-01	-4.978446e+00
