# 260612_13:22:08.631543
t	CH1	CH2
0.000000e+00	-1.023785e-03	-8.100262e-01
1.000000e-08	-1.298562e-03	-9.588699e-01
2.000000e-08	-2.633170e-03	-1.124888e+00
3.000000e-08	8.559338e-03	-1.333814e+00
4.000000e-08	7.195897e-02	-1.537839e+00
5.000000e-08	2.049141e-02	-1.746396e+00
6.000000e-08	-3.831291e-02	-2.000555e+00
7.000000e-08	-4.757072e-02	-2.264213e+00
8.000000e-08	-9.974186e-02	-2.400505e+00
9.000000e-08	9.459942e-02	-2.430626e+00
1.000000e-07	4.306520e-02	-2.566496e+00
1.100000e-07	-1.390103e-01	-2.820602e+00
1.200000e-07	1.099704e-01	-2.927416e+00
1.300000e-07	-6.810120e-03	-3.105310e+00
1.400000e-07	-7.597191e-02	-3.368521e+00
1.500000e-07	1.412453e-01	-3.515868e+00
1.600000e-07	-6.103997e-02	-3.683639e+00
1.700000e-07	-9.671921e-02	-3.895786e+00
1.800000e-07	1.102489e-01	-4.031075e+00
1.900000e-07	-3.722114e-02	-4.240630e+00
2.000000e-07	5.666950e-02	-4.378950e+00
2.100000e-07	-3.548849e-03	-4.502734e+00
2.200000e-07	-8.275841e-02	-4.687364e+00
2.300000e-07	1.094195e-01	-4.892532e+00
2.400000e-07	-2.905510e-02	-5.051127e+00
2.500000e-07	-2.088536e-02	-5.211102e+00
2.600000e-07	1.252605e-03	-5.369525e+00
2.700000e-07	-1.784858e-02	-5.590029e+00
2.800000e-07	7.854214e-02	-5.695814e+00
2.900000e-07	-3.825161e-02	-5.874788e+00
3.000000e-07	1.052494e-02	-6.042052e+00
3.100000e-07	-2.087945e-02	-6.119019e+00
3.200000e-07	-1.279441e-02	-6.338373e+00
3.300000e-07	8.878446e-02	-6.474783e+00
3.400000e-07	-5.029802e-02	-6.622131e+00
3.500000e-07	9.783824e-03	-6.758425e+00
3.600000e-07	-5.827447e-03	-6.895609e+00
3.700000e-07	1.878363e-02	-7.066240e+00
3.800000e-07	4.120249e-02	-7.201029e+00
3.900000e-07	-5.449253e-02	-7.337417e+00
4.000000e-07	1.852984e-02	-7.433730e+00
4.100000e-07	-2.049894e-03	-7.587998e+00
4.200000e-07	4.230141e-02	-7.757367e+00
4.300000e-07	7.460345e-03	-7.884733e+00
4.400000e-07	-2.618649e-02	-8.010606e+00
4.500000e-07	1.999364e-02	-8.086789e+00
4.600000e-07	1.235204e-03	-8.201551e+00
4.700000e-07	3.617304e-02	-8.307267e+00
4.800000e-07	-1.950757e-02	-8.390549e+00
4.900000e-07	-2.349998e-03	-8.557284e+00
5.000000e-07	1.982598e-02	-8.592630e+00
5.100000e-07	2.237928e-02	-8.746316e+00
5.200000e-07	1.827746e-02	-8.842603e+00
5.300000e-07	-1.922903e-02	-8.895866e+00
5.400000e-07	1.131490e-02	-8.970376e+00
5.500000e-07	1.562324e-02	-9.053681e+00
5.600000e-07	2.616921e-02	-9.128367e+00
5.700000e-07	8.598711e-04	-9.209099e+00
5.800000e-07	-6.635900e-03	-9.273257e+00
5.900000e-07	1.687135e-02	-9.358946e+00
6.000000e-07	2.360378e-02	-9.422634e+00
6.100000e-07	1.986849e-02	-9.526344e+00
6.200000e-07	-4.698414e-03	-9.588475e+00
6.300000e-07	7.499546e-03	-9.601104e+00
6.400000e-07	2.318062e-02	-9.672261e+00
6.500000e-07	2.563319e-02	-9.696890e+00
6.600000e-07	7.800777e-03	-9.770048e+00
6.700000e-07	1.072723e-04	-9.801649e+00
6.800000e-07	1.572209e-02	-9.821606e+00
6.900000e-07	2.546590e-02	-9.884211e+00
7.000000e-07	2.210476e-02	-9.926291e+00
7.100000e-07	7.187256e-03	-9.947869e+00
7.200000e-07	1.016572e-02	-9.948892e+00
7.300000e-07	2.432133e-02	-9.948452e+00
7.400000e-07	2.798853e-02	-9.951021e+00
7.500000e-07	1.706471e-02	-9.989601e+00
7.600000e-07	8.488640e-03	-1.002165e+01
7.700000e-07	1.881975e-02	-1.003010e+01
7.800000e-07	2.940868e-02	-1.001065e+01
7.900000e-07	2.842347e-02	-1.002110e+01
8.000000e-07	1.791944e-02	-9.998526e+00
8.100000e-07	1.715252e-02	-1.000048e+01
8.200000e-07	2.628190e-02	-9.999499e+00
8.300000e-07	3.192079e-02	-9.959550e+00
8.400000e-07	2.494641e-02	-9.979866e+00
8.500000e-07	1.960473e-02	-9.947939e+00
8.600000e-07	2.413043e-02	-9.897443e+00
8.700000e-07	3.401693e-02	-9.877288e+00
8.800000e-07	3.392377e-02	-9.844711e+00
8.900000e-07	2.516850e-02	-9.814182e+00
9.000000e-07	2.192777e-02	-9.821130e+00
9.100000e-07	2.960743e-02	-9.789450e+00
9.200000e-07	3.516166e-02	-9.727867e+00
9.300000e-07	3.058532e-02	-9.674338e+00
9.400000e-07	2.366969e-02	-9.672082e+00
9.500000e-07	2.519154e-02	-9.590102e+00
9.600000e-07	3.339291e-02	-9.566924e+00
9.700000e-07	3.190998e-02	-9.487260e+00
9.800000e-07	2.414563e-02	-9.352524e+00
9.900000e-07	1.931200e-02	-9.305214e+00
1.000000e-06	2.371916e-02	-9.221504e+00
1.010000e-06	2.787491e-02	-9.179373e+00
1.020000e-06	2.424732e-02	-9.085737e+00
1.030000e-06	1.668858e-02	-9.022029e+00
1.040000e-06	1.689350e-02	-8.917263e+00
1.050000e-06	2.156619e-02	-8.801582e+00
1.060000e-06	2.161107e-02	-8.779947e+00
1.070000e-06	1.626015e-02	-8.675238e+00
1.080000e-06	1.050011e-02	-8.548315e+00
1.090000e-06	1.437193e-02	-8.451635e+00
1.100000e-06	1.801648e-02	-8.358894e+00
1.110000e-06	1.547085e-02	-8.264128e+00
1.120000e-06	8.244408e-03	-8.137843e+00
1.130000e-06	6.269968e-03	-8.013080e+00
1.140000e-06	1.237187e-02	-7.916939e+00
1.150000e-06	1.302395e-02	-7.822903e+00
1.160000e-06	6.735036e-03	-7.654154e+00
1.170000e-06	3.546912e-03	-7.515839e+00
1.180000e-06	6.280660e-03	-7.378894e+00
1.190000e-06	1.099265e-02	-7.245533e+00
1.200000e-06	8.424221e-03	-7.149446e+00
1.210000e-06	2.580753e-03	-6.950496e+00
1.220000e-06	2.107788e-03	-6.802055e+00
1.230000e-06	5.393470e-03	-6.707340e+00
1.240000e-06	7.670038e-03	-6.569423e+00
1.250000e-06	4.190068e-03	-6.402133e+00
1.260000e-06	2.087392e-04	-6.317759e+00
1.270000e-06	1.165561e-03	-6.117764e+00
1.280000e-06	5.452326e-03	-5.988899e+00
1.290000e-06	3.853057e-03	-5.862627e+00
1.300000e-06	-8.067596e-04	-5.704709e+00
1.310000e-06	-7.262938e-04	-5.528968e+00
1.320000e-06	2.401568e-03	-5.338841e+00
1.330000e-06	4.811576e-03	-5.149872e+00
1.340000e-06	1.294526e-03	-4.949501e+00
1.350000e-06	-3.026819e-03	-4.809442e+00
1.360000e-06	-2.831283e-03	-4.600554e+00
1.370000e-06	1.295659e-03	-4.484687e+00
1.380000e-06	3.264911e-04	-4.346837e+00
1.390000e-06	-1.632926e-03	-4.200422e+00
1.400000e-06	-3.383902e-03	-4.040025e+00
1.410000e-06	8.635219e-05	-3.874705e+00
1.420000e-06	1.357777e-03	-3.663082e+00
1.430000e-06	-7.029671e-04	-3.485287e+00
1.440000e-06	-4.719797e-03	-3.326788e+00
1.450000e-06	-5.761416e-03	-3.188949e+00
1.460000e-06	-3.144168e-03	-2.918441e+00
1.470000e-06	-2.123883e-03	-2.798972e+00
1.480000e-06	-3.488407e-03	-2.631028e+00
1.490000e-06	-5.259709e-03	-2.470580e+00
1.500000e-06	-2.167101e-03	-2.244157e+00
1.510000e-06	-9.622482e-04	-2.074054e+00
1.520000e-06	-1.961058e-03	-1.884133e+00
1.530000e-06	-5.456949e-03	-1.726787e+00
1.540000e-06	-7.034069e-03	-1.557918e+00
1.550000e-06	-5.238137e-03	-1.276663e+00
1.560000e-06	-4.544273e-03	-1.096208e+00
1.570000e-06	-5.318722e-03	-9.357645e-01
1.580000e-06	-5.550338e-03	-7.479461e-01
1.590000e-06	-4.775784e-03	-5.583398e-01
1.600000e-06	-2.521080e-03	-3.788423e-01
1.610000e-06	-2.852053e-03	-1.489488e-01
1.620000e-06	-3.360878e-03	-3.157757e-02
1.630000e-06	-2.985105e-04	1.948971e-01
1.640000e-06	-3.149893e-03	3.684722e-01
1.650000e-06	-8.378640e-04	5.053396e-01
1.660000e-06	-4.065432e-03	6.637579e-01
1.670000e-06	-3.832795e-03	8.212063e-01
1.680000e-06	-4.576007e-03	1.020153e+00
1.690000e-06	3.891278e-03	1.252650e+00
1.700000e-06	2.230838e-02	1.388945e+00
1.710000e-06	5.952028e-02	1.662255e+00
1.720000e-06	-1.315186e-02	1.914316e+00
1.730000e-06	-4.555081e-02	2.073709e+00
1.740000e-06	-5.002185e-02	2.239612e+00
1.750000e-06	-7.806391e-02	2.338421e+00
1.760000e-06	5.813704e-02	2.514184e+00
1.770000e-06	4.473391e-02	2.666338e+00
1.780000e-06	-1.287340e-01	2.841633e+00
1.790000e-06	9.865973e-02	2.960500e+00
1.800000e-06	2.445365e-02	3.200046e+00
1.810000e-06	-6.057124e-02	3.348995e+00
1.820000e-06	7.877960e-02	3.515319e+00
1.830000e-06	-4.923787e-02	3.675217e+00
1.840000e-06	-8.638519e-02	3.873714e+00
1.850000e-06	6.241886e-02	4.041154e+00
1.860000e-06	-3.732096e-03	4.231579e+00
1.870000e-06	7.318923e-03	4.450455e+00
1.880000e-06	-1.719430e-02	4.549974e+00
1.890000e-06	-4.621178e-02	4.778945e+00
1.900000e-06	3.794455e-02	4.904292e+00
1.910000e-06	2.092230e-03	5.158844e+00
1.920000e-06	-2.506778e-02	5.375341e+00
1.930000e-06	-2.987946e-02	5.485291e+00
1.940000e-06	8.800370e-03	5.673053e+00
1.950000e-06	1.941359e-02	5.788550e+00
1.960000e-06	-1.890917e-02	5.907321e+00
1.970000e-06	-1.115011e-02	6.104762e+00
1.980000e-06	-4.021457e-02	6.234208e+00
1.990000e-06	5.775401e-03	6.356899e+00
2.000000e-06	3.154904e-02	6.484338e+00
2.010000e-06	-2.619443e-02	6.683763e+00
2.020000e-06	-2.289643e-02	6.812133e+00
2.030000e-06	-1.008846e-02	6.978392e+00
2.040000e-06	8.809832e-03	7.065686e+00
2.050000e-06	-3.197126e-03	7.169451e+00
2.060000e-06	-3.378727e-02	7.355392e+00
2.070000e-06	-2.440985e-02	7.475841e+00
2.080000e-06	1.632067e-03	7.621706e+00
2.090000e-06	1.552905e-02	7.756849e+00
2.100000e-06	-1.262656e-02	7.873160e+00
2.110000e-06	-3.245986e-02	8.010136e+00
2.120000e-06	-1.500429e-02	8.220350e+00
2.130000e-06	-1.182524e-03	8.272732e+00
2.140000e-06	-9.026268e-04	8.327371e+00
2.150000e-06	-2.874231e-02	8.432104e+00
2.160000e-06	-2.812578e-02	8.535863e+00
2.170000e-06	-2.690024e-03	8.601104e+00
2.180000e-06	5.100310e-03	8.706243e+00
2.190000e-06	-1.191327e-02	8.738925e+00
2.200000e-06	-3.305989e-02	8.849708e+00
2.210000e-06	-2.190790e-02	8.939501e+00
2.220000e-06	-4.499099e-03	9.052709e+00
2.230000e-06	-4.298805e-03	9.118343e+00
2.240000e-06	-2.635656e-02	9.200627e+00
2.250000e-06	-3.300617e-02	9.275260e+00
2.260000e-06	-1.389676e-02	9.338340e+00
2.270000e-06	-8.309148e-04	9.380604e+00
2.280000e-06	-1.425715e-02	9.463183e+00
2.290000e-06	-3.101769e-02	9.516795e+00
2.300000e-06	-2.598133e-02	9.528398e+00
2.310000e-06	-1.047122e-02	9.600028e+00
2.320000e-06	-9.468730e-03	9.642657e+00
2.330000e-06	-2.712028e-02	9.716363e+00
2.340000e-06	-3.456795e-02	9.767472e+00
2.350000e-06	-2.227772e-02	9.772522e+00
2.360000e-06	-1.059226e-02	9.813204e+00
2.370000e-06	-1.777238e-02	9.842708e+00
2.380000e-06	-3.205928e-02	9.897265e+00
2.390000e-06	-3.046289e-02	9.906894e+00
2.400000e-06	-1.891534e-02	9.947896e+00
2.410000e-06	-1.607005e-02	9.928973e+00
2.420000e-06	-2.954289e-02	9.968422e+00
2.430000e-06	-3.826073e-02	9.980000e+00
2.440000e-06	-3.091052e-02	9.988524e+00
2.450000e-06	-2.054708e-02	9.979525e+00
2.460000e-06	-2.266278e-02	1.000090e+01
2.470000e-06	-3.483944e-02	9.990395e+00
2.480000e-06	-3.607908e-02	9.988001e+00
2.490000e-06	-2.777924e-02	9.966398e+00
2.500000e-06	-2.524423e-02	9.948342e+00
2.510000e-06	-3.518098e-02	9.916867e+00
2.520000e-06	-4.301943e-02	9.916792e+00
2.530000e-06	-3.798321e-02	9.876281e+00
2.540000e-06	-2.923294e-02	9.814505e+00
2.550000e-06	-3.017865e-02	9.767946e+00
2.560000e-06	-3.969231e-02	9.707895e+00
2.570000e-06	-4.215884e-02	9.694236e+00
2.580000e-06	-3.542059e-02	9.622054e+00
2.590000e-06	-2.939474e-02	9.559973e+00
2.600000e-06	-3.526720e-02	9.538414e+00
2.610000e-06	-4.241924e-02	9.475738e+00
2.620000e-06	-3.911793e-02	9.453111e+00
2.630000e-06	-3.050037e-02	9.379527e+00
2.640000e-06	-2.891919e-02	9.306716e+00
2.650000e-06	-3.464805e-02	9.263133e+00
2.660000e-06	-3.731380e-02	9.210051e+00
2.670000e-06	-3.116701e-02	9.136944e+00
2.680000e-06	-2.360111e-02	9.044528e+00
2.690000e-06	-2.697588e-02	8.904716e+00
2.700000e-06	-3.149266e-02	8.830029e+00
2.710000e-06	-3.032484e-02	8.748421e+00
2.720000e-06	-2.363604e-02	8.685736e+00
2.730000e-06	-2.074460e-02	8.578974e+00
2.740000e-06	-2.489019e-02	8.485258e+00
2.750000e-06	-2.645890e-02	8.410578e+00
2.760000e-06	-2.176847e-02	8.327395e+00
2.770000e-06	-1.623124e-02	8.231076e+00
2.780000e-06	-1.654614e-02	8.035167e+00
2.790000e-06	-2.328794e-02	7.967544e+00
2.800000e-06	-2.265113e-02	7.874636e+00
2.810000e-06	-1.686359e-02	7.728394e+00
2.820000e-06	-1.318941e-02	7.630083e+00
2.830000e-06	-1.652144e-02	7.465287e+00
2.840000e-06	-1.897524e-02	7.306216e+00
2.850000e-06	-1.648133e-02	7.170526e+00
2.860000e-06	-1.223281e-02	7.044183e+00
2.870000e-06	-1.172116e-02	6.918266e+00
2.880000e-06	-1.540050e-02	6.800554e+00
2.890000e-06	-1.593335e-02	6.676285e+00
2.900000e-06	-1.403570e-02	6.503763e+00
2.910000e-06	-1.149740e-02	6.348472e+00
2.920000e-06	-1.151008e-02	6.191130e+00
2.930000e-06	-1.364876e-02	6.095232e+00
2.940000e-06	-1.292746e-02	5.980495e+00
2.950000e-06	-9.566727e-03	5.823178e+00
2.960000e-06	-8.070324e-03	5.604033e+00
2.970000e-06	-8.936917e-03	5.484759e+00
2.980000e-06	-1.139813e-02	5.317815e+00
2.990000e-06	-1.077106e-02	5.169999e+00
3.000000e-06	-8.436195e-03	4.976315e+00
3.010000e-06	-8.820317e-03	4.758424e+00
3.020000e-06	-1.079993e-02	4.610526e+00
3.030000e-06	-1.078294e-02	4.442609e+00
3.040000e-06	-7.273066e-03	4.297262e+00
3.050000e-06	-5.886222e-03	4.074236e+00
3.060000e-06	-7.287535e-03	3.947763e+00
3.070000e-06	-8.612224e-03	3.778925e+00
3.080000e-06	-9.040001e-03	3.642550e+00
3.090000e-06	-7.438561e-03	3.413159e+00
3.100000e-06	-6.532874e-03	3.202583e+00
3.110000e-06	-7.210079e-03	3.065134e+00
3.120000e-06	-8.117026e-03	2.885265e+00
3.130000e-06	-6.819913e-03	2.739947e+00
3.140000e-06	-4.372301e-03	2.508770e+00
3.150000e-06	-5.654265e-03	2.326891e+00
3.160000e-06	-6.359995e-03	2.188420e+00
3.170000e-06	-7.431038e-03	2.051029e+00
3.180000e-06	-5.855194e-03	1.873025e+00
3.190000e-06	-4.477217e-03	1.643135e+00
3.200000e-06	-5.721642e-03	1.443705e+00
3.210000e-06	-6.214865e-03	1.244607e+00
3.220000e-06	-6.577254e-03	1.064627e+00
3.230000e-06	-4.384211e-03	8.115265e-01
3.240000e-06	-4.298588e-03	6.626557e-01
3.250000e-06	-5.313796e-03	4.736605e-01
3.260000e-06	-4.718829e-03	3.357158e-01
3.270000e-06	-3.968885e-03	8.821815e-02
3.280000e-06	-7.556102e-04	-8.313284e-02
3.290000e-06	3.345113e-03	-2.615789e-01
3.300000e-06	-1.482258e-03	-4.094474e-01
3.310000e-06	-5.355075e-04	-5.374172e-01
3.320000e-06	-1.505814e-03	-7.889185e-01
3.330000e-06	-8.927569e-04	-9.163684e-01
3.340000e-06	-2.320655e-03	-1.083785e+00
3.350000e-06	2.697011e-03	-1.253161e+00
3.360000e-06	4.707262e-02	-1.482782e+00
3.370000e-06	5.533956e-02	-1.673333e+00
3.380000e-06	-3.618443e-02	-1.925915e+00
3.390000e-06	-3.054259e-02	-2.222652e+00
3.400000e-06	-1.014388e-01	-2.369473e+00
3.410000e-06	3.085030e-02	-2.402601e+00
3.420000e-06	1.042644e-01	-2.504812e+00
3.430000e-06	-1.388212e-01	-2.707370e+00
3.440000e-06	4.574814e-02	-2.937963e+00
3.450000e-06	7.311548e-02	-3.021077e+00
3.460000e-06	-1.121554e-01	-3.334186e+00
3.470000e-06	1.050633e-01	-3.425238e+00
3.480000e-06	2.569083e-02	-3.608427e+00
3.490000e-06	-1.630456e-01	-3.831156e+00
3.500000e-06	8.360633e-02	-3.998497e+00
3.510000e-06	5.851008e-03	-4.157918e+00
3.520000e-06	1.031771e-02	-4.328446e+00
3.530000e-06	5.744233e-02	-4.470079e+00
3.540000e-06	-1.130582e-01	-4.644237e+00
3.550000e-06	6.792897e-02	-4.792555e+00
3.560000e-06	3.150417e-02	-4.948442e+00
3.570000e-06	-5.094306e-02	-5.168949e+00
3.580000e-06	2.282012e-02	-5.335871e+00
3.590000e-06	-3.799208e-02	-5.536394e+00
3.600000e-06	6.922564e-02	-5.694262e+00
3.610000e-06	-1.017838e-03	-5.842105e+00
3.620000e-06	-2.174302e-02	-6.000500e+00
3.630000e-06	1.266298e-02	-6.106314e+00
3.640000e-06	-5.277192e-02	-6.295813e+00
3.650000e-06	9.025780e-02	-6.472207e+00
3.660000e-06	-1.392521e-02	-6.590553e+00
3.670000e-06	-2.076818e-02	-6.727893e+00
3.680000e-06	1.669922e-02	-6.841653e+00
3.690000e-06	-1.112249e-02	-7.021580e+00
3.700000e-06	6.330250e-02	-7.190447e+00
3.710000e-06	-4.468023e-02	-7.293759e+00
3.720000e-06	-2.346494e-03	-7.411105e+00
3.730000e-06	7.550200e-03	-7.515872e+00
3.740000e-06	2.475773e-02	-7.705962e+00
3.750000e-06	3.625466e-02	-7.842629e+00
3.760000e-06	-3.477899e-02	-7.928968e+00
3.770000e-06	1.503006e-02	-8.074212e+00
3.780000e-06	-3.433164e-04	-8.169500e+00
3.790000e-06	3.232679e-02	-8.266837e+00
3.800000e-06	1.346276e-03	-8.338948e+00
3.810000e-06	-1.798113e-02	-8.473887e+00
3.820000e-06	1.978687e-02	-8.580000e+00
3.830000e-06	1.652370e-02	-8.715415e+00
3.840000e-06	2.933326e-02	-8.859576e+00
3.850000e-06	-1.275352e-02	-8.875863e+00
3.860000e-06	1.097237e-03	-8.978949e+00
3.870000e-06	1.350813e-02	-9.021632e+00
3.880000e-06	2.293582e-02	-9.107390e+00
3.890000e-06	1.276111e-02	-9.199497e+00
3.900000e-06	-1.042739e-02	-9.242106e+00
3.910000e-06	1.224760e-02	-9.297840e+00
3.920000e-06	2.245417e-02	-9.372055e+00
3.930000e-06	2.523849e-02	-9.495766e+00
3.940000e-06	1.799504e-03	-9.537471e+00
3.950000e-06	-4.865984e-04	-9.611129e+00
3.960000e-06	1.809936e-02	-9.633132e+00
3.970000e-06	2.509850e-02	-9.726343e+00
3.980000e-06	1.532058e-02	-9.748969e+00
3.990000e-06	-6.116060e-04	-9.780103e+00
4.000000e-06	1.063340e-02	-9.812603e+00
4.010000e-06	2.381343e-02	-9.894708e+00
4.020000e-06	2.612051e-02	-9.936841e+00
4.030000e-06	1.202403e-02	-9.926891e+00
4.040000e-06	5.586147e-03	-9.988347e+00
4.050000e-06	1.932241e-02	-9.967341e+00
4.060000e-06	2.767500e-02	-9.969025e+00
4.070000e-06	2.227369e-02	-9.981022e+00
4.080000e-06	8.905026e-03	-1.000148e+01
4.090000e-06	1.287682e-02	-1.001116e+01
4.100000e-06	2.750043e-02	-1.005063e+01
4.110000e-06	3.057615e-02	-1.002263e+01
4.120000e-06	1.993196e-02	-1.000958e+01
4.130000e-06	1.390668e-02	-1.000208e+01
4.140000e-06	2.335788e-02	-9.990051e+00
4.150000e-06	3.147418e-02	-1.000052e+01
4.160000e-06	2.831646e-02	-9.979447e+00
4.170000e-06	1.922158e-02	-9.979923e+00
4.180000e-06	2.033678e-02	-9.956392e+00
4.190000e-06	3.212080e-02	-9.887841e+00
4.200000e-06	3.623019e-02	-9.935762e+00
4.210000e-06	2.842019e-02	-9.843259e+00
4.220000e-06	2.163536e-02	-9.811105e+00
4.230000e-06	2.715415e-02	-9.799952e+00
4.240000e-06	3.508931e-02	-9.737391e+00
4.250000e-06	3.313817e-02	-9.706310e+00
4.260000e-06	2.401930e-02	-9.613633e+00
4.270000e-06	2.270928e-02	-9.610452e+00
4.280000e-06	3.049395e-02	-9.558970e+00
4.290000e-06	3.395238e-02	-9.516842e+00
4.300000e-06	2.832183e-02	-9.413603e+00
4.310000e-06	2.038090e-02	-9.337312e+00
4.320000e-06	2.202612e-02	-9.231130e+00
4.330000e-06	2.821117e-02	-9.169001e+00
4.340000e-06	2.688541e-02	-9.106737e+00
4.350000e-06	1.881217e-02	-9.040081e+00
4.360000e-06	1.483193e-02	-8.898943e+00
4.370000e-06	1.884326e-02	-8.862634e+00
4.380000e-06	2.347922e-02	-8.771503e+00
4.390000e-06	1.907375e-02	-8.706793e+00
4.400000e-06	1.177033e-02	-8.551427e+00
4.410000e-06	1.192561e-02	-8.434185e+00
4.420000e-06	1.665392e-02	-8.399450e+00
4.430000e-06	1.680753e-02	-8.305209e+00
4.440000e-06	1.089563e-02	-8.179000e+00
4.450000e-06	6.850205e-03	-8.054685e+00
4.460000e-06	8.480158e-03	-7.949451e+00
4.470000e-06	1.315583e-02	-7.783600e+00
4.480000e-06	1.121490e-02	-7.747111e+00
4.490000e-06	5.758967e-03	-7.559491e+00
4.500000e-06	4.296899e-03	-7.421529e+00
4.510000e-06	8.662791e-03	-7.304661e+00
4.520000e-06	1.064208e-02	-7.180975e+00
4.530000e-06	6.156414e-03	-7.055102e+00
4.540000e-06	1.576337e-03	-6.873109e+00
4.550000e-06	2.671349e-03	-6.748967e+00
4.560000e-06	6.065881e-03	-6.631580e+00
4.570000e-06	5.577852e-03	-6.445683e+00
4.580000e-06	1.096996e-03	-6.339971e+00
4.590000e-06	-5.002315e-05	-6.180516e+00
4.600000e-06	3.936935e-03	-6.011529e+00
4.610000e-06	6.298697e-03	-5.906235e+00
4.620000e-06	2.074704e-03	-5.727889e+00
4.630000e-06	-1.641360e-03	-5.579924e+00
4.640000e-06	-7.642279e-04	-5.421074e+00
4.650000e-06	2.359760e-03	-5.201524e+00
4.660000e-06	1.912488e-03	-5.074105e+00
4.670000e-06	-9.743499e-04	-4.851679e+00
4.680000e-06	-2.053524e-03	-4.661605e+00
4.690000e-06	4.765667e-04	-4.535764e+00
4.700000e-06	1.702870e-03	-4.358872e+00
4.710000e-06	-1.950642e-04	-4.202081e+00
4.720000e-06	-3.567705e-03	-4.093031e+00
4.730000e-06	-3.248888e-03	-3.927837e+00
4.740000e-06	-2.585895e-04	-3.716264e+00
4.750000e-06	2.078442e-05	-3.526317e+00
4.760000e-06	-3.034890e-03	-3.358446e+00
4.770000e-06	-4.579367e-03	-3.211977e+00
4.780000e-06	-3.145344e-03	-3.031997e+00
4.790000e-06	-1.452417e-03	-2.851102e+00
4.800000e-06	-2.782855e-03	-2.644134e+00
4.810000e-06	-4.241388e-03	-2.465734e+00
4.820000e-06	-4.320135e-03	-2.315791e+00
4.830000e-06	-2.418809e-03	-2.103158e+00
4.840000e-06	-1.840945e-03	-1.908838e+00
4.850000e-06	-3.425478e-03	-1.748820e+00
4.860000e-06	-6.463261e-03	-1.611050e+00
4.870000e-06	-6.872704e-03	-1.380819e+00
4.880000e-06	-4.095309e-03	-1.157918e+00
4.890000e-06	-4.361715e-03	-9.783939e-01
4.900000e-06	-5.827525e-03	-8.315000e-01
4.910000e-06	-5.595890e-03	-5.934715e-01
4.920000e-06	-3.814969e-03	-4.484488e-01
4.930000e-06	-3.329039e-03	-2.220815e-01
4.940000e-06	-2.890130e-03	-7.318408e-02
4.950000e-06	-1.212180e-03	1.052618e-01
4.960000e-06	-2.718386e-03	2.763158e-01
4.970000e-06	-1.589483e-03	4.727330e-01
4.980000e-06	-2.396080e-03	6.101302e-01
4.990000e-06	-3.094244e-03	7.589461e-01
5.000000e-06	-3.115265e-03	9.694483e-01
5.010000e-06	-1.910963e-04	1.169427e+00
5.020000e-06	1.073618e-02	1.346896e+00
5.030000e-06	5.749895e-02	1.589179e+00
5.040000e-06	1.599016e-02	1.832732e+00
5.050000e-06	-4.478866e-02	2.030999e+00
5.060000e-06	-4.459662e-02	2.169472e+00
5.070000e-06	-8.023342e-02	2.335919e+00
5.080000e-06	1.211341e-03	2.451603e+00
5.090000e-06	9.954550e-02	2.641676e+00
5.100000e-06	-1.158764e-01	2.820027e+00
5.110000e-06	3.036296e-02	2.936818e+00
5.120000e-06	7.799214e-02	3.117396e+00
5.130000e-06	-7.167831e-02	3.345820e+00
5.140000e-06	5.040213e-02	3.493142e+00
5.150000e-06	1.329450e-02	3.643155e+00
5.160000e-06	-1.178021e-01	3.862658e+00
5.170000e-06	3.989261e-02	4.028446e+00
5.180000e-06	2.103378e-02	4.209626e+00
5.190000e-06	-1.215464e-02	4.326945e+00
5.200000e-06	6.071842e-03	4.546393e+00
5.210000e-06	-5.909205e-02	4.756712e+00
5.220000e-06	2.275192e-02	4.842608e+00
5.230000e-06	1.906319e-02	5.043685e+00
5.240000e-06	-2.106267e-02	5.294732e+00
5.250000e-06	-3.338009e-02	5.431205e+00
5.260000e-06	-1.323766e-03	5.561425e+00
5.270000e-06	2.496320e-02	5.733417e+00
5.280000e-06	-1.051492e-02	5.887290e+00
5.290000e-06	-1.516654e-02	6.054635e+00
5.300000e-06	-3.175767e-02	6.231453e+00
5.310000e-06	-1.659776e-02	6.327391e+00
5.320000e-06	3.729351e-02	6.451659e+00
5.330000e-06	-1.111134e-02	6.621729e+00
5.340000e-06	-3.140163e-02	6.800546e+00
5.350000e-06	-1.256007e-02	6.916763e+00
5.360000e-06	1.946020e-03	7.042113e+00
5.370000e-06	7.881233e-03	7.157367e+00
5.380000e-06	-3.199504e-02	7.294764e+00
5.390000e-06	-2.907423e-02	7.445607e+00
5.400000e-06	-6.682845e-03	7.652129e+00
5.410000e-06	1.536199e-02	7.717396e+00
5.420000e-06	-2.069678e-03	7.841209e+00
5.430000e-06	-3.206937e-02	8.043004e+00
5.440000e-06	-1.723457e-02	8.098376e+00
5.450000e-06	-4.705904e-03	8.211604e+00
5.460000e-06	2.374686e-03	8.337292e+00
5.470000e-06	-2.233357e-02	8.410478e+00
5.480000e-06	-3.216977e-02	8.503258e+00
5.490000e-06	-1.045816e-02	8.579998e+00
5.500000e-06	4.537507e-03	8.684208e+00
5.510000e-06	-6.115282e-03	8.718921e+00
5.520000e-06	-2.982666e-02	8.822080e+00
5.530000e-06	-2.491277e-02	8.937967e+00
5.540000e-06	-8.288258e-03	9.024575e+00
5.550000e-06	-2.535843e-03	9.087290e+00
5.560000e-06	-1.974462e-02	9.170526e+00
5.570000e-06	-3.146286e-02	9.264157e+00
5.580000e-06	-2.071641e-02	9.326787e+00
5.590000e-06	-3.558348e-03	9.380500e+00
5.600000e-06	-9.223385e-03	9.461687e+00
5.610000e-06	-2.694912e-02	9.486290e+00
5.620000e-06	-2.854497e-02	9.556891e+00
5.630000e-06	-1.389026e-02	9.600573e+00
5.640000e-06	-8.130626e-03	9.641134e+00
5.650000e-06	-2.260347e-02	9.664834e+00
5.660000e-06	-3.330741e-02	9.765842e+00
5.670000e-06	-2.629165e-02	9.770074e+00
5.680000e-06	-1.328403e-02	9.824105e+00
5.690000e-06	-1.651003e-02	9.824634e+00
5.700000e-06	-2.920593e-02	9.906736e+00
5.710000e-06	-3.112443e-02	9.967814e+00
5.720000e-06	-2.201079e-02	9.957346e+00
5.730000e-06	-1.392889e-02	9.958469e+00
5.740000e-06	-2.610907e-02	9.978446e+00
5.750000e-06	-3.490390e-02	9.979524e+00
5.760000e-06	-3.312657e-02	1.001952e+01
5.770000e-06	-2.228703e-02	9.980051e+00
5.780000e-06	-2.280170e-02	9.948499e+00
5.790000e-06	-3.324728e-02	9.990099e+00
5.800000e-06	-3.798958e-02	9.978474e+00
5.810000e-06	-2.931160e-02	9.958499e+00
5.820000e-06	-2.410906e-02	9.948942e+00
5.830000e-06	-3.167423e-02	9.877367e+00
5.840000e-06	-3.980416e-02	9.926292e+00
5.850000e-06	-4.012459e-02	9.866787e+00
5.860000e-06	-3.159430e-02	9.865651e+00
5.870000e-06	-3.087122e-02	9.799574e+00
5.880000e-06	-3.740410e-02	9.716339e+00
5.890000e-06	-4.170359e-02	9.673216e+00
5.900000e-06	-3.650004e-02	9.652653e+00
5.910000e-06	-3.143627e-02	9.599424e+00
5.920000e-06	-3.323794e-02	9.559426e+00
5.930000e-06	-3.989736e-02	9.525265e+00
5.940000e-06	-3.971799e-02	9.483156e+00
5.950000e-06	-3.390736e-02	9.400475e+00
5.960000e-06	-3.048021e-02	9.316317e+00
5.970000e-06	-3.383689e-02	9.274212e+00
5.980000e-06	-3.584544e-02	9.201079e+00
5.990000e-06	-3.297468e-02	9.128868e+00
6.000000e-06	-2.738521e-02	9.025712e+00
6.010000e-06	-2.647816e-02	8.928902e+00
6.020000e-06	-2.974084e-02	8.852659e+00
6.030000e-06	-2.993654e-02	8.759474e+00
6.040000e-06	-2.444983e-02	8.685737e+00
6.050000e-06	-2.174534e-02	8.601680e+00
6.060000e-06	-2.299131e-02	8.496363e+00
6.070000e-06	-2.609931e-02	8.413557e+00
6.080000e-06	-2.317266e-02	8.317373e+00
6.090000e-06	-1.977442e-02	8.252082e+00
6.100000e-06	-1.705378e-02	8.104837e+00
6.110000e-06	-2.075807e-02	8.002074e+00
6.120000e-06	-2.048405e-02	7.884659e+00
6.130000e-06	-1.828409e-02	7.739976e+00
6.140000e-06	-1.506689e-02	7.653730e+00
6.150000e-06	-1.684086e-02	7.508842e+00
6.160000e-06	-1.815481e-02	7.380047e+00
6.170000e-06	-1.688590e-02	7.231106e+00
6.180000e-06	-1.282028e-02	7.084811e+00
6.190000e-06	-1.198356e-02	6.938950e+00
6.200000e-06	-1.429846e-02	6.873131e+00
6.210000e-06	-1.446854e-02	6.749395e+00
6.220000e-06	-1.300846e-02	6.546872e+00
6.230000e-06	-1.022479e-02	6.371051e+00
6.240000e-06	-1.133934e-02	6.265212e+00
6.250000e-06	-1.327538e-02	6.136866e+00
6.260000e-06	-1.277291e-02	6.030603e+00
6.270000e-06	-1.037074e-02	5.885862e+00
6.280000e-06	-8.975976e-03	5.695159e+00
6.290000e-06	-1.088468e-02	5.536817e+00
6.300000e-06	-1.152778e-02	5.369975e+00
6.310000e-06	-1.016168e-02	5.222579e+00
6.320000e-06	-7.684074e-03	4.961450e+00
6.330000e-06	-8.753979e-03	4.799480e+00
6.340000e-06	-1.023081e-02	4.663108e+00
6.350000e-06	-9.588194e-03	4.475760e+00
6.360000e-06	-8.421766e-03	4.368897e+00
6.370000e-06	-6.861991e-03	4.138369e+00
6.380000e-06	-8.194610e-03	3.989897e+00
6.390000e-06	-9.510021e-03	3.832578e+00
6.400000e-06	-8.258735e-03	3.702608e+00
6.410000e-06	-6.505862e-03	3.477387e+00
6.420000e-06	-5.830482e-03	3.284688e+00
6.430000e-06	-7.616920e-03	3.107795e+00
6.440000e-06	-8.013101e-03	2.948391e+00
6.450000e-06	-6.568972e-03	2.831526e+00
6.460000e-06	-5.876356e-03	2.609956e+00
6.470000e-06	-6.836682e-03	2.380026e+00
6.480000e-06	-7.191693e-03	2.212082e+00
6.490000e-06	-7.384695e-03	2.074132e+00
6.500000e-06	-5.251435e-03	1.907766e+00
6.510000e-06	-5.000573e-03	1.704717e+00
6.520000e-06	-5.721475e-03	1.506237e+00
6.530000e-06	-5.705664e-03	1.316767e+00
6.540000e-06	-5.520158e-03	1.117790e+00
6.550000e-06	-4.355970e-03	8.752119e-01
6.560000e-06	-4.126666e-03	6.757147e-01
6.570000e-06	-4.980945e-03	5.378149e-01
6.580000e-06	-6.281751e-03	3.899712e-01
6.590000e-06	-4.776394e-03	1.288226e-01
6.600000e-06	-2.496488e-03	-1.158377e-02
6.610000e-06	2.171050e-03	-1.495485e-01
6.620000e-06	-2.750041e-04	-3.374171e-01
6.630000e-06	-9.461663e-04	-5.042907e-01
6.640000e-06	-1.479901e-04	-7.167356e-01
6.650000e-06	-8.085667e-04	-8.952578e-01
6.660000e-06	-2.715536e-03	-9.921014e-01
6.670000e-06	-8.988836e-04	-1.198999e+00
6.680000e-06	2.285574e-02	-1.369103e+00
6.690000e-06	7.554896e-02	-1.571026e+00
6.700000e-06	-2.257175e-02	-1.852685e+00
6.710000e-06	-3.013952e-02	-2.137963e+00
6.720000e-06	-8.110104e-02	-2.357446e+00
6.730000e-06	-3.894444e-02	-2.422053e+00
6.740000e-06	1.276481e-01	-2.462080e+00
6.750000e-06	-7.737744e-02	-2.654233e+00
6.760000e-06	-3.574174e-02	-2.904308e+00
6.770000e-06	1.411994e-01	-2.979422e+00
6.780000e-06	-9.632920e-02	-3.229101e+00
6.790000e-06	3.093866e-02	-3.463058e+00
6.800000e-06	1.039776e-01	-3.578396e+00
6.810000e-06	-1.503067e-01	-3.768496e+00
6.820000e-06	2.017644e-02	-3.917868e+00
6.830000e-06	6.953523e-02	-4.103712e+00
6.840000e-06	-3.190387e-02	-4.305817e+00
6.850000e-06	8.191722e-02	-4.400026e+00
6.860000e-06	-9.144576e-02	-4.606947e+00
6.870000e-06	3.152205e-03	-4.790049e+00
6.880000e-06	8.981090e-02	-4.915716e+00
6.890000e-06	-6.724371e-02	-5.085839e+00
6.900000e-06	1.793797e-02	-5.274134e+00
6.910000e-06	-3.207256e-02	-5.473709e+00
6.920000e-06	3.784291e-02	-5.663185e+00
6.930000e-06	4.348510e-02	-5.780550e+00
6.940000e-06	-4.763298e-02	-5.938418e+00
6.950000e-06	2.929272e-02	-6.042705e+00
6.960000e-06	-5.718023e-02	-6.262605e+00
6.970000e-06	5.738837e-02	-6.411551e+00
6.980000e-06	3.558814e-02	-6.537342e+00
6.990000e-06	-5.002380e-02	-6.696289e+00
7.000000e-06	3.008881e-02	-6.810001e+00
7.010000e-06	-2.207261e-02	-6.989942e+00
7.020000e-06	5.656712e-02	-7.138371e+00
7.030000e-06	-1.518326e-02	-7.262683e+00
7.040000e-06	-3.104271e-02	-7.401072e+00
7.050000e-06	2.229564e-02	-7.495261e+00
7.060000e-06	6.778472e-03	-7.622157e+00
7.070000e-06	5.035924e-02	-7.762572e+00
7.080000e-06	-2.943333e-02	-7.936793e+00
7.090000e-06	1.016312e-04	-8.033705e+00
7.100000e-06	9.418516e-03	-8.147397e+00
7.110000e-06	1.875953e-02	-8.274236e+00
7.120000e-06	1.983427e-02	-8.348872e+00
7.130000e-06	-2.798146e-02	-8.522582e+00
7.140000e-06	1.593401e-02	-8.567870e+00
7.150000e-06	1.829678e-02	-8.654163e+00
7.160000e-06	3.089843e-02	-8.789923e+00
7.170000e-06	-1.940448e-03	-8.884635e+00
7.180000e-06	-1.119978e-02	-8.919890e+00
7.190000e-06	1.635386e-02	-9.041552e+00
7.200000e-06	1.841007e-02	-9.084839e+00
7.210000e-06	2.052399e-02	-9.167471e+00
7.220000e-06	-1.114772e-02	-9.232105e+00
7.230000e-06	5.947041e-03	-9.325787e+00
7.240000e-06	2.196404e-02	-9.351553e+00
7.250000e-06	2.655350e-02	-9.506238e+00
7.260000e-06	8.435857e-03	-9.537919e+00
7.270000e-06	-5.628411e-03	-9.610553e+00
7.280000e-06	1.473303e-02	-9.663607e+00
7.290000e-06	2.501318e-02	-9.695763e+00
7.300000e-06	2.104459e-02	-9.755891e+00
7.310000e-06	1.480226e-03	-9.759074e+00
7.320000e-06	3.753203e-03	-9.811081e+00
7.330000e-06	2.157013e-02	-9.844104e+00
7.340000e-06	2.585821e-02	-9.907238e+00
7.350000e-06	1.746890e-02	-9.925788e+00
7.360000e-06	4.978299e-03	-9.938418e+00
7.370000e-06	1.539025e-02	-9.958343e+00
7.380000e-06	2.690575e-02	-9.968845e+00
7.390000e-06	2.510162e-02	-9.990997e+00
7.400000e-06	1.165563e-02	-1.001003e+01
7.410000e-06	8.204088e-03	-1.003207e+01
7.420000e-06	2.378895e-02	-1.000095e+01
7.430000e-06	3.100248e-02	-1.000011e+01
7.440000e-06	2.459506e-02	-1.001150e+01
7.450000e-06	1.503139e-02	-9.991553e+00
7.460000e-06	2.026499e-02	-9.980575e+00
7.470000e-06	3.081610e-02	-1.001060e+01
7.480000e-06	3.031365e-02	-9.969525e+00
7.490000e-06	2.128683e-02	-9.968448e+00
7.500000e-06	1.888976e-02	-9.938867e+00
7.510000e-06	2.734956e-02	-9.926814e+00
7.520000e-06	3.635433e-02	-9.916716e+00
7.530000e-06	3.105896e-02	-9.882655e+00
7.540000e-06	2.189816e-02	-9.852081e+00
7.550000e-06	2.426515e-02	-9.810024e+00
7.560000e-06	3.322630e-02	-9.789867e+00
7.570000e-06	3.539286e-02	-9.717362e+00
7.580000e-06	2.686076e-02	-9.655156e+00
7.590000e-06	2.158931e-02	-9.641131e+00
7.600000e-06	2.745917e-02	-9.559923e+00
7.610000e-06	3.411384e-02	-9.548869e+00
7.620000e-06	3.060586e-02	-9.456707e+00
7.630000e-06	2.115199e-02	-9.380972e+00
7.640000e-06	2.073188e-02	-9.263760e+00
7.650000e-06	2.712716e-02	-9.199447e+00
7.660000e-06	2.890147e-02	-9.148341e+00
7.670000e-06	2.146497e-02	-9.052229e+00
7.680000e-06	1.427741e-02	-8.968898e+00
7.690000e-06	1.761590e-02	-8.884758e+00
7.700000e-06	2.259408e-02	-8.780553e+00
7.710000e-06	2.075467e-02	-8.727394e+00
7.720000e-06	1.345582e-02	-8.614027e+00
7.730000e-06	1.125328e-02	-8.525288e+00
7.740000e-06	1.634848e-02	-8.402127e+00
7.750000e-06	1.848216e-02	-8.286363e+00
7.760000e-06	1.280772e-02	-8.182054e+00
7.770000e-06	7.120379e-03	-8.095287e+00
7.780000e-06	8.293380e-03	-8.032078e+00
7.790000e-06	1.285340e-02	-7.887814e+00
7.800000e-06	1.212026e-02	-7.728888e+00
7.810000e-06	5.822734e-03	-7.580001e+00
7.820000e-06	4.406673e-03	-7.444208e+00
7.830000e-06	6.935940e-03	-7.355813e+00
7.840000e-06	1.143754e-02	-7.221000e+00
7.850000e-06	7.249585e-03	-7.076287e+00
7.860000e-06	2.509712e-03	-6.956866e+00
7.870000e-06	2.917564e-03	-6.759449e+00
7.880000e-06	6.401167e-03	-6.674184e+00
7.890000e-06	6.368370e-03	-6.556890e+00
7.900000e-06	2.836834e-03	-6.350497e+00
7.910000e-06	-1.724914e-04	-6.247129e+00
7.920000e-06	2.245773e-03	-6.053657e+00
7.930000e-06	5.360927e-03	-5.917811e+00
7.940000e-06	3.875567e-03	-5.740522e+00
7.950000e-06	-6.313061e-04	-5.652129e+00
7.960000e-06	-6.518523e-04	-5.435808e+00
7.970000e-06	1.670505e-03	-5.305182e+00
7.980000e-06	3.362921e-03	-5.087188e+00
7.990000e-06	-6.986513e-04	-4.916342e+00
8.000000e-06	-3.844225e-03	-4.656087e+00
8.010000e-06	-2.152760e-03	-4.569846e+00
8.020000e-06	9.072472e-04	-4.422052e+00
8.030000e-06	-2.614490e-05	-4.254707e+00
8.040000e-06	-2.505119e-03	-4.137740e+00
8.050000e-06	-2.060868e-03	-3.958497e+00
8.060000e-06	9.974166e-04	-3.770020e+00
8.070000e-06	2.139646e-04	-3.570399e+00
8.080000e-06	-2.634989e-03	-3.412001e+00
8.090000e-06	-5.093269e-03	-3.204130e+00
8.100000e-06	-4.063683e-03	-3.066162e+00
8.110000e-06	-3.299511e-03	-2.873187e+00
8.120000e-06	-4.807376e-03	-2.726336e+00
8.130000e-06	-4.987565e-03	-2.538287e+00
8.140000e-06	-3.865615e-03	-2.368447e+00
8.150000e-06	1.255278e-04	-2.170472e+00
8.160000e-06	-7.652828e-04	-1.957421e+00
8.170000e-06	-2.890756e-03	-1.800874e+00
8.180000e-06	-6.654525e-03	-1.674155e+00
8.190000e-06	-5.798317e-03	-1.423701e+00
8.200000e-06	-5.535466e-03	-1.232500e+00
8.210000e-06	-5.445249e-03	-1.023528e+00
8.220000e-06	-5.973427e-03	-8.516029e-01
8.230000e-06	-5.067256e-03	-6.651607e-01
8.240000e-06	-1.747671e-03	-4.625817e-01
8.250000e-06	-2.218272e-03	-2.857092e-01
8.260000e-06	-3.090056e-03	-1.372634e-01
8.270000e-06	-2.350625e-03	4.108027e-02
8.280000e-06	-2.079191e-03	2.517055e-01
8.290000e-06	-3.567223e-03	4.314803e-01
8.300000e-06	-2.146733e-03	5.589499e-01
8.310000e-06	-3.711006e-03	7.754171e-01
8.320000e-06	-3.530148e-03	8.622128e-01
8.330000e-06	-6.868007e-04	1.147261e+00
8.340000e-06	7.224720e-03	1.294236e+00
8.350000e-06	4.362679e-02	1.484892e+00
8.360000e-06	4.036310e-02	1.768453e+00
8.370000e-06	-3.876904e-02	1.956972e+00
8.380000e-06	-4.320563e-02	2.135392e+00
8.390000e-06	-6.917005e-02	2.303214e+00
8.400000e-06	-4.612251e-02	2.420004e+00
8.410000e-06	1.106120e-01	2.538472e+00
8.420000e-06	-5.631535e-02	2.757895e+00
8.430000e-06	-5.496844e-02	2.875738e+00
8.440000e-06	1.145404e-01	3.103762e+00
8.450000e-06	-4.909734e-02	3.304230e+00
8.460000e-06	1.133906e-03	3.381611e+00
8.470000e-06	6.412002e-02	3.579498e+00
8.480000e-06	-1.102546e-01	3.749468e+00
8.490000e-06	-9.779606e-03	3.926391e+00
8.500000e-06	4.815637e-02	4.162914e+00
8.510000e-06	-2.059643e-02	4.316919e+00
8.520000e-06	1.658194e-02	4.504709e+00
8.530000e-06	-5.094832e-02	4.663287e+00
8.540000e-06	-8.328069e-03	4.818575e+00
8.550000e-06	3.549983e-02	4.967429e+00
8.560000e-06	-1.263253e-02	5.242130e+00
8.570000e-06	-2.952457e-02	5.379578e+00
8.580000e-06	-1.429585e-02	5.536921e+00
8.590000e-06	2.089291e-02	5.693835e+00
8.600000e-06	6.006072e-04	5.861657e+00
8.610000e-06	-2.170719e-02	6.010181e+00
8.620000e-06	-2.149697e-02	6.137847e+00
8.630000e-06	-3.467530e-02	6.326766e+00
8.640000e-06	3.139984e-02	6.412555e+00
8.650000e-06	1.153194e-02	6.560472e+00
8.660000e-06	-3.317057e-02	6.749365e+00
8.670000e-06	-1.469220e-02	6.886237e+00
8.680000e-06	-6.380924e-03	7.010553e+00
8.690000e-06	1.221029e-02	7.135845e+00
8.700000e-06	-2.252992e-02	7.240157e+00
8.710000e-06	-3.437586e-02	7.331128e+00
8.720000e-06	-1.483893e-02	7.548948e+00
8.730000e-06	1.089398e-02	7.664811e+00
8.740000e-06	7.898182e-03	7.789055e+00
8.750000e-06	-2.568016e-02	7.940975e+00
8.760000e-06	-2.424180e-02	8.116367e+00
8.770000e-06	-9.236364e-03	8.221099e+00
8.780000e-06	2.646270e-03	8.275737e+00
8.790000e-06	-1.308407e-02	8.369476e+00
8.800000e-06	-3.358197e-02	8.452683e+00
8.810000e-06	-1.990725e-02	8.548874e+00
8.820000e-06	2.288567e-03	8.662733e+00
8.830000e-06	-2.367706e-04	8.735341e+00
8.840000e-06	-2.138027e-02	8.810998e+00
8.850000e-06	-2.940412e-02	8.895309e+00
8.860000e-06	-1.226949e-02	9.000525e+00
8.870000e-06	-1.652355e-03	9.027239e+00
8.880000e-06	-1.311087e-02	9.169448e+00
8.890000e-06	-3.195079e-02	9.242631e+00
8.900000e-06	-2.704232e-02	9.305263e+00
8.910000e-06	-6.156505e-03	9.348046e+00
8.920000e-06	-5.429061e-03	9.411524e+00
8.930000e-06	-2.173163e-02	9.473708e+00
8.940000e-06	-3.117375e-02	9.486742e+00
8.950000e-06	-1.854229e-02	9.579052e+00
8.960000e-06	-6.639073e-03	9.611627e+00
8.970000e-06	-1.574057e-02	9.693232e+00
8.980000e-06	-3.277801e-02	9.666789e+00
8.990000e-06	-3.139220e-02	9.789021e+00
9.000000e-06	-1.508359e-02	9.781623e+00
9.010000e-06	-1.255262e-02	9.802764e+00
9.020000e-06	-2.439014e-02	9.877241e+00
9.030000e-06	-3.310157e-02	9.927790e+00
9.040000e-06	-2.436986e-02	9.927442e+00
9.050000e-06	-1.459914e-02	9.947968e+00
9.060000e-06	-2.077743e-02	9.948423e+00
9.070000e-06	-3.460223e-02	1.000998e+01
9.080000e-06	-3.721892e-02	1.001950e+01
9.090000e-06	-2.533208e-02	1.001055e+01
9.100000e-06	-1.994464e-02	9.978525e+00
9.110000e-06	-2.875326e-02	9.979996e+00
9.120000e-06	-3.876452e-02	9.979024e+00
9.130000e-06	-3.260306e-02	9.938973e+00
9.140000e-06	-2.479847e-02	9.958868e+00
9.150000e-06	-2.794761e-02	9.928372e+00
9.160000e-06	-3.893489e-02	9.916813e+00
9.170000e-06	-4.203583e-02	9.884705e+00
9.180000e-06	-3.279402e-02	9.845163e+00
9.190000e-06	-2.715152e-02	9.792050e+00
9.200000e-06	-3.498336e-02	9.738946e+00
9.210000e-06	-4.327658e-02	9.665314e+00
9.220000e-06	-4.071370e-02	9.633210e+00
9.230000e-06	-3.190446e-02	9.591078e+00
9.240000e-06	-3.113946e-02	9.540394e+00
9.250000e-06	-3.821462e-02	9.506767e+00
9.260000e-06	-4.269327e-02	9.453762e+00
9.270000e-06	-3.542380e-02	9.421104e+00
9.280000e-06	-2.699582e-02	9.339344e+00
9.290000e-06	-3.113894e-02	9.264659e+00
9.300000e-06	-3.950564e-02	9.222056e+00
9.310000e-06	-3.674026e-02	9.189023e+00
9.320000e-06	-2.618359e-02	9.056813e+00
9.330000e-06	-2.274934e-02	9.020426e+00
9.340000e-06	-2.991442e-02	8.843158e+00
9.350000e-06	-3.433777e-02	8.799528e+00
9.360000e-06	-2.723486e-02	8.697865e+00
9.370000e-06	-1.951433e-02	8.642581e+00
9.380000e-06	-2.033275e-02	8.548394e+00
9.390000e-06	-2.822393e-02	8.452583e+00
9.400000e-06	-2.717000e-02	8.389525e+00
9.410000e-06	-1.980219e-02	8.275236e+00
9.420000e-06	-1.478226e-02	8.189418e+00
9.430000e-06	-1.896395e-02	8.033529e+00
9.440000e-06	-2.363732e-02	7.938917e+00
9.450000e-06	-2.047752e-02	7.812027e+00
9.460000e-06	-1.333039e-02	7.684736e+00
9.470000e-06	-1.307660e-02	7.538396e+00
9.480000e-06	-1.854452e-02	7.432652e+00
9.490000e-06	-1.953116e-02	7.263633e+00
9.500000e-06	-1.440035e-02	7.188892e+00
9.510000e-06	-1.001580e-02	7.022028e+00
9.520000e-06	-1.388852e-02	6.845133e+00
9.530000e-06	-1.814314e-02	6.749950e+00
9.540000e-06	-1.589347e-02	6.581028e+00
9.550000e-06	-1.002762e-02	6.451557e+00
9.560000e-06	-8.235278e-03	6.305837e+00
9.570000e-06	-1.238723e-02	6.179474e+00
9.580000e-06	-1.437643e-02	6.053608e+00
9.590000e-06	-1.079202e-02	5.918418e+00
9.600000e-06	-6.671335e-03	5.716841e+00
9.610000e-06	-9.226954e-03	5.560946e+00
9.620000e-06	-1.311722e-02	5.421529e+00
9.630000e-06	-1.243295e-02	5.243583e+00
9.640000e-06	-7.223987e-03	5.064186e+00
9.650000e-06	-6.180673e-03	4.843632e+00
9.660000e-06	-9.342507e-03	4.695787e+00
9.670000e-06	-1.195835e-02	4.547316e+00
9.680000e-06	-9.044052e-03	4.410001e+00
9.690000e-06	-4.806072e-03	4.192549e+00
9.700000e-06	-6.451420e-03	4.011083e+00
9.710000e-06	-9.732095e-03	3.865182e+00
9.720000e-06	-1.045845e-02	3.727268e+00
9.730000e-06	-7.707828e-03	3.588921e+00
9.740000e-06	-5.002701e-03	3.340389e+00
9.750000e-06	-6.675176e-03	3.169474e+00
9.760000e-06	-8.424846e-03	3.020476e+00
9.770000e-06	-6.053923e-03	2.841532e+00
9.780000e-06	-3.957206e-03	2.667782e+00
9.790000e-06	-5.807806e-03	2.462058e+00
9.800000e-06	-7.478718e-03	2.283659e+00
9.810000e-06	-9.426838e-03	2.106238e+00
9.820000e-06	-7.041643e-03	1.948316e+00
9.830000e-06	-3.871295e-03	1.790421e+00
9.840000e-06	-5.231433e-03	1.587843e+00
9.850000e-06	-5.351498e-03	1.369475e+00
9.860000e-06	-3.924686e-03	1.200503e+00
9.870000e-06	-3.506634e-03	9.468209e-01
9.880000e-06	-3.109727e-03	7.393236e-01
9.890000e-06	-8.402802e-03	6.113701e-01
9.900000e-06	-7.436457e-03	4.200816e-01
9.910000e-06	-5.363214e-03	2.325316e-01
9.920000e-06	-2.488035e-03	2.105157e-02
9.930000e-06	-1.261072e-04	-1.483919e-01
9.940000e-06	8.980678e-04	-3.254142e-01
9.950000e-06	-1.015443e-03	-4.422078e-01
9.960000e-06	3.686732e-03	-7.147600e-01
9.970000e-06	-4.972249e-04	-8.696065e-01
9.980000e-06	-4.975246e-03	-9.994511e-01
9.990000e-06	-4.664094e-03	-1.128467e+00
1.000000e-05	1.026377e-02	-1.355894e+00
1.001000e-05	7.682079e-02	-1.587942e+00
1.002000e-05	5.655486e-03	-1.788468e+00
1.003000e-05	-3.777588e-02	-2.062733e+00
1.004000e-05	-5.405669e-02	-2.335740e+00
1.005000e-05	-8.664287e-02	-2.441028e+00
1.006000e-05	1.097733e-01	-2.441553e+00
1.007000e-05	8.963962e-03	-2.558500e+00
1.008000e-05	-1.196026e-01	-2.822753e+00
1.009000e-05	1.308606e-01	-2.938816e+00
1.010000e-05	-3.590904e-02	-3.115369e+00
1.011000e-05	-5.411091e-02	-3.410021e+00
1.012000e-05	1.402771e-01	-3.515917e+00
1.013000e-05	-9.094178e-02	-3.706289e+00
1.014000e-05	-6.269769e-02	-3.906764e+00
1.015000e-05	1.095183e-01	-4.021654e+00
1.016000e-05	-4.395348e-02	-4.282708e+00
1.017000e-05	6.648428e-02	-4.349524e+00
1.018000e-05	-3.043614e-02	-4.503863e+00
1.019000e-05	-6.442800e-02	-4.725967e+00
1.020000e-05	1.127842e-01	-4.924183e+00
1.021000e-05	-4.533598e-02	-5.032634e+00
1.022000e-05	-8.512840e-03	-5.243602e+00
1.023000e-05	-5.025685e-03	-5.400029e+00
1.024000e-05	-2.860648e-03	-5.651030e+00
1.025000e-05	7.283058e-02	-5.748346e+00
1.026000e-05	-4.739719e-02	-5.915340e+00
1.027000e-05	1.839146e-02	-6.023105e+00
1.028000e-05	-3.373093e-02	-6.148548e+00
1.029000e-05	5.538679e-03	-6.360399e+00
1.030000e-05	7.910242e-02	-6.505312e+00
1.031000e-05	-5.478905e-02	-6.643162e+00
1.032000e-05	2.090030e-02	-6.809395e+00
1.033000e-05	-1.215338e-02	-6.914340e+00
1.034000e-05	2.969348e-02	-7.093764e+00
1.035000e-05	2.632572e-02	-7.231054e+00
1.036000e-05	-5.170047e-02	-7.347944e+00
1.037000e-05	2.336864e-02	-7.452708e+00
1.038000e-05	-1.716237e-03	-7.609452e+00
1.039000e-05	4.778663e-02	-7.758471e+00
1.040000e-05	-4.340470e-03	-7.863659e+00
1.041000e-05	-1.892206e-02	-8.012030e+00
1.042000e-05	1.872602e-02	-8.115389e+00
1.043000e-05	4.996289e-03	-8.221080e+00
1.044000e-05	3.243063e-02	-8.357343e+00
1.045000e-05	-2.538320e-02	-8.420579e+00
1.046000e-05	3.119722e-03	-8.516788e+00
1.047000e-05	1.959092e-02	-8.602189e+00
1.048000e-05	2.604286e-02	-8.757401e+00
1.049000e-05	1.278753e-02	-8.822610e+00
1.050000e-05	-1.810004e-02	-8.916839e+00
1.051000e-05	1.455697e-02	-8.990075e+00
1.052000e-05	1.435508e-02	-9.073785e+00
1.053000e-05	2.588712e-02	-9.157945e+00
1.054000e-05	-4.583890e-03	-9.201523e+00
1.055000e-05	-4.291434e-03	-9.283833e+00
1.056000e-05	2.005218e-02	-9.339543e+00
1.057000e-05	2.588078e-02	-9.433109e+00
1.058000e-05	1.591398e-02	-9.518294e+00
1.059000e-05	-7.362488e-03	-9.610525e+00
1.060000e-05	9.956602e-03	-9.633507e+00
1.061000e-05	2.488434e-02	-9.654187e+00
1.062000e-05	2.402504e-02	-9.717842e+00
1.063000e-05	3.515419e-03	-9.770025e+00
1.064000e-05	2.384841e-04	-9.813079e+00
1.065000e-05	1.872058e-02	-9.823132e+00
1.066000e-05	2.700577e-02	-9.886737e+00
1.067000e-05	1.950234e-02	-9.916814e+00
1.068000e-05	4.299230e-03	-9.958495e+00
1.069000e-05	1.201176e-02	-9.959421e+00
1.070000e-05	2.717759e-02	-9.958417e+00
1.071000e-05	2.722369e-02	-1.001948e+01
1.072000e-05	1.319118e-02	-9.990026e+00
1.073000e-05	6.756574e-03	-1.000003e+01
1.074000e-05	1.981430e-02	-9.990076e+00
1.075000e-05	3.153289e-02	-1.001055e+01
1.076000e-05	2.693809e-02	-1.001108e+01
1.077000e-05	1.465044e-02	-1.003012e+01
1.078000e-05	1.735786e-02	-9.989950e+00
1.079000e-05	3.037095e-02	-1.000052e+01
1.080000e-05	3.238687e-02	-9.989522e+00
1.081000e-05	2.258278e-02	-9.969971e+00
1.082000e-05	1.708138e-02	-9.938365e+00
1.083000e-05	2.585696e-02	-9.916265e+00
1.084000e-05	3.622968e-02	-9.887336e+00
1.085000e-05	3.369664e-02	-9.855684e+00
1.086000e-05	2.331648e-02	-9.843579e+00
1.087000e-05	2.276911e-02	-9.770030e+00
1.088000e-05	3.281470e-02	-9.759969e+00
1.089000e-05	3.681839e-02	-9.727312e+00
1.090000e-05	2.920212e-02	-9.705865e+00
1.091000e-05	2.165601e-02	-9.632653e+00
1.092000e-05	2.629129e-02	-9.579495e+00
1.093000e-05	3.360944e-02	-9.497791e+00
1.094000e-05	3.141972e-02	-9.476757e+00
1.095000e-05	2.197290e-02	-9.392122e+00
1.096000e-05	1.985124e-02	-9.264759e+00
1.097000e-05	2.611895e-02	-9.190079e+00
1.098000e-05	2.994887e-02	-9.129915e+00
1.099000e-05	2.371294e-02	-9.064760e+00
1.100000e-05	1.571601e-02	-8.959527e+00
1.101000e-05	1.731621e-02	-8.925762e+00
1.102000e-05	2.343635e-02	-8.833130e+00
1.103000e-05	2.130358e-02	-8.740449e+00
1.104000e-05	1.491699e-02	-8.654281e+00
1.105000e-05	9.255632e-03	-8.497865e+00
1.106000e-05	1.607305e-02	-8.400606e+00
1.107000e-05	1.970133e-02	-8.328370e+00
1.108000e-05	1.674711e-02	-8.254178e+00
1.109000e-05	8.302736e-03	-8.117364e+00
1.110000e-05	5.912394e-03	-8.012629e+00
1.111000e-05	9.705728e-03	-7.928420e+00
1.112000e-05	1.217678e-02	-7.800047e+00
1.113000e-05	5.498344e-03	-7.631576e+00
1.114000e-05	4.378932e-03	-7.485713e+00
1.115000e-05	6.214831e-03	-7.339975e+00
1.116000e-05	1.451189e-02	-7.251605e+00
1.117000e-05	1.069715e-02	-7.167916e+00
1.118000e-05	4.153493e-03	-6.939419e+00
1.119000e-05	-5.335035e-04	-6.822529e+00
1.120000e-05	3.142956e-03	-6.716282e+00
1.121000e-05	4.959968e-03	-6.570468e+00
1.122000e-05	1.773725e-03	-6.411582e+00
1.123000e-05	-7.385263e-05	-6.296785e+00
1.124000e-05	2.500489e-03	-6.104838e+00
1.125000e-05	7.563389e-03	-5.927946e+00
1.126000e-05	6.317420e-03	-5.832553e+00
1.127000e-05	-1.091389e-04	-5.685136e+00
1.128000e-05	-3.371824e-03	-5.517393e+00
1.129000e-05	-1.357853e-03	-5.348815e+00
1.130000e-05	2.465255e-03	-5.116840e+00
1.131000e-05	-3.192788e-04	-4.959470e+00
1.132000e-05	-2.282673e-03	-4.786972e+00
1.133000e-05	-1.401646e-03	-4.581446e+00
1.134000e-05	2.788596e-03	-4.484683e+00
1.135000e-05	2.631371e-03	-4.326736e+00
1.136000e-05	-8.807836e-04	-4.158370e+00
1.137000e-05	-5.603370e-03	-4.002028e+00
1.138000e-05	-2.633422e-03	-3.814156e+00
1.139000e-05	-8.482350e-04	-3.622550e+00
1.140000e-05	-1.558846e-03	-3.414708e+00
1.141000e-05	-3.839674e-03	-3.304787e+00
1.142000e-05	-4.753817e-03	-3.128387e+00
1.143000e-05	-1.973894e-03	-2.906316e+00
1.144000e-05	-1.362751e-03	-2.758922e+00
1.145000e-05	-3.592915e-03	-2.570925e+00
1.146000e-05	-4.672159e-03	-2.469474e+00
1.147000e-05	-2.983511e-03	-2.274130e+00
1.148000e-05	-2.382826e-03	-2.051601e+00
1.149000e-05	-2.702775e-03	-1.882632e+00
1.150000e-05	-4.936135e-03	-1.685738e+00
1.151000e-05	-5.688233e-03	-1.495763e+00
1.152000e-05	-5.058344e-03	-1.254162e+00
1.153000e-05	-3.828328e-03	-1.095659e+00
1.154000e-05	-4.571064e-03	-9.171645e-01
1.155000e-05	-5.204295e-03	-7.478409e-01
1.156000e-05	-4.241936e-03	-5.457145e-01
1.157000e-05	-3.642029e-03	-3.162897e-01
1.158000e-05	-3.250505e-03	-1.683988e-01
1.159000e-05	-2.123847e-03	-4.764344e-04
1.160000e-05	-8.924840e-04	1.899736e-01
1.161000e-05	-3.390936e-03	3.484473e-01
1.162000e-05	-6.576029e-04	5.378671e-01
1.163000e-05	-2.771713e-03	7.032881e-01
1.164000e-05	-2.313294e-03	8.421303e-01
1.165000e-05	-3.198323e-03	1.053234e+00
1.166000e-05	3.182591e-03	1.231633e+00
1.167000e-05	2.691914e-02	1.459604e+00
1.168000e-05	5.704167e-02	1.664740e+00
1.169000e-05	-2.251014e-02	1.924891e+00
1.170000e-05	-4.602576e-02	2.053188e+00
1.171000e-05	-5.512503e-02	2.261709e+00
1.172000e-05	-7.185041e-02	2.398396e+00
1.173000e-05	7.882526e-02	2.494338e+00
1.174000e-05	1.886355e-02	2.716316e+00
1.175000e-05	-1.189952e-01	2.872682e+00
1.176000e-05	1.091157e-01	3.020105e+00
1.177000e-05	3.740334e-03	3.221056e+00
1.178000e-05	-4.733947e-02	3.390923e+00
1.179000e-05	7.986961e-02	3.556422e+00
1.180000e-05	-7.055112e-02	3.706389e+00
1.181000e-05	-6.748080e-02	3.876186e+00
1.182000e-05	6.475464e-02	4.071662e+00
1.183000e-05	-1.152716e-02	4.234257e+00
1.184000e-05	1.167137e-02	4.431606e+00
1.185000e-05	-2.885588e-02	4.634654e+00
1.186000e-05	-3.802397e-02	4.749525e+00
1.187000e-05	3.811017e-02	4.946895e+00
1.188000e-05	-4.272965e-03	5.130023e+00
1.189000e-05	-2.792003e-02	5.327894e+00
1.190000e-05	-2.439932e-02	5.526313e+00
1.191000e-05	1.438263e-02	5.620605e+00
1.192000e-05	1.555159e-02	5.800504e+00
1.193000e-05	-2.097390e-02	5.987922e+00
1.194000e-05	-1.275381e-02	6.117814e+00
1.195000e-05	-4.088012e-02	6.285214e+00
1.196000e-05	1.328309e-02	6.349477e+00
1.197000e-05	2.464945e-02	6.527363e+00
1.198000e-05	-3.037826e-02	6.698338e+00
1.199000e-05	-2.025006e-02	6.854259e+00
1.200000e-05	-9.878026e-03	6.967948e+00
1.201000e-05	1.135777e-02	7.125288e+00
1.202000e-05	-7.184833e-03	7.191005e+00
1.203000e-05	-3.504640e-02	7.328921e+00
1.204000e-05	-2.309009e-02	7.548291e+00
1.205000e-05	2.935809e-03	7.674684e+00
1.206000e-05	1.362010e-02	7.728920e+00
1.207000e-05	-1.735304e-02	7.907844e+00
1.208000e-05	-3.129164e-02	8.033235e+00
1.209000e-05	-1.262589e-02	8.190049e+00
1.210000e-05	2.749829e-03	8.276238e+00
1.211000e-05	-2.185386e-03	8.336874e+00
1.212000e-05	-3.059013e-02	8.451106e+00
1.213000e-05	-2.765220e-02	8.507292e+00
1.214000e-05	-1.115770e-03	8.643103e+00
1.215000e-05	3.336567e-03	8.676740e+00
1.216000e-05	-1.589810e-02	8.747951e+00
1.217000e-05	-3.473626e-02	8.883684e+00
1.218000e-05	-1.828745e-02	8.949950e+00
1.219000e-05	-2.118514e-03	9.095610e+00
1.220000e-05	-6.495605e-03	9.097391e+00
1.221000e-05	-2.692299e-02	9.201031e+00
1.222000e-05	-3.096206e-02	9.283684e+00
1.223000e-05	-1.056697e-02	9.376846e+00
1.224000e-05	-3.438494e-03	9.400575e+00
1.225000e-05	-1.712350e-02	9.444134e+00
1.226000e-05	-3.177180e-02	9.516289e+00
1.227000e-05	-2.352512e-02	9.557396e+00
1.228000e-05	-8.558168e-03	9.611578e+00
1.229000e-05	-1.046443e-02	9.615559e+00
1.230000e-05	-2.771274e-02	9.677363e+00
1.231000e-05	-3.347831e-02	9.755921e+00
1.232000e-05	-1.966665e-02	9.783149e+00
1.233000e-05	-1.130329e-02	9.844100e+00
1.234000e-05	-2.109207e-02	9.874687e+00
1.235000e-05	-3.291864e-02	9.917818e+00
1.236000e-05	-2.921737e-02	9.927320e+00
1.237000e-05	-1.650045e-02	9.938921e+00
1.238000e-05	-1.596373e-02	9.948421e+00
1.239000e-05	-3.030097e-02	9.969422e+00
1.240000e-05	-3.691158e-02	1.000895e+01
1.241000e-05	-2.826055e-02	9.990025e+00
1.242000e-05	-1.949853e-02	9.999924e+00
1.243000e-05	-2.498142e-02	9.979953e+00
1.244000e-05	-3.743655e-02	9.988974e+00
1.245000e-05	-3.607523e-02	9.958424e+00
1.246000e-05	-2.657536e-02	9.968395e+00
1.247000e-05	-2.513183e-02	9.968418e+00
1.248000e-05	-3.557766e-02	9.906817e+00
1.249000e-05	-4.252096e-02	9.914262e+00
1.250000e-05	-3.715384e-02	9.854160e+00
1.251000e-05	-2.712369e-02	9.811579e+00
1.252000e-05	-3.140498e-02	9.729496e+00
1.253000e-05	-4.180176e-02	9.714742e+00
1.254000e-05	-4.280563e-02	9.675234e+00
1.255000e-05	-3.450442e-02	9.601577e+00
1.256000e-05	-2.899653e-02	9.569898e+00
1.257000e-05	-3.631408e-02	9.506841e+00
1.258000e-05	-4.230168e-02	9.496163e+00
1.259000e-05	-3.882336e-02	9.432558e+00
1.260000e-05	-2.943194e-02	9.359472e+00
1.261000e-05	-2.998950e-02	9.306338e+00
1.262000e-05	-3.579200e-02	9.231608e+00
1.263000e-05	-3.893844e-02	9.180501e+00
1.264000e-05	-3.091067e-02	9.128817e+00
1.265000e-05	-2.437480e-02	9.033551e+00
1.266000e-05	-2.818128e-02	8.892663e+00
1.267000e-05	-3.159772e-02	8.800555e+00
1.268000e-05	-2.959214e-02	8.738416e+00
1.269000e-05	-2.290075e-02	8.653681e+00
1.270000e-05	-1.962667e-02	8.550372e+00
1.271000e-05	-2.525218e-02	8.475236e+00
1.272000e-05	-2.599101e-02	8.370502e+00
1.273000e-05	-2.100241e-02	8.336765e+00
1.274000e-05	-1.467600e-02	8.179999e+00
1.275000e-05	-1.798193e-02	8.053790e+00
1.276000e-05	-2.338603e-02	8.009420e+00
1.277000e-05	-2.338292e-02	7.862534e+00
1.278000e-05	-1.635023e-02	7.716839e+00
1.279000e-05	-1.266837e-02	7.599605e+00
1.280000e-05	-1.592683e-02	7.505161e+00
1.281000e-05	-1.946414e-02	7.284743e+00
1.282000e-05	-1.589901e-02	7.159500e+00
1.283000e-05	-1.081644e-02	7.084558e+00
1.284000e-05	-1.122496e-02	6.916291e+00
1.285000e-05	-1.546745e-02	6.820953e+00
1.286000e-05	-1.558674e-02	6.665657e+00
1.287000e-05	-1.174795e-02	6.464637e+00
1.288000e-05	-8.592452e-03	6.348373e+00
1.289000e-05	-1.039670e-02	6.232153e+00
1.290000e-05	-1.352241e-02	6.066709e+00
1.291000e-05	-1.194528e-02	5.968922e+00
1.292000e-05	-9.226384e-03	5.750828e+00
1.293000e-05	-8.882328e-03	5.611554e+00
1.294000e-05	-1.141071e-02	5.464584e+00
1.295000e-05	-1.271876e-02	5.296312e+00
1.296000e-05	-9.047023e-03	5.098865e+00
1.297000e-05	-6.415352e-03	4.896808e+00
1.298000e-05	-7.799574e-03	4.748418e+00
1.299000e-05	-1.034638e-02	4.549951e+00
1.300000e-05	-9.503963e-03	4.433107e+00
1.301000e-05	-6.771057e-03	4.286308e+00
1.302000e-05	-5.970841e-03	4.083633e+00
1.303000e-05	-9.368019e-03	3.906288e+00
1.304000e-05	-1.041172e-02	3.738393e+00
1.305000e-05	-7.480818e-03	3.600432e+00
1.306000e-05	-5.553922e-03	3.400952e+00
1.307000e-05	-5.421059e-03	3.211005e+00
1.308000e-05	-8.391109e-03	3.071034e+00
1.309000e-05	-8.594709e-03	2.863684e+00
1.310000e-05	-6.429513e-03	2.778393e+00
1.311000e-05	-5.635890e-03	2.484890e+00
1.312000e-05	-6.297631e-03	2.327817e+00
1.313000e-05	-6.569871e-03	2.179444e+00
1.314000e-05	-6.927309e-03	2.030030e+00
1.315000e-05	-4.916871e-03	1.812509e+00
1.316000e-05	-4.308628e-03	1.623574e+00
1.317000e-05	-5.760503e-03	1.442579e+00
1.318000e-05	-6.392456e-03	1.253108e+00
1.319000e-05	-5.841244e-03	1.012431e+00
1.320000e-05	-3.933481e-03	8.000039e-01
1.321000e-05	-4.017337e-03	6.225801e-01
1.322000e-05	-5.449734e-03	4.421318e-01
1.323000e-05	-6.334240e-03	2.761834e-01
1.324000e-05	-4.699140e-03	7.265821e-02
1.325000e-05	-1.308832e-03	-8.531297e-02
1.326000e-05	2.347369e-03	-2.416591e-01
1.327000e-05	-2.142766e-03	-4.300513e-01
1.328000e-05	-7.763946e-04	-5.890008e-01
1.329000e-05	-1.077532e-03	-7.794738e-01
1.330000e-05	-9.043495e-04	-9.269157e-01
1.331000e-05	-3.273903e-03	-1.114766e+00
1.332000e-05	4.150661e-03	-1.264258e+00
1.333000e-05	5.628750e-02	-1.505859e+00
1.334000e-05	4.314420e-02	-1.715837e+00
1.335000e-05	-3.870811e-02	-1.998470e+00
1.336000e-05	-3.546204e-02	-2.231658e+00
1.337000e-05	-1.035790e-01	-2.401501e+00
1.338000e-05	5.609813e-02	-2.422578e+00
1.339000e-05	8.570482e-02	-2.515768e+00
1.340000e-05	-1.442754e-01	-2.778496e+00
1.341000e-05	7.131777e-02	-2.946915e+00
1.342000e-05	4.415749e-02	-3.079683e+00
1.343000e-05	-1.050680e-01	-3.336397e+00
1.344000e-05	1.256635e-01	-3.494740e+00
1.345000e-05	-6.500740e-03	-3.639106e+00
1.346000e-05	-1.467926e-01	-3.834705e+00
1.347000e-05	9.984283e-02	-4.009524e+00
1.348000e-05	-1.221044e-02	-4.189520e+00
1.349000e-05	2.704811e-02	-4.368925e+00
1.350000e-05	3.611852e-02	-4.463655e+00
1.351000e-05	-1.064531e-01	-4.643713e+00
1.352000e-05	8.893012e-02	-4.844233e+00
1.353000e-05	9.198331e-03	-4.999947e+00
1.354000e-05	-4.286309e-02	-5.190074e+00
1.355000e-05	1.676504e-02	-5.355900e+00
1.356000e-05	-3.228721e-02	-5.548996e+00
1.357000e-05	7.723394e-02	-5.706311e+00
1.358000e-05	-1.694657e-02	-5.833635e+00
1.359000e-05	-1.034449e-02	-6.010529e+00
1.360000e-05	1.048683e-03	-6.104767e+00
1.361000e-05	-3.972420e-02	-6.266813e+00
1.362000e-05	9.527910e-02	-6.483733e+00
1.363000e-05	-3.048109e-02	-6.611076e+00
1.364000e-05	-8.836185e-03	-6.727895e+00
1.365000e-05	9.791561e-03	-6.841605e+00
1.366000e-05	-1.328904e-03	-7.004660e+00
1.367000e-05	5.662642e-02	-7.198076e+00
1.368000e-05	-5.202610e-02	-7.306263e+00
1.369000e-05	6.671945e-03	-7.443207e+00
1.370000e-05	4.527051e-03	-7.536870e+00
1.371000e-05	3.219314e-02	-7.766309e+00
1.372000e-05	2.682590e-02	-7.855231e+00
1.373000e-05	-3.198717e-02	-7.988450e+00
1.374000e-05	1.825590e-02	-8.104789e+00
1.375000e-05	-1.406092e-03	-8.221080e+00
1.376000e-05	3.273274e-02	-8.305763e+00
1.377000e-05	-8.272496e-03	-8.389450e+00
1.378000e-05	-1.103932e-02	-8.444314e+00
1.379000e-05	2.257249e-02	-8.600103e+00
1.380000e-05	1.790960e-02	-8.717291e+00
1.381000e-05	2.476599e-02	-8.822151e+00
1.382000e-05	-1.622052e-02	-8.876867e+00
1.383000e-05	6.238595e-03	-8.968948e+00
1.384000e-05	1.426033e-02	-9.063133e+00
1.385000e-05	2.189205e-02	-9.147839e+00
1.386000e-05	7.759676e-03	-9.230575e+00
1.387000e-05	-9.423909e-03	-9.243178e+00
1.388000e-05	1.557847e-02	-9.328261e+00
1.389000e-05	2.211522e-02	-9.413081e+00
1.390000e-05	2.159649e-02	-9.466763e+00
1.391000e-05	-1.358163e-03	-9.569972e+00
1.392000e-05	3.666671e-03	-9.631604e+00
1.393000e-05	2.136588e-02	-9.654682e+00
1.394000e-05	2.366972e-02	-9.716816e+00
1.395000e-05	1.043696e-02	-9.777974e+00
1.396000e-05	-5.287043e-04	-9.822027e+00
1.397000e-05	1.443608e-02	-9.822158e+00
1.398000e-05	2.424728e-02	-9.873208e+00
1.399000e-05	2.290236e-02	-9.887837e+00
1.400000e-05	8.912083e-03	-9.927314e+00
1.401000e-05	8.971190e-03	-9.957420e+00
1.402000e-05	2.251571e-02	-9.947841e+00
1.403000e-05	2.764889e-02	-9.989468e+00
1.404000e-05	1.874189e-02	-1.002005e+01
1.405000e-05	8.116312e-03	-9.980500e+00
1.406000e-05	1.611990e-02	-1.001053e+01
1.407000e-05	2.837218e-02	-1.000103e+01
1.408000e-05	2.863994e-02	-1.001107e+01
1.409000e-05	1.846098e-02	-1.001153e+01
1.410000e-05	1.586759e-02	-1.001010e+01
1.411000e-05	2.616490e-02	-9.959450e+00
1.412000e-05	3.267569e-02	-9.991526e+00
1.413000e-05	2.637848e-02	-9.969895e+00
1.414000e-05	1.862109e-02	-9.929393e+00
1.415000e-05	2.322154e-02	-9.927895e+00
1.416000e-05	3.309746e-02	-9.896864e+00
1.417000e-05	3.439619e-02	-9.875788e+00
1.418000e-05	2.668694e-02	-9.863658e+00
1.419000e-05	2.155660e-02	-9.772653e+00
1.420000e-05	3.028608e-02	-9.749047e+00
1.421000e-05	3.593295e-02	-9.708945e+00
1.422000e-05	3.182741e-02	-9.684788e+00
1.423000e-05	2.416103e-02	-9.643236e+00
1.424000e-05	2.495569e-02	-9.610975e+00
1.425000e-05	3.247191e-02	-9.549471e+00
1.426000e-05	3.272071e-02	-9.476841e+00
1.427000e-05	2.463697e-02	-9.403051e+00
1.428000e-05	2.064555e-02	-9.316791e+00
1.429000e-05	2.444460e-02	-9.220586e+00
1.430000e-05	2.861954e-02	-9.129471e+00
1.431000e-05	2.603366e-02	-9.086890e+00
1.432000e-05	1.829226e-02	-9.013505e+00
1.433000e-05	1.633800e-02	-8.897362e+00
1.434000e-05	2.136627e-02	-8.843107e+00
1.435000e-05	2.279678e-02	-8.799449e+00
1.436000e-05	1.583713e-02	-8.656337e+00
1.437000e-05	1.133015e-02	-8.572325e+00
1.438000e-05	1.301546e-02	-8.432582e+00
1.439000e-05	1.838099e-02	-8.368945e+00
1.440000e-05	1.637851e-02	-8.274237e+00
1.441000e-05	1.144939e-02	-8.129467e+00
1.442000e-05	7.199892e-03	-8.093133e+00
1.443000e-05	1.209423e-02	-7.978448e+00
1.444000e-05	1.159016e-02	-7.794574e+00
1.445000e-05	8.332697e-03	-7.632678e+00
1.446000e-05	3.182306e-03	-7.530864e+00
1.447000e-05	6.458702e-03	-7.421054e+00
1.448000e-05	9.997877e-03	-7.265661e+00
1.449000e-05	1.043544e-02	-7.139496e+00
1.450000e-05	5.125043e-03	-7.021577e+00
1.451000e-05	1.768590e-03	-6.843633e+00
1.452000e-05	4.368291e-03	-6.727892e+00
1.453000e-05	5.986597e-03	-6.570551e+00
1.454000e-05	2.670080e-03	-6.452158e+00
1.455000e-05	-7.828826e-04	-6.338916e+00
1.456000e-05	2.635147e-03	-6.181349e+00
1.457000e-05	5.896386e-03	-5.970974e+00
1.458000e-05	6.249847e-03	-5.875185e+00
1.459000e-05	-5.330364e-04	-5.718692e+00
1.460000e-05	-2.027259e-03	-5.589970e+00
1.461000e-05	1.714775e-04	-5.401571e+00
1.462000e-05	2.566827e-03	-5.168951e+00
1.463000e-05	-1.798256e-04	-4.982031e+00
1.464000e-05	-2.871416e-03	-4.832475e+00
1.465000e-05	-1.440790e-03	-4.643573e+00
1.466000e-05	2.994366e-03	-4.475812e+00
1.467000e-05	1.468958e-03	-4.348391e+00
1.468000e-05	-1.819177e-03	-4.221554e+00
1.469000e-05	-4.365134e-03	-4.024107e+00
1.470000e-05	-1.756818e-03	-3.906767e+00
1.471000e-05	-1.795526e-04	-3.674137e+00
1.472000e-05	-4.879089e-04	-3.525790e+00
1.473000e-05	-3.936301e-03	-3.358347e+00
1.474000e-05	-4.203096e-03	-3.189970e+00
1.475000e-05	-2.078809e-03	-3.000976e+00
1.476000e-05	-1.162679e-03	-2.801425e+00
1.477000e-05	-3.898074e-03	-2.672053e+00
1.478000e-05	-4.941115e-03	-2.492106e+00
1.479000e-05	-3.403776e-03	-2.324387e+00
1.480000e-05	-1.680875e-03	-2.083133e+00
1.481000e-05	-2.144875e-03	-1.916787e+00
1.482000e-05	-4.021296e-03	-1.749315e+00
1.483000e-05	-5.479952e-03	-1.609544e+00
1.484000e-05	-5.044738e-03	-1.337319e+00
1.485000e-05	-3.188549e-03	-1.117791e+00
1.486000e-05	-5.254033e-03	-9.383936e-01
1.487000e-05	-5.484200e-03	-8.004499e-01
1.488000e-05	-5.384175e-03	-5.809234e-01
1.489000e-05	-2.356947e-03	-3.694724e-01
1.490000e-05	-2.916642e-03	-2.394778e-01
1.491000e-05	-3.238317e-03	-4.293157e-02
1.492000e-05	2.861599e-04	1.544134e-01
1.493000e-05	-1.809007e-03	3.178921e-01
1.494000e-05	2.714088e-04	4.547093e-01
1.495000e-05	-2.470337e-03	6.526079e-01
1.496000e-05	-2.977844e-03	8.184750e-01
1.497000e-05	-4.924692e-03	1.019500e+00
1.498000e-05	2.301416e-04	1.199545e+00
1.499000e-05	1.430998e-02	1.357940e+00
1.500000e-05	5.941936e-02	1.642100e+00
1.501000e-05	3.734338e-03	1.833109e+00
1.502000e-05	-4.485757e-02	2.001133e+00
1.503000e-05	-4.421932e-02	2.230028e+00
1.504000e-05	-7.684111e-02	2.317921e+00
1.505000e-05	2.362006e-02	2.421082e+00
1.506000e-05	8.303203e-02	2.642107e+00
1.507000e-05	-1.283394e-01	2.841105e+00
1.508000e-05	5.584661e-02	2.967897e+00
1.509000e-05	5.865507e-02	3.146925e+00
1.510000e-05	-7.434168e-02	3.325361e+00
1.511000e-05	6.383756e-02	3.535638e+00
1.512000e-05	-7.281470e-03	3.673057e+00
1.513000e-05	-1.085490e-01	3.852656e+00
1.514000e-05	5.366806e-02	4.029026e+00
1.515000e-05	1.167688e-02	4.171555e+00
1.516000e-05	-6.692914e-03	4.379424e+00
1.517000e-05	-5.228365e-03	4.558468e+00
1.518000e-05	-6.006834e-02	4.738293e+00
1.519000e-05	2.828417e-02	4.863782e+00
1.520000e-05	1.380339e-02	5.087292e+00
1.521000e-05	-2.048956e-02	5.304788e+00
1.522000e-05	-3.094675e-02	5.454761e+00
1.523000e-05	2.893985e-03	5.590575e+00
1.524000e-05	2.276569e-02	5.735994e+00
1.525000e-05	-1.511222e-02	5.924715e+00
1.526000e-05	-1.665603e-02	6.052685e+00
1.527000e-05	-3.632701e-02	6.241104e+00
1.528000e-05	-9.804678e-03	6.356897e+00
1.529000e-05	3.764321e-02	6.474782e+00
1.530000e-05	-1.644625e-02	6.631760e+00
1.531000e-05	-2.921593e-02	6.821526e+00
1.532000e-05	-1.136422e-02	6.917466e+00
1.533000e-05	4.594721e-03	7.031732e+00
1.534000e-05	4.164748e-03	7.137491e+00
1.535000e-05	-3.368231e-02	7.274716e+00
1.536000e-05	-2.733954e-02	7.484184e+00
1.537000e-05	-4.699283e-03	7.622656e+00
1.538000e-05	1.464414e-02	7.736342e+00
1.539000e-05	-6.377511e-03	7.863678e+00
1.540000e-05	-3.306294e-02	8.022651e+00
1.541000e-05	-1.593120e-02	8.146893e+00
1.542000e-05	-2.184743e-03	8.263731e+00
1.543000e-05	2.312786e-03	8.365321e+00
1.544000e-05	-2.444814e-02	8.400579e+00
1.545000e-05	-3.134249e-02	8.496261e+00
1.546000e-05	-8.686866e-03	8.600650e+00
1.547000e-05	5.204164e-03	8.694712e+00
1.548000e-05	-7.896568e-03	8.728443e+00
1.549000e-05	-3.157310e-02	8.841704e+00
1.550000e-05	-2.419982e-02	8.936941e+00
1.551000e-05	-5.089596e-03	9.043129e+00
1.552000e-05	-1.950604e-03	9.147819e+00
1.553000e-05	-2.094053e-02	9.198499e+00
1.554000e-05	-3.214644e-02	9.263609e+00
1.555000e-05	-1.667676e-02	9.287292e+00
1.556000e-05	-3.496725e-03	9.331049e+00
1.557000e-05	-1.189581e-02	9.452630e+00
1.558000e-05	-3.004892e-02	9.464311e+00
1.559000e-05	-2.748892e-02	9.527370e+00
1.560000e-05	-1.197845e-02	9.610999e+00
1.561000e-05	-6.819059e-03	9.620553e+00
1.562000e-05	-2.348070e-02	9.686262e+00
1.563000e-05	-3.393450e-02	9.717871e+00
1.564000e-05	-2.487793e-02	9.759596e+00
1.565000e-05	-1.183030e-02	9.822079e+00
1.566000e-05	-1.668227e-02	9.865708e+00
1.567000e-05	-3.049078e-02	9.907287e+00
1.568000e-05	-3.137110e-02	9.927420e+00
1.569000e-05	-1.972059e-02	9.938868e+00
1.570000e-05	-1.512224e-02	9.968322e+00
1.571000e-05	-2.650522e-02	9.988446e+00
1.572000e-05	-3.708142e-02	9.961525e+00
1.573000e-05	-3.285507e-02	9.981049e+00
1.574000e-05	-2.172015e-02	9.989449e+00
1.575000e-05	-2.227763e-02	1.001002e+01
1.576000e-05	-3.368240e-02	9.999497e+00
1.577000e-05	-3.813811e-02	9.999947e+00
1.578000e-05	-2.888943e-02	9.999399e+00
1.579000e-05	-2.529333e-02	9.938319e+00
1.580000e-05	-3.314029e-02	9.918820e+00
1.581000e-05	-4.150829e-02	9.915889e+00
1.582000e-05	-3.999021e-02	9.876758e+00
1.583000e-05	-3.041230e-02	9.832682e+00
1.584000e-05	-2.955820e-02	9.779542e+00
1.585000e-05	-3.879802e-02	9.696414e+00
1.586000e-05	-4.259228e-02	9.684710e+00
1.587000e-05	-3.738352e-02	9.662678e+00
1.588000e-05	-3.060004e-02	9.589024e+00
1.589000e-05	-3.469384e-02	9.518395e+00
1.590000e-05	-4.165651e-02	9.475288e+00
1.591000e-05	-4.047522e-02	9.413631e+00
1.592000e-05	-3.193199e-02	9.409450e+00
1.593000e-05	-2.903136e-02	9.337841e+00
1.594000e-05	-3.431622e-02	9.273186e+00
1.595000e-05	-3.811661e-02	9.212578e+00
1.596000e-05	-3.346767e-02	9.118438e+00
1.597000e-05	-2.566243e-02	9.036133e+00
1.598000e-05	-2.668754e-02	8.896937e+00
1.599000e-05	-3.119761e-02	8.853103e+00
1.600000e-05	-3.186467e-02	8.749393e+00
1.601000e-05	-2.349245e-02	8.686236e+00
1.602000e-05	-2.102196e-02	8.569521e+00
1.603000e-05	-2.249367e-02	8.475737e+00
1.604000e-05	-2.711234e-02	8.441578e+00
1.605000e-05	-2.308120e-02	8.347897e+00
1.606000e-05	-1.836642e-02	8.223530e+00
1.607000e-05	-1.674344e-02	8.084865e+00
1.608000e-05	-2.178420e-02	8.012546e+00
1.609000e-05	-2.244147e-02	7.855736e+00
1.610000e-05	-1.782209e-02	7.728348e+00
1.611000e-05	-1.346068e-02	7.673177e+00
1.612000e-05	-1.555216e-02	7.527315e+00
1.613000e-05	-1.917708e-02	7.368412e+00
1.614000e-05	-1.678739e-02	7.181428e+00
1.615000e-05	-1.161608e-02	7.106182e+00
1.616000e-05	-1.053370e-02	6.956869e+00
1.617000e-05	-1.466707e-02	6.832106e+00
1.618000e-05	-1.624734e-02	6.756810e+00
1.619000e-05	-1.389316e-02	6.509794e+00
1.620000e-05	-9.220027e-03	6.390950e+00
1.621000e-05	-1.051511e-02	6.254561e+00
1.622000e-05	-1.466119e-02	6.126836e+00
1.623000e-05	-1.259412e-02	5.979978e+00
1.624000e-05	-1.009817e-02	5.875237e+00
1.625000e-05	-6.106304e-03	5.635161e+00
1.626000e-05	-8.627217e-03	5.517766e+00
1.627000e-05	-1.196249e-02	5.359396e+00
1.628000e-05	-9.425179e-03	5.199400e+00
1.629000e-05	-8.778160e-03	4.958970e+00
1.630000e-05	-8.153750e-03	4.798924e+00
1.631000e-05	-1.240965e-02	4.642582e+00
1.632000e-05	-1.065865e-02	4.466183e+00
1.633000e-05	-7.087828e-03	4.317942e+00
1.634000e-05	-3.886336e-03	4.107266e+00
1.635000e-05	-5.752022e-03	3.968368e+00
1.636000e-05	-8.691327e-03	3.828498e+00
1.637000e-05	-9.411498e-03	3.632658e+00
1.638000e-05	-8.088883e-03	3.485185e+00
1.639000e-05	-7.479734e-03	3.273185e+00
1.640000e-05	-8.479376e-03	3.094814e+00
1.641000e-05	-8.449913e-03	2.937342e+00
1.642000e-05	-5.289891e-03	2.819926e+00
1.643000e-05	-2.947730e-03	2.600420e+00
1.644000e-05	-4.732086e-03	2.359871e+00
1.645000e-05	-7.099502e-03	2.191525e+00
1.646000e-05	-7.821192e-03	2.073053e+00
1.647000e-05	-7.091974e-03	1.914257e+00
1.648000e-05	-4.706432e-03	1.684213e+00
1.649000e-05	-6.450625e-03	1.495691e+00
1.650000e-05	-6.652282e-03	1.296236e+00
1.651000e-05	-5.642843e-03	1.097186e+00
1.652000e-05	-3.394522e-03	8.742645e-01
1.653000e-05	-3.356442e-03	7.037359e-01
1.654000e-05	-6.258740e-03	5.362645e-01
1.655000e-05	-7.356991e-03	3.799173e-01
1.656000e-05	-4.852429e-03	1.287897e-01
1.657000e-05	1.695013e-06	-3.017783e-02
1.658000e-05	1.941414e-03	-2.505751e-01
1.659000e-05	-1.823759e-03	-4.083697e-01
1.660000e-05	-3.809810e-03	-5.653656e-01
1.661000e-05	1.063009e-03	-7.458659e-01
1.662000e-05	-9.983630e-04	-9.141890e-01
1.663000e-05	-1.199065e-03	-1.052580e+00
1.664000e-05	-2.410314e-03	-1.200608e+00
1.665000e-05	3.344751e-02	-1.413501e+00
1.666000e-05	7.025360e-02	-1.651178e+00
1.667000e-05	-2.888410e-02	-1.883788e+00
1.668000e-05	-3.116705e-02	-2.169968e+00
1.669000e-05	-9.138420e-02	-2.408950e+00
1.670000e-05	-1.397787e-02	-2.420553e+00
1.671000e-05	1.258297e-01	-2.452084e+00
1.672000e-05	-1.050515e-01	-2.704315e+00
1.673000e-05	-8.575282e-03	-2.895259e+00
1.674000e-05	1.212096e-01	-3.009422e+00
1.675000e-05	-1.054576e-01	-3.232658e+00
1.676000e-05	6.152163e-02	-3.513260e+00
1.677000e-05	7.456761e-02	-3.587399e+00
1.678000e-05	-1.612444e-01	-3.798046e+00
1.679000e-05	4.517418e-02	-3.967423e+00
1.680000e-05	4.909232e-02	-4.124317e+00
1.681000e-05	-2.011803e-02	-4.316366e+00
1.682000e-05	7.758334e-02	-4.420451e+00
1.683000e-05	-1.035028e-01	-4.579972e+00
1.684000e-05	2.856574e-02	-4.830900e+00
1.685000e-05	7.243159e-02	-4.925916e+00
1.686000e-05	-6.666659e-02	-5.137872e+00
1.687000e-05	2.313969e-02	-5.285159e+00
1.688000e-05	-3.473886e-02	-5.515790e+00
1.689000e-05	5.182727e-02	-5.683660e+00
1.690000e-05	2.689856e-02	-5.789528e+00
1.691000e-05	-4.084747e-02	-5.967923e+00
1.692000e-05	2.541481e-02	-6.073687e+00
1.693000e-05	-5.834879e-02	-6.272209e+00
1.694000e-05	7.226193e-02	-6.472105e+00
1.695000e-05	1.723665e-02	-6.548370e+00
1.696000e-05	-3.968236e-02	-6.705316e+00
1.697000e-05	2.885478e-02	-6.820029e+00
1.698000e-05	-1.900000e-02	-6.987520e+00
1.699000e-05	5.946183e-02	-7.177393e+00
1.700000e-05	-2.877650e-02	-7.284785e+00
1.701000e-05	-2.188735e-02	-7.390076e+00
1.702000e-05	1.890433e-02	-7.506319e+00
1.703000e-05	1.214228e-02	-7.645306e+00
1.704000e-05	4.765428e-02	-7.750075e+00
1.705000e-05	-3.200229e-02	-7.927873e+00
1.706000e-05	6.979686e-03	-8.054654e+00
1.707000e-05	6.209826e-03	-8.168342e+00
1.708000e-05	2.292350e-02	-8.294313e+00
1.709000e-05	1.293597e-02	-8.338442e+00
1.710000e-05	-2.611842e-02	-8.482708e+00
1.711000e-05	1.776608e-02	-8.539450e+00
1.712000e-05	1.641632e-02	-8.683714e+00
1.713000e-05	3.033395e-02	-8.768051e+00
1.714000e-05	-7.099596e-03	-8.883735e+00
1.715000e-05	-7.297290e-03	-8.957867e+00
1.716000e-05	1.600558e-02	-9.030625e+00
1.717000e-05	1.943078e-02	-9.106390e+00
1.718000e-05	1.810025e-02	-9.168995e+00
1.719000e-05	-1.157991e-02	-9.201679e+00
1.720000e-05	8.100222e-03	-9.304785e+00
1.721000e-05	2.179997e-02	-9.380076e+00
1.722000e-05	2.451810e-02	-9.464787e+00
1.723000e-05	4.483627e-03	-9.568292e+00
1.724000e-05	-3.244133e-03	-9.581573e+00
1.725000e-05	1.798542e-02	-9.652104e+00
1.726000e-05	2.622043e-02	-9.666313e+00
1.727000e-05	1.868183e-02	-9.748921e+00
1.728000e-05	-9.437178e-04	-9.770572e+00
1.729000e-05	7.095460e-03	-9.841563e+00
1.730000e-05	2.232555e-02	-9.872208e+00
1.731000e-05	2.547030e-02	-9.895265e+00
1.732000e-05	1.334983e-02	-9.958317e+00
1.733000e-05	5.355545e-03	-9.937896e+00
1.734000e-05	1.868322e-02	-9.958943e+00
1.735000e-05	2.900824e-02	-9.977923e+00
1.736000e-05	2.388663e-02	-9.970025e+00
1.737000e-05	9.416970e-03	-1.002953e+01
1.738000e-05	1.032365e-02	-1.000053e+01
1.739000e-05	2.580613e-02	-1.001051e+01
1.740000e-05	3.063392e-02	-1.003253e+01
1.741000e-05	2.201011e-02	-9.990127e+00
1.742000e-05	1.334407e-02	-1.001105e+01
1.743000e-05	2.211291e-02	-1.001055e+01
1.744000e-05	3.229345e-02	-9.969023e+00
1.745000e-05	2.979571e-02	-9.959443e+00
1.746000e-05	2.047202e-02	-9.979418e+00
1.747000e-05	1.932556e-02	-9.929421e+00
1.748000e-05	3.075221e-02	-9.896817e+00
1.749000e-05	3.613796e-02	-9.904839e+00
1.750000e-05	2.978790e-02	-9.852712e+00
1.751000e-05	2.202287e-02	-9.842581e+00
1.752000e-05	2.579630e-02	-9.790572e+00
1.753000e-05	3.495529e-02	-9.729419e+00
1.754000e-05	3.457433e-02	-9.706742e+00
1.755000e-05	2.649669e-02	-9.634683e+00
1.756000e-05	2.260896e-02	-9.629552e+00
1.757000e-05	2.966273e-02	-9.569971e+00
1.758000e-05	3.439232e-02	-9.527818e+00
1.759000e-05	2.825704e-02	-9.455104e+00
1.760000e-05	2.111624e-02	-9.330397e+00
1.761000e-05	2.213872e-02	-9.254205e+00
1.762000e-05	2.810117e-02	-9.209497e+00
1.763000e-05	2.743413e-02	-9.127811e+00
1.764000e-05	2.081441e-02	-9.062655e+00
1.765000e-05	1.511748e-02	-8.917821e+00
1.766000e-05	1.950555e-02	-8.854185e+00
1.767000e-05	2.248841e-02	-8.810551e+00
1.768000e-05	1.932142e-02	-8.718466e+00
1.769000e-05	1.158319e-02	-8.592007e+00
1.770000e-05	1.172394e-02	-8.487211e+00
1.771000e-05	1.667871e-02	-8.370503e+00
1.772000e-05	1.761114e-02	-8.287235e+00
1.773000e-05	1.163393e-02	-8.179002e+00
1.774000e-05	7.154444e-03	-8.086785e+00
1.775000e-05	8.644717e-03	-8.010075e+00
1.776000e-05	1.261822e-02	-7.857107e+00
1.777000e-05	1.101852e-02	-7.686186e+00
1.778000e-05	4.616204e-03	-7.549378e+00
1.779000e-05	3.970003e-03	-7.454630e+00
1.780000e-05	8.120639e-03	-7.285237e+00
1.781000e-05	1.092098e-02	-7.240057e+00
1.782000e-05	6.573867e-03	-7.063705e+00
1.783000e-05	1.464118e-03	-6.914714e+00
1.784000e-05	3.156083e-03	-6.779445e+00
1.785000e-05	6.798999e-03	-6.631629e+00
1.786000e-05	5.035879e-03	-6.476836e+00
1.787000e-05	2.271791e-04	-6.379474e+00
1.788000e-05	-4.011137e-05	-6.212125e+00
1.789000e-05	3.812927e-03	-6.052608e+00
1.790000e-05	4.696370e-03	-5.885764e+00
1.791000e-05	7.954804e-04	-5.749422e+00
1.792000e-05	-1.579031e-03	-5.580525e+00
1.793000e-05	-1.714058e-05	-5.476134e+00
1.794000e-05	3.239336e-03	-5.252581e+00
1.795000e-05	1.797101e-03	-5.083684e+00
1.796000e-05	-1.148515e-03	-4.935257e+00
1.797000e-05	-3.214363e-03	-4.674160e+00
1.798000e-05	1.361465e-03	-4.529915e+00
1.799000e-05	1.091419e-03	-4.370524e+00
1.800000e-05	-9.711859e-04	-4.242105e+00
1.801000e-05	-3.669102e-03	-4.106284e+00
1.802000e-05	-2.423391e-03	-3.947343e+00
1.803000e-05	5.625557e-04	-3.768917e+00
1.804000e-05	5.892750e-04	-3.547920e+00
1.805000e-05	-3.142059e-03	-3.369974e+00
1.806000e-05	-4.104543e-03	-3.213128e+00
1.807000e-05	-2.443766e-03	-3.085234e+00
1.808000e-05	-1.054231e-03	-2.862110e+00
1.809000e-05	-4.314646e-03	-2.715213e+00
1.810000e-05	-4.394946e-03	-2.534838e+00
1.811000e-05	-3.113121e-03	-2.358937e+00
1.812000e-05	-4.092822e-04	-2.140267e+00
1.813000e-05	-2.058908e-03	-1.946420e+00
1.814000e-05	-4.228862e-03	-1.790497e+00
1.815000e-05	-5.307746e-03	-1.633655e+00
1.816000e-05	-4.946272e-03	-1.414001e+00
1.817000e-05	-3.843629e-03	-1.208975e+00
1.818000e-05	-5.306805e-03	-1.001001e+00
1.819000e-05	-5.866449e-03	-8.116040e-01
1.820000e-05	-5.109552e-03	-6.131514e-01
1.821000e-05	-3.399685e-03	-4.215276e-01
1.822000e-05	-3.516833e-03	-2.936316e-01
1.823000e-05	-3.177169e-03	-1.147107e-01
1.824000e-05	7.138831e-05	8.170671e-02
1.825000e-05	-3.598239e-04	2.343355e-01
1.826000e-05	-1.816952e-03	4.505590e-01
1.827000e-05	-1.733603e-03	5.884773e-01
1.828000e-05	-3.305160e-03	7.484198e-01
1.829000e-05	-3.844053e-03	9.349420e-01
1.830000e-05	-1.160946e-03	1.135866e+00
1.831000e-05	8.212612e-03	1.305346e+00
1.832000e-05	4.850101e-02	1.547819e+00
1.833000e-05	3.372250e-02	1.799047e+00
1.834000e-05	-4.091790e-02	1.977499e+00
1.835000e-05	-4.270841e-02	2.167447e+00
1.836000e-05	-7.572844e-02	2.315815e+00
1.837000e-05	-3.056609e-02	2.419005e+00
1.838000e-05	1.094311e-01	2.557975e+00
1.839000e-05	-8.015524e-02	2.788921e+00
1.840000e-05	-2.566759e-02	2.916789e+00
1.841000e-05	1.066082e-01	3.075314e+00
1.842000e-05	-6.213064e-02	3.252683e+00
1.843000e-05	2.129889e-02	3.423183e+00
1.844000e-05	4.731381e-02	3.590478e+00
1.845000e-05	-1.184089e-01	3.779073e+00
1.846000e-05	1.027885e-02	3.939973e+00
1.847000e-05	3.982973e-02	4.156867e+00
1.848000e-05	-2.025767e-02	4.336894e+00
1.849000e-05	1.363521e-02	4.504837e+00
1.850000e-05	-5.678938e-02	4.655316e+00
1.851000e-05	2.910222e-03	4.821004e+00
1.852000e-05	2.945937e-02	5.032679e+00
1.853000e-05	-1.858733e-02	5.282137e+00
1.854000e-05	-3.210676e-02	5.411033e+00
1.855000e-05	-1.013415e-02	5.569395e+00
1.856000e-05	2.439251e-02	5.702308e+00
1.857000e-05	-2.102216e-03	5.895233e+00
1.858000e-05	-1.951425e-02	6.040556e+00
1.859000e-05	-2.407315e-02	6.179024e+00
1.860000e-05	-3.009332e-02	6.315323e+00
1.861000e-05	3.498060e-02	6.441627e+00
1.862000e-05	1.759898e-03	6.590550e+00
1.863000e-05	-3.485872e-02	6.769397e+00
1.864000e-05	-1.466726e-02	6.896338e+00
1.865000e-05	-2.656975e-03	7.012101e+00
1.866000e-05	1.292054e-02	7.137371e+00
1.867000e-05	-2.582156e-02	7.293162e+00
1.868000e-05	-3.300186e-02	7.411554e+00
1.869000e-05	-1.338110e-02	7.579951e+00
1.870000e-05	1.346696e-02	7.686336e+00
1.871000e-05	4.105002e-03	7.813628e+00
1.872000e-05	-2.923568e-02	7.931517e+00
1.873000e-05	-2.238407e-02	8.144817e+00
1.874000e-05	-6.775397e-03	8.232650e+00
1.875000e-05	4.751233e-03	8.276291e+00
1.876000e-05	-1.432634e-02	8.410478e+00
1.877000e-05	-3.375696e-02	8.484183e+00
1.878000e-05	-1.656424e-02	8.550495e+00
1.879000e-05	4.740574e-03	8.663684e+00
1.880000e-05	-8.445862e-04	8.738390e+00
1.881000e-05	-2.552729e-02	8.800549e+00
1.882000e-05	-3.025810e-02	8.878364e+00
1.883000e-05	-1.108632e-02	8.983100e+00
1.884000e-05	-3.805309e-04	9.095789e+00
1.885000e-05	-1.406763e-02	9.178448e+00
1.886000e-05	-3.188603e-02	9.223655e+00
1.887000e-05	-2.315801e-02	9.284814e+00
1.888000e-05	-4.109412e-03	9.389973e+00
1.889000e-05	-5.865685e-03	9.452611e+00
1.890000e-05	-2.434207e-02	9.455286e+00
1.891000e-05	-3.100982e-02	9.527316e+00
1.892000e-05	-1.635343e-02	9.589078e+00
1.893000e-05	-5.742098e-03	9.629604e+00
1.894000e-05	-1.727958e-02	9.663712e+00
1.895000e-05	-3.274228e-02	9.736317e+00
1.896000e-05	-3.027404e-02	9.750522e+00
1.897000e-05	-1.449977e-02	9.770151e+00
1.898000e-05	-1.267647e-02	9.835082e+00
1.899000e-05	-2.704450e-02	9.845289e+00
1.900000e-05	-3.374609e-02	9.897311e+00
1.901000e-05	-2.478336e-02	9.937943e+00
1.902000e-05	-1.372331e-02	9.979047e+00
1.903000e-05	-2.062826e-02	9.969973e+00
1.904000e-05	-3.406204e-02	9.989922e+00
1.905000e-05	-3.605255e-02	9.990449e+00
1.906000e-05	-2.433232e-02	9.980499e+00
1.907000e-05	-2.152429e-02	9.979496e+00
1.908000e-05	-3.118789e-02	9.988502e+00
1.909000e-05	-3.894106e-02	9.990492e+00
1.910000e-05	-3.277779e-02	9.978423e+00
1.911000e-05	-2.392241e-02	9.957946e+00
1.912000e-05	-2.737540e-02	9.937897e+00
1.913000e-05	-3.931839e-02	9.928363e+00
1.914000e-05	-4.245778e-02	9.866739e+00
1.915000e-05	-3.473390e-02	9.812555e+00
1.916000e-05	-2.957702e-02	9.790945e+00
1.917000e-05	-3.636241e-02	9.730917e+00
1.918000e-05	-4.370732e-02	9.696810e+00
1.919000e-05	-3.901412e-02	9.662629e+00
1.920000e-05	-3.077062e-02	9.612003e+00
1.921000e-05	-3.004584e-02	9.509350e+00
1.922000e-05	-3.801632e-02	9.506766e+00
1.923000e-05	-4.276931e-02	9.472631e+00
1.924000e-05	-3.625929e-02	9.411528e+00
1.925000e-05	-2.980765e-02	9.348395e+00
1.926000e-05	-3.188434e-02	9.274234e+00
1.927000e-05	-3.824875e-02	9.230579e+00
1.928000e-05	-3.479156e-02	9.169522e+00
1.929000e-05	-2.615329e-02	9.084234e+00
1.930000e-05	-2.260867e-02	8.949449e+00
1.931000e-05	-2.945404e-02	8.883159e+00
1.932000e-05	-3.293425e-02	8.799974e+00
1.933000e-05	-2.763402e-02	8.707838e+00
1.934000e-05	-2.110810e-02	8.632578e+00
1.935000e-05	-2.055091e-02	8.538294e+00
1.936000e-05	-2.574449e-02	8.432606e+00
1.937000e-05	-2.461064e-02	8.349450e+00
1.938000e-05	-2.064009e-02	8.253206e+00
1.939000e-05	-1.502857e-02	8.118371e+00
1.940000e-05	-1.800551e-02	8.052554e+00
1.941000e-05	-2.153459e-02	7.929237e+00
1.942000e-05	-2.176443e-02	7.791076e+00
1.943000e-05	-1.469325e-02	7.675658e+00
1.944000e-05	-1.384948e-02	7.569419e+00
1.945000e-05	-1.613922e-02	7.410926e+00
1.946000e-05	-1.828480e-02	7.224159e+00
1.947000e-05	-1.490899e-02	7.096815e+00
1.948000e-05	-1.012689e-02	7.000050e+00
1.949000e-05	-1.200047e-02	6.864112e+00
1.950000e-05	-1.549147e-02	6.738944e+00
1.951000e-05	-1.575212e-02	6.563101e+00
1.952000e-05	-1.101451e-02	6.431028e+00
1.953000e-05	-8.298337e-03	6.287210e+00
1.954000e-05	-1.084633e-02	6.147350e+00
1.955000e-05	-1.340733e-02	6.042080e+00
1.956000e-05	-1.078415e-02	5.877311e+00
1.957000e-05	-8.506058e-03	5.704614e+00
1.958000e-05	-9.008985e-03	5.549345e+00
1.959000e-05	-1.124679e-02	5.402054e+00
1.960000e-05	-1.255414e-02	5.231527e+00
1.961000e-05	-8.264950e-03	5.033637e+00
1.962000e-05	-6.618561e-03	4.823154e+00
1.963000e-05	-8.883640e-03	4.684734e+00
1.964000e-05	-1.054010e-02	4.516816e+00
1.965000e-05	-8.909995e-03	4.380526e+00
1.966000e-05	-6.386246e-03	4.180073e+00
1.967000e-05	-6.143200e-03	4.010501e+00
1.968000e-05	-8.949221e-03	3.834632e+00
1.969000e-05	-1.001691e-02	3.704114e+00
1.970000e-05	-7.907322e-03	3.507369e+00
1.971000e-05	-6.673160e-03	3.388821e+00
1.972000e-05	-6.773405e-03	3.148392e+00
1.973000e-05	-8.628937e-03	2.979927e+00
1.974000e-05	-7.668398e-03	2.832032e+00
1.975000e-05	-5.116596e-03	2.654254e+00
1.976000e-05	-5.879422e-03	2.420083e+00
1.977000e-05	-6.712885e-03	2.252056e+00
1.978000e-05	-7.854227e-03	2.084712e+00
1.979000e-05	-6.374439e-03	1.959391e+00
1.980000e-05	-5.082861e-03	1.728319e+00
1.981000e-05	-5.389704e-03	1.567867e+00
1.982000e-05	-6.507764e-03	1.368370e+00
1.983000e-05	-6.083434e-03	1.108919e+00
1.984000e-05	-4.475151e-03	8.867882e-01
1.985000e-05	-3.955239e-03	7.683672e-01
1.986000e-05	-5.366463e-03	5.384436e-01
1.987000e-05	-5.964731e-03	4.110525e-01
1.988000e-05	-5.135088e-03	2.111466e-01
1.989000e-05	-3.030101e-03	1.450191e-03
1.990000e-05	8.627049e-04	-1.768947e-01
1.991000e-05	3.384614e-04	-3.563630e-01
1.992000e-05	-2.376079e-03	-4.511329e-01
1.993000e-05	-5.411530e-06	-6.843616e-01
1.994000e-05	-1.429959e-03	-8.636840e-01
1.995000e-05	-1.453749e-03	-1.009546e+00
1.996000e-05	-1.798899e-03	-1.158448e+00
1.997000e-05	1.449873e-02	-1.378895e+00
1.998000e-05	7.743234e-02	-1.558000e+00
1.999000e-05	-3.569539e-03	-1.790101e+00
2.000000e-05	-3.524635e-02	-2.081688e+00
2.001000e-05	-6.458960e-02	-2.367891e+00
2.002000e-05	-7.284535e-02	-2.431579e+00
2.003000e-05	1.189272e-01	-2.431634e+00
2.004000e-05	-2.194806e-02	-2.628526e+00
2.005000e-05	-9.024760e-02	-2.895284e+00
2.006000e-05	1.403380e-01	-2.919293e+00
2.007000e-05	-5.978402e-02	-3.156970e+00
2.008000e-05	-2.289798e-02	-3.360026e+00
2.009000e-05	1.330107e-01	-3.555791e+00
2.010000e-05	-1.190202e-01	-3.725814e+00
2.011000e-05	-3.306963e-02	-3.925866e+00
2.012000e-05	9.968313e-02	-4.082159e+00
2.013000e-05	-4.272921e-02	-4.312732e+00
2.014000e-05	7.798995e-02	-4.390001e+00
2.015000e-05	-5.390762e-02	-4.526339e+00
2.016000e-05	-4.165328e-02	-4.739997e+00
2.017000e-05	1.089191e-01	-4.923212e+00
2.018000e-05	-5.555101e-02	-5.064830e+00
2.019000e-05	2.306319e-03	-5.244206e+00
2.020000e-05	-1.604856e-02	-5.421055e+00
2.021000e-05	1.072253e-02	-5.611680e+00
2.022000e-05	6.435757e-02	-5.776970e+00
2.023000e-05	-4.901291e-02	-5.915314e+00
2.024000e-05	2.479419e-02	-6.061129e+00
2.025000e-05	-4.374032e-02	-6.198547e+00
2.026000e-05	2.443152e-02	-6.369976e+00
2.027000e-05	6.691676e-02	-6.547317e+00
2.028000e-05	-5.643528e-02	-6.653211e+00
2.029000e-05	2.578247e-02	-6.769474e+00
2.030000e-05	-1.829105e-02	-6.934393e+00
2.031000e-05	3.956068e-02	-7.116390e+00
2.032000e-05	1.272471e-02	-7.253455e+00
2.033000e-05	-4.597334e-02	-7.358469e+00
2.034000e-05	2.474323e-02	-7.475209e+00
2.035000e-05	-7.815927e-04	-7.622027e+00
2.036000e-05	5.032971e-02	-7.750017e+00
2.037000e-05	-1.492987e-02	-7.913765e+00
2.038000e-05	-1.245333e-02	-8.011153e+00
2.039000e-05	1.534193e-02	-8.137289e+00
2.040000e-05	8.597572e-03	-8.222231e+00
2.041000e-05	2.947646e-02	-8.337318e+00
2.042000e-05	-2.772817e-02	-8.421507e+00
2.043000e-05	8.647994e-03	-8.517866e+00
2.044000e-05	1.853116e-02	-8.632681e+00
2.045000e-05	2.774247e-02	-8.768949e+00
2.046000e-05	7.449921e-03	-8.841683e+00
2.047000e-05	-1.606446e-02	-8.917317e+00
2.048000e-05	1.499291e-02	-8.990049e+00
2.049000e-05	1.531319e-02	-9.094183e+00
2.050000e-05	2.339149e-02	-9.148870e+00
2.051000e-05	-7.169283e-03	-9.209050e+00
2.052000e-05	-1.656807e-04	-9.275312e+00
2.053000e-05	2.011324e-02	-9.348966e+00
2.054000e-05	2.420692e-02	-9.504686e+00
2.055000e-05	1.351293e-02	-9.548418e+00
2.056000e-05	-6.332427e-03	-9.598426e+00
2.057000e-05	1.197829e-02	-9.621653e+00
2.058000e-05	2.422420e-02	-9.655783e+00
2.059000e-05	2.275995e-02	-9.726870e+00
2.060000e-05	3.216746e-03	-9.769024e+00
2.061000e-05	2.631420e-03	-9.812145e+00
2.062000e-05	1.997364e-02	-9.853609e+00
2.063000e-05	2.645814e-02	-9.883237e+00
2.064000e-05	1.961076e-02	-9.927343e+00
2.065000e-05	4.795313e-03	-9.956395e+00
2.066000e-05	1.408119e-02	-9.929396e+00
2.067000e-05	2.640841e-02	-9.929422e+00
2.068000e-05	2.610303e-02	-1.002150e+01
2.069000e-05	1.322322e-02	-1.001995e+01
2.070000e-05	8.320705e-03	-9.999479e+00
2.071000e-05	2.125148e-02	-1.002015e+01
2.072000e-05	3.152559e-02	-1.000145e+01
2.073000e-05	2.687777e-02	-1.003155e+01
2.074000e-05	1.651902e-02	-1.003048e+01
2.075000e-05	1.891232e-02	-9.981096e+00
2.076000e-05	3.012412e-02	-1.001045e+01
2.077000e-05	3.133762e-02	-9.979474e+00
2.078000e-05	2.314768e-02	-9.949949e+00
2.079000e-05	1.792237e-02	-9.948395e+00
2.080000e-05	2.729422e-02	-9.905815e+00
2.081000e-05	3.472353e-02	-9.915836e+00
2.082000e-05	3.284817e-02	-9.855128e+00
2.083000e-05	2.365047e-02	-9.843128e+00
2.084000e-05	2.225334e-02	-9.781000e+00
2.085000e-05	3.256328e-02	-9.730047e+00
2.086000e-05	3.636620e-02	-9.715767e+00
2.087000e-05	2.994346e-02	-9.673786e+00
2.088000e-05	2.211138e-02	-9.642153e+00
2.089000e-05	2.613971e-02	-9.590504e+00
2.090000e-05	3.418260e-02	-9.539441e+00
2.091000e-05	3.195387e-02	-9.463135e+00
2.092000e-05	2.309105e-02	-9.349395e+00
2.093000e-05	2.018954e-02	-9.275287e+00
2.094000e-05	2.642394e-02	-9.170076e+00
2.095000e-05	2.930390e-02	-9.147889e+00
2.096000e-05	2.354105e-02	-9.075231e+00
2.097000e-05	1.478236e-02	-8.950821e+00
2.098000e-05	1.649572e-02	-8.875687e+00
2.099000e-05	2.256418e-02	-8.831549e+00
2.100000e-05	2.136312e-02	-8.758997e+00
2.101000e-05	1.467841e-02	-8.633551e+00
2.102000e-05	1.094569e-02	-8.526716e+00
2.103000e-05	1.440674e-02	-8.441027e+00
2.104000e-05	1.858046e-02	-8.338812e+00
2.105000e-05	1.419059e-02	-8.233604e+00
2.106000e-05	8.120358e-03	-8.136839e+00
2.107000e-05	7.541503e-03	-8.032606e+00
2.108000e-05	1.256415e-02	-7.929241e+00
2.109000e-05	1.253029e-02	-7.698829e+00
2.110000e-05	7.125486e-03	-7.600572e+00
2.111000e-05	2.708947e-03	-7.484685e+00
2.112000e-05	6.361651e-03	-7.359420e+00
2.113000e-05	9.269562e-03	-7.220954e+00
2.114000e-05	8.139496e-03	-7.107266e+00
2.115000e-05	2.767506e-03	-6.949315e+00
2.116000e-05	2.294537e-03	-6.790525e+00
2.117000e-05	5.224875e-03	-6.696236e+00
2.118000e-05	6.590477e-03	-6.536945e+00
2.119000e-05	3.247300e-03	-6.422080e+00
2.120000e-05	-1.853604e-04	-6.275763e+00
2.121000e-05	1.949806e-03	-6.084258e+00
2.122000e-05	4.318689e-03	-5.947892e+00
2.123000e-05	3.761425e-03	-5.820025e+00
2.124000e-05	-1.183530e-04	-5.664662e+00
2.125000e-05	-8.782221e-04	-5.525836e+00
2.126000e-05	1.758051e-03	-5.284688e+00
2.127000e-05	2.831690e-03	-5.128740e+00
2.128000e-05	2.250498e-04	-4.929920e+00
2.129000e-05	-3.291216e-03	-4.725821e+00
2.130000e-05	-1.057308e-03	-4.589971e+00
2.131000e-05	2.833931e-04	-4.462079e+00
2.132000e-05	4.876938e-04	-4.285184e+00
2.133000e-05	-5.863965e-04	-4.129366e+00
2.134000e-05	-1.519153e-03	-4.019528e+00
2.135000e-05	-1.804080e-03	-3.810953e+00
2.136000e-05	1.754195e-04	-3.601974e+00
2.137000e-05	-1.685377e-03	-3.453630e+00
2.138000e-05	-1.597460e-03	-3.277209e+00
2.139000e-05	-3.212390e-03	-3.118840e+00
2.140000e-05	-2.731486e-03	-2.905187e+00
2.141000e-05	-4.584795e-03	-2.747395e+00
2.142000e-05	-2.493847e-03	-2.568842e+00
2.143000e-05	-3.377772e-03	-2.339453e+00
2.144000e-05	-2.529358e-03	-2.221099e+00
2.145000e-05	-3.589373e-03	-2.012499e+00
2.146000e-05	-2.427207e-03	-1.842103e+00
2.147000e-05	-2.109354e-03	-1.675158e+00
2.148000e-05	-4.490119e-03	-1.435155e+00
2.149000e-05	-5.826249e-03	-1.223580e+00
2.150000e-05	-5.886149e-03	-1.052607e+00
2.151000e-05	-4.150194e-03	-8.935092e-01
2.152000e-05	-4.047871e-03	-6.882870e-01
2.153000e-05	-3.531305e-03	-4.826868e-01
2.154000e-05	-4.279088e-03	-3.068132e-01
2.155000e-05	-3.640158e-03	-1.568922e-01
2.156000e-05	6.878685e-05	1.053000e-02
2.157000e-05	9.879705e-04	2.390788e-01
2.158000e-05	-3.053480e-03	3.800286e-01
2.159000e-05	-2.598243e-03	5.574223e-01
2.160000e-05	-3.595484e-03	7.153384e-01
2.161000e-05	-2.287778e-03	8.811891e-01
2.162000e-05	-2.950520e-03	1.093760e+00
2.163000e-05	3.656620e-03	1.263183e+00
2.164000e-05	3.304321e-02	1.493830e+00
2.165000e-05	5.326224e-02	1.736891e+00
2.166000e-05	-2.738281e-02	1.915818e+00
2.167000e-05	-4.474469e-02	2.123239e+00
2.168000e-05	-6.190067e-02	2.274709e+00
2.169000e-05	-6.444439e-02	2.419450e+00
2.170000e-05	9.222632e-02	2.503714e+00
2.171000e-05	-7.808652e-03	2.757393e+00
2.172000e-05	-9.994114e-02	2.873685e+00
2.173000e-05	1.141281e-01	3.051581e+00
2.174000e-05	-1.793226e-02	3.233130e+00
2.175000e-05	-2.888692e-02	3.399524e+00
2.176000e-05	7.594240e-02	3.528976e+00
2.177000e-05	-8.902735e-02	3.734371e+00
2.178000e-05	-4.712445e-02	3.884838e+00
2.179000e-05	6.206199e-02	4.085209e+00
2.180000e-05	-1.843392e-02	4.293763e+00
2.181000e-05	1.327405e-02	4.441109e+00
2.182000e-05	-3.647811e-02	4.611084e+00
2.183000e-05	-2.640713e-02	4.808999e+00
2.184000e-05	3.898900e-02	4.968043e+00
2.185000e-05	-1.027908e-02	5.219475e+00
2.186000e-05	-3.024179e-02	5.368418e+00
2.187000e-05	-2.152250e-02	5.566866e+00
2.188000e-05	1.912917e-02	5.642633e+00
2.189000e-05	9.917322e-03	5.813008e+00
2.190000e-05	-2.255187e-02	5.989950e+00
2.191000e-05	-1.592740e-02	6.127369e+00
2.192000e-05	-3.937950e-02	6.263839e+00
2.193000e-05	2.198854e-02	6.428976e+00
2.194000e-05	1.876493e-02	6.567491e+00
2.195000e-05	-3.356632e-02	6.737339e+00
2.196000e-05	-1.798146e-02	6.873685e+00
2.197000e-05	-6.067666e-03	6.988945e+00
2.198000e-05	1.329830e-02	7.085236e+00
2.199000e-05	-1.419766e-02	7.200555e+00
2.200000e-05	-3.637001e-02	7.358452e+00
2.201000e-05	-1.860385e-02	7.536368e+00
2.202000e-05	7.552139e-03	7.684737e+00
2.203000e-05	1.049360e-02	7.789001e+00
2.204000e-05	-2.207138e-02	7.915865e+00
2.205000e-05	-2.810894e-02	8.075662e+00
2.206000e-05	-9.374490e-03	8.179949e+00
2.207000e-05	1.839135e-03	8.265282e+00
2.208000e-05	-8.010436e-03	8.348398e+00
2.209000e-05	-3.228025e-02	8.452682e+00
2.210000e-05	-2.278832e-02	8.528865e+00
2.211000e-05	2.378107e-03	8.632107e+00
2.212000e-05	1.759758e-03	8.725416e+00
2.213000e-05	-1.920839e-02	8.778447e+00
2.214000e-05	-3.183817e-02	8.863237e+00
2.215000e-05	-1.465237e-02	9.012972e+00
2.216000e-05	-2.257622e-03	9.084683e+00
2.217000e-05	-9.630339e-03	9.177893e+00
2.218000e-05	-2.893262e-02	9.211130e+00
2.219000e-05	-2.767288e-02	9.285763e+00
2.220000e-05	-7.673964e-03	9.367398e+00
2.221000e-05	-4.419539e-03	9.393127e+00
2.222000e-05	-2.006362e-02	9.474186e+00
2.223000e-05	-3.174517e-02	9.517345e+00
2.224000e-05	-2.082559e-02	9.579449e+00
2.225000e-05	-7.707146e-03	9.642578e+00
2.226000e-05	-1.347880e-02	9.672658e+00
2.227000e-05	-2.954585e-02	9.745917e+00
2.228000e-05	-3.138085e-02	9.738971e+00
2.229000e-05	-1.698178e-02	9.801029e+00
2.230000e-05	-1.200757e-02	9.813787e+00
2.231000e-05	-2.338327e-02	9.916137e+00
2.232000e-05	-3.399003e-02	9.897316e+00
2.233000e-05	-2.684883e-02	9.926295e+00
2.234000e-05	-1.688139e-02	9.948421e+00
2.235000e-05	-1.891344e-02	9.949424e+00
2.236000e-05	-3.314408e-02	9.988425e+00
2.237000e-05	-3.720128e-02	9.989925e+00
2.238000e-05	-2.727081e-02	9.980424e+00
2.239000e-05	-2.100877e-02	9.999475e+00
2.240000e-05	-2.670205e-02	1.001045e+01
2.241000e-05	-3.800191e-02	9.989451e+00
2.242000e-05	-3.614808e-02	9.969471e+00
2.243000e-05	-2.653911e-02	9.958868e+00
2.244000e-05	-2.658763e-02	9.928374e+00
2.245000e-05	-3.714773e-02	9.909361e+00
2.246000e-05	-4.234704e-02	9.885787e+00
2.247000e-05	-3.585007e-02	9.845561e+00
2.248000e-05	-2.761611e-02	9.774601e+00
2.249000e-05	-3.273322e-02	9.729920e+00
2.250000e-05	-4.281341e-02	9.736315e+00
2.251000e-05	-4.252557e-02	9.623684e+00
2.252000e-05	-3.449659e-02	9.610603e+00
2.253000e-05	-3.039694e-02	9.569398e+00
2.254000e-05	-3.764014e-02	9.496844e+00
2.255000e-05	-4.164655e-02	9.465234e+00
2.256000e-05	-3.713891e-02	9.431079e+00
2.257000e-05	-2.936174e-02	9.349921e+00
2.258000e-05	-3.016808e-02	9.285214e+00
2.259000e-05	-3.594967e-02	9.242155e+00
2.260000e-05	-3.538022e-02	9.159473e+00
2.261000e-05	-2.928194e-02	9.108286e+00
2.262000e-05	-2.409586e-02	8.981050e+00
2.263000e-05	-2.937900e-02	8.855317e+00
2.264000e-05	-3.264616e-02	8.800050e+00
2.265000e-05	-2.783211e-02	8.728842e+00
2.266000e-05	-2.268112e-02	8.641583e+00
2.267000e-05	-1.955289e-02	8.558822e+00
2.268000e-05	-2.651915e-02	8.484160e+00
2.269000e-05	-2.396939e-02	8.400025e+00
2.270000e-05	-1.984458e-02	8.337191e+00
2.271000e-05	-1.439360e-02	8.200395e+00
2.272000e-05	-1.830488e-02	8.054213e+00
2.273000e-05	-2.397344e-02	7.948468e+00
2.274000e-05	-2.108278e-02	7.791132e+00
2.275000e-05	-1.586248e-02	7.736713e+00
2.276000e-05	-1.304991e-02	7.580530e+00
2.277000e-05	-1.493369e-02	7.456180e+00
2.278000e-05	-1.717279e-02	7.285812e+00
2.279000e-05	-1.279775e-02	7.139398e+00
2.280000e-05	-1.093231e-02	7.032530e+00
2.281000e-05	-1.298798e-02	6.906260e+00
2.282000e-05	-1.913867e-02	6.800974e+00
2.283000e-05	-1.730238e-02	6.654728e+00
2.284000e-05	-1.149372e-02	6.433661e+00
2.285000e-05	-8.419399e-03	6.377892e+00
2.286000e-05	-9.739539e-03	6.189002e+00
2.287000e-05	-1.272662e-02	6.074662e+00
2.288000e-05	-9.636350e-03	5.938421e+00
2.289000e-05	-8.203247e-03	5.780492e+00
2.290000e-05	-9.541150e-03	5.590002e+00
2.291000e-05	-1.237819e-02	5.474155e+00
2.292000e-05	-1.319339e-02	5.277290e+00
2.293000e-05	-8.909341e-03	5.074867e+00
2.294000e-05	-6.134316e-03	4.845289e+00
2.295000e-05	-8.789511e-03	4.726817e+00
2.296000e-05	-1.068949e-02	4.570350e+00
2.297000e-05	-1.003791e-02	4.441508e+00
2.298000e-05	-6.046816e-03	4.265179e+00
2.299000e-05	-6.772616e-03	4.022134e+00
2.300000e-05	-8.839114e-03	3.896312e+00
2.301000e-05	-1.134851e-02	3.736894e+00
2.302000e-05	-7.715875e-03	3.599451e+00
2.303000e-05	-5.927958e-03	3.390550e+00
2.304000e-05	-6.104279e-03	3.199454e+00
2.305000e-05	-8.134193e-03	3.031080e+00
2.306000e-05	-7.454777e-03	2.874135e+00
2.307000e-05	-4.977690e-03	2.718365e+00
2.308000e-05	-6.133722e-03	2.486209e+00
2.309000e-05	-7.015429e-03	2.316267e+00
2.310000e-05	-7.739004e-03	2.115788e+00
2.311000e-05	-6.647580e-03	1.969950e+00
2.312000e-05	-5.840010e-03	1.763508e+00
2.313000e-05	-5.818459e-03	1.591002e+00
2.314000e-05	-8.017828e-03	1.399504e+00
2.315000e-05	-5.449905e-03	1.230504e+00
2.316000e-05	-4.725659e-03	9.920026e-01
2.317000e-05	-4.097116e-03	7.694263e-01
2.318000e-05	-5.096108e-03	6.300501e-01
2.319000e-05	-5.406086e-03	4.741066e-01
2.320000e-05	-4.560120e-03	2.955870e-01
2.321000e-05	-3.676615e-03	4.367926e-02
2.322000e-05	-9.153589e-04	-8.581692e-02
2.323000e-05	2.211113e-03	-2.937116e-01
2.324000e-05	-1.456194e-03	-4.425512e-01
2.325000e-05	-8.410022e-05	-5.930787e-01
2.326000e-05	-1.361855e-03	-7.915486e-01
2.327000e-05	-1.503641e-03	-9.489196e-01
2.328000e-05	-3.137031e-03	-1.105391e+00
2.329000e-05	7.372336e-03	-1.284763e+00
2.330000e-05	6.438968e-02	-1.466239e+00
2.331000e-05	3.061389e-02	-1.735339e+00
2.332000e-05	-4.060744e-02	-2.000528e+00
2.333000e-05	-4.146956e-02	-2.283210e+00
2.334000e-05	-1.003164e-01	-2.410575e+00
2.335000e-05	7.715430e-02	-2.441030e+00
2.336000e-05	6.146542e-02	-2.546819e+00
2.337000e-05	-1.380983e-01	-2.839550e+00
2.338000e-05	9.815621e-02	-2.898891e+00
2.339000e-05	1.729412e-02	-3.055158e+00
2.340000e-05	-9.059017e-02	-3.318472e+00
2.341000e-05	1.352786e-01	-3.515763e+00
2.342000e-05	-3.765885e-02	-3.682483e+00
2.343000e-05	-1.175246e-01	-3.865355e+00
2.344000e-05	1.078601e-01	-4.010475e+00
2.345000e-05	-2.540922e-02	-4.200552e+00
2.346000e-05	4.317874e-02	-4.379894e+00
2.347000e-05	1.338809e-02	-4.464179e+00
2.348000e-05	-9.410316e-02	-4.646236e+00
2.349000e-05	1.032558e-01	-4.874132e+00
2.350000e-05	-1.202065e-02	-4.989575e+00
2.351000e-05	-3.172540e-02	-5.200525e+00
2.352000e-05	9.952116e-03	-5.378497e+00
2.353000e-05	-2.441312e-02	-5.567943e+00
2.354000e-05	7.857954e-02	-5.735889e+00
2.355000e-05	-2.986163e-02	-5.892710e+00
2.356000e-05	-5.184108e-04	-6.030073e+00
2.357000e-05	-1.095581e-02	-6.146817e+00
2.358000e-05	-2.527238e-02	-6.317363e+00
2.359000e-05	9.331184e-02	-6.483284e+00
2.360000e-05	-4.315975e-02	-6.582633e+00
2.361000e-05	1.337311e-03	-6.738895e+00
2.362000e-05	1.221395e-03	-6.893608e+00
2.363000e-05	8.363689e-03	-7.055183e+00
2.364000e-05	4.774950e-02	-7.230001e+00
2.365000e-05	-5.585978e-02	-7.327313e+00
2.366000e-05	1.448469e-02	-7.451604e+00
2.367000e-05	2.216497e-03	-7.559469e+00
2.368000e-05	3.876278e-02	-7.766918e+00
2.369000e-05	1.653483e-02	-7.832683e+00
2.370000e-05	-3.000974e-02	-8.009625e+00
2.371000e-05	1.871262e-02	-8.107261e+00
2.372000e-05	-1.625177e-04	-8.222552e+00
2.373000e-05	3.382231e-02	-8.307262e+00
2.374000e-05	-1.655940e-02	-8.398995e+00
2.375000e-05	-8.632630e-03	-8.493810e+00
2.376000e-05	2.106838e-02	-8.600497e+00
2.377000e-05	2.190274e-02	-8.717821e+00
2.378000e-05	2.208865e-02	-8.822125e+00
2.379000e-05	-1.930141e-02	-8.916812e+00
2.380000e-05	8.312061e-03	-8.969869e+00
2.381000e-05	1.487167e-02	-9.044133e+00
2.382000e-05	2.447023e-02	-9.147863e+00
2.383000e-05	3.248434e-03	-9.229975e+00
2.384000e-05	-8.794665e-03	-9.253710e+00
2.385000e-05	1.774414e-02	-9.347391e+00
2.386000e-05	2.393016e-02	-9.422108e+00
2.387000e-05	2.037722e-02	-9.516766e+00
2.388000e-05	-3.687657e-03	-9.579373e+00
2.389000e-05	4.811356e-03	-9.620604e+00
2.390000e-05	2.205108e-02	-9.663658e+00
2.391000e-05	2.409708e-02	-9.697338e+00
2.392000e-05	9.146331e-03	-9.809469e+00
2.393000e-05	-5.947235e-04	-9.811575e+00
2.394000e-05	1.553281e-02	-9.832160e+00
2.395000e-05	2.470232e-02	-9.872232e+00
2.396000e-05	2.372131e-02	-9.896313e+00
2.397000e-05	7.791827e-03	-9.937392e+00
2.398000e-05	1.003307e-02	-9.947470e+00
2.399000e-05	2.379344e-02	-9.928344e+00
2.400000e-05	2.858374e-02	-9.969472e+00
2.401000e-05	1.833386e-02	-9.979997e+00
2.402000e-05	7.899657e-03	-9.970479e+00
2.403000e-05	1.654737e-02	-1.000056e+01
2.404000e-05	2.919508e-02	-1.003060e+01
2.405000e-05	2.849550e-02	-1.000153e+01
2.406000e-05	1.766919e-02	-9.993126e+00
2.407000e-05	1.609343e-02	-1.002002e+01
2.408000e-05	2.725397e-02	-9.969974e+00
2.409000e-05	3.370713e-02	-9.959522e+00
2.410000e-05	2.671967e-02	-9.969421e+00
2.411000e-05	1.854609e-02	-9.938920e+00
2.412000e-05	2.357296e-02	-9.947843e+00
2.413000e-05	3.415984e-02	-9.886338e+00
2.414000e-05	3.455904e-02	-9.866263e+00
2.415000e-05	2.647262e-02	-9.852606e+00
2.416000e-05	2.138824e-02	-9.802051e+00
2.417000e-05	3.060175e-02	-9.740423e+00
2.418000e-05	3.557630e-02	-9.778392e+00
2.419000e-05	3.169990e-02	-9.675809e+00
2.420000e-05	2.373036e-02	-9.642656e+00
2.421000e-05	2.443596e-02	-9.598999e+00
2.422000e-05	3.217544e-02	-9.558918e+00
2.423000e-05	3.223468e-02	-9.465264e+00
2.424000e-05	2.440137e-02	-9.393050e+00
2.425000e-05	2.010798e-02	-9.284834e+00
2.426000e-05	2.405533e-02	-9.241578e+00
2.427000e-05	2.868442e-02	-9.140393e+00
2.428000e-05	2.541036e-02	-9.115285e+00
2.429000e-05	1.654967e-02	-9.021521e+00
2.430000e-05	1.686309e-02	-8.908343e+00
2.431000e-05	2.155152e-02	-8.863099e+00
2.432000e-05	2.202935e-02	-8.789975e+00
2.433000e-05	1.552571e-02	-8.668708e+00
2.434000e-05	1.005738e-02	-8.550890e+00
2.435000e-05	1.227550e-02	-8.432628e+00
2.436000e-05	1.726082e-02	-8.358845e+00
2.437000e-05	1.492573e-02	-8.253606e+00
2.438000e-05	8.903410e-03	-8.168868e+00
2.439000e-05	7.748925e-03	-8.063708e+00
2.440000e-05	1.171301e-02	-7.959397e+00
2.441000e-05	1.336891e-02	-7.802547e+00
2.442000e-05	8.381133e-03	-7.665126e+00
2.443000e-05	3.094089e-03	-7.547839e+00
2.444000e-05	5.426447e-03	-7.421495e+00
2.445000e-05	1.025233e-02	-7.274159e+00
2.446000e-05	8.493552e-03	-7.088450e+00
2.447000e-05	3.388154e-03	-7.023054e+00
2.448000e-05	2.262185e-03	-6.792105e+00
2.449000e-05	5.392435e-03	-6.744815e+00
2.450000e-05	7.255859e-03	-6.610970e+00
2.451000e-05	3.939793e-03	-6.464080e+00
2.452000e-05	3.163853e-04	-6.327293e+00
2.453000e-05	3.191490e-04	-6.169867e+00
2.454000e-05	4.070294e-03	-5.979424e+00
2.455000e-05	4.432285e-03	-5.833632e+00
2.456000e-05	-3.409665e-05	-5.737179e+00
2.457000e-05	-1.176026e-03	-5.557392e+00
2.458000e-05	1.904294e-03	-5.377998e+00
2.459000e-05	4.047474e-03	-5.169392e+00
2.460000e-05	2.579233e-03	-5.019455e+00
2.461000e-05	-2.354274e-03	-4.770523e+00
2.462000e-05	-2.279725e-03	-4.641081e+00
2.463000e-05	1.446235e-03	-4.495660e+00
2.464000e-05	9.741357e-04	-4.336866e+00
2.465000e-05	-1.620190e-03	-4.159495e+00
2.466000e-05	-4.236005e-03	-4.059980e+00
2.467000e-05	-1.350515e-03	-3.855357e+00
2.468000e-05	1.033061e-03	-3.663108e+00
2.469000e-05	-1.240765e-04	-3.516810e+00
2.470000e-05	-3.490087e-03	-3.346765e+00
2.471000e-05	-3.714274e-03	-3.190497e+00
2.472000e-05	-1.969205e-03	-2.978392e+00
2.473000e-05	-1.362941e-03	-2.769472e+00
2.474000e-05	-3.376109e-03	-2.619577e+00
2.475000e-05	-5.420668e-03	-2.452504e+00
2.476000e-05	-2.501931e-03	-2.274734e+00
2.477000e-05	-5.637613e-04	-2.054659e+00
2.478000e-05	-1.548205e-03	-1.883707e+00
2.479000e-05	-4.180993e-03	-1.725268e+00
2.480000e-05	-5.681959e-03	-1.537441e+00
2.481000e-05	-3.984545e-03	-1.285133e+00
2.482000e-05	-4.812481e-03	-1.085311e+00
2.483000e-05	-6.376827e-03	-9.557356e-01
2.484000e-05	-5.812774e-03	-7.493724e-01
2.485000e-05	-4.468787e-03	-5.582935e-01
2.486000e-05	-3.236323e-03	-3.388699e-01
2.487000e-05	-3.749094e-03	-2.620788e-01
2.488000e-05	-2.285788e-03	2.005013e-02
2.489000e-05	1.104831e-03	1.364409e-01
2.490000e-05	-1.261614e-03	3.473710e-01
2.491000e-05	-1.123028e-03	5.042881e-01
2.492000e-05	-3.892791e-03	6.946115e-01
2.493000e-05	-4.111209e-03	8.295013e-01
2.494000e-05	-3.951233e-03	1.001151e+00
2.495000e-05	2.174673e-03	1.220554e+00
2.496000e-05	1.876234e-02	1.377946e+00
2.497000e-05	5.862534e-02	1.632208e+00
2.498000e-05	-5.175174e-03	1.903260e+00
2.499000e-05	-4.631445e-02	2.072633e+00
2.500000e-05	-4.840253e-02	2.210058e+00
2.501000e-05	-7.851816e-02	2.368898e+00
2.502000e-05	4.370990e-02	2.442183e+00
2.503000e-05	5.966125e-02	2.674213e+00
2.504000e-05	-1.278608e-01	2.851680e+00
2.505000e-05	7.902231e-02	2.968525e+00
2.506000e-05	4.230982e-02	3.189524e+00
2.507000e-05	-6.680276e-02	3.349873e+00
2.508000e-05	7.209649e-02	3.514262e+00
2.509000e-05	-3.144390e-02	3.664235e+00
2.510000e-05	-9.891324e-02	3.843712e+00
2.511000e-05	5.822662e-02	4.000073e+00
2.512000e-05	2.693847e-03	4.182205e+00
2.513000e-05	1.969697e-03	4.390501e+00
2.514000e-05	-1.277385e-02	4.580476e+00
2.515000e-05	-5.273218e-02	4.757369e+00
2.516000e-05	3.382894e-02	4.924312e+00
2.517000e-05	7.180951e-03	5.107416e+00
2.518000e-05	-2.582244e-02	5.326963e+00
2.519000e-05	-2.967154e-02	5.494693e+00
2.520000e-05	6.948873e-03	5.630531e+00
2.521000e-05	2.193952e-02	5.778973e+00
2.522000e-05	-1.591602e-02	5.954917e+00
2.523000e-05	-1.458057e-02	6.073233e+00
2.524000e-05	-3.855098e-02	6.241679e+00
2.525000e-05	-1.922269e-03	6.368922e+00
2.526000e-05	3.416428e-02	6.494334e+00
2.527000e-05	-2.366186e-02	6.685235e+00
2.528000e-05	-2.595656e-02	6.822079e+00
2.529000e-05	-1.012663e-02	6.958892e+00
2.530000e-05	8.154726e-03	7.073205e+00
2.531000e-05	1.103781e-03	7.178050e+00
2.532000e-05	-3.534142e-02	7.325889e+00
2.533000e-05	-2.622864e-02	7.475266e+00
2.534000e-05	-1.472693e-03	7.621631e+00
2.535000e-05	1.448278e-02	7.717971e+00
2.536000e-05	-1.076355e-02	7.864184e+00
2.537000e-05	-3.268457e-02	8.032184e+00
2.538000e-05	-1.396993e-02	8.148942e+00
2.539000e-05	-5.220648e-04	8.273260e+00
2.540000e-05	7.172634e-04	8.337919e+00
2.541000e-05	-2.678064e-02	8.421556e+00
2.542000e-05	-3.016185e-02	8.496789e+00
2.543000e-05	-5.312592e-03	8.589579e+00
2.544000e-05	5.111066e-03	8.696294e+00
2.545000e-05	-1.228298e-02	8.728949e+00
2.546000e-05	-3.278380e-02	8.811657e+00
2.547000e-05	-2.203256e-02	8.930067e+00
2.548000e-05	-4.405937e-03	9.035182e+00
2.549000e-05	-3.201525e-03	9.098768e+00
2.550000e-05	-2.338847e-02	9.229474e+00
2.551000e-05	-3.167703e-02	9.242689e+00
2.552000e-05	-1.407397e-02	9.347815e+00
2.553000e-05	-2.276745e-03	9.390471e+00
2.554000e-05	-1.431802e-02	9.474159e+00
2.555000e-05	-3.061798e-02	9.495787e+00
2.556000e-05	-2.726196e-02	9.578374e+00
2.557000e-05	-1.143623e-02	9.611021e+00
2.558000e-05	-9.495858e-03	9.670135e+00
2.559000e-05	-2.530070e-02	9.674337e+00
2.560000e-05	-3.431181e-02	9.760418e+00
2.561000e-05	-2.243799e-02	9.760006e+00
2.562000e-05	-1.072689e-02	9.822186e+00
2.563000e-05	-1.846040e-02	9.863763e+00
2.564000e-05	-3.341445e-02	9.876241e+00
2.565000e-05	-3.108275e-02	9.957843e+00
2.566000e-05	-1.910047e-02	9.968845e+00
2.567000e-05	-1.564854e-02	9.978951e+00
2.568000e-05	-2.940929e-02	9.978396e+00
2.569000e-05	-3.789579e-02	9.999496e+00
2.570000e-05	-3.086367e-02	9.999024e+00
2.571000e-05	-1.950382e-02	9.950424e+00
2.572000e-05	-2.316969e-02	9.998497e+00
2.573000e-05	-3.668658e-02	9.989898e+00
2.574000e-05	-3.823198e-02	9.958951e+00
2.575000e-05	-2.807480e-02	9.957845e+00
2.576000e-05	-2.581740e-02	9.947898e+00
2.577000e-05	-3.558805e-02	9.917743e+00
2.578000e-05	-4.278201e-02	9.856810e+00
2.579000e-05	-3.771779e-02	9.866138e+00
2.580000e-05	-2.805867e-02	9.852575e+00
2.581000e-05	-2.890358e-02	9.780476e+00
2.582000e-05	-3.974217e-02	9.708837e+00
2.583000e-05	-4.411695e-02	9.655286e+00
2.584000e-05	-3.530538e-02	9.612157e+00
2.585000e-05	-3.019155e-02	9.550532e+00
2.586000e-05	-3.525317e-02	9.536796e+00
2.587000e-05	-4.274919e-02	9.465637e+00
2.588000e-05	-4.037004e-02	9.432608e+00
2.589000e-05	-3.035079e-02	9.330049e+00
2.590000e-05	-2.866266e-02	9.285717e+00
2.591000e-05	-3.539881e-02	9.274587e+00
2.592000e-05	-3.833717e-02	9.220498e+00
2.593000e-05	-3.147287e-02	9.117417e+00
2.594000e-05	-2.389307e-02	9.035600e+00
2.595000e-05	-2.708135e-02	8.896843e+00
2.596000e-05	-3.157223e-02	8.843108e+00
2.597000e-05	-3.072561e-02	8.770371e+00
2.598000e-05	-2.225373e-02	8.667185e+00
2.599000e-05	-2.092115e-02	8.560523e+00
2.600000e-05	-2.318285e-02	8.506788e+00
2.601000e-05	-2.693683e-02	8.420081e+00
2.602000e-05	-2.099247e-02	8.317342e+00
2.603000e-05	-1.654578e-02	8.182073e+00
2.604000e-05	-1.772761e-02	8.166694e+00
2.605000e-05	-2.301498e-02	7.960474e+00
2.606000e-05	-2.288900e-02	7.874183e+00
2.607000e-05	-1.674449e-02	7.787421e+00
2.608000e-05	-1.314796e-02	7.622180e+00
2.609000e-05	-1.647322e-02	7.496872e+00
2.610000e-05	-1.841598e-02	7.317346e+00
2.611000e-05	-1.455620e-02	7.210552e+00
2.612000e-05	-1.031277e-02	7.065737e+00
2.613000e-05	-1.025839e-02	6.928296e+00
2.614000e-05	-1.614960e-02	6.841007e+00
2.615000e-05	-1.683599e-02	6.708342e+00
2.616000e-05	-1.291011e-02	6.514288e+00
2.617000e-05	-9.619426e-03	6.359492e+00
2.618000e-05	-1.095312e-02	6.262632e+00
2.619000e-05	-1.328526e-02	6.117787e+00
2.620000e-05	-1.257809e-02	5.990029e+00
2.621000e-05	-8.694312e-03	5.832652e+00
2.622000e-05	-7.816860e-03	5.632104e+00
2.623000e-05	-1.119452e-02	5.505782e+00
2.624000e-05	-1.332767e-02	5.287846e+00
2.625000e-05	-1.035009e-02	5.170996e+00
2.626000e-05	-7.032738e-03	4.928294e+00
2.627000e-05	-8.831017e-03	4.759455e+00
2.628000e-05	-1.072649e-02	4.612450e+00
2.629000e-05	-1.005590e-02	4.473233e+00
2.630000e-05	-6.853783e-03	4.267841e+00
2.631000e-05	-5.638729e-03	4.126763e+00
2.632000e-05	-8.148525e-03	3.938370e+00
2.633000e-05	-9.937707e-03	3.791474e+00
2.634000e-05	-8.545169e-03	3.621584e+00
2.635000e-05	-7.126808e-03	3.454732e+00
2.636000e-05	-6.430751e-03	3.233055e+00
2.637000e-05	-9.592080e-03	3.105734e+00
2.638000e-05	-8.275041e-03	2.916288e+00
2.639000e-05	-5.715631e-03	2.779421e+00
2.640000e-05	-4.364631e-03	2.559843e+00
2.641000e-05	-5.113553e-03	2.346845e+00
2.642000e-05	-7.794205e-03	2.188950e+00
2.643000e-05	-6.816138e-03	2.042030e+00
2.644000e-05	-6.876439e-03	1.853759e+00
2.645000e-05	-4.241362e-03	1.653593e+00
2.646000e-05	-6.524620e-03	1.473233e+00
2.647000e-05	-7.124113e-03	1.275234e+00
2.648000e-05	-6.284965e-03	1.064189e+00
2.649000e-05	-4.024685e-03	8.316066e-01
2.650000e-05	-3.660885e-03	6.566082e-01
2.651000e-05	-4.890863e-03	4.856857e-01
2.652000e-05	-6.083172e-03	2.863435e-01
2.653000e-05	-4.599164e-03	9.613810e-02
2.654000e-05	-1.416431e-03	-9.323771e-02
2.655000e-05	2.481207e-03	-2.315751e-01
2.656000e-05	-1.655734e-03	-4.179699e-01
2.657000e-05	-6.325575e-04	-5.584746e-01
2.658000e-05	-4.160865e-04	-7.683959e-01
2.659000e-05	-5.349513e-04	-9.152407e-01
2.660000e-05	-1.538734e-03	-1.081631e+00
2.661000e-05	2.124380e-03	-1.253133e+00
2.662000e-05	4.111386e-02	-1.451283e+00
2.663000e-05	6.083212e-02	-1.701684e+00
2.664000e-05	-3.400621e-02	-1.906264e+00
2.665000e-05	-3.119873e-02	-2.219601e+00
2.666000e-05	-9.714310e-02	-2.379520e+00
2.667000e-05	1.128729e-02	-2.432552e+00
2.668000e-05	1.134471e-01	-2.482165e+00
2.669000e-05	-1.249351e-01	-2.724912e+00
2.670000e-05	1.874848e-02	-2.896813e+00
2.671000e-05	9.447949e-02	-3.020029e+00
2.672000e-05	-1.117544e-01	-3.273688e+00
2.673000e-05	8.879361e-02	-3.453708e+00
2.674000e-05	4.784866e-02	-3.598896e+00
2.675000e-05	-1.626633e-01	-3.831144e+00
2.676000e-05	6.741816e-02	-3.948949e+00
2.677000e-05	2.586443e-02	-4.137871e+00
2.678000e-05	-4.618810e-03	-4.367342e+00
2.679000e-05	6.557717e-02	-4.422032e+00
2.680000e-05	-1.081204e-01	-4.593105e+00
2.681000e-05	5.277091e-02	-4.781599e+00
2.682000e-05	5.114201e-02	-4.987967e+00
2.683000e-05	-6.106747e-02	-5.127920e+00
2.684000e-05	2.334504e-02	-5.325940e+00
2.685000e-05	-3.722840e-02	-5.486390e+00
2.686000e-05	6.174758e-02	-5.664762e+00
2.687000e-05	1.155348e-02	-5.833080e+00
2.688000e-05	-3.132990e-02	-5.989496e+00
2.689000e-05	1.727703e-02	-6.084207e+00
2.690000e-05	-5.377261e-02	-6.276212e+00
2.691000e-05	8.441598e-02	-6.470980e+00
2.692000e-05	3.609771e-04	-6.599021e+00
2.693000e-05	-3.175996e-02	-6.727363e+00
2.694000e-05	2.301952e-02	-6.820580e+00
2.695000e-05	-1.558955e-02	-6.999129e+00
2.696000e-05	6.178986e-02	-7.178949e+00
2.697000e-05	-3.998664e-02	-7.313733e+00
2.698000e-05	-1.367436e-02	-7.451054e+00
2.699000e-05	1.364469e-02	-7.527366e+00
2.700000e-05	1.947979e-02	-7.703709e+00
2.701000e-05	4.221081e-02	-7.793076e+00
2.702000e-05	-3.524850e-02	-7.938443e+00
2.703000e-05	1.122667e-02	-8.063683e+00
2.704000e-05	3.144387e-03	-8.212025e+00
2.705000e-05	2.877506e-02	-8.304762e+00
2.706000e-05	5.074673e-03	-8.369921e+00
2.707000e-05	-2.440462e-02	-8.495236e+00
2.708000e-05	1.912435e-02	-8.590470e+00
2.709000e-05	1.747329e-02	-8.705186e+00
2.710000e-05	3.078713e-02	-8.830600e+00
2.711000e-05	-1.213495e-02	-8.865283e+00
2.712000e-05	-2.789537e-03	-8.937416e+00
2.713000e-05	1.682347e-02	-9.032182e+00
2.714000e-05	2.152510e-02	-9.106314e+00
2.715000e-05	1.396043e-02	-9.189977e+00
2.716000e-05	-1.379843e-02	-9.263181e+00
2.717000e-05	1.021961e-02	-9.277342e+00
2.718000e-05	2.319655e-02	-9.410550e+00
2.719000e-05	2.567871e-02	-9.474687e+00
2.720000e-05	3.208520e-03	-9.568973e+00
2.721000e-05	-1.780737e-03	-9.622574e+00
2.722000e-05	1.954351e-02	-9.662132e+00
2.723000e-05	2.621955e-02	-9.704816e+00
2.724000e-05	1.638299e-02	-9.748893e+00
2.725000e-05	-2.718927e-03	-9.781076e+00
2.726000e-05	9.291086e-03	-9.802029e+00
2.727000e-05	2.304895e-02	-9.862260e+00
2.728000e-05	2.567854e-02	-9.896764e+00
2.729000e-05	1.189885e-02	-9.907818e+00
2.730000e-05	5.214190e-03	-9.947817e+00
2.731000e-05	2.090365e-02	-9.957845e+00
2.732000e-05	2.864425e-02	-9.989521e+00
2.733000e-05	2.209977e-02	-9.969473e+00
2.734000e-05	9.647886e-03	-1.005053e+01
2.735000e-05	1.254333e-02	-9.959500e+00
2.736000e-05	2.680363e-02	-1.002205e+01
2.737000e-05	2.919955e-02	-1.002108e+01
2.738000e-05	2.004795e-02	-9.989501e+00
2.739000e-05	1.491225e-02	-9.999501e+00
2.740000e-05	2.388087e-02	-9.969500e+00
2.741000e-05	3.337801e-02	-9.969952e+00
2.742000e-05	2.898429e-02	-9.959522e+00
2.743000e-05	2.064376e-02	-9.957367e+00
2.744000e-05	2.048774e-02	-9.938396e+00
2.745000e-05	3.148799e-02	-9.897316e+00
2.746000e-05	3.420788e-02	-9.926263e+00
2.747000e-05	2.756242e-02	-9.843207e+00
2.748000e-05	2.145979e-02	-9.803029e+00
2.749000e-05	2.769898e-02	-9.788426e+00
2.750000e-05	3.592520e-02	-9.758342e+00
2.751000e-05	3.371311e-02	-9.725815e+00
2.752000e-05	2.545443e-02	-9.675658e+00
2.753000e-05	2.367957e-02	-9.630554e+00
2.754000e-05	2.974671e-02	-9.579500e+00
2.755000e-05	3.307132e-02	-9.518311e+00
2.756000e-05	2.618513e-02	-9.403050e+00
2.757000e-05	1.983679e-02	-9.337390e+00
2.758000e-05	2.249224e-02	-9.252179e+00
2.759000e-05	2.695456e-02	-9.199521e+00
2.760000e-05	2.671759e-02	-9.116862e+00
2.761000e-05	1.939645e-02	-9.033652e+00
2.762000e-05	1.575756e-02	-8.907387e+00
2.763000e-05	1.985172e-02	-8.872110e+00
2.764000e-05	2.277604e-02	-8.770524e+00
2.765000e-05	1.826093e-02	-8.756794e+00
2.766000e-05	1.136659e-02	-8.579399e+00
2.767000e-05	1.216660e-02	-8.462682e+00
2.768000e-05	1.693737e-02	-8.380473e+00
2.769000e-05	1.659866e-02	-8.277259e+00
2.770000e-05	1.033450e-02	-8.159497e+00
2.771000e-05	6.938757e-03	-8.075682e+00
2.772000e-05	1.004053e-02	-8.019950e+00
2.773000e-05	1.236352e-02	-7.794505e+00
2.774000e-05	1.035203e-02	-7.695836e+00
2.775000e-05	4.553012e-03	-7.568821e+00
2.776000e-05	4.020545e-03	-7.432103e+00
2.777000e-05	8.570176e-03	-7.295761e+00
2.778000e-05	9.341614e-03	-7.189955e+00
2.779000e-05	5.167878e-03	-7.055756e+00
2.780000e-05	1.770304e-03	-6.905162e+00
2.781000e-05	4.662288e-03	-6.759444e+00
2.782000e-05	7.649799e-03	-6.641580e+00
2.783000e-05	5.502709e-03	-6.495762e+00
2.784000e-05	5.840251e-04	-6.368949e+00
2.785000e-05	2.103846e-03	-6.201524e+00
2.786000e-05	4.317184e-03	-6.012480e+00
2.787000e-05	2.869189e-03	-5.865162e+00
2.788000e-05	-3.450341e-04	-5.758916e+00
2.789000e-05	-5.977591e-04	-5.611528e+00
2.790000e-05	2.566284e-03	-5.422097e+00
2.791000e-05	2.744774e-03	-5.220604e+00
2.792000e-05	8.207352e-04	-5.034108e+00
2.793000e-05	-3.946452e-04	-4.855209e+00
2.794000e-05	-4.665830e-04	-4.651606e+00
2.795000e-05	1.889323e-03	-4.487841e+00
2.796000e-05	-1.374970e-04	-4.379898e+00
2.797000e-05	-1.284334e-03	-4.221605e+00
2.798000e-05	-2.755695e-03	-4.074634e+00
2.799000e-05	-5.746289e-04	-3.938367e+00
2.800000e-05	-4.243561e-06	-3.726293e+00
2.801000e-05	-1.163178e-03	-3.556842e+00
2.802000e-05	-2.938612e-03	-3.390998e+00
2.803000e-05	-2.420037e-03	-3.230503e+00
2.804000e-05	-7.831279e-04	-3.014074e+00
2.805000e-05	-2.354841e-03	-2.823080e+00
2.806000e-05	-4.019286e-03	-2.654162e+00
2.807000e-05	-4.499959e-03	-2.485687e+00
2.808000e-05	-3.196276e-03	-2.357391e+00
2.809000e-05	-2.511325e-03	-2.136814e+00
2.810000e-05	-2.078854e-03	-1.958341e+00
2.811000e-05	-2.935436e-03	-1.778446e+00
2.812000e-05	-3.970979e-03	-1.590025e+00
2.813000e-05	-3.691783e-03	-1.379896e+00
2.814000e-05	-3.658136e-03	-1.148920e+00
2.815000e-05	-6.627168e-03	-9.779186e-01
2.816000e-05	-5.482807e-03	-8.180751e-01
2.817000e-05	-5.622646e-03	-6.624827e-01
2.818000e-05	-4.593614e-03	-4.215538e-01
2.819000e-05	-3.976354e-03	-2.535268e-01
2.820000e-05	-3.727124e-03	-6.313433e-02
2.821000e-05	5.236652e-05	9.373796e-02
2.822000e-05	-5.463924e-04	3.147659e-01
2.823000e-05	-4.660784e-04	4.621829e-01
2.824000e-05	-2.441445e-03	6.610587e-01
2.825000e-05	-2.974778e-03	7.389235e-01
2.826000e-05	-3.905208e-03	9.549435e-01
2.827000e-05	1.122919e-04	1.187398e+00
2.828000e-05	9.127372e-03	1.335841e+00
2.829000e-05	5.120279e-02	1.578023e+00
2.830000e-05	2.206541e-02	1.809108e+00
2.831000e-05	-4.392406e-02	2.011001e+00
2.832000e-05	-4.232368e-02	2.137471e+00
2.833000e-05	-7.752116e-02	2.338893e+00
2.834000e-05	-1.081066e-02	2.410551e+00
2.835000e-05	1.014845e-01	2.621054e+00
2.836000e-05	-1.002969e-01	2.800476e+00
2.837000e-05	3.275471e-03	2.904818e+00
2.838000e-05	9.166126e-02	3.115417e+00
2.839000e-05	-7.099902e-02	3.334338e+00
2.840000e-05	3.817207e-02	3.474234e+00
2.841000e-05	2.820329e-02	3.620551e+00
2.842000e-05	-1.175815e-01	3.821100e+00
2.843000e-05	2.815357e-02	3.968970e+00
2.844000e-05	3.102996e-02	4.168446e+00
2.845000e-05	-1.519229e-02	4.368472e+00
2.846000e-05	9.002890e-03	4.514290e+00
2.847000e-05	-5.840729e-02	4.748363e+00
2.848000e-05	1.297900e-02	4.861682e+00
2.849000e-05	2.391321e-02	5.053187e+00
2.850000e-05	-2.121038e-02	5.293786e+00
2.851000e-05	-3.178696e-02	5.422132e+00
2.852000e-05	-5.765387e-03	5.598954e+00
2.853000e-05	2.560426e-02	5.694267e+00
2.854000e-05	-5.183566e-03	5.925237e+00
2.855000e-05	-1.705598e-02	6.032203e+00
2.856000e-05	-2.786546e-02	6.181530e+00
2.857000e-05	-2.382796e-02	6.346416e+00
2.858000e-05	3.637029e-02	6.441154e+00
2.859000e-05	-6.984467e-03	6.620130e+00
2.860000e-05	-3.263268e-02	6.748951e+00
2.861000e-05	-1.214600e-02	6.926892e+00
2.862000e-05	1.107408e-03	7.041585e+00
2.863000e-05	1.183844e-02	7.126895e+00
2.864000e-05	-2.894097e-02	7.252686e+00
2.865000e-05	-3.056828e-02	7.472203e+00
2.866000e-05	-9.849707e-03	7.602127e+00
2.867000e-05	1.291395e-02	7.738813e+00
2.868000e-05	-6.175862e-04	7.832676e+00
2.869000e-05	-3.150301e-02	8.022447e+00
2.870000e-05	-1.893686e-02	8.155817e+00
2.871000e-05	-4.938178e-03	8.262630e+00
2.872000e-05	5.269943e-03	8.326817e+00
2.873000e-05	-1.866605e-02	8.399902e+00
2.874000e-05	-3.100549e-02	8.493736e+00
2.875000e-05	-1.333701e-02	8.588524e+00
2.876000e-05	3.901308e-03	8.657182e+00
2.877000e-05	-6.064122e-03	8.745897e+00
2.878000e-05	-2.881351e-02	8.820049e+00
2.879000e-05	-2.705100e-02	8.935865e+00
2.880000e-05	-8.146394e-03	9.002180e+00
2.881000e-05	-2.060228e-03	9.076765e+00
2.882000e-05	-1.759671e-02	9.177922e+00
2.883000e-05	-3.236246e-02	9.241656e+00
2.884000e-05	-2.106621e-02	9.306793e+00
2.885000e-05	-4.167424e-03	9.359099e+00
2.886000e-05	-8.877963e-03	9.433079e+00
2.887000e-05	-2.627606e-02	9.505817e+00
2.888000e-05	-2.933696e-02	9.557892e+00
2.889000e-05	-1.514724e-02	9.610049e+00
2.890000e-05	-8.134133e-03	9.619657e+00
2.891000e-05	-2.118289e-02	9.685811e+00
2.892000e-05	-3.387976e-02	9.698970e+00
2.893000e-05	-2.748292e-02	9.730496e+00
2.894000e-05	-1.341417e-02	9.830551e+00
2.895000e-05	-1.459677e-02	9.845208e+00
2.896000e-05	-2.840599e-02	9.846791e+00
2.897000e-05	-3.417424e-02	9.906289e+00
2.898000e-05	-2.279890e-02	9.939466e+00
2.899000e-05	-1.585025e-02	9.949371e+00
2.900000e-05	-2.336515e-02	9.949899e+00
2.901000e-05	-3.610195e-02	9.960073e+00
2.902000e-05	-3.580540e-02	9.990451e+00
2.903000e-05	-2.289023e-02	1.001045e+01
2.904000e-05	-1.997182e-02	9.978474e+00
2.905000e-05	-3.161940e-02	1.000200e+01
2.906000e-05	-3.895779e-02	9.970522e+00
2.907000e-05	-3.183645e-02	9.978871e+00
2.908000e-05	-2.484607e-02	9.928872e+00
2.909000e-05	-3.078466e-02	9.927345e+00
2.910000e-05	-4.034241e-02	9.876813e+00
2.911000e-05	-4.214963e-02	9.876712e+00
2.912000e-05	-3.159652e-02	9.774055e+00
2.913000e-05	-2.842190e-02	9.772076e+00
2.914000e-05	-3.602768e-02	9.719842e+00
2.915000e-05	-4.321947e-02	9.674208e+00
2.916000e-05	-3.786634e-02	9.624631e+00
2.917000e-05	-3.091252e-02	9.580002e+00
2.918000e-05	-3.218632e-02	9.537366e+00
2.919000e-05	-4.021583e-02	9.535762e+00
2.920000e-05	-4.189398e-02	9.443686e+00
2.921000e-05	-3.272353e-02	9.400007e+00
2.922000e-05	-2.770203e-02	9.306745e+00
2.923000e-05	-3.278977e-02	9.254208e+00
2.924000e-05	-3.764147e-02	9.231580e+00
2.925000e-05	-3.408766e-02	9.189445e+00
2.926000e-05	-2.544293e-02	9.014262e+00
2.927000e-05	-2.524341e-02	8.930391e+00
2.928000e-05	-3.102909e-02	8.862683e+00
2.929000e-05	-3.316163e-02	8.739449e+00
2.930000e-05	-2.504641e-02	8.688313e+00
2.931000e-05	-2.098241e-02	8.631603e+00
2.932000e-05	-2.126439e-02	8.526894e+00
2.933000e-05	-2.673209e-02	8.452108e+00
2.934000e-05	-2.387016e-02	8.339346e+00
2.935000e-05	-1.799374e-02	8.232183e+00
2.936000e-05	-1.524623e-02	8.157263e+00
2.937000e-05	-2.024148e-02	8.035554e+00
2.938000e-05	-2.225444e-02	7.908211e+00
2.939000e-05	-1.870729e-02	7.759422e+00
2.940000e-05	-1.363428e-02	7.682760e+00
2.941000e-05	-1.533254e-02	7.538343e+00
2.942000e-05	-1.899683e-02	7.411900e+00
2.943000e-05	-1.759443e-02	7.251029e+00
2.944000e-05	-1.258855e-02	7.086286e+00
2.945000e-05	-9.485315e-03	6.979928e+00
2.946000e-05	-1.335362e-02	6.832607e+00
2.947000e-05	-1.635042e-02	6.728820e+00
2.948000e-05	-1.352056e-02	6.611922e+00
2.949000e-05	-9.569474e-03	6.390054e+00
2.950000e-05	-9.723732e-03	6.253757e+00
2.951000e-05	-1.351836e-02	6.158871e+00
2.952000e-05	-1.356172e-02	6.022580e+00
2.953000e-05	-1.023026e-02	5.887290e+00
2.954000e-05	-7.566359e-03	5.705662e+00
2.955000e-05	-9.510798e-03	5.507895e+00
2.956000e-05	-1.197940e-02	5.380525e+00
2.957000e-05	-1.173071e-02	5.192007e+00
2.958000e-05	-8.783048e-03	5.001524e+00
2.959000e-05	-7.683624e-03	4.800980e+00
2.960000e-05	-9.434942e-03	4.663707e+00
2.961000e-05	-1.073108e-02	4.527766e+00
2.962000e-05	-9.879514e-03	4.378446e+00
2.963000e-05	-6.309795e-03	4.167869e+00
2.964000e-05	-6.429158e-03	3.959997e+00
2.965000e-05	-7.476425e-03	3.831080e+00
2.966000e-05	-8.656870e-03	3.676158e+00
2.967000e-05	-7.068838e-03	3.516341e+00
2.968000e-05	-5.597361e-03	3.265657e+00
2.969000e-05	-7.973975e-03	3.137844e+00
2.970000e-05	-9.120732e-03	2.958844e+00
2.971000e-05	-9.081130e-03	2.820550e+00
2.972000e-05	-6.003855e-03	2.631003e+00
2.973000e-05	-5.379334e-03	2.372525e+00
2.974000e-05	-6.101317e-03	2.242529e+00
2.975000e-05	-6.356740e-03	2.073211e+00
2.976000e-05	-4.996542e-03	1.907791e+00
2.977000e-05	-3.660723e-03	1.727295e+00
2.978000e-05	-5.564476e-03	1.527292e+00
2.979000e-05	-8.447908e-03	1.347318e+00
2.980000e-05	-6.524124e-03	1.148366e+00
2.981000e-05	-3.669576e-03	8.852173e-01
2.982000e-05	-2.520601e-03	6.963184e-01
2.983000e-05	-4.954880e-03	5.478448e-01
2.984000e-05	-5.357617e-03	3.795512e-01
2.985000e-05	-3.433969e-03	1.994464e-01
2.986000e-05	-8.671610e-04	-3.147520e-02
2.987000e-05	1.254431e-03	-1.884199e-01
2.988000e-05	-1.148511e-03	-3.673683e-01
2.989000e-05	-2.839952e-03	-4.937815e-01
2.990000e-05	-1.006684e-03	-7.152881e-01
2.991000e-05	-2.040281e-04	-8.836840e-01
2.992000e-05	-1.759478e-03	-1.021502e+00
2.993000e-05	-3.963286e-04	-1.189500e+00
2.994000e-05	2.312419e-02	-1.390125e+00
2.995000e-05	7.644915e-02	-1.599395e+00
2.996000e-05	-1.329367e-02	-1.841654e+00
2.997000e-05	-3.534918e-02	-2.136862e+00
2.998000e-05	-7.367262e-02	-2.297896e+00
2.999000e-05	-5.250367e-02	-2.451078e+00
3.000000e-05	1.236073e-01	-2.451182e+00
3.001000e-05	-5.343497e-02	-2.663585e+00
3.002000e-05	-5.823618e-02	-2.873334e+00
3.003000e-05	1.413079e-01	-2.968993e+00
3.004000e-05	-7.603118e-02	-3.179976e+00
3.005000e-05	8.371378e-03	-3.433705e+00
3.006000e-05	1.165112e-01	-3.597371e+00
3.007000e-05	-1.404576e-01	-3.756316e+00
3.008000e-05	-7.241591e-03	-3.947340e+00
3.009000e-05	8.219649e-02	-4.103713e+00
3.010000e-05	-3.954077e-02	-4.294311e+00
3.011000e-05	8.047589e-02	-4.420001e+00
3.012000e-05	-7.276035e-02	-4.568414e+00
3.013000e-05	-1.592267e-02	-4.750998e+00
3.014000e-05	1.013795e-01	-4.914759e+00
3.015000e-05	-6.329443e-02	-5.105689e+00
3.016000e-05	1.104122e-02	-5.271753e+00
3.017000e-05	-2.469790e-02	-5.474655e+00
3.018000e-05	2.292667e-02	-5.692204e+00
3.019000e-05	5.148751e-02	-5.779477e+00
3.020000e-05	-4.950725e-02	-5.936843e+00
3.021000e-05	2.758874e-02	-6.041653e+00
3.022000e-05	-4.918178e-02	-6.240125e+00
3.023000e-05	4.294871e-02	-6.400575e+00
3.024000e-05	5.090943e-02	-6.506311e+00
3.025000e-05	-5.438387e-02	-6.704284e+00
3.026000e-05	2.810613e-02	-6.800574e+00
3.027000e-05	-2.103495e-02	-6.927391e+00
3.028000e-05	4.749042e-02	-7.146317e+00
3.029000e-05	-1.717266e-03	-7.292130e+00
3.030000e-05	-3.872931e-02	-7.389968e+00
3.031000e-05	2.435888e-02	-7.504215e+00
3.032000e-05	3.485509e-03	-7.663056e+00
3.033000e-05	4.995849e-02	-7.780942e+00
3.034000e-05	-2.331526e-02	-7.895739e+00
3.035000e-05	-6.633467e-03	-8.052084e+00
3.036000e-05	1.291716e-02	-8.148339e+00
3.037000e-05	1.368123e-02	-8.252708e+00
3.038000e-05	2.486973e-02	-8.378369e+00
3.039000e-05	-2.864863e-02	-8.421104e+00
3.040000e-05	1.255905e-02	-8.519717e+00
3.041000e-05	1.744945e-02	-8.693682e+00
3.042000e-05	2.831324e-02	-8.758924e+00
3.043000e-05	2.882749e-03	-8.853182e+00
3.044000e-05	-1.352558e-02	-8.937866e+00
3.045000e-05	1.532431e-02	-9.020552e+00
3.046000e-05	1.723427e-02	-9.115741e+00
3.047000e-05	2.295724e-02	-9.168847e+00
3.048000e-05	-7.486124e-03	-9.234205e+00
3.049000e-05	2.311452e-03	-9.306383e+00
3.050000e-05	2.025184e-02	-9.387971e+00
3.051000e-05	2.479484e-02	-9.465784e+00
3.052000e-05	1.165860e-02	-9.548944e+00
3.053000e-05	-5.976041e-03	-9.599503e+00
3.054000e-05	1.359034e-02	-9.652129e+00
3.055000e-05	2.391597e-02	-9.675237e+00
3.056000e-05	2.213421e-02	-9.738388e+00
3.057000e-05	2.388520e-03	-9.789525e+00
3.058000e-05	4.975099e-03	-9.812050e+00
3.059000e-05	2.003536e-02	-9.853680e+00
3.060000e-05	2.626189e-02	-9.896738e+00
3.061000e-05	1.740408e-02	-9.947814e+00
3.062000e-05	4.920408e-03	-9.947292e+00
3.063000e-05	1.413414e-02	-9.948372e+00
3.064000e-05	2.660024e-02	-9.978920e+00
3.065000e-05	2.596622e-02	-9.999521e+00
3.066000e-05	1.315668e-02	-9.959000e+00
3.067000e-05	9.738899e-03	-1.001060e+01
3.068000e-05	2.349899e-02	-1.003098e+01
3.069000e-05	3.076158e-02	-1.001000e+01
3.070000e-05	2.507572e-02	-1.002052e+01
3.071000e-05	1.367246e-02	-1.003148e+01
3.072000e-05	1.865521e-02	-9.991000e+00
3.073000e-05	3.000600e-02	-1.001802e+01
3.074000e-05	3.146063e-02	-1.002052e+01
3.075000e-05	2.313168e-02	-9.938872e+00
3.076000e-05	1.920197e-02	-9.917919e+00
3.077000e-05	2.826128e-02	-9.916790e+00
3.078000e-05	3.573642e-02	-9.905238e+00
3.079000e-05	3.138982e-02	-9.874235e+00
3.080000e-05	2.241560e-02	-9.843579e+00
3.081000e-05	2.333455e-02	-9.790546e+00
3.082000e-05	3.211528e-02	-9.790391e+00
3.083000e-05	3.469968e-02	-9.736840e+00
3.084000e-05	2.840610e-02	-9.655209e+00
3.085000e-05	2.321476e-02	-9.622105e+00
3.086000e-05	2.730432e-02	-9.588923e+00
3.087000e-05	3.313912e-02	-9.517791e+00
3.088000e-05	3.036110e-02	-9.425556e+00
3.089000e-05	2.176278e-02	-9.338342e+00
3.090000e-05	2.087691e-02	-9.275710e+00
3.091000e-05	2.659841e-02	-9.200022e+00
3.092000e-05	2.665718e-02	-9.087839e+00
3.093000e-05	2.016063e-02	-9.055108e+00
3.094000e-05	1.569582e-02	-8.969371e+00
3.095000e-05	1.786041e-02	-8.903634e+00
3.096000e-05	2.362847e-02	-8.850028e+00
3.097000e-05	2.027219e-02	-8.749892e+00
3.098000e-05	1.354544e-02	-8.604079e+00
3.099000e-05	1.189845e-02	-8.505812e+00
3.100000e-05	1.473057e-02	-8.380574e+00
3.101000e-05	1.580783e-02	-8.306312e+00
3.102000e-05	1.292533e-02	-8.181029e+00
3.103000e-05	8.233334e-03	-8.076814e+00
3.104000e-05	8.645660e-03	-8.011429e+00
3.105000e-05	1.218918e-02	-7.938339e+00
3.106000e-05	1.306379e-02	-7.738870e+00
3.107000e-05	7.342780e-03	-7.579555e+00
3.108000e-05	4.170500e-03	-7.494658e+00
3.109000e-05	5.624991e-03	-7.296340e+00
3.110000e-05	9.512208e-03	-7.221556e+00
3.111000e-05	6.719187e-03	-7.087264e+00
3.112000e-05	2.584969e-03	-6.896865e+00
3.113000e-05	2.716988e-03	-6.810500e+00
3.114000e-05	5.208677e-03	-6.673713e+00
3.115000e-05	6.862026e-03	-6.497316e+00
3.116000e-05	3.362252e-03	-6.429550e+00
3.117000e-05	1.587689e-03	-6.224678e+00
3.118000e-05	2.521890e-03	-6.043083e+00
3.119000e-05	4.440444e-03	-5.937842e+00
3.120000e-05	2.972711e-03	-5.799923e+00
3.121000e-05	-4.776038e-04	-5.642507e+00
3.122000e-05	-1.588947e-03	-5.457766e+00
3.123000e-05	1.033747e-03	-5.354613e+00
3.124000e-05	2.845389e-03	-5.095189e+00
3.125000e-05	2.074724e-04	-4.957313e+00
3.126000e-05	-1.413902e-03	-4.694741e+00
3.127000e-05	1.586399e-04	-4.530444e+00
3.128000e-05	2.309765e-03	-4.431501e+00
3.129000e-05	5.889320e-04	-4.284634e+00
3.130000e-05	-2.652511e-03	-4.125741e+00
3.131000e-05	-2.206378e-03	-3.969024e+00
3.132000e-05	-3.074818e-03	-3.790948e+00
3.133000e-05	6.434256e-04	-3.559499e+00
3.134000e-05	-2.276750e-03	-3.441578e+00
3.135000e-05	-1.008538e-03	-3.275633e+00
3.136000e-05	-3.592998e-03	-3.085765e+00
3.137000e-05	1.382906e-03	-2.924209e+00
3.138000e-05	-3.852798e-03	-2.716261e+00
3.139000e-05	-3.408700e-03	-2.535790e+00
3.140000e-05	-6.780825e-03	-2.359398e+00
3.141000e-05	-4.628487e-03	-2.209820e+00
3.142000e-05	-2.684544e-03	-1.979449e+00
3.143000e-05	-2.452253e-03	-1.822004e+00
3.144000e-05	-3.991751e-03	-1.672580e+00
3.145000e-05	-2.569117e-03	-1.443608e+00
3.146000e-05	-3.426298e-03	-1.210978e+00
3.147000e-05	-3.997794e-03	-1.011607e+00
3.148000e-05	-6.573026e-03	-8.846291e-01
3.149000e-05	-7.183278e-03	-6.851818e-01
3.150000e-05	-5.693627e-03	-5.036117e-01
3.151000e-05	-4.447755e-03	-3.262618e-01
3.152000e-05	-2.770972e-03	-8.631480e-02
3.153000e-05	-9.953280e-05	4.210764e-02
3.154000e-05	9.145274e-05	2.631066e-01
3.155000e-05	-2.190091e-03	4.115289e-01
3.156000e-05	-1.343955e-03	5.884462e-01
3.157000e-05	-4.712593e-03	7.178657e-01
3.158000e-05	-4.977604e-03	8.726118e-01
3.159000e-05	-3.297772e-03	1.114918e+00
3.160000e-05	5.792905e-03	1.274710e+00
3.161000e-05	4.100533e-02	1.503689e+00
3.162000e-05	4.552989e-02	1.717948e+00
3.163000e-05	-3.382802e-02	1.925945e+00
3.164000e-05	-4.460483e-02	2.106840e+00
3.165000e-05	-6.643341e-02	2.303787e+00
3.166000e-05	-5.131587e-02	2.399476e+00
3.167000e-05	9.972283e-02	2.506812e+00
3.168000e-05	-3.424477e-02	2.759468e+00
3.169000e-05	-7.334868e-02	2.885236e+00
3.170000e-05	1.154693e-01	3.072663e+00
3.171000e-05	-3.782899e-02	3.251705e+00
3.172000e-05	-1.104790e-02	3.411069e+00
3.173000e-05	6.620518e-02	3.590001e+00
3.174000e-05	-1.008987e-01	3.737918e+00
3.175000e-05	-2.594923e-02	3.917398e+00
3.176000e-05	5.544450e-02	4.115237e+00
3.177000e-05	-2.016741e-02	4.307312e+00
3.178000e-05	1.612705e-02	4.453785e+00
3.179000e-05	-4.313706e-02	4.663209e+00
3.180000e-05	-1.696157e-02	4.790953e+00
3.181000e-05	3.601788e-02	4.988975e+00
3.182000e-05	-1.322039e-02	5.231579e+00
3.183000e-05	-3.069116e-02	5.370949e+00
3.184000e-05	-1.705299e-02	5.535372e+00
3.185000e-05	2.138055e-02	5.643607e+00
3.186000e-05	4.767907e-03	5.843109e+00
3.187000e-05	-2.098660e-02	6.000975e+00
3.188000e-05	-1.743218e-02	6.135398e+00
3.189000e-05	-3.566857e-02	6.287787e+00
3.190000e-05	2.700052e-02	6.400525e+00
3.191000e-05	1.433428e-02	6.530472e+00
3.192000e-05	-3.503651e-02	6.758421e+00
3.193000e-05	-1.691308e-02	6.892765e+00
3.194000e-05	-4.840505e-03	6.990525e+00
3.195000e-05	1.315886e-02	7.095391e+00
3.196000e-05	-1.791931e-02	7.193204e+00
3.197000e-05	-3.499160e-02	7.379523e+00
3.198000e-05	-1.557313e-02	7.517971e+00
3.199000e-05	9.479175e-03	7.682737e+00
3.200000e-05	9.108345e-03	7.808976e+00
3.201000e-05	-2.492190e-02	7.987968e+00
3.202000e-05	-2.749385e-02	8.065787e+00
3.203000e-05	-9.399913e-03	8.221081e+00
3.204000e-05	2.344667e-03	8.286263e+00
3.205000e-05	-1.008707e-02	8.388399e+00
3.206000e-05	-3.310521e-02	8.451687e+00
3.207000e-05	-1.997773e-02	8.546921e+00
3.208000e-05	3.108154e-03	8.624180e+00
3.209000e-05	1.520333e-03	8.696343e+00
3.210000e-05	-2.202741e-02	8.798550e+00
3.211000e-05	-3.161084e-02	8.863312e+00
3.212000e-05	-1.452230e-02	8.979573e+00
3.213000e-05	-3.401034e-03	9.065289e+00
3.214000e-05	-1.170200e-02	9.148872e+00
3.215000e-05	-3.098394e-02	9.211004e+00
3.216000e-05	-2.644547e-02	9.304788e+00
3.217000e-05	-6.843518e-03	9.368445e+00
3.218000e-05	-5.182327e-03	9.412529e+00
3.219000e-05	-2.127681e-02	9.485658e+00
3.220000e-05	-3.172285e-02	9.527341e+00
3.221000e-05	-2.025083e-02	9.577998e+00
3.222000e-05	-7.579368e-03	9.631653e+00
3.223000e-05	-1.584940e-02	9.673232e+00
3.224000e-05	-3.159233e-02	9.707862e+00
3.225000e-05	-3.168510e-02	9.760472e+00
3.226000e-05	-1.685201e-02	9.790576e+00
3.227000e-05	-1.195058e-02	9.853129e+00
3.228000e-05	-2.398677e-02	9.885759e+00
3.229000e-05	-3.328918e-02	9.908342e+00
3.230000e-05	-2.584787e-02	9.947371e+00
3.231000e-05	-1.686148e-02	9.977897e+00
3.232000e-05	-2.028173e-02	9.967875e+00
3.233000e-05	-3.395585e-02	9.999425e+00
3.234000e-05	-3.724954e-02	9.990000e+00
3.235000e-05	-2.745379e-02	1.001003e+01
3.236000e-05	-1.986420e-02	1.000998e+01
3.237000e-05	-2.814788e-02	9.989526e+00
3.238000e-05	-3.783721e-02	9.948550e+00
3.239000e-05	-3.286437e-02	9.949996e+00
3.240000e-05	-2.731517e-02	9.968922e+00
3.241000e-05	-2.619793e-02	9.938343e+00
3.242000e-05	-3.768870e-02	9.897243e+00
3.243000e-05	-4.103527e-02	9.896790e+00
3.244000e-05	-3.385525e-02	9.836608e+00
3.245000e-05	-3.130963e-02	9.810481e+00
3.246000e-05	-3.331893e-02	9.749417e+00
3.247000e-05	-4.298162e-02	9.747691e+00
3.248000e-05	-4.092140e-02	9.653157e+00
3.249000e-05	-3.414329e-02	9.629130e+00
3.250000e-05	-2.910053e-02	9.579420e+00
3.251000e-05	-3.448710e-02	9.495740e+00
3.252000e-05	-4.153553e-02	9.453686e+00
3.253000e-05	-3.695108e-02	9.432129e+00
3.254000e-05	-3.107798e-02	9.367846e+00
3.255000e-05	-3.076633e-02	9.316741e+00
3.256000e-05	-3.750635e-02	9.233105e+00
3.257000e-05	-3.590194e-02	9.170000e+00
3.258000e-05	-2.820002e-02	9.118338e+00
3.259000e-05	-2.258443e-02	8.993049e+00
3.260000e-05	-2.612285e-02	8.874265e+00
3.261000e-05	-3.048971e-02	8.791026e+00
3.262000e-05	-2.864324e-02	8.738891e+00
3.263000e-05	-2.286301e-02	8.624107e+00
3.264000e-05	-2.195011e-02	8.519468e+00
3.265000e-05	-2.668484e-02	8.443635e+00
3.266000e-05	-2.603940e-02	8.420504e+00
3.267000e-05	-1.999917e-02	8.275737e+00
3.268000e-05	-1.422155e-02	8.120368e+00
3.269000e-05	-1.680271e-02	8.043159e+00
3.270000e-05	-2.092330e-02	7.909762e+00
3.271000e-05	-2.056680e-02	7.822057e+00
3.272000e-05	-1.587168e-02	7.697763e+00
3.273000e-05	-1.531839e-02	7.610024e+00
3.274000e-05	-1.749049e-02	7.394477e+00
3.275000e-05	-1.912202e-02	7.232662e+00
3.276000e-05	-1.579847e-02	7.107899e+00
3.277000e-05	-1.227939e-02	7.032083e+00
3.278000e-05	-1.206319e-02	6.895662e+00
3.279000e-05	-1.388338e-02	6.779450e+00
3.280000e-05	-1.488520e-02	6.653106e+00
3.281000e-05	-1.221010e-02	6.463034e+00
3.282000e-05	-1.128309e-02	6.297318e+00
3.283000e-05	-1.112325e-02	6.189026e+00
3.284000e-05	-1.408563e-02	6.054662e+00
3.285000e-05	-1.307132e-02	5.917494e+00
3.286000e-05	-9.521327e-03	5.760341e+00
3.287000e-05	-8.968223e-03	5.578947e+00
3.288000e-05	-9.815570e-03	5.433633e+00
3.289000e-05	-1.098497e-02	5.296738e+00
3.290000e-05	-8.965895e-03	5.084762e+00
3.291000e-05	-6.847020e-03	4.862638e+00
3.292000e-05	-8.183971e-03	4.716340e+00
3.293000e-05	-1.151749e-02	4.578421e+00
3.294000e-05	-1.126885e-02	4.422551e+00
3.295000e-05	-8.852231e-03	4.232104e+00
3.296000e-05	-6.781275e-03	4.022003e+00
3.297000e-05	-7.869320e-03	3.874188e+00
3.298000e-05	-8.372721e-03	3.706787e+00
3.299000e-05	-6.414587e-03	3.549471e+00
3.300000e-05	-5.311635e-03	3.378342e+00
3.301000e-05	-5.521177e-03	3.149470e+00
3.302000e-05	-8.155666e-03	3.011005e+00
3.303000e-05	-8.355993e-03	2.863159e+00
3.304000e-05	-7.206850e-03	2.704815e+00
3.305000e-05	-5.428329e-03	2.415607e+00
3.306000e-05	-5.842598e-03	2.294237e+00
3.307000e-05	-6.405929e-03	2.127865e+00
3.308000e-05	-5.136000e-03	1.959921e+00
3.309000e-05	-4.567548e-03	1.762406e+00
3.310000e-05	-3.727350e-03	1.588921e+00
3.311000e-05	-6.042305e-03	1.369926e+00
3.312000e-05	-6.766621e-03	1.172553e+00
3.313000e-05	-6.096371e-03	9.498710e-01
3.314000e-05	-4.944949e-03	7.798962e-01
3.315000e-05	-4.857063e-03	6.115238e-01
3.316000e-05	-5.083532e-03	4.220778e-01
3.317000e-05	-3.719766e-03	2.216329e-01
3.318000e-05	-1.987883e-03	3.152893e-02
3.319000e-05	1.642746e-03	-1.268895e-01
3.320000e-05	2.941392e-03	-3.127118e-01
3.321000e-05	-1.833221e-03	-4.407064e-01
3.322000e-05	-9.020980e-04	-6.622100e-01
3.323000e-05	-2.757452e-03	-8.200527e-01
3.324000e-05	-1.810561e-03	-9.484721e-01
3.325000e-05	-3.489873e-03	-1.136787e+00
3.326000e-05	9.677145e-03	-1.267812e+00
3.327000e-05	7.099621e-02	-1.526288e+00
3.328000e-05	2.094770e-02	-1.755872e+00
3.329000e-05	-3.924250e-02	-2.009055e+00
3.330000e-05	-4.796787e-02	-2.315284e+00
3.331000e-05	-9.266204e-02	-2.420026e+00
3.332000e-05	9.286579e-02	-2.403603e+00
3.333000e-05	2.983989e-02	-2.548447e+00
3.334000e-05	-1.238668e-01	-2.822080e+00
3.335000e-05	1.168317e-01	-2.987292e+00
3.336000e-05	-1.142494e-02	-3.125187e+00
3.337000e-05	-6.689435e-02	-3.350051e+00
3.338000e-05	1.398433e-01	-3.534791e+00
3.339000e-05	-6.884593e-02	-3.653638e+00
3.340000e-05	-8.686035e-02	-3.897263e+00
3.341000e-05	1.087294e-01	-3.991127e+00
3.342000e-05	-3.626708e-02	-4.242105e+00
3.343000e-05	5.657178e-02	-4.369446e+00
3.344000e-05	-1.063116e-02	-4.505685e+00
3.345000e-05	-7.863907e-02	-4.727364e+00
3.346000e-05	1.099218e-01	-4.844207e+00
3.347000e-05	-2.973218e-02	-5.031558e+00
3.348000e-05	-2.035799e-02	-5.231053e+00
3.349000e-05	1.782183e-03	-5.380026e+00
3.350000e-05	-1.353389e-02	-5.570598e+00
3.351000e-05	7.565369e-02	-5.728845e+00
3.352000e-05	-3.841007e-02	-5.893713e+00
3.353000e-05	8.225993e-03	-6.040575e+00
3.354000e-05	-2.343518e-02	-6.157941e+00
3.355000e-05	-9.548585e-03	-6.370476e+00
3.356000e-05	8.666788e-02	-6.515787e+00
3.357000e-05	-4.957309e-02	-6.673653e+00
3.358000e-05	1.132468e-02	-6.768846e+00
3.359000e-05	-4.873242e-03	-6.893261e+00
3.360000e-05	1.921942e-02	-7.053684e+00
3.361000e-05	3.746423e-02	-7.169549e+00
3.362000e-05	-5.405434e-02	-7.316868e+00
3.363000e-05	1.922033e-02	-7.462183e+00
3.364000e-05	1.693299e-04	-7.589947e+00
3.365000e-05	4.335248e-02	-7.707871e+00
3.366000e-05	3.891542e-03	-7.895734e+00
3.367000e-05	-2.557340e-02	-7.969550e+00
3.368000e-05	1.984911e-02	-8.115838e+00
3.369000e-05	3.313215e-03	-8.221552e+00
3.370000e-05	3.411867e-02	-8.325315e+00
3.371000e-05	-2.180720e-02	-8.389029e+00
3.372000e-05	-1.949227e-03	-8.524843e+00
3.373000e-05	2.088760e-02	-8.612149e+00
3.374000e-05	2.447159e-02	-8.717945e+00
3.375000e-05	1.670657e-02	-8.851604e+00
3.376000e-05	-1.981498e-02	-8.907836e+00
3.377000e-05	1.172346e-02	-8.999995e+00
3.378000e-05	1.647852e-02	-9.083683e+00
3.379000e-05	2.604353e-02	-9.139338e+00
3.380000e-05	-1.158663e-04	-9.189050e+00
3.381000e-05	-6.539855e-03	-9.293784e+00
3.382000e-05	1.931950e-02	-9.369348e+00
3.383000e-05	2.414287e-02	-9.473654e+00
3.384000e-05	1.774561e-02	-9.516240e+00
3.385000e-05	-6.608590e-03	-9.578478e+00
3.386000e-05	7.364492e-03	-9.632103e+00
3.387000e-05	2.309991e-02	-9.674683e+00
3.388000e-05	2.567065e-02	-9.696265e+00
3.389000e-05	8.124346e-03	-9.800522e+00
3.390000e-05	5.770239e-05	-9.792128e+00
3.391000e-05	1.722530e-02	-9.852075e+00
3.392000e-05	2.604347e-02	-9.894335e+00
3.393000e-05	2.164296e-02	-9.915764e+00
3.394000e-05	5.566996e-03	-9.927366e+00
3.395000e-05	9.997138e-03	-9.929446e+00
3.396000e-05	2.469693e-02	-9.949395e+00
3.397000e-05	2.789076e-02	-9.979421e+00
3.398000e-05	1.675377e-02	-9.990002e+00
3.399000e-05	8.266157e-03	-1.001965e+01
3.400000e-05	1.846929e-02	-1.001060e+01
3.401000e-05	2.967261e-02	-1.000103e+01
3.402000e-05	2.739299e-02	-1.001107e+01
3.403000e-05	1.594829e-02	-1.001110e+01
3.404000e-05	1.558559e-02	-9.979100e+00
3.405000e-05	2.743814e-02	-1.002007e+01
3.406000e-05	3.282813e-02	-9.959975e+00
3.407000e-05	2.525788e-02	-9.959446e+00
3.408000e-05	1.723301e-02	-9.947967e+00
3.409000e-05	2.491465e-02	-9.907893e+00
3.410000e-05	3.285116e-02	-9.907789e+00
3.411000e-05	3.524780e-02	-9.855733e+00
3.412000e-05	2.409287e-02	-9.842133e+00
3.413000e-05	2.285107e-02	-9.790049e+00
3.414000e-05	3.104370e-02	-9.769497e+00
3.415000e-05	3.534231e-02	-9.707740e+00
3.416000e-05	2.987298e-02	-9.665712e+00
3.417000e-05	2.061525e-02	-9.631630e+00
3.418000e-05	2.385694e-02	-9.589500e+00
3.419000e-05	3.285200e-02	-9.568396e+00
3.420000e-05	3.295633e-02	-9.515258e+00
3.421000e-05	2.579854e-02	-9.383522e+00
3.422000e-05	2.092073e-02	-9.305737e+00
3.423000e-05	2.582192e-02	-9.220658e+00
3.424000e-05	2.774165e-02	-9.168941e+00
3.425000e-05	2.298582e-02	-9.125212e+00
3.426000e-05	1.482399e-02	-8.999921e+00
3.427000e-05	1.439460e-02	-8.906341e+00
3.428000e-05	2.191126e-02	-8.853054e+00
3.429000e-05	2.321672e-02	-8.779497e+00
3.430000e-05	1.700687e-02	-8.684686e+00
3.431000e-05	1.234709e-02	-8.538290e+00
3.432000e-05	1.332331e-02	-8.430582e+00
3.433000e-05	1.785839e-02	-8.328369e+00
3.434000e-05	1.395811e-02	-8.263580e+00
3.435000e-05	7.872741e-03	-8.127819e+00
3.436000e-05	5.296057e-03	-8.053108e+00
3.437000e-05	1.132038e-02	-7.939468e+00
3.438000e-05	1.361069e-02	-7.791324e+00
3.439000e-05	9.069759e-03	-7.662056e+00
3.440000e-05	5.251422e-03	-7.485784e+00
3.441000e-05	5.934639e-03	-7.360396e+00
3.442000e-05	1.038755e-02	-7.202132e+00
3.443000e-05	9.336584e-03	-7.139415e+00
3.444000e-05	3.848391e-03	-6.949446e+00
3.445000e-05	6.631019e-04	-6.791607e+00
3.446000e-05	3.866621e-03	-6.716239e+00
3.447000e-05	5.473376e-03	-6.559967e+00
3.448000e-05	3.418681e-03	-6.432079e+00
3.449000e-05	8.907737e-04	-6.317337e+00
3.450000e-05	2.174373e-03	-6.105317e+00
3.451000e-05	5.949146e-03	-5.939426e+00
3.452000e-05	5.840168e-03	-5.862132e+00
3.453000e-05	1.307751e-03	-5.705212e+00
3.454000e-05	-2.621177e-03	-5.489868e+00
3.455000e-05	7.093401e-04	-5.325821e+00
3.456000e-05	1.790099e-03	-5.158917e+00
3.457000e-05	7.869620e-04	-4.968999e+00
3.458000e-05	-2.265114e-03	-4.769869e+00
3.459000e-05	-5.307917e-04	-4.619553e+00
3.460000e-05	2.493755e-03	-4.454134e+00
3.461000e-05	2.598034e-03	-4.337363e+00
3.462000e-05	-6.482561e-05	-4.148501e+00
3.463000e-05	-2.950106e-03	-4.031552e+00
3.464000e-05	-3.435450e-03	-3.844227e+00
3.465000e-05	-1.839667e-03	-3.643553e+00
3.466000e-05	-2.081733e-03	-3.465734e+00
3.467000e-05	-2.083210e-03	-3.306815e+00
3.468000e-05	-4.128743e-03	-3.179945e+00
3.469000e-05	-2.095137e-03	-2.918395e+00
3.470000e-05	-1.773132e-03	-2.788396e+00
3.471000e-05	-1.945429e-03	-2.590551e+00
3.472000e-05	-4.043360e-03	-2.421031e+00
3.473000e-05	-4.300514e-03	-2.272652e+00
3.474000e-05	-2.996900e-03	-2.021003e+00
3.475000e-05	-2.894961e-03	-1.894085e+00
3.476000e-05	-4.356933e-03	-1.705740e+00
3.477000e-05	-5.320287e-03	-1.506812e+00
3.478000e-05	-5.699159e-03	-1.253729e+00
3.479000e-05	-4.845446e-03	-1.105712e+00
3.480000e-05	-4.437962e-03	-9.172620e-01
3.481000e-05	-5.187849e-03	-7.573671e-01
3.482000e-05	-4.599883e-03	-5.472670e-01
3.483000e-05	-4.250633e-03	-3.273658e-01
3.484000e-05	-2.953353e-03	-1.600513e-01
3.485000e-05	-6.297738e-04	-2.300262e-02
3.486000e-05	-2.057089e-04	2.073974e-01
3.487000e-05	-4.325099e-03	3.884988e-01
3.488000e-05	-1.647946e-03	4.968431e-01
3.489000e-05	-3.662144e-03	6.837380e-01
3.490000e-05	-2.931082e-03	8.395501e-01
3.491000e-05	-3.345231e-03	1.051106e+00
3.492000e-05	3.031455e-03	1.241130e+00
3.493000e-05	2.554169e-02	1.431048e+00
3.494000e-05	5.718298e-02	1.652209e+00
3.495000e-05	-1.365814e-02	1.925766e+00
3.496000e-05	-4.758049e-02	2.113184e+00
3.497000e-05	-5.420951e-02	2.240609e+00
3.498000e-05	-7.396580e-02	2.387945e+00
3.499000e-05	6.274850e-02	2.483263e+00
3.500000e-05	3.755093e-02	2.695791e+00
3.501000e-05	-1.205335e-01	2.852231e+00
3.502000e-05	9.318527e-02	2.980026e+00
3.503000e-05	2.208958e-02	3.209597e+00
3.504000e-05	-5.250734e-02	3.398994e+00
3.505000e-05	7.449955e-02	3.538443e+00
3.506000e-05	-5.279463e-02	3.704389e+00
3.507000e-05	-8.193277e-02	3.884787e+00
3.508000e-05	6.239466e-02	4.053109e+00
3.509000e-05	-7.527654e-03	4.210689e+00
3.510000e-05	5.527482e-03	4.410053e+00
3.511000e-05	-2.009276e-02	4.649523e+00
3.512000e-05	-4.224210e-02	4.757921e+00
3.513000e-05	4.002010e-02	4.935316e+00
3.514000e-05	1.318371e-03	5.167872e+00
3.515000e-05	-2.622624e-02	5.316845e+00
3.516000e-05	-2.903404e-02	5.487341e+00
3.517000e-05	1.079612e-02	5.651129e+00
3.518000e-05	1.667360e-02	5.798504e+00
3.519000e-05	-1.906812e-02	5.919421e+00
3.520000e-05	-1.480645e-02	6.104364e+00
3.521000e-05	-3.868918e-02	6.243183e+00
3.522000e-05	9.550530e-03	6.398397e+00
3.523000e-05	3.184432e-02	6.496339e+00
3.524000e-05	-2.852243e-02	6.683789e+00
3.525000e-05	-2.448701e-02	6.842180e+00
3.526000e-05	-8.883871e-03	6.938499e+00
3.527000e-05	1.001966e-02	7.075234e+00
3.528000e-05	-4.082497e-03	7.178475e+00
3.529000e-05	-3.820839e-02	7.344818e+00
3.530000e-05	-2.276604e-02	7.515366e+00
3.531000e-05	3.313355e-03	7.642183e+00
3.532000e-05	1.617434e-02	7.737922e+00
3.533000e-05	-1.570026e-02	7.916839e+00
3.534000e-05	-3.252247e-02	8.074709e+00
3.535000e-05	-1.305604e-02	8.137475e+00
3.536000e-05	7.476274e-04	8.274213e+00
3.537000e-05	-1.960793e-03	8.328444e+00
3.538000e-05	-3.077412e-02	8.421128e+00
3.539000e-05	-2.762758e-02	8.516815e+00
3.540000e-05	-3.038177e-03	8.601032e+00
3.541000e-05	4.499946e-03	8.677366e+00
3.542000e-05	-1.392987e-02	8.747920e+00
3.543000e-05	-3.366271e-02	8.852634e+00
3.544000e-05	-1.918325e-02	8.967948e+00
3.545000e-05	-3.907630e-03	9.042236e+00
3.546000e-05	-5.344905e-03	9.155894e+00
3.547000e-05	-2.678146e-02	9.230504e+00
3.548000e-05	-3.131322e-02	9.273733e+00
3.549000e-05	-1.293313e-02	9.326894e+00
3.550000e-05	-2.641653e-03	9.391025e+00
3.551000e-05	-1.633386e-02	9.442711e+00
3.552000e-05	-3.128564e-02	9.534291e+00
3.553000e-05	-2.506281e-02	9.569444e+00
3.554000e-05	-9.455148e-03	9.591100e+00
3.555000e-05	-9.888320e-03	9.651582e+00
3.556000e-05	-2.752344e-02	9.713861e+00
3.557000e-05	-3.420286e-02	9.748972e+00
3.558000e-05	-2.133487e-02	9.840948e+00
3.559000e-05	-1.118776e-02	9.822585e+00
3.560000e-05	-1.985582e-02	9.895108e+00
3.561000e-05	-3.258142e-02	9.926841e+00
3.562000e-05	-2.921070e-02	9.967369e+00
3.563000e-05	-1.722323e-02	9.947846e+00
3.564000e-05	-1.590031e-02	9.949444e+00
3.565000e-05	-2.991410e-02	9.938422e+00
3.566000e-05	-3.747299e-02	9.971475e+00
3.567000e-05	-3.047818e-02	9.990150e+00
3.568000e-05	-2.093647e-02	9.989499e+00
3.569000e-05	-2.587410e-02	9.999950e+00
3.570000e-05	-3.701591e-02	9.949399e+00
3.571000e-05	-3.639957e-02	9.959421e+00
3.572000e-05	-2.685437e-02	9.928972e+00
3.573000e-05	-2.401242e-02	9.948372e+00
3.574000e-05	-3.428852e-02	9.917347e+00
3.575000e-05	-4.191063e-02	9.874265e+00
3.576000e-05	-3.834719e-02	9.866260e+00
3.577000e-05	-2.908472e-02	9.752029e+00
3.578000e-05	-3.247311e-02	9.751067e+00
3.579000e-05	-4.154238e-02	9.747796e+00
3.580000e-05	-4.227603e-02	9.683186e+00
3.581000e-05	-3.405072e-02	9.641622e+00
3.582000e-05	-2.900787e-02	9.599976e+00
3.583000e-05	-3.487131e-02	9.507369e+00
3.584000e-05	-4.178955e-02	9.464708e+00
3.585000e-05	-3.969760e-02	9.423132e+00
3.586000e-05	-3.143806e-02	9.357971e+00
3.587000e-05	-2.935845e-02	9.317263e+00
3.588000e-05	-3.594454e-02	9.232734e+00
3.589000e-05	-3.762012e-02	9.180000e+00
3.590000e-05	-3.024896e-02	9.129364e+00
3.591000e-05	-2.321240e-02	9.014080e+00
3.592000e-05	-2.616994e-02	8.896290e+00
3.593000e-05	-3.079050e-02	8.821581e+00
3.594000e-05	-3.037306e-02	8.768345e+00
3.595000e-05	-2.299147e-02	8.665206e+00
3.596000e-05	-2.081937e-02	8.539375e+00
3.597000e-05	-2.528553e-02	8.476237e+00
3.598000e-05	-2.622276e-02	8.400526e+00
3.599000e-05	-2.215006e-02	8.327869e+00
3.600000e-05	-1.584305e-02	8.192001e+00
3.601000e-05	-1.794914e-02	8.106313e+00
3.602000e-05	-2.270455e-02	7.940021e+00
3.603000e-05	-2.191085e-02	7.852183e+00
3.604000e-05	-1.525164e-02	7.738842e+00
3.605000e-05	-1.256820e-02	7.621082e+00
3.606000e-05	-1.606068e-02	7.466713e+00
3.607000e-05	-1.993134e-02	7.286240e+00
3.608000e-05	-1.649433e-02	7.169424e+00
3.609000e-05	-1.176638e-02	7.053630e+00
3.610000e-05	-1.207469e-02	6.906865e+00
3.611000e-05	-1.552716e-02	6.791029e+00
3.612000e-05	-1.599909e-02	6.703711e+00
3.613000e-05	-1.110874e-02	6.516288e+00
3.614000e-05	-8.862268e-03	6.349345e+00
3.615000e-05	-1.121612e-02	6.211052e+00
3.616000e-05	-1.482689e-02	6.086186e+00
3.617000e-05	-1.322071e-02	5.978951e+00
3.618000e-05	-1.011228e-02	5.804876e+00
3.619000e-05	-9.129613e-03	5.631655e+00
3.620000e-05	-1.125110e-02	5.464233e+00
3.621000e-05	-1.199044e-02	5.307865e+00
3.622000e-05	-8.875111e-03	5.147819e+00
3.623000e-05	-6.565978e-03	4.896340e+00
3.624000e-05	-7.220851e-03	4.748447e+00
3.625000e-05	-1.049103e-02	4.600999e+00
3.626000e-05	-1.066297e-02	4.443132e+00
3.627000e-05	-7.481959e-03	4.276761e+00
3.628000e-05	-6.833789e-03	4.064210e+00
3.629000e-05	-8.016775e-03	3.926392e+00
3.630000e-05	-9.867909e-03	3.759946e+00
3.631000e-05	-8.115800e-03	3.591002e+00
3.632000e-05	-5.988974e-03	3.431173e+00
3.633000e-05	-6.212773e-03	3.211030e+00
3.634000e-05	-7.707498e-03	3.042809e+00
3.635000e-05	-7.040299e-03	2.906262e+00
3.636000e-05	-5.414159e-03	2.746967e+00
3.637000e-05	-4.398056e-03	2.499818e+00
3.638000e-05	-6.129050e-03	2.329842e+00
3.639000e-05	-7.102110e-03	2.167949e+00
3.640000e-05	-6.671026e-03	1.992053e+00
3.641000e-05	-5.763868e-03	1.834703e+00
3.642000e-05	-4.985003e-03	1.673079e+00
3.643000e-05	-6.462278e-03	1.451080e+00
3.644000e-05	-5.507914e-03	1.261134e+00
3.645000e-05	-3.687905e-03	1.013183e+00
3.646000e-05	-3.378000e-03	7.915001e-01
3.647000e-05	-3.957070e-03	6.545817e-01
3.648000e-05	-6.601036e-03	4.856593e-01
3.649000e-05	-5.184159e-03	3.067634e-01
3.650000e-05	-4.850735e-03	7.513421e-02
3.651000e-05	-7.271178e-04	-8.368809e-02
3.652000e-05	2.815069e-03	-2.516103e-01
3.653000e-05	-5.845447e-04	-3.590486e-01
3.654000e-05	-6.238307e-04	-5.995024e-01
3.655000e-05	1.153744e-03	-7.889723e-01
3.656000e-05	-5.537446e-04	-9.367672e-01
3.657000e-05	-2.813553e-03	-1.103232e+00
3.658000e-05	1.763758e-03	-1.302729e+00
3.659000e-05	5.101081e-02	-1.473159e+00
3.660000e-05	5.003581e-02	-1.703689e+00
3.661000e-05	-3.920718e-02	-1.966443e+00
3.662000e-05	-3.492982e-02	-2.262154e+00
3.663000e-05	-9.738383e-02	-2.380028e+00
3.664000e-05	3.815489e-02	-2.413103e+00
3.665000e-05	9.730321e-02	-2.505764e+00
3.666000e-05	-1.341758e-01	-2.758395e+00
3.667000e-05	4.808656e-02	-2.937837e+00
3.668000e-05	6.879715e-02	-3.089605e+00
3.669000e-05	-1.092853e-01	-3.303811e+00
3.670000e-05	1.084719e-01	-3.497287e+00
3.671000e-05	1.708015e-02	-3.601604e+00
3.672000e-05	-1.489565e-01	-3.841626e+00
3.673000e-05	8.707039e-02	-3.988925e+00
3.674000e-05	5.740476e-03	-4.166920e+00
3.675000e-05	9.826647e-03	-4.357944e+00
3.676000e-05	4.853613e-02	-4.451578e+00
3.677000e-05	-1.063369e-01	-4.633708e+00
3.678000e-05	7.343119e-02	-4.833680e+00
3.679000e-05	2.644122e-02	-4.999445e+00
3.680000e-05	-5.492724e-02	-5.178095e+00
3.681000e-05	2.166895e-02	-5.385794e+00
3.682000e-05	-3.296400e-02	-5.526468e+00
3.683000e-05	7.023486e-02	-5.705839e+00
3.684000e-05	-4.429479e-03	-5.832084e+00
3.685000e-05	-2.102971e-02	-5.999022e+00
3.686000e-05	9.611435e-03	-6.156214e+00
3.687000e-05	-4.440432e-02	-6.286313e+00
3.688000e-05	8.862047e-02	-6.442184e+00
3.689000e-05	-1.757388e-02	-6.570524e+00
3.690000e-05	-2.095194e-02	-6.727395e+00
3.691000e-05	1.783007e-02	-6.842053e+00
3.692000e-05	-7.582183e-03	-7.040680e+00
3.693000e-05	5.791865e-02	-7.210396e+00
3.694000e-05	-4.636684e-02	-7.293711e+00
3.695000e-05	-1.025595e-03	-7.423206e+00
3.696000e-05	1.185295e-02	-7.528292e+00
3.697000e-05	2.555669e-02	-7.705863e+00
3.698000e-05	3.228477e-02	-7.814184e+00
3.699000e-05	-3.537113e-02	-7.966477e+00
3.700000e-05	1.523941e-02	-8.106312e+00
3.701000e-05	1.238197e-03	-8.191451e+00
3.702000e-05	3.050132e-02	-8.304762e+00
3.703000e-05	-1.610353e-03	-8.369997e+00
3.704000e-05	-1.672490e-02	-8.495186e+00
3.705000e-05	2.323291e-02	-8.579051e+00
3.706000e-05	1.867030e-02	-8.695864e+00
3.707000e-05	2.634530e-02	-8.820604e+00
3.708000e-05	-1.580467e-02	-8.905209e+00
3.709000e-05	1.215987e-03	-8.939496e+00
3.710000e-05	1.676754e-02	-9.022628e+00
3.711000e-05	2.156776e-02	-9.116340e+00
3.712000e-05	1.002516e-02	-9.199475e+00
3.713000e-05	-1.017812e-02	-9.252228e+00
3.714000e-05	1.467397e-02	-9.308766e+00
3.715000e-05	2.444071e-02	-9.420103e+00
3.716000e-05	2.326904e-02	-9.487266e+00
3.717000e-05	-4.310277e-04	-9.537448e+00
3.718000e-05	8.744290e-04	-9.600602e+00
3.719000e-05	1.985938e-02	-9.663207e+00
3.720000e-05	2.510980e-02	-9.716315e+00
3.721000e-05	1.330547e-02	-9.759474e+00
3.722000e-05	-1.195806e-03	-9.811100e+00
3.723000e-05	1.229167e-02	-9.840603e+00
3.724000e-05	2.595400e-02	-9.832208e+00
3.725000e-05	2.339011e-02	-9.935766e+00
3.726000e-05	1.000223e-02	-9.968388e+00
3.727000e-05	5.773166e-03	-9.938468e+00
3.728000e-05	2.294046e-02	-9.977920e+00
3.729000e-05	2.775549e-02	-9.999950e+00
3.730000e-05	1.918965e-02	-1.001050e+01
3.731000e-05	6.883167e-03	-1.000058e+01
3.732000e-05	1.431888e-02	-1.000900e+01
3.733000e-05	2.950501e-02	-9.990978e+00
3.734000e-05	3.072210e-02	-1.004160e+01
3.735000e-05	1.923770e-02	-1.004305e+01
3.736000e-05	1.385820e-02	-9.970100e+00
3.737000e-05	2.509891e-02	-1.000095e+01
3.738000e-05	3.251951e-02	-9.978900e+00
3.739000e-05	2.604975e-02	-9.979471e+00
3.740000e-05	1.772946e-02	-9.938895e+00
3.741000e-05	2.054217e-02	-9.936818e+00
3.742000e-05	3.362070e-02	-9.897314e+00
3.743000e-05	3.567574e-02	-9.885788e+00
3.744000e-05	2.659395e-02	-9.833132e+00
3.745000e-05	2.144990e-02	-9.792080e+00
3.746000e-05	2.923929e-02	-9.799897e+00
3.747000e-05	3.680587e-02	-9.738392e+00
3.748000e-05	3.118837e-02	-9.696240e+00
3.749000e-05	2.185044e-02	-9.652131e+00
3.750000e-05	2.312683e-02	-9.650503e+00
3.751000e-05	3.271347e-02	-9.548969e+00
3.752000e-05	3.352127e-02	-9.516786e+00
3.753000e-05	2.496383e-02	-9.423126e+00
3.754000e-05	1.943165e-02	-9.328763e+00
3.755000e-05	2.488630e-02	-9.241131e+00
3.756000e-05	3.008467e-02	-9.149472e+00
3.757000e-05	2.554205e-02	-9.125787e+00
3.758000e-05	1.694749e-02	-9.042054e+00
3.759000e-05	1.456574e-02	-8.938394e+00
3.760000e-05	2.212606e-02	-8.823659e+00
3.761000e-05	2.322920e-02	-8.770003e+00
3.762000e-05	1.644781e-02	-8.728364e+00
3.763000e-05	1.111595e-02	-8.588526e+00
3.764000e-05	1.428158e-02	-8.434208e+00
3.765000e-05	1.928039e-02	-8.358969e+00
3.766000e-05	1.649817e-02	-8.304688e+00
3.767000e-05	8.943379e-03	-8.149973e+00
3.768000e-05	5.924934e-03	-8.024209e+00
3.769000e-05	1.072197e-02	-7.979897e+00
3.770000e-05	1.301254e-02	-7.832975e+00
3.771000e-05	8.873785e-03	-7.644761e+00
3.772000e-05	3.893037e-03	-7.528363e+00
3.773000e-05	5.418051e-03	-7.392003e+00
3.774000e-05	1.168370e-02	-7.275708e+00
3.775000e-05	1.015712e-02	-7.169000e+00
3.776000e-05	4.306363e-03	-7.015157e+00
3.777000e-05	1.119157e-03	-6.832212e+00
3.778000e-05	4.239899e-03	-6.718393e+00
3.779000e-05	6.789724e-03	-6.591600e+00
3.780000e-05	3.605417e-03	-6.474737e+00
3.781000e-05	5.408820e-04	-6.339896e+00
3.782000e-05	1.976275e-03	-6.189449e+00
3.783000e-05	6.021962e-03	-6.001102e+00
3.784000e-05	5.826451e-03	-5.895762e+00
3.785000e-05	1.065835e-03	-5.727817e+00
3.786000e-05	-2.560934e-03	-5.589502e+00
3.787000e-05	-2.616917e-04	-5.390578e+00
3.788000e-05	2.250456e-03	-5.169001e+00
3.789000e-05	1.109715e-03	-5.022107e+00
3.790000e-05	-2.555833e-03	-4.883701e+00
3.791000e-05	-2.103376e-03	-4.643632e+00
3.792000e-05	2.488799e-03	-4.526713e+00
3.793000e-05	2.412687e-03	-4.368895e+00
3.794000e-05	-1.190344e-03	-4.200528e+00
3.795000e-05	-4.631300e-03	-4.004107e+00
3.796000e-05	-3.254682e-03	-3.898292e+00
3.797000e-05	-6.155052e-04	-3.694717e+00
3.798000e-05	-9.516482e-04	-3.517342e+00
3.799000e-05	-3.222098e-03	-3.328376e+00
3.800000e-05	-3.335936e-03	-3.201026e+00
3.801000e-05	-2.251531e-03	-3.051924e+00
3.802000e-05	-8.375578e-04	-2.802001e+00
3.803000e-05	-4.148200e-03	-2.673132e+00
3.804000e-05	-6.182895e-03	-2.494682e+00
3.805000e-05	-5.156172e-03	-2.317390e+00
3.806000e-05	-1.308891e-03	-2.116163e+00
3.807000e-05	-1.748970e-03	-1.936339e+00
3.808000e-05	-2.408640e-03	-1.738946e+00
3.809000e-05	-4.801347e-03	-1.560424e+00
3.810000e-05	-4.881723e-03	-1.368937e+00
3.811000e-05	-4.115881e-03	-1.116840e+00
3.812000e-05	-6.213403e-03	-9.483937e-01
3.813000e-05	-6.942240e-03	-8.379013e-01
3.814000e-05	-5.554115e-03	-5.702960e-01
3.815000e-05	-2.374882e-03	-3.889501e-01
3.816000e-05	-2.376824e-03	-2.320054e-01
3.817000e-05	-1.761481e-03	-8.360789e-02
3.818000e-05	1.281062e-04	1.248168e-01
3.819000e-05	-1.963376e-03	3.153922e-01
3.820000e-05	-1.856497e-03	4.841855e-01
3.821000e-05	-3.672885e-03	6.831787e-01
3.822000e-05	-4.478457e-03	8.089963e-01
3.823000e-05	-4.416254e-03	9.864758e-01
3.824000e-05	1.890282e-03	1.149524e+00
3.825000e-05	1.536529e-02	1.369022e+00
3.826000e-05	5.683792e-02	1.620026e+00
3.827000e-05	1.229606e-02	1.870136e+00
3.828000e-05	-4.742066e-02	2.042079e+00
3.829000e-05	-4.410333e-02	2.169050e+00
3.830000e-05	-7.744508e-02	2.352917e+00
3.831000e-05	9.131498e-03	2.441482e+00
3.832000e-05	8.695182e-02	2.652152e+00
3.833000e-05	-1.117357e-01	2.829978e+00
3.834000e-05	3.255915e-02	2.946898e+00
3.835000e-05	7.975155e-02	3.148371e+00
3.836000e-05	-7.218725e-02	3.334943e+00
3.837000e-05	5.117651e-02	3.471817e+00
3.838000e-05	6.669658e-03	3.661656e+00
3.839000e-05	-1.126674e-01	3.852580e+00
3.840000e-05	4.112261e-02	3.989000e+00
3.841000e-05	1.954855e-02	4.189150e+00
3.842000e-05	-1.049231e-02	4.389499e+00
3.843000e-05	3.148442e-03	4.536942e+00
3.844000e-05	-5.593723e-02	4.718818e+00
3.845000e-05	2.161968e-02	4.910758e+00
3.846000e-05	1.855988e-02	5.063807e+00
3.847000e-05	-2.276793e-02	5.314816e+00
3.848000e-05	-2.958755e-02	5.452234e+00
3.849000e-05	-1.046476e-03	5.610975e+00
3.850000e-05	2.207976e-02	5.736894e+00
3.851000e-05	-1.074430e-02	5.886818e+00
3.852000e-05	-1.595343e-02	6.053234e+00
3.853000e-05	-2.989508e-02	6.209577e+00
3.854000e-05	-1.607462e-02	6.347418e+00
3.855000e-05	3.741156e-02	6.481132e+00
3.856000e-05	-1.276890e-02	6.642605e+00
3.857000e-05	-2.885023e-02	6.819575e+00
3.858000e-05	-1.145301e-02	6.926817e+00
3.859000e-05	1.391570e-03	7.052104e+00
3.860000e-05	5.959808e-03	7.146394e+00
3.861000e-05	-3.148592e-02	7.304712e+00
3.862000e-05	-2.819784e-02	7.454235e+00
3.863000e-05	-6.195263e-03	7.551003e+00
3.864000e-05	1.402250e-02	7.716915e+00
3.865000e-05	-3.844023e-03	7.863655e+00
3.866000e-05	-3.198544e-02	8.021055e+00
3.867000e-05	-1.710147e-02	8.146445e+00
3.868000e-05	-3.868229e-03	8.213681e+00
3.869000e-05	1.965258e-03	8.327343e+00
3.870000e-05	-2.308869e-02	8.420602e+00
3.871000e-05	-3.112580e-02	8.484736e+00
3.872000e-05	-1.004673e-02	8.559073e+00
3.873000e-05	4.224568e-03	8.685213e+00
3.874000e-05	-8.576266e-03	8.747321e+00
3.875000e-05	-2.933803e-02	8.861203e+00
3.876000e-05	-2.461330e-02	8.947417e+00
3.877000e-05	-5.800278e-03	9.022179e+00
3.878000e-05	-3.384428e-03	9.135817e+00
3.879000e-05	-1.985660e-02	9.210978e+00
3.880000e-05	-3.167389e-02	9.252130e+00
3.881000e-05	-1.833048e-02	9.327344e+00
3.882000e-05	-4.827030e-03	9.378999e+00
3.883000e-05	-1.144833e-02	9.432183e+00
3.884000e-05	-2.759097e-02	9.486716e+00
3.885000e-05	-2.800412e-02	9.527968e+00
3.886000e-05	-1.246727e-02	9.610528e+00
3.887000e-05	-7.218986e-03	9.622082e+00
3.888000e-05	-2.196856e-02	9.663239e+00
3.889000e-05	-3.287779e-02	9.707920e+00
3.890000e-05	-2.557564e-02	9.760398e+00
3.891000e-05	-1.395921e-02	9.834002e+00
3.892000e-05	-1.798579e-02	9.854234e+00
3.893000e-05	-3.007858e-02	9.874694e+00
3.894000e-05	-3.038513e-02	9.906341e+00
3.895000e-05	-1.984300e-02	9.977370e+00
3.896000e-05	-1.520059e-02	9.958895e+00
3.897000e-05	-2.576669e-02	9.978999e+00
3.898000e-05	-3.567739e-02	9.969398e+00
3.899000e-05	-3.257584e-02	1.001050e+01
3.900000e-05	-2.335249e-02	1.000847e+01
3.901000e-05	-2.414390e-02	9.990399e+00
3.902000e-05	-3.347985e-02	1.000895e+01
3.903000e-05	-3.696731e-02	9.988997e+00
3.904000e-05	-3.016035e-02	9.959425e+00
3.905000e-05	-2.513652e-02	9.938849e+00
3.906000e-05	-3.232815e-02	9.946342e+00
3.907000e-05	-3.989033e-02	9.936241e+00
3.908000e-05	-3.868666e-02	9.866659e+00
3.909000e-05	-3.059114e-02	9.813579e+00
3.910000e-05	-3.079417e-02	9.780921e+00
3.911000e-05	-3.865294e-02	9.706893e+00
3.912000e-05	-4.296142e-02	9.695257e+00
3.913000e-05	-3.761471e-02	9.631629e+00
3.914000e-05	-3.070068e-02	9.598999e+00
3.915000e-05	-3.495309e-02	9.557399e+00
3.916000e-05	-3.777006e-02	9.456166e+00
3.917000e-05	-3.864993e-02	9.451660e+00
3.918000e-05	-3.141806e-02	9.380451e+00
3.919000e-05	-3.024654e-02	9.327792e+00
3.920000e-05	-3.690993e-02	9.265209e+00
3.921000e-05	-3.897553e-02	9.231529e+00
3.922000e-05	-3.370891e-02	9.139497e+00
3.923000e-05	-2.617523e-02	9.056756e+00
3.924000e-05	-2.518293e-02	8.906798e+00
3.925000e-05	-2.935603e-02	8.832658e+00
3.926000e-05	-2.892385e-02	8.768996e+00
3.927000e-05	-2.367434e-02	8.666288e+00
3.928000e-05	-2.176506e-02	8.589074e+00
3.929000e-05	-2.454049e-02	8.506292e+00
3.930000e-05	-2.810290e-02	8.441052e+00
3.931000e-05	-2.327146e-02	8.379418e+00
3.932000e-05	-1.807495e-02	8.242133e+00
3.933000e-05	-1.749180e-02	8.076739e+00
3.934000e-05	-2.020930e-02	8.021133e+00
3.935000e-05	-2.028326e-02	7.875688e+00
3.936000e-05	-1.694008e-02	7.748450e+00
3.937000e-05	-1.463378e-02	7.643654e+00
3.938000e-05	-1.707117e-02	7.517318e+00
3.939000e-05	-1.975829e-02	7.378944e+00
3.940000e-05	-1.707461e-02	7.180580e+00
3.941000e-05	-1.255414e-02	7.106284e+00
3.942000e-05	-1.106563e-02	6.958948e+00
3.943000e-05	-1.472016e-02	6.832081e+00
3.944000e-05	-1.561415e-02	6.680337e+00
3.945000e-05	-1.279432e-02	6.579871e+00
3.946000e-05	-1.065849e-02	6.389950e+00
3.947000e-05	-1.023103e-02	6.253187e+00
3.948000e-05	-1.327335e-02	6.128415e+00
3.949000e-05	-1.197937e-02	6.011024e+00
3.950000e-05	-1.010642e-02	5.844764e+00
3.951000e-05	-8.537083e-03	5.695162e+00
3.952000e-05	-1.096950e-02	5.507761e+00
3.953000e-05	-1.231895e-02	5.349426e+00
3.954000e-05	-1.011803e-02	5.169029e+00
3.955000e-05	-7.560902e-03	4.991023e+00
3.956000e-05	-8.116864e-03	4.781504e+00
3.957000e-05	-9.432018e-03	4.643105e+00
3.958000e-05	-9.475024e-03	4.496263e+00
3.959000e-05	-7.001497e-03	4.348366e+00
3.960000e-05	-6.737215e-03	4.137315e+00
3.961000e-05	-8.617671e-03	3.949947e+00
3.962000e-05	-1.020472e-02	3.811454e+00
3.963000e-05	-8.332895e-03	3.632109e+00
3.964000e-05	-6.697824e-03	3.455808e+00
3.965000e-05	-5.685930e-03	3.255184e+00
3.966000e-05	-8.290888e-03	3.125312e+00
3.967000e-05	-7.157331e-03	2.957371e+00
3.968000e-05	-5.729363e-03	2.811524e+00
3.969000e-05	-5.680311e-03	2.610474e+00
3.970000e-05	-6.318183e-03	2.400399e+00
3.971000e-05	-6.488150e-03	2.233500e+00
3.972000e-05	-7.280936e-03	2.031608e+00
3.973000e-05	-6.379444e-03	1.905786e+00
3.974000e-05	-5.713801e-03	1.705267e+00
3.975000e-05	-5.301940e-03	1.486159e+00
3.976000e-05	-5.337332e-03	1.326767e+00
3.977000e-05	-5.176936e-03	1.105841e+00
3.978000e-05	-3.807984e-03	8.635595e-01
3.979000e-05	-3.609207e-03	7.057671e-01
3.980000e-05	-4.933564e-03	5.172920e-01
3.981000e-05	-5.592980e-03	3.283711e-01
3.982000e-05	-5.524693e-03	1.677947e-01
3.983000e-05	-3.313017e-03	-7.257877e-02
3.984000e-05	6.895737e-04	-1.994736e-01
3.985000e-05	1.427378e-03	-3.474422e-01
3.986000e-05	-1.773877e-03	-5.242154e-01
3.987000e-05	1.906148e-03	-7.658917e-01
3.988000e-05	-5.733549e-04	-8.847092e-01
3.989000e-05	-9.660266e-04	-1.041629e+00
3.990000e-05	-7.203949e-04	-1.209600e+00
3.991000e-05	2.559689e-02	-1.392657e+00
3.992000e-05	6.836795e-02	-1.612101e+00
3.993000e-05	-2.269788e-02	-1.892709e+00
3.994000e-05	-3.215285e-02	-2.138520e+00
3.995000e-05	-8.016589e-02	-2.379446e+00
3.996000e-05	-2.589299e-02	-2.432604e+00
3.997000e-05	1.243923e-01	-2.504554e+00
3.998000e-05	-8.319676e-02	-2.691760e+00
3.999000e-05	-3.494656e-02	-2.895789e+00
4.000000e-05	1.233772e-01	-2.978850e+00
4.001000e-05	-9.580912e-02	-3.262027e+00
4.002000e-05	3.829159e-02	-3.433207e+00
4.003000e-05	9.308830e-02	-3.568921e+00
4.004000e-05	-1.500977e-01	-3.798468e+00
4.005000e-05	2.380916e-02	-3.977391e+00
4.006000e-05	6.522042e-02	-4.114689e+00
4.007000e-05	-2.925647e-02	-4.327342e+00
4.008000e-05	7.800505e-02	-4.420028e+00
4.009000e-05	-9.085317e-02	-4.600573e+00
4.010000e-05	7.007965e-03	-4.821050e+00
4.011000e-05	8.282216e-02	-4.926839e+00
4.012000e-05	-6.439689e-02	-5.166363e+00
4.013000e-05	1.792674e-02	-5.294213e+00
4.014000e-05	-2.723943e-02	-5.442736e+00
4.015000e-05	3.817842e-02	-5.683684e+00
4.016000e-05	3.926543e-02	-5.800022e+00
4.017000e-05	-4.431088e-02	-5.967896e+00
4.018000e-05	2.496426e-02	-6.043682e+00
4.019000e-05	-5.286306e-02	-6.243630e+00
4.020000e-05	5.755679e-02	-6.460104e+00
4.021000e-05	3.296325e-02	-6.537892e+00
4.022000e-05	-4.834802e-02	-6.676339e+00
4.023000e-05	2.913465e-02	-6.809528e+00
4.024000e-05	-1.939127e-02	-6.973894e+00
4.025000e-05	5.492753e-02	-7.137919e+00
4.026000e-05	-1.473834e-02	-7.252705e+00
4.027000e-05	-2.993808e-02	-7.360997e+00
4.028000e-05	2.298978e-02	-7.483761e+00
4.029000e-05	7.876660e-03	-7.672230e+00
4.030000e-05	4.892852e-02	-7.790477e+00
4.031000e-05	-2.843358e-02	-7.986417e+00
4.032000e-05	1.599486e-04	-8.052259e+00
4.033000e-05	8.845553e-03	-8.209921e+00
4.034000e-05	1.812173e-02	-8.264208e+00
4.035000e-05	1.902840e-02	-8.338399e+00
4.036000e-05	-2.662863e-02	-8.433132e+00
4.037000e-05	1.667584e-02	-8.528474e+00
4.038000e-05	1.764181e-02	-8.662787e+00
4.039000e-05	2.974279e-02	-8.769526e+00
4.040000e-05	-2.537192e-03	-8.884734e+00
4.041000e-05	-1.020254e-02	-8.937914e+00
4.042000e-05	1.635595e-02	-8.983103e+00
4.043000e-05	1.755981e-02	-9.105788e+00
4.044000e-05	1.983106e-02	-9.209948e+00
4.045000e-05	-9.976104e-03	-9.232680e+00
4.046000e-05	6.519305e-03	-9.267317e+00
4.047000e-05	2.223894e-02	-9.411426e+00
4.048000e-05	2.470664e-02	-9.476317e+00
4.049000e-05	7.680237e-03	-9.559895e+00
4.050000e-05	-4.464056e-03	-9.599553e+00
4.051000e-05	1.690565e-02	-9.643631e+00
4.052000e-05	2.458263e-02	-9.696266e+00
4.053000e-05	1.892290e-02	-9.737467e+00
4.054000e-05	3.146530e-04	-9.811051e+00
4.055000e-05	5.839944e-03	-9.803578e+00
4.056000e-05	2.226885e-02	-9.832737e+00
4.057000e-05	2.564082e-02	-9.905288e+00
4.058000e-05	1.501181e-02	-9.947417e+00
4.059000e-05	4.863304e-03	-9.916893e+00
4.060000e-05	1.770435e-02	-9.947392e+00
4.061000e-05	2.765743e-02	-9.968896e+00
4.062000e-05	2.315881e-02	-9.988522e+00
4.063000e-05	9.575001e-03	-9.990002e+00
4.064000e-05	8.747980e-03	-1.000050e+01
4.065000e-05	2.452484e-02	-1.004155e+01
4.066000e-05	3.052182e-02	-1.001210e+01
4.067000e-05	2.332944e-02	-1.001200e+01
4.068000e-05	1.416846e-02	-1.002200e+01
4.069000e-05	2.217312e-02	-1.002108e+01
4.070000e-05	3.328301e-02	-9.980500e+00
4.071000e-05	2.923866e-02	-1.003042e+01
4.072000e-05	1.840282e-02	-9.979423e+00
4.073000e-05	1.766062e-02	-9.958344e+00
4.074000e-05	2.997173e-02	-9.908316e+00
4.075000e-05	3.629010e-02	-9.885709e+00
4.076000e-05	2.939252e-02	-9.864137e+00
4.077000e-05	2.082019e-02	-9.831202e+00
4.078000e-05	2.521515e-02	-9.789451e+00
4.079000e-05	3.651228e-02	-9.759441e+00
4.080000e-05	3.636762e-02	-9.736815e+00
4.081000e-05	2.476123e-02	-9.663686e+00
4.082000e-05	2.066651e-02	-9.631582e+00
4.083000e-05	2.752519e-02	-9.600025e+00
4.084000e-05	3.535812e-02	-9.548845e+00
4.085000e-05	2.911227e-02	-9.423158e+00
4.086000e-05	1.983900e-02	-9.339868e+00
4.087000e-05	2.082737e-02	-9.244754e+00
4.088000e-05	2.875415e-02	-9.199051e+00
4.089000e-05	2.862725e-02	-9.117866e+00
4.090000e-05	2.020443e-02	-9.073106e+00
4.091000e-05	1.329653e-02	-8.989945e+00
4.092000e-05	1.826111e-02	-8.894258e+00
4.093000e-05	2.379849e-02	-8.820077e+00
4.094000e-05	1.953488e-02	-8.758345e+00
4.095000e-05	1.185124e-02	-8.582679e+00
4.096000e-05	1.024689e-02	-8.453663e+00
4.097000e-05	1.694653e-02	-8.379504e+00
4.098000e-05	1.947350e-02	-8.325863e+00
4.099000e-05	1.255850e-02	-8.179476e+00
4.100000e-05	6.157446e-03	-8.066284e+00
4.101000e-05	8.504535e-03	-8.010551e+00
4.102000e-05	1.330196e-02	-7.845685e+00
4.103000e-05	1.099476e-02	-7.727319e+00
4.104000e-05	5.119574e-03	-7.559449e+00
4.105000e-05	2.568320e-03	-7.452205e+00
4.106000e-05	8.600184e-03	-7.297291e+00
4.107000e-05	1.111305e-02	-7.181004e+00
4.108000e-05	7.509236e-03	-7.096332e+00
4.109000e-05	2.177457e-03	-6.916292e+00
4.110000e-05	3.212130e-03	-6.778976e+00
4.111000e-05	6.245608e-03	-6.645660e+00
4.112000e-05	6.187077e-03	-6.507266e+00
4.113000e-05	9.220140e-04	-6.391047e+00
4.114000e-05	-1.050521e-03	-6.234130e+00
4.115000e-05	2.456835e-03	-6.043130e+00
4.116000e-05	5.770958e-03	-5.915337e+00
4.117000e-05	3.462757e-03	-5.780995e+00
4.118000e-05	-9.448234e-04	-5.612156e+00
4.119000e-05	-2.372162e-04	-5.415739e+00
4.120000e-05	2.956606e-03	-5.284107e+00
4.121000e-05	2.520621e-03	-5.076262e+00
4.122000e-05	-7.506145e-04	-4.875291e+00
4.123000e-05	-4.046480e-03	-4.705162e+00
4.124000e-05	-1.003270e-03	-4.528468e+00
4.125000e-05	1.612367e-03	-4.411053e+00
4.126000e-05	6.580713e-04	-4.212608e+00
4.127000e-05	-3.080548e-03	-4.086240e+00
4.128000e-05	-2.302179e-03	-3.948471e+00
4.129000e-05	-6.256999e-04	-3.749896e+00
4.130000e-05	1.126272e-03	-3.548371e+00
4.131000e-05	-1.978735e-03	-3.412048e+00
4.132000e-05	-5.121820e-03	-3.244583e+00
4.133000e-05	-4.606056e-03	-3.103634e+00
4.134000e-05	-2.042959e-03	-2.853635e+00
4.135000e-05	-2.383503e-03	-2.706337e+00
4.136000e-05	-4.698785e-03	-2.516816e+00
4.137000e-05	-4.397278e-03	-2.379472e+00
4.138000e-05	-1.572136e-03	-2.158869e+00
4.139000e-05	-4.436764e-04	-1.948917e+00
4.140000e-05	-3.432424e-03	-1.790051e+00
4.141000e-05	-5.506036e-03	-1.633578e+00
4.142000e-05	-6.189267e-03	-1.433584e+00
4.143000e-05	-3.970354e-03	-1.141494e+00
4.144000e-05	-5.121813e-03	-1.009553e+00
4.145000e-05	-6.088893e-03	-8.431567e-01
4.146000e-05	-4.995847e-03	-6.345568e-01
4.147000e-05	-1.946336e-03	-4.815805e-01
4.148000e-05	-2.332100e-03	-2.742594e-01
4.149000e-05	-3.416834e-03	-1.077868e-01
4.150000e-05	-8.596514e-04	5.160777e-02
4.151000e-05	-1.062247e-03	2.742105e-01
4.152000e-05	-2.195371e-03	4.515313e-01
4.153000e-05	-2.445963e-03	6.088962e-01
4.154000e-05	-4.506756e-03	7.369196e-01
4.155000e-05	-2.644435e-03	9.447191e-01
4.156000e-05	4.908257e-05	1.137341e+00
4.157000e-05	9.134450e-03	1.294737e+00
4.158000e-05	4.448647e-02	1.516292e+00
4.159000e-05	3.694861e-02	1.766446e+00
4.160000e-05	-3.850456e-02	1.939997e+00
4.161000e-05	-4.289558e-02	2.136867e+00
4.162000e-05	-7.183966e-02	2.334692e+00
4.163000e-05	-3.688852e-02	2.379475e+00
4.164000e-05	1.007541e-01	2.579472e+00
4.165000e-05	-5.650582e-02	2.788549e+00
4.166000e-05	-4.604086e-02	2.895287e+00
4.167000e-05	1.104168e-01	3.113814e+00
4.168000e-05	-5.385754e-02	3.282712e+00
4.169000e-05	9.356124e-03	3.463533e+00
4.170000e-05	5.404417e-02	3.599004e+00
4.171000e-05	-1.083687e-01	3.778546e+00
4.172000e-05	-6.773934e-03	3.938419e+00
4.173000e-05	4.830327e-02	4.117318e+00
4.174000e-05	-1.981905e-02	4.295838e+00
4.175000e-05	1.383514e-02	4.503264e+00
4.176000e-05	-5.058508e-02	4.673255e+00
4.177000e-05	-7.074797e-03	4.798629e+00
4.178000e-05	3.314116e-02	5.040504e+00
4.179000e-05	-1.667805e-02	5.261159e+00
4.180000e-05	-2.898228e-02	5.370031e+00
4.181000e-05	-1.292453e-02	5.547393e+00
4.182000e-05	2.329332e-02	5.682740e+00
4.183000e-05	7.280553e-04	5.883636e+00
4.184000e-05	-2.001057e-02	6.031579e+00
4.185000e-05	-2.277720e-02	6.158524e+00
4.186000e-05	-3.376736e-02	6.285791e+00
4.187000e-05	3.050549e-02	6.452154e+00
4.188000e-05	7.468263e-03	6.620570e+00
4.189000e-05	-3.328718e-02	6.736896e+00
4.190000e-05	-1.450180e-02	6.916834e+00
4.191000e-05	-3.284413e-03	7.000577e+00
4.192000e-05	1.211629e-02	7.116789e+00
4.193000e-05	-2.304639e-02	7.282684e+00
4.194000e-05	-3.621561e-02	7.421076e+00
4.195000e-05	-1.508926e-02	7.588601e+00
4.196000e-05	1.097136e-02	7.664813e+00
4.197000e-05	6.565733e-03	7.790605e+00
4.198000e-05	-2.579123e-02	7.947944e+00
4.199000e-05	-2.368254e-02	8.095817e+00
4.200000e-05	-7.161596e-03	8.252200e+00
4.201000e-05	2.704274e-03	8.294817e+00
4.202000e-05	-1.369358e-02	8.340499e+00
4.203000e-05	-3.316271e-02	8.454686e+00
4.204000e-05	-1.813964e-02	8.558421e+00
4.205000e-05	3.012408e-03	8.673709e+00
4.206000e-05	-1.391304e-03	8.707365e+00
4.207000e-05	-2.376365e-02	8.810050e+00
4.208000e-05	-2.954551e-02	8.904291e+00
4.209000e-05	-1.165077e-02	9.002651e+00
4.210000e-05	-1.956942e-03	9.084188e+00
4.211000e-05	-1.322621e-02	9.147397e+00
4.212000e-05	-3.098534e-02	9.223656e+00
4.213000e-05	-2.471043e-02	9.296737e+00
4.214000e-05	-6.101004e-03	9.378978e+00
4.215000e-05	-7.671176e-03	9.411609e+00
4.216000e-05	-2.365881e-02	9.495211e+00
4.217000e-05	-3.132499e-02	9.537867e+00
4.218000e-05	-1.740566e-02	9.591000e+00
4.219000e-05	-6.644691e-03	9.601604e+00
4.220000e-05	-1.674653e-02	9.676211e+00
4.221000e-05	-3.131910e-02	9.716964e+00
4.222000e-05	-2.770993e-02	9.748450e+00
4.223000e-05	-1.517973e-02	9.814079e+00
4.224000e-05	-1.578125e-02	9.862653e+00
4.225000e-05	-2.615983e-02	9.875188e+00
4.226000e-05	-3.376092e-02	9.917863e+00
4.227000e-05	-2.365741e-02	9.978395e+00
4.228000e-05	-1.607652e-02	9.938821e+00
4.229000e-05	-2.086700e-02	9.928347e+00
4.230000e-05	-3.271162e-02	9.949422e+00
4.231000e-05	-3.409373e-02	9.980476e+00
4.232000e-05	-2.527784e-02	1.002055e+01
4.233000e-05	-2.181266e-02	1.000045e+01
4.234000e-05	-3.155448e-02	9.998577e+00
4.235000e-05	-3.916356e-02	9.988926e+00
4.236000e-05	-3.282102e-02	9.958999e+00
4.237000e-05	-2.666191e-02	9.968921e+00
4.238000e-05	-2.856141e-02	9.976870e+00
4.239000e-05	-3.707142e-02	9.908791e+00
4.240000e-05	-3.832463e-02	9.867160e+00
4.241000e-05	-3.182305e-02	9.823158e+00
4.242000e-05	-2.922053e-02	9.781450e+00
4.243000e-05	-3.662829e-02	9.758922e+00
4.244000e-05	-4.455594e-02	9.705286e+00
4.245000e-05	-4.113422e-02	9.634713e+00
4.246000e-05	-3.331784e-02	9.590599e+00
4.247000e-05	-3.222559e-02	9.558344e+00
4.248000e-05	-3.723956e-02	9.496766e+00
4.249000e-05	-3.901229e-02	9.432211e+00
4.250000e-05	-3.337536e-02	9.391057e+00
4.251000e-05	-2.876724e-02	9.357846e+00
4.252000e-05	-3.408851e-02	9.254238e+00
4.253000e-05	-3.870803e-02	9.212056e+00
4.254000e-05	-3.629096e-02	9.140450e+00
4.255000e-05	-2.733515e-02	9.116209e+00
4.256000e-05	-2.603466e-02	8.929548e+00
4.257000e-05	-2.982738e-02	8.873281e+00
4.258000e-05	-3.036111e-02	8.789525e+00
4.259000e-05	-2.529901e-02	8.717315e+00
4.260000e-05	-2.148307e-02	8.642657e+00
4.261000e-05	-2.239196e-02	8.548296e+00
4.262000e-05	-2.639301e-02	8.441631e+00
4.263000e-05	-2.447255e-02	8.379525e+00
4.264000e-05	-2.080942e-02	8.263206e+00
4.265000e-05	-1.811552e-02	8.165348e+00
4.266000e-05	-2.072044e-02	8.034684e+00
4.267000e-05	-2.114553e-02	7.917790e+00
4.268000e-05	-1.831196e-02	7.802550e+00
4.269000e-05	-1.470127e-02	7.676208e+00
4.270000e-05	-1.529531e-02	7.569401e+00
4.271000e-05	-1.751625e-02	7.393607e+00
4.272000e-05	-1.718823e-02	7.261634e+00
4.273000e-05	-1.471413e-02	7.139417e+00
4.274000e-05	-1.326508e-02	6.990624e+00
4.275000e-05	-1.485461e-02	6.864261e+00
4.276000e-05	-1.634045e-02	6.778949e+00
4.277000e-05	-1.386738e-02	6.583528e+00
4.278000e-05	-9.307787e-03	6.471628e+00
4.279000e-05	-9.067906e-03	6.314816e+00
4.280000e-05	-1.172614e-02	6.168946e+00
4.281000e-05	-1.319326e-02	6.043055e+00
4.282000e-05	-1.095019e-02	5.908895e+00
4.283000e-05	-9.815997e-03	5.767417e+00
4.284000e-05	-1.028370e-02	5.548896e+00
4.285000e-05	-1.261045e-02	5.440580e+00
4.286000e-05	-1.109278e-02	5.254179e+00
4.287000e-05	-7.823475e-03	5.045182e+00
4.288000e-05	-7.039871e-03	4.852158e+00
4.289000e-05	-8.790021e-03	4.684211e+00
4.290000e-05	-1.020681e-02	4.496367e+00
4.291000e-05	-7.967732e-03	4.400976e+00
4.292000e-05	-7.200465e-03	4.150949e+00
4.293000e-05	-7.641923e-03	3.980502e+00
4.294000e-05	-9.575615e-03	3.864233e+00
4.295000e-05	-9.782218e-03	3.704762e+00
4.296000e-05	-6.763353e-03	3.528871e+00
4.297000e-05	-5.564215e-03	3.325844e+00
4.298000e-05	-5.776592e-03	3.158426e+00
4.299000e-05	-7.582043e-03	3.011500e+00
4.300000e-05	-6.802435e-03	2.822058e+00
4.301000e-05	-5.474638e-03	2.664661e+00
4.302000e-05	-5.561383e-03	2.414034e+00
4.303000e-05	-6.931971e-03	2.263659e+00
4.304000e-05	-6.872446e-03	2.105239e+00
4.305000e-05	-6.794242e-03	1.988391e+00
4.306000e-05	-4.947235e-03	1.767315e+00
4.307000e-05	-4.801888e-03	1.539342e+00
4.308000e-05	-5.466402e-03	1.388870e+00
4.309000e-05	-5.040771e-03	1.180374e+00
4.310000e-05	-4.832191e-03	9.672696e-01
4.311000e-05	-4.195667e-03	7.483923e-01
4.312000e-05	-5.151974e-03	5.995025e-01
4.313000e-05	-5.602780e-03	4.210013e-01
4.314000e-05	-4.539546e-03	2.129329e-01
4.315000e-05	-3.674972e-03	1.999756e-02
4.316000e-05	4.349173e-06	-1.478948e-01
4.317000e-05	1.335396e-03	-3.038631e-01
4.318000e-05	-9.472327e-04	-4.622067e-01
4.319000e-05	8.775673e-04	-6.748092e-01
4.320000e-05	-1.570106e-03	-8.521078e-01
4.321000e-05	-1.595929e-03	-1.009947e+00
4.322000e-05	-1.513416e-03	-1.127441e+00
4.323000e-05	1.510735e-02	-1.359345e+00
4.324000e-05	7.093418e-02	-1.566917e+00
4.325000e-05	6.599904e-03	-1.779049e+00
4.326000e-05	-4.051771e-02	-2.063153e+00
4.327000e-05	-5.596818e-02	-2.336890e+00
4.328000e-05	-7.690237e-02	-2.400029e+00
4.329000e-05	1.043510e-01	-2.441079e+00
4.330000e-05	-5.770597e-04	-2.599951e+00
4.331000e-05	-9.912777e-02	-2.884678e+00
4.332000e-05	1.284971e-01	-2.998921e+00
4.333000e-05	-3.764019e-02	-3.136343e+00
4.334000e-05	-4.178767e-02	-3.379597e+00
4.335000e-05	1.318139e-01	-3.546866e+00
4.336000e-05	-9.832504e-02	-3.705215e+00
4.337000e-05	-5.986266e-02	-3.896341e+00
4.338000e-05	1.027460e-01	-4.042080e+00
4.339000e-05	-3.830489e-02	-4.262683e+00
4.340000e-05	6.805798e-02	-4.410471e+00
4.341000e-05	-3.389206e-02	-4.523837e+00
4.342000e-05	-5.840016e-02	-4.788943e+00
4.343000e-05	1.083371e-01	-4.875685e+00
4.344000e-05	-4.396600e-02	-5.092683e+00
4.345000e-05	-9.677624e-03	-5.221526e+00
4.346000e-05	-6.431911e-03	-5.439676e+00
4.347000e-05	-1.444611e-03	-5.671158e+00
4.348000e-05	6.948269e-02	-5.727921e+00
4.349000e-05	-4.406120e-02	-5.896787e+00
4.350000e-05	1.759166e-02	-6.022580e+00
4.351000e-05	-3.140243e-02	-6.179598e+00
4.352000e-05	8.805590e-03	-6.339475e+00
4.353000e-05	7.620484e-02	-6.505839e+00
4.354000e-05	-5.383031e-02	-6.663158e+00
4.355000e-05	1.920874e-02	-6.749472e+00
4.356000e-05	-1.207802e-02	-6.877866e+00
4.357000e-05	2.844505e-02	-7.125367e+00
4.358000e-05	2.426217e-02	-7.241632e+00
4.359000e-05	-4.922357e-02	-7.337395e+00
4.360000e-05	2.394155e-02	-7.484232e+00
4.361000e-05	1.941285e-03	-7.571599e+00
4.362000e-05	4.735742e-02	-7.769543e+00
4.363000e-05	-4.805010e-03	-7.925319e+00
4.364000e-05	-1.968977e-02	-8.030652e+00
4.365000e-05	1.715226e-02	-8.116788e+00
4.366000e-05	5.984922e-03	-8.231583e+00
4.367000e-05	3.282679e-02	-8.327341e+00
4.368000e-05	-2.268652e-02	-8.400528e+00
4.369000e-05	2.409594e-03	-8.507866e+00
4.370000e-05	1.967305e-02	-8.651634e+00
4.371000e-05	2.670098e-02	-8.758494e+00
4.372000e-05	1.462789e-02	-8.842203e+00
4.373000e-05	-1.863890e-02	-8.896339e+00
4.374000e-05	1.240364e-02	-8.991025e+00
4.375000e-05	1.540044e-02	-9.074263e+00
4.376000e-05	2.432434e-02	-9.148846e+00
4.377000e-05	-4.321484e-03	-9.199050e+00
4.378000e-05	-4.033821e-03	-9.276857e+00
4.379000e-05	2.018530e-02	-9.309045e+00
4.380000e-05	2.607999e-02	-9.432655e+00
4.381000e-05	1.691165e-02	-9.526867e+00
4.382000e-05	-5.669461e-03	-9.610025e+00
4.383000e-05	9.415209e-03	-9.632083e+00
4.384000e-05	2.295902e-02	-9.686232e+00
4.385000e-05	2.328752e-02	-9.747916e+00
4.386000e-05	4.817267e-03	-9.799975e+00
4.387000e-05	5.319451e-04	-9.781505e+00
4.388000e-05	1.800387e-02	-9.832133e+00
4.389000e-05	2.675225e-02	-9.885286e+00
4.390000e-05	2.088367e-02	-9.936389e+00
4.391000e-05	5.813346e-03	-9.968317e+00
4.392000e-05	1.131134e-02	-9.917822e+00
4.393000e-05	2.549209e-02	-9.957945e+00
4.394000e-05	2.651566e-02	-9.979446e+00
4.395000e-05	1.440816e-02	-1.001000e+01
4.396000e-05	6.072258e-03	-1.000005e+01
4.397000e-05	1.951978e-02	-9.991051e+00
4.398000e-05	3.114650e-02	-9.983076e+00
4.399000e-05	2.716054e-02	-1.003053e+01
4.400000e-05	1.652201e-02	-1.001953e+01
4.401000e-05	1.819463e-02	-1.003100e+01
4.402000e-05	2.985350e-02	-1.001020e+01
4.403000e-05	3.161581e-02	-9.949424e+00
4.404000e-05	2.352511e-02	-9.958495e+00
4.405000e-05	1.550745e-02	-9.948943e+00
4.406000e-05	2.516495e-02	-9.947870e+00
4.407000e-05	3.543379e-02	-9.905387e+00
4.408000e-05	3.224235e-02	-9.845735e+00
4.409000e-05	2.472559e-02	-9.853629e+00
4.410000e-05	2.126079e-02	-9.812054e+00
4.411000e-05	3.467126e-02	-9.748970e+00
4.412000e-05	3.677727e-02	-9.697862e+00
4.413000e-05	2.949435e-02	-9.666236e+00
4.414000e-05	2.236800e-02	-9.611629e+00
4.415000e-05	2.396285e-02	-9.590047e+00
4.416000e-05	3.303918e-02	-9.538920e+00
4.417000e-05	3.027905e-02	-9.456710e+00
4.418000e-05	2.325517e-02	-9.342022e+00
4.419000e-05	2.117172e-02	-9.315311e+00
4.420000e-05	2.707500e-02	-9.211051e+00
4.421000e-05	3.174344e-02	-9.137918e+00
4.422000e-05	2.292181e-02	-9.085208e+00
4.423000e-05	1.449194e-02	-9.000545e+00
4.424000e-05	1.499663e-02	-8.876188e+00
4.425000e-05	2.093514e-02	-8.822654e+00
4.426000e-05	2.106694e-02	-8.769972e+00
4.427000e-05	1.352489e-02	-8.625208e+00
4.428000e-05	1.191357e-02	-8.509766e+00
4.429000e-05	1.672988e-02	-8.392104e+00
4.430000e-05	2.032284e-02	-8.347494e+00
4.431000e-05	1.507119e-02	-8.221125e+00
4.432000e-05	7.100996e-03	-8.128843e+00
4.433000e-05	6.221318e-03	-8.043129e+00
4.434000e-05	1.111562e-02	-7.937422e+00
4.435000e-05	1.193361e-02	-7.771872e+00
4.436000e-05	6.613602e-03	-7.589684e+00
4.437000e-05	3.881715e-03	-7.496764e+00
4.438000e-05	7.065634e-03	-7.349919e+00
4.439000e-05	1.201428e-02	-7.211631e+00
4.440000e-05	9.044745e-03	-7.117415e+00
4.441000e-05	2.170691e-03	-6.969445e+00
4.442000e-05	1.392313e-03	-6.801528e+00
4.443000e-05	5.750222e-03	-6.686264e+00
4.444000e-05	6.492844e-03	-6.557947e+00
4.445000e-05	2.233394e-03	-6.420600e+00
4.446000e-05	-9.416748e-04	-6.255713e+00
4.447000e-05	1.335741e-03	-6.085314e+00
4.448000e-05	4.508299e-03	-5.937899e+00
4.449000e-05	4.271088e-03	-5.813003e+00
4.450000e-05	7.768223e-04	-5.655692e+00
4.451000e-05	-1.620378e-03	-5.498418e+00
4.452000e-05	1.331917e-04	-5.338865e+00
4.453000e-05	3.074635e-03	-5.148265e+00
4.454000e-05	4.761500e-04	-4.968941e+00
4.455000e-05	-3.915710e-03	-4.739818e+00
4.456000e-05	-2.879523e-03	-4.559000e+00
4.457000e-05	6.521292e-05	-4.423134e+00
4.458000e-05	1.479809e-03	-4.296787e+00
4.459000e-05	-1.114838e-03	-4.148944e+00
4.460000e-05	-3.354991e-03	-4.011104e+00
4.461000e-05	-1.141864e-03	-3.823528e+00
4.462000e-05	1.982509e-03	-3.641103e+00
4.463000e-05	-4.417183e-04	-3.425633e+00
4.464000e-05	-4.261449e-03	-3.296864e+00
4.465000e-05	-6.497762e-03	-3.107893e+00
4.466000e-05	-2.448079e-03	-2.925239e+00
4.467000e-05	-1.751309e-03	-2.738870e+00
4.468000e-05	-2.846602e-03	-2.549449e+00
4.469000e-05	-5.024699e-03	-2.421501e+00
4.470000e-05	-3.331035e-03	-2.201633e+00
4.471000e-05	-5.901066e-05	-1.991079e+00
4.472000e-05	-9.911891e-04	-1.843083e+00
4.473000e-05	-4.866099e-03	-1.704659e+00
4.474000e-05	-6.755223e-03	-1.486863e+00
4.475000e-05	-5.116979e-03	-1.262028e+00
4.476000e-05	-3.904217e-03	-1.104634e+00
4.477000e-05	-4.409223e-03	-8.947370e-01
4.478000e-05	-6.719689e-03	-7.482971e-01
4.479000e-05	-5.125272e-03	-5.167393e-01
4.480000e-05	-2.607153e-03	-3.163657e-01
4.481000e-05	-1.267835e-03	-1.783198e-01
4.482000e-05	-8.357616e-04	8.496270e-03
4.483000e-05	-3.892110e-04	2.188739e-01
4.484000e-05	-3.559700e-03	3.995488e-01
4.485000e-05	-7.334864e-05	5.168409e-01
4.486000e-05	-3.346650e-03	7.142371e-01
4.487000e-05	-4.156129e-03	8.411577e-01
4.488000e-05	-4.126424e-03	1.074254e+00
4.489000e-05	4.298943e-03	1.221258e+00
4.490000e-05	3.172745e-02	1.420049e+00
4.491000e-05	5.428789e-02	1.723862e+00
4.492000e-05	-2.158464e-02	1.925341e+00
4.493000e-05	-4.622966e-02	2.092736e+00
4.494000e-05	-5.759914e-02	2.272212e+00
4.495000e-05	-6.416372e-02	2.378975e+00
4.496000e-05	7.624521e-02	2.514258e+00
4.497000e-05	1.226242e-02	2.714918e+00
4.498000e-05	-1.057631e-01	2.923207e+00
4.499000e-05	1.036266e-01	3.031556e+00
4.500000e-05	4.643305e-04	3.231050e+00
4.501000e-05	-3.728053e-02	3.368445e+00
4.502000e-05	7.296058e-02	3.526395e+00
4.503000e-05	-6.866816e-02	3.718313e+00
4.504000e-05	-6.140640e-02	3.905239e+00
4.505000e-05	6.079399e-02	4.091159e+00
4.506000e-05	-1.488912e-02	4.283207e+00
4.507000e-05	9.557390e-03	4.412129e+00
4.508000e-05	-2.767588e-02	4.630630e+00
4.509000e-05	-3.507910e-02	4.789445e+00
4.510000e-05	3.959546e-02	4.947943e+00
4.511000e-05	-5.098237e-03	5.139950e+00
4.512000e-05	-2.650896e-02	5.358395e+00
4.513000e-05	-2.239926e-02	5.517317e+00
4.514000e-05	1.541983e-02	5.641578e+00
4.515000e-05	1.029505e-02	5.819552e+00
4.516000e-05	-2.101401e-02	5.989449e+00
4.517000e-05	-1.541199e-02	6.115742e+00
4.518000e-05	-3.722155e-02	6.284261e+00
4.519000e-05	1.353581e-02	6.388973e+00
4.520000e-05	2.486777e-02	6.535917e+00
4.521000e-05	-3.079983e-02	6.695812e+00
4.522000e-05	-1.933947e-02	6.853132e+00
4.523000e-05	-6.292475e-03	6.987974e+00
4.524000e-05	9.991262e-03	7.085762e+00
4.525000e-05	-9.871445e-03	7.189050e+00
4.526000e-05	-3.575459e-02	7.378522e+00
4.527000e-05	-1.950917e-02	7.536944e+00
4.528000e-05	3.621523e-03	7.683688e+00
4.529000e-05	1.155072e-02	7.759446e+00
4.530000e-05	-1.935044e-02	7.912789e+00
4.531000e-05	-2.823378e-02	8.073759e+00
4.532000e-05	-9.162985e-03	8.189425e+00
4.533000e-05	1.151652e-04	8.293734e+00
4.534000e-05	-5.071608e-03	8.347917e+00
4.535000e-05	-3.062835e-02	8.453182e+00
4.536000e-05	-2.361265e-02	8.516340e+00
4.537000e-05	-2.026477e-03	8.620132e+00
4.538000e-05	1.757488e-03	8.715762e+00
4.539000e-05	-1.799511e-02	8.768970e+00
4.540000e-05	-3.095151e-02	8.833207e+00
4.541000e-05	-1.509893e-02	8.969471e+00
4.542000e-05	-3.278643e-03	9.065661e+00
4.543000e-05	-8.834738e-03	9.146894e+00
4.544000e-05	-2.746326e-02	9.220650e+00
4.545000e-05	-2.716114e-02	9.294236e+00
4.546000e-05	-1.078191e-02	9.367917e+00
4.547000e-05	-6.047080e-03	9.380028e+00
4.548000e-05	-1.884420e-02	9.452706e+00
4.549000e-05	-2.961881e-02	9.516265e+00
4.550000e-05	-2.098701e-02	9.538400e+00
4.551000e-05	-9.245075e-03	9.611129e+00
4.552000e-05	-1.204514e-02	9.672137e+00
4.553000e-05	-2.762796e-02	9.724818e+00
4.554000e-05	-3.119197e-02	9.780097e+00
4.555000e-05	-1.949124e-02	9.791026e+00
4.556000e-05	-1.370867e-02	9.833605e+00
4.557000e-05	-2.196870e-02	9.854235e+00
4.558000e-05	-3.172692e-02	9.905766e+00
4.559000e-05	-2.699448e-02	9.917818e+00
4.560000e-05	-1.742546e-02	9.968418e+00
4.561000e-05	-1.848053e-02	9.969371e+00
4.562000e-05	-3.012633e-02	9.998000e+00
4.563000e-05	-3.537090e-02	1.000993e+01
4.564000e-05	-2.839426e-02	1.000055e+01
4.565000e-05	-2.126709e-02	9.978502e+00
4.566000e-05	-2.709173e-02	9.989550e+00
4.567000e-05	-3.699709e-02	9.998925e+00
4.568000e-05	-3.535975e-02	9.979449e+00
4.569000e-05	-2.666373e-02	9.968966e+00
4.570000e-05	-2.622349e-02	9.948396e+00
4.571000e-05	-3.560809e-02	9.906319e+00
4.572000e-05	-4.111989e-02	9.895741e+00
4.573000e-05	-3.627230e-02	9.874680e+00
4.574000e-05	-2.950347e-02	9.773104e+00
4.575000e-05	-3.279385e-02	9.769499e+00
4.576000e-05	-4.230370e-02	9.694841e+00
4.577000e-05	-4.187101e-02	9.632659e+00
4.578000e-05	-3.416562e-02	9.601079e+00
4.579000e-05	-3.069291e-02	9.600996e+00
4.580000e-05	-3.682762e-02	9.497418e+00
4.581000e-05	-4.250727e-02	9.474260e+00
4.582000e-05	-3.682561e-02	9.414108e+00
4.583000e-05	-2.956735e-02	9.328949e+00
4.584000e-05	-3.021809e-02	9.285814e+00
4.585000e-05	-3.743221e-02	9.242108e+00
4.586000e-05	-3.738250e-02	9.200530e+00
4.587000e-05	-2.992455e-02	9.096266e+00
4.588000e-05	-2.435702e-02	8.992057e+00
4.589000e-05	-2.942783e-02	8.884212e+00
4.590000e-05	-3.239534e-02	8.800055e+00
4.591000e-05	-2.836188e-02	8.717845e+00
4.592000e-05	-2.115827e-02	8.693183e+00
4.593000e-05	-2.060895e-02	8.538393e+00
4.594000e-05	-2.589390e-02	8.505185e+00
4.595000e-05	-2.725477e-02	8.379553e+00
4.596000e-05	-2.069552e-02	8.277787e+00
4.597000e-05	-1.631436e-02	8.208500e+00
4.598000e-05	-1.882079e-02	8.073715e+00
4.599000e-05	-2.324328e-02	7.978916e+00
4.600000e-05	-2.192515e-02	7.822608e+00
4.601000e-05	-1.477656e-02	7.745416e+00
4.602000e-05	-1.243675e-02	7.591526e+00
4.603000e-05	-1.590407e-02	7.466689e+00
4.604000e-05	-1.863571e-02	7.284742e+00
4.605000e-05	-1.532769e-02	7.159498e+00
4.606000e-05	-1.145147e-02	7.063652e+00
4.607000e-05	-1.345406e-02	6.926390e+00
4.608000e-05	-1.641700e-02	6.789999e+00
4.609000e-05	-1.633092e-02	6.652630e+00
4.610000e-05	-1.088775e-02	6.485258e+00
4.611000e-05	-8.802797e-03	6.369417e+00
4.612000e-05	-1.114656e-02	6.233079e+00
4.613000e-05	-1.343083e-02	6.083708e+00
4.614000e-05	-1.255985e-02	5.958974e+00
4.615000e-05	-8.265995e-03	5.787923e+00
4.616000e-05	-1.029030e-02	5.591100e+00
4.617000e-05	-1.197080e-02	5.453684e+00
4.618000e-05	-1.122686e-02	5.315315e+00
4.619000e-05	-7.480053e-03	5.096837e+00
4.620000e-05	-6.995771e-03	4.895214e+00
4.621000e-05	-8.547614e-03	4.748340e+00
4.622000e-05	-1.129333e-02	4.569494e+00
4.623000e-05	-1.047915e-02	4.442130e+00
4.624000e-05	-7.356440e-03	4.264836e+00
4.625000e-05	-7.511047e-03	4.053680e+00
4.626000e-05	-7.933508e-03	3.925818e+00
4.627000e-05	-8.036649e-03	3.728395e+00
4.628000e-05	-6.047105e-03	3.610049e+00
4.629000e-05	-6.132357e-03	3.379980e+00
4.630000e-05	-7.650525e-03	3.211004e+00
4.631000e-05	-9.328373e-03	3.063707e+00
4.632000e-05	-7.600697e-03	2.884711e+00
4.633000e-05	-5.793775e-03	2.735891e+00
4.634000e-05	-4.726705e-03	2.464238e+00
4.635000e-05	-5.319285e-03	2.305318e+00
4.636000e-05	-5.805881e-03	2.168895e+00
4.637000e-05	-5.624599e-03	1.999551e+00
4.638000e-05	-5.980944e-03	1.822101e+00
4.639000e-05	-6.867948e-03	1.610451e+00
4.640000e-05	-8.682617e-03	1.441033e+00
4.641000e-05	-5.937262e-03	1.293055e+00
4.642000e-05	-4.436708e-03	1.012025e+00
4.643000e-05	-3.068189e-03	7.695013e-01
4.644000e-05	-4.188283e-03	6.330280e-01
4.645000e-05	-4.995356e-03	4.536079e-01
4.646000e-05	-4.495546e-03	3.047633e-01
4.647000e-05	-4.547989e-03	5.318065e-02
4.648000e-05	-2.086125e-03	-1.152893e-01
4.649000e-05	1.399560e-04	-2.922066e-01
4.650000e-05	-1.722488e-03	-4.311250e-01
4.651000e-05	4.333736e-04	-6.495762e-01
4.652000e-05	-4.841327e-04	-8.004750e-01
4.653000e-05	-9.657964e-04	-9.388671e-01
4.654000e-05	-2.482594e-03	-1.113737e+00
4.655000e-05	6.047999e-03	-1.313259e+00
4.656000e-05	5.805486e-02	-1.507158e+00
4.657000e-05	3.730270e-02	-1.713788e+00
4.658000e-05	-4.200621e-02	-2.027919e+00
4.659000e-05	-3.884056e-02	-2.221808e+00
4.660000e-05	-9.684350e-02	-2.420003e+00
4.661000e-05	5.747333e-02	-2.412053e+00
4.662000e-05	7.566410e-02	-2.535814e+00
4.663000e-05	-1.295682e-01	-2.789998e+00
4.664000e-05	7.455953e-02	-2.927796e+00
4.665000e-05	4.305673e-02	-3.082231e+00
4.666000e-05	-9.879090e-02	-3.316842e+00
4.667000e-05	1.207096e-01	-3.495763e+00
4.668000e-05	-1.220523e-02	-3.631080e+00
4.669000e-05	-1.261908e-01	-3.873757e+00
4.670000e-05	9.740310e-02	-4.001502e+00
4.671000e-05	-9.302596e-03	-4.179975e+00
4.672000e-05	2.740680e-02	-4.368471e+00
4.673000e-05	2.874993e-02	-4.452081e+00
4.674000e-05	-9.792362e-02	-4.692287e+00
4.675000e-05	9.061050e-02	-4.854010e+00
4.676000e-05	7.479504e-03	-4.969000e+00
4.677000e-05	-4.499608e-02	-5.212527e+00
4.678000e-05	1.673200e-02	-5.359346e+00
4.679000e-05	-2.759184e-02	-5.528373e+00
4.680000e-05	7.279323e-02	-5.726791e+00
4.681000e-05	-1.715999e-02	-5.832183e+00
4.682000e-05	-1.138335e-02	-5.979527e+00
4.683000e-05	-1.486585e-04	-6.116866e+00
4.684000e-05	-3.156285e-02	-6.336868e+00
4.685000e-05	9.130951e-02	-6.482709e+00
4.686000e-05	-3.083123e-02	-6.611032e+00
4.687000e-05	-1.073304e-02	-6.737417e+00
4.688000e-05	1.100800e-02	-6.873633e+00
4.689000e-05	1.070090e-03	-7.033183e+00
4.690000e-05	5.212191e-02	-7.191046e+00
4.691000e-05	-5.080405e-02	-7.296289e+00
4.692000e-05	6.409399e-03	-7.432157e+00
4.693000e-05	1.021454e-02	-7.548997e+00
4.694000e-05	3.210961e-02	-7.727362e+00
4.695000e-05	2.295901e-02	-7.813688e+00
4.696000e-05	-3.318998e-02	-7.950472e+00
4.697000e-05	1.851073e-02	-8.094787e+00
4.698000e-05	1.900396e-03	-8.222001e+00
4.699000e-05	3.069434e-02	-8.297366e+00
4.700000e-05	-9.732908e-03	-8.389023e+00
4.701000e-05	-1.220284e-02	-8.477311e+00
4.702000e-05	2.382179e-02	-8.581075e+00
4.703000e-05	2.065030e-02	-8.658293e+00
4.704000e-05	2.358865e-02	-8.831554e+00
4.705000e-05	-1.774857e-02	-8.905334e+00
4.706000e-05	5.200507e-03	-8.959396e+00
4.707000e-05	1.622813e-02	-9.034158e+00
4.708000e-05	2.237904e-02	-9.118318e+00
4.709000e-05	5.718502e-03	-9.229450e+00
4.710000e-05	-1.021153e-02	-9.262159e+00
4.711000e-05	1.679741e-02	-9.297316e+00
4.712000e-05	2.500635e-02	-9.423134e+00
4.713000e-05	2.114602e-02	-9.507817e+00
4.714000e-05	-2.740823e-03	-9.609899e+00
4.715000e-05	2.689998e-03	-9.611100e+00
4.716000e-05	2.164328e-02	-9.664183e+00
4.717000e-05	2.421745e-02	-9.707841e+00
4.718000e-05	9.869873e-03	-9.779421e+00
4.719000e-05	-2.918499e-03	-9.811002e+00
4.720000e-05	1.437413e-02	-9.842603e+00
4.721000e-05	2.605570e-02	-9.873259e+00
4.722000e-05	2.375465e-02	-9.886788e+00
4.723000e-05	9.190333e-03	-9.967868e+00
4.724000e-05	8.605250e-03	-9.918393e+00
4.725000e-05	2.333592e-02	-9.918447e+00
4.726000e-05	2.820509e-02	-9.989447e+00
4.727000e-05	1.763979e-02	-1.002955e+01
4.728000e-05	6.539622e-03	-1.002103e+01
4.729000e-05	1.536477e-02	-1.002055e+01
4.730000e-05	2.924598e-02	-1.002208e+01
4.731000e-05	2.962066e-02	-1.002208e+01
4.732000e-05	1.835108e-02	-9.990055e+00
4.733000e-05	1.576430e-02	-9.941450e+00
4.734000e-05	2.737691e-02	-1.002007e+01
4.735000e-05	3.356013e-02	-9.990502e+00
4.736000e-05	2.576843e-02	-9.948446e+00
4.737000e-05	1.792843e-02	-9.948893e+00
4.738000e-05	2.258982e-02	-9.968317e+00
4.739000e-05	3.298380e-02	-9.887316e+00
4.740000e-05	3.482157e-02	-9.906789e+00
4.741000e-05	2.583917e-02	-9.814158e+00
4.742000e-05	2.275128e-02	-9.820980e+00
4.743000e-05	3.033772e-02	-9.780975e+00
4.744000e-05	3.684762e-02	-9.728865e+00
4.745000e-05	3.175329e-02	-9.654717e+00
4.746000e-05	2.289736e-02	-9.652602e+00
4.747000e-05	2.354858e-02	-9.620574e+00
4.748000e-05	3.190238e-02	-9.568919e+00
4.749000e-05	3.229495e-02	-9.468242e+00
4.750000e-05	2.521898e-02	-9.413579e+00
4.751000e-05	2.006116e-02	-9.306338e+00
4.752000e-05	2.443395e-02	-9.203105e+00
4.753000e-05	2.987387e-02	-9.158947e+00
4.754000e-05	2.501893e-02	-9.107810e+00
4.755000e-05	1.780264e-02	-9.012105e+00
4.756000e-05	1.617960e-02	-8.928919e+00
4.757000e-05	2.095961e-02	-8.843160e+00
4.758000e-05	2.237570e-02	-8.758975e+00
4.759000e-05	1.523604e-02	-8.706266e+00
4.760000e-05	1.048807e-02	-8.557975e+00
4.761000e-05	1.373390e-02	-8.453132e+00
4.762000e-05	1.823631e-02	-8.359348e+00
4.763000e-05	1.647035e-02	-8.274184e+00
4.764000e-05	9.376200e-03	-8.178995e+00
4.765000e-05	6.882715e-03	-8.043107e+00
4.766000e-05	1.095397e-02	-7.948976e+00
4.767000e-05	1.305314e-02	-7.814626e+00
4.768000e-05	7.859512e-03	-7.663183e+00
4.769000e-05	3.248604e-03	-7.508764e+00
4.770000e-05	4.978955e-03	-7.361004e+00
4.771000e-05	1.002906e-02	-7.264084e+00
4.772000e-05	9.681083e-03	-7.179521e+00
4.773000e-05	3.840980e-03	-7.022634e+00
4.774000e-05	2.289362e-03	-6.831684e+00
4.775000e-05	4.660399e-03	-6.736841e+00
4.776000e-05	6.393115e-03	-6.590577e+00
4.777000e-05	3.192425e-03	-6.452683e+00
4.778000e-05	-1.092634e-03	-6.338343e+00
4.779000e-05	5.317258e-05	-6.140818e+00
4.780000e-05	3.440082e-03	-5.950474e+00
4.781000e-05	3.925810e-03	-5.894606e+00
4.782000e-05	9.506578e-04	-5.717837e+00
4.783000e-05	-7.137103e-04	-5.579924e+00
4.784000e-05	1.028771e-03	-5.372520e+00
4.785000e-05	3.028086e-03	-5.139975e+00
4.786000e-05	1.208244e-03	-4.951104e+00
4.787000e-05	-2.964357e-03	-4.824551e+00
4.788000e-05	-3.979972e-03	-4.640559e+00
4.789000e-05	8.845679e-04	-4.496237e+00
4.790000e-05	-3.160999e-04	-4.347866e+00
4.791000e-05	9.218739e-04	-4.200972e+00
4.792000e-05	-2.670912e-03	-4.054084e+00
4.793000e-05	-8.306049e-04	-3.866309e+00
4.794000e-05	1.717756e-03	-3.664640e+00
4.795000e-05	-1.104796e-03	-3.495763e+00
4.796000e-05	-3.570602e-03	-3.337871e+00
4.797000e-05	-6.684071e-03	-3.201022e+00
4.798000e-05	-4.090423e-03	-2.999446e+00
4.799000e-05	-1.980756e-03	-2.810501e+00
4.800000e-05	-2.675114e-03	-2.631532e+00
4.801000e-05	-2.860386e-03	-2.493609e+00
4.802000e-05	-2.061186e-03	-2.253762e+00
4.803000e-05	-5.115325e-04	-2.043632e+00
4.804000e-05	-2.235809e-03	-1.936186e+00
4.805000e-05	-5.436321e-03	-1.717870e+00
4.806000e-05	-7.081297e-03	-1.498399e+00
4.807000e-05	-5.621856e-03	-1.308789e+00
4.808000e-05	-4.528367e-03	-1.095341e+00
4.809000e-05	-3.641827e-03	-9.363409e-01
4.810000e-05	-4.184733e-03	-7.694000e-01
4.811000e-05	-3.612029e-03	-5.498473e-01
4.812000e-05	-2.473165e-03	-3.694474e-01
4.813000e-05	-2.268205e-03	-2.010775e-01
4.814000e-05	-2.768525e-03	-5.308158e-02
4.815000e-05	-3.140132e-04	1.147972e-01
4.816000e-05	-2.757290e-03	3.854159e-01
4.817000e-05	-1.302006e-03	4.852356e-01
4.818000e-05	-1.922637e-03	6.816565e-01
4.819000e-05	-3.432473e-03	7.994298e-01
4.820000e-05	-3.072827e-03	1.000524e+00
4.821000e-05	1.218993e-03	1.218576e+00
4.822000e-05	1.932027e-02	1.358445e+00
4.823000e-05	5.430968e-02	1.630583e+00
4.824000e-05	2.317967e-03	1.884212e+00
4.825000e-05	-4.685791e-02	2.021655e+00
4.826000e-05	-4.545552e-02	2.250053e+00
4.827000e-05	-7.739268e-02	2.367867e+00
4.828000e-05	2.756431e-02	2.502107e+00
4.829000e-05	7.082279e-02	2.642183e+00
4.830000e-05	-1.158602e-01	2.861177e+00
4.831000e-05	5.574510e-02	2.958421e+00
4.832000e-05	5.981978e-02	3.168045e+00
4.833000e-05	-6.796362e-02	3.356421e+00
4.834000e-05	6.063146e-02	3.504863e+00
4.835000e-05	-1.301262e-02	3.663683e+00
4.836000e-05	-1.039765e-01	3.873184e+00
4.837000e-05	4.890467e-02	4.010579e+00
4.838000e-05	1.039719e-02	4.227702e+00
4.839000e-05	-3.409126e-03	4.398474e+00
4.840000e-05	-3.924357e-03	4.596496e+00
4.841000e-05	-5.371188e-02	4.748370e+00
4.842000e-05	2.793654e-02	4.893185e+00
4.843000e-05	1.204115e-02	5.114416e+00
4.844000e-05	-2.392622e-02	5.294340e+00
4.845000e-05	-2.992159e-02	5.482732e+00
4.846000e-05	2.244710e-03	5.571026e+00
4.847000e-05	2.053387e-02	5.737999e+00
4.848000e-05	-1.301881e-02	5.904841e+00
4.849000e-05	-1.636795e-02	6.092233e+00
4.850000e-05	-3.444905e-02	6.230030e+00
4.851000e-05	-8.784805e-03	6.357920e+00
4.852000e-05	3.602493e-02	6.504789e+00
4.853000e-05	-1.949722e-02	6.622764e+00
4.854000e-05	-2.804912e-02	6.831624e+00
4.855000e-05	-1.046920e-02	6.917442e+00
4.856000e-05	5.589474e-03	7.051132e+00
4.857000e-05	4.360048e-03	7.147447e+00
4.858000e-05	-3.485979e-02	7.284837e+00
4.859000e-05	-2.682568e-02	7.475667e+00
4.860000e-05	-4.046521e-03	7.632583e+00
4.861000e-05	1.521667e-02	7.737869e+00
4.862000e-05	-8.234926e-03	7.892137e+00
4.863000e-05	-3.212500e-02	8.042600e+00
4.864000e-05	-1.504634e-02	8.166970e+00
4.865000e-05	-1.639554e-03	8.282684e+00
4.866000e-05	1.511089e-03	8.356845e+00
4.867000e-05	-2.507844e-02	8.460056e+00
4.868000e-05	-3.053316e-02	8.505787e+00
4.869000e-05	-7.516952e-03	8.599524e+00
4.870000e-05	5.217882e-03	8.683262e+00
4.871000e-05	-9.643734e-03	8.747870e+00
4.872000e-05	-3.041807e-02	8.841203e+00
4.873000e-05	-2.236177e-02	8.968396e+00
4.874000e-05	-5.236176e-03	9.022110e+00
4.875000e-05	-2.514144e-03	9.147363e+00
4.876000e-05	-2.140319e-02	9.198503e+00
4.877000e-05	-3.125769e-02	9.294212e+00
4.878000e-05	-1.665630e-02	9.336293e+00
4.879000e-05	-3.623377e-03	9.370021e+00
4.880000e-05	-1.352579e-02	9.433687e+00
4.881000e-05	-2.869413e-02	9.495234e+00
4.882000e-05	-2.627092e-02	9.526868e+00
4.883000e-05	-1.103630e-02	9.629180e+00
4.884000e-05	-7.263998e-03	9.603181e+00
4.885000e-05	-2.344931e-02	9.703887e+00
4.886000e-05	-3.388889e-02	9.768895e+00
4.887000e-05	-2.484804e-02	9.811000e+00
4.888000e-05	-1.290372e-02	9.822505e+00
4.889000e-05	-1.842344e-02	9.874714e+00
4.890000e-05	-3.103326e-02	9.885816e+00
4.891000e-05	-3.087252e-02	9.966796e+00
4.892000e-05	-1.860399e-02	9.928399e+00
4.893000e-05	-1.418771e-02	9.968445e+00
4.894000e-05	-2.607438e-02	9.949020e+00
4.895000e-05	-3.726328e-02	9.960477e+00
4.896000e-05	-3.305819e-02	1.000905e+01
4.897000e-05	-2.199627e-02	1.002852e+01
4.898000e-05	-2.410925e-02	9.980550e+00
4.899000e-05	-3.419513e-02	9.989475e+00
4.900000e-05	-3.702973e-02	9.979923e+00
4.901000e-05	-2.879135e-02	9.988474e+00
4.902000e-05	-2.457591e-02	9.947842e+00
4.903000e-05	-3.338413e-02	9.957870e+00
4.904000e-05	-4.181965e-02	9.896838e+00
4.905000e-05	-4.061409e-02	9.875667e+00
4.906000e-05	-3.037886e-02	9.811049e+00
4.907000e-05	-3.023536e-02	9.830950e+00
4.908000e-05	-3.822096e-02	9.727240e+00
4.909000e-05	-4.227200e-02	9.681839e+00
4.910000e-05	-3.655543e-02	9.642028e+00
4.911000e-05	-3.079925e-02	9.588949e+00
4.912000e-05	-3.494035e-02	9.529295e+00
4.913000e-05	-4.228712e-02	9.485264e+00
4.914000e-05	-4.128268e-02	9.441681e+00
4.915000e-05	-3.189363e-02	9.379000e+00
4.916000e-05	-2.873315e-02	9.288287e+00
4.917000e-05	-3.371313e-02	9.252187e+00
4.918000e-05	-3.753193e-02	9.211051e+00
4.919000e-05	-3.290071e-02	9.158895e+00
4.920000e-05	-2.583579e-02	9.055613e+00
4.921000e-05	-2.815762e-02	8.937943e+00
4.922000e-05	-3.239673e-02	8.831134e+00
4.923000e-05	-3.137593e-02	8.748474e+00
4.924000e-05	-2.333489e-02	8.673166e+00
4.925000e-05	-2.031345e-02	8.580105e+00
4.926000e-05	-2.190733e-02	8.486189e+00
4.927000e-05	-2.624046e-02	8.412631e+00
4.928000e-05	-2.272362e-02	8.328322e+00
4.929000e-05	-1.838201e-02	8.213055e+00
4.930000e-05	-1.855489e-02	8.115312e+00
4.931000e-05	-2.338640e-02	7.950446e+00
4.932000e-05	-2.316170e-02	7.842735e+00
4.933000e-05	-1.562214e-02	7.719870e+00
4.934000e-05	-1.242191e-02	7.663077e+00
4.935000e-05	-1.518445e-02	7.497866e+00
4.936000e-05	-1.889389e-02	7.356896e+00
4.937000e-05	-1.640100e-02	7.199975e+00
4.938000e-05	-1.205076e-02	7.115310e+00
4.939000e-05	-1.089645e-02	6.998869e+00
4.940000e-05	-1.699379e-02	6.822554e+00
4.941000e-05	-1.687406e-02	6.687317e+00
4.942000e-05	-1.230112e-02	6.518843e+00
4.943000e-05	-8.624909e-03	6.381130e+00
4.944000e-05	-1.071607e-02	6.243683e+00
4.945000e-05	-1.334245e-02	6.127762e+00
4.946000e-05	-1.156332e-02	6.010503e+00
4.947000e-05	-7.973645e-03	5.863710e+00
4.948000e-05	-9.143800e-03	5.622633e+00
4.949000e-05	-1.239639e-02	5.515738e+00
4.950000e-05	-1.219260e-02	5.347419e+00
4.951000e-05	-1.016152e-02	5.129920e+00
4.952000e-05	-6.720657e-03	4.939424e+00
4.953000e-05	-8.038471e-03	4.768450e+00
4.954000e-05	-9.757091e-03	4.653107e+00
4.955000e-05	-8.903488e-03	4.484209e+00
4.956000e-05	-6.813136e-03	4.307369e+00
4.957000e-05	-6.438794e-03	4.097692e+00
4.958000e-05	-8.855450e-03	3.968394e+00
4.959000e-05	-1.012194e-02	3.790474e+00
4.960000e-05	-8.601743e-03	3.642656e+00
4.961000e-05	-6.388777e-03	3.485183e+00
4.962000e-05	-7.147486e-03	3.243237e+00
4.963000e-05	-8.326462e-03	3.096289e+00
4.964000e-05	-7.797678e-03	2.926865e+00
4.965000e-05	-6.057229e-03	2.779451e+00
4.966000e-05	-4.711328e-03	2.578373e+00
4.967000e-05	-6.672262e-03	2.337366e+00
4.968000e-05	-7.521394e-03	2.210976e+00
4.969000e-05	-8.023061e-03	2.024082e+00
4.970000e-05	-5.170347e-03	1.874608e+00
4.971000e-05	-5.470367e-03	1.693163e+00
4.972000e-05	-5.580304e-03	1.482661e+00
4.973000e-05	-7.286714e-03	1.296312e+00
4.974000e-05	-5.438560e-03	1.096137e+00
4.975000e-05	-5.199161e-03	8.406843e-01
4.976000e-05	-4.338316e-03	7.047607e-01
4.977000e-05	-6.102259e-03	4.751607e-01
4.978000e-05	-5.205670e-03	3.279673e-01
4.979000e-05	-5.792610e-03	1.382658e-01
4.980000e-05	-1.698205e-03	-8.260889e-02
4.981000e-05	1.221999e-03	-2.395775e-01
4.982000e-05	-1.363850e-03	-3.894959e-01
4.983000e-05	-2.103476e-03	-5.478171e-01
4.984000e-05	1.154896e-04	-7.664709e-01
4.985000e-05	-7.679084e-04	-9.047406e-01
4.986000e-05	-1.539529e-03	-1.103605e+00
4.987000e-05	1.190683e-03	-1.191148e+00
4.988000e-05	3.741051e-02	-1.484485e+00
4.989000e-05	6.215500e-02	-1.662032e+00
4.990000e-05	-2.922623e-02	-1.894287e+00
4.991000e-05	-3.457514e-02	-2.190078e+00
4.992000e-05	-8.940376e-02	-2.398944e+00
4.993000e-05	-3.936220e-03	-2.420529e+00
4.994000e-05	1.168002e-01	-2.482684e+00
4.995000e-05	-1.052468e-01	-2.696839e+00
4.996000e-05	-1.058530e-02	-2.905366e+00
4.997000e-05	1.078588e-01	-2.989998e+00
4.998000e-05	-1.043687e-01	-3.223032e+00
4.999000e-05	6.536424e-02	-3.454187e+00
