# 260612_13:21:57.695103
t	CH1	CH2
0.000000e+00	-1.965723e-03	-8.620765e-01
1.000000e-08	-3.323315e-04	-9.888711e-01
2.000000e-08	-2.839027e-03	-1.156818e+00
3.000000e-08	9.361108e-03	-1.335767e+00
4.000000e-08	7.515569e-02	-1.516246e+00
5.000000e-08	1.950692e-02	-1.766847e+00
6.000000e-08	-4.748794e-02	-2.021080e+00
7.000000e-08	-4.355011e-02	-2.284139e+00
8.000000e-08	-1.114045e-01	-2.429503e+00
9.000000e-08	1.165600e-01	-2.411550e+00
1.000000e-07	3.660880e-02	-2.548246e+00
1.100000e-07	-1.646706e-01	-2.852025e+00
1.200000e-07	1.604768e-01	-2.914272e+00
1.300000e-07	-2.659279e-02	-3.106185e+00
1.400000e-07	-8.317610e-02	-3.358929e+00
1.500000e-07	1.703166e-01	-3.535766e+00
1.600000e-07	-8.853620e-02	-3.663592e+00
1.700000e-07	-1.084774e-01	-3.916288e+00
1.800000e-07	1.458828e-01	-4.042058e+00
1.900000e-07	-6.285100e-02	-4.252582e+00
2.000000e-07	7.669090e-02	-4.399474e+00
2.100000e-07	-1.800333e-02	-4.455110e+00
2.200000e-07	-9.650961e-02	-4.736722e+00
2.300000e-07	1.409523e-01	-4.882130e+00
2.400000e-07	-5.540866e-02	-5.032981e+00
2.500000e-07	-1.066032e-02	-5.222076e+00
2.600000e-07	6.216418e-03	-5.391903e+00
2.700000e-07	-2.943378e-02	-5.623509e+00
2.800000e-07	9.812680e-02	-5.738291e+00
2.900000e-07	-5.806638e-02	-5.896164e+00
3.000000e-07	1.917990e-02	-6.041508e+00
3.100000e-07	-2.491665e-02	-6.168277e+00
3.200000e-07	-1.607312e-02	-6.388946e+00
3.300000e-07	1.116398e-01	-6.505688e+00
3.400000e-07	-7.451847e-02	-6.645108e+00
3.500000e-07	2.623935e-02	-6.767802e+00
3.600000e-07	-1.349697e-02	-6.895213e+00
3.700000e-07	2.073830e-02	-7.035787e+00
3.800000e-07	4.702953e-02	-7.231479e+00
3.900000e-07	-7.290442e-02	-7.356294e+00
4.000000e-07	3.571060e-02	-7.463187e+00
4.100000e-07	-1.072368e-02	-7.629304e+00
4.200000e-07	5.436632e-02	-7.760372e+00
4.300000e-07	2.081267e-03	-7.914242e+00
4.400000e-07	-3.093392e-02	-8.052480e+00
4.500000e-07	2.763086e-02	-8.125817e+00
4.600000e-07	-6.244011e-03	-8.254058e+00
4.700000e-07	4.399391e-02	-8.325342e+00
4.800000e-07	-3.178585e-02	-8.430475e+00
4.900000e-07	2.514320e-03	-8.546740e+00
5.000000e-07	1.975005e-02	-8.650559e+00
5.100000e-07	2.464807e-02	-8.759300e+00
5.200000e-07	1.997589e-02	-8.842560e+00
5.300000e-07	-2.599981e-02	-8.935342e+00
5.400000e-07	1.563912e-02	-9.020331e+00
5.500000e-07	1.203274e-02	-9.093612e+00
5.600000e-07	2.787565e-02	-9.167396e+00
5.700000e-07	-4.910410e-03	-9.249479e+00
5.800000e-07	-5.810292e-03	-9.304658e+00
5.900000e-07	1.990090e-02	-9.377873e+00
6.000000e-07	2.560469e-02	-9.472589e+00
6.100000e-07	1.795297e-02	-9.536815e+00
6.200000e-07	-9.519877e-03	-9.578949e+00
6.300000e-07	1.003821e-02	-9.642558e+00
6.400000e-07	2.185238e-02	-9.704611e+00
6.500000e-07	2.587157e-02	-9.765816e+00
6.600000e-07	3.550836e-03	-9.778952e+00
6.700000e-07	-2.017846e-03	-9.841535e+00
6.800000e-07	1.611591e-02	-9.832554e+00
6.900000e-07	2.680667e-02	-9.885142e+00
7.000000e-07	2.230638e-02	-9.906792e+00
7.100000e-07	4.132173e-03	-9.957320e+00
7.200000e-07	9.669054e-03	-9.988420e+00
7.300000e-07	2.545017e-02	-9.959846e+00
7.400000e-07	2.956242e-02	-1.004890e+01
7.500000e-07	1.435087e-02	-1.000947e+01
7.600000e-07	5.057522e-03	-1.005205e+01
7.700000e-07	1.740381e-02	-1.002058e+01
7.800000e-07	3.048390e-02	-1.004050e+01
7.900000e-07	2.791995e-02	-1.006205e+01
8.000000e-07	1.394968e-02	-1.000253e+01
8.100000e-07	1.539754e-02	-1.000247e+01
8.200000e-07	2.875193e-02	-1.003047e+01
8.300000e-07	3.327235e-02	-9.967426e+00
8.400000e-07	2.386809e-02	-9.999922e+00
8.500000e-07	1.497116e-02	-9.937270e+00
8.600000e-07	2.289769e-02	-9.935771e+00
8.700000e-07	3.487243e-02	-9.917195e+00
8.800000e-07	3.348796e-02	-9.884710e+00
8.900000e-07	2.195834e-02	-9.843130e+00
9.000000e-07	2.071631e-02	-9.821451e+00
9.100000e-07	3.264697e-02	-9.798950e+00
9.200000e-07	3.842442e-02	-9.726770e+00
9.300000e-07	2.958709e-02	-9.693690e+00
9.400000e-07	2.016463e-02	-9.641056e+00
9.500000e-07	2.367606e-02	-9.600004e+00
9.600000e-07	3.434535e-02	-9.588370e+00
9.700000e-07	3.205452e-02	-9.503640e+00
9.800000e-07	2.213954e-02	-9.401605e+00
9.900000e-07	1.827030e-02	-9.336712e+00
1.000000e-06	2.591346e-02	-9.221553e+00
1.010000e-06	3.142396e-02	-9.158345e+00
1.020000e-06	2.451971e-02	-9.083234e+00
1.030000e-06	1.549135e-02	-8.980973e+00
1.040000e-06	1.592502e-02	-8.925263e+00
1.050000e-06	2.345382e-02	-8.833074e+00
1.060000e-06	2.307994e-02	-8.788396e+00
1.070000e-06	1.444170e-02	-8.692209e+00
1.080000e-06	8.985422e-03	-8.518319e+00
1.090000e-06	1.522155e-02	-8.449528e+00
1.100000e-06	1.996857e-02	-8.368416e+00
1.110000e-06	1.578239e-02	-8.233054e+00
1.120000e-06	7.889129e-03	-8.137268e+00
1.130000e-06	7.103673e-03	-8.042053e+00
1.140000e-06	1.341254e-02	-7.984792e+00
1.150000e-06	1.361756e-02	-7.788924e+00
1.160000e-06	7.436972e-03	-7.631076e+00
1.170000e-06	2.228683e-03	-7.504762e+00
1.180000e-06	5.846001e-03	-7.367900e+00
1.190000e-06	1.162711e-02	-7.252632e+00
1.200000e-06	9.024377e-03	-7.146271e+00
1.210000e-06	2.572718e-03	-6.978522e+00
1.220000e-06	1.973765e-03	-6.861551e+00
1.230000e-06	7.190406e-03	-6.735691e+00
1.240000e-06	7.948049e-03	-6.579469e+00
1.250000e-06	2.960351e-03	-6.452053e+00
1.260000e-06	-1.587267e-03	-6.295166e+00
1.270000e-06	1.020426e-03	-6.124712e+00
1.280000e-06	4.918615e-03	-5.987902e+00
1.290000e-06	4.726622e-03	-5.821077e+00
1.300000e-06	-1.121989e-03	-5.693139e+00
1.310000e-06	-1.229670e-03	-5.514268e+00
1.320000e-06	8.538404e-04	-5.326816e+00
1.330000e-06	4.678891e-03	-5.155819e+00
1.340000e-06	1.583074e-03	-4.979467e+00
1.350000e-06	-3.290311e-03	-4.766821e+00
1.360000e-06	-2.182820e-03	-4.589525e+00
1.370000e-06	2.318245e-03	-4.442557e+00
1.380000e-06	6.338054e-04	-4.345213e+00
1.390000e-06	-2.421928e-03	-4.177417e+00
1.400000e-06	-5.220249e-03	-3.990501e+00
1.410000e-06	-6.735223e-04	-3.800705e+00
1.420000e-06	9.410950e-04	-3.611031e+00
1.430000e-06	1.687088e-04	-3.463182e+00
1.440000e-06	-4.642271e-03	-3.294761e+00
1.450000e-06	-5.344577e-03	-3.146417e+00
1.460000e-06	-2.259203e-03	-2.904308e+00
1.470000e-06	-1.026787e-03	-2.768343e+00
1.480000e-06	-4.352905e-03	-2.598495e+00
1.490000e-06	-5.489963e-03	-2.412628e+00
1.500000e-06	-3.403280e-03	-2.280025e+00
1.510000e-06	-3.244294e-04	-2.009553e+00
1.520000e-06	-2.918759e-04	-1.852553e+00
1.530000e-06	-4.693567e-03	-1.675184e+00
1.540000e-06	-5.767812e-03	-1.494312e+00
1.550000e-06	-5.253424e-03	-1.261532e+00
1.560000e-06	-4.215187e-03	-1.041657e+00
1.570000e-06	-5.599691e-03	-8.933641e-01
1.580000e-06	-7.144355e-03	-7.548384e-01
1.590000e-06	-5.071843e-03	-4.936619e-01
1.600000e-06	-1.616292e-03	-3.053922e-01
1.610000e-06	-1.858308e-03	-1.679196e-01
1.620000e-06	-2.631514e-03	-1.154862e-02
1.630000e-06	2.047266e-04	1.600250e-01
1.640000e-06	-2.330435e-03	3.914801e-01
1.650000e-06	1.771482e-03	5.369209e-01
1.660000e-06	-4.445760e-03	6.777408e-01
1.670000e-06	-3.706730e-03	8.615403e-01
1.680000e-06	-4.589083e-03	1.095712e+00
1.690000e-06	4.709642e-03	1.263635e+00
1.700000e-06	2.242323e-02	1.393037e+00
1.710000e-06	6.608660e-02	1.746817e+00
1.720000e-06	-2.222238e-02	1.906192e+00
1.730000e-06	-4.378313e-02	2.095692e+00
1.740000e-06	-4.942457e-02	2.254662e+00
1.750000e-06	-8.452706e-02	2.389981e+00
1.760000e-06	6.715940e-02	2.516216e+00
1.770000e-06	5.682878e-02	2.746321e+00
1.780000e-06	-1.615401e-01	2.884137e+00
1.790000e-06	1.347516e-01	3.041909e+00
1.800000e-06	2.693838e-03	3.221531e+00
1.810000e-06	-6.479238e-02	3.401931e+00
1.820000e-06	9.587914e-02	3.538399e+00
1.830000e-06	-5.825978e-02	3.746772e+00
1.840000e-06	-9.335922e-02	3.896367e+00
1.850000e-06	8.276498e-02	4.054063e+00
1.860000e-06	-1.895826e-02	4.294717e+00
1.870000e-06	1.203520e-02	4.451109e+00
1.880000e-06	-2.292402e-02	4.644633e+00
1.890000e-06	-5.255546e-02	4.778476e+00
1.900000e-06	5.287798e-02	4.979275e+00
1.910000e-06	-1.054120e-02	5.212510e+00
1.920000e-06	-1.891772e-02	5.357375e+00
1.930000e-06	-3.144006e-02	5.537396e+00
1.940000e-06	1.144179e-02	5.663563e+00
1.950000e-06	2.095751e-02	5.812983e+00
1.960000e-06	-2.364292e-02	5.980927e+00
1.970000e-06	-9.448270e-03	6.117270e+00
1.980000e-06	-4.467834e-02	6.295666e+00
1.990000e-06	1.007717e-02	6.402504e+00
2.000000e-06	3.345702e-02	6.546848e+00
2.010000e-06	-3.155327e-02	6.737276e+00
2.020000e-06	-2.297399e-02	6.856140e+00
2.030000e-06	-1.050403e-02	7.011901e+00
2.040000e-06	1.112545e-02	7.116717e+00
2.050000e-06	-8.400874e-04	7.232454e+00
2.060000e-06	-4.087859e-02	7.400448e+00
2.070000e-06	-2.015746e-02	7.551371e+00
2.080000e-06	1.483814e-03	7.685192e+00
2.090000e-06	1.597556e-02	7.788476e+00
2.100000e-06	-1.511448e-02	8.010431e+00
2.110000e-06	-3.466600e-02	8.085163e+00
2.120000e-06	-9.901808e-03	8.190022e+00
2.130000e-06	-3.990179e-04	8.315666e+00
2.140000e-06	1.263346e-03	8.398830e+00
2.150000e-06	-3.204973e-02	8.504107e+00
2.160000e-06	-2.652687e-02	8.568773e+00
2.170000e-06	-2.283925e-03	8.642611e+00
2.180000e-06	3.638004e-03	8.736744e+00
2.190000e-06	-1.364731e-02	8.781454e+00
2.200000e-06	-3.548836e-02	8.915121e+00
2.210000e-06	-1.711214e-02	9.039955e+00
2.220000e-06	-3.336955e-03	9.084791e+00
2.230000e-06	-2.387887e-03	9.191326e+00
2.240000e-06	-2.735625e-02	9.232063e+00
2.250000e-06	-3.000966e-02	9.296213e+00
2.260000e-06	-1.095890e-02	9.380403e+00
2.270000e-06	-2.084522e-03	9.442031e+00
2.280000e-06	-1.644845e-02	9.456688e+00
2.290000e-06	-3.225614e-02	9.546798e+00
2.300000e-06	-2.332333e-02	9.590401e+00
2.310000e-06	-8.671792e-03	9.674132e+00
2.320000e-06	-9.029700e-03	9.686662e+00
2.330000e-06	-2.807785e-02	9.778800e+00
2.340000e-06	-3.292550e-02	9.820872e+00
2.350000e-06	-2.040206e-02	9.871008e+00
2.360000e-06	-1.016896e-02	9.854112e+00
2.370000e-06	-1.945858e-02	9.896618e+00
2.380000e-06	-3.387656e-02	9.898768e+00
2.390000e-06	-2.938607e-02	9.980400e+00
2.400000e-06	-1.799464e-02	9.999849e+00
2.410000e-06	-1.486392e-02	9.957474e+00
2.420000e-06	-3.066268e-02	1.000103e+01
2.430000e-06	-3.725200e-02	1.004153e+01
2.440000e-06	-2.850024e-02	1.003403e+01
2.450000e-06	-1.836500e-02	9.990955e+00
2.460000e-06	-2.362079e-02	1.002305e+01
2.470000e-06	-3.723531e-02	9.972424e+00
2.480000e-06	-3.714931e-02	1.001103e+01
2.490000e-06	-2.773850e-02	9.970399e+00
2.500000e-06	-2.418497e-02	9.989298e+00
2.510000e-06	-3.608954e-02	9.958396e+00
2.520000e-06	-4.172409e-02	9.916745e+00
2.530000e-06	-3.594261e-02	9.905691e+00
2.540000e-06	-2.702348e-02	9.854639e+00
2.550000e-06	-3.001459e-02	9.823382e+00
2.560000e-06	-4.177486e-02	9.769400e+00
2.570000e-06	-4.258330e-02	9.705215e+00
2.580000e-06	-3.422858e-02	9.693561e+00
2.590000e-06	-2.890282e-02	9.610528e+00
2.600000e-06	-3.686590e-02	9.517346e+00
2.610000e-06	-4.296894e-02	9.525691e+00
2.620000e-06	-3.897381e-02	9.473607e+00
2.630000e-06	-2.943523e-02	9.418973e+00
2.640000e-06	-2.915414e-02	9.337269e+00
2.650000e-06	-3.653990e-02	9.304236e+00
2.660000e-06	-3.732195e-02	9.230979e+00
2.670000e-06	-3.040292e-02	9.165747e+00
2.680000e-06	-2.453517e-02	9.083064e+00
2.690000e-06	-2.968467e-02	8.937375e+00
2.700000e-06	-3.403279e-02	8.833108e+00
2.710000e-06	-3.114989e-02	8.748420e+00
2.720000e-06	-2.149016e-02	8.674111e+00
2.730000e-06	-2.035910e-02	8.610004e+00
2.740000e-06	-2.495273e-02	8.475186e+00
2.750000e-06	-2.700304e-02	8.422053e+00
2.760000e-06	-2.147359e-02	8.336773e+00
2.770000e-06	-1.623842e-02	8.242081e+00
2.780000e-06	-1.810014e-02	8.115218e+00
2.790000e-06	-2.417959e-02	8.038924e+00
2.800000e-06	-2.243430e-02	7.814609e+00
2.810000e-06	-1.638746e-02	7.759425e+00
2.820000e-06	-1.245926e-02	7.603583e+00
2.830000e-06	-1.720746e-02	7.516288e+00
2.840000e-06	-1.857264e-02	7.357890e+00
2.850000e-06	-1.625953e-02	7.199449e+00
2.860000e-06	-1.246246e-02	7.094636e+00
2.870000e-06	-1.182640e-02	6.936246e+00
2.880000e-06	-1.708042e-02	6.811530e+00
2.890000e-06	-1.560325e-02	6.715768e+00
2.900000e-06	-1.230262e-02	6.536195e+00
2.910000e-06	-7.415165e-03	6.368924e+00
2.920000e-06	-1.018087e-02	6.233583e+00
2.930000e-06	-1.505568e-02	6.116292e+00
2.940000e-06	-1.356103e-02	5.999475e+00
2.950000e-06	-1.084289e-02	5.821504e+00
2.960000e-06	-8.411668e-03	5.622054e+00
2.970000e-06	-1.030187e-02	5.515213e+00
2.980000e-06	-1.081179e-02	5.376416e+00
2.990000e-06	-8.385365e-03	5.166870e+00
3.000000e-06	-5.898389e-03	4.917774e+00
3.010000e-06	-9.416893e-03	4.758920e+00
3.020000e-06	-1.269354e-02	4.599974e+00
3.030000e-06	-1.171180e-02	4.453108e+00
3.040000e-06	-8.379045e-03	4.335211e+00
3.050000e-06	-5.382981e-03	4.105291e+00
3.060000e-06	-7.090919e-03	3.927363e+00
3.070000e-06	-7.764632e-03	3.757946e+00
3.080000e-06	-7.756808e-03	3.611030e+00
3.090000e-06	-5.984233e-03	3.442180e+00
3.100000e-06	-8.194710e-03	3.220632e+00
3.110000e-06	-1.021411e-02	3.083287e+00
3.120000e-06	-9.084368e-03	2.936738e+00
3.130000e-06	-6.551060e-03	2.748420e+00
3.140000e-06	-4.102574e-03	2.547316e+00
3.150000e-06	-5.510621e-03	2.348391e+00
3.160000e-06	-5.924867e-03	2.179425e+00
3.170000e-06	-5.741363e-03	2.021505e+00
3.180000e-06	-5.517040e-03	1.852108e+00
3.190000e-06	-6.864392e-03	1.641657e+00
3.200000e-06	-8.585479e-03	1.472630e+00
3.210000e-06	-7.562098e-03	1.262179e+00
3.220000e-06	-4.429906e-03	1.050557e+00
3.230000e-06	-3.492292e-03	8.230551e-01
3.240000e-06	-3.921926e-03	6.626054e-01
3.250000e-06	-5.388188e-03	4.746857e-01
3.260000e-06	-5.241742e-03	3.339145e-01
3.270000e-06	-3.851710e-03	9.433804e-02
3.280000e-06	-2.952792e-03	-8.411033e-02
3.290000e-06	1.877033e-03	-2.335326e-01
3.300000e-06	-2.046597e-03	-3.890261e-01
3.310000e-06	1.271672e-04	-5.688962e-01
3.320000e-06	-1.345035e-03	-7.389736e-01
3.330000e-06	-2.308121e-04	-9.067645e-01
3.340000e-06	-3.463424e-03	-1.093685e+00
3.350000e-06	3.833795e-03	-1.274088e+00
3.360000e-06	4.829658e-02	-1.483633e+00
3.370000e-06	6.423543e-02	-1.664639e+00
3.380000e-06	-5.628487e-02	-1.937824e+00
3.390000e-06	-2.023112e-02	-2.242576e+00
3.400000e-06	-1.135560e-01	-2.408974e+00
3.410000e-06	3.841711e-02	-2.412525e+00
3.420000e-06	1.199846e-01	-2.474716e+00
3.430000e-06	-1.681517e-01	-2.767900e+00
3.440000e-06	7.010829e-02	-2.907237e+00
3.450000e-06	8.281131e-02	-3.032034e+00
3.460000e-06	-1.413598e-01	-3.304221e+00
3.470000e-06	1.347556e-01	-3.504712e+00
3.480000e-06	1.862769e-02	-3.592530e+00
3.490000e-06	-1.832695e-01	-3.863653e+00
3.500000e-06	1.248899e-01	-3.980502e+00
3.510000e-06	-1.010850e-02	-4.198377e+00
3.520000e-06	1.196046e-02	-4.387422e+00
3.530000e-06	6.291957e-02	-4.432060e+00
3.540000e-06	-1.385906e-01	-4.673511e+00
3.550000e-06	1.051860e-01	-4.852083e+00
3.560000e-06	2.113041e-02	-4.937427e+00
3.570000e-06	-6.571765e-02	-5.168951e+00
3.580000e-06	4.453263e-02	-5.307250e+00
3.590000e-06	-6.029731e-02	-5.567367e+00
3.600000e-06	9.153876e-02	-5.715318e+00
3.610000e-06	-1.519005e-02	-5.822553e+00
3.620000e-06	-2.612774e-02	-6.022024e+00
3.630000e-06	2.336908e-02	-6.086189e+00
3.640000e-06	-6.684983e-02	-6.306292e+00
3.650000e-06	1.190188e-01	-6.481589e+00
3.660000e-06	-3.649513e-02	-6.590500e+00
3.670000e-06	-1.773790e-02	-6.747893e+00
3.680000e-06	2.406258e-02	-6.852557e+00
3.690000e-06	-2.183433e-02	-7.073033e+00
3.700000e-06	7.847741e-02	-7.211002e+00
3.710000e-06	-6.860691e-02	-7.325265e+00
3.720000e-06	1.055418e-02	-7.432484e+00
3.730000e-06	6.940933e-03	-7.597872e+00
3.740000e-06	2.600804e-02	-7.715216e+00
3.750000e-06	3.943674e-02	-7.832005e+00
3.760000e-06	-4.790888e-02	-7.939903e+00
3.770000e-06	2.712215e-02	-8.084687e+00
3.780000e-06	-6.577286e-03	-8.200429e+00
3.790000e-06	3.773012e-02	-8.295214e+00
3.800000e-06	-8.793869e-03	-8.379951e+00
3.810000e-06	-2.058938e-02	-8.494288e+00
3.820000e-06	2.582052e-02	-8.622076e+00
3.830000e-06	1.578843e-02	-8.705671e+00
3.840000e-06	3.253711e-02	-8.840078e+00
3.850000e-06	-2.120564e-02	-8.927284e+00
3.860000e-06	4.131672e-03	-8.958475e+00
3.870000e-06	1.529192e-02	-9.043153e+00
3.880000e-06	2.255590e-02	-9.127266e+00
3.890000e-06	8.402114e-03	-9.181422e+00
3.900000e-06	-1.495282e-02	-9.304137e+00
3.910000e-06	1.634061e-02	-9.368772e+00
3.920000e-06	2.349459e-02	-9.382954e+00
3.930000e-06	2.449906e-02	-9.548244e+00
3.940000e-06	-4.053960e-03	-9.610973e+00
3.950000e-06	1.631087e-03	-9.631109e+00
3.960000e-06	2.204021e-02	-9.675162e+00
3.970000e-06	2.607479e-02	-9.755716e+00
3.980000e-06	1.237016e-02	-9.788370e+00
3.990000e-06	-5.253138e-03	-9.842004e+00
4.000000e-06	1.206391e-02	-9.861481e+00
4.010000e-06	2.424785e-02	-9.884084e+00
4.020000e-06	2.399609e-02	-9.904716e+00
4.030000e-06	8.248138e-03	-9.936794e+00
4.040000e-06	6.710228e-03	-9.957372e+00
4.050000e-06	2.326599e-02	-9.957894e+00
4.060000e-06	3.025606e-02	-9.968895e+00
4.070000e-06	1.966513e-02	-9.990370e+00
4.080000e-06	4.876616e-03	-9.991029e+00
4.090000e-06	1.242007e-02	-1.000047e+01
4.100000e-06	2.795009e-02	-1.001246e+01
4.110000e-06	2.979782e-02	-1.004153e+01
4.120000e-06	1.713099e-02	-1.000095e+01
4.130000e-06	1.241871e-02	-1.001938e+01
4.140000e-06	2.717562e-02	-1.000050e+01
4.150000e-06	3.567554e-02	-9.991424e+00
4.160000e-06	2.867406e-02	-9.988945e+00
4.170000e-06	1.588714e-02	-9.958297e+00
4.180000e-06	1.910016e-02	-9.957291e+00
4.190000e-06	3.189145e-02	-9.945295e+00
4.200000e-06	3.449258e-02	-9.906187e+00
4.210000e-06	2.533222e-02	-9.872613e+00
4.220000e-06	1.993827e-02	-9.811502e+00
4.230000e-06	2.958006e-02	-9.808900e+00
4.240000e-06	3.832357e-02	-9.728370e+00
4.250000e-06	3.410318e-02	-9.683690e+00
4.260000e-06	2.178167e-02	-9.684132e+00
4.270000e-06	2.149088e-02	-9.611075e+00
4.280000e-06	3.174885e-02	-9.557474e+00
4.290000e-06	3.387526e-02	-9.485195e+00
4.300000e-06	2.621595e-02	-9.440508e+00
4.310000e-06	1.926147e-02	-9.347769e+00
4.320000e-06	2.454228e-02	-9.262633e+00
4.330000e-06	3.004594e-02	-9.199449e+00
4.340000e-06	2.722722e-02	-9.126190e+00
4.350000e-06	1.702409e-02	-9.002553e+00
4.360000e-06	1.421817e-02	-8.917295e+00
4.370000e-06	2.152400e-02	-8.883181e+00
4.380000e-06	2.380576e-02	-8.809998e+00
4.390000e-06	1.810559e-02	-8.723541e+00
4.400000e-06	1.138160e-02	-8.609855e+00
4.410000e-06	1.280750e-02	-8.444132e+00
4.420000e-06	1.806490e-02	-8.369298e+00
4.430000e-06	1.659635e-02	-8.274133e+00
4.440000e-06	9.109567e-03	-8.178800e+00
4.450000e-06	7.205530e-03	-8.043153e+00
4.460000e-06	1.151557e-02	-7.999368e+00
4.470000e-06	1.517428e-02	-7.849528e+00
4.480000e-06	1.034569e-02	-7.694115e+00
4.490000e-06	3.965177e-03	-7.555770e+00
4.500000e-06	4.013431e-03	-7.419503e+00
4.510000e-06	8.633858e-03	-7.285136e+00
4.520000e-06	9.300025e-03	-7.205950e+00
4.530000e-06	3.716257e-03	-7.042554e+00
4.540000e-06	2.428126e-03	-6.894659e+00
4.550000e-06	5.521068e-03	-6.745840e+00
4.560000e-06	8.763653e-03	-6.640025e+00
4.570000e-06	5.466225e-03	-6.484659e+00
4.580000e-06	7.555280e-05	-6.377793e+00
4.590000e-06	6.286877e-04	-6.199396e+00
4.600000e-06	3.414134e-03	-5.990526e+00
4.610000e-06	5.023904e-03	-5.862110e+00
4.620000e-06	1.930987e-04	-5.745341e+00
4.630000e-06	-1.767942e-03	-5.578895e+00
4.640000e-06	3.258451e-04	-5.429527e+00
4.650000e-06	4.971186e-03	-5.198446e+00
4.660000e-06	1.243660e-03	-5.032500e+00
4.670000e-06	-1.952469e-03	-4.811003e+00
4.680000e-06	-4.223783e-03	-4.621981e+00
4.690000e-06	1.304515e-03	-4.514787e+00
4.700000e-06	6.311480e-04	-4.377417e+00
4.710000e-06	-9.700868e-04	-4.209474e+00
4.720000e-06	-4.833784e-03	-4.042580e+00
4.730000e-06	-1.507585e-03	-3.926386e+00
4.740000e-06	5.037491e-04	-3.685158e+00
4.750000e-06	1.568937e-03	-3.553787e+00
4.760000e-06	-4.407849e-03	-3.377869e+00
4.770000e-06	-4.117970e-03	-3.207001e+00
4.780000e-06	-1.978074e-03	-2.999499e+00
4.790000e-06	-2.997574e-04	-2.800523e+00
4.800000e-06	-4.561004e-03	-2.681099e+00
4.810000e-06	-5.860836e-03	-2.503133e+00
4.820000e-06	-5.810948e-03	-2.284337e+00
4.830000e-06	-3.891486e-04	-2.063286e+00
4.840000e-06	-1.818587e-03	-1.935263e+00
4.850000e-06	-2.447378e-03	-1.727840e+00
4.860000e-06	-5.646444e-03	-1.598891e+00
4.870000e-06	-2.993112e-03	-1.314817e+00
4.880000e-06	-2.836489e-03	-1.124340e+00
4.890000e-06	-5.668772e-03	-9.348949e-01
4.900000e-06	-7.735429e-03	-8.279999e-01
4.910000e-06	-6.883286e-03	-5.769686e-01
4.920000e-06	-2.809492e-03	-3.884698e-01
4.930000e-06	-2.179149e-03	-2.085012e-01
4.940000e-06	-2.299163e-03	-7.205651e-02
4.950000e-06	2.076521e-03	1.377433e-01
4.960000e-06	-1.118127e-03	3.383686e-01
4.970000e-06	1.084396e-03	4.746618e-01
4.980000e-06	-4.046987e-03	6.441392e-01
4.990000e-06	-4.773184e-03	7.799787e-01
5.000000e-06	-6.638741e-03	9.499997e-01
5.010000e-06	4.663387e-04	1.232503e+00
5.020000e-06	1.236767e-02	1.338426e+00
5.030000e-06	6.168126e-02	1.632431e+00
5.040000e-06	1.328367e-02	1.906663e+00
5.050000e-06	-5.024536e-02	2.013107e+00
5.060000e-06	-3.949160e-02	2.212506e+00
5.070000e-06	-8.311682e-02	2.398999e+00
5.080000e-06	-1.529465e-03	2.464561e+00
5.090000e-06	1.232933e-01	2.664110e+00
5.100000e-06	-1.523310e-01	2.832553e+00
5.110000e-06	4.892751e-02	2.957900e+00
5.120000e-06	8.666548e-02	3.161474e+00
5.130000e-06	-8.992278e-02	3.350349e+00
5.140000e-06	6.134719e-02	3.537768e+00
5.150000e-06	2.070044e-02	3.684639e+00
5.160000e-06	-1.403507e-01	3.903638e+00
5.170000e-06	6.263880e-02	3.982030e+00
5.180000e-06	1.092971e-02	4.203534e+00
5.190000e-06	-9.727665e-03	4.388975e+00
5.200000e-06	8.539384e-03	4.591875e+00
5.210000e-06	-7.446342e-02	4.766876e+00
5.220000e-06	3.892908e-02	4.876192e+00
5.230000e-06	9.750104e-03	5.108296e+00
5.240000e-06	-1.837146e-02	5.325316e+00
5.250000e-06	-3.202051e-02	5.474738e+00
5.260000e-06	-1.596044e-03	5.625506e+00
5.270000e-06	2.464687e-02	5.749850e+00
5.280000e-06	-1.237528e-02	5.957947e+00
5.290000e-06	-1.673320e-02	6.096112e+00
5.300000e-06	-3.074519e-02	6.233537e+00
5.310000e-06	-2.118784e-02	6.397376e+00
5.320000e-06	4.775028e-02	6.455164e+00
5.330000e-06	-1.874065e-02	6.644112e+00
5.340000e-06	-3.163580e-02	6.841605e+00
5.350000e-06	-7.966492e-03	6.960899e+00
5.360000e-06	-1.346901e-03	7.095618e+00
5.370000e-06	1.589450e-02	7.177923e+00
5.380000e-06	-3.939975e-02	7.337770e+00
5.390000e-06	-2.466706e-02	7.498745e+00
5.400000e-06	-9.497498e-03	7.662588e+00
5.410000e-06	1.752460e-02	7.757279e+00
5.420000e-06	-4.323256e-03	7.867713e+00
5.430000e-06	-3.474452e-02	8.092562e+00
5.440000e-06	-1.526306e-02	8.160923e+00
5.450000e-06	-4.980376e-03	8.255114e+00
5.460000e-06	7.502386e-03	8.348873e+00
5.470000e-06	-2.523405e-02	8.453132e+00
5.480000e-06	-3.051193e-02	8.525195e+00
5.490000e-06	-1.055857e-02	8.581008e+00
5.500000e-06	5.375423e-03	8.696192e+00
5.510000e-06	-7.630836e-03	8.798424e+00
5.520000e-06	-3.080845e-02	8.843607e+00
5.530000e-06	-2.394692e-02	8.960280e+00
5.540000e-06	-6.312171e-03	9.063111e+00
5.550000e-06	-2.621047e-04	9.148847e+00
5.560000e-06	-2.072786e-02	9.221980e+00
5.570000e-06	-3.147996e-02	9.305138e+00
5.580000e-06	-1.913694e-02	9.339825e+00
5.590000e-06	-1.594581e-03	9.433008e+00
5.600000e-06	-1.141460e-02	9.483111e+00
5.610000e-06	-2.824108e-02	9.506795e+00
5.620000e-06	-2.792544e-02	9.578975e+00
5.630000e-06	-1.226437e-02	9.641055e+00
5.640000e-06	-6.217284e-03	9.673561e+00
5.650000e-06	-2.363232e-02	9.759268e+00
5.660000e-06	-3.361618e-02	9.771354e+00
5.670000e-06	-2.511127e-02	9.820509e+00
5.680000e-06	-1.092349e-02	9.862066e+00
5.690000e-06	-1.569768e-02	9.895089e+00
5.700000e-06	-2.970686e-02	9.927817e+00
5.710000e-06	-3.243421e-02	9.927371e+00
5.720000e-06	-2.159381e-02	9.990922e+00
5.730000e-06	-1.435985e-02	9.971928e+00
5.740000e-06	-2.549884e-02	1.002150e+01
5.750000e-06	-3.606914e-02	1.001203e+01
5.760000e-06	-3.189617e-02	1.000253e+01
5.770000e-06	-1.930964e-02	1.001261e+01
5.780000e-06	-2.274158e-02	1.001103e+01
5.790000e-06	-3.361952e-02	1.001153e+01
5.800000e-06	-3.897351e-02	1.003097e+01
5.810000e-06	-3.007280e-02	9.981000e+00
5.820000e-06	-2.407803e-02	9.977346e+00
5.830000e-06	-3.090829e-02	9.976269e+00
5.840000e-06	-3.920873e-02	9.957270e+00
5.850000e-06	-3.876422e-02	9.924238e+00
5.860000e-06	-2.949287e-02	9.894566e+00
5.870000e-06	-2.994727e-02	9.811037e+00
5.880000e-06	-3.842432e-02	9.808356e+00
5.890000e-06	-4.370353e-02	9.708822e+00
5.900000e-06	-3.708395e-02	9.624633e+00
5.910000e-06	-2.982243e-02	9.641053e+00
5.920000e-06	-3.356598e-02	9.578350e+00
5.930000e-06	-3.959404e-02	9.496768e+00
5.940000e-06	-4.025738e-02	9.485116e+00
5.950000e-06	-3.234451e-02	9.421482e+00
5.960000e-06	-3.093844e-02	9.357372e+00
5.970000e-06	-3.527794e-02	9.284707e+00
5.980000e-06	-3.721984e-02	9.222604e+00
5.990000e-06	-3.283481e-02	9.169369e+00
6.000000e-06	-2.580471e-02	9.135041e+00
6.010000e-06	-2.757893e-02	8.979828e+00
6.020000e-06	-3.075390e-02	8.884212e+00
6.030000e-06	-3.177399e-02	8.809975e+00
6.040000e-06	-2.464849e-02	8.747265e+00
6.050000e-06	-2.220366e-02	8.611078e+00
6.060000e-06	-2.308061e-02	8.526298e+00
6.070000e-06	-2.610572e-02	8.441635e+00
6.080000e-06	-2.274181e-02	8.378474e+00
6.090000e-06	-1.847280e-02	8.294709e+00
6.100000e-06	-1.806873e-02	8.136796e+00
6.110000e-06	-2.206099e-02	8.022456e+00
6.120000e-06	-2.148422e-02	7.936292e+00
6.130000e-06	-1.805135e-02	7.799476e+00
6.140000e-06	-1.435515e-02	7.695137e+00
6.150000e-06	-1.548538e-02	7.589925e+00
6.160000e-06	-1.850666e-02	7.420004e+00
6.170000e-06	-1.525508e-02	7.241054e+00
6.180000e-06	-1.205311e-02	7.136187e+00
6.190000e-06	-1.163850e-02	6.979479e+00
6.200000e-06	-1.530390e-02	6.833683e+00
6.210000e-06	-1.745730e-02	6.737873e+00
6.220000e-06	-1.382903e-02	6.598491e+00
6.230000e-06	-1.060672e-02	6.381451e+00
6.240000e-06	-1.026616e-02	6.345187e+00
6.250000e-06	-1.242975e-02	6.138844e+00
6.260000e-06	-1.093612e-02	6.021529e+00
6.270000e-06	-9.605142e-03	5.944731e+00
6.280000e-06	-9.061088e-03	5.714659e+00
6.290000e-06	-1.143405e-02	5.537793e+00
6.300000e-06	-1.220830e-02	5.389923e+00
6.310000e-06	-1.024713e-02	5.222953e+00
6.320000e-06	-7.185130e-03	5.030028e+00
6.330000e-06	-7.606599e-03	4.791474e+00
6.340000e-06	-1.017817e-02	4.683132e+00
6.350000e-06	-9.978377e-03	4.515166e+00
6.360000e-06	-8.078638e-03	4.377876e+00
6.370000e-06	-7.238358e-03	4.177274e+00
6.380000e-06	-8.231244e-03	3.989474e+00
6.390000e-06	-9.267283e-03	3.812505e+00
6.400000e-06	-8.486915e-03	3.643608e+00
6.410000e-06	-6.018548e-03	3.544862e+00
6.420000e-06	-6.067627e-03	3.304209e+00
6.430000e-06	-8.647810e-03	3.144810e+00
6.440000e-06	-8.731383e-03	2.957446e+00
6.450000e-06	-6.582926e-03	2.801499e+00
6.460000e-06	-5.245199e-03	2.619552e+00
6.470000e-06	-5.653982e-03	2.379448e+00
6.480000e-06	-7.385345e-03	2.262553e+00
6.490000e-06	-6.561490e-03	2.063207e+00
6.500000e-06	-5.811955e-03	1.956315e+00
6.510000e-06	-5.384654e-03	1.724264e+00
6.520000e-06	-7.277064e-03	1.514331e+00
6.530000e-06	-7.701811e-03	1.316319e+00
6.540000e-06	-5.530271e-03	1.146270e+00
6.550000e-06	-3.980801e-03	8.857092e-01
6.560000e-06	-4.587471e-03	7.347882e-01
6.570000e-06	-5.488864e-03	5.373672e-01
6.580000e-06	-5.070373e-03	3.693924e-01
6.590000e-06	-3.969137e-03	1.478212e-01
6.600000e-06	-3.077292e-03	-1.958132e-02
6.610000e-06	2.229136e-03	-1.795248e-01
6.620000e-06	-6.677975e-04	-3.283934e-01
6.630000e-06	-1.497409e-03	-5.657419e-01
6.640000e-06	-6.921932e-04	-7.178408e-01
6.650000e-06	-1.333981e-03	-9.146107e-01
6.660000e-06	-2.627945e-03	-1.071106e+00
6.670000e-06	-1.944433e-04	-1.180002e+00
6.680000e-06	2.461724e-02	-1.406972e+00
6.690000e-06	8.679974e-02	-1.630552e+00
6.700000e-06	-4.134895e-02	-1.882637e+00
6.710000e-06	-2.040340e-02	-2.168369e+00
6.720000e-06	-8.889696e-02	-2.378947e+00
6.730000e-06	-4.569603e-02	-2.430554e+00
6.740000e-06	1.581219e-01	-2.432555e+00
6.750000e-06	-1.028688e-01	-2.674664e+00
6.760000e-06	-4.499917e-02	-2.914761e+00
6.770000e-06	1.667567e-01	-2.959998e+00
6.780000e-06	-1.367169e-01	-3.231056e+00
6.790000e-06	4.858146e-02	-3.471206e+00
6.800000e-06	1.203356e-01	-3.579924e+00
6.810000e-06	-1.907926e-01	-3.839402e+00
6.820000e-06	4.406175e-02	-3.938400e+00
6.830000e-06	7.273146e-02	-4.125163e+00
6.840000e-06	-5.138017e-02	-4.336842e+00
6.850000e-06	1.076756e-01	-4.401501e+00
6.860000e-06	-1.202132e-01	-4.570354e+00
6.870000e-06	2.158663e-02	-4.839982e+00
6.880000e-06	1.006399e-01	-4.885267e+00
6.890000e-06	-9.688006e-02	-5.145321e+00
6.900000e-06	4.904094e-02	-5.304641e+00
6.910000e-06	-5.169887e-02	-5.455191e+00
6.920000e-06	4.703128e-02	-5.693588e+00
6.930000e-06	4.667683e-02	-5.820405e+00
6.940000e-06	-6.389691e-02	-5.987899e+00
6.950000e-06	4.801198e-02	-6.113662e+00
6.960000e-06	-7.822541e-02	-6.243634e+00
6.970000e-06	7.845007e-02	-6.421008e+00
6.980000e-06	3.224576e-02	-6.548820e+00
6.990000e-06	-6.173297e-02	-6.715741e+00
7.000000e-06	4.687867e-02	-6.800951e+00
7.010000e-06	-4.037813e-02	-6.949300e+00
7.020000e-06	7.362507e-02	-7.180321e+00
7.030000e-06	-2.841864e-02	-7.272633e+00
7.040000e-06	-3.109763e-02	-7.410504e+00
7.050000e-06	3.007586e-02	-7.505192e+00
7.060000e-06	-2.255356e-03	-7.661556e+00
7.070000e-06	6.378170e-02	-7.862554e+00
7.080000e-06	-4.247261e-02	-7.926366e+00
7.090000e-06	8.166771e-03	-8.033060e+00
7.100000e-06	7.242920e-03	-8.187924e+00
7.110000e-06	1.809454e-02	-8.264688e+00
7.120000e-06	2.150743e-02	-8.378850e+00
7.130000e-06	-3.722542e-02	-8.454059e+00
7.140000e-06	2.379889e-02	-8.559825e+00
7.150000e-06	1.260160e-02	-8.683515e+00
7.160000e-06	3.530500e-02	-8.768956e+00
7.170000e-06	-7.114158e-03	-8.895112e+00
7.180000e-06	-1.243193e-02	-8.957768e+00
7.190000e-06	1.936883e-02	-9.063080e+00
7.200000e-06	1.591695e-02	-9.105242e+00
7.210000e-06	2.286457e-02	-9.187322e+00
7.220000e-06	-1.727825e-02	-9.254054e+00
7.230000e-06	8.432480e-03	-9.317717e+00
7.240000e-06	2.150521e-02	-9.339431e+00
7.250000e-06	2.678863e-02	-9.515585e+00
7.260000e-06	4.609069e-03	-9.578346e+00
7.270000e-06	-6.627865e-03	-9.670952e+00
7.280000e-06	1.836550e-02	-9.663157e+00
7.290000e-06	2.417827e-02	-9.726189e+00
7.300000e-06	2.039667e-02	-9.777795e+00
7.310000e-06	-3.675315e-03	-9.829952e+00
7.320000e-06	8.285041e-03	-9.863555e+00
7.330000e-06	2.282385e-02	-9.873059e+00
7.340000e-06	2.662307e-02	-9.904688e+00
7.350000e-06	1.347653e-02	-9.946840e+00
7.360000e-06	2.797091e-03	-9.967895e+00
7.370000e-06	1.846897e-02	-9.977345e+00
7.380000e-06	2.796073e-02	-9.957897e+00
7.390000e-06	2.432819e-02	-9.999849e+00
7.400000e-06	7.986598e-03	-1.000050e+01
7.410000e-06	1.035633e-02	-1.001303e+01
7.420000e-06	2.506910e-02	-1.004048e+01
7.430000e-06	3.209251e-02	-1.000250e+01
7.440000e-06	2.126895e-02	-1.006053e+01
7.450000e-06	1.314895e-02	-1.001003e+01
7.460000e-06	2.175804e-02	-1.001048e+01
7.470000e-06	3.185463e-02	-9.981950e+00
7.480000e-06	2.965481e-02	-9.959324e+00
7.490000e-06	1.859249e-02	-9.988497e+00
7.500000e-06	1.863310e-02	-9.946293e+00
7.510000e-06	3.075609e-02	-9.926741e+00
7.520000e-06	3.586626e-02	-9.924690e+00
7.530000e-06	2.976061e-02	-9.882636e+00
7.540000e-06	2.035755e-02	-9.832554e+00
7.550000e-06	2.590103e-02	-9.800474e+00
7.560000e-06	3.457314e-02	-9.759324e+00
7.570000e-06	3.382018e-02	-9.716216e+00
7.580000e-06	2.506680e-02	-9.673659e+00
7.590000e-06	2.232025e-02	-9.631477e+00
7.600000e-06	3.006980e-02	-9.559921e+00
7.610000e-06	3.471234e-02	-9.513793e+00
7.620000e-06	2.860123e-02	-9.460504e+00
7.630000e-06	2.014872e-02	-9.378370e+00
7.640000e-06	2.187089e-02	-9.284154e+00
7.650000e-06	2.771340e-02	-9.169451e+00
7.660000e-06	2.835100e-02	-9.127316e+00
7.670000e-06	1.979399e-02	-9.040580e+00
7.680000e-06	1.579488e-02	-8.957424e+00
7.690000e-06	2.097394e-02	-8.902635e+00
7.700000e-06	2.364673e-02	-8.831501e+00
7.710000e-06	1.878057e-02	-8.706291e+00
7.720000e-06	1.112249e-02	-8.600479e+00
7.730000e-06	1.205814e-02	-8.483713e+00
7.740000e-06	1.696521e-02	-8.388427e+00
7.750000e-06	1.864781e-02	-8.324715e+00
7.760000e-06	1.068996e-02	-8.179975e+00
7.770000e-06	6.462607e-03	-8.094660e+00
7.780000e-06	9.847159e-03	-7.981501e+00
7.790000e-06	1.398593e-02	-7.913718e+00
7.800000e-06	1.119083e-02	-7.673841e+00
7.810000e-06	4.111167e-03	-7.607447e+00
7.820000e-06	4.190633e-03	-7.422082e+00
7.830000e-06	8.435402e-03	-7.345745e+00
7.840000e-06	1.106709e-02	-7.181103e+00
7.850000e-06	5.250060e-03	-7.154262e+00
7.860000e-06	1.677525e-03	-6.923791e+00
7.870000e-06	3.400325e-03	-6.797895e+00
7.880000e-06	7.421073e-03	-6.649607e+00
7.890000e-06	5.848132e-03	-6.505787e+00
7.900000e-06	1.054686e-03	-6.387925e+00
7.910000e-06	7.130365e-04	-6.241027e+00
7.920000e-06	3.259442e-03	-6.030605e+00
7.930000e-06	5.377336e-03	-5.894763e+00
7.940000e-06	1.366816e-03	-5.777396e+00
7.950000e-06	-1.908116e-03	-5.591480e+00
7.960000e-06	-6.276856e-04	-5.531154e+00
7.970000e-06	3.286814e-03	-5.231028e+00
7.980000e-06	2.850041e-03	-5.102134e+00
7.990000e-06	2.555174e-04	-4.932762e+00
8.000000e-06	-2.964603e-03	-4.643634e+00
8.010000e-06	1.230697e-03	-4.567866e+00
8.020000e-06	1.105947e-03	-4.399450e+00
8.030000e-06	-1.460558e-03	-4.251136e+00
8.040000e-06	-3.305005e-03	-4.071238e+00
8.050000e-06	-3.423712e-03	-3.925342e+00
8.060000e-06	-3.284042e-04	-3.747368e+00
8.070000e-06	1.754489e-03	-3.567421e+00
8.080000e-06	-2.457195e-03	-3.430475e+00
8.090000e-06	-2.876100e-03	-3.231583e+00
8.100000e-06	-3.702508e-03	-3.112253e+00
8.110000e-06	-8.627233e-04	-2.840601e+00
8.120000e-06	-4.763690e-03	-2.682759e+00
8.130000e-06	-3.539731e-03	-2.516863e+00
8.140000e-06	-5.964474e-03	-2.325840e+00
8.150000e-06	-5.805775e-04	-2.145313e+00
8.160000e-06	-1.369216e-03	-1.968444e+00
8.170000e-06	-1.329232e-03	-1.799996e+00
8.180000e-06	-5.554719e-03	-1.630530e+00
8.190000e-06	-5.063945e-03	-1.428927e+00
8.200000e-06	-4.374830e-03	-1.187466e+00
8.210000e-06	-3.683650e-03	-1.018993e+00
8.220000e-06	-6.449942e-03	-8.019565e-01
8.230000e-06	-6.921629e-03	-6.605554e-01
8.240000e-06	-3.519580e-03	-4.216265e-01
8.250000e-06	-2.894897e-03	-2.731829e-01
8.260000e-06	-2.198659e-03	-8.413447e-02
8.270000e-06	-1.400136e-03	1.046795e-01
8.280000e-06	-1.222009e-03	2.952881e-01
8.290000e-06	-2.078789e-03	4.411102e-01
8.300000e-06	-2.132558e-04	6.109786e-01
8.310000e-06	-4.836087e-03	7.984236e-01
8.320000e-06	-3.921269e-03	9.482434e-01
8.330000e-06	-2.933413e-03	1.148420e+00
8.340000e-06	7.703435e-03	1.326740e+00
8.350000e-06	4.483413e-02	1.557322e+00
8.360000e-06	4.534957e-02	1.790080e+00
8.370000e-06	-5.021467e-02	2.000426e+00
8.380000e-06	-3.802762e-02	2.160350e+00
8.390000e-06	-6.963760e-02	2.326768e+00
8.400000e-06	-5.394171e-02	2.380556e+00
8.410000e-06	1.358518e-01	2.588975e+00
8.420000e-06	-7.956643e-02	2.770499e+00
8.430000e-06	-6.380218e-02	2.928242e+00
8.440000e-06	1.503071e-01	3.106245e+00
8.450000e-06	-7.883271e-02	3.306241e+00
8.460000e-06	5.528814e-03	3.524169e+00
8.470000e-06	7.991636e-02	3.632608e+00
8.480000e-06	-1.400795e-01	3.793976e+00
8.490000e-06	6.450972e-03	3.958425e+00
8.500000e-06	5.273591e-02	4.138841e+00
8.510000e-06	-2.672427e-02	4.337843e+00
8.520000e-06	2.428123e-02	4.518290e+00
8.530000e-06	-6.680535e-02	4.715245e+00
8.540000e-06	3.702533e-03	4.802085e+00
8.550000e-06	3.536414e-02	5.074013e+00
8.560000e-06	-2.179825e-02	5.263637e+00
8.570000e-06	-2.709129e-02	5.431586e+00
8.580000e-06	-1.634067e-02	5.600877e+00
8.590000e-06	2.479149e-02	5.708269e+00
8.600000e-06	4.595293e-03	5.855741e+00
8.610000e-06	-2.508607e-02	6.051583e+00
8.620000e-06	-1.605011e-02	6.199979e+00
8.630000e-06	-4.280620e-02	6.356944e+00
8.640000e-06	4.451738e-02	6.445034e+00
8.650000e-06	1.620989e-03	6.622604e+00
8.660000e-06	-3.808320e-02	6.789404e+00
8.670000e-06	-1.057814e-02	6.956940e+00
8.680000e-06	-7.827515e-03	7.032531e+00
8.690000e-06	2.222514e-02	7.147898e+00
8.700000e-06	-2.872981e-02	7.275187e+00
8.710000e-06	-3.177751e-02	7.474060e+00
8.720000e-06	-1.512363e-02	7.623505e+00
8.730000e-06	1.434425e-02	7.716216e+00
8.740000e-06	4.987125e-03	7.823118e+00
8.750000e-06	-2.982599e-02	8.020428e+00
8.760000e-06	-2.449726e-02	8.160296e+00
8.770000e-06	-5.587353e-03	8.262087e+00
8.780000e-06	5.837091e-03	8.354244e+00
8.790000e-06	-1.386593e-02	8.392454e+00
8.800000e-06	-3.281760e-02	8.506162e+00
8.810000e-06	-1.682203e-02	8.589910e+00
8.820000e-06	5.009377e-03	8.695163e+00
8.830000e-06	-2.600111e-03	8.758271e+00
8.840000e-06	-2.461044e-02	8.854087e+00
8.850000e-06	-3.218999e-02	8.967722e+00
8.860000e-06	-8.661382e-03	9.072083e+00
8.870000e-06	-9.034109e-04	9.125268e+00
8.880000e-06	-1.302340e-02	9.211449e+00
8.890000e-06	-3.094002e-02	9.275662e+00
8.900000e-06	-2.421793e-02	9.336342e+00
8.910000e-06	-3.501215e-03	9.401406e+00
8.920000e-06	-7.927908e-03	9.452660e+00
8.930000e-06	-2.260615e-02	9.505219e+00
8.940000e-06	-3.237787e-02	9.558845e+00
8.950000e-06	-1.614843e-02	9.590530e+00
8.960000e-06	-7.297876e-03	9.685058e+00
8.970000e-06	-1.645098e-02	9.726770e+00
8.980000e-06	-3.153186e-02	9.757850e+00
8.990000e-06	-2.984378e-02	9.790432e+00
9.000000e-06	-1.356766e-02	9.843037e+00
9.010000e-06	-1.400210e-02	9.874641e+00
9.020000e-06	-2.449778e-02	9.935743e+00
9.030000e-06	-3.500593e-02	9.938294e+00
9.040000e-06	-2.211358e-02	9.968949e+00
9.050000e-06	-1.501661e-02	9.969999e+00
9.060000e-06	-2.139741e-02	1.003245e+01
9.070000e-06	-3.446115e-02	1.000053e+01
9.080000e-06	-3.546321e-02	9.991503e+00
9.090000e-06	-2.320224e-02	1.002060e+01
9.100000e-06	-2.031155e-02	9.992001e+00
9.110000e-06	-2.948718e-02	1.004005e+01
9.120000e-06	-3.870947e-02	9.990474e+00
9.130000e-06	-3.205669e-02	9.990003e+00
9.140000e-06	-2.481777e-02	9.959972e+00
9.150000e-06	-2.851955e-02	9.958821e+00
9.160000e-06	-3.956258e-02	9.957797e+00
9.170000e-06	-4.105589e-02	9.905269e+00
9.180000e-06	-3.209523e-02	9.916537e+00
9.190000e-06	-2.838370e-02	9.881483e+00
9.200000e-06	-3.524193e-02	9.830379e+00
9.210000e-06	-4.271218e-02	9.758791e+00
9.220000e-06	-3.875935e-02	9.717636e+00
9.230000e-06	-3.128533e-02	9.643033e+00
9.240000e-06	-3.233010e-02	9.581050e+00
9.250000e-06	-3.920958e-02	9.556241e+00
9.260000e-06	-4.197791e-02	9.493715e+00
9.270000e-06	-3.441125e-02	9.442578e+00
9.280000e-06	-2.916066e-02	9.379875e+00
9.290000e-06	-3.170732e-02	9.305164e+00
9.300000e-06	-3.789807e-02	9.243083e+00
9.310000e-06	-3.390136e-02	9.190972e+00
9.320000e-06	-2.725418e-02	9.146243e+00
9.330000e-06	-2.601736e-02	9.031454e+00
9.340000e-06	-3.105059e-02	8.915742e+00
9.350000e-06	-3.218038e-02	8.802503e+00
9.360000e-06	-2.627811e-02	8.757294e+00
9.370000e-06	-2.204487e-02	8.674132e+00
9.380000e-06	-2.239597e-02	8.560325e+00
9.390000e-06	-2.614617e-02	8.463660e+00
9.400000e-06	-2.280610e-02	8.378948e+00
9.410000e-06	-2.116244e-02	8.306290e+00
9.420000e-06	-1.692925e-02	8.180424e+00
9.430000e-06	-2.154328e-02	8.085134e+00
9.440000e-06	-2.210207e-02	7.985822e+00
9.450000e-06	-1.961122e-02	7.841553e+00
9.460000e-06	-1.533976e-02	7.687216e+00
9.470000e-06	-1.455413e-02	7.588850e+00
9.480000e-06	-1.600177e-02	7.493033e+00
9.490000e-06	-1.753961e-02	7.255162e+00
9.500000e-06	-1.310537e-02	7.149342e+00
9.510000e-06	-1.285918e-02	7.052081e+00
9.520000e-06	-1.572624e-02	6.895113e+00
9.530000e-06	-1.702413e-02	6.759951e+00
9.540000e-06	-1.462526e-02	6.660904e+00
9.550000e-06	-9.676310e-03	6.452058e+00
9.560000e-06	-9.552005e-03	6.356894e+00
9.570000e-06	-1.258286e-02	6.190450e+00
9.580000e-06	-1.339848e-02	6.083609e+00
9.590000e-06	-1.144997e-02	5.966367e+00
9.600000e-06	-9.915515e-03	5.776917e+00
9.610000e-06	-1.141564e-02	5.589972e+00
9.620000e-06	-1.216120e-02	5.452082e+00
9.630000e-06	-1.042402e-02	5.243632e+00
9.640000e-06	-7.517125e-03	5.084111e+00
9.650000e-06	-6.617379e-03	4.904159e+00
9.660000e-06	-9.831486e-03	4.715687e+00
9.670000e-06	-1.140094e-02	4.577320e+00
9.680000e-06	-9.061708e-03	4.400528e+00
9.690000e-06	-7.331477e-03	4.231028e+00
9.700000e-06	-8.085782e-03	4.031503e+00
9.710000e-06	-9.743343e-03	3.872684e+00
9.720000e-06	-7.764888e-03	3.724263e+00
9.730000e-06	-5.854972e-03	3.547394e+00
9.740000e-06	-5.533734e-03	3.396944e+00
9.750000e-06	-8.439590e-03	3.177847e+00
9.760000e-06	-9.698625e-03	3.009553e+00
9.770000e-06	-8.210204e-03	2.842108e+00
9.780000e-06	-5.840505e-03	2.714107e+00
9.790000e-06	-5.608345e-03	2.442554e+00
9.800000e-06	-7.040927e-03	2.273683e+00
9.810000e-06	-7.315201e-03	2.114812e+00
9.820000e-06	-5.144491e-03	1.958947e+00
9.830000e-06	-4.604329e-03	1.757520e+00
9.840000e-06	-6.945073e-03	1.551414e+00
9.850000e-06	-7.037915e-03	1.358492e+00
9.860000e-06	-6.884299e-03	1.200002e+00
9.870000e-06	-3.868598e-03	9.694373e-01
9.880000e-06	-4.075597e-03	7.784448e-01
9.890000e-06	-5.468099e-03	5.799700e-01
9.900000e-06	-5.730015e-03	4.405016e-01
9.910000e-06	-4.154709e-03	2.320767e-01
9.920000e-06	-3.305121e-03	1.104995e-02
9.930000e-06	7.175034e-04	-1.169183e-01
9.940000e-06	1.228509e-03	-2.962655e-01
9.950000e-06	-3.392924e-03	-4.521053e-01
9.960000e-06	9.887319e-04	-6.362330e-01
9.970000e-06	-2.208194e-03	-8.416553e-01
9.980000e-06	-1.264856e-03	-9.790261e-01
9.990000e-06	-2.865886e-03	-1.158868e+00
1.000000e-05	1.242912e-02	-1.357291e+00
1.001000e-05	8.346987e-02	-1.567348e+00
1.002000e-05	6.459366e-04	-1.808902e+00
1.003000e-05	-3.969779e-02	-2.103067e+00
1.004000e-05	-5.326008e-02	-2.306292e+00
1.005000e-05	-1.023203e-01	-2.440529e+00
1.006000e-05	1.383379e-01	-2.442553e+00
1.007000e-05	-3.228096e-03	-2.621926e+00
1.008000e-05	-1.467734e-01	-2.856237e+00
1.009000e-05	1.843336e-01	-2.925897e+00
1.010000e-05	-6.474889e-02	-3.135298e+00
1.011000e-05	-5.085161e-02	-3.410000e+00
1.012000e-05	1.735804e-01	-3.517790e+00
1.013000e-05	-1.271599e-01	-3.696639e+00
1.014000e-05	-7.179174e-02	-3.916892e+00
1.015000e-05	1.389532e-01	-4.053558e+00
1.016000e-05	-7.617383e-02	-4.303660e+00
1.017000e-05	9.779603e-02	-4.380476e+00
1.018000e-05	-4.893128e-02	-4.514770e+00
1.019000e-05	-6.694581e-02	-4.769869e+00
1.020000e-05	1.447754e-01	-4.895184e+00
1.021000e-05	-8.071486e-02	-5.046162e+00
1.022000e-05	1.142483e-02	-5.242508e+00
1.023000e-05	-1.315319e-02	-5.394979e+00
1.024000e-05	-1.214364e-02	-5.633008e+00
1.025000e-05	9.163820e-02	-5.728745e+00
1.026000e-05	-6.996576e-02	-5.947771e+00
1.027000e-05	3.717203e-02	-6.051558e+00
1.028000e-05	-4.295305e-02	-6.149377e+00
1.029000e-05	1.005422e-02	-6.379451e+00
1.030000e-05	9.532351e-02	-6.495216e+00
1.031000e-05	-8.339518e-02	-6.674660e+00
1.032000e-05	3.936778e-02	-6.799425e+00
1.033000e-05	-2.623908e-02	-6.936113e+00
1.034000e-05	3.767838e-02	-7.136293e+00
1.035000e-05	2.875461e-02	-7.242035e+00
1.036000e-05	-6.753461e-02	-7.368820e+00
1.037000e-05	4.159364e-02	-7.484609e+00
1.038000e-05	-1.442764e-02	-7.580956e+00
1.039000e-05	6.103345e-02	-7.798350e+00
1.040000e-05	-1.417898e-02	-7.915692e+00
1.041000e-05	-2.126762e-02	-8.071079e+00
1.042000e-05	2.548801e-02	-8.135767e+00
1.043000e-05	-2.304176e-03	-8.253034e+00
1.044000e-05	4.238232e-02	-8.337291e+00
1.045000e-05	-3.784891e-02	-8.401003e+00
1.046000e-05	1.168862e-02	-8.577195e+00
1.047000e-05	1.608751e-02	-8.664587e+00
1.048000e-05	2.785527e-02	-8.788421e+00
1.049000e-05	1.151850e-02	-8.854037e+00
1.050000e-05	-2.394913e-02	-8.946770e+00
1.051000e-05	1.977323e-02	-9.000450e+00
1.052000e-05	1.177018e-02	-9.074167e+00
1.053000e-05	2.863395e-02	-9.147346e+00
1.054000e-05	-1.045868e-02	-9.232004e+00
1.055000e-05	-1.894453e-03	-9.294668e+00
1.056000e-05	1.986227e-02	-9.360475e+00
1.057000e-05	2.490533e-02	-9.483582e+00
1.058000e-05	1.546509e-02	-9.546746e+00
1.059000e-05	-8.688915e-03	-9.580454e+00
1.060000e-05	1.290722e-02	-9.692080e+00
1.061000e-05	2.297138e-02	-9.684691e+00
1.062000e-05	2.547620e-02	-9.736293e+00
1.063000e-05	1.658376e-03	-9.830400e+00
1.064000e-05	1.084352e-03	-9.823026e+00
1.065000e-05	1.888477e-02	-9.822535e+00
1.066000e-05	2.576233e-02	-9.894690e+00
1.067000e-05	1.959858e-02	-9.906769e+00
1.068000e-05	3.633160e-03	-9.936345e+00
1.069000e-05	1.308994e-02	-9.977320e+00
1.070000e-05	2.685927e-02	-9.948897e+00
1.071000e-05	2.731895e-02	-1.001945e+01
1.072000e-05	1.239322e-02	-1.002200e+01
1.073000e-05	6.889485e-03	-1.001051e+01
1.074000e-05	2.000040e-02	-1.004095e+01
1.075000e-05	3.176640e-02	-1.003203e+01
1.076000e-05	2.651182e-02	-1.003056e+01
1.077000e-05	1.297174e-02	-9.980455e+00
1.078000e-05	1.773022e-02	-9.981030e+00
1.079000e-05	2.920285e-02	-1.003002e+01
1.080000e-05	3.244011e-02	-9.998925e+00
1.081000e-05	2.201173e-02	-9.969372e+00
1.082000e-05	1.667412e-02	-9.957795e+00
1.083000e-05	2.639697e-02	-9.946717e+00
1.084000e-05	3.726105e-02	-9.935164e+00
1.085000e-05	3.247088e-02	-9.902634e+00
1.086000e-05	2.241849e-02	-9.893133e+00
1.087000e-05	1.993707e-02	-9.801451e+00
1.088000e-05	3.151058e-02	-9.767874e+00
1.089000e-05	3.425823e-02	-9.726266e+00
1.090000e-05	2.846292e-02	-9.724687e+00
1.091000e-05	2.159096e-02	-9.662608e+00
1.092000e-05	2.834332e-02	-9.588475e+00
1.093000e-05	3.605142e-02	-9.546820e+00
1.094000e-05	3.279411e-02	-9.462585e+00
1.095000e-05	2.146472e-02	-9.460878e+00
1.096000e-05	1.880305e-02	-9.316742e+00
1.097000e-05	2.449380e-02	-9.201076e+00
1.098000e-05	2.764468e-02	-9.165820e+00
1.099000e-05	2.294965e-02	-9.084136e+00
1.100000e-05	1.580755e-02	-9.000027e+00
1.101000e-05	1.961373e-02	-8.916637e+00
1.102000e-05	2.481059e-02	-8.840954e+00
1.103000e-05	2.251587e-02	-8.737395e+00
1.104000e-05	1.342883e-02	-8.661536e+00
1.105000e-05	9.639906e-03	-8.528218e+00
1.106000e-05	1.321406e-02	-8.411003e+00
1.107000e-05	1.750772e-02	-8.317268e+00
1.108000e-05	1.361284e-02	-8.230058e+00
1.109000e-05	8.730219e-03	-8.146718e+00
1.110000e-05	8.670097e-03	-8.042029e+00
1.111000e-05	1.368097e-02	-7.916266e+00
1.112000e-05	1.322668e-02	-7.757921e+00
1.113000e-05	7.528434e-03	-7.600978e+00
1.114000e-05	3.519976e-03	-7.503713e+00
1.115000e-05	5.744112e-03	-7.368346e+00
1.116000e-05	9.598096e-03	-7.250580e+00
1.117000e-05	6.894454e-03	-7.123841e+00
1.118000e-05	2.698836e-03	-6.967371e+00
1.119000e-05	2.157274e-03	-6.801050e+00
1.120000e-05	7.143546e-03	-6.683638e+00
1.121000e-05	7.714128e-03	-6.578892e+00
1.122000e-05	3.581417e-03	-6.421530e+00
1.123000e-05	3.780031e-05	-6.293261e+00
1.124000e-05	1.797710e-03	-6.074684e+00
1.125000e-05	4.983625e-03	-5.966319e+00
1.126000e-05	3.560197e-03	-5.820905e+00
1.127000e-05	-1.411529e-03	-5.644133e+00
1.128000e-05	-1.665438e-03	-5.527316e+00
1.129000e-05	1.385465e-03	-5.315291e+00
1.130000e-05	3.977654e-03	-5.115289e+00
1.131000e-05	1.907859e-03	-4.956967e+00
1.132000e-05	-1.739005e-03	-4.716387e+00
1.133000e-05	-1.757264e-03	-4.579897e+00
1.134000e-05	2.028914e-03	-4.451606e+00
1.135000e-05	-2.490507e-04	-4.265738e+00
1.136000e-05	-2.409101e-03	-4.145288e+00
1.137000e-05	-5.330291e-03	-3.987899e+00
1.138000e-05	-3.308802e-04	-3.801074e+00
1.139000e-05	9.818637e-04	-3.609000e+00
1.140000e-05	1.184894e-04	-3.451128e+00
1.141000e-05	-1.903680e-03	-3.273234e+00
1.142000e-05	-4.518505e-03	-3.147343e+00
1.143000e-05	-1.632669e-03	-2.905683e+00
1.144000e-05	-2.399010e-03	-2.737367e+00
1.145000e-05	-3.988877e-03	-2.527872e+00
1.146000e-05	-5.552031e-03	-2.379976e+00
1.147000e-05	-2.941191e-03	-2.210550e+00
1.148000e-05	-2.099644e-03	-1.977973e+00
1.149000e-05	-6.081343e-04	-1.831550e+00
1.150000e-05	-4.278686e-03	-1.695182e+00
1.151000e-05	-5.236898e-03	-1.513883e+00
1.152000e-05	-5.241400e-03	-1.193628e+00
1.153000e-05	-4.295423e-03	-1.032579e+00
1.154000e-05	-4.865084e-03	-8.647616e-01
1.155000e-05	-5.956610e-03	-7.168157e-01
1.156000e-05	-4.250912e-03	-4.732105e-01
1.157000e-05	-3.342532e-03	-3.037131e-01
1.158000e-05	-3.061032e-03	-1.563460e-01
1.159000e-05	-1.678963e-03	-9.467319e-03
1.160000e-05	4.837076e-04	2.130539e-01
1.161000e-05	-3.733788e-03	4.010276e-01
1.162000e-05	7.554800e-04	5.484748e-01
1.163000e-05	-4.292375e-03	7.262657e-01
1.164000e-05	-3.149941e-03	8.416594e-01
1.165000e-05	-4.672551e-03	1.067194e+00
1.166000e-05	3.610151e-03	1.264186e+00
1.167000e-05	2.646126e-02	1.436212e+00
1.168000e-05	6.519901e-02	1.718445e+00
1.169000e-05	-3.346079e-02	1.958897e+00
1.170000e-05	-4.155181e-02	2.135791e+00
1.171000e-05	-5.523198e-02	2.296739e+00
1.172000e-05	-8.162496e-02	2.398950e+00
1.173000e-05	9.326999e-02	2.527243e+00
1.174000e-05	2.275242e-02	2.727372e+00
1.175000e-05	-1.507150e-01	2.884664e+00
1.176000e-05	1.574437e-01	3.044112e+00
1.177000e-05	-2.754602e-02	3.243634e+00
1.178000e-05	-4.870498e-02	3.432415e+00
1.179000e-05	1.007889e-01	3.549975e+00
1.180000e-05	-9.013279e-02	3.729354e+00
1.181000e-05	-6.896462e-02	3.967766e+00
1.182000e-05	8.315263e-02	4.064167e+00
1.183000e-05	-2.635671e-02	4.336740e+00
1.184000e-05	1.890228e-02	4.473638e+00
1.185000e-05	-3.621936e-02	4.673662e+00
1.186000e-05	-3.967178e-02	4.791456e+00
1.187000e-05	5.425831e-02	5.010495e+00
1.188000e-05	-1.701009e-02	5.209530e+00
1.189000e-05	-1.988847e-02	5.371002e+00
1.190000e-05	-2.953962e-02	5.567347e+00
1.191000e-05	1.656685e-02	5.668164e+00
1.192000e-05	1.762444e-02	5.834106e+00
1.193000e-05	-2.678161e-02	6.002004e+00
1.194000e-05	-9.748049e-03	6.168346e+00
1.195000e-05	-4.780017e-02	6.294762e+00
1.196000e-05	2.306172e-02	6.412005e+00
1.197000e-05	2.570535e-02	6.546702e+00
1.198000e-05	-3.528573e-02	6.777751e+00
1.199000e-05	-1.842100e-02	6.895693e+00
1.200000e-05	-1.011505e-02	7.001005e+00
1.201000e-05	1.574227e-02	7.105768e+00
1.202000e-05	-9.776077e-03	7.243081e+00
1.203000e-05	-3.975886e-02	7.421955e+00
1.204000e-05	-1.810730e-02	7.608951e+00
1.205000e-05	6.722713e-03	7.695288e+00
1.206000e-05	1.392690e-02	7.811458e+00
1.207000e-05	-2.044613e-02	7.938825e+00
1.208000e-05	-3.342874e-02	8.086791e+00
1.209000e-05	-7.752997e-03	8.252010e+00
1.210000e-05	1.643894e-03	8.316267e+00
1.211000e-05	-2.581792e-03	8.390950e+00
1.212000e-05	-3.369439e-02	8.484614e+00
1.213000e-05	-2.401658e-02	8.549801e+00
1.214000e-05	2.034998e-03	8.624108e+00
1.215000e-05	2.893362e-03	8.727245e+00
1.216000e-05	-1.602960e-02	8.790073e+00
1.217000e-05	-3.619058e-02	8.875716e+00
1.218000e-05	-1.501664e-02	9.021982e+00
1.219000e-05	-2.644423e-03	9.086267e+00
1.220000e-05	-5.754482e-03	9.160874e+00
1.221000e-05	-3.018871e-02	9.224113e+00
1.222000e-05	-2.879924e-02	9.346744e+00
1.223000e-05	-8.955146e-03	9.399904e+00
1.224000e-05	-2.084744e-03	9.453656e+00
1.225000e-05	-1.661856e-02	9.494637e+00
1.226000e-05	-3.329591e-02	9.547845e+00
1.227000e-05	-2.111717e-02	9.570454e+00
1.228000e-05	-1.030943e-02	9.654081e+00
1.229000e-05	-1.195515e-02	9.705613e+00
1.230000e-05	-3.075278e-02	9.758323e+00
1.231000e-05	-3.312384e-02	9.831850e+00
1.232000e-05	-1.639864e-02	9.843034e+00
1.233000e-05	-9.944872e-03	9.894139e+00
1.234000e-05	-1.984648e-02	9.905242e+00
1.235000e-05	-3.544158e-02	9.936271e+00
1.236000e-05	-2.782255e-02	9.959895e+00
1.237000e-05	-1.758769e-02	9.948925e+00
1.238000e-05	-1.701171e-02	1.000043e+01
1.239000e-05	-3.343768e-02	1.001098e+01
1.240000e-05	-3.676028e-02	9.991033e+00
1.241000e-05	-2.658096e-02	1.004207e+01
1.242000e-05	-1.774128e-02	1.005161e+01
1.243000e-05	-2.498989e-02	1.001300e+01
1.244000e-05	-3.821080e-02	1.002150e+01
1.245000e-05	-3.631223e-02	9.991078e+00
1.246000e-05	-2.540085e-02	9.971474e+00
1.247000e-05	-2.531446e-02	9.979947e+00
1.248000e-05	-3.829983e-02	9.949720e+00
1.249000e-05	-4.292437e-02	9.915717e+00
1.250000e-05	-3.524073e-02	9.925191e+00
1.251000e-05	-2.587065e-02	9.834036e+00
1.252000e-05	-3.062808e-02	9.790432e+00
1.253000e-05	-4.180427e-02	9.719801e+00
1.254000e-05	-4.242785e-02	9.695120e+00
1.255000e-05	-3.252498e-02	9.633662e+00
1.256000e-05	-2.827971e-02	9.590953e+00
1.257000e-05	-3.760366e-02	9.548371e+00
1.258000e-05	-4.360528e-02	9.546165e+00
1.259000e-05	-3.876921e-02	9.453189e+00
1.260000e-05	-2.806856e-02	9.380976e+00
1.261000e-05	-2.909475e-02	9.325322e+00
1.262000e-05	-3.740047e-02	9.274637e+00
1.263000e-05	-3.682261e-02	9.202030e+00
1.264000e-05	-2.893686e-02	9.158872e+00
1.265000e-05	-2.290070e-02	9.103509e+00
1.266000e-05	-2.859929e-02	8.977347e+00
1.267000e-05	-3.339401e-02	8.874085e+00
1.268000e-05	-3.106408e-02	8.778873e+00
1.269000e-05	-2.101429e-02	8.705637e+00
1.270000e-05	-2.127988e-02	8.600977e+00
1.271000e-05	-2.593356e-02	8.525191e+00
1.272000e-05	-2.758334e-02	8.431025e+00
1.273000e-05	-2.103020e-02	8.344794e+00
1.274000e-05	-1.445531e-02	8.211076e+00
1.275000e-05	-1.780729e-02	8.066261e+00
1.276000e-05	-2.349591e-02	7.978400e+00
1.277000e-05	-2.267027e-02	7.863208e+00
1.278000e-05	-1.551054e-02	7.767343e+00
1.279000e-05	-1.300300e-02	7.611004e+00
1.280000e-05	-1.812132e-02	7.525064e+00
1.281000e-05	-1.995271e-02	7.307240e+00
1.282000e-05	-1.599697e-02	7.179949e+00
1.283000e-05	-9.808110e-03	7.054610e+00
1.284000e-05	-1.151525e-02	6.956817e+00
1.285000e-05	-1.728146e-02	6.802055e+00
1.286000e-05	-1.707371e-02	6.715063e+00
1.287000e-05	-1.124000e-02	6.485712e+00
1.288000e-05	-8.889194e-03	6.357420e+00
1.289000e-05	-1.243150e-02	6.242555e+00
1.290000e-05	-1.552660e-02	6.086240e+00
1.291000e-05	-1.207981e-02	5.978902e+00
1.292000e-05	-7.676866e-03	5.832453e+00
1.293000e-05	-8.527916e-03	5.603931e+00
1.294000e-05	-1.216698e-02	5.504638e+00
1.295000e-05	-1.279058e-02	5.336341e+00
1.296000e-05	-9.284612e-03	5.148844e+00
1.297000e-05	-6.474835e-03	4.936790e+00
1.298000e-05	-9.811604e-03	4.790321e+00
1.299000e-05	-1.276951e-02	4.580500e+00
1.300000e-05	-1.119906e-02	4.453531e+00
1.301000e-05	-6.135945e-03	4.304742e+00
1.302000e-05	-5.988803e-03	4.075213e+00
1.303000e-05	-8.676350e-03	3.936867e+00
1.304000e-05	-1.077546e-02	3.758395e+00
1.305000e-05	-7.361113e-03	3.610553e+00
1.306000e-05	-5.166211e-03	3.431600e+00
1.307000e-05	-6.609867e-03	3.232577e+00
1.308000e-05	-9.576311e-03	3.073731e+00
1.309000e-05	-8.843127e-03	2.903262e+00
1.310000e-05	-5.351275e-03	2.765867e+00
1.311000e-05	-4.486407e-03	2.505288e+00
1.312000e-05	-6.927315e-03	2.305318e+00
1.313000e-05	-9.007606e-03	2.127342e+00
1.314000e-05	-5.844335e-03	1.969524e+00
1.315000e-05	-4.355834e-03	1.861132e+00
1.316000e-05	-4.674086e-03	1.601159e+00
1.317000e-05	-7.885104e-03	1.451579e+00
1.318000e-05	-7.202307e-03	1.223102e+00
1.319000e-05	-5.112595e-03	1.031582e+00
1.320000e-05	-3.083581e-03	8.199750e-01
1.321000e-05	-5.385666e-03	6.215577e-01
1.322000e-05	-5.962264e-03	4.521592e-01
1.323000e-05	-4.783301e-03	3.258079e-01
1.324000e-05	-2.623625e-03	5.215672e-02
1.325000e-05	2.762477e-04	-8.524046e-02
1.326000e-05	1.706535e-03	-2.637090e-01
1.327000e-05	-3.447744e-03	-4.104801e-01
1.328000e-05	6.366573e-04	-6.115788e-01
1.329000e-05	-1.682905e-03	-8.010263e-01
1.330000e-05	-1.201032e-04	-9.289184e-01
1.331000e-05	-4.770348e-03	-1.115243e+00
1.332000e-05	4.582581e-03	-1.285635e+00
1.333000e-05	5.794708e-02	-1.444717e+00
1.334000e-05	5.111720e-02	-1.735865e+00
1.335000e-05	-5.654613e-02	-1.980852e+00
1.336000e-05	-2.500108e-02	-2.275183e+00
1.337000e-05	-1.175233e-01	-2.421000e+00
1.338000e-05	7.217267e-02	-2.430604e+00
1.339000e-05	9.536762e-02	-2.526795e+00
1.340000e-05	-1.827067e-01	-2.821502e+00
1.341000e-05	1.138261e-01	-2.945345e+00
1.342000e-05	4.219592e-02	-3.073665e+00
1.343000e-05	-1.276993e-01	-3.346868e+00
1.344000e-05	1.576433e-01	-3.524639e+00
1.345000e-05	-2.364270e-02	-3.603582e+00
1.346000e-05	-1.648693e-01	-3.912232e+00
1.347000e-05	1.483488e-01	-3.980002e+00
1.348000e-05	-4.043342e-02	-4.180453e+00
1.349000e-05	3.887372e-02	-4.388447e+00
1.350000e-05	3.583740e-02	-4.443059e+00
1.351000e-05	-1.340383e-01	-4.695786e+00
1.352000e-05	1.290755e-01	-4.892109e+00
1.353000e-05	-1.096300e-02	-5.029405e+00
1.354000e-05	-4.593263e-02	-5.241029e+00
1.355000e-05	3.415791e-02	-5.350297e+00
1.356000e-05	-5.469416e-02	-5.558925e+00
1.357000e-05	1.019875e-01	-5.745767e+00
1.358000e-05	-3.652444e-02	-5.865187e+00
1.359000e-05	-8.735302e-03	-6.021503e+00
1.360000e-05	7.090525e-03	-6.176344e+00
1.361000e-05	-5.537725e-02	-6.346293e+00
1.362000e-05	1.258041e-01	-6.514661e+00
1.363000e-05	-5.990042e-02	-6.620527e+00
1.364000e-05	2.058749e-03	-6.746845e+00
1.365000e-05	1.069680e-02	-6.873013e+00
1.366000e-05	-8.596922e-03	-7.104212e+00
1.367000e-05	7.286318e-02	-7.189024e+00
1.368000e-05	-7.771992e-02	-7.326215e+00
1.369000e-05	2.656550e-02	-7.450611e+00
1.370000e-05	-3.218828e-03	-7.537822e+00
1.371000e-05	3.786813e-02	-7.698168e+00
1.372000e-05	2.482695e-02	-7.872011e+00
1.373000e-05	-4.592133e-02	-7.999500e+00
1.374000e-05	3.204289e-02	-8.094144e+00
1.375000e-05	-9.514786e-03	-8.230505e+00
1.376000e-05	4.352992e-02	-8.306266e+00
1.377000e-05	-1.897243e-02	-8.379926e+00
1.378000e-05	-9.990053e-03	-8.525664e+00
1.379000e-05	2.406087e-02	-8.621428e+00
1.380000e-05	1.715952e-02	-8.737295e+00
1.381000e-05	2.873659e-02	-8.812505e+00
1.382000e-05	-2.490384e-02	-8.945192e+00
1.383000e-05	1.087400e-02	-8.969476e+00
1.384000e-05	1.397191e-02	-9.044057e+00
1.385000e-05	2.647128e-02	-9.135793e+00
1.386000e-05	3.625134e-03	-9.202001e+00
1.387000e-05	-1.148315e-02	-9.263585e+00
1.388000e-05	1.853235e-02	-9.368746e+00
1.389000e-05	2.328542e-02	-9.471408e+00
1.390000e-05	2.297576e-02	-9.525290e+00
1.391000e-05	-7.010667e-03	-9.579427e+00
1.392000e-05	4.944603e-03	-9.643082e+00
1.393000e-05	2.167757e-02	-9.703713e+00
1.394000e-05	2.682065e-02	-9.756270e+00
1.395000e-05	9.046438e-03	-9.790901e+00
1.396000e-05	-2.585460e-03	-9.800532e+00
1.397000e-05	1.532003e-02	-9.842555e+00
1.398000e-05	2.555318e-02	-9.894714e+00
1.399000e-05	2.419953e-02	-9.947242e+00
1.400000e-05	6.217012e-03	-9.916895e+00
1.401000e-05	8.328098e-03	-9.947825e+00
1.402000e-05	2.307775e-02	-9.968845e+00
1.403000e-05	2.914653e-02	-9.989398e+00
1.404000e-05	1.757606e-02	-9.992451e+00
1.405000e-05	6.190039e-03	-1.002150e+01
1.406000e-05	1.592204e-02	-9.980950e+00
1.407000e-05	3.065364e-02	-1.004945e+01
1.408000e-05	2.963273e-02	-1.000305e+01
1.409000e-05	1.568773e-02	-1.003098e+01
1.410000e-05	1.374805e-02	-1.005043e+01
1.411000e-05	2.653187e-02	-1.002950e+01
1.412000e-05	3.316307e-02	-1.002095e+01
1.413000e-05	2.591529e-02	-9.948467e+00
1.414000e-05	1.652013e-02	-9.947322e+00
1.415000e-05	2.233674e-02	-9.966392e+00
1.416000e-05	3.460115e-02	-9.915717e+00
1.417000e-05	3.431609e-02	-9.893638e+00
1.418000e-05	2.421642e-02	-9.833630e+00
1.419000e-05	1.941015e-02	-9.840077e+00
1.420000e-05	2.990833e-02	-9.770273e+00
1.421000e-05	3.647294e-02	-9.757742e+00
1.422000e-05	3.061762e-02	-9.715287e+00
1.423000e-05	2.161606e-02	-9.662607e+00
1.424000e-05	2.407469e-02	-9.631105e+00
1.425000e-05	3.322497e-02	-9.567423e+00
1.426000e-05	3.186228e-02	-9.536165e+00
1.427000e-05	2.468651e-02	-9.430430e+00
1.428000e-05	1.926853e-02	-9.335738e+00
1.429000e-05	2.466197e-02	-9.232104e+00
1.430000e-05	2.905239e-02	-9.178317e+00
1.431000e-05	2.493051e-02	-9.115243e+00
1.432000e-05	1.700810e-02	-9.021529e+00
1.433000e-05	1.643054e-02	-8.945714e+00
1.434000e-05	2.215710e-02	-8.841634e+00
1.435000e-05	2.248763e-02	-8.790421e+00
1.436000e-05	1.629856e-02	-8.723715e+00
1.437000e-05	1.055367e-02	-8.559371e+00
1.438000e-05	1.422916e-02	-8.452633e+00
1.439000e-05	1.818512e-02	-8.357320e+00
1.440000e-05	1.533789e-02	-8.283709e+00
1.441000e-05	8.315273e-03	-8.157921e+00
1.442000e-05	6.996973e-03	-8.043162e+00
1.443000e-05	1.121167e-02	-7.977747e+00
1.444000e-05	1.321976e-02	-7.840950e+00
1.445000e-05	8.739419e-03	-7.643104e+00
1.446000e-05	4.863045e-03	-7.556812e+00
1.447000e-05	6.098613e-03	-7.398424e+00
1.448000e-05	1.051928e-02	-7.303083e+00
1.449000e-05	8.252128e-03	-7.186823e+00
1.450000e-05	3.033673e-03	-7.021971e+00
1.451000e-05	2.045435e-03	-6.852627e+00
1.452000e-05	5.152619e-03	-6.756767e+00
1.453000e-05	7.525130e-03	-6.587925e+00
1.454000e-05	5.633953e-03	-6.453654e+00
1.455000e-05	-5.620849e-04	-6.345770e+00
1.456000e-05	2.471784e-03	-6.127322e+00
1.457000e-05	3.095894e-03	-5.999475e+00
1.458000e-05	2.195822e-03	-5.882107e+00
1.459000e-05	-8.377252e-04	-5.714190e+00
1.460000e-05	-3.362430e-04	-5.576394e+00
1.461000e-05	3.533121e-03	-5.388349e+00
1.462000e-05	5.394584e-03	-5.187949e+00
1.463000e-05	5.462383e-04	-5.021999e+00
1.464000e-05	-3.174525e-03	-4.819023e+00
1.465000e-05	-2.114210e-03	-4.611526e+00
1.466000e-05	9.077960e-04	-4.483211e+00
1.467000e-05	6.039220e-04	-4.356367e+00
1.468000e-05	-7.207202e-04	-4.199026e+00
1.469000e-05	-2.933343e-03	-4.040605e+00
1.470000e-05	1.487776e-03	-3.865236e+00
1.471000e-05	-6.867533e-04	-3.682631e+00
1.472000e-05	-1.763136e-03	-3.534764e+00
1.473000e-05	-5.936904e-03	-3.325740e+00
1.474000e-05	-5.057290e-03	-3.199421e+00
1.475000e-05	-1.597420e-03	-2.986894e+00
1.476000e-05	-3.598732e-05	-2.778997e+00
1.477000e-05	-2.424844e-03	-2.599003e+00
1.478000e-05	-3.727955e-03	-2.462028e+00
1.479000e-05	-2.372094e-03	-2.312709e+00
1.480000e-05	-2.222287e-03	-2.042603e+00
1.481000e-05	-3.772560e-03	-1.875709e+00
1.482000e-05	-5.184120e-03	-1.735363e+00
1.483000e-05	-6.476671e-03	-1.567445e+00
1.484000e-05	-5.091914e-03	-1.303658e+00
1.485000e-05	-3.012030e-03	-1.114739e+00
1.486000e-05	-4.358844e-03	-9.162907e-01
1.487000e-05	-5.070716e-03	-7.884486e-01
1.488000e-05	-5.404354e-03	-5.168159e-01
1.489000e-05	-3.170358e-03	-3.774171e-01
1.490000e-05	-3.890171e-03	-1.884738e-01
1.491000e-05	-3.272696e-03	-1.058008e-02
1.492000e-05	5.943898e-05	1.688735e-01
1.493000e-05	-2.825416e-03	3.589010e-01
1.494000e-05	4.862115e-04	5.062883e-01
1.495000e-05	-3.674209e-03	6.861854e-01
1.496000e-05	-3.123078e-03	7.800262e-01
1.497000e-05	-3.131731e-03	1.021159e+00
1.498000e-05	3.217140e-03	1.191558e+00
1.499000e-05	1.343045e-02	1.382454e+00
1.500000e-05	6.474170e-02	1.685583e+00
1.501000e-05	-2.091255e-03	1.895663e+00
1.502000e-05	-4.914971e-02	2.073133e+00
1.503000e-05	-4.326907e-02	2.220579e+00
1.504000e-05	-8.693245e-02	2.388869e+00
1.505000e-05	2.429497e-02	2.475637e+00
1.506000e-05	1.108887e-01	2.664242e+00
1.507000e-05	-1.687167e-01	2.853114e+00
1.508000e-05	9.020150e-02	2.981460e+00
1.509000e-05	5.280718e-02	3.199977e+00
1.510000e-05	-8.539044e-02	3.369379e+00
1.511000e-05	7.915687e-02	3.537322e+00
1.512000e-05	-1.043686e-02	3.696717e+00
1.513000e-05	-1.316855e-01	3.896263e+00
1.514000e-05	7.989816e-02	4.064083e+00
1.515000e-05	-3.123923e-03	4.235137e+00
1.516000e-05	-4.084597e-04	4.422031e+00
1.517000e-05	-1.275211e-03	4.580551e+00
1.518000e-05	-7.112182e-02	4.727350e+00
1.519000e-05	4.960391e-02	4.909143e+00
1.520000e-05	-6.156483e-04	5.147373e+00
1.521000e-05	-1.876211e-02	5.338794e+00
1.522000e-05	-3.385307e-02	5.485713e+00
1.523000e-05	5.095552e-03	5.612532e+00
1.524000e-05	2.652050e-02	5.759349e+00
1.525000e-05	-1.797025e-02	5.956352e+00
1.526000e-05	-1.435028e-02	6.115245e+00
1.527000e-05	-3.735496e-02	6.275137e+00
1.528000e-05	-8.168893e-03	6.389050e+00
1.529000e-05	4.485236e-02	6.506694e+00
1.530000e-05	-2.502487e-02	6.716245e+00
1.531000e-05	-2.887178e-02	6.854110e+00
1.532000e-05	-8.154549e-03	6.959326e+00
1.533000e-05	3.670658e-03	7.076137e+00
1.534000e-05	1.124151e-02	7.191480e+00
1.535000e-05	-4.292602e-02	7.358324e+00
1.536000e-05	-2.306492e-02	7.538200e+00
1.537000e-05	-5.060515e-03	7.644138e+00
1.538000e-05	1.878327e-02	7.770321e+00
1.539000e-05	-8.576144e-03	7.958217e+00
1.540000e-05	-3.607482e-02	7.991666e+00
1.541000e-05	-1.143558e-02	8.219402e+00
1.542000e-05	-2.697188e-03	8.295563e+00
1.543000e-05	5.942674e-03	8.378948e+00
1.544000e-05	-2.913637e-02	8.472113e+00
1.545000e-05	-3.051562e-02	8.537194e+00
1.546000e-05	-7.582706e-03	8.651507e+00
1.547000e-05	4.928603e-03	8.697271e+00
1.548000e-05	-9.439150e-03	8.760499e+00
1.549000e-05	-3.337203e-02	8.925018e+00
1.550000e-05	-2.057921e-02	8.989429e+00
1.551000e-05	-3.410910e-03	9.065638e+00
1.552000e-05	3.231146e-04	9.178345e+00
1.553000e-05	-2.484997e-02	9.202558e+00
1.554000e-05	-3.325589e-02	9.285691e+00
1.555000e-05	-1.691990e-02	9.360901e+00
1.556000e-05	-2.118692e-03	9.403083e+00
1.557000e-05	-1.218693e-02	9.455638e+00
1.558000e-05	-3.014016e-02	9.515842e+00
1.559000e-05	-2.524669e-02	9.558828e+00
1.560000e-05	-1.020977e-02	9.623604e+00
1.561000e-05	-6.141841e-03	9.675664e+00
1.562000e-05	-2.675760e-02	9.718245e+00
1.563000e-05	-3.488727e-02	9.790880e+00
1.564000e-05	-2.618548e-02	9.844012e+00
1.565000e-05	-1.048678e-02	9.833084e+00
1.566000e-05	-1.775746e-02	9.913667e+00
1.567000e-05	-3.069746e-02	9.956296e+00
1.568000e-05	-3.051193e-02	9.949419e+00
1.569000e-05	-1.823373e-02	9.998871e+00
1.570000e-05	-1.378516e-02	9.960001e+00
1.571000e-05	-2.759259e-02	1.001053e+01
1.572000e-05	-3.816751e-02	1.002203e+01
1.573000e-05	-3.326466e-02	1.001058e+01
1.574000e-05	-2.007567e-02	9.982051e+00
1.575000e-05	-2.185060e-02	1.003213e+01
1.576000e-05	-3.457476e-02	1.003098e+01
1.577000e-05	-3.710376e-02	9.991050e+00
1.578000e-05	-2.848915e-02	9.970000e+00
1.579000e-05	-2.271173e-02	9.979900e+00
1.580000e-05	-3.335284e-02	9.978846e+00
1.581000e-05	-4.172843e-02	9.917243e+00
1.582000e-05	-4.012675e-02	9.926742e+00
1.583000e-05	-2.873936e-02	9.873537e+00
1.584000e-05	-2.882496e-02	9.812409e+00
1.585000e-05	-3.939803e-02	9.758976e+00
1.586000e-05	-4.331342e-02	9.737775e+00
1.587000e-05	-3.604626e-02	9.655130e+00
1.588000e-05	-2.856585e-02	9.590404e+00
1.589000e-05	-3.378334e-02	9.568423e+00
1.590000e-05	-4.130920e-02	9.524317e+00
1.591000e-05	-4.048724e-02	9.464611e+00
1.592000e-05	-3.123008e-02	9.410504e+00
1.593000e-05	-3.006050e-02	9.346898e+00
1.594000e-05	-3.598794e-02	9.304664e+00
1.595000e-05	-3.853126e-02	9.212059e+00
1.596000e-05	-3.239779e-02	9.169870e+00
1.597000e-05	-2.350628e-02	9.124533e+00
1.598000e-05	-2.700315e-02	8.969446e+00
1.599000e-05	-3.159596e-02	8.833758e+00
1.600000e-05	-3.166124e-02	8.781950e+00
1.601000e-05	-2.342939e-02	8.725143e+00
1.602000e-05	-2.135375e-02	8.630978e+00
1.603000e-05	-2.360926e-02	8.536243e+00
1.604000e-05	-2.875219e-02	8.414557e+00
1.605000e-05	-2.320087e-02	8.396920e+00
1.606000e-05	-1.762443e-02	8.273655e+00
1.607000e-05	-1.601638e-02	8.146292e+00
1.608000e-05	-2.157283e-02	8.001576e+00
1.609000e-05	-2.355174e-02	7.915663e+00
1.610000e-05	-1.822313e-02	7.797475e+00
1.611000e-05	-1.256355e-02	7.652683e+00
1.612000e-05	-1.562219e-02	7.567267e+00
1.613000e-05	-2.023194e-02	7.419320e+00
1.614000e-05	-1.813598e-02	7.231554e+00
1.615000e-05	-1.224696e-02	7.125767e+00
1.616000e-05	-1.016262e-02	6.977971e+00
1.617000e-05	-1.510685e-02	6.862607e+00
1.618000e-05	-1.755139e-02	6.745841e+00
1.619000e-05	-1.325522e-02	6.557425e+00
1.620000e-05	-8.820562e-03	6.399975e+00
1.621000e-05	-1.041532e-02	6.273663e+00
1.622000e-05	-1.374295e-02	6.146295e+00
1.623000e-05	-1.448667e-02	5.990529e+00
1.624000e-05	-1.001776e-02	5.903783e+00
1.625000e-05	-8.449364e-03	5.665633e+00
1.626000e-05	-1.085902e-02	5.516266e+00
1.627000e-05	-1.366468e-02	5.367872e+00
1.628000e-05	-1.089500e-02	5.198480e+00
1.629000e-05	-6.432695e-03	4.940376e+00
1.630000e-05	-6.929054e-03	4.791078e+00
1.631000e-05	-1.080015e-02	4.621082e+00
1.632000e-05	-1.159361e-02	4.474761e+00
1.633000e-05	-8.246799e-03	4.367445e+00
1.634000e-05	-6.227579e-03	4.146823e+00
1.635000e-05	-8.085987e-03	3.978899e+00
1.636000e-05	-1.061215e-02	3.801025e+00
1.637000e-05	-9.326397e-03	3.653108e+00
1.638000e-05	-5.866502e-03	3.502766e+00
1.639000e-05	-5.393003e-03	3.283208e+00
1.640000e-05	-8.869220e-03	3.105316e+00
1.641000e-05	-8.596878e-03	2.967338e+00
1.642000e-05	-6.274649e-03	2.789875e+00
1.643000e-05	-5.009231e-03	2.598471e+00
1.644000e-05	-7.296663e-03	2.388993e+00
1.645000e-05	-8.512323e-03	2.210525e+00
1.646000e-05	-6.192289e-03	2.061533e+00
1.647000e-05	-4.030332e-03	1.893262e+00
1.648000e-05	-5.700059e-03	1.674761e+00
1.649000e-05	-7.287272e-03	1.494309e+00
1.650000e-05	-6.388161e-03	1.304738e+00
1.651000e-05	-4.023949e-03	1.094739e+00
1.652000e-05	-4.638868e-03	8.432066e-01
1.653000e-05	-6.303221e-03	7.252370e-01
1.654000e-05	-6.412936e-03	5.063145e-01
1.655000e-05	-3.935831e-03	3.768935e-01
1.656000e-05	-3.557224e-03	1.362909e-01
1.657000e-05	-4.315276e-03	-3.208052e-02
1.658000e-05	1.185887e-03	-2.315013e-01
1.659000e-05	7.230435e-06	-3.584474e-01
1.660000e-05	7.651294e-04	-5.387696e-01
1.661000e-05	-2.635165e-04	-7.473932e-01
1.662000e-05	-3.085331e-03	-8.966907e-01
1.663000e-05	-3.807623e-03	-1.063580e+00
1.664000e-05	1.601261e-03	-1.220554e+00
1.665000e-05	3.226532e-02	-1.481056e+00
1.666000e-05	8.355818e-02	-1.641933e+00
1.667000e-05	-5.265183e-02	-1.896717e+00
1.668000e-05	-1.485493e-02	-2.159426e+00
1.669000e-05	-1.004775e-01	-2.378449e+00
1.670000e-05	-1.706564e-02	-2.440030e+00
1.671000e-05	1.537129e-01	-2.463088e+00
1.672000e-05	-1.377140e-01	-2.715339e+00
1.673000e-05	-8.505322e-04	-2.944238e+00
1.674000e-05	1.450466e-01	-2.971425e+00
1.675000e-05	-1.511661e-01	-3.254085e+00
1.676000e-05	8.616294e-02	-3.483238e+00
1.677000e-05	8.875098e-02	-3.548925e+00
1.678000e-05	-2.005850e-01	-3.808924e+00
1.679000e-05	8.456542e-02	-3.979449e+00
1.680000e-05	4.004694e-02	-4.126845e+00
1.681000e-05	-3.243874e-02	-4.336895e+00
1.682000e-05	9.880403e-02	-4.440500e+00
1.683000e-05	-1.398028e-01	-4.641530e+00
1.684000e-05	5.925314e-02	-4.828556e+00
1.685000e-05	7.306877e-02	-4.926292e+00
1.686000e-05	-9.445253e-02	-5.128349e+00
1.687000e-05	5.434790e-02	-5.266267e+00
1.688000e-05	-6.157076e-02	-5.546771e+00
1.689000e-05	7.007015e-02	-5.704659e+00
1.690000e-05	2.372805e-02	-5.799008e+00
1.691000e-05	-5.449285e-02	-5.999404e+00
1.692000e-05	4.479859e-02	-6.033638e+00
1.693000e-05	-8.344482e-02	-6.264064e+00
1.694000e-05	1.022853e-01	-6.403110e+00
1.695000e-05	2.552321e-03	-6.558851e+00
1.696000e-05	-4.897243e-02	-6.736816e+00
1.697000e-05	4.222847e-02	-6.791978e+00
1.698000e-05	-3.858028e-02	-7.021753e+00
1.699000e-05	8.414567e-02	-7.176454e+00
1.700000e-05	-4.893820e-02	-7.274162e+00
1.701000e-05	-1.398759e-02	-7.410009e+00
1.702000e-05	2.191647e-02	-7.517268e+00
1.703000e-05	7.177985e-03	-7.673283e+00
1.704000e-05	5.764026e-02	-7.840904e+00
1.705000e-05	-5.119464e-02	-7.968320e+00
1.706000e-05	1.817254e-02	-8.094610e+00
1.707000e-05	4.090719e-04	-8.168349e+00
1.708000e-05	2.887762e-02	-8.294787e+00
1.709000e-05	1.136813e-02	-8.359400e+00
1.710000e-05	-3.226737e-02	-8.423163e+00
1.711000e-05	2.693854e-02	-8.580376e+00
1.712000e-05	1.216242e-02	-8.727135e+00
1.713000e-05	3.575363e-02	-8.780951e+00
1.714000e-05	-1.468590e-02	-8.875216e+00
1.715000e-05	-8.029587e-03	-8.998322e+00
1.716000e-05	1.934324e-02	-9.043509e+00
1.717000e-05	1.840203e-02	-9.116343e+00
1.718000e-05	2.166177e-02	-9.189450e+00
1.719000e-05	-1.665300e-02	-9.232535e+00
1.720000e-05	1.436920e-02	-9.327273e+00
1.721000e-05	2.166970e-02	-9.410406e+00
1.722000e-05	2.569476e-02	-9.495265e+00
1.723000e-05	3.409451e-04	-9.568799e+00
1.724000e-05	-6.235205e-03	-9.642004e+00
1.725000e-05	2.001974e-02	-9.652604e+00
1.726000e-05	2.617337e-02	-9.715715e+00
1.727000e-05	2.002189e-02	-9.777921e+00
1.728000e-05	-2.465008e-03	-9.851950e+00
1.729000e-05	9.924379e-03	-9.870983e+00
1.730000e-05	2.340368e-02	-9.864083e+00
1.731000e-05	2.420915e-02	-9.905616e+00
1.732000e-05	1.060996e-02	-9.946346e+00
1.733000e-05	1.722621e-03	-9.967295e+00
1.734000e-05	2.057048e-02	-9.967843e+00
1.735000e-05	2.913367e-02	-9.987896e+00
1.736000e-05	2.451181e-02	-1.000150e+01
1.737000e-05	8.389937e-03	-1.002150e+01
1.738000e-05	1.141439e-02	-1.003100e+01
1.739000e-05	2.645101e-02	-1.007143e+01
1.740000e-05	3.096760e-02	-1.001255e+01
1.741000e-05	1.930687e-02	-1.003100e+01
1.742000e-05	1.130233e-02	-9.990476e+00
1.743000e-05	2.397135e-02	-1.001953e+01
1.744000e-05	3.333012e-02	-9.998924e+00
1.745000e-05	2.889556e-02	-1.000945e+01
1.746000e-05	1.683238e-02	-9.977900e+00
1.747000e-05	1.826599e-02	-9.916771e+00
1.748000e-05	3.240791e-02	-9.926791e+00
1.749000e-05	3.538838e-02	-9.925711e+00
1.750000e-05	2.690070e-02	-9.913559e+00
1.751000e-05	1.904702e-02	-9.871006e+00
1.752000e-05	2.674021e-02	-9.759923e+00
1.753000e-05	3.626881e-02	-9.775345e+00
1.754000e-05	3.405821e-02	-9.704762e+00
1.755000e-05	2.288413e-02	-9.653560e+00
1.756000e-05	2.160471e-02	-9.621030e+00
1.757000e-05	3.127674e-02	-9.568399e+00
1.758000e-05	3.452729e-02	-9.514665e+00
1.759000e-05	2.720476e-02	-9.470408e+00
1.760000e-05	1.898963e-02	-9.377770e+00
1.761000e-05	2.233945e-02	-9.211630e+00
1.762000e-05	2.926808e-02	-9.178425e+00
1.763000e-05	2.777499e-02	-9.126718e+00
1.764000e-05	1.809086e-02	-9.062531e+00
1.765000e-05	1.415668e-02	-8.938274e+00
1.766000e-05	2.022975e-02	-8.902587e+00
1.767000e-05	2.400137e-02	-8.788999e+00
1.768000e-05	1.865303e-02	-8.758867e+00
1.769000e-05	1.036828e-02	-8.649399e+00
1.770000e-05	1.273050e-02	-8.475236e+00
1.771000e-05	1.841046e-02	-8.388474e+00
1.772000e-05	1.822609e-02	-8.325188e+00
1.773000e-05	1.090236e-02	-8.228501e+00
1.774000e-05	5.618845e-03	-8.094687e+00
1.775000e-05	1.041358e-02	-8.019474e+00
1.776000e-05	1.361716e-02	-7.904658e+00
1.777000e-05	1.031850e-02	-7.713657e+00
1.778000e-05	3.141209e-03	-7.587968e+00
1.779000e-05	4.365271e-03	-7.420578e+00
1.780000e-05	1.009267e-02	-7.335236e+00
1.781000e-05	1.199789e-02	-7.198946e+00
1.782000e-05	5.138778e-03	-7.091056e+00
1.783000e-05	1.648278e-03	-6.882734e+00
1.784000e-05	4.122620e-03	-6.765771e+00
1.785000e-05	7.878179e-03	-6.612126e+00
1.786000e-05	5.159258e-03	-6.514163e+00
1.787000e-05	4.074986e-04	-6.377496e+00
1.788000e-05	-7.842510e-05	-6.221052e+00
1.789000e-05	4.319425e-03	-6.031454e+00
1.790000e-05	6.679243e-03	-5.924308e+00
1.791000e-05	2.103188e-03	-5.785865e+00
1.792000e-05	-2.106018e-03	-5.610000e+00
1.793000e-05	-7.123029e-04	-5.442533e+00
1.794000e-05	3.671785e-03	-5.209550e+00
1.795000e-05	2.629773e-03	-5.062083e+00
1.796000e-05	-2.152428e-03	-4.901634e+00
1.797000e-05	-4.383556e-03	-4.654533e+00
1.798000e-05	1.461555e-03	-4.536262e+00
1.799000e-05	2.280570e-03	-4.390945e+00
1.800000e-05	8.164660e-04	-4.261603e+00
1.801000e-05	-4.002182e-03	-4.063157e+00
1.802000e-05	-3.112016e-03	-3.945887e+00
1.803000e-05	3.857045e-04	-3.714238e+00
1.804000e-05	1.896840e-03	-3.596891e+00
1.805000e-05	-3.662992e-03	-3.388445e+00
1.806000e-05	-4.811899e-03	-3.231102e+00
1.807000e-05	-4.295737e-03	-3.052578e+00
1.808000e-05	-8.029656e-04	-2.810525e+00
1.809000e-05	-3.940217e-03	-2.683158e+00
1.810000e-05	-3.900017e-03	-2.493688e+00
1.811000e-05	-5.018168e-03	-2.356918e+00
1.812000e-05	-8.077844e-04	-2.104162e+00
1.813000e-05	-1.425247e-03	-1.934267e+00
1.814000e-05	-3.256379e-03	-1.798466e+00
1.815000e-05	-7.386011e-03	-1.619472e+00
1.816000e-05	-5.783598e-03	-1.377970e+00
1.817000e-05	-4.576577e-03	-1.196864e+00
1.818000e-05	-4.410715e-03	-9.674199e-01
1.819000e-05	-5.131505e-03	-8.084273e-01
1.820000e-05	-6.208136e-03	-6.105526e-01
1.821000e-05	-2.041760e-03	-4.394724e-01
1.822000e-05	-2.933107e-03	-2.406015e-01
1.823000e-05	-2.502241e-03	-6.265783e-02
1.824000e-05	-2.112357e-03	6.723421e-02
1.825000e-05	-2.526788e-03	3.183420e-01
1.826000e-05	-3.474111e-03	4.336140e-01
1.827000e-05	-2.295678e-03	6.241303e-01
1.828000e-05	-4.770516e-03	7.584723e-01
1.829000e-05	-4.203192e-03	9.377710e-01
1.830000e-05	-1.246897e-04	1.168450e+00
1.831000e-05	9.815112e-03	1.348345e+00
1.832000e-05	5.275972e-02	1.579049e+00
1.833000e-05	3.431161e-02	1.851579e+00
1.834000e-05	-5.481688e-02	2.011530e+00
1.835000e-05	-3.901078e-02	2.190479e+00
1.836000e-05	-7.700181e-02	2.377894e+00
1.837000e-05	-3.830971e-02	2.421554e+00
1.838000e-05	1.423732e-01	2.612561e+00
1.839000e-05	-1.144826e-01	2.802979e+00
1.840000e-05	-2.021436e-02	2.947271e+00
1.841000e-05	1.337897e-01	3.117297e+00
1.842000e-05	-8.980019e-02	3.326396e+00
1.843000e-05	2.649547e-02	3.487089e+00
1.844000e-05	6.102923e-02	3.634058e+00
1.845000e-05	-1.510315e-01	3.813559e+00
1.846000e-05	3.156484e-02	3.979422e+00
1.847000e-05	3.848564e-02	4.170848e+00
1.848000e-05	-2.011687e-02	4.369450e+00
1.849000e-05	2.513157e-02	4.538321e+00
1.850000e-05	-7.294520e-02	4.696819e+00
1.851000e-05	1.836792e-02	4.863608e+00
1.852000e-05	2.440673e-02	5.086118e+00
1.853000e-05	-2.313918e-02	5.295765e+00
1.854000e-05	-2.958217e-02	5.433083e+00
1.855000e-05	-9.837700e-03	5.562506e+00
1.856000e-05	2.707583e-02	5.687771e+00
1.857000e-05	-4.950194e-04	5.877292e+00
1.858000e-05	-2.136815e-02	6.074608e+00
1.859000e-05	-2.006046e-02	6.233006e+00
1.860000e-05	-3.858206e-02	6.368375e+00
1.861000e-05	4.786321e-02	6.445166e+00
1.862000e-05	-9.122634e-03	6.622008e+00
1.863000e-05	-3.605688e-02	6.801481e+00
1.864000e-05	-7.862918e-03	6.936821e+00
1.865000e-05	-5.756099e-03	7.083637e+00
1.866000e-05	2.168186e-02	7.148421e+00
1.867000e-05	-3.288121e-02	7.286170e+00
1.868000e-05	-2.989289e-02	7.507714e+00
1.869000e-05	-1.408672e-02	7.633579e+00
1.870000e-05	1.542448e-02	7.766771e+00
1.871000e-05	3.376733e-03	7.924591e+00
1.872000e-05	-3.151917e-02	8.042509e+00
1.873000e-05	-2.106605e-02	8.136895e+00
1.874000e-05	-6.535340e-03	8.274612e+00
1.875000e-05	7.103390e-03	8.336296e+00
1.876000e-05	-1.857236e-02	8.411104e+00
1.877000e-05	-3.337740e-02	8.496238e+00
1.878000e-05	-1.642553e-02	8.591583e+00
1.879000e-05	6.387523e-03	8.685688e+00
1.880000e-05	-2.932228e-03	8.759923e+00
1.881000e-05	-2.585744e-02	8.814034e+00
1.882000e-05	-2.950484e-02	8.968823e+00
1.883000e-05	-8.471500e-03	9.104067e+00
1.884000e-05	-1.071667e-03	9.167771e+00
1.885000e-05	-1.610965e-02	9.192503e+00
1.886000e-05	-3.237911e-02	9.284632e+00
1.887000e-05	-2.347232e-02	9.357725e+00
1.888000e-05	-1.862761e-03	9.410949e+00
1.889000e-05	-7.862742e-03	9.433138e+00
1.890000e-05	-2.465331e-02	9.516241e+00
1.891000e-05	-3.172833e-02	9.556821e+00
1.892000e-05	-1.497946e-02	9.631531e+00
1.893000e-05	-5.961446e-03	9.635165e+00
1.894000e-05	-1.836340e-02	9.745241e+00
1.895000e-05	-3.316066e-02	9.789379e+00
1.896000e-05	-2.952513e-02	9.833510e+00
1.897000e-05	-1.288526e-02	9.840989e+00
1.898000e-05	-1.444605e-02	9.886712e+00
1.899000e-05	-2.657534e-02	9.936321e+00
1.900000e-05	-3.433740e-02	9.949342e+00
1.901000e-05	-2.262833e-02	9.979921e+00
1.902000e-05	-1.392287e-02	9.980428e+00
1.903000e-05	-2.168552e-02	1.000197e+01
1.904000e-05	-3.495455e-02	9.979953e+00
1.905000e-05	-3.688883e-02	1.001203e+01
1.906000e-05	-2.383367e-02	1.001100e+01
1.907000e-05	-1.984116e-02	1.001000e+01
1.908000e-05	-2.901610e-02	1.003210e+01
1.909000e-05	-3.914303e-02	1.002098e+01
1.910000e-05	-3.178646e-02	9.988474e+00
1.911000e-05	-2.367551e-02	9.959399e+00
1.912000e-05	-2.743356e-02	9.969244e+00
1.913000e-05	-3.862904e-02	9.937721e+00
1.914000e-05	-4.203581e-02	9.916768e+00
1.915000e-05	-3.200016e-02	9.873687e+00
1.916000e-05	-2.742084e-02	9.839956e+00
1.917000e-05	-3.488456e-02	9.779879e+00
1.918000e-05	-4.358544e-02	9.757245e+00
1.919000e-05	-3.910136e-02	9.665162e+00
1.920000e-05	-2.998209e-02	9.613079e+00
1.921000e-05	-3.039683e-02	9.599423e+00
1.922000e-05	-3.902593e-02	9.516268e+00
1.923000e-05	-4.186005e-02	9.473611e+00
1.924000e-05	-3.466711e-02	9.412031e+00
1.925000e-05	-2.858642e-02	9.368399e+00
1.926000e-05	-3.132152e-02	9.304663e+00
1.927000e-05	-3.815372e-02	9.253156e+00
1.928000e-05	-3.567255e-02	9.189825e+00
1.929000e-05	-2.725276e-02	9.135293e+00
1.930000e-05	-2.448750e-02	9.041473e+00
1.931000e-05	-2.999005e-02	8.898286e+00
1.932000e-05	-3.304764e-02	8.770026e+00
1.933000e-05	-2.737259e-02	8.726344e+00
1.934000e-05	-2.105029e-02	8.612632e+00
1.935000e-05	-2.085888e-02	8.577771e+00
1.936000e-05	-2.637042e-02	8.454185e+00
1.937000e-05	-2.538358e-02	8.389449e+00
1.938000e-05	-2.078074e-02	8.323665e+00
1.939000e-05	-1.636053e-02	8.178846e+00
1.940000e-05	-2.029046e-02	8.052630e+00
1.941000e-05	-2.277034e-02	7.895744e+00
1.942000e-05	-1.987848e-02	7.821079e+00
1.943000e-05	-1.379800e-02	7.686241e+00
1.944000e-05	-1.447556e-02	7.598997e+00
1.945000e-05	-1.809350e-02	7.432455e+00
1.946000e-05	-1.862308e-02	7.273661e+00
1.947000e-05	-1.386897e-02	7.106345e+00
1.948000e-05	-1.199682e-02	7.012028e+00
1.949000e-05	-1.451788e-02	6.855212e+00
1.950000e-05	-1.674316e-02	6.789371e+00
1.951000e-05	-1.421160e-02	6.611028e+00
1.952000e-05	-1.067809e-02	6.421629e+00
1.953000e-05	-1.040444e-02	6.315237e+00
1.954000e-05	-1.270858e-02	6.187949e+00
1.955000e-05	-1.441580e-02	6.032604e+00
1.956000e-05	-1.097191e-02	5.945240e+00
1.957000e-05	-8.790610e-03	5.737392e+00
1.958000e-05	-1.045166e-02	5.557472e+00
1.959000e-05	-1.269302e-02	5.422582e+00
1.960000e-05	-1.153602e-02	5.252657e+00
1.961000e-05	-7.931770e-03	5.061332e+00
1.962000e-05	-7.803835e-03	4.862557e+00
1.963000e-05	-1.003798e-02	4.704260e+00
1.964000e-05	-1.125011e-02	4.535867e+00
1.965000e-05	-8.914566e-03	4.389950e+00
1.966000e-05	-7.050221e-03	4.210580e+00
1.967000e-05	-7.936372e-03	3.999577e+00
1.968000e-05	-1.022496e-02	3.861729e+00
1.969000e-05	-8.291870e-03	3.655733e+00
1.970000e-05	-6.904150e-03	3.518418e+00
1.971000e-05	-5.188469e-03	3.318866e+00
1.972000e-05	-7.099434e-03	3.137891e+00
1.973000e-05	-7.959957e-03	2.990471e+00
1.974000e-05	-7.186986e-03	2.841075e+00
1.975000e-05	-5.047843e-03	2.674704e+00
1.976000e-05	-6.039294e-03	2.451000e+00
1.977000e-05	-8.115253e-03	2.233185e+00
1.978000e-05	-7.551922e-03	2.083736e+00
1.979000e-05	-6.262106e-03	1.947871e+00
1.980000e-05	-4.408675e-03	1.768440e+00
1.981000e-05	-5.701941e-03	1.567441e+00
1.982000e-05	-6.719716e-03	1.366941e+00
1.983000e-05	-5.752064e-03	1.169449e+00
1.984000e-05	-4.281114e-03	9.177635e-01
1.985000e-05	-4.269253e-03	7.458659e-01
1.986000e-05	-5.733751e-03	5.459172e-01
1.987000e-05	-6.867881e-03	4.205250e-01
1.988000e-05	-3.674223e-03	2.191037e-01
1.989000e-05	-3.229853e-03	-9.003690e-03
1.990000e-05	2.056270e-03	-1.683721e-01
1.991000e-05	1.109705e-03	-3.383158e-01
1.992000e-05	-2.082384e-03	-4.826630e-01
1.993000e-05	1.257236e-03	-6.767330e-01
1.994000e-05	-2.464869e-03	-8.620591e-01
1.995000e-05	-2.291546e-03	-9.995288e-01
1.996000e-05	-1.238247e-03	-1.199396e+00
1.997000e-05	1.527573e-02	-1.350275e+00
1.998000e-05	8.791212e-02	-1.599897e+00
1.999000e-05	-2.000548e-02	-1.830478e+00
2.000000e-05	-3.036977e-02	-2.115166e+00
2.001000e-05	-6.583135e-02	-2.367443e+00
2.002000e-05	-8.691054e-02	-2.401003e+00
2.003000e-05	1.571974e-01	-2.442055e+00
2.004000e-05	-4.370806e-02	-2.624026e+00
2.005000e-05	-1.163739e-01	-2.874710e+00
2.006000e-05	1.938872e-01	-2.986917e+00
2.007000e-05	-1.042537e-01	-3.120398e+00
2.008000e-05	-1.539496e-02	-3.462583e+00
2.009000e-05	1.647329e-01	-3.559341e+00
2.010000e-05	-1.586897e-01	-3.769167e+00
2.011000e-05	-2.786717e-02	-3.966215e+00
2.012000e-05	1.225975e-01	-4.064610e+00
2.013000e-05	-7.750935e-02	-4.295640e+00
2.014000e-05	1.121120e-01	-4.400024e+00
2.015000e-05	-8.293027e-02	-4.558246e+00
2.016000e-05	-3.820459e-02	-4.819351e+00
2.017000e-05	1.353461e-01	-4.915182e+00
2.018000e-05	-9.645450e-02	-5.116713e+00
2.019000e-05	3.274591e-02	-5.292087e+00
2.020000e-05	-3.014741e-02	-5.454538e+00
2.021000e-05	1.051204e-02	-5.651560e+00
2.022000e-05	8.071130e-02	-5.758775e+00
2.023000e-05	-7.440061e-02	-5.936316e+00
2.024000e-05	4.698973e-02	-6.042585e+00
2.025000e-05	-6.381784e-02	-6.184480e+00
2.026000e-05	3.642254e-02	-6.400428e+00
2.027000e-05	7.528755e-02	-6.546292e+00
2.028000e-05	-8.267685e-02	-6.664187e+00
2.029000e-05	4.806497e-02	-6.789976e+00
2.030000e-05	-3.704343e-02	-6.974746e+00
2.031000e-05	5.713806e-02	-7.167670e+00
2.032000e-05	8.146370e-03	-7.242632e+00
2.033000e-05	-5.753381e-02	-7.378801e+00
2.034000e-05	4.175078e-02	-7.535659e+00
2.035000e-05	-1.558586e-02	-7.681955e+00
2.036000e-05	6.661774e-02	-7.790254e+00
2.037000e-05	-2.875345e-02	-7.946239e+00
2.038000e-05	-8.783916e-03	-8.022632e+00
2.039000e-05	1.947161e-02	-8.156843e+00
2.040000e-05	4.091022e-03	-8.255110e+00
2.041000e-05	3.826848e-02	-8.326795e+00
2.042000e-05	-4.051913e-02	-8.454134e+00
2.043000e-05	2.000700e-02	-8.538752e+00
2.044000e-05	1.377228e-02	-8.672686e+00
2.045000e-05	3.193853e-02	-8.810426e+00
2.046000e-05	4.702024e-03	-8.874112e+00
2.047000e-05	-2.144256e-02	-8.958795e+00
2.048000e-05	2.167788e-02	-9.021953e+00
2.049000e-05	1.307604e-02	-9.085689e+00
2.050000e-05	2.941160e-02	-9.179321e+00
2.051000e-05	-1.394831e-02	-9.261529e+00
2.052000e-05	2.444872e-03	-9.325693e+00
2.053000e-05	2.194866e-02	-9.411301e+00
2.054000e-05	2.649856e-02	-9.465162e+00
2.055000e-05	1.136780e-02	-9.518769e+00
2.056000e-05	-9.953005e-03	-9.617532e+00
2.057000e-05	1.677002e-02	-9.633603e+00
2.058000e-05	2.470234e-02	-9.705187e+00
2.059000e-05	2.418656e-02	-9.758246e+00
2.060000e-05	-2.995600e-03	-9.789930e+00
2.061000e-05	4.154185e-03	-9.812031e+00
2.062000e-05	2.186667e-02	-9.863560e+00
2.063000e-05	2.729860e-02	-9.904139e+00
2.064000e-05	1.713872e-02	-9.946717e+00
2.065000e-05	2.253273e-03	-9.958396e+00
2.066000e-05	1.613862e-02	-9.947847e+00
2.067000e-05	2.765042e-02	-9.989969e+00
2.068000e-05	2.674019e-02	-9.980030e+00
2.069000e-05	8.954674e-03	-1.000155e+01
2.070000e-05	7.353290e-03	-1.002250e+01
2.071000e-05	2.270320e-02	-1.003150e+01
2.072000e-05	3.243956e-02	-1.004050e+01
2.073000e-05	2.440338e-02	-1.007102e+01
2.074000e-05	1.187249e-02	-1.001155e+01
2.075000e-05	2.024381e-02	-9.999451e+00
2.076000e-05	3.103479e-02	-9.991901e+00
2.077000e-05	3.164758e-02	-9.958475e+00
2.078000e-05	1.861002e-02	-9.968372e+00
2.079000e-05	1.621804e-02	-9.949767e+00
2.080000e-05	2.775329e-02	-9.936288e+00
2.081000e-05	3.644541e-02	-9.914738e+00
2.082000e-05	3.122913e-02	-9.903211e+00
2.083000e-05	2.033258e-02	-9.863031e+00
2.084000e-05	2.402598e-02	-9.840476e+00
2.085000e-05	3.346495e-02	-9.748770e+00
2.086000e-05	3.587503e-02	-9.725841e+00
2.087000e-05	2.548872e-02	-9.684160e+00
2.088000e-05	2.087638e-02	-9.623506e+00
2.089000e-05	2.813679e-02	-9.609473e+00
2.090000e-05	3.505922e-02	-9.526719e+00
2.091000e-05	3.019552e-02	-9.493587e+00
2.092000e-05	2.073698e-02	-9.400795e+00
2.093000e-05	2.067668e-02	-9.302708e+00
2.094000e-05	2.767520e-02	-9.222026e+00
2.095000e-05	2.952310e-02	-9.155793e+00
2.096000e-05	2.132937e-02	-9.072608e+00
2.097000e-05	1.452056e-02	-8.988196e+00
2.098000e-05	1.790610e-02	-8.884762e+00
2.099000e-05	2.431707e-02	-8.781478e+00
2.100000e-05	2.093640e-02	-8.766895e+00
2.101000e-05	1.311611e-02	-8.662083e+00
2.102000e-05	1.135084e-02	-8.556691e+00
2.103000e-05	1.716031e-02	-8.400477e+00
2.104000e-05	1.953912e-02	-8.334790e+00
2.105000e-05	1.324173e-02	-8.219455e+00
2.106000e-05	6.981088e-03	-8.105736e+00
2.107000e-05	8.527556e-03	-8.040978e+00
2.108000e-05	1.365525e-02	-7.944736e+00
2.109000e-05	1.260854e-02	-7.747769e+00
2.110000e-05	5.806538e-03	-7.629504e+00
2.111000e-05	3.892593e-03	-7.462584e+00
2.112000e-05	8.303645e-03	-7.377345e+00
2.113000e-05	1.242544e-02	-7.261504e+00
2.114000e-05	7.526190e-03	-7.126243e+00
2.115000e-05	2.090240e-03	-6.944791e+00
2.116000e-05	2.633967e-03	-6.788923e+00
2.117000e-05	7.761506e-03	-6.683708e+00
2.118000e-05	6.606715e-03	-6.567863e+00
2.119000e-05	1.945961e-03	-6.359600e+00
2.120000e-05	-9.324111e-04	-6.291661e+00
2.121000e-05	3.075407e-03	-6.075134e+00
2.122000e-05	6.113752e-03	-5.926791e+00
2.123000e-05	3.904719e-03	-5.818921e+00
2.124000e-05	-1.218186e-03	-5.643679e+00
2.125000e-05	-1.025947e-03	-5.462666e+00
2.126000e-05	2.094798e-03	-5.273158e+00
2.127000e-05	3.109025e-03	-5.123786e+00
2.128000e-05	-1.195563e-03	-4.926791e+00
2.129000e-05	-4.103981e-03	-4.744733e+00
2.130000e-05	-4.834042e-04	-4.587949e+00
2.131000e-05	2.695118e-03	-4.410579e+00
2.132000e-05	6.303552e-04	-4.284684e+00
2.133000e-05	-1.722143e-03	-4.126336e+00
2.134000e-05	-4.307738e-03	-3.978947e+00
2.135000e-05	-5.079340e-05	-3.798997e+00
2.136000e-05	7.601028e-04	-3.608921e+00
2.137000e-05	-2.138141e-03	-3.461003e+00
2.138000e-05	-5.177709e-03	-3.243182e+00
2.139000e-05	-4.611719e-03	-3.144712e+00
2.140000e-05	-1.076988e-03	-2.853284e+00
2.141000e-05	-2.803712e-03	-2.727765e+00
2.142000e-05	-2.654304e-03	-2.562840e+00
2.143000e-05	-5.864810e-03	-2.398426e+00
2.144000e-05	-1.660168e-03	-2.218997e+00
2.145000e-05	-2.072833e-03	-1.999495e+00
2.146000e-05	-2.066656e-03	-1.839526e+00
2.147000e-05	-5.747130e-03	-1.642582e+00
2.148000e-05	-6.003537e-03	-1.482151e+00
2.149000e-05	-5.165966e-03	-1.220550e+00
2.150000e-05	-4.680410e-03	-1.059575e+00
2.151000e-05	-5.204978e-03	-8.911029e-01
2.152000e-05	-5.777862e-03	-6.816578e-01
2.153000e-05	-3.706463e-03	-4.331303e-01
2.154000e-05	-2.572419e-03	-2.737855e-01
2.155000e-05	-2.894361e-03	-1.348159e-01
2.156000e-05	-2.541510e-03	2.200758e-02
2.157000e-05	-2.504460e-04	2.536878e-01
2.158000e-05	-4.480536e-03	4.310563e-01
2.159000e-05	-1.483034e-04	5.589737e-01
2.160000e-05	-5.272724e-03	7.568445e-01
2.161000e-05	-2.569014e-03	8.756605e-01
2.162000e-05	-3.855733e-03	1.096841e+00
2.163000e-05	6.671860e-03	1.306264e+00
2.164000e-05	3.260512e-02	1.476222e+00
2.165000e-05	6.119680e-02	1.729473e+00
2.166000e-05	-4.377354e-02	1.958897e+00
2.167000e-05	-3.832844e-02	2.117791e+00
2.168000e-05	-6.030202e-02	2.296341e+00
2.169000e-05	-7.650302e-02	2.418554e+00
2.170000e-05	1.153363e-01	2.538722e+00
2.171000e-05	-1.644005e-02	2.769926e+00
2.172000e-05	-1.278194e-01	2.896637e+00
2.173000e-05	1.693781e-01	3.054665e+00
2.174000e-05	-5.465540e-02	3.266636e+00
2.175000e-05	-2.859786e-02	3.403109e+00
2.176000e-05	1.032040e-01	3.580029e+00
2.177000e-05	-1.153249e-01	3.789924e+00
2.178000e-05	-3.928025e-02	3.917847e+00
2.179000e-05	7.575877e-02	4.137166e+00
2.180000e-05	-3.192386e-02	4.329818e+00
2.181000e-05	2.170684e-02	4.454642e+00
2.182000e-05	-5.184911e-02	4.726166e+00
2.183000e-05	-2.255738e-02	4.811005e+00
2.184000e-05	5.231348e-02	5.033451e+00
2.185000e-05	-1.885067e-02	5.262083e+00
2.186000e-05	-2.228089e-02	5.391503e+00
2.187000e-05	-2.552761e-02	5.538395e+00
2.188000e-05	2.048255e-02	5.674664e+00
2.189000e-05	1.199363e-02	5.862562e+00
2.190000e-05	-3.103778e-02	6.021556e+00
2.191000e-05	-1.041738e-02	6.200323e+00
2.192000e-05	-4.765856e-02	6.336267e+00
2.193000e-05	3.669034e-02	6.431505e+00
2.194000e-05	1.816548e-02	6.581474e+00
2.195000e-05	-3.690621e-02	6.748950e+00
2.196000e-05	-1.548628e-02	6.896142e+00
2.197000e-05	-1.115165e-02	7.023082e+00
2.198000e-05	1.716472e-02	7.127766e+00
2.199000e-05	-1.930278e-02	7.232062e+00
2.200000e-05	-3.784004e-02	7.444533e+00
2.201000e-05	-1.604593e-02	7.580476e+00
2.202000e-05	1.147634e-02	7.685719e+00
2.203000e-05	1.272818e-02	7.814479e+00
2.204000e-05	-2.488264e-02	7.981202e+00
2.205000e-05	-3.140893e-02	8.104348e+00
2.206000e-05	-6.996425e-03	8.223429e+00
2.207000e-05	3.505469e-03	8.346716e+00
2.208000e-05	-7.237498e-03	8.410954e+00
2.209000e-05	-3.565127e-02	8.485138e+00
2.210000e-05	-2.203966e-02	8.539875e+00
2.211000e-05	4.275207e-03	8.704116e+00
2.212000e-05	7.395318e-04	8.759317e+00
2.213000e-05	-1.934898e-02	8.813508e+00
2.214000e-05	-3.561277e-02	8.927122e+00
2.215000e-05	-1.151297e-02	9.041985e+00
2.216000e-05	-1.663521e-03	9.126219e+00
2.217000e-05	-8.422757e-03	9.189952e+00
2.218000e-05	-3.169240e-02	9.244632e+00
2.219000e-05	-2.840027e-02	9.317794e+00
2.220000e-05	-5.523131e-03	9.380878e+00
2.221000e-05	-4.933525e-03	9.462083e+00
2.222000e-05	-1.946267e-02	9.515167e+00
2.223000e-05	-3.432241e-02	9.560296e+00
2.224000e-05	-1.824298e-02	9.590975e+00
2.225000e-05	-6.800758e-03	9.665581e+00
2.226000e-05	-1.241439e-02	9.705193e+00
2.227000e-05	-3.261926e-02	9.750876e+00
2.228000e-05	-3.275077e-02	9.829881e+00
2.229000e-05	-1.563351e-02	9.854508e+00
2.230000e-05	-1.123595e-02	9.903691e+00
2.231000e-05	-2.275276e-02	9.946793e+00
2.232000e-05	-3.562861e-02	9.929319e+00
2.233000e-05	-2.497687e-02	9.948895e+00
2.234000e-05	-1.410981e-02	9.959325e+00
2.235000e-05	-1.712079e-02	9.991949e+00
2.236000e-05	-3.444194e-02	9.973551e+00
2.237000e-05	-3.731772e-02	1.001145e+01
2.238000e-05	-2.583191e-02	1.003198e+01
2.239000e-05	-1.880434e-02	1.002098e+01
2.240000e-05	-2.755754e-02	1.002155e+01
2.241000e-05	-3.914559e-02	1.004148e+01
2.242000e-05	-3.299796e-02	1.004100e+01
2.243000e-05	-2.413316e-02	9.960924e+00
2.244000e-05	-2.465441e-02	9.958371e+00
2.245000e-05	-3.784098e-02	9.986797e+00
2.246000e-05	-4.188456e-02	9.934845e+00
2.247000e-05	-3.462533e-02	9.874591e+00
2.248000e-05	-2.701588e-02	9.822983e+00
2.249000e-05	-3.291118e-02	9.800385e+00
2.250000e-05	-4.294155e-02	9.749223e+00
2.251000e-05	-4.078006e-02	9.706216e+00
2.252000e-05	-3.120088e-02	9.632559e+00
2.253000e-05	-2.951354e-02	9.600052e+00
2.254000e-05	-3.789769e-02	9.556768e+00
2.255000e-05	-4.222015e-02	9.496167e+00
2.256000e-05	-3.609666e-02	9.433057e+00
2.257000e-05	-2.900714e-02	9.391948e+00
2.258000e-05	-3.175850e-02	9.336740e+00
2.259000e-05	-3.914635e-02	9.284533e+00
2.260000e-05	-3.653539e-02	9.211051e+00
2.261000e-05	-2.794039e-02	9.137839e+00
2.262000e-05	-2.395413e-02	9.063458e+00
2.263000e-05	-2.983910e-02	8.978788e+00
2.264000e-05	-3.210843e-02	8.822604e+00
2.265000e-05	-2.857736e-02	8.777296e+00
2.266000e-05	-2.057716e-02	8.693637e+00
2.267000e-05	-2.171727e-02	8.568925e+00
2.268000e-05	-2.710017e-02	8.504687e+00
2.269000e-05	-2.654670e-02	8.391052e+00
2.270000e-05	-2.050545e-02	8.327194e+00
2.271000e-05	-1.635187e-02	8.199429e+00
2.272000e-05	-1.930295e-02	8.074732e+00
2.273000e-05	-2.321898e-02	7.989850e+00
2.274000e-05	-2.030899e-02	7.863107e+00
2.275000e-05	-1.454204e-02	7.755792e+00
2.276000e-05	-1.424012e-02	7.642053e+00
2.277000e-05	-1.926683e-02	7.465513e+00
2.278000e-05	-1.870667e-02	7.316691e+00
2.279000e-05	-1.520733e-02	7.169296e+00
2.280000e-05	-1.072837e-02	7.052105e+00
2.281000e-05	-1.400483e-02	6.925791e+00
2.282000e-05	-1.694621e-02	6.809430e+00
2.283000e-05	-1.533024e-02	6.692612e+00
2.284000e-05	-1.077514e-02	6.486214e+00
2.285000e-05	-8.897756e-03	6.367319e+00
2.286000e-05	-1.294530e-02	6.211078e+00
2.287000e-05	-1.456244e-02	6.084761e+00
2.288000e-05	-1.094166e-02	5.978395e+00
2.289000e-05	-8.357239e-03	5.757554e+00
2.290000e-05	-9.894432e-03	5.590979e+00
2.291000e-05	-1.223571e-02	5.463085e+00
2.292000e-05	-1.218916e-02	5.344735e+00
2.293000e-05	-8.371751e-03	5.155841e+00
2.294000e-05	-6.376865e-03	4.886839e+00
2.295000e-05	-8.762103e-03	4.755768e+00
2.296000e-05	-1.083483e-02	4.578894e+00
2.297000e-05	-9.166357e-03	4.442129e+00
2.298000e-05	-6.870151e-03	4.303157e+00
2.299000e-05	-7.084653e-03	4.052627e+00
2.300000e-05	-1.001839e-02	3.884736e+00
2.301000e-05	-1.058044e-02	3.756367e+00
2.302000e-05	-8.302867e-03	3.619451e+00
2.303000e-05	-4.854917e-03	3.399903e+00
2.304000e-05	-6.002072e-03	3.190473e+00
2.305000e-05	-7.986475e-03	3.052033e+00
2.306000e-05	-8.585494e-03	2.884259e+00
2.307000e-05	-4.958478e-03	2.757762e+00
2.308000e-05	-5.281229e-03	2.525187e+00
2.309000e-05	-7.037133e-03	2.325690e+00
2.310000e-05	-8.286350e-03	2.156815e+00
2.311000e-05	-6.402244e-03	1.999474e+00
2.312000e-05	-4.050782e-03	1.829024e+00
2.313000e-05	-4.496926e-03	1.610108e+00
2.314000e-05	-6.519827e-03	1.399569e+00
2.315000e-05	-6.404275e-03	1.233029e+00
2.316000e-05	-4.616463e-03	9.786050e-01
2.317000e-05	-3.287017e-03	7.789974e-01
2.318000e-05	-4.953165e-03	6.219551e-01
2.319000e-05	-7.093182e-03	4.290264e-01
2.320000e-05	-5.643034e-03	2.732804e-01
2.321000e-05	-2.993039e-03	4.158039e-02
2.322000e-05	7.196905e-04	-9.683923e-02
2.323000e-05	2.423750e-03	-3.051842e-01
2.324000e-05	-4.032976e-03	-4.409776e-01
2.325000e-05	1.663841e-03	-6.310802e-01
2.326000e-05	-1.113451e-03	-8.210313e-01
2.327000e-05	6.088513e-05	-1.008398e+00
2.328000e-05	-5.073125e-03	-1.094788e+00
2.329000e-05	6.528623e-03	-1.266612e+00
2.330000e-05	6.793142e-02	-1.506320e+00
2.331000e-05	3.331425e-02	-1.726795e+00
2.332000e-05	-5.267223e-02	-2.002450e+00
2.333000e-05	-3.323702e-02	-2.284210e+00
2.334000e-05	-1.183251e-01	-2.411028e+00
2.335000e-05	1.047184e-01	-2.440528e+00
2.336000e-05	6.167494e-02	-2.538849e+00
2.337000e-05	-1.843697e-01	-2.811533e+00
2.338000e-05	1.517570e-01	-2.933794e+00
2.339000e-05	-3.062630e-03	-3.095812e+00
2.340000e-05	-1.061356e-01	-3.349497e+00
2.341000e-05	1.758599e-01	-3.514690e+00
2.342000e-05	-6.822712e-02	-3.673054e+00
2.343000e-05	-1.370655e-01	-3.914842e+00
2.344000e-05	1.578182e-01	-4.041004e+00
2.345000e-05	-6.244375e-02	-4.242953e+00
2.346000e-05	6.781672e-02	-4.388473e+00
2.347000e-05	2.717394e-03	-4.473612e+00
2.348000e-05	-1.200772e-01	-4.744392e+00
2.349000e-05	1.459111e-01	-4.863633e+00
2.350000e-05	-4.343131e-02	-5.021031e+00
2.351000e-05	-2.353130e-02	-5.222030e+00
2.352000e-05	1.801242e-02	-5.370429e+00
2.353000e-05	-4.341915e-02	-5.610477e+00
2.354000e-05	1.074335e-01	-5.727793e+00
2.355000e-05	-5.616214e-02	-5.906737e+00
2.356000e-05	1.063885e-02	-6.009005e+00
2.357000e-05	-1.263260e-02	-6.138766e+00
2.358000e-05	-3.528248e-02	-6.400299e+00
2.359000e-05	1.237033e-01	-6.486194e+00
2.360000e-05	-7.675206e-02	-6.642080e+00
2.361000e-05	2.047128e-02	-6.768897e+00
2.362000e-05	-4.690450e-03	-6.882582e+00
2.363000e-05	8.852682e-03	-7.095262e+00
2.364000e-05	6.091254e-02	-7.230979e+00
2.365000e-05	-8.169184e-02	-7.337217e+00
2.366000e-05	3.605608e-02	-7.474634e+00
2.367000e-05	-1.125589e-02	-7.588327e+00
2.368000e-05	5.144068e-02	-7.760367e+00
2.369000e-05	1.080444e-02	-7.905189e+00
2.370000e-05	-3.962210e-02	-8.031032e+00
2.371000e-05	3.181665e-02	-8.135719e+00
2.372000e-05	-9.605089e-03	-8.252005e+00
2.373000e-05	4.799785e-02	-8.327769e+00
2.374000e-05	-3.008826e-02	-8.440527e+00
2.375000e-05	-1.698085e-03	-8.495721e+00
2.376000e-05	2.117351e-02	-8.671961e+00
2.377000e-05	2.213936e-02	-8.746872e+00
2.378000e-05	2.489817e-02	-8.831508e+00
2.379000e-05	-2.744308e-02	-8.946741e+00
2.380000e-05	1.570753e-02	-8.999951e+00
2.381000e-05	1.186875e-02	-9.043632e+00
2.382000e-05	2.913667e-02	-9.155343e+00
2.383000e-05	-2.110919e-03	-9.212500e+00
2.384000e-05	-9.313251e-03	-9.304213e+00
2.385000e-05	1.936545e-02	-9.387722e+00
2.386000e-05	2.406582e-02	-9.462534e+00
2.387000e-05	2.214122e-02	-9.548346e+00
2.388000e-05	-7.875277e-03	-9.619905e+00
2.389000e-05	7.953888e-03	-9.643130e+00
2.390000e-05	2.126038e-02	-9.694187e+00
2.391000e-05	2.637920e-02	-9.747217e+00
2.392000e-05	5.860762e-03	-9.809429e+00
2.393000e-05	-1.993620e-03	-9.862080e+00
2.394000e-05	1.641887e-02	-9.861109e+00
2.395000e-05	2.512916e-02	-9.884687e+00
2.396000e-05	2.374684e-02	-9.916318e+00
2.397000e-05	5.750169e-03	-9.946321e+00
2.398000e-05	9.874844e-03	-9.957870e+00
2.399000e-05	2.428714e-02	-9.958945e+00
2.400000e-05	2.869730e-02	-9.977926e+00
2.401000e-05	1.549379e-02	-1.001000e+01
2.402000e-05	4.989005e-03	-1.002150e+01
2.403000e-05	1.707328e-02	-1.000045e+01
2.404000e-05	2.964217e-02	-1.003146e+01
2.405000e-05	2.797193e-02	-1.004155e+01
2.406000e-05	1.659699e-02	-1.002210e+01
2.407000e-05	1.530917e-02	-9.991000e+00
2.408000e-05	2.834507e-02	-1.000200e+01
2.409000e-05	3.359108e-02	-9.999447e+00
2.410000e-05	2.434485e-02	-9.997922e+00
2.411000e-05	1.654220e-02	-9.958395e+00
2.412000e-05	2.136851e-02	-9.957368e+00
2.413000e-05	3.343739e-02	-9.924741e+00
2.414000e-05	3.251122e-02	-9.874239e+00
2.415000e-05	2.491361e-02	-9.875131e+00
2.416000e-05	2.055985e-02	-9.820528e+00
2.417000e-05	3.218986e-02	-9.829900e+00
2.418000e-05	3.676029e-02	-9.735717e+00
2.419000e-05	3.040672e-02	-9.685189e+00
2.420000e-05	2.102769e-02	-9.654105e+00
2.421000e-05	2.344616e-02	-9.610428e+00
2.422000e-05	3.222979e-02	-9.547323e+00
2.423000e-05	3.118687e-02	-9.464191e+00
2.424000e-05	2.437967e-02	-9.480404e+00
2.425000e-05	2.027162e-02	-9.316767e+00
2.426000e-05	2.680363e-02	-9.221051e+00
2.427000e-05	3.024194e-02	-9.177946e+00
2.428000e-05	2.545102e-02	-9.106164e+00
2.429000e-05	1.588066e-02	-9.021950e+00
2.430000e-05	1.455434e-02	-8.947316e+00
2.431000e-05	2.090321e-02	-8.872605e+00
2.432000e-05	2.138697e-02	-8.748924e+00
2.433000e-05	1.544946e-02	-8.682591e+00
2.434000e-05	1.145455e-02	-8.577445e+00
2.435000e-05	1.541433e-02	-8.424606e+00
2.436000e-05	1.945815e-02	-8.336296e+00
2.437000e-05	1.645238e-02	-8.312107e+00
2.438000e-05	8.635238e-03	-8.148368e+00
2.439000e-05	6.575705e-03	-8.063078e+00
2.440000e-05	1.131358e-02	-7.978222e+00
2.441000e-05	1.203568e-02	-7.808984e+00
2.442000e-05	7.702470e-03	-7.650633e+00
2.443000e-05	3.801832e-03	-7.526764e+00
2.444000e-05	6.503752e-03	-7.348901e+00
2.445000e-05	1.160212e-02	-7.254083e+00
2.446000e-05	9.937646e-03	-7.157319e+00
2.447000e-05	3.585883e-03	-6.976953e+00
2.448000e-05	2.144971e-03	-6.811608e+00
2.449000e-05	5.154744e-03	-6.704762e+00
2.450000e-05	6.301262e-03	-6.587974e+00
2.451000e-05	3.547226e-03	-6.442204e+00
2.452000e-05	2.778091e-04	-6.384316e+00
2.453000e-05	2.293256e-03	-6.125692e+00
2.454000e-05	4.912992e-03	-5.978472e+00
2.455000e-05	5.129070e-03	-5.851533e+00
2.456000e-05	-7.573882e-05	-5.704712e+00
2.457000e-05	-9.044882e-04	-5.567896e+00
2.458000e-05	1.067193e-03	-5.346290e+00
2.459000e-05	3.783726e-03	-5.167795e+00
2.460000e-05	-2.842126e-04	-4.997975e+00
2.461000e-05	-2.689140e-03	-4.819871e+00
2.462000e-05	-2.580202e-03	-4.608578e+00
2.463000e-05	3.867189e-03	-4.475109e+00
2.464000e-05	2.241806e-04	-4.315262e+00
2.465000e-05	-1.560012e-03	-4.158945e+00
2.466000e-05	-4.989869e-03	-4.009550e+00
2.467000e-05	2.893413e-04	-3.871629e+00
2.468000e-05	2.143016e-04	-3.653027e+00
2.469000e-05	-5.933727e-04	-3.502739e+00
2.470000e-05	-5.070876e-03	-3.294812e+00
2.471000e-05	-5.047977e-03	-3.157922e+00
2.472000e-05	-1.703082e-03	-2.926341e+00
2.473000e-05	-1.458232e-03	-2.776921e+00
2.474000e-05	-3.968057e-03	-2.619500e+00
2.475000e-05	-5.315720e-03	-2.441076e+00
2.476000e-05	-1.813570e-03	-2.261728e+00
2.477000e-05	-1.304086e-03	-2.040978e+00
2.478000e-05	-1.973209e-03	-1.894084e+00
2.479000e-05	-6.131699e-03	-1.663741e+00
2.480000e-05	-6.320237e-03	-1.545392e+00
2.481000e-05	-5.088247e-03	-1.242087e+00
2.482000e-05	-3.932898e-03	-1.083108e+00
2.483000e-05	-5.672678e-03	-8.837880e-01
2.484000e-05	-5.600238e-03	-7.548685e-01
2.485000e-05	-4.294038e-03	-5.247919e-01
2.486000e-05	-1.850557e-03	-3.554384e-01
2.487000e-05	-3.732386e-03	-2.105001e-01
2.488000e-05	-3.183884e-03	1.155395e-02
2.489000e-05	4.427481e-04	1.599938e-01
2.490000e-05	-4.109735e-03	3.700024e-01
2.491000e-05	1.929395e-04	5.392857e-01
2.492000e-05	-4.419782e-03	7.162156e-01
2.493000e-05	-2.536913e-03	8.235788e-01
2.494000e-05	-4.422949e-03	1.073137e+00
2.495000e-05	4.093451e-03	1.243081e+00
2.496000e-05	1.764143e-02	1.402073e+00
2.497000e-05	6.798214e-02	1.674817e+00
2.498000e-05	-1.610327e-02	1.926343e+00
2.499000e-05	-4.603353e-02	2.094636e+00
2.500000e-05	-4.675557e-02	2.274157e+00
2.501000e-05	-8.797257e-02	2.399974e+00
2.502000e-05	5.165744e-02	2.464137e+00
2.503000e-05	8.368048e-02	2.717343e+00
2.504000e-05	-1.747365e-01	2.874188e+00
2.505000e-05	1.263257e-01	3.021003e+00
2.506000e-05	1.925963e-02	3.241530e+00
2.507000e-05	-7.510116e-02	3.401953e+00
2.508000e-05	9.439669e-02	3.548890e+00
2.509000e-05	-4.210580e-02	3.716242e+00
2.510000e-05	-1.118532e-01	3.885843e+00
2.511000e-05	8.721113e-02	4.036612e+00
2.512000e-05	-1.717354e-02	4.295162e+00
2.513000e-05	7.920318e-03	4.423007e+00
2.514000e-05	-1.345688e-02	4.633531e+00
2.515000e-05	-6.269211e-02	4.798951e+00
2.516000e-05	5.703932e-02	4.958347e+00
2.517000e-05	-8.202315e-03	5.169506e+00
2.518000e-05	-1.829851e-02	5.318797e+00
2.519000e-05	-3.452281e-02	5.526792e+00
2.520000e-05	9.777689e-03	5.644056e+00
2.521000e-05	2.360117e-02	5.841906e+00
2.522000e-05	-2.329556e-02	5.950450e+00
2.523000e-05	-1.007702e-02	6.138716e+00
2.524000e-05	-4.318006e-02	6.283668e+00
2.525000e-05	4.762939e-03	6.441978e+00
2.526000e-05	4.043419e-02	6.549267e+00
2.527000e-05	-3.076471e-02	6.706297e+00
2.528000e-05	-2.539199e-02	6.883612e+00
2.529000e-05	-1.034580e-02	6.961404e+00
2.530000e-05	8.529709e-03	7.095692e+00
2.531000e-05	3.633555e-03	7.190501e+00
2.532000e-05	-4.284844e-02	7.377771e+00
2.533000e-05	-2.084526e-02	7.577923e+00
2.534000e-05	-4.662257e-04	7.654638e+00
2.535000e-05	1.730392e-02	7.799901e+00
2.536000e-05	-1.283234e-02	7.886798e+00
2.537000e-05	-3.699349e-02	8.044663e+00
2.538000e-05	-1.003310e-02	8.200502e+00
2.539000e-05	-2.959848e-03	8.284270e+00
2.540000e-05	3.703609e-03	8.338424e+00
2.541000e-05	-3.288063e-02	8.484107e+00
2.542000e-05	-2.742992e-02	8.538819e+00
2.543000e-05	-3.206468e-03	8.634061e+00
2.544000e-05	5.267600e-03	8.725217e+00
2.545000e-05	-1.135317e-02	8.809933e+00
2.546000e-05	-3.586991e-02	8.897189e+00
2.547000e-05	-1.804465e-02	9.030855e+00
2.548000e-05	-4.301979e-03	9.105191e+00
2.549000e-05	-2.319781e-03	9.149874e+00
2.550000e-05	-2.796655e-02	9.262985e+00
2.551000e-05	-3.184909e-02	9.316689e+00
2.552000e-05	-1.243688e-02	9.358451e+00
2.553000e-05	-1.021587e-03	9.432033e+00
2.554000e-05	-1.470728e-02	9.494667e+00
2.555000e-05	-3.225152e-02	9.538266e+00
2.556000e-05	-2.366916e-02	9.589378e+00
2.557000e-05	-8.781094e-03	9.653563e+00
2.558000e-05	-8.088036e-03	9.695216e+00
2.559000e-05	-2.893539e-02	9.757819e+00
2.560000e-05	-3.419091e-02	9.810461e+00
2.561000e-05	-2.067711e-02	9.851583e+00
2.562000e-05	-8.847405e-03	9.853138e+00
2.563000e-05	-1.849880e-02	9.908167e+00
2.564000e-05	-3.399882e-02	9.938272e+00
2.565000e-05	-2.884648e-02	9.978946e+00
2.566000e-05	-1.595654e-02	9.989426e+00
2.567000e-05	-1.370002e-02	9.978901e+00
2.568000e-05	-3.063823e-02	1.000100e+01
2.569000e-05	-3.784807e-02	1.001248e+01
2.570000e-05	-3.016239e-02	1.002255e+01
2.571000e-05	-1.768265e-02	1.002103e+01
2.572000e-05	-2.363173e-02	1.002155e+01
2.573000e-05	-3.707091e-02	1.002150e+01
2.574000e-05	-3.648422e-02	1.001000e+01
2.575000e-05	-2.576545e-02	1.001045e+01
2.576000e-05	-2.313868e-02	9.988797e+00
2.577000e-05	-3.589224e-02	9.967822e+00
2.578000e-05	-4.188377e-02	9.915838e+00
2.579000e-05	-3.727316e-02	9.904688e+00
2.580000e-05	-2.686862e-02	9.833060e+00
2.581000e-05	-3.007850e-02	9.851034e+00
2.582000e-05	-4.124139e-02	9.788881e+00
2.583000e-05	-4.230108e-02	9.716265e+00
2.584000e-05	-3.409152e-02	9.692609e+00
2.585000e-05	-2.809796e-02	9.602029e+00
2.586000e-05	-3.650907e-02	9.558349e+00
2.587000e-05	-4.199185e-02	9.525715e+00
2.588000e-05	-3.893697e-02	9.493160e+00
2.589000e-05	-2.969062e-02	9.371455e+00
2.590000e-05	-2.948038e-02	9.317819e+00
2.591000e-05	-3.703068e-02	9.284636e+00
2.592000e-05	-3.749354e-02	9.210581e+00
2.593000e-05	-2.975640e-02	9.157322e+00
2.594000e-05	-2.420607e-02	9.113238e+00
2.595000e-05	-2.925416e-02	8.948323e+00
2.596000e-05	-3.334319e-02	8.863707e+00
2.597000e-05	-2.950787e-02	8.779448e+00
2.598000e-05	-2.225576e-02	8.675291e+00
2.599000e-05	-2.218601e-02	8.610482e+00
2.600000e-05	-2.434767e-02	8.484767e+00
2.601000e-05	-2.805923e-02	8.432082e+00
2.602000e-05	-2.129965e-02	8.358318e+00
2.603000e-05	-1.761520e-02	8.233037e+00
2.604000e-05	-1.786427e-02	8.126888e+00
2.605000e-05	-2.396723e-02	8.010004e+00
2.606000e-05	-2.179766e-02	7.895289e+00
2.607000e-05	-1.657067e-02	7.779422e+00
2.608000e-05	-1.335660e-02	7.633530e+00
2.609000e-05	-1.759442e-02	7.526743e+00
2.610000e-05	-1.949972e-02	7.320848e+00
2.611000e-05	-1.677759e-02	7.200053e+00
2.612000e-05	-1.202837e-02	7.094711e+00
2.613000e-05	-1.288786e-02	6.968267e+00
2.614000e-05	-1.586674e-02	6.822605e+00
2.615000e-05	-1.697878e-02	6.734787e+00
2.616000e-05	-1.219178e-02	6.518295e+00
2.617000e-05	-8.776638e-03	6.388500e+00
2.618000e-05	-1.140397e-02	6.274554e+00
2.619000e-05	-1.365888e-02	6.145267e+00
2.620000e-05	-1.271005e-02	5.969925e+00
2.621000e-05	-9.311283e-03	5.872684e+00
2.622000e-05	-8.052888e-03	5.613082e+00
2.623000e-05	-1.118242e-02	5.535288e+00
2.624000e-05	-1.220837e-02	5.367393e+00
2.625000e-05	-1.063722e-02	5.159547e+00
2.626000e-05	-7.376269e-03	5.018922e+00
2.627000e-05	-8.244291e-03	4.767448e+00
2.628000e-05	-1.058673e-02	4.651632e+00
2.629000e-05	-1.000256e-02	4.462634e+00
2.630000e-05	-7.150154e-03	4.374765e+00
2.631000e-05	-6.176503e-03	4.106234e+00
2.632000e-05	-8.367829e-03	3.957443e+00
2.633000e-05	-9.620950e-03	3.808902e+00
2.634000e-05	-8.711442e-03	3.601580e+00
2.635000e-05	-6.183177e-03	3.502833e+00
2.636000e-05	-5.898455e-03	3.211629e+00
2.637000e-05	-7.681071e-03	3.093763e+00
2.638000e-05	-7.835107e-03	2.945765e+00
2.639000e-05	-5.903522e-03	2.778447e+00
2.640000e-05	-5.687375e-03	2.557369e+00
2.641000e-05	-6.314852e-03	2.388969e+00
2.642000e-05	-7.678223e-03	2.188996e+00
2.643000e-05	-6.879278e-03	2.020030e+00
2.644000e-05	-5.799241e-03	1.834152e+00
2.645000e-05	-5.009070e-03	1.652757e+00
2.646000e-05	-6.488018e-03	1.463159e+00
2.647000e-05	-6.436924e-03	1.285232e+00
2.648000e-05	-5.551205e-03	1.062183e+00
2.649000e-05	-4.254024e-03	8.110766e-01
2.650000e-05	-3.813617e-03	6.422057e-01
2.651000e-05	-5.835090e-03	4.542080e-01
2.652000e-05	-5.043391e-03	3.558646e-01
2.653000e-05	-4.462796e-03	1.337158e-01
2.654000e-05	-2.254371e-03	-7.413540e-02
2.655000e-05	2.970364e-03	-2.215315e-01
2.656000e-05	-1.414808e-03	-3.714773e-01
2.657000e-05	-3.663006e-04	-5.872709e-01
2.658000e-05	-1.742141e-03	-7.769437e-01
2.659000e-05	-9.108934e-04	-9.357421e-01
2.660000e-05	-3.906099e-03	-1.073635e+00
2.661000e-05	2.296853e-03	-1.221707e+00
2.662000e-05	3.900595e-02	-1.433637e+00
2.663000e-05	7.611802e-02	-1.643134e+00
2.664000e-05	-5.959079e-02	-1.917847e+00
2.665000e-05	-1.405495e-02	-2.201580e+00
2.666000e-05	-1.118144e-01	-2.390451e+00
2.667000e-05	1.499362e-02	-2.431578e+00
2.668000e-05	1.391662e-01	-2.503711e+00
2.669000e-05	-1.631128e-01	-2.778271e+00
2.670000e-05	4.996854e-02	-2.966742e+00
2.671000e-05	1.102632e-01	-3.051355e+00
2.672000e-05	-1.544951e-01	-3.314187e+00
2.673000e-05	1.215191e-01	-3.494286e+00
2.674000e-05	4.801872e-02	-3.620425e+00
2.675000e-05	-2.005857e-01	-3.833637e+00
2.676000e-05	1.192704e-01	-3.979400e+00
2.677000e-05	5.366642e-03	-4.169773e+00
2.678000e-05	-6.560828e-03	-4.348896e+00
2.679000e-05	8.199252e-02	-4.442554e+00
2.680000e-05	-1.494727e-01	-4.672684e+00
2.681000e-05	9.240283e-02	-4.831504e+00
2.682000e-05	4.147135e-02	-4.917348e+00
2.683000e-05	-8.135389e-02	-5.177427e+00
2.684000e-05	5.413439e-02	-5.279766e+00
2.685000e-05	-6.702809e-02	-5.547348e+00
2.686000e-05	8.870741e-02	-5.705613e+00
2.687000e-05	-1.471476e-03	-5.823056e+00
2.688000e-05	-3.904321e-02	-5.989026e+00
2.689000e-05	3.607883e-02	-6.115687e+00
2.690000e-05	-8.156148e-02	-6.305787e+00
2.691000e-05	1.206054e-01	-6.474636e+00
2.692000e-05	-2.547305e-02	-6.589401e+00
2.693000e-05	-2.927788e-02	-6.758296e+00
2.694000e-05	3.325809e-02	-6.841009e+00
2.695000e-05	-3.324184e-02	-7.042534e+00
2.696000e-05	8.705422e-02	-7.188400e+00
2.697000e-05	-6.477141e-02	-7.294714e+00
2.698000e-05	4.533251e-03	-7.452530e+00
2.699000e-05	1.085705e-02	-7.519268e+00
2.700000e-05	1.859699e-02	-7.728296e+00
2.701000e-05	4.866675e-02	-7.853555e+00
2.702000e-05	-5.364839e-02	-7.929401e+00
2.703000e-05	2.674940e-02	-8.094712e+00
2.704000e-05	-5.876661e-03	-8.219924e+00
2.705000e-05	3.726209e-02	-8.295290e+00
2.706000e-05	-4.518987e-05	-8.379449e+00
2.707000e-05	-2.551989e-02	-8.485660e+00
2.708000e-05	2.715642e-02	-8.609852e+00
2.709000e-05	1.301023e-02	-8.717269e+00
2.710000e-05	3.533166e-02	-8.822478e+00
2.711000e-05	-2.055041e-02	-8.884717e+00
2.712000e-05	6.119106e-04	-8.948924e+00
2.713000e-05	1.682105e-02	-9.052608e+00
2.714000e-05	2.283997e-02	-9.117819e+00
2.715000e-05	1.391630e-02	-9.190502e+00
2.716000e-05	-1.591996e-02	-9.273156e+00
2.717000e-05	1.517419e-02	-9.328268e+00
2.718000e-05	2.193327e-02	-9.411533e+00
2.719000e-05	2.597154e-02	-9.525140e+00
2.720000e-05	-2.522512e-03	-9.558874e+00
2.721000e-05	-5.574546e-04	-9.651578e+00
2.722000e-05	2.117842e-02	-9.652635e+00
2.723000e-05	2.610115e-02	-9.706792e+00
2.724000e-05	1.474534e-02	-9.787946e+00
2.725000e-05	-4.770663e-03	-9.801982e+00
2.726000e-05	1.074713e-02	-9.841534e+00
2.727000e-05	2.478198e-02	-9.884086e+00
2.728000e-05	2.598435e-02	-9.914691e+00
2.729000e-05	1.063206e-02	-9.936245e+00
2.730000e-05	4.912873e-03	-9.957845e+00
2.731000e-05	2.135792e-02	-9.928268e+00
2.732000e-05	2.881415e-02	-9.958774e+00
2.733000e-05	2.040059e-02	-1.000045e+01
2.734000e-05	6.041136e-03	-1.003092e+01
2.735000e-05	1.230162e-02	-1.000143e+01
2.736000e-05	2.837907e-02	-1.001208e+01
2.737000e-05	3.092690e-02	-1.003353e+01
2.738000e-05	1.928203e-02	-1.000995e+01
2.739000e-05	1.208320e-02	-1.000052e+01
2.740000e-05	2.391531e-02	-9.980402e+00
2.741000e-05	3.270442e-02	-1.000043e+01
2.742000e-05	2.794330e-02	-9.988870e+00
2.743000e-05	1.704485e-02	-9.977846e+00
2.744000e-05	1.993086e-02	-9.936270e+00
2.745000e-05	3.297678e-02	-9.917245e+00
2.746000e-05	3.536191e-02	-9.873686e+00
2.747000e-05	2.739091e-02	-9.854132e+00
2.748000e-05	1.975207e-02	-9.811480e+00
2.749000e-05	2.847475e-02	-9.779927e+00
2.750000e-05	3.565377e-02	-9.727794e+00
2.751000e-05	3.298197e-02	-9.714714e+00
2.752000e-05	2.287368e-02	-9.631610e+00
2.753000e-05	2.213208e-02	-9.630502e+00
2.754000e-05	3.182873e-02	-9.567446e+00
2.755000e-05	3.319421e-02	-9.513666e+00
2.756000e-05	2.739992e-02	-9.410962e+00
2.757000e-05	1.837685e-02	-9.327266e+00
2.758000e-05	2.490272e-02	-9.243583e+00
2.759000e-05	3.105286e-02	-9.161372e+00
2.760000e-05	2.798039e-02	-9.146295e+00
2.761000e-05	1.974142e-02	-9.041005e+00
2.762000e-05	1.286245e-02	-8.957345e+00
2.763000e-05	2.045165e-02	-8.894135e+00
2.764000e-05	2.139436e-02	-8.790524e+00
2.765000e-05	1.855174e-02	-8.736190e+00
2.766000e-05	1.137287e-02	-8.599003e+00
2.767000e-05	1.478712e-02	-8.464659e+00
2.768000e-05	2.082559e-02	-8.359373e+00
2.769000e-05	1.858199e-02	-8.284660e+00
2.770000e-05	1.050358e-02	-8.198924e+00
2.771000e-05	4.606076e-03	-8.090658e+00
2.772000e-05	1.013128e-02	-7.978974e+00
2.773000e-05	1.321088e-02	-7.881558e+00
2.774000e-05	1.021084e-02	-7.635164e+00
2.775000e-05	4.183958e-03	-7.536371e+00
2.776000e-05	6.292163e-03	-7.409378e+00
2.777000e-05	1.074679e-02	-7.324287e+00
2.778000e-05	1.171498e-02	-7.199025e+00
2.779000e-05	4.095338e-03	-7.041007e+00
2.780000e-05	7.344752e-04	-6.842663e+00
2.781000e-05	2.642444e-03	-6.747292e+00
2.782000e-05	6.083477e-03	-6.612479e+00
2.783000e-05	4.558054e-03	-6.484112e+00
2.784000e-05	7.820266e-04	-6.366921e+00
2.785000e-05	7.799890e-04	-6.156949e+00
2.786000e-05	4.745516e-03	-6.020924e+00
2.787000e-05	6.567964e-03	-5.884182e+00
2.788000e-05	1.883706e-03	-5.735266e+00
2.789000e-05	-1.973726e-03	-5.607976e+00
2.790000e-05	-1.106380e-03	-5.439573e+00
2.791000e-05	2.638110e-03	-5.188452e+00
2.792000e-05	2.080182e-03	-5.011580e+00
2.793000e-05	-1.160971e-03	-4.782507e+00
2.794000e-05	-3.421215e-03	-4.702128e+00
2.795000e-05	1.656419e-03	-4.525711e+00
2.796000e-05	1.619533e-03	-4.387846e+00
2.797000e-05	-3.585786e-04	-4.190099e+00
2.798000e-05	-3.854064e-03	-4.033131e+00
2.799000e-05	-2.439890e-03	-3.925762e+00
2.800000e-05	-8.248133e-04	-3.694688e+00
2.801000e-05	-5.799810e-04	-3.515838e+00
2.802000e-05	-3.547005e-03	-3.367471e+00
2.803000e-05	-4.427685e-03	-3.200475e+00
2.804000e-05	-3.497638e-03	-3.059574e+00
2.805000e-05	-7.066081e-04	-2.810099e+00
2.806000e-05	-3.686279e-03	-2.663131e+00
2.807000e-05	-4.217525e-03	-2.453633e+00
2.808000e-05	-4.777439e-03	-2.343792e+00
2.809000e-05	-1.762707e-03	-2.084658e+00
2.810000e-05	-1.853927e-03	-1.914790e+00
2.811000e-05	-3.858321e-03	-1.786895e+00
2.812000e-05	-7.184857e-03	-1.619500e+00
2.813000e-05	-6.606652e-03	-1.365815e+00
2.814000e-05	-3.289368e-03	-1.137845e+00
2.815000e-05	-3.402623e-03	-9.478862e-01
2.816000e-05	-4.788643e-03	-8.210224e-01
2.817000e-05	-6.166565e-03	-5.673935e-01
2.818000e-05	-3.072301e-03	-3.584948e-01
2.819000e-05	-2.573440e-03	-2.295976e-01
2.820000e-05	-1.818977e-03	-4.218171e-02
2.821000e-05	-1.170388e-03	8.676697e-02
2.822000e-05	-4.133125e-03	3.583194e-01
2.823000e-05	-6.930611e-04	4.946842e-01
2.824000e-05	-9.573356e-04	6.610841e-01
2.825000e-05	-2.867140e-03	7.894786e-01
2.826000e-05	-5.435485e-03	9.904012e-01
2.827000e-05	9.016941e-04	1.190577e+00
2.828000e-05	1.190598e-02	1.367348e+00
2.829000e-05	6.030290e-02	1.604009e+00
2.830000e-05	2.007513e-02	1.823608e+00
2.831000e-05	-5.600294e-02	2.032130e+00
2.832000e-05	-4.052251e-02	2.191024e+00
2.833000e-05	-7.973752e-02	2.367899e+00
2.834000e-05	-1.667744e-02	2.414605e+00
2.835000e-05	1.406310e-01	2.664610e+00
2.836000e-05	-1.454322e-01	2.822130e+00
2.837000e-05	2.504279e-02	2.948871e+00
2.838000e-05	1.085669e-01	3.170474e+00
2.839000e-05	-9.564600e-02	3.337945e+00
2.840000e-05	4.767169e-02	3.506272e+00
2.841000e-05	3.854561e-02	3.643661e+00
2.842000e-05	-1.506815e-01	3.864683e+00
2.843000e-05	5.729374e-02	3.990051e+00
2.844000e-05	1.897706e-02	4.262004e+00
2.845000e-05	-1.384113e-02	4.400453e+00
2.846000e-05	1.951635e-02	4.571304e+00
2.847000e-05	-7.737964e-02	4.758895e+00
2.848000e-05	3.407086e-02	4.894614e+00
2.849000e-05	1.176732e-02	5.116268e+00
2.850000e-05	-2.024722e-02	5.276739e+00
2.851000e-05	-3.139003e-02	5.486165e+00
2.852000e-05	-3.570267e-03	5.591006e+00
2.853000e-05	2.619285e-02	5.789842e+00
2.854000e-05	-8.696866e-03	5.937371e+00
2.855000e-05	-1.913748e-02	6.045613e+00
2.856000e-05	-2.558931e-02	6.252054e+00
2.857000e-05	-2.853938e-02	6.349345e+00
2.858000e-05	4.836898e-02	6.487212e+00
2.859000e-05	-1.638860e-02	6.694116e+00
2.860000e-05	-3.394139e-02	6.812530e+00
2.861000e-05	-7.513126e-03	6.948921e+00
2.862000e-05	-3.821813e-03	7.084659e+00
2.863000e-05	1.921657e-02	7.170454e+00
2.864000e-05	-3.961698e-02	7.338745e+00
2.865000e-05	-2.495075e-02	7.527788e+00
2.866000e-05	-1.148998e-02	7.623511e+00
2.867000e-05	1.667189e-02	7.739872e+00
2.868000e-05	-2.381949e-03	7.855541e+00
2.869000e-05	-3.457973e-02	8.053634e+00
2.870000e-05	-1.622535e-02	8.166874e+00
2.871000e-05	-6.302060e-03	8.253612e+00
2.872000e-05	7.525261e-03	8.336870e+00
2.873000e-05	-2.288966e-02	8.451083e+00
2.874000e-05	-3.180738e-02	8.516268e+00
2.875000e-05	-1.253407e-02	8.622054e+00
2.876000e-05	6.063627e-03	8.705192e+00
2.877000e-05	-6.159571e-03	8.778946e+00
2.878000e-05	-3.024203e-02	8.853582e+00
2.879000e-05	-2.607360e-02	8.967380e+00
2.880000e-05	-6.721617e-03	9.083263e+00
2.881000e-05	2.187885e-05	9.126317e+00
2.882000e-05	-1.969716e-02	9.191956e+00
2.883000e-05	-3.186888e-02	9.295113e+00
2.884000e-05	-1.988240e-02	9.338371e+00
2.885000e-05	-2.285001e-03	9.443580e+00
2.886000e-05	-1.035459e-02	9.483086e+00
2.887000e-05	-2.842464e-02	9.515693e+00
2.888000e-05	-2.882572e-02	9.559321e+00
2.889000e-05	-1.376490e-02	9.661478e+00
2.890000e-05	-4.672063e-03	9.676661e+00
2.891000e-05	-2.265689e-02	9.727770e+00
2.892000e-05	-3.224660e-02	9.749375e+00
2.893000e-05	-2.705315e-02	9.791933e+00
2.894000e-05	-1.171300e-02	9.863037e+00
2.895000e-05	-1.669993e-02	9.914192e+00
2.896000e-05	-2.865898e-02	9.946217e+00
2.897000e-05	-3.307312e-02	9.938274e+00
2.898000e-05	-1.934577e-02	9.989945e+00
2.899000e-05	-1.302574e-02	9.950502e+00
2.900000e-05	-2.269652e-02	1.003053e+01
2.901000e-05	-3.527966e-02	9.971529e+00
2.902000e-05	-3.444694e-02	1.000108e+01
2.903000e-05	-2.175022e-02	1.003253e+01
2.904000e-05	-2.278219e-02	9.990976e+00
2.905000e-05	-3.379075e-02	1.002047e+01
2.906000e-05	-3.827651e-02	1.001210e+01
2.907000e-05	-2.917214e-02	1.000250e+01
2.908000e-05	-2.263000e-02	9.939947e+00
2.909000e-05	-3.021277e-02	9.969324e+00
2.910000e-05	-3.916336e-02	9.958796e+00
2.911000e-05	-4.045095e-02	9.905718e+00
2.912000e-05	-2.933056e-02	9.873066e+00
2.913000e-05	-3.000517e-02	9.871483e+00
2.914000e-05	-3.779188e-02	9.760352e+00
2.915000e-05	-4.396498e-02	9.717821e+00
2.916000e-05	-3.614607e-02	9.655159e+00
2.917000e-05	-2.937272e-02	9.610553e+00
2.918000e-05	-3.111123e-02	9.559923e+00
2.919000e-05	-4.006891e-02	9.547223e+00
2.920000e-05	-4.081692e-02	9.445687e+00
2.921000e-05	-3.305538e-02	9.430528e+00
2.922000e-05	-3.055022e-02	9.328851e+00
2.923000e-05	-3.462987e-02	9.264741e+00
2.924000e-05	-3.882348e-02	9.202606e+00
2.925000e-05	-3.253872e-02	9.198925e+00
2.926000e-05	-2.467003e-02	9.095717e+00
2.927000e-05	-2.476824e-02	8.988430e+00
2.928000e-05	-3.058536e-02	8.865111e+00
2.929000e-05	-3.305506e-02	8.781978e+00
2.930000e-05	-2.606218e-02	8.716772e+00
2.931000e-05	-2.174073e-02	8.651532e+00
2.932000e-05	-2.148091e-02	8.555794e+00
2.933000e-05	-2.740625e-02	8.435061e+00
2.934000e-05	-2.467732e-02	8.377450e+00
2.935000e-05	-1.878157e-02	8.294691e+00
2.936000e-05	-1.432925e-02	8.137262e+00
2.937000e-05	-2.014642e-02	8.042106e+00
2.938000e-05	-2.463643e-02	7.916316e+00
2.939000e-05	-1.980282e-02	7.800025e+00
2.940000e-05	-1.476820e-02	7.715260e+00
2.941000e-05	-1.369252e-02	7.558321e+00
2.942000e-05	-1.893163e-02	7.402961e+00
2.943000e-05	-1.929592e-02	7.273105e+00
2.944000e-05	-1.345104e-02	7.146794e+00
2.945000e-05	-9.677565e-03	7.009999e+00
2.946000e-05	-1.318107e-02	6.873658e+00
2.947000e-05	-1.785790e-02	6.737924e+00
2.948000e-05	-1.538438e-02	6.620969e+00
2.949000e-05	-9.922751e-03	6.422403e+00
2.950000e-05	-8.841719e-03	6.316237e+00
2.951000e-05	-1.254897e-02	6.178849e+00
2.952000e-05	-1.442052e-02	6.002080e+00
2.953000e-05	-1.049586e-02	5.916237e+00
2.954000e-05	-7.060645e-03	5.716689e+00
2.955000e-05	-8.831828e-03	5.556371e+00
2.956000e-05	-1.252692e-02	5.388979e+00
2.957000e-05	-1.232613e-02	5.221078e+00
2.958000e-05	-7.773525e-03	5.052029e+00
2.959000e-05	-6.726430e-03	4.821979e+00
2.960000e-05	-1.056659e-02	4.674637e+00
2.961000e-05	-1.149743e-02	4.525164e+00
2.962000e-05	-8.685630e-03	4.368925e+00
2.963000e-05	-5.063561e-03	4.198895e+00
2.964000e-05	-6.100155e-03	3.989447e+00
2.965000e-05	-9.401374e-03	3.862555e+00
2.966000e-05	-9.724818e-03	3.674159e+00
2.967000e-05	-7.013147e-03	3.528340e+00
2.968000e-05	-5.520191e-03	3.324713e+00
2.969000e-05	-7.994475e-03	3.155316e+00
2.970000e-05	-9.783433e-03	2.987969e+00
2.971000e-05	-7.818733e-03	2.811076e+00
2.972000e-05	-4.209398e-03	2.632082e+00
2.973000e-05	-4.156806e-03	2.410024e+00
2.974000e-05	-7.057189e-03	2.272105e+00
2.975000e-05	-8.833684e-03	2.074138e+00
2.976000e-05	-5.535478e-03	1.915290e+00
2.977000e-05	-4.779076e-03	1.755340e+00
2.978000e-05	-6.251726e-03	1.528334e+00
2.979000e-05	-8.531514e-03	1.355837e+00
2.980000e-05	-6.259459e-03	1.117863e+00
2.981000e-05	-3.560169e-03	8.936646e-01
2.982000e-05	-2.360837e-03	7.263646e-01
2.983000e-05	-4.980512e-03	5.368661e-01
2.984000e-05	-5.970929e-03	3.995248e-01
2.985000e-05	-4.886411e-03	1.485701e-01
2.986000e-05	-2.816528e-03	-4.105513e-02
2.987000e-05	2.155150e-03	-1.990250e-01
2.988000e-05	-5.210258e-04	-3.583434e-01
2.989000e-05	-3.363112e-03	-4.557606e-01
2.990000e-05	7.193434e-04	-7.168192e-01
2.991000e-05	-1.059723e-03	-8.531828e-01
2.992000e-05	-2.210015e-03	-1.001053e+00
2.993000e-05	-2.604917e-03	-1.209021e+00
2.994000e-05	1.896872e-02	-1.420456e+00
2.995000e-05	9.274697e-02	-1.601449e+00
2.996000e-05	-3.610370e-02	-1.863710e+00
2.997000e-05	-2.240634e-02	-2.097217e+00
2.998000e-05	-8.293663e-02	-2.368924e+00
2.999000e-05	-6.576862e-02	-2.440052e+00
3.000000e-05	1.672188e-01	-2.412558e+00
3.001000e-05	-8.313583e-02	-2.664105e+00
3.002000e-05	-7.766669e-02	-2.885212e+00
3.003000e-05	1.879835e-01	-2.996321e+00
3.004000e-05	-1.326905e-01	-3.191981e+00
3.005000e-05	2.614732e-02	-3.451710e+00
3.006000e-05	1.435587e-01	-3.556345e+00
3.007000e-05	-1.865082e-01	-3.769925e+00
3.008000e-05	2.000354e-02	-3.948895e+00
3.009000e-05	9.520850e-02	-4.046639e+00
3.010000e-05	-6.843813e-02	-4.295790e+00
3.011000e-05	1.157183e-01	-4.390551e+00
3.012000e-05	-1.136187e-01	-4.589849e+00
3.013000e-05	1.147078e-03	-4.751594e+00
3.014000e-05	1.215588e-01	-4.875741e+00
3.015000e-05	-1.040710e-01	-5.105766e+00
3.016000e-05	4.689489e-02	-5.274087e+00
3.017000e-05	-5.009332e-02	-5.433059e+00
3.018000e-05	3.621839e-02	-5.673708e+00
3.019000e-05	6.377211e-02	-5.789422e+00
3.020000e-05	-7.398421e-02	-5.988345e+00
3.021000e-05	5.219252e-02	-6.073635e+00
3.022000e-05	-7.864339e-02	-6.251934e+00
3.023000e-05	6.888235e-02	-6.422081e+00
3.024000e-05	5.125805e-02	-6.548366e+00
3.025000e-05	-7.576956e-02	-6.715263e+00
3.026000e-05	5.022041e-02	-6.759450e+00
3.027000e-05	-4.392219e-02	-7.000241e+00
3.028000e-05	7.386696e-02	-7.127346e+00
3.029000e-05	-1.613472e-02	-7.254560e+00
3.030000e-05	-4.303998e-02	-7.397899e+00
3.031000e-05	3.659469e-02	-7.485258e+00
3.032000e-05	-8.685524e-03	-7.644013e+00
3.033000e-05	6.893008e-02	-7.768053e+00
3.034000e-05	-4.201563e-02	-7.968346e+00
3.035000e-05	1.825518e-03	-8.054562e+00
3.036000e-05	1.074958e-02	-8.146822e+00
3.037000e-05	1.395631e-02	-8.274663e+00
3.038000e-05	3.019748e-02	-8.367823e+00
3.039000e-05	-4.213980e-02	-8.453057e+00
3.040000e-05	2.448850e-02	-8.587873e+00
3.041000e-05	1.200793e-02	-8.656086e+00
3.042000e-05	3.620927e-02	-8.799925e+00
3.043000e-05	-4.343372e-03	-8.873112e+00
3.044000e-05	-1.706185e-02	-8.957746e+00
3.045000e-05	2.075195e-02	-9.040930e+00
3.046000e-05	1.445115e-02	-9.135143e+00
3.047000e-05	2.647914e-02	-9.177450e+00
3.048000e-05	-1.701424e-02	-9.232055e+00
3.049000e-05	6.874080e-03	-9.335692e+00
3.050000e-05	2.152619e-02	-9.359885e+00
3.051000e-05	2.674163e-02	-9.465665e+00
3.052000e-05	7.344132e-03	-9.537244e+00
3.053000e-05	-9.440490e-03	-9.640002e+00
3.054000e-05	1.803573e-02	-9.654133e+00
3.055000e-05	2.386901e-02	-9.705688e+00
3.056000e-05	2.304071e-02	-9.768341e+00
3.057000e-05	-3.662580e-03	-9.792430e+00
3.058000e-05	5.768892e-03	-9.812605e+00
3.059000e-05	2.168987e-02	-9.852062e+00
3.060000e-05	2.678701e-02	-9.906713e+00
3.061000e-05	1.533546e-02	-9.946365e+00
3.062000e-05	2.246904e-03	-9.956268e+00
3.063000e-05	1.653656e-02	-9.957825e+00
3.064000e-05	2.784140e-02	-9.988799e+00
3.065000e-05	2.586950e-02	-9.990454e+00
3.066000e-05	8.810320e-03	-9.988975e+00
3.067000e-05	8.241099e-03	-9.982477e+00
3.068000e-05	2.421895e-02	-1.002355e+01
3.069000e-05	3.149640e-02	-1.002303e+01
3.070000e-05	2.319052e-02	-1.007213e+01
3.071000e-05	1.103503e-02	-1.001952e+01
3.072000e-05	2.018786e-02	-1.000100e+01
3.073000e-05	3.212323e-02	-1.001992e+01
3.074000e-05	3.070769e-02	-1.001990e+01
3.075000e-05	1.973537e-02	-9.955872e+00
3.076000e-05	1.630787e-02	-9.918243e+00
3.077000e-05	2.951319e-02	-9.936243e+00
3.078000e-05	3.637752e-02	-9.905746e+00
3.079000e-05	3.127818e-02	-9.933138e+00
3.080000e-05	1.966304e-02	-9.852030e+00
3.081000e-05	2.462121e-02	-9.800478e+00
3.082000e-05	3.466351e-02	-9.738744e+00
3.083000e-05	3.486677e-02	-9.706287e+00
3.084000e-05	2.564262e-02	-9.643184e+00
3.085000e-05	1.917369e-02	-9.661081e+00
3.086000e-05	3.018895e-02	-9.589874e+00
3.087000e-05	3.397328e-02	-9.504742e+00
3.088000e-05	3.169261e-02	-9.482060e+00
3.089000e-05	1.924624e-02	-9.358845e+00
3.090000e-05	2.312123e-02	-9.314188e+00
3.091000e-05	2.869113e-02	-9.230054e+00
3.092000e-05	2.875321e-02	-9.127243e+00
3.093000e-05	1.905855e-02	-9.081585e+00
3.094000e-05	1.289039e-02	-8.968900e+00
3.095000e-05	1.886887e-02	-8.894708e+00
3.096000e-05	2.617840e-02	-8.811476e+00
3.097000e-05	2.151233e-02	-8.777372e+00
3.098000e-05	1.454088e-02	-8.643056e+00
3.099000e-05	1.184078e-02	-8.555211e+00
3.100000e-05	1.760232e-02	-8.398502e+00
3.101000e-05	1.726397e-02	-8.336263e+00
3.102000e-05	9.663430e-03	-8.221029e+00
3.103000e-05	5.071018e-03	-8.104217e+00
3.104000e-05	9.143054e-03	-7.989925e+00
3.105000e-05	1.561683e-02	-7.854137e+00
3.106000e-05	1.355610e-02	-7.714769e+00
3.107000e-05	6.186790e-03	-7.590375e+00
3.108000e-05	4.299172e-03	-7.432605e+00
3.109000e-05	7.589196e-03	-7.356741e+00
3.110000e-05	1.056246e-02	-7.241075e+00
3.111000e-05	4.873083e-03	-7.104706e+00
3.112000e-05	1.731994e-03	-6.955216e+00
3.113000e-05	4.253201e-03	-6.779424e+00
3.114000e-05	9.347649e-03	-6.673582e+00
3.115000e-05	6.850788e-03	-6.506287e+00
3.116000e-05	4.364652e-04	-6.406425e+00
3.117000e-05	-1.538105e-03	-6.252077e+00
3.118000e-05	2.289346e-03	-6.032658e+00
3.119000e-05	4.779656e-03	-5.895741e+00
3.120000e-05	2.711173e-03	-5.778974e+00
3.121000e-05	-9.569335e-04	-5.641579e+00
3.122000e-05	6.581376e-04	-5.505637e+00
3.123000e-05	4.044742e-03	-5.221032e+00
3.124000e-05	2.966075e-03	-5.093661e+00
3.125000e-05	-2.495022e-03	-4.913271e+00
3.126000e-05	-4.635837e-03	-4.683660e+00
3.127000e-05	-9.435926e-04	-4.557448e+00
3.128000e-05	2.877344e-03	-4.409975e+00
3.129000e-05	9.447323e-04	-4.291107e+00
3.130000e-05	-1.839978e-03	-4.114834e+00
3.131000e-05	-3.551718e-03	-3.968896e+00
3.132000e-05	1.263987e-03	-3.786866e+00
3.133000e-05	5.589986e-04	-3.595444e+00
3.134000e-05	-4.002507e-03	-3.410553e+00
3.135000e-05	-6.236919e-03	-3.232557e+00
3.136000e-05	-4.915468e-03	-3.094204e+00
3.137000e-05	2.273259e-04	-2.863156e+00
3.138000e-05	-2.638953e-03	-2.683812e+00
3.139000e-05	-3.357046e-03	-2.535790e+00
3.140000e-05	-5.556212e-03	-2.378371e+00
3.141000e-05	-2.502000e-04	-2.156867e+00
3.142000e-05	-2.161332e-03	-1.978970e+00
3.143000e-05	-3.707676e-03	-1.819499e+00
3.144000e-05	-6.856844e-03	-1.641106e+00
3.145000e-05	-4.778225e-03	-1.451478e+00
3.146000e-05	-2.946835e-03	-1.207447e+00
3.147000e-05	-4.066921e-03	-1.038501e+00
3.148000e-05	-5.813738e-03	-8.621039e-01
3.149000e-05	-6.349352e-03	-6.115803e-01
3.150000e-05	-3.391122e-03	-4.315979e-01
3.151000e-05	-3.154198e-03	-2.727305e-01
3.152000e-05	-3.135603e-03	-1.037607e-01
3.153000e-05	-2.011962e-03	4.421278e-02
3.154000e-05	3.985373e-04	2.652657e-01
3.155000e-05	-1.967266e-03	4.420340e-01
3.156000e-05	6.893576e-04	5.905525e-01
3.157000e-05	-5.291849e-03	7.790444e-01
3.158000e-05	-4.027240e-03	8.471961e-01
3.159000e-05	-3.205950e-03	1.148898e+00
3.160000e-05	7.910162e-03	1.287744e+00
3.161000e-05	4.022265e-02	1.529820e+00
3.162000e-05	5.415289e-02	1.752952e+00
3.163000e-05	-5.114978e-02	1.968475e+00
3.164000e-05	-3.675659e-02	2.138847e+00
3.165000e-05	-6.577655e-02	2.325764e+00
3.166000e-05	-6.613456e-02	2.411503e+00
3.167000e-05	1.324047e-01	2.569503e+00
3.168000e-05	-5.888381e-02	2.762000e+00
3.169000e-05	-9.257499e-02	2.905791e+00
3.170000e-05	1.693567e-01	3.096138e+00
3.171000e-05	-7.547735e-02	3.256288e+00
3.172000e-05	-8.974182e-03	3.424566e+00
3.173000e-05	9.366097e-02	3.590503e+00
3.174000e-05	-1.369270e-01	3.800505e+00
3.175000e-05	-9.598469e-03	3.988476e+00
3.176000e-05	6.234270e-02	4.148871e+00
3.177000e-05	-3.104491e-02	4.367924e+00
3.178000e-05	2.735482e-02	4.517167e+00
3.179000e-05	-6.303442e-02	4.745767e+00
3.180000e-05	-5.719182e-03	4.843056e+00
3.181000e-05	4.278108e-02	5.063509e+00
3.182000e-05	-2.162088e-02	5.244587e+00
3.183000e-05	-2.479278e-02	5.421709e+00
3.184000e-05	-2.204106e-02	5.609450e+00
3.185000e-05	2.299009e-02	5.736238e+00
3.186000e-05	7.632406e-03	5.874758e+00
3.187000e-05	-2.802789e-02	6.042510e+00
3.188000e-05	-1.161393e-02	6.159976e+00
3.189000e-05	-4.742973e-02	6.347841e+00
3.190000e-05	4.265180e-02	6.433108e+00
3.191000e-05	6.130550e-03	6.631381e+00
3.192000e-05	-3.830397e-02	6.790900e+00
3.193000e-05	-1.147194e-02	6.917738e+00
3.194000e-05	-1.087624e-02	7.033037e+00
3.195000e-05	2.110007e-02	7.136817e+00
3.196000e-05	-2.529521e-02	7.265662e+00
3.197000e-05	-3.380036e-02	7.474111e+00
3.198000e-05	-1.720570e-02	7.591505e+00
3.199000e-05	1.329327e-02	7.736743e+00
3.200000e-05	8.321870e-03	7.876462e+00
3.201000e-05	-2.744760e-02	7.950826e+00
3.202000e-05	-2.753045e-02	8.149271e+00
3.203000e-05	-7.071070e-03	8.262013e+00
3.204000e-05	6.369769e-03	8.326845e+00
3.205000e-05	-1.080456e-02	8.410478e+00
3.206000e-05	-3.586548e-02	8.473062e+00
3.207000e-05	-2.047756e-02	8.571979e+00
3.208000e-05	5.370580e-03	8.715142e+00
3.209000e-05	-1.332096e-04	8.757296e+00
3.210000e-05	-2.139329e-02	8.801930e+00
3.211000e-05	-3.437486e-02	8.936330e+00
3.212000e-05	-9.859023e-03	9.083605e+00
3.213000e-05	-1.179205e-03	9.135717e+00
3.214000e-05	-1.146974e-02	9.192975e+00
3.215000e-05	-3.206940e-02	9.273659e+00
3.216000e-05	-2.747578e-02	9.326743e+00
3.217000e-05	-3.775463e-03	9.410381e+00
3.218000e-05	-6.085390e-03	9.453583e+00
3.219000e-05	-2.113761e-02	9.496165e+00
3.220000e-05	-3.313847e-02	9.558298e+00
3.221000e-05	-1.670784e-02	9.613528e+00
3.222000e-05	-6.213977e-03	9.683139e+00
3.223000e-05	-1.541148e-02	9.696746e+00
3.224000e-05	-3.214075e-02	9.778350e+00
3.225000e-05	-3.088724e-02	9.800009e+00
3.226000e-05	-1.401191e-02	9.853086e+00
3.227000e-05	-1.325253e-02	9.896161e+00
3.228000e-05	-2.284090e-02	9.895745e+00
3.229000e-05	-3.457249e-02	9.968294e+00
3.230000e-05	-2.373768e-02	9.950871e+00
3.231000e-05	-1.507237e-02	9.980422e+00
3.232000e-05	-1.886794e-02	9.999502e+00
3.233000e-05	-3.400154e-02	1.001156e+01
3.234000e-05	-3.644201e-02	1.001100e+01
3.235000e-05	-2.584883e-02	1.005153e+01
3.236000e-05	-1.945006e-02	1.002308e+01
3.237000e-05	-2.792371e-02	1.003203e+01
3.238000e-05	-3.840984e-02	9.991525e+00
3.239000e-05	-3.377432e-02	9.990926e+00
3.240000e-05	-2.464149e-02	9.958921e+00
3.241000e-05	-2.611273e-02	9.957897e+00
3.242000e-05	-3.942155e-02	9.937244e+00
3.243000e-05	-4.174848e-02	9.906293e+00
3.244000e-05	-3.319678e-02	9.922693e+00
3.245000e-05	-2.697767e-02	9.842038e+00
3.246000e-05	-3.401430e-02	9.809979e+00
3.247000e-05	-4.352581e-02	9.738246e+00
3.248000e-05	-3.996197e-02	9.665738e+00
3.249000e-05	-3.094961e-02	9.642556e+00
3.250000e-05	-2.928959e-02	9.599923e+00
3.251000e-05	-3.900877e-02	9.536297e+00
3.252000e-05	-4.309159e-02	9.514789e+00
3.253000e-05	-3.579650e-02	9.432604e+00
3.254000e-05	-2.888442e-02	9.398373e+00
3.255000e-05	-3.170892e-02	9.285795e+00
3.256000e-05	-3.905089e-02	9.223108e+00
3.257000e-05	-3.611349e-02	9.190950e+00
3.258000e-05	-2.753846e-02	9.077667e+00
3.259000e-05	-2.314450e-02	9.071907e+00
3.260000e-05	-3.192429e-02	8.936314e+00
3.261000e-05	-3.436165e-02	8.810977e+00
3.262000e-05	-2.839152e-02	8.756346e+00
3.263000e-05	-1.921444e-02	8.621110e+00
3.264000e-05	-2.104233e-02	8.578374e+00
3.265000e-05	-2.794406e-02	8.483662e+00
3.266000e-05	-2.653997e-02	8.390006e+00
3.267000e-05	-1.972456e-02	8.315142e+00
3.268000e-05	-1.517571e-02	8.191473e+00
3.269000e-05	-2.122580e-02	8.041109e+00
3.270000e-05	-2.430163e-02	7.977869e+00
3.271000e-05	-1.960109e-02	7.852033e+00
3.272000e-05	-1.241750e-02	7.724839e+00
3.273000e-05	-1.414065e-02	7.581451e+00
3.274000e-05	-1.913998e-02	7.472083e+00
3.275000e-05	-1.974205e-02	7.283762e+00
3.276000e-05	-1.307486e-02	7.136896e+00
3.277000e-05	-1.019339e-02	7.042633e+00
3.278000e-05	-1.382467e-02	6.904216e+00
3.279000e-05	-1.828303e-02	6.789528e+00
3.280000e-05	-1.554733e-02	6.683083e+00
3.281000e-05	-9.378827e-03	6.462612e+00
3.282000e-05	-9.361440e-03	6.326841e+00
3.283000e-05	-1.325835e-02	6.180003e+00
3.284000e-05	-1.526926e-02	6.064158e+00
3.285000e-05	-1.017094e-02	5.956823e+00
3.286000e-05	-6.873558e-03	5.775921e+00
3.287000e-05	-1.000868e-02	5.589500e+00
3.288000e-05	-1.333778e-02	5.472084e+00
3.289000e-05	-1.242315e-02	5.284758e+00
3.290000e-05	-7.368032e-03	5.094189e+00
3.291000e-05	-6.697619e-03	4.915609e+00
3.292000e-05	-9.488705e-03	4.736815e+00
3.293000e-05	-1.171796e-02	4.548322e+00
3.294000e-05	-8.483355e-03	4.430504e+00
3.295000e-05	-4.787072e-03	4.261129e+00
3.296000e-05	-7.164178e-03	4.033058e+00
3.297000e-05	-1.032043e-02	3.924713e+00
3.298000e-05	-1.032920e-02	3.735788e+00
3.299000e-05	-6.753113e-03	3.598450e+00
3.300000e-05	-5.558939e-03	3.347448e+00
3.301000e-05	-7.437809e-03	3.168949e+00
3.302000e-05	-9.410048e-03	3.011103e+00
3.303000e-05	-6.463119e-03	2.853657e+00
3.304000e-05	-4.662967e-03	2.726259e+00
3.305000e-05	-5.020691e-03	2.464658e+00
3.306000e-05	-8.434495e-03	2.304710e+00
3.307000e-05	-8.629461e-03	2.145763e+00
3.308000e-05	-5.505265e-03	1.957420e+00
3.309000e-05	-4.301832e-03	1.799472e+00
3.310000e-05	-6.304135e-03	1.558117e+00
3.311000e-05	-7.876628e-03	1.388475e+00
3.312000e-05	-5.210532e-03	1.220974e+00
3.313000e-05	-3.401347e-03	9.259411e-01
3.314000e-05	-3.450275e-03	7.884447e-01
3.315000e-05	-6.709432e-03	5.789987e-01
3.316000e-05	-7.084766e-03	4.415265e-01
3.317000e-05	-3.552529e-03	3.032328e-01
3.318000e-05	-3.633168e-03	5.150276e-02
3.319000e-05	-2.748098e-04	-1.388682e-01
3.320000e-05	1.474686e-03	-2.837381e-01
3.321000e-05	-3.154086e-03	-4.220853e-01
3.322000e-05	2.350039e-03	-6.422591e-01
3.323000e-05	-2.057940e-03	-8.530564e-01
3.324000e-05	-1.015212e-03	-9.809947e-01
3.325000e-05	-4.880300e-03	-1.157341e+00
3.326000e-05	1.074236e-02	-1.317342e+00
3.327000e-05	7.848081e-02	-1.538442e+00
3.328000e-05	1.013655e-02	-1.757846e+00
3.329000e-05	-4.613651e-02	-2.073160e+00
3.330000e-05	-4.396266e-02	-2.306686e+00
3.331000e-05	-1.112300e-01	-2.401576e+00
3.332000e-05	1.328494e-01	-2.420052e+00
3.333000e-05	2.097954e-02	-2.568924e+00
3.334000e-05	-1.721744e-01	-2.853080e+00
3.335000e-05	1.787836e-01	-2.935271e+00
3.336000e-05	-4.956357e-02	-3.090142e+00
3.337000e-05	-7.698382e-02	-3.379504e+00
3.338000e-05	1.825387e-01	-3.546317e+00
3.339000e-05	-1.104050e-01	-3.674589e+00
3.340000e-05	-9.845399e-02	-3.957293e+00
3.341000e-05	1.551634e-01	-4.022581e+00
3.342000e-05	-7.918833e-02	-4.272634e+00
3.343000e-05	9.226459e-02	-4.389499e+00
3.344000e-05	-3.131755e-02	-4.525738e+00
3.345000e-05	-9.469630e-02	-4.716349e+00
3.346000e-05	1.506627e-01	-4.864212e+00
3.347000e-05	-7.355495e-02	-5.052633e+00
3.348000e-05	2.228082e-03	-5.241582e+00
3.349000e-05	6.476675e-04	-5.450930e+00
3.350000e-05	-2.401794e-02	-5.601004e+00
3.351000e-05	1.044787e-01	-5.746296e+00
3.352000e-05	-7.071931e-02	-5.885193e+00
3.353000e-05	3.040587e-02	-6.032655e+00
3.354000e-05	-3.467850e-02	-6.198301e+00
3.355000e-05	-1.098016e-02	-6.389476e+00
3.356000e-05	1.110469e-01	-6.515237e+00
3.357000e-05	-8.760388e-02	-6.663506e+00
3.358000e-05	3.735258e-02	-6.788420e+00
3.359000e-05	-1.956261e-02	-6.916613e+00
3.360000e-05	2.842332e-02	-7.105816e+00
3.361000e-05	4.420917e-02	-7.231454e+00
3.362000e-05	-7.829200e-02	-7.367269e+00
3.363000e-05	4.419665e-02	-7.504114e+00
3.364000e-05	-1.902432e-02	-7.620476e+00
3.365000e-05	6.062727e-02	-7.801269e+00
3.366000e-05	-6.925767e-03	-7.835742e+00
3.367000e-05	-2.852053e-02	-7.991503e+00
3.368000e-05	3.024741e-02	-8.137220e+00
3.369000e-05	-6.943311e-03	-8.243510e+00
3.370000e-05	4.739178e-02	-8.326795e+00
3.371000e-05	-3.676498e-02	-8.431404e+00
3.372000e-05	8.247451e-03	-8.556817e+00
3.373000e-05	1.696433e-02	-8.612504e+00
3.374000e-05	2.540052e-02	-8.790925e+00
3.375000e-05	1.725871e-02	-8.853508e+00
3.376000e-05	-2.686597e-02	-8.906242e+00
3.377000e-05	1.922867e-02	-9.030430e+00
3.378000e-05	1.085969e-02	-9.094588e+00
3.379000e-05	3.073653e-02	-9.156295e+00
3.380000e-05	-7.997073e-03	-9.230475e+00
3.381000e-05	-4.150438e-03	-9.316134e+00
3.382000e-05	2.051531e-02	-9.309772e+00
3.383000e-05	2.394630e-02	-9.453085e+00
3.384000e-05	1.754878e-02	-9.538293e+00
3.385000e-05	-1.097183e-02	-9.628926e+00
3.386000e-05	1.136082e-02	-9.653609e+00
3.387000e-05	2.154110e-02	-9.694589e+00
3.388000e-05	2.634372e-02	-9.766767e+00
3.389000e-05	3.070730e-03	-9.758846e+00
3.390000e-05	-1.532726e-04	-9.821006e+00
3.391000e-05	1.829068e-02	-9.854083e+00
3.392000e-05	2.563002e-02	-9.864138e+00
3.393000e-05	1.991208e-02	-9.905242e+00
3.394000e-05	3.394033e-03	-9.936846e+00
3.395000e-05	1.179839e-02	-9.937867e+00
3.396000e-05	2.617602e-02	-9.988295e+00
3.397000e-05	2.816142e-02	-9.979875e+00
3.398000e-05	1.300502e-02	-1.001098e+01
3.399000e-05	6.688406e-03	-1.002152e+01
3.400000e-05	1.865203e-02	-1.001153e+01
3.401000e-05	3.119042e-02	-1.004201e+01
3.402000e-05	2.626685e-02	-1.003105e+01
3.403000e-05	1.439639e-02	-1.002263e+01
3.404000e-05	1.755698e-02	-1.004247e+01
3.405000e-05	2.986674e-02	-1.004090e+01
3.406000e-05	3.289149e-02	-9.988922e+00
3.407000e-05	2.235803e-02	-9.977423e+00
3.408000e-05	1.633994e-02	-9.948319e+00
3.409000e-05	2.375478e-02	-9.926290e+00
3.410000e-05	3.459027e-02	-9.925217e+00
3.411000e-05	3.252795e-02	-9.914183e+00
3.412000e-05	2.283725e-02	-9.862554e+00
3.413000e-05	2.249102e-02	-9.811054e+00
3.414000e-05	3.351981e-02	-9.758950e+00
3.415000e-05	3.650051e-02	-9.717245e+00
3.416000e-05	2.925700e-02	-9.703688e+00
3.417000e-05	2.144493e-02	-9.662533e+00
3.418000e-05	2.496156e-02	-9.579000e+00
3.419000e-05	3.364530e-02	-9.547323e+00
3.420000e-05	3.148015e-02	-9.503692e+00
3.421000e-05	2.303845e-02	-9.438854e+00
3.422000e-05	2.018827e-02	-9.284613e+00
3.423000e-05	2.703008e-02	-9.229025e+00
3.424000e-05	3.077045e-02	-9.157296e+00
3.425000e-05	2.448414e-02	-9.102160e+00
3.426000e-05	1.573715e-02	-8.999350e+00
3.427000e-05	1.617400e-02	-8.935737e+00
3.428000e-05	2.270144e-02	-8.843553e+00
3.429000e-05	2.227753e-02	-8.758370e+00
3.430000e-05	1.498249e-02	-8.673033e+00
3.431000e-05	1.106530e-02	-8.527870e+00
3.432000e-05	1.600848e-02	-8.450977e+00
3.433000e-05	1.953784e-02	-8.356871e+00
3.434000e-05	1.477153e-02	-8.241133e+00
3.435000e-05	8.737332e-03	-8.146890e+00
3.436000e-05	7.281708e-03	-8.049556e+00
3.437000e-05	1.225709e-02	-7.927843e+00
3.438000e-05	1.266995e-02	-7.870956e+00
3.439000e-05	7.074878e-03	-7.631033e+00
3.440000e-05	3.598742e-03	-7.533638e+00
3.441000e-05	6.725130e-03	-7.368345e+00
3.442000e-05	1.128739e-02	-7.251657e+00
3.443000e-05	8.706516e-03	-7.156792e+00
3.444000e-05	3.564828e-03	-6.978297e+00
3.445000e-05	1.760278e-03	-6.809601e+00
3.446000e-05	6.459973e-03	-6.695208e+00
3.447000e-05	6.243075e-03	-6.567871e+00
3.448000e-05	2.543398e-03	-6.391032e+00
3.449000e-05	-1.310509e-03	-6.355807e+00
3.450000e-05	1.270262e-03	-6.125216e+00
3.451000e-05	4.703628e-03	-5.965394e+00
3.452000e-05	4.600006e-03	-5.819027e+00
3.453000e-05	-2.765457e-04	-5.712088e+00
3.454000e-05	-1.292930e-03	-5.543346e+00
3.455000e-05	1.853417e-03	-5.296340e+00
3.456000e-05	3.284206e-03	-5.185342e+00
3.457000e-05	5.016613e-04	-4.977322e+00
3.458000e-05	-3.366586e-03	-4.748975e+00
3.459000e-05	-2.280712e-03	-4.598926e+00
3.460000e-05	2.294947e-03	-4.434132e+00
3.461000e-05	-1.596643e-04	-4.316763e+00
3.462000e-05	-8.166485e-04	-4.145869e+00
3.463000e-05	-3.788197e-03	-3.967399e+00
3.464000e-05	-3.289363e-04	-3.819578e+00
3.465000e-05	-2.064285e-04	-3.620028e+00
3.466000e-05	7.401399e-04	-3.483108e+00
3.467000e-05	-2.941319e-03	-3.304188e+00
3.468000e-05	-4.854599e-03	-3.166841e+00
3.469000e-05	-4.218115e-03	-2.924864e+00
3.470000e-05	-3.897225e-03	-2.756868e+00
3.471000e-05	-3.240560e-03	-2.577921e+00
3.472000e-05	-4.583678e-03	-2.430029e+00
3.473000e-05	-2.617975e-03	-2.201604e+00
3.474000e-05	-1.210441e-03	-1.988524e+00
3.475000e-05	-9.306941e-04	-1.873180e+00
3.476000e-05	-3.723784e-03	-1.641559e+00
3.477000e-05	-5.914994e-03	-1.483731e+00
3.478000e-05	-6.738819e-03	-1.272025e+00
3.479000e-05	-5.154477e-03	-1.052605e+00
3.480000e-05	-5.034377e-03	-8.632580e-01
3.481000e-05	-5.287932e-03	-7.153082e-01
3.482000e-05	-4.646680e-03	-4.942569e-01
3.483000e-05	-2.925962e-03	-3.467609e-01
3.484000e-05	-1.654466e-03	-1.668674e-01
3.485000e-05	-1.880756e-03	-8.520004e-03
3.486000e-05	2.757373e-04	2.120049e-01
3.487000e-05	-4.300429e-03	4.015013e-01
3.488000e-05	1.236216e-03	5.479211e-01
3.489000e-05	-5.193643e-03	7.163644e-01
3.490000e-05	-2.761521e-03	8.331853e-01
3.491000e-05	-5.703398e-03	1.095764e+00
3.492000e-05	4.989833e-03	1.274158e+00
3.493000e-05	2.323342e-02	1.454084e+00
3.494000e-05	6.962290e-02	1.717267e+00
3.495000e-05	-2.906310e-02	1.946370e+00
3.496000e-05	-4.247683e-02	2.115741e+00
3.497000e-05	-5.231765e-02	2.284663e+00
3.498000e-05	-8.679661e-02	2.368450e+00
3.499000e-05	7.804590e-02	2.516193e+00
3.500000e-05	4.804415e-02	2.756468e+00
3.501000e-05	-1.679397e-01	2.895287e+00
3.502000e-05	1.554069e-01	2.982531e+00
3.503000e-05	-1.503180e-02	3.242083e+00
3.504000e-05	-5.956354e-02	3.394530e+00
3.505000e-05	1.036690e-01	3.568977e+00
3.506000e-05	-7.565516e-02	3.766746e+00
3.507000e-05	-8.630667e-02	3.946815e+00
3.508000e-05	8.725268e-02	4.065163e+00
3.509000e-05	-2.607868e-02	4.276315e+00
3.510000e-05	1.329464e-02	4.464057e+00
3.511000e-05	-2.586963e-02	4.652136e+00
3.512000e-05	-5.023578e-02	4.780925e+00
3.513000e-05	5.877055e-02	4.970876e+00
3.514000e-05	-1.583703e-02	5.180454e+00
3.515000e-05	-2.039024e-02	5.350926e+00
3.516000e-05	-3.374987e-02	5.506820e+00
3.517000e-05	1.473154e-02	5.644708e+00
3.518000e-05	2.034348e-02	5.852405e+00
3.519000e-05	-2.700063e-02	6.009453e+00
3.520000e-05	-7.912457e-03	6.127367e+00
3.521000e-05	-4.644544e-02	6.296291e+00
3.522000e-05	1.733407e-02	6.410530e+00
3.523000e-05	3.037703e-02	6.579275e+00
3.524000e-05	-3.566486e-02	6.759796e+00
3.525000e-05	-2.128784e-02	6.885137e+00
3.526000e-05	-1.079018e-02	6.991481e+00
3.527000e-05	1.325211e-02	7.096270e+00
3.528000e-05	-4.018675e-03	7.199089e+00
3.529000e-05	-4.172035e-02	7.391030e+00
3.530000e-05	-1.971635e-02	7.589871e+00
3.531000e-05	2.966099e-03	7.685218e+00
3.532000e-05	1.476792e-02	7.811427e+00
3.533000e-05	-1.793161e-02	7.967903e+00
3.534000e-05	-3.546809e-02	8.095166e+00
3.535000e-05	-6.724121e-03	8.210083e+00
3.536000e-05	2.480918e-04	8.285820e+00
3.537000e-05	5.103834e-04	8.390952e+00
3.538000e-05	-3.444798e-02	8.463630e+00
3.539000e-05	-2.529330e-02	8.569358e+00
3.540000e-05	-5.129061e-04	8.654588e+00
3.541000e-05	2.545718e-03	8.725769e+00
3.542000e-05	-1.410817e-02	8.812550e+00
3.543000e-05	-3.733821e-02	8.916191e+00
3.544000e-05	-1.476632e-02	9.030904e+00
3.545000e-05	-3.305450e-03	9.097239e+00
3.546000e-05	-3.872552e-03	9.149423e+00
3.547000e-05	-2.897622e-02	9.242160e+00
3.548000e-05	-3.003547e-02	9.346788e+00
3.549000e-05	-9.530031e-03	9.388478e+00
3.550000e-05	-3.544964e-03	9.443513e+00
3.551000e-05	-1.746687e-02	9.475087e+00
3.552000e-05	-3.350953e-02	9.546345e+00
3.553000e-05	-2.137663e-02	9.591423e+00
3.554000e-05	-7.834868e-03	9.662538e+00
3.555000e-05	-8.331661e-03	9.716642e+00
3.556000e-05	-2.915018e-02	9.757252e+00
3.557000e-05	-3.261063e-02	9.831352e+00
3.558000e-05	-1.990590e-02	9.842583e+00
3.559000e-05	-1.163652e-02	9.872764e+00
3.560000e-05	-2.116115e-02	9.867265e+00
3.561000e-05	-3.465886e-02	9.947694e+00
3.562000e-05	-2.800507e-02	9.978872e+00
3.563000e-05	-1.573489e-02	9.987950e+00
3.564000e-05	-1.468063e-02	1.000095e+01
3.565000e-05	-3.024624e-02	1.000145e+01
3.566000e-05	-3.712070e-02	1.001208e+01
3.567000e-05	-2.837569e-02	1.001350e+01
3.568000e-05	-1.877378e-02	1.001250e+01
3.569000e-05	-2.566093e-02	1.000253e+01
3.570000e-05	-3.814699e-02	1.003100e+01
3.571000e-05	-3.598583e-02	1.002948e+01
3.572000e-05	-2.634840e-02	9.978853e+00
3.573000e-05	-2.415267e-02	9.979345e+00
3.574000e-05	-3.625039e-02	9.956899e+00
3.575000e-05	-4.073573e-02	9.965216e+00
3.576000e-05	-3.546923e-02	9.915666e+00
3.577000e-05	-2.743614e-02	9.812008e+00
3.578000e-05	-3.279693e-02	9.779907e+00
3.579000e-05	-4.243346e-02	9.798901e+00
3.580000e-05	-4.084005e-02	9.695189e+00
3.581000e-05	-3.316118e-02	9.644162e+00
3.582000e-05	-2.995676e-02	9.591023e+00
3.583000e-05	-3.783226e-02	9.546294e+00
3.584000e-05	-4.064179e-02	9.494716e+00
3.585000e-05	-3.722955e-02	9.473137e+00
3.586000e-05	-2.930575e-02	9.411425e+00
3.587000e-05	-3.084559e-02	9.355845e+00
3.588000e-05	-3.752041e-02	9.275159e+00
3.589000e-05	-3.729014e-02	9.231475e+00
3.590000e-05	-3.020360e-02	9.146821e+00
3.591000e-05	-2.478557e-02	9.074532e+00
3.592000e-05	-2.958719e-02	8.959272e+00
3.593000e-05	-3.151026e-02	8.853032e+00
3.594000e-05	-2.914527e-02	8.747322e+00
3.595000e-05	-2.082534e-02	8.693694e+00
3.596000e-05	-2.206187e-02	8.619479e+00
3.597000e-05	-2.506812e-02	8.506164e+00
3.598000e-05	-2.786588e-02	8.423078e+00
3.599000e-05	-2.105748e-02	8.356746e+00
3.600000e-05	-1.691503e-02	8.232954e+00
3.601000e-05	-1.815705e-02	8.133762e+00
3.602000e-05	-2.302931e-02	7.958926e+00
3.603000e-05	-2.049204e-02	7.864633e+00
3.604000e-05	-1.576682e-02	7.737849e+00
3.605000e-05	-1.365584e-02	7.622004e+00
3.606000e-05	-1.901725e-02	7.523289e+00
3.607000e-05	-1.960427e-02	7.366714e+00
3.608000e-05	-1.530500e-02	7.198501e+00
3.609000e-05	-1.046033e-02	7.093690e+00
3.610000e-05	-1.149700e-02	6.936770e+00
3.611000e-05	-1.653520e-02	6.822028e+00
3.612000e-05	-1.633005e-02	6.663739e+00
3.613000e-05	-1.178808e-02	6.526738e+00
3.614000e-05	-9.537980e-03	6.377920e+00
3.615000e-05	-1.282841e-02	6.252057e+00
3.616000e-05	-1.383605e-02	6.115763e+00
3.617000e-05	-1.089481e-02	5.980450e+00
3.618000e-05	-6.680138e-03	5.841026e+00
3.619000e-05	-8.028335e-03	5.611030e+00
3.620000e-05	-1.159160e-02	5.523712e+00
3.621000e-05	-1.218176e-02	5.365795e+00
3.622000e-05	-9.950466e-03	5.186848e+00
3.623000e-05	-8.064295e-03	4.937694e+00
3.624000e-05	-1.000781e-02	4.778348e+00
3.625000e-05	-1.112602e-02	4.591478e+00
3.626000e-05	-7.931991e-03	4.454130e+00
3.627000e-05	-5.099395e-03	4.343740e+00
3.628000e-05	-5.434202e-03	4.015186e+00
3.629000e-05	-9.291546e-03	3.936866e+00
3.630000e-05	-1.092278e-02	3.786422e+00
3.631000e-05	-8.697723e-03	3.611028e+00
3.632000e-05	-6.676804e-03	3.482550e+00
3.633000e-05	-7.946280e-03	3.219503e+00
3.634000e-05	-8.527955e-03	3.084635e+00
3.635000e-05	-6.302810e-03	2.915312e+00
3.636000e-05	-3.318181e-03	2.777945e+00
3.637000e-05	-4.510655e-03	2.544416e+00
3.638000e-05	-8.990189e-03	2.327839e+00
3.639000e-05	-9.636087e-03	2.168470e+00
3.640000e-05	-6.440967e-03	2.000521e+00
3.641000e-05	-5.188951e-03	1.831233e+00
3.642000e-05	-6.527321e-03	1.643149e+00
3.643000e-05	-7.524179e-03	1.402105e+00
3.644000e-05	-4.892835e-03	1.253181e+00
3.645000e-05	-3.010835e-03	1.012129e+00
3.646000e-05	-3.328082e-03	8.210253e-01
3.647000e-05	-6.250001e-03	6.416053e-01
3.648000e-05	-7.212163e-03	4.846842e-01
3.649000e-05	-4.313672e-03	3.153858e-01
3.650000e-05	-3.236078e-03	9.425790e-02
3.651000e-05	-3.052476e-03	-1.142119e-01
3.652000e-05	1.410001e-03	-2.436063e-01
3.653000e-05	-2.815484e-03	-3.895036e-01
3.654000e-05	1.348304e-03	-5.599737e-01
3.655000e-05	-1.762179e-03	-7.794773e-01
3.656000e-05	-1.057792e-03	-9.273195e-01
3.657000e-05	-4.632139e-03	-1.103734e+00
3.658000e-05	4.953939e-03	-1.223637e+00
3.659000e-05	5.061888e-02	-1.472187e+00
3.660000e-05	6.206036e-02	-1.715667e+00
3.661000e-05	-6.255510e-02	-1.967924e+00
3.662000e-05	-1.854578e-02	-2.251109e+00
3.663000e-05	-1.189037e-01	-2.400025e+00
3.664000e-05	5.191447e-02	-2.410028e+00
3.665000e-05	1.144035e-01	-2.495241e+00
3.666000e-05	-1.823334e-01	-2.768972e+00
3.667000e-05	1.010257e-01	-2.956821e+00
3.668000e-05	7.106709e-02	-2.983903e+00
3.669000e-05	-1.446101e-01	-3.336768e+00
3.670000e-05	1.493937e-01	-3.495737e+00
3.671000e-05	1.552787e-03	-3.609528e+00
3.672000e-05	-1.882053e-01	-3.890614e+00
3.673000e-05	1.458759e-01	-3.979477e+00
3.674000e-05	-2.795019e-02	-4.210398e+00
3.675000e-05	2.473188e-02	-4.388397e+00
3.676000e-05	5.820867e-02	-4.431083e+00
3.677000e-05	-1.466401e-01	-4.693736e+00
3.678000e-05	1.222616e-01	-4.843129e+00
3.679000e-05	5.929081e-03	-4.977980e+00
3.680000e-05	-6.287509e-02	-5.219951e+00
3.681000e-05	4.480975e-02	-5.348302e+00
3.682000e-05	-6.505265e-02	-5.559320e+00
3.683000e-05	1.022126e-01	-5.706242e+00
3.684000e-05	-2.611263e-02	-5.871063e+00
3.685000e-05	-1.979369e-02	-6.031954e+00
3.686000e-05	2.264557e-02	-6.125646e+00
3.687000e-05	-7.199016e-02	-6.347321e+00
3.688000e-05	1.323925e-01	-6.435185e+00
3.689000e-05	-5.218323e-02	-6.600531e+00
3.690000e-05	-7.383972e-03	-6.738371e+00
3.691000e-05	1.851547e-02	-6.832004e+00
3.692000e-05	-2.156327e-02	-7.083553e+00
3.693000e-05	8.184045e-02	-7.149473e+00
3.694000e-05	-7.888038e-02	-7.306694e+00
3.695000e-05	2.107825e-02	-7.452583e+00
3.696000e-05	1.892678e-03	-7.568747e+00
3.697000e-05	3.305982e-02	-7.696669e+00
3.698000e-05	3.732589e-02	-7.844564e+00
3.699000e-05	-5.247622e-02	-8.009976e+00
3.700000e-05	3.068567e-02	-8.066214e+00
3.701000e-05	-1.310267e-02	-8.180001e+00
3.702000e-05	4.230900e-02	-8.315765e+00
3.703000e-05	-1.564507e-02	-8.402374e+00
3.704000e-05	-1.588886e-02	-8.526140e+00
3.705000e-05	2.691256e-02	-8.610874e+00
3.706000e-05	1.754106e-02	-8.766247e+00
3.707000e-05	3.569608e-02	-8.841004e+00
3.708000e-05	-2.450242e-02	-8.905242e+00
3.709000e-05	6.706268e-03	-8.978901e+00
3.710000e-05	1.183830e-02	-9.063083e+00
3.711000e-05	2.346545e-02	-9.125770e+00
3.712000e-05	6.112764e-03	-9.191527e+00
3.713000e-05	-1.490639e-02	-9.264138e+00
3.714000e-05	1.797841e-02	-9.358746e+00
3.715000e-05	2.378374e-02	-9.419983e+00
3.716000e-05	2.591972e-02	-9.515744e+00
3.717000e-05	-5.678709e-03	-9.558924e+00
3.718000e-05	3.361590e-03	-9.632080e+00
3.719000e-05	2.080446e-02	-9.674109e+00
3.720000e-05	2.562792e-02	-9.735293e+00
3.721000e-05	1.003439e-02	-9.800475e+00
3.722000e-05	-5.499019e-03	-9.821455e+00
3.723000e-05	1.317958e-02	-9.840537e+00
3.724000e-05	2.550186e-02	-9.874063e+00
3.725000e-05	2.504578e-02	-9.936192e+00
3.726000e-05	7.410280e-03	-9.967343e+00
3.727000e-05	6.467357e-03	-9.948371e+00
3.728000e-05	2.319791e-02	-9.967247e+00
3.729000e-05	2.952774e-02	-9.969372e+00
3.730000e-05	1.927644e-02	-9.991503e+00
3.731000e-05	5.633628e-03	-9.988976e+00
3.732000e-05	1.357649e-02	-1.002255e+01
3.733000e-05	2.869396e-02	-1.004255e+01
3.734000e-05	2.903900e-02	-9.990975e+00
3.735000e-05	1.644306e-02	-1.000056e+01
3.736000e-05	1.308828e-02	-1.001200e+01
3.737000e-05	2.739030e-02	-1.004098e+01
3.738000e-05	3.422125e-02	-9.979972e+00
3.739000e-05	2.838421e-02	-9.958949e+00
3.740000e-05	1.734405e-02	-9.977447e+00
3.741000e-05	2.028174e-02	-9.946768e+00
3.742000e-05	3.270996e-02	-9.936220e+00
3.743000e-05	3.426228e-02	-9.914638e+00
3.744000e-05	2.500011e-02	-9.823556e+00
3.745000e-05	1.957383e-02	-9.831429e+00
3.746000e-05	3.010298e-02	-9.819446e+00
3.747000e-05	3.809499e-02	-9.726767e+00
3.748000e-05	3.344351e-02	-9.715212e+00
3.749000e-05	2.297499e-02	-9.664033e+00
3.750000e-05	2.352027e-02	-9.599977e+00
3.751000e-05	3.195979e-02	-9.567470e+00
3.752000e-05	3.196763e-02	-9.484216e+00
3.753000e-05	2.370358e-02	-9.391429e+00
3.754000e-05	1.893739e-02	-9.337287e+00
3.755000e-05	2.469000e-02	-9.282583e+00
3.756000e-05	3.187919e-02	-9.158397e+00
3.757000e-05	2.714515e-02	-9.125212e+00
3.758000e-05	1.809239e-02	-9.020078e+00
3.759000e-05	1.530760e-02	-8.936819e+00
3.760000e-05	2.186051e-02	-8.861130e+00
3.761000e-05	2.223939e-02	-8.789026e+00
3.762000e-05	1.435295e-02	-8.705187e+00
3.763000e-05	9.132430e-03	-8.568349e+00
3.764000e-05	1.485458e-02	-8.443157e+00
3.765000e-05	2.037262e-02	-8.358369e+00
3.766000e-05	1.739216e-02	-8.242633e+00
3.767000e-05	9.090513e-03	-8.167822e+00
3.768000e-05	8.004813e-03	-8.073153e+00
3.769000e-05	1.237829e-02	-7.968847e+00
3.770000e-05	1.351016e-02	-7.791980e+00
3.771000e-05	7.129082e-03	-7.702711e+00
3.772000e-05	2.120058e-03	-7.525191e+00
3.773000e-05	5.149202e-03	-7.408476e+00
3.774000e-05	1.116087e-02	-7.303163e+00
3.775000e-05	1.000115e-02	-7.178844e+00
3.776000e-05	4.758389e-03	-7.030703e+00
3.777000e-05	2.444728e-03	-6.861554e+00
3.778000e-05	6.240923e-03	-6.747267e+00
3.779000e-05	6.805036e-03	-6.608477e+00
3.780000e-05	3.125261e-03	-6.503657e+00
3.781000e-05	-1.259014e-03	-6.347771e+00
3.782000e-05	8.871938e-04	-6.187817e+00
3.783000e-05	4.516944e-03	-5.998426e+00
3.784000e-05	5.352122e-03	-5.883632e+00
3.785000e-05	1.087081e-03	-5.716758e+00
3.786000e-05	-1.050728e-03	-5.588498e+00
3.787000e-05	1.330365e-03	-5.389474e+00
3.788000e-05	3.403949e-03	-5.167949e+00
3.789000e-05	1.354130e-03	-5.040530e+00
3.790000e-05	-3.053470e-03	-4.789428e+00
3.791000e-05	-3.257423e-03	-4.621004e+00
3.792000e-05	1.812528e-03	-4.513734e+00
3.793000e-05	8.732695e-04	-4.347344e+00
3.794000e-05	-1.738221e-03	-4.238974e+00
3.795000e-05	-4.077187e-03	-4.043108e+00
3.796000e-05	-6.341153e-04	-3.924238e+00
3.797000e-05	1.307646e-03	-3.654610e+00
3.798000e-05	1.021324e-03	-3.525786e+00
3.799000e-05	-4.546943e-03	-3.376892e+00
3.800000e-05	-3.980632e-03	-3.198925e+00
3.801000e-05	-2.597852e-03	-2.958451e+00
3.802000e-05	-1.212811e-03	-2.798997e+00
3.803000e-05	-5.551294e-03	-2.660504e+00
3.804000e-05	-5.591457e-03	-2.451683e+00
3.805000e-05	-3.720269e-03	-2.243210e+00
3.806000e-05	-1.021136e-03	-2.052080e+00
3.807000e-05	-4.389998e-04	-1.904136e+00
3.808000e-05	-4.060780e-03	-1.735915e+00
3.809000e-05	-5.164086e-03	-1.587946e+00
3.810000e-05	-4.758215e-03	-1.284734e+00
3.811000e-05	-3.702440e-03	-1.114763e+00
3.812000e-05	-6.054129e-03	-9.773384e-01
3.813000e-05	-6.639504e-03	-7.684138e-01
3.814000e-05	-5.402271e-03	-4.958423e-01
3.815000e-05	-2.335032e-03	-3.783972e-01
3.816000e-05	-2.598580e-03	-1.900513e-01
3.817000e-05	-1.163539e-03	-4.102781e-02
3.818000e-05	6.577989e-04	1.473434e-01
3.819000e-05	-2.490998e-03	3.479697e-01
3.820000e-05	-7.239562e-04	4.857143e-01
3.821000e-05	-3.796851e-03	6.937318e-01
3.822000e-05	-4.791118e-03	8.015025e-01
3.823000e-05	-5.709838e-03	1.034403e+00
3.824000e-05	4.397154e-04	1.192430e+00
3.825000e-05	1.272563e-02	1.361402e+00
3.826000e-05	6.459611e-02	1.663034e+00
3.827000e-05	7.677050e-03	1.884639e+00
3.828000e-05	-5.029890e-02	2.033559e+00
3.829000e-05	-4.101839e-02	2.262983e+00
3.830000e-05	-8.624836e-02	2.388422e+00
3.831000e-05	7.019100e-03	2.452608e+00
3.832000e-05	1.261680e-01	2.655211e+00
3.833000e-05	-1.691572e-01	2.833556e+00
3.834000e-05	6.988786e-02	2.949450e+00
3.835000e-05	7.349020e-02	3.191425e+00
3.836000e-05	-8.959525e-02	3.360377e+00
3.837000e-05	7.067431e-02	3.506315e+00
3.838000e-05	1.073060e-02	3.695684e+00
3.839000e-05	-1.450682e-01	3.883587e+00
3.840000e-05	7.682085e-02	4.030531e+00
3.841000e-05	9.893881e-04	4.213536e+00
3.842000e-05	-5.089010e-03	4.389528e+00
3.843000e-05	5.790249e-03	4.601447e+00
3.844000e-05	-7.771208e-02	4.749382e+00
3.845000e-05	4.545249e-02	4.875642e+00
3.846000e-05	3.590694e-03	5.180301e+00
3.847000e-05	-1.763196e-02	5.338246e+00
3.848000e-05	-3.261379e-02	5.485664e+00
3.849000e-05	2.841956e-03	5.632982e+00
3.850000e-05	2.778004e-02	5.770247e+00
3.851000e-05	-1.568432e-02	5.928822e+00
3.852000e-05	-1.656433e-02	6.115688e+00
3.853000e-05	-3.582118e-02	6.203585e+00
3.854000e-05	-1.767505e-02	6.348926e+00
3.855000e-05	4.806637e-02	6.496141e+00
3.856000e-05	-2.217225e-02	6.676713e+00
3.857000e-05	-3.051985e-02	6.863609e+00
3.858000e-05	-6.550140e-03	6.988946e+00
3.859000e-05	1.619198e-03	7.075613e+00
3.860000e-05	1.499009e-02	7.160928e+00
3.861000e-05	-4.354902e-02	7.405317e+00
3.862000e-05	-2.405407e-02	7.547740e+00
3.863000e-05	-7.936240e-03	7.653110e+00
3.864000e-05	1.829954e-02	7.759401e+00
3.865000e-05	-5.391575e-03	7.837189e+00
3.866000e-05	-3.674838e-02	8.113512e+00
3.867000e-05	-1.273965e-02	8.179899e+00
3.868000e-05	-4.828530e-03	8.293664e+00
3.869000e-05	8.366516e-03	8.369375e+00
3.870000e-05	-2.776253e-02	8.441507e+00
3.871000e-05	-3.072924e-02	8.517193e+00
3.872000e-05	-1.000406e-02	8.641028e+00
3.873000e-05	6.163069e-03	8.746216e+00
3.874000e-05	-8.349237e-03	8.769926e+00
3.875000e-05	-3.318182e-02	8.864659e+00
3.876000e-05	-2.336159e-02	9.020803e+00
3.877000e-05	-5.266551e-03	9.045088e+00
3.878000e-05	7.909473e-04	9.147846e+00
3.879000e-05	-2.285401e-02	9.221981e+00
3.880000e-05	-3.213437e-02	9.274643e+00
3.881000e-05	-1.839735e-02	9.347800e+00
3.882000e-05	-5.690784e-04	9.441978e+00
3.883000e-05	-1.290779e-02	9.463087e+00
3.884000e-05	-3.073288e-02	9.515766e+00
3.885000e-05	-2.861723e-02	9.609923e+00
3.886000e-05	-1.201055e-02	9.631555e+00
3.887000e-05	-4.426342e-03	9.675135e+00
3.888000e-05	-2.334211e-02	9.728770e+00
3.889000e-05	-3.329319e-02	9.800354e+00
3.890000e-05	-2.515905e-02	9.810934e+00
3.891000e-05	-9.515158e-03	9.874088e+00
3.892000e-05	-1.663474e-02	9.924716e+00
3.893000e-05	-3.267509e-02	9.916721e+00
3.894000e-05	-3.391356e-02	9.958395e+00
3.895000e-05	-2.007938e-02	9.979352e+00
3.896000e-05	-1.303302e-02	9.969504e+00
3.897000e-05	-2.563222e-02	1.002050e+01
3.898000e-05	-3.671559e-02	1.002153e+01
3.899000e-05	-3.278262e-02	1.002103e+01
3.900000e-05	-1.876655e-02	1.000210e+01
3.901000e-05	-2.290407e-02	1.001153e+01
3.902000e-05	-3.503578e-02	9.990555e+00
3.903000e-05	-3.953855e-02	1.001155e+01
3.904000e-05	-2.936758e-02	9.999001e+00
3.905000e-05	-2.241353e-02	9.990375e+00
3.906000e-05	-3.167962e-02	9.967395e+00
3.907000e-05	-4.113537e-02	9.947795e+00
3.908000e-05	-3.845424e-02	9.936168e+00
3.909000e-05	-2.727920e-02	9.852086e+00
3.910000e-05	-2.906850e-02	9.821958e+00
3.911000e-05	-3.928067e-02	9.800426e+00
3.912000e-05	-4.499075e-02	9.718842e+00
3.913000e-05	-3.700045e-02	9.665139e+00
3.914000e-05	-2.880466e-02	9.581503e+00
3.915000e-05	-3.459620e-02	9.599295e+00
3.916000e-05	-4.161509e-02	9.496266e+00
3.917000e-05	-4.033147e-02	9.484160e+00
3.918000e-05	-2.973373e-02	9.421027e+00
3.919000e-05	-2.786625e-02	9.356846e+00
3.920000e-05	-3.517367e-02	9.285661e+00
3.921000e-05	-3.948750e-02	9.232558e+00
3.922000e-05	-3.310533e-02	9.177950e+00
3.923000e-05	-2.477009e-02	9.134589e+00
3.924000e-05	-2.695077e-02	8.988354e+00
3.925000e-05	-3.246666e-02	8.843682e+00
3.926000e-05	-3.256497e-02	8.787950e+00
3.927000e-05	-2.305145e-02	8.745766e+00
3.928000e-05	-2.100751e-02	8.621553e+00
3.929000e-05	-2.240746e-02	8.557796e+00
3.930000e-05	-2.814172e-02	8.454083e+00
3.931000e-05	-2.286354e-02	8.378396e+00
3.932000e-05	-1.788372e-02	8.292006e+00
3.933000e-05	-1.776270e-02	8.087843e+00
3.934000e-05	-2.322351e-02	8.011980e+00
3.935000e-05	-2.334428e-02	7.896238e+00
3.936000e-05	-1.730915e-02	7.780900e+00
3.937000e-05	-1.238055e-02	7.654183e+00
3.938000e-05	-1.504504e-02	7.538366e+00
3.939000e-05	-1.896525e-02	7.339373e+00
3.940000e-05	-1.576437e-02	7.223505e+00
3.941000e-05	-1.077800e-02	7.135740e+00
3.942000e-05	-1.083698e-02	6.987346e+00
3.943000e-05	-1.673603e-02	6.842606e+00
3.944000e-05	-1.801459e-02	6.747291e+00
3.945000e-05	-1.362767e-02	6.587896e+00
3.946000e-05	-9.415185e-03	6.390501e+00
3.947000e-05	-1.137535e-02	6.303711e+00
3.948000e-05	-1.337293e-02	6.146845e+00
3.949000e-05	-1.218688e-02	6.000003e+00
3.950000e-05	-8.381083e-03	5.893163e+00
3.951000e-05	-6.907556e-03	5.653188e+00
3.952000e-05	-1.115886e-02	5.556843e+00
3.953000e-05	-1.334251e-02	5.359399e+00
3.954000e-05	-1.119306e-02	5.231003e+00
3.955000e-05	-7.233682e-03	5.058400e+00
3.956000e-05	-7.946032e-03	4.841453e+00
3.957000e-05	-1.088532e-02	4.642104e+00
3.958000e-05	-1.024178e-02	4.504713e+00
3.959000e-05	-6.499672e-03	4.348395e+00
3.960000e-05	-5.532800e-03	4.168316e+00
3.961000e-05	-7.615559e-03	3.988445e+00
3.962000e-05	-1.135599e-02	3.829528e+00
3.963000e-05	-1.012761e-02	3.651609e+00
3.964000e-05	-6.270339e-03	3.526339e+00
3.965000e-05	-5.777489e-03	3.253162e+00
3.966000e-05	-8.304152e-03	3.115313e+00
3.967000e-05	-8.511560e-03	2.947847e+00
3.968000e-05	-5.513270e-03	2.810504e+00
3.969000e-05	-4.367203e-03	2.610545e+00
3.970000e-05	-5.760877e-03	2.409473e+00
3.971000e-05	-8.438512e-03	2.200504e+00
3.972000e-05	-7.539059e-03	2.052084e+00
3.973000e-05	-5.802685e-03	1.874262e+00
3.974000e-05	-5.874065e-03	1.702713e+00
3.975000e-05	-7.502169e-03	1.505713e+00
3.976000e-05	-6.272079e-03	1.315807e+00
3.977000e-05	-5.059142e-03	1.127262e+00
3.978000e-05	-4.220486e-03	8.736818e-01
3.979000e-05	-4.560629e-03	7.062632e-01
3.980000e-05	-4.739988e-03	5.362671e-01
3.981000e-05	-4.625359e-03	3.873937e-01
3.982000e-05	-4.305499e-03	1.574423e-01
3.983000e-05	-3.556230e-03	-6.210376e-02
3.984000e-05	1.713562e-03	-2.099726e-01
3.985000e-05	-9.091455e-04	-3.588935e-01
3.986000e-05	-1.303068e-03	-5.358384e-01
3.987000e-05	2.908736e-04	-7.468185e-01
3.988000e-05	-1.353597e-03	-8.947143e-01
3.989000e-05	-2.945358e-03	-1.033533e+00
3.990000e-05	6.086539e-04	-1.200055e+00
3.991000e-05	2.608005e-02	-1.452553e+00
3.992000e-05	9.161529e-02	-1.632555e+00
3.993000e-05	-5.221628e-02	-1.896192e+00
3.994000e-05	-1.560428e-02	-2.169955e+00
3.995000e-05	-9.686034e-02	-2.389900e+00
3.996000e-05	-3.830808e-02	-2.431026e+00
3.997000e-05	1.655246e-01	-2.452609e+00
3.998000e-05	-1.202220e-01	-2.685691e+00
3.999000e-05	-3.007230e-02	-2.867235e+00
4.000000e-05	1.686610e-01	-2.990751e+00
4.001000e-05	-1.529157e-01	-3.234558e+00
4.002000e-05	6.765765e-02	-3.463059e+00
4.003000e-05	1.135938e-01	-3.558372e+00
4.004000e-05	-2.016797e-01	-3.859954e+00
4.005000e-05	6.598780e-02	-3.939399e+00
4.006000e-05	6.042235e-02	-4.096693e+00
4.007000e-05	-5.000182e-02	-4.336868e+00
4.008000e-05	1.129608e-01	-4.410976e+00
4.009000e-05	-1.355135e-01	-4.591353e+00
4.010000e-05	4.223759e-02	-4.790056e+00
4.011000e-05	9.400973e-02	-4.939820e+00
4.012000e-05	-1.035807e-01	-5.138871e+00
4.013000e-05	5.628916e-02	-5.297663e+00
4.014000e-05	-6.282803e-02	-5.506242e+00
4.015000e-05	5.972524e-02	-5.684189e+00
4.016000e-05	3.789968e-02	-5.788984e+00
4.017000e-05	-6.485212e-02	-5.959395e+00
4.018000e-05	5.346106e-02	-6.073189e+00
4.019000e-05	-8.737088e-02	-6.234113e+00
4.020000e-05	9.431607e-02	-6.424106e+00
4.021000e-05	1.969596e-02	-6.568875e+00
4.022000e-05	-6.069058e-02	-6.706795e+00
4.023000e-05	5.003251e-02	-6.790604e+00
4.024000e-05	-4.699481e-02	-7.039409e+00
4.025000e-05	8.318233e-02	-7.178425e+00
4.026000e-05	-4.004987e-02	-7.284638e+00
4.027000e-05	-2.320937e-02	-7.442554e+00
4.028000e-05	2.915756e-02	-7.526216e+00
4.029000e-05	-1.050561e-03	-7.684637e+00
4.030000e-05	6.461614e-02	-7.831034e+00
4.031000e-05	-5.009368e-02	-7.945902e+00
4.032000e-05	1.503318e-02	-8.073638e+00
4.033000e-05	3.021382e-03	-8.179423e+00
4.034000e-05	2.160514e-02	-8.262660e+00
4.035000e-05	1.724146e-02	-8.379375e+00
4.036000e-05	-3.846392e-02	-8.473580e+00
4.037000e-05	2.704193e-02	-8.590400e+00
4.038000e-05	1.076731e-02	-8.675690e+00
4.039000e-05	3.790009e-02	-8.789479e+00
4.040000e-05	-1.118027e-02	-8.863160e+00
4.041000e-05	-1.060260e-02	-8.936845e+00
4.042000e-05	1.996825e-02	-9.043479e+00
4.043000e-05	1.743908e-02	-9.095688e+00
4.044000e-05	2.237173e-02	-9.157950e+00
4.045000e-05	-1.972480e-02	-9.244058e+00
4.046000e-05	9.374843e-03	-9.327243e+00
4.047000e-05	2.137937e-02	-9.399880e+00
4.048000e-05	2.794080e-02	-9.503615e+00
4.049000e-05	3.689097e-03	-9.548323e+00
4.050000e-05	-6.372325e-03	-9.631083e+00
4.051000e-05	1.959069e-02	-9.653112e+00
4.052000e-05	2.477483e-02	-9.695165e+00
4.053000e-05	2.041409e-02	-9.737800e+00
4.054000e-05	-6.458076e-03	-9.821026e+00
4.055000e-05	7.221481e-03	-9.802508e+00
4.056000e-05	2.243321e-02	-9.882663e+00
4.057000e-05	2.701106e-02	-9.925163e+00
4.058000e-05	1.342447e-02	-9.936321e+00
4.059000e-05	2.978792e-03	-9.956846e+00
4.060000e-05	2.021596e-02	-9.978847e+00
4.061000e-05	2.981743e-02	-9.958997e+00
4.062000e-05	2.428005e-02	-9.959426e+00
4.063000e-05	6.446773e-03	-9.991975e+00
4.064000e-05	9.498735e-03	-1.000200e+01
4.065000e-05	2.498029e-02	-1.002048e+01
4.066000e-05	3.127035e-02	-1.001301e+01
4.067000e-05	2.085831e-02	-1.001150e+01
4.068000e-05	1.188760e-02	-1.001153e+01
4.069000e-05	2.337460e-02	-1.002052e+01
4.070000e-05	3.309818e-02	-9.990426e+00
4.071000e-05	2.988781e-02	-9.988897e+00
4.072000e-05	1.844394e-02	-9.968846e+00
4.073000e-05	1.774426e-02	-9.957367e+00
4.074000e-05	3.029554e-02	-9.944668e+00
4.075000e-05	3.660070e-02	-9.894666e+00
4.076000e-05	2.838316e-02	-9.872684e+00
4.077000e-05	1.990827e-02	-9.812554e+00
4.078000e-05	2.623205e-02	-9.787975e+00
4.079000e-05	3.590558e-02	-9.748872e+00
4.080000e-05	3.506390e-02	-9.704691e+00
4.081000e-05	2.454027e-02	-9.693634e+00
4.082000e-05	2.129068e-02	-9.662555e+00
4.083000e-05	3.002820e-02	-9.579922e+00
4.084000e-05	3.405751e-02	-9.535741e+00
4.085000e-05	2.752623e-02	-9.462507e+00
4.086000e-05	1.831553e-02	-9.358345e+00
4.087000e-05	2.179005e-02	-9.255113e+00
4.088000e-05	2.894646e-02	-9.189351e+00
4.089000e-05	2.981893e-02	-9.145742e+00
4.090000e-05	2.025226e-02	-9.031083e+00
4.091000e-05	1.558922e-02	-8.947770e+00
4.092000e-05	1.997774e-02	-8.884237e+00
4.093000e-05	2.432044e-02	-8.829924e+00
4.094000e-05	1.954413e-02	-8.725870e+00
4.095000e-05	1.061700e-02	-8.610977e+00
4.096000e-05	1.128456e-02	-8.524085e+00
4.097000e-05	1.687431e-02	-8.378925e+00
4.098000e-05	1.844309e-02	-8.315293e+00
4.099000e-05	1.236899e-02	-8.199396e+00
4.100000e-05	6.605456e-03	-8.124662e+00
4.101000e-05	9.734930e-03	-7.988975e+00
4.102000e-05	1.410007e-02	-7.932687e+00
4.103000e-05	1.228681e-02	-7.724692e+00
4.104000e-05	4.775888e-03	-7.558847e+00
4.105000e-05	3.507402e-03	-7.443055e+00
4.106000e-05	8.540768e-03	-7.315764e+00
4.107000e-05	1.116401e-02	-7.190025e+00
4.108000e-05	5.687367e-03	-7.113162e+00
4.109000e-05	2.288915e-03	-6.904740e+00
4.110000e-05	3.437544e-03	-6.787823e+00
4.111000e-05	7.217844e-03	-6.653579e+00
4.112000e-05	5.983509e-03	-6.546161e+00
4.113000e-05	1.302488e-03	-6.398949e+00
4.114000e-05	-5.780617e-04	-6.229078e+00
4.115000e-05	2.106365e-03	-6.031529e+00
4.116000e-05	5.146120e-03	-5.935240e+00
4.117000e-05	2.479927e-03	-5.787394e+00
4.118000e-05	-1.762694e-03	-5.600503e+00
4.119000e-05	-7.983257e-04	-5.470604e+00
4.120000e-05	3.464272e-03	-5.200507e+00
4.121000e-05	3.749143e-03	-5.082562e+00
4.122000e-05	-2.039012e-04	-4.914232e+00
4.123000e-05	-3.541257e-03	-4.672661e+00
4.124000e-05	-1.834825e-05	-4.544813e+00
4.125000e-05	1.242783e-03	-4.377899e+00
4.126000e-05	-4.531268e-05	-4.262633e+00
4.127000e-05	-3.509103e-03	-4.095212e+00
4.128000e-05	-3.585756e-03	-3.986421e+00
4.129000e-05	-3.769771e-04	-3.775241e+00
4.130000e-05	1.905178e-03	-3.577843e+00
4.131000e-05	-1.413255e-03	-3.410449e+00
4.132000e-05	-3.851567e-03	-3.252055e+00
4.133000e-05	-3.939429e-03	-3.071030e+00
4.134000e-05	-2.231927e-04	-2.821126e+00
4.135000e-05	-2.897432e-03	-2.654186e+00
4.136000e-05	-4.016767e-03	-2.514187e+00
4.137000e-05	-5.696760e-03	-2.388390e+00
4.138000e-05	-1.417950e-03	-2.125765e+00
4.139000e-05	-9.307343e-05	-1.976391e+00
4.140000e-05	-2.619644e-03	-1.778897e+00
4.141000e-05	-5.998181e-03	-1.610029e+00
4.142000e-05	-5.544149e-03	-1.388524e+00
4.143000e-05	-3.966579e-03	-1.188919e+00
4.144000e-05	-4.266453e-03	-1.008447e+00
4.145000e-05	-5.635571e-03	-8.215765e-01
4.146000e-05	-6.982578e-03	-6.410790e-01
4.147000e-05	-3.405062e-03	-4.199776e-01
4.148000e-05	-2.424796e-03	-2.320792e-01
4.149000e-05	-2.388630e-03	-7.315796e-02
4.150000e-05	-2.584771e-04	7.563690e-02
4.151000e-05	-1.002218e-03	3.157682e-01
4.152000e-05	-2.090620e-03	4.736578e-01
4.153000e-05	3.089151e-04	6.119525e-01
4.154000e-05	-4.332942e-03	7.395249e-01
4.155000e-05	-4.851315e-03	9.166650e-01
4.156000e-05	-3.450347e-03	1.170372e+00
4.157000e-05	8.098315e-03	1.327869e+00
4.158000e-05	4.683449e-02	1.530469e+00
4.159000e-05	4.292086e-02	1.783529e+00
4.160000e-05	-5.545948e-02	1.979528e+00
4.161000e-05	-3.587996e-02	2.149471e+00
4.162000e-05	-7.101543e-02	2.318871e+00
4.163000e-05	-4.970626e-02	2.421030e+00
4.164000e-05	1.442777e-01	2.593505e+00
4.165000e-05	-1.005624e-01	2.829555e+00
4.166000e-05	-4.988317e-02	2.928268e+00
4.167000e-05	1.529696e-01	3.116745e+00
4.168000e-05	-8.827464e-02	3.316670e+00
4.169000e-05	1.369485e-02	3.465109e+00
4.170000e-05	7.752103e-02	3.612033e+00
4.171000e-05	-1.508881e-01	3.841458e+00
4.172000e-05	2.254412e-02	3.978899e+00
4.173000e-05	4.689752e-02	4.179851e+00
4.174000e-05	-2.854207e-02	4.367395e+00
4.175000e-05	2.574855e-02	4.518242e+00
4.176000e-05	-7.250980e-02	4.696239e+00
4.177000e-05	1.219508e-02	4.813553e+00
4.178000e-05	3.101625e-02	5.033183e+00
4.179000e-05	-2.199784e-02	5.274686e+00
4.180000e-05	-2.824033e-02	5.434557e+00
4.181000e-05	-1.413620e-02	5.581025e+00
4.182000e-05	2.682917e-02	5.727768e+00
4.183000e-05	1.649146e-03	5.896193e+00
4.184000e-05	-2.582536e-02	6.043507e+00
4.185000e-05	-1.626461e-02	6.210480e+00
4.186000e-05	-4.176712e-02	6.338895e+00
4.187000e-05	4.838804e-02	6.453059e+00
4.188000e-05	-4.237592e-03	6.643108e+00
4.189000e-05	-3.851128e-02	6.771430e+00
4.190000e-05	-8.014315e-03	6.936843e+00
4.191000e-05	-8.171901e-03	7.052084e+00
4.192000e-05	2.297336e-02	7.146820e+00
4.193000e-05	-3.362596e-02	7.296662e+00
4.194000e-05	-2.931362e-02	7.423691e+00
4.195000e-05	-1.352773e-02	7.611503e+00
4.196000e-05	1.687268e-02	7.696818e+00
4.197000e-05	3.193204e-03	7.865533e+00
4.198000e-05	-3.287293e-02	8.001933e+00
4.199000e-05	-2.283860e-02	8.156349e+00
4.200000e-05	-5.079100e-03	8.253083e+00
4.201000e-05	8.402510e-03	8.325345e+00
4.202000e-05	-1.741339e-02	8.431453e+00
4.203000e-05	-3.354167e-02	8.505716e+00
4.204000e-05	-1.608042e-02	8.600453e+00
4.205000e-05	6.991816e-03	8.684637e+00
4.206000e-05	-3.986318e-03	8.717796e+00
4.207000e-05	-2.728293e-02	8.793529e+00
4.208000e-05	-3.174082e-02	8.979276e+00
4.209000e-05	-7.830242e-03	9.082536e+00
4.210000e-05	1.005289e-04	9.146766e+00
4.211000e-05	-1.470745e-02	9.220458e+00
4.212000e-05	-3.237219e-02	9.265088e+00
4.213000e-05	-2.288117e-02	9.328795e+00
4.214000e-05	-8.746848e-04	9.350978e+00
4.215000e-05	-7.734142e-03	9.483137e+00
4.216000e-05	-2.555297e-02	9.516666e+00
4.217000e-05	-3.324225e-02	9.556891e+00
4.218000e-05	-1.564580e-02	9.601529e+00
4.219000e-05	-5.610160e-03	9.675108e+00
4.220000e-05	-1.890251e-02	9.718708e+00
4.221000e-05	-3.326259e-02	9.778321e+00
4.222000e-05	-2.944974e-02	9.781930e+00
4.223000e-05	-1.084114e-02	9.855014e+00
4.224000e-05	-1.375935e-02	9.894561e+00
4.225000e-05	-2.700219e-02	9.925816e+00
4.226000e-05	-3.565333e-02	9.967346e+00
4.227000e-05	-2.177364e-02	9.979924e+00
4.228000e-05	-1.320114e-02	9.999999e+00
4.229000e-05	-2.189696e-02	9.969476e+00
4.230000e-05	-3.632414e-02	1.003143e+01
4.231000e-05	-3.540908e-02	1.002156e+01
4.232000e-05	-2.143734e-02	1.003258e+01
4.233000e-05	-1.986529e-02	9.992053e+00
4.234000e-05	-3.080244e-02	1.000248e+01
4.235000e-05	-4.022128e-02	9.992006e+00
4.236000e-05	-3.178685e-02	9.991424e+00
4.237000e-05	-2.388059e-02	9.967900e+00
4.238000e-05	-2.896470e-02	9.989446e+00
4.239000e-05	-4.059828e-02	9.957292e+00
4.240000e-05	-4.093034e-02	9.926717e+00
4.241000e-05	-3.027773e-02	9.894988e+00
4.242000e-05	-2.643845e-02	9.842459e+00
4.243000e-05	-3.492354e-02	9.788354e+00
4.244000e-05	-4.389269e-02	9.757275e+00
4.245000e-05	-3.876597e-02	9.655661e+00
4.246000e-05	-2.979004e-02	9.611980e+00
4.247000e-05	-3.136079e-02	9.610324e+00
4.248000e-05	-4.044353e-02	9.555843e+00
4.249000e-05	-4.263784e-02	9.544686e+00
4.250000e-05	-3.388141e-02	9.432602e+00
4.251000e-05	-2.817131e-02	9.369874e+00
4.252000e-05	-3.219090e-02	9.336293e+00
4.253000e-05	-3.904031e-02	9.233081e+00
4.254000e-05	-3.455910e-02	9.180502e+00
4.255000e-05	-2.630426e-02	9.105141e+00
4.256000e-05	-2.489622e-02	8.999955e+00
4.257000e-05	-3.160665e-02	8.866766e+00
4.258000e-05	-3.362851e-02	8.801554e+00
4.259000e-05	-2.636420e-02	8.728266e+00
4.260000e-05	-2.018452e-02	8.662581e+00
4.261000e-05	-2.130998e-02	8.577298e+00
4.262000e-05	-2.771820e-02	8.465112e+00
4.263000e-05	-2.379289e-02	8.378924e+00
4.264000e-05	-1.936111e-02	8.302661e+00
4.265000e-05	-1.542134e-02	8.189893e+00
4.266000e-05	-2.129419e-02	8.011087e+00
4.267000e-05	-2.334281e-02	7.937466e+00
4.268000e-05	-1.987988e-02	7.852605e+00
4.269000e-05	-1.358339e-02	7.734687e+00
4.270000e-05	-1.457598e-02	7.589903e+00
4.271000e-05	-1.826344e-02	7.461033e+00
4.272000e-05	-1.779827e-02	7.293587e+00
4.273000e-05	-1.249355e-02	7.157871e+00
4.274000e-05	-9.559135e-03	7.041081e+00
4.275000e-05	-1.413486e-02	6.863711e+00
4.276000e-05	-1.757874e-02	6.767447e+00
4.277000e-05	-1.557582e-02	6.611130e+00
4.278000e-05	-1.047094e-02	6.432583e+00
4.279000e-05	-9.018659e-03	6.335792e+00
4.280000e-05	-1.368757e-02	6.179474e+00
4.281000e-05	-1.447956e-02	6.052583e+00
4.282000e-05	-1.059609e-02	5.947842e+00
4.283000e-05	-7.486488e-03	5.767895e+00
4.284000e-05	-9.214774e-03	5.567920e+00
4.285000e-05	-1.203519e-02	5.411553e+00
4.286000e-05	-1.183466e-02	5.253632e+00
4.287000e-05	-8.074303e-03	5.073286e+00
4.288000e-05	-7.567568e-03	4.873132e+00
4.289000e-05	-1.052432e-02	4.715714e+00
4.290000e-05	-1.131769e-02	4.526792e+00
4.291000e-05	-8.988780e-03	4.390426e+00
4.292000e-05	-5.784966e-03	4.231099e+00
4.293000e-05	-7.013106e-03	3.989975e+00
4.294000e-05	-8.133039e-03	3.873109e+00
4.295000e-05	-9.104738e-03	3.714840e+00
4.296000e-05	-6.302059e-03	3.558839e+00
4.297000e-05	-6.272915e-03	3.347744e+00
4.298000e-05	-8.822486e-03	3.157946e+00
4.299000e-05	-1.039582e-02	3.010473e+00
4.300000e-05	-8.423633e-03	2.842103e+00
4.301000e-05	-5.938385e-03	2.672734e+00
4.302000e-05	-5.320202e-03	2.421055e+00
4.303000e-05	-6.258259e-03	2.244161e+00
4.304000e-05	-5.613101e-03	2.113314e+00
4.305000e-05	-4.270174e-03	1.956842e+00
4.306000e-05	-4.912050e-03	1.735920e+00
4.307000e-05	-6.609143e-03	1.557968e+00
4.308000e-05	-8.555288e-03	1.398920e+00
4.309000e-05	-6.694014e-03	1.189499e+00
4.310000e-05	-4.695843e-03	9.243384e-01
4.311000e-05	-3.927400e-03	7.469173e-01
4.312000e-05	-5.624343e-03	5.783688e-01
4.313000e-05	-4.417532e-03	4.095250e-01
4.314000e-05	-3.528928e-03	1.710776e-01
4.315000e-05	-3.142521e-03	1.025132e-03
4.316000e-05	2.894016e-04	-1.784182e-01
4.317000e-05	1.095810e-03	-3.058445e-01
4.318000e-05	-4.100847e-03	-4.447090e-01
4.319000e-05	1.299712e-03	-7.047130e-01
4.320000e-05	-2.375992e-03	-8.621077e-01
4.321000e-05	-7.531413e-04	-9.794549e-01
4.322000e-05	-2.431244e-03	-1.168365e+00
4.323000e-05	1.389658e-02	-1.396795e+00
4.324000e-05	8.737703e-02	-1.600422e+00
4.325000e-05	-9.994765e-03	-1.789454e+00
4.326000e-05	-3.515524e-02	-2.095689e+00
4.327000e-05	-5.928403e-02	-2.347895e+00
4.328000e-05	-1.009907e-01	-2.421104e+00
4.329000e-05	1.558541e-01	-2.400607e+00
4.330000e-05	-2.104593e-02	-2.601956e+00
4.331000e-05	-1.469756e-01	-2.884111e+00
4.332000e-05	1.951661e-01	-2.966923e+00
4.333000e-05	-9.066548e-02	-3.117896e+00
4.334000e-05	-3.682652e-02	-3.421529e+00
4.335000e-05	1.786667e-01	-3.526845e+00
4.336000e-05	-1.479543e-01	-3.735668e+00
4.337000e-05	-5.570098e-02	-3.967795e+00
4.338000e-05	1.390932e-01	-4.053080e+00
4.339000e-05	-8.655579e-02	-4.285238e+00
4.340000e-05	1.109732e-01	-4.409000e+00
4.341000e-05	-6.703414e-02	-4.507743e+00
4.342000e-05	-5.985327e-02	-4.787870e+00
4.343000e-05	1.479577e-01	-4.884662e+00
4.344000e-05	-9.353513e-02	-5.054608e+00
4.345000e-05	2.578631e-02	-5.293156e+00
4.346000e-05	-2.099717e-02	-5.422159e+00
4.347000e-05	-3.727765e-03	-5.644109e+00
4.348000e-05	9.197095e-02	-5.746823e+00
4.349000e-05	-7.923481e-02	-5.896792e+00
4.350000e-05	4.424278e-02	-6.054154e+00
4.351000e-05	-5.521950e-02	-6.199980e+00
4.352000e-05	2.151282e-02	-6.399974e+00
4.353000e-05	9.335715e-02	-6.525344e+00
4.354000e-05	-8.843277e-02	-6.684158e+00
4.355000e-05	4.897505e-02	-6.798451e+00
4.356000e-05	-3.531932e-02	-6.923117e+00
4.357000e-05	4.721852e-02	-7.125794e+00
4.358000e-05	2.108730e-02	-7.243585e+00
4.359000e-05	-6.902541e-02	-7.379421e+00
4.360000e-05	4.485151e-02	-7.464614e+00
4.361000e-05	-1.844972e-02	-7.621955e+00
4.362000e-05	6.771989e-02	-7.800325e+00
4.363000e-05	-2.220347e-02	-7.935793e+00
4.364000e-05	-1.650664e-02	-8.034080e+00
4.365000e-05	2.328472e-02	-8.157271e+00
4.366000e-05	-2.613638e-03	-8.263084e+00
4.367000e-05	4.425718e-02	-8.327870e+00
4.368000e-05	-4.204040e-02	-8.421456e+00
4.369000e-05	1.649255e-02	-8.585797e+00
4.370000e-05	1.329524e-02	-8.694014e+00
4.371000e-05	2.956613e-02	-8.810350e+00
4.372000e-05	9.939874e-03	-8.865136e+00
4.373000e-05	-2.464826e-02	-8.957795e+00
4.374000e-05	2.103100e-02	-9.031503e+00
4.375000e-05	1.140725e-02	-9.095163e+00
4.376000e-05	3.071437e-02	-9.196446e+00
4.377000e-05	-1.266710e-02	-9.212510e+00
4.378000e-05	-2.972850e-04	-9.305638e+00
4.379000e-05	2.008830e-02	-9.378822e+00
4.380000e-05	2.579158e-02	-9.484512e+00
4.381000e-05	1.389730e-02	-9.519322e+00
4.382000e-05	-1.059673e-02	-9.630004e+00
4.383000e-05	1.582740e-02	-9.663054e+00
4.384000e-05	2.353688e-02	-9.704661e+00
4.385000e-05	2.548561e-02	-9.758300e+00
4.386000e-05	-2.475681e-04	-9.800525e+00
4.387000e-05	2.613492e-03	-9.832480e+00
4.388000e-05	1.996655e-02	-9.872133e+00
4.389000e-05	2.676050e-02	-9.925714e+00
4.390000e-05	1.772245e-02	-9.936746e+00
4.391000e-05	1.990337e-03	-9.937946e+00
4.392000e-05	1.528967e-02	-9.957293e+00
4.393000e-05	2.719312e-02	-9.978398e+00
4.394000e-05	2.791750e-02	-1.000187e+01
4.395000e-05	1.118351e-02	-9.980502e+00
4.396000e-05	8.007261e-03	-1.000105e+01
4.397000e-05	2.243273e-02	-1.004205e+01
4.398000e-05	3.142490e-02	-1.003298e+01
4.399000e-05	2.368383e-02	-1.001045e+01
4.400000e-05	1.310211e-02	-1.002150e+01
4.401000e-05	1.998119e-02	-1.001098e+01
4.402000e-05	2.996947e-02	-1.000952e+01
4.403000e-05	3.128297e-02	-9.999021e+00
4.404000e-05	1.957206e-02	-1.001840e+01
4.405000e-05	1.803462e-02	-9.928297e+00
4.406000e-05	2.708884e-02	-9.926245e+00
4.407000e-05	3.552739e-02	-9.905216e+00
4.408000e-05	3.038106e-02	-9.873637e+00
4.409000e-05	2.131634e-02	-9.811657e+00
4.410000e-05	2.304215e-02	-9.800923e+00
4.411000e-05	3.311809e-02	-9.788400e+00
4.412000e-05	3.489127e-02	-9.715766e+00
4.413000e-05	2.711745e-02	-9.683660e+00
4.414000e-05	2.175383e-02	-9.633058e+00
4.415000e-05	2.848620e-02	-9.590452e+00
4.416000e-05	3.496860e-02	-9.526819e+00
4.417000e-05	2.981861e-02	-9.473561e+00
4.418000e-05	2.087727e-02	-9.389325e+00
4.419000e-05	1.990682e-02	-9.285712e+00
4.420000e-05	2.779483e-02	-9.220001e+00
4.421000e-05	2.909282e-02	-9.155771e+00
4.422000e-05	2.058673e-02	-9.075662e+00
4.423000e-05	1.555348e-02	-9.019524e+00
4.424000e-05	1.989109e-02	-8.904688e+00
4.425000e-05	2.481820e-02	-8.833104e+00
4.426000e-05	2.027433e-02	-8.768367e+00
4.427000e-05	1.208514e-02	-8.684532e+00
4.428000e-05	1.158991e-02	-8.556786e+00
4.429000e-05	1.676658e-02	-8.419579e+00
4.430000e-05	1.902250e-02	-8.325219e+00
4.431000e-05	1.229254e-02	-8.271629e+00
4.432000e-05	6.809397e-03	-8.135793e+00
4.433000e-05	9.393463e-03	-8.012055e+00
4.434000e-05	1.367954e-02	-7.963765e+00
4.435000e-05	1.192573e-02	-7.738447e+00
4.436000e-05	6.173781e-03	-7.599125e+00
4.437000e-05	3.557827e-03	-7.503109e+00
4.438000e-05	8.433411e-03	-7.356291e+00
4.439000e-05	1.026360e-02	-7.241079e+00
4.440000e-05	5.657712e-03	-7.125241e+00
4.441000e-05	2.668019e-03	-6.956294e+00
4.442000e-05	3.417892e-03	-6.779024e+00
4.443000e-05	7.650263e-03	-6.685159e+00
4.444000e-05	7.109124e-03	-6.587369e+00
4.445000e-05	2.909365e-03	-6.430029e+00
4.446000e-05	5.720146e-04	-6.301610e+00
4.447000e-05	3.960821e-03	-6.084162e+00
4.448000e-05	5.263409e-03	-5.916791e+00
4.449000e-05	2.630703e-03	-5.859521e+00
4.450000e-05	-1.776569e-03	-5.653083e+00
4.451000e-05	-1.270247e-03	-5.552242e+00
4.452000e-05	2.021208e-03	-5.294712e+00
4.453000e-05	2.732941e-03	-5.115840e+00
4.454000e-05	-5.329801e-04	-4.956392e+00
4.455000e-05	-2.453056e-03	-4.708291e+00
4.456000e-05	2.744703e-04	-4.607401e+00
4.457000e-05	2.392212e-03	-4.431580e+00
4.458000e-05	-1.898535e-04	-4.303133e+00
4.459000e-05	-2.120384e-03	-4.135841e+00
4.460000e-05	-3.792773e-03	-4.001455e+00
4.461000e-05	1.104883e-03	-3.858550e+00
4.462000e-05	-2.873580e-04	-3.598999e+00
4.463000e-05	-1.471285e-03	-3.443527e+00
4.464000e-05	-4.333887e-03	-3.294235e+00
4.465000e-05	-3.203097e-03	-3.135291e+00
4.466000e-05	-7.828605e-04	-2.914161e+00
4.467000e-05	-2.350940e-03	-2.725867e+00
4.468000e-05	-4.024929e-03	-2.545842e+00
4.469000e-05	-5.861279e-03	-2.429475e+00
4.470000e-05	-2.172943e-03	-2.260019e+00
4.471000e-05	-2.468282e-03	-1.988974e+00
4.472000e-05	-2.420502e-03	-1.822030e+00
4.473000e-05	-5.487650e-03	-1.674180e+00
4.474000e-05	-4.289676e-03	-1.522758e+00
4.475000e-05	-4.416542e-03	-1.221071e+00
4.476000e-05	-4.177601e-03	-1.032105e+00
4.477000e-05	-5.477800e-03	-8.921829e-01
4.478000e-05	-6.024493e-03	-7.252608e-01
4.479000e-05	-3.496878e-03	-5.141580e-01
4.480000e-05	-2.922741e-03	-3.227382e-01
4.481000e-05	-3.022845e-03	-1.658359e-01
4.482000e-05	-2.975240e-03	3.158013e-02
4.483000e-05	8.909273e-04	2.231590e-01
4.484000e-05	-3.687405e-03	3.905263e-01
4.485000e-05	7.299016e-04	5.699236e-01
4.486000e-05	-4.849405e-03	7.663897e-01
4.487000e-05	-2.180294e-03	8.651129e-01
4.488000e-05	-3.895324e-03	1.095796e+00
4.489000e-05	6.423638e-03	1.254688e+00
4.490000e-05	2.725595e-02	1.485163e+00
4.491000e-05	6.548026e-02	1.758424e+00
4.492000e-05	-4.023282e-02	1.968370e+00
4.493000e-05	-3.898710e-02	2.107239e+00
4.494000e-05	-5.710549e-02	2.305787e+00
4.495000e-05	-8.205722e-02	2.389975e+00
4.496000e-05	1.043750e-01	2.487845e+00
4.497000e-05	7.875774e-03	2.769500e+00
4.498000e-05	-1.474651e-01	2.905212e+00
4.499000e-05	1.717852e-01	3.075110e+00
4.500000e-05	-4.570688e-02	3.223658e+00
4.501000e-05	-4.344475e-02	3.464029e+00
4.502000e-05	1.066183e-01	3.559947e+00
4.503000e-05	-1.055601e-01	3.779323e+00
4.504000e-05	-5.698238e-02	3.947870e+00
4.505000e-05	8.484203e-02	4.066662e+00
4.506000e-05	-3.013231e-02	4.306692e+00
4.507000e-05	2.290161e-02	4.464210e+00
4.508000e-05	-4.317746e-02	4.644085e+00
4.509000e-05	-3.410897e-02	4.800476e+00
4.510000e-05	5.404486e-02	5.030450e+00
4.511000e-05	-1.875848e-02	5.223583e+00
4.512000e-05	-2.173183e-02	5.410426e+00
4.513000e-05	-3.189242e-02	5.556346e+00
4.514000e-05	1.962645e-02	5.683715e+00
4.515000e-05	1.958335e-02	5.822985e+00
4.516000e-05	-2.898380e-02	5.980480e+00
4.517000e-05	-8.978156e-03	6.157350e+00
4.518000e-05	-5.152865e-02	6.296765e+00
4.519000e-05	3.112801e-02	6.392054e+00
4.520000e-05	2.298566e-02	6.550851e+00
4.521000e-05	-3.807450e-02	6.748346e+00
4.522000e-05	-1.867682e-02	6.896191e+00
4.523000e-05	-1.113690e-02	7.020504e+00
4.524000e-05	1.931174e-02	7.076841e+00
4.525000e-05	-1.207240e-02	7.232503e+00
4.526000e-05	-3.987842e-02	7.432004e+00
4.527000e-05	-1.859073e-02	7.541378e+00
4.528000e-05	8.282918e-03	7.735720e+00
4.529000e-05	1.421727e-02	7.824982e+00
4.530000e-05	-2.173095e-02	7.928845e+00
4.531000e-05	-3.556779e-02	8.134341e+00
4.532000e-05	-8.304250e-03	8.242002e+00
4.533000e-05	3.081947e-03	8.286216e+00
4.534000e-05	-1.795813e-03	8.380400e+00
4.535000e-05	-3.531584e-02	8.465137e+00
4.536000e-05	-2.396806e-02	8.586898e+00
4.537000e-05	2.907521e-03	8.634611e+00
4.538000e-05	4.142009e-03	8.736844e+00
4.539000e-05	-1.619762e-02	8.781948e+00
4.540000e-05	-3.799334e-02	8.928238e+00
4.541000e-05	-1.450629e-02	9.032430e+00
4.542000e-05	-2.202714e-03	9.106690e+00
4.543000e-05	-5.307289e-03	9.206925e+00
4.544000e-05	-3.131699e-02	9.222085e+00
4.545000e-05	-3.135490e-02	9.305717e+00
4.546000e-05	-6.871378e-03	9.379526e+00
4.547000e-05	-3.084659e-03	9.412603e+00
4.548000e-05	-1.752637e-02	9.495694e+00
4.549000e-05	-3.561142e-02	9.549324e+00
4.550000e-05	-2.132386e-02	9.618950e+00
4.551000e-05	-6.964293e-03	9.653156e+00
4.552000e-05	-1.039973e-02	9.706667e+00
4.553000e-05	-3.172241e-02	9.739817e+00
4.554000e-05	-3.404629e-02	9.809479e+00
4.555000e-05	-1.656930e-02	9.832533e+00
4.556000e-05	-9.837801e-03	9.883088e+00
4.557000e-05	-2.063689e-02	9.915244e+00
4.558000e-05	-3.583451e-02	9.917817e+00
4.559000e-05	-2.694310e-02	9.967375e+00
4.560000e-05	-1.640418e-02	9.979426e+00
4.561000e-05	-1.670814e-02	9.990424e+00
4.562000e-05	-3.307969e-02	1.001048e+01
4.563000e-05	-3.861763e-02	1.001108e+01
4.564000e-05	-2.708494e-02	1.000058e+01
4.565000e-05	-1.847589e-02	1.001053e+01
4.566000e-05	-2.467418e-02	9.991003e+00
4.567000e-05	-3.912890e-02	1.002148e+01
4.568000e-05	-3.376921e-02	9.999978e+00
4.569000e-05	-2.614807e-02	9.989350e+00
4.570000e-05	-2.450842e-02	9.989421e+00
4.571000e-05	-3.781894e-02	9.945897e+00
4.572000e-05	-4.268389e-02	9.956715e+00
4.573000e-05	-3.614196e-02	9.913217e+00
4.574000e-05	-2.665965e-02	9.863487e+00
4.575000e-05	-3.131343e-02	9.830457e+00
4.576000e-05	-4.252147e-02	9.758364e+00
4.577000e-05	-4.137529e-02	9.725186e+00
4.578000e-05	-3.206852e-02	9.632679e+00
4.579000e-05	-2.774224e-02	9.609950e+00
4.580000e-05	-3.767067e-02	9.568296e+00
4.581000e-05	-4.297848e-02	9.515145e+00
4.582000e-05	-3.751376e-02	9.453157e+00
4.583000e-05	-2.866008e-02	9.389922e+00
4.584000e-05	-3.006193e-02	9.327219e+00
4.585000e-05	-3.759561e-02	9.263108e+00
4.586000e-05	-3.656306e-02	9.231003e+00
4.587000e-05	-2.869593e-02	9.154846e+00
4.588000e-05	-2.293381e-02	9.092109e+00
4.589000e-05	-2.880528e-02	8.908221e+00
4.590000e-05	-3.331230e-02	8.853025e+00
4.591000e-05	-3.063676e-02	8.748373e+00
4.592000e-05	-2.128733e-02	8.685112e+00
4.593000e-05	-2.148730e-02	8.589402e+00
4.594000e-05	-2.583411e-02	8.525741e+00
4.595000e-05	-2.591401e-02	8.410479e+00
4.596000e-05	-2.071885e-02	8.346195e+00
4.597000e-05	-1.530172e-02	8.180954e+00
4.598000e-05	-1.919793e-02	8.043709e+00
4.599000e-05	-2.208014e-02	7.948924e+00
4.600000e-05	-2.046433e-02	7.844486e+00
4.601000e-05	-1.519784e-02	7.747417e+00
4.602000e-05	-1.458537e-02	7.620554e+00
4.603000e-05	-1.801742e-02	7.472688e+00
4.604000e-05	-1.906024e-02	7.336241e+00
4.605000e-05	-1.471324e-02	7.159945e+00
4.606000e-05	-1.133473e-02	7.053659e+00
4.607000e-05	-1.244436e-02	6.925318e+00
4.608000e-05	-1.640912e-02	6.791053e+00
4.609000e-05	-1.540386e-02	6.703158e+00
4.610000e-05	-1.185336e-02	6.484134e+00
4.611000e-05	-1.025857e-02	6.367342e+00
4.612000e-05	-1.249806e-02	6.202528e+00
4.613000e-05	-1.409264e-02	6.105235e+00
4.614000e-05	-1.146882e-02	5.968396e+00
4.615000e-05	-8.409857e-03	5.779428e+00
4.616000e-05	-7.835570e-03	5.611005e+00
4.617000e-05	-1.134499e-02	5.462212e+00
4.618000e-05	-1.166850e-02	5.306291e+00
4.619000e-05	-9.854553e-03	5.145841e+00
4.620000e-05	-7.121742e-03	4.865810e+00
4.621000e-05	-9.479872e-03	4.756367e+00
4.622000e-05	-1.206010e-02	4.587999e+00
4.623000e-05	-1.034537e-02	4.422532e+00
4.624000e-05	-5.989574e-03	4.315708e+00
4.625000e-05	-5.636746e-03	4.043155e+00
4.626000e-05	-8.797850e-03	3.904336e+00
4.627000e-05	-1.071904e-02	3.766842e+00
4.628000e-05	-7.173200e-03	3.599423e+00
4.629000e-05	-4.658242e-03	3.440549e+00
4.630000e-05	-6.568002e-03	3.221028e+00
4.631000e-05	-9.832398e-03	3.082132e+00
4.632000e-05	-9.279380e-03	2.894184e+00
4.633000e-05	-5.779025e-03	2.725892e+00
4.634000e-05	-4.932280e-03	2.504743e+00
4.635000e-05	-6.067655e-03	2.356317e+00
4.636000e-05	-8.364060e-03	2.146870e+00
4.637000e-05	-5.620508e-03	1.980498e+00
4.638000e-05	-3.603424e-03	1.809028e+00
4.639000e-05	-4.371979e-03	1.580951e+00
4.640000e-05	-7.382383e-03	1.439005e+00
4.641000e-05	-8.351632e-03	1.232703e+00
4.642000e-05	-5.112220e-03	1.009999e+00
4.643000e-05	-3.791123e-03	7.705514e-01
4.644000e-05	-4.968759e-03	6.315014e-01
4.645000e-05	-4.940328e-03	4.426065e-01
4.646000e-05	-3.461093e-03	2.838080e-01
4.647000e-05	-1.502441e-03	5.456046e-02
4.648000e-05	1.108727e-03	-7.431428e-02
4.649000e-05	1.380232e-03	-2.652079e-01
4.650000e-05	-3.872496e-03	-4.415526e-01
4.651000e-05	-9.520978e-04	-6.105287e-01
4.652000e-05	-2.151142e-03	-7.915750e-01
4.653000e-05	-1.537392e-03	-9.389236e-01
4.654000e-05	-1.866975e-03	-1.086267e+00
4.655000e-05	6.949556e-03	-1.285213e+00
4.656000e-05	6.353050e-02	-1.477339e+00
4.657000e-05	4.592132e-02	-1.717843e+00
4.658000e-05	-5.861270e-02	-2.000554e+00
4.659000e-05	-2.716363e-02	-2.293761e+00
4.660000e-05	-1.231380e-01	-2.410525e+00
4.661000e-05	8.712007e-02	-2.421078e+00
4.662000e-05	8.218681e-02	-2.550395e+00
4.663000e-05	-1.884295e-01	-2.781031e+00
4.664000e-05	1.438922e-01	-2.926345e+00
4.665000e-05	2.530002e-02	-3.075692e+00
4.666000e-05	-1.224535e-01	-3.369396e+00
4.667000e-05	1.705671e-01	-3.514212e+00
4.668000e-05	-4.660137e-02	-3.621012e+00
4.669000e-05	-1.628850e-01	-3.883713e+00
4.670000e-05	1.615818e-01	-3.989528e+00
4.671000e-05	-5.704764e-02	-4.202454e+00
4.672000e-05	5.489521e-02	-4.357924e+00
4.673000e-05	2.559671e-02	-4.483633e+00
4.674000e-05	-1.350125e-01	-4.745940e+00
4.675000e-05	1.425944e-01	-4.854084e+00
4.676000e-05	-2.877511e-02	-5.001504e+00
4.677000e-05	-3.861058e-02	-5.220451e+00
4.678000e-05	3.079618e-02	-5.369375e+00
4.679000e-05	-5.391915e-02	-5.610997e+00
4.680000e-05	1.106022e-01	-5.746243e+00
4.681000e-05	-5.035200e-02	-5.844608e+00
4.682000e-05	1.214233e-03	-6.030534e+00
4.683000e-05	1.018254e-03	-6.128748e+00
4.684000e-05	-5.319545e-02	-6.359272e+00
4.685000e-05	1.308310e-01	-6.493608e+00
4.686000e-05	-7.297790e-02	-6.663959e+00
4.687000e-05	1.281800e-02	-6.787871e+00
4.688000e-05	5.444643e-03	-6.883012e+00
4.689000e-05	-3.673804e-03	-7.084611e+00
4.690000e-05	7.227067e-02	-7.209483e+00
4.691000e-05	-8.574423e-02	-7.344764e+00
4.692000e-05	3.440010e-02	-7.463563e+00
4.693000e-05	-8.913691e-03	-7.580401e+00
4.694000e-05	4.465045e-02	-7.748848e+00
4.695000e-05	1.920647e-02	-7.844615e+00
4.696000e-05	-4.611767e-02	-8.011500e+00
4.697000e-05	3.450300e-02	-8.105668e+00
4.698000e-05	-1.244030e-02	-8.213009e+00
4.699000e-05	4.809423e-02	-8.336241e+00
4.700000e-05	-2.592177e-02	-8.421979e+00
4.701000e-05	-6.349250e-03	-8.504667e+00
4.702000e-05	2.242122e-02	-8.611532e+00
4.703000e-05	1.882908e-02	-8.758322e+00
4.704000e-05	2.849938e-02	-8.842533e+00
4.705000e-05	-2.840463e-02	-8.926664e+00
4.706000e-05	1.391605e-02	-8.999926e+00
4.707000e-05	1.235400e-02	-9.042558e+00
4.708000e-05	2.838902e-02	-9.126746e+00
4.709000e-05	1.473524e-04	-9.210975e+00
4.710000e-05	-1.064022e-02	-9.315138e+00
4.711000e-05	1.956295e-02	-9.338303e+00
4.712000e-05	2.333831e-02	-9.442558e+00
4.713000e-05	2.178134e-02	-9.517792e+00
4.714000e-05	-8.780636e-03	-9.589924e+00
4.715000e-05	5.788086e-03	-9.663082e+00
4.716000e-05	2.186870e-02	-9.683588e+00
4.717000e-05	2.702138e-02	-9.727318e+00
4.718000e-05	8.567810e-03	-9.808400e+00
4.719000e-05	-3.091280e-03	-9.820998e+00
4.720000e-05	1.612010e-02	-9.841534e+00
4.721000e-05	2.667364e-02	-9.885192e+00
4.722000e-05	2.365015e-02	-9.936766e+00
4.723000e-05	5.614281e-03	-9.947396e+00
4.724000e-05	8.045543e-03	-9.997800e+00
4.725000e-05	2.410058e-02	-9.939343e+00
4.726000e-05	2.920920e-02	-9.979875e+00
4.727000e-05	1.625675e-02	-1.001145e+01
4.728000e-05	5.423348e-03	-9.990526e+00
4.729000e-05	1.575541e-02	-1.001200e+01
4.730000e-05	3.063689e-02	-1.000208e+01
4.731000e-05	2.920138e-02	-1.000300e+01
4.732000e-05	1.528698e-02	-1.005195e+01
4.733000e-05	1.350558e-02	-1.002995e+01
4.734000e-05	2.757227e-02	-9.959954e+00
4.735000e-05	3.372175e-02	-1.000940e+01
4.736000e-05	2.469121e-02	-9.946949e+00
4.737000e-05	1.612813e-02	-9.980370e+00
4.738000e-05	2.216704e-02	-9.938215e+00
4.739000e-05	3.516521e-02	-9.924266e+00
4.740000e-05	3.476212e-02	-9.865164e+00
4.741000e-05	2.431475e-02	-9.893638e+00
4.742000e-05	1.954168e-02	-9.811978e+00
4.743000e-05	3.009308e-02	-9.778400e+00
4.744000e-05	3.549441e-02	-9.726796e+00
4.745000e-05	3.070090e-02	-9.714688e+00
4.746000e-05	2.109868e-02	-9.662632e+00
4.747000e-05	2.463380e-02	-9.631452e+00
4.748000e-05	3.346528e-02	-9.577325e+00
4.749000e-05	3.369927e-02	-9.492064e+00
4.750000e-05	2.441550e-02	-9.411303e+00
4.751000e-05	1.899552e-02	-9.324247e+00
4.752000e-05	2.529537e-02	-9.273557e+00
4.753000e-05	2.981001e-02	-9.166848e+00
4.754000e-05	2.530680e-02	-9.123714e+00
4.755000e-05	1.591030e-02	-9.029974e+00
4.756000e-05	1.574163e-02	-8.946271e+00
4.757000e-05	2.231382e-02	-8.862107e+00
4.758000e-05	2.372126e-02	-8.798897e+00
4.759000e-05	1.650119e-02	-8.733137e+00
4.760000e-05	1.056595e-02	-8.579246e+00
4.761000e-05	1.427594e-02	-8.462129e+00
4.762000e-05	1.873796e-02	-8.347820e+00
4.763000e-05	1.656466e-02	-8.273084e+00
4.764000e-05	8.459586e-03	-8.136791e+00
4.765000e-05	6.341169e-03	-8.072105e+00
4.766000e-05	1.126920e-02	-7.966868e+00
4.767000e-05	1.396191e-02	-7.842926e+00
4.768000e-05	9.356014e-03	-7.632557e+00
4.769000e-05	3.841812e-03	-7.525740e+00
4.770000e-05	6.396776e-03	-7.390871e+00
4.771000e-05	1.023153e-02	-7.273188e+00
4.772000e-05	8.642107e-03	-7.178322e+00
4.773000e-05	3.169472e-03	-7.040748e+00
4.774000e-05	2.975476e-03	-6.871634e+00
4.775000e-05	6.356913e-03	-6.734737e+00
4.776000e-05	7.260586e-03	-6.589026e+00
4.777000e-05	3.246370e-03	-6.433057e+00
4.778000e-05	-1.620286e-04	-6.347265e+00
4.779000e-05	1.355929e-03	-6.135792e+00
4.780000e-05	4.451586e-03	-5.989421e+00
4.781000e-05	4.760978e-03	-5.889607e+00
4.782000e-05	8.146234e-04	-5.705237e+00
4.783000e-05	9.228555e-04	-5.567419e+00
4.784000e-05	2.073080e-03	-5.377445e+00
4.785000e-05	4.040883e-03	-5.167391e+00
4.786000e-05	-3.305582e-05	-5.028904e+00
4.787000e-05	-2.521654e-03	-4.807372e+00
4.788000e-05	-3.649690e-03	-4.620580e+00
4.789000e-05	2.231757e-03	-4.513161e+00
4.790000e-05	9.457668e-04	-4.344339e+00
4.791000e-05	9.987275e-04	-4.197918e+00
4.792000e-05	-3.107223e-03	-4.021553e+00
4.793000e-05	-6.249806e-04	-3.861779e+00
4.794000e-05	-6.081442e-04	-3.661557e+00
4.795000e-05	-9.304487e-04	-3.493663e+00
4.796000e-05	-4.880313e-03	-3.336792e+00
4.797000e-05	-5.151352e-03	-3.186869e+00
4.798000e-05	-1.105943e-03	-2.947869e+00
4.799000e-05	-1.846023e-04	-2.787894e+00
4.800000e-05	-2.623162e-03	-2.609024e+00
4.801000e-05	-4.438364e-03	-2.442032e+00
4.802000e-05	-1.541003e-03	-2.292105e+00
4.803000e-05	-1.690189e-03	-2.054003e+00
4.804000e-05	-2.981320e-03	-1.902357e+00
4.805000e-05	-6.791453e-03	-1.704812e+00
4.806000e-05	-5.961948e-03	-1.577440e+00
4.807000e-05	-4.753337e-03	-1.256262e+00
4.808000e-05	-3.313349e-03	-1.074239e+00
4.809000e-05	-5.157510e-03	-9.332120e-01
4.810000e-05	-5.397524e-03	-7.878935e-01
4.811000e-05	-3.875451e-03	-5.138108e-01
4.812000e-05	-1.822060e-03	-3.678210e-01
4.813000e-05	-3.530663e-03	-1.884411e-01
4.814000e-05	-4.060853e-03	-1.100013e-02
4.815000e-05	-5.409885e-04	1.484975e-01
4.816000e-05	-3.369305e-03	3.504247e-01
4.817000e-05	9.833483e-04	5.358157e-01
4.818000e-05	-3.717290e-03	6.761592e-01
4.819000e-05	-3.460747e-03	7.925515e-01
4.820000e-05	-5.076273e-03	1.013109e+00
4.821000e-05	3.391546e-03	1.233054e+00
4.822000e-05	1.568309e-02	1.401126e+00
4.823000e-05	6.777088e-02	1.665187e+00
4.824000e-05	-9.978086e-03	1.895239e+00
4.825000e-05	-4.930529e-02	2.055662e+00
4.826000e-05	-4.398822e-02	2.202638e+00
4.827000e-05	-8.788247e-02	2.368450e+00
4.828000e-05	3.508410e-02	2.444113e+00
4.829000e-05	1.037191e-01	2.717763e+00
4.830000e-05	-1.775366e-01	2.834657e+00
4.831000e-05	1.130947e-01	3.010454e+00
4.832000e-05	3.706038e-02	3.190478e+00
4.833000e-05	-8.333756e-02	3.370446e+00
4.834000e-05	8.844015e-02	3.555813e+00
4.835000e-05	-2.392742e-02	3.707216e+00
4.836000e-05	-1.277885e-01	3.916764e+00
4.837000e-05	8.623277e-02	4.033084e+00
4.838000e-05	-1.247572e-02	4.263636e+00
4.839000e-05	3.949289e-03	4.411082e+00
4.840000e-05	-3.609160e-03	4.593053e+00
4.841000e-05	-7.081258e-02	4.769970e+00
4.842000e-05	5.500166e-02	4.917740e+00
4.843000e-05	-5.633185e-03	5.138950e+00
4.844000e-05	-1.784517e-02	5.357397e+00
4.845000e-05	-3.565961e-02	5.485691e+00
4.846000e-05	7.777239e-03	5.623106e+00
4.847000e-05	2.631119e-02	5.809480e+00
4.848000e-05	-1.977519e-02	5.948400e+00
4.849000e-05	-1.096295e-02	6.117191e+00
4.850000e-05	-4.108615e-02	6.275587e+00
4.851000e-05	-4.637314e-03	6.390453e+00
4.852000e-05	4.510051e-02	6.497173e+00
4.853000e-05	-2.793690e-02	6.726315e+00
4.854000e-05	-2.826237e-02	6.864133e+00
4.855000e-05	-1.062171e-02	6.948419e+00
4.856000e-05	5.436021e-03	7.115662e+00
4.857000e-05	1.006813e-02	7.181454e+00
4.858000e-05	-4.340828e-02	7.349800e+00
4.859000e-05	-2.196158e-02	7.498468e+00
4.860000e-05	-3.697614e-03	7.683188e+00
4.861000e-05	1.969068e-02	7.748924e+00
4.862000e-05	-8.499916e-03	7.887795e+00
4.863000e-05	-3.767094e-02	8.063289e+00
4.864000e-05	-1.147535e-02	8.201474e+00
4.865000e-05	-4.563404e-03	8.265112e+00
4.866000e-05	6.036879e-03	8.358449e+00
4.867000e-05	-3.073384e-02	8.423557e+00
4.868000e-05	-2.860196e-02	8.517346e+00
4.869000e-05	-6.191291e-03	8.642583e+00
4.870000e-05	6.470194e-03	8.737268e+00
4.871000e-05	-8.915200e-03	8.758898e+00
4.872000e-05	-3.562139e-02	8.865137e+00
4.873000e-05	-2.068088e-02	8.999883e+00
4.874000e-05	-6.053958e-03	9.094713e+00
4.875000e-05	-5.986739e-04	9.139371e+00
4.876000e-05	-2.606004e-02	9.223529e+00
4.877000e-05	-3.307300e-02	9.295215e+00
4.878000e-05	-1.457833e-02	9.337425e+00
4.879000e-05	-8.323105e-04	9.431556e+00
4.880000e-05	-1.265845e-02	9.465165e+00
4.881000e-05	-3.120744e-02	9.547291e+00
4.882000e-05	-2.708680e-02	9.559402e+00
4.883000e-05	-1.175659e-02	9.624080e+00
4.884000e-05	-7.134452e-03	9.715691e+00
4.885000e-05	-2.705862e-02	9.728845e+00
4.886000e-05	-3.463089e-02	9.790930e+00
4.887000e-05	-2.424740e-02	9.842430e+00
4.888000e-05	-9.335580e-03	9.853613e+00
4.889000e-05	-1.674589e-02	9.884242e+00
4.890000e-05	-3.127957e-02	9.937367e+00
4.891000e-05	-3.041658e-02	9.948374e+00
4.892000e-05	-1.836011e-02	9.959421e+00
4.893000e-05	-1.402939e-02	9.998924e+00
4.894000e-05	-2.959789e-02	1.002042e+01
4.895000e-05	-3.774866e-02	1.001107e+01
4.896000e-05	-3.257424e-02	1.001106e+01
4.897000e-05	-1.908916e-02	9.991601e+00
4.898000e-05	-2.263449e-02	1.002103e+01
4.899000e-05	-3.541072e-02	9.991003e+00
4.900000e-05	-3.749878e-02	1.001145e+01
4.901000e-05	-2.775256e-02	9.979471e+00
4.902000e-05	-2.269817e-02	1.000992e+01
4.903000e-05	-3.489129e-02	9.936346e+00
4.904000e-05	-4.214545e-02	9.917396e+00
4.905000e-05	-3.893262e-02	9.903642e+00
4.906000e-05	-2.698749e-02	9.873987e+00
4.907000e-05	-2.982855e-02	9.800431e+00
4.908000e-05	-4.005780e-02	9.779324e+00
4.909000e-05	-4.189807e-02	9.717240e+00
4.910000e-05	-3.424600e-02	9.685163e+00
4.911000e-05	-2.887692e-02	9.600524e+00
4.912000e-05	-3.610650e-02	9.566821e+00
4.913000e-05	-4.228093e-02	9.516190e+00
4.914000e-05	-3.974168e-02	9.503687e+00
4.915000e-05	-3.039498e-02	9.401576e+00
4.916000e-05	-2.919882e-02	9.328744e+00
4.917000e-05	-3.621851e-02	9.283687e+00
4.918000e-05	-3.839143e-02	9.221579e+00
4.919000e-05	-3.115734e-02	9.166345e+00
4.920000e-05	-2.371310e-02	9.093639e+00
4.921000e-05	-2.713328e-02	8.919424e+00
4.922000e-05	-3.192628e-02	8.853158e+00
4.923000e-05	-3.150712e-02	8.788871e+00
4.924000e-05	-2.181806e-02	8.717715e+00
4.925000e-05	-2.175923e-02	8.610500e+00
4.926000e-05	-2.396781e-02	8.505241e+00
4.927000e-05	-2.919281e-02	8.411579e+00
4.928000e-05	-2.238816e-02	8.367347e+00
4.929000e-05	-1.783518e-02	8.252082e+00
4.930000e-05	-1.675715e-02	8.124695e+00
4.931000e-05	-2.208173e-02	8.012156e+00
4.932000e-05	-2.261550e-02	7.884213e+00
4.933000e-05	-1.642834e-02	7.779348e+00
4.934000e-05	-1.384786e-02	7.672654e+00
4.935000e-05	-1.680164e-02	7.537268e+00
4.936000e-05	-1.948566e-02	7.357900e+00
4.937000e-05	-1.654678e-02	7.199580e+00
4.938000e-05	-1.149270e-02	7.115263e+00
4.939000e-05	-1.089781e-02	6.938470e+00
4.940000e-05	-1.676369e-02	6.834082e+00
4.941000e-05	-1.603607e-02	6.746765e+00
4.942000e-05	-1.352701e-02	6.566871e+00
4.943000e-05	-7.922819e-03	6.390475e+00
4.944000e-05	-1.177382e-02	6.242111e+00
4.945000e-05	-1.299126e-02	6.126316e+00
4.946000e-05	-1.271673e-02	6.010004e+00
4.947000e-05	-1.001606e-02	5.892155e+00
4.948000e-05	-1.029895e-02	5.661087e+00
4.949000e-05	-1.330033e-02	5.515287e+00
4.950000e-05	-1.307534e-02	5.367373e+00
4.951000e-05	-9.242139e-03	5.198421e+00
4.952000e-05	-5.348648e-03	4.978466e+00
4.953000e-05	-6.120830e-03	4.798973e+00
4.954000e-05	-9.846086e-03	4.660603e+00
4.955000e-05	-9.735612e-03	4.484111e+00
4.956000e-05	-9.405406e-03	4.356790e+00
4.957000e-05	-7.804893e-03	4.114789e+00
4.958000e-05	-1.085792e-02	3.958919e+00
4.959000e-05	-1.110693e-02	3.810029e+00
4.960000e-05	-8.402230e-03	3.672581e+00
4.961000e-05	-3.821268e-03	3.484755e+00
4.962000e-05	-4.309134e-03	3.282557e+00
4.963000e-05	-7.032769e-03	3.126263e+00
4.964000e-05	-8.850051e-03	2.925788e+00
4.965000e-05	-7.404168e-03	2.799025e+00
4.966000e-05	-6.837417e-03	2.627925e+00
4.967000e-05	-8.200942e-03	2.366870e+00
4.968000e-05	-8.954763e-03	2.210502e+00
4.969000e-05	-5.511631e-03	2.042104e+00
4.970000e-05	-2.619172e-03	1.914654e+00
4.971000e-05	-2.473409e-03	1.673780e+00
4.972000e-05	-4.638019e-03	1.482634e+00
4.973000e-05	-6.163502e-03	1.284159e+00
4.974000e-05	-5.960740e-03	1.132254e+00
4.975000e-05	-5.883260e-03	8.520290e-01
4.976000e-05	-7.370084e-03	6.827330e-01
4.977000e-05	-7.414538e-03	4.737567e-01
4.978000e-05	-5.122157e-03	3.569210e-01
4.979000e-05	-2.263033e-03	7.438679e-02
4.980000e-05	4.249845e-04	-2.413545e-02
4.981000e-05	4.532771e-03	-2.025576e-01
4.982000e-05	-2.761811e-04	-3.784510e-01
4.983000e-05	-1.105378e-03	-5.078723e-01
4.984000e-05	-2.306349e-03	-7.779435e-01
4.985000e-05	-1.903831e-03	-9.062882e-01
4.986000e-05	-5.172183e-03	-1.053686e+00
4.987000e-05	1.358385e-03	-1.244633e+00
4.988000e-05	3.468904e-02	-1.444581e+00
4.989000e-05	8.771571e-02	-1.644131e+00
4.990000e-05	-5.987129e-02	-1.945818e+00
4.991000e-05	-1.182424e-02	-2.232905e+00
4.992000e-05	-1.096467e-01	-2.399954e+00
4.993000e-05	-6.280647e-03	-2.430553e+00
4.994000e-05	1.524327e-01	-2.464662e+00
4.995000e-05	-1.524031e-01	-2.748245e+00
4.996000e-05	2.132595e-02	-2.954645e+00
4.997000e-05	1.357875e-01	-2.998848e+00
4.998000e-05	-1.582948e-01	-3.264612e+00
4.999000e-05	1.049288e-01	-3.474663e+00
