# 260612_13:29:50.500836
t	CH1	CH2
0.000000e+00	3.926742e-03	-4.215268e-01
1.000000e-08	-5.181738e-03	-6.642420e-01
2.000000e-08	2.897209e-03	-9.147608e-01
3.000000e-08	-3.449653e-03	-1.086270e+00
4.000000e-08	1.406087e-03	-1.369099e+00
5.000000e-08	-7.474004e-04	-1.611052e+00
6.000000e-08	3.967916e-02	-1.794154e+00
7.000000e-08	9.667080e-02	-1.980659e+00
8.000000e-08	-6.365255e-02	-2.429130e+00
9.000000e-08	-1.547336e-02	-2.758944e+00
1.000000e-07	-5.097250e-02	-2.993083e+00
1.100000e-07	-6.718621e-02	-3.201575e+00
1.200000e-07	2.092054e-02	-3.289416e+00
1.300000e-07	1.369051e-01	-3.455313e+00
1.400000e-07	-1.920124e-01	-3.791055e+00
1.500000e-07	1.778050e-01	-4.021480e+00
1.600000e-07	-6.508024e-02	-4.180082e+00
1.700000e-07	-1.565524e-02	-4.467395e+00
1.800000e-07	1.285625e-01	-4.636764e+00
1.900000e-07	-1.826922e-01	-4.969904e+00
2.000000e-07	4.615515e-02	-5.172654e+00
2.100000e-07	2.934733e-02	-5.402662e+00
2.200000e-07	-3.699887e-02	-5.708949e+00
2.300000e-07	1.324716e-01	-5.888317e+00
2.400000e-07	-1.518623e-01	-6.149577e+00
2.500000e-07	1.020011e-01	-6.403085e+00
2.600000e-07	-2.313022e-02	-6.583583e+00
2.700000e-07	-4.434376e-03	-6.793268e+00
2.800000e-07	4.927790e-02	-6.945787e+00
2.900000e-07	-1.288152e-01	-7.278947e+00
3.000000e-07	1.638501e-01	-7.468470e+00
3.100000e-07	-8.472175e-02	-7.690483e+00
3.200000e-07	6.283585e-02	-7.971586e+00
3.300000e-07	-3.067887e-02	-8.111000e+00
3.400000e-07	-4.188614e-02	-8.310475e+00
3.500000e-07	9.626798e-02	-8.471006e+00
3.600000e-07	-6.115944e-02	-8.752029e+00
3.700000e-07	8.177468e-02	-8.911059e+00
3.800000e-07	-8.387669e-02	-9.049970e+00
3.900000e-07	6.450276e-02	-9.257498e+00
4.000000e-07	2.156392e-03	-9.447846e+00
4.100000e-07	-2.146760e-03	-9.626921e+00
4.200000e-07	9.833408e-03	-9.745184e+00
4.300000e-07	-4.123542e-02	-9.972210e+00
4.400000e-07	7.874312e-02	-1.009013e+01
4.500000e-07	-2.205505e-02	-1.031205e+01
4.600000e-07	4.279060e-02	-1.048890e+01
4.700000e-07	-4.110379e-02	-1.058529e+01
4.800000e-07	3.287921e-02	-1.078369e+01
4.900000e-07	8.438093e-03	-1.088115e+01
5.000000e-07	1.252416e-02	-1.101895e+01
5.100000e-07	-4.757834e-04	-1.117374e+01
5.200000e-07	-5.530953e-03	-1.130416e+01
5.300000e-07	3.963585e-02	-1.146905e+01
5.400000e-07	1.187002e-02	-1.161752e+01
5.500000e-07	1.972667e-02	-1.170377e+01
5.600000e-07	-1.724962e-02	-1.191113e+01
5.700000e-07	2.053556e-02	-1.202742e+01
5.800000e-07	1.628518e-02	-1.211111e+01
5.900000e-07	2.150140e-02	-1.219779e+01
6.000000e-07	-1.385762e-04	-1.230361e+01
6.100000e-07	8.136799e-03	-1.241895e+01
6.200000e-07	2.465291e-02	-1.250208e+01
6.300000e-07	2.685704e-02	-1.255732e+01
6.400000e-07	1.458303e-02	-1.265053e+01
6.500000e-07	3.519002e-03	-1.278627e+01
6.600000e-07	1.622036e-02	-1.285847e+01
6.700000e-07	2.689731e-02	-1.290113e+01
6.800000e-07	2.398708e-02	-1.295614e+01
6.900000e-07	8.740621e-03	-1.302840e+01
7.000000e-07	1.160270e-02	-1.310253e+01
7.100000e-07	2.521777e-02	-1.311321e+01
7.200000e-07	3.179322e-02	-1.315579e+01
7.300000e-07	2.169572e-02	-1.321842e+01
7.400000e-07	1.557586e-02	-1.321853e+01
7.500000e-07	2.121333e-02	-1.326061e+01
7.600000e-07	3.379213e-02	-1.330216e+01
7.700000e-07	3.052085e-02	-1.334321e+01
7.800000e-07	2.097523e-02	-1.330369e+01
7.900000e-07	2.073345e-02	-1.332474e+01
8.000000e-07	3.112460e-02	-1.332482e+01
8.100000e-07	3.969237e-02	-1.334572e+01
8.200000e-07	3.465663e-02	-1.336730e+01
8.300000e-07	2.789516e-02	-1.333476e+01
8.400000e-07	3.238604e-02	-1.333526e+01
8.500000e-07	4.257814e-02	-1.333614e+01
8.600000e-07	4.227506e-02	-1.330266e+01
8.700000e-07	3.488377e-02	-1.325066e+01
8.800000e-07	3.481366e-02	-1.326010e+01
8.900000e-07	4.144441e-02	-1.319853e+01
9.000000e-07	4.998207e-02	-1.317532e+01
9.100000e-07	4.423554e-02	-1.314477e+01
9.200000e-07	3.759445e-02	-1.308161e+01
9.300000e-07	3.860805e-02	-1.309105e+01
9.400000e-07	4.523083e-02	-1.299574e+01
9.500000e-07	4.477465e-02	-1.289469e+01
9.600000e-07	3.647567e-02	-1.285958e+01
9.700000e-07	3.114940e-02	-1.281739e+01
9.800000e-07	3.380198e-02	-1.274169e+01
9.900000e-07	3.746804e-02	-1.264006e+01
1.000000e-06	3.239268e-02	-1.251419e+01
1.010000e-06	2.481611e-02	-1.249208e+01
1.020000e-06	2.308732e-02	-1.235477e+01
1.030000e-06	2.741008e-02	-1.226055e+01
1.040000e-06	2.723638e-02	-1.215431e+01
1.050000e-06	1.985985e-02	-1.205848e+01
1.060000e-06	1.427972e-02	-1.192317e+01
1.070000e-06	1.727534e-02	-1.179895e+01
1.080000e-06	2.025674e-02	-1.166108e+01
1.090000e-06	1.843332e-02	-1.153424e+01
1.100000e-06	1.128773e-02	-1.138835e+01
1.110000e-06	1.042898e-02	-1.120951e+01
1.120000e-06	1.425735e-02	-1.107068e+01
1.130000e-06	1.581110e-02	-1.095519e+01
1.140000e-06	1.005908e-02	-1.081682e+01
1.150000e-06	4.991001e-03	-1.068048e+01
1.160000e-06	5.235574e-03	-1.051314e+01
1.170000e-06	1.049782e-02	-1.039642e+01
1.180000e-06	8.735059e-03	-1.021895e+01
1.190000e-06	5.029336e-03	-1.001693e+01
1.200000e-06	2.979143e-03	-9.890476e+00
1.210000e-06	5.677953e-03	-9.751110e+00
1.220000e-06	9.123660e-03	-9.594735e+00
1.230000e-06	4.700197e-03	-9.376342e+00
1.240000e-06	1.807846e-03	-9.234739e+00
1.250000e-06	1.803352e-03	-9.055893e+00
1.260000e-06	4.917299e-03	-8.828298e+00
1.270000e-06	4.477887e-03	-8.628977e+00
1.280000e-06	1.249430e-03	-8.427872e+00
1.290000e-06	-1.697169e-03	-8.276943e+00
1.300000e-06	1.623220e-03	-8.077527e+00
1.310000e-06	3.150522e-03	-7.898952e+00
1.320000e-06	2.088251e-03	-7.637073e+00
1.330000e-06	-1.182318e-04	-7.427264e+00
1.340000e-06	-9.337891e-04	-7.234289e+00
1.350000e-06	2.188681e-03	-6.972764e+00
1.360000e-06	1.336419e-03	-6.792636e+00
1.370000e-06	-1.558487e-03	-6.562182e+00
1.380000e-06	-4.554352e-03	-6.393111e+00
1.390000e-06	-9.048689e-04	-6.142106e+00
1.400000e-06	-6.731061e-04	-5.878447e+00
1.410000e-06	7.463729e-04	-5.696393e+00
1.420000e-06	-4.064858e-03	-5.487298e+00
1.430000e-06	-3.398241e-03	-5.181184e+00
1.440000e-06	-1.502336e-03	-4.920528e+00
1.450000e-06	-7.941322e-04	-4.674767e+00
1.460000e-06	-3.481105e-03	-4.445814e+00
1.470000e-06	-3.996533e-03	-4.254316e+00
1.480000e-06	-3.952307e-03	-4.020210e+00
1.490000e-06	-2.024501e-03	-3.782184e+00
1.500000e-06	-3.754678e-03	-3.529501e+00
1.510000e-06	-4.611005e-03	-3.327919e+00
1.520000e-06	-5.554551e-03	-3.105416e+00
1.530000e-06	-3.231595e-03	-2.832605e+00
1.540000e-06	-2.689120e-03	-2.549083e+00
1.550000e-06	-2.879283e-03	-2.318465e+00
1.560000e-06	-7.102506e-03	-2.065739e+00
1.570000e-06	-5.692037e-03	-1.883664e+00
1.580000e-06	-4.049181e-03	-1.633060e+00
1.590000e-06	-3.815734e-03	-1.338944e+00
1.600000e-06	-7.323309e-03	-1.053735e+00
1.610000e-06	-8.121269e-03	-8.206340e-01
1.620000e-06	-5.114911e-03	-5.600510e-01
1.630000e-06	-2.833274e-03	-3.248394e-01
1.640000e-06	-3.289296e-03	-7.534178e-02
1.650000e-06	1.236581e-03	1.557186e-01
1.660000e-06	9.200888e-04	3.900526e-01
1.670000e-06	-2.612302e-03	5.899752e-01
1.680000e-06	1.057677e-03	8.507278e-01
1.690000e-06	-5.285952e-03	1.066286e+00
1.700000e-06	-4.439494e-03	1.315271e+00
1.710000e-06	-2.152205e-03	1.599000e+00
1.720000e-06	1.627958e-02	1.832533e+00
1.730000e-06	6.228471e-02	2.032581e+00
1.740000e-06	3.353976e-02	2.315817e+00
1.750000e-06	-7.619392e-02	2.631452e+00
1.760000e-06	-2.356616e-02	2.854163e+00
1.770000e-06	-3.893513e-02	3.116839e+00
1.780000e-06	-7.024276e-02	3.254614e+00
1.790000e-06	4.827668e-03	3.487783e+00
1.800000e-06	1.193137e-01	3.694766e+00
1.810000e-06	-1.761497e-01	3.927320e+00
1.820000e-06	1.431386e-01	4.117369e+00
1.830000e-06	4.990506e-03	4.413628e+00
1.840000e-06	-5.175749e-02	4.653083e+00
1.850000e-06	6.119587e-02	4.805687e+00
1.860000e-06	-9.304844e-02	5.192629e+00
1.870000e-06	8.094823e-03	5.392557e+00
1.880000e-06	1.394503e-02	5.654716e+00
1.890000e-06	-1.923830e-02	5.868315e+00
1.900000e-06	2.257326e-02	6.058847e+00
1.910000e-06	-4.545855e-02	6.350999e+00
1.920000e-06	1.653983e-02	6.520151e+00
1.930000e-06	-1.375483e-02	6.773032e+00
1.940000e-06	-2.804068e-03	6.954082e+00
1.950000e-06	2.667256e-04	7.254108e+00
1.960000e-06	-5.289974e-02	7.446718e+00
1.970000e-06	6.180228e-02	7.695394e+00
1.980000e-06	-4.221924e-02	7.895401e+00
1.990000e-06	2.942332e-03	8.099423e+00
2.000000e-06	-2.653795e-02	8.268945e+00
2.010000e-06	-1.614027e-02	8.466819e+00
2.020000e-06	1.446959e-02	8.646765e+00
2.030000e-06	-1.838695e-02	8.875242e+00
2.040000e-06	2.151520e-03	9.045238e+00
2.050000e-06	-3.257527e-02	9.236290e+00
2.060000e-06	1.106815e-02	9.383159e+00
2.070000e-06	-1.380267e-02	9.562082e+00
2.080000e-06	-1.620709e-02	9.712608e+00
2.090000e-06	-2.211113e-02	9.921999e+00
2.100000e-06	-1.583749e-02	1.008893e+01
2.110000e-06	7.456102e-03	1.018727e+01
2.120000e-06	-1.080536e-02	1.041371e+01
2.130000e-06	-1.330220e-02	1.049059e+01
2.140000e-06	-2.638308e-02	1.073040e+01
2.150000e-06	-6.889804e-03	1.085842e+01
2.160000e-06	-1.245092e-02	1.098619e+01
2.170000e-06	-1.478999e-02	1.112158e+01
2.180000e-06	-2.380360e-02	1.126900e+01
2.190000e-06	-1.467042e-02	1.139727e+01
2.200000e-06	-6.071426e-03	1.157512e+01
2.210000e-06	-1.144668e-02	1.171000e+01
2.220000e-06	-2.240076e-02	1.180527e+01
2.230000e-06	-2.671473e-02	1.191305e+01
2.240000e-06	-1.428053e-02	1.206737e+01
2.250000e-06	-1.398040e-02	1.210418e+01
2.260000e-06	-1.807163e-02	1.222087e+01
2.270000e-06	-2.584197e-02	1.238479e+01
2.280000e-06	-2.129290e-02	1.246937e+01
2.290000e-06	-1.557051e-02	1.251311e+01
2.300000e-06	-1.732427e-02	1.259522e+01
2.310000e-06	-2.651543e-02	1.271098e+01
2.320000e-06	-2.808832e-02	1.275416e+01
2.330000e-06	-2.160858e-02	1.282795e+01
2.340000e-06	-1.964836e-02	1.288208e+01
2.350000e-06	-2.292739e-02	1.294521e+01
2.360000e-06	-3.311670e-02	1.301879e+01
2.370000e-06	-2.879919e-02	1.303050e+01
2.380000e-06	-2.605752e-02	1.313218e+01
2.390000e-06	-2.531418e-02	1.317571e+01
2.400000e-06	-3.265922e-02	1.321877e+01
2.410000e-06	-3.464781e-02	1.327690e+01
2.420000e-06	-2.984776e-02	1.325848e+01
2.430000e-06	-2.784382e-02	1.327148e+01
2.440000e-06	-3.255219e-02	1.328108e+01
2.450000e-06	-4.114298e-02	1.329308e+01
2.460000e-06	-3.946161e-02	1.329963e+01
2.470000e-06	-3.728775e-02	1.329108e+01
2.480000e-06	-3.618521e-02	1.329206e+01
2.490000e-06	-4.229997e-02	1.326261e+01
2.500000e-06	-4.634976e-02	1.329101e+01
2.510000e-06	-4.404999e-02	1.329206e+01
2.520000e-06	-4.260557e-02	1.324847e+01
2.530000e-06	-4.549432e-02	1.327850e+01
2.540000e-06	-5.162208e-02	1.324740e+01
2.550000e-06	-5.103110e-02	1.321639e+01
2.560000e-06	-4.702874e-02	1.312469e+01
2.570000e-06	-4.584728e-02	1.309108e+01
2.580000e-06	-5.042104e-02	1.299885e+01
2.590000e-06	-5.306250e-02	1.296472e+01
2.600000e-06	-5.071600e-02	1.289259e+01
2.610000e-06	-4.533717e-02	1.284005e+01
2.620000e-06	-4.442586e-02	1.277677e+01
2.630000e-06	-4.549023e-02	1.271253e+01
2.640000e-06	-4.422564e-02	1.265987e+01
2.650000e-06	-3.990803e-02	1.256582e+01
2.660000e-06	-3.462923e-02	1.250053e+01
2.670000e-06	-3.589375e-02	1.243630e+01
2.680000e-06	-3.608667e-02	1.226208e+01
2.690000e-06	-3.421723e-02	1.219830e+01
2.700000e-06	-2.868534e-02	1.207211e+01
2.710000e-06	-2.999778e-02	1.198534e+01
2.720000e-06	-2.794052e-02	1.193198e+01
2.730000e-06	-2.762459e-02	1.181821e+01
2.740000e-06	-2.224340e-02	1.164740e+01
2.750000e-06	-2.233234e-02	1.154204e+01
2.760000e-06	-2.170154e-02	1.134716e+01
2.770000e-06	-2.284428e-02	1.119692e+01
2.780000e-06	-2.096094e-02	1.113148e+01
2.790000e-06	-1.994578e-02	1.093370e+01
2.800000e-06	-1.822443e-02	1.085732e+01
2.810000e-06	-1.901557e-02	1.068143e+01
2.820000e-06	-1.856640e-02	1.049110e+01
2.830000e-06	-1.586403e-02	1.033166e+01
2.840000e-06	-1.387451e-02	1.020626e+01
2.850000e-06	-1.413313e-02	1.003731e+01
2.860000e-06	-1.712593e-02	9.827896e+00
2.870000e-06	-1.593624e-02	9.669900e+00
2.880000e-06	-1.343477e-02	9.519928e+00
2.890000e-06	-1.110637e-02	9.362583e+00
2.900000e-06	-1.349785e-02	9.203133e+00
2.910000e-06	-1.410692e-02	8.945264e+00
2.920000e-06	-1.300957e-02	8.794139e+00
2.930000e-06	-1.038512e-02	8.603714e+00
2.940000e-06	-1.037084e-02	8.435316e+00
2.950000e-06	-1.213830e-02	8.203944e+00
2.960000e-06	-1.228657e-02	8.044790e+00
2.970000e-06	-1.019745e-02	7.844192e+00
2.980000e-06	-9.193002e-03	7.616216e+00
2.990000e-06	-1.119617e-02	7.354169e+00
3.000000e-06	-1.165180e-02	7.173079e+00
3.010000e-06	-1.080630e-02	6.962058e+00
3.020000e-06	-8.609217e-03	6.812535e+00
3.030000e-06	-8.070637e-03	6.548552e+00
3.040000e-06	-9.706575e-03	6.308496e+00
3.050000e-06	-9.128894e-03	6.148447e+00
3.060000e-06	-8.108472e-03	5.948420e+00
3.070000e-06	-7.692290e-03	5.634738e+00
3.080000e-06	-8.254165e-03	5.434209e+00
3.090000e-06	-9.895065e-03	5.182134e+00
3.100000e-06	-8.629733e-03	4.859268e+00
3.110000e-06	-7.852618e-03	4.695788e+00
3.120000e-06	-7.196692e-03	4.424733e+00
3.130000e-06	-7.611064e-03	4.202663e+00
3.140000e-06	-7.897796e-03	3.939404e+00
3.150000e-06	-7.222674e-03	3.738920e+00
3.160000e-06	-6.101843e-03	3.526893e+00
3.170000e-06	-6.670167e-03	3.272685e+00
3.180000e-06	-7.280388e-03	3.001530e+00
3.190000e-06	-7.569600e-03	2.802001e+00
3.200000e-06	-6.244182e-03	2.559393e+00
3.210000e-06	-5.698960e-03	2.255712e+00
3.220000e-06	-6.535394e-03	2.034633e+00
3.230000e-06	-6.447917e-03	1.802081e+00
3.240000e-06	-5.999311e-03	1.520396e+00
3.250000e-06	-4.944283e-03	1.295284e+00
3.260000e-06	-5.198506e-03	1.011030e+00
3.270000e-06	-5.880789e-03	7.679220e-01
3.280000e-06	-6.274679e-03	5.058118e-01
3.290000e-06	-4.197071e-03	3.347593e-01
3.300000e-06	-3.394680e-03	-8.979004e-03
3.310000e-06	1.052220e-03	-1.805742e-01
3.320000e-06	3.214475e-03	-4.215267e-01
3.330000e-06	-4.142938e-03	-6.766870e-01
3.340000e-06	2.494502e-03	-9.052633e-01
3.350000e-06	-3.165212e-03	-1.117844e+00
3.360000e-06	3.708028e-04	-1.401504e+00
3.370000e-06	-3.502824e-04	-1.611608e+00
3.380000e-06	4.331768e-02	-1.812107e+00
3.390000e-06	9.360301e-02	-2.044660e+00
3.400000e-06	-6.912080e-02	-2.441188e+00
3.410000e-06	-1.123849e-02	-2.748975e+00
3.420000e-06	-5.462148e-02	-3.004164e+00
3.430000e-06	-6.885799e-02	-3.211579e+00
3.440000e-06	3.698997e-02	-3.298370e+00
3.450000e-06	1.190760e-01	-3.475267e+00
3.460000e-06	-1.932797e-01	-3.812982e+00
3.470000e-06	1.882666e-01	-4.001030e+00
3.480000e-06	-8.779547e-02	-4.193007e+00
3.490000e-06	8.630877e-03	-4.496294e+00
3.500000e-06	1.134822e-01	-4.686747e+00
3.510000e-06	-1.863963e-01	-4.952980e+00
3.520000e-06	6.247764e-02	-5.153063e+00
3.530000e-06	1.222381e-02	-5.425135e+00
3.540000e-06	-2.130633e-02	-5.758999e+00
3.550000e-06	1.197355e-01	-5.898843e+00
3.560000e-06	-1.522887e-01	-6.112058e+00
3.570000e-06	1.139843e-01	-6.373634e+00
3.580000e-06	-3.879610e-02	-6.582554e+00
3.590000e-06	1.320257e-02	-6.845842e+00
3.600000e-06	3.233589e-02	-6.997215e+00
3.610000e-06	-1.170761e-01	-7.319049e+00
3.620000e-06	1.633378e-01	-7.479897e+00
3.630000e-06	-9.399779e-02	-7.721530e+00
3.640000e-06	7.503263e-02	-7.992185e+00
3.650000e-06	-4.668281e-02	-8.119476e+00
3.660000e-06	-2.569655e-02	-8.351078e+00
3.670000e-06	8.773738e-02	-8.481079e+00
3.680000e-06	-5.616951e-02	-8.752588e+00
3.690000e-06	7.973785e-02	-8.890602e+00
3.700000e-06	-8.850694e-02	-9.079397e+00
3.710000e-06	7.289918e-02	-9.268924e+00
3.720000e-06	-7.994747e-03	-9.408397e+00
3.730000e-06	5.485749e-03	-9.648896e+00
3.740000e-06	1.466424e-04	-9.794739e+00
3.750000e-06	-3.332942e-02	-9.982636e+00
3.760000e-06	7.620039e-02	-1.009266e+01
3.770000e-06	-2.115671e-02	-1.030166e+01
3.780000e-06	4.270503e-02	-1.047900e+01
3.790000e-06	-4.436704e-02	-1.059529e+01
3.800000e-06	3.764110e-02	-1.077271e+01
3.810000e-06	4.356722e-03	-1.089106e+01
3.820000e-06	1.558243e-02	-1.104989e+01
3.830000e-06	-4.606373e-03	-1.115279e+01
3.840000e-06	-2.760363e-03	-1.132164e+01
3.850000e-06	3.785823e-02	-1.142001e+01
3.860000e-06	1.196722e-02	-1.159842e+01
3.870000e-06	1.930678e-02	-1.171469e+01
3.880000e-06	-1.698032e-02	-1.186151e+01
3.890000e-06	2.282790e-02	-1.202780e+01
3.900000e-06	1.491415e-02	-1.211165e+01
3.910000e-06	2.152276e-02	-1.222682e+01
3.920000e-06	-2.182299e-03	-1.231258e+01
3.930000e-06	8.895304e-03	-1.242805e+01
3.940000e-06	2.359124e-02	-1.248216e+01
3.950000e-06	2.738883e-02	-1.256782e+01
3.960000e-06	1.361207e-02	-1.267096e+01
3.970000e-06	3.915572e-03	-1.278635e+01
3.980000e-06	1.687557e-02	-1.283800e+01
3.990000e-06	2.761454e-02	-1.290213e+01
4.000000e-06	2.228839e-02	-1.298427e+01
4.010000e-06	8.295852e-03	-1.303687e+01
4.020000e-06	1.118186e-02	-1.309198e+01
4.030000e-06	2.550541e-02	-1.309213e+01
4.040000e-06	3.204203e-02	-1.319672e+01
4.050000e-06	2.090695e-02	-1.319642e+01
4.060000e-06	1.588604e-02	-1.324761e+01
4.070000e-06	2.149290e-02	-1.326156e+01
4.080000e-06	3.591650e-02	-1.329219e+01
4.090000e-06	3.102270e-02	-1.329457e+01
4.100000e-06	2.048672e-02	-1.330323e+01
4.110000e-06	1.951838e-02	-1.329727e+01
4.120000e-06	3.182677e-02	-1.332632e+01
4.130000e-06	4.044228e-02	-1.333517e+01
4.140000e-06	3.339402e-02	-1.335534e+01
4.150000e-06	2.834204e-02	-1.333719e+01
4.160000e-06	3.260213e-02	-1.330524e+01
4.170000e-06	4.432409e-02	-1.330321e+01
4.180000e-06	4.289403e-02	-1.327216e+01
4.190000e-06	3.501043e-02	-1.328061e+01
4.200000e-06	3.357793e-02	-1.326011e+01
4.210000e-06	4.198762e-02	-1.319743e+01
4.220000e-06	5.004733e-02	-1.320637e+01
4.230000e-06	4.308239e-02	-1.314519e+01
4.240000e-06	3.873827e-02	-1.310310e+01
4.250000e-06	3.678735e-02	-1.306753e+01
4.260000e-06	4.786619e-02	-1.300672e+01
4.270000e-06	4.589564e-02	-1.289316e+01
4.280000e-06	3.631013e-02	-1.284855e+01
4.290000e-06	3.240850e-02	-1.283732e+01
4.300000e-06	3.191721e-02	-1.272368e+01
4.310000e-06	3.773010e-02	-1.263040e+01
4.320000e-06	2.936197e-02	-1.255527e+01
4.330000e-06	2.413631e-02	-1.245008e+01
4.340000e-06	2.276288e-02	-1.235435e+01
4.350000e-06	2.978435e-02	-1.223103e+01
4.360000e-06	2.855480e-02	-1.214474e+01
4.370000e-06	2.148613e-02	-1.205895e+01
4.380000e-06	1.375546e-02	-1.196411e+01
4.390000e-06	1.481757e-02	-1.179550e+01
4.400000e-06	1.829771e-02	-1.168106e+01
4.410000e-06	1.648475e-02	-1.153334e+01
4.420000e-06	1.078005e-02	-1.135682e+01
4.430000e-06	1.100996e-02	-1.123146e+01
4.440000e-06	1.569888e-02	-1.108213e+01
4.450000e-06	1.553812e-02	-1.094431e+01
4.460000e-06	1.064462e-02	-1.083629e+01
4.470000e-06	3.962894e-03	-1.066953e+01
4.480000e-06	5.964661e-03	-1.052216e+01
4.490000e-06	9.737710e-03	-1.036629e+01
4.500000e-06	8.719618e-03	-1.019587e+01
4.510000e-06	3.547639e-03	-1.003752e+01
4.520000e-06	3.758095e-03	-9.899032e+00
4.530000e-06	6.604830e-03	-9.710084e+00
4.540000e-06	9.144153e-03	-9.583163e+00
4.550000e-06	4.784924e-03	-9.353741e+00
4.560000e-06	1.173180e-03	-9.225865e+00
4.570000e-06	1.841313e-03	-8.987294e+00
4.580000e-06	5.021497e-03	-8.846419e+00
4.590000e-06	3.411206e-03	-8.628002e+00
4.600000e-06	1.306691e-03	-8.456922e+00
4.610000e-06	-1.770916e-03	-8.246848e+00
4.620000e-06	2.191441e-03	-8.108473e+00
4.630000e-06	4.344052e-03	-7.859520e+00
4.640000e-06	1.836219e-03	-7.635773e+00
4.650000e-06	-1.338343e-03	-7.424292e+00
4.660000e-06	-9.815600e-04	-7.204717e+00
4.670000e-06	1.690574e-03	-6.953739e+00
4.680000e-06	1.472071e-03	-6.752160e+00
4.690000e-06	-1.174993e-03	-6.540131e+00
4.700000e-06	-3.983508e-03	-6.391580e+00
4.710000e-06	-4.639266e-04	-6.129378e+00
4.720000e-06	7.999189e-05	-5.866895e+00
4.730000e-06	1.013211e-03	-5.675842e+00
4.740000e-06	-4.553428e-03	-5.457290e+00
4.750000e-06	-3.520248e-03	-5.182584e+00
4.760000e-06	-1.192575e-03	-4.859001e+00
4.770000e-06	-4.178292e-04	-4.644789e+00
4.780000e-06	-3.996187e-03	-4.425214e+00
4.790000e-06	-3.689208e-03	-4.245264e+00
4.800000e-06	-3.909117e-03	-3.973184e+00
4.810000e-06	-1.382090e-03	-3.750135e+00
4.820000e-06	-3.363687e-03	-3.529475e+00
4.830000e-06	-4.510185e-03	-3.306893e+00
4.840000e-06	-5.440770e-03	-3.035294e+00
4.850000e-06	-2.413910e-03	-2.802029e+00
4.860000e-06	-2.883659e-03	-2.540501e+00
4.870000e-06	-4.141014e-03	-2.348976e+00
4.880000e-06	-6.181332e-03	-2.086244e+00
4.890000e-06	-4.941941e-03	-1.853187e+00
4.900000e-06	-3.798927e-03	-1.612126e+00
4.910000e-06	-4.866030e-03	-1.306398e+00
4.920000e-06	-6.013238e-03	-1.043184e+00
4.930000e-06	-7.339691e-03	-8.116063e-01
4.940000e-06	-4.119612e-03	-5.979734e-01
4.950000e-06	-3.476405e-03	-3.053196e-01
4.960000e-06	-4.792187e-03	-8.475927e-02
4.970000e-06	9.542340e-04	1.462675e-01
4.980000e-06	1.030921e-04	4.004490e-01
4.990000e-06	-1.997515e-03	6.214978e-01
5.000000e-06	1.030607e-03	8.010516e-01
5.010000e-06	-5.189688e-03	1.136740e+00
5.020000e-06	-2.864316e-03	1.366840e+00
5.030000e-06	-3.601245e-04	1.623026e+00
5.040000e-06	1.665806e-02	1.851602e+00
5.050000e-06	6.439947e-02	2.044633e+00
5.060000e-06	2.293167e-02	2.347841e+00
5.070000e-06	-7.453690e-02	2.621155e+00
5.080000e-06	-2.505521e-02	2.904762e+00
5.090000e-06	-3.644393e-02	3.076264e+00
5.100000e-06	-7.316908e-02	3.255715e+00
5.110000e-06	2.084762e-02	3.507738e+00
5.120000e-06	1.069295e-01	3.726265e+00
5.130000e-06	-1.767166e-01	3.928866e+00
5.140000e-06	1.562447e-01	4.081371e+00
5.150000e-06	-1.475132e-02	4.445182e+00
5.160000e-06	-4.036966e-02	4.674212e+00
5.170000e-06	5.597000e-02	4.896766e+00
5.180000e-06	-9.581623e-02	5.191630e+00
5.190000e-06	1.738147e-02	5.433659e+00
5.200000e-06	1.001637e-02	5.626736e+00
5.210000e-06	-1.557491e-02	5.918320e+00
5.220000e-06	1.821947e-02	6.118971e+00
5.230000e-06	-4.783206e-02	6.350448e+00
5.240000e-06	2.096659e-02	6.520978e+00
5.250000e-06	-1.850641e-02	6.763059e+00
5.260000e-06	2.963894e-03	6.983659e+00
5.270000e-06	-7.461300e-03	7.213261e+00
5.280000e-06	-4.662971e-02	7.449297e+00
5.290000e-06	6.092310e-02	7.668316e+00
5.300000e-06	-4.516856e-02	7.908498e+00
5.310000e-06	5.446042e-03	8.150975e+00
5.320000e-06	-2.986718e-02	8.318399e+00
5.330000e-06	-1.121684e-02	8.488846e+00
5.340000e-06	1.448236e-02	8.668767e+00
5.350000e-06	-1.739291e-02	8.836363e+00
5.360000e-06	2.567116e-04	9.047314e+00
5.370000e-06	-3.327319e-02	9.255839e+00
5.380000e-06	1.257238e-02	9.404638e+00
5.390000e-06	-1.505929e-02	9.542706e+00
5.400000e-06	-1.426989e-02	9.702506e+00
5.410000e-06	-2.355256e-02	9.923981e+00
5.420000e-06	-1.526523e-02	1.010887e+01
5.430000e-06	7.016170e-03	1.021934e+01
5.440000e-06	-1.102676e-02	1.043524e+01
5.450000e-06	-1.377238e-02	1.052313e+01
5.460000e-06	-2.613285e-02	1.070253e+01
5.470000e-06	-5.089967e-03	1.088847e+01
5.480000e-06	-1.294686e-02	1.100469e+01
5.490000e-06	-1.484385e-02	1.113458e+01
5.500000e-06	-2.484090e-02	1.124005e+01
5.510000e-06	-1.407767e-02	1.141737e+01
5.520000e-06	-5.812476e-03	1.158524e+01
5.530000e-06	-1.170391e-02	1.170158e+01
5.540000e-06	-2.190142e-02	1.180672e+01
5.550000e-06	-2.668205e-02	1.195506e+01
5.560000e-06	-1.347393e-02	1.205797e+01
5.570000e-06	-1.489815e-02	1.215264e+01
5.580000e-06	-1.899443e-02	1.225034e+01
5.590000e-06	-2.767199e-02	1.235424e+01
5.600000e-06	-2.103813e-02	1.247842e+01
5.610000e-06	-1.471785e-02	1.251316e+01
5.620000e-06	-1.588455e-02	1.262776e+01
5.630000e-06	-2.649719e-02	1.268206e+01
5.640000e-06	-2.867156e-02	1.275576e+01
5.650000e-06	-2.255305e-02	1.283697e+01
5.660000e-06	-1.977130e-02	1.290108e+01
5.670000e-06	-2.371134e-02	1.290469e+01
5.680000e-06	-3.361329e-02	1.301677e+01
5.690000e-06	-2.964222e-02	1.306145e+01
5.700000e-06	-2.519312e-02	1.309254e+01
5.710000e-06	-2.393754e-02	1.314574e+01
5.720000e-06	-3.281909e-02	1.322640e+01
5.730000e-06	-3.548884e-02	1.326892e+01
5.740000e-06	-3.034114e-02	1.325000e+01
5.750000e-06	-2.847945e-02	1.327303e+01
5.760000e-06	-3.272812e-02	1.328058e+01
5.770000e-06	-4.140444e-02	1.330111e+01
5.780000e-06	-4.045306e-02	1.330111e+01
5.790000e-06	-3.706828e-02	1.330163e+01
5.800000e-06	-3.463233e-02	1.332266e+01
5.810000e-06	-4.095367e-02	1.330206e+01
5.820000e-06	-4.585909e-02	1.327051e+01
5.830000e-06	-4.474746e-02	1.326998e+01
5.840000e-06	-4.318667e-02	1.325955e+01
5.850000e-06	-4.566147e-02	1.323842e+01
5.860000e-06	-5.213357e-02	1.323849e+01
5.870000e-06	-5.163249e-02	1.321519e+01
5.880000e-06	-4.792518e-02	1.318416e+01
5.890000e-06	-4.627013e-02	1.306303e+01
5.900000e-06	-4.945275e-02	1.302985e+01
5.910000e-06	-5.151758e-02	1.297717e+01
5.920000e-06	-5.012368e-02	1.288363e+01
5.930000e-06	-4.633457e-02	1.285898e+01
5.940000e-06	-4.452549e-02	1.279539e+01
5.950000e-06	-4.536211e-02	1.272374e+01
5.960000e-06	-4.436854e-02	1.268045e+01
5.970000e-06	-3.968729e-02	1.262519e+01
5.980000e-06	-3.483785e-02	1.247903e+01
5.990000e-06	-3.540965e-02	1.242737e+01
6.000000e-06	-3.483095e-02	1.234461e+01
6.010000e-06	-3.480396e-02	1.219837e+01
6.020000e-06	-2.902257e-02	1.208008e+01
6.030000e-06	-2.810602e-02	1.201584e+01
6.040000e-06	-2.787967e-02	1.186045e+01
6.050000e-06	-2.828877e-02	1.177309e+01
6.060000e-06	-2.505440e-02	1.163800e+01
6.070000e-06	-2.117043e-02	1.152164e+01
6.080000e-06	-2.099755e-02	1.131366e+01
6.090000e-06	-2.205154e-02	1.120534e+01
6.100000e-06	-2.246548e-02	1.107998e+01
6.110000e-06	-1.931548e-02	1.092158e+01
6.120000e-06	-1.811439e-02	1.083527e+01
6.130000e-06	-1.894819e-02	1.068953e+01
6.140000e-06	-1.894193e-02	1.045110e+01
6.150000e-06	-1.669971e-02	1.038223e+01
6.160000e-06	-1.502886e-02	1.018322e+01
6.170000e-06	-1.411387e-02	1.001634e+01
6.180000e-06	-1.563498e-02	9.870949e+00
6.190000e-06	-1.473714e-02	9.678978e+00
6.200000e-06	-1.346433e-02	9.472422e+00
6.210000e-06	-1.214280e-02	9.300576e+00
6.220000e-06	-1.296996e-02	9.164155e+00
6.230000e-06	-1.476701e-02	8.944636e+00
6.240000e-06	-1.272893e-02	8.773284e+00
6.250000e-06	-1.265916e-02	8.593663e+00
6.260000e-06	-8.737890e-03	8.434714e+00
6.270000e-06	-1.201051e-02	8.206265e+00
6.280000e-06	-9.908511e-03	8.004717e+00
6.290000e-06	-9.839919e-03	7.836212e+00
6.300000e-06	-9.881581e-03	7.636689e+00
6.310000e-06	-1.142140e-02	7.343579e+00
6.320000e-06	-1.185371e-02	7.191081e+00
6.330000e-06	-1.172017e-02	6.960082e+00
6.340000e-06	-8.863763e-03	6.771080e+00
6.350000e-06	-7.637834e-03	6.500000e+00
6.360000e-06	-7.783628e-03	6.298872e+00
6.370000e-06	-8.291876e-03	6.096843e+00
6.380000e-06	-7.498364e-03	5.877344e+00
6.390000e-06	-8.869384e-03	5.625740e+00
6.400000e-06	-8.403430e-03	5.424211e+00
6.410000e-06	-1.054084e-02	5.172579e+00
6.420000e-06	-8.655907e-03	4.838772e+00
6.430000e-06	-9.015160e-03	4.645715e+00
6.440000e-06	-5.768572e-03	4.452688e+00
6.450000e-06	-6.279605e-03	4.191729e+00
6.460000e-06	-6.773606e-03	3.939871e+00
6.470000e-06	-8.154139e-03	3.707924e+00
6.480000e-06	-6.126353e-03	3.507392e+00
6.490000e-06	-6.800000e-03	3.224106e+00
6.500000e-06	-7.164915e-03	2.962084e+00
6.510000e-06	-7.654625e-03	2.791026e+00
6.520000e-06	-6.621543e-03	2.558372e+00
6.530000e-06	-5.711498e-03	2.293681e+00
6.540000e-06	-5.820700e-03	2.032605e+00
6.550000e-06	-6.073182e-03	1.811081e+00
6.560000e-06	-5.754519e-03	1.537843e+00
6.570000e-06	-4.744231e-03	1.295814e+00
6.580000e-06	-5.451714e-03	9.700073e-01
6.590000e-06	-5.096515e-03	7.568943e-01
6.600000e-06	-5.910469e-03	4.863406e-01
6.610000e-06	-4.924620e-03	2.827353e-01
6.620000e-06	-4.000406e-03	-6.001913e-04
6.630000e-06	2.638460e-03	-2.315792e-01
6.640000e-06	4.040804e-03	-4.106253e-01
6.650000e-06	-3.089842e-03	-6.967459e-01
6.660000e-06	1.902096e-03	-9.357872e-01
6.670000e-06	-3.040512e-03	-1.136872e+00
6.680000e-06	2.777876e-04	-1.412097e+00
6.690000e-06	8.249958e-04	-1.622079e+00
6.700000e-06	4.724763e-02	-1.833684e+00
6.710000e-06	8.934251e-02	-2.085236e+00
6.720000e-06	-7.225912e-02	-2.494762e+00
6.730000e-06	-7.985845e-03	-2.770053e+00
6.740000e-06	-5.725747e-02	-3.043611e+00
6.750000e-06	-7.075764e-02	-3.212580e+00
6.760000e-06	5.344107e-02	-3.319916e+00
6.770000e-06	1.002583e-01	-3.516843e+00
6.780000e-06	-1.851013e-01	-3.853184e+00
6.790000e-06	1.977836e-01	-4.022029e+00
6.800000e-06	-1.096040e-01	-4.214136e+00
6.810000e-06	3.225608e-02	-4.527348e+00
6.820000e-06	9.611515e-02	-4.678369e+00
6.830000e-06	-1.877396e-01	-4.952060e+00
6.840000e-06	7.723654e-02	-5.203735e+00
6.850000e-06	-3.508334e-03	-5.486742e+00
6.860000e-06	-3.947709e-03	-5.740005e+00
6.870000e-06	1.044808e-01	-5.878921e+00
6.880000e-06	-1.507844e-01	-6.141183e+00
6.890000e-06	1.224895e-01	-6.433641e+00
6.900000e-06	-5.253192e-02	-6.583584e+00
6.910000e-06	2.984014e-02	-6.805942e+00
6.920000e-06	1.344177e-02	-7.028766e+00
6.930000e-06	-1.016680e-01	-7.320002e+00
6.940000e-06	1.603825e-01	-7.469449e+00
6.950000e-06	-1.010414e-01	-7.752132e+00
6.960000e-06	8.455924e-02	-8.013734e+00
6.970000e-06	-6.301001e-02	-8.160629e+00
6.980000e-06	-8.448838e-03	-8.371050e+00
6.990000e-06	7.797684e-02	-8.520540e+00
7.000000e-06	-5.013302e-02	-8.782687e+00
7.010000e-06	7.639287e-02	-8.942479e+00
7.020000e-06	-8.875941e-02	-9.120421e+00
7.030000e-06	8.112309e-02	-9.250048e+00
7.040000e-06	-1.622713e-02	-9.418322e+00
7.050000e-06	1.212584e-02	-9.626874e+00
7.060000e-06	-1.006960e-02	-9.795266e+00
7.070000e-06	-2.578001e-02	-9.962212e+00
7.080000e-06	7.321006e-02	-1.012266e+01
7.090000e-06	-2.020298e-02	-1.035066e+01
7.100000e-06	4.170609e-02	-1.046805e+01
7.110000e-06	-4.508696e-02	-1.064527e+01
7.120000e-06	4.228564e-02	-1.077434e+01
7.130000e-06	1.867735e-03	-1.089113e+01
7.140000e-06	1.677722e-02	-1.102950e+01
7.150000e-06	-8.668489e-03	-1.117532e+01
7.160000e-06	7.313861e-04	-1.135324e+01
7.170000e-06	3.749574e-02	-1.148893e+01
7.180000e-06	1.332859e-02	-1.160850e+01
7.190000e-06	1.724392e-02	-1.174322e+01
7.200000e-06	-1.553379e-02	-1.189255e+01
7.210000e-06	2.538852e-02	-1.202742e+01
7.220000e-06	1.582221e-02	-1.211206e+01
7.230000e-06	2.197579e-02	-1.225782e+01
7.240000e-06	-3.943942e-03	-1.232409e+01
7.250000e-06	9.239497e-03	-1.242695e+01
7.260000e-06	2.438260e-02	-1.249264e+01
7.270000e-06	2.622066e-02	-1.254734e+01
7.280000e-06	1.265125e-02	-1.267315e+01
7.290000e-06	4.851758e-03	-1.282587e+01
7.300000e-06	1.852325e-02	-1.286945e+01
7.310000e-06	2.934191e-02	-1.288313e+01
7.320000e-06	2.317970e-02	-1.296484e+01
7.330000e-06	8.028996e-03	-1.301737e+01
7.340000e-06	1.151443e-02	-1.310011e+01
7.350000e-06	2.518434e-02	-1.311461e+01
7.360000e-06	3.075553e-02	-1.315582e+01
7.370000e-06	1.983730e-02	-1.322853e+01
7.380000e-06	1.595664e-02	-1.322903e+01
7.390000e-06	2.307252e-02	-1.325310e+01
7.400000e-06	3.625976e-02	-1.331416e+01
7.410000e-06	3.097800e-02	-1.329319e+01
7.420000e-06	2.204141e-02	-1.330274e+01
7.430000e-06	1.965494e-02	-1.333329e+01
7.440000e-06	3.160095e-02	-1.335714e+01
7.450000e-06	3.889729e-02	-1.332724e+01
7.460000e-06	3.200152e-02	-1.333579e+01
7.470000e-06	2.758333e-02	-1.330379e+01
7.480000e-06	3.337490e-02	-1.330619e+01
7.490000e-06	4.410934e-02	-1.329272e+01
7.500000e-06	4.277096e-02	-1.329463e+01
7.510000e-06	3.467250e-02	-1.327209e+01
7.520000e-06	3.474646e-02	-1.322008e+01
7.530000e-06	4.277741e-02	-1.321748e+01
7.540000e-06	4.863354e-02	-1.320684e+01
7.550000e-06	4.215405e-02	-1.312569e+01
7.560000e-06	3.645426e-02	-1.311066e+01
7.570000e-06	3.921927e-02	-1.304785e+01
7.580000e-06	4.599605e-02	-1.294470e+01
7.590000e-06	4.536814e-02	-1.295313e+01
7.600000e-06	3.597075e-02	-1.284897e+01
7.610000e-06	3.173681e-02	-1.283582e+01
7.620000e-06	3.511076e-02	-1.270369e+01
7.630000e-06	3.710669e-02	-1.265003e+01
7.640000e-06	3.128885e-02	-1.255417e+01
7.650000e-06	2.313318e-02	-1.244050e+01
7.660000e-06	2.282433e-02	-1.233524e+01
7.670000e-06	2.686392e-02	-1.222943e+01
7.680000e-06	2.628192e-02	-1.212169e+01
7.690000e-06	2.014294e-02	-1.206803e+01
7.700000e-06	1.432788e-02	-1.198459e+01
7.710000e-06	1.818803e-02	-1.176782e+01
7.720000e-06	1.975026e-02	-1.165103e+01
7.730000e-06	1.958498e-02	-1.154381e+01
7.740000e-06	1.051489e-02	-1.137684e+01
7.750000e-06	1.080373e-02	-1.115784e+01
7.760000e-06	1.315586e-02	-1.104058e+01
7.770000e-06	1.416255e-02	-1.092369e+01
7.780000e-06	8.680586e-03	-1.079572e+01
7.790000e-06	4.120372e-03	-1.067943e+01
7.800000e-06	6.458756e-03	-1.049258e+01
7.810000e-06	1.140552e-02	-1.039527e+01
7.820000e-06	9.732741e-03	-1.016587e+01
7.830000e-06	6.843119e-03	-1.001635e+01
7.840000e-06	3.582823e-03	-9.849401e+00
7.850000e-06	6.654899e-03	-9.681484e+00
7.860000e-06	6.747265e-03	-9.574288e+00
7.870000e-06	4.216499e-03	-9.323189e+00
7.880000e-06	5.068342e-04	-9.193763e+00
7.890000e-06	9.492645e-04	-8.995668e+00
7.900000e-06	5.352143e-03	-8.826893e+00
7.910000e-06	5.123213e-03	-8.578371e+00
7.920000e-06	2.756009e-03	-8.456843e+00
7.930000e-06	-1.969428e-04	-8.245817e+00
7.940000e-06	1.879557e-03	-8.077373e+00
7.950000e-06	3.349008e-03	-7.829572e+00
7.960000e-06	1.175914e-03	-7.605847e+00
7.970000e-06	-2.451185e-03	-7.412814e+00
7.980000e-06	-2.647261e-03	-7.224688e+00
7.990000e-06	1.853457e-03	-6.922711e+00
8.000000e-06	2.778244e-03	-6.733080e+00
8.010000e-06	7.024979e-04	-6.550630e+00
8.020000e-06	-3.539752e-03	-6.381581e+00
8.030000e-06	-3.126197e-04	-6.078026e+00
8.040000e-06	1.338872e-03	-5.857846e+00
8.050000e-06	4.475567e-04	-5.625342e+00
8.060000e-06	-6.274519e-03	-5.444742e+00
8.070000e-06	-5.536878e-03	-5.142654e+00
8.080000e-06	-1.653181e-03	-4.879052e+00
8.090000e-06	8.801686e-04	-4.651660e+00
8.100000e-06	-2.397497e-03	-4.463710e+00
8.110000e-06	-2.829145e-03	-4.243688e+00
8.120000e-06	-3.962020e-03	-4.023604e+00
8.130000e-06	-7.739979e-04	-3.720029e+00
8.140000e-06	-3.497878e-03	-3.527401e+00
8.150000e-06	-5.712933e-03	-3.276791e+00
8.160000e-06	-7.665774e-03	-3.026313e+00
8.170000e-06	-3.558159e-03	-2.791607e+00
8.180000e-06	-3.098720e-03	-2.529575e+00
8.190000e-06	-2.151188e-03	-2.327374e+00
8.200000e-06	-4.685155e-03	-2.053365e+00
8.210000e-06	-4.455215e-03	-1.843659e+00
8.220000e-06	-3.401664e-03	-1.621029e+00
8.230000e-06	-4.222196e-03	-1.276916e+00
8.240000e-06	-5.988531e-03	-1.001705e+00
8.250000e-06	-8.404018e-03	-8.105774e-01
8.260000e-06	-6.157591e-03	-5.273932e-01
8.270000e-06	-4.699748e-03	-2.638357e-01
8.280000e-06	-3.036605e-03	-6.271034e-02
8.290000e-06	3.287948e-03	1.784210e-01
8.300000e-06	5.743300e-04	4.315016e-01
8.310000e-06	-9.883948e-04	6.325031e-01
8.320000e-06	-5.526133e-04	8.635540e-01
8.330000e-06	-3.220443e-03	1.115790e+00
8.340000e-06	-4.061349e-03	1.338873e+00
8.350000e-06	-1.973636e-03	1.632450e+00
8.360000e-06	1.652573e-02	1.872608e+00
8.370000e-06	6.868430e-02	2.044707e+00
8.380000e-06	1.709676e-02	2.357375e+00
8.390000e-06	-7.024639e-02	2.643180e+00
8.400000e-06	-2.614435e-02	2.886289e+00
8.410000e-06	-3.535035e-02	3.136817e+00
8.420000e-06	-7.692111e-02	3.297666e+00
8.430000e-06	3.457065e-02	3.467817e+00
8.440000e-06	9.087655e-02	3.716268e+00
8.450000e-06	-1.741131e-01	3.948850e+00
8.460000e-06	1.701648e-01	4.118926e+00
8.470000e-06	-3.185724e-02	4.455233e+00
8.480000e-06	-2.765265e-02	4.644713e+00
8.490000e-06	4.853825e-02	4.856345e+00
8.500000e-06	-9.704714e-02	5.204081e+00
8.510000e-06	2.527453e-02	5.414709e+00
8.520000e-06	4.494415e-03	5.674311e+00
8.530000e-06	-1.120252e-02	5.928371e+00
8.540000e-06	1.510998e-02	6.128903e+00
8.550000e-06	-4.731900e-02	6.349903e+00
8.560000e-06	2.420430e-02	6.571006e+00
8.570000e-06	-2.385618e-02	6.804107e+00
8.580000e-06	7.761713e-03	6.994158e+00
8.590000e-06	-1.482231e-02	7.226161e+00
8.600000e-06	-3.851227e-02	7.450290e+00
8.610000e-06	5.941140e-02	7.717870e+00
8.620000e-06	-4.695862e-02	7.909000e+00
8.630000e-06	7.461953e-03	8.160055e+00
8.640000e-06	-3.393715e-02	8.300948e+00
8.650000e-06	-7.633173e-03	8.488921e+00
8.660000e-06	1.083539e-02	8.657769e+00
8.670000e-06	-1.661798e-02	8.827968e+00
8.680000e-06	-1.388017e-03	9.018242e+00
8.690000e-06	-3.131282e-02	9.256817e+00
8.700000e-06	1.380126e-02	9.414216e+00
8.710000e-06	-1.663789e-02	9.614035e+00
8.720000e-06	-1.484200e-02	9.723583e+00
8.730000e-06	-2.439608e-02	9.931931e+00
8.740000e-06	-1.396428e-02	1.010050e+01
8.750000e-06	6.815380e-03	1.024677e+01
8.760000e-06	-1.316505e-02	1.041582e+01
8.770000e-06	-1.313143e-02	1.053266e+01
8.780000e-06	-2.563822e-02	1.073196e+01
8.790000e-06	-3.371208e-03	1.089090e+01
8.800000e-06	-1.309227e-02	1.098477e+01
8.810000e-06	-1.587818e-02	1.113303e+01
8.820000e-06	-2.545060e-02	1.127750e+01
8.830000e-06	-1.362358e-02	1.141130e+01
8.840000e-06	-4.668757e-03	1.162374e+01
8.850000e-06	-1.287868e-02	1.170208e+01
8.860000e-06	-2.252708e-02	1.184632e+01
8.870000e-06	-2.708904e-02	1.192368e+01
8.880000e-06	-1.378630e-02	1.205745e+01
8.890000e-06	-1.561506e-02	1.213468e+01
8.900000e-06	-2.019378e-02	1.224035e+01
8.910000e-06	-2.725687e-02	1.235416e+01
8.920000e-06	-1.985934e-02	1.246950e+01
8.930000e-06	-1.385950e-02	1.252259e+01
8.940000e-06	-1.679735e-02	1.257529e+01
8.950000e-06	-2.673707e-02	1.267100e+01
8.960000e-06	-2.855903e-02	1.272617e+01
8.970000e-06	-2.208902e-02	1.284903e+01
8.980000e-06	-2.039763e-02	1.287003e+01
8.990000e-06	-2.492094e-02	1.295424e+01
9.000000e-06	-3.251373e-02	1.298877e+01
9.010000e-06	-2.900741e-02	1.305045e+01
9.020000e-06	-2.563945e-02	1.311406e+01
9.030000e-06	-2.485629e-02	1.314576e+01
9.040000e-06	-3.328028e-02	1.324742e+01
9.050000e-06	-3.460775e-02	1.323888e+01
9.060000e-06	-3.025590e-02	1.327940e+01
9.070000e-06	-2.828491e-02	1.325048e+01
9.080000e-06	-3.322892e-02	1.326908e+01
9.090000e-06	-4.116708e-02	1.331256e+01
9.100000e-06	-3.964905e-02	1.329256e+01
9.110000e-06	-3.636923e-02	1.329358e+01
9.120000e-06	-3.554084e-02	1.329403e+01
9.130000e-06	-4.175244e-02	1.329151e+01
9.140000e-06	-4.628459e-02	1.327163e+01
9.150000e-06	-4.435143e-02	1.328091e+01
9.160000e-06	-4.323215e-02	1.325000e+01
9.170000e-06	-4.646157e-02	1.324842e+01
9.180000e-06	-5.175414e-02	1.323687e+01
9.190000e-06	-5.193397e-02	1.323627e+01
9.200000e-06	-4.710539e-02	1.315411e+01
9.210000e-06	-4.558648e-02	1.309100e+01
9.220000e-06	-4.979710e-02	1.301990e+01
9.230000e-06	-5.280860e-02	1.293674e+01
9.240000e-06	-4.892634e-02	1.288358e+01
9.250000e-06	-4.543400e-02	1.284945e+01
9.260000e-06	-4.463443e-02	1.277779e+01
9.270000e-06	-4.670804e-02	1.272366e+01
9.280000e-06	-4.356037e-02	1.265992e+01
9.290000e-06	-3.897290e-02	1.252516e+01
9.300000e-06	-3.558745e-02	1.249050e+01
9.310000e-06	-3.649265e-02	1.240684e+01
9.320000e-06	-3.512929e-02	1.230309e+01
9.330000e-06	-3.289136e-02	1.219882e+01
9.340000e-06	-2.774861e-02	1.207153e+01
9.350000e-06	-2.812975e-02	1.197574e+01
9.360000e-06	-2.930393e-02	1.186045e+01
9.370000e-06	-2.736768e-02	1.176621e+01
9.380000e-06	-2.533881e-02	1.166837e+01
9.390000e-06	-2.109120e-02	1.149056e+01
9.400000e-06	-2.077057e-02	1.129356e+01
9.410000e-06	-2.214285e-02	1.120579e+01
9.420000e-06	-2.096701e-02	1.106882e+01
9.430000e-06	-1.857603e-02	1.094258e+01
9.440000e-06	-1.762753e-02	1.082577e+01
9.450000e-06	-1.921165e-02	1.064890e+01
9.460000e-06	-1.955564e-02	1.048300e+01
9.470000e-06	-1.726734e-02	1.031354e+01
9.480000e-06	-1.516537e-02	1.020366e+01
9.490000e-06	-1.523889e-02	1.003534e+01
9.500000e-06	-1.587532e-02	9.826844e+00
9.510000e-06	-1.433814e-02	9.649401e+00
9.520000e-06	-1.306887e-02	9.489426e+00
9.530000e-06	-1.154388e-02	9.311003e+00
9.540000e-06	-1.342033e-02	9.192105e+00
9.550000e-06	-1.369156e-02	8.905661e+00
9.560000e-06	-1.263242e-02	8.772086e+00
9.570000e-06	-1.152217e-02	8.572183e+00
9.580000e-06	-1.174989e-02	8.424265e+00
9.590000e-06	-1.179356e-02	8.235689e+00
9.600000e-06	-1.125896e-02	7.993318e+00
9.610000e-06	-1.055024e-02	7.785214e+00
9.620000e-06	-1.040806e-02	7.603711e+00
9.630000e-06	-1.081620e-02	7.333154e+00
9.640000e-06	-9.539191e-03	7.141502e+00
9.650000e-06	-1.044398e-02	6.929530e+00
9.660000e-06	-1.000294e-02	6.761052e+00
9.670000e-06	-9.991044e-03	6.498473e+00
9.680000e-06	-9.273497e-03	6.308343e+00
9.690000e-06	-8.743711e-03	6.056797e+00
9.700000e-06	-8.851748e-03	5.867345e+00
9.710000e-06	-8.282928e-03	5.634684e+00
9.720000e-06	-7.096656e-03	5.385135e+00
9.730000e-06	-7.428496e-03	5.151504e+00
9.740000e-06	-7.493059e-03	4.846709e+00
9.750000e-06	-8.095077e-03	4.633115e+00
9.760000e-06	-8.451757e-03	4.424107e+00
9.770000e-06	-7.362907e-03	4.159659e+00
9.780000e-06	-7.920890e-03	3.938372e+00
9.790000e-06	-7.467170e-03	3.697767e+00
9.800000e-06	-6.744487e-03	3.456247e+00
9.810000e-06	-6.531082e-03	3.211634e+00
9.820000e-06	-5.987678e-03	2.990502e+00
9.830000e-06	-6.438474e-03	2.790425e+00
9.840000e-06	-6.560028e-03	2.516766e+00
9.850000e-06	-6.549687e-03	2.233633e+00
9.860000e-06	-5.578305e-03	2.051556e+00
9.870000e-06	-6.753762e-03	1.810026e+00
9.880000e-06	-6.629404e-03	1.508822e+00
9.890000e-06	-5.947084e-03	1.274184e+00
9.900000e-06	-4.360850e-03	9.784246e-01
9.910000e-06	-4.408471e-03	6.978118e-01
9.920000e-06	-4.523475e-03	4.841580e-01
9.930000e-06	-3.849859e-03	2.832551e-01
9.940000e-06	-3.943870e-03	-4.062775e-02
9.950000e-06	3.020687e-03	-2.125818e-01
9.960000e-06	2.418856e-03	-4.427079e-01
9.970000e-06	-3.203274e-03	-7.558672e-01
9.980000e-06	-7.052422e-05	-9.062923e-01
9.990000e-06	-1.789776e-03	-1.169372e+00
1.000000e-05	-2.699130e-04	-1.383260e+00
1.001000e-05	3.380721e-03	-1.634634e+00
1.002000e-05	5.243703e-02	-1.822662e+00
1.003000e-05	8.528284e-02	-2.095766e+00
1.004000e-05	-7.550533e-02	-2.477291e+00
1.005000e-05	-6.457929e-03	-2.790575e+00
1.006000e-05	-5.942991e-02	-2.976267e+00
1.007000e-05	-7.288222e-02	-3.212204e+00
1.008000e-05	7.105946e-02	-3.328872e+00
1.009000e-05	7.921837e-02	-3.507419e+00
1.010000e-05	-1.738685e-01	-3.835259e+00
1.011000e-05	2.044750e-01	-4.021554e+00
1.012000e-05	-1.280500e-01	-4.235185e+00
1.013000e-05	5.542619e-02	-4.549999e+00
1.014000e-05	7.875127e-02	-4.686344e+00
1.015000e-05	-1.852750e-01	-4.984557e+00
1.016000e-05	9.019915e-02	-5.203159e+00
1.017000e-05	-2.074868e-02	-5.457243e+00
1.018000e-05	1.393844e-02	-5.751029e+00
1.019000e-05	8.927798e-02	-5.889497e+00
1.020000e-05	-1.441854e-01	-6.161155e+00
1.021000e-05	1.289102e-01	-6.394287e+00
1.022000e-05	-6.542334e-02	-6.614687e+00
1.023000e-05	4.496005e-02	-6.846347e+00
1.024000e-05	-3.920447e-03	-7.045792e+00
1.025000e-05	-8.556760e-02	-7.359926e+00
1.026000e-05	1.535935e-01	-7.498950e+00
1.027000e-05	-1.063378e-01	-7.714586e+00
1.028000e-05	9.143014e-02	-8.004638e+00
1.029000e-05	-7.513276e-02	-8.151581e+00
1.030000e-05	8.302701e-03	-8.391604e+00
1.031000e-05	6.602195e-02	-8.511033e+00
1.032000e-05	-3.915172e-02	-8.804562e+00
1.033000e-05	6.953497e-02	-8.929984e+00
1.034000e-05	-8.755877e-02	-9.089451e+00
1.035000e-05	8.331718e-02	-9.280551e+00
1.036000e-05	-2.751043e-02	-9.489904e+00
1.037000e-05	2.012338e-02	-9.688926e+00
1.038000e-05	-1.681127e-02	-9.765736e+00
1.039000e-05	-1.342931e-02	-9.995264e+00
1.040000e-05	6.826887e-02	-1.011264e+01
1.041000e-05	-1.691532e-02	-1.031304e+01
1.042000e-05	3.924677e-02	-1.049000e+01
1.043000e-05	-4.607638e-02	-1.062574e+01
1.044000e-05	4.235417e-02	-1.078629e+01
1.045000e-05	-2.467948e-03	-1.088163e+01
1.046000e-05	1.878211e-02	-1.099948e+01
1.047000e-05	-9.331600e-03	-1.120734e+01
1.048000e-05	6.135194e-03	-1.132421e+01
1.049000e-05	3.688859e-02	-1.149156e+01
1.050000e-05	1.360009e-02	-1.163955e+01
1.051000e-05	1.464567e-02	-1.177719e+01
1.052000e-05	-1.627892e-02	-1.190416e+01
1.053000e-05	2.410953e-02	-1.204845e+01
1.054000e-05	1.419460e-02	-1.209359e+01
1.055000e-05	2.079670e-02	-1.221737e+01
1.056000e-05	-2.685456e-03	-1.230368e+01
1.057000e-05	1.247083e-02	-1.241798e+01
1.058000e-05	2.492305e-02	-1.248258e+01
1.059000e-05	2.560851e-02	-1.256832e+01
1.060000e-05	1.087495e-02	-1.269051e+01
1.061000e-05	4.678582e-03	-1.281687e+01
1.062000e-05	1.836201e-02	-1.284948e+01
1.063000e-05	2.951353e-02	-1.289261e+01
1.064000e-05	2.121734e-02	-1.298571e+01
1.065000e-05	1.014027e-02	-1.304837e+01
1.066000e-05	1.362595e-02	-1.310095e+01
1.067000e-05	2.735161e-02	-1.310326e+01
1.068000e-05	2.932443e-02	-1.313629e+01
1.069000e-05	1.871212e-02	-1.321893e+01
1.070000e-05	1.503019e-02	-1.325903e+01
1.071000e-05	2.424436e-02	-1.326208e+01
1.072000e-05	3.524686e-02	-1.328369e+01
1.073000e-05	3.038207e-02	-1.330269e+01
1.074000e-05	2.132804e-02	-1.330414e+01
1.075000e-05	2.189804e-02	-1.331567e+01
1.076000e-05	3.290441e-02	-1.334579e+01
1.077000e-05	3.844445e-02	-1.332677e+01
1.078000e-05	3.129523e-02	-1.333829e+01
1.079000e-05	2.705887e-02	-1.331417e+01
1.080000e-05	3.411887e-02	-1.329417e+01
1.081000e-05	4.372118e-02	-1.329421e+01
1.082000e-05	4.270321e-02	-1.330366e+01
1.083000e-05	3.525632e-02	-1.328106e+01
1.084000e-05	3.545011e-02	-1.326155e+01
1.085000e-05	4.407402e-02	-1.322895e+01
1.086000e-05	4.848220e-02	-1.318837e+01
1.087000e-05	4.142919e-02	-1.314416e+01
1.088000e-05	3.609943e-02	-1.309161e+01
1.089000e-05	3.842510e-02	-1.305995e+01
1.090000e-05	4.539999e-02	-1.298524e+01
1.091000e-05	4.452606e-02	-1.288263e+01
1.092000e-05	3.645536e-02	-1.284893e+01
1.093000e-05	3.224942e-02	-1.280582e+01
1.094000e-05	3.610682e-02	-1.273471e+01
1.095000e-05	3.642985e-02	-1.263893e+01
1.096000e-05	3.059660e-02	-1.249667e+01
1.097000e-05	2.226913e-02	-1.244856e+01
1.098000e-05	2.254382e-02	-1.237367e+01
1.099000e-05	2.648093e-02	-1.222947e+01
1.100000e-05	2.649855e-02	-1.213518e+01
1.101000e-05	1.987892e-02	-1.201950e+01
1.102000e-05	1.542561e-02	-1.192379e+01
1.103000e-05	1.817331e-02	-1.177632e+01
1.104000e-05	2.009290e-02	-1.158903e+01
1.105000e-05	1.689326e-02	-1.154416e+01
1.106000e-05	1.022158e-02	-1.139627e+01
1.107000e-05	9.655434e-03	-1.118992e+01
1.108000e-05	1.351259e-02	-1.104908e+01
1.109000e-05	1.517784e-02	-1.090314e+01
1.110000e-05	1.055282e-02	-1.080677e+01
1.111000e-05	6.487951e-03	-1.070047e+01
1.112000e-05	7.517569e-03	-1.049064e+01
1.113000e-05	1.089146e-02	-1.035429e+01
1.114000e-05	8.480085e-03	-1.016532e+01
1.115000e-05	3.589613e-03	-1.001635e+01
1.116000e-05	2.883863e-03	-9.848997e+00
1.117000e-05	5.947278e-03	-9.690580e+00
1.118000e-05	8.267869e-03	-9.544108e+00
1.119000e-05	5.674563e-03	-9.323709e+00
1.120000e-05	2.616024e-03	-9.204211e+00
1.121000e-05	2.184091e-03	-8.996739e+00
1.122000e-05	5.161111e-03	-8.806368e+00
1.123000e-05	3.614256e-03	-8.617876e+00
1.124000e-05	6.425335e-05	-8.435396e+00
1.125000e-05	-5.066743e-04	-8.206815e+00
1.126000e-05	3.392136e-03	-8.069367e+00
1.127000e-05	4.982832e-03	-7.867919e+00
1.128000e-05	2.018965e-03	-7.604846e+00
1.129000e-05	-2.567686e-03	-7.371663e+00
1.130000e-05	-1.098170e-03	-7.214238e+00
1.131000e-05	2.786721e-03	-6.903659e+00
1.132000e-05	1.070326e-03	-6.712077e+00
1.133000e-05	-2.204529e-03	-6.552156e+00
1.134000e-05	-4.283645e-03	-6.340527e+00
1.135000e-05	5.519258e-04	-6.088501e+00
1.136000e-05	8.331731e-04	-5.829368e+00
1.137000e-05	2.213057e-04	-5.655217e+00
1.138000e-05	-5.118034e-03	-5.444338e+00
1.139000e-05	-2.587588e-03	-5.142553e+00
1.140000e-05	-1.140021e-03	-4.916897e+00
1.141000e-05	2.524926e-05	-4.594133e+00
1.142000e-05	-4.852964e-03	-4.403160e+00
1.143000e-05	-3.554217e-03	-4.243687e+00
1.144000e-05	-3.621524e-03	-3.982156e+00
1.145000e-05	-7.539747e-04	-3.769052e+00
1.146000e-05	-3.908804e-03	-3.487423e+00
1.147000e-05	-5.143144e-03	-3.274818e+00
1.148000e-05	-6.152068e-03	-3.043786e+00
1.149000e-05	-2.188559e-03	-2.780150e+00
1.150000e-05	-3.586824e-03	-2.509497e+00
1.151000e-05	-4.000181e-03	-2.328422e+00
1.152000e-05	-5.460396e-03	-2.013132e+00
1.153000e-05	-3.354605e-03	-1.781630e+00
1.154000e-05	-3.763823e-03	-1.598546e+00
1.155000e-05	-6.439069e-03	-1.277291e+00
1.156000e-05	-6.939905e-03	-1.033156e+00
1.157000e-05	-6.306661e-03	-7.920536e-01
1.158000e-05	-3.518338e-03	-5.174184e-01
1.159000e-05	-4.528196e-03	-2.642893e-01
1.160000e-05	-4.511047e-03	-3.320795e-02
1.161000e-05	3.044748e-03	1.883975e-01
1.162000e-05	-2.981957e-04	4.215767e-01
1.163000e-05	6.455017e-04	6.406555e-01
1.164000e-05	-2.422781e-03	8.626305e-01
1.165000e-05	-4.047945e-03	1.147796e+00
1.166000e-05	-4.313920e-03	1.378395e+00
1.167000e-05	7.259377e-04	1.663033e+00
1.168000e-05	1.984807e-02	1.862634e+00
1.169000e-05	7.028120e-02	2.085208e+00
1.170000e-05	5.227705e-03	2.368898e+00
1.171000e-05	-6.606731e-02	2.655733e+00
1.172000e-05	-2.849505e-02	2.906266e+00
1.173000e-05	-3.421382e-02	3.107345e+00
1.174000e-05	-8.196915e-02	3.275691e+00
1.175000e-05	5.037547e-02	3.549266e+00
1.176000e-05	7.726555e-02	3.747771e+00
1.177000e-05	-1.665260e-01	3.959423e+00
1.178000e-05	1.792970e-01	4.169929e+00
1.179000e-05	-5.029486e-02	4.443716e+00
1.180000e-05	-1.759525e-02	4.677264e+00
1.181000e-05	4.082879e-02	4.919424e+00
1.182000e-05	-9.682217e-02	5.214108e+00
1.183000e-05	3.048689e-02	5.424687e+00
1.184000e-05	5.150396e-04	5.675767e+00
1.185000e-05	-5.566198e-03	5.938897e+00
1.186000e-05	1.235624e-02	6.149978e+00
1.187000e-05	-4.665318e-02	6.401605e+00
1.188000e-05	2.561664e-02	6.604056e+00
1.189000e-05	-2.794200e-02	6.824159e+00
1.190000e-05	1.398523e-02	7.025638e+00
1.191000e-05	-2.262972e-02	7.225216e+00
1.192000e-05	-3.137797e-02	7.448768e+00
1.193000e-05	5.538999e-02	7.699447e+00
1.194000e-05	-4.776084e-02	7.942033e+00
1.195000e-05	1.054222e-02	8.150502e+00
1.196000e-05	-3.651457e-02	8.360574e+00
1.197000e-05	-2.900294e-03	8.507874e+00
1.198000e-05	9.750758e-03	8.668817e+00
1.199000e-05	-1.469550e-02	8.908846e+00
1.200000e-05	-2.644128e-03	9.018817e+00
1.201000e-05	-3.207117e-02	9.256767e+00
1.202000e-05	1.284905e-02	9.405639e+00
1.203000e-05	-1.908934e-02	9.552237e+00
1.204000e-05	-1.318705e-02	9.763710e+00
1.205000e-05	-2.409366e-02	9.991509e+00
1.206000e-05	-1.075960e-02	1.009203e+01
1.207000e-05	5.918175e-03	1.024892e+01
1.208000e-05	-1.312852e-02	1.043564e+01
1.209000e-05	-1.348453e-02	1.054416e+01
1.210000e-05	-2.622736e-02	1.074345e+01
1.211000e-05	-5.527708e-03	1.088947e+01
1.212000e-05	-1.468822e-02	1.100572e+01
1.213000e-05	-1.749628e-02	1.117363e+01
1.214000e-05	-2.247243e-02	1.127051e+01
1.215000e-05	-1.490125e-02	1.141835e+01
1.216000e-05	-1.110935e-03	1.159619e+01
1.217000e-05	-1.293180e-02	1.171256e+01
1.218000e-05	-2.112702e-02	1.184730e+01
1.219000e-05	-2.592826e-02	1.194451e+01
1.220000e-05	-1.653938e-02	1.205950e+01
1.221000e-05	-1.643416e-02	1.214412e+01
1.222000e-05	-2.255863e-02	1.228140e+01
1.223000e-05	-2.768339e-02	1.243524e+01
1.224000e-05	-1.887478e-02	1.247845e+01
1.225000e-05	-1.274877e-02	1.252318e+01
1.226000e-05	-1.438976e-02	1.260624e+01
1.227000e-05	-2.553180e-02	1.270250e+01
1.228000e-05	-2.826863e-02	1.275571e+01
1.229000e-05	-2.425262e-02	1.282850e+01
1.230000e-05	-2.314108e-02	1.289013e+01
1.231000e-05	-2.684461e-02	1.294519e+01
1.232000e-05	-3.326333e-02	1.301887e+01
1.233000e-05	-2.692635e-02	1.308950e+01
1.234000e-05	-2.261403e-02	1.313406e+01
1.235000e-05	-2.324223e-02	1.315414e+01
1.236000e-05	-3.164758e-02	1.320635e+01
1.237000e-05	-3.459571e-02	1.324742e+01
1.238000e-05	-3.117662e-02	1.326000e+01
1.239000e-05	-3.095678e-02	1.327998e+01
1.240000e-05	-3.570891e-02	1.329150e+01
1.241000e-05	-4.034360e-02	1.329308e+01
1.242000e-05	-3.921817e-02	1.328108e+01
1.243000e-05	-3.499226e-02	1.330156e+01
1.244000e-05	-3.561916e-02	1.329305e+01
1.245000e-05	-4.152244e-02	1.328156e+01
1.246000e-05	-4.517301e-02	1.329005e+01
1.247000e-05	-4.389093e-02	1.329908e+01
1.248000e-05	-4.385789e-02	1.328043e+01
1.249000e-05	-4.749462e-02	1.324850e+01
1.250000e-05	-5.207081e-02	1.321832e+01
1.251000e-05	-5.158492e-02	1.322522e+01
1.252000e-05	-4.656300e-02	1.316458e+01
1.253000e-05	-4.592079e-02	1.311306e+01
1.254000e-05	-4.972958e-02	1.297837e+01
1.255000e-05	-5.212529e-02	1.295514e+01
1.256000e-05	-4.843895e-02	1.289311e+01
1.257000e-05	-4.496823e-02	1.285948e+01
1.258000e-05	-4.474696e-02	1.278629e+01
1.259000e-05	-4.651674e-02	1.272204e+01
1.260000e-05	-4.432168e-02	1.262987e+01
1.261000e-05	-3.902555e-02	1.260414e+01
1.262000e-05	-3.523677e-02	1.248001e+01
1.263000e-05	-3.509225e-02	1.239629e+01
1.264000e-05	-3.465771e-02	1.232258e+01
1.265000e-05	-3.171325e-02	1.218777e+01
1.266000e-05	-2.715355e-02	1.207343e+01
1.267000e-05	-2.810023e-02	1.198427e+01
1.268000e-05	-2.945432e-02	1.188943e+01
1.269000e-05	-2.922607e-02	1.176359e+01
1.270000e-05	-2.491327e-02	1.162790e+01
1.271000e-05	-2.176273e-02	1.146003e+01
1.272000e-05	-2.108223e-02	1.131266e+01
1.273000e-05	-2.163174e-02	1.119834e+01
1.274000e-05	-1.984802e-02	1.107037e+01
1.275000e-05	-1.758056e-02	1.093005e+01
1.276000e-05	-1.878930e-02	1.081424e+01
1.277000e-05	-1.994208e-02	1.065937e+01
1.278000e-05	-2.047915e-02	1.048890e+01
1.279000e-05	-1.589126e-02	1.033206e+01
1.280000e-05	-1.484593e-02	1.015411e+01
1.281000e-05	-1.339046e-02	1.004374e+01
1.282000e-05	-1.656572e-02	9.818898e+00
1.283000e-05	-1.419975e-02	9.627296e+00
1.284000e-05	-1.301592e-02	9.457875e+00
1.285000e-05	-1.181683e-02	9.300503e+00
1.286000e-05	-1.382762e-02	9.172580e+00
1.287000e-05	-1.411705e-02	8.923683e+00
1.288000e-05	-1.277274e-02	8.742155e+00
1.289000e-05	-1.098219e-02	8.572632e+00
1.290000e-05	-1.126882e-02	8.394162e+00
1.291000e-05	-1.294646e-02	8.215239e+00
1.292000e-05	-1.210803e-02	7.982189e+00
1.293000e-05	-1.037310e-02	7.784161e+00
1.294000e-05	-8.599746e-03	7.582685e+00
1.295000e-05	-1.013963e-02	7.360632e+00
1.296000e-05	-1.113180e-02	7.140505e+00
1.297000e-05	-1.032721e-02	6.929028e+00
1.298000e-05	-8.945982e-03	6.721006e+00
1.299000e-05	-9.398983e-03	6.487844e+00
1.300000e-05	-9.517150e-03	6.267817e+00
1.301000e-05	-9.412347e-03	6.075763e+00
1.302000e-05	-8.804806e-03	5.876318e+00
1.303000e-05	-8.226077e-03	5.593615e+00
1.304000e-05	-7.899894e-03	5.423655e+00
1.305000e-05	-8.240663e-03	5.140453e+00
1.306000e-05	-8.475760e-03	4.866713e+00
1.307000e-05	-8.142447e-03	4.602710e+00
1.308000e-05	-7.629581e-03	4.423131e+00
1.309000e-05	-7.588738e-03	4.160024e+00
1.310000e-05	-8.110067e-03	3.917864e+00
1.311000e-05	-7.449139e-03	3.706788e+00
1.312000e-05	-6.607562e-03	3.476320e+00
1.313000e-05	-6.130646e-03	3.200105e+00
1.314000e-05	-6.364037e-03	2.949424e+00
1.315000e-05	-6.500186e-03	2.769447e+00
1.316000e-05	-5.845875e-03	2.495314e+00
1.317000e-05	-6.276127e-03	2.213084e+00
1.318000e-05	-6.160028e-03	2.000002e+00
1.319000e-05	-6.285598e-03	1.770902e+00
1.320000e-05	-6.661592e-03	1.505316e+00
1.321000e-05	-5.710778e-03	1.254710e+00
1.322000e-05	-4.672912e-03	9.463446e-01
1.323000e-05	-4.830842e-03	7.168178e-01
1.324000e-05	-4.570706e-03	4.737592e-01
1.325000e-05	-3.597448e-03	2.524800e-01
1.326000e-05	-2.830549e-03	-3.208158e-02
1.327000e-05	3.962706e-03	-2.742331e-01
1.328000e-05	2.507448e-03	-4.721805e-01
1.329000e-05	-2.587463e-03	-7.478722e-01
1.330000e-05	-1.255728e-03	-9.499460e-01
1.331000e-05	-1.904673e-03	-1.179050e+00
1.332000e-05	-2.946241e-04	-1.425737e+00
1.333000e-05	4.493829e-03	-1.643763e+00
1.334000e-05	5.570957e-02	-1.843186e+00
1.335000e-05	7.762185e-02	-2.066840e+00
1.336000e-05	-7.657137e-02	-2.517399e+00
1.337000e-05	-4.171239e-03	-2.802601e+00
1.338000e-05	-6.159223e-02	-3.085316e+00
1.339000e-05	-7.472966e-02	-3.202657e+00
1.340000e-05	8.882029e-02	-3.359921e+00
1.341000e-05	5.638442e-02	-3.526819e+00
1.342000e-05	-1.591829e-01	-3.856268e+00
1.343000e-05	2.084766e-01	-4.003581e+00
1.344000e-05	-1.439617e-01	-4.255787e+00
1.345000e-05	7.748045e-02	-4.570001e+00
1.346000e-05	5.770112e-02	-4.729890e+00
1.347000e-05	-1.817297e-01	-5.004209e+00
1.348000e-05	1.006792e-01	-5.185158e+00
1.349000e-05	-3.559090e-02	-5.487867e+00
1.350000e-05	3.219595e-02	-5.772056e+00
1.351000e-05	7.219539e-02	-5.959976e+00
1.352000e-05	-1.361847e-01	-6.204682e+00
1.353000e-05	1.323685e-01	-6.436238e+00
1.354000e-05	-7.692341e-02	-6.646188e+00
1.355000e-05	5.927681e-02	-6.847476e+00
1.356000e-05	-2.306271e-02	-7.047816e+00
1.357000e-05	-6.642753e-02	-7.371552e+00
1.358000e-05	1.457420e-01	-7.501002e+00
1.359000e-05	-1.060359e-01	-7.804630e+00
1.360000e-05	9.897190e-02	-7.993210e+00
1.361000e-05	-8.923055e-02	-8.152133e+00
1.362000e-05	2.419478e-02	-8.391605e+00
1.363000e-05	5.254312e-02	-8.514110e+00
1.364000e-05	-3.375176e-02	-8.764211e+00
1.365000e-05	6.314240e-02	-8.913633e+00
1.366000e-05	-8.629486e-02	-9.140076e+00
1.367000e-05	9.097368e-02	-9.260107e+00
1.368000e-05	-3.313871e-02	-9.490005e+00
1.369000e-05	2.741129e-02	-9.679450e+00
1.370000e-05	-2.659625e-02	-9.836364e+00
1.371000e-05	-4.652970e-03	-1.001621e+01
1.372000e-05	6.132653e-02	-1.012566e+01
1.373000e-05	-1.605679e-02	-1.035423e+01
1.374000e-05	3.584885e-02	-1.049098e+01
1.375000e-05	-4.279346e-02	-1.062682e+01
1.376000e-05	4.741662e-02	-1.079476e+01
1.377000e-05	-3.855809e-03	-1.093211e+01
1.378000e-05	2.004150e-02	-1.106148e+01
1.379000e-05	-1.475429e-02	-1.120587e+01
1.380000e-05	9.831825e-03	-1.135579e+01
1.381000e-05	3.314797e-02	-1.148108e+01
1.382000e-05	1.431150e-02	-1.164950e+01
1.383000e-05	1.132759e-02	-1.173627e+01
1.384000e-05	-1.250364e-02	-1.191461e+01
1.385000e-05	2.673637e-02	-1.203895e+01
1.386000e-05	1.497605e-02	-1.215318e+01
1.387000e-05	1.907982e-02	-1.219842e+01
1.388000e-05	-4.314395e-03	-1.234364e+01
1.389000e-05	1.435022e-02	-1.246848e+01
1.390000e-05	2.590713e-02	-1.249219e+01
1.391000e-05	2.438474e-02	-1.255840e+01
1.392000e-05	9.107934e-03	-1.271208e+01
1.393000e-05	6.600050e-03	-1.278738e+01
1.394000e-05	2.094444e-02	-1.284998e+01
1.395000e-05	2.856146e-02	-1.288166e+01
1.396000e-05	1.854005e-02	-1.294429e+01
1.397000e-05	7.114338e-03	-1.303742e+01
1.398000e-05	1.473841e-02	-1.307151e+01
1.399000e-05	2.791876e-02	-1.311519e+01
1.400000e-05	2.926227e-02	-1.316690e+01
1.401000e-05	1.802346e-02	-1.319787e+01
1.402000e-05	1.608336e-02	-1.324858e+01
1.403000e-05	2.530179e-02	-1.329108e+01
1.404000e-05	3.567101e-02	-1.328314e+01
1.405000e-05	2.773915e-02	-1.331469e+01
1.406000e-05	2.062700e-02	-1.330721e+01
1.407000e-05	2.231797e-02	-1.333677e+01
1.408000e-05	3.493198e-02	-1.331627e+01
1.409000e-05	3.849220e-02	-1.334729e+01
1.410000e-05	3.048948e-02	-1.335777e+01
1.411000e-05	2.729246e-02	-1.330579e+01
1.412000e-05	3.559199e-02	-1.333422e+01
1.413000e-05	4.206608e-02	-1.329366e+01
1.414000e-05	4.088645e-02	-1.329415e+01
1.415000e-05	3.289752e-02	-1.325111e+01
1.416000e-05	3.925283e-02	-1.326103e+01
1.417000e-05	4.578648e-02	-1.321745e+01
1.418000e-05	4.918808e-02	-1.320785e+01
1.419000e-05	4.109484e-02	-1.311521e+01
1.420000e-05	3.505337e-02	-1.310201e+01
1.421000e-05	3.992832e-02	-1.301852e+01
1.422000e-05	4.402099e-02	-1.299514e+01
1.423000e-05	4.218647e-02	-1.290211e+01
1.424000e-05	3.485044e-02	-1.287000e+01
1.425000e-05	3.350622e-02	-1.282687e+01
1.426000e-05	3.704050e-02	-1.274361e+01
1.427000e-05	3.792782e-02	-1.261145e+01
1.428000e-05	2.899043e-02	-1.250724e+01
1.429000e-05	2.134701e-02	-1.242853e+01
1.430000e-05	2.288498e-02	-1.234466e+01
1.431000e-05	2.667099e-02	-1.223945e+01
1.432000e-05	2.540573e-02	-1.215371e+01
1.433000e-05	2.000225e-02	-1.204800e+01
1.434000e-05	1.456881e-02	-1.195366e+01
1.435000e-05	1.964881e-02	-1.175879e+01
1.436000e-05	2.134689e-02	-1.164950e+01
1.437000e-05	1.627445e-02	-1.154264e+01
1.438000e-05	9.136766e-03	-1.137529e+01
1.439000e-05	9.198358e-03	-1.116889e+01
1.440000e-05	1.361155e-02	-1.107006e+01
1.441000e-05	1.428683e-02	-1.094263e+01
1.442000e-05	8.942856e-03	-1.082477e+01
1.443000e-05	4.470948e-03	-1.068897e+01
1.444000e-05	8.450553e-03	-1.051469e+01
1.445000e-05	1.225770e-02	-1.035429e+01
1.446000e-05	9.515794e-03	-1.014632e+01
1.447000e-05	3.651082e-03	-1.002735e+01
1.448000e-05	3.250460e-03	-9.860372e+00
1.449000e-05	6.452776e-03	-9.719054e+00
1.450000e-05	7.985634e-03	-9.584133e+00
1.451000e-05	4.085316e-03	-9.352084e+00
1.452000e-05	1.601177e-04	-9.193688e+00
1.453000e-05	2.968092e-03	-8.965815e+00
1.454000e-05	6.182090e-03	-8.824819e+00
1.455000e-05	4.877294e-03	-8.614344e+00
1.456000e-05	1.321101e-03	-8.415264e+00
1.457000e-05	-7.103989e-04	-8.215767e+00
1.458000e-05	1.932565e-03	-8.024322e+00
1.459000e-05	4.085759e-03	-7.817843e+00
1.460000e-05	2.139149e-03	-7.583789e+00
1.461000e-05	-2.820493e-03	-7.363209e+00
1.462000e-05	-1.831802e-03	-7.203135e+00
1.463000e-05	2.902411e-03	-6.923134e+00
1.464000e-05	2.940438e-03	-6.739975e+00
1.465000e-05	4.373324e-04	-6.508077e+00
1.466000e-05	-4.170544e-03	-6.320574e+00
1.467000e-05	-8.423903e-05	-6.046347e+00
1.468000e-05	9.470464e-05	-5.877772e+00
1.469000e-05	5.359791e-04	-5.645190e+00
1.470000e-05	-6.421237e-03	-5.392741e+00
1.471000e-05	-4.016075e-03	-5.160502e+00
1.472000e-05	-1.846604e-03	-4.888445e+00
1.473000e-05	1.823813e-03	-4.602084e+00
1.474000e-05	-3.602515e-03	-4.402207e+00
1.475000e-05	-3.685930e-03	-4.223158e+00
1.476000e-05	-4.055413e-03	-3.969532e+00
1.477000e-05	-9.171287e-04	-3.710022e+00
1.478000e-05	-3.746187e-03	-3.476421e+00
1.479000e-05	-5.815257e-03	-3.225792e+00
1.480000e-05	-6.755468e-03	-3.013289e+00
1.481000e-05	-2.692803e-03	-2.740026e+00
1.482000e-05	-2.059610e-03	-2.507920e+00
1.483000e-05	-4.266294e-03	-2.277371e+00
1.484000e-05	-6.096288e-03	-2.023135e+00
1.485000e-05	-4.452161e-03	-1.791602e+00
1.486000e-05	-3.422113e-03	-1.570029e+00
1.487000e-05	-5.268004e-03	-1.205737e+00
1.488000e-05	-7.668638e-03	-1.020630e+00
1.489000e-05	-8.037143e-03	-7.993761e-01
1.490000e-05	-4.966430e-03	-5.067670e-01
1.491000e-05	-3.143046e-03	-2.827879e-01
1.492000e-05	-3.582375e-03	-3.210771e-02
1.493000e-05	2.897124e-03	1.714277e-01
1.494000e-05	-1.125339e-03	4.421043e-01
1.495000e-05	2.335271e-03	6.631294e-01
1.496000e-05	-2.194887e-03	8.825855e-01
1.497000e-05	-3.749006e-03	1.158872e+00
1.498000e-05	-5.634490e-03	1.378921e+00
1.499000e-05	5.703946e-04	1.653109e+00
1.500000e-05	2.279892e-02	1.874662e+00
1.501000e-05	7.298125e-02	2.075739e+00
1.502000e-05	-3.916248e-03	2.379373e+00
1.503000e-05	-6.224520e-02	2.704661e+00
1.504000e-05	-2.870564e-02	2.918292e+00
1.505000e-05	-3.321232e-02	3.149319e+00
1.506000e-05	-8.477430e-02	3.287894e+00
1.507000e-05	6.302456e-02	3.517815e+00
1.508000e-05	5.790496e-02	3.736894e+00
1.509000e-05	-1.558364e-01	3.959921e+00
1.510000e-05	1.855853e-01	4.202554e+00
1.511000e-05	-6.395327e-02	4.464713e+00
1.512000e-05	-4.766597e-03	4.647216e+00
1.513000e-05	3.351322e-02	4.909993e+00
1.514000e-05	-9.395988e-02	5.214108e+00
1.515000e-05	3.510647e-02	5.465262e+00
1.516000e-05	-5.884036e-03	5.677897e+00
1.517000e-05	-3.279904e-03	5.929898e+00
1.518000e-05	8.858733e-03	6.151080e+00
1.519000e-05	-4.409428e-02	6.371524e+00
1.520000e-05	2.668240e-02	6.580658e+00
1.521000e-05	-3.164464e-02	6.814662e+00
1.522000e-05	1.958543e-02	7.005135e+00
1.523000e-05	-2.925210e-02	7.275213e+00
1.524000e-05	-2.261389e-02	7.460846e+00
1.525000e-05	4.979194e-02	7.710450e+00
1.526000e-05	-4.834493e-02	7.971504e+00
1.527000e-05	1.278788e-02	8.143527e+00
1.528000e-05	-3.881005e-02	8.350475e+00
1.529000e-05	-4.445782e-04	8.517980e+00
1.530000e-05	6.512470e-03	8.679868e+00
1.531000e-05	-1.256833e-02	8.878897e+00
1.532000e-05	-3.665721e-03	9.068796e+00
1.533000e-05	-2.942062e-02	9.257793e+00
1.534000e-05	1.255738e-02	9.414762e+00
1.535000e-05	-2.039065e-02	9.584711e+00
1.536000e-05	-1.343258e-02	9.743659e+00
1.537000e-05	-2.539392e-02	9.981509e+00
1.538000e-05	-9.521054e-03	1.009258e+01
1.539000e-05	6.514646e-03	1.027879e+01
1.540000e-05	-1.286095e-02	1.044639e+01
1.541000e-05	-1.403748e-02	1.052419e+01
1.542000e-05	-2.588360e-02	1.073263e+01
1.543000e-05	-3.838343e-03	1.088143e+01
1.544000e-05	-1.505593e-02	1.099479e+01
1.545000e-05	-1.619019e-02	1.115361e+01
1.546000e-05	-2.380042e-02	1.130298e+01
1.547000e-05	-1.269869e-02	1.144040e+01
1.548000e-05	-4.764720e-03	1.160632e+01
1.549000e-05	-1.431146e-02	1.170201e+01
1.550000e-05	-2.294740e-02	1.184837e+01
1.551000e-05	-2.616709e-02	1.195372e+01
1.552000e-05	-1.368870e-02	1.203748e+01
1.553000e-05	-1.622453e-02	1.210321e+01
1.554000e-05	-2.052552e-02	1.227045e+01
1.555000e-05	-2.742170e-02	1.240574e+01
1.556000e-05	-1.907494e-02	1.245953e+01
1.557000e-05	-1.352488e-02	1.250261e+01
1.558000e-05	-1.833226e-02	1.264577e+01
1.559000e-05	-2.620036e-02	1.266151e+01
1.560000e-05	-2.750639e-02	1.277424e+01
1.561000e-05	-2.027286e-02	1.282890e+01
1.562000e-05	-2.085640e-02	1.291308e+01
1.563000e-05	-2.692371e-02	1.292769e+01
1.564000e-05	-3.424127e-02	1.304827e+01
1.565000e-05	-2.872226e-02	1.304043e+01
1.566000e-05	-2.433272e-02	1.311258e+01
1.567000e-05	-2.568468e-02	1.314424e+01
1.568000e-05	-3.316404e-02	1.321882e+01
1.569000e-05	-3.435498e-02	1.326850e+01
1.570000e-05	-2.858069e-02	1.325045e+01
1.571000e-05	-2.877385e-02	1.325998e+01
1.572000e-05	-3.450134e-02	1.327051e+01
1.573000e-05	-4.157557e-02	1.327206e+01
1.574000e-05	-3.896919e-02	1.329256e+01
1.575000e-05	-3.629232e-02	1.331213e+01
1.576000e-05	-3.562765e-02	1.332159e+01
1.577000e-05	-4.221047e-02	1.330258e+01
1.578000e-05	-4.535413e-02	1.330250e+01
1.579000e-05	-4.326487e-02	1.328053e+01
1.580000e-05	-4.301658e-02	1.327055e+01
1.581000e-05	-4.709365e-02	1.326842e+01
1.582000e-05	-5.298280e-02	1.322784e+01
1.583000e-05	-5.138667e-02	1.319832e+01
1.584000e-05	-4.737848e-02	1.314466e+01
1.585000e-05	-4.631047e-02	1.310248e+01
1.586000e-05	-5.012300e-02	1.299835e+01
1.587000e-05	-5.119595e-02	1.293569e+01
1.588000e-05	-4.740084e-02	1.289316e+01
1.589000e-05	-4.456972e-02	1.285948e+01
1.590000e-05	-4.498135e-02	1.277532e+01
1.591000e-05	-4.636486e-02	1.271261e+01
1.592000e-05	-4.377491e-02	1.263887e+01
1.593000e-05	-3.840304e-02	1.258414e+01
1.594000e-05	-3.595372e-02	1.247005e+01
1.595000e-05	-3.609971e-02	1.240584e+01
1.596000e-05	-3.555304e-02	1.229303e+01
1.597000e-05	-3.219119e-02	1.214774e+01
1.598000e-05	-2.761092e-02	1.205003e+01
1.599000e-05	-2.790852e-02	1.198521e+01
1.600000e-05	-2.899325e-02	1.186893e+01
1.601000e-05	-2.722263e-02	1.176411e+01
1.602000e-05	-2.434626e-02	1.163695e+01
1.603000e-05	-2.083620e-02	1.147368e+01
1.604000e-05	-2.204492e-02	1.129211e+01
1.605000e-05	-2.200716e-02	1.120534e+01
1.606000e-05	-2.097783e-02	1.104882e+01
1.607000e-05	-1.727791e-02	1.092005e+01
1.608000e-05	-1.803053e-02	1.082476e+01
1.609000e-05	-1.956721e-02	1.064985e+01
1.610000e-05	-1.983488e-02	1.046152e+01
1.611000e-05	-1.661785e-02	1.032242e+01
1.612000e-05	-1.497743e-02	1.013321e+01
1.613000e-05	-1.512385e-02	1.002622e+01
1.614000e-05	-1.715838e-02	9.777947e+00
1.615000e-05	-1.492922e-02	9.617394e+00
1.616000e-05	-1.257362e-02	9.469423e+00
1.617000e-05	-1.178648e-02	9.288899e+00
1.618000e-05	-1.305638e-02	9.131603e+00
1.619000e-05	-1.389356e-02	8.914082e+00
1.620000e-05	-1.241196e-02	8.742560e+00
1.621000e-05	-1.129657e-02	8.542608e+00
1.622000e-05	-1.115670e-02	8.402558e+00
1.623000e-05	-1.299865e-02	8.153686e+00
1.624000e-05	-1.208435e-02	7.991161e+00
1.625000e-05	-1.059259e-02	7.782657e+00
1.626000e-05	-9.523595e-03	7.561535e+00
1.627000e-05	-1.069541e-02	7.290900e+00
1.628000e-05	-1.057778e-02	7.110504e+00
1.629000e-05	-1.036837e-02	6.879480e+00
1.630000e-05	-8.343739e-03	6.799375e+00
1.631000e-05	-8.914917e-03	6.407844e+00
1.632000e-05	-9.393099e-03	6.265841e+00
1.633000e-05	-1.022489e-02	6.065217e+00
1.634000e-05	-8.316852e-03	5.873742e+00
1.635000e-05	-7.413989e-03	5.584086e+00
1.636000e-05	-7.488141e-03	5.401109e+00
1.637000e-05	-8.990506e-03	5.171001e+00
1.638000e-05	-9.066252e-03	4.834860e+00
1.639000e-05	-6.453933e-03	4.623607e+00
1.640000e-05	-7.235182e-03	4.432627e+00
1.641000e-05	-7.957468e-03	4.158504e+00
1.642000e-05	-9.256097e-03	3.906768e+00
1.643000e-05	-8.072795e-03	3.675285e+00
1.644000e-05	-6.385020e-03	3.465763e+00
1.645000e-05	-6.204929e-03	3.180502e+00
1.646000e-05	-6.159139e-03	2.937948e+00
1.647000e-05	-6.818893e-03	2.748498e+00
1.648000e-05	-5.545515e-03	2.457661e+00
1.649000e-05	-5.648406e-03	2.201607e+00
1.650000e-05	-6.045923e-03	2.008998e+00
1.651000e-05	-6.305362e-03	1.769423e+00
1.652000e-05	-6.488281e-03	1.465286e+00
1.653000e-05	-5.273668e-03	1.233156e+00
1.654000e-05	-5.234681e-03	9.178409e-01
1.655000e-05	-5.331336e-03	7.152906e-01
1.656000e-05	-4.988914e-03	4.830803e-01
1.657000e-05	-4.103703e-03	2.516597e-01
1.658000e-05	-3.189637e-03	-5.315677e-02
1.659000e-05	3.924964e-03	-2.231832e-01
1.660000e-05	4.559857e-04	-4.547106e-01
1.661000e-05	-1.507166e-03	-7.164236e-01
1.662000e-05	-6.746368e-04	-9.568962e-01
1.663000e-05	-1.208649e-03	-1.189022e+00
1.664000e-05	-1.682533e-03	-1.463790e+00
1.665000e-05	5.063729e-03	-1.675710e+00
1.666000e-05	6.135866e-02	-1.885763e+00
1.667000e-05	7.088187e-02	-2.168392e+00
1.668000e-05	-7.643679e-02	-2.528921e+00
1.669000e-05	-4.880691e-03	-2.791653e+00
1.670000e-05	-6.304907e-02	-3.095792e+00
1.671000e-05	-7.479449e-02	-3.232633e+00
1.672000e-05	1.056091e-01	-3.309470e+00
1.673000e-05	3.067460e-02	-3.516972e+00
1.674000e-05	-1.399373e-01	-3.845892e+00
1.675000e-05	2.084761e-01	-4.012157e+00
1.676000e-05	-1.562613e-01	-4.265817e+00
1.677000e-05	9.714367e-02	-4.541950e+00
1.678000e-05	3.745583e-02	-4.758896e+00
1.679000e-05	-1.744864e-01	-5.045238e+00
1.680000e-05	1.105528e-01	-5.247216e+00
1.681000e-05	-4.855837e-02	-5.467896e+00
1.682000e-05	5.039532e-02	-5.810633e+00
1.683000e-05	5.118354e-02	-5.920523e+00
1.684000e-05	-1.253639e-01	-6.224786e+00
1.685000e-05	1.332655e-01	-6.433792e+00
1.686000e-05	-8.409056e-02	-6.644739e+00
1.687000e-05	7.151658e-02	-6.856325e+00
1.688000e-05	-4.171342e-02	-7.079917e+00
1.689000e-05	-4.615123e-02	-7.351530e+00
1.690000e-05	1.339935e-01	-7.528524e+00
1.691000e-05	-1.047270e-01	-7.745713e+00
1.692000e-05	1.019194e-01	-8.004262e+00
1.693000e-05	-9.862042e-02	-8.183059e+00
1.694000e-05	4.028416e-02	-8.412233e+00
1.695000e-05	4.012274e-02	-8.501139e+00
1.696000e-05	-2.341215e-02	-8.814739e+00
1.697000e-05	5.429100e-02	-8.952609e+00
1.698000e-05	-8.138160e-02	-9.120026e+00
1.699000e-05	9.298270e-02	-9.301056e+00
1.700000e-05	-3.946863e-02	-9.500378e+00
1.701000e-05	3.402570e-02	-9.668455e+00
1.702000e-05	-3.486778e-02	-9.846366e+00
1.703000e-05	3.319989e-03	-9.994243e+00
1.704000e-05	5.407191e-02	-1.013474e+01
1.705000e-05	-1.120054e-02	-1.036324e+01
1.706000e-05	3.245900e-02	-1.050155e+01
1.707000e-05	-3.939415e-02	-1.064642e+01
1.708000e-05	4.743561e-02	-1.080479e+01
1.709000e-05	-5.882283e-03	-1.093271e+01
1.710000e-05	2.103867e-02	-1.105153e+01
1.711000e-05	-1.718829e-02	-1.121692e+01
1.712000e-05	1.196299e-02	-1.135471e+01
1.713000e-05	3.185048e-02	-1.150110e+01
1.714000e-05	1.505697e-02	-1.163948e+01
1.715000e-05	1.217658e-02	-1.177730e+01
1.716000e-05	-1.063744e-02	-1.197409e+01
1.717000e-05	2.689815e-02	-1.204747e+01
1.718000e-05	1.442976e-02	-1.214314e+01
1.719000e-05	1.913864e-02	-1.223844e+01
1.720000e-05	-5.593924e-03	-1.233469e+01
1.721000e-05	1.340602e-02	-1.242800e+01
1.722000e-05	2.516314e-02	-1.249419e+01
1.723000e-05	2.566194e-02	-1.254793e+01
1.724000e-05	1.076359e-02	-1.272168e+01
1.725000e-05	6.476594e-03	-1.280692e+01
1.726000e-05	2.101131e-02	-1.285943e+01
1.727000e-05	2.838936e-02	-1.292261e+01
1.728000e-05	1.956297e-02	-1.301524e+01
1.729000e-05	7.197198e-03	-1.304942e+01
1.730000e-05	1.261672e-02	-1.305163e+01
1.731000e-05	2.828657e-02	-1.312421e+01
1.732000e-05	2.889639e-02	-1.317587e+01
1.733000e-05	1.962116e-02	-1.323903e+01
1.734000e-05	1.575459e-02	-1.325948e+01
1.735000e-05	2.574775e-02	-1.327958e+01
1.736000e-05	3.526950e-02	-1.329216e+01
1.737000e-05	2.774322e-02	-1.331522e+01
1.738000e-05	2.034181e-02	-1.333419e+01
1.739000e-05	2.066092e-02	-1.335579e+01
1.740000e-05	3.546461e-02	-1.333776e+01
1.741000e-05	3.808587e-02	-1.331779e+01
1.742000e-05	3.105884e-02	-1.333679e+01
1.743000e-05	2.794401e-02	-1.332519e+01
1.744000e-05	3.669172e-02	-1.330469e+01
1.745000e-05	4.457464e-02	-1.333322e+01
1.746000e-05	3.899669e-02	-1.328364e+01
1.747000e-05	3.264082e-02	-1.328258e+01
1.748000e-05	3.589094e-02	-1.325860e+01
1.749000e-05	4.578597e-02	-1.318795e+01
1.750000e-05	4.859835e-02	-1.318582e+01
1.751000e-05	4.058061e-02	-1.315216e+01
1.752000e-05	3.601617e-02	-1.307058e+01
1.753000e-05	4.159460e-02	-1.303792e+01
1.754000e-05	4.637910e-02	-1.296627e+01
1.755000e-05	4.238064e-02	-1.288063e+01
1.756000e-05	3.365705e-02	-1.286998e+01
1.757000e-05	3.220104e-02	-1.278577e+01
1.758000e-05	3.666628e-02	-1.273226e+01
1.759000e-05	3.645008e-02	-1.260892e+01
1.760000e-05	2.876193e-02	-1.251414e+01
1.761000e-05	2.233754e-02	-1.242898e+01
1.762000e-05	2.424726e-02	-1.233327e+01
1.763000e-05	2.782664e-02	-1.222992e+01
1.764000e-05	2.565671e-02	-1.210269e+01
1.765000e-05	1.811023e-02	-1.206848e+01
1.766000e-05	1.474146e-02	-1.189564e+01
1.767000e-05	1.869574e-02	-1.172575e+01
1.768000e-05	2.042699e-02	-1.163953e+01
1.769000e-05	1.576229e-02	-1.154379e+01
1.770000e-05	9.446300e-03	-1.135377e+01
1.771000e-05	1.133125e-02	-1.117730e+01
1.772000e-05	1.499906e-02	-1.104855e+01
1.773000e-05	1.457427e-02	-1.090368e+01
1.774000e-05	8.432027e-03	-1.083472e+01
1.775000e-05	5.452585e-03	-1.066785e+01
1.776000e-05	8.371968e-03	-1.050258e+01
1.777000e-05	1.060244e-02	-1.036374e+01
1.778000e-05	7.582026e-03	-1.013384e+01
1.779000e-05	3.086247e-03	-1.000639e+01
1.780000e-05	4.163628e-03	-9.857844e+00
1.781000e-05	7.645714e-03	-9.678950e+00
1.782000e-05	8.136490e-03	-9.550660e+00
1.783000e-05	3.979212e-03	-9.281582e+00
1.784000e-05	1.568284e-03	-9.192712e+00
1.785000e-05	2.693934e-03	-8.963686e+00
1.786000e-05	5.563144e-03	-8.804318e+00
1.787000e-05	2.885061e-03	-8.604717e+00
1.788000e-05	3.234902e-04	-8.394643e+00
1.789000e-05	6.117081e-04	-8.244738e+00
1.790000e-05	3.642186e-03	-8.035797e+00
1.791000e-05	4.213531e-03	-7.808347e+00
1.792000e-05	1.862345e-03	-7.564365e+00
1.793000e-05	-2.507488e-03	-7.373135e+00
1.794000e-05	-6.227059e-04	-7.204212e+00
1.795000e-05	1.680135e-03	-6.900508e+00
1.796000e-05	7.930478e-04	-6.698526e+00
1.797000e-05	-1.605821e-03	-6.509103e+00
1.798000e-05	-3.168694e-03	-6.329476e+00
1.799000e-05	9.530673e-04	-6.044392e+00
1.800000e-05	5.287140e-04	-5.786239e+00
1.801000e-05	-8.541997e-04	-5.642661e+00
1.802000e-05	-5.572215e-03	-5.414239e+00
1.803000e-05	-2.888067e-03	-5.110002e+00
1.804000e-05	-1.763863e-03	-4.836313e+00
1.805000e-05	-1.397514e-04	-4.592529e+00
1.806000e-05	-4.400744e-03	-4.383133e+00
1.807000e-05	-2.345387e-03	-4.203606e+00
1.808000e-05	-2.563707e-03	-3.959480e+00
1.809000e-05	-6.366211e-04	-3.686899e+00
1.810000e-05	-5.296027e-03	-3.477819e+00
1.811000e-05	-6.365344e-03	-3.254238e+00
1.812000e-05	-6.951266e-03	-3.024709e+00
1.813000e-05	-4.100846e-03	-2.739450e+00
1.814000e-05	-4.302672e-03	-2.496868e+00
1.815000e-05	-4.162089e-03	-2.295369e+00
1.816000e-05	-4.160332e-03	-2.002605e+00
1.817000e-05	-4.080826e-03	-1.799579e+00
1.818000e-05	-2.907965e-03	-1.548548e+00
1.819000e-05	-5.502969e-03	-1.273759e+00
1.820000e-05	-6.704471e-03	-9.805248e-01
1.821000e-05	-7.774396e-03	-7.799760e-01
1.822000e-05	-5.277538e-03	-4.752667e-01
1.823000e-05	-4.755596e-03	-2.432867e-01
1.824000e-05	-3.237465e-03	-4.313015e-02
1.825000e-05	4.045027e-03	2.204816e-01
1.826000e-05	-1.252737e-03	4.641292e-01
1.827000e-05	2.383886e-03	6.852065e-01
1.828000e-05	-2.337876e-03	9.041358e-01
1.829000e-05	-2.495597e-03	1.198342e+00
1.830000e-05	-5.788502e-03	1.380974e+00
1.831000e-05	2.278608e-04	1.674736e+00
1.832000e-05	2.325486e-02	1.884686e+00
1.833000e-05	7.478694e-02	2.096237e+00
1.834000e-05	-1.181035e-02	2.412545e+00
1.835000e-05	-5.743932e-02	2.736265e+00
1.836000e-05	-2.990272e-02	2.948845e+00
1.837000e-05	-3.275902e-02	3.128849e+00
1.838000e-05	-8.527002e-02	3.316816e+00
1.839000e-05	7.654227e-02	3.528344e+00
1.840000e-05	3.818156e-02	3.777446e+00
1.841000e-05	-1.449727e-01	4.011525e+00
1.842000e-05	1.875559e-01	4.191527e+00
1.843000e-05	-7.572795e-02	4.504744e+00
1.844000e-05	8.030808e-03	4.684793e+00
1.845000e-05	2.267078e-02	4.957974e+00
1.846000e-05	-9.187526e-02	5.275738e+00
1.847000e-05	3.970591e-02	5.495213e+00
1.848000e-05	-9.620118e-03	5.686000e+00
1.849000e-05	1.002982e-03	5.991479e+00
1.850000e-05	4.147025e-03	6.131029e+00
1.851000e-05	-4.225929e-02	6.362132e+00
1.852000e-05	2.893202e-02	6.604157e+00
1.853000e-05	-3.309577e-02	6.826266e+00
1.854000e-05	2.276231e-02	7.036187e+00
1.855000e-05	-3.575291e-02	7.247895e+00
1.856000e-05	-1.440848e-02	7.528393e+00
1.857000e-05	4.523996e-02	7.722373e+00
1.858000e-05	-4.852848e-02	7.902661e+00
1.859000e-05	1.239701e-02	8.163080e+00
1.860000e-05	-3.903546e-02	8.361527e+00
1.861000e-05	4.430934e-03	8.497474e+00
1.862000e-05	3.354209e-03	8.698920e+00
1.863000e-05	-1.186682e-02	8.866903e+00
1.864000e-05	-6.674187e-03	9.066870e+00
1.865000e-05	-2.664321e-02	9.246823e+00
1.866000e-05	1.264799e-02	9.415712e+00
1.867000e-05	-2.124103e-02	9.625691e+00
1.868000e-05	-1.246298e-02	9.745661e+00
1.869000e-05	-2.621857e-02	9.992611e+00
1.870000e-05	-8.460350e-03	1.010205e+01
1.871000e-05	5.112059e-03	1.026937e+01
1.872000e-05	-1.388575e-02	1.042632e+01
1.873000e-05	-1.440125e-02	1.054309e+01
1.874000e-05	-2.554271e-02	1.074311e+01
1.875000e-05	-4.297122e-03	1.088050e+01
1.876000e-05	-1.529035e-02	1.101679e+01
1.877000e-05	-1.624739e-02	1.118319e+01
1.878000e-05	-2.522561e-02	1.127006e+01
1.879000e-05	-1.314358e-02	1.140893e+01
1.880000e-05	-4.627214e-03	1.162572e+01
1.881000e-05	-1.432268e-02	1.173258e+01
1.882000e-05	-2.161264e-02	1.184882e+01
1.883000e-05	-2.594965e-02	1.197259e+01
1.884000e-05	-1.274633e-02	1.204950e+01
1.885000e-05	-1.621630e-02	1.215566e+01
1.886000e-05	-2.098139e-02	1.221848e+01
1.887000e-05	-2.740262e-02	1.240521e+01
1.888000e-05	-2.004469e-02	1.249100e+01
1.889000e-05	-1.367874e-02	1.256216e+01
1.890000e-05	-1.781387e-02	1.261637e+01
1.891000e-05	-2.574408e-02	1.273251e+01
1.892000e-05	-2.837046e-02	1.281526e+01
1.893000e-05	-2.068735e-02	1.284803e+01
1.894000e-05	-2.093521e-02	1.288309e+01
1.895000e-05	-2.657487e-02	1.292719e+01
1.896000e-05	-3.314575e-02	1.301984e+01
1.897000e-05	-2.903150e-02	1.305104e+01
1.898000e-05	-2.489149e-02	1.311314e+01
1.899000e-05	-2.547112e-02	1.318424e+01
1.900000e-05	-3.389085e-02	1.321892e+01
1.901000e-05	-3.390004e-02	1.326800e+01
1.902000e-05	-2.914936e-02	1.327856e+01
1.903000e-05	-2.824319e-02	1.327048e+01
1.904000e-05	-3.467966e-02	1.327153e+01
1.905000e-05	-4.104428e-02	1.331161e+01
1.906000e-05	-3.950569e-02	1.328159e+01
1.907000e-05	-3.620211e-02	1.330110e+01
1.908000e-05	-3.704099e-02	1.331156e+01
1.909000e-05	-4.233591e-02	1.328055e+01
1.910000e-05	-4.521868e-02	1.329054e+01
1.911000e-05	-4.254289e-02	1.327903e+01
1.912000e-05	-4.245339e-02	1.330097e+01
1.913000e-05	-4.719651e-02	1.326997e+01
1.914000e-05	-5.271225e-02	1.322692e+01
1.915000e-05	-5.180524e-02	1.319579e+01
1.916000e-05	-4.707465e-02	1.313411e+01
1.917000e-05	-4.707151e-02	1.310095e+01
1.918000e-05	-5.047789e-02	1.295784e+01
1.919000e-05	-5.282711e-02	1.296526e+01
1.920000e-05	-4.775728e-02	1.290363e+01
1.921000e-05	-4.441276e-02	1.285897e+01
1.922000e-05	-4.403108e-02	1.276719e+01
1.923000e-05	-4.640236e-02	1.269206e+01
1.924000e-05	-4.385125e-02	1.263735e+01
1.925000e-05	-3.855053e-02	1.251464e+01
1.926000e-05	-3.518338e-02	1.246895e+01
1.927000e-05	-3.594192e-02	1.239524e+01
1.928000e-05	-3.570695e-02	1.229101e+01
1.929000e-05	-3.188322e-02	1.220727e+01
1.930000e-05	-2.706815e-02	1.204947e+01
1.931000e-05	-2.756617e-02	1.198577e+01
1.932000e-05	-2.931834e-02	1.186997e+01
1.933000e-05	-2.766501e-02	1.174311e+01
1.934000e-05	-2.371257e-02	1.164737e+01
1.935000e-05	-2.068953e-02	1.142157e+01
1.936000e-05	-2.303526e-02	1.128158e+01
1.937000e-05	-2.252324e-02	1.116414e+01
1.938000e-05	-2.148495e-02	1.102885e+01
1.939000e-05	-1.677199e-02	1.089953e+01
1.940000e-05	-1.808079e-02	1.080526e+01
1.941000e-05	-1.963812e-02	1.059929e+01
1.942000e-05	-1.891139e-02	1.042790e+01
1.943000e-05	-1.547050e-02	1.031105e+01
1.944000e-05	-1.463903e-02	1.015261e+01
1.945000e-05	-1.602580e-02	1.003524e+01
1.946000e-05	-1.738508e-02	9.776242e+00
1.947000e-05	-1.558073e-02	9.657847e+00
1.948000e-05	-1.164068e-02	9.446822e+00
1.949000e-05	-1.223580e-02	9.298974e+00
1.950000e-05	-1.366602e-02	9.181551e+00
1.951000e-05	-1.461882e-02	8.910532e+00
1.952000e-05	-1.182363e-02	8.731127e+00
1.953000e-05	-1.110812e-02	8.540610e+00
1.954000e-05	-1.149727e-02	8.412607e+00
1.955000e-05	-1.369130e-02	8.194531e+00
1.956000e-05	-1.145361e-02	7.972585e+00
1.957000e-05	-9.743436e-03	7.764207e+00
1.958000e-05	-8.801346e-03	7.581059e+00
1.959000e-05	-1.062065e-02	7.328025e+00
1.960000e-05	-1.097985e-02	7.158951e+00
1.961000e-05	-9.897551e-03	6.888825e+00
1.962000e-05	-8.770217e-03	6.748347e+00
1.963000e-05	-8.949740e-03	6.467747e+00
1.964000e-05	-1.008865e-02	6.247817e+00
1.965000e-05	-1.016804e-02	6.054762e+00
1.966000e-05	-7.950392e-03	5.815290e+00
1.967000e-05	-7.619625e-03	5.603061e+00
1.968000e-05	-8.599678e-03	5.391554e+00
1.969000e-05	-9.016833e-03	5.088423e+00
1.970000e-05	-7.198558e-03	4.824207e+00
1.971000e-05	-6.995895e-03	4.584054e+00
1.972000e-05	-6.225233e-03	4.391077e+00
1.973000e-05	-8.195271e-03	4.138500e+00
1.974000e-05	-8.458477e-03	3.886289e+00
1.975000e-05	-6.858747e-03	3.685664e+00
1.976000e-05	-6.360118e-03	3.453258e+00
1.977000e-05	-7.260323e-03	3.159998e+00
1.978000e-05	-6.774307e-03	2.978397e+00
1.979000e-05	-6.472070e-03	2.756843e+00
1.980000e-05	-5.034742e-03	2.434638e+00
1.981000e-05	-5.836459e-03	2.199576e+00
1.982000e-05	-6.881938e-03	1.999975e+00
1.983000e-05	-6.427009e-03	1.737471e+00
1.984000e-05	-6.125786e-03	1.474658e+00
1.985000e-05	-5.025483e-03	1.271625e+00
1.986000e-05	-5.190203e-03	9.368905e-01
1.987000e-05	-5.679443e-03	6.957579e-01
1.988000e-05	-5.066113e-03	4.726040e-01
1.989000e-05	-2.841258e-03	2.205024e-01
1.990000e-05	-3.440379e-03	-1.215789e-02
1.991000e-05	5.573182e-03	-2.947318e-01
1.992000e-05	-2.828700e-04	-4.841592e-01
1.993000e-05	-2.095382e-04	-7.703985e-01
1.994000e-05	-3.100995e-03	-9.773738e-01
1.995000e-05	-5.918591e-04	-1.183626e+00
1.996000e-05	-1.733498e-03	-1.464209e+00
1.997000e-05	6.311733e-03	-1.684291e+00
1.998000e-05	6.565556e-02	-1.866166e+00
1.999000e-05	6.095894e-02	-2.138496e+00
2.000000e-05	-7.533608e-02	-2.549423e+00
2.001000e-05	-6.490435e-03	-2.832686e+00
2.002000e-05	-6.291440e-02	-3.075817e+00
2.003000e-05	-7.552938e-02	-3.243587e+00
2.004000e-05	1.205397e-01	-3.329449e+00
2.005000e-05	4.937674e-03	-3.538975e+00
2.006000e-05	-1.171954e-01	-3.886816e+00
2.007000e-05	2.034649e-01	-4.012210e+00
2.008000e-05	-1.644169e-01	-4.306343e+00
2.009000e-05	1.151701e-01	-4.572129e+00
2.010000e-05	1.650919e-02	-4.769474e+00
2.011000e-05	-1.653072e-01	-5.045238e+00
2.012000e-05	1.160050e-01	-5.215688e+00
2.013000e-05	-6.125359e-02	-5.507823e+00
2.014000e-05	6.777381e-02	-5.782614e+00
2.015000e-05	3.151754e-02	-5.908526e+00
2.016000e-05	-1.137711e-01	-6.245714e+00
2.017000e-05	1.319255e-01	-6.444742e+00
2.018000e-05	-9.110044e-02	-6.628291e+00
2.019000e-05	8.373371e-02	-6.869421e+00
2.020000e-05	-5.888638e-02	-7.067422e+00
2.021000e-05	-2.479176e-02	-7.353560e+00
2.022000e-05	1.214007e-01	-7.540901e+00
2.023000e-05	-1.001990e-01	-7.814715e+00
2.024000e-05	1.028784e-01	-8.033790e+00
2.025000e-05	-1.083507e-01	-8.185163e+00
2.026000e-05	5.354927e-02	-8.382164e+00
2.027000e-05	2.691649e-02	-8.574141e+00
2.028000e-05	-1.228368e-02	-8.815713e+00
2.029000e-05	4.564270e-02	-8.972710e+00
2.030000e-05	-7.501158e-02	-9.121501e+00
2.031000e-05	9.314039e-02	-9.270133e+00
2.032000e-05	-4.306531e-02	-9.521480e+00
2.033000e-05	3.890552e-02	-9.700477e+00
2.034000e-05	-4.228809e-02	-9.816321e+00
2.035000e-05	1.355974e-02	-1.001534e+01
2.036000e-05	4.673737e-02	-1.013424e+01
2.037000e-05	-6.619347e-03	-1.040422e+01
2.038000e-05	2.840629e-02	-1.049901e+01
2.039000e-05	-3.785853e-02	-1.068887e+01
2.040000e-05	4.892054e-02	-1.080574e+01
2.041000e-05	-6.784044e-03	-1.094571e+01
2.042000e-05	2.357804e-02	-1.107906e+01
2.043000e-05	-1.976656e-02	-1.124937e+01
2.044000e-05	1.588643e-02	-1.136519e+01
2.045000e-05	2.845770e-02	-1.149154e+01
2.046000e-05	1.722870e-02	-1.166053e+01
2.047000e-05	8.131370e-03	-1.173782e+01
2.048000e-05	-8.734331e-03	-1.191524e+01
2.049000e-05	2.658238e-02	-1.205840e+01
2.050000e-05	1.642060e-02	-1.211309e+01
2.051000e-05	1.731707e-02	-1.223842e+01
2.052000e-05	-5.085998e-03	-1.234514e+01
2.053000e-05	1.418943e-02	-1.245955e+01
2.054000e-05	2.555459e-02	-1.249419e+01
2.055000e-05	2.522433e-02	-1.256888e+01
2.056000e-05	9.801020e-03	-1.268203e+01
2.057000e-05	6.176614e-03	-1.281739e+01
2.058000e-05	2.043985e-02	-1.286948e+01
2.059000e-05	2.941326e-02	-1.292261e+01
2.060000e-05	1.843986e-02	-1.296522e+01
2.061000e-05	7.099605e-03	-1.305045e+01
2.062000e-05	1.392754e-02	-1.311253e+01
2.063000e-05	2.948000e-02	-1.313519e+01
2.064000e-05	2.983537e-02	-1.316542e+01
2.065000e-05	1.913856e-02	-1.319803e+01
2.066000e-05	1.511345e-02	-1.325098e+01
2.067000e-05	2.611944e-02	-1.328356e+01
2.068000e-05	3.614112e-02	-1.331366e+01
2.069000e-05	2.713679e-02	-1.332524e+01
2.070000e-05	2.043294e-02	-1.332522e+01
2.071000e-05	2.133604e-02	-1.335672e+01
2.072000e-05	3.569562e-02	-1.334675e+01
2.073000e-05	3.853305e-02	-1.333537e+01
2.074000e-05	3.142121e-02	-1.331435e+01
2.075000e-05	2.721204e-02	-1.330524e+01
2.076000e-05	3.514338e-02	-1.333566e+01
2.077000e-05	4.450288e-02	-1.330419e+01
2.078000e-05	4.029596e-02	-1.327121e+01
2.079000e-05	3.395640e-02	-1.325866e+01
2.080000e-05	3.519404e-02	-1.327905e+01
2.081000e-05	4.557024e-02	-1.321645e+01
2.082000e-05	4.889244e-02	-1.316527e+01
2.083000e-05	4.203615e-02	-1.310414e+01
2.084000e-05	3.593263e-02	-1.307056e+01
2.085000e-05	3.961177e-02	-1.298742e+01
2.086000e-05	4.648757e-02	-1.296629e+01
2.087000e-05	4.273160e-02	-1.291256e+01
2.088000e-05	3.465610e-02	-1.285903e+01
2.089000e-05	3.181530e-02	-1.282584e+01
2.090000e-05	3.589324e-02	-1.271458e+01
2.091000e-05	3.685581e-02	-1.260747e+01
2.092000e-05	3.003534e-02	-1.252414e+01
2.093000e-05	2.249856e-02	-1.241997e+01
2.094000e-05	2.314599e-02	-1.232464e+01
2.095000e-05	2.745433e-02	-1.222942e+01
2.096000e-05	2.558313e-02	-1.210216e+01
2.097000e-05	1.872233e-02	-1.204795e+01
2.098000e-05	1.436307e-02	-1.193201e+01
2.099000e-05	1.859277e-02	-1.174477e+01
2.100000e-05	1.983144e-02	-1.165705e+01
2.101000e-05	1.646957e-02	-1.152166e+01
2.102000e-05	9.803284e-03	-1.140477e+01
2.103000e-05	1.072175e-02	-1.113582e+01
2.104000e-05	1.413258e-02	-1.103893e+01
2.105000e-05	1.424386e-02	-1.092158e+01
2.106000e-05	8.244862e-03	-1.079516e+01
2.107000e-05	5.311276e-03	-1.062889e+01
2.108000e-05	7.963490e-03	-1.047950e+01
2.109000e-05	1.103838e-02	-1.035414e+01
2.110000e-05	8.224983e-03	-1.011477e+01
2.111000e-05	3.703396e-03	-1.000526e+01
2.112000e-05	3.969647e-03	-9.836294e+00
2.113000e-05	7.585992e-03	-9.698477e+00
2.114000e-05	7.598278e-03	-9.541733e+00
2.115000e-05	4.038243e-03	-9.283032e+00
2.116000e-05	6.166109e-04	-9.163114e+00
2.117000e-05	2.809311e-03	-8.983188e+00
2.118000e-05	5.103183e-03	-8.794837e+00
2.119000e-05	3.581873e-03	-8.545839e+00
2.120000e-05	8.451889e-04	-8.395217e+00
2.121000e-05	5.549738e-04	-8.195217e+00
2.122000e-05	2.603733e-03	-8.027294e+00
2.123000e-05	3.856062e-03	-7.765669e+00
2.124000e-05	1.278906e-03	-7.575237e+00
2.125000e-05	-1.847351e-03	-7.334505e+00
2.126000e-05	-7.772387e-04	-7.163135e+00
2.127000e-05	1.859760e-03	-6.891056e+00
2.128000e-05	3.644584e-04	-6.739877e+00
2.129000e-05	-9.462839e-04	-6.508478e+00
2.130000e-05	-3.500516e-03	-6.298925e+00
2.131000e-05	1.659703e-04	-6.045818e+00
2.132000e-05	-6.993346e-04	-5.815264e+00
2.133000e-05	-1.390576e-04	-5.634760e+00
2.134000e-05	-5.080906e-03	-5.342156e+00
2.135000e-05	-2.231234e-03	-5.127978e+00
2.136000e-05	-4.021372e-03	-4.824345e+00
2.137000e-05	2.176313e-04	-4.591581e+00
2.138000e-05	-4.693110e-03	-4.412556e+00
2.139000e-05	-3.165545e-03	-4.161033e+00
2.140000e-05	-3.595008e-03	-3.979530e+00
2.141000e-05	-2.208777e-03	-3.687497e+00
2.142000e-05	-3.369501e-03	-3.476870e+00
2.143000e-05	-4.996815e-03	-3.243713e+00
2.144000e-05	-5.050616e-03	-3.011056e+00
2.145000e-05	-4.422257e-03	-2.748427e+00
2.146000e-05	-3.813485e-03	-2.516297e+00
2.147000e-05	-4.384554e-03	-2.295894e+00
2.148000e-05	-3.720028e-03	-1.990080e+00
2.149000e-05	-4.387845e-03	-1.768950e+00
2.150000e-05	-5.190579e-03	-1.550975e+00
2.151000e-05	-6.882955e-03	-1.253157e+00
2.152000e-05	-5.481994e-03	-9.589524e-01
2.153000e-05	-6.483058e-03	-7.889486e-01
2.154000e-05	-4.401085e-03	-4.937379e-01
2.155000e-05	-5.307591e-03	-2.241302e-01
2.156000e-05	-3.061363e-03	-2.210495e-02
2.157000e-05	5.509176e-03	2.215541e-01
2.158000e-05	-3.044455e-03	4.941803e-01
2.159000e-05	1.658414e-03	6.846370e-01
2.160000e-05	-5.424601e-03	8.848095e-01
2.161000e-05	-1.919696e-03	1.169445e+00
2.162000e-05	-4.262558e-03	1.409498e+00
2.163000e-05	2.035283e-03	1.665308e+00
2.164000e-05	2.448314e-02	1.866286e+00
2.165000e-05	7.679449e-02	2.126745e+00
2.166000e-05	-2.094607e-02	2.381500e+00
2.167000e-05	-5.269921e-02	2.727365e+00
2.168000e-05	-3.447114e-02	2.937921e+00
2.169000e-05	-3.357169e-02	3.147922e+00
2.170000e-05	-8.689912e-02	3.319296e+00
2.171000e-05	9.006608e-02	3.537397e+00
2.172000e-05	1.859692e-02	3.752001e+00
2.173000e-05	-1.265453e-01	3.990026e+00
2.174000e-05	1.869439e-01	4.236183e+00
2.175000e-05	-8.569637e-02	4.507842e+00
2.176000e-05	1.775475e-02	4.687341e+00
2.177000e-05	1.279064e-02	4.971525e+00
2.178000e-05	-8.811834e-02	5.256790e+00
2.179000e-05	4.230531e-02	5.475741e+00
2.180000e-05	-1.436138e-02	5.707001e+00
2.181000e-05	5.973595e-03	5.940629e+00
2.182000e-05	-2.613599e-04	6.183055e+00
2.183000e-05	-3.966356e-02	6.422082e+00
2.184000e-05	2.891334e-02	6.596737e+00
2.185000e-05	-3.500707e-02	6.864790e+00
2.186000e-05	2.617644e-02	7.036787e+00
2.187000e-05	-4.363341e-02	7.277445e+00
2.188000e-05	-5.675314e-03	7.478871e+00
2.189000e-05	3.816987e-02	7.751976e+00
2.190000e-05	-4.641053e-02	7.952079e+00
2.191000e-05	1.184234e-02	8.182058e+00
2.192000e-05	-4.066683e-02	8.371528e+00
2.193000e-05	8.023176e-03	8.531025e+00
2.194000e-05	2.071376e-03	8.708474e+00
2.195000e-05	-9.205972e-03	8.888976e+00
2.196000e-05	-9.027187e-03	9.109397e+00
2.197000e-05	-2.562758e-02	9.268421e+00
2.198000e-05	1.040282e-02	9.427266e+00
2.199000e-05	-2.244669e-02	9.586291e+00
2.200000e-05	-1.315953e-02	9.776214e+00
2.201000e-05	-2.592591e-02	9.973180e+00
2.202000e-05	-6.142059e-03	1.009103e+01
2.203000e-05	5.361779e-03	1.025937e+01
2.204000e-05	-1.400146e-02	1.048790e+01
2.205000e-05	-1.421042e-02	1.057521e+01
2.206000e-05	-2.407578e-02	1.077412e+01
2.207000e-05	-4.301642e-03	1.088160e+01
2.208000e-05	-1.630907e-02	1.100632e+01
2.209000e-05	-1.865781e-02	1.117421e+01
2.210000e-05	-2.442810e-02	1.128213e+01
2.211000e-05	-1.089845e-02	1.144797e+01
2.212000e-05	-4.232130e-03	1.158674e+01
2.213000e-05	-1.437372e-02	1.176411e+01
2.214000e-05	-2.222878e-02	1.183843e+01
2.215000e-05	-2.578395e-02	1.194563e+01
2.216000e-05	-1.326799e-02	1.206850e+01
2.217000e-05	-1.816415e-02	1.214371e+01
2.218000e-05	-2.253707e-02	1.227200e+01
2.219000e-05	-2.711539e-02	1.240622e+01
2.220000e-05	-1.826687e-02	1.247000e+01
2.221000e-05	-1.267626e-02	1.255371e+01
2.222000e-05	-1.915828e-02	1.259734e+01
2.223000e-05	-2.620305e-02	1.271163e+01
2.224000e-05	-2.787833e-02	1.278626e+01
2.225000e-05	-2.083840e-02	1.282950e+01
2.226000e-05	-2.219370e-02	1.286919e+01
2.227000e-05	-2.785899e-02	1.294469e+01
2.228000e-05	-3.301604e-02	1.301780e+01
2.229000e-05	-2.820547e-02	1.305203e+01
2.230000e-05	-2.431037e-02	1.312558e+01
2.231000e-05	-2.689737e-02	1.320669e+01
2.232000e-05	-3.308029e-02	1.323692e+01
2.233000e-05	-3.313368e-02	1.327845e+01
2.234000e-05	-2.841996e-02	1.325895e+01
2.235000e-05	-2.966492e-02	1.326850e+01
2.236000e-05	-3.544343e-02	1.328050e+01
2.237000e-05	-4.142503e-02	1.332108e+01
2.238000e-05	-3.940543e-02	1.332209e+01
2.239000e-05	-3.669033e-02	1.330261e+01
2.240000e-05	-3.805196e-02	1.330361e+01
2.241000e-05	-4.252917e-02	1.331103e+01
2.242000e-05	-4.461653e-02	1.325148e+01
2.243000e-05	-4.193568e-02	1.328005e+01
2.244000e-05	-4.374491e-02	1.326943e+01
2.245000e-05	-4.853621e-02	1.323947e+01
2.246000e-05	-5.325791e-02	1.322732e+01
2.247000e-05	-5.103268e-02	1.317516e+01
2.248000e-05	-4.877356e-02	1.311156e+01
2.249000e-05	-4.570652e-02	1.311095e+01
2.250000e-05	-5.276980e-02	1.299735e+01
2.251000e-05	-5.015877e-02	1.295518e+01
2.252000e-05	-4.642833e-02	1.287056e+01
2.253000e-05	-4.407981e-02	1.286793e+01
2.254000e-05	-4.341025e-02	1.279619e+01
2.255000e-05	-4.810425e-02	1.268103e+01
2.256000e-05	-4.442024e-02	1.262877e+01
2.257000e-05	-3.872995e-02	1.252421e+01
2.258000e-05	-3.536289e-02	1.246850e+01
2.259000e-05	-3.581772e-02	1.242722e+01
2.260000e-05	-3.497038e-02	1.229000e+01
2.261000e-05	-2.931522e-02	1.213674e+01
2.262000e-05	-2.695223e-02	1.204953e+01
2.263000e-05	-2.880202e-02	1.197374e+01
2.264000e-05	-3.073267e-02	1.187845e+01
2.265000e-05	-2.853196e-02	1.171213e+01
2.266000e-05	-2.433024e-02	1.162737e+01
2.267000e-05	-2.082567e-02	1.139200e+01
2.268000e-05	-2.196672e-02	1.129261e+01
2.269000e-05	-2.143061e-02	1.119422e+01
2.270000e-05	-2.092947e-02	1.105734e+01
2.271000e-05	-1.725891e-02	1.088095e+01
2.272000e-05	-1.906119e-02	1.080478e+01
2.273000e-05	-2.013909e-02	1.057690e+01
2.274000e-05	-1.946997e-02	1.045840e+01
2.275000e-05	-1.668937e-02	1.029150e+01
2.276000e-05	-1.470645e-02	1.014308e+01
2.277000e-05	-1.534172e-02	9.995661e+00
2.278000e-05	-1.676677e-02	9.776318e+00
2.279000e-05	-1.458017e-02	9.626368e+00
2.280000e-05	-1.245045e-02	9.436317e+00
2.281000e-05	-1.160326e-02	9.249427e+00
2.282000e-05	-1.341502e-02	9.161052e+00
2.283000e-05	-1.347352e-02	8.911001e+00
2.284000e-05	-1.198799e-02	8.751953e+00
2.285000e-05	-1.029383e-02	8.541505e+00
2.286000e-05	-1.253265e-02	8.373059e+00
2.287000e-05	-1.272456e-02	8.185113e+00
2.288000e-05	-1.152118e-02	7.970677e+00
2.289000e-05	-1.112791e-02	7.762055e+00
2.290000e-05	-8.163311e-03	7.552981e+00
2.291000e-05	-1.221989e-02	7.319448e+00
2.292000e-05	-7.668208e-03	7.098421e+00
2.293000e-05	-9.392957e-03	6.897917e+00
2.294000e-05	-7.792953e-03	6.667920e+00
2.295000e-05	-9.302324e-03	6.443710e+00
2.296000e-05	-1.209619e-02	6.244191e+00
2.297000e-05	-9.329901e-03	6.044190e+00
2.298000e-05	-9.863591e-03	5.825235e+00
2.299000e-05	-7.593670e-03	5.603059e+00
2.300000e-05	-7.864204e-03	5.370031e+00
2.301000e-05	-6.975815e-03	5.096898e+00
2.302000e-05	-5.594320e-03	4.802658e+00
2.303000e-05	-7.451853e-03	4.561079e+00
2.304000e-05	-7.687061e-03	4.360480e+00
2.305000e-05	-9.670165e-03	4.059418e+00
2.306000e-05	-9.231625e-03	3.885714e+00
2.307000e-05	-7.930948e-03	3.644238e+00
2.308000e-05	-6.015519e-03	3.422662e+00
2.309000e-05	-5.211628e-03	3.130499e+00
2.310000e-05	-5.202393e-03	2.937898e+00
2.311000e-05	-5.159969e-03	2.747367e+00
2.312000e-05	-6.007628e-03	2.472730e+00
2.313000e-05	-6.860503e-03	2.168525e+00
2.314000e-05	-7.151814e-03	1.960975e+00
2.315000e-05	-7.075764e-03	1.735342e+00
2.316000e-05	-5.943805e-03	1.434106e+00
2.317000e-05	-4.994472e-03	1.222131e+00
2.318000e-05	-5.109938e-03	8.762645e-01
2.319000e-05	-4.713904e-03	6.351603e-01
2.320000e-05	-4.914804e-03	4.626025e-01
2.321000e-05	-3.993956e-03	1.978985e-01
2.322000e-05	-3.789425e-03	-4.473302e-02
2.323000e-05	5.674963e-03	-2.942645e-01
2.324000e-05	-1.183088e-03	-5.153144e-01
2.325000e-05	2.552732e-04	-7.998987e-01
2.326000e-05	-2.695386e-03	-9.795251e-01
2.327000e-05	-1.642182e-04	-1.202052e+00
2.328000e-05	-2.958876e-03	-1.476187e+00
2.329000e-05	8.952449e-03	-1.676290e+00
2.330000e-05	7.063403e-02	-1.865264e+00
2.331000e-05	5.196226e-02	-2.200398e+00
2.332000e-05	-7.401169e-02	-2.589495e+00
2.333000e-05	-8.297510e-03	-2.834158e+00
2.334000e-05	-6.346595e-02	-3.085817e+00
2.335000e-05	-7.463680e-02	-3.264185e+00
2.336000e-05	1.350360e-01	-3.369526e+00
2.337000e-05	-2.353781e-02	-3.560049e+00
2.338000e-05	-9.221708e-02	-3.875670e+00
2.339000e-05	1.923107e-01	-4.043737e+00
2.340000e-05	-1.692014e-01	-4.317371e+00
2.341000e-05	1.298807e-01	-4.540055e+00
2.342000e-05	-4.466085e-03	-4.771598e+00
2.343000e-05	-1.536397e-01	-5.077242e+00
2.344000e-05	1.209326e-01	-5.233816e+00
2.345000e-05	-7.044805e-02	-5.550529e+00
2.346000e-05	8.362749e-02	-5.793632e+00
2.347000e-05	1.070432e-02	-5.942474e+00
2.348000e-05	-9.762137e-02	-6.235814e+00
2.349000e-05	1.277909e-01	-6.465341e+00
2.350000e-05	-9.477923e-02	-6.667247e+00
2.351000e-05	9.184166e-02	-6.867975e+00
2.352000e-05	-7.664468e-02	-7.108971e+00
2.353000e-05	-3.385085e-03	-7.372113e+00
2.354000e-05	1.062570e-01	-7.579126e+00
2.355000e-05	-9.382187e-02	-7.784741e+00
2.356000e-05	1.015229e-01	-8.025189e+00
2.357000e-05	-1.135665e-01	-8.174664e+00
2.358000e-05	6.871589e-02	-8.372788e+00
2.359000e-05	1.408430e-02	-8.564162e+00
2.360000e-05	-2.692518e-03	-8.847242e+00
2.361000e-05	3.294763e-02	-8.954685e+00
2.362000e-05	-6.672254e-02	-9.153575e+00
2.363000e-05	9.209494e-02	-9.302610e+00
2.364000e-05	-4.596585e-02	-9.533081e+00
2.365000e-05	4.291253e-02	-9.691454e+00
2.366000e-05	-4.711138e-02	-9.847845e+00
2.367000e-05	2.455662e-02	-1.005885e+01
2.368000e-05	3.990275e-02	-1.017774e+01
2.369000e-05	-2.935165e-03	-1.039474e+01
2.370000e-05	2.174998e-02	-1.050156e+01
2.371000e-05	-3.459453e-02	-1.066795e+01
2.372000e-05	4.776467e-02	-1.081630e+01
2.373000e-05	-8.934883e-03	-1.093367e+01
2.374000e-05	2.476861e-02	-1.108103e+01
2.375000e-05	-1.918006e-02	-1.122845e+01
2.376000e-05	2.183367e-02	-1.140577e+01
2.377000e-05	2.712888e-02	-1.151367e+01
2.378000e-05	1.676621e-02	-1.165051e+01
2.379000e-05	3.216018e-03	-1.177827e+01
2.380000e-05	-7.166188e-03	-1.194418e+01
2.381000e-05	2.591087e-02	-1.204995e+01
2.382000e-05	1.561637e-02	-1.214474e+01
2.383000e-05	1.624189e-02	-1.224993e+01
2.384000e-05	-3.368008e-03	-1.236516e+01
2.385000e-05	1.743862e-02	-1.245805e+01
2.386000e-05	2.647825e-02	-1.250417e+01
2.387000e-05	2.301002e-02	-1.259687e+01
2.388000e-05	7.499004e-03	-1.270268e+01
2.389000e-05	7.429627e-03	-1.283740e+01
2.390000e-05	2.252188e-02	-1.286746e+01
2.391000e-05	2.805577e-02	-1.294364e+01
2.392000e-05	1.601698e-02	-1.297422e+01
2.393000e-05	7.707589e-03	-1.305895e+01
2.394000e-05	1.627444e-02	-1.309058e+01
2.395000e-05	2.988364e-02	-1.314671e+01
2.396000e-05	2.800360e-02	-1.319537e+01
2.397000e-05	1.767571e-02	-1.324893e+01
2.398000e-05	1.540798e-02	-1.326003e+01
2.399000e-05	2.644153e-02	-1.329164e+01
2.400000e-05	3.381719e-02	-1.330411e+01
2.401000e-05	2.516065e-02	-1.330369e+01
2.402000e-05	2.001083e-02	-1.332369e+01
2.403000e-05	2.339767e-02	-1.333627e+01
2.404000e-05	3.806808e-02	-1.336722e+01
2.405000e-05	3.892542e-02	-1.333537e+01
2.406000e-05	3.109934e-02	-1.334777e+01
2.407000e-05	2.690768e-02	-1.334367e+01
2.408000e-05	3.614776e-02	-1.330419e+01
2.409000e-05	4.294096e-02	-1.332316e+01
2.410000e-05	3.847452e-02	-1.328213e+01
2.411000e-05	3.385222e-02	-1.328108e+01
2.412000e-05	3.721073e-02	-1.323003e+01
2.413000e-05	4.819412e-02	-1.317745e+01
2.414000e-05	4.818913e-02	-1.315437e+01
2.415000e-05	4.100458e-02	-1.312414e+01
2.416000e-05	3.542832e-02	-1.307201e+01
2.417000e-05	4.118289e-02	-1.299892e+01
2.418000e-05	4.554074e-02	-1.297526e+01
2.419000e-05	4.230055e-02	-1.290058e+01
2.420000e-05	3.366493e-02	-1.282750e+01
2.421000e-05	3.066837e-02	-1.281580e+01
2.422000e-05	3.574037e-02	-1.273166e+01
2.423000e-05	3.723879e-02	-1.258947e+01
2.424000e-05	3.018116e-02	-1.252361e+01
2.425000e-05	2.242045e-02	-1.239845e+01
2.426000e-05	2.178285e-02	-1.232324e+01
2.427000e-05	2.880588e-02	-1.221892e+01
2.428000e-05	2.365226e-02	-1.212259e+01
2.429000e-05	1.983698e-02	-1.202842e+01
2.430000e-05	1.409504e-02	-1.194266e+01
2.431000e-05	1.821148e-02	-1.175469e+01
2.432000e-05	2.187165e-02	-1.164810e+01
2.433000e-05	1.387674e-02	-1.154268e+01
2.434000e-05	1.039214e-02	-1.136474e+01
2.435000e-05	9.173667e-03	-1.115687e+01
2.436000e-05	1.597979e-02	-1.102796e+01
2.437000e-05	1.462548e-02	-1.089158e+01
2.438000e-05	9.669011e-03	-1.079519e+01
2.439000e-05	6.230317e-03	-1.066692e+01
2.440000e-05	8.108450e-03	-1.050203e+01
2.441000e-05	1.040595e-02	-1.037322e+01
2.442000e-05	6.270961e-03	-1.009219e+01
2.443000e-05	2.552585e-03	-1.000534e+01
2.444000e-05	3.615499e-03	-9.796843e+00
2.445000e-05	7.768717e-03	-9.669925e+00
2.446000e-05	9.412305e-03	-9.509579e+00
2.447000e-05	5.358956e-03	-9.290556e+00
2.448000e-05	1.587956e-03	-9.172131e+00
2.449000e-05	2.630427e-03	-8.962591e+00
2.450000e-05	3.932004e-03	-8.824869e+00
2.451000e-05	3.049633e-03	-8.583665e+00
2.452000e-05	-1.025396e-03	-8.385163e+00
2.453000e-05	-9.510552e-05	-8.233711e+00
2.454000e-05	3.336731e-03	-8.015337e+00
2.455000e-05	5.406798e-03	-7.755243e+00
2.456000e-05	1.850918e-03	-7.562111e+00
2.457000e-05	-1.658023e-03	-7.352605e+00
2.458000e-05	-7.325342e-04	-7.143060e+00
2.459000e-05	1.461017e-03	-6.889599e+00
2.460000e-05	-5.384491e-04	-6.687876e+00
2.461000e-05	-3.045361e-03	-6.478773e+00
2.462000e-05	-3.380408e-03	-6.276468e+00
2.463000e-05	3.024253e-04	-6.036342e+00
2.464000e-05	8.183542e-04	-5.805309e+00
2.465000e-05	2.038470e-04	-5.623708e+00
2.466000e-05	-5.162264e-03	-5.381584e+00
2.467000e-05	-1.995034e-03	-5.097473e+00
2.468000e-05	-2.029836e-03	-4.805818e+00
2.469000e-05	-9.375111e-04	-4.592500e+00
2.470000e-05	-5.261429e-03	-4.391531e+00
2.471000e-05	-3.580906e-03	-4.159653e+00
2.472000e-05	-2.988863e-03	-3.941974e+00
2.473000e-05	-1.857198e-03	-3.696893e+00
2.474000e-05	-3.524158e-03	-3.465213e+00
2.475000e-05	-5.496363e-03	-3.244683e+00
2.476000e-05	-5.476787e-03	-2.961607e+00
2.477000e-05	-3.713253e-03	-2.717450e+00
2.478000e-05	-3.006058e-03	-2.486843e+00
2.479000e-05	-5.205183e-03	-2.223367e+00
2.480000e-05	-5.179066e-03	-1.971026e+00
2.481000e-05	-4.967001e-03	-1.738975e+00
2.482000e-05	-3.674308e-03	-1.508923e+00
2.483000e-05	-6.363295e-03	-1.202184e+00
2.484000e-05	-6.159004e-03	-9.395021e-01
2.485000e-05	-6.705645e-03	-7.279234e-01
2.486000e-05	-3.236681e-03	-4.856580e-01
2.487000e-05	-3.180034e-03	-2.631567e-01
2.488000e-05	-3.145225e-03	4.050269e-02
2.489000e-05	4.109115e-03	2.605556e-01
2.490000e-05	-4.036005e-03	4.826567e-01
2.491000e-05	1.806736e-03	7.353845e-01
2.492000e-05	-4.663678e-03	9.061897e-01
2.493000e-05	-1.968199e-03	1.170421e+00
2.494000e-05	-4.929417e-03	1.393104e+00
2.495000e-05	3.748980e-03	1.676261e+00
2.496000e-05	2.790964e-02	1.944813e+00
2.497000e-05	7.832712e-02	2.137868e+00
2.498000e-05	-3.094515e-02	2.402604e+00
2.499000e-05	-4.910561e-02	2.718793e+00
2.500000e-05	-3.570073e-02	2.958423e+00
2.501000e-05	-3.379201e-02	3.148950e+00
2.502000e-05	-8.639584e-02	3.339948e+00
2.503000e-05	1.020193e-01	3.550025e+00
2.504000e-05	-2.371408e-03	3.790000e+00
2.505000e-05	-1.087298e-01	3.992000e+00
2.506000e-05	1.831527e-01	4.243738e+00
2.507000e-05	-9.283413e-02	4.518874e+00
2.508000e-05	2.773173e-02	4.708842e+00
2.509000e-05	2.232253e-03	4.933132e+00
2.510000e-05	-8.388633e-02	5.256817e+00
2.511000e-05	4.503841e-02	5.528817e+00
2.512000e-05	-1.731620e-02	5.739975e+00
2.513000e-05	9.226509e-03	5.982001e+00
2.514000e-05	-6.097793e-03	6.204608e+00
2.515000e-05	-3.591155e-02	6.383109e+00
2.516000e-05	2.951470e-02	6.626237e+00
2.517000e-05	-3.608364e-02	6.835764e+00
2.518000e-05	2.856507e-02	7.038293e+00
2.519000e-05	-4.974142e-02	7.310402e+00
2.520000e-05	3.164497e-03	7.520846e+00
2.521000e-05	3.095209e-02	7.751453e+00
2.522000e-05	-4.389958e-02	7.993136e+00
2.523000e-05	1.037629e-02	8.182681e+00
2.524000e-05	-4.204147e-02	8.380529e+00
2.525000e-05	1.054886e-02	8.541578e+00
2.526000e-05	-7.134312e-04	8.681399e+00
2.527000e-05	-6.704750e-03	8.899029e+00
2.528000e-05	-1.205431e-02	9.099846e+00
2.529000e-05	-2.243531e-02	9.307848e+00
2.530000e-05	9.165402e-03	9.405322e+00
2.531000e-05	-2.358403e-02	9.625766e+00
2.532000e-05	-1.304451e-02	9.804289e+00
2.533000e-05	-2.586434e-02	9.994610e+00
2.534000e-05	-4.279556e-03	1.010108e+01
2.535000e-05	4.511564e-03	1.028938e+01
2.536000e-05	-1.360931e-02	1.041792e+01
2.537000e-05	-1.572678e-02	1.056671e+01
2.538000e-05	-2.302583e-02	1.077406e+01
2.539000e-05	-4.027660e-03	1.092050e+01
2.540000e-05	-1.653302e-02	1.104784e+01
2.541000e-05	-1.890519e-02	1.118619e+01
2.542000e-05	-2.380130e-02	1.129061e+01
2.543000e-05	-1.041719e-02	1.144195e+01
2.544000e-05	-3.660897e-03	1.160884e+01
2.545000e-05	-1.605963e-02	1.174318e+01
2.546000e-05	-2.422162e-02	1.185892e+01
2.547000e-05	-2.425831e-02	1.198529e+01
2.548000e-05	-1.193835e-02	1.211060e+01
2.549000e-05	-1.764232e-02	1.215619e+01
2.550000e-05	-2.392622e-02	1.225148e+01
2.551000e-05	-2.764553e-02	1.242582e+01
2.552000e-05	-1.864785e-02	1.247093e+01
2.553000e-05	-1.248413e-02	1.257511e+01
2.554000e-05	-2.010482e-02	1.268637e+01
2.555000e-05	-2.645946e-02	1.271295e+01
2.556000e-05	-2.684007e-02	1.278672e+01
2.557000e-05	-1.920810e-02	1.280858e+01
2.558000e-05	-2.107818e-02	1.290261e+01
2.559000e-05	-2.886302e-02	1.292666e+01
2.560000e-05	-3.396989e-02	1.301837e+01
2.561000e-05	-2.856923e-02	1.308152e+01
2.562000e-05	-2.409630e-02	1.313556e+01
2.563000e-05	-2.732653e-02	1.319372e+01
2.564000e-05	-3.380470e-02	1.325789e+01
2.565000e-05	-3.335858e-02	1.325897e+01
2.566000e-05	-2.819997e-02	1.328043e+01
2.567000e-05	-2.917379e-02	1.328058e+01
2.568000e-05	-3.654140e-02	1.327953e+01
2.569000e-05	-4.173313e-02	1.332158e+01
2.570000e-05	-3.992869e-02	1.331158e+01
2.571000e-05	-3.571620e-02	1.329161e+01
2.572000e-05	-3.731447e-02	1.331113e+01
2.573000e-05	-4.329897e-02	1.328161e+01
2.574000e-05	-4.555344e-02	1.328201e+01
2.575000e-05	-4.140645e-02	1.328050e+01
2.576000e-05	-4.270919e-02	1.324850e+01
2.577000e-05	-4.735866e-02	1.324642e+01
2.578000e-05	-5.300231e-02	1.322672e+01
2.579000e-05	-5.090742e-02	1.316475e+01
2.580000e-05	-4.666262e-02	1.312271e+01
2.581000e-05	-4.875361e-02	1.308198e+01
2.582000e-05	-5.174495e-02	1.298887e+01
2.583000e-05	-5.233699e-02	1.294419e+01
2.584000e-05	-4.595128e-02	1.285061e+01
2.585000e-05	-4.403120e-02	1.282840e+01
2.586000e-05	-4.482667e-02	1.276474e+01
2.587000e-05	-4.582330e-02	1.270255e+01
2.588000e-05	-4.296160e-02	1.261777e+01
2.589000e-05	-3.653943e-02	1.253316e+01
2.590000e-05	-3.549336e-02	1.245998e+01
2.591000e-05	-3.667911e-02	1.242577e+01
2.592000e-05	-3.597068e-02	1.231150e+01
2.593000e-05	-3.153029e-02	1.218422e+01
2.594000e-05	-2.721706e-02	1.204905e+01
2.595000e-05	-2.733691e-02	1.197476e+01
2.596000e-05	-2.899737e-02	1.186897e+01
2.597000e-05	-2.630402e-02	1.174359e+01
2.598000e-05	-2.391447e-02	1.161727e+01
2.599000e-05	-2.136043e-02	1.139942e+01
2.600000e-05	-2.289308e-02	1.127106e+01
2.601000e-05	-2.252698e-02	1.118572e+01
2.602000e-05	-2.069908e-02	1.100829e+01
2.603000e-05	-1.712355e-02	1.091948e+01
2.604000e-05	-1.899035e-02	1.081311e+01
2.605000e-05	-1.889749e-02	1.061587e+01
2.606000e-05	-1.850708e-02	1.046635e+01
2.607000e-05	-1.426324e-02	1.030945e+01
2.608000e-05	-1.471354e-02	1.012100e+01
2.609000e-05	-1.562191e-02	9.993640e+00
2.610000e-05	-1.762261e-02	9.735168e+00
2.611000e-05	-1.526366e-02	9.624242e+00
2.612000e-05	-1.326703e-02	9.415793e+00
2.613000e-05	-1.233108e-02	9.258398e+00
2.614000e-05	-1.284838e-02	9.128052e+00
2.615000e-05	-1.325173e-02	8.889531e+00
2.616000e-05	-1.128969e-02	8.708480e+00
2.617000e-05	-1.042384e-02	8.510103e+00
2.618000e-05	-1.112581e-02	8.342580e+00
2.619000e-05	-1.300137e-02	8.153055e+00
2.620000e-05	-1.168417e-02	7.993084e+00
2.621000e-05	-9.926862e-03	7.771085e+00
2.622000e-05	-1.061997e-02	7.560006e+00
2.623000e-05	-1.102707e-02	7.287896e+00
2.624000e-05	-1.084812e-02	7.118923e+00
2.625000e-05	-9.263660e-03	6.886867e+00
2.626000e-05	-8.395739e-03	6.696873e+00
2.627000e-05	-8.468846e-03	6.445644e+00
2.628000e-05	-1.015664e-02	6.233713e+00
2.629000e-05	-9.377706e-03	6.054687e+00
2.630000e-05	-8.317408e-03	5.784110e+00
2.631000e-05	-8.245414e-03	5.592502e+00
2.632000e-05	-9.671865e-03	5.361075e+00
2.633000e-05	-9.287477e-03	5.047873e+00
2.634000e-05	-6.854449e-03	4.752586e+00
2.635000e-05	-6.216026e-03	4.579578e+00
2.636000e-05	-6.587017e-03	4.360049e+00
2.637000e-05	-7.421448e-03	4.068418e+00
2.638000e-05	-7.958061e-03	3.884710e+00
2.639000e-05	-6.522855e-03	3.652660e+00
2.640000e-05	-6.776971e-03	3.373228e+00
2.641000e-05	-7.667552e-03	3.157922e+00
2.642000e-05	-7.633566e-03	2.947368e+00
2.643000e-05	-6.536501e-03	2.736340e+00
2.644000e-05	-5.866198e-03	2.411554e+00
2.645000e-05	-5.068463e-03	2.170001e+00
2.646000e-05	-7.071403e-03	1.989471e+00
2.647000e-05	-6.791102e-03	1.675366e+00
2.648000e-05	-4.785092e-03	1.464606e+00
2.649000e-05	-5.312586e-03	1.199052e+00
2.650000e-05	-4.433449e-03	8.748095e-01
2.651000e-05	-3.843825e-03	6.626566e-01
2.652000e-05	-4.768577e-03	4.300527e-01
2.653000e-05	-3.059914e-03	1.674220e-01
2.654000e-05	-6.124501e-03	-9.467927e-02
2.655000e-05	4.325003e-03	-2.843144e-01
2.656000e-05	-3.731470e-03	-5.357696e-01
2.657000e-05	1.968645e-03	-7.595726e-01
2.658000e-05	-2.425715e-03	-9.494514e-01
2.659000e-05	3.326662e-03	-1.220628e+00
2.660000e-05	-1.418092e-03	-1.514366e+00
2.661000e-05	1.023918e-02	-1.706816e+00
2.662000e-05	7.366997e-02	-1.916288e+00
2.663000e-05	3.964675e-02	-2.201077e+00
2.664000e-05	-7.169533e-02	-2.602000e+00
2.665000e-05	-1.179677e-02	-2.856236e+00
2.666000e-05	-6.287744e-02	-3.107816e+00
2.667000e-05	-7.110269e-02	-3.253234e+00
2.668000e-05	1.503442e-01	-3.370976e+00
2.669000e-05	-4.893410e-02	-3.610601e+00
2.670000e-05	-6.444860e-02	-3.938347e+00
2.671000e-05	1.767645e-01	-4.064262e+00
2.672000e-05	-1.709124e-01	-4.348972e+00
2.673000e-05	1.405888e-01	-4.561058e+00
2.674000e-05	-2.828112e-02	-4.781557e+00
2.675000e-05	-1.396727e-01	-5.086293e+00
2.676000e-05	1.239800e-01	-5.224463e+00
2.677000e-05	-7.631937e-02	-5.542051e+00
2.678000e-05	9.997850e-02	-5.804163e+00
2.679000e-05	-8.533597e-03	-5.981105e+00
2.680000e-05	-8.187612e-02	-6.318722e+00
2.681000e-05	1.201535e-01	-6.436817e+00
2.682000e-05	-9.848721e-02	-6.709370e+00
2.683000e-05	9.855190e-02	-6.905481e+00
2.684000e-05	-9.213159e-02	-7.141026e+00
2.685000e-05	1.887871e-02	-7.403615e+00
2.686000e-05	9.112702e-02	-7.571135e+00
2.687000e-05	-8.360747e-02	-7.826819e+00
2.688000e-05	9.790686e-02	-8.046814e+00
2.689000e-05	-1.175214e-01	-8.224212e+00
2.690000e-05	7.992033e-02	-8.415283e+00
2.691000e-05	1.319364e-04	-8.605688e+00
2.692000e-05	8.512542e-03	-8.867293e+00
2.693000e-05	2.111734e-02	-8.972635e+00
2.694000e-05	-5.741468e-02	-9.192636e+00
2.695000e-05	8.958083e-02	-9.324134e+00
2.696000e-05	-4.663035e-02	-9.553005e+00
2.697000e-05	4.589082e-02	-9.710058e+00
2.698000e-05	-5.139017e-02	-9.838845e+00
2.699000e-05	3.344224e-02	-1.000742e+01
2.700000e-05	3.221741e-02	-1.016522e+01
2.701000e-05	1.238383e-03	-1.041529e+01
2.702000e-05	1.506649e-02	-1.052211e+01
2.703000e-05	-2.987378e-02	-1.069995e+01
2.704000e-05	4.658291e-02	-1.080685e+01
2.705000e-05	-8.130930e-03	-1.097469e+01
2.706000e-05	2.417097e-02	-1.110206e+01
2.707000e-05	-2.007410e-02	-1.123940e+01
2.708000e-05	2.579619e-02	-1.140314e+01
2.709000e-05	2.525098e-02	-1.152374e+01
2.710000e-05	1.849163e-02	-1.167051e+01
2.711000e-05	1.400273e-03	-1.173932e+01
2.712000e-05	-4.836084e-03	-1.195419e+01
2.713000e-05	2.336932e-02	-1.206793e+01
2.714000e-05	1.498144e-02	-1.214416e+01
2.715000e-05	1.645785e-02	-1.226038e+01
2.716000e-05	-9.973894e-04	-1.235479e+01
2.717000e-05	1.843791e-02	-1.245858e+01
2.718000e-05	2.581178e-02	-1.251369e+01
2.719000e-05	2.246520e-02	-1.262982e+01
2.720000e-05	6.773617e-03	-1.270256e+01
2.721000e-05	7.204340e-03	-1.282840e+01
2.722000e-05	2.142267e-02	-1.287003e+01
2.723000e-05	2.863792e-02	-1.291169e+01
2.724000e-05	1.626840e-02	-1.301674e+01
2.725000e-05	9.816876e-03	-1.305952e+01
2.726000e-05	1.670714e-02	-1.311061e+01
2.727000e-05	2.991870e-02	-1.313682e+01
2.728000e-05	2.686394e-02	-1.320637e+01
2.729000e-05	1.849718e-02	-1.322860e+01
2.730000e-05	1.544455e-02	-1.326103e+01
2.731000e-05	2.686427e-02	-1.329213e+01
2.732000e-05	3.432642e-02	-1.330316e+01
2.733000e-05	2.550995e-02	-1.328521e+01
2.734000e-05	2.019026e-02	-1.334479e+01
2.735000e-05	2.281183e-02	-1.336427e+01
2.736000e-05	3.683258e-02	-1.333919e+01
2.737000e-05	3.796073e-02	-1.335680e+01
2.738000e-05	3.236929e-02	-1.332822e+01
2.739000e-05	2.795040e-02	-1.332474e+01
2.740000e-05	3.563769e-02	-1.332629e+01
2.741000e-05	4.310576e-02	-1.331316e+01
2.742000e-05	3.984089e-02	-1.327166e+01
2.743000e-05	3.338117e-02	-1.328113e+01
2.744000e-05	3.600811e-02	-1.326948e+01
2.745000e-05	4.590335e-02	-1.323634e+01
2.746000e-05	4.948713e-02	-1.316584e+01
2.747000e-05	4.192198e-02	-1.311412e+01
2.748000e-05	3.687488e-02	-1.307306e+01
2.749000e-05	4.040270e-02	-1.307737e+01
2.750000e-05	4.544706e-02	-1.297734e+01
2.751000e-05	4.194983e-02	-1.291206e+01
2.752000e-05	3.413584e-02	-1.283895e+01
2.753000e-05	3.101441e-02	-1.277527e+01
2.754000e-05	3.565291e-02	-1.273351e+01
2.755000e-05	3.700692e-02	-1.260740e+01
2.756000e-05	2.948471e-02	-1.248164e+01
2.757000e-05	2.250024e-02	-1.240747e+01
2.758000e-05	2.408003e-02	-1.233274e+01
2.759000e-05	2.753249e-02	-1.223885e+01
2.760000e-05	2.530831e-02	-1.211404e+01
2.761000e-05	1.817949e-02	-1.202740e+01
2.762000e-05	1.384707e-02	-1.190248e+01
2.763000e-05	1.757790e-02	-1.175421e+01
2.764000e-05	1.945112e-02	-1.162653e+01
2.765000e-05	1.601856e-02	-1.149160e+01
2.766000e-05	1.093586e-02	-1.131454e+01
2.767000e-05	1.069677e-02	-1.112482e+01
2.768000e-05	1.427147e-02	-1.106750e+01
2.769000e-05	1.415641e-02	-1.088903e+01
2.770000e-05	8.680291e-03	-1.079469e+01
2.771000e-05	5.067764e-03	-1.062734e+01
2.772000e-05	7.317775e-03	-1.048953e+01
2.773000e-05	1.027315e-02	-1.033363e+01
2.774000e-05	8.203776e-03	-1.005209e+01
2.775000e-05	3.636788e-03	-1.000371e+01
2.776000e-05	3.898189e-03	-9.824788e+00
2.777000e-05	7.000880e-03	-9.668475e+00
2.778000e-05	8.609295e-03	-9.499506e+00
2.779000e-05	4.469187e-03	-9.290503e+00
2.780000e-05	1.138835e-03	-9.153055e+00
2.781000e-05	1.662939e-03	-8.982126e+00
2.782000e-05	3.674840e-03	-8.784212e+00
2.783000e-05	3.423383e-03	-8.534215e+00
2.784000e-05	-1.022470e-04	-8.393108e+00
2.785000e-05	-1.654230e-04	-8.204235e+00
2.786000e-05	1.865894e-03	-8.006239e+00
2.787000e-05	4.188963e-03	-7.735292e+00
2.788000e-05	2.052082e-03	-7.542503e+00
2.789000e-05	-1.369616e-03	-7.400561e+00
2.790000e-05	-2.380034e-03	-7.131029e+00
2.791000e-05	2.130022e-03	-6.898522e+00
2.792000e-05	5.894449e-04	-6.688849e+00
2.793000e-05	-1.575836e-03	-6.486918e+00
2.794000e-05	-4.208837e-03	-6.299296e+00
2.795000e-05	-7.561619e-04	-6.024665e+00
2.796000e-05	2.828754e-05	-5.805164e+00
2.797000e-05	2.937572e-04	-5.613053e+00
2.798000e-05	-4.491914e-03	-5.359530e+00
2.799000e-05	-2.675484e-03	-5.117321e+00
2.800000e-05	-2.553402e-03	-4.814186e+00
2.801000e-05	-3.155765e-04	-4.590479e+00
2.802000e-05	-4.126850e-03	-4.401052e+00
2.803000e-05	-4.824226e-03	-4.150024e+00
2.804000e-05	-3.433876e-03	-3.948396e+00
2.805000e-05	-2.336323e-03	-3.654396e+00
2.806000e-05	-2.762346e-03	-3.443738e+00
2.807000e-05	-6.233938e-03	-3.212083e+00
2.808000e-05	-5.219515e-03	-2.928102e+00
2.809000e-05	-2.836757e-03	-2.718868e+00
2.810000e-05	-1.380235e-03	-2.451218e+00
2.811000e-05	-4.995649e-03	-2.205785e+00
2.812000e-05	-5.720623e-03	-1.970478e+00
2.813000e-05	-5.246902e-03	-1.737946e+00
2.814000e-05	-4.146308e-03	-1.506393e+00
2.815000e-05	-5.961838e-03	-1.191052e+00
2.816000e-05	-6.076168e-03	-9.480247e-01
2.817000e-05	-7.164036e-03	-7.473196e-01
2.818000e-05	-3.305524e-03	-4.626853e-01
2.819000e-05	-2.539678e-03	-2.105027e-01
2.820000e-05	-2.154291e-03	-2.097488e-02
2.821000e-05	4.504573e-03	2.336082e-01
2.822000e-05	-4.999011e-03	4.751594e-01
2.823000e-05	2.202359e-03	6.967120e-01
2.824000e-05	-4.799711e-03	9.258384e-01
2.825000e-05	-9.310394e-04	1.160502e+00
2.826000e-05	-5.489113e-03	1.394680e+00
2.827000e-05	3.335155e-03	1.706790e+00
2.828000e-05	2.991136e-02	1.907292e+00
2.829000e-05	7.910003e-02	2.147896e+00
2.830000e-05	-3.825873e-02	2.412678e+00
2.831000e-05	-4.449200e-02	2.738971e+00
2.832000e-05	-3.719026e-02	2.979920e+00
2.833000e-05	-3.468170e-02	3.172473e+00
2.834000e-05	-8.387899e-02	3.368447e+00
2.835000e-05	1.120589e-01	3.600976e+00
2.836000e-05	-2.445411e-02	3.792599e+00
2.837000e-05	-8.879104e-02	3.971054e+00
2.838000e-05	1.765907e-01	4.274663e+00
2.839000e-05	-9.780523e-02	4.498422e+00
2.840000e-05	3.775202e-02	4.699396e+00
2.841000e-05	-8.171977e-03	4.993112e+00
2.842000e-05	-7.822134e-02	5.269238e+00
2.843000e-05	4.501972e-02	5.538345e+00
2.844000e-05	-2.118508e-02	5.742076e+00
2.845000e-05	1.206069e-02	5.981529e+00
2.846000e-05	-1.073537e-02	6.184632e+00
2.847000e-05	-3.278413e-02	6.413134e+00
2.848000e-05	2.887270e-02	6.657667e+00
2.849000e-05	-3.554960e-02	6.856870e+00
2.850000e-05	3.005280e-02	7.056345e+00
2.851000e-05	-5.499952e-02	7.291977e+00
2.852000e-05	1.219802e-02	7.511027e+00
2.853000e-05	2.387400e-02	7.772581e+00
2.854000e-05	-4.207166e-02	7.965155e+00
2.855000e-05	8.603007e-03	8.192733e+00
2.856000e-05	-4.175986e-02	8.382107e+00
2.857000e-05	1.411276e-02	8.542004e+00
2.858000e-05	-2.365361e-03	8.731374e+00
2.859000e-05	-5.588623e-03	8.929527e+00
2.860000e-05	-1.549422e-02	9.141476e+00
2.861000e-05	-1.957085e-02	9.267926e+00
2.862000e-05	8.875106e-03	9.416849e+00
2.863000e-05	-2.325376e-02	9.646300e+00
2.864000e-05	-1.461022e-02	9.766313e+00
2.865000e-05	-2.625817e-02	1.001474e+01
2.866000e-05	-2.380663e-03	1.018368e+01
2.867000e-05	2.928185e-03	1.030148e+01
2.868000e-05	-1.415043e-02	1.046694e+01
2.869000e-05	-1.721782e-02	1.059779e+01
2.870000e-05	-2.157423e-02	1.078469e+01
2.871000e-05	-3.443353e-03	1.093205e+01
2.872000e-05	-1.571857e-02	1.105937e+01
2.873000e-05	-1.928060e-02	1.118574e+01
2.874000e-05	-2.371923e-02	1.125373e+01
2.875000e-05	-1.020447e-02	1.145250e+01
2.876000e-05	-4.383306e-03	1.165937e+01
2.877000e-05	-1.678733e-02	1.173463e+01
2.878000e-05	-2.415035e-02	1.186892e+01
2.879000e-05	-2.319470e-02	1.198474e+01
2.880000e-05	-1.110706e-02	1.207108e+01
2.881000e-05	-1.694334e-02	1.215574e+01
2.882000e-05	-2.391616e-02	1.226146e+01
2.883000e-05	-2.753825e-02	1.238629e+01
2.884000e-05	-1.930335e-02	1.248998e+01
2.885000e-05	-1.230854e-02	1.255366e+01
2.886000e-05	-2.122716e-02	1.263984e+01
2.887000e-05	-2.676843e-02	1.272203e+01
2.888000e-05	-2.613845e-02	1.279532e+01
2.889000e-05	-1.877764e-02	1.284700e+01
2.890000e-05	-2.165429e-02	1.290213e+01
2.891000e-05	-2.990839e-02	1.295517e+01
2.892000e-05	-3.343178e-02	1.304790e+01
2.893000e-05	-2.739494e-02	1.307153e+01
2.894000e-05	-2.331258e-02	1.314461e+01
2.895000e-05	-2.810786e-02	1.317519e+01
2.896000e-05	-3.492640e-02	1.325792e+01
2.897000e-05	-3.266081e-02	1.325847e+01
2.898000e-05	-2.771733e-02	1.325043e+01
2.899000e-05	-2.895194e-02	1.329960e+01
2.900000e-05	-3.719371e-02	1.329203e+01
2.901000e-05	-4.074485e-02	1.333156e+01
2.902000e-05	-3.901623e-02	1.329256e+01
2.903000e-05	-3.542853e-02	1.329208e+01
2.904000e-05	-3.890340e-02	1.327053e+01
2.905000e-05	-4.339152e-02	1.330106e+01
2.906000e-05	-4.555351e-02	1.326053e+01
2.907000e-05	-4.199927e-02	1.326150e+01
2.908000e-05	-4.282231e-02	1.325998e+01
2.909000e-05	-4.706847e-02	1.324790e+01
2.910000e-05	-5.267685e-02	1.320877e+01
2.911000e-05	-5.118773e-02	1.319574e+01
2.912000e-05	-4.621406e-02	1.313313e+01
2.913000e-05	-4.711826e-02	1.306985e+01
2.914000e-05	-5.135636e-02	1.300772e+01
2.915000e-05	-5.392956e-02	1.293511e+01
2.916000e-05	-4.745805e-02	1.290303e+01
2.917000e-05	-4.393235e-02	1.283737e+01
2.918000e-05	-4.420116e-02	1.275677e+01
2.919000e-05	-4.597139e-02	1.269198e+01
2.920000e-05	-4.345386e-02	1.264984e+01
2.921000e-05	-3.653468e-02	1.254264e+01
2.922000e-05	-3.493961e-02	1.245845e+01
2.923000e-05	-3.625835e-02	1.242579e+01
2.924000e-05	-3.650430e-02	1.227188e+01
2.925000e-05	-3.231450e-02	1.216514e+01
2.926000e-05	-2.675004e-02	1.205893e+01
2.927000e-05	-2.731289e-02	1.196419e+01
2.928000e-05	-3.032290e-02	1.185840e+01
2.929000e-05	-2.504495e-02	1.173253e+01
2.930000e-05	-2.476536e-02	1.162729e+01
2.931000e-05	-2.015043e-02	1.143990e+01
2.932000e-05	-2.398666e-02	1.127158e+01
2.933000e-05	-2.093850e-02	1.117474e+01
2.934000e-05	-2.086924e-02	1.103677e+01
2.935000e-05	-1.584849e-02	1.090050e+01
2.936000e-05	-1.865983e-02	1.075509e+01
2.937000e-05	-1.996272e-02	1.061787e+01
2.938000e-05	-2.058878e-02	1.043734e+01
2.939000e-05	-1.591865e-02	1.028692e+01
2.940000e-05	-1.574443e-02	1.014111e+01
2.941000e-05	-1.430972e-02	9.995235e+00
2.942000e-05	-1.583534e-02	9.784268e+00
2.943000e-05	-1.137602e-02	9.604287e+00
2.944000e-05	-1.053175e-02	9.437263e+00
2.945000e-05	-1.173492e-02	9.288868e+00
2.946000e-05	-1.594381e-02	9.129477e+00
2.947000e-05	-1.539370e-02	8.857922e+00
2.948000e-05	-1.266030e-02	8.670030e+00
2.949000e-05	-1.156097e-02	8.541504e+00
2.950000e-05	-1.021577e-02	8.391557e+00
2.951000e-05	-1.005959e-02	8.131559e+00
2.952000e-05	-1.010678e-02	7.951952e+00
2.953000e-05	-9.169759e-03	7.772054e+00
2.954000e-05	-1.008463e-02	7.542002e+00
2.955000e-05	-1.117578e-02	7.248367e+00
2.956000e-05	-1.309249e-02	7.078372e+00
2.957000e-05	-1.091641e-02	6.867844e+00
2.958000e-05	-8.521046e-03	6.677870e+00
2.959000e-05	-6.728412e-03	6.444238e+00
2.960000e-05	-8.977512e-03	6.213709e+00
2.961000e-05	-8.503834e-03	6.034635e+00
2.962000e-05	-8.535413e-03	5.782161e+00
2.963000e-05	-7.468466e-03	5.562504e+00
2.964000e-05	-9.509425e-03	5.319526e+00
2.965000e-05	-1.007271e-02	5.057292e+00
2.966000e-05	-9.476638e-03	4.830533e+00
2.967000e-05	-6.303278e-03	4.579477e+00
2.968000e-05	-5.886364e-03	4.360551e+00
2.969000e-05	-6.684027e-03	4.126190e+00
2.970000e-05	-8.832740e-03	3.833230e+00
2.971000e-05	-6.999593e-03	3.632662e+00
2.972000e-05	-5.488150e-03	3.442605e+00
2.973000e-05	-6.611596e-03	3.136847e+00
2.974000e-05	-8.925924e-03	2.936295e+00
2.975000e-05	-8.437424e-03	2.716268e+00
2.976000e-05	-5.645280e-03	2.403501e+00
2.977000e-05	-3.480178e-03	2.159947e+00
2.978000e-05	-5.910440e-03	1.948423e+00
2.979000e-05	-7.420229e-03	1.704694e+00
2.980000e-05	-6.181423e-03	1.442081e+00
2.981000e-05	-3.915699e-03	1.188999e+00
2.982000e-05	-4.304022e-03	8.537593e-01
2.983000e-05	-6.917986e-03	6.326277e-01
2.984000e-05	-6.481829e-03	4.004551e-01
2.985000e-05	-3.914800e-03	1.573886e-01
2.986000e-05	-1.867207e-03	-8.523572e-02
2.987000e-05	6.876897e-03	-3.158157e-01
2.988000e-05	-3.946876e-03	-5.173386e-01
2.989000e-05	2.395944e-03	-8.000801e-01
2.990000e-05	-2.339521e-03	-9.705763e-01
2.991000e-05	2.220027e-03	-1.253233e+00
2.992000e-05	-4.084582e-03	-1.474819e+00
2.993000e-05	1.047230e-02	-1.695346e+00
2.994000e-05	7.867038e-02	-1.907816e+00
2.995000e-05	3.164697e-02	-2.222580e+00
2.996000e-05	-6.464474e-02	-2.592630e+00
2.997000e-05	-1.449516e-02	-2.885718e+00
2.998000e-05	-6.402197e-02	-3.147371e+00
2.999000e-05	-6.924664e-02	-3.275741e+00
3.000000e-05	1.600717e-01	-3.360029e+00
3.001000e-05	-7.373583e-02	-3.632600e+00
3.002000e-05	-3.577221e-02	-3.927947e+00
3.003000e-05	1.579968e-01	-4.086813e+00
3.004000e-05	-1.663520e-01	-4.319447e+00
3.005000e-05	1.529842e-01	-4.593659e+00
3.006000e-05	-4.793770e-02	-4.763057e+00
3.007000e-05	-1.255531e-01	-5.046899e+00
3.008000e-05	1.220945e-01	-5.247795e+00
3.009000e-05	-8.397063e-02	-5.553606e+00
3.010000e-05	1.127901e-01	-5.795135e+00
3.011000e-05	-2.921462e-02	-6.001109e+00
3.012000e-05	-6.314031e-02	-6.269371e+00
3.013000e-05	1.134814e-01	-6.447396e+00
3.014000e-05	-9.587937e-02	-6.687942e+00
3.015000e-05	1.034351e-01	-6.880129e+00
3.016000e-05	-1.070303e-01	-7.111979e+00
3.017000e-05	3.930990e-02	-7.413157e+00
3.018000e-05	7.434129e-02	-7.543105e+00
3.019000e-05	-7.241339e-02	-7.858769e+00
3.020000e-05	9.095375e-02	-8.035769e+00
3.021000e-05	-1.199226e-01	-8.205715e+00
3.022000e-05	9.082075e-02	-8.424792e+00
3.023000e-05	-9.244908e-03	-8.576742e+00
3.024000e-05	1.898508e-02	-8.826889e+00
3.025000e-05	7.873071e-03	-8.984687e+00
3.026000e-05	-4.792106e-02	-9.211685e+00
3.027000e-05	8.657206e-02	-9.333659e+00
3.028000e-05	-4.739549e-02	-9.583586e+00
3.029000e-05	4.586406e-02	-9.701054e+00
3.030000e-05	-5.698856e-02	-9.879399e+00
3.031000e-05	4.287336e-02	-1.000793e+01
3.032000e-05	2.624630e-02	-1.019482e+01
3.033000e-05	6.915519e-03	-1.039476e+01
3.034000e-05	8.091186e-03	-1.054153e+01
3.035000e-05	-2.458087e-02	-1.071997e+01
3.036000e-05	4.607368e-02	-1.078737e+01
3.037000e-05	-7.354083e-03	-1.098572e+01
3.038000e-05	2.165983e-02	-1.109306e+01
3.039000e-05	-2.278201e-02	-1.126742e+01
3.040000e-05	2.927998e-02	-1.136525e+01
3.041000e-05	2.445584e-02	-1.153361e+01
3.042000e-05	1.969657e-02	-1.165161e+01
3.043000e-05	-2.635515e-03	-1.178883e+01
3.044000e-05	-3.117483e-03	-1.198526e+01
3.045000e-05	2.524086e-02	-1.207998e+01
3.046000e-05	1.767631e-02	-1.216419e+01
3.047000e-05	1.271854e-02	-1.227045e+01
3.048000e-05	-4.321444e-03	-1.239524e+01
3.049000e-05	1.929218e-02	-1.246950e+01
3.050000e-05	2.735533e-02	-1.252324e+01
3.051000e-05	2.383885e-02	-1.259050e+01
3.052000e-05	6.216775e-03	-1.269308e+01
3.053000e-05	8.080023e-03	-1.283687e+01
3.054000e-05	2.157749e-02	-1.287058e+01
3.055000e-05	2.861818e-02	-1.292469e+01
3.056000e-05	1.515819e-02	-1.300687e+01
3.057000e-05	8.455333e-03	-1.306998e+01
3.058000e-05	1.521627e-02	-1.310313e+01
3.059000e-05	3.144371e-02	-1.313426e+01
3.060000e-05	2.737871e-02	-1.320642e+01
3.061000e-05	1.858038e-02	-1.322953e+01
3.062000e-05	1.548482e-02	-1.326911e+01
3.063000e-05	2.797734e-02	-1.326211e+01
3.064000e-05	3.479499e-02	-1.331264e+01
3.065000e-05	2.566924e-02	-1.332376e+01
3.066000e-05	1.993620e-02	-1.331372e+01
3.067000e-05	2.277405e-02	-1.330529e+01
3.068000e-05	3.726081e-02	-1.332529e+01
3.069000e-05	3.766857e-02	-1.333627e+01
3.070000e-05	3.077903e-02	-1.334734e+01
3.071000e-05	2.741112e-02	-1.331519e+01
3.072000e-05	3.756191e-02	-1.329674e+01
3.073000e-05	4.440991e-02	-1.331467e+01
3.074000e-05	3.862576e-02	-1.329419e+01
3.075000e-05	3.340029e-02	-1.327011e+01
3.076000e-05	3.580883e-02	-1.321948e+01
3.077000e-05	4.767901e-02	-1.321642e+01
3.078000e-05	4.793717e-02	-1.316582e+01
3.079000e-05	4.062972e-02	-1.311316e+01
3.080000e-05	3.635385e-02	-1.305161e+01
3.081000e-05	4.235245e-02	-1.302792e+01
3.082000e-05	4.712997e-02	-1.293314e+01
3.083000e-05	4.108950e-02	-1.289371e+01
3.084000e-05	3.267237e-02	-1.284850e+01
3.085000e-05	3.105852e-02	-1.280624e+01
3.086000e-05	3.647642e-02	-1.275158e+01
3.087000e-05	3.586883e-02	-1.254729e+01
3.088000e-05	2.876934e-02	-1.248317e+01
3.089000e-05	2.180130e-02	-1.241747e+01
3.090000e-05	2.428636e-02	-1.231319e+01
3.091000e-05	2.747691e-02	-1.219687e+01
3.092000e-05	2.526351e-02	-1.211211e+01
3.093000e-05	1.736735e-02	-1.204734e+01
3.094000e-05	1.377892e-02	-1.185218e+01
3.095000e-05	1.885015e-02	-1.173382e+01
3.096000e-05	2.022344e-02	-1.158827e+01
3.097000e-05	1.410316e-02	-1.149153e+01
3.098000e-05	9.709163e-03	-1.131419e+01
3.099000e-05	1.059654e-02	-1.118582e+01
3.100000e-05	1.495083e-02	-1.102638e+01
3.101000e-05	1.436658e-02	-1.090113e+01
3.102000e-05	7.907910e-03	-1.079266e+01
3.103000e-05	5.190570e-03	-1.062884e+01
3.104000e-05	8.099491e-03	-1.047000e+01
3.105000e-05	1.059302e-02	-1.031171e+01
3.106000e-05	7.012030e-03	-1.010168e+01
3.107000e-05	2.452458e-03	-9.974836e+00
3.108000e-05	3.005282e-03	-9.804267e+00
3.109000e-05	7.551171e-03	-9.648873e+00
3.110000e-05	8.750359e-03	-9.499554e+00
3.111000e-05	4.571257e-03	-9.280053e+00
3.112000e-05	1.180456e-03	-9.179102e+00
3.113000e-05	2.078604e-03	-8.943181e+00
3.114000e-05	4.463651e-03	-8.731660e+00
3.115000e-05	3.047030e-03	-8.503157e+00
3.116000e-05	-1.422489e-04	-8.352109e+00
3.117000e-05	-1.899825e-04	-8.213734e+00
3.118000e-05	2.316443e-03	-7.994771e+00
3.119000e-05	3.939725e-03	-7.735163e+00
3.120000e-05	9.994552e-04	-7.521582e+00
3.121000e-05	-1.757159e-03	-7.320478e+00
3.122000e-05	-8.902950e-04	-7.150981e+00
3.123000e-05	2.320342e-03	-6.877900e+00
3.124000e-05	9.581483e-04	-6.647393e+00
3.125000e-05	-2.102353e-03	-6.515889e+00
3.126000e-05	-3.674991e-03	-6.208322e+00
3.127000e-05	-6.371789e-04	-6.013687e+00
3.128000e-05	-2.191073e-04	-5.791633e+00
3.129000e-05	-2.476380e-04	-5.592508e+00
3.130000e-05	-5.118690e-03	-5.338077e+00
3.131000e-05	-2.575165e-03	-5.035363e+00
3.132000e-05	-1.533877e-03	-4.782664e+00
3.133000e-05	2.166990e-04	-4.580453e+00
3.134000e-05	-4.516901e-03	-4.369077e+00
3.135000e-05	-4.309453e-03	-4.130474e+00
3.136000e-05	-4.189270e-03	-3.939473e+00
3.137000e-05	-2.631458e-03	-3.644863e+00
3.138000e-05	-3.940885e-03	-3.414237e+00
3.139000e-05	-5.476649e-03	-3.210609e+00
3.140000e-05	-4.239834e-03	-2.958451e+00
3.141000e-05	-3.317275e-03	-2.716369e+00
3.142000e-05	-1.499958e-03	-2.463268e+00
3.143000e-05	-4.920226e-03	-2.222210e+00
3.144000e-05	-4.412543e-03	-1.968975e+00
3.145000e-05	-5.026993e-03	-1.748922e+00
3.146000e-05	-3.694314e-03	-1.515443e+00
3.147000e-05	-6.746956e-03	-1.210477e+00
3.148000e-05	-6.752339e-03	-9.463919e-01
3.149000e-05	-6.542210e-03	-7.358168e-01
3.150000e-05	-3.608687e-03	-4.216801e-01
3.151000e-05	-3.557378e-03	-2.305511e-01
3.152000e-05	-1.463324e-03	1.000150e-02
3.153000e-05	5.462848e-03	2.947130e-01
3.154000e-05	-3.976929e-03	5.256883e-01
3.155000e-05	3.145097e-03	7.063410e-01
3.156000e-05	-5.899524e-03	9.088924e-01
3.157000e-05	-2.530490e-03	1.220528e+00
3.158000e-05	-5.100550e-03	1.472135e+00
3.159000e-05	4.523162e-03	1.748947e+00
3.160000e-05	3.320206e-02	1.927815e+00
3.161000e-05	7.829117e-02	2.139995e+00
3.162000e-05	-4.496114e-02	2.464133e+00
3.163000e-05	-4.060660e-02	2.729397e+00
3.164000e-05	-3.900522e-02	2.989926e+00
3.165000e-05	-3.705919e-02	3.199975e+00
3.166000e-05	-8.335109e-02	3.340473e+00
3.167000e-05	1.221610e-01	3.580476e+00
3.168000e-05	-4.825777e-02	3.805531e+00
3.169000e-05	-6.394084e-02	3.993581e+00
3.170000e-05	1.676500e-01	4.265216e+00
3.171000e-05	-9.966929e-02	4.530921e+00
3.172000e-05	4.577302e-02	4.718890e+00
3.173000e-05	-2.043131e-02	5.004637e+00
3.174000e-05	-7.259205e-02	5.278317e+00
3.175000e-05	4.418703e-02	5.518892e+00
3.176000e-05	-2.413752e-02	5.793079e+00
3.177000e-05	1.581563e-02	5.972682e+00
3.178000e-05	-1.441713e-02	6.224660e+00
3.179000e-05	-2.658943e-02	6.435137e+00
3.180000e-05	2.672748e-02	6.637216e+00
3.181000e-05	-3.494570e-02	6.887371e+00
3.182000e-05	2.959765e-02	7.119372e+00
3.183000e-05	-5.914097e-02	7.290550e+00
3.184000e-05	1.962197e-02	7.571530e+00
3.185000e-05	1.652567e-02	7.762534e+00
3.186000e-05	-3.804071e-02	7.976189e+00
3.187000e-05	7.946248e-03	8.215263e+00
3.188000e-05	-3.941533e-02	8.382534e+00
3.189000e-05	1.533683e-02	8.552005e+00
3.190000e-05	-5.688157e-03	8.710475e+00
3.191000e-05	-3.934342e-03	8.869502e+00
3.192000e-05	-1.752454e-02	9.110500e+00
3.193000e-05	-1.671283e-02	9.300951e+00
3.194000e-05	6.399964e-03	9.446299e+00
3.195000e-05	-2.398336e-02	9.636246e+00
3.196000e-05	-1.406378e-02	9.816691e+00
3.197000e-05	-2.553685e-02	1.002486e+01
3.198000e-05	-1.377461e-04	1.016266e+01
3.199000e-05	3.022896e-03	1.031048e+01
3.200000e-05	-1.468904e-02	1.047790e+01
3.201000e-05	-1.810254e-02	1.061737e+01
3.202000e-05	-2.056531e-02	1.081369e+01
3.203000e-05	-4.196504e-03	1.090411e+01
3.204000e-05	-1.690198e-02	1.109940e+01
3.205000e-05	-2.042605e-02	1.119672e+01
3.206000e-05	-2.243270e-02	1.129364e+01
3.207000e-05	-8.550328e-03	1.146163e+01
3.208000e-05	-4.888487e-03	1.162885e+01
3.209000e-05	-1.779015e-02	1.175529e+01
3.210000e-05	-2.481235e-02	1.189043e+01
3.211000e-05	-2.231793e-02	1.198674e+01
3.212000e-05	-1.136629e-02	1.206003e+01
3.213000e-05	-1.761162e-02	1.214572e+01
3.214000e-05	-2.428481e-02	1.230203e+01
3.215000e-05	-2.600873e-02	1.245785e+01
3.216000e-05	-1.796402e-02	1.248203e+01
3.217000e-05	-1.249305e-02	1.256371e+01
3.218000e-05	-2.118744e-02	1.261832e+01
3.219000e-05	-2.643609e-02	1.271251e+01
3.220000e-05	-2.662616e-02	1.278577e+01
3.221000e-05	-1.914441e-02	1.287106e+01
3.222000e-05	-2.114196e-02	1.290461e+01
3.223000e-05	-2.932838e-02	1.295774e+01
3.224000e-05	-3.292082e-02	1.304985e+01
3.225000e-05	-2.833430e-02	1.314053e+01
3.226000e-05	-2.368915e-02	1.316466e+01
3.227000e-05	-2.760424e-02	1.318526e+01
3.228000e-05	-3.464962e-02	1.323795e+01
3.229000e-05	-3.342394e-02	1.325890e+01
3.230000e-05	-2.783235e-02	1.325151e+01
3.231000e-05	-3.000023e-02	1.327103e+01
3.232000e-05	-3.644074e-02	1.328150e+01
3.233000e-05	-4.066430e-02	1.328156e+01
3.234000e-05	-3.906797e-02	1.328113e+01
3.235000e-05	-3.540040e-02	1.332161e+01
3.236000e-05	-3.841471e-02	1.333256e+01
3.237000e-05	-4.363294e-02	1.331261e+01
3.238000e-05	-4.583191e-02	1.328808e+01
3.239000e-05	-4.264486e-02	1.325950e+01
3.240000e-05	-4.350224e-02	1.326898e+01
3.241000e-05	-4.923610e-02	1.324792e+01
3.242000e-05	-5.259063e-02	1.319775e+01
3.243000e-05	-5.036927e-02	1.318372e+01
3.244000e-05	-4.693077e-02	1.312411e+01
3.245000e-05	-4.682511e-02	1.305145e+01
3.246000e-05	-5.127641e-02	1.299833e+01
3.247000e-05	-5.223653e-02	1.293469e+01
3.248000e-05	-4.685327e-02	1.286061e+01
3.249000e-05	-4.456848e-02	1.283893e+01
3.250000e-05	-4.512247e-02	1.277470e+01
3.251000e-05	-4.550926e-02	1.270056e+01
3.252000e-05	-4.251478e-02	1.261635e+01
3.253000e-05	-3.694039e-02	1.256159e+01
3.254000e-05	-3.606437e-02	1.246892e+01
3.255000e-05	-3.631817e-02	1.240472e+01
3.256000e-05	-3.597038e-02	1.222993e+01
3.257000e-05	-3.092676e-02	1.211569e+01
3.258000e-05	-2.891101e-02	1.202890e+01
3.259000e-05	-2.708550e-02	1.196361e+01
3.260000e-05	-3.020083e-02	1.187642e+01
3.261000e-05	-2.488945e-02	1.169208e+01
3.262000e-05	-2.346570e-02	1.160735e+01
3.263000e-05	-2.039423e-02	1.141935e+01
3.264000e-05	-2.293570e-02	1.128060e+01
3.265000e-05	-2.218021e-02	1.114316e+01
3.266000e-05	-2.044775e-02	1.102727e+01
3.267000e-05	-1.786487e-02	1.090050e+01
3.268000e-05	-1.865592e-02	1.075414e+01
3.269000e-05	-1.981366e-02	1.060527e+01
3.270000e-05	-1.896004e-02	1.040792e+01
3.271000e-05	-1.508867e-02	1.026797e+01
3.272000e-05	-1.420343e-02	1.009203e+01
3.273000e-05	-1.563111e-02	9.962636e+00
3.274000e-05	-1.698455e-02	9.776235e+00
3.275000e-05	-1.401080e-02	9.574688e+00
3.276000e-05	-1.243611e-02	9.446713e+00
3.277000e-05	-1.317089e-02	9.276894e+00
3.278000e-05	-1.350696e-02	9.139527e+00
3.279000e-05	-1.341433e-02	8.887448e+00
3.280000e-05	-1.108547e-02	8.699948e+00
3.281000e-05	-9.706113e-03	8.499481e+00
3.282000e-05	-1.114317e-02	8.350504e+00
3.283000e-05	-1.268023e-02	8.081503e+00
3.284000e-05	-1.133184e-02	7.911080e+00
3.285000e-05	-9.532804e-03	7.731080e+00
3.286000e-05	-9.930066e-03	7.539923e+00
3.287000e-05	-1.144808e-02	7.286345e+00
3.288000e-05	-1.140159e-02	7.047344e+00
3.289000e-05	-9.520930e-03	6.876342e+00
3.290000e-05	-8.381354e-03	6.667317e+00
3.291000e-05	-9.690698e-03	6.435192e+00
3.292000e-05	-1.048070e-02	6.213711e+00
3.293000e-05	-9.411394e-03	5.982609e+00
3.294000e-05	-6.803727e-03	5.763082e+00
3.295000e-05	-6.653915e-03	5.569976e+00
3.296000e-05	-8.734798e-03	5.328551e+00
3.297000e-05	-8.988285e-03	5.096318e+00
3.298000e-05	-9.073492e-03	4.752553e+00
3.299000e-05	-6.586406e-03	4.519475e+00
3.300000e-05	-8.095884e-03	4.328472e+00
3.301000e-05	-8.191723e-03	4.086186e+00
3.302000e-05	-7.368443e-03	3.834659e+00
3.303000e-05	-6.031327e-03	3.633608e+00
3.304000e-05	-5.634848e-03	3.361075e+00
3.305000e-05	-6.983517e-03	3.117393e+00
3.306000e-05	-7.718379e-03	2.935341e+00
3.307000e-05	-7.265897e-03	2.666739e+00
3.308000e-05	-5.540526e-03	2.409607e+00
3.309000e-05	-6.106832e-03	2.158450e+00
3.310000e-05	-6.518574e-03	1.947921e+00
3.311000e-05	-7.109747e-03	1.724739e+00
3.312000e-05	-5.294208e-03	1.453611e+00
3.313000e-05	-4.272351e-03	1.179472e+00
3.314000e-05	-4.664863e-03	8.927340e-01
3.315000e-05	-5.683343e-03	6.430500e-01
3.316000e-05	-5.546299e-03	4.004998e-01
3.317000e-05	-4.268539e-03	1.478459e-01
3.318000e-05	-3.517650e-03	-1.047632e-01
3.319000e-05	4.949266e-03	-3.053159e-01
3.320000e-05	-4.994969e-03	-5.463449e-01
3.321000e-05	3.351651e-03	-8.110793e-01
3.322000e-05	-2.888211e-03	-1.022579e+00
3.323000e-05	2.858166e-03	-1.234811e+00
3.324000e-05	-2.759847e-03	-1.465868e+00
3.325000e-05	1.493226e-02	-1.716367e+00
3.326000e-05	8.401503e-02	-1.916817e+00
3.327000e-05	2.003917e-02	-2.243759e+00
3.328000e-05	-6.164703e-02	-2.622649e+00
3.329000e-05	-1.947836e-02	-2.855316e+00
3.330000e-05	-6.400276e-02	-3.107444e+00
3.331000e-05	-6.459187e-02	-3.244716e+00
3.332000e-05	1.671464e-01	-3.372051e+00
3.333000e-05	-9.698275e-02	-3.633637e+00
3.334000e-05	-3.691970e-03	-3.948445e+00
3.335000e-05	1.374231e-01	-4.075738e+00
3.336000e-05	-1.586282e-01	-4.352502e+00
3.337000e-05	1.604143e-01	-4.562614e+00
3.338000e-05	-7.096667e-02	-4.793586e+00
3.339000e-05	-1.095250e-01	-5.096894e+00
3.340000e-05	1.195008e-01	-5.256891e+00
3.341000e-05	-8.622512e-02	-5.594205e+00
3.342000e-05	1.237042e-01	-5.833716e+00
3.343000e-05	-4.886036e-02	-5.973132e+00
3.344000e-05	-4.415374e-02	-6.279352e+00
3.345000e-05	1.038859e-01	-6.468893e+00
3.346000e-05	-9.221432e-02	-6.700050e+00
3.347000e-05	1.048551e-01	-6.901104e+00
3.348000e-05	-1.200207e-01	-7.161105e+00
3.349000e-05	5.868978e-02	-7.405764e+00
3.350000e-05	5.549555e-02	-7.543184e+00
3.351000e-05	-6.119511e-02	-7.866368e+00
3.352000e-05	8.293815e-02	-8.037317e+00
3.353000e-05	-1.170730e-01	-8.206214e+00
3.354000e-05	9.927470e-02	-8.405319e+00
3.355000e-05	-1.933173e-02	-8.578316e+00
3.356000e-05	2.986358e-02	-8.847322e+00
3.357000e-05	-3.508500e-03	-9.005710e+00
3.358000e-05	-3.694161e-02	-9.166034e+00
3.359000e-05	7.836596e-02	-9.342237e+00
3.360000e-05	-4.733643e-02	-9.564539e+00
3.361000e-05	4.615252e-02	-9.689979e+00
3.362000e-05	-5.890518e-02	-9.878395e+00
3.363000e-05	5.132071e-02	-1.005698e+01
3.364000e-05	1.904882e-02	-1.018927e+01
3.365000e-05	1.170836e-02	-1.039435e+01
3.366000e-05	2.446916e-03	-1.051268e+01
3.367000e-05	-1.940725e-02	-1.069798e+01
3.368000e-05	4.174684e-02	-1.080845e+01
3.369000e-05	-7.310358e-03	-1.099464e+01
3.370000e-05	2.053651e-02	-1.110363e+01
3.371000e-05	-2.157921e-02	-1.129145e+01
3.372000e-05	3.173532e-02	-1.141687e+01
3.373000e-05	2.179706e-02	-1.154426e+01
3.374000e-05	2.048236e-02	-1.169161e+01
3.375000e-05	-3.418148e-03	-1.177845e+01
3.376000e-05	1.563470e-04	-1.194574e+01
3.377000e-05	2.368557e-02	-1.207000e+01
3.378000e-05	1.643436e-02	-1.215469e+01
3.379000e-05	1.067960e-02	-1.229998e+01
3.380000e-05	-2.564546e-03	-1.237682e+01
3.381000e-05	2.013511e-02	-1.244008e+01
3.382000e-05	2.806066e-02	-1.251521e+01
3.383000e-05	2.257100e-02	-1.260998e+01
3.384000e-05	6.202298e-03	-1.266271e+01
3.385000e-05	9.709175e-03	-1.282795e+01
3.386000e-05	2.352198e-02	-1.288100e+01
3.387000e-05	2.815434e-02	-1.292216e+01
3.388000e-05	1.324048e-02	-1.301835e+01
3.389000e-05	9.352289e-03	-1.304947e+01
3.390000e-05	1.748700e-02	-1.309306e+01
3.391000e-05	3.261424e-02	-1.311424e+01
3.392000e-05	2.582397e-02	-1.318545e+01
3.393000e-05	1.801757e-02	-1.323745e+01
3.394000e-05	1.679659e-02	-1.326906e+01
3.395000e-05	2.899485e-02	-1.331063e+01
3.396000e-05	3.391484e-02	-1.331211e+01
3.397000e-05	2.386355e-02	-1.331424e+01
3.398000e-05	1.981471e-02	-1.332519e+01
3.399000e-05	2.436631e-02	-1.333682e+01
3.400000e-05	3.849351e-02	-1.337532e+01
3.401000e-05	3.736836e-02	-1.332677e+01
3.402000e-05	3.079590e-02	-1.335424e+01
3.403000e-05	2.847855e-02	-1.332622e+01
3.404000e-05	3.919118e-02	-1.333517e+01
3.405000e-05	4.387759e-02	-1.329418e+01
3.406000e-05	3.817365e-02	-1.328318e+01
3.407000e-05	3.327245e-02	-1.326013e+01
3.408000e-05	3.731965e-02	-1.319905e+01
3.409000e-05	4.759450e-02	-1.320632e+01
3.410000e-05	4.697879e-02	-1.313585e+01
3.411000e-05	4.023625e-02	-1.314364e+01
3.412000e-05	3.654317e-02	-1.308055e+01
3.413000e-05	4.271108e-02	-1.304842e+01
3.414000e-05	4.570290e-02	-1.296429e+01
3.415000e-05	4.089363e-02	-1.287308e+01
3.416000e-05	3.205916e-02	-1.283847e+01
3.417000e-05	3.185814e-02	-1.282574e+01
3.418000e-05	3.700664e-02	-1.272156e+01
3.419000e-05	3.544714e-02	-1.260692e+01
3.420000e-05	2.726159e-02	-1.248422e+01
3.421000e-05	2.248602e-02	-1.238842e+01
3.422000e-05	2.545395e-02	-1.232313e+01
3.423000e-05	2.724253e-02	-1.223785e+01
3.424000e-05	2.428245e-02	-1.209104e+01
3.425000e-05	1.635763e-02	-1.203635e+01
3.426000e-05	1.476444e-02	-1.190056e+01
3.427000e-05	1.907922e-02	-1.172379e+01
3.428000e-05	1.974692e-02	-1.162797e+01
3.429000e-05	1.422866e-02	-1.148105e+01
3.430000e-05	8.748865e-03	-1.131411e+01
3.431000e-05	1.095367e-02	-1.115626e+01
3.432000e-05	1.521011e-02	-1.101935e+01
3.433000e-05	1.379593e-02	-1.087952e+01
3.434000e-05	7.084298e-03	-1.074321e+01
3.435000e-05	4.185732e-03	-1.060735e+01
3.436000e-05	9.769679e-03	-1.046790e+01
3.437000e-05	1.161777e-02	-1.032314e+01
3.438000e-05	6.130039e-03	-1.011314e+01
3.439000e-05	1.212569e-03	-9.984289e+00
3.440000e-05	3.587966e-03	-9.803813e+00
3.441000e-05	8.853676e-03	-9.646377e+00
3.442000e-05	8.095922e-03	-9.520477e+00
3.443000e-05	1.601752e-03	-9.238528e+00
3.444000e-05	5.032054e-04	-9.142076e+00
3.445000e-05	4.664919e-03	-8.931130e+00
3.446000e-05	5.996348e-03	-8.762565e+00
3.447000e-05	1.589649e-03	-8.522659e+00
3.448000e-05	-2.397268e-03	-8.382635e+00
3.449000e-05	1.601481e-03	-8.162608e+00
3.450000e-05	5.238816e-03	-7.993160e+00
3.451000e-05	3.636537e-03	-7.719109e+00
3.452000e-05	-1.199684e-03	-7.561108e+00
3.453000e-05	-3.139667e-03	-7.310029e+00
3.454000e-05	1.191270e-03	-7.120429e+00
3.455000e-05	3.355020e-03	-6.886968e+00
3.456000e-05	-3.169832e-04	-6.646420e+00
3.457000e-05	-4.158744e-03	-6.474944e+00
3.458000e-05	-2.325629e-03	-6.245794e+00
3.459000e-05	1.680237e-03	-5.992713e+00
3.460000e-05	-1.239315e-04	-5.741659e+00
3.461000e-05	-2.995448e-03	-5.571654e+00
3.462000e-05	-6.713134e-03	-5.311072e+00
3.463000e-05	-1.514916e-03	-5.065394e+00
3.464000e-05	-7.539483e-04	-4.752656e+00
3.465000e-05	1.908411e-05	-4.530350e+00
3.466000e-05	-5.370331e-03	-4.350077e+00
3.467000e-05	-2.746651e-03	-4.148396e+00
3.468000e-05	-2.342481e-03	-3.896924e+00
3.469000e-05	-2.026825e-03	-3.633685e+00
3.470000e-05	-5.612089e-03	-3.423684e+00
3.471000e-05	-7.334736e-03	-3.199678e+00
3.472000e-05	-4.044765e-03	-2.897972e+00
3.473000e-05	-2.554126e-03	-2.696892e+00
3.474000e-05	-1.605019e-03	-2.444710e+00
3.475000e-05	-6.437215e-03	-2.202188e+00
3.476000e-05	-4.548453e-03	-1.947949e+00
3.477000e-05	-2.914834e-03	-1.698868e+00
3.478000e-05	-2.996467e-03	-1.465313e+00
3.479000e-05	-8.558384e-03	-1.149926e+00
3.480000e-05	-8.176052e-03	-9.374694e-01
3.481000e-05	-6.055273e-03	-6.848396e-01
3.482000e-05	-3.027733e-03	-4.306051e-01
3.483000e-05	-2.980473e-03	-1.795772e-01
3.484000e-05	-3.185663e-03	2.047659e-02
3.485000e-05	5.086266e-03	3.057858e-01
3.486000e-05	-3.105613e-03	5.256920e-01
3.487000e-05	4.834711e-03	7.263148e-01
3.488000e-05	-7.398323e-03	9.894488e-01
3.489000e-05	-2.904704e-03	1.192554e+00
3.490000e-05	-6.649000e-03	1.484710e+00
3.491000e-05	7.052989e-03	1.738366e+00
3.492000e-05	3.586257e-02	1.947365e+00
3.493000e-05	7.480561e-02	2.220002e+00
3.494000e-05	-5.368485e-02	2.472281e+00
3.495000e-05	-3.426900e-02	2.759526e+00
3.496000e-05	-3.816431e-02	2.992574e+00
3.497000e-05	-3.838047e-02	3.180554e+00
3.498000e-05	-7.736479e-02	3.370600e+00
3.499000e-05	1.277810e-01	3.581005e+00
3.500000e-05	-6.483270e-02	3.852105e+00
3.501000e-05	-4.332032e-02	4.011581e+00
3.502000e-05	1.532825e-01	4.306841e+00
3.503000e-05	-1.017421e-01	4.510499e+00
3.504000e-05	5.113192e-02	4.738371e+00
3.505000e-05	-2.489625e-02	5.036211e+00
3.506000e-05	-6.291473e-02	5.308346e+00
3.507000e-05	4.472896e-02	5.559872e+00
3.508000e-05	-2.515797e-02	5.753054e+00
3.509000e-05	1.782145e-02	6.013208e+00
3.510000e-05	-2.083676e-02	6.245713e+00
3.511000e-05	-2.685364e-02	6.404741e+00
3.512000e-05	2.254873e-02	6.668269e+00
3.513000e-05	-3.262846e-02	6.898370e+00
3.514000e-05	3.356324e-02	7.117872e+00
3.515000e-05	-5.948470e-02	7.340504e+00
3.516000e-05	2.800852e-02	7.582028e+00
3.517000e-05	8.063261e-03	7.773729e+00
3.518000e-05	-3.581993e-02	8.035709e+00
3.519000e-05	3.159602e-03	8.214712e+00
3.520000e-05	-4.095768e-02	8.414212e+00
3.521000e-05	1.616533e-02	8.562057e+00
3.522000e-05	-6.947453e-03	8.740060e+00
3.523000e-05	5.600871e-04	8.962107e+00
3.524000e-05	-1.946489e-02	9.172480e+00
3.525000e-05	-1.278482e-02	9.298475e+00
3.526000e-05	4.359446e-03	9.448895e+00
3.527000e-05	-2.282217e-02	9.646818e+00
3.528000e-05	-1.482073e-02	9.857689e+00
3.529000e-05	-2.557818e-02	1.005532e+01
3.530000e-05	-2.504053e-04	1.018323e+01
3.531000e-05	7.916932e-04	1.033100e+01
3.532000e-05	-1.409995e-02	1.044900e+01
3.533000e-05	-1.868983e-02	1.059579e+01
3.534000e-05	-1.860257e-02	1.078521e+01
3.535000e-05	-4.565544e-03	1.093116e+01
3.536000e-05	-1.520498e-02	1.106844e+01
3.537000e-05	-2.018015e-02	1.121684e+01
3.538000e-05	-2.265628e-02	1.135271e+01
3.539000e-05	-9.378807e-03	1.152148e+01
3.540000e-05	-6.172825e-03	1.164790e+01
3.541000e-05	-1.712133e-02	1.176216e+01
3.542000e-05	-2.366904e-02	1.191090e+01
3.543000e-05	-2.109068e-02	1.200724e+01
3.544000e-05	-1.144039e-02	1.208053e+01
3.545000e-05	-1.667963e-02	1.216524e+01
3.546000e-05	-2.365944e-02	1.233310e+01
3.547000e-05	-2.571242e-02	1.244685e+01
3.548000e-05	-1.892555e-02	1.248006e+01
3.549000e-05	-1.391072e-02	1.258319e+01
3.550000e-05	-2.152994e-02	1.266840e+01
3.551000e-05	-2.642409e-02	1.273316e+01
3.552000e-05	-2.610624e-02	1.279642e+01
3.553000e-05	-1.882739e-02	1.287853e+01
3.554000e-05	-2.182170e-02	1.289261e+01
3.555000e-05	-2.897039e-02	1.298827e+01
3.556000e-05	-3.255635e-02	1.304985e+01
3.557000e-05	-2.970056e-02	1.310145e+01
3.558000e-05	-2.250185e-02	1.316556e+01
3.559000e-05	-3.068557e-02	1.318479e+01
3.560000e-05	-3.035536e-02	1.323895e+01
3.561000e-05	-3.328239e-02	1.326840e+01
3.562000e-05	-2.653735e-02	1.324943e+01
3.563000e-05	-2.935270e-02	1.328003e+01
3.564000e-05	-3.855136e-02	1.329006e+01
3.565000e-05	-4.186290e-02	1.333258e+01
3.566000e-05	-4.155010e-02	1.331158e+01
3.567000e-05	-3.669852e-02	1.331159e+01
3.568000e-05	-3.805110e-02	1.334058e+01
3.569000e-05	-4.292520e-02	1.329206e+01
3.570000e-05	-4.292988e-02	1.329200e+01
3.571000e-05	-4.063684e-02	1.328100e+01
3.572000e-05	-4.286819e-02	1.327790e+01
3.573000e-05	-5.104320e-02	1.325847e+01
3.574000e-05	-5.535337e-02	1.324729e+01
3.575000e-05	-5.178275e-02	1.315474e+01
3.576000e-05	-4.661450e-02	1.317206e+01
3.577000e-05	-4.760054e-02	1.310985e+01
3.578000e-05	-5.038286e-02	1.298827e+01
3.579000e-05	-4.989047e-02	1.293624e+01
3.580000e-05	-4.465747e-02	1.289153e+01
3.581000e-05	-4.394393e-02	1.281793e+01
3.582000e-05	-4.579821e-02	1.277679e+01
3.583000e-05	-4.829401e-02	1.269151e+01
3.584000e-05	-4.483648e-02	1.262837e+01
3.585000e-05	-3.788768e-02	1.255313e+01
3.586000e-05	-3.563828e-02	1.244895e+01
3.587000e-05	-3.487146e-02	1.238419e+01
3.588000e-05	-3.423354e-02	1.231040e+01
3.589000e-05	-2.880797e-02	1.213521e+01
3.590000e-05	-2.689288e-02	1.205042e+01
3.591000e-05	-2.741369e-02	1.198307e+01
3.592000e-05	-3.106848e-02	1.185782e+01
3.593000e-05	-2.755543e-02	1.171256e+01
3.594000e-05	-2.557821e-02	1.158662e+01
3.595000e-05	-2.119333e-02	1.140787e+01
3.596000e-05	-2.389739e-02	1.129098e+01
3.597000e-05	-2.105687e-02	1.114511e+01
3.598000e-05	-1.849049e-02	1.103624e+01
3.599000e-05	-1.487448e-02	1.089895e+01
3.600000e-05	-1.835107e-02	1.077361e+01
3.601000e-05	-2.039339e-02	1.056519e+01
3.602000e-05	-2.067469e-02	1.042590e+01
3.603000e-05	-1.574797e-02	1.026942e+01
3.604000e-05	-1.553453e-02	1.012096e+01
3.605000e-05	-1.463833e-02	9.962580e+00
3.606000e-05	-1.566664e-02	9.752115e+00
3.607000e-05	-1.188442e-02	9.605209e+00
3.608000e-05	-1.090535e-02	9.404214e+00
3.609000e-05	-1.229813e-02	9.267845e+00
3.610000e-05	-1.507166e-02	9.080422e+00
3.611000e-05	-1.649037e-02	8.847919e+00
3.612000e-05	-1.180322e-02	8.678896e+00
3.613000e-05	-1.244594e-02	8.520476e+00
3.614000e-05	-9.886983e-03	8.340029e+00
3.615000e-05	-1.121525e-02	8.121402e+00
3.616000e-05	-9.366317e-03	7.940546e+00
3.617000e-05	-7.885418e-03	7.750551e+00
3.618000e-05	-1.207463e-02	7.548476e+00
3.619000e-05	-1.225129e-02	7.248317e+00
3.620000e-05	-1.347606e-02	7.037217e+00
3.621000e-05	-9.960450e-03	6.876766e+00
3.622000e-05	-7.760192e-03	6.664743e+00
3.623000e-05	-8.954682e-03	6.395630e+00
3.624000e-05	-8.307760e-03	6.201606e+00
3.625000e-05	-9.271631e-03	6.032631e+00
3.626000e-05	-7.195692e-03	5.774631e+00
3.627000e-05	-9.988953e-03	5.578450e+00
3.628000e-05	-8.664355e-03	5.278472e+00
3.629000e-05	-1.030463e-02	5.043656e+00
3.630000e-05	-6.597473e-03	4.751530e+00
3.631000e-05	-7.752418e-03	4.527951e+00
3.632000e-05	-7.003322e-03	4.358398e+00
3.633000e-05	-8.934283e-03	4.036213e+00
3.634000e-05	-7.699434e-03	3.831754e+00
3.635000e-05	-6.634273e-03	3.611029e+00
3.636000e-05	-5.959836e-03	3.391950e+00
3.637000e-05	-6.164097e-03	3.107893e+00
3.638000e-05	-7.124902e-03	2.874762e+00
3.639000e-05	-6.258447e-03	2.693814e+00
3.640000e-05	-6.499197e-03	2.359975e+00
3.641000e-05	-6.748263e-03	2.127294e+00
3.642000e-05	-7.964398e-03	1.948894e+00
3.643000e-05	-6.060779e-03	1.684214e+00
3.644000e-05	-6.081266e-03	1.412026e+00
3.645000e-05	-3.883692e-03	1.179394e+00
3.646000e-05	-5.152096e-03	8.435802e-01
3.647000e-05	-4.753617e-03	6.405523e-01
3.648000e-05	-4.593865e-03	4.199773e-01
3.649000e-05	-4.054536e-03	9.478710e-02
3.650000e-05	-2.637320e-03	-1.053172e-01
3.651000e-05	5.391518e-03	-3.253671e-01
3.652000e-05	-4.373650e-03	-5.279472e-01
3.653000e-05	3.202322e-03	-8.306789e-01
3.654000e-05	-3.934913e-03	-1.042133e+00
3.655000e-05	1.721894e-03	-1.262685e+00
3.656000e-05	-3.741894e-03	-1.536319e+00
3.657000e-05	1.775906e-02	-1.747395e+00
3.658000e-05	8.825939e-02	-1.908445e+00
3.659000e-05	8.394721e-03	-2.285189e+00
3.660000e-05	-5.538328e-02	-2.622710e+00
3.661000e-05	-2.148037e-02	-2.855895e+00
3.662000e-05	-6.397975e-02	-3.098419e+00
3.663000e-05	-6.009627e-02	-3.255312e+00
3.664000e-05	1.728823e-01	-3.391080e+00
3.665000e-05	-1.174130e-01	-3.633237e+00
3.666000e-05	2.271885e-02	-3.940549e+00
3.667000e-05	1.155712e-01	-4.066290e+00
3.668000e-05	-1.496432e-01	-4.373133e+00
3.669000e-05	1.656971e-01	-4.593761e+00
3.670000e-05	-8.658502e-02	-4.814186e+00
3.671000e-05	-9.230576e-02	-5.108346e+00
3.672000e-05	1.131445e-01	-5.268421e+00
3.673000e-05	-9.011391e-02	-5.574291e+00
3.674000e-05	1.325131e-01	-5.814312e+00
3.675000e-05	-6.767459e-02	-5.994686e+00
3.676000e-05	-2.570111e-02	-6.309550e+00
3.677000e-05	9.061330e-02	-6.478917e+00
3.678000e-05	-8.544196e-02	-6.727974e+00
3.679000e-05	1.065375e-01	-6.892156e+00
3.680000e-05	-1.282788e-01	-7.132581e+00
3.681000e-05	7.744542e-02	-7.404814e+00
3.682000e-05	3.483185e-02	-7.584737e+00
3.683000e-05	-4.708441e-02	-7.869300e+00
3.684000e-05	7.237475e-02	-8.045368e+00
3.685000e-05	-1.144609e-01	-8.247314e+00
3.686000e-05	1.046801e-01	-8.425796e+00
3.687000e-05	-2.935892e-02	-8.645817e+00
3.688000e-05	4.076398e-02	-8.837797e+00
3.689000e-05	-1.463673e-02	-9.004260e+00
3.690000e-05	-2.435714e-02	-9.222685e+00
3.691000e-05	7.052280e-02	-9.353162e+00
3.692000e-05	-4.413702e-02	-9.541685e+00
3.693000e-05	4.437738e-02	-9.721105e+00
3.694000e-05	-6.082529e-02	-9.879476e+00
3.695000e-05	5.769813e-02	-1.006845e+01
3.696000e-05	1.203486e-02	-1.022790e+01
3.697000e-05	1.787334e-02	-1.041584e+01
3.698000e-05	-3.626116e-03	-1.054308e+01
3.699000e-05	-1.239358e-02	-1.070103e+01
3.700000e-05	3.875221e-02	-1.084740e+01
3.701000e-05	-5.531702e-03	-1.096571e+01
3.702000e-05	1.912160e-02	-1.110319e+01
3.703000e-05	-2.201899e-02	-1.125055e+01
3.704000e-05	3.296723e-02	-1.141732e+01
3.705000e-05	1.945604e-02	-1.155429e+01
3.706000e-05	2.059045e-02	-1.169166e+01
3.707000e-05	-5.831618e-03	-1.179885e+01
3.708000e-05	3.596190e-03	-1.198627e+01
3.709000e-05	2.304797e-02	-1.207905e+01
3.710000e-05	1.807344e-02	-1.217624e+01
3.711000e-05	1.022916e-02	-1.224001e+01
3.712000e-05	-1.290930e-03	-1.237527e+01
3.713000e-05	2.011521e-02	-1.246055e+01
3.714000e-05	2.731249e-02	-1.252472e+01
3.715000e-05	2.114691e-02	-1.264048e+01
3.716000e-05	5.515910e-03	-1.275363e+01
3.717000e-05	1.085631e-02	-1.281747e+01
3.718000e-05	2.402007e-02	-1.290010e+01
3.719000e-05	2.963310e-02	-1.292414e+01
3.720000e-05	1.315524e-02	-1.302574e+01
3.721000e-05	8.194175e-03	-1.305947e+01
3.722000e-05	1.607792e-02	-1.312159e+01
3.723000e-05	3.167580e-02	-1.312679e+01
3.724000e-05	2.601738e-02	-1.320887e+01
3.725000e-05	1.847525e-02	-1.318912e+01
3.726000e-05	1.578781e-02	-1.327908e+01
3.727000e-05	3.018318e-02	-1.328171e+01
3.728000e-05	3.527041e-02	-1.330314e+01
3.729000e-05	2.509575e-02	-1.330261e+01
3.730000e-05	1.952248e-02	-1.331422e+01
3.731000e-05	2.340489e-02	-1.330627e+01
3.732000e-05	3.852822e-02	-1.334727e+01
3.733000e-05	3.703496e-02	-1.331635e+01
3.734000e-05	3.014655e-02	-1.338774e+01
3.735000e-05	2.812926e-02	-1.332624e+01
3.736000e-05	3.853175e-02	-1.327619e+01
3.737000e-05	4.517461e-02	-1.331411e+01
3.738000e-05	3.913611e-02	-1.330266e+01
3.739000e-05	3.316533e-02	-1.326058e+01
3.740000e-05	3.720381e-02	-1.321848e+01
3.741000e-05	4.801581e-02	-1.318745e+01
3.742000e-05	4.725168e-02	-1.318580e+01
3.743000e-05	3.921890e-02	-1.313326e+01
3.744000e-05	3.603436e-02	-1.305053e+01
3.745000e-05	4.250839e-02	-1.299687e+01
3.746000e-05	4.712614e-02	-1.294519e+01
3.747000e-05	4.018084e-02	-1.288105e+01
3.748000e-05	3.283866e-02	-1.283842e+01
3.749000e-05	3.297827e-02	-1.279432e+01
3.750000e-05	3.679770e-02	-1.267306e+01
3.751000e-05	3.448808e-02	-1.258832e+01
3.752000e-05	2.594690e-02	-1.250213e+01
3.753000e-05	2.092702e-02	-1.239639e+01
3.754000e-05	2.585785e-02	-1.230121e+01
3.755000e-05	2.818995e-02	-1.217589e+01
3.756000e-05	2.487070e-02	-1.205163e+01
3.757000e-05	1.607553e-02	-1.202685e+01
3.758000e-05	1.599672e-02	-1.192208e+01
3.759000e-05	2.013426e-02	-1.176526e+01
3.760000e-05	1.892398e-02	-1.158842e+01
3.761000e-05	1.170902e-02	-1.146153e+01
3.762000e-05	7.586171e-03	-1.132426e+01
3.763000e-05	1.085866e-02	-1.114381e+01
3.764000e-05	1.558479e-02	-1.101680e+01
3.765000e-05	1.332797e-02	-1.087903e+01
3.766000e-05	8.110337e-03	-1.072311e+01
3.767000e-05	6.103274e-03	-1.059527e+01
3.768000e-05	1.017472e-02	-1.043795e+01
3.769000e-05	1.040665e-02	-1.031063e+01
3.770000e-05	4.648802e-03	-1.012061e+01
3.771000e-05	5.616205e-04	-9.942231e+00
3.772000e-05	3.435047e-03	-9.796239e+00
3.773000e-05	7.808386e-03	-9.636872e+00
3.774000e-05	7.936621e-03	-9.477948e+00
3.775000e-05	3.641753e-03	-9.258427e+00
3.776000e-05	2.917157e-03	-9.171102e+00
3.777000e-05	4.549249e-03	-8.959584e+00
3.778000e-05	4.863928e-03	-8.743106e+00
3.779000e-05	1.526560e-03	-8.472035e+00
3.780000e-05	-2.287036e-03	-8.321556e+00
3.781000e-05	-9.754675e-04	-8.163132e+00
3.782000e-05	2.632786e-03	-7.943284e+00
3.783000e-05	4.002634e-03	-7.753140e+00
3.784000e-05	1.354909e-03	-7.511076e+00
3.785000e-05	-5.843649e-04	-7.327472e+00
3.786000e-05	8.218186e-04	-7.150477e+00
3.787000e-05	1.970794e-03	-6.837400e+00
3.788000e-05	-1.149607e-03	-6.686318e+00
3.789000e-05	-3.746750e-03	-6.406342e+00
3.790000e-05	-3.190356e-03	-6.217321e+00
3.791000e-05	2.814804e-04	-5.974232e+00
3.792000e-05	2.871468e-04	-5.752156e+00
3.793000e-05	-1.481256e-03	-5.549605e+00
3.794000e-05	-5.241726e-03	-5.308421e+00
3.795000e-05	-8.015441e-04	-5.036735e+00
3.796000e-05	-2.212437e-03	-4.751105e+00
3.797000e-05	-1.222533e-03	-4.539497e+00
3.798000e-05	-5.256986e-03	-4.339502e+00
3.799000e-05	-3.335943e-03	-4.138923e+00
3.800000e-05	-2.534062e-03	-3.906819e+00
3.801000e-05	-2.267359e-03	-3.614210e+00
3.802000e-05	-3.827821e-03	-3.430709e+00
3.803000e-05	-6.109848e-03	-3.149554e+00
3.804000e-05	-3.033744e-03	-2.897451e+00
3.805000e-05	-4.707747e-03	-2.686266e+00
3.806000e-05	-2.716188e-03	-2.452706e+00
3.807000e-05	-6.033367e-03	-2.210206e+00
3.808000e-05	-3.587758e-03	-1.938373e+00
3.809000e-05	-3.922810e-03	-1.727371e+00
3.810000e-05	-4.001217e-03	-1.474165e+00
3.811000e-05	-7.645863e-03	-1.178901e+00
3.812000e-05	-7.147871e-03	-8.962906e-01
3.813000e-05	-7.175344e-03	-6.753921e-01
3.814000e-05	-4.664311e-03	-4.220550e-01
3.815000e-05	-4.400394e-03	-2.094773e-01
3.816000e-05	-1.174411e-03	3.155645e-02
3.817000e-05	6.545081e-03	3.248419e-01
3.818000e-05	-3.824156e-03	5.262882e-01
3.819000e-05	3.498758e-03	7.279908e-01
3.820000e-05	-7.439587e-03	9.678974e-01
3.821000e-05	-2.835891e-03	1.221555e+00
3.822000e-05	-4.556227e-03	1.504214e+00
3.823000e-05	6.287572e-03	1.747369e+00
3.824000e-05	3.790240e-02	1.967868e+00
3.825000e-05	7.329961e-02	2.181975e+00
3.826000e-05	-5.805877e-02	2.505837e+00
3.827000e-05	-3.325346e-02	2.740900e+00
3.828000e-05	-4.027807e-02	3.011551e+00
3.829000e-05	-4.177114e-02	3.190901e+00
3.830000e-05	-7.035364e-02	3.372076e+00
3.831000e-05	1.348479e-01	3.601050e+00
3.832000e-05	-8.547079e-02	3.834234e+00
3.833000e-05	-2.057155e-02	4.032158e+00
3.834000e-05	1.412884e-01	4.307343e+00
3.835000e-05	-1.014387e-01	4.539445e+00
3.836000e-05	5.739318e-02	4.780496e+00
3.837000e-05	-3.862578e-02	5.046767e+00
3.838000e-05	-5.529442e-02	5.287894e+00
3.839000e-05	4.364689e-02	5.551452e+00
3.840000e-05	-2.535626e-02	5.794105e+00
3.841000e-05	2.129835e-02	6.043686e+00
3.842000e-05	-2.550454e-02	6.255738e+00
3.843000e-05	-2.102041e-02	6.445737e+00
3.844000e-05	1.899859e-02	6.667894e+00
3.845000e-05	-3.131055e-02	6.908872e+00
3.846000e-05	3.005965e-02	7.127354e+00
3.847000e-05	-6.459104e-02	7.280601e+00
3.848000e-05	3.589230e-02	7.572104e+00
3.849000e-05	4.063670e-03	7.803742e+00
3.850000e-05	-2.874869e-02	8.036213e+00
3.851000e-05	3.500125e-04	8.235738e+00
3.852000e-05	-3.904406e-02	8.373188e+00
3.853000e-05	1.643459e-02	8.571107e+00
3.854000e-05	-9.610549e-03	8.731979e+00
3.855000e-05	-5.309755e-04	8.933658e+00
3.856000e-05	-2.191595e-02	9.160080e+00
3.857000e-05	-1.013459e-02	9.329475e+00
3.858000e-05	3.480993e-03	9.499370e+00
3.859000e-05	-2.139092e-02	9.667572e+00
3.860000e-05	-1.549817e-02	9.828242e+00
3.861000e-05	-2.487648e-02	1.003529e+01
3.862000e-05	7.406347e-04	1.018566e+01
3.863000e-05	-2.487313e-04	1.033048e+01
3.864000e-05	-1.368697e-02	1.049856e+01
3.865000e-05	-1.946142e-02	1.062730e+01
3.866000e-05	-1.732826e-02	1.082529e+01
3.867000e-05	-5.921457e-03	1.091311e+01
3.868000e-05	-1.466816e-02	1.105750e+01
3.869000e-05	-2.032304e-02	1.123785e+01
3.870000e-05	-2.121845e-02	1.130626e+01
3.871000e-05	-8.834780e-03	1.153353e+01
3.872000e-05	-6.324946e-03	1.167800e+01
3.873000e-05	-1.812798e-02	1.178621e+01
3.874000e-05	-2.532442e-02	1.190953e+01
3.875000e-05	-2.137070e-02	1.198682e+01
3.876000e-05	-1.183082e-02	1.208013e+01
3.877000e-05	-1.717784e-02	1.215674e+01
3.878000e-05	-2.481216e-02	1.230253e+01
3.879000e-05	-2.463866e-02	1.244690e+01
3.880000e-05	-1.752696e-02	1.248100e+01
3.881000e-05	-1.250027e-02	1.256569e+01
3.882000e-05	-2.275721e-02	1.262882e+01
3.883000e-05	-2.793429e-02	1.275311e+01
3.884000e-05	-2.602048e-02	1.279689e+01
3.885000e-05	-1.959319e-02	1.284155e+01
3.886000e-05	-2.175657e-02	1.289116e+01
3.887000e-05	-2.949157e-02	1.299679e+01
3.888000e-05	-3.219912e-02	1.304040e+01
3.889000e-05	-2.699618e-02	1.313203e+01
3.890000e-05	-2.356345e-02	1.318421e+01
3.891000e-05	-2.836757e-02	1.320684e+01
3.892000e-05	-3.485243e-02	1.322740e+01
3.893000e-05	-3.276069e-02	1.325892e+01
3.894000e-05	-2.813142e-02	1.327000e+01
3.895000e-05	-3.038699e-02	1.327053e+01
3.896000e-05	-3.798533e-02	1.332003e+01
3.897000e-05	-4.096164e-02	1.329106e+01
3.898000e-05	-3.842660e-02	1.330163e+01
3.899000e-05	-3.509113e-02	1.332208e+01
3.900000e-05	-3.844710e-02	1.329106e+01
3.901000e-05	-4.369256e-02	1.331203e+01
3.902000e-05	-4.594251e-02	1.327055e+01
3.903000e-05	-4.255728e-02	1.326005e+01
3.904000e-05	-4.477859e-02	1.326945e+01
3.905000e-05	-4.907273e-02	1.325790e+01
3.906000e-05	-5.275194e-02	1.322535e+01
3.907000e-05	-4.962828e-02	1.317579e+01
3.908000e-05	-4.480428e-02	1.314358e+01
3.909000e-05	-4.693761e-02	1.305050e+01
3.910000e-05	-5.118353e-02	1.299779e+01
3.911000e-05	-5.177562e-02	1.292516e+01
3.912000e-05	-4.680036e-02	1.287106e+01
3.913000e-05	-4.452892e-02	1.283837e+01
3.914000e-05	-4.596586e-02	1.277422e+01
3.915000e-05	-4.508241e-02	1.273253e+01
3.916000e-05	-4.228224e-02	1.263782e+01
3.917000e-05	-3.602407e-02	1.252161e+01
3.918000e-05	-3.449345e-02	1.246892e+01
3.919000e-05	-3.598474e-02	1.238326e+01
3.920000e-05	-3.543348e-02	1.227990e+01
3.921000e-05	-3.057379e-02	1.212519e+01
3.922000e-05	-2.822489e-02	1.203785e+01
3.923000e-05	-2.672591e-02	1.195371e+01
3.924000e-05	-2.937780e-02	1.181835e+01
3.925000e-05	-2.569046e-02	1.173000e+01
3.926000e-05	-2.429712e-02	1.156579e+01
3.927000e-05	-1.992057e-02	1.138640e+01
3.928000e-05	-2.314064e-02	1.125058e+01
3.929000e-05	-2.138363e-02	1.114163e+01
3.930000e-05	-2.036224e-02	1.098572e+01
3.931000e-05	-1.760849e-02	1.084943e+01
3.932000e-05	-1.946705e-02	1.076308e+01
3.933000e-05	-1.884455e-02	1.052619e+01
3.934000e-05	-1.880863e-02	1.039627e+01
3.935000e-05	-1.527223e-02	1.023885e+01
3.936000e-05	-1.413465e-02	1.008055e+01
3.937000e-05	-1.454681e-02	9.972635e+00
3.938000e-05	-1.586585e-02	9.754606e+00
3.939000e-05	-1.454790e-02	9.612661e+00
3.940000e-05	-1.195204e-02	9.394214e+00
3.941000e-05	-1.258386e-02	9.247267e+00
3.942000e-05	-1.408704e-02	9.066973e+00
3.943000e-05	-1.379163e-02	8.826396e+00
3.944000e-05	-1.181802e-02	8.698422e+00
3.945000e-05	-1.042370e-02	8.489449e+00
3.946000e-05	-1.141992e-02	8.312503e+00
3.947000e-05	-1.202367e-02	8.120957e+00
3.948000e-05	-1.146792e-02	7.900050e+00
3.949000e-05	-9.434256e-03	7.728946e+00
3.950000e-05	-9.858473e-03	7.507923e+00
3.951000e-05	-1.097967e-02	7.226789e+00
3.952000e-05	-1.099156e-02	7.034713e+00
3.953000e-05	-9.663543e-03	6.836214e+00
3.954000e-05	-9.391212e-03	6.624769e+00
3.955000e-05	-8.753407e-03	6.403582e+00
3.956000e-05	-1.047689e-02	6.182105e+00
3.957000e-05	-8.899335e-03	6.001606e+00
3.958000e-05	-8.256259e-03	5.711053e+00
3.959000e-05	-7.253947e-03	5.519422e+00
3.960000e-05	-9.081526e-03	5.287922e+00
3.961000e-05	-7.980231e-03	4.974559e+00
3.962000e-05	-8.093996e-03	4.749952e+00
3.963000e-05	-7.088952e-03	4.529446e+00
3.964000e-05	-8.139459e-03	4.308896e+00
3.965000e-05	-8.451803e-03	4.023162e+00
3.966000e-05	-8.381437e-03	3.810607e+00
3.967000e-05	-7.088564e-03	3.601107e+00
3.968000e-05	-6.491141e-03	3.350901e+00
3.969000e-05	-6.050109e-03	3.125842e+00
3.970000e-05	-6.309758e-03	2.885811e+00
3.971000e-05	-6.379065e-03	2.674109e+00
3.972000e-05	-6.388411e-03	2.347969e+00
3.973000e-05	-6.005229e-03	2.157796e+00
3.974000e-05	-5.194380e-03	1.906389e+00
3.975000e-05	-6.621895e-03	1.642133e+00
3.976000e-05	-6.975296e-03	1.380025e+00
3.977000e-05	-5.943456e-03	1.138392e+00
3.978000e-05	-5.087607e-03	8.336265e-01
3.979000e-05	-5.076898e-03	6.219748e-01
3.980000e-05	-5.740384e-03	3.994998e-01
3.981000e-05	-3.668058e-03	1.166879e-01
3.982000e-05	-1.296758e-03	-1.063395e-01
3.983000e-05	7.831103e-03	-3.373173e-01
3.984000e-05	-5.223628e-03	-5.598752e-01
3.985000e-05	2.003226e-03	-8.220780e-01
3.986000e-05	-5.587983e-03	-1.062658e+00
3.987000e-05	1.905720e-03	-1.275715e+00
3.988000e-05	-2.829372e-03	-1.559419e+00
3.989000e-05	1.970685e-02	-1.738871e+00
3.990000e-05	9.035868e-02	-1.936920e+00
3.991000e-05	-1.046278e-03	-2.277768e+00
3.992000e-05	-4.763281e-02	-2.664711e+00
3.993000e-05	-2.533934e-02	-2.926846e+00
3.994000e-05	-6.437535e-02	-3.149945e+00
3.995000e-05	-5.376377e-02	-3.286341e+00
3.996000e-05	1.759221e-01	-3.411129e+00
3.997000e-05	-1.336576e-01	-3.685769e+00
3.998000e-05	4.835530e-02	-3.971026e+00
3.999000e-05	9.256641e-02	-4.076392e+00
4.000000e-05	-1.365518e-01	-4.410605e+00
4.001000e-05	1.688126e-01	-4.612735e+00
4.002000e-05	-1.047916e-01	-4.885714e+00
4.003000e-05	-7.442574e-02	-5.079901e+00
4.004000e-05	1.048296e-01	-5.309025e+00
4.005000e-05	-8.875429e-02	-5.615287e+00
4.006000e-05	1.391217e-01	-5.835239e+00
4.007000e-05	-8.397343e-02	-5.993819e+00
4.008000e-05	-5.485686e-03	-6.320575e+00
4.009000e-05	7.794038e-02	-6.477972e+00
4.010000e-05	-7.866486e-02	-6.761478e+00
4.011000e-05	1.036125e-01	-6.911655e+00
4.012000e-05	-1.358802e-01	-7.183238e+00
4.013000e-05	9.547888e-02	-7.406340e+00
4.014000e-05	1.724177e-02	-7.596212e+00
4.015000e-05	-3.323930e-02	-7.878997e+00
4.016000e-05	6.025942e-02	-8.076897e+00
4.017000e-05	-1.098567e-01	-8.245793e+00
4.018000e-05	1.095799e-01	-8.476998e+00
4.019000e-05	-3.722943e-02	-8.647343e+00
4.020000e-05	4.861351e-02	-8.888420e+00
4.021000e-05	-2.640777e-02	-8.955293e+00
4.022000e-05	-1.173157e-02	-9.205242e+00
4.023000e-05	6.356549e-02	-9.344657e+00
4.024000e-05	-4.164162e-02	-9.594663e+00
4.025000e-05	4.160515e-02	-9.742083e+00
4.026000e-05	-6.292404e-02	-9.919399e+00
4.027000e-05	6.294891e-02	-1.006903e+01
4.028000e-05	5.286627e-03	-1.020937e+01
4.029000e-05	2.259560e-02	-1.043729e+01
4.030000e-05	-9.530145e-03	-1.056268e+01
4.031000e-05	-5.052130e-03	-1.072103e+01
4.032000e-05	3.617724e-02	-1.084850e+01
4.033000e-05	-4.173307e-03	-1.100580e+01
4.034000e-05	1.600113e-02	-1.116273e+01
4.035000e-05	-2.101669e-02	-1.127208e+01
4.036000e-05	3.470988e-02	-1.145700e+01
4.037000e-05	1.818981e-02	-1.158479e+01
4.038000e-05	2.157733e-02	-1.167264e+01
4.039000e-05	-8.593035e-03	-1.183205e+01
4.040000e-05	7.145634e-03	-1.199579e+01
4.041000e-05	2.229643e-02	-1.210101e+01
4.042000e-05	1.832037e-02	-1.215581e+01
4.043000e-05	6.813885e-03	-1.230196e+01
4.044000e-05	-1.382337e-03	-1.240632e+01
4.045000e-05	2.049975e-02	-1.245008e+01
4.046000e-05	2.726050e-02	-1.253524e+01
4.047000e-05	2.059750e-02	-1.264948e+01
4.048000e-05	5.669806e-03	-1.277421e+01
4.049000e-05	1.249621e-02	-1.285787e+01
4.050000e-05	2.484734e-02	-1.288156e+01
4.051000e-05	2.810352e-02	-1.294314e+01
4.052000e-05	1.113598e-02	-1.297534e+01
4.053000e-05	8.993748e-03	-1.306900e+01
4.054000e-05	1.895615e-02	-1.310261e+01
4.055000e-05	3.297458e-02	-1.315377e+01
4.056000e-05	2.415719e-02	-1.320793e+01
4.057000e-05	1.719654e-02	-1.323750e+01
4.058000e-05	1.815318e-02	-1.326961e+01
4.059000e-05	3.146630e-02	-1.328216e+01
4.060000e-05	3.323256e-02	-1.334269e+01
4.061000e-05	2.356562e-02	-1.331472e+01
4.062000e-05	1.985345e-02	-1.330427e+01
4.063000e-05	2.646039e-02	-1.334527e+01
4.064000e-05	3.890397e-02	-1.334675e+01
4.065000e-05	3.532471e-02	-1.336730e+01
4.066000e-05	2.994038e-02	-1.332529e+01
4.067000e-05	2.878142e-02	-1.334482e+01
4.068000e-05	3.983306e-02	-1.331277e+01
4.069000e-05	4.445327e-02	-1.329369e+01
4.070000e-05	3.729436e-02	-1.331308e+01
4.071000e-05	3.367187e-02	-1.325958e+01
4.072000e-05	3.858947e-02	-1.321850e+01
4.073000e-05	4.810629e-02	-1.321645e+01
4.074000e-05	4.639729e-02	-1.316579e+01
4.075000e-05	3.855934e-02	-1.310266e+01
4.076000e-05	3.638398e-02	-1.307050e+01
4.077000e-05	4.323466e-02	-1.301884e+01
4.078000e-05	4.631781e-02	-1.293324e+01
4.079000e-05	4.025561e-02	-1.289003e+01
4.080000e-05	3.236558e-02	-1.283642e+01
4.081000e-05	3.295674e-02	-1.280474e+01
4.082000e-05	3.734577e-02	-1.270308e+01
4.083000e-05	3.414393e-02	-1.258885e+01
4.084000e-05	2.611797e-02	-1.248156e+01
4.085000e-05	2.123355e-02	-1.236735e+01
4.086000e-05	2.572704e-02	-1.230221e+01
4.087000e-05	2.729259e-02	-1.220792e+01
4.088000e-05	2.349177e-02	-1.212111e+01
4.089000e-05	1.576340e-02	-1.201637e+01
4.090000e-05	1.598237e-02	-1.184200e+01
4.091000e-05	2.007985e-02	-1.172371e+01
4.092000e-05	1.931734e-02	-1.157697e+01
4.093000e-05	1.301124e-02	-1.150148e+01
4.094000e-05	8.923973e-03	-1.132353e+01
4.095000e-05	1.209042e-02	-1.113377e+01
4.096000e-05	1.490437e-02	-1.100637e+01
4.097000e-05	1.218437e-02	-1.087945e+01
4.098000e-05	7.621784e-03	-1.076263e+01
4.099000e-05	6.317089e-03	-1.058577e+01
4.100000e-05	9.349776e-03	-1.045947e+01
4.101000e-05	1.011469e-02	-1.030108e+01
4.102000e-05	5.494245e-03	-1.005111e+01
4.103000e-05	3.122344e-03	-9.972560e+00
4.104000e-05	4.051739e-03	-9.783269e+00
4.105000e-05	7.343024e-03	-9.647866e+00
4.106000e-05	6.014889e-03	-9.439850e+00
4.107000e-05	2.666843e-03	-9.257921e+00
4.108000e-05	1.615416e-03	-9.128900e+00
4.109000e-05	3.955963e-03	-8.930057e+00
4.110000e-05	5.125819e-03	-8.772635e+00
4.111000e-05	2.183683e-03	-8.511054e+00
4.112000e-05	-8.547674e-04	-8.349529e+00
4.113000e-05	2.568540e-04	-8.162131e+00
4.114000e-05	2.862985e-03	-7.982663e+00
4.115000e-05	1.836015e-03	-7.712660e+00
4.116000e-05	-3.100276e-04	-7.499550e+00
4.117000e-05	-9.142102e-04	-7.317451e+00
4.118000e-05	1.650166e-04	-7.118950e+00
4.119000e-05	2.064027e-03	-6.855843e+00
4.120000e-05	-5.613146e-04	-6.606315e+00
4.121000e-05	-1.436681e-03	-6.455794e+00
4.122000e-05	-1.413976e-03	-6.205215e+00
4.123000e-05	3.188314e-05	-5.983109e+00
4.124000e-05	-1.291102e-03	-5.731052e+00
4.125000e-05	-1.885007e-03	-5.541530e+00
4.126000e-05	-5.078130e-03	-5.277395e+00
4.127000e-05	-9.538997e-04	-5.024761e+00
4.128000e-05	-3.129297e-03	-4.770003e+00
4.129000e-05	-4.164205e-04	-4.529925e+00
4.130000e-05	-3.774620e-03	-4.328949e+00
4.131000e-05	-2.252806e-03	-4.086895e+00
4.132000e-05	-3.166110e-03	-3.907872e+00
4.133000e-05	-3.442965e-03	-3.622659e+00
4.134000e-05	-4.922334e-03	-3.431553e+00
4.135000e-05	-5.793602e-03	-3.130604e+00
4.136000e-05	-2.957637e-03	-2.867317e+00
4.137000e-05	-3.919889e-03	-2.675338e+00
4.138000e-05	-2.382598e-03	-2.412684e+00
4.139000e-05	-5.083139e-03	-2.201705e+00
4.140000e-05	-3.052091e-03	-1.917421e+00
4.141000e-05	-4.195761e-03	-1.706321e+00
4.142000e-05	-3.999037e-03	-1.464136e+00
4.143000e-05	-8.194925e-03	-1.198426e+00
4.144000e-05	-5.951541e-03	-8.667931e-01
4.145000e-05	-6.726539e-03	-7.152328e-01
4.146000e-05	-4.100310e-03	-3.994523e-01
4.147000e-05	-4.446118e-03	-1.368747e-01
4.148000e-05	-5.875198e-04	3.210400e-02
4.149000e-05	5.369820e-03	2.863122e-01
4.150000e-05	-4.929851e-03	5.572674e-01
4.151000e-05	3.693647e-03	7.573696e-01
4.152000e-05	-7.153079e-03	9.990239e-01
4.153000e-05	-1.828644e-03	1.273133e+00
4.154000e-05	-4.652820e-03	1.526318e+00
4.155000e-05	6.845377e-03	1.758368e+00
4.156000e-05	4.063885e-02	1.968821e+00
4.157000e-05	6.980807e-02	2.182100e+00
4.158000e-05	-6.308707e-02	2.496265e+00
4.159000e-05	-2.964840e-02	2.810451e+00
4.160000e-05	-4.116425e-02	3.052682e+00
4.161000e-05	-4.373610e-02	3.211553e+00
4.162000e-05	-6.288554e-02	3.432554e+00
4.163000e-05	1.385705e-01	3.592104e+00
4.164000e-05	-1.038603e-01	3.814162e+00
4.165000e-05	2.738464e-03	4.042660e+00
4.166000e-05	1.249813e-01	4.308320e+00
4.167000e-05	-9.827931e-02	4.600974e+00
4.168000e-05	6.206713e-02	4.751497e+00
4.169000e-05	-4.821961e-02	5.058363e+00
4.170000e-05	-4.665493e-02	5.318969e+00
4.171000e-05	4.143625e-02	5.560475e+00
4.172000e-05	-2.620168e-02	5.815184e+00
4.173000e-05	2.275353e-02	6.024083e+00
4.174000e-05	-2.852594e-02	6.236766e+00
4.175000e-05	-1.544151e-02	6.455893e+00
4.176000e-05	1.581295e-02	6.740795e+00
4.177000e-05	-2.835013e-02	6.909422e+00
4.178000e-05	2.770519e-02	7.149425e+00
4.179000e-05	-6.624050e-02	7.362106e+00
4.180000e-05	4.185915e-02	7.582633e+00
4.181000e-05	-3.535180e-03	7.836661e+00
4.182000e-05	-2.471024e-02	8.006364e+00
4.183000e-05	-2.637883e-03	8.275741e+00
4.184000e-05	-3.635974e-02	8.434767e+00
4.185000e-05	1.760167e-02	8.582633e+00
4.186000e-05	-1.151533e-02	8.753029e+00
4.187000e-05	-1.430653e-04	8.913106e+00
4.188000e-05	-2.416426e-02	9.133101e+00
4.189000e-05	-6.381295e-03	9.310551e+00
4.190000e-05	1.550702e-03	9.478824e+00
4.191000e-05	-2.116412e-02	9.665896e+00
4.192000e-05	-1.633355e-02	9.856271e+00
4.193000e-05	-2.416785e-02	1.007586e+01
4.194000e-05	2.491236e-03	1.016571e+01
4.195000e-05	-1.680630e-03	1.035255e+01
4.196000e-05	-1.417478e-02	1.044003e+01
4.197000e-05	-2.138532e-02	1.059977e+01
4.198000e-05	-1.619960e-02	1.081579e+01
4.199000e-05	-6.082184e-03	1.096263e+01
4.200000e-05	-1.480120e-02	1.110040e+01
4.201000e-05	-2.139302e-02	1.121784e+01
4.202000e-05	-2.031293e-02	1.135367e+01
4.203000e-05	-7.923022e-03	1.153105e+01
4.204000e-05	-6.687056e-03	1.165787e+01
4.205000e-05	-1.892562e-02	1.178571e+01
4.206000e-05	-2.573727e-02	1.190203e+01
4.207000e-05	-2.114472e-02	1.201784e+01
4.208000e-05	-1.255497e-02	1.207058e+01
4.209000e-05	-1.603544e-02	1.218730e+01
4.210000e-05	-2.463909e-02	1.231451e+01
4.211000e-05	-2.467432e-02	1.243835e+01
4.212000e-05	-1.831341e-02	1.250158e+01
4.213000e-05	-1.222873e-02	1.254471e+01
4.214000e-05	-2.243043e-02	1.264890e+01
4.215000e-05	-2.719739e-02	1.273308e+01
4.216000e-05	-2.577853e-02	1.281692e+01
4.217000e-05	-2.039923e-02	1.285953e+01
4.218000e-05	-2.148349e-02	1.290369e+01
4.219000e-05	-3.029179e-02	1.295617e+01
4.220000e-05	-3.194864e-02	1.304092e+01
4.221000e-05	-2.830229e-02	1.309348e+01
4.222000e-05	-2.324334e-02	1.312508e+01
4.223000e-05	-2.920683e-02	1.316591e+01
4.224000e-05	-3.449025e-02	1.323742e+01
4.225000e-05	-3.307304e-02	1.325950e+01
4.226000e-05	-2.793079e-02	1.329098e+01
4.227000e-05	-3.008431e-02	1.327253e+01
4.228000e-05	-3.828142e-02	1.328206e+01
4.229000e-05	-4.102690e-02	1.334411e+01
4.230000e-05	-3.925495e-02	1.330103e+01
4.231000e-05	-3.493097e-02	1.333256e+01
4.232000e-05	-3.814342e-02	1.332213e+01
4.233000e-05	-4.416867e-02	1.329150e+01
4.234000e-05	-4.608859e-02	1.328958e+01
4.235000e-05	-4.216730e-02	1.330108e+01
4.236000e-05	-4.446350e-02	1.326895e+01
4.237000e-05	-4.944243e-02	1.323990e+01
4.238000e-05	-5.320694e-02	1.321687e+01
4.239000e-05	-5.034978e-02	1.317514e+01
4.240000e-05	-4.558180e-02	1.311203e+01
4.241000e-05	-4.720887e-02	1.305947e+01
4.242000e-05	-5.194387e-02	1.296825e+01
4.243000e-05	-5.222880e-02	1.290416e+01
4.244000e-05	-4.693125e-02	1.287053e+01
4.245000e-05	-4.424729e-02	1.281745e+01
4.246000e-05	-4.451003e-02	1.272419e+01
4.247000e-05	-4.503146e-02	1.269145e+01
4.248000e-05	-4.338167e-02	1.263627e+01
4.249000e-05	-3.569037e-02	1.251166e+01
4.250000e-05	-3.447226e-02	1.245840e+01
4.251000e-05	-3.614530e-02	1.241522e+01
4.252000e-05	-3.382376e-02	1.226042e+01
4.253000e-05	-3.258955e-02	1.210261e+01
4.254000e-05	-2.594873e-02	1.203940e+01
4.255000e-05	-2.631534e-02	1.192221e+01
4.256000e-05	-2.899853e-02	1.182787e+01
4.257000e-05	-2.427760e-02	1.174098e+01
4.258000e-05	-2.639711e-02	1.154631e+01
4.259000e-05	-1.973342e-02	1.140782e+01
4.260000e-05	-2.351634e-02	1.125948e+01
4.261000e-05	-2.062407e-02	1.113258e+01
4.262000e-05	-1.962971e-02	1.103472e+01
4.263000e-05	-1.594018e-02	1.087942e+01
4.264000e-05	-1.735355e-02	1.077061e+01
4.265000e-05	-2.010525e-02	1.052464e+01
4.266000e-05	-1.944043e-02	1.037674e+01
4.267000e-05	-1.618787e-02	1.026837e+01
4.268000e-05	-1.477013e-02	1.008843e+01
4.269000e-05	-1.486632e-02	9.952080e+00
4.270000e-05	-1.591192e-02	9.712160e+00
4.271000e-05	-1.340995e-02	9.543659e+00
4.272000e-05	-1.190948e-02	9.394686e+00
4.273000e-05	-1.273239e-02	9.225765e+00
4.274000e-05	-1.398396e-02	9.078394e+00
4.275000e-05	-1.507031e-02	8.847917e+00
4.276000e-05	-1.230539e-02	8.657841e+00
4.277000e-05	-1.086117e-02	8.498847e+00
4.278000e-05	-1.111333e-02	8.309872e+00
4.279000e-05	-1.198403e-02	8.099397e+00
4.280000e-05	-1.072730e-02	7.880419e+00
4.281000e-05	-9.493055e-03	7.698923e+00
4.282000e-05	-1.014673e-02	7.449443e+00
4.283000e-05	-1.075183e-02	7.235762e+00
4.284000e-05	-1.110328e-02	6.994692e+00
4.285000e-05	-1.030608e-02	6.856737e+00
4.286000e-05	-9.448502e-03	6.594210e+00
4.287000e-05	-9.598345e-03	6.381032e+00
4.288000e-05	-1.015434e-02	6.211029e+00
4.289000e-05	-8.662351e-03	5.972054e+00
4.290000e-05	-8.123127e-03	5.739921e+00
4.291000e-05	-7.423942e-03	5.518472e+00
4.292000e-05	-8.972091e-03	5.296317e+00
4.293000e-05	-8.756737e-03	4.971184e+00
4.294000e-05	-8.304790e-03	4.728448e+00
4.295000e-05	-7.512105e-03	4.517345e+00
4.296000e-05	-7.563208e-03	4.286844e+00
4.297000e-05	-9.483575e-03	4.033609e+00
4.298000e-05	-7.984021e-03	3.822057e+00
4.299000e-05	-5.471372e-03	3.610481e+00
4.300000e-05	-4.336323e-03	3.378868e+00
4.301000e-05	-7.332152e-03	3.106313e+00
4.302000e-05	-7.342820e-03	2.854212e+00
4.303000e-05	-6.700664e-03	2.663631e+00
4.304000e-05	-5.860253e-03	2.327925e+00
4.305000e-05	-6.449466e-03	2.106364e+00
4.306000e-05	-8.096632e-03	1.905343e+00
4.307000e-05	-6.849515e-03	1.623104e+00
4.308000e-05	-4.004972e-03	1.350498e+00
4.309000e-05	-3.152968e-03	1.124794e+00
4.310000e-05	-4.657505e-03	7.819763e-01
4.311000e-05	-6.692960e-03	6.088996e-01
4.312000e-05	-5.447456e-03	3.574248e-01
4.313000e-05	-3.143449e-03	9.423672e-02
4.314000e-05	-1.530117e-03	-1.464422e-01
4.315000e-05	6.262467e-03	-3.568699e-01
4.316000e-05	-6.377980e-03	-6.295289e-01
4.317000e-05	4.971325e-03	-8.232079e-01
4.318000e-05	-4.146608e-03	-1.033109e+00
4.319000e-05	2.756110e-03	-1.295770e+00
4.320000e-05	-5.099102e-03	-1.559949e+00
4.321000e-05	2.207782e-02	-1.767446e+00
4.322000e-05	9.398932e-02	-1.948901e+00
4.323000e-05	-1.270734e-02	-2.307917e+00
4.324000e-05	-4.385725e-02	-2.685741e+00
4.325000e-05	-2.914773e-02	-2.897995e+00
4.326000e-05	-6.328006e-02	-3.148924e+00
4.327000e-05	-4.379426e-02	-3.266288e+00
4.328000e-05	1.757248e-01	-3.412630e+00
4.329000e-05	-1.471719e-01	-3.666371e+00
4.330000e-05	7.192890e-02	-3.970025e+00
4.331000e-05	6.951918e-02	-4.107420e+00
4.332000e-05	-1.225170e-01	-4.424707e+00
4.333000e-05	1.665630e-01	-4.624688e+00
4.334000e-05	-1.213603e-01	-4.886342e+00
4.335000e-05	-5.396526e-02	-5.121001e+00
4.336000e-05	9.657971e-02	-5.301503e+00
4.337000e-05	-8.533418e-02	-5.655262e+00
4.338000e-05	1.433632e-01	-5.857338e+00
4.339000e-05	-9.931629e-02	-6.066317e+00
4.340000e-05	1.288537e-02	-6.329477e+00
4.341000e-05	6.093591e-02	-6.499496e+00
4.342000e-05	-6.913451e-02	-6.740198e+00
4.343000e-05	9.972143e-02	-6.932063e+00
4.344000e-05	-1.395573e-01	-7.185787e+00
4.345000e-05	1.112867e-01	-7.456267e+00
4.346000e-05	-2.307106e-03	-7.616415e+00
4.347000e-05	-1.796623e-02	-7.930007e+00
4.348000e-05	4.823714e-02	-8.047995e+00
4.349000e-05	-1.011030e-01	-8.267371e+00
4.350000e-05	1.095828e-01	-8.427449e+00
4.351000e-05	-4.536026e-02	-8.677449e+00
4.352000e-05	5.655478e-02	-8.898925e+00
4.353000e-05	-3.700640e-02	-9.025314e+00
4.354000e-05	1.114536e-03	-9.205369e+00
4.355000e-05	5.368129e-02	-9.384263e+00
4.356000e-05	-3.674937e-02	-9.584308e+00
4.357000e-05	3.915123e-02	-9.742158e+00
4.358000e-05	-5.968373e-02	-9.920545e+00
4.359000e-05	6.746219e-02	-1.007961e+01
4.360000e-05	-7.137790e-04	-1.024845e+01
4.361000e-05	2.582550e-02	-1.043837e+01
4.362000e-05	-1.537611e-02	-1.054316e+01
4.363000e-05	1.465199e-03	-1.074106e+01
4.364000e-05	3.196914e-02	-1.086738e+01
4.365000e-05	-1.967825e-03	-1.099582e+01
4.366000e-05	1.481301e-02	-1.111471e+01
4.367000e-05	-1.806262e-02	-1.128058e+01
4.368000e-05	3.612372e-02	-1.145885e+01
4.369000e-05	1.630775e-02	-1.153282e+01
4.370000e-05	2.120126e-02	-1.170164e+01
4.371000e-05	-9.425617e-03	-1.180050e+01
4.372000e-05	9.208242e-03	-1.198569e+01
4.373000e-05	2.243299e-02	-1.208103e+01
4.374000e-05	2.011982e-02	-1.216577e+01
4.375000e-05	5.671530e-03	-1.232108e+01
4.376000e-05	1.336841e-04	-1.240694e+01
4.377000e-05	2.249201e-02	-1.247856e+01
4.378000e-05	2.858049e-02	-1.254527e+01
4.379000e-05	1.869243e-02	-1.265051e+01
4.380000e-05	4.039403e-03	-1.277326e+01
4.381000e-05	1.200369e-02	-1.287700e+01
4.382000e-05	2.677210e-02	-1.290153e+01
4.383000e-05	2.804831e-02	-1.294519e+01
4.384000e-05	1.105535e-02	-1.302684e+01
4.385000e-05	1.022659e-02	-1.307005e+01
4.386000e-05	1.945137e-02	-1.311455e+01
4.387000e-05	3.305033e-02	-1.314529e+01
4.388000e-05	2.310908e-02	-1.318740e+01
4.389000e-05	1.662373e-02	-1.325803e+01
4.390000e-05	1.804683e-02	-1.324260e+01
4.391000e-05	3.300803e-02	-1.330218e+01
4.392000e-05	3.303554e-02	-1.331369e+01
4.393000e-05	2.292586e-02	-1.332374e+01
4.394000e-05	1.954848e-02	-1.332524e+01
4.395000e-05	2.637621e-02	-1.332569e+01
4.396000e-05	3.928969e-02	-1.333682e+01
4.397000e-05	3.576321e-02	-1.334640e+01
4.398000e-05	2.877795e-02	-1.331519e+01
4.399000e-05	2.887327e-02	-1.331571e+01
4.400000e-05	4.083232e-02	-1.330474e+01
4.401000e-05	4.457692e-02	-1.330419e+01
4.402000e-05	3.673450e-02	-1.329066e+01
4.403000e-05	3.329379e-02	-1.328103e+01
4.404000e-05	3.892465e-02	-1.320955e+01
4.405000e-05	4.919838e-02	-1.319737e+01
4.406000e-05	4.679718e-02	-1.314572e+01
4.407000e-05	3.771612e-02	-1.311308e+01
4.408000e-05	3.574571e-02	-1.308960e+01
4.409000e-05	4.367693e-02	-1.302540e+01
4.410000e-05	4.737682e-02	-1.295374e+01
4.411000e-05	4.012401e-02	-1.287108e+01
4.412000e-05	3.126152e-02	-1.284890e+01
4.413000e-05	3.262377e-02	-1.278477e+01
4.414000e-05	3.651023e-02	-1.265158e+01
4.415000e-05	3.429138e-02	-1.258732e+01
4.416000e-05	2.560515e-02	-1.249113e+01
4.417000e-05	2.224747e-02	-1.240785e+01
4.418000e-05	2.536680e-02	-1.230208e+01
4.419000e-05	2.748744e-02	-1.216584e+01
4.420000e-05	2.279802e-02	-1.212208e+01
4.421000e-05	1.521423e-02	-1.203680e+01
4.422000e-05	1.577102e-02	-1.186101e+01
4.423000e-05	1.958424e-02	-1.171274e+01
4.424000e-05	1.909788e-02	-1.157537e+01
4.425000e-05	1.295136e-02	-1.148093e+01
4.426000e-05	9.185498e-03	-1.124966e+01
4.427000e-05	1.244449e-02	-1.114416e+01
4.428000e-05	1.466766e-02	-1.101684e+01
4.429000e-05	1.130182e-02	-1.084892e+01
4.430000e-05	6.587555e-03	-1.077256e+01
4.431000e-05	5.599857e-03	-1.058474e+01
4.432000e-05	1.061894e-02	-1.044845e+01
4.433000e-05	1.009533e-02	-1.032205e+01
4.434000e-05	5.865084e-03	-1.006050e+01
4.435000e-05	2.267498e-03	-9.942110e+00
4.436000e-05	4.590894e-03	-9.764712e+00
4.437000e-05	7.641011e-03	-9.646397e+00
4.438000e-05	5.920644e-03	-9.438923e+00
4.439000e-05	2.521441e-03	-9.249924e+00
4.440000e-05	1.771777e-03	-9.059926e+00
4.441000e-05	4.594953e-03	-8.908556e+00
4.442000e-05	5.009155e-03	-8.742106e+00
4.443000e-05	2.076353e-03	-8.530502e+00
4.444000e-05	-1.411464e-03	-8.359954e+00
4.445000e-05	5.767663e-05	-8.130580e+00
4.446000e-05	3.374618e-03	-7.993159e+00
4.447000e-05	2.773308e-03	-7.710006e+00
4.448000e-05	-7.323945e-04	-7.518452e+00
4.449000e-05	-1.487021e-03	-7.287973e+00
4.450000e-05	2.128406e-04	-7.088425e+00
4.451000e-05	2.482089e-03	-6.854818e+00
4.452000e-05	6.382675e-05	-6.605288e+00
4.453000e-05	-2.426876e-03	-6.454714e+00
4.454000e-05	-2.666084e-03	-6.220691e+00
4.455000e-05	1.162951e-03	-6.002059e+00
4.456000e-05	-5.637274e-05	-5.748501e+00
4.457000e-05	-1.882499e-03	-5.530554e+00
4.458000e-05	-5.324229e-03	-5.257267e+00
4.459000e-05	-1.696708e-03	-5.024763e+00
4.460000e-05	-1.325771e-03	-4.710025e+00
4.461000e-05	-6.287028e-04	-4.516846e+00
4.462000e-05	-4.771878e-03	-4.287423e+00
4.463000e-05	-4.198091e-03	-4.096848e+00
4.464000e-05	-1.582154e-03	-3.908343e+00
4.465000e-05	-3.627813e-03	-3.622631e+00
4.466000e-05	-6.373127e-03	-3.360605e+00
4.467000e-05	-6.508253e-03	-3.189950e+00
4.468000e-05	-4.583176e-03	-2.845735e+00
4.469000e-05	-6.285178e-04	-2.693264e+00
4.470000e-05	-1.446457e-03	-2.452635e+00
4.471000e-05	-6.196060e-03	-2.168026e+00
4.472000e-05	-4.860832e-03	-1.956394e+00
4.473000e-05	-5.554666e-03	-1.694265e+00
4.474000e-05	-4.479694e-03	-1.452614e+00
4.475000e-05	-9.066873e-03	-1.137373e+00
4.476000e-05	-7.538294e-03	-8.763168e-01
4.477000e-05	-5.739286e-03	-6.436903e-01
4.478000e-05	-1.534205e-03	-3.904748e-01
4.479000e-05	-1.253875e-03	-1.974972e-01
4.480000e-05	-1.764958e-03	3.260426e-02
4.481000e-05	2.502311e-03	3.483208e-01
4.482000e-05	-6.191040e-03	5.683161e-01
4.483000e-05	2.898737e-03	7.594461e-01
4.484000e-05	-7.602485e-03	1.027976e+00
4.485000e-05	-2.050153e-03	1.263159e+00
4.486000e-05	-2.637060e-03	1.495291e+00
4.487000e-05	1.106817e-02	1.777521e+00
4.488000e-05	4.345712e-02	1.959899e+00
4.489000e-05	6.546251e-02	2.231136e+00
4.490000e-05	-6.781746e-02	2.526388e+00
4.491000e-05	-2.877311e-02	2.810628e+00
4.492000e-05	-4.237592e-02	3.053655e+00
4.493000e-05	-4.858744e-02	3.191129e+00
4.494000e-05	-5.353729e-02	3.374632e+00
4.495000e-05	1.415404e-01	3.612082e+00
4.496000e-05	-1.190616e-01	3.844759e+00
4.497000e-05	2.748616e-02	4.043132e+00
4.498000e-05	1.064519e-01	4.388871e+00
4.499000e-05	-9.472594e-02	4.582078e+00
4.500000e-05	6.444031e-02	4.750077e+00
4.501000e-05	-5.840748e-02	5.057317e+00
4.502000e-05	-3.862081e-02	5.330499e+00
4.503000e-05	3.812928e-02	5.590023e+00
4.504000e-05	-2.619416e-02	5.843657e+00
4.505000e-05	2.489637e-02	6.015186e+00
4.506000e-05	-3.179217e-02	6.256742e+00
4.507000e-05	-9.086970e-03	6.477314e+00
4.508000e-05	1.130116e-02	6.680920e+00
4.509000e-05	-2.460553e-02	6.939450e+00
4.510000e-05	2.431861e-02	7.151474e+00
4.511000e-05	-6.728346e-02	7.362704e+00
4.512000e-05	4.626674e-02	7.584134e+00
4.513000e-05	-1.130713e-02	7.816764e+00
4.514000e-05	-1.919502e-02	8.036292e+00
4.515000e-05	-6.283833e-03	8.215292e+00
4.516000e-05	-3.311664e-02	8.413739e+00
4.517000e-05	1.892335e-02	8.593634e+00
4.518000e-05	-1.240155e-02	8.784083e+00
4.519000e-05	4.461331e-04	8.952632e+00
4.520000e-05	-2.694880e-02	9.183155e+00
4.521000e-05	-3.889980e-03	9.351008e+00
4.522000e-05	-1.297934e-03	9.488396e+00
4.523000e-05	-1.998309e-02	9.659507e+00
4.524000e-05	-1.759620e-02	9.888373e+00
4.525000e-05	-2.271860e-02	1.005589e+01
4.526000e-05	3.731029e-03	1.018476e+01
4.527000e-05	-2.344798e-03	1.033303e+01
4.528000e-05	-1.448041e-02	1.045958e+01
4.529000e-05	-2.260333e-02	1.062729e+01
4.530000e-05	-1.471858e-02	1.082624e+01
4.531000e-05	-7.322547e-03	1.097358e+01
4.532000e-05	-1.532970e-02	1.106945e+01
4.533000e-05	-2.192666e-02	1.122832e+01
4.534000e-05	-1.902712e-02	1.133466e+01
4.535000e-05	-8.172437e-03	1.153261e+01
4.536000e-05	-6.755171e-03	1.165843e+01
4.537000e-05	-1.858100e-02	1.177371e+01
4.538000e-05	-2.445155e-02	1.191210e+01
4.539000e-05	-2.085454e-02	1.200782e+01
4.540000e-05	-1.369864e-02	1.209963e+01
4.541000e-05	-1.792799e-02	1.220830e+01
4.542000e-05	-2.539936e-02	1.235358e+01
4.543000e-05	-2.369024e-02	1.244789e+01
4.544000e-05	-1.798245e-02	1.251258e+01
4.545000e-05	-1.358415e-02	1.260471e+01
4.546000e-05	-2.348837e-02	1.267035e+01
4.547000e-05	-2.694765e-02	1.273358e+01
4.548000e-05	-2.550300e-02	1.278693e+01
4.549000e-05	-1.932124e-02	1.283000e+01
4.550000e-05	-2.226729e-02	1.290524e+01
4.551000e-05	-3.087428e-02	1.300524e+01
4.552000e-05	-3.205041e-02	1.302950e+01
4.553000e-05	-2.717796e-02	1.313306e+01
4.554000e-05	-2.185744e-02	1.315513e+01
4.555000e-05	-2.973519e-02	1.322722e+01
4.556000e-05	-3.553951e-02	1.324795e+01
4.557000e-05	-3.370020e-02	1.324842e+01
4.558000e-05	-2.697434e-02	1.328103e+01
4.559000e-05	-2.990862e-02	1.330048e+01
4.560000e-05	-3.887806e-02	1.331151e+01
4.561000e-05	-4.196439e-02	1.329156e+01
4.562000e-05	-3.884748e-02	1.329258e+01
4.563000e-05	-3.457505e-02	1.330258e+01
4.564000e-05	-3.929846e-02	1.333261e+01
4.565000e-05	-4.480435e-02	1.329108e+01
4.566000e-05	-4.554339e-02	1.328008e+01
4.567000e-05	-4.160483e-02	1.328997e+01
4.568000e-05	-4.415818e-02	1.328998e+01
4.569000e-05	-5.072529e-02	1.324837e+01
4.570000e-05	-5.324009e-02	1.317734e+01
4.571000e-05	-4.980359e-02	1.317521e+01
4.572000e-05	-4.533063e-02	1.314106e+01
4.573000e-05	-4.788167e-02	1.302995e+01
4.574000e-05	-5.200458e-02	1.297879e+01
4.575000e-05	-5.193301e-02	1.291369e+01
4.576000e-05	-4.647928e-02	1.290008e+01
4.577000e-05	-4.401445e-02	1.279889e+01
4.578000e-05	-4.467867e-02	1.276467e+01
4.579000e-05	-4.616342e-02	1.271048e+01
4.580000e-05	-4.189301e-02	1.264729e+01
4.581000e-05	-3.552173e-02	1.252201e+01
4.582000e-05	-3.491609e-02	1.244892e+01
4.583000e-05	-3.579217e-02	1.240469e+01
4.584000e-05	-3.573632e-02	1.225888e+01
4.585000e-05	-2.930002e-02	1.211416e+01
4.586000e-05	-2.718445e-02	1.201890e+01
4.587000e-05	-2.703168e-02	1.193206e+01
4.588000e-05	-2.998419e-02	1.178636e+01
4.589000e-05	-2.469987e-02	1.169048e+01
4.590000e-05	-2.356498e-02	1.153514e+01
4.591000e-05	-1.933164e-02	1.139779e+01
4.592000e-05	-2.408608e-02	1.124792e+01
4.593000e-05	-2.167549e-02	1.113210e+01
4.594000e-05	-2.017812e-02	1.098576e+01
4.595000e-05	-1.552098e-02	1.088940e+01
4.596000e-05	-1.854500e-02	1.076153e+01
4.597000e-05	-2.038829e-02	1.059466e+01
4.598000e-05	-1.897374e-02	1.039584e+01
4.599000e-05	-1.313340e-02	1.023777e+01
4.600000e-05	-1.337240e-02	1.006992e+01
4.601000e-05	-1.625557e-02	9.921030e+00
4.602000e-05	-1.746052e-02	9.692580e+00
4.603000e-05	-1.449295e-02	9.583611e+00
4.604000e-05	-1.074851e-02	9.405111e+00
4.605000e-05	-1.258030e-02	9.234740e+00
4.606000e-05	-1.494482e-02	9.077765e+00
4.607000e-05	-1.459802e-02	8.825744e+00
4.608000e-05	-1.105842e-02	8.647293e+00
4.609000e-05	-1.020194e-02	8.477870e+00
4.610000e-05	-1.218585e-02	8.329399e+00
4.611000e-05	-1.397587e-02	8.088246e+00
4.612000e-05	-1.104241e-02	7.889519e+00
4.613000e-05	-8.283028e-03	7.699968e+00
4.614000e-05	-9.175473e-03	7.458392e+00
4.615000e-05	-1.162267e-02	7.235734e+00
4.616000e-05	-1.212094e-02	7.004763e+00
4.617000e-05	-9.248065e-03	6.815259e+00
4.618000e-05	-8.587354e-03	6.554109e+00
4.619000e-05	-9.749599e-03	6.363026e+00
4.620000e-05	-1.123997e-02	6.161978e+00
4.621000e-05	-9.212946e-03	5.960577e+00
4.622000e-05	-7.833829e-03	5.708448e+00
4.623000e-05	-7.065160e-03	5.496897e+00
4.624000e-05	-9.408896e-03	5.286240e+00
4.625000e-05	-1.023153e-02	4.970609e+00
4.626000e-05	-8.512394e-03	4.737873e+00
4.627000e-05	-5.496564e-03	4.486417e+00
4.628000e-05	-5.838688e-03	4.276862e+00
4.629000e-05	-8.286077e-03	4.012583e+00
4.630000e-05	-9.259814e-03	3.751530e+00
4.631000e-05	-6.387213e-03	3.580451e+00
4.632000e-05	-5.170355e-03	3.307368e+00
4.633000e-05	-7.017834e-03	3.086236e+00
4.634000e-05	-8.881563e-03	2.854233e+00
4.635000e-05	-7.140212e-03	2.652182e+00
4.636000e-05	-5.132860e-03	2.329371e+00
4.637000e-05	-4.721258e-03	2.146818e+00
4.638000e-05	-7.075839e-03	1.925842e+00
4.639000e-05	-7.425376e-03	1.652530e+00
4.640000e-05	-5.414517e-03	1.367897e+00
4.641000e-05	-3.283011e-03	1.117287e+00
4.642000e-05	-5.147513e-03	7.900236e-01
4.643000e-05	-6.969198e-03	5.889736e-01
4.644000e-05	-5.759255e-03	3.578669e-01
4.645000e-05	-2.882548e-03	4.263302e-02
4.646000e-05	3.726408e-04	-1.373724e-01
4.647000e-05	6.721659e-03	-3.694436e-01
4.648000e-05	-6.153635e-03	-6.216025e-01
4.649000e-05	3.684590e-03	-8.441591e-01
4.650000e-05	-3.488177e-03	-1.042191e+00
4.651000e-05	2.001329e-03	-1.308323e+00
4.652000e-05	-4.360657e-03	-1.559500e+00
4.653000e-05	2.468126e-02	-1.760450e+00
4.654000e-05	9.516051e-02	-1.981001e+00
4.655000e-05	-2.304306e-02	-2.347472e+00
4.656000e-05	-3.745438e-02	-2.677742e+00
4.657000e-05	-3.458602e-02	-2.888505e+00
4.658000e-05	-6.396108e-02	-3.180425e+00
4.659000e-05	-3.382018e-02	-3.276791e+00
4.660000e-05	1.743407e-01	-3.411086e+00
4.661000e-05	-1.596306e-01	-3.657876e+00
4.662000e-05	9.350564e-02	-4.000050e+00
4.663000e-05	4.195993e-02	-4.107922e+00
4.664000e-05	-1.032684e-01	-4.392688e+00
4.665000e-05	1.643973e-01	-4.635314e+00
4.666000e-05	-1.361764e-01	-4.837869e+00
4.667000e-05	-3.545772e-02	-5.128549e+00
4.668000e-05	8.532388e-02	-5.341130e+00
4.669000e-05	-7.823149e-02	-5.664940e+00
4.670000e-05	1.446475e-01	-5.866313e+00
4.671000e-05	-1.124818e-01	-6.075997e+00
4.672000e-05	3.020941e-02	-6.361576e+00
4.673000e-05	4.638176e-02	-6.509026e+00
4.674000e-05	-5.909032e-02	-6.782626e+00
4.675000e-05	9.136670e-02	-6.983710e+00
4.676000e-05	-1.424755e-01	-7.185688e+00
4.677000e-05	1.244000e-01	-7.415346e+00
4.678000e-05	-1.812448e-02	-7.646942e+00
4.679000e-05	-1.784461e-03	-7.951502e+00
4.680000e-05	3.310604e-02	-8.057948e+00
4.681000e-05	-9.278075e-02	-8.279345e+00
4.682000e-05	1.095385e-01	-8.449526e+00
4.683000e-05	-4.945374e-02	-8.689901e+00
4.684000e-05	6.305529e-02	-8.878900e+00
4.685000e-05	-4.838185e-02	-9.027271e+00
4.686000e-05	1.366431e-02	-9.225895e+00
4.687000e-05	4.545334e-02	-9.364792e+00
4.688000e-05	-3.016816e-02	-9.623820e+00
4.689000e-05	3.284982e-02	-9.764159e+00
4.690000e-05	-5.861453e-02	-9.931500e+00
4.691000e-05	7.035430e-02	-1.009018e+01
4.692000e-05	-4.964592e-03	-1.026845e+01
4.693000e-05	2.967687e-02	-1.044640e+01
4.694000e-05	-2.090358e-02	-1.054419e+01
4.695000e-05	6.851173e-03	-1.071269e+01
4.696000e-05	2.849110e-02	-1.085905e+01
4.697000e-05	1.019415e-03	-1.100884e+01
4.698000e-05	1.168012e-02	-1.115471e+01
4.699000e-05	-1.754796e-02	-1.130108e+01
4.700000e-05	3.741069e-02	-1.145848e+01
4.701000e-05	1.630220e-02	-1.156387e+01
4.702000e-05	2.126332e-02	-1.169369e+01
4.703000e-05	-1.203561e-02	-1.184150e+01
4.704000e-05	1.120762e-02	-1.197489e+01
4.705000e-05	2.022943e-02	-1.205910e+01
4.706000e-05	2.069831e-02	-1.214579e+01
4.707000e-05	4.671959e-03	-1.229046e+01
4.708000e-05	1.053116e-03	-1.240692e+01
4.709000e-05	2.234766e-02	-1.246111e+01
4.710000e-05	2.793135e-02	-1.253727e+01
4.711000e-05	1.882364e-02	-1.261100e+01
4.712000e-05	4.629164e-03	-1.274329e+01
4.713000e-05	1.326320e-02	-1.283795e+01
4.714000e-05	2.638317e-02	-1.287158e+01
4.715000e-05	2.756989e-02	-1.294421e+01
4.716000e-05	9.552953e-03	-1.300732e+01
4.717000e-05	1.035601e-02	-1.308045e+01
4.718000e-05	2.014097e-02	-1.312413e+01
4.719000e-05	3.348478e-02	-1.314484e+01
4.720000e-05	2.404962e-02	-1.316785e+01
4.721000e-05	1.776875e-02	-1.325106e+01
4.722000e-05	1.803379e-02	-1.327158e+01
4.723000e-05	3.268647e-02	-1.329266e+01
4.724000e-05	3.320149e-02	-1.330566e+01
4.725000e-05	2.242923e-02	-1.331519e+01
4.726000e-05	1.912753e-02	-1.332572e+01
4.727000e-05	2.704472e-02	-1.337724e+01
4.728000e-05	3.993117e-02	-1.333732e+01
4.729000e-05	3.497205e-02	-1.335685e+01
4.730000e-05	2.928814e-02	-1.334625e+01
4.731000e-05	2.897923e-02	-1.333424e+01
4.732000e-05	4.085660e-02	-1.328581e+01
4.733000e-05	4.397180e-02	-1.329423e+01
4.734000e-05	3.643878e-02	-1.329168e+01
4.735000e-05	3.324181e-02	-1.327158e+01
4.736000e-05	3.973359e-02	-1.323793e+01
4.737000e-05	4.938878e-02	-1.317890e+01
4.738000e-05	4.620578e-02	-1.313524e+01
4.739000e-05	3.775549e-02	-1.312419e+01
4.740000e-05	3.696292e-02	-1.310150e+01
4.741000e-05	4.358185e-02	-1.300827e+01
4.742000e-05	4.595862e-02	-1.293269e+01
4.743000e-05	3.846475e-02	-1.287005e+01
4.744000e-05	3.123387e-02	-1.284792e+01
4.745000e-05	3.265772e-02	-1.274522e+01
4.746000e-05	3.737892e-02	-1.268150e+01
4.747000e-05	3.382420e-02	-1.259579e+01
4.748000e-05	2.561958e-02	-1.247313e+01
4.749000e-05	2.212806e-02	-1.237635e+01
4.750000e-05	2.610817e-02	-1.228211e+01
4.751000e-05	2.733364e-02	-1.218532e+01
4.752000e-05	2.209200e-02	-1.211011e+01
4.753000e-05	1.523484e-02	-1.202637e+01
4.754000e-05	1.627064e-02	-1.183050e+01
4.755000e-05	2.028995e-02	-1.170364e+01
4.756000e-05	1.905073e-02	-1.158640e+01
4.757000e-05	1.226084e-02	-1.144943e+01
4.758000e-05	9.096599e-03	-1.124111e+01
4.759000e-05	1.298177e-02	-1.113511e+01
4.760000e-05	1.575924e-02	-1.099382e+01
4.761000e-05	1.158568e-02	-1.082695e+01
4.762000e-05	6.030730e-03	-1.074218e+01
4.763000e-05	5.658336e-03	-1.056469e+01
4.764000e-05	9.928028e-03	-1.042792e+01
4.765000e-05	9.858775e-03	-1.026050e+01
4.766000e-05	5.110534e-03	-1.006905e+01
4.767000e-05	3.144921e-03	-9.943131e+00
4.768000e-05	5.008176e-03	-9.752737e+00
4.769000e-05	8.221506e-03	-9.643796e+00
4.770000e-05	5.955121e-03	-9.356874e+00
4.771000e-05	2.801579e-03	-9.257295e+00
4.772000e-05	1.428264e-03	-9.089919e+00
4.773000e-05	4.490905e-03	-8.901055e+00
4.774000e-05	4.131280e-03	-8.661950e+00
4.775000e-05	1.496803e-03	-8.470405e+00
4.776000e-05	-7.109998e-04	-8.318455e+00
4.777000e-05	1.087818e-03	-8.141603e+00
4.778000e-05	3.498242e-03	-7.952079e+00
4.779000e-05	3.387386e-03	-7.671031e+00
4.780000e-05	1.473940e-04	-7.488845e+00
4.781000e-05	-2.055134e-03	-7.267397e+00
4.782000e-05	7.921301e-04	-7.078846e+00
4.783000e-05	2.540348e-03	-6.813742e+00
4.784000e-05	7.004736e-05	-6.623737e+00
4.785000e-05	-3.320103e-03	-6.434217e+00
4.786000e-05	-2.142725e-03	-6.203237e+00
4.787000e-05	3.968469e-04	-5.941558e+00
4.788000e-05	4.187219e-04	-5.710030e+00
4.789000e-05	-2.799029e-03	-5.519427e+00
4.790000e-05	-5.051562e-03	-5.226868e+00
4.791000e-05	-1.574599e-03	-5.012681e+00
4.792000e-05	-1.242554e-03	-4.689476e+00
4.793000e-05	-2.086035e-03	-4.487421e+00
4.794000e-05	-4.879801e-03	-4.307395e+00
4.795000e-05	-4.376012e-03	-4.076767e+00
4.796000e-05	-1.740226e-03	-3.856240e+00
4.797000e-05	-3.311307e-03	-3.611108e+00
4.798000e-05	-4.609185e-03	-3.370480e+00
4.799000e-05	-6.369068e-03	-3.148949e+00
4.800000e-05	-3.381656e-03	-2.855288e+00
4.801000e-05	-3.854287e-03	-2.622738e+00
4.802000e-05	-2.758242e-03	-2.421683e+00
4.803000e-05	-6.847698e-03	-2.130973e+00
4.804000e-05	-5.712439e-03	-1.906817e+00
4.805000e-05	-5.075613e-03	-1.685262e+00
4.806000e-05	-4.332916e-03	-1.392108e+00
4.807000e-05	-7.076705e-03	-1.136321e+00
4.808000e-05	-7.010806e-03	-8.842655e-01
4.809000e-05	-5.692588e-03	-6.507867e-01
4.810000e-05	-3.799077e-03	-3.489511e-01
4.811000e-05	-4.236875e-03	-1.363197e-01
4.812000e-05	-1.314580e-03	6.413309e-02
4.813000e-05	3.436414e-03	3.577960e-01
4.814000e-05	-4.700011e-03	5.603961e-01
4.815000e-05	3.161394e-03	7.689448e-01
4.816000e-05	-6.080469e-03	1.061473e+00
4.817000e-05	-1.926578e-03	1.264087e+00
4.818000e-05	-4.331022e-03	1.536874e+00
4.819000e-05	1.033558e-02	1.759948e+00
4.820000e-05	4.675118e-02	1.969525e+00
4.821000e-05	6.027627e-02	2.243130e+00
4.822000e-05	-7.143850e-02	2.505894e+00
4.823000e-05	-2.731976e-02	2.832083e+00
4.824000e-05	-4.110438e-02	3.043680e+00
4.825000e-05	-5.121985e-02	3.231550e+00
4.826000e-05	-4.319610e-02	3.453029e+00
4.827000e-05	1.394949e-01	3.634135e+00
4.828000e-05	-1.332183e-01	3.875289e+00
4.829000e-05	5.170174e-02	4.054757e+00
4.830000e-05	8.733515e-02	4.339971e+00
4.831000e-05	-8.831201e-02	4.581505e+00
4.832000e-05	6.521825e-02	4.810602e+00
4.833000e-05	-6.529187e-02	5.130844e+00
4.834000e-05	-2.902619e-02	5.349971e+00
4.835000e-05	3.554647e-02	5.602549e+00
4.836000e-05	-2.563399e-02	5.835289e+00
4.837000e-05	2.454879e-02	6.046363e+00
4.838000e-05	-3.580181e-02	6.248368e+00
4.839000e-05	-6.160530e-03	6.496423e+00
4.840000e-05	6.286843e-03	6.720395e+00
4.841000e-05	-2.027101e-02	6.961600e+00
4.842000e-05	2.109110e-02	7.160027e+00
4.843000e-05	-6.432932e-02	7.333139e+00
4.844000e-05	5.240019e-02	7.613738e+00
4.845000e-05	-1.748224e-02	7.865343e+00
4.846000e-05	-1.532654e-02	8.068789e+00
4.847000e-05	-1.022402e-02	8.267818e+00
4.848000e-05	-3.105702e-02	8.445815e+00
4.849000e-05	1.750956e-02	8.614760e+00
4.850000e-05	-1.422173e-02	8.803032e+00
4.851000e-05	1.512320e-03	8.983684e+00
4.852000e-05	-2.751563e-02	9.193105e+00
4.853000e-05	-3.285414e-04	9.362051e+00
4.854000e-05	-2.737145e-03	9.510449e+00
4.855000e-05	-1.997174e-02	9.668974e+00
4.856000e-05	-1.887750e-02	9.870391e+00
4.857000e-05	-2.299355e-02	1.006690e+01
4.858000e-05	3.893534e-03	1.016571e+01
4.859000e-05	-3.926328e-03	1.037406e+01
4.860000e-05	-1.406464e-02	1.048013e+01
4.861000e-05	-2.263560e-02	1.065980e+01
4.862000e-05	-1.183674e-02	1.084637e+01
4.863000e-05	-8.046622e-03	1.097366e+01
4.864000e-05	-1.491554e-02	1.109150e+01
4.865000e-05	-2.344964e-02	1.120740e+01
4.866000e-05	-1.920968e-02	1.137769e+01
4.867000e-05	-7.412167e-03	1.151411e+01
4.868000e-05	-7.685311e-03	1.168940e+01
4.869000e-05	-2.074761e-02	1.178481e+01
4.870000e-05	-2.638164e-02	1.190253e+01
4.871000e-05	-1.862710e-02	1.200777e+01
4.872000e-05	-1.269190e-02	1.207203e+01
4.873000e-05	-1.707191e-02	1.220892e+01
4.874000e-05	-2.582623e-02	1.235356e+01
4.875000e-05	-2.406538e-02	1.246692e+01
4.876000e-05	-1.683972e-02	1.248253e+01
4.877000e-05	-1.408516e-02	1.260727e+01
4.878000e-05	-2.432753e-02	1.267992e+01
4.879000e-05	-2.813503e-02	1.275518e+01
4.880000e-05	-2.425695e-02	1.279790e+01
4.881000e-05	-1.956233e-02	1.288058e+01
4.882000e-05	-2.274922e-02	1.293464e+01
4.883000e-05	-3.167867e-02	1.295774e+01
4.884000e-05	-3.116792e-02	1.302195e+01
4.885000e-05	-2.706140e-02	1.311258e+01
4.886000e-05	-2.317930e-02	1.316576e+01
4.887000e-05	-3.096767e-02	1.321630e+01
4.888000e-05	-3.490896e-02	1.325890e+01
4.889000e-05	-3.190983e-02	1.325945e+01
4.890000e-05	-2.790317e-02	1.326897e+01
4.891000e-05	-3.036374e-02	1.327050e+01
4.892000e-05	-3.827581e-02	1.328105e+01
4.893000e-05	-4.025346e-02	1.335255e+01
4.894000e-05	-3.798727e-02	1.329258e+01
4.895000e-05	-3.549173e-02	1.329356e+01
4.896000e-05	-3.993213e-02	1.328311e+01
4.897000e-05	-4.478298e-02	1.330256e+01
4.898000e-05	-4.529701e-02	1.328100e+01
4.899000e-05	-4.290446e-02	1.327953e+01
4.900000e-05	-4.423655e-02	1.325850e+01
4.901000e-05	-4.938861e-02	1.325735e+01
4.902000e-05	-5.217738e-02	1.320534e+01
4.903000e-05	-4.925748e-02	1.317624e+01
4.904000e-05	-4.554244e-02	1.312256e+01
4.905000e-05	-4.855914e-02	1.305045e+01
4.906000e-05	-5.329957e-02	1.297827e+01
4.907000e-05	-5.141653e-02	1.290566e+01
4.908000e-05	-4.579443e-02	1.284155e+01
4.909000e-05	-4.319584e-02	1.280682e+01
4.910000e-05	-4.510562e-02	1.274419e+01
4.911000e-05	-4.436469e-02	1.270997e+01
4.912000e-05	-4.073011e-02	1.260776e+01
4.913000e-05	-3.610639e-02	1.250158e+01
4.914000e-05	-3.572604e-02	1.243845e+01
4.915000e-05	-3.702816e-02	1.239419e+01
4.916000e-05	-3.511822e-02	1.222035e+01
4.917000e-05	-2.898581e-02	1.213258e+01
4.918000e-05	-2.798693e-02	1.204734e+01
4.919000e-05	-2.833805e-02	1.189318e+01
4.920000e-05	-2.937271e-02	1.181577e+01
4.921000e-05	-2.308587e-02	1.166110e+01
4.922000e-05	-2.180529e-02	1.153514e+01
4.923000e-05	-2.126671e-02	1.134927e+01
4.924000e-05	-2.400369e-02	1.124840e+01
4.925000e-05	-2.070304e-02	1.114200e+01
4.926000e-05	-1.966777e-02	1.099573e+01
4.927000e-05	-1.792599e-02	1.086887e+01
4.928000e-05	-2.004187e-02	1.070261e+01
4.929000e-05	-1.868191e-02	1.049513e+01
4.930000e-05	-1.672686e-02	1.038624e+01
4.931000e-05	-1.378534e-02	1.022677e+01
4.932000e-05	-1.463562e-02	1.006997e+01
4.933000e-05	-1.595711e-02	9.941556e+00
4.934000e-05	-1.584094e-02	9.692025e+00
4.935000e-05	-1.390528e-02	9.563507e+00
4.936000e-05	-1.299092e-02	9.392137e+00
4.937000e-05	-1.446741e-02	9.235213e+00
4.938000e-05	-1.339446e-02	9.005793e+00
4.939000e-05	-1.254574e-02	8.837815e+00
4.940000e-05	-1.083049e-02	8.666764e+00
4.941000e-05	-1.098733e-02	8.478317e+00
4.942000e-05	-1.218606e-02	8.300000e+00
4.943000e-05	-1.188177e-02	8.097793e+00
4.944000e-05	-1.137814e-02	7.879869e+00
4.945000e-05	-1.064578e-02	7.687919e+00
4.946000e-05	-1.145613e-02	7.477792e+00
4.947000e-05	-1.137725e-02	7.223266e+00
4.948000e-05	-1.014500e-02	7.004683e+00
4.949000e-05	-8.445540e-03	6.813184e+00
4.950000e-05	-9.101177e-03	6.563155e+00
4.951000e-05	-8.838898e-03	6.331054e+00
4.952000e-05	-9.941544e-03	6.140004e+00
4.953000e-05	-8.237945e-03	6.021003e+00
4.954000e-05	-8.192843e-03	5.698899e+00
4.955000e-05	-9.295587e-03	5.509468e+00
4.956000e-05	-9.180164e-03	5.255740e+00
4.957000e-05	-9.201349e-03	4.929026e+00
4.958000e-05	-7.449977e-03	4.717893e+00
4.959000e-05	-7.331051e-03	4.466261e+00
4.960000e-05	-7.140047e-03	4.278343e+00
4.961000e-05	-7.882528e-03	4.004630e+00
4.962000e-05	-6.880000e-03	3.771001e+00
4.963000e-05	-7.528533e-03	3.589952e+00
4.964000e-05	-6.950216e-03	3.287836e+00
4.965000e-05	-7.245304e-03	3.064763e+00
4.966000e-05	-6.758603e-03	2.853561e+00
4.967000e-05	-6.508934e-03	2.609603e+00
4.968000e-05	-5.817873e-03	2.336844e+00
4.969000e-05	-6.641403e-03	2.096785e+00
4.970000e-05	-5.711546e-03	1.895789e+00
4.971000e-05	-5.496521e-03	1.570079e+00
4.972000e-05	-5.288387e-03	1.347318e+00
4.973000e-05	-5.166206e-03	1.054808e+00
4.974000e-05	-5.615775e-03	7.914736e-01
4.975000e-05	-5.140220e-03	5.678435e-01
4.976000e-05	-4.501152e-03	2.983944e-01
4.977000e-05	-3.968053e-03	6.560928e-02
4.978000e-05	-1.053693e-03	-1.594249e-01
4.979000e-05	5.977189e-03	-3.789751e-01
4.980000e-05	-4.841513e-03	-6.415818e-01
4.981000e-05	4.089648e-03	-8.846342e-01
4.982000e-05	-5.095917e-03	-1.084213e+00
4.983000e-05	1.313422e-03	-1.327497e+00
4.984000e-05	-2.926334e-03	-1.570051e+00
4.985000e-05	2.759912e-02	-1.800550e+00
4.986000e-05	9.645110e-02	-1.961576e+00
4.987000e-05	-3.368053e-02	-2.360503e+00
4.988000e-05	-3.196756e-02	-2.707892e+00
4.989000e-05	-3.677170e-02	-2.960026e+00
4.990000e-05	-6.485906e-02	-3.170999e+00
4.991000e-05	-2.232047e-02	-3.274340e+00
4.992000e-05	1.664190e-01	-3.413209e+00
4.993000e-05	-1.700829e-01	-3.729501e+00
4.994000e-05	1.148262e-01	-3.969505e+00
4.995000e-05	1.696853e-02	-4.137447e+00
4.996000e-05	-8.295612e-02	-4.453187e+00
4.997000e-05	1.588243e-01	-4.585759e+00
4.998000e-05	-1.486134e-01	-4.907820e+00
4.999000e-05	-1.584802e-02	-5.151025e+00
