# 260612_13:15:16.143928
t	CH1	CH2
0.000000e+00	-2.935764e-04	-5.344370e-01
1.000000e-08	-3.072825e-03	-7.058257e-01
2.000000e-08	-3.461227e-03	-8.100501e-01
3.000000e-08	6.187103e-04	-9.143334e-01
4.000000e-08	3.258998e-02	-1.041151e+00
5.000000e-08	5.572259e-02	-1.168042e+00
6.000000e-08	-3.604464e-02	-1.481701e+00
7.000000e-08	-5.977966e-02	-1.673799e+00
8.000000e-08	-9.166057e-02	-1.737470e+00
9.000000e-08	1.211645e-01	-1.674812e+00
1.000000e-07	-3.337149e-03	-1.819547e+00
1.100000e-07	-1.141043e-01	-2.042173e+00
1.200000e-07	6.351390e-02	-2.164291e+00
1.300000e-07	4.087266e-02	-2.157337e+00
1.400000e-07	-1.145258e-01	-2.419640e+00
1.500000e-07	8.045290e-02	-2.597994e+00
1.600000e-07	6.839436e-02	-2.621554e+00
1.700000e-07	-1.696921e-01	-2.757417e+00
1.800000e-07	4.816299e-02	-2.832704e+00
1.900000e-07	1.124782e-01	-2.999069e+00
2.000000e-07	-9.142556e-02	-3.146520e+00
2.100000e-07	1.532247e-02	-3.270582e+00
2.200000e-07	6.218650e-03	-3.400965e+00
2.300000e-07	-4.174100e-02	-3.574912e+00
2.400000e-07	1.058440e-01	-3.598999e+00
2.500000e-07	-6.873355e-02	-3.704757e+00
2.600000e-07	-4.563595e-02	-3.933383e+00
2.700000e-07	8.637097e-02	-3.999053e+00
2.800000e-07	-3.032823e-02	-4.105283e+00
2.900000e-07	1.952935e-02	-4.220100e+00
3.000000e-07	1.496459e-02	-4.294762e+00
3.100000e-07	-7.185715e-02	-4.390474e+00
3.200000e-07	4.506549e-02	-4.462204e+00
3.300000e-07	3.378780e-02	-4.618123e+00
3.400000e-07	-9.957342e-03	-4.723392e+00
3.500000e-07	-8.892465e-03	-4.796943e+00
3.600000e-07	-2.536482e-02	-4.943860e+00
3.700000e-07	5.889573e-02	-5.022079e+00
3.800000e-07	-5.159518e-03	-5.086363e+00
3.900000e-07	-2.441308e-02	-5.240099e+00
4.000000e-07	4.210154e-03	-5.334409e+00
4.100000e-07	-8.859070e-03	-5.502261e+00
4.200000e-07	5.626293e-02	-5.597972e+00
4.300000e-07	-8.527546e-03	-5.629054e+00
4.400000e-07	-2.126841e-02	-5.774310e+00
4.500000e-07	1.279191e-02	-5.799447e+00
4.600000e-07	2.309657e-03	-5.903782e+00
4.700000e-07	3.292863e-02	-5.989447e+00
4.800000e-07	-1.567995e-02	-6.020499e+00
4.900000e-07	-1.439748e-02	-6.072706e+00
5.000000e-07	2.192561e-02	-6.146388e+00
5.100000e-07	1.526269e-02	-6.301656e+00
5.200000e-07	1.677859e-02	-6.357945e+00
5.300000e-07	-1.666476e-02	-6.401000e+00
5.400000e-07	-3.431284e-03	-6.473132e+00
5.500000e-07	2.374855e-02	-6.544837e+00
5.600000e-07	1.093012e-02	-6.589496e+00
5.700000e-07	8.246090e-03	-6.641579e+00
5.800000e-07	-1.453598e-02	-6.712706e+00
5.900000e-07	1.091184e-02	-6.766342e+00
6.000000e-07	2.647801e-02	-6.778423e+00
6.100000e-07	7.178809e-03	-6.818496e+00
6.200000e-07	-7.526860e-04	-6.810157e+00
6.300000e-07	-6.674883e-03	-6.903082e+00
6.400000e-07	2.178161e-02	-6.884816e+00
6.500000e-07	1.918293e-02	-6.946469e+00
6.600000e-07	2.657823e-03	-7.102159e+00
6.700000e-07	-1.243189e-03	-7.123737e+00
6.800000e-07	5.852429e-03	-7.166345e+00
6.900000e-07	2.514587e-02	-7.167397e+00
7.000000e-07	1.349288e-02	-7.198970e+00
7.100000e-07	3.370270e-03	-7.188999e+00
7.200000e-07	9.542687e-04	-7.220027e+00
7.300000e-07	1.493229e-02	-7.210053e+00
7.400000e-07	2.257677e-02	-7.240573e+00
7.500000e-07	8.488693e-03	-7.232029e+00
7.600000e-07	1.725704e-03	-7.230081e+00
7.700000e-07	9.566089e-03	-7.211604e+00
7.800000e-07	2.358359e-02	-7.251636e+00
7.900000e-07	2.073037e-02	-7.240534e+00
8.000000e-07	7.613708e-03	-7.242582e+00
8.100000e-07	4.762303e-03	-7.241057e+00
8.200000e-07	1.612903e-02	-7.220533e+00
8.300000e-07	2.146862e-02	-7.230529e+00
8.400000e-07	1.447954e-02	-7.211006e+00
8.500000e-07	7.721693e-03	-7.230524e+00
8.600000e-07	1.371707e-02	-7.200525e+00
8.700000e-07	2.448926e-02	-7.189425e+00
8.800000e-07	2.428121e-02	-7.176424e+00
8.900000e-07	1.409114e-02	-7.176370e+00
9.000000e-07	8.746418e-03	-7.155720e+00
9.100000e-07	1.719413e-02	-7.096188e+00
9.200000e-07	2.337485e-02	-7.012088e+00
9.300000e-07	1.861789e-02	-6.987351e+00
9.400000e-07	1.261007e-02	-6.946324e+00
9.500000e-07	1.575897e-02	-6.863162e+00
9.600000e-07	2.481632e-02	-6.842054e+00
9.700000e-07	2.309110e-02	-6.810051e+00
9.800000e-07	1.681179e-02	-6.778426e+00
9.900000e-07	1.128054e-02	-6.725795e+00
1.000000e-06	1.747002e-02	-6.703663e+00
1.010000e-06	2.270984e-02	-6.621555e+00
1.020000e-06	1.992926e-02	-6.579476e+00
1.030000e-06	1.354344e-02	-6.514793e+00
1.040000e-06	1.288200e-02	-6.453058e+00
1.050000e-06	2.047790e-02	-6.411028e+00
1.060000e-06	2.094645e-02	-6.347375e+00
1.070000e-06	1.579532e-02	-6.283691e+00
1.080000e-06	9.780815e-03	-6.177934e+00
1.090000e-06	1.420259e-02	-6.084742e+00
1.100000e-06	1.824838e-02	-5.991054e+00
1.110000e-06	1.555016e-02	-5.978874e+00
1.120000e-06	9.235658e-03	-5.873765e+00
1.130000e-06	8.597233e-03	-5.818504e+00
1.140000e-06	1.266199e-02	-5.726823e+00
1.150000e-06	1.505707e-02	-5.681159e+00
1.160000e-06	1.035745e-02	-5.579395e+00
1.170000e-06	5.493620e-03	-5.466195e+00
1.180000e-06	7.965756e-03	-5.378374e+00
1.190000e-06	1.170202e-02	-5.231533e+00
1.200000e-06	1.057321e-02	-5.167300e+00
1.210000e-06	4.892148e-03	-5.052087e+00
1.220000e-06	2.713270e-03	-4.957371e+00
1.230000e-06	6.540639e-03	-4.779836e+00
1.240000e-06	8.388324e-03	-4.672119e+00
1.250000e-06	5.218629e-03	-4.580525e+00
1.260000e-06	2.079188e-03	-4.473169e+00
1.270000e-06	3.298997e-03	-4.421003e+00
1.280000e-06	6.750697e-03	-4.336894e+00
1.290000e-06	6.766660e-03	-4.222062e+00
1.300000e-06	1.861643e-03	-4.115241e+00
1.310000e-06	1.426959e-04	-4.001558e+00
1.320000e-06	1.449559e-03	-3.955843e+00
1.330000e-06	4.492797e-03	-3.768406e+00
1.340000e-06	2.386237e-03	-3.632033e+00
1.350000e-06	-4.020771e-04	-3.567271e+00
1.360000e-06	-6.128887e-04	-3.411609e+00
1.370000e-06	3.217729e-03	-3.325821e+00
1.380000e-06	2.373069e-03	-3.231030e+00
1.390000e-06	9.182286e-04	-3.115643e+00
1.400000e-06	-2.836729e-03	-2.916777e+00
1.410000e-06	1.604696e-04	-2.801003e+00
1.420000e-06	9.184311e-04	-2.706092e+00
1.430000e-06	-5.965592e-04	-2.587827e+00
1.440000e-06	-3.760492e-03	-2.432087e+00
1.450000e-06	-3.447735e-03	-2.329349e+00
1.460000e-06	-1.332359e-03	-2.210006e+00
1.470000e-06	1.118176e-03	-2.022030e+00
1.480000e-06	-8.700393e-04	-1.917747e+00
1.490000e-06	-2.427437e-03	-1.791429e+00
1.500000e-06	-1.223980e-03	-1.693641e+00
1.510000e-06	1.346381e-04	-1.589400e+00
1.520000e-06	-2.135031e-03	-1.422508e+00
1.530000e-06	-5.776851e-03	-1.242079e+00
1.540000e-06	-6.227167e-03	-1.124668e+00
1.550000e-06	-4.792523e-03	-9.489510e-01
1.560000e-06	-1.363479e-03	-8.431366e-01
1.570000e-06	-2.460151e-03	-7.478723e-01
1.580000e-06	-3.071091e-03	-5.688525e-01
1.590000e-06	-3.237366e-03	-4.310088e-01
1.600000e-06	-1.826065e-03	-3.162957e-01
1.610000e-06	-3.696867e-03	-1.699264e-01
1.620000e-06	-3.701323e-03	-7.353896e-02
1.630000e-06	-2.473525e-03	2.157513e-02
1.640000e-06	-1.541756e-03	1.689936e-01
1.650000e-06	-9.432024e-04	3.573621e-01
1.660000e-06	-9.586494e-04	4.216552e-01
1.670000e-06	-3.401902e-03	5.479659e-01
1.680000e-06	-3.019968e-03	6.732081e-01
1.690000e-06	-4.135570e-04	7.989211e-01
1.700000e-06	1.341032e-02	9.244069e-01
1.710000e-06	4.213980e-02	1.115338e+00
1.720000e-06	1.701955e-02	1.284331e+00
1.730000e-06	-4.978271e-02	1.514308e+00
1.740000e-06	-7.789209e-02	1.644705e+00
1.750000e-06	-4.087285e-02	1.766318e+00
1.760000e-06	1.202975e-01	1.821054e+00
1.770000e-06	-4.418634e-02	1.966914e+00
1.780000e-06	-1.072609e-01	2.011576e+00
1.790000e-06	1.034206e-01	2.105358e+00
1.800000e-06	-1.106452e-02	2.323358e+00
1.810000e-06	-6.886553e-02	2.429999e+00
1.820000e-06	8.571276e-02	2.442607e+00
1.830000e-06	-1.093677e-02	2.633701e+00
1.840000e-06	-1.422103e-01	2.798574e+00
1.850000e-06	8.819210e-02	2.884735e+00
1.860000e-06	4.582285e-02	3.019599e+00
1.870000e-06	-7.042970e-02	3.146838e+00
1.880000e-06	-1.697702e-03	3.243225e+00
1.890000e-06	-1.854978e-02	3.417996e+00
1.900000e-06	8.335386e-03	3.534291e+00
1.910000e-06	3.950349e-02	3.629522e+00
1.920000e-06	-5.187674e-02	3.727316e+00
1.930000e-06	-2.854811e-02	3.851654e+00
1.940000e-06	3.482677e-02	3.967417e+00
1.950000e-06	-1.375078e-02	4.032102e+00
1.960000e-06	9.009542e-03	4.126842e+00
1.970000e-06	-3.634536e-02	4.333862e+00
1.980000e-06	-3.351957e-02	4.420100e+00
1.990000e-06	1.936848e-02	4.484838e+00
2.000000e-06	3.329870e-02	4.611551e+00
2.010000e-06	-2.335272e-02	4.735987e+00
2.020000e-06	-4.516705e-02	4.829503e+00
2.030000e-06	4.695549e-03	4.923690e+00
2.040000e-06	1.296517e-02	5.063112e+00
2.050000e-06	-5.704398e-03	5.188973e+00
2.060000e-06	-3.640571e-02	5.284307e+00
2.070000e-06	-2.336671e-02	5.389049e+00
2.080000e-06	7.914976e-03	5.462183e+00
2.090000e-06	2.521151e-02	5.605841e+00
2.100000e-06	-2.099973e-02	5.610526e+00
2.110000e-06	-3.306792e-02	5.684730e+00
2.120000e-06	-1.265164e-02	5.869076e+00
2.130000e-06	9.171417e-03	5.946816e+00
2.140000e-06	3.600596e-03	5.978974e+00
2.150000e-06	-3.670359e-02	6.051628e+00
2.160000e-06	-2.286836e-02	6.133887e+00
2.170000e-06	-4.626352e-04	6.189927e+00
2.180000e-06	1.408675e-02	6.230104e+00
2.190000e-06	-1.471264e-02	6.275340e+00
2.200000e-06	-3.200476e-02	6.377898e+00
2.210000e-06	-1.574158e-02	6.420030e+00
2.220000e-06	4.376812e-03	6.441634e+00
2.230000e-06	4.725133e-04	6.525346e+00
2.240000e-06	-2.848695e-02	6.681001e+00
2.250000e-06	-2.901329e-02	6.693713e+00
2.260000e-06	-9.476388e-03	6.746871e+00
2.270000e-06	8.055487e-03	6.777975e+00
2.280000e-06	-1.227322e-02	6.799554e+00
2.290000e-06	-2.647637e-02	6.831229e+00
2.300000e-06	-2.079027e-02	6.901638e+00
2.310000e-06	-2.165658e-03	6.905767e+00
2.320000e-06	-4.929928e-03	6.925796e+00
2.330000e-06	-2.506094e-02	6.989450e+00
2.340000e-06	-2.964329e-02	7.009479e+00
2.350000e-06	-1.601965e-02	7.060156e+00
2.360000e-06	-4.087973e-04	7.052683e+00
2.370000e-06	-1.304155e-02	7.071185e+00
2.380000e-06	-2.568646e-02	7.174215e+00
2.390000e-06	-2.464669e-02	7.108317e+00
2.400000e-06	-8.366695e-03	7.167874e+00
2.410000e-06	-6.747496e-03	7.148796e+00
2.420000e-06	-2.462530e-02	7.168397e+00
2.430000e-06	-3.183319e-02	7.167396e+00
2.440000e-06	-2.110167e-02	7.157920e+00
2.450000e-06	-7.899787e-03	7.168396e+00
2.460000e-06	-1.551042e-02	7.175975e+00
2.470000e-06	-2.811643e-02	7.177896e+00
2.480000e-06	-2.793145e-02	7.156849e+00
2.490000e-06	-1.467553e-02	7.168346e+00
2.500000e-06	-1.214957e-02	7.155271e+00
2.510000e-06	-2.500244e-02	7.124320e+00
2.520000e-06	-3.253642e-02	7.106266e+00
2.530000e-06	-2.746212e-02	7.084617e+00
2.540000e-06	-1.419557e-02	7.061561e+00
2.550000e-06	-1.893086e-02	7.023158e+00
2.560000e-06	-2.851754e-02	6.990580e+00
2.570000e-06	-3.173698e-02	6.978398e+00
2.580000e-06	-2.097550e-02	6.956800e+00
2.590000e-06	-1.613396e-02	6.894243e+00
2.600000e-06	-2.462894e-02	6.864639e+00
2.610000e-06	-3.318017e-02	6.822033e+00
2.620000e-06	-2.942959e-02	6.820530e+00
2.630000e-06	-1.896214e-02	6.779501e+00
2.640000e-06	-2.082498e-02	6.786348e+00
2.650000e-06	-2.741550e-02	6.705712e+00
2.660000e-06	-3.293702e-02	6.610431e+00
2.670000e-06	-2.442650e-02	6.514771e+00
2.680000e-06	-1.827989e-02	6.461589e+00
2.690000e-06	-2.428982e-02	6.420054e+00
2.700000e-06	-2.996254e-02	6.358925e+00
2.710000e-06	-2.818241e-02	6.345795e+00
2.720000e-06	-1.684228e-02	6.272538e+00
2.730000e-06	-1.833231e-02	6.188933e+00
2.740000e-06	-2.463629e-02	6.084266e+00
2.750000e-06	-2.944802e-02	6.062641e+00
2.760000e-06	-2.137314e-02	6.000554e+00
2.770000e-06	-1.550323e-02	5.946847e+00
2.780000e-06	-1.651966e-02	5.853062e+00
2.790000e-06	-2.410584e-02	5.725321e+00
2.800000e-06	-2.294946e-02	5.612061e+00
2.810000e-06	-1.521673e-02	5.588950e+00
2.820000e-06	-1.342263e-02	5.484792e+00
2.830000e-06	-1.801332e-02	5.380505e+00
2.840000e-06	-2.235122e-02	5.364670e+00
2.850000e-06	-1.736040e-02	5.230538e+00
2.860000e-06	-1.107810e-02	5.105270e+00
2.870000e-06	-1.167440e-02	4.996329e+00
2.880000e-06	-1.737534e-02	4.832611e+00
2.890000e-06	-1.732433e-02	4.757372e+00
2.900000e-06	-1.215357e-02	4.653038e+00
2.910000e-06	-8.412564e-03	4.558476e+00
2.920000e-06	-1.241349e-02	4.452089e+00
2.930000e-06	-1.658893e-02	4.379980e+00
2.940000e-06	-1.392528e-02	4.294268e+00
2.950000e-06	-8.431860e-03	4.115302e+00
2.960000e-06	-8.668500e-03	3.989558e+00
2.970000e-06	-1.333403e-02	3.904722e+00
2.980000e-06	-1.487340e-02	3.810508e+00
2.990000e-06	-9.005576e-03	3.713692e+00
3.000000e-06	-5.385427e-03	3.630430e+00
3.010000e-06	-7.850576e-03	3.504871e+00
3.020000e-06	-1.128356e-02	3.347328e+00
3.030000e-06	-1.068165e-02	3.220506e+00
3.040000e-06	-6.800919e-03	3.127244e+00
3.050000e-06	-6.318533e-03	3.029956e+00
3.060000e-06	-1.004996e-02	2.894089e+00
3.070000e-06	-1.205799e-02	2.780905e+00
3.080000e-06	-8.085913e-03	2.661565e+00
3.090000e-06	-4.033272e-03	2.464698e+00
3.100000e-06	-5.347273e-03	2.348827e+00
3.110000e-06	-8.559925e-03	2.211609e+00
3.120000e-06	-9.030961e-03	2.115771e+00
3.130000e-06	-5.126370e-03	2.011029e+00
3.140000e-06	-5.190758e-03	1.926168e+00
3.150000e-06	-7.557816e-03	1.727859e+00
3.160000e-06	-9.035032e-03	1.620983e+00
3.170000e-06	-6.933231e-03	1.494141e+00
3.180000e-06	-3.179123e-03	1.355302e+00
3.190000e-06	-4.487827e-03	1.191508e+00
3.200000e-06	-6.584393e-03	1.061994e+00
3.210000e-06	-6.892637e-03	8.441203e-01
3.220000e-06	-5.202849e-03	7.683734e-01
3.230000e-06	-3.537710e-03	6.205365e-01
3.240000e-06	-4.727157e-03	4.761667e-01
3.250000e-06	-7.743763e-03	4.309750e-01
3.260000e-06	-6.661136e-03	3.126115e-01
3.270000e-06	-3.458265e-03	7.404153e-02
3.280000e-06	-1.567105e-03	-5.165131e-02
3.290000e-06	-1.019637e-03	-1.869148e-01
3.300000e-06	-1.648579e-03	-3.342793e-01
3.310000e-06	-1.571098e-03	-3.895212e-01
3.320000e-06	1.661417e-03	-5.157805e-01
3.330000e-06	-2.064584e-03	-6.527530e-01
3.340000e-06	-2.986737e-03	-7.815199e-01
3.350000e-06	-2.656280e-03	-8.842306e-01
3.360000e-06	2.210978e-02	-9.804950e-01
3.370000e-06	6.009901e-02	-1.135333e+00
3.380000e-06	-1.318590e-02	-1.377534e+00
3.390000e-06	-5.677489e-02	-1.639150e+00
3.400000e-06	-9.397512e-02	-1.766917e+00
3.410000e-06	7.158034e-02	-1.725773e+00
3.420000e-06	5.371310e-02	-1.757412e+00
3.430000e-06	-1.059816e-01	-1.977044e+00
3.440000e-06	-2.936776e-03	-2.104439e+00
3.450000e-06	1.146919e-01	-2.105239e+00
3.460000e-06	-1.149633e-01	-2.376535e+00
3.470000e-06	2.178533e-02	-2.596891e+00
3.480000e-06	1.260948e-01	-2.590046e+00
3.490000e-06	-1.449955e-01	-2.755861e+00
3.500000e-06	-3.104869e-02	-2.840554e+00
3.510000e-06	1.603412e-01	-2.936387e+00
3.520000e-06	-6.435009e-02	-3.146891e+00
3.530000e-06	-2.395606e-02	-3.281104e+00
3.540000e-06	3.452083e-02	-3.326916e+00
3.550000e-06	-6.018930e-02	-3.534884e+00
3.560000e-06	9.095014e-02	-3.588950e+00
3.570000e-06	-1.325348e-02	-3.671603e+00
3.580000e-06	-9.022332e-02	-3.882752e+00
3.590000e-06	7.721867e-02	-3.989446e+00
3.600000e-06	5.497648e-03	-4.082654e+00
3.610000e-06	-1.605810e-02	-4.200495e+00
3.620000e-06	4.714290e-02	-4.264706e+00
3.630000e-06	-7.724649e-02	-4.367968e+00
3.640000e-06	1.949281e-02	-4.480629e+00
3.650000e-06	5.372852e-02	-4.538035e+00
3.660000e-06	-1.206817e-02	-4.724736e+00
3.670000e-06	-8.610869e-04	-4.777448e+00
3.680000e-06	-3.811625e-02	-4.874176e+00
3.690000e-06	4.797097e-02	-4.998528e+00
3.700000e-06	2.054213e-02	-5.095231e+00
3.710000e-06	-3.289795e-02	-5.219975e+00
3.720000e-06	4.663174e-03	-5.283183e+00
3.730000e-06	-1.291875e-02	-5.490703e+00
3.740000e-06	4.512326e-02	-5.578919e+00
3.750000e-06	1.452521e-02	-5.590578e+00
3.760000e-06	-3.288198e-02	-5.703333e+00
3.770000e-06	8.505297e-03	-5.798520e+00
3.780000e-06	2.189730e-03	-5.861733e+00
3.790000e-06	2.642020e-02	-5.945367e+00
3.800000e-06	4.139780e-03	-6.000525e+00
3.810000e-06	-2.825737e-02	-6.072629e+00
3.820000e-06	2.148510e-02	-6.134441e+00
3.830000e-06	1.620785e-02	-6.261602e+00
3.840000e-06	1.922975e-02	-6.357893e+00
3.850000e-06	-9.073113e-03	-6.389025e+00
3.860000e-06	-1.693167e-02	-6.431004e+00
3.870000e-06	2.484002e-02	-6.484737e+00
3.880000e-06	1.108207e-02	-6.587447e+00
3.890000e-06	1.270840e-02	-6.590650e+00
3.900000e-06	-1.415590e-02	-6.701683e+00
3.910000e-06	1.640256e-03	-6.755263e+00
3.920000e-06	2.912071e-02	-6.788945e+00
3.930000e-06	1.201709e-02	-6.799950e+00
3.940000e-06	8.043674e-04	-6.831032e+00
3.950000e-06	-1.008801e-02	-6.853157e+00
3.960000e-06	1.550559e-02	-6.911208e+00
3.970000e-06	2.333719e-02	-7.016370e+00
3.980000e-06	4.944544e-03	-7.022027e+00
3.990000e-06	-3.055461e-03	-7.112766e+00
4.000000e-06	2.645963e-03	-7.146242e+00
4.010000e-06	2.209167e-02	-7.166445e+00
4.020000e-06	1.950780e-02	-7.168921e+00
4.030000e-06	4.213400e-03	-7.199475e+00
4.040000e-06	-9.587459e-05	-7.199998e+00
4.050000e-06	1.066376e-02	-7.200052e+00
4.060000e-06	2.330639e-02	-7.210055e+00
4.070000e-06	1.336902e-02	-7.230554e+00
4.080000e-06	-5.029396e-04	-7.240529e+00
4.090000e-06	5.845374e-03	-7.231102e+00
4.100000e-06	2.100106e-02	-7.271054e+00
4.110000e-06	2.390382e-02	-7.262633e+00
4.120000e-06	1.123281e-02	-7.250134e+00
4.130000e-06	3.742244e-03	-7.251657e+00
4.140000e-06	1.481058e-02	-7.242677e+00
4.150000e-06	2.339781e-02	-7.240604e+00
4.160000e-06	1.745875e-02	-7.231603e+00
4.170000e-06	6.612615e-03	-7.220504e+00
4.180000e-06	8.913516e-03	-7.189577e+00
4.190000e-06	2.122781e-02	-7.179476e+00
4.200000e-06	2.626344e-02	-7.157475e+00
4.210000e-06	1.664705e-02	-7.167371e+00
4.220000e-06	8.794021e-03	-7.134370e+00
4.230000e-06	1.674330e-02	-7.115211e+00
4.240000e-06	2.431220e-02	-7.042234e+00
4.250000e-06	2.220083e-02	-6.979475e+00
4.260000e-06	1.164237e-02	-6.936298e+00
4.270000e-06	1.161015e-02	-6.902612e+00
4.280000e-06	2.027044e-02	-6.821084e+00
4.290000e-06	2.558783e-02	-6.820029e+00
4.300000e-06	1.924245e-02	-6.789475e+00
4.310000e-06	1.206044e-02	-6.717246e+00
4.320000e-06	1.655195e-02	-6.673716e+00
4.330000e-06	2.308044e-02	-6.631530e+00
4.340000e-06	2.285221e-02	-6.588951e+00
4.350000e-06	1.312194e-02	-6.508320e+00
4.360000e-06	1.007037e-02	-6.452812e+00
4.370000e-06	1.646716e-02	-6.420957e+00
4.380000e-06	2.125901e-02	-6.378897e+00
4.390000e-06	1.730003e-02	-6.265192e+00
4.400000e-06	1.014440e-02	-6.201509e+00
4.410000e-06	1.235576e-02	-6.127220e+00
4.420000e-06	1.842079e-02	-6.032059e+00
4.430000e-06	1.879483e-02	-5.989399e+00
4.440000e-06	1.111907e-02	-5.936793e+00
4.450000e-06	6.887614e-03	-5.802982e+00
4.460000e-06	9.883630e-03	-5.737399e+00
4.470000e-06	1.492490e-02	-5.652637e+00
4.480000e-06	1.139815e-02	-5.610477e+00
4.490000e-06	6.046397e-03	-5.536296e+00
4.500000e-06	6.856140e-03	-5.399004e+00
4.510000e-06	1.119994e-02	-5.262558e+00
4.520000e-06	1.351729e-02	-5.188378e+00
4.530000e-06	6.569741e-03	-5.093138e+00
4.540000e-06	3.183207e-03	-4.936904e+00
4.550000e-06	4.201320e-03	-4.842563e+00
4.560000e-06	8.907380e-03	-4.665664e+00
4.570000e-06	6.158532e-03	-4.641051e+00
4.580000e-06	2.773514e-03	-4.515671e+00
4.590000e-06	1.757671e-03	-4.422580e+00
4.600000e-06	5.311948e-03	-4.359376e+00
4.610000e-06	8.734387e-03	-4.253484e+00
4.620000e-06	4.277505e-03	-4.158319e+00
4.630000e-06	6.051262e-04	-4.031664e+00
4.640000e-06	5.533073e-04	-3.979374e+00
4.650000e-06	4.941615e-03	-3.811134e+00
4.660000e-06	2.813311e-03	-3.673113e+00
4.670000e-06	-4.474979e-04	-3.538949e+00
4.680000e-06	-2.834708e-03	-3.444109e+00
4.690000e-06	1.848103e-03	-3.347374e+00
4.700000e-06	3.755639e-03	-3.242579e+00
4.710000e-06	2.799238e-03	-3.147320e+00
4.720000e-06	-1.607205e-03	-2.980328e+00
4.730000e-06	-7.744970e-04	-2.832059e+00
4.740000e-06	1.622467e-03	-2.706821e+00
4.750000e-06	9.016896e-04	-2.590959e+00
4.760000e-06	-3.400618e-03	-2.492291e+00
4.770000e-06	-4.911724e-03	-2.398376e+00
4.780000e-06	-2.545174e-03	-2.252042e+00
4.790000e-06	1.824792e-03	-2.074163e+00
4.800000e-06	-1.185002e-04	-1.987851e+00
4.810000e-06	-1.495789e-03	-1.842533e+00
4.820000e-06	-2.883848e-03	-1.716271e+00
4.830000e-06	9.745075e-04	-1.599977e+00
4.840000e-06	-9.565868e-04	-1.454544e+00
4.850000e-06	-4.405679e-03	-1.263239e+00
4.860000e-06	-6.182691e-03	-1.147399e+00
4.870000e-06	-4.615890e-03	-1.000980e+00
4.880000e-06	-1.711770e-03	-8.751169e-01
4.890000e-06	-9.929371e-04	-7.894749e-01
4.900000e-06	-3.214494e-03	-6.315078e-01
4.910000e-06	-4.114106e-03	-4.121090e-01
4.920000e-06	-1.865711e-03	-3.278221e-01
4.930000e-06	-1.924711e-03	-2.120040e-01
4.940000e-06	-3.876962e-03	-5.473928e-02
4.950000e-06	-3.140699e-03	2.100001e-02
4.960000e-06	-2.169628e-03	1.268619e-01
4.970000e-06	-1.001454e-03	3.258331e-01
4.980000e-06	7.864821e-06	4.310503e-01
4.990000e-06	-3.345633e-03	5.463119e-01
5.000000e-06	-3.103410e-03	6.706263e-01
5.010000e-06	-6.672490e-04	7.589449e-01
5.020000e-06	9.062640e-03	8.751302e-01
5.030000e-06	3.446007e-02	1.071247e+00
5.040000e-06	3.296844e-02	1.241698e+00
5.050000e-06	-4.124857e-02	1.461121e+00
5.060000e-06	-6.692765e-02	1.639594e+00
5.070000e-06	-7.368344e-02	1.716316e+00
5.080000e-06	1.010829e-01	1.799074e+00
5.090000e-06	8.307844e-03	1.906333e+00
5.100000e-06	-1.127569e-01	2.000026e+00
5.110000e-06	5.085436e-02	2.104305e+00
5.120000e-06	5.371500e-02	2.273228e+00
5.130000e-06	-9.339818e-02	2.388946e+00
5.140000e-06	4.942655e-02	2.451603e+00
5.150000e-06	5.449376e-02	2.600064e+00
5.160000e-06	-1.568154e-01	2.828067e+00
5.170000e-06	3.424668e-02	2.864730e+00
5.180000e-06	9.065207e-02	2.998022e+00
5.190000e-06	-6.198230e-02	3.104811e+00
5.200000e-06	-2.118436e-02	3.259977e+00
5.210000e-06	-1.897278e-03	3.357464e+00
5.220000e-06	-1.860688e-02	3.453261e+00
5.230000e-06	5.140502e-02	3.579474e+00
5.240000e-06	-3.754369e-02	3.733832e+00
5.250000e-06	-4.713702e-02	3.853101e+00
5.260000e-06	3.127357e-02	3.915869e+00
5.270000e-06	-2.428162e-03	4.031001e+00
5.280000e-06	4.714655e-03	4.082763e+00
5.290000e-06	-2.297395e-02	4.300759e+00
5.300000e-06	-3.965706e-02	4.429475e+00
5.310000e-06	-5.249708e-04	4.475208e+00
5.320000e-06	4.269561e-02	4.600024e+00
5.330000e-06	-1.554286e-02	4.693687e+00
5.340000e-06	-4.005974e-02	4.817999e+00
5.350000e-06	-8.360902e-03	4.902658e+00
5.360000e-06	2.023033e-02	5.030621e+00
5.370000e-06	-3.735708e-03	5.166821e+00
5.380000e-06	-3.198354e-02	5.262734e+00
5.390000e-06	-2.707085e-02	5.378994e+00
5.400000e-06	-4.913310e-03	5.451130e+00
5.410000e-06	2.893406e-02	5.515788e+00
5.420000e-06	-1.473460e-02	5.598946e+00
5.430000e-06	-2.745013e-02	5.663157e+00
5.440000e-06	-1.967966e-02	5.788069e+00
5.450000e-06	8.719357e-03	5.906341e+00
5.460000e-06	6.893985e-03	5.978950e+00
5.470000e-06	-2.850745e-02	6.001604e+00
5.480000e-06	-2.913060e-02	6.114266e+00
5.490000e-06	-7.048479e-03	6.168372e+00
5.500000e-06	1.551687e-02	6.210032e+00
5.510000e-06	-9.708796e-03	6.264711e+00
5.520000e-06	-2.722024e-02	6.387949e+00
5.530000e-06	-2.261946e-02	6.390026e+00
5.540000e-06	3.417073e-03	6.451734e+00
5.550000e-06	4.573440e-04	6.534358e+00
5.560000e-06	-2.023633e-02	6.600071e+00
5.570000e-06	-3.177259e-02	6.642207e+00
5.580000e-06	-1.571713e-02	6.746294e+00
5.590000e-06	5.868081e-03	6.748971e+00
5.600000e-06	-9.195600e-03	6.799951e+00
5.610000e-06	-2.449169e-02	6.820054e+00
5.620000e-06	-2.555128e-02	6.863155e+00
5.630000e-06	-1.855511e-03	6.897288e+00
5.640000e-06	-1.881993e-03	6.955868e+00
5.650000e-06	-1.926608e-02	6.989397e+00
5.660000e-06	-3.103655e-02	7.009503e+00
5.670000e-06	-2.013086e-02	7.021605e+00
5.680000e-06	-3.504902e-03	7.012682e+00
5.690000e-06	-1.217585e-02	7.073661e+00
5.700000e-06	-2.403064e-02	7.115142e+00
5.710000e-06	-2.705236e-02	7.116868e+00
5.720000e-06	-1.094082e-02	7.158344e+00
5.730000e-06	-5.265128e-03	7.146897e+00
5.740000e-06	-1.825010e-02	7.157394e+00
5.750000e-06	-3.118705e-02	7.178849e+00
5.760000e-06	-2.553330e-02	7.158898e+00
5.770000e-06	-1.015538e-02	7.187349e+00
5.780000e-06	-1.506422e-02	7.128947e+00
5.790000e-06	-2.514954e-02	7.187919e+00
5.800000e-06	-3.018226e-02	7.136395e+00
5.810000e-06	-1.682188e-02	7.127894e+00
5.820000e-06	-1.228038e-02	7.136291e+00
5.830000e-06	-2.083143e-02	7.114294e+00
5.840000e-06	-3.102339e-02	7.125792e+00
5.850000e-06	-2.758743e-02	7.054188e+00
5.860000e-06	-1.670799e-02	7.064664e+00
5.870000e-06	-1.842513e-02	7.032557e+00
5.880000e-06	-2.751875e-02	7.010583e+00
5.890000e-06	-3.406853e-02	6.999953e+00
5.900000e-06	-2.384927e-02	6.917325e+00
5.910000e-06	-1.693830e-02	6.906242e+00
5.920000e-06	-2.100440e-02	6.863663e+00
5.930000e-06	-3.077031e-02	6.834135e+00
5.940000e-06	-2.923540e-02	6.821025e+00
5.950000e-06	-2.035062e-02	6.800476e+00
5.960000e-06	-1.978621e-02	6.747875e+00
5.970000e-06	-2.782236e-02	6.746266e+00
5.980000e-06	-3.398873e-02	6.643537e+00
5.990000e-06	-2.541225e-02	6.527746e+00
6.000000e-06	-1.908429e-02	6.463617e+00
6.010000e-06	-2.155748e-02	6.421530e+00
6.020000e-06	-2.922078e-02	6.378975e+00
6.030000e-06	-2.807411e-02	6.327271e+00
6.040000e-06	-1.948382e-02	6.265212e+00
6.050000e-06	-1.801870e-02	6.201480e+00
6.060000e-06	-2.319561e-02	6.134774e+00
6.070000e-06	-2.941479e-02	6.073638e+00
6.080000e-06	-2.155783e-02	5.983059e+00
6.090000e-06	-1.647151e-02	5.998925e+00
6.100000e-06	-1.625088e-02	5.895193e+00
6.110000e-06	-2.375003e-02	5.757880e+00
6.120000e-06	-2.245071e-02	5.643057e+00
6.130000e-06	-1.643719e-02	5.579476e+00
6.140000e-06	-1.319590e-02	5.536218e+00
6.150000e-06	-1.665564e-02	5.421088e+00
6.160000e-06	-2.237702e-02	5.325797e+00
6.170000e-06	-1.955438e-02	5.242587e+00
6.180000e-06	-1.339327e-02	5.127876e+00
6.190000e-06	-1.121911e-02	4.960581e+00
6.200000e-06	-1.768371e-02	4.863038e+00
6.210000e-06	-1.777935e-02	4.769878e+00
6.220000e-06	-1.347169e-02	4.694667e+00
6.230000e-06	-8.541548e-03	4.589353e+00
6.240000e-06	-1.167046e-02	4.484689e+00
6.250000e-06	-1.597904e-02	4.370030e+00
6.260000e-06	-1.426347e-02	4.326271e+00
6.270000e-06	-1.040335e-02	4.138478e+00
6.280000e-06	-8.204688e-03	4.052539e+00
6.290000e-06	-1.259012e-02	3.946873e+00
6.300000e-06	-1.389356e-02	3.841556e+00
6.310000e-06	-1.074161e-02	3.716820e+00
6.320000e-06	-6.558987e-03	3.642055e+00
6.330000e-06	-7.922796e-03	3.547796e+00
6.340000e-06	-1.160377e-02	3.358910e+00
6.350000e-06	-1.156984e-02	3.242109e+00
6.360000e-06	-7.977472e-03	3.146797e+00
6.370000e-06	-6.416749e-03	3.032035e+00
6.380000e-06	-1.008922e-02	2.925692e+00
6.390000e-06	-1.149612e-02	2.800481e+00
6.400000e-06	-8.761238e-03	2.633093e+00
6.410000e-06	-4.898750e-03	2.555655e+00
6.420000e-06	-5.781175e-03	2.390454e+00
6.430000e-06	-8.715289e-03	2.253089e+00
6.440000e-06	-8.840654e-03	2.147801e+00
6.450000e-06	-5.633728e-03	2.022637e+00
6.460000e-06	-4.728995e-03	1.936347e+00
6.470000e-06	-7.357248e-03	1.820977e+00
6.480000e-06	-9.105850e-03	1.652589e+00
6.490000e-06	-8.362487e-03	1.505825e+00
6.500000e-06	-4.463785e-03	1.399276e+00
6.510000e-06	-4.701679e-03	1.182983e+00
6.520000e-06	-6.621215e-03	1.146717e+00
6.530000e-06	-6.694730e-03	9.141969e-01
6.540000e-06	-4.471283e-03	7.784772e-01
6.550000e-06	-3.303624e-03	6.420853e-01
6.560000e-06	-4.031975e-03	4.983507e-01
6.570000e-06	-6.235284e-03	4.010038e-01
6.580000e-06	-6.390088e-03	3.162420e-01
6.590000e-06	-4.807681e-03	9.722085e-02
6.600000e-06	-2.476642e-03	-1.107525e-02
6.610000e-06	-2.314465e-03	-1.358371e-01
6.620000e-06	-2.962313e-05	-2.317015e-01
6.630000e-06	-1.803273e-03	-3.589435e-01
6.640000e-06	2.017495e-03	-4.626277e-01
6.650000e-06	-2.957009e-03	-6.190475e-01
6.660000e-06	-2.722876e-03	-7.789412e-01
6.670000e-06	-2.231753e-03	-8.416790e-01
6.680000e-06	1.341480e-02	-9.683948e-01
6.690000e-06	5.213808e-02	-1.084248e+00
6.700000e-06	1.274696e-02	-1.324302e+00
6.710000e-06	-5.400661e-02	-1.588017e+00
6.720000e-06	-7.922449e-02	-1.734437e+00
6.730000e-06	7.749550e-03	-1.757396e+00
6.740000e-06	1.067136e-01	-1.715959e+00
6.750000e-06	-8.529961e-02	-1.955381e+00
6.760000e-06	-7.010045e-02	-2.093783e+00
6.770000e-06	1.451361e-01	-2.095811e+00
6.780000e-06	-8.363981e-02	-2.292801e+00
6.790000e-06	-4.152857e-02	-2.525310e+00
6.800000e-06	1.421560e-01	-2.608549e+00
6.810000e-06	-8.947847e-02	-2.684254e+00
6.820000e-06	-1.156886e-01	-2.821099e+00
6.830000e-06	1.567696e-01	-2.915132e+00
6.840000e-06	-9.271598e-03	-3.074704e+00
6.850000e-06	-6.193728e-02	-3.231100e+00
6.860000e-06	4.853454e-02	-3.274807e+00
6.870000e-06	-5.458007e-02	-3.483204e+00
6.880000e-06	4.875143e-02	-3.588996e+00
6.890000e-06	4.736218e-02	-3.660074e+00
6.900000e-06	-1.115799e-01	-3.828244e+00
6.910000e-06	4.749574e-02	-3.968917e+00
6.920000e-06	4.401953e-02	-4.041053e+00
6.930000e-06	-4.097858e-02	-4.167416e+00
6.940000e-06	6.158445e-02	-4.282082e+00
6.950000e-06	-6.014462e-02	-4.356896e+00
6.960000e-06	-1.717606e-02	-4.390576e+00
6.970000e-06	6.267268e-02	-4.495408e+00
6.980000e-06	-3.344373e-03	-4.673207e+00
6.990000e-06	2.127028e-03	-4.747317e+00
7.000000e-06	-3.654856e-02	-4.820199e+00
7.010000e-06	2.333304e-02	-5.007050e+00
7.020000e-06	4.361649e-02	-5.092203e+00
7.030000e-06	-3.115977e-02	-5.166871e+00
7.040000e-06	-2.158538e-03	-5.252156e+00
7.050000e-06	-1.050962e-02	-5.389498e+00
7.060000e-06	2.524596e-02	-5.495916e+00
7.070000e-06	3.874923e-02	-5.600024e+00
7.080000e-06	-3.544888e-02	-5.692157e+00
7.090000e-06	-2.665186e-04	-5.807394e+00
7.100000e-06	4.723684e-03	-5.871678e+00
7.110000e-06	1.673092e-02	-5.935366e+00
7.120000e-06	2.216415e-02	-5.978972e+00
7.130000e-06	-3.414224e-02	-6.010602e+00
7.140000e-06	1.424895e-02	-6.133956e+00
7.150000e-06	1.806359e-02	-6.221622e+00
7.160000e-06	1.929001e-02	-6.347391e+00
7.170000e-06	9.530457e-04	-6.366949e+00
7.180000e-06	-2.483221e-02	-6.431154e+00
7.190000e-06	1.879294e-02	-6.492710e+00
7.200000e-06	1.446934e-02	-6.567870e+00
7.210000e-06	1.404573e-02	-6.609524e+00
7.220000e-06	-7.148261e-03	-6.660633e+00
7.230000e-06	-6.876244e-03	-6.743312e+00
7.240000e-06	2.622060e-02	-6.745821e+00
7.250000e-06	1.873152e-02	-6.799949e+00
7.260000e-06	2.234413e-03	-6.800054e+00
7.270000e-06	-9.011548e-03	-6.842077e+00
7.280000e-06	6.761967e-03	-6.923763e+00
7.290000e-06	2.639392e-02	-6.993371e+00
7.300000e-06	1.019215e-02	-7.040052e+00
7.310000e-06	-1.338195e-03	-7.084661e+00
7.320000e-06	-7.770570e-04	-7.126915e+00
7.330000e-06	1.727919e-02	-7.137371e+00
7.340000e-06	2.392950e-02	-7.188948e+00
7.350000e-06	6.129328e-03	-7.209449e+00
7.360000e-06	6.120529e-04	-7.190000e+00
7.370000e-06	7.363264e-03	-7.220078e+00
7.380000e-06	2.184436e-02	-7.200502e+00
7.390000e-06	1.957283e-02	-7.210053e+00
7.400000e-06	1.258985e-03	-7.241603e+00
7.410000e-06	3.127259e-03	-7.250608e+00
7.420000e-06	1.562782e-02	-7.241554e+00
7.430000e-06	2.457498e-02	-7.252683e+00
7.440000e-06	1.484774e-02	-7.291605e+00
7.450000e-06	4.487500e-03	-7.231631e+00
7.460000e-06	1.130311e-02	-7.231084e+00
7.470000e-06	2.329812e-02	-7.221103e+00
7.480000e-06	2.107443e-02	-7.211005e+00
7.490000e-06	8.413901e-03	-7.220028e+00
7.500000e-06	6.779116e-03	-7.220524e+00
7.510000e-06	1.664121e-02	-7.190003e+00
7.520000e-06	2.533053e-02	-7.188925e+00
7.530000e-06	1.936665e-02	-7.157950e+00
7.540000e-06	9.871559e-03	-7.165899e+00
7.550000e-06	1.421806e-02	-7.095794e+00
7.560000e-06	2.343971e-02	-7.083086e+00
7.570000e-06	2.390661e-02	-7.061458e+00
7.580000e-06	1.395813e-02	-6.936304e+00
7.590000e-06	9.965719e-03	-6.874657e+00
7.600000e-06	1.747813e-02	-6.852083e+00
7.610000e-06	2.503732e-02	-6.820503e+00
7.620000e-06	2.118779e-02	-6.809450e+00
7.630000e-06	1.353984e-02	-6.747845e+00
7.640000e-06	1.436221e-02	-6.726270e+00
7.650000e-06	2.183289e-02	-6.653112e+00
7.660000e-06	2.439410e-02	-6.599403e+00
7.670000e-06	1.546952e-02	-6.566401e+00
7.680000e-06	1.008641e-02	-6.484161e+00
7.690000e-06	1.454265e-02	-6.431533e+00
7.700000e-06	2.088179e-02	-6.379450e+00
7.710000e-06	1.902303e-02	-6.336371e+00
7.720000e-06	1.170346e-02	-6.262588e+00
7.730000e-06	9.988179e-03	-6.125826e+00
7.740000e-06	1.581429e-02	-6.082610e+00
7.750000e-06	1.971649e-02	-6.010476e+00
7.760000e-06	1.418430e-02	-5.944720e+00
7.770000e-06	8.322110e-03	-5.862509e+00
7.780000e-06	8.313706e-03	-5.767851e+00
7.790000e-06	1.385403e-02	-5.693241e+00
7.800000e-06	1.338340e-02	-5.650502e+00
7.810000e-06	7.477185e-03	-5.556371e+00
7.820000e-06	4.791958e-03	-5.430139e+00
7.830000e-06	9.191683e-03	-5.303636e+00
7.840000e-06	1.351939e-02	-5.178931e+00
7.850000e-06	1.023419e-02	-5.125117e+00
7.860000e-06	3.537323e-03	-4.978982e+00
7.870000e-06	3.708859e-03	-4.902246e+00
7.880000e-06	6.963361e-03	-4.722643e+00
7.890000e-06	7.299779e-03	-4.652610e+00
7.900000e-06	3.513149e-03	-4.527297e+00
7.910000e-06	1.804379e-03	-4.422107e+00
7.920000e-06	4.173645e-03	-4.388873e+00
7.930000e-06	9.948154e-03	-4.283117e+00
7.940000e-06	5.568164e-03	-4.146901e+00
7.950000e-06	2.030506e-03	-4.083638e+00
7.960000e-06	-1.068145e-03	-3.998849e+00
7.970000e-06	2.782392e-03	-3.914693e+00
7.980000e-06	3.401428e-03	-3.706112e+00
7.990000e-06	1.201010e-03	-3.638951e+00
8.000000e-06	-1.962001e-03	-3.504145e+00
8.010000e-06	1.620444e-03	-3.369501e+00
8.020000e-06	4.318870e-03	-3.251636e+00
8.030000e-06	2.926663e-03	-3.160400e+00
8.040000e-06	-1.148048e-03	-3.012004e+00
8.050000e-06	-2.868725e-03	-2.852588e+00
8.060000e-06	-1.305540e-04	-2.757349e+00
8.070000e-06	9.645997e-04	-2.611510e+00
8.080000e-06	-1.234430e-03	-2.513792e+00
8.090000e-06	-2.652171e-03	-2.390401e+00
8.100000e-06	-2.345763e-03	-2.286193e+00
8.110000e-06	5.960070e-04	-2.125723e+00
8.120000e-06	5.007072e-04	-1.979430e+00
8.130000e-06	-2.164556e-03	-1.863688e+00
8.140000e-06	-3.234460e-03	-1.745927e+00
8.150000e-06	-6.873232e-04	-1.631562e+00
8.160000e-06	-6.747965e-04	-1.517093e+00
8.170000e-06	-2.226438e-03	-1.326722e+00
8.180000e-06	-6.341195e-03	-1.168974e+00
8.190000e-06	-5.155080e-03	-1.013062e+00
8.200000e-06	-3.254302e-03	-8.951945e-01
8.210000e-06	-2.320095e-03	-7.705024e-01
8.220000e-06	-3.249296e-03	-6.432402e-01
8.230000e-06	-4.290456e-03	-4.721417e-01
8.240000e-06	-1.853453e-03	-3.689487e-01
8.250000e-06	-1.278471e-03	-2.515865e-01
8.260000e-06	-2.335412e-03	-1.246921e-01
8.270000e-06	-3.427894e-03	-1.150500e-02
8.280000e-06	-1.370229e-03	1.247369e-01
8.290000e-06	-2.352390e-03	3.043252e-01
8.300000e-06	5.980652e-04	4.099974e-01
8.310000e-06	-3.417003e-03	4.948305e-01
8.320000e-06	-3.341062e-03	5.905990e-01
8.330000e-06	-2.943330e-03	7.479096e-01
8.340000e-06	3.645441e-03	8.226015e-01
8.350000e-06	2.674409e-02	9.974912e-01
8.360000e-06	4.309576e-02	1.200546e+00
8.370000e-06	-2.411849e-02	1.389570e+00
8.380000e-06	-6.004721e-02	1.547993e+00
8.390000e-06	-8.769010e-02	1.737188e+00
8.400000e-06	5.755692e-02	1.777867e+00
8.410000e-06	6.620514e-02	1.884228e+00
8.420000e-06	-1.073737e-01	1.999476e+00
8.430000e-06	-1.470260e-02	2.042653e+00
8.440000e-06	1.153080e-01	2.222145e+00
8.450000e-06	-9.458987e-02	2.407018e+00
8.460000e-06	8.554928e-03	2.441001e+00
8.470000e-06	9.497965e-02	2.507484e+00
8.480000e-06	-1.354811e-01	2.757445e+00
8.490000e-06	-3.289756e-02	2.831131e+00
8.500000e-06	1.187394e-01	2.966417e+00
8.510000e-06	-3.777120e-02	3.073707e+00
8.520000e-06	-4.446109e-02	3.137975e+00
8.530000e-06	9.138782e-03	3.275981e+00
8.540000e-06	-3.063668e-02	3.451604e+00
8.550000e-06	5.061731e-02	3.546921e+00
8.560000e-06	-1.381340e-02	3.674258e+00
8.570000e-06	-5.819929e-02	3.799001e+00
8.580000e-06	1.819292e-02	3.913786e+00
8.590000e-06	1.558263e-02	3.979497e+00
8.600000e-06	-6.404958e-03	4.053232e+00
8.610000e-06	-9.132506e-03	4.241598e+00
8.620000e-06	-4.283335e-02	4.358946e+00
8.630000e-06	-1.376341e-02	4.472734e+00
8.640000e-06	4.222468e-02	4.598441e+00
8.650000e-06	-3.598437e-03	4.672279e+00
8.660000e-06	-3.509193e-02	4.778496e+00
8.670000e-06	-2.394504e-02	4.881681e+00
8.680000e-06	2.592320e-02	4.977975e+00
8.690000e-06	8.791969e-04	5.155765e+00
8.700000e-06	-2.489002e-02	5.251204e+00
8.710000e-06	-3.121041e-02	5.357371e+00
8.720000e-06	-1.155398e-02	5.420054e+00
8.730000e-06	2.836727e-02	5.525737e+00
8.740000e-06	-4.353992e-03	5.578447e+00
8.750000e-06	-2.666031e-02	5.671605e+00
8.760000e-06	-2.583603e-02	5.767922e+00
8.770000e-06	5.668673e-03	5.843754e+00
8.780000e-06	7.135440e-03	5.977389e+00
8.790000e-06	-1.723595e-02	6.030525e+00
8.800000e-06	-3.581273e-02	6.054187e+00
8.810000e-06	-9.197918e-03	6.167946e+00
8.820000e-06	1.255880e-02	6.200050e+00
8.830000e-06	-2.294449e-03	6.273831e+00
8.840000e-06	-2.565682e-02	6.314821e+00
8.850000e-06	-2.900583e-02	6.389449e+00
8.860000e-06	7.759757e-04	6.411208e+00
8.870000e-06	1.725627e-03	6.483210e+00
8.880000e-06	-1.276133e-02	6.538471e+00
8.890000e-06	-3.288816e-02	6.672182e+00
8.900000e-06	-1.654695e-02	6.735868e+00
8.910000e-06	4.398730e-03	6.787976e+00
8.920000e-06	-3.434886e-03	6.800451e+00
8.930000e-06	-2.322101e-02	6.830029e+00
8.940000e-06	-3.015448e-02	6.871653e+00
8.950000e-06	-6.255310e-03	6.884687e+00
8.960000e-06	-1.411703e-03	6.934238e+00
8.970000e-06	-1.401431e-02	6.968369e+00
8.980000e-06	-3.127899e-02	6.998500e+00
8.990000e-06	-2.097121e-02	7.041077e+00
9.000000e-06	-4.702272e-03	7.032608e+00
9.010000e-06	-7.929828e-03	7.052606e+00
9.020000e-06	-2.309747e-02	7.112291e+00
9.030000e-06	-2.974589e-02	7.096313e+00
9.040000e-06	-1.399616e-02	7.146823e+00
9.050000e-06	-6.515721e-03	7.154795e+00
9.060000e-06	-1.514093e-02	7.167822e+00
9.070000e-06	-3.107144e-02	7.157394e+00
9.080000e-06	-2.404792e-02	7.178873e+00
9.090000e-06	-1.257054e-02	7.148398e+00
9.100000e-06	-1.195549e-02	7.156449e+00
9.110000e-06	-2.496845e-02	7.159499e+00
9.120000e-06	-3.171621e-02	7.148399e+00
9.130000e-06	-1.979626e-02	7.159345e+00
9.140000e-06	-1.367792e-02	7.127347e+00
9.150000e-06	-1.830946e-02	7.116194e+00
9.160000e-06	-3.017155e-02	7.155271e+00
9.170000e-06	-2.806139e-02	7.074691e+00
9.180000e-06	-1.828742e-02	7.043233e+00
9.190000e-06	-1.553944e-02	7.032083e+00
9.200000e-06	-2.611245e-02	7.010534e+00
9.210000e-06	-3.308342e-02	7.008979e+00
9.220000e-06	-2.605912e-02	6.986921e+00
9.230000e-06	-1.820611e-02	6.936798e+00
9.240000e-06	-1.958357e-02	6.874267e+00
9.250000e-06	-3.026849e-02	6.851134e+00
9.260000e-06	-3.082287e-02	6.820529e+00
9.270000e-06	-2.229479e-02	6.778955e+00
9.280000e-06	-1.882795e-02	6.748451e+00
9.290000e-06	-2.556846e-02	6.714791e+00
9.300000e-06	-3.215906e-02	6.662539e+00
9.310000e-06	-2.626102e-02	6.556897e+00
9.320000e-06	-1.927449e-02	6.473737e+00
9.330000e-06	-1.976162e-02	6.421559e+00
9.340000e-06	-2.759605e-02	6.419004e+00
9.350000e-06	-2.918886e-02	6.357825e+00
9.360000e-06	-2.151670e-02	6.306663e+00
9.370000e-06	-1.690025e-02	6.211033e+00
9.380000e-06	-2.145044e-02	6.146402e+00
9.390000e-06	-2.787498e-02	6.103243e+00
9.400000e-06	-2.452646e-02	6.022032e+00
9.410000e-06	-1.836373e-02	5.999952e+00
9.420000e-06	-1.572532e-02	5.885118e+00
9.430000e-06	-2.363479e-02	5.829428e+00
9.440000e-06	-2.354188e-02	5.624114e+00
9.450000e-06	-1.815673e-02	5.601004e+00
9.460000e-06	-1.183993e-02	5.517322e+00
9.470000e-06	-1.632691e-02	5.442585e+00
9.480000e-06	-2.191331e-02	5.366950e+00
9.490000e-06	-2.011601e-02	5.254138e+00
9.500000e-06	-1.335478e-02	5.168901e+00
9.510000e-06	-1.049851e-02	5.020116e+00
9.520000e-06	-1.729265e-02	4.874721e+00
9.530000e-06	-1.884654e-02	4.800430e+00
9.540000e-06	-1.465962e-02	4.674718e+00
9.550000e-06	-8.990956e-03	4.611004e+00
9.560000e-06	-1.109778e-02	4.485244e+00
9.570000e-06	-1.487817e-02	4.421556e+00
9.580000e-06	-1.573429e-02	4.347321e+00
9.590000e-06	-9.878027e-03	4.190956e+00
9.600000e-06	-8.643055e-03	4.063588e+00
9.610000e-06	-1.229357e-02	3.967951e+00
9.620000e-06	-1.440555e-02	3.854014e+00
9.630000e-06	-1.146580e-02	3.778952e+00
9.640000e-06	-6.931017e-03	3.673113e+00
9.650000e-06	-7.940836e-03	3.560351e+00
9.660000e-06	-1.206386e-02	3.401989e+00
9.670000e-06	-1.135382e-02	3.262613e+00
9.680000e-06	-7.909003e-03	3.149902e+00
9.690000e-06	-6.086380e-03	3.034560e+00
9.700000e-06	-9.444662e-03	2.937896e+00
9.710000e-06	-1.194477e-02	2.831559e+00
9.720000e-06	-1.107447e-02	2.716871e+00
9.730000e-06	-6.176411e-03	2.568930e+00
9.740000e-06	-5.345503e-03	2.408505e+00
9.750000e-06	-9.421948e-03	2.295197e+00
9.760000e-06	-9.713953e-03	2.179002e+00
9.770000e-06	-4.049279e-03	2.062063e+00
9.780000e-06	-2.775186e-03	1.957373e+00
9.790000e-06	-5.942370e-03	1.852559e+00
9.800000e-06	-1.201717e-02	1.632738e+00
9.810000e-06	-8.739762e-03	1.557850e+00
9.820000e-06	-4.973127e-03	1.400084e+00
9.830000e-06	-4.311755e-03	1.256117e+00
9.840000e-06	-7.289407e-03	1.148322e+00
9.850000e-06	-7.374488e-03	9.393245e-01
9.860000e-06	-2.698769e-03	7.820050e-01
9.870000e-06	-9.913119e-04	7.156932e-01
9.880000e-06	-4.015159e-03	5.793498e-01
9.890000e-06	-8.301211e-03	4.415553e-01
9.900000e-06	-7.411759e-03	3.472197e-01
9.910000e-06	-4.415715e-03	1.677810e-01
9.920000e-06	-2.595330e-03	2.145126e-02
9.930000e-06	-2.686106e-03	-9.327941e-02
9.940000e-06	-1.898340e-04	-2.420989e-01
9.950000e-06	1.137231e-04	-3.463634e-01
9.960000e-06	3.145741e-03	-4.506026e-01
9.970000e-06	-5.524443e-04	-6.269923e-01
9.980000e-06	-3.830627e-03	-7.663635e-01
9.990000e-06	-4.705024e-03	-8.516540e-01
1.000000e-05	5.735151e-03	-9.673885e-01
1.001000e-05	4.318731e-02	-1.059651e+00
1.002000e-05	3.989978e-02	-1.240670e+00
1.003000e-05	-5.184402e-02	-1.474978e+00
1.004000e-05	-6.621312e-02	-1.724832e+00
1.005000e-05	-5.099928e-02	-1.775896e+00
1.006000e-05	1.420229e-01	-1.726761e+00
1.007000e-05	-5.482067e-02	-1.863227e+00
1.008000e-05	-1.118325e-01	-2.132228e+00
1.009000e-05	1.146721e-01	-2.056264e+00
1.010000e-05	-2.372660e-02	-2.180066e+00
1.011000e-05	-8.866498e-02	-2.512802e+00
1.012000e-05	1.239558e-01	-2.588449e+00
1.013000e-05	-1.007852e-02	-2.631625e+00
1.014000e-05	-1.621666e-01	-2.818496e+00
1.015000e-05	1.144926e-01	-2.893207e+00
1.016000e-05	5.423306e-02	-3.071695e+00
1.017000e-05	-8.880496e-02	-3.217072e+00
1.018000e-05	4.165526e-02	-3.264207e+00
1.019000e-05	-2.660992e-02	-3.399122e+00
1.020000e-05	-2.623508e-03	-3.587944e+00
1.021000e-05	8.909638e-02	-3.619951e+00
1.022000e-05	-1.063177e-01	-3.767411e+00
1.023000e-05	3.214683e-03	-3.955365e+00
1.024000e-05	7.463653e-02	-4.021101e+00
1.025000e-05	-4.615015e-02	-4.146315e+00
1.026000e-05	4.892546e-02	-4.221553e+00
1.027000e-05	-2.409830e-02	-4.344860e+00
1.028000e-05	-4.883437e-02	-4.399999e+00
1.029000e-05	6.031335e-02	-4.524184e+00
1.030000e-05	1.230688e-02	-4.660599e+00
1.031000e-05	-5.694454e-03	-4.776945e+00
1.032000e-05	-2.466267e-02	-4.809019e+00
1.033000e-05	-3.145505e-03	-4.985917e+00
1.034000e-05	5.834428e-02	-5.051625e+00
1.035000e-05	-2.340466e-02	-5.176914e+00
1.036000e-05	-1.376990e-02	-5.229552e+00
1.037000e-05	-1.257504e-03	-5.376420e+00
1.038000e-05	5.539030e-03	-5.514863e+00
1.039000e-05	5.358967e-02	-5.589472e+00
1.040000e-05	-2.819328e-02	-5.641130e+00
1.041000e-05	-9.938909e-03	-5.745890e+00
1.042000e-05	1.058752e-02	-5.820025e+00
1.043000e-05	6.880763e-03	-5.894811e+00
1.044000e-05	3.164296e-02	-5.987946e+00
1.045000e-05	-3.103827e-02	-6.030553e+00
1.046000e-05	2.018115e-03	-6.112757e+00
1.047000e-05	2.116291e-02	-6.207020e+00
1.048000e-05	1.682254e-02	-6.331310e+00
1.049000e-05	9.490386e-03	-6.378998e+00
1.050000e-05	-2.342132e-02	-6.421101e+00
1.051000e-05	1.066797e-02	-6.472684e+00
1.052000e-05	2.064344e-02	-6.525440e+00
1.053000e-05	1.124118e-02	-6.587475e+00
1.054000e-05	-8.324517e-04	-6.661104e+00
1.055000e-05	-1.243951e-02	-6.705240e+00
1.056000e-05	1.978801e-02	-6.776420e+00
1.057000e-05	2.363700e-02	-6.789975e+00
1.058000e-05	3.972597e-03	-6.799500e+00
1.059000e-05	-4.380966e-03	-6.841580e+00
1.060000e-05	8.169664e-04	-6.892710e+00
1.061000e-05	2.659346e-02	-6.934786e+00
1.062000e-05	1.406850e-02	-6.988540e+00
1.063000e-05	-1.406628e-03	-7.082182e+00
1.064000e-05	-1.325065e-03	-7.113370e+00
1.065000e-05	1.221978e-02	-7.167395e+00
1.066000e-05	2.658292e-02	-7.179924e+00
1.067000e-05	8.246661e-03	-7.190449e+00
1.068000e-05	2.454947e-03	-7.189000e+00
1.069000e-05	5.118452e-03	-7.210050e+00
1.070000e-05	2.049646e-02	-7.220052e+00
1.071000e-05	2.140226e-02	-7.221080e+00
1.072000e-05	3.523071e-03	-7.230582e+00
1.073000e-05	1.658366e-03	-7.232182e+00
1.074000e-05	1.307172e-02	-7.251632e+00
1.075000e-05	2.506531e-02	-7.230654e+00
1.076000e-05	1.662820e-02	-7.251631e+00
1.077000e-05	4.993039e-03	-7.251176e+00
1.078000e-05	9.178900e-03	-7.251005e+00
1.079000e-05	2.203951e-02	-7.230533e+00
1.080000e-05	2.244183e-02	-7.220603e+00
1.081000e-05	9.335047e-03	-7.231576e+00
1.082000e-05	6.269235e-03	-7.209504e+00
1.083000e-05	1.518506e-02	-7.200030e+00
1.084000e-05	2.621757e-02	-7.198450e+00
1.085000e-05	2.071928e-02	-7.178450e+00
1.086000e-05	1.019292e-02	-7.138324e+00
1.087000e-05	1.151051e-02	-7.115344e+00
1.088000e-05	2.294715e-02	-7.073068e+00
1.089000e-05	2.439893e-02	-7.068883e+00
1.090000e-05	1.519624e-02	-6.990323e+00
1.091000e-05	9.162898e-03	-6.944220e+00
1.092000e-05	1.671681e-02	-6.852608e+00
1.093000e-05	2.532074e-02	-6.831583e+00
1.094000e-05	2.138612e-02	-6.819475e+00
1.095000e-05	1.284194e-02	-6.777399e+00
1.096000e-05	1.301595e-02	-6.715316e+00
1.097000e-05	2.047083e-02	-6.663660e+00
1.098000e-05	2.453284e-02	-6.610483e+00
1.099000e-05	1.677464e-02	-6.576398e+00
1.100000e-05	1.108144e-02	-6.494687e+00
1.101000e-05	1.382282e-02	-6.453604e+00
1.102000e-05	2.141220e-02	-6.398925e+00
1.103000e-05	1.976425e-02	-6.346894e+00
1.104000e-05	1.190036e-02	-6.253166e+00
1.105000e-05	9.451271e-03	-6.137378e+00
1.106000e-05	1.619863e-02	-6.092662e+00
1.107000e-05	1.928732e-02	-6.000480e+00
1.108000e-05	1.441732e-02	-5.956849e+00
1.109000e-05	6.645182e-03	-5.862636e+00
1.110000e-05	7.986015e-03	-5.780530e+00
1.111000e-05	1.461614e-02	-5.695293e+00
1.112000e-05	1.417331e-02	-5.640507e+00
1.113000e-05	8.068530e-03	-5.568901e+00
1.114000e-05	4.580004e-03	-5.393286e+00
1.115000e-05	8.875052e-03	-5.324795e+00
1.116000e-05	1.350030e-02	-5.190979e+00
1.117000e-05	1.059780e-02	-5.125695e+00
1.118000e-05	3.764227e-03	-5.020454e+00
1.119000e-05	4.197308e-03	-4.926616e+00
1.120000e-05	8.201949e-03	-4.736831e+00
1.121000e-05	8.339059e-03	-4.653055e+00
1.122000e-05	3.664050e-03	-4.558900e+00
1.123000e-05	2.486698e-04	-4.502115e+00
1.124000e-05	3.542596e-03	-4.370478e+00
1.125000e-05	6.826302e-03	-4.325746e+00
1.126000e-05	6.320981e-03	-4.219007e+00
1.127000e-05	2.815153e-03	-4.074217e+00
1.128000e-05	1.173180e-03	-4.019881e+00
1.129000e-05	2.630397e-03	-3.875216e+00
1.130000e-05	3.920805e-03	-3.746249e+00
1.131000e-05	1.970147e-03	-3.640028e+00
1.132000e-05	-9.783223e-04	-3.505768e+00
1.133000e-05	-6.007526e-04	-3.420482e+00
1.134000e-05	4.415321e-03	-3.294639e+00
1.135000e-05	3.549188e-03	-3.177951e+00
1.136000e-05	9.822437e-04	-3.073089e+00
1.137000e-05	-2.707257e-03	-2.905193e+00
1.138000e-05	8.811916e-04	-2.818426e+00
1.139000e-05	1.514300e-03	-2.672640e+00
1.140000e-05	-3.019845e-04	-2.528769e+00
1.141000e-05	-4.563303e-03	-2.390557e+00
1.142000e-05	-3.037531e-03	-2.356848e+00
1.143000e-05	-8.307144e-04	-2.147274e+00
1.144000e-05	9.587107e-04	-2.030058e+00
1.145000e-05	-8.646649e-04	-1.904765e+00
1.146000e-05	-1.948410e-03	-1.788429e+00
1.147000e-05	-1.192036e-03	-1.672585e+00
1.148000e-05	-8.271524e-04	-1.547426e+00
1.149000e-05	-3.006072e-03	-1.386330e+00
1.150000e-05	-5.238501e-03	-1.210950e+00
1.151000e-05	-6.157620e-03	-1.093687e+00
1.152000e-05	-3.181149e-03	-9.083447e-01
1.153000e-05	-2.413710e-03	-8.414551e-01
1.154000e-05	-3.213427e-03	-6.952659e-01
1.155000e-05	-4.285238e-03	-5.467184e-01
1.156000e-05	-3.168875e-03	-4.004789e-01
1.157000e-05	-3.462455e-03	-3.041640e-01
1.158000e-05	-2.858137e-03	-1.488999e-01
1.159000e-05	-3.488104e-03	-4.205895e-02
1.160000e-05	-7.777904e-04	3.372795e-02
1.161000e-05	-2.070169e-03	2.719766e-01
1.162000e-05	-2.170110e-05	3.774936e-01
1.163000e-05	-3.077684e-03	4.726314e-01
1.164000e-05	-4.167869e-03	5.890648e-01
1.165000e-05	-2.810942e-03	7.153855e-01
1.166000e-05	1.148025e-03	8.205251e-01
1.167000e-05	1.906133e-02	9.479134e-01
1.168000e-05	4.498396e-02	1.168414e+00
1.169000e-05	-3.429172e-03	1.347386e+00
1.170000e-05	-5.547441e-02	1.585835e+00
1.171000e-05	-8.688665e-02	1.692682e+00
1.172000e-05	4.888614e-03	1.727416e+00
1.173000e-05	1.071306e-01	1.843700e+00
1.174000e-05	-8.492851e-02	1.988497e+00
1.175000e-05	-7.159378e-02	2.011101e+00
1.176000e-05	1.329771e-01	2.168566e+00
1.177000e-05	-6.641613e-02	2.377893e+00
1.178000e-05	-3.232574e-02	2.409000e+00
1.179000e-05	1.040738e-01	2.524230e+00
1.180000e-05	-8.040534e-02	2.685384e+00
1.181000e-05	-9.825348e-02	2.830054e+00
1.182000e-05	1.189451e-01	2.916356e+00
1.183000e-05	3.257369e-03	3.052205e+00
1.184000e-05	-6.078538e-02	3.197396e+00
1.185000e-05	9.235610e-03	3.285806e+00
1.186000e-05	-3.161296e-02	3.411524e+00
1.187000e-05	3.290250e-02	3.548340e+00
1.188000e-05	1.601822e-02	3.662127e+00
1.189000e-05	-5.957433e-02	3.776969e+00
1.190000e-05	-6.692230e-03	3.894755e+00
1.191000e-05	3.063354e-02	3.968445e+00
1.192000e-05	-1.109593e-02	4.062583e+00
1.193000e-05	6.338232e-03	4.206970e+00
1.194000e-05	-4.300475e-02	4.356915e+00
1.195000e-05	-2.739172e-02	4.442104e+00
1.196000e-05	3.342284e-02	4.547391e+00
1.197000e-05	1.608975e-02	4.621655e+00
1.198000e-05	-3.055987e-02	4.766444e+00
1.199000e-05	-3.748516e-02	4.841979e+00
1.200000e-05	2.074646e-02	4.945891e+00
1.201000e-05	8.371121e-03	5.094760e+00
1.202000e-05	-1.367243e-02	5.221529e+00
1.203000e-05	-3.646019e-02	5.356316e+00
1.204000e-05	-1.803900e-02	5.451004e+00
1.205000e-05	1.798542e-02	5.504236e+00
1.206000e-05	1.093720e-02	5.576419e+00
1.207000e-05	-2.408290e-02	5.631677e+00
1.208000e-05	-3.052742e-02	5.744842e+00
1.209000e-05	-7.749926e-04	5.854186e+00
1.210000e-05	1.020500e-02	5.956846e+00
1.211000e-05	-3.820407e-03	6.000525e+00
1.212000e-05	-4.013937e-02	6.032208e+00
1.213000e-05	-1.735938e-02	6.137840e+00
1.214000e-05	5.802804e-03	6.188975e+00
1.215000e-05	7.161231e-03	6.272729e+00
1.216000e-05	-2.036202e-02	6.355312e+00
1.217000e-05	-3.182839e-02	6.399976e+00
1.218000e-05	-6.866191e-03	6.420500e+00
1.219000e-05	4.263849e-03	6.505234e+00
1.220000e-05	-4.033413e-03	6.516869e+00
1.221000e-05	-3.335627e-02	6.640531e+00
1.222000e-05	-2.481460e-02	6.706313e+00
1.223000e-05	-2.224767e-03	6.798897e+00
1.224000e-05	3.662714e-03	6.789525e+00
1.225000e-05	-1.903969e-02	6.819601e+00
1.226000e-05	-3.099681e-02	6.854107e+00
1.227000e-05	-1.363534e-02	6.893737e+00
1.228000e-05	-1.214631e-05	6.936767e+00
1.229000e-05	-7.541624e-03	6.937395e+00
1.230000e-05	-3.005247e-02	6.977997e+00
1.231000e-05	-2.648464e-02	7.010006e+00
1.232000e-05	-1.055411e-02	7.062582e+00
1.233000e-05	-3.310396e-03	7.022185e+00
1.234000e-05	-1.918965e-02	7.034688e+00
1.235000e-05	-2.957158e-02	7.134643e+00
1.236000e-05	-2.000232e-02	7.147847e+00
1.237000e-05	-5.573539e-03	7.105396e+00
1.238000e-05	-9.760730e-03	7.137397e+00
1.239000e-05	-2.849027e-02	7.164845e+00
1.240000e-05	-2.931053e-02	7.187399e+00
1.241000e-05	-1.772311e-02	7.157944e+00
1.242000e-05	-7.995204e-03	7.168924e+00
1.243000e-05	-1.987452e-02	7.158421e+00
1.244000e-05	-3.075485e-02	7.177371e+00
1.245000e-05	-2.466267e-02	7.157395e+00
1.246000e-05	-1.262816e-02	7.154872e+00
1.247000e-05	-1.340167e-02	7.117270e+00
1.248000e-05	-2.761080e-02	7.125242e+00
1.249000e-05	-3.067657e-02	7.074295e+00
1.250000e-05	-2.338143e-02	7.064186e+00
1.251000e-05	-1.307613e-02	7.060607e+00
1.252000e-05	-2.207993e-02	7.022009e+00
1.253000e-05	-3.201413e-02	6.959508e+00
1.254000e-05	-2.978269e-02	6.967897e+00
1.255000e-05	-1.943451e-02	6.936221e+00
1.256000e-05	-1.696433e-02	6.896192e+00
1.257000e-05	-2.750481e-02	6.862112e+00
1.258000e-05	-3.178877e-02	6.831108e+00
1.259000e-05	-2.567388e-02	6.799929e+00
1.260000e-05	-1.738689e-02	6.738900e+00
1.261000e-05	-2.199491e-02	6.735397e+00
1.262000e-05	-3.110520e-02	6.664517e+00
1.263000e-05	-3.060865e-02	6.609958e+00
1.264000e-05	-2.049937e-02	6.506192e+00
1.265000e-05	-1.738695e-02	6.451585e+00
1.266000e-05	-2.430941e-02	6.401006e+00
1.267000e-05	-2.996645e-02	6.378899e+00
1.268000e-05	-2.534681e-02	6.296265e+00
1.269000e-05	-1.643337e-02	6.251533e+00
1.270000e-05	-1.874993e-02	6.179851e+00
1.271000e-05	-2.614969e-02	6.103695e+00
1.272000e-05	-2.703046e-02	6.033609e+00
1.273000e-05	-1.981544e-02	6.001476e+00
1.274000e-05	-1.482691e-02	5.927245e+00
1.275000e-05	-1.952508e-02	5.802940e+00
1.276000e-05	-2.324422e-02	5.724642e+00
1.277000e-05	-2.102193e-02	5.601055e+00
1.278000e-05	-1.417232e-02	5.557373e+00
1.279000e-05	-1.512637e-02	5.473266e+00
1.280000e-05	-1.932296e-02	5.399428e+00
1.281000e-05	-2.196194e-02	5.335218e+00
1.282000e-05	-1.441648e-02	5.190904e+00
1.283000e-05	-1.127363e-02	5.095668e+00
1.284000e-05	-1.412269e-02	4.917747e+00
1.285000e-05	-1.869138e-02	4.810528e+00
1.286000e-05	-1.754631e-02	4.707344e+00
1.287000e-05	-1.070447e-02	4.612035e+00
1.288000e-05	-9.881944e-03	4.546297e+00
1.289000e-05	-1.324561e-02	4.462083e+00
1.290000e-05	-1.617208e-02	4.379750e+00
1.291000e-05	-1.227835e-02	4.261539e+00
1.292000e-05	-9.436996e-03	4.085741e+00
1.293000e-05	-9.537400e-03	3.978453e+00
1.294000e-05	-1.401643e-02	3.885692e+00
1.295000e-05	-1.304592e-02	3.758927e+00
1.296000e-05	-8.985378e-03	3.684187e+00
1.297000e-05	-7.008611e-03	3.569951e+00
1.298000e-05	-9.443615e-03	3.494512e+00
1.299000e-05	-1.141186e-02	3.336666e+00
1.300000e-05	-9.652785e-03	3.201455e+00
1.301000e-05	-6.619802e-03	3.084164e+00
1.302000e-05	-7.011056e-03	2.958952e+00
1.303000e-05	-1.038260e-02	2.851609e+00
1.304000e-05	-1.125137e-02	2.768872e+00
1.305000e-05	-7.368115e-03	2.631888e+00
1.306000e-05	-5.329006e-03	2.443018e+00
1.307000e-05	-6.533252e-03	2.337248e+00
1.308000e-05	-9.551417e-03	2.212533e+00
1.309000e-05	-7.862043e-03	2.085137e+00
1.310000e-05	-5.320202e-03	1.969954e+00
1.311000e-05	-4.719501e-03	1.844664e+00
1.312000e-05	-7.440712e-03	1.676296e+00
1.313000e-05	-7.934673e-03	1.601903e+00
1.314000e-05	-6.429666e-03	1.403587e+00
1.315000e-05	-3.635882e-03	1.305723e+00
1.316000e-05	-5.727149e-03	1.149826e+00
1.317000e-05	-7.452227e-03	1.029386e+00
1.318000e-05	-6.741534e-03	8.245328e-01
1.319000e-05	-4.074374e-03	7.452409e-01
1.320000e-05	-2.563567e-03	5.913813e-01
1.321000e-05	-5.007496e-03	4.751152e-01
1.322000e-05	-6.679681e-03	3.593497e-01
1.323000e-05	-4.416867e-03	1.704326e-01
1.324000e-05	-2.189288e-03	3.206033e-02
1.325000e-05	-2.317010e-03	-6.315402e-02
1.326000e-05	-1.524333e-03	-1.895411e-01
1.327000e-05	-6.745004e-04	-3.043105e-01
1.328000e-05	1.017373e-03	-4.095226e-01
1.329000e-05	6.567402e-04	-5.463394e-01
1.330000e-05	-2.559363e-03	-7.153519e-01
1.331000e-05	-3.616437e-03	-8.205726e-01
1.332000e-05	1.974461e-03	-8.963582e-01
1.333000e-05	3.329816e-02	-1.030473e+00
1.334000e-05	5.585403e-02	-1.197565e+00
1.335000e-05	-3.753787e-02	-1.432619e+00
1.336000e-05	-5.997485e-02	-1.652654e+00
1.337000e-05	-8.999884e-02	-1.755939e+00
1.338000e-05	1.228265e-01	-1.723218e+00
1.339000e-05	-5.731379e-03	-1.801071e+00
1.340000e-05	-1.121151e-01	-2.050696e+00
1.341000e-05	5.995827e-02	-2.114891e+00
1.342000e-05	4.452622e-02	-2.157387e+00
1.343000e-05	-1.138471e-01	-2.448621e+00
1.344000e-05	7.828548e-02	-2.557968e+00
1.345000e-05	7.064028e-02	-2.630652e+00
1.346000e-05	-1.705380e-01	-2.767992e+00
1.347000e-05	4.609329e-02	-2.842175e+00
1.348000e-05	1.157395e-01	-2.938012e+00
1.349000e-05	-9.245807e-02	-3.178990e+00
1.350000e-05	1.382565e-02	-3.261653e+00
1.351000e-05	7.004720e-03	-3.378995e+00
1.352000e-05	-4.237394e-02	-3.526941e+00
1.353000e-05	1.055816e-01	-3.599975e+00
1.354000e-05	-6.942904e-02	-3.723335e+00
1.355000e-05	-4.913707e-02	-3.922278e+00
1.356000e-05	8.605346e-02	-4.010000e+00
1.357000e-05	-2.785824e-02	-4.113756e+00
1.358000e-05	1.641879e-02	-4.230549e+00
1.359000e-05	1.473764e-02	-4.283256e+00
1.360000e-05	-7.240642e-02	-4.378999e+00
1.361000e-05	4.600761e-02	-4.462679e+00
1.362000e-05	3.484556e-02	-4.618518e+00
1.363000e-05	-1.225859e-02	-4.753872e+00
1.364000e-05	-1.029813e-02	-4.779044e+00
1.365000e-05	-2.620100e-02	-4.915312e+00
1.366000e-05	6.015218e-02	-5.060129e+00
1.367000e-05	-4.220707e-03	-5.085336e+00
1.368000e-05	-2.655609e-02	-5.199627e+00
1.369000e-05	4.304700e-03	-5.322287e+00
1.370000e-05	-8.922747e-03	-5.494327e+00
1.371000e-05	5.596562e-02	-5.589449e+00
1.372000e-05	-9.439999e-03	-5.631653e+00
1.373000e-05	-2.352969e-02	-5.735358e+00
1.374000e-05	1.209344e-02	-5.809500e+00
1.375000e-05	2.678449e-03	-5.891860e+00
1.376000e-05	3.263287e-02	-5.977320e+00
1.377000e-05	-1.573491e-02	-6.009496e+00
1.378000e-05	-1.495914e-02	-6.063208e+00
1.379000e-05	2.356948e-02	-6.175792e+00
1.380000e-05	1.730160e-02	-6.282732e+00
1.381000e-05	1.625664e-02	-6.386899e+00
1.382000e-05	-1.847294e-02	-6.399974e+00
1.383000e-05	-4.139512e-03	-6.472130e+00
1.384000e-05	2.573359e-02	-6.544388e+00
1.385000e-05	1.102740e-02	-6.588475e+00
1.386000e-05	7.161250e-03	-6.641529e+00
1.387000e-05	-1.563041e-02	-6.682205e+00
1.388000e-05	1.060297e-02	-6.737869e+00
1.389000e-05	2.906879e-02	-6.797895e+00
1.390000e-05	7.425733e-03	-6.810000e+00
1.391000e-05	-4.108682e-04	-6.831577e+00
1.392000e-05	-6.864613e-03	-6.873082e+00
1.393000e-05	2.400089e-02	-6.924716e+00
1.394000e-05	2.053569e-02	-6.987567e+00
1.395000e-05	1.570320e-03	-7.041027e+00
1.396000e-05	-3.254160e-03	-7.073736e+00
1.397000e-05	6.596840e-03	-7.127346e+00
1.398000e-05	2.622531e-02	-7.147324e+00
1.399000e-05	1.384040e-02	-7.188949e+00
1.400000e-05	2.395345e-03	-7.199450e+00
1.401000e-05	1.613948e-03	-7.210527e+00
1.402000e-05	1.612253e-02	-7.230100e+00
1.403000e-05	2.376840e-02	-7.209575e+00
1.404000e-05	9.202021e-03	-7.220029e+00
1.405000e-05	1.143611e-04	-7.240128e+00
1.406000e-05	9.191705e-03	-7.222154e+00
1.407000e-05	2.378190e-02	-7.261132e+00
1.408000e-05	2.023834e-02	-7.280583e+00
1.409000e-05	7.815920e-03	-7.211104e+00
1.410000e-05	5.103044e-03	-7.261605e+00
1.411000e-05	1.861419e-02	-7.211078e+00
1.412000e-05	2.332628e-02	-7.232028e+00
1.413000e-05	1.447786e-02	-7.211054e+00
1.414000e-05	6.096849e-03	-7.230052e+00
1.415000e-05	1.167381e-02	-7.220029e+00
1.416000e-05	2.354347e-02	-7.199425e+00
1.417000e-05	2.297266e-02	-7.179449e+00
1.418000e-05	1.320874e-02	-7.177471e+00
1.419000e-05	7.792237e-03	-7.135766e+00
1.420000e-05	1.888207e-02	-7.084263e+00
1.421000e-05	2.533775e-02	-7.050079e+00
1.422000e-05	2.039534e-02	-6.998979e+00
1.423000e-05	9.509062e-03	-6.874740e+00
1.424000e-05	1.258392e-02	-6.851612e+00
1.425000e-05	2.364677e-02	-6.841562e+00
1.426000e-05	2.526985e-02	-6.788978e+00
1.427000e-05	1.555160e-02	-6.757425e+00
1.428000e-05	1.052615e-02	-6.737744e+00
1.429000e-05	1.755784e-02	-6.673634e+00
1.430000e-05	2.472264e-02	-6.650106e+00
1.431000e-05	2.030604e-02	-6.577349e+00
1.432000e-05	1.051352e-02	-6.545342e+00
1.433000e-05	1.053880e-02	-6.473086e+00
1.434000e-05	2.024366e-02	-6.399479e+00
1.435000e-05	2.193197e-02	-6.357371e+00
1.436000e-05	1.415519e-02	-6.316286e+00
1.437000e-05	8.433241e-03	-6.177977e+00
1.438000e-05	1.316101e-02	-6.106162e+00
1.439000e-05	1.948466e-02	-6.001030e+00
1.440000e-05	1.688763e-02	-5.968921e+00
1.441000e-05	9.177905e-03	-5.845191e+00
1.442000e-05	7.229464e-03	-5.830031e+00
1.443000e-05	1.322414e-02	-5.766345e+00
1.444000e-05	1.603011e-02	-5.612580e+00
1.445000e-05	9.513564e-03	-5.578974e+00
1.446000e-05	4.300972e-03	-5.465669e+00
1.447000e-05	7.174854e-03	-5.357299e+00
1.448000e-05	1.260615e-02	-5.240583e+00
1.449000e-05	1.181317e-02	-5.146346e+00
1.450000e-05	4.982371e-03	-5.051033e+00
1.451000e-05	3.213489e-03	-4.916373e+00
1.452000e-05	7.771846e-03	-4.761883e+00
1.453000e-05	1.025374e-02	-4.692638e+00
1.454000e-05	5.872869e-03	-4.590499e+00
1.455000e-05	1.686682e-03	-4.474088e+00
1.456000e-05	2.550696e-03	-4.399502e+00
1.457000e-05	6.448128e-03	-4.336846e+00
1.458000e-05	7.602602e-03	-4.200032e+00
1.459000e-05	2.387924e-03	-4.125745e+00
1.460000e-05	1.576656e-04	-4.021983e+00
1.461000e-05	2.744846e-03	-3.936798e+00
1.462000e-05	5.453431e-03	-3.789902e+00
1.463000e-05	2.713624e-03	-3.612463e+00
1.464000e-05	-7.772439e-04	-3.537423e+00
1.465000e-05	-1.912570e-03	-3.401083e+00
1.466000e-05	2.670994e-03	-3.324319e+00
1.467000e-05	3.270641e-03	-3.179005e+00
1.468000e-05	9.795362e-04	-3.094768e+00
1.469000e-05	-2.103743e-03	-2.925795e+00
1.470000e-05	1.357672e-04	-2.790981e+00
1.471000e-05	2.718724e-03	-2.734696e+00
1.472000e-05	7.760463e-04	-2.578851e+00
1.473000e-05	-3.103157e-03	-2.462583e+00
1.474000e-05	-4.496757e-03	-2.358345e+00
1.475000e-05	-8.611467e-04	-2.219981e+00
1.476000e-05	9.709361e-04	-2.051532e+00
1.477000e-05	-8.891874e-04	-1.956270e+00
1.478000e-05	-3.742072e-03	-1.800984e+00
1.479000e-05	-2.135850e-03	-1.714662e+00
1.480000e-05	-2.355111e-04	-1.589899e+00
1.481000e-05	-1.735930e-03	-1.422911e+00
1.482000e-05	-4.706022e-03	-1.223086e+00
1.483000e-05	-6.986719e-03	-1.084642e+00
1.484000e-05	-3.717662e-03	-9.689987e-01
1.485000e-05	-1.444734e-03	-8.121089e-01
1.486000e-05	-1.829387e-03	-7.478708e-01
1.487000e-05	-4.734390e-03	-5.798560e-01
1.488000e-05	-4.125953e-03	-4.430601e-01
1.489000e-05	-2.644338e-03	-3.151932e-01
1.490000e-05	-3.288975e-03	-2.299011e-01
1.491000e-05	-3.558060e-03	-5.356420e-02
1.492000e-05	-3.113341e-03	6.210257e-02
1.493000e-05	-2.035740e-03	1.704949e-01
1.494000e-05	1.562452e-04	3.574695e-01
1.495000e-05	-8.869255e-04	4.305803e-01
1.496000e-05	-4.068973e-03	5.784646e-01
1.497000e-05	-3.856378e-03	6.437804e-01
1.498000e-05	-5.049410e-04	8.104737e-01
1.499000e-05	1.284221e-02	8.637567e-01
1.500000e-05	4.209940e-02	1.076304e+00
1.501000e-05	1.675296e-02	1.282858e+00
1.502000e-05	-5.087459e-02	1.513706e+00
1.503000e-05	-7.706493e-02	1.676252e+00
1.504000e-05	-4.141514e-02	1.725763e+00
1.505000e-05	1.199639e-01	1.830100e+00
1.506000e-05	-4.574796e-02	1.927417e+00
1.507000e-05	-1.048506e-01	2.040576e+00
1.508000e-05	1.036126e-01	2.097390e+00
1.509000e-05	-8.930940e-03	2.325285e+00
1.510000e-05	-6.848266e-02	2.420000e+00
1.511000e-05	8.275015e-02	2.432580e+00
1.512000e-05	-9.425686e-03	2.654199e+00
1.513000e-05	-1.432266e-01	2.798526e+00
1.514000e-05	8.894715e-02	2.904282e+00
1.515000e-05	4.918034e-02	3.030050e+00
1.516000e-05	-6.884362e-02	3.176862e+00
1.517000e-05	-2.031442e-03	3.252129e+00
1.518000e-05	-1.744675e-02	3.399073e+00
1.519000e-05	5.719234e-03	3.504361e+00
1.520000e-05	3.862951e-02	3.610576e+00
1.521000e-05	-5.417835e-02	3.757890e+00
1.522000e-05	-2.831626e-02	3.851703e+00
1.523000e-05	3.785821e-02	3.967446e+00
1.524000e-05	-1.000697e-02	4.042054e+00
1.525000e-05	8.989930e-03	4.164936e+00
1.526000e-05	-3.640057e-02	4.295756e+00
1.527000e-05	-3.325176e-02	4.429603e+00
1.528000e-05	1.797127e-02	4.555890e+00
1.529000e-05	3.159537e-02	4.600971e+00
1.530000e-05	-2.631004e-02	4.705364e+00
1.531000e-05	-4.142503e-02	4.843079e+00
1.532000e-05	9.606095e-03	4.905817e+00
1.533000e-05	1.532404e-02	5.054703e+00
1.534000e-05	-8.071120e-03	5.209021e+00
1.535000e-05	-3.683090e-02	5.305811e+00
1.536000e-05	-2.160606e-02	5.420021e+00
1.537000e-05	6.150576e-03	5.462177e+00
1.538000e-05	2.303727e-02	5.537891e+00
1.539000e-05	-2.366314e-02	5.619022e+00
1.540000e-05	-3.012202e-02	5.723212e+00
1.541000e-05	-9.702708e-03	5.892050e+00
1.542000e-05	1.049460e-02	5.935365e+00
1.543000e-05	2.749503e-03	5.998995e+00
1.544000e-05	-3.628213e-02	6.071655e+00
1.545000e-05	-2.153180e-02	6.155317e+00
1.546000e-05	1.744141e-05	6.188949e+00
1.547000e-05	1.239388e-02	6.251008e+00
1.548000e-05	-1.735105e-02	6.335388e+00
1.549000e-05	-3.167271e-02	6.357946e+00
1.550000e-05	-1.414167e-02	6.410003e+00
1.551000e-05	4.609323e-03	6.461229e+00
1.552000e-05	-1.073173e-03	6.514764e+00
1.553000e-05	-2.855661e-02	6.630946e+00
1.554000e-05	-2.821179e-02	6.686685e+00
1.555000e-05	-8.340252e-03	6.767917e+00
1.556000e-05	7.543165e-03	6.799945e+00
1.557000e-05	-1.527626e-02	6.809529e+00
1.558000e-05	-2.926519e-02	6.860529e+00
1.559000e-05	-2.017574e-02	6.902762e+00
1.560000e-05	3.958093e-04	6.895261e+00
1.561000e-05	-4.132242e-03	6.947867e+00
1.562000e-05	-2.628538e-02	6.958349e+00
1.563000e-05	-2.893508e-02	7.000025e+00
1.564000e-05	-1.517652e-02	7.021581e+00
1.565000e-05	-6.570241e-04	7.042187e+00
1.566000e-05	-1.657254e-02	7.035712e+00
1.567000e-05	-2.803826e-02	7.115690e+00
1.568000e-05	-2.470512e-02	7.096293e+00
1.569000e-05	-8.001601e-03	7.158870e+00
1.570000e-05	-6.019010e-03	7.157795e+00
1.571000e-05	-2.543827e-02	7.176846e+00
1.572000e-05	-2.990095e-02	7.146922e+00
1.573000e-05	-2.126897e-02	7.157921e+00
1.574000e-05	-7.028029e-03	7.187899e+00
1.575000e-05	-1.732131e-02	7.176921e+00
1.576000e-05	-2.795282e-02	7.167320e+00
1.577000e-05	-2.861514e-02	7.177321e+00
1.578000e-05	-1.438632e-02	7.118420e+00
1.579000e-05	-1.309921e-02	7.135819e+00
1.580000e-05	-2.467296e-02	7.086317e+00
1.581000e-05	-3.164960e-02	7.125768e+00
1.582000e-05	-2.552225e-02	7.072137e+00
1.583000e-05	-1.356779e-02	7.062134e+00
1.584000e-05	-1.926369e-02	7.020630e+00
1.585000e-05	-2.942627e-02	6.989001e+00
1.586000e-05	-3.181543e-02	6.968951e+00
1.587000e-05	-2.141079e-02	6.936802e+00
1.588000e-05	-1.675434e-02	6.924138e+00
1.589000e-05	-2.418030e-02	6.870583e+00
1.590000e-05	-3.222544e-02	6.822107e+00
1.591000e-05	-2.812515e-02	6.831008e+00
1.592000e-05	-1.887187e-02	6.788924e+00
1.593000e-05	-1.996531e-02	6.747400e+00
1.594000e-05	-2.806028e-02	6.694119e+00
1.595000e-05	-3.267705e-02	6.580083e+00
1.596000e-05	-2.343976e-02	6.526168e+00
1.597000e-05	-1.819140e-02	6.482639e+00
1.598000e-05	-2.280704e-02	6.420508e+00
1.599000e-05	-3.044484e-02	6.338449e+00
1.600000e-05	-2.814776e-02	6.325266e+00
1.601000e-05	-1.766078e-02	6.282584e+00
1.602000e-05	-1.788700e-02	6.188450e+00
1.603000e-05	-2.407767e-02	6.097770e+00
1.604000e-05	-2.922549e-02	6.073064e+00
1.605000e-05	-2.116382e-02	6.009955e+00
1.606000e-05	-1.519822e-02	5.987871e+00
1.607000e-05	-1.550956e-02	5.903564e+00
1.608000e-05	-2.464869e-02	5.716297e+00
1.609000e-05	-2.414472e-02	5.662008e+00
1.610000e-05	-1.642965e-02	5.578325e+00
1.611000e-05	-1.291091e-02	5.505694e+00
1.612000e-05	-1.788593e-02	5.401485e+00
1.613000e-05	-2.282873e-02	5.337269e+00
1.614000e-05	-1.872735e-02	5.201033e+00
1.615000e-05	-1.098737e-02	5.134296e+00
1.616000e-05	-1.155041e-02	4.988902e+00
1.617000e-05	-1.836059e-02	4.841534e+00
1.618000e-05	-1.923500e-02	4.757750e+00
1.619000e-05	-1.339834e-02	4.664114e+00
1.620000e-05	-8.670790e-03	4.558327e+00
1.621000e-05	-1.226876e-02	4.464162e+00
1.622000e-05	-1.717603e-02	4.389452e+00
1.623000e-05	-1.431663e-02	4.294646e+00
1.624000e-05	-8.566928e-03	4.105747e+00
1.625000e-05	-7.939428e-03	4.001456e+00
1.626000e-05	-1.203365e-02	3.906716e+00
1.627000e-05	-1.563972e-02	3.800505e+00
1.628000e-05	-1.090092e-02	3.695746e+00
1.629000e-05	-6.384707e-03	3.599955e+00
1.630000e-05	-8.477442e-03	3.485265e+00
1.631000e-05	-1.309614e-02	3.295830e+00
1.632000e-05	-1.170358e-02	3.201978e+00
1.633000e-05	-6.878594e-03	3.065744e+00
1.634000e-05	-5.759596e-03	2.950880e+00
1.635000e-05	-9.178648e-03	2.863238e+00
1.636000e-05	-1.162531e-02	2.770430e+00
1.637000e-05	-8.486847e-03	2.643067e+00
1.638000e-05	-5.111615e-03	2.464514e+00
1.639000e-05	-5.667945e-03	2.368351e+00
1.640000e-05	-8.778299e-03	2.222535e+00
1.641000e-05	-9.094750e-03	2.084771e+00
1.642000e-05	-6.617184e-03	2.020456e+00
1.643000e-05	-5.391907e-03	1.915744e+00
1.644000e-05	-5.858102e-03	1.768298e+00
1.645000e-05	-7.757431e-03	1.581435e+00
1.646000e-05	-7.097375e-03	1.485141e+00
1.647000e-05	-4.792689e-03	1.346871e+00
1.648000e-05	-4.089075e-03	1.240955e+00
1.649000e-05	-6.006115e-03	1.023588e+00
1.650000e-05	-6.599501e-03	8.741904e-01
1.651000e-05	-5.836852e-03	7.383484e-01
1.652000e-05	-3.229311e-03	6.225565e-01
1.653000e-05	-4.228611e-03	5.041907e-01
1.654000e-05	-4.490876e-03	3.699538e-01
1.655000e-05	-6.341290e-03	2.549642e-01
1.656000e-05	-3.619932e-03	7.356552e-02
1.657000e-05	-1.852862e-03	-3.200145e-02
1.658000e-05	-4.540368e-04	-1.874161e-01
1.659000e-05	-9.414573e-04	-2.937806e-01
1.660000e-05	-2.234822e-03	-3.890175e-01
1.661000e-05	1.538911e-04	-4.742555e-01
1.662000e-05	-2.285505e-03	-7.031778e-01
1.663000e-05	-2.525204e-03	-8.105463e-01
1.664000e-05	-1.441839e-03	-8.642331e-01
1.665000e-05	2.231074e-02	-9.995438e-01
1.666000e-05	5.837593e-02	-1.126362e+00
1.667000e-05	-1.111365e-02	-1.357587e+00
1.668000e-05	-5.701434e-02	-1.651628e+00
1.669000e-05	-9.097513e-02	-1.755467e+00
1.670000e-05	6.873448e-02	-1.726241e+00
1.671000e-05	5.465679e-02	-1.777992e+00
1.672000e-05	-1.032853e-01	-2.009538e+00
1.673000e-05	-8.687993e-03	-2.152738e+00
1.674000e-05	1.179459e-01	-2.105289e+00
1.675000e-05	-1.159468e-01	-2.356983e+00
1.676000e-05	1.886856e-02	-2.565944e+00
1.677000e-05	1.268569e-01	-2.600401e+00
1.678000e-05	-1.470322e-01	-2.715431e+00
1.679000e-05	-3.556214e-02	-2.832504e+00
1.680000e-05	1.581090e-01	-2.948465e+00
1.681000e-05	-6.291787e-02	-3.146911e+00
1.682000e-05	-2.588891e-02	-3.242104e+00
1.683000e-05	3.566720e-02	-3.376840e+00
1.684000e-05	-6.054261e-02	-3.535360e+00
1.685000e-05	8.894479e-02	-3.599448e+00
1.686000e-05	-1.122107e-02	-3.661705e+00
1.687000e-05	-9.209924e-02	-3.882852e+00
1.688000e-05	7.554899e-02	-3.968947e+00
1.689000e-05	7.248138e-03	-4.062681e+00
1.690000e-05	-1.776553e-02	-4.208569e+00
1.691000e-05	4.732516e-02	-4.251681e+00
1.692000e-05	-7.856281e-02	-4.390443e+00
1.693000e-05	1.707413e-02	-4.490154e+00
1.694000e-05	5.344176e-02	-4.587912e+00
1.695000e-05	-1.213370e-02	-4.664889e+00
1.696000e-05	2.906560e-04	-4.785897e+00
1.697000e-05	-3.803850e-02	-4.871774e+00
1.698000e-05	4.749454e-02	-5.019550e+00
1.699000e-05	2.144629e-02	-5.133712e+00
1.700000e-05	-3.466995e-02	-5.209969e+00
1.701000e-05	3.793004e-03	-5.282684e+00
1.702000e-05	-1.340487e-02	-5.449748e+00
1.703000e-05	4.518203e-02	-5.558920e+00
1.704000e-05	1.583705e-02	-5.621053e+00
1.705000e-05	-3.259512e-02	-5.703785e+00
1.706000e-05	8.780233e-03	-5.787919e+00
1.707000e-05	3.539671e-03	-5.893204e+00
1.708000e-05	2.603058e-02	-5.927295e+00
1.709000e-05	3.785853e-03	-6.019927e+00
1.710000e-05	-3.097381e-02	-6.060708e+00
1.711000e-05	2.189145e-02	-6.113913e+00
1.712000e-05	1.696556e-02	-6.241731e+00
1.713000e-05	2.071977e-02	-6.316919e+00
1.714000e-05	-8.139224e-03	-6.389950e+00
1.715000e-05	-1.614500e-02	-6.462152e+00
1.716000e-05	2.703056e-02	-6.504287e+00
1.717000e-05	1.225159e-02	-6.568896e+00
1.718000e-05	1.282431e-02	-6.612000e+00
1.719000e-05	-1.451383e-02	-6.692183e+00
1.720000e-05	7.200665e-04	-6.714863e+00
1.721000e-05	2.994374e-02	-6.747371e+00
1.722000e-05	1.239579e-02	-6.759525e+00
1.723000e-05	1.589506e-03	-6.840153e+00
1.724000e-05	-9.919802e-03	-6.882183e+00
1.725000e-05	1.727457e-02	-6.864163e+00
1.726000e-05	2.583280e-02	-6.966944e+00
1.727000e-05	5.918509e-03	-7.071000e+00
1.728000e-05	-4.054086e-03	-7.115161e+00
1.729000e-05	1.968722e-03	-7.156766e+00
1.730000e-05	2.248289e-02	-7.168395e+00
1.731000e-05	2.008839e-02	-7.167448e+00
1.732000e-05	3.740204e-03	-7.199475e+00
1.733000e-05	2.045774e-04	-7.209553e+00
1.734000e-05	1.188510e-02	-7.220525e+00
1.735000e-05	2.471368e-02	-7.210050e+00
1.736000e-05	1.513744e-02	-7.211578e+00
1.737000e-05	-1.254088e-03	-7.241080e+00
1.738000e-05	5.644443e-03	-7.261029e+00
1.739000e-05	1.986106e-02	-7.270609e+00
1.740000e-05	2.396018e-02	-7.252636e+00
1.741000e-05	1.059007e-02	-7.261132e+00
1.742000e-05	3.422382e-03	-7.242659e+00
1.743000e-05	1.471173e-02	-7.231007e+00
1.744000e-05	2.307514e-02	-7.231056e+00
1.745000e-05	1.866795e-02	-7.240102e+00
1.746000e-05	6.493181e-03	-7.220529e+00
1.747000e-05	8.909771e-03	-7.209975e+00
1.748000e-05	1.988670e-02	-7.189478e+00
1.749000e-05	2.482549e-02	-7.188948e+00
1.750000e-05	1.561998e-02	-7.155873e+00
1.751000e-05	7.902919e-03	-7.126296e+00
1.752000e-05	1.495589e-02	-7.136315e+00
1.753000e-05	2.491740e-02	-7.043106e+00
1.754000e-05	2.164130e-02	-6.979930e+00
1.755000e-05	1.196891e-02	-6.927351e+00
1.756000e-05	1.149139e-02	-6.902637e+00
1.757000e-05	2.043167e-02	-6.831633e+00
1.758000e-05	2.473779e-02	-6.810553e+00
1.759000e-05	1.767475e-02	-6.808475e+00
1.760000e-05	1.136609e-02	-6.756319e+00
1.761000e-05	1.555965e-02	-6.694087e+00
1.762000e-05	2.241864e-02	-6.641060e+00
1.763000e-05	2.229298e-02	-6.609499e+00
1.764000e-05	1.312561e-02	-6.544696e+00
1.765000e-05	1.182881e-02	-6.463158e+00
1.766000e-05	1.703820e-02	-6.401104e+00
1.767000e-05	2.106094e-02	-6.387850e+00
1.768000e-05	1.775216e-02	-6.315867e+00
1.769000e-05	1.089202e-02	-6.211080e+00
1.770000e-05	1.136700e-02	-6.116141e+00
1.771000e-05	1.572973e-02	-6.052558e+00
1.772000e-05	1.837076e-02	-5.999500e+00
1.773000e-05	1.237505e-02	-5.925291e+00
1.774000e-05	8.208202e-03	-5.821086e+00
1.775000e-05	1.075073e-02	-5.748415e+00
1.776000e-05	1.517475e-02	-5.634139e+00
1.777000e-05	1.311972e-02	-5.609504e+00
1.778000e-05	7.169724e-03	-5.487267e+00
1.779000e-05	6.468118e-03	-5.408080e+00
1.780000e-05	1.065347e-02	-5.252087e+00
1.781000e-05	1.272386e-02	-5.146899e+00
1.782000e-05	7.301332e-03	-5.043215e+00
1.783000e-05	4.356983e-03	-4.930374e+00
1.784000e-05	4.800870e-03	-4.860563e+00
1.785000e-05	9.104299e-03	-4.642240e+00
1.786000e-05	7.917849e-03	-4.621483e+00
1.787000e-05	3.406296e-03	-4.525795e+00
1.788000e-05	2.991505e-03	-4.411585e+00
1.789000e-05	5.791694e-03	-4.328346e+00
1.790000e-05	6.098899e-03	-4.292634e+00
1.791000e-05	3.750024e-03	-4.176824e+00
1.792000e-05	1.843077e-03	-4.022033e+00
1.793000e-05	2.697792e-03	-3.977371e+00
1.794000e-05	3.563718e-03	-3.811035e+00
1.795000e-05	2.282065e-03	-3.674565e+00
1.796000e-05	4.289796e-04	-3.568400e+00
1.797000e-05	8.415477e-04	-3.452664e+00
1.798000e-05	2.484791e-03	-3.335300e+00
1.799000e-05	1.754483e-03	-3.222131e+00
1.800000e-05	2.509035e-04	-3.145845e+00
1.801000e-05	-5.370081e-04	-2.989381e+00
1.802000e-05	4.390157e-05	-2.822008e+00
1.803000e-05	6.356369e-04	-2.726293e+00
1.804000e-05	-8.798407e-04	-2.590531e+00
1.805000e-05	-1.793027e-03	-2.472667e+00
1.806000e-05	-1.783999e-03	-2.389399e+00
1.807000e-05	-1.045330e-03	-2.211139e+00
1.808000e-05	3.296101e-05	-2.102563e+00
1.809000e-05	-1.727070e-03	-1.959324e+00
1.810000e-05	-1.928616e-03	-1.832039e+00
1.811000e-05	-7.605576e-04	-1.747267e+00
1.812000e-05	-9.950671e-04	-1.608501e+00
1.813000e-05	-3.730118e-03	-1.461137e+00
1.814000e-05	-4.899477e-03	-1.252686e+00
1.815000e-05	-4.665364e-03	-1.145922e+00
1.816000e-05	-3.493646e-03	-1.040004e+00
1.817000e-05	-3.864790e-03	-8.850905e-01
1.818000e-05	-4.595790e-03	-7.670011e-01
1.819000e-05	-2.645288e-03	-6.399842e-01
1.820000e-05	-1.905014e-03	-4.435816e-01
1.821000e-05	-2.915358e-03	-3.678736e-01
1.822000e-05	-4.293047e-03	-2.325789e-01
1.823000e-05	-4.851500e-03	-6.471685e-02
1.824000e-05	-2.430168e-03	3.157376e-02
1.825000e-05	-2.036390e-04	1.373634e-01
1.826000e-05	-1.980207e-03	3.368545e-01
1.827000e-05	-2.045244e-03	4.300513e-01
1.828000e-05	-4.893901e-03	5.673406e-01
1.829000e-05	-1.218581e-03	6.621769e-01
1.830000e-05	-1.722635e-03	7.868898e-01
1.831000e-05	6.639870e-03	8.621527e-01
1.832000e-05	3.208410e-02	1.033729e+00
1.833000e-05	3.389031e-02	1.292153e+00
1.834000e-05	-3.896808e-02	1.462096e+00
1.835000e-05	-6.647839e-02	1.592028e+00
1.836000e-05	-7.440152e-02	1.725338e+00
1.837000e-05	9.906583e-02	1.787944e+00
1.838000e-05	1.168460e-02	1.895807e+00
1.839000e-05	-1.092246e-01	2.019975e+00
1.840000e-05	4.607610e-02	2.063680e+00
1.841000e-05	5.750691e-02	2.313332e+00
1.842000e-05	-9.304405e-02	2.380049e+00
1.843000e-05	4.785799e-02	2.410054e+00
1.844000e-05	5.755756e-02	2.619120e+00
1.845000e-05	-1.569699e-01	2.788997e+00
1.846000e-05	3.228008e-02	2.883707e+00
1.847000e-05	9.400241e-02	2.999970e+00
1.848000e-05	-6.031240e-02	3.116358e+00
1.849000e-05	-2.214463e-02	3.211550e+00
1.850000e-05	-2.822504e-03	3.345512e+00
1.851000e-05	-1.912427e-02	3.473734e+00
1.852000e-05	5.289795e-02	3.608046e+00
1.853000e-05	-3.650791e-02	3.695856e+00
1.854000e-05	-4.897245e-02	3.840080e+00
1.855000e-05	3.232703e-02	3.927391e+00
1.856000e-05	1.137526e-03	4.011056e+00
1.857000e-05	4.997219e-03	4.107832e+00
1.858000e-05	-2.360517e-02	4.293222e+00
1.859000e-05	-4.003799e-02	4.399524e+00
1.860000e-05	-5.749281e-04	4.494283e+00
1.861000e-05	4.296115e-02	4.600475e+00
1.862000e-05	-1.711291e-02	4.713810e+00
1.863000e-05	-4.137464e-02	4.789473e+00
1.864000e-05	-8.661841e-03	4.904784e+00
1.865000e-05	2.353979e-02	5.060124e+00
1.866000e-05	-8.608552e-04	5.154943e+00
1.867000e-05	-3.237046e-02	5.302783e+00
1.868000e-05	-2.714793e-02	5.388924e+00
1.869000e-05	-5.151113e-03	5.483082e+00
1.870000e-05	3.013976e-02	5.515816e+00
1.871000e-05	-1.606035e-02	5.588952e+00
1.872000e-05	-2.965970e-02	5.672205e+00
1.873000e-05	-2.099208e-02	5.837974e+00
1.874000e-05	9.849886e-03	5.895811e+00
1.875000e-05	7.148839e-03	5.987924e+00
1.876000e-05	-2.707985e-02	6.031601e+00
1.877000e-05	-2.968975e-02	6.103737e+00
1.878000e-05	-6.386499e-03	6.188899e+00
1.879000e-05	1.408757e-02	6.251103e+00
1.880000e-05	-1.059907e-02	6.283186e+00
1.881000e-05	-2.944180e-02	6.366394e+00
1.882000e-05	-2.384731e-02	6.401000e+00
1.883000e-05	4.015230e-03	6.472706e+00
1.884000e-05	1.066323e-03	6.495213e+00
1.885000e-05	-1.978710e-02	6.608976e+00
1.886000e-05	-3.216278e-02	6.643608e+00
1.887000e-05	-1.423523e-02	6.726816e+00
1.888000e-05	7.401261e-03	6.778946e+00
1.889000e-05	-1.009036e-02	6.770001e+00
1.890000e-05	-2.652723e-02	6.811032e+00
1.891000e-05	-2.685238e-02	6.873132e+00
1.892000e-05	-2.166022e-03	6.915238e+00
1.893000e-05	-1.863810e-03	6.906842e+00
1.894000e-05	-2.026254e-02	6.978395e+00
1.895000e-05	-3.175954e-02	6.999550e+00
1.896000e-05	-1.920660e-02	6.991578e+00
1.897000e-05	-1.764437e-03	7.050582e+00
1.898000e-05	-1.069453e-02	7.072637e+00
1.899000e-05	-2.412048e-02	7.104187e+00
1.900000e-05	-2.859420e-02	7.137216e+00
1.901000e-05	-1.000025e-02	7.148347e+00
1.902000e-05	-5.552047e-03	7.127369e+00
1.903000e-05	-1.898319e-02	7.178343e+00
1.904000e-05	-3.242042e-02	7.208899e+00
1.905000e-05	-2.373652e-02	7.158349e+00
1.906000e-05	-9.885602e-03	7.188448e+00
1.907000e-05	-1.252299e-02	7.157322e+00
1.908000e-05	-2.619603e-02	7.179368e+00
1.909000e-05	-3.063602e-02	7.128421e+00
1.910000e-05	-1.644453e-02	7.157796e+00
1.911000e-05	-1.189983e-02	7.146319e+00
1.912000e-05	-2.005345e-02	7.125292e+00
1.913000e-05	-3.165305e-02	7.116270e+00
1.914000e-05	-2.818784e-02	7.104189e+00
1.915000e-05	-1.546245e-02	7.045083e+00
1.916000e-05	-1.659133e-02	7.032055e+00
1.917000e-05	-2.638523e-02	7.009956e+00
1.918000e-05	-3.203983e-02	6.988425e+00
1.919000e-05	-2.334063e-02	6.947346e+00
1.920000e-05	-1.634086e-02	6.906671e+00
1.921000e-05	-2.151200e-02	6.863689e+00
1.922000e-05	-3.213398e-02	6.852555e+00
1.923000e-05	-3.018638e-02	6.841028e+00
1.924000e-05	-2.125847e-02	6.769000e+00
1.925000e-05	-1.886158e-02	6.778944e+00
1.926000e-05	-2.629911e-02	6.676293e+00
1.927000e-05	-3.213693e-02	6.651086e+00
1.928000e-05	-2.587655e-02	6.546776e+00
1.929000e-05	-1.888519e-02	6.452618e+00
1.930000e-05	-2.096007e-02	6.421508e+00
1.931000e-05	-2.866117e-02	6.390475e+00
1.932000e-05	-2.913195e-02	6.327399e+00
1.933000e-05	-2.138109e-02	6.273188e+00
1.934000e-05	-1.726947e-02	6.190030e+00
1.935000e-05	-2.280824e-02	6.156824e+00
1.936000e-05	-2.843407e-02	6.095338e+00
1.937000e-05	-2.305564e-02	6.000057e+00
1.938000e-05	-1.741263e-02	5.967876e+00
1.939000e-05	-1.645273e-02	5.864067e+00
1.940000e-05	-2.317690e-02	5.718401e+00
1.941000e-05	-2.390225e-02	5.633560e+00
1.942000e-05	-1.830555e-02	5.578952e+00
1.943000e-05	-1.361157e-02	5.506195e+00
1.944000e-05	-1.690269e-02	5.421078e+00
1.945000e-05	-2.105851e-02	5.348347e+00
1.946000e-05	-1.956230e-02	5.242643e+00
1.947000e-05	-1.227022e-02	5.137796e+00
1.948000e-05	-1.141641e-02	4.989458e+00
1.949000e-05	-1.715292e-02	4.865143e+00
1.950000e-05	-1.912062e-02	4.777928e+00
1.951000e-05	-1.440082e-02	4.714639e+00
1.952000e-05	-9.641581e-03	4.558880e+00
1.953000e-05	-1.199903e-02	4.504159e+00
1.954000e-05	-1.726111e-02	4.410529e+00
1.955000e-05	-1.523882e-02	4.346916e+00
1.956000e-05	-9.802515e-03	4.128277e+00
1.957000e-05	-7.991314e-03	4.022483e+00
1.958000e-05	-1.184095e-02	3.937298e+00
1.959000e-05	-1.450999e-02	3.850585e+00
1.960000e-05	-1.153466e-02	3.707698e+00
1.961000e-05	-7.228726e-03	3.631506e+00
1.962000e-05	-8.523321e-03	3.498373e+00
1.963000e-05	-1.195679e-02	3.399031e+00
1.964000e-05	-1.203670e-02	3.222535e+00
1.965000e-05	-7.493441e-03	3.127846e+00
1.966000e-05	-5.776325e-03	3.041528e+00
1.967000e-05	-9.264083e-03	2.936271e+00
1.968000e-05	-1.098063e-02	2.819980e+00
1.969000e-05	-8.963629e-03	2.656617e+00
1.970000e-05	-6.029075e-03	2.508198e+00
1.971000e-05	-5.075385e-03	2.419903e+00
1.972000e-05	-8.667352e-03	2.283661e+00
1.973000e-05	-9.146450e-03	2.139825e+00
1.974000e-05	-5.916372e-03	2.012009e+00
1.975000e-05	-3.986229e-03	1.936876e+00
1.976000e-05	-6.093214e-03	1.830403e+00
1.977000e-05	-8.400096e-03	1.652538e+00
1.978000e-05	-7.141715e-03	1.506643e+00
1.979000e-05	-4.192115e-03	1.369875e+00
1.980000e-05	-4.043008e-03	1.231586e+00
1.981000e-05	-6.152156e-03	1.126193e+00
1.982000e-05	-7.482421e-03	8.997208e-01
1.983000e-05	-4.890621e-03	7.794249e-01
1.984000e-05	-3.385909e-03	6.431104e-01
1.985000e-05	-3.497829e-03	5.162733e-01
1.986000e-05	-5.751375e-03	4.209813e-01
1.987000e-05	-5.342741e-03	2.850669e-01
1.988000e-05	-4.288283e-03	1.376733e-01
1.989000e-05	-2.088001e-03	-3.057251e-02
1.990000e-05	-2.192465e-03	-1.159134e-01
1.991000e-05	-5.656401e-04	-2.306278e-01
1.992000e-05	-2.284213e-03	-3.584212e-01
1.993000e-05	1.194044e-03	-4.722052e-01
1.994000e-05	-1.878245e-03	-6.136678e-01
1.995000e-05	-2.253101e-03	-7.774911e-01
1.996000e-05	-2.430518e-03	-8.416542e-01
1.997000e-05	1.263211e-02	-9.669411e-01
1.998000e-05	5.293141e-02	-1.073705e+00
1.999000e-05	1.672102e-02	-1.343903e+00
2.000000e-05	-5.665024e-02	-1.577992e+00
2.001000e-05	-7.868438e-02	-1.725835e+00
2.002000e-05	3.116834e-04	-1.716845e+00
2.003000e-05	1.103997e-01	-1.715365e+00
2.004000e-05	-8.591480e-02	-1.946961e+00
2.005000e-05	-7.363078e-02	-2.123860e+00
2.006000e-05	1.436804e-01	-2.133688e+00
2.007000e-05	-8.276148e-02	-2.333324e+00
2.008000e-05	-4.125338e-02	-2.535859e+00
2.009000e-05	1.413816e-01	-2.617970e+00
2.010000e-05	-8.971008e-02	-2.703855e+00
2.011000e-05	-1.167897e-01	-2.810049e+00
2.012000e-05	1.557997e-01	-2.916379e+00
2.013000e-05	-9.706197e-03	-3.152385e+00
2.014000e-05	-6.485140e-02	-3.241101e+00
2.015000e-05	4.833820e-02	-3.304287e+00
2.016000e-05	-5.244247e-02	-3.501173e+00
2.017000e-05	4.525451e-02	-3.588473e+00
2.018000e-05	4.913298e-02	-3.651074e+00
2.019000e-05	-1.126595e-01	-3.839189e+00
2.020000e-05	4.670211e-02	-3.967899e+00
2.021000e-05	4.549127e-02	-4.052602e+00
2.022000e-05	-4.355661e-02	-4.187413e+00
2.023000e-05	5.950828e-02	-4.280156e+00
2.024000e-05	-5.936839e-02	-4.376965e+00
2.025000e-05	-1.743845e-02	-4.401028e+00
2.026000e-05	6.224460e-02	-4.564912e+00
2.027000e-05	-3.927964e-03	-4.683804e+00
2.028000e-05	1.579380e-03	-4.776269e+00
2.029000e-05	-3.499457e-02	-4.860124e+00
2.030000e-05	2.359740e-02	-4.978367e+00
2.031000e-05	4.294878e-02	-5.092708e+00
2.032000e-05	-3.338038e-02	-5.187919e+00
2.033000e-05	-3.795867e-03	-5.262207e+00
2.034000e-05	-8.555416e-03	-5.380118e+00
2.035000e-05	2.404144e-02	-5.566790e+00
2.036000e-05	3.962670e-02	-5.599550e+00
2.037000e-05	-3.455843e-02	-5.703206e+00
2.038000e-05	2.466894e-03	-5.747443e+00
2.039000e-05	8.217824e-03	-5.882105e+00
2.040000e-05	1.599592e-02	-5.957388e+00
2.041000e-05	2.190531e-02	-6.000447e+00
2.042000e-05	-3.651889e-02	-6.040127e+00
2.043000e-05	1.508632e-02	-6.084258e+00
2.044000e-05	1.798960e-02	-6.180590e+00
2.045000e-05	2.030259e-02	-6.335394e+00
2.046000e-05	1.462653e-03	-6.389924e+00
2.047000e-05	-2.312071e-02	-6.431528e+00
2.048000e-05	2.183036e-02	-6.513236e+00
2.049000e-05	1.628211e-02	-6.537419e+00
2.050000e-05	1.283097e-02	-6.618523e+00
2.051000e-05	-8.679369e-03	-6.682155e+00
2.052000e-05	-6.871310e-03	-6.695312e+00
2.053000e-05	2.666034e-02	-6.776941e+00
2.054000e-05	1.873472e-02	-6.799499e+00
2.055000e-05	2.790652e-03	-6.800001e+00
2.056000e-05	-7.823655e-03	-6.891701e+00
2.057000e-05	9.696906e-03	-6.924235e+00
2.058000e-05	2.680053e-02	-6.966836e+00
2.059000e-05	1.069910e-02	-7.000028e+00
2.060000e-05	-3.189449e-03	-7.143287e+00
2.061000e-05	-2.424260e-04	-7.155367e+00
2.062000e-05	1.762782e-02	-7.176941e+00
2.063000e-05	2.414609e-02	-7.167448e+00
2.064000e-05	5.499054e-03	-7.179474e+00
2.065000e-05	2.292552e-04	-7.199528e+00
2.066000e-05	8.569626e-03	-7.220504e+00
2.067000e-05	2.317240e-02	-7.220003e+00
2.068000e-05	1.917087e-02	-7.250578e+00
2.069000e-05	3.781614e-05	-7.221080e+00
2.070000e-05	3.217081e-03	-7.241554e+00
2.071000e-05	1.557481e-02	-7.262104e+00
2.072000e-05	2.549401e-02	-7.260633e+00
2.073000e-05	1.331994e-02	-7.260107e+00
2.074000e-05	3.187116e-03	-7.233155e+00
2.075000e-05	1.169342e-02	-7.230579e+00
2.076000e-05	2.238078e-02	-7.231078e+00
2.077000e-05	2.122465e-02	-7.231031e+00
2.078000e-05	8.129553e-03	-7.219527e+00
2.079000e-05	6.265212e-03	-7.250475e+00
2.080000e-05	1.835231e-02	-7.210500e+00
2.081000e-05	2.544281e-02	-7.208949e+00
2.082000e-05	1.954345e-02	-7.179449e+00
2.083000e-05	9.242908e-03	-7.127843e+00
2.084000e-05	1.349994e-02	-7.086366e+00
2.085000e-05	2.396866e-02	-7.085188e+00
2.086000e-05	2.284301e-02	-7.041003e+00
2.087000e-05	1.284646e-02	-6.934394e+00
2.088000e-05	9.797566e-03	-6.902186e+00
2.089000e-05	1.747925e-02	-6.873181e+00
2.090000e-05	2.583203e-02	-6.820478e+00
2.091000e-05	2.038507e-02	-6.789498e+00
2.092000e-05	1.431407e-02	-6.777875e+00
2.093000e-05	1.506229e-02	-6.734742e+00
2.094000e-05	2.245544e-02	-6.641060e+00
2.095000e-05	2.199337e-02	-6.619429e+00
2.096000e-05	1.439484e-02	-6.566396e+00
2.097000e-05	1.012670e-02	-6.494191e+00
2.098000e-05	1.516981e-02	-6.420004e+00
2.099000e-05	2.167977e-02	-6.377900e+00
2.100000e-05	1.973127e-02	-6.317395e+00
2.101000e-05	1.314070e-02	-6.211959e+00
2.102000e-05	1.201897e-02	-6.176846e+00
2.103000e-05	1.687765e-02	-6.061634e+00
2.104000e-05	1.732966e-02	-5.999350e+00
2.105000e-05	1.251224e-02	-5.946271e+00
2.106000e-05	6.978078e-03	-5.841011e+00
2.107000e-05	1.041498e-02	-5.788501e+00
2.108000e-05	1.514647e-02	-5.703268e+00
2.109000e-05	1.357328e-02	-5.611002e+00
2.110000e-05	8.066732e-03	-5.545348e+00
2.111000e-05	7.390027e-03	-5.410563e+00
2.112000e-05	1.047827e-02	-5.275067e+00
2.113000e-05	1.220730e-02	-5.178855e+00
2.114000e-05	8.091851e-03	-5.105768e+00
2.115000e-05	3.593610e-03	-4.949480e+00
2.116000e-05	5.181185e-03	-4.911685e+00
2.117000e-05	8.954941e-03	-4.696241e+00
2.118000e-05	7.613127e-03	-4.622061e+00
2.119000e-05	4.103366e-03	-4.575321e+00
2.120000e-05	2.406233e-03	-4.440084e+00
2.121000e-05	4.108718e-03	-4.379425e+00
2.122000e-05	6.925824e-03	-4.303715e+00
2.123000e-05	4.494571e-03	-4.148949e+00
2.124000e-05	1.263206e-03	-4.083087e+00
2.125000e-05	1.323622e-03	-3.991004e+00
2.126000e-05	4.841111e-03	-3.843118e+00
2.127000e-05	4.259344e-03	-3.714622e+00
2.128000e-05	1.260656e-03	-3.588454e+00
2.129000e-05	-1.062473e-03	-3.514242e+00
2.130000e-05	1.122625e-03	-3.367446e+00
2.131000e-05	3.332172e-03	-3.242614e+00
2.132000e-05	2.199229e-03	-3.159450e+00
2.133000e-05	-1.544272e-03	-2.997983e+00
2.134000e-05	-1.604740e-03	-2.823634e+00
2.135000e-05	-6.826458e-05	-2.768420e+00
2.136000e-05	4.677644e-04	-2.632530e+00
2.137000e-05	-2.112306e-03	-2.495215e+00
2.138000e-05	-3.292598e-03	-2.370903e+00
2.139000e-05	-2.296761e-03	-2.305190e+00
2.140000e-05	6.965549e-04	-2.104222e+00
2.141000e-05	-1.455081e-04	-1.989900e+00
2.142000e-05	-2.098697e-03	-1.884165e+00
2.143000e-05	-3.533625e-03	-1.698373e+00
2.144000e-05	-1.050972e-03	-1.660558e+00
2.145000e-05	-7.684072e-04	-1.495270e+00
2.146000e-05	-3.471452e-03	-1.278170e+00
2.147000e-05	-5.937985e-03	-1.158879e+00
2.148000e-05	-5.530837e-03	-1.033086e+00
2.149000e-05	-2.527114e-03	-8.941467e-01
2.150000e-05	-2.773056e-03	-7.900001e-01
2.151000e-05	-3.396656e-03	-6.536368e-01
2.152000e-05	-4.800734e-03	-4.941357e-01
2.153000e-05	-2.603139e-03	-3.688975e-01
2.154000e-05	-2.679641e-03	-2.531091e-01
2.155000e-05	-3.383070e-03	-1.262659e-01
2.156000e-05	-4.070739e-03	-4.038750e-04
2.157000e-05	-1.943870e-03	8.480434e-02
2.158000e-05	-2.935963e-03	2.652778e-01
2.159000e-05	-1.798106e-04	3.884963e-01
2.160000e-05	-2.728864e-03	4.722592e-01
2.161000e-05	-1.783345e-03	6.025725e-01
2.162000e-05	-2.174970e-03	7.463609e-01
2.163000e-05	4.808291e-03	8.310776e-01
2.164000e-05	2.481041e-02	9.904937e-01
2.165000e-05	4.154618e-02	1.228524e+00
2.166000e-05	-2.437082e-02	1.409569e+00
2.167000e-05	-6.075562e-02	1.549488e+00
2.168000e-05	-8.527582e-02	1.704787e+00
2.169000e-05	5.581116e-02	1.767017e+00
2.170000e-05	7.011659e-02	1.892233e+00
2.171000e-05	-1.042160e-01	2.009472e+00
2.172000e-05	-2.055317e-02	2.050630e+00
2.173000e-05	1.186655e-01	2.210645e+00
2.174000e-05	-9.730804e-02	2.388395e+00
2.175000e-05	5.520440e-03	2.409024e+00
2.176000e-05	9.480219e-02	2.577486e+00
2.177000e-05	-1.305849e-01	2.768944e+00
2.178000e-05	-3.334993e-02	2.862601e+00
2.179000e-05	1.196795e-01	2.958417e+00
2.180000e-05	-3.598231e-02	3.071607e+00
2.181000e-05	-4.365266e-02	3.207997e+00
2.182000e-05	1.012164e-02	3.334911e+00
2.183000e-05	-3.421734e-02	3.463804e+00
2.184000e-05	4.748989e-02	3.566442e+00
2.185000e-05	-1.144497e-02	3.683782e+00
2.186000e-05	-5.477133e-02	3.792626e+00
2.187000e-05	1.552919e-02	3.936308e+00
2.188000e-05	1.690235e-02	4.021498e+00
2.189000e-05	-6.945551e-03	4.091735e+00
2.190000e-05	-5.520899e-03	4.263226e+00
2.191000e-05	-4.333505e-02	4.388497e+00
2.192000e-05	-1.599750e-02	4.482758e+00
2.193000e-05	4.053046e-02	4.518392e+00
2.194000e-05	-2.007851e-03	4.652733e+00
2.195000e-05	-3.398300e-02	4.789448e+00
2.196000e-05	-2.592808e-02	4.881280e+00
2.197000e-05	2.575033e-02	5.039470e+00
2.198000e-05	4.784547e-04	5.096891e+00
2.199000e-05	-2.288529e-02	5.261128e+00
2.200000e-05	-3.288874e-02	5.378422e+00
2.201000e-05	-1.204339e-02	5.441601e+00
2.202000e-05	2.558554e-02	5.505187e+00
2.203000e-05	-4.110542e-03	5.588975e+00
2.204000e-05	-2.621654e-02	5.622628e+00
2.205000e-05	-2.807074e-02	5.753841e+00
2.206000e-05	5.902426e-03	5.862706e+00
2.207000e-05	6.457068e-03	5.947922e+00
2.208000e-05	-1.421623e-02	5.999529e+00
2.209000e-05	-3.622932e-02	6.053211e+00
2.210000e-05	-1.035747e-02	6.176399e+00
2.211000e-05	9.821803e-03	6.220053e+00
2.212000e-05	-2.596487e-03	6.262184e+00
2.213000e-05	-2.570563e-02	6.338390e+00
2.214000e-05	-2.878340e-02	6.379975e+00
2.215000e-05	-1.778195e-04	6.472103e+00
2.216000e-05	1.834797e-03	6.481737e+00
2.217000e-05	-1.149051e-02	6.547371e+00
2.218000e-05	-3.268014e-02	6.643103e+00
2.219000e-05	-1.885014e-02	6.725267e+00
2.220000e-05	2.944082e-03	6.769946e+00
2.221000e-05	-3.542391e-03	6.790001e+00
2.222000e-05	-2.221762e-02	6.850078e+00
2.223000e-05	-2.904020e-02	6.862107e+00
2.224000e-05	-6.973754e-03	6.893686e+00
2.225000e-05	-1.266696e-03	6.934790e+00
2.226000e-05	-1.405451e-02	6.906791e+00
2.227000e-05	-3.005444e-02	6.999479e+00
2.228000e-05	-2.203138e-02	6.990076e+00
2.229000e-05	-6.586960e-03	7.023534e+00
2.230000e-05	-6.258318e-03	7.082177e+00
2.231000e-05	-2.218289e-02	7.083764e+00
2.232000e-05	-2.843598e-02	7.145345e+00
2.233000e-05	-1.498668e-02	7.137844e+00
2.234000e-05	-6.113846e-03	7.107871e+00
2.235000e-05	-1.374254e-02	7.167845e+00
2.236000e-05	-3.026660e-02	7.178392e+00
2.237000e-05	-2.634259e-02	7.189446e+00
2.238000e-05	-1.292028e-02	7.187872e+00
2.239000e-05	-1.083516e-02	7.168449e+00
2.240000e-05	-2.262540e-02	7.187873e+00
2.241000e-05	-3.003543e-02	7.138949e+00
2.242000e-05	-2.016335e-02	7.157320e+00
2.243000e-05	-1.224781e-02	7.155795e+00
2.244000e-05	-1.739048e-02	7.135342e+00
2.245000e-05	-2.977081e-02	7.154292e+00
2.246000e-05	-2.935646e-02	7.045144e+00
2.247000e-05	-1.932889e-02	7.053161e+00
2.248000e-05	-1.511422e-02	7.051558e+00
2.249000e-05	-2.416791e-02	7.020526e+00
2.250000e-05	-3.202290e-02	6.997451e+00
2.251000e-05	-2.661931e-02	6.978997e+00
2.252000e-05	-1.829654e-02	6.917345e+00
2.253000e-05	-1.818852e-02	6.905136e+00
2.254000e-05	-3.040131e-02	6.842157e+00
2.255000e-05	-3.180048e-02	6.831055e+00
2.256000e-05	-2.393453e-02	6.779426e+00
2.257000e-05	-1.721505e-02	6.748351e+00
2.258000e-05	-2.348357e-02	6.753840e+00
2.259000e-05	-3.185821e-02	6.652691e+00
2.260000e-05	-2.835825e-02	6.537851e+00
2.261000e-05	-2.040667e-02	6.474162e+00
2.262000e-05	-1.852573e-02	6.431030e+00
2.263000e-05	-2.692045e-02	6.409502e+00
2.264000e-05	-3.034713e-02	6.368320e+00
2.265000e-05	-2.517680e-02	6.266163e+00
2.266000e-05	-1.752274e-02	6.221003e+00
2.267000e-05	-2.002819e-02	6.157800e+00
2.268000e-05	-2.668387e-02	6.133762e+00
2.269000e-05	-2.611238e-02	6.042608e+00
2.270000e-05	-1.910810e-02	5.979426e+00
2.271000e-05	-1.476923e-02	5.924771e+00
2.272000e-05	-2.137903e-02	5.796906e+00
2.273000e-05	-2.450786e-02	5.693092e+00
2.274000e-05	-2.137480e-02	5.608979e+00
2.275000e-05	-1.444468e-02	5.557773e+00
2.276000e-05	-1.516637e-02	5.432112e+00
2.277000e-05	-2.002035e-02	5.367902e+00
2.278000e-05	-2.016628e-02	5.272588e+00
2.279000e-05	-1.418924e-02	5.170377e+00
2.280000e-05	-1.120447e-02	5.040689e+00
2.281000e-05	-1.541623e-02	4.914744e+00
2.282000e-05	-1.972879e-02	4.778003e+00
2.283000e-05	-1.717364e-02	4.704770e+00
2.284000e-05	-1.051554e-02	4.631529e+00
2.285000e-05	-1.054228e-02	4.486170e+00
2.286000e-05	-1.381039e-02	4.430556e+00
2.287000e-05	-1.598714e-02	4.357845e+00
2.288000e-05	-1.122348e-02	4.201436e+00
2.289000e-05	-7.764859e-03	4.062516e+00
2.290000e-05	-1.039780e-02	3.937974e+00
2.291000e-05	-1.378250e-02	3.854540e+00
2.292000e-05	-1.361489e-02	3.757852e+00
2.293000e-05	-8.546226e-03	3.651560e+00
2.294000e-05	-7.297622e-03	3.557801e+00
2.295000e-05	-9.811225e-03	3.379930e+00
2.296000e-05	-1.189768e-02	3.273692e+00
2.297000e-05	-8.884165e-03	3.157851e+00
2.298000e-05	-5.412172e-03	3.042067e+00
2.299000e-05	-6.973792e-03	2.936873e+00
2.300000e-05	-1.001536e-02	2.792081e+00
2.301000e-05	-9.911112e-03	2.736771e+00
2.302000e-05	-7.073174e-03	2.579303e+00
2.303000e-05	-5.048661e-03	2.430430e+00
2.304000e-05	-7.507941e-03	2.264171e+00
2.305000e-05	-9.017767e-03	2.179749e+00
2.306000e-05	-7.457400e-03	2.023113e+00
2.307000e-05	-4.042488e-03	1.969401e+00
2.308000e-05	-4.733528e-03	1.801960e+00
2.309000e-05	-7.343492e-03	1.695197e+00
2.310000e-05	-7.999673e-03	1.548377e+00
2.311000e-05	-5.088448e-03	1.422409e+00
2.312000e-05	-3.911325e-03	1.295639e+00
2.313000e-05	-5.151457e-03	1.137247e+00
2.314000e-05	-8.003253e-03	9.678221e-01
2.315000e-05	-5.645514e-03	8.124815e-01
2.316000e-05	-3.506077e-03	7.052180e-01
2.317000e-05	-3.366090e-03	5.298961e-01
2.318000e-05	-4.924348e-03	4.810553e-01
2.319000e-05	-5.771074e-03	3.152973e-01
2.320000e-05	-4.646508e-03	1.779238e-01
2.321000e-05	-1.764368e-03	2.208013e-02
2.322000e-05	-2.157749e-03	-9.378434e-02
2.323000e-05	-3.604367e-04	-2.405475e-01
2.324000e-05	-2.896392e-03	-3.449134e-01
2.325000e-05	-4.894411e-05	-4.311527e-01
2.326000e-05	-1.302938e-03	-5.679148e-01
2.327000e-05	-1.584650e-03	-7.368824e-01
2.328000e-05	-3.345499e-03	-8.111003e-01
2.329000e-05	5.939557e-03	-9.673658e-01
2.330000e-05	4.250901e-02	-1.051630e+00
2.331000e-05	4.174930e-02	-1.270220e+00
2.332000e-05	-5.197614e-02	-1.495431e+00
2.333000e-05	-6.762896e-02	-1.694836e+00
2.334000e-05	-5.823886e-02	-1.756317e+00
2.335000e-05	1.400044e-01	-1.717741e+00
2.336000e-05	-5.414132e-02	-1.891747e+00
2.337000e-05	-1.096597e-01	-2.071304e+00
2.338000e-05	1.130134e-01	-2.095770e+00
2.339000e-05	-2.112628e-02	-2.189592e+00
2.340000e-05	-8.545429e-02	-2.461378e+00
2.341000e-05	1.203037e-01	-2.637899e+00
2.342000e-05	-7.961302e-03	-2.621177e+00
2.343000e-05	-1.624100e-01	-2.789471e+00
2.344000e-05	1.119075e-01	-2.874753e+00
2.345000e-05	5.751301e-02	-3.090770e+00
2.346000e-05	-8.876617e-02	-3.220103e+00
2.347000e-05	3.927622e-02	-3.283706e+00
2.348000e-05	-2.461952e-02	-3.410670e+00
2.349000e-05	-4.731933e-03	-3.587867e+00
2.350000e-05	9.072202e-02	-3.620551e+00
2.351000e-05	-1.052162e-01	-3.767058e+00
2.352000e-05	-4.950622e-04	-3.978408e+00
2.353000e-05	7.383873e-02	-4.010077e+00
2.354000e-05	-4.291870e-02	-4.126939e+00
2.355000e-05	4.668966e-02	-4.240604e+00
2.356000e-05	-2.391822e-02	-4.355861e+00
2.357000e-05	-5.175282e-02	-4.399950e+00
2.358000e-05	6.196375e-02	-4.513780e+00
2.359000e-05	1.578423e-02	-4.641697e+00
2.360000e-05	-5.034256e-03	-4.735788e+00
2.361000e-05	-2.524726e-02	-4.761075e+00
2.362000e-05	-5.011700e-03	-4.977307e+00
2.363000e-05	5.932624e-02	-5.053104e+00
2.364000e-05	-2.157949e-02	-5.157365e+00
2.365000e-05	-1.589945e-02	-5.181149e+00
2.366000e-05	-1.234459e-03	-5.406437e+00
2.367000e-05	5.678183e-03	-5.556356e+00
2.368000e-05	5.652758e-02	-5.589950e+00
2.369000e-05	-2.573576e-02	-5.641651e+00
2.370000e-05	-1.127240e-02	-5.735369e+00
2.371000e-05	9.951913e-03	-5.832575e+00
2.372000e-05	7.002791e-03	-5.935212e+00
2.373000e-05	3.187350e-02	-5.976919e+00
2.374000e-05	-3.069135e-02	-6.009503e+00
2.375000e-05	1.319091e-04	-6.082183e+00
2.376000e-05	2.151620e-02	-6.178066e+00
2.377000e-05	2.076987e-02	-6.294242e+00
2.378000e-05	1.214708e-02	-6.397447e+00
2.379000e-05	-2.459800e-02	-6.421100e+00
2.380000e-05	8.185026e-03	-6.482257e+00
2.381000e-05	2.120571e-02	-6.507340e+00
2.382000e-05	1.232971e-02	-6.599076e+00
2.383000e-05	-5.534089e-04	-6.630625e+00
2.384000e-05	-1.387961e-02	-6.705213e+00
2.385000e-05	1.967798e-02	-6.755841e+00
2.386000e-05	2.687100e-02	-6.789499e+00
2.387000e-05	5.421264e-03	-6.800025e+00
2.388000e-05	-4.766689e-03	-6.843008e+00
2.389000e-05	-1.659489e-03	-6.911682e+00
2.390000e-05	2.666797e-02	-6.925894e+00
2.391000e-05	1.554183e-02	-7.009501e+00
2.392000e-05	-1.512282e-03	-7.073631e+00
2.393000e-05	-2.876232e-03	-7.125840e+00
2.394000e-05	1.071964e-02	-7.166846e+00
2.395000e-05	2.763916e-02	-7.137495e+00
2.396000e-05	9.700479e-03	-7.178949e+00
2.397000e-05	1.292560e-03	-7.200474e+00
2.398000e-05	2.983576e-03	-7.210050e+00
2.399000e-05	1.997008e-02	-7.220000e+00
2.400000e-05	2.225123e-02	-7.230052e+00
2.401000e-05	4.129425e-03	-7.240581e+00
2.402000e-05	5.281652e-04	-7.241079e+00
2.403000e-05	1.140514e-02	-7.241653e+00
2.404000e-05	2.488991e-02	-7.239578e+00
2.405000e-05	1.773567e-02	-7.261634e+00
2.406000e-05	4.607705e-03	-7.251159e+00
2.407000e-05	6.574467e-03	-7.240504e+00
2.408000e-05	2.089769e-02	-7.220581e+00
2.409000e-05	2.271018e-02	-7.231057e+00
2.410000e-05	1.192160e-02	-7.211107e+00
2.411000e-05	5.764263e-03	-7.220028e+00
2.412000e-05	1.312703e-02	-7.200000e+00
2.413000e-05	2.508476e-02	-7.198450e+00
2.414000e-05	2.110568e-02	-7.168920e+00
2.415000e-05	1.108009e-02	-7.156346e+00
2.416000e-05	1.010365e-02	-7.125195e+00
2.417000e-05	2.145100e-02	-7.082238e+00
2.418000e-05	2.527989e-02	-7.030624e+00
2.419000e-05	1.796357e-02	-6.985850e+00
2.420000e-05	1.027022e-02	-6.905170e+00
2.421000e-05	1.487886e-02	-6.831087e+00
2.422000e-05	2.417196e-02	-6.830080e+00
2.423000e-05	2.218545e-02	-6.829451e+00
2.424000e-05	1.489072e-02	-6.777421e+00
2.425000e-05	1.151175e-02	-6.725818e+00
2.426000e-05	1.985874e-02	-6.653582e+00
2.427000e-05	2.508669e-02	-6.620029e+00
2.428000e-05	1.921845e-02	-6.577799e+00
2.429000e-05	1.260701e-02	-6.534818e+00
2.430000e-05	1.327275e-02	-6.433158e+00
2.431000e-05	1.955328e-02	-6.399550e+00
2.432000e-05	1.987551e-02	-6.364297e+00
2.433000e-05	1.533385e-02	-6.253138e+00
2.434000e-05	1.148030e-02	-6.208803e+00
2.435000e-05	1.428393e-02	-6.074634e+00
2.436000e-05	1.853321e-02	-6.010005e+00
2.437000e-05	1.643119e-02	-5.917821e+00
2.438000e-05	1.050200e-02	-5.883638e+00
2.439000e-05	7.550499e-03	-5.818954e+00
2.440000e-05	1.281554e-02	-5.712218e+00
2.441000e-05	1.506998e-02	-5.621583e+00
2.442000e-05	1.060156e-02	-5.558925e+00
2.443000e-05	5.597251e-03	-5.460618e+00
2.444000e-05	7.749120e-03	-5.335170e+00
2.445000e-05	1.189332e-02	-5.219950e+00
2.446000e-05	1.166295e-02	-5.095241e+00
2.447000e-05	5.513514e-03	-5.039483e+00
2.448000e-05	3.339205e-03	-4.875069e+00
2.449000e-05	7.147249e-03	-4.778395e+00
2.450000e-05	8.883036e-03	-4.632585e+00
2.451000e-05	6.357248e-03	-4.580322e+00
2.452000e-05	1.915881e-03	-4.483133e+00
2.453000e-05	2.679435e-03	-4.389953e+00
2.454000e-05	6.777475e-03	-4.315267e+00
2.455000e-05	7.085882e-03	-4.180479e+00
2.456000e-05	2.101867e-03	-4.133744e+00
2.457000e-05	1.301775e-05	-3.970526e+00
2.458000e-05	1.070735e-03	-3.866716e+00
2.459000e-05	5.212419e-03	-3.764296e+00
2.460000e-05	2.988006e-03	-3.632553e+00
2.461000e-05	-8.470355e-05	-3.465192e+00
2.462000e-05	-1.558762e-03	-3.429954e+00
2.463000e-05	2.716002e-03	-3.253143e+00
2.464000e-05	2.577058e-03	-3.199451e+00
2.465000e-05	-5.970429e-04	-3.053089e+00
2.466000e-05	-2.874893e-03	-2.915223e+00
2.467000e-05	-1.590800e-04	-2.778404e+00
2.468000e-05	1.551623e-03	-2.691609e+00
2.469000e-05	-1.093931e-05	-2.567772e+00
2.470000e-05	-3.048934e-03	-2.442559e+00
2.471000e-05	-4.585189e-03	-2.306370e+00
2.472000e-05	-6.706338e-04	-2.156322e+00
2.473000e-05	3.141954e-04	-2.020980e+00
2.474000e-05	-7.564711e-04	-1.915743e+00
2.475000e-05	-4.005587e-03	-1.789452e+00
2.476000e-05	-2.276352e-03	-1.652113e+00
2.477000e-05	-7.833330e-04	-1.497373e+00
2.478000e-05	-1.601168e-03	-1.338755e+00
2.479000e-05	-5.024216e-03	-1.211455e+00
2.480000e-05	-6.359506e-03	-1.064137e+00
2.481000e-05	-4.017617e-03	-9.477473e-01
2.482000e-05	-1.457015e-03	-8.330051e-01
2.483000e-05	-2.193678e-03	-7.252694e-01
2.484000e-05	-4.955850e-03	-4.852421e-01
2.485000e-05	-4.066760e-03	-4.090013e-01
2.486000e-05	-2.429029e-03	-3.141366e-01
2.487000e-05	-2.950590e-03	-2.105013e-01
2.488000e-05	-3.474643e-03	2.500000e-05
2.489000e-05	-1.717367e-03	7.263146e-02
2.490000e-05	-3.134863e-03	2.106716e-01
2.491000e-05	4.466113e-04	3.594699e-01
2.492000e-05	-1.497560e-03	4.522030e-01
2.493000e-05	-4.033909e-03	5.879736e-01
2.494000e-05	-3.267754e-03	6.948106e-01
2.495000e-05	1.444643e-03	8.125776e-01
2.496000e-05	2.074072e-02	9.587872e-01
2.497000e-05	4.468977e-02	1.168440e+00
2.498000e-05	-2.180786e-03	1.345960e+00
2.499000e-05	-5.712855e-02	1.504841e+00
2.500000e-05	-8.405701e-02	1.654811e+00
2.501000e-05	2.161317e-03	1.726465e+00
2.502000e-05	1.081422e-01	1.832151e+00
2.503000e-05	-8.370247e-02	1.997499e+00
2.504000e-05	-7.015939e-02	2.041600e+00
2.505000e-05	1.320254e-01	2.148991e+00
2.506000e-05	-6.366950e-02	2.377441e+00
2.507000e-05	-3.297463e-02	2.379979e+00
2.508000e-05	9.967506e-02	2.514306e+00
2.509000e-05	-7.577393e-02	2.732359e+00
2.510000e-05	-9.899500e-02	2.830051e+00
2.511000e-05	1.161171e-01	2.926838e+00
2.512000e-05	4.475361e-03	3.031178e+00
2.513000e-05	-5.923211e-02	3.157521e+00
2.514000e-05	1.022157e-02	3.282307e+00
2.515000e-05	-2.982913e-02	3.430128e+00
2.516000e-05	2.772632e-02	3.525938e+00
2.517000e-05	1.582325e-02	3.632152e+00
2.518000e-05	-5.747595e-02	3.787465e+00
2.519000e-05	-7.893003e-03	3.865705e+00
2.520000e-05	3.008597e-02	3.999946e+00
2.521000e-05	-1.290938e-02	4.052677e+00
2.522000e-05	8.151671e-03	4.170093e+00
2.523000e-05	-4.167124e-02	4.365365e+00
2.524000e-05	-2.656960e-02	4.441104e+00
2.525000e-05	2.931254e-02	4.557793e+00
2.526000e-05	1.571800e-02	4.641078e+00
2.527000e-05	-2.945510e-02	4.737442e+00
2.528000e-05	-3.683297e-02	4.831179e+00
2.529000e-05	1.888674e-02	4.917940e+00
2.530000e-05	6.935458e-03	5.083834e+00
2.531000e-05	-1.349561e-02	5.220028e+00
2.532000e-05	-3.487777e-02	5.336912e+00
2.533000e-05	-1.809947e-02	5.400524e+00
2.534000e-05	1.593792e-02	5.494211e+00
2.535000e-05	1.103846e-02	5.587471e+00
2.536000e-05	-2.579313e-02	5.601077e+00
2.537000e-05	-3.030516e-02	5.756783e+00
2.538000e-05	-2.184587e-03	5.852556e+00
2.539000e-05	8.310905e-03	5.967339e+00
2.540000e-05	-3.285496e-03	5.991024e+00
2.541000e-05	-3.788244e-02	6.062178e+00
2.542000e-05	-1.641608e-02	6.146344e+00
2.543000e-05	3.940378e-03	6.200003e+00
2.544000e-05	6.054464e-03	6.242680e+00
2.545000e-05	-2.117807e-02	6.346317e+00
2.546000e-05	-3.206971e-02	6.399499e+00
2.547000e-05	-7.623990e-03	6.450105e+00
2.548000e-05	2.629898e-03	6.453183e+00
2.549000e-05	-3.200952e-03	6.518370e+00
2.550000e-05	-3.105427e-02	6.621603e+00
2.551000e-05	-2.294937e-02	6.746338e+00
2.552000e-05	-4.206756e-03	6.747895e+00
2.553000e-05	1.637628e-03	6.789951e+00
2.554000e-05	-1.792020e-02	6.820524e+00
2.555000e-05	-2.935109e-02	6.831077e+00
2.556000e-05	-1.472792e-02	6.893638e+00
2.557000e-05	-2.878453e-03	6.945742e+00
2.558000e-05	-6.328569e-03	6.947345e+00
2.559000e-05	-2.577707e-02	6.988921e+00
2.560000e-05	-2.457644e-02	7.020525e+00
2.561000e-05	-1.161984e-02	7.031132e+00
2.562000e-05	-4.118281e-03	7.052587e+00
2.563000e-05	-1.877099e-02	7.054162e+00
2.564000e-05	-2.723733e-02	7.062740e+00
2.565000e-05	-2.139398e-02	7.126817e+00
2.566000e-05	-7.795494e-03	7.137395e+00
2.567000e-05	-9.084184e-03	7.155350e+00
2.568000e-05	-2.609646e-02	7.156299e+00
2.569000e-05	-2.785886e-02	7.159821e+00
2.570000e-05	-1.803983e-02	7.168972e+00
2.571000e-05	-8.819285e-03	7.186399e+00
2.572000e-05	-1.889839e-02	7.168498e+00
2.573000e-05	-2.868009e-02	7.207399e+00
2.574000e-05	-2.487973e-02	7.136820e+00
2.575000e-05	-1.450280e-02	7.137344e+00
2.576000e-05	-1.434969e-02	7.077818e+00
2.577000e-05	-2.630208e-02	7.124342e+00
2.578000e-05	-3.009501e-02	7.074671e+00
2.579000e-05	-2.328618e-02	7.034188e+00
2.580000e-05	-1.400597e-02	7.032558e+00
2.581000e-05	-2.085217e-02	7.059979e+00
2.582000e-05	-3.020831e-02	7.018975e+00
2.583000e-05	-3.085226e-02	6.978504e+00
2.584000e-05	-2.004659e-02	6.937292e+00
2.585000e-05	-1.764504e-02	6.914216e+00
2.586000e-05	-2.638721e-02	6.832610e+00
2.587000e-05	-3.091848e-02	6.821528e+00
2.588000e-05	-2.654976e-02	6.811003e+00
2.589000e-05	-1.839462e-02	6.778901e+00
2.590000e-05	-2.280103e-02	6.757271e+00
2.591000e-05	-2.927550e-02	6.673138e+00
2.592000e-05	-3.043718e-02	6.647934e+00
2.593000e-05	-2.359579e-02	6.514693e+00
2.594000e-05	-2.067354e-02	6.442062e+00
2.595000e-05	-2.461572e-02	6.389504e+00
2.596000e-05	-2.896948e-02	6.358873e+00
2.597000e-05	-2.631805e-02	6.326166e+00
2.598000e-05	-1.879112e-02	6.260584e+00
2.599000e-05	-1.967357e-02	6.158351e+00
2.600000e-05	-2.467019e-02	6.116268e+00
2.601000e-05	-2.638514e-02	6.052063e+00
2.602000e-05	-2.070856e-02	5.989450e+00
2.603000e-05	-1.632177e-02	5.935843e+00
2.604000e-05	-1.914032e-02	5.830431e+00
2.605000e-05	-2.355432e-02	5.726247e+00
2.606000e-05	-2.200429e-02	5.591430e+00
2.607000e-05	-1.600057e-02	5.556872e+00
2.608000e-05	-1.496646e-02	5.495636e+00
2.609000e-05	-1.816964e-02	5.387926e+00
2.610000e-05	-2.073802e-02	5.305666e+00
2.611000e-05	-1.602340e-02	5.180430e+00
2.612000e-05	-1.184128e-02	5.063112e+00
2.613000e-05	-1.452058e-02	4.917669e+00
2.614000e-05	-1.758434e-02	4.811533e+00
2.615000e-05	-1.738208e-02	4.756300e+00
2.616000e-05	-1.272338e-02	4.631110e+00
2.617000e-05	-1.115029e-02	4.538220e+00
2.618000e-05	-1.289665e-02	4.443034e+00
2.619000e-05	-1.432994e-02	4.369924e+00
2.620000e-05	-1.182977e-02	4.252163e+00
2.621000e-05	-8.910062e-03	4.104168e+00
2.622000e-05	-9.509309e-03	3.989954e+00
2.623000e-05	-1.293860e-02	3.884591e+00
2.624000e-05	-1.347296e-02	3.779404e+00
2.625000e-05	-9.677086e-03	3.715218e+00
2.626000e-05	-7.166694e-03	3.608404e+00
2.627000e-05	-9.102236e-03	3.485593e+00
2.628000e-05	-1.061458e-02	3.315653e+00
2.629000e-05	-9.779525e-03	3.199404e+00
2.630000e-05	-6.906441e-03	3.104692e+00
2.631000e-05	-5.509415e-03	2.948376e+00
2.632000e-05	-8.671548e-03	2.852612e+00
2.633000e-05	-1.011042e-02	2.776251e+00
2.634000e-05	-8.538259e-03	2.600405e+00
2.635000e-05	-5.451244e-03	2.484537e+00
2.636000e-05	-5.964946e-03	2.315797e+00
2.637000e-05	-8.516046e-03	2.192481e+00
2.638000e-05	-8.467991e-03	2.114639e+00
2.639000e-05	-5.695656e-03	1.999876e+00
2.640000e-05	-3.973879e-03	1.903089e+00
2.641000e-05	-5.883832e-03	1.717720e+00
2.642000e-05	-8.616402e-03	1.599105e+00
2.643000e-05	-6.964775e-03	1.423558e+00
2.644000e-05	-3.818150e-03	1.305722e+00
2.645000e-05	-5.315534e-03	1.168931e+00
2.646000e-05	-6.307966e-03	9.909365e-01
2.647000e-05	-6.937830e-03	8.315877e-01
2.648000e-05	-4.487326e-03	7.163222e-01
2.649000e-05	-2.821984e-03	5.915302e-01
2.650000e-05	-3.812107e-03	4.441379e-01
2.651000e-05	-5.773382e-03	3.384234e-01
2.652000e-05	-6.467592e-03	1.998124e-01
2.653000e-05	-3.733303e-03	3.208401e-02
2.654000e-05	-1.883134e-03	-5.320427e-02
2.655000e-05	-8.925999e-04	-2.094963e-01
2.656000e-05	-2.140197e-03	-3.052857e-01
2.657000e-05	-1.208458e-03	-4.194738e-01
2.658000e-05	-7.703875e-05	-5.352633e-01
2.659000e-05	-1.797565e-03	-7.143584e-01
2.660000e-05	-2.877689e-03	-8.315251e-01
2.661000e-05	1.219866e-03	-9.147795e-01
2.662000e-05	3.125115e-02	-1.020573e+00
2.663000e-05	5.441111e-02	-1.160016e+00
2.664000e-05	-3.595075e-02	-1.460292e+00
2.665000e-05	-5.986418e-02	-1.663304e+00
2.666000e-05	-8.953824e-02	-1.756845e+00
2.667000e-05	1.196331e-01	-1.726340e+00
2.668000e-05	-4.549077e-03	-1.789620e+00
2.669000e-05	-1.056462e-01	-2.020968e+00
2.670000e-05	5.301236e-02	-2.092692e+00
2.671000e-05	5.063017e-02	-2.170437e+00
2.672000e-05	-1.144985e-01	-2.450618e+00
2.673000e-05	7.411560e-02	-2.566345e+00
2.674000e-05	7.398741e-02	-2.640648e+00
2.675000e-05	-1.679583e-01	-2.777465e+00
2.676000e-05	3.965454e-02	-2.864154e+00
2.677000e-05	1.174678e-01	-3.001067e+00
2.678000e-05	-8.859889e-02	-3.208520e+00
2.679000e-05	1.144416e-02	-3.262233e+00
2.680000e-05	8.754559e-03	-3.359043e+00
2.681000e-05	-4.367955e-02	-3.565387e+00
2.682000e-05	1.030883e-01	-3.569473e+00
2.683000e-05	-6.533662e-02	-3.723858e+00
2.684000e-05	-5.173519e-02	-3.911358e+00
2.685000e-05	8.366189e-02	-3.999999e+00
2.686000e-05	-2.415307e-02	-4.075331e+00
2.687000e-05	1.570824e-02	-4.229497e+00
2.688000e-05	1.811457e-02	-4.323734e+00
2.689000e-05	-7.330083e-02	-4.398973e+00
2.690000e-05	4.246352e-02	-4.440605e+00
2.691000e-05	3.583595e-02	-4.639545e+00
2.692000e-05	-1.231894e-02	-4.695743e+00
2.693000e-05	-8.952670e-03	-4.807421e+00
2.694000e-05	-2.655139e-02	-4.945783e+00
2.695000e-05	6.038398e-02	-4.990652e+00
2.696000e-05	-2.642751e-04	-5.116287e+00
2.697000e-05	-2.554948e-02	-5.230100e+00
2.698000e-05	2.690021e-03	-5.285739e+00
2.699000e-05	-1.044818e-02	-5.472783e+00
2.700000e-05	5.558111e-02	-5.598444e+00
2.701000e-05	-7.827030e-03	-5.622053e+00
2.702000e-05	-2.279798e-02	-5.726360e+00
2.703000e-05	1.254287e-02	-5.749528e+00
2.704000e-05	3.874360e-03	-5.881255e+00
2.705000e-05	3.324795e-02	-5.958395e+00
2.706000e-05	-1.389632e-02	-5.999049e+00
2.707000e-05	-1.845945e-02	-6.062079e+00
2.708000e-05	2.277349e-02	-6.145886e+00
2.709000e-05	1.725805e-02	-6.280677e+00
2.710000e-05	1.688985e-02	-6.398972e+00
2.711000e-05	-1.766601e-02	-6.400501e+00
2.712000e-05	-3.369858e-03	-6.422184e+00
2.713000e-05	2.813439e-02	-6.512788e+00
2.714000e-05	1.062613e-02	-6.619975e+00
2.715000e-05	7.046422e-03	-6.629079e+00
2.716000e-05	-1.699107e-02	-6.663182e+00
2.717000e-05	9.262335e-03	-6.737864e+00
2.718000e-05	2.855507e-02	-6.767948e+00
2.719000e-05	7.516970e-03	-6.790528e+00
2.720000e-05	5.971809e-04	-6.861529e+00
2.721000e-05	-6.631309e-03	-6.901738e+00
2.722000e-05	2.327012e-02	-6.915816e+00
2.723000e-05	1.995207e-02	-6.987970e+00
2.724000e-05	1.109347e-03	-7.071033e+00
2.725000e-05	-3.413442e-03	-7.104741e+00
2.726000e-05	5.636121e-03	-7.135344e+00
2.727000e-05	2.367451e-02	-7.158845e+00
2.728000e-05	1.314852e-02	-7.178946e+00
2.729000e-05	3.797116e-03	-7.199975e+00
2.730000e-05	3.122790e-03	-7.190000e+00
2.731000e-05	1.637012e-02	-7.221027e+00
2.732000e-05	2.301874e-02	-7.240028e+00
2.733000e-05	8.715034e-03	-7.241079e+00
2.734000e-05	1.022309e-03	-7.252130e+00
2.735000e-05	8.026092e-03	-7.261033e+00
2.736000e-05	2.121386e-02	-7.251110e+00
2.737000e-05	1.903260e-02	-7.271577e+00
2.738000e-05	8.774455e-03	-7.261583e+00
2.739000e-05	5.905806e-03	-7.242086e+00
2.740000e-05	1.895269e-02	-7.251554e+00
2.741000e-05	2.187312e-02	-7.241579e+00
2.742000e-05	1.491754e-02	-7.220107e+00
2.743000e-05	7.390426e-03	-7.229529e+00
2.744000e-05	1.130953e-02	-7.209977e+00
2.745000e-05	2.195926e-02	-7.179500e+00
2.746000e-05	2.226352e-02	-7.208848e+00
2.747000e-05	1.373357e-02	-7.148320e+00
2.748000e-05	9.058554e-03	-7.147318e+00
2.749000e-05	1.857407e-02	-7.104665e+00
2.750000e-05	2.462296e-02	-7.081585e+00
2.751000e-05	2.065525e-02	-7.008350e+00
2.752000e-05	1.205304e-02	-6.956267e+00
2.753000e-05	1.364134e-02	-6.854588e+00
2.754000e-05	2.251070e-02	-6.860029e+00
2.755000e-05	2.329511e-02	-6.779504e+00
2.756000e-05	1.666732e-02	-6.769372e+00
2.757000e-05	1.176244e-02	-6.726322e+00
2.758000e-05	1.761787e-02	-6.662188e+00
2.759000e-05	2.321722e-02	-6.631558e+00
2.760000e-05	2.080021e-02	-6.588399e+00
2.761000e-05	1.348044e-02	-6.514719e+00
2.762000e-05	1.292830e-02	-6.471580e+00
2.763000e-05	1.926110e-02	-6.419476e+00
2.764000e-05	2.146619e-02	-6.328399e+00
2.765000e-05	1.483416e-02	-6.305189e+00
2.766000e-05	9.386031e-03	-6.188829e+00
2.767000e-05	1.317432e-02	-6.093621e+00
2.768000e-05	1.830046e-02	-6.031078e+00
2.769000e-05	1.801358e-02	-5.977397e+00
2.770000e-05	1.040976e-02	-5.895716e+00
2.771000e-05	8.685350e-03	-5.810004e+00
2.772000e-05	1.356816e-02	-5.726319e+00
2.773000e-05	1.529440e-02	-5.651636e+00
2.774000e-05	1.048193e-02	-5.558454e+00
2.775000e-05	4.673387e-03	-5.484541e+00
2.776000e-05	7.026444e-03	-5.355329e+00
2.777000e-05	1.250768e-02	-5.232608e+00
2.778000e-05	1.207070e-02	-5.137896e+00
2.779000e-05	5.615622e-03	-4.990959e+00
2.780000e-05	3.039218e-03	-4.955273e+00
2.781000e-05	7.088889e-03	-4.788803e+00
2.782000e-05	9.335158e-03	-4.674609e+00
2.783000e-05	5.489578e-03	-4.580450e+00
2.784000e-05	1.428132e-03	-4.485659e+00
2.785000e-05	2.384050e-03	-4.409976e+00
2.786000e-05	5.904030e-03	-4.336847e+00
2.787000e-05	6.691617e-03	-4.221485e+00
2.788000e-05	2.108575e-03	-4.105720e+00
2.789000e-05	3.635179e-04	-4.050482e+00
2.790000e-05	2.333596e-03	-3.957296e+00
2.791000e-05	6.008310e-03	-3.769305e+00
2.792000e-05	2.357081e-03	-3.641111e+00
2.793000e-05	-1.173348e-03	-3.507301e+00
2.794000e-05	-2.293491e-03	-3.450559e+00
2.795000e-05	1.974097e-03	-3.286266e+00
2.796000e-05	2.652875e-03	-3.241479e+00
2.797000e-05	2.701488e-04	-3.096671e+00
2.798000e-05	-2.451320e-03	-2.927276e+00
2.799000e-05	3.718475e-04	-2.841477e+00
2.800000e-05	1.584371e-03	-2.684766e+00
2.801000e-05	4.902486e-04	-2.567825e+00
2.802000e-05	-3.489494e-03	-2.451536e+00
2.803000e-05	-5.019147e-03	-2.348400e+00
2.804000e-05	-1.854487e-03	-2.211933e+00
2.805000e-05	6.201455e-04	-2.032634e+00
2.806000e-05	-1.944153e-03	-1.927372e+00
2.807000e-05	-3.340712e-03	-1.830955e+00
2.808000e-05	-2.093714e-03	-1.706192e+00
2.809000e-05	2.629172e-04	-1.598899e+00
2.810000e-05	-1.301418e-03	-1.419059e+00
2.811000e-05	-4.974727e-03	-1.261533e+00
2.812000e-05	-5.689238e-03	-1.095268e+00
2.813000e-05	-3.963660e-03	-9.783722e-01
2.814000e-05	-1.513336e-03	-8.210341e-01
2.815000e-05	-2.942681e-03	-7.267723e-01
2.816000e-05	-4.926827e-03	-5.688049e-01
2.817000e-05	-4.103623e-03	-4.115014e-01
2.818000e-05	-2.827640e-03	-3.152445e-01
2.819000e-05	-2.332369e-03	-1.789249e-01
2.820000e-05	-2.990547e-03	-6.408683e-02
2.821000e-05	-1.466460e-03	3.120019e-02
2.822000e-05	-1.298803e-03	2.204661e-01
2.823000e-05	2.165931e-06	3.774147e-01
2.824000e-05	-1.171423e-03	4.516265e-01
2.825000e-05	-4.074522e-03	5.969411e-01
2.826000e-05	-3.820216e-03	6.543542e-01
2.827000e-05	-3.426637e-04	8.295200e-01
2.828000e-05	1.385804e-02	9.153117e-01
2.829000e-05	4.049025e-02	1.124336e+00
2.830000e-05	1.802787e-02	1.304809e+00
2.831000e-05	-5.193176e-02	1.484253e+00
2.832000e-05	-7.483989e-02	1.694255e+00
2.833000e-05	-4.187231e-02	1.726317e+00
2.834000e-05	1.184761e-01	1.812651e+00
2.835000e-05	-4.371522e-02	1.968440e+00
2.836000e-05	-1.010265e-01	2.020525e+00
2.837000e-05	9.696222e-02	2.136785e+00
2.838000e-05	-3.909236e-03	2.325834e+00
2.839000e-05	-6.824265e-02	2.400948e+00
2.840000e-05	7.862777e-02	2.463182e+00
2.841000e-05	-2.984965e-03	2.672779e+00
2.842000e-05	-1.425351e-01	2.810049e+00
2.843000e-05	8.480373e-02	2.893811e+00
2.844000e-05	5.131396e-02	3.010122e+00
2.845000e-05	-6.839425e-02	3.136312e+00
2.846000e-05	-4.465016e-03	3.300528e+00
2.847000e-05	-1.674874e-02	3.390420e+00
2.848000e-05	1.372757e-03	3.537787e+00
2.849000e-05	3.959412e-02	3.601101e+00
2.850000e-05	-5.075325e-02	3.726493e+00
2.851000e-05	-2.888377e-02	3.852679e+00
2.852000e-05	3.670499e-02	3.977467e+00
2.853000e-05	-1.102971e-02	4.070551e+00
2.854000e-05	8.906301e-03	4.158413e+00
2.855000e-05	-3.612687e-02	4.315311e+00
2.856000e-05	-3.460782e-02	4.420076e+00
2.857000e-05	1.367375e-02	4.494812e+00
2.858000e-05	3.206037e-02	4.669580e+00
2.859000e-05	-2.428072e-02	4.736366e+00
2.860000e-05	-4.051939e-02	4.829128e+00
2.861000e-05	6.952214e-03	4.985741e+00
2.862000e-05	1.478352e-02	5.094186e+00
2.863000e-05	-7.754864e-03	5.210021e+00
2.864000e-05	-3.605627e-02	5.314767e+00
2.865000e-05	-2.247413e-02	5.399998e+00
2.866000e-05	2.798036e-03	5.472782e+00
2.867000e-05	2.289677e-02	5.555374e+00
2.868000e-05	-2.235580e-02	5.589475e+00
2.869000e-05	-2.889884e-02	5.703238e+00
2.870000e-05	-1.219768e-02	5.800623e+00
2.871000e-05	9.448401e-03	5.945363e+00
2.872000e-05	2.157121e-03	6.009950e+00
2.873000e-05	-3.421409e-02	6.031605e+00
2.874000e-05	-2.253880e-02	6.126288e+00
2.875000e-05	-1.735499e-03	6.178474e+00
2.876000e-05	1.205965e-02	6.250679e+00
2.877000e-05	-1.718566e-02	6.316238e+00
2.878000e-05	-3.078730e-02	6.398945e+00
2.879000e-05	-1.540210e-02	6.410549e+00
2.880000e-05	3.885472e-03	6.512685e+00
2.881000e-05	1.760717e-06	6.526292e+00
2.882000e-05	-2.649640e-02	6.589074e+00
2.883000e-05	-2.765993e-02	6.755267e+00
2.884000e-05	-8.648215e-03	6.776449e+00
2.885000e-05	6.310681e-03	6.779500e+00
2.886000e-05	-1.510753e-02	6.799500e+00
2.887000e-05	-2.767383e-02	6.840052e+00
2.888000e-05	-2.065455e-02	6.892284e+00
2.889000e-05	-7.125289e-04	6.936270e+00
2.890000e-05	-4.142880e-03	6.925392e+00
2.891000e-05	-2.429305e-02	7.009946e+00
2.892000e-05	-2.744700e-02	6.999974e+00
2.893000e-05	-1.495293e-02	7.020606e+00
2.894000e-05	-2.115427e-03	7.103086e+00
2.895000e-05	-1.579650e-02	7.134159e+00
2.896000e-05	-2.623942e-02	7.085163e+00
2.897000e-05	-2.427740e-02	7.166775e+00
2.898000e-05	-8.950797e-03	7.137346e+00
2.899000e-05	-7.330753e-03	7.145796e+00
2.900000e-05	-2.254803e-02	7.168297e+00
2.901000e-05	-2.976819e-02	7.168946e+00
2.902000e-05	-2.191510e-02	7.158921e+00
2.903000e-05	-7.746429e-03	7.177874e+00
2.904000e-05	-1.557974e-02	7.189379e+00
2.905000e-05	-2.720534e-02	7.147872e+00
2.906000e-05	-2.894940e-02	7.168348e+00
2.907000e-05	-1.631101e-02	7.148345e+00
2.908000e-05	-1.213286e-02	7.126795e+00
2.909000e-05	-2.257199e-02	7.135665e+00
2.910000e-05	-3.060229e-02	7.094215e+00
2.911000e-05	-2.665964e-02	7.064614e+00
2.912000e-05	-1.446523e-02	7.052113e+00
2.913000e-05	-1.851921e-02	7.042030e+00
2.914000e-05	-2.877800e-02	7.012004e+00
2.915000e-05	-3.315829e-02	7.008949e+00
2.916000e-05	-2.278524e-02	6.938300e+00
2.917000e-05	-1.689581e-02	6.905141e+00
2.918000e-05	-2.356649e-02	6.893237e+00
2.919000e-05	-3.147515e-02	6.851978e+00
2.920000e-05	-2.883473e-02	6.800505e+00
2.921000e-05	-1.945058e-02	6.800449e+00
2.922000e-05	-2.061291e-02	6.766824e+00
2.923000e-05	-2.761799e-02	6.672121e+00
2.924000e-05	-3.266737e-02	6.670460e+00
2.925000e-05	-2.542995e-02	6.557223e+00
2.926000e-05	-1.929605e-02	6.480612e+00
2.927000e-05	-2.224675e-02	6.421479e+00
2.928000e-05	-2.883875e-02	6.389397e+00
2.929000e-05	-2.777583e-02	6.316216e+00
2.930000e-05	-1.924151e-02	6.222135e+00
2.931000e-05	-1.793007e-02	6.159481e+00
2.932000e-05	-2.443083e-02	6.136821e+00
2.933000e-05	-2.900101e-02	6.054114e+00
2.934000e-05	-2.264858e-02	5.999503e+00
2.935000e-05	-1.726758e-02	5.937424e+00
2.936000e-05	-1.710702e-02	5.852617e+00
2.937000e-05	-2.212026e-02	5.765622e+00
2.938000e-05	-2.172970e-02	5.630983e+00
2.939000e-05	-1.524209e-02	5.568371e+00
2.940000e-05	-1.471954e-02	5.474242e+00
2.941000e-05	-1.874487e-02	5.391455e+00
2.942000e-05	-2.243225e-02	5.324246e+00
2.943000e-05	-1.852916e-02	5.220537e+00
2.944000e-05	-1.239750e-02	5.045700e+00
2.945000e-05	-1.169726e-02	4.996801e+00
2.946000e-05	-1.575476e-02	4.852508e+00
2.947000e-05	-1.705185e-02	4.759324e+00
2.948000e-05	-1.339928e-02	4.652139e+00
2.949000e-05	-1.052177e-02	4.568852e+00
2.950000e-05	-1.278631e-02	4.464113e+00
2.951000e-05	-1.765124e-02	4.379002e+00
2.952000e-05	-1.382101e-02	4.264638e+00
2.953000e-05	-9.550819e-03	4.136156e+00
2.954000e-05	-6.501706e-03	4.001031e+00
2.955000e-05	-1.128538e-02	3.923746e+00
2.956000e-05	-1.209170e-02	3.831032e+00
2.957000e-05	-1.093210e-02	3.734269e+00
2.958000e-05	-7.695187e-03	3.639456e+00
2.959000e-05	-9.651480e-03	3.516242e+00
2.960000e-05	-1.278340e-02	3.346226e+00
2.961000e-05	-1.193207e-02	3.220457e+00
2.962000e-05	-6.318482e-03	3.135746e+00
2.963000e-05	-4.397252e-03	2.969905e+00
2.964000e-05	-6.461705e-03	2.895168e+00
2.965000e-05	-1.045142e-02	2.759401e+00
2.966000e-05	-8.745082e-03	2.653109e+00
2.967000e-05	-7.253231e-03	2.503143e+00
2.968000e-05	-7.582218e-03	2.317326e+00
2.969000e-05	-9.632979e-03	2.232036e+00
2.970000e-05	-8.618581e-03	2.116319e+00
2.971000e-05	-4.313473e-03	2.001029e+00
2.972000e-05	-3.537039e-03	1.905722e+00
2.973000e-05	-5.342577e-03	1.747328e+00
2.974000e-05	-8.438440e-03	1.673460e+00
2.975000e-05	-7.039923e-03	1.443194e+00
2.976000e-05	-6.406446e-03	1.326770e+00
2.977000e-05	-6.084592e-03	1.200058e+00
2.978000e-05	-6.923452e-03	1.053438e+00
2.979000e-05	-8.348080e-03	8.446381e-01
2.980000e-05	-4.137508e-03	7.588236e-01
2.981000e-05	-3.483652e-03	6.210090e-01
2.982000e-05	-2.352494e-03	5.037181e-01
2.983000e-05	-5.205783e-03	3.694762e-01
2.984000e-05	-5.655134e-03	2.431453e-01
2.985000e-05	-4.152313e-03	8.463915e-02
2.986000e-05	-3.482376e-03	-3.120163e-02
2.987000e-05	-3.013348e-03	-1.674148e-01
2.988000e-05	-2.904977e-03	-2.942795e-01
2.989000e-05	-3.373876e-03	-3.694686e-01
2.990000e-05	9.012974e-04	-4.952832e-01
2.991000e-05	-1.067283e-03	-6.332768e-01
2.992000e-05	7.563977e-04	-8.090200e-01
2.993000e-05	-7.589807e-04	-8.937555e-01
2.994000e-05	2.251520e-02	-9.890963e-01
2.995000e-05	5.483198e-02	-1.095410e+00
2.996000e-05	-1.076719e-02	-1.369112e+00
2.997000e-05	-6.194270e-02	-1.661143e+00
2.998000e-05	-8.756783e-02	-1.766944e+00
2.999000e-05	6.148997e-02	-1.704242e+00
3.000000e-05	5.844981e-02	-1.788441e+00
3.001000e-05	-9.825768e-02	-2.009568e+00
3.002000e-05	-1.431080e-02	-2.094615e+00
3.003000e-05	1.192032e-01	-2.106891e+00
3.004000e-05	-1.147750e-01	-2.325986e+00
3.005000e-05	1.433559e-02	-2.586343e+00
3.006000e-05	1.232244e-01	-2.640524e+00
3.007000e-05	-1.435636e-01	-2.725336e+00
3.008000e-05	-4.354730e-02	-2.821129e+00
3.009000e-05	1.577263e-01	-2.965962e+00
3.010000e-05	-5.794648e-02	-3.155436e+00
3.011000e-05	-2.589055e-02	-3.232152e+00
3.012000e-05	3.641582e-02	-3.337840e+00
3.013000e-05	-5.908019e-02	-3.514386e+00
3.014000e-05	8.363785e-02	-3.568970e+00
3.015000e-05	-6.264308e-03	-3.643177e+00
3.016000e-05	-9.228775e-02	-3.879301e+00
3.017000e-05	7.218063e-02	-3.988997e+00
3.018000e-05	9.695563e-03	-4.083757e+00
3.019000e-05	-1.957395e-02	-4.208398e+00
3.020000e-05	5.063018e-02	-4.273182e+00
3.021000e-05	-7.459530e-02	-4.378992e+00
3.022000e-05	1.662032e-02	-4.421603e+00
3.023000e-05	5.358218e-02	-4.578889e+00
3.024000e-05	-1.161071e-02	-4.753357e+00
3.025000e-05	4.818663e-04	-4.747920e+00
3.026000e-05	-3.782621e-02	-4.891728e+00
3.027000e-05	4.456653e-02	-5.020999e+00
3.028000e-05	2.178210e-02	-5.072758e+00
3.029000e-05	-3.303742e-02	-5.219470e+00
3.030000e-05	4.592754e-03	-5.253682e+00
3.031000e-05	-1.272264e-02	-5.482723e+00
3.032000e-05	4.392252e-02	-5.586417e+00
3.033000e-05	1.819363e-02	-5.620050e+00
3.034000e-05	-3.217620e-02	-5.674333e+00
3.035000e-05	7.652028e-03	-5.817400e+00
3.036000e-05	2.079584e-03	-5.873732e+00
3.037000e-05	2.481213e-02	-5.926271e+00
3.038000e-05	6.114680e-03	-6.008975e+00
3.039000e-05	-3.046969e-02	-6.062556e+00
3.040000e-05	2.133820e-02	-6.165391e+00
3.041000e-05	1.711778e-02	-6.203147e+00
3.042000e-05	2.046263e-02	-6.397321e+00
3.043000e-05	-7.031174e-03	-6.379473e+00
3.044000e-05	-1.781836e-02	-6.451609e+00
3.045000e-05	2.549203e-02	-6.514736e+00
3.046000e-05	1.158539e-02	-6.586922e+00
3.047000e-05	1.232801e-02	-6.610050e+00
3.048000e-05	-1.405316e-02	-6.711253e+00
3.049000e-05	-4.126530e-04	-6.735796e+00
3.050000e-05	2.889732e-02	-6.768396e+00
3.051000e-05	1.337652e-02	-6.798998e+00
3.052000e-05	2.526667e-03	-6.820527e+00
3.053000e-05	-9.395232e-03	-6.841255e+00
3.054000e-05	1.529383e-02	-6.904261e+00
3.055000e-05	2.386323e-02	-7.025440e+00
3.056000e-05	5.995802e-03	-7.090978e+00
3.057000e-05	-4.368302e-03	-7.135287e+00
3.058000e-05	1.485478e-03	-7.144895e+00
3.059000e-05	2.118716e-02	-7.127422e+00
3.060000e-05	2.037880e-02	-7.178499e+00
3.061000e-05	4.750698e-03	-7.179948e+00
3.062000e-05	4.268083e-04	-7.209503e+00
3.063000e-05	1.139237e-02	-7.230527e+00
3.064000e-05	2.283065e-02	-7.230027e+00
3.065000e-05	1.448427e-02	-7.231106e+00
3.066000e-05	-1.667206e-04	-7.251006e+00
3.067000e-05	5.523178e-03	-7.291132e+00
3.068000e-05	1.857065e-02	-7.251578e+00
3.069000e-05	2.352157e-02	-7.262658e+00
3.070000e-05	1.151947e-02	-7.251107e+00
3.071000e-05	4.600589e-03	-7.230079e+00
3.072000e-05	1.463636e-02	-7.241658e+00
3.073000e-05	2.255607e-02	-7.221623e+00
3.074000e-05	1.850926e-02	-7.220958e+00
3.075000e-05	7.259957e-03	-7.220075e+00
3.076000e-05	8.819194e-03	-7.190499e+00
3.077000e-05	1.971170e-02	-7.189452e+00
3.078000e-05	2.497753e-02	-7.169424e+00
3.079000e-05	1.646332e-02	-7.187419e+00
3.080000e-05	8.691506e-03	-7.136768e+00
3.081000e-05	1.569284e-02	-7.103762e+00
3.082000e-05	2.474541e-02	-7.072113e+00
3.083000e-05	2.282654e-02	-7.017981e+00
3.084000e-05	1.184234e-02	-6.925697e+00
3.085000e-05	1.277736e-02	-6.881592e+00
3.086000e-05	2.061805e-02	-6.842107e+00
3.087000e-05	2.490267e-02	-6.809979e+00
3.088000e-05	1.890038e-02	-6.758947e+00
3.089000e-05	1.164474e-02	-6.706870e+00
3.090000e-05	1.599530e-02	-6.693135e+00
3.091000e-05	2.334837e-02	-6.642085e+00
3.092000e-05	2.263624e-02	-6.609475e+00
3.093000e-05	1.461575e-02	-6.545818e+00
3.094000e-05	1.114496e-02	-6.494134e+00
3.095000e-05	1.717017e-02	-6.400051e+00
3.096000e-05	2.241509e-02	-6.378451e+00
3.097000e-05	1.753415e-02	-6.336214e+00
3.098000e-05	1.021838e-02	-6.219532e+00
3.099000e-05	1.229096e-02	-6.154745e+00
3.100000e-05	1.739045e-02	-6.031032e+00
3.101000e-05	1.863730e-02	-6.018449e+00
3.102000e-05	1.182332e-02	-5.956821e+00
3.103000e-05	8.797968e-03	-5.851032e+00
3.104000e-05	1.147321e-02	-5.737821e+00
3.105000e-05	1.518551e-02	-5.671640e+00
3.106000e-05	1.223020e-02	-5.640903e+00
3.107000e-05	6.117138e-03	-5.547245e+00
3.108000e-05	6.257655e-03	-5.379926e+00
3.109000e-05	1.027944e-02	-5.272513e+00
3.110000e-05	1.269880e-02	-5.150374e+00
3.111000e-05	7.062873e-03	-5.083538e+00
3.112000e-05	3.177117e-03	-4.949298e+00
3.113000e-05	4.907080e-03	-4.830433e+00
3.114000e-05	1.039512e-02	-4.633167e+00
3.115000e-05	8.878644e-03	-4.620529e+00
3.116000e-05	2.252242e-03	-4.526296e+00
3.117000e-05	5.075447e-04	-4.421009e+00
3.118000e-05	4.980597e-03	-4.367847e+00
3.119000e-05	7.643008e-03	-4.252562e+00
3.120000e-05	3.908117e-03	-4.146819e+00
3.121000e-05	4.151252e-04	-4.032059e+00
3.122000e-05	-3.060595e-04	-3.987947e+00
3.123000e-05	4.938516e-03	-3.852035e+00
3.124000e-05	4.685994e-03	-3.672637e+00
3.125000e-05	1.041901e-03	-3.547399e+00
3.126000e-05	-2.658972e-03	-3.482637e+00
3.127000e-05	1.564818e-04	-3.378275e+00
3.128000e-05	2.865823e-03	-3.262029e+00
3.129000e-05	1.525173e-03	-3.155847e+00
3.130000e-05	-2.388651e-03	-2.948378e+00
3.131000e-05	-1.648559e-03	-2.851586e+00
3.132000e-05	1.401943e-03	-2.736295e+00
3.133000e-05	1.653245e-03	-2.620033e+00
3.134000e-05	-1.694337e-03	-2.485218e+00
3.135000e-05	-3.912314e-03	-2.360425e+00
3.136000e-05	-2.318950e-03	-2.253013e+00
3.137000e-05	7.326333e-04	-2.043592e+00
3.138000e-05	-8.419393e-04	-1.978400e+00
3.139000e-05	-3.060188e-03	-1.841634e+00
3.140000e-05	-3.854268e-03	-1.747772e+00
3.141000e-05	-9.466184e-04	-1.609953e+00
3.142000e-05	-5.737403e-05	-1.454664e+00
3.143000e-05	-3.504730e-03	-1.223788e+00
3.144000e-05	-5.696961e-03	-1.156796e+00
3.145000e-05	-4.115188e-03	-9.894812e-01
3.146000e-05	-1.462460e-03	-8.911604e-01
3.147000e-05	-1.610664e-03	-7.589259e-01
3.148000e-05	-3.870681e-03	-5.815604e-01
3.149000e-05	-4.853789e-03	-4.520590e-01
3.150000e-05	-2.613149e-03	-3.088972e-01
3.151000e-05	-1.811921e-03	-1.735063e-01
3.152000e-05	-3.003248e-03	-8.466566e-02
3.153000e-05	-2.720539e-03	2.107507e-02
3.154000e-05	-4.626069e-04	1.483671e-01
3.155000e-05	-6.745966e-04	2.943397e-01
3.156000e-05	8.144287e-04	4.406275e-01
3.157000e-05	-4.112936e-03	5.253607e-01
3.158000e-05	-3.913393e-03	6.441528e-01
3.159000e-05	-2.568464e-03	7.489911e-01
3.160000e-05	8.367776e-03	8.716040e-01
3.161000e-05	3.237408e-02	1.081347e+00
3.162000e-05	3.335466e-02	1.241154e+00
3.163000e-05	-3.957819e-02	1.470124e+00
3.164000e-05	-6.582055e-02	1.630546e+00
3.165000e-05	-6.957853e-02	1.735693e+00
3.166000e-05	9.374022e-02	1.819046e+00
3.167000e-05	1.292202e-02	1.934886e+00
3.168000e-05	-1.065394e-01	1.999025e+00
3.169000e-05	3.960176e-02	2.084229e+00
3.170000e-05	6.451060e-02	2.273283e+00
3.171000e-05	-9.353757e-02	2.389471e+00
3.172000e-05	4.319486e-02	2.420604e+00
3.173000e-05	5.743545e-02	2.600191e+00
3.174000e-05	-1.517365e-01	2.788494e+00
3.175000e-05	2.922014e-02	2.854128e+00
3.176000e-05	9.297351e-02	3.007571e+00
3.177000e-05	-6.115715e-02	3.116331e+00
3.178000e-05	-2.411210e-02	3.231099e+00
3.179000e-05	1.181712e-03	3.338041e+00
3.180000e-05	-2.136880e-02	3.451253e+00
3.181000e-05	4.968581e-02	3.579521e+00
3.182000e-05	-3.582414e-02	3.694861e+00
3.183000e-05	-4.542235e-02	3.901654e+00
3.184000e-05	3.062906e-02	3.968872e+00
3.185000e-05	2.566100e-03	4.031574e+00
3.186000e-05	8.764968e-04	4.103759e+00
3.187000e-05	-2.133835e-02	4.243256e+00
3.188000e-05	-3.954610e-02	4.419524e+00
3.189000e-05	-3.869631e-03	4.514212e+00
3.190000e-05	4.077901e-02	4.600000e+00
3.191000e-05	-1.816218e-02	4.727283e+00
3.192000e-05	-3.640979e-02	4.790000e+00
3.193000e-05	-9.071744e-03	4.904233e+00
3.194000e-05	2.444917e-02	5.030672e+00
3.195000e-05	-3.563742e-03	5.117494e+00
3.196000e-05	-3.275528e-02	5.284711e+00
3.197000e-05	-2.795030e-02	5.408498e+00
3.198000e-05	-6.437044e-03	5.440579e+00
3.199000e-05	2.712278e-02	5.536820e+00
3.200000e-05	-1.596263e-02	5.590926e+00
3.201000e-05	-2.659456e-02	5.682205e+00
3.202000e-05	-1.839995e-02	5.816995e+00
3.203000e-05	1.244702e-02	5.903765e+00
3.204000e-05	5.168976e-03	5.989497e+00
3.205000e-05	-2.730824e-02	6.010130e+00
3.206000e-05	-3.090098e-02	6.134338e+00
3.207000e-05	-7.280053e-03	6.178448e+00
3.208000e-05	1.356402e-02	6.230504e+00
3.209000e-05	-1.027392e-02	6.283191e+00
3.210000e-05	-2.691392e-02	6.387869e+00
3.211000e-05	-2.137297e-02	6.420001e+00
3.212000e-05	6.146249e-03	6.442084e+00
3.213000e-05	5.160867e-04	6.525286e+00
3.214000e-05	-2.011510e-02	6.618125e+00
3.215000e-05	-3.336740e-02	6.681208e+00
3.216000e-05	-1.384945e-02	6.766912e+00
3.217000e-05	6.396119e-03	6.787449e+00
3.218000e-05	-9.987266e-03	6.810527e+00
3.219000e-05	-2.495198e-02	6.820579e+00
3.220000e-05	-2.498255e-02	6.853634e+00
3.221000e-05	-1.151783e-03	6.913791e+00
3.222000e-05	-2.833288e-03	6.965743e+00
3.223000e-05	-1.906256e-02	6.988423e+00
3.224000e-05	-3.093183e-02	6.990453e+00
3.225000e-05	-1.815871e-02	7.070130e+00
3.226000e-05	-2.561082e-03	7.053635e+00
3.227000e-05	-1.164990e-02	7.052633e+00
3.228000e-05	-2.487916e-02	7.115262e+00
3.229000e-05	-2.738304e-02	7.125241e+00
3.230000e-05	-9.802329e-03	7.148325e+00
3.231000e-05	-5.903713e-03	7.146219e+00
3.232000e-05	-1.841295e-02	7.147846e+00
3.233000e-05	-3.129931e-02	7.168373e+00
3.234000e-05	-2.295966e-02	7.198420e+00
3.235000e-05	-1.022930e-02	7.188348e+00
3.236000e-05	-1.402044e-02	7.167296e+00
3.237000e-05	-2.431498e-02	7.186320e+00
3.238000e-05	-2.967480e-02	7.167346e+00
3.239000e-05	-1.773986e-02	7.167342e+00
3.240000e-05	-1.389840e-02	7.135395e+00
3.241000e-05	-2.078397e-02	7.126288e+00
3.242000e-05	-3.072958e-02	7.105768e+00
3.243000e-05	-2.683015e-02	7.084591e+00
3.244000e-05	-1.651907e-02	7.071638e+00
3.245000e-05	-1.689876e-02	7.071033e+00
3.246000e-05	-2.737282e-02	7.021431e+00
3.247000e-05	-3.231462e-02	7.009401e+00
3.248000e-05	-2.467446e-02	6.936948e+00
3.249000e-05	-1.777979e-02	6.925764e+00
3.250000e-05	-2.247551e-02	6.865642e+00
3.251000e-05	-3.139496e-02	6.871633e+00
3.252000e-05	-2.974062e-02	6.810556e+00
3.253000e-05	-2.117288e-02	6.819426e+00
3.254000e-05	-2.003068e-02	6.757847e+00
3.255000e-05	-2.674075e-02	6.674614e+00
3.256000e-05	-3.203719e-02	6.650881e+00
3.257000e-05	-2.542187e-02	6.545801e+00
3.258000e-05	-2.008373e-02	6.473233e+00
3.259000e-05	-2.167420e-02	6.412009e+00
3.260000e-05	-2.949572e-02	6.389949e+00
3.261000e-05	-2.881323e-02	6.336845e+00
3.262000e-05	-2.078505e-02	6.264114e+00
3.263000e-05	-1.812512e-02	6.229505e+00
3.264000e-05	-2.280768e-02	6.137296e+00
3.265000e-05	-2.785702e-02	6.113112e+00
3.266000e-05	-2.137404e-02	6.010530e+00
3.267000e-05	-1.745414e-02	5.988450e+00
3.268000e-05	-1.690978e-02	5.882590e+00
3.269000e-05	-2.380274e-02	5.788375e+00
3.270000e-05	-2.340260e-02	5.642064e+00
3.271000e-05	-1.833927e-02	5.580455e+00
3.272000e-05	-1.352839e-02	5.524267e+00
3.273000e-05	-1.682094e-02	5.421033e+00
3.274000e-05	-2.012525e-02	5.345822e+00
3.275000e-05	-1.734405e-02	5.241583e+00
3.276000e-05	-1.167540e-02	5.166326e+00
3.277000e-05	-1.126235e-02	5.029831e+00
3.278000e-05	-1.741742e-02	4.872067e+00
3.279000e-05	-1.833364e-02	4.808456e+00
3.280000e-05	-1.449065e-02	4.706138e+00
3.281000e-05	-1.024165e-02	4.568478e+00
3.282000e-05	-1.258461e-02	4.503740e+00
3.283000e-05	-1.496097e-02	4.401005e+00
3.284000e-05	-1.280782e-02	4.344197e+00
3.285000e-05	-9.302909e-03	4.200781e+00
3.286000e-05	-7.857439e-03	4.023009e+00
3.287000e-05	-1.183783e-02	3.956747e+00
3.288000e-05	-1.400507e-02	3.802633e+00
3.289000e-05	-1.127949e-02	3.746226e+00
3.290000e-05	-7.595592e-03	3.602058e+00
3.291000e-05	-8.056862e-03	3.516297e+00
3.292000e-05	-1.192289e-02	3.441960e+00
3.293000e-05	-1.112634e-02	3.251985e+00
3.294000e-05	-6.439159e-03	3.117823e+00
3.295000e-05	-5.779699e-03	3.041480e+00
3.296000e-05	-7.935883e-03	2.917293e+00
3.297000e-05	-1.010726e-02	2.810056e+00
3.298000e-05	-8.798881e-03	2.674242e+00
3.299000e-05	-6.070268e-03	2.479773e+00
3.300000e-05	-6.394634e-03	2.349381e+00
3.301000e-05	-8.938680e-03	2.284137e+00
3.302000e-05	-8.525222e-03	2.127721e+00
3.303000e-05	-6.169643e-03	2.022031e+00
3.304000e-05	-4.613331e-03	1.947800e+00
3.305000e-05	-5.801546e-03	1.768434e+00
3.306000e-05	-7.981754e-03	1.695639e+00
3.307000e-05	-7.838590e-03	1.506248e+00
3.308000e-05	-5.747968e-03	1.348351e+00
3.309000e-05	-5.358422e-03	1.261585e+00
3.310000e-05	-6.896655e-03	1.103270e+00
3.311000e-05	-7.049780e-03	9.162469e-01
3.312000e-05	-5.618464e-03	8.184274e-01
3.313000e-05	-3.229996e-03	6.230640e-01
3.314000e-05	-3.927996e-03	5.372971e-01
3.315000e-05	-5.381166e-03	4.000063e-01
3.316000e-05	-5.677183e-03	3.127717e-01
3.317000e-05	-4.467119e-03	9.582328e-02
3.318000e-05	-2.305701e-03	-9.575065e-03
3.319000e-05	-2.002118e-03	-1.363345e-01
3.320000e-05	-1.661491e-03	-2.511279e-01
3.321000e-05	-2.344932e-03	-3.374399e-01
3.322000e-05	-3.503965e-05	-4.616005e-01
3.323000e-05	-1.078456e-03	-6.106464e-01
3.324000e-05	-2.893984e-03	-7.679398e-01
3.325000e-05	-2.699432e-03	-8.711803e-01
3.326000e-05	1.208039e-02	-1.028492e+00
3.327000e-05	5.252484e-02	-1.083332e+00
3.328000e-05	1.918195e-02	-1.336427e+00
3.329000e-05	-5.725512e-02	-1.579557e+00
3.330000e-05	-7.491296e-02	-1.725911e+00
3.331000e-05	-7.199840e-03	-1.746222e+00
3.332000e-05	1.154137e-01	-1.767421e+00
3.333000e-05	-8.677583e-02	-1.956431e+00
3.334000e-05	-7.347140e-02	-2.077363e+00
3.335000e-05	1.375706e-01	-2.074761e+00
3.336000e-05	-7.699278e-02	-2.252701e+00
3.337000e-05	-3.877050e-02	-2.554834e+00
3.338000e-05	1.386191e-01	-2.609474e+00
3.339000e-05	-8.448263e-02	-2.664829e+00
3.340000e-05	-1.173609e-01	-2.810048e+00
3.341000e-05	1.512325e-01	-2.925308e+00
3.342000e-05	-4.213624e-03	-3.104857e+00
3.343000e-05	-6.511496e-02	-3.243175e+00
3.344000e-05	4.769617e-02	-3.325732e+00
3.345000e-05	-4.627503e-02	-3.483831e+00
3.346000e-05	4.276355e-02	-3.589471e+00
3.347000e-05	5.240517e-02	-3.641098e+00
3.348000e-05	-1.121727e-01	-3.798189e+00
3.349000e-05	4.211955e-02	-3.958995e+00
3.350000e-05	4.744543e-02	-4.010054e+00
3.351000e-05	-4.189929e-02	-4.167891e+00
3.352000e-05	5.748509e-02	-4.271679e+00
3.353000e-05	-5.676619e-02	-4.367915e+00
3.354000e-05	-1.708328e-02	-4.441028e+00
3.355000e-05	6.415428e-02	-4.487334e+00
3.356000e-05	-6.467473e-04	-4.672158e+00
3.357000e-05	-2.217358e-03	-4.755522e+00
3.358000e-05	-3.496468e-02	-4.842119e+00
3.359000e-05	2.138446e-02	-4.978441e+00
3.360000e-05	4.526525e-02	-5.043207e+00
3.361000e-05	-3.326770e-02	-5.177444e+00
3.362000e-05	-5.261857e-03	-5.243158e+00
3.363000e-05	-7.953482e-03	-5.379019e+00
3.364000e-05	2.658633e-02	-5.575392e+00
3.365000e-05	4.147555e-02	-5.600525e+00
3.366000e-05	-3.688476e-02	-5.693710e+00
3.367000e-05	-5.428720e-04	-5.788496e+00
3.368000e-05	8.987754e-03	-5.822077e+00
3.369000e-05	1.566105e-02	-5.954763e+00
3.370000e-05	1.956029e-02	-5.988421e+00
3.371000e-05	-3.720708e-02	-6.020525e+00
3.372000e-05	1.471779e-02	-6.124308e+00
3.373000e-05	2.061688e-02	-6.250172e+00
3.374000e-05	1.810195e-02	-6.348365e+00
3.375000e-05	7.445759e-04	-6.388475e+00
3.376000e-05	-2.306630e-02	-6.432077e+00
3.377000e-05	2.182796e-02	-6.484233e+00
3.378000e-05	1.588169e-02	-6.548392e+00
3.379000e-05	1.014186e-02	-6.608974e+00
3.380000e-05	-8.867084e-03	-6.702131e+00
3.381000e-05	-7.109898e-03	-6.704763e+00
3.382000e-05	2.663468e-02	-6.767945e+00
3.383000e-05	1.788581e-02	-6.788000e+00
3.384000e-05	2.062389e-03	-6.821025e+00
3.385000e-05	-6.705762e-03	-6.880033e+00
3.386000e-05	9.482320e-03	-6.911710e+00
3.387000e-05	2.705561e-02	-6.946368e+00
3.388000e-05	8.811497e-03	-7.081507e+00
3.389000e-05	-4.571136e-03	-7.144812e+00
3.390000e-05	-9.702574e-04	-7.086415e+00
3.391000e-05	1.681307e-02	-7.177399e+00
3.392000e-05	2.488229e-02	-7.169394e+00
3.393000e-05	5.299500e-03	-7.199925e+00
3.394000e-05	-9.603319e-06	-7.209978e+00
3.395000e-05	7.972454e-03	-7.221025e+00
3.396000e-05	2.414993e-02	-7.239554e+00
3.397000e-05	1.845254e-02	-7.250553e+00
3.398000e-05	-3.852515e-04	-7.231031e+00
3.399000e-05	3.136121e-03	-7.261607e+00
3.400000e-05	1.702224e-02	-7.271677e+00
3.401000e-05	2.578207e-02	-7.262187e+00
3.402000e-05	1.259834e-02	-7.262083e+00
3.403000e-05	2.883362e-03	-7.262206e+00
3.404000e-05	1.113486e-02	-7.251049e+00
3.405000e-05	2.443502e-02	-7.191555e+00
3.406000e-05	2.068116e-02	-7.250532e+00
3.407000e-05	7.806895e-03	-7.210552e+00
3.408000e-05	7.858754e-03	-7.220525e+00
3.409000e-05	1.895155e-02	-7.208978e+00
3.410000e-05	2.614160e-02	-7.190000e+00
3.411000e-05	1.725351e-02	-7.167345e+00
3.412000e-05	7.740811e-03	-7.164817e+00
3.413000e-05	1.448793e-02	-7.146341e+00
3.414000e-05	2.516967e-02	-7.054213e+00
3.415000e-05	2.410642e-02	-7.019004e+00
3.416000e-05	1.344938e-02	-6.986374e+00
3.417000e-05	1.169662e-02	-6.884219e+00
3.418000e-05	1.972036e-02	-6.840634e+00
3.419000e-05	2.535121e-02	-6.831555e+00
3.420000e-05	1.866615e-02	-6.799925e+00
3.421000e-05	1.173235e-02	-6.737895e+00
3.422000e-05	1.391447e-02	-6.706718e+00
3.423000e-05	2.328711e-02	-6.641060e+00
3.424000e-05	2.308250e-02	-6.621527e+00
3.425000e-05	1.486744e-02	-6.537898e+00
3.426000e-05	1.092332e-02	-6.484238e+00
3.427000e-05	1.672325e-02	-6.431037e+00
3.428000e-05	2.340991e-02	-6.369930e+00
3.429000e-05	1.774672e-02	-6.355667e+00
3.430000e-05	9.629770e-03	-6.252087e+00
3.431000e-05	1.046752e-02	-6.106795e+00
3.432000e-05	1.702387e-02	-6.052631e+00
3.433000e-05	1.782160e-02	-5.988958e+00
3.434000e-05	1.137467e-02	-5.915374e+00
3.435000e-05	8.834962e-03	-5.851533e+00
3.436000e-05	1.177530e-02	-5.778327e+00
3.437000e-05	1.661248e-02	-5.713716e+00
3.438000e-05	1.207564e-02	-5.590454e+00
3.439000e-05	7.078157e-03	-5.548324e+00
3.440000e-05	5.190326e-03	-5.480012e+00
3.441000e-05	1.090930e-02	-5.273767e+00
3.442000e-05	1.083308e-02	-5.189929e+00
3.443000e-05	6.276195e-03	-5.114192e+00
3.444000e-05	1.659917e-03	-5.010930e+00
3.445000e-05	7.171885e-03	-4.902039e+00
3.446000e-05	1.080798e-02	-4.715217e+00
3.447000e-05	9.169976e-03	-4.651503e+00
3.448000e-05	4.003720e-03	-4.537347e+00
3.449000e-05	1.015961e-03	-4.441132e+00
3.450000e-05	4.399665e-03	-4.389501e+00
3.451000e-05	4.965740e-03	-4.293141e+00
3.452000e-05	2.020272e-03	-4.136451e+00
3.453000e-05	-2.365312e-04	-4.083639e+00
3.454000e-05	2.629985e-03	-3.938927e+00
3.455000e-05	6.525152e-03	-3.842663e+00
3.456000e-05	5.834661e-03	-3.704718e+00
3.457000e-05	4.025204e-04	-3.599901e+00
3.458000e-05	-1.681864e-03	-3.505642e+00
3.459000e-05	4.349637e-04	-3.399923e+00
3.460000e-05	2.881493e-03	-3.273611e+00
3.461000e-05	-8.030786e-05	-3.177372e+00
3.462000e-05	-2.719562e-03	-3.012055e+00
3.463000e-05	-5.320260e-04	-2.874615e+00
3.464000e-05	2.694567e-03	-2.758422e+00
3.465000e-05	2.372413e-03	-2.643085e+00
3.466000e-05	-1.796377e-03	-2.504667e+00
3.467000e-05	-3.655371e-03	-2.440006e+00
3.468000e-05	-2.546650e-03	-2.285615e+00
3.469000e-05	3.902401e-04	-2.145668e+00
3.470000e-05	-1.549019e-03	-1.988949e+00
3.471000e-05	-3.409223e-03	-1.884138e+00
3.472000e-05	-1.977935e-03	-1.757326e+00
3.473000e-05	2.853618e-04	-1.632004e+00
3.474000e-05	-3.488538e-04	-1.496192e+00
3.475000e-05	-3.356434e-03	-1.346723e+00
3.476000e-05	-5.777179e-03	-1.199925e+00
3.477000e-05	-3.650849e-03	-1.012484e+00
3.478000e-05	-1.042665e-03	-9.243196e-01
3.479000e-05	-1.756131e-03	-8.104761e-01
3.480000e-05	-4.431932e-03	-6.515631e-01
3.481000e-05	-5.344739e-03	-4.756442e-01
3.482000e-05	-2.212140e-03	-3.679235e-01
3.483000e-05	-1.647925e-03	-2.630855e-01
3.484000e-05	-3.208126e-03	-1.152695e-01
3.485000e-05	-3.955816e-03	1.902131e-02
3.486000e-05	-2.212741e-04	9.378148e-02
3.487000e-05	1.282818e-04	2.847316e-01
3.488000e-05	1.357505e-03	4.090212e-01
3.489000e-05	-3.994521e-03	4.752556e-01
3.490000e-05	-4.498647e-03	6.300713e-01
3.491000e-05	-3.196631e-03	7.464646e-01
3.492000e-05	4.435537e-03	8.526251e-01
3.493000e-05	2.560657e-02	1.026669e+00
3.494000e-05	4.113775e-02	1.230571e+00
3.495000e-05	-2.182715e-02	1.419946e+00
3.496000e-05	-6.036455e-02	1.639471e+00
3.497000e-05	-8.137070e-02	1.701757e+00
3.498000e-05	4.913181e-02	1.759898e+00
3.499000e-05	7.037650e-02	1.904229e+00
3.500000e-05	-1.030607e-01	1.999497e+00
3.501000e-05	-2.444303e-02	2.042128e+00
3.502000e-05	1.172214e-01	2.202123e+00
3.503000e-05	-9.479151e-02	2.378967e+00
3.504000e-05	5.877966e-03	2.410550e+00
3.505000e-05	9.245562e-02	2.548087e+00
3.506000e-05	-1.256498e-01	2.778492e+00
3.507000e-05	-3.818880e-02	2.882603e+00
3.508000e-05	1.173612e-01	2.955938e+00
3.509000e-05	-3.361749e-02	3.112209e+00
3.510000e-05	-4.506351e-02	3.188974e+00
3.511000e-05	8.084484e-03	3.314862e+00
3.512000e-05	-3.211129e-02	3.454128e+00
3.513000e-05	4.569613e-02	3.546970e+00
3.514000e-05	-9.100091e-03	3.703730e+00
3.515000e-05	-5.518847e-02	3.819024e+00
3.516000e-05	1.253122e-02	3.896338e+00
3.517000e-05	1.824426e-02	4.001004e+00
3.518000e-05	-7.230673e-03	4.053856e+00
3.519000e-05	-5.759718e-03	4.291619e+00
3.520000e-05	-4.465086e-02	4.427946e+00
3.521000e-05	-1.669265e-02	4.472760e+00
3.522000e-05	3.959886e-02	4.558917e+00
3.523000e-05	-9.257623e-04	4.672206e+00
3.524000e-05	-3.356220e-02	4.807921e+00
3.525000e-05	-2.634093e-02	4.854653e+00
3.526000e-05	2.573632e-02	5.048047e+00
3.527000e-05	1.422174e-03	5.145865e+00
3.528000e-05	-2.124203e-02	5.251605e+00
3.529000e-05	-3.324209e-02	5.368392e+00
3.530000e-05	-1.285379e-02	5.420679e+00
3.531000e-05	2.396535e-02	5.494763e+00
3.532000e-05	-2.410548e-03	5.580424e+00
3.533000e-05	-2.601555e-02	5.642103e+00
3.534000e-05	-2.784864e-02	5.756943e+00
3.535000e-05	5.705959e-03	5.874237e+00
3.536000e-05	8.554935e-03	5.986922e+00
3.537000e-05	-1.360340e-02	6.069502e+00
3.538000e-05	-3.608860e-02	6.123783e+00
3.539000e-05	-1.182223e-02	6.138870e+00
3.540000e-05	1.059224e-02	6.220077e+00
3.541000e-05	4.611991e-06	6.242683e+00
3.542000e-05	-2.424348e-02	6.346892e+00
3.543000e-05	-3.068639e-02	6.408976e+00
3.544000e-05	-4.634258e-04	6.440131e+00
3.545000e-05	2.758343e-03	6.505317e+00
3.546000e-05	-8.949174e-03	6.568498e+00
3.547000e-05	-3.309669e-02	6.672659e+00
3.548000e-05	-1.966235e-02	6.755838e+00
3.549000e-05	2.680381e-03	6.777946e+00
3.550000e-05	-1.236318e-03	6.790027e+00
3.551000e-05	-2.184651e-02	6.820582e+00
3.552000e-05	-3.065088e-02	6.860605e+00
3.553000e-05	-8.142337e-03	6.924313e+00
3.554000e-05	-1.405837e-04	6.925267e+00
3.555000e-05	-1.182588e-02	6.956893e+00
3.556000e-05	-3.046918e-02	6.999400e+00
3.557000e-05	-2.335226e-02	7.012031e+00
3.558000e-05	-5.951331e-03	7.081057e+00
3.559000e-05	-5.011441e-03	7.073161e+00
3.560000e-05	-2.120880e-02	7.133290e+00
3.561000e-05	-3.011935e-02	7.146296e+00
3.562000e-05	-1.562893e-02	7.166926e+00
3.563000e-05	-5.601370e-03	7.175342e+00
3.564000e-05	-1.260477e-02	7.159775e+00
3.565000e-05	-3.086452e-02	7.156924e+00
3.566000e-05	-2.759792e-02	7.168394e+00
3.567000e-05	-1.405661e-02	7.178999e+00
3.568000e-05	-9.428660e-03	7.157895e+00
3.569000e-05	-2.196156e-02	7.187925e+00
3.570000e-05	-3.158181e-02	7.137921e+00
3.571000e-05	-2.207187e-02	7.148370e+00
3.572000e-05	-1.235289e-02	7.166344e+00
3.573000e-05	-1.666309e-02	7.116320e+00
3.574000e-05	-3.050182e-02	7.126265e+00
3.575000e-05	-3.101478e-02	7.095243e+00
3.576000e-05	-1.991996e-02	7.083109e+00
3.577000e-05	-1.383644e-02	7.042533e+00
3.578000e-05	-2.350160e-02	7.040533e+00
3.579000e-05	-3.370774e-02	7.020429e+00
3.580000e-05	-2.720177e-02	6.957900e+00
3.581000e-05	-1.854484e-02	6.946143e+00
3.582000e-05	-1.789876e-02	6.894634e+00
3.583000e-05	-3.092753e-02	6.863110e+00
3.584000e-05	-3.241063e-02	6.851531e+00
3.585000e-05	-2.433310e-02	6.790528e+00
3.586000e-05	-1.782895e-02	6.778399e+00
3.587000e-05	-2.408380e-02	6.695216e+00
3.588000e-05	-3.170087e-02	6.662115e+00
3.589000e-05	-2.793152e-02	6.566430e+00
3.590000e-05	-1.967512e-02	6.472142e+00
3.591000e-05	-1.940437e-02	6.420034e+00
3.592000e-05	-2.737805e-02	6.390004e+00
3.593000e-05	-3.007206e-02	6.366896e+00
3.594000e-05	-2.418910e-02	6.284764e+00
3.595000e-05	-1.749540e-02	6.219557e+00
3.596000e-05	-2.080911e-02	6.149881e+00
3.597000e-05	-2.706708e-02	6.144695e+00
3.598000e-05	-2.511696e-02	6.041110e+00
3.599000e-05	-1.826969e-02	5.969427e+00
3.600000e-05	-1.499634e-02	5.937691e+00
3.601000e-05	-2.087496e-02	5.809860e+00
3.602000e-05	-2.389230e-02	5.692639e+00
3.603000e-05	-2.030943e-02	5.609004e+00
3.604000e-05	-1.463366e-02	5.537370e+00
3.605000e-05	-1.523247e-02	5.443564e+00
3.606000e-05	-1.987501e-02	5.368375e+00
3.607000e-05	-1.997647e-02	5.242093e+00
3.608000e-05	-1.375342e-02	5.158378e+00
3.609000e-05	-1.030590e-02	5.032992e+00
3.610000e-05	-1.466279e-02	4.914721e+00
3.611000e-05	-1.925181e-02	4.809951e+00
3.612000e-05	-1.557152e-02	4.715223e+00
3.613000e-05	-1.075524e-02	4.620960e+00
3.614000e-05	-1.097112e-02	4.495794e+00
3.615000e-05	-1.499277e-02	4.431034e+00
3.616000e-05	-1.434566e-02	4.346795e+00
3.617000e-05	-1.112434e-02	4.210984e+00
3.618000e-05	-7.767690e-03	4.063572e+00
3.619000e-05	-9.953861e-03	3.968829e+00
3.620000e-05	-1.388443e-02	3.861689e+00
3.621000e-05	-1.246041e-02	3.748296e+00
3.622000e-05	-8.191570e-03	3.652584e+00
3.623000e-05	-7.839466e-03	3.548976e+00
3.624000e-05	-1.097013e-02	3.501035e+00
3.625000e-05	-1.228651e-02	3.271568e+00
3.626000e-05	-8.345788e-03	3.168922e+00
3.627000e-05	-5.996974e-03	3.032535e+00
3.628000e-05	-7.662358e-03	2.947301e+00
3.629000e-05	-9.681473e-03	2.822036e+00
3.630000e-05	-1.016733e-02	2.696793e+00
3.631000e-05	-6.812212e-03	2.586252e+00
3.632000e-05	-6.253467e-03	2.410456e+00
3.633000e-05	-8.896512e-03	2.304691e+00
3.634000e-05	-9.557657e-03	2.128902e+00
3.635000e-05	-7.491390e-03	2.072561e+00
3.636000e-05	-4.957251e-03	1.938875e+00
3.637000e-05	-5.697351e-03	1.841937e+00
3.638000e-05	-7.777119e-03	1.664119e+00
3.639000e-05	-7.927237e-03	1.566352e+00
3.640000e-05	-5.430738e-03	1.409455e+00
3.641000e-05	-4.894122e-03	1.274614e+00
3.642000e-05	-5.889674e-03	1.095274e+00
3.643000e-05	-7.634594e-03	9.787049e-01
3.644000e-05	-6.729124e-03	8.015337e-01
3.645000e-05	-4.094327e-03	7.252167e-01
3.646000e-05	-4.122023e-03	5.303272e-01
3.647000e-05	-5.197568e-03	4.115365e-01
3.648000e-05	-5.983233e-03	3.353472e-01
3.649000e-05	-4.624416e-03	1.702987e-01
3.650000e-05	-2.990252e-03	2.150507e-02
3.651000e-05	-1.430194e-03	-1.137832e-01
3.652000e-05	-9.366442e-04	-2.110954e-01
3.653000e-05	-2.263611e-03	-3.259332e-01
3.654000e-05	-5.953370e-04	-4.290751e-01
3.655000e-05	-2.960686e-04	-5.880663e-01
3.656000e-05	-1.429215e-03	-7.358884e-01
3.657000e-05	-3.588944e-03	-8.210526e-01
3.658000e-05	5.856032e-03	-9.754622e-01
3.659000e-05	4.218713e-02	-1.032677e+00
3.660000e-05	4.239005e-02	-1.221171e+00
3.661000e-05	-5.085000e-02	-1.546883e+00
3.662000e-05	-6.657547e-02	-1.694328e+00
3.663000e-05	-5.656184e-02	-1.747873e+00
3.664000e-05	1.358471e-01	-1.727216e+00
3.665000e-05	-5.477942e-02	-1.882852e+00
3.666000e-05	-1.031768e-01	-2.062828e+00
3.667000e-05	1.077389e-01	-2.153668e+00
3.668000e-05	-1.609749e-02	-2.270173e+00
3.669000e-05	-8.317433e-02	-2.473278e+00
3.670000e-05	1.166464e-01	-2.549973e+00
3.671000e-05	-2.828237e-03	-2.652653e+00
3.672000e-05	-1.582388e-01	-2.818019e+00
3.673000e-05	1.047876e-01	-2.885657e+00
3.674000e-05	5.941778e-02	-3.041175e+00
3.675000e-05	-8.751493e-02	-3.230077e+00
3.676000e-05	3.639155e-02	-3.282655e+00
3.677000e-05	-2.160996e-02	-3.411122e+00
3.678000e-05	-5.067013e-03	-3.577969e+00
3.679000e-05	9.077673e-02	-3.610524e+00
3.680000e-05	-9.918242e-02	-3.738533e+00
3.681000e-05	-2.732734e-03	-3.966911e+00
3.682000e-05	7.203833e-02	-4.021476e+00
3.683000e-05	-4.218738e-02	-4.126812e+00
3.684000e-05	4.314418e-02	-4.250102e+00
3.685000e-05	-2.157804e-02	-4.324337e+00
3.686000e-05	-5.105749e-02	-4.440051e+00
3.687000e-05	5.903567e-02	-4.483706e+00
3.688000e-05	1.790785e-02	-4.682225e+00
3.689000e-05	-6.222610e-03	-4.744296e+00
3.690000e-05	-2.161593e-02	-4.821496e+00
3.691000e-05	-6.474568e-03	-4.934865e+00
3.692000e-05	5.797673e-02	-5.074703e+00
3.693000e-05	-2.155069e-02	-5.137941e+00
3.694000e-05	-1.653941e-02	-5.212000e+00
3.695000e-05	-1.176541e-03	-5.377966e+00
3.696000e-05	3.390762e-03	-5.546811e+00
3.697000e-05	5.490060e-02	-5.600447e+00
3.698000e-05	-2.428109e-02	-5.661580e+00
3.699000e-05	-1.088318e-02	-5.754965e+00
3.700000e-05	9.915781e-03	-5.832075e+00
3.701000e-05	6.485252e-03	-5.893291e+00
3.702000e-05	3.210182e-02	-5.979000e+00
3.703000e-05	-2.980908e-02	-6.021076e+00
3.704000e-05	-1.153239e-03	-6.103835e+00
3.705000e-05	1.994415e-02	-6.201423e+00
3.706000e-05	1.843151e-02	-6.334210e+00
3.707000e-05	1.152911e-02	-6.378924e+00
3.708000e-05	-2.371144e-02	-6.439503e+00
3.709000e-05	6.089887e-03	-6.473683e+00
3.710000e-05	2.162871e-02	-6.557417e+00
3.711000e-05	1.146488e-02	-6.598000e+00
3.712000e-05	9.592298e-04	-6.672127e+00
3.713000e-05	-1.389797e-02	-6.673756e+00
3.714000e-05	1.858899e-02	-6.756372e+00
3.715000e-05	2.504149e-02	-6.779473e+00
3.716000e-05	4.007532e-03	-6.800449e+00
3.717000e-05	-3.761159e-03	-6.830080e+00
3.718000e-05	-3.526375e-03	-6.923711e+00
3.719000e-05	2.574861e-02	-6.975865e+00
3.720000e-05	1.694844e-02	-7.019001e+00
3.721000e-05	6.943127e-04	-7.074284e+00
3.722000e-05	-1.153161e-03	-7.116766e+00
3.723000e-05	1.069446e-02	-7.125922e+00
3.724000e-05	2.526440e-02	-7.187393e+00
3.725000e-05	8.848626e-03	-7.189974e+00
3.726000e-05	9.071773e-04	-7.209000e+00
3.727000e-05	2.125426e-03	-7.190629e+00
3.728000e-05	2.054191e-02	-7.200527e+00
3.729000e-05	2.266607e-02	-7.231554e+00
3.730000e-05	6.978284e-03	-7.270527e+00
3.731000e-05	2.162327e-03	-7.232656e+00
3.732000e-05	1.232341e-02	-7.242504e+00
3.733000e-05	2.396450e-02	-7.262157e+00
3.734000e-05	1.719445e-02	-7.232106e+00
3.735000e-05	5.274706e-03	-7.261534e+00
3.736000e-05	7.017327e-03	-7.242554e+00
3.737000e-05	2.144597e-02	-7.220582e+00
3.738000e-05	2.310019e-02	-7.211077e+00
3.739000e-05	1.389078e-02	-7.260050e+00
3.740000e-05	6.895253e-03	-7.219953e+00
3.741000e-05	1.455601e-02	-7.189499e+00
3.742000e-05	2.433660e-02	-7.197499e+00
3.743000e-05	2.169296e-02	-7.177375e+00
3.744000e-05	1.126176e-02	-7.157870e+00
3.745000e-05	1.064798e-02	-7.145316e+00
3.746000e-05	2.059488e-02	-7.093216e+00
3.747000e-05	2.520694e-02	-6.991534e+00
3.748000e-05	1.792592e-02	-6.978352e+00
3.749000e-05	1.062453e-02	-6.936737e+00
3.750000e-05	1.607674e-02	-6.871639e+00
3.751000e-05	2.490096e-02	-6.831553e+00
3.752000e-05	2.258099e-02	-6.799500e+00
3.753000e-05	1.446218e-02	-6.787922e+00
3.754000e-05	1.213848e-02	-6.736342e+00
3.755000e-05	1.949736e-02	-6.653607e+00
3.756000e-05	2.418476e-02	-6.609504e+00
3.757000e-05	1.868934e-02	-6.607924e+00
3.758000e-05	1.230425e-02	-6.506242e+00
3.759000e-05	1.306577e-02	-6.441084e+00
3.760000e-05	2.178100e-02	-6.409924e+00
3.761000e-05	2.096519e-02	-6.308397e+00
3.762000e-05	1.289824e-02	-6.260687e+00
3.763000e-05	8.736284e-03	-6.169804e+00
3.764000e-05	1.411536e-02	-6.113714e+00
3.765000e-05	1.970417e-02	-6.010479e+00
3.766000e-05	1.461333e-02	-5.968795e+00
3.767000e-05	7.000531e-03	-5.852610e+00
3.768000e-05	7.627138e-03	-5.779454e+00
3.769000e-05	1.453814e-02	-5.716245e+00
3.770000e-05	1.625949e-02	-5.641004e+00
3.771000e-05	9.073455e-03	-5.557348e+00
3.772000e-05	3.979210e-03	-5.472110e+00
3.773000e-05	8.403704e-03	-5.325195e+00
3.774000e-05	1.297176e-02	-5.231508e+00
3.775000e-05	1.020672e-02	-5.146794e+00
3.776000e-05	3.538640e-03	-5.051980e+00
3.777000e-05	2.708123e-03	-4.903241e+00
3.778000e-05	8.382090e-03	-4.788220e+00
3.779000e-05	9.655529e-03	-4.682583e+00
3.780000e-05	5.448354e-03	-4.576872e+00
3.781000e-05	5.137599e-04	-4.453061e+00
3.782000e-05	3.743571e-03	-4.388451e+00
3.783000e-05	6.285296e-03	-4.336216e+00
3.784000e-05	5.774803e-03	-4.211029e+00
3.785000e-05	6.505720e-04	-4.106188e+00
3.786000e-05	-8.851299e-04	-4.019006e+00
3.787000e-05	3.280361e-03	-3.916192e+00
3.788000e-05	6.003596e-03	-3.758776e+00
3.789000e-05	2.630860e-03	-3.600983e+00
3.790000e-05	-1.191684e-03	-3.505798e+00
3.791000e-05	-9.888702e-04	-3.451485e+00
3.792000e-05	3.974936e-03	-3.274239e+00
3.793000e-05	3.033481e-03	-3.199503e+00
3.794000e-05	-6.714988e-04	-3.065689e+00
3.795000e-05	-2.430703e-03	-2.913701e+00
3.796000e-05	2.293083e-04	-2.789879e+00
3.797000e-05	2.247880e-03	-2.694587e+00
3.798000e-05	8.346564e-04	-2.538849e+00
3.799000e-05	-4.092116e-03	-2.423008e+00
3.800000e-05	-3.606672e-03	-2.316745e+00
3.801000e-05	-3.583907e-04	-2.139877e+00
3.802000e-05	4.685737e-04	-2.031503e+00
3.803000e-05	-7.674081e-04	-1.915767e+00
3.804000e-05	-3.083544e-03	-1.759454e+00
3.805000e-05	-9.814761e-04	-1.682564e+00
3.806000e-05	7.187764e-04	-1.537899e+00
3.807000e-05	-2.138278e-03	-1.350830e+00
3.808000e-05	-4.974061e-03	-1.200001e+00
3.809000e-05	-6.695409e-03	-1.064162e+00
3.810000e-05	-4.177938e-03	-9.373210e-01
3.811000e-05	-1.343499e-03	-8.304776e-01
3.812000e-05	-2.430155e-03	-7.172934e-01
3.813000e-05	-3.756362e-03	-5.076785e-01
3.814000e-05	-2.265082e-03	-3.915051e-01
3.815000e-05	-2.065627e-03	-2.832430e-01
3.816000e-05	-2.995231e-03	-1.688461e-01
3.817000e-05	-4.631915e-03	-3.105645e-02
3.818000e-05	-2.662698e-03	6.420771e-02
3.819000e-05	-1.669486e-03	2.201499e-01
3.820000e-05	2.820188e-04	3.889424e-01
3.821000e-05	-1.794020e-03	4.946780e-01
3.822000e-05	-2.200059e-03	5.884975e-01
3.823000e-05	-3.492464e-03	7.258330e-01
3.824000e-05	1.340798e-03	8.200253e-01
3.825000e-05	1.807267e-02	9.167834e-01
3.826000e-05	4.248229e-02	1.156986e+00
3.827000e-05	-1.294814e-03	1.385862e+00
3.828000e-05	-5.614854e-02	1.526334e+00
3.829000e-05	-8.137905e-02	1.671778e+00
3.830000e-05	1.661277e-03	1.746747e+00
3.831000e-05	1.062786e-01	1.841672e+00
3.832000e-05	-8.484107e-02	1.967948e+00
3.833000e-05	-7.003001e-02	2.051078e+00
3.834000e-05	1.237598e-01	2.139439e+00
3.835000e-05	-5.943860e-02	2.335916e+00
3.836000e-05	-3.171819e-02	2.389978e+00
3.837000e-05	9.349036e-02	2.514829e+00
3.838000e-05	-6.823298e-02	2.714358e+00
3.839000e-05	-9.796290e-02	2.841607e+00
3.840000e-05	1.115954e-01	2.925887e+00
3.841000e-05	5.265946e-03	3.072626e+00
3.842000e-05	-6.113327e-02	3.157490e+00
3.843000e-05	7.042478e-03	3.254232e+00
3.844000e-05	-2.680626e-02	3.441525e+00
3.845000e-05	2.556988e-02	3.555869e+00
3.846000e-05	1.725314e-02	3.641154e+00
3.847000e-05	-5.715112e-02	3.777971e+00
3.848000e-05	-8.373748e-03	3.884209e+00
3.849000e-05	3.129465e-02	3.958521e+00
3.850000e-05	-1.356075e-02	4.053102e+00
3.851000e-05	5.861975e-03	4.179546e+00
3.852000e-05	-4.303195e-02	4.337389e+00
3.853000e-05	-2.521719e-02	4.451678e+00
3.854000e-05	2.852758e-02	4.576888e+00
3.855000e-05	1.633957e-02	4.682101e+00
3.856000e-05	-2.938719e-02	4.737414e+00
3.857000e-05	-3.478210e-02	4.850603e+00
3.858000e-05	2.076318e-02	4.978486e+00
3.859000e-05	7.483497e-03	5.114762e+00
3.860000e-05	-1.423740e-02	5.209552e+00
3.861000e-05	-3.755096e-02	5.325841e+00
3.862000e-05	-1.681228e-02	5.419578e+00
3.863000e-05	1.495915e-02	5.474235e+00
3.864000e-05	1.199695e-02	5.606444e+00
3.865000e-05	-2.570452e-02	5.610105e+00
3.866000e-05	-2.764797e-02	5.715738e+00
3.867000e-05	-4.338532e-04	5.841754e+00
3.868000e-05	9.218048e-03	5.987448e+00
3.869000e-05	-5.513327e-03	5.980500e+00
3.870000e-05	-3.892254e-02	6.062130e+00
3.871000e-05	-1.573846e-02	6.148367e+00
3.872000e-05	3.664512e-03	6.199998e+00
3.873000e-05	6.982418e-03	6.241128e+00
3.874000e-05	-2.046116e-02	6.355817e+00
3.875000e-05	-2.903448e-02	6.389424e+00
3.876000e-05	-5.971944e-03	6.421026e+00
3.877000e-05	3.220798e-03	6.473140e+00
3.878000e-05	-6.436535e-03	6.587443e+00
3.879000e-05	-3.293051e-02	6.650755e+00
3.880000e-05	-2.382154e-02	6.705788e+00
3.881000e-05	-3.265698e-03	6.768424e+00
3.882000e-05	3.458433e-03	6.809975e+00
3.883000e-05	-1.810128e-02	6.820002e+00
3.884000e-05	-2.799385e-02	6.880608e+00
3.885000e-05	-1.349237e-02	6.875210e+00
3.886000e-05	3.196180e-05	6.923346e+00
3.887000e-05	-8.511070e-03	6.956318e+00
3.888000e-05	-3.036252e-02	7.008997e+00
3.889000e-05	-2.628868e-02	7.031005e+00
3.890000e-05	-1.087164e-02	7.002628e+00
3.891000e-05	-2.248459e-03	7.102663e+00
3.892000e-05	-1.725323e-02	7.103742e+00
3.893000e-05	-2.786156e-02	7.145142e+00
3.894000e-05	-1.994504e-02	7.127325e+00
3.895000e-05	-7.817808e-03	7.175823e+00
3.896000e-05	-1.089528e-02	7.177342e+00
3.897000e-05	-2.882661e-02	7.177371e+00
3.898000e-05	-2.942864e-02	7.158421e+00
3.899000e-05	-1.655684e-02	7.178850e+00
3.900000e-05	-7.179525e-03	7.179496e+00
3.901000e-05	-1.901712e-02	7.176898e+00
3.902000e-05	-2.936041e-02	7.156871e+00
3.903000e-05	-2.527876e-02	7.166871e+00
3.904000e-05	-1.463017e-02	7.146344e+00
3.905000e-05	-1.451565e-02	7.095318e+00
3.906000e-05	-2.815933e-02	7.075717e+00
3.907000e-05	-3.010756e-02	7.165244e+00
3.908000e-05	-2.263403e-02	7.081638e+00
3.909000e-05	-1.403485e-02	7.044012e+00
3.910000e-05	-2.236745e-02	7.060509e+00
3.911000e-05	-3.202850e-02	6.999503e+00
3.912000e-05	-3.047470e-02	6.987428e+00
3.913000e-05	-1.931655e-02	6.936324e+00
3.914000e-05	-1.671841e-02	6.925191e+00
3.915000e-05	-2.704356e-02	6.843614e+00
3.916000e-05	-3.179543e-02	6.841083e+00
3.917000e-05	-2.682259e-02	6.810025e+00
3.918000e-05	-1.883372e-02	6.799400e+00
3.919000e-05	-2.360408e-02	6.726418e+00
3.920000e-05	-3.111089e-02	6.634263e+00
3.921000e-05	-3.049311e-02	6.589005e+00
3.922000e-05	-2.115577e-02	6.565149e+00
3.923000e-05	-1.758449e-02	6.481558e+00
3.924000e-05	-2.484283e-02	6.390028e+00
3.925000e-05	-2.908833e-02	6.377349e+00
3.926000e-05	-2.667681e-02	6.324747e+00
3.927000e-05	-1.791372e-02	6.242535e+00
3.928000e-05	-2.064890e-02	6.179351e+00
3.929000e-05	-2.535356e-02	6.124217e+00
3.930000e-05	-2.670120e-02	6.053092e+00
3.931000e-05	-1.883567e-02	5.999976e+00
3.932000e-05	-1.470682e-02	5.934345e+00
3.933000e-05	-1.928022e-02	5.850431e+00
3.934000e-05	-2.380200e-02	5.714172e+00
3.935000e-05	-2.157686e-02	5.621504e+00
3.936000e-05	-1.498849e-02	5.568321e+00
3.937000e-05	-1.533225e-02	5.473614e+00
3.938000e-05	-1.833547e-02	5.378481e+00
3.939000e-05	-2.050887e-02	5.306718e+00
3.940000e-05	-1.520512e-02	5.228008e+00
3.941000e-05	-1.073901e-02	5.103117e+00
3.942000e-05	-1.283501e-02	4.966301e+00
3.943000e-05	-1.740119e-02	4.810985e+00
3.944000e-05	-1.794124e-02	4.738270e+00
3.945000e-05	-1.161000e-02	4.631531e+00
3.946000e-05	-9.198102e-03	4.546822e+00
3.947000e-05	-1.297540e-02	4.462085e+00
3.948000e-05	-1.605384e-02	4.397951e+00
3.949000e-05	-1.309264e-02	4.292137e+00
3.950000e-05	-9.099658e-03	4.115691e+00
3.951000e-05	-8.454650e-03	4.008954e+00
3.952000e-05	-1.278810e-02	3.905267e+00
3.953000e-05	-1.364820e-02	3.790452e+00
3.954000e-05	-9.279009e-03	3.674618e+00
3.955000e-05	-6.760824e-03	3.558904e+00
3.956000e-05	-9.780370e-03	3.524689e+00
3.957000e-05	-1.234077e-02	3.265097e+00
3.958000e-05	-1.046152e-02	3.170929e+00
3.959000e-05	-6.701140e-03	3.085189e+00
3.960000e-05	-6.326744e-03	2.956802e+00
3.961000e-05	-9.477450e-03	2.893059e+00
3.962000e-05	-1.117573e-02	2.747800e+00
3.963000e-05	-7.531585e-03	2.578456e+00
3.964000e-05	-5.600513e-03	2.422613e+00
3.965000e-05	-7.442630e-03	2.354697e+00
3.966000e-05	-1.022287e-02	2.201432e+00
3.967000e-05	-8.431882e-03	2.064113e+00
3.968000e-05	-5.397045e-03	1.978931e+00
3.969000e-05	-4.964133e-03	1.842589e+00
3.970000e-05	-7.010058e-03	1.745722e+00
3.971000e-05	-8.227192e-03	1.580475e+00
3.972000e-05	-5.704114e-03	1.442035e+00
3.973000e-05	-4.495555e-03	1.336272e+00
3.974000e-05	-6.067596e-03	1.178380e+00
3.975000e-05	-7.691396e-03	9.803614e-01
3.976000e-05	-7.001071e-03	8.330124e-01
3.977000e-05	-4.208376e-03	7.357694e-01
3.978000e-05	-3.554095e-03	5.794063e-01
3.979000e-05	-5.205260e-03	4.731354e-01
3.980000e-05	-6.623631e-03	3.588736e-01
3.981000e-05	-5.081503e-03	1.898862e-01
3.982000e-05	-2.512843e-03	2.258751e-02
3.983000e-05	-1.048259e-03	-4.320152e-02
3.984000e-05	-2.081633e-03	-1.995153e-01
3.985000e-05	-1.068097e-03	-3.147832e-01
3.986000e-05	-1.364215e-03	-4.110239e-01
3.987000e-05	-3.330583e-04	-5.353859e-01
3.988000e-05	-2.513706e-03	-7.142533e-01
3.989000e-05	-2.934388e-03	-8.095238e-01
3.990000e-05	1.906675e-03	-9.248059e-01
3.991000e-05	3.342326e-02	-1.050574e+00
3.992000e-05	5.376532e-02	-1.188540e+00
3.993000e-05	-3.387794e-02	-1.462247e+00
3.994000e-05	-6.348078e-02	-1.652776e+00
3.995000e-05	-8.315851e-02	-1.735944e+00
3.996000e-05	1.136973e-01	-1.715242e+00
3.997000e-05	-1.801037e-03	-1.820621e+00
3.998000e-05	-1.000817e-01	-2.042247e+00
3.999000e-05	4.813264e-02	-2.174714e+00
4.000000e-05	5.606813e-02	-2.128390e+00
4.001000e-05	-1.113532e-01	-2.428241e+00
4.002000e-05	6.864742e-02	-2.566943e+00
4.003000e-05	7.453133e-02	-2.621646e+00
4.004000e-05	-1.624542e-01	-2.756961e+00
4.005000e-05	3.258580e-02	-2.843108e+00
4.006000e-05	1.184303e-01	-3.047517e+00
4.007000e-05	-8.591062e-02	-3.208569e+00
4.008000e-05	1.041851e-02	-3.263631e+00
4.009000e-05	9.640884e-03	-3.378964e+00
4.010000e-05	-4.288820e-02	-3.535890e+00
4.011000e-05	9.942023e-02	-3.579975e+00
4.012000e-05	-5.944041e-02	-3.736306e+00
4.013000e-05	-5.223925e-02	-3.953911e+00
4.014000e-05	8.182447e-02	-4.009999e+00
4.015000e-05	-2.102210e-02	-4.085309e+00
4.016000e-05	1.133873e-02	-4.240074e+00
4.017000e-05	2.049636e-02	-4.324310e+00
4.018000e-05	-7.186974e-02	-4.389449e+00
4.019000e-05	4.166294e-02	-4.442254e+00
4.020000e-05	3.568399e-02	-4.609619e+00
4.021000e-05	-1.182190e-02	-4.726336e+00
4.022000e-05	-7.363270e-03	-4.787421e+00
4.023000e-05	-2.678321e-02	-4.905782e+00
4.024000e-05	5.732153e-02	-5.020028e+00
4.025000e-05	-1.621919e-03	-5.115835e+00
4.026000e-05	-2.620706e-02	-5.200051e+00
4.027000e-05	3.148818e-03	-5.315310e+00
4.028000e-05	-9.105505e-03	-5.494807e+00
4.029000e-05	5.370261e-02	-5.589421e+00
4.030000e-05	-5.449206e-03	-5.620575e+00
4.031000e-05	-2.302418e-02	-5.744368e+00
4.032000e-05	1.175080e-02	-5.799073e+00
4.033000e-05	2.211235e-03	-5.883210e+00
4.034000e-05	3.085215e-02	-5.958397e+00
4.035000e-05	-1.255299e-02	-6.000501e+00
4.036000e-05	-1.767202e-02	-6.053704e+00
4.037000e-05	2.339160e-02	-6.158320e+00
4.038000e-05	1.675368e-02	-6.301785e+00
4.039000e-05	1.687705e-02	-6.376919e+00
4.040000e-05	-1.524260e-02	-6.410050e+00
4.041000e-05	-6.003155e-03	-6.441134e+00
4.042000e-05	2.458712e-02	-6.535311e+00
4.043000e-05	8.601496e-03	-6.608474e+00
4.044000e-05	7.334948e-03	-6.621110e+00
4.045000e-05	-1.546087e-02	-6.671737e+00
4.046000e-05	1.033767e-02	-6.756341e+00
4.047000e-05	2.997351e-02	-6.788474e+00
4.048000e-05	8.939550e-03	-6.810499e+00
4.049000e-05	-2.171584e-04	-6.830554e+00
4.050000e-05	-7.983839e-03	-6.855687e+00
4.051000e-05	2.186123e-02	-6.905812e+00
4.052000e-05	1.861429e-02	-7.019028e+00
4.053000e-05	2.142818e-03	-7.101704e+00
4.054000e-05	-2.164174e-03	-7.126339e+00
4.055000e-05	6.741808e-03	-7.147292e+00
4.056000e-05	2.592471e-02	-7.147920e+00
4.057000e-05	1.547528e-02	-7.189446e+00
4.058000e-05	2.856635e-03	-7.189476e+00
4.059000e-05	1.308411e-03	-7.210524e+00
4.060000e-05	1.537667e-02	-7.210500e+00
4.061000e-05	2.300941e-02	-7.220577e+00
4.062000e-05	8.976968e-03	-7.211552e+00
4.063000e-05	1.480182e-04	-7.222581e+00
4.064000e-05	1.005174e-02	-7.261557e+00
4.065000e-05	2.257332e-02	-7.242059e+00
4.066000e-05	2.128379e-02	-7.252082e+00
4.067000e-05	7.776360e-03	-7.252082e+00
4.068000e-05	5.589126e-03	-7.241057e+00
4.069000e-05	1.828850e-02	-7.250554e+00
4.070000e-05	2.249570e-02	-7.240553e+00
4.071000e-05	1.502969e-02	-7.220030e+00
4.072000e-05	6.491351e-03	-7.221004e+00
4.073000e-05	1.183626e-02	-7.189953e+00
4.074000e-05	2.321884e-02	-7.189974e+00
4.075000e-05	2.345242e-02	-7.198950e+00
4.076000e-05	1.383850e-02	-7.165800e+00
4.077000e-05	8.722073e-03	-7.147266e+00
4.078000e-05	1.969054e-02	-7.113690e+00
4.079000e-05	2.538515e-02	-7.053033e+00
4.080000e-05	1.998318e-02	-6.947024e+00
4.081000e-05	9.809385e-03	-6.956221e+00
4.082000e-05	1.452844e-02	-6.862064e+00
4.083000e-05	2.349273e-02	-6.810528e+00
4.084000e-05	2.359466e-02	-6.830451e+00
4.085000e-05	1.518759e-02	-6.798425e+00
4.086000e-05	1.065802e-02	-6.726245e+00
4.087000e-05	1.906906e-02	-6.703764e+00
4.088000e-05	2.428289e-02	-6.622082e+00
4.089000e-05	2.001143e-02	-6.578427e+00
4.090000e-05	1.037567e-02	-6.524168e+00
4.091000e-05	1.307811e-02	-6.452162e+00
4.092000e-05	1.982317e-02	-6.420505e+00
4.093000e-05	2.096793e-02	-6.357395e+00
4.094000e-05	1.310882e-02	-6.295241e+00
4.095000e-05	8.246825e-03	-6.189378e+00
4.096000e-05	1.528619e-02	-6.094717e+00
4.097000e-05	1.987551e-02	-6.020529e+00
4.098000e-05	1.599438e-02	-5.949949e+00
4.099000e-05	8.341225e-03	-5.892693e+00
4.100000e-05	8.378618e-03	-5.821031e+00
4.101000e-05	1.359031e-02	-5.725267e+00
4.102000e-05	1.494294e-02	-5.670562e+00
4.103000e-05	9.538299e-03	-5.609900e+00
4.104000e-05	4.430645e-03	-5.504292e+00
4.105000e-05	8.570376e-03	-5.357778e+00
4.106000e-05	1.308927e-02	-5.261008e+00
4.107000e-05	1.085805e-02	-5.138925e+00
4.108000e-05	3.906869e-03	-5.052035e+00
4.109000e-05	3.781168e-03	-4.957327e+00
4.110000e-05	7.319463e-03	-4.799856e+00
4.111000e-05	9.787286e-03	-4.701661e+00
4.112000e-05	5.312820e-03	-4.580976e+00
4.113000e-05	1.741357e-03	-4.494664e+00
4.114000e-05	3.671244e-03	-4.409480e+00
4.115000e-05	7.492669e-03	-4.347822e+00
4.116000e-05	6.539973e-03	-4.233080e+00
4.117000e-05	1.971121e-03	-4.134246e+00
4.118000e-05	-8.707769e-04	-4.011560e+00
4.119000e-05	2.751620e-03	-3.967821e+00
4.120000e-05	5.401976e-03	-3.798459e+00
4.121000e-05	2.831990e-03	-3.633059e+00
4.122000e-05	-3.898940e-04	-3.556871e+00
4.123000e-05	-5.855767e-04	-3.443058e+00
4.124000e-05	4.202723e-03	-3.305717e+00
4.125000e-05	3.363968e-03	-3.221006e+00
4.126000e-05	-5.740862e-04	-3.094819e+00
4.127000e-05	-2.277317e-03	-2.947876e+00
4.128000e-05	2.950153e-04	-2.791004e+00
4.129000e-05	2.773273e-03	-2.704695e+00
4.130000e-05	1.065206e-03	-2.598406e+00
4.131000e-05	-3.666722e-03	-2.453662e+00
4.132000e-05	-3.715474e-03	-2.368898e+00
4.133000e-05	-1.132900e-03	-2.219335e+00
4.134000e-05	1.572934e-03	-2.053036e+00
4.135000e-05	-1.339086e-03	-1.927773e+00
4.136000e-05	-2.729221e-03	-1.799509e+00
4.137000e-05	-1.208464e-03	-1.694267e+00
4.138000e-05	1.099449e-03	-1.578404e+00
4.139000e-05	-2.994398e-03	-1.469437e+00
4.140000e-05	-5.719281e-03	-1.273565e+00
4.141000e-05	-4.904711e-03	-1.155746e+00
4.142000e-05	-1.825029e-03	-9.479000e-01
4.143000e-05	-1.487943e-03	-8.315828e-01
4.144000e-05	-3.266907e-03	-7.577699e-01
4.145000e-05	-3.834914e-03	-5.789276e-01
4.146000e-05	-2.324887e-03	-4.210051e-01
4.147000e-05	-1.850782e-03	-3.577696e-01
4.148000e-05	-3.941632e-03	-1.788749e-01
4.149000e-05	-5.182349e-03	-6.418677e-02
4.150000e-05	-3.006956e-03	8.162264e-02
4.151000e-05	-4.704375e-04	1.901184e-01
4.152000e-05	3.116369e-04	3.378909e-01
4.153000e-05	-2.144839e-03	4.611014e-01
4.154000e-05	-3.962514e-03	5.689673e-01
4.155000e-05	-3.148349e-03	6.846056e-01
4.156000e-05	7.264695e-05	7.995187e-01
4.157000e-05	1.279000e-02	9.137592e-01
4.158000e-05	3.863717e-02	1.124859e+00
4.159000e-05	1.757448e-02	1.323286e+00
4.160000e-05	-5.019054e-02	1.484880e+00
4.161000e-05	-7.445703e-02	1.663125e+00
4.162000e-05	-3.984000e-02	1.776913e+00
4.163000e-05	1.118485e-01	1.811999e+00
4.164000e-05	-4.227131e-02	1.967416e+00
4.165000e-05	-9.594421e-02	2.051076e+00
4.166000e-05	8.858465e-02	2.126336e+00
4.167000e-05	-1.167163e-03	2.306286e+00
4.168000e-05	-6.716722e-02	2.388496e+00
4.169000e-05	7.290831e-02	2.442179e+00
4.170000e-05	-1.444074e-03	2.670843e+00
4.171000e-05	-1.383045e-01	2.779527e+00
4.172000e-05	7.950181e-02	2.903257e+00
4.173000e-05	5.291737e-02	3.040024e+00
4.174000e-05	-6.708435e-02	3.135861e+00
4.175000e-05	-5.839332e-03	3.231102e+00
4.176000e-05	-1.373861e-02	3.431049e+00
4.177000e-05	1.030915e-03	3.546843e+00
4.178000e-05	3.867013e-02	3.621075e+00
4.179000e-05	-5.080885e-02	3.767366e+00
4.180000e-05	-2.863095e-02	3.872175e+00
4.181000e-05	3.498105e-02	3.968416e+00
4.182000e-05	-9.243646e-03	4.022028e+00
4.183000e-05	7.313225e-03	4.156259e+00
4.184000e-05	-3.495067e-02	4.335789e+00
4.185000e-05	-3.263691e-02	4.431652e+00
4.186000e-05	1.405643e-02	4.545360e+00
4.187000e-05	3.267039e-02	4.601126e+00
4.188000e-05	-2.475163e-02	4.756391e+00
4.189000e-05	-3.856663e-02	4.799025e+00
4.190000e-05	4.938209e-03	4.926790e+00
4.191000e-05	1.601793e-02	5.124210e+00
4.192000e-05	-7.774406e-03	5.217495e+00
4.193000e-05	-3.545047e-02	5.325810e+00
4.194000e-05	-2.138347e-02	5.379494e+00
4.195000e-05	4.100006e-03	5.482179e+00
4.196000e-05	2.321448e-02	5.558368e+00
4.197000e-05	-2.187286e-02	5.600522e+00
4.198000e-05	-2.856374e-02	5.692279e+00
4.199000e-05	-1.240064e-02	5.859052e+00
4.200000e-05	1.006041e-02	5.966967e+00
4.201000e-05	1.702776e-03	6.009372e+00
4.202000e-05	-3.338421e-02	6.042053e+00
4.203000e-05	-2.250084e-02	6.135815e+00
4.204000e-05	-1.401834e-03	6.207974e+00
4.205000e-05	1.151259e-02	6.292083e+00
4.206000e-05	-1.565815e-02	6.314787e+00
4.207000e-05	-2.993725e-02	6.367371e+00
4.208000e-05	-1.596366e-02	6.420525e+00
4.209000e-05	4.244203e-03	6.474136e+00
4.210000e-05	-1.217110e-03	6.555292e+00
4.211000e-05	-2.616939e-02	6.621475e+00
4.212000e-05	-2.797574e-02	6.732311e+00
4.213000e-05	-8.968695e-03	6.766319e+00
4.214000e-05	6.293757e-03	6.789975e+00
4.215000e-05	-1.520185e-02	6.799999e+00
4.216000e-05	-2.803963e-02	6.831655e+00
4.217000e-05	-2.054477e-02	6.882183e+00
4.218000e-05	-7.706397e-04	6.905268e+00
4.219000e-05	-4.654766e-03	6.946844e+00
4.220000e-05	-2.542115e-02	6.997447e+00
4.221000e-05	-2.787499e-02	6.999475e+00
4.222000e-05	-1.438300e-02	7.030079e+00
4.223000e-05	-2.297436e-03	7.061087e+00
4.224000e-05	-1.598520e-02	7.053686e+00
4.225000e-05	-2.760959e-02	7.103762e+00
4.226000e-05	-2.494962e-02	7.137220e+00
4.227000e-05	-8.398644e-03	7.146319e+00
4.228000e-05	-7.935606e-03	7.148370e+00
4.229000e-05	-2.376445e-02	7.137846e+00
4.230000e-05	-2.993020e-02	7.198424e+00
4.231000e-05	-2.056549e-02	7.188922e+00
4.232000e-05	-9.053892e-03	7.177892e+00
4.233000e-05	-1.743861e-02	7.186921e+00
4.234000e-05	-2.802365e-02	7.188398e+00
4.235000e-05	-2.717912e-02	7.148470e+00
4.236000e-05	-1.459530e-02	7.176869e+00
4.237000e-05	-1.313559e-02	7.146371e+00
4.238000e-05	-2.489826e-02	7.146815e+00
4.239000e-05	-3.182949e-02	7.115214e+00
4.240000e-05	-2.516738e-02	7.072686e+00
4.241000e-05	-1.416897e-02	7.064064e+00
4.242000e-05	-1.957541e-02	7.031058e+00
4.243000e-05	-2.926353e-02	7.030031e+00
4.244000e-05	-3.230287e-02	6.997925e+00
4.245000e-05	-2.080635e-02	6.948322e+00
4.246000e-05	-1.772771e-02	6.904191e+00
4.247000e-05	-2.461598e-02	6.852661e+00
4.248000e-05	-3.226479e-02	6.841084e+00
4.249000e-05	-2.734873e-02	6.829505e+00
4.250000e-05	-1.840468e-02	6.768999e+00
4.251000e-05	-2.074921e-02	6.756745e+00
4.252000e-05	-2.939297e-02	6.685816e+00
4.253000e-05	-3.155432e-02	6.642009e+00
4.254000e-05	-2.234589e-02	6.566197e+00
4.255000e-05	-1.817416e-02	6.461658e+00
4.256000e-05	-2.327212e-02	6.429975e+00
4.257000e-05	-3.015673e-02	6.398976e+00
4.258000e-05	-2.779758e-02	6.346242e+00
4.259000e-05	-1.728857e-02	6.241588e+00
4.260000e-05	-1.892469e-02	6.199477e+00
4.261000e-05	-2.389547e-02	6.095823e+00
4.262000e-05	-2.872724e-02	6.072234e+00
4.263000e-05	-1.909166e-02	6.010529e+00
4.264000e-05	-1.542492e-02	5.945822e+00
4.265000e-05	-1.742833e-02	5.832139e+00
4.266000e-05	-2.423705e-02	5.764747e+00
4.267000e-05	-2.189021e-02	5.652607e+00
4.268000e-05	-1.553971e-02	5.588875e+00
4.269000e-05	-1.349675e-02	5.544690e+00
4.270000e-05	-1.864014e-02	5.430003e+00
4.271000e-05	-2.142612e-02	5.344773e+00
4.272000e-05	-1.636218e-02	5.230034e+00
4.273000e-05	-1.040498e-02	5.087247e+00
4.274000e-05	-1.222559e-02	4.996900e+00
4.275000e-05	-1.854919e-02	4.853164e+00
4.276000e-05	-1.779186e-02	4.747396e+00
4.277000e-05	-1.284583e-02	4.672663e+00
4.278000e-05	-9.517658e-03	4.567426e+00
4.279000e-05	-1.269109e-02	4.463067e+00
4.280000e-05	-1.611489e-02	4.377901e+00
4.281000e-05	-1.235444e-02	4.306217e+00
4.282000e-05	-9.165246e-03	4.137247e+00
4.283000e-05	-8.042176e-03	4.030506e+00
4.284000e-05	-1.342087e-02	3.935771e+00
4.285000e-05	-1.318472e-02	3.819452e+00
4.286000e-05	-1.031474e-02	3.716192e+00
4.287000e-05	-7.587164e-03	3.580480e+00
4.288000e-05	-1.090804e-02	3.484117e+00
4.289000e-05	-1.266676e-02	3.336826e+00
4.290000e-05	-1.023463e-02	3.219481e+00
4.291000e-05	-6.038336e-03	3.116244e+00
4.292000e-05	-7.933538e-03	3.010430e+00
4.293000e-05	-1.041390e-02	2.894640e+00
4.294000e-05	-8.825001e-03	2.778874e+00
4.295000e-05	-6.345342e-03	2.674713e+00
4.296000e-05	-5.790489e-03	2.492643e+00
4.297000e-05	-8.401994e-03	2.367401e+00
4.298000e-05	-9.880867e-03	2.250033e+00
4.299000e-05	-7.013527e-03	2.096742e+00
4.300000e-05	-6.105896e-03	2.001059e+00
4.301000e-05	-6.357090e-03	1.915695e+00
4.302000e-05	-7.808208e-03	1.747295e+00
4.303000e-05	-5.503556e-03	1.622490e+00
4.304000e-05	-5.076850e-03	1.484188e+00
4.305000e-05	-5.147863e-03	1.365723e+00
4.306000e-05	-7.590870e-03	1.201008e+00
4.307000e-05	-6.819348e-03	1.023561e+00
4.308000e-05	-5.601018e-03	8.525877e-01
4.309000e-05	-4.250838e-03	7.588235e-01
4.310000e-05	-4.583407e-03	6.010879e-01
4.311000e-05	-5.631696e-03	5.047180e-01
4.312000e-05	-5.193605e-03	3.694499e-01
4.313000e-05	-3.184120e-03	2.310379e-01
4.314000e-05	-4.254043e-03	7.306670e-02
4.315000e-05	-3.221411e-03	-4.150039e-02
4.316000e-05	-1.858212e-03	-1.589896e-01
4.317000e-05	6.371176e-04	-2.647044e-01
4.318000e-05	-3.454068e-04	-3.794949e-01
4.319000e-05	-1.267670e-04	-4.937781e-01
4.320000e-05	-3.650345e-03	-6.707531e-01
4.321000e-05	-1.548781e-03	-7.984973e-01
4.322000e-05	-1.688949e-04	-8.847568e-01
4.323000e-05	2.318874e-02	-9.800226e-01
4.324000e-05	5.311885e-02	-1.136361e+00
4.325000e-05	-7.324122e-03	-1.368087e+00
4.326000e-05	-5.960914e-02	-1.641172e+00
4.327000e-05	-7.892308e-02	-1.736416e+00
4.328000e-05	5.351139e-02	-1.754271e+00
4.329000e-05	5.780244e-02	-1.749467e+00
4.330000e-05	-9.840955e-02	-2.020516e+00
4.331000e-05	-1.737391e-02	-2.125341e+00
4.332000e-05	1.157062e-01	-2.136786e+00
4.333000e-05	-1.116481e-01	-2.326486e+00
4.334000e-05	1.434314e-02	-2.567392e+00
4.335000e-05	1.200964e-01	-2.631076e+00
4.336000e-05	-1.379447e-01	-2.737407e+00
4.337000e-05	-4.379425e-02	-2.841025e+00
4.338000e-05	1.514018e-01	-2.936419e+00
4.339000e-05	-5.665332e-02	-3.186987e+00
4.340000e-05	-2.975646e-02	-3.272129e+00
4.341000e-05	3.585117e-02	-3.327314e+00
4.342000e-05	-5.519368e-02	-3.514810e+00
4.343000e-05	8.095967e-02	-3.600000e+00
4.344000e-05	-2.684398e-03	-3.643204e+00
4.345000e-05	-8.877346e-02	-3.863822e+00
4.346000e-05	6.988769e-02	-3.978972e+00
4.347000e-05	9.969847e-03	-4.082678e+00
4.348000e-05	-2.395094e-02	-4.189444e+00
4.349000e-05	4.702643e-02	-4.293181e+00
4.350000e-05	-7.423605e-02	-4.378971e+00
4.351000e-05	1.565531e-02	-4.442627e+00
4.352000e-05	5.434189e-02	-4.565970e+00
4.353000e-05	-8.966366e-03	-4.694836e+00
4.354000e-05	3.432438e-04	-4.747874e+00
4.355000e-05	-3.694577e-02	-4.864749e+00
4.356000e-05	3.974170e-02	-4.977450e+00
4.357000e-05	2.067954e-02	-5.113737e+00
4.358000e-05	-3.302697e-02	-5.179070e+00
4.359000e-05	3.599553e-03	-5.254236e+00
4.360000e-05	-1.040362e-02	-5.470677e+00
4.361000e-05	4.183557e-02	-5.567395e+00
4.362000e-05	2.112617e-02	-5.600550e+00
4.363000e-05	-3.269285e-02	-5.663310e+00
4.364000e-05	5.150518e-03	-5.807974e+00
4.365000e-05	3.215299e-04	-5.851103e+00
4.366000e-05	2.353217e-02	-5.976892e+00
4.367000e-05	7.611919e-03	-5.999499e+00
4.368000e-05	-2.993109e-02	-6.063106e+00
4.369000e-05	2.204578e-02	-6.094916e+00
4.370000e-05	1.631219e-02	-6.262177e+00
4.371000e-05	2.009645e-02	-6.367395e+00
4.372000e-05	-7.128433e-03	-6.390526e+00
4.373000e-05	-1.832441e-02	-6.451554e+00
4.374000e-05	2.362607e-02	-6.525283e+00
4.375000e-05	1.209798e-02	-6.608445e+00
4.376000e-05	1.329409e-02	-6.611527e+00
4.377000e-05	-1.199832e-02	-6.661707e+00
4.378000e-05	2.601774e-04	-6.756861e+00
4.379000e-05	2.773447e-02	-6.767848e+00
4.380000e-05	1.268221e-02	-6.789524e+00
4.381000e-05	2.022790e-03	-6.831550e+00
4.382000e-05	-8.864082e-03	-6.832678e+00
4.383000e-05	1.443772e-02	-6.944766e+00
4.384000e-05	2.444601e-02	-6.989526e+00
4.385000e-05	7.307232e-03	-7.088581e+00
4.386000e-05	-2.476521e-03	-7.114766e+00
4.387000e-05	2.248268e-03	-7.115795e+00
4.388000e-05	2.024667e-02	-7.167317e+00
4.389000e-05	1.977961e-02	-7.177949e+00
4.390000e-05	5.263822e-03	-7.210000e+00
4.391000e-05	1.821571e-03	-7.200004e+00
4.392000e-05	1.144631e-02	-7.210951e+00
4.393000e-05	2.346386e-02	-7.220027e+00
4.394000e-05	1.487147e-02	-7.210531e+00
4.395000e-05	-2.312530e-04	-7.230632e+00
4.396000e-05	5.605784e-03	-7.251557e+00
4.397000e-05	1.811981e-02	-7.232657e+00
4.398000e-05	2.281833e-02	-7.241081e+00
4.399000e-05	1.129546e-02	-7.291558e+00
4.400000e-05	4.092166e-03	-7.251582e+00
4.401000e-05	1.434430e-02	-7.252111e+00
4.402000e-05	2.228990e-02	-7.240053e+00
4.403000e-05	1.936007e-02	-7.240559e+00
4.404000e-05	7.582965e-03	-7.220025e+00
4.405000e-05	9.109860e-03	-7.210503e+00
4.406000e-05	1.988893e-02	-7.188428e+00
4.407000e-05	2.532873e-02	-7.188999e+00
4.408000e-05	1.686973e-02	-7.177824e+00
4.409000e-05	8.457108e-03	-7.117244e+00
4.410000e-05	1.486515e-02	-7.155770e+00
4.411000e-05	2.300725e-02	-7.052637e+00
4.412000e-05	2.262081e-02	-7.019479e+00
4.413000e-05	1.264208e-02	-6.918320e+00
4.414000e-05	1.278785e-02	-6.842616e+00
4.415000e-05	1.977945e-02	-6.861562e+00
4.416000e-05	2.539219e-02	-6.799504e+00
4.417000e-05	1.816408e-02	-6.779396e+00
4.418000e-05	1.191154e-02	-6.727247e+00
4.419000e-05	1.461554e-02	-6.685317e+00
4.420000e-05	2.182312e-02	-6.641083e+00
4.421000e-05	2.162650e-02	-6.599854e+00
4.422000e-05	1.492384e-02	-6.505867e+00
4.423000e-05	1.135868e-02	-6.462588e+00
4.424000e-05	1.649072e-02	-6.451082e+00
4.425000e-05	2.218659e-02	-6.367951e+00
4.426000e-05	1.697819e-02	-6.327171e+00
4.427000e-05	1.042541e-02	-6.222979e+00
4.428000e-05	1.050957e-02	-6.116140e+00
4.429000e-05	1.708269e-02	-6.041558e+00
4.430000e-05	1.727805e-02	-5.988952e+00
4.431000e-05	1.198188e-02	-5.875720e+00
4.432000e-05	7.752286e-03	-5.842084e+00
4.433000e-05	1.123527e-02	-5.776802e+00
4.434000e-05	1.502047e-02	-5.652714e+00
4.435000e-05	1.192767e-02	-5.610000e+00
4.436000e-05	6.008564e-03	-5.516773e+00
4.437000e-05	5.833827e-03	-5.350433e+00
4.438000e-05	1.077070e-02	-5.292064e+00
4.439000e-05	1.192407e-02	-5.139374e+00
4.440000e-05	7.459444e-03	-5.092618e+00
4.441000e-05	3.852498e-03	-4.968351e+00
4.442000e-05	5.976147e-03	-4.820937e+00
4.443000e-05	8.528160e-03	-4.684252e+00
4.444000e-05	7.781219e-03	-4.609454e+00
4.445000e-05	3.346178e-03	-4.544244e+00
4.446000e-05	1.971841e-03	-4.431005e+00
4.447000e-05	4.739650e-03	-4.356350e+00
4.448000e-05	7.487990e-03	-4.262590e+00
4.449000e-05	4.032718e-03	-4.158399e+00
4.450000e-05	9.315748e-04	-4.053009e+00
4.451000e-05	1.684626e-03	-3.979398e+00
4.452000e-05	4.727469e-03	-3.812062e+00
4.453000e-05	4.193711e-03	-3.683109e+00
4.454000e-05	5.096178e-04	-3.589397e+00
4.455000e-05	-1.320176e-03	-3.434087e+00
4.456000e-05	1.471821e-03	-3.336375e+00
4.457000e-05	3.268742e-03	-3.242534e+00
4.458000e-05	1.575728e-03	-3.155695e+00
4.459000e-05	-2.055738e-03	-2.957834e+00
4.460000e-05	-1.329550e-03	-2.843535e+00
4.461000e-05	1.985121e-03	-2.706268e+00
4.462000e-05	1.307179e-03	-2.601001e+00
4.463000e-05	-1.905517e-03	-2.503693e+00
4.464000e-05	-4.505045e-03	-2.397951e+00
4.465000e-05	-1.797250e-03	-2.232113e+00
4.466000e-05	3.859505e-04	-2.063615e+00
4.467000e-05	-3.928070e-04	-1.989399e+00
4.468000e-05	-3.244468e-03	-1.813064e+00
4.469000e-05	-2.769305e-03	-1.715268e+00
4.470000e-05	1.465661e-04	-1.569983e+00
4.471000e-05	-6.780864e-04	-1.513689e+00
4.472000e-05	-4.064471e-03	-1.283639e+00
4.473000e-05	-6.001125e-03	-1.166869e+00
4.474000e-05	-4.628571e-03	-1.010981e+00
4.475000e-05	-3.072010e-03	-8.736382e-01
4.476000e-05	-1.822989e-03	-7.789010e-01
4.477000e-05	-3.859376e-03	-6.915651e-01
4.478000e-05	-4.566316e-03	-4.535614e-01
4.479000e-05	-3.737640e-03	-3.177949e-01
4.480000e-05	-2.724497e-03	-2.009553e-01
4.481000e-05	-3.328191e-03	-9.513940e-02
4.482000e-05	-2.919168e-03	2.057625e-02
4.483000e-05	-1.372347e-03	1.478594e-01
4.484000e-05	-1.277889e-03	3.263645e-01
4.485000e-05	5.315891e-05	4.405750e-01
4.486000e-05	-4.548030e-03	5.333347e-01
4.487000e-05	-3.432763e-03	6.421777e-01
4.488000e-05	-3.156159e-03	7.884886e-01
4.489000e-05	7.827306e-03	8.821553e-01
4.490000e-05	3.247754e-02	1.042648e+00
4.491000e-05	3.278715e-02	1.240700e+00
4.492000e-05	-3.862842e-02	1.432097e+00
4.493000e-05	-6.770407e-02	1.640671e+00
4.494000e-05	-6.630512e-02	1.726793e+00
4.495000e-05	8.775349e-02	1.789550e+00
4.496000e-05	1.457518e-02	1.914411e+00
4.497000e-05	-1.022687e-01	2.011050e+00
4.498000e-05	3.409652e-02	2.074206e+00
4.499000e-05	6.657856e-02	2.303254e+00
4.500000e-05	-9.291694e-02	2.378450e+00
4.501000e-05	4.242580e-02	2.430603e+00
4.502000e-05	5.638307e-02	2.610191e+00
4.503000e-05	-1.483966e-01	2.786996e+00
4.504000e-05	2.453024e-02	2.832182e+00
4.505000e-05	9.290956e-02	2.998470e+00
4.506000e-05	-5.768502e-02	3.145209e+00
4.507000e-05	-2.463558e-02	3.209999e+00
4.508000e-05	2.696976e-04	3.377991e+00
4.509000e-05	-2.076275e-02	3.470781e+00
4.510000e-05	4.965300e-02	3.609548e+00
4.511000e-05	-3.394758e-02	3.715312e+00
4.512000e-05	-4.395479e-02	3.821625e+00
4.513000e-05	2.762592e-02	3.936341e+00
4.514000e-05	3.314581e-03	4.051051e+00
4.515000e-05	1.370032e-03	4.074284e+00
4.516000e-05	-1.996890e-02	4.264731e+00
4.517000e-05	-3.936274e-02	4.408526e+00
4.518000e-05	-9.967716e-04	4.525311e+00
4.519000e-05	4.103956e-02	4.599121e+00
4.520000e-05	-1.465953e-02	4.733212e+00
4.521000e-05	-3.736058e-02	4.820043e+00
4.522000e-05	-1.232502e-02	4.903288e+00
4.523000e-05	2.257957e-02	5.050603e+00
4.524000e-05	-3.813497e-03	5.178294e+00
4.525000e-05	-2.902574e-02	5.284209e+00
4.526000e-05	-2.652039e-02	5.378944e+00
4.527000e-05	-4.475546e-03	5.411105e+00
4.528000e-05	2.759171e-02	5.547838e+00
4.529000e-05	-1.389743e-02	5.599000e+00
4.530000e-05	-2.821193e-02	5.642179e+00
4.531000e-05	-2.156931e-02	5.808595e+00
4.532000e-05	8.328234e-03	5.905862e+00
4.533000e-05	5.442798e-03	5.998447e+00
4.534000e-05	-2.437774e-02	6.021105e+00
4.535000e-05	-2.921624e-02	6.104766e+00
4.536000e-05	-5.262360e-03	6.176898e+00
4.537000e-05	1.259766e-02	6.220054e+00
4.538000e-05	-1.008157e-02	6.243237e+00
4.539000e-05	-2.859915e-02	6.376420e+00
4.540000e-05	-2.447421e-02	6.399953e+00
4.541000e-05	3.250806e-03	6.431155e+00
4.542000e-05	8.601291e-04	6.545213e+00
4.543000e-05	-1.821922e-02	6.618470e+00
4.544000e-05	-3.133701e-02	6.703183e+00
4.545000e-05	-1.347842e-02	6.754892e+00
4.546000e-05	5.374630e-03	6.797950e+00
4.547000e-05	-9.206384e-03	6.819446e+00
4.548000e-05	-2.615736e-02	6.821102e+00
4.549000e-05	-2.660925e-02	6.884708e+00
4.550000e-05	-3.059357e-03	6.893766e+00
4.551000e-05	-2.226751e-03	6.908816e+00
4.552000e-05	-1.928952e-02	7.016371e+00
4.553000e-05	-3.129723e-02	6.978529e+00
4.554000e-05	-1.958558e-02	7.041605e+00
4.555000e-05	-3.366516e-03	7.061108e+00
4.556000e-05	-1.182885e-02	7.081187e+00
4.557000e-05	-2.403137e-02	7.143716e+00
4.558000e-05	-2.633850e-02	7.146292e+00
4.559000e-05	-1.055008e-02	7.165345e+00
4.560000e-05	-6.585517e-03	7.117872e+00
4.561000e-05	-1.902069e-02	7.158345e+00
4.562000e-05	-3.245335e-02	7.158871e+00
4.563000e-05	-2.527801e-02	7.175799e+00
4.564000e-05	-1.075588e-02	7.168848e+00
4.565000e-05	-1.393420e-02	7.146896e+00
4.566000e-05	-2.476452e-02	7.167370e+00
4.567000e-05	-2.888766e-02	7.168349e+00
4.568000e-05	-1.688320e-02	7.157875e+00
4.569000e-05	-1.233957e-02	7.136245e+00
4.570000e-05	-2.120235e-02	7.135217e+00
4.571000e-05	-3.259582e-02	7.163817e+00
4.572000e-05	-2.839799e-02	7.094665e+00
4.573000e-05	-1.714344e-02	7.083162e+00
4.574000e-05	-1.575339e-02	7.030981e+00
4.575000e-05	-2.552530e-02	7.040529e+00
4.576000e-05	-3.244929e-02	6.989951e+00
4.577000e-05	-2.397282e-02	6.976902e+00
4.578000e-05	-1.729168e-02	6.945322e+00
4.579000e-05	-2.199287e-02	6.853736e+00
4.580000e-05	-3.254019e-02	6.902109e+00
4.581000e-05	-3.006617e-02	6.821079e+00
4.582000e-05	-2.072500e-02	6.780476e+00
4.583000e-05	-1.816417e-02	6.779397e+00
4.584000e-05	-2.613032e-02	6.736793e+00
4.585000e-05	-3.144845e-02	6.701563e+00
4.586000e-05	-2.479239e-02	6.505851e+00
4.587000e-05	-1.946132e-02	6.493164e+00
4.588000e-05	-2.040965e-02	6.432031e+00
4.589000e-05	-2.900236e-02	6.399454e+00
4.590000e-05	-2.889613e-02	6.356322e+00
4.591000e-05	-2.158269e-02	6.282589e+00
4.592000e-05	-1.779079e-02	6.210527e+00
4.593000e-05	-2.176266e-02	6.185372e+00
4.594000e-05	-2.825508e-02	6.084166e+00
4.595000e-05	-2.277011e-02	6.031051e+00
4.596000e-05	-1.636774e-02	5.958949e+00
4.597000e-05	-1.574554e-02	5.905639e+00
4.598000e-05	-2.379746e-02	5.747325e+00
4.599000e-05	-2.365823e-02	5.661564e+00
4.600000e-05	-1.807396e-02	5.598950e+00
4.601000e-05	-1.296414e-02	5.504746e+00
4.602000e-05	-1.684939e-02	5.401082e+00
4.603000e-05	-2.155885e-02	5.349377e+00
4.604000e-05	-1.871657e-02	5.241487e+00
4.605000e-05	-1.129464e-02	5.166295e+00
4.606000e-05	-1.130076e-02	5.010459e+00
4.607000e-05	-1.742536e-02	4.892113e+00
4.608000e-05	-1.930587e-02	4.779998e+00
4.609000e-05	-1.505078e-02	4.685219e+00
4.610000e-05	-9.419446e-03	4.578876e+00
4.611000e-05	-1.253515e-02	4.504742e+00
4.612000e-05	-1.662019e-02	4.390480e+00
4.613000e-05	-1.479473e-02	4.276271e+00
4.614000e-05	-9.151439e-03	4.167404e+00
4.615000e-05	-7.190664e-03	4.032088e+00
4.616000e-05	-1.248286e-02	3.937823e+00
4.617000e-05	-1.424466e-02	3.822083e+00
4.618000e-05	-1.108185e-02	3.727771e+00
4.619000e-05	-8.197041e-03	3.643083e+00
4.620000e-05	-8.930969e-03	3.525821e+00
4.621000e-05	-1.202359e-02	3.356407e+00
4.622000e-05	-1.200786e-02	3.244537e+00
4.623000e-05	-6.782625e-03	3.145821e+00
4.624000e-05	-5.448741e-03	3.050035e+00
4.625000e-05	-7.876656e-03	2.904193e+00
4.626000e-05	-1.120412e-02	2.800904e+00
4.627000e-05	-9.543831e-03	2.705618e+00
4.628000e-05	-7.008001e-03	2.534275e+00
4.629000e-05	-6.654010e-03	2.389935e+00
4.630000e-05	-9.588076e-03	2.253737e+00
4.631000e-05	-9.324663e-03	2.159247e+00
4.632000e-05	-5.768552e-03	2.060059e+00
4.633000e-05	-3.185102e-03	1.926721e+00
4.634000e-05	-5.244788e-03	1.819930e+00
4.635000e-05	-8.516973e-03	1.645061e+00
4.636000e-05	-7.629218e-03	1.504373e+00
4.637000e-05	-5.069372e-03	1.410452e+00
4.638000e-05	-5.369422e-03	1.243008e+00
4.639000e-05	-6.957611e-03	1.085742e+00
4.640000e-05	-7.199447e-03	9.156693e-01
4.641000e-05	-4.586278e-03	7.589311e-01
4.642000e-05	-2.679486e-03	6.526642e-01
4.643000e-05	-4.430770e-03	5.267496e-01
4.644000e-05	-5.425912e-03	4.109550e-01
4.645000e-05	-5.135933e-03	2.552168e-01
4.646000e-05	-3.863879e-03	1.372405e-01
4.647000e-05	-1.678480e-03	-9.998872e-03
4.648000e-05	-2.145974e-03	-1.059369e-01
4.649000e-05	-1.520584e-03	-2.611504e-01
4.650000e-05	-1.890469e-03	-3.874710e-01
4.651000e-05	1.119282e-03	-4.616541e-01
4.652000e-05	-1.539928e-03	-6.201925e-01
4.653000e-05	-1.547337e-03	-7.694149e-01
4.654000e-05	-2.690167e-03	-8.816264e-01
4.655000e-05	1.480577e-02	-9.394426e-01
4.656000e-05	4.940643e-02	-1.092727e+00
4.657000e-05	1.991194e-02	-1.294803e+00
4.658000e-05	-6.030497e-02	-1.568062e+00
4.659000e-05	-7.354120e-02	-1.755915e+00
4.660000e-05	-8.769773e-03	-1.747822e+00
4.661000e-05	1.172873e-01	-1.765841e+00
4.662000e-05	-8.542643e-02	-1.926458e+00
4.663000e-05	-6.917888e-02	-2.094289e+00
4.664000e-05	1.305039e-01	-2.154242e+00
4.665000e-05	-7.476593e-02	-2.312302e+00
4.666000e-05	-3.812151e-02	-2.534887e+00
4.667000e-05	1.326070e-01	-2.590974e+00
4.668000e-05	-7.981299e-02	-2.663258e+00
4.669000e-05	-1.109176e-01	-2.850074e+00
4.670000e-05	1.469570e-01	-2.923807e+00
4.671000e-05	-4.631609e-04	-3.145356e+00
4.672000e-05	-6.508300e-02	-3.243103e+00
4.673000e-05	4.380279e-02	-3.285808e+00
4.674000e-05	-4.346717e-02	-3.503706e+00
4.675000e-05	3.896089e-02	-3.588948e+00
4.676000e-05	5.020992e-02	-3.612075e+00
4.677000e-05	-1.093368e-01	-3.810640e+00
4.678000e-05	4.067454e-02	-3.978447e+00
4.679000e-05	4.561389e-02	-4.011101e+00
4.680000e-05	-3.920988e-02	-4.168490e+00
4.681000e-05	5.425490e-02	-4.252656e+00
4.682000e-05	-5.428397e-02	-4.356444e+00
4.683000e-05	-1.881829e-02	-4.431076e+00
4.684000e-05	6.105732e-02	-4.563813e+00
4.685000e-05	-8.796069e-04	-4.694734e+00
4.686000e-05	-1.611618e-03	-4.745894e+00
4.687000e-05	-3.309454e-02	-4.850601e+00
4.688000e-05	1.967331e-02	-5.017520e+00
4.689000e-05	4.428144e-02	-5.071633e+00
4.690000e-05	-3.185501e-02	-5.169519e+00
4.691000e-05	-4.055388e-03	-5.281704e+00
4.692000e-05	-5.825170e-03	-5.380948e+00
4.693000e-05	2.202800e-02	-5.555365e+00
4.694000e-05	3.850706e-02	-5.600499e+00
4.695000e-05	-3.612348e-02	-5.683182e+00
4.696000e-05	1.064723e-03	-5.757471e+00
4.697000e-05	8.859308e-03	-5.861675e+00
4.698000e-05	1.538023e-02	-5.936344e+00
4.699000e-05	2.208912e-02	-5.989976e+00
4.700000e-05	-3.447396e-02	-6.032078e+00
4.701000e-05	1.311320e-02	-6.132785e+00
4.702000e-05	1.803665e-02	-6.222124e+00
4.703000e-05	1.704819e-02	-6.346896e+00
4.704000e-05	1.162456e-03	-6.409474e+00
4.705000e-05	-2.227963e-02	-6.421050e+00
4.706000e-05	2.091986e-02	-6.504636e+00
4.707000e-05	1.793299e-02	-6.556943e+00
4.708000e-05	1.217667e-02	-6.609026e+00
4.709000e-05	-6.662493e-03	-6.662182e+00
4.710000e-05	-8.242500e-03	-6.706337e+00
4.711000e-05	2.446567e-02	-6.776423e+00
4.712000e-05	1.777798e-02	-6.798923e+00
4.713000e-05	2.094317e-03	-6.810502e+00
4.714000e-05	-5.712292e-03	-6.831707e+00
4.715000e-05	9.487599e-03	-6.903766e+00
4.716000e-05	2.890118e-02	-6.937369e+00
4.717000e-05	1.084577e-02	-7.059083e+00
4.718000e-05	-3.727361e-03	-7.114261e+00
4.719000e-05	-5.629405e-04	-7.127844e+00
4.720000e-05	1.526491e-02	-7.156444e+00
4.721000e-05	2.371885e-02	-7.165948e+00
4.722000e-05	5.403792e-03	-7.169449e+00
4.723000e-05	2.233476e-03	-7.199475e+00
4.724000e-05	8.682350e-03	-7.220530e+00
4.725000e-05	2.357718e-02	-7.200052e+00
4.726000e-05	1.834357e-02	-7.230604e+00
4.727000e-05	2.323496e-04	-7.221032e+00
4.728000e-05	3.847300e-03	-7.231630e+00
4.729000e-05	1.515627e-02	-7.233106e+00
4.730000e-05	2.441783e-02	-7.242181e+00
4.731000e-05	1.335058e-02	-7.222631e+00
4.732000e-05	4.852918e-03	-7.282581e+00
4.733000e-05	1.213927e-02	-7.262157e+00
4.734000e-05	2.287444e-02	-7.200556e+00
4.735000e-05	2.026185e-02	-7.290554e+00
4.736000e-05	8.170948e-03	-7.220581e+00
4.737000e-05	6.842899e-03	-7.230055e+00
4.738000e-05	1.768924e-02	-7.219474e+00
4.739000e-05	2.522587e-02	-7.198950e+00
4.740000e-05	1.770225e-02	-7.188421e+00
4.741000e-05	8.797490e-03	-7.136870e+00
4.742000e-05	1.367596e-02	-7.125296e+00
4.743000e-05	2.272227e-02	-7.064241e+00
4.744000e-05	2.440035e-02	-7.061034e+00
4.745000e-05	1.377570e-02	-6.915895e+00
4.746000e-05	1.227123e-02	-6.893712e+00
4.747000e-05	1.836959e-02	-6.881559e+00
4.748000e-05	2.558926e-02	-6.810552e+00
4.749000e-05	1.817090e-02	-6.779453e+00
4.750000e-05	1.175880e-02	-6.757872e+00
4.751000e-05	1.371292e-02	-6.683693e+00
4.752000e-05	2.211811e-02	-6.672534e+00
4.753000e-05	2.277799e-02	-6.620002e+00
4.754000e-05	1.523716e-02	-6.597324e+00
4.755000e-05	1.238465e-02	-6.473667e+00
4.756000e-05	1.622085e-02	-6.449054e+00
4.757000e-05	2.122763e-02	-6.398875e+00
4.758000e-05	1.665596e-02	-6.295767e+00
4.759000e-05	1.036598e-02	-6.242509e+00
4.760000e-05	1.152816e-02	-6.154825e+00
4.761000e-05	1.646766e-02	-6.032062e+00
4.762000e-05	1.834173e-02	-6.019478e+00
4.763000e-05	1.208555e-02	-5.957796e+00
4.764000e-05	9.201589e-03	-5.852158e+00
4.765000e-05	1.095980e-02	-5.787353e+00
4.766000e-05	1.525950e-02	-5.704218e+00
4.767000e-05	1.163851e-02	-5.631030e+00
4.768000e-05	7.172866e-03	-5.556875e+00
4.769000e-05	5.535128e-03	-5.441635e+00
4.770000e-05	1.041117e-02	-5.254196e+00
4.771000e-05	1.285198e-02	-5.178407e+00
4.772000e-05	6.922966e-03	-5.104692e+00
4.773000e-05	3.672854e-03	-5.000980e+00
4.774000e-05	6.131184e-03	-4.880113e+00
4.775000e-05	1.158192e-02	-4.695225e+00
4.776000e-05	7.109410e-03	-4.611605e+00
4.777000e-05	2.750600e-03	-4.527823e+00
4.778000e-05	1.745486e-03	-4.432557e+00
4.779000e-05	6.535941e-03	-4.368950e+00
4.780000e-05	6.888676e-03	-4.293645e+00
4.781000e-05	3.721219e-03	-4.169929e+00
4.782000e-05	8.202318e-04	-4.063088e+00
4.783000e-05	2.227472e-03	-3.998875e+00
4.784000e-05	5.735786e-03	-3.884114e+00
4.785000e-05	5.287042e-03	-3.715673e+00
4.786000e-05	-2.250190e-05	-3.579976e+00
4.787000e-05	-1.713627e-03	-3.543171e+00
4.788000e-05	1.124984e-03	-3.368451e+00
4.789000e-05	3.218408e-03	-3.262564e+00
4.790000e-05	4.629302e-04	-3.168825e+00
4.791000e-05	-2.012776e-03	-3.039991e+00
4.792000e-05	-9.808953e-04	-2.872665e+00
4.793000e-05	2.921558e-03	-2.737374e+00
4.794000e-05	8.511150e-04	-2.632059e+00
4.795000e-05	-1.964523e-03	-2.506671e+00
4.796000e-05	-3.166436e-03	-2.389004e+00
4.797000e-05	-1.494335e-03	-2.315218e+00
4.798000e-05	1.044411e-03	-2.116200e+00
4.799000e-05	-1.542511e-03	-1.959951e+00
4.800000e-05	-3.764480e-03	-1.893162e+00
4.801000e-05	-3.307542e-03	-1.757875e+00
4.802000e-05	1.232453e-03	-1.660509e+00
4.803000e-05	1.035193e-05	-1.544818e+00
4.804000e-05	-4.083425e-03	-1.337095e+00
4.805000e-05	-6.058887e-03	-1.167399e+00
4.806000e-05	-4.739133e-03	-1.024035e+00
4.807000e-05	-1.777180e-03	-9.046670e-01
4.808000e-05	-2.416084e-03	-7.904738e-01
4.809000e-05	-5.096893e-03	-6.547155e-01
4.810000e-05	-3.671459e-03	-4.551142e-01
4.811000e-05	-2.001143e-03	-3.683724e-01
4.812000e-05	-1.456279e-03	-2.221329e-01
4.813000e-05	-4.419980e-03	-1.183696e-01
4.814000e-05	-4.594978e-03	-1.505066e-03
4.815000e-05	-2.207109e-03	8.386691e-02
4.816000e-05	-1.040480e-03	2.737003e-01
4.817000e-05	-5.758583e-05	4.189725e-01
4.818000e-05	-3.990861e-03	5.038329e-01
4.819000e-05	-3.321735e-03	5.990214e-01
4.820000e-05	-2.347656e-03	7.688621e-01
4.821000e-05	4.891721e-03	8.805764e-01
4.822000e-05	2.488074e-02	9.975424e-01
4.823000e-05	3.876015e-02	1.250519e+00
4.824000e-05	-2.171037e-02	1.410021e+00
4.825000e-05	-6.255212e-02	1.606086e+00
4.826000e-05	-7.861216e-02	1.694791e+00
4.827000e-05	4.560903e-02	1.776842e+00
4.828000e-05	7.046687e-02	1.882754e+00
4.829000e-05	-9.905824e-02	1.998497e+00
4.830000e-05	-2.292905e-02	2.042703e+00
4.831000e-05	1.119634e-01	2.241123e+00
4.832000e-05	-9.437840e-02	2.378493e+00
4.833000e-05	7.179978e-03	2.430501e+00
4.834000e-05	8.827225e-02	2.547033e+00
4.835000e-05	-1.206259e-01	2.766895e+00
4.836000e-05	-3.873624e-02	2.851629e+00
4.837000e-05	1.148220e-01	2.986942e+00
4.838000e-05	-2.965486e-02	3.091783e+00
4.839000e-05	-4.361517e-02	3.188996e+00
4.840000e-05	6.103236e-03	3.334912e+00
4.841000e-05	-3.138990e-02	3.492629e+00
4.842000e-05	4.394933e-02	3.536920e+00
4.843000e-05	-8.377530e-03	3.683229e+00
4.844000e-05	-5.367628e-02	3.778474e+00
4.845000e-05	1.118338e-02	3.914761e+00
4.846000e-05	1.968037e-02	3.979974e+00
4.847000e-05	-6.057760e-03	4.083703e+00
4.848000e-05	-4.097348e-03	4.260673e+00
4.849000e-05	-4.480192e-02	4.388972e+00
4.850000e-05	-1.599028e-02	4.472683e+00
4.851000e-05	3.770312e-02	4.558394e+00
4.852000e-05	2.233987e-04	4.682732e+00
4.853000e-05	-3.295524e-02	4.808919e+00
4.854000e-05	-2.663069e-02	4.852233e+00
4.855000e-05	2.512171e-02	4.970524e+00
4.856000e-05	1.448728e-03	5.127393e+00
4.857000e-05	-2.078694e-02	5.261727e+00
4.858000e-05	-3.357571e-02	5.386917e+00
4.859000e-05	-1.246824e-02	5.422129e+00
4.860000e-05	2.381926e-02	5.505287e+00
4.861000e-05	-2.582511e-04	5.597946e+00
4.862000e-05	-2.660843e-02	5.622605e+00
4.863000e-05	-2.808566e-02	5.746985e+00
4.864000e-05	4.449724e-03	5.901657e+00
4.865000e-05	6.897148e-03	5.987917e+00
4.866000e-05	-1.286163e-02	6.000099e+00
4.867000e-05	-3.676218e-02	6.073687e+00
4.868000e-05	-1.097199e-02	6.186318e+00
4.869000e-05	9.707447e-03	6.220127e+00
4.870000e-05	-3.849791e-04	6.282681e+00
4.871000e-05	-2.559820e-02	6.348367e+00
4.872000e-05	-3.002833e-02	6.399947e+00
4.873000e-05	-1.904893e-03	6.440606e+00
4.874000e-05	2.409875e-03	6.502286e+00
4.875000e-05	-9.555632e-03	6.579467e+00
4.876000e-05	-3.284411e-02	6.642157e+00
4.877000e-05	-1.958195e-02	6.726741e+00
4.878000e-05	1.641974e-03	6.778875e+00
4.879000e-05	-1.196159e-03	6.799474e+00
4.880000e-05	-2.232140e-02	6.810050e+00
4.881000e-05	-3.024945e-02	6.872158e+00
4.882000e-05	-9.554510e-03	6.862264e+00
4.883000e-05	-1.203083e-03	6.946294e+00
4.884000e-05	-1.197738e-02	6.959396e+00
4.885000e-05	-3.062821e-02	6.998925e+00
4.886000e-05	-2.260326e-02	7.011007e+00
4.887000e-05	-7.295090e-03	7.041132e+00
4.888000e-05	-6.095860e-03	7.103084e+00
4.889000e-05	-2.151890e-02	7.062786e+00
4.890000e-05	-2.962809e-02	7.104842e+00
4.891000e-05	-1.581397e-02	7.116320e+00
4.892000e-05	-7.396913e-03	7.166819e+00
4.893000e-05	-1.250617e-02	7.158796e+00
4.894000e-05	-3.030118e-02	7.147946e+00
4.895000e-05	-2.622731e-02	7.167295e+00
4.896000e-05	-1.441428e-02	7.178874e+00
4.897000e-05	-9.772630e-03	7.168870e+00
4.898000e-05	-2.246499e-02	7.168344e+00
4.899000e-05	-3.006333e-02	7.168895e+00
4.900000e-05	-2.146134e-02	7.156822e+00
4.901000e-05	-1.371822e-02	7.145242e+00
4.902000e-05	-1.626426e-02	7.126890e+00
4.903000e-05	-2.984531e-02	7.106270e+00
4.904000e-05	-2.844442e-02	7.083687e+00
4.905000e-05	-1.945397e-02	7.071664e+00
4.906000e-05	-1.441480e-02	7.042130e+00
4.907000e-05	-2.281851e-02	6.991030e+00
4.908000e-05	-3.205617e-02	7.008554e+00
4.909000e-05	-2.700821e-02	6.978949e+00
4.910000e-05	-1.881778e-02	6.925320e+00
4.911000e-05	-1.844123e-02	6.904613e+00
4.912000e-05	-2.979270e-02	6.832658e+00
4.913000e-05	-3.132962e-02	6.800528e+00
4.914000e-05	-2.328686e-02	6.800024e+00
4.915000e-05	-1.741156e-02	6.767400e+00
4.916000e-05	-2.391665e-02	6.735793e+00
4.917000e-05	-3.058384e-02	6.664088e+00
4.918000e-05	-2.789642e-02	6.547902e+00
4.919000e-05	-2.044423e-02	6.525141e+00
4.920000e-05	-1.947074e-02	6.422560e+00
4.921000e-05	-2.742668e-02	6.389975e+00
4.922000e-05	-2.916584e-02	6.357772e+00
4.923000e-05	-2.345116e-02	6.323191e+00
4.924000e-05	-1.667905e-02	6.211509e+00
4.925000e-05	-2.010113e-02	6.157825e+00
4.926000e-05	-2.652786e-02	6.124692e+00
4.927000e-05	-2.468415e-02	6.031083e+00
4.928000e-05	-1.864102e-02	5.979452e+00
4.929000e-05	-1.538411e-02	5.934271e+00
4.930000e-05	-2.187113e-02	5.840455e+00
4.931000e-05	-2.414860e-02	5.743664e+00
4.932000e-05	-2.037452e-02	5.598959e+00
4.933000e-05	-1.379890e-02	5.535798e+00
4.934000e-05	-1.623204e-02	5.463062e+00
4.935000e-05	-2.024718e-02	5.339422e+00
4.936000e-05	-1.898267e-02	5.253668e+00
4.937000e-05	-1.362923e-02	5.168903e+00
4.938000e-05	-1.162396e-02	4.992986e+00
4.939000e-05	-1.557070e-02	4.944747e+00
4.940000e-05	-1.881426e-02	4.810456e+00
4.941000e-05	-1.590007e-02	4.714267e+00
4.942000e-05	-1.224125e-02	4.620508e+00
4.943000e-05	-1.221892e-02	4.535272e+00
4.944000e-05	-1.369498e-02	4.421482e+00
4.945000e-05	-1.412297e-02	4.358867e+00
4.946000e-05	-1.125482e-02	4.269932e+00
4.947000e-05	-8.499492e-03	4.063065e+00
4.948000e-05	-1.052738e-02	3.988450e+00
4.949000e-05	-1.467125e-02	3.852112e+00
4.950000e-05	-1.264114e-02	3.767805e+00
4.951000e-05	-8.601170e-03	3.642538e+00
4.952000e-05	-8.745173e-03	3.547852e+00
4.953000e-05	-1.091671e-02	3.433536e+00
4.954000e-05	-1.106808e-02	3.284691e+00
4.955000e-05	-8.331455e-03	3.157400e+00
4.956000e-05	-5.799014e-03	3.033089e+00
4.957000e-05	-7.175562e-03	2.925797e+00
4.958000e-05	-1.007095e-02	2.862084e+00
4.959000e-05	-9.240609e-03	2.736297e+00
4.960000e-05	-7.496138e-03	2.621330e+00
4.961000e-05	-6.515430e-03	2.392084e+00
4.962000e-05	-7.912159e-03	2.305718e+00
4.963000e-05	-8.308831e-03	2.177877e+00
4.964000e-05	-8.086137e-03	2.052582e+00
4.965000e-05	-5.626268e-03	1.998872e+00
4.966000e-05	-5.452888e-03	1.832037e+00
4.967000e-05	-5.824251e-03	1.664172e+00
4.968000e-05	-6.647732e-03	1.576376e+00
4.969000e-05	-6.072018e-03	1.420480e+00
4.970000e-05	-5.921518e-03	1.264039e+00
4.971000e-05	-4.910565e-03	1.119222e+00
4.972000e-05	-5.714333e-03	1.038775e+00
4.973000e-05	-6.220963e-03	7.905312e-01
4.974000e-05	-5.344559e-03	7.236431e-01
4.975000e-05	-4.054911e-03	5.383259e-01
4.976000e-05	-2.882573e-03	4.130115e-01
4.977000e-05	-4.533273e-03	3.147195e-01
4.978000e-05	-5.286676e-03	1.402508e-01
4.979000e-05	-4.304328e-03	-2.004499e-02
4.980000e-05	-3.820582e-04	-7.338201e-02
4.981000e-05	6.242405e-04	-2.311215e-01
4.982000e-05	-1.908539e-03	-3.349123e-01
4.983000e-05	-2.170906e-03	-4.315266e-01
4.984000e-05	-1.044155e-03	-5.585851e-01
4.985000e-05	-6.947854e-04	-6.969646e-01
4.986000e-05	-2.392293e-03	-8.616253e-01
4.987000e-05	6.535834e-03	-9.373886e-01
4.988000e-05	4.054025e-02	-1.062128e+00
4.989000e-05	4.196616e-02	-1.248670e+00
4.990000e-05	-4.920749e-02	-1.496353e+00
4.991000e-05	-6.741471e-02	-1.694305e+00
4.992000e-05	-5.458219e-02	-1.737816e+00
4.993000e-05	1.318402e-01	-1.725816e+00
4.994000e-05	-5.509867e-02	-1.853799e+00
4.995000e-05	-9.753507e-02	-2.043333e+00
4.996000e-05	1.022873e-01	-2.115238e+00
4.997000e-05	-1.463500e-02	-2.160139e+00
4.998000e-05	-7.916030e-02	-2.492253e+00
4.999000e-05	1.112482e-01	-2.589999e+00
