# 260612_13:25:34.396028
t	CH1	CH2
0.000000e+00	3.218775e-03	-7.794436e-01
1.000000e-08	-3.435872e-03	-9.379470e-01
2.000000e-08	7.591990e-04	-1.157915e+00
3.000000e-08	-4.235236e-03	-1.357493e+00
4.000000e-08	1.408659e-02	-1.568019e+00
5.000000e-08	9.443002e-02	-1.747845e+00
6.000000e-08	-1.234897e-02	-1.981549e+00
7.000000e-08	-3.795299e-02	-2.388445e+00
8.000000e-08	-4.124388e-02	-2.579526e+00
9.000000e-08	-9.719471e-02	-2.747420e+00
1.000000e-07	7.091921e-02	-2.799524e+00
1.100000e-07	9.790273e-02	-2.936312e+00
1.200000e-07	-2.079037e-01	-3.304780e+00
1.300000e-07	1.815623e-01	-3.431976e+00
1.400000e-07	-4.867179e-02	-3.548395e+00
1.500000e-07	-6.149309e-02	-3.873759e+00
1.600000e-07	1.783799e-01	-4.042528e+00
1.700000e-07	-1.479121e-01	-4.222178e+00
1.800000e-07	-5.412450e-02	-4.459551e+00
1.900000e-07	1.203707e-01	-4.544887e+00
2.000000e-07	-9.932605e-02	-4.841704e+00
2.100000e-07	1.523378e-01	-5.011081e+00
2.200000e-07	-1.007817e-01	-5.170023e+00
2.300000e-07	-2.291364e-02	-5.477404e+00
2.400000e-07	1.146401e-01	-5.670579e+00
2.500000e-07	-9.707899e-02	-5.870780e+00
2.600000e-07	8.424704e-02	-6.019522e+00
2.700000e-07	-1.036794e-01	-6.209569e+00
2.800000e-07	6.294437e-02	-6.439548e+00
2.900000e-07	5.808923e-02	-6.536937e+00
3.000000e-07	-7.471753e-02	-6.756945e+00
3.100000e-07	8.411782e-02	-6.862259e+00
3.200000e-07	-1.186723e-01	-7.084860e+00
3.300000e-07	8.848277e-02	-7.304386e+00
3.400000e-07	2.127426e-02	-7.410599e+00
3.500000e-07	-3.188913e-02	-7.621678e+00
3.600000e-07	4.235618e-02	-7.799646e+00
3.700000e-07	-6.825971e-02	-7.938574e+00
3.800000e-07	1.057788e-01	-8.176841e+00
3.900000e-07	-5.102311e-02	-8.293779e+00
4.000000e-07	1.338428e-02	-8.438002e+00
4.100000e-07	-1.842169e-02	-8.578468e+00
4.200000e-07	9.990174e-03	-8.715015e+00
4.300000e-07	6.793452e-02	-8.863233e+00
4.400000e-07	-3.887792e-02	-8.978624e+00
4.500000e-07	2.973892e-02	-9.124812e+00
4.600000e-07	-3.188400e-02	-9.221703e+00
4.700000e-07	4.691072e-02	-9.397520e+00
4.800000e-07	4.675070e-03	-9.492912e+00
4.900000e-07	-1.076210e-02	-9.660631e+00
5.000000e-07	7.124426e-03	-9.745917e+00
5.100000e-07	5.644612e-03	-9.811153e+00
5.200000e-07	5.226754e-02	-9.946393e+00
5.300000e-07	-9.320906e-03	-1.008128e+01
5.400000e-07	6.197666e-03	-1.015657e+01
5.500000e-07	-6.447633e-03	-1.023238e+01
5.600000e-07	2.726635e-02	-1.034759e+01
5.700000e-07	2.067057e-02	-1.043223e+01
5.800000e-07	-2.052285e-03	-1.056752e+01
5.900000e-07	3.960754e-03	-1.059115e+01
6.000000e-07	1.355298e-02	-1.071478e+01
6.100000e-07	3.642327e-02	-1.075644e+01
6.200000e-07	1.073156e-02	-1.079913e+01
6.300000e-07	3.969505e-03	-1.088279e+01
6.400000e-07	5.658694e-03	-1.093694e+01
6.500000e-07	2.667613e-02	-1.098857e+01
6.600000e-07	2.660398e-02	-1.106130e+01
6.700000e-07	6.921244e-03	-1.115442e+01
6.800000e-07	5.369804e-03	-1.118860e+01
6.900000e-07	1.737611e-02	-1.121875e+01
7.000000e-07	3.095847e-02	-1.126128e+01
7.100000e-07	2.258694e-02	-1.129503e+01
7.200000e-07	1.010165e-02	-1.131493e+01
7.300000e-07	1.401719e-02	-1.140607e+01
7.400000e-07	2.694530e-02	-1.138920e+01
7.500000e-07	3.254022e-02	-1.144075e+01
7.600000e-07	1.811364e-02	-1.140220e+01
7.700000e-07	1.261809e-02	-1.145228e+01
7.800000e-07	2.124299e-02	-1.147331e+01
7.900000e-07	3.485615e-02	-1.148329e+01
8.000000e-07	3.227529e-02	-1.150329e+01
8.100000e-07	2.064080e-02	-1.146123e+01
8.200000e-07	2.353974e-02	-1.145271e+01
8.300000e-07	3.270756e-02	-1.143173e+01
8.400000e-07	4.009538e-02	-1.137020e+01
8.500000e-07	2.929494e-02	-1.134865e+01
8.600000e-07	2.300745e-02	-1.138710e+01
8.700000e-07	2.985882e-02	-1.133704e+01
8.800000e-07	4.036825e-02	-1.127517e+01
8.900000e-07	3.940442e-02	-1.124218e+01
9.000000e-07	2.992409e-02	-1.120022e+01
9.100000e-07	2.910376e-02	-1.110444e+01
9.200000e-07	3.692102e-02	-1.108291e+01
9.300000e-07	4.265725e-02	-1.102058e+01
9.400000e-07	3.543956e-02	-1.098053e+01
9.500000e-07	2.781525e-02	-1.093486e+01
9.600000e-07	2.816447e-02	-1.085226e+01
9.700000e-07	3.456540e-02	-1.081053e+01
9.800000e-07	3.298425e-02	-1.075747e+01
9.900000e-07	2.548925e-02	-1.067478e+01
1.000000e-06	2.110648e-02	-1.058965e+01
1.010000e-06	2.667146e-02	-1.055594e+01
1.020000e-06	3.111105e-02	-1.044218e+01
1.030000e-06	2.530130e-02	-1.036802e+01
1.040000e-06	1.623321e-02	-1.024376e+01
1.050000e-06	1.440185e-02	-1.012444e+01
1.060000e-06	1.974642e-02	-1.000968e+01
1.070000e-06	2.033525e-02	-9.915916e+00
1.080000e-06	1.412625e-02	-9.849229e+00
1.090000e-06	1.031298e-02	-9.706343e+00
1.100000e-06	1.405534e-02	-9.629131e+00
1.110000e-06	1.821786e-02	-9.534349e+00
1.120000e-06	1.516651e-02	-9.419670e+00
1.130000e-06	7.513895e-03	-9.260679e+00
1.140000e-06	4.132464e-03	-9.125867e+00
1.150000e-06	8.823584e-03	-8.988975e+00
1.160000e-06	1.066035e-02	-8.842132e+00
1.170000e-06	7.387518e-03	-8.715422e+00
1.180000e-06	3.838449e-03	-8.608997e+00
1.190000e-06	5.876107e-03	-8.389578e+00
1.200000e-06	1.015508e-02	-8.294236e+00
1.210000e-06	8.313986e-03	-8.167420e+00
1.220000e-06	2.460558e-03	-8.040528e+00
1.230000e-06	4.617922e-04	-7.850707e+00
1.240000e-06	2.998840e-03	-7.610608e+00
1.250000e-06	6.574017e-03	-7.482789e+00
1.260000e-06	3.780641e-03	-7.285288e+00
1.270000e-06	-7.888017e-04	-7.136920e+00
1.280000e-06	1.390196e-03	-6.987546e+00
1.290000e-06	4.032384e-03	-6.778953e+00
1.300000e-06	4.884646e-03	-6.620631e+00
1.310000e-06	1.755283e-03	-6.482709e+00
1.320000e-06	-3.256895e-03	-6.334366e+00
1.330000e-06	1.237090e-03	-6.073662e+00
1.340000e-06	1.095014e-03	-5.894313e+00
1.350000e-06	1.255763e-03	-5.725320e+00
1.360000e-06	-3.563343e-03	-5.586897e+00
1.370000e-06	-2.965507e-03	-5.294346e+00
1.380000e-06	1.000100e-03	-5.104266e+00
1.390000e-06	1.522588e-03	-4.880837e+00
1.400000e-06	-4.298850e-04	-4.602153e+00
1.410000e-06	-2.775432e-03	-4.475732e+00
1.420000e-06	-2.186484e-03	-4.344967e+00
1.430000e-06	6.943199e-05	-4.146369e+00
1.440000e-06	-1.011609e-03	-3.986497e+00
1.450000e-06	-5.363862e-03	-3.735899e+00
1.460000e-06	-3.992710e-03	-3.537370e+00
1.470000e-06	-3.929389e-03	-3.337375e+00
1.480000e-06	7.250837e-04	-3.136971e+00
1.490000e-06	-3.579118e-03	-2.875818e+00
1.500000e-06	-3.003662e-03	-2.705370e+00
1.510000e-06	-4.646137e-03	-2.495341e+00
1.520000e-06	-1.475397e-03	-2.326896e+00
1.530000e-06	-3.943772e-03	-2.074084e+00
1.540000e-06	-5.218585e-03	-1.884341e+00
1.550000e-06	-6.875789e-03	-1.674692e+00
1.560000e-06	-4.907040e-03	-1.443769e+00
1.570000e-06	-3.953215e-03	-1.190553e+00
1.580000e-06	-3.767934e-03	-9.885476e-01
1.590000e-06	-5.464376e-03	-8.195013e-01
1.600000e-06	-5.095596e-03	-5.878735e-01
1.610000e-06	-3.160294e-03	-3.578972e-01
1.620000e-06	-4.383606e-03	-1.178698e-01
1.630000e-06	-8.007475e-04	-8.499854e-03
1.640000e-06	1.768140e-03	3.122030e-01
1.650000e-06	-5.342025e-03	4.530292e-01
1.660000e-06	1.306017e-03	6.411040e-01
1.670000e-06	-4.728319e-03	8.199965e-01
1.680000e-06	-1.829403e-03	1.019098e+00
1.690000e-06	-4.712859e-03	1.262633e+00
1.700000e-06	5.080206e-03	1.503604e+00
1.710000e-06	3.217626e-02	1.685359e+00
1.720000e-06	7.253010e-02	1.926390e+00
1.730000e-06	-4.984974e-02	2.138464e+00
1.740000e-06	-3.706061e-02	2.348521e+00
1.750000e-06	-4.412712e-02	2.570949e+00
1.760000e-06	-7.136219e-02	2.788020e+00
1.770000e-06	2.952209e-03	2.893729e+00
1.780000e-06	1.337546e-01	3.076258e+00
1.790000e-06	-1.934988e-01	3.282681e+00
1.800000e-06	1.333323e-01	3.471804e+00
1.810000e-06	2.334922e-02	3.734712e+00
1.820000e-06	-6.819197e-02	3.933135e+00
1.830000e-06	8.674014e-02	4.061533e+00
1.840000e-06	-6.808097e-02	4.255381e+00
1.850000e-06	-6.955837e-02	4.482759e+00
1.860000e-06	6.918538e-02	4.694259e+00
1.870000e-06	-3.111921e-02	4.904537e+00
1.880000e-06	2.433072e-02	5.115915e+00
1.890000e-06	-2.549338e-02	5.399096e+00
1.900000e-06	-3.955562e-02	5.545442e+00
1.910000e-06	4.231751e-02	5.744859e+00
1.920000e-06	-2.700625e-02	5.936412e+00
1.930000e-06	1.286354e-02	6.114862e+00
1.940000e-06	-6.452677e-02	6.283756e+00
1.950000e-06	4.127863e-02	6.481603e+00
1.960000e-06	4.852860e-03	6.670777e+00
1.970000e-06	-2.770361e-02	6.841125e+00
1.980000e-06	1.990961e-03	7.019073e+00
1.990000e-06	-5.317224e-02	7.166943e+00
2.000000e-06	2.376261e-02	7.275285e+00
2.010000e-06	8.150920e-03	7.535883e+00
2.020000e-06	-1.428223e-02	7.725858e+00
2.030000e-06	-2.253396e-02	7.873706e+00
2.040000e-06	-1.271464e-02	8.091779e+00
2.050000e-06	1.440549e-02	8.190526e+00
2.060000e-06	-1.750100e-02	8.346890e+00
2.070000e-06	-2.529915e-02	8.423205e+00
2.080000e-06	-2.531762e-02	8.596126e+00
2.090000e-06	2.175625e-03	8.726840e+00
2.100000e-06	1.323859e-02	8.811076e+00
2.110000e-06	-1.876355e-02	8.967569e+00
2.120000e-06	-2.543490e-02	9.103941e+00
2.130000e-06	-1.553673e-02	9.273184e+00
2.140000e-06	-1.823421e-03	9.378047e+00
2.150000e-06	-6.488541e-03	9.483782e+00
2.160000e-06	-2.874672e-02	9.588642e+00
2.170000e-06	-2.250840e-02	9.734459e+00
2.180000e-06	-6.075160e-03	9.831702e+00
2.190000e-06	3.413963e-03	9.967519e+00
2.200000e-06	-1.824846e-02	1.005179e+01
2.210000e-06	-3.118825e-02	1.015707e+01
2.220000e-06	-2.000295e-02	1.028218e+01
2.230000e-06	-8.650811e-03	1.035644e+01
2.240000e-06	-7.540258e-03	1.040912e+01
2.250000e-06	-2.880854e-02	1.048541e+01
2.260000e-06	-2.641401e-02	1.059865e+01
2.270000e-06	-1.513982e-02	1.066338e+01
2.280000e-06	-5.436481e-03	1.072699e+01
2.290000e-06	-1.942540e-02	1.082121e+01
2.300000e-06	-3.165334e-02	1.091386e+01
2.310000e-06	-2.477877e-02	1.095799e+01
2.320000e-06	-1.476961e-02	1.099005e+01
2.330000e-06	-1.280400e-02	1.109221e+01
2.340000e-06	-3.048732e-02	1.109433e+01
2.350000e-06	-3.171742e-02	1.114799e+01
2.360000e-06	-2.398541e-02	1.117762e+01
2.370000e-06	-1.503984e-02	1.121897e+01
2.380000e-06	-2.367284e-02	1.123225e+01
2.390000e-06	-3.435995e-02	1.127239e+01
2.400000e-06	-3.131268e-02	1.135441e+01
2.410000e-06	-2.274710e-02	1.129444e+01
2.420000e-06	-2.035549e-02	1.132799e+01
2.430000e-06	-3.492514e-02	1.139702e+01
2.440000e-06	-3.856006e-02	1.141027e+01
2.450000e-06	-3.341013e-02	1.140859e+01
2.460000e-06	-2.554468e-02	1.136759e+01
2.470000e-06	-3.033452e-02	1.137862e+01
2.480000e-06	-4.097763e-02	1.137712e+01
2.490000e-06	-4.005048e-02	1.137704e+01
2.500000e-06	-3.415753e-02	1.133594e+01
2.510000e-06	-3.200929e-02	1.132288e+01
2.520000e-06	-4.263639e-02	1.122381e+01
2.530000e-06	-4.573378e-02	1.124133e+01
2.540000e-06	-4.264990e-02	1.120055e+01
2.550000e-06	-3.584274e-02	1.115695e+01
2.560000e-06	-3.761175e-02	1.114544e+01
2.570000e-06	-4.649513e-02	1.109536e+01
2.580000e-06	-4.639523e-02	1.108321e+01
2.590000e-06	-4.060815e-02	1.100963e+01
2.600000e-06	-3.550526e-02	1.094644e+01
2.610000e-06	-4.205479e-02	1.090436e+01
2.620000e-06	-4.553758e-02	1.089221e+01
2.630000e-06	-4.075866e-02	1.080857e+01
2.640000e-06	-3.129413e-02	1.072543e+01
2.650000e-06	-3.285659e-02	1.062027e+01
2.660000e-06	-3.814140e-02	1.053599e+01
2.670000e-06	-3.774389e-02	1.044026e+01
2.680000e-06	-2.891037e-02	1.037742e+01
2.690000e-06	-2.519557e-02	1.024271e+01
2.700000e-06	-2.788282e-02	1.016950e+01
2.710000e-06	-3.257779e-02	1.009534e+01
2.720000e-06	-2.790789e-02	1.001917e+01
2.730000e-06	-2.232040e-02	9.922357e+00
2.740000e-06	-1.991802e-02	9.716090e+00
2.750000e-06	-2.366145e-02	9.660704e+00
2.760000e-06	-2.435829e-02	9.534868e+00
2.770000e-06	-2.004064e-02	9.411098e+00
2.780000e-06	-1.613463e-02	9.293787e+00
2.790000e-06	-1.784685e-02	9.188550e+00
2.800000e-06	-2.165414e-02	9.122784e+00
2.810000e-06	-1.970010e-02	8.864336e+00
2.820000e-06	-1.466472e-02	8.766942e+00
2.830000e-06	-1.301625e-02	8.631153e+00
2.840000e-06	-1.663050e-02	8.505788e+00
2.850000e-06	-1.767444e-02	8.399552e+00
2.860000e-06	-1.480543e-02	8.250751e+00
2.870000e-06	-1.001210e-02	8.073208e+00
2.880000e-06	-1.227504e-02	7.925315e+00
2.890000e-06	-1.503045e-02	7.748495e+00
2.900000e-06	-1.553380e-02	7.649580e+00
2.910000e-06	-1.095246e-02	7.470128e+00
2.920000e-06	-9.199943e-03	7.222131e+00
2.930000e-06	-1.105239e-02	7.074732e+00
2.940000e-06	-1.396183e-02	6.925808e+00
2.950000e-06	-1.141248e-02	6.776920e+00
2.960000e-06	-7.931822e-03	6.618470e+00
2.970000e-06	-9.431896e-03	6.376921e+00
2.980000e-06	-1.146193e-02	6.200002e+00
2.990000e-06	-1.238528e-02	6.031704e+00
3.000000e-06	-8.872653e-03	5.895861e+00
3.010000e-06	-7.378837e-03	5.673734e+00
3.020000e-06	-8.306311e-03	5.482710e+00
3.030000e-06	-1.092125e-02	5.294286e+00
3.040000e-06	-9.154868e-03	5.071776e+00
3.050000e-06	-6.664143e-03	4.799655e+00
3.060000e-06	-6.586777e-03	4.610654e+00
3.070000e-06	-9.396738e-03	4.482207e+00
3.080000e-06	-1.034047e-02	4.333865e+00
3.090000e-06	-6.663287e-03	4.051558e+00
3.100000e-06	-6.139994e-03	3.882654e+00
3.110000e-06	-6.100466e-03	3.674658e+00
3.120000e-06	-8.044901e-03	3.474341e+00
3.130000e-06	-7.905221e-03	3.222107e+00
3.140000e-06	-5.481061e-03	3.042579e+00
3.150000e-06	-7.024278e-03	2.843684e+00
3.160000e-06	-5.991452e-03	2.692786e+00
3.170000e-06	-9.726342e-03	2.409155e+00
3.180000e-06	-3.337616e-03	2.260078e+00
3.190000e-06	-4.001900e-03	2.051579e+00
3.200000e-06	-3.658650e-03	1.882629e+00
3.210000e-06	-6.649686e-03	1.630504e+00
3.220000e-06	-7.752014e-03	1.407525e+00
3.230000e-06	-5.447701e-03	1.157425e+00
3.240000e-06	-6.260886e-03	9.156893e-01
3.250000e-06	-5.283599e-03	7.337643e-01
3.260000e-06	-5.236465e-03	5.546880e-01
3.270000e-06	-3.168430e-03	3.033460e-01
3.280000e-06	-9.288375e-04	4.208301e-02
3.290000e-06	-1.127998e-03	-1.268410e-01
3.300000e-06	4.770330e-03	-2.869145e-01
3.310000e-06	-6.791088e-03	-4.541844e-01
3.320000e-06	1.898856e-03	-7.573958e-01
3.330000e-06	-4.356178e-03	-9.063370e-01
3.340000e-06	1.515388e-03	-1.075308e+00
3.350000e-06	-4.355478e-03	-1.257338e+00
3.360000e-06	1.158699e-02	-1.567944e+00
3.370000e-06	8.066935e-02	-1.675336e+00
3.380000e-06	2.495328e-02	-1.968996e+00
3.390000e-06	-5.726346e-02	-2.334938e+00
3.400000e-06	-2.523219e-02	-2.568922e+00
3.410000e-06	-9.671983e-02	-2.705340e+00
3.420000e-06	1.660643e-02	-2.808950e+00
3.430000e-06	1.502455e-01	-2.854609e+00
3.440000e-06	-1.937636e-01	-3.231126e+00
3.450000e-06	1.282863e-01	-3.388528e+00
3.460000e-06	3.415235e-02	-3.475816e+00
3.470000e-06	-1.228416e-01	-3.840725e+00
3.480000e-06	1.819558e-01	-3.980028e+00
3.490000e-06	-8.866977e-02	-4.189998e+00
3.500000e-06	-1.213528e-01	-4.399050e+00
3.510000e-06	1.474394e-01	-4.545811e+00
3.520000e-06	-9.967968e-02	-4.759021e+00
3.530000e-06	1.267637e-01	-5.000049e+00
3.540000e-06	-4.016478e-02	-5.126991e+00
3.550000e-06	-8.514712e-02	-5.494379e+00
3.560000e-06	1.441844e-01	-5.610051e+00
3.570000e-06	-9.228270e-02	-5.780700e+00
3.580000e-06	6.437138e-02	-5.978471e+00
3.590000e-06	-6.709969e-02	-6.165387e+00
3.600000e-06	5.130814e-03	-6.409020e+00
3.610000e-06	1.056523e-01	-6.526388e+00
3.620000e-06	-9.546740e-02	-6.706860e+00
3.630000e-06	8.601753e-02	-6.853757e+00
3.640000e-06	-9.525854e-02	-7.051302e+00
3.650000e-06	3.924979e-02	-7.253782e+00
3.660000e-06	6.929650e-02	-7.411100e+00
3.670000e-06	-6.247255e-02	-7.567603e+00
3.680000e-06	6.293376e-02	-7.757042e+00
3.690000e-06	-7.786886e-02	-7.997966e+00
3.700000e-06	9.186561e-02	-8.125936e+00
3.710000e-06	-2.003458e-02	-8.273308e+00
3.720000e-06	-1.482648e-02	-8.359524e+00
3.730000e-06	7.494400e-03	-8.545943e+00
3.740000e-06	-2.077947e-02	-8.684364e+00
3.750000e-06	8.656449e-02	-8.822155e+00
3.760000e-06	-3.959387e-02	-8.947016e+00
3.770000e-06	2.674926e-02	-9.094304e+00
3.780000e-06	-2.581456e-02	-9.190625e+00
3.790000e-06	2.938393e-02	-9.347045e+00
3.800000e-06	2.523459e-02	-9.482862e+00
3.810000e-06	-2.242829e-02	-9.610602e+00
3.820000e-06	1.570681e-02	-9.735940e+00
3.830000e-06	-7.705956e-03	-9.811677e+00
3.840000e-06	5.735792e-02	-9.916412e+00
3.850000e-06	-5.182444e-03	-1.002963e+01
3.860000e-06	3.902188e-03	-1.013639e+01
3.870000e-06	-5.503232e-03	-1.024228e+01
3.880000e-06	2.044286e-02	-1.036704e+01
3.890000e-06	2.894954e-02	-1.047170e+01
3.900000e-06	-3.043533e-03	-1.055649e+01
3.910000e-06	5.351044e-03	-1.060913e+01
3.920000e-06	7.737385e-03	-1.067384e+01
3.930000e-06	3.670871e-02	-1.074639e+01
3.940000e-06	1.421818e-02	-1.081913e+01
3.950000e-06	4.146290e-03	-1.089226e+01
3.960000e-06	3.287980e-03	-1.094592e+01
3.970000e-06	2.365687e-02	-1.101015e+01
3.980000e-06	2.994470e-02	-1.102221e+01
3.990000e-06	9.116849e-03	-1.110346e+01
4.000000e-06	5.266973e-03	-1.120692e+01
4.010000e-06	1.475732e-02	-1.120923e+01
4.020000e-06	3.122469e-02	-1.127277e+01
4.030000e-06	2.480265e-02	-1.127391e+01
4.040000e-06	1.049672e-02	-1.133596e+01
4.050000e-06	1.206828e-02	-1.136739e+01
4.060000e-06	2.612784e-02	-1.142810e+01
4.070000e-06	3.231481e-02	-1.143171e+01
4.080000e-06	2.088548e-02	-1.147176e+01
4.090000e-06	1.230101e-02	-1.146125e+01
4.100000e-06	1.988782e-02	-1.151078e+01
4.110000e-06	3.378712e-02	-1.147433e+01
4.120000e-06	3.363450e-02	-1.148281e+01
4.130000e-06	2.213156e-02	-1.147233e+01
4.140000e-06	2.047658e-02	-1.143278e+01
4.150000e-06	3.104811e-02	-1.144276e+01
4.160000e-06	3.907798e-02	-1.142123e+01
4.170000e-06	3.143190e-02	-1.140964e+01
4.180000e-06	2.341622e-02	-1.131659e+01
4.190000e-06	2.886871e-02	-1.134547e+01
4.200000e-06	4.085482e-02	-1.128543e+01
4.210000e-06	4.135728e-02	-1.126980e+01
4.220000e-06	3.121629e-02	-1.122872e+01
4.230000e-06	2.620664e-02	-1.111639e+01
4.240000e-06	3.624218e-02	-1.108296e+01
4.250000e-06	4.259243e-02	-1.103976e+01
4.260000e-06	3.583603e-02	-1.098095e+01
4.270000e-06	2.692578e-02	-1.095592e+01
4.280000e-06	2.789199e-02	-1.088281e+01
4.290000e-06	3.771088e-02	-1.081965e+01
4.300000e-06	3.586113e-02	-1.074757e+01
4.310000e-06	2.673639e-02	-1.071531e+01
4.320000e-06	2.001400e-02	-1.063060e+01
4.330000e-06	2.552146e-02	-1.057697e+01
4.340000e-06	2.982622e-02	-1.041176e+01
4.350000e-06	2.546871e-02	-1.038064e+01
4.360000e-06	1.604098e-02	-1.032279e+01
4.370000e-06	1.495794e-02	-1.016894e+01
4.380000e-06	2.155233e-02	-1.005023e+01
4.390000e-06	2.209036e-02	-9.916045e+00
4.400000e-06	1.509745e-02	-9.841703e+00
4.410000e-06	8.181637e-03	-9.755416e+00
4.420000e-06	1.151525e-02	-9.641757e+00
4.430000e-06	1.816115e-02	-9.546446e+00
4.440000e-06	1.620809e-02	-9.399728e+00
4.450000e-06	8.274966e-03	-9.273658e+00
4.460000e-06	6.079674e-03	-9.125942e+00
4.470000e-06	1.105329e-02	-9.006628e+00
4.480000e-06	1.286024e-02	-8.884859e+00
4.490000e-06	6.784700e-03	-8.766425e+00
4.500000e-06	1.920393e-03	-8.599574e+00
4.510000e-06	3.665781e-03	-8.440156e+00
4.520000e-06	9.849744e-03	-8.305865e+00
4.530000e-06	9.293304e-03	-8.167972e+00
4.540000e-06	3.898455e-03	-8.060628e+00
4.550000e-06	2.035836e-03	-7.913283e+00
4.560000e-06	4.838760e-03	-7.660211e+00
4.570000e-06	6.417186e-03	-7.503338e+00
4.580000e-06	3.023621e-03	-7.347913e+00
4.590000e-06	-1.231754e-03	-7.188475e+00
4.600000e-06	-4.252594e-04	-6.999604e+00
4.610000e-06	4.694961e-03	-6.779578e+00
4.620000e-06	5.592524e-03	-6.631680e+00
4.630000e-06	8.278866e-04	-6.484763e+00
4.640000e-06	-1.481249e-03	-6.315366e+00
4.650000e-06	3.907623e-05	-6.117366e+00
4.660000e-06	3.607917e-03	-5.896341e+00
4.670000e-06	1.597102e-04	-5.697469e+00
4.680000e-06	-4.639517e-03	-5.589027e+00
4.690000e-06	-2.434135e-03	-5.360070e+00
4.700000e-06	7.357219e-04	-5.115446e+00
4.710000e-06	1.945503e-03	-4.934871e+00
4.720000e-06	-2.036706e-03	-4.651136e+00
4.730000e-06	-3.523703e-03	-4.505315e+00
4.740000e-06	-4.113839e-03	-4.367449e+00
4.750000e-06	1.557726e-03	-4.178900e+00
4.760000e-06	-2.145358e-03	-3.998451e+00
4.770000e-06	-2.998904e-03	-3.799399e+00
4.780000e-06	-5.476964e-03	-3.587898e+00
4.790000e-06	-2.394728e-03	-3.356444e+00
4.800000e-06	-8.170604e-04	-3.178975e+00
4.810000e-06	-2.237418e-03	-2.945868e+00
4.820000e-06	-4.375133e-03	-2.726920e+00
4.830000e-06	-5.582697e-03	-2.576947e+00
4.840000e-06	-1.725518e-03	-2.346965e+00
4.850000e-06	-4.273558e-03	-2.094713e+00
4.860000e-06	-3.924420e-03	-1.926866e+00
4.870000e-06	-6.489757e-03	-1.736393e+00
4.880000e-06	-3.840485e-03	-1.546920e+00
4.890000e-06	-3.465128e-03	-1.261555e+00
4.900000e-06	-3.498548e-03	-1.001029e+00
4.910000e-06	-6.389993e-03	-8.315801e-01
4.920000e-06	-5.811215e-03	-6.405574e-01
4.930000e-06	-4.153929e-03	-3.984763e-01
4.940000e-06	-3.250599e-03	-2.194537e-01
4.950000e-06	-1.962838e-03	-5.121852e-06
4.960000e-06	2.957948e-03	2.206013e-01
4.970000e-06	-4.240368e-03	4.400503e-01
4.980000e-06	2.602912e-03	6.104989e-01
4.990000e-06	-4.962346e-03	7.884661e-01
5.000000e-06	-2.444404e-03	9.699161e-01
5.010000e-06	-5.894585e-03	1.230525e+00
5.020000e-06	3.337586e-03	1.371677e+00
5.030000e-06	2.264841e-02	1.692732e+00
5.040000e-06	7.539315e-02	1.883783e+00
5.050000e-06	-2.811851e-02	2.114356e+00
5.060000e-06	-4.599776e-02	2.327390e+00
5.070000e-06	-4.036122e-02	2.558341e+00
5.080000e-06	-6.337457e-02	2.758471e+00
5.090000e-06	-3.636953e-02	2.852631e+00
5.100000e-06	1.594596e-01	3.033103e+00
5.110000e-06	-1.648560e-01	3.251477e+00
5.120000e-06	6.255349e-02	3.403577e+00
5.130000e-06	8.712806e-02	3.683727e+00
5.140000e-06	-8.922614e-02	3.874682e+00
5.150000e-06	7.264470e-02	4.021024e+00
5.160000e-06	-2.614136e-02	4.212252e+00
5.170000e-06	-1.049322e-01	4.472103e+00
5.180000e-06	7.285664e-02	4.672225e+00
5.190000e-06	-2.087911e-02	4.843158e+00
5.200000e-06	1.434339e-02	5.115857e+00
5.210000e-06	-7.619967e-03	5.327912e+00
5.220000e-06	-5.667544e-02	5.546961e+00
5.230000e-06	4.728888e-02	5.715258e+00
5.240000e-06	-2.534857e-02	5.894382e+00
5.250000e-06	1.511547e-02	6.084757e+00
5.260000e-06	-6.170250e-02	6.313729e+00
5.270000e-06	2.499095e-02	6.421548e+00
5.280000e-06	2.112049e-02	6.638149e+00
5.290000e-06	-3.222711e-02	6.799548e+00
5.300000e-06	2.777433e-03	6.969869e+00
5.310000e-06	-4.702200e-02	7.135938e+00
5.320000e-06	5.841020e-03	7.230764e+00
5.330000e-06	2.336495e-02	7.504706e+00
5.340000e-06	-1.906661e-02	7.682754e+00
5.350000e-06	-1.895210e-02	7.831232e+00
5.360000e-06	-1.803890e-02	8.050724e+00
5.370000e-06	1.294226e-02	8.157945e+00
5.380000e-06	-8.167288e-03	8.274887e+00
5.390000e-06	-3.072776e-02	8.432653e+00
5.400000e-06	-2.254501e-02	8.557991e+00
5.410000e-06	-1.051990e-02	8.693860e+00
5.420000e-06	2.228694e-02	8.810124e+00
5.430000e-06	-1.748474e-02	8.947916e+00
5.440000e-06	-2.350570e-02	9.054812e+00
5.450000e-06	-1.881044e-02	9.263706e+00
5.460000e-06	-4.804274e-03	9.376468e+00
5.470000e-06	-5.621138e-04	9.453182e+00
5.480000e-06	-3.234291e-02	9.578547e+00
5.490000e-06	-2.429428e-02	9.681808e+00
5.500000e-06	-1.283628e-02	9.841195e+00
5.510000e-06	8.815703e-03	9.957915e+00
5.520000e-06	-1.337669e-02	1.008423e+01
5.530000e-06	-2.838297e-02	1.016539e+01
5.540000e-06	-2.313849e-02	1.021920e+01
5.550000e-06	-1.038304e-02	1.032537e+01
5.560000e-06	-5.737409e-03	1.036847e+01
5.570000e-06	-2.929107e-02	1.051236e+01
5.580000e-06	-2.900686e-02	1.056669e+01
5.590000e-06	-1.920261e-02	1.067181e+01
5.600000e-06	-1.725669e-03	1.074694e+01
5.610000e-06	-1.489284e-02	1.081965e+01
5.620000e-06	-2.844600e-02	1.088331e+01
5.630000e-06	-2.851194e-02	1.095586e+01
5.640000e-06	-1.652380e-02	1.097900e+01
5.650000e-06	-1.128162e-02	1.102068e+01
5.660000e-06	-2.897847e-02	1.109386e+01
5.670000e-06	-3.447002e-02	1.110586e+01
5.680000e-06	-2.745915e-02	1.114739e+01
5.690000e-06	-1.316748e-02	1.116959e+01
5.700000e-06	-2.065873e-02	1.128113e+01
5.710000e-06	-3.191661e-02	1.127341e+01
5.720000e-06	-3.415930e-02	1.129243e+01
5.730000e-06	-2.288262e-02	1.133539e+01
5.740000e-06	-1.958867e-02	1.137704e+01
5.750000e-06	-3.264567e-02	1.135709e+01
5.760000e-06	-4.123184e-02	1.135859e+01
5.770000e-06	-3.666176e-02	1.139912e+01
5.780000e-06	-2.519637e-02	1.134760e+01
5.790000e-06	-2.894719e-02	1.140854e+01
5.800000e-06	-3.816723e-02	1.136857e+01
5.810000e-06	-4.146525e-02	1.130492e+01
5.820000e-06	-3.387738e-02	1.132694e+01
5.830000e-06	-3.064081e-02	1.133696e+01
5.840000e-06	-3.970935e-02	1.128229e+01
5.850000e-06	-4.687842e-02	1.124220e+01
5.860000e-06	-4.577955e-02	1.121008e+01
5.870000e-06	-3.628988e-02	1.117754e+01
5.880000e-06	-3.631329e-02	1.111854e+01
5.890000e-06	-4.432253e-02	1.112479e+01
5.900000e-06	-4.807797e-02	1.104375e+01
5.910000e-06	-4.211102e-02	1.103063e+01
5.920000e-06	-3.528710e-02	1.097842e+01
5.930000e-06	-3.919837e-02	1.087436e+01
5.940000e-06	-4.457072e-02	1.087323e+01
5.950000e-06	-4.332362e-02	1.079910e+01
5.960000e-06	-3.435949e-02	1.073694e+01
5.970000e-06	-3.179824e-02	1.069178e+01
5.980000e-06	-3.565673e-02	1.056801e+01
5.990000e-06	-3.876122e-02	1.044973e+01
6.000000e-06	-3.073220e-02	1.037739e+01
6.010000e-06	-2.522383e-02	1.029333e+01
6.020000e-06	-2.507730e-02	1.018807e+01
6.030000e-06	-3.181136e-02	1.007489e+01
6.040000e-06	-2.974826e-02	1.006013e+01
6.050000e-06	-2.530448e-02	9.903836e+00
6.060000e-06	-1.922113e-02	9.820547e+00
6.070000e-06	-2.314574e-02	9.671730e+00
6.080000e-06	-2.538949e-02	9.526863e+00
6.090000e-06	-2.242031e-02	9.449132e+00
6.100000e-06	-1.554465e-02	9.295311e+00
6.110000e-06	-1.629682e-02	9.229550e+00
6.120000e-06	-2.030996e-02	9.114839e+00
6.130000e-06	-2.243102e-02	8.954934e+00
6.140000e-06	-1.687879e-02	8.787521e+00
6.150000e-06	-1.343688e-02	8.650231e+00
6.160000e-06	-1.455207e-02	8.505413e+00
6.170000e-06	-1.760373e-02	8.400578e+00
6.180000e-06	-1.688567e-02	8.273312e+00
6.190000e-06	-1.103419e-02	8.125206e+00
6.200000e-06	-1.187614e-02	7.946445e+00
6.210000e-06	-1.340117e-02	7.798998e+00
6.220000e-06	-1.706101e-02	7.660605e+00
6.230000e-06	-1.180628e-02	7.482730e+00
6.240000e-06	-9.662883e-03	7.262757e+00
6.250000e-06	-1.021041e-02	7.085788e+00
6.260000e-06	-1.295856e-02	6.943892e+00
6.270000e-06	-1.328962e-02	6.787025e+00
6.280000e-06	-9.214459e-03	6.589470e+00
6.290000e-06	-8.057380e-03	6.429503e+00
6.300000e-06	-1.010846e-02	6.250633e+00
6.310000e-06	-1.229259e-02	6.063734e+00
6.320000e-06	-9.594985e-03	5.905364e+00
6.330000e-06	-7.035621e-03	5.685257e+00
6.340000e-06	-7.363346e-03	5.485313e+00
6.350000e-06	-1.059096e-02	5.326399e+00
6.360000e-06	-1.062825e-02	5.096387e+00
6.370000e-06	-8.430197e-03	4.852183e+00
6.380000e-06	-5.821580e-03	4.684834e+00
6.390000e-06	-8.254089e-03	4.483233e+00
6.400000e-06	-1.081225e-02	4.306840e+00
6.410000e-06	-8.105337e-03	4.063661e+00
6.420000e-06	-5.388211e-03	3.894235e+00
6.430000e-06	-5.576191e-03	3.675263e+00
6.440000e-06	-8.559928e-03	3.547416e+00
6.450000e-06	-8.380302e-03	3.283284e+00
6.460000e-06	-5.706537e-03	3.114287e+00
6.470000e-06	-4.279433e-03	2.904687e+00
6.480000e-06	-6.363519e-03	2.713713e+00
6.490000e-06	-8.120312e-03	2.433607e+00
6.500000e-06	-6.664166e-03	2.273159e+00
6.510000e-06	-4.991204e-03	2.072629e+00
6.520000e-06	-4.327081e-03	1.863641e+00
6.530000e-06	-6.526726e-03	1.673657e+00
6.540000e-06	-7.086044e-03	1.390579e+00
6.550000e-06	-4.959872e-03	1.199553e+00
6.560000e-06	-3.554542e-03	9.783438e-01
6.570000e-06	-4.255081e-03	7.178434e-01
6.580000e-06	-6.703335e-03	5.167196e-01
6.590000e-06	-5.290286e-03	3.469209e-01
6.600000e-06	-2.981034e-03	7.523558e-02
6.610000e-06	-1.712051e-03	-9.518067e-02
6.620000e-06	5.250993e-03	-3.147594e-01
6.630000e-06	-2.671232e-03	-4.441305e-01
6.640000e-06	8.343182e-04	-6.742907e-01
6.650000e-06	-2.068657e-03	-9.142854e-01
6.660000e-06	5.817947e-04	-1.031707e+00
6.670000e-06	-5.915714e-03	-1.264683e+00
6.680000e-06	5.469121e-03	-1.515893e+00
6.690000e-06	6.182358e-02	-1.673234e+00
6.700000e-06	5.997119e-02	-1.915738e+00
6.710000e-06	-6.865224e-02	-2.262730e+00
6.720000e-06	-1.114514e-02	-2.525839e+00
6.730000e-06	-9.085994e-02	-2.686386e+00
6.740000e-06	-3.012653e-02	-2.789474e+00
6.750000e-06	1.787188e-01	-2.862605e+00
6.760000e-06	-1.614555e-01	-3.167592e+00
6.770000e-06	5.232391e-02	-3.348550e+00
6.780000e-06	1.079280e-01	-3.473711e+00
6.790000e-06	-1.653530e-01	-3.799540e+00
6.800000e-06	1.625441e-01	-3.990598e+00
6.810000e-06	-1.670071e-02	-4.169416e+00
6.820000e-06	-1.746249e-01	-4.368524e+00
6.830000e-06	1.486252e-01	-4.455108e+00
6.840000e-06	-7.460600e-02	-4.747867e+00
6.850000e-06	7.985124e-02	-4.970023e+00
6.860000e-06	2.634728e-02	-5.094711e+00
6.870000e-06	-1.362387e-01	-5.441776e+00
6.880000e-06	1.480744e-01	-5.588999e+00
6.890000e-06	-6.594876e-02	-5.728572e+00
6.900000e-06	2.754286e-02	-5.957446e+00
6.910000e-06	-1.860275e-02	-6.114187e+00
6.920000e-06	-5.035759e-02	-6.347391e+00
6.930000e-06	1.400358e-01	-6.493238e+00
6.940000e-06	-9.551103e-02	-6.664782e+00
6.950000e-06	6.824060e-02	-6.821129e+00
6.960000e-06	-5.627269e-02	-7.010177e+00
6.970000e-06	-1.744927e-02	-7.242729e+00
6.980000e-06	1.107651e-01	-7.357474e+00
6.990000e-06	-8.082418e-02	-7.578494e+00
7.000000e-06	6.781512e-02	-7.706567e+00
7.010000e-06	-6.838160e-02	-7.934958e+00
7.020000e-06	6.370978e-02	-8.113808e+00
7.030000e-06	1.976993e-02	-8.191149e+00
7.040000e-06	-4.362530e-02	-8.376999e+00
7.050000e-06	2.900775e-02	-8.513364e+00
7.060000e-06	-4.333672e-02	-8.692834e+00
7.070000e-06	9.380470e-02	-8.830105e+00
7.080000e-06	-2.863865e-02	-8.956922e+00
7.090000e-06	1.456628e-02	-9.093282e+00
7.100000e-06	-1.306935e-02	-9.198022e+00
7.110000e-06	1.025659e-02	-9.355518e+00
7.120000e-06	4.453277e-02	-9.452278e+00
7.130000e-06	-3.123805e-02	-9.599149e+00
7.140000e-06	1.963996e-02	-9.674309e+00
7.150000e-06	-1.392642e-02	-9.798647e+00
7.160000e-06	5.568206e-02	-9.905308e+00
7.170000e-06	4.478383e-03	-9.989597e+00
7.180000e-06	-1.227233e-03	-1.012449e+01
7.190000e-06	-3.058479e-03	-1.020975e+01
7.200000e-06	1.322654e-02	-1.032537e+01
7.210000e-06	3.492922e-02	-1.045125e+01
7.220000e-06	-1.702567e-03	-1.050486e+01
7.230000e-06	5.496096e-03	-1.057915e+01
7.240000e-06	2.991431e-03	-1.068333e+01
7.250000e-06	3.659069e-02	-1.072694e+01
7.260000e-06	1.867302e-02	-1.078710e+01
7.270000e-06	4.196323e-03	-1.084276e+01
7.280000e-06	1.527610e-03	-1.088636e+01
7.290000e-06	1.968987e-02	-1.098863e+01
7.300000e-06	3.185624e-02	-1.105128e+01
7.310000e-06	1.283480e-02	-1.111334e+01
7.320000e-06	4.348838e-03	-1.118599e+01
7.330000e-06	1.140170e-02	-1.122005e+01
7.340000e-06	2.947744e-02	-1.129176e+01
7.350000e-06	2.725239e-02	-1.128441e+01
7.360000e-06	1.352789e-02	-1.135654e+01
7.370000e-06	9.315806e-03	-1.137464e+01
7.380000e-06	2.357016e-02	-1.138810e+01
7.390000e-06	3.302500e-02	-1.139268e+01
7.400000e-06	2.415114e-02	-1.144315e+01
7.410000e-06	1.263756e-02	-1.148326e+01
7.420000e-06	1.678404e-02	-1.142024e+01
7.430000e-06	3.169022e-02	-1.147181e+01
7.440000e-06	3.501816e-02	-1.147528e+01
7.450000e-06	2.445794e-02	-1.145431e+01
7.460000e-06	1.905926e-02	-1.147373e+01
7.470000e-06	2.888182e-02	-1.146378e+01
7.480000e-06	3.771920e-02	-1.143024e+01
7.490000e-06	3.291897e-02	-1.143015e+01
7.500000e-06	2.391820e-02	-1.135950e+01
7.510000e-06	2.756677e-02	-1.128402e+01
7.520000e-06	3.980789e-02	-1.127434e+01
7.530000e-06	4.218236e-02	-1.121083e+01
7.540000e-06	3.332706e-02	-1.126118e+01
7.550000e-06	2.801180e-02	-1.113607e+01
7.560000e-06	3.259540e-02	-1.114642e+01
7.570000e-06	4.230487e-02	-1.099266e+01
7.580000e-06	3.513616e-02	-1.099952e+01
7.590000e-06	3.050719e-02	-1.095594e+01
7.600000e-06	2.792188e-02	-1.088236e+01
7.610000e-06	3.727719e-02	-1.082015e+01
7.620000e-06	3.618050e-02	-1.076960e+01
7.630000e-06	2.647095e-02	-1.069639e+01
7.640000e-06	2.019527e-02	-1.062018e+01
7.650000e-06	2.335454e-02	-1.060847e+01
7.660000e-06	2.874819e-02	-1.047376e+01
7.670000e-06	2.651292e-02	-1.041953e+01
7.680000e-06	1.952039e-02	-1.029536e+01
7.690000e-06	1.758277e-02	-1.017912e+01
7.700000e-06	2.098526e-02	-1.005168e+01
7.710000e-06	2.156450e-02	-9.947447e+00
7.720000e-06	1.404651e-02	-9.873262e+00
7.730000e-06	8.375098e-03	-9.777496e+00
7.740000e-06	1.050974e-02	-9.662233e+00
7.750000e-06	1.785162e-02	-9.568424e+00
7.760000e-06	1.696992e-02	-9.380757e+00
7.770000e-06	1.007127e-02	-9.282834e+00
7.780000e-06	7.427386e-03	-9.156547e+00
7.790000e-06	9.317054e-03	-9.030179e+00
7.800000e-06	1.109206e-02	-8.894312e+00
7.810000e-06	6.557412e-03	-8.789026e+00
7.820000e-06	2.111069e-03	-8.611134e+00
7.830000e-06	4.852275e-03	-8.433279e+00
7.840000e-06	1.086548e-02	-8.345886e+00
7.850000e-06	1.039066e-02	-8.189149e+00
7.860000e-06	4.722654e-03	-8.070659e+00
7.870000e-06	1.571507e-03	-7.954367e+00
7.880000e-06	3.641904e-03	-7.653858e+00
7.890000e-06	5.958137e-03	-7.557366e+00
7.900000e-06	2.892939e-03	-7.356101e+00
7.910000e-06	-2.645035e-04	-7.179123e+00
7.920000e-06	1.732451e-04	-7.040758e+00
7.930000e-06	4.575109e-03	-6.820557e+00
7.940000e-06	4.652402e-03	-6.643656e+00
7.950000e-06	1.131727e-03	-6.515843e+00
7.960000e-06	-2.014353e-03	-6.337976e+00
7.970000e-06	1.272230e-04	-6.137995e+00
7.980000e-06	2.599727e-03	-5.947424e+00
7.990000e-06	1.604247e-03	-5.756450e+00
8.000000e-06	-3.034831e-03	-5.620576e+00
8.010000e-06	-2.968909e-03	-5.429127e+00
8.020000e-06	-2.610395e-04	-5.165472e+00
8.030000e-06	2.716190e-03	-4.957470e+00
8.040000e-06	-2.563754e-03	-4.706841e+00
8.050000e-06	-2.605990e-03	-4.537447e+00
8.060000e-06	-3.989374e-03	-4.398025e+00
8.070000e-06	1.420325e-03	-4.208529e+00
8.080000e-06	-1.349939e-03	-4.011581e+00
8.090000e-06	-3.721349e-03	-3.809129e+00
8.100000e-06	-4.973092e-03	-3.600001e+00
8.110000e-06	-3.692067e-03	-3.419980e+00
8.120000e-06	-1.153484e-03	-3.199080e+00
8.130000e-06	-3.841705e-03	-3.009450e+00
8.140000e-06	-4.034699e-03	-2.768976e+00
8.150000e-06	-4.822032e-03	-2.579026e+00
8.160000e-06	-6.796101e-04	-2.400526e+00
8.170000e-06	-2.811139e-03	-2.168474e+00
8.180000e-06	-3.767593e-03	-1.956897e+00
8.190000e-06	-5.734687e-03	-1.787922e+00
8.200000e-06	-5.218359e-03	-1.569001e+00
8.210000e-06	-5.276047e-03	-1.252713e+00
8.220000e-06	-5.035874e-03	-1.093654e+00
8.230000e-06	-6.322535e-03	-8.436604e-01
8.240000e-06	-4.848058e-03	-6.636902e-01
8.250000e-06	-2.851410e-03	-4.099789e-01
8.260000e-06	-3.203142e-03	-2.320789e-01
8.270000e-06	-2.681934e-03	-5.260783e-02
8.280000e-06	2.598038e-03	1.488461e-01
8.290000e-06	-3.093400e-03	3.895225e-01
8.300000e-06	1.058461e-03	5.784224e-01
8.310000e-06	-3.625498e-03	7.479433e-01
8.320000e-06	-3.330681e-03	8.967632e-01
8.330000e-06	-4.742267e-03	1.209496e+00
8.340000e-06	3.026612e-03	1.360473e+00
8.350000e-06	1.693580e-02	1.639673e+00
8.360000e-06	7.277626e-02	1.852155e+00
8.370000e-06	-3.921571e-03	2.074203e+00
8.380000e-06	-5.729978e-02	2.314734e+00
8.390000e-06	-3.444985e-02	2.518262e+00
8.400000e-06	-5.727043e-02	2.717915e+00
8.410000e-06	-6.464017e-02	2.831154e+00
8.420000e-06	1.559614e-01	2.990048e+00
8.430000e-06	-1.144915e-01	3.189524e+00
8.440000e-06	-1.930715e-02	3.379520e+00
8.450000e-06	1.439003e-01	3.611625e+00
8.460000e-06	-1.010110e-01	3.819626e+00
8.470000e-06	4.884987e-02	3.940471e+00
8.480000e-06	1.738549e-02	4.219096e+00
8.490000e-06	-1.273496e-01	4.460674e+00
8.500000e-06	6.141914e-02	4.609018e+00
8.510000e-06	-5.184476e-03	4.843149e+00
8.520000e-06	1.739710e-03	5.052233e+00
8.530000e-06	9.537711e-03	5.306336e+00
8.540000e-06	-6.634926e-02	5.535832e+00
8.550000e-06	3.999138e-02	5.631552e+00
8.560000e-06	-1.681798e-02	5.862283e+00
8.570000e-06	1.147329e-02	6.042106e+00
8.580000e-06	-5.003649e-02	6.231677e+00
8.590000e-06	2.666211e-03	6.389500e+00
8.600000e-06	3.478233e-02	6.578595e+00
8.610000e-06	-3.102177e-02	6.777940e+00
8.620000e-06	2.935714e-04	6.926915e+00
8.630000e-06	-3.611936e-02	7.104810e+00
8.640000e-06	-1.599196e-02	7.251609e+00
8.650000e-06	3.553712e-02	7.421201e+00
8.660000e-06	-1.899047e-02	7.601626e+00
8.670000e-06	-1.387070e-02	7.830601e+00
8.680000e-06	-2.329089e-02	7.969697e+00
8.690000e-06	7.780036e-03	8.148392e+00
8.700000e-06	3.856500e-04	8.283260e+00
8.710000e-06	-3.426307e-02	8.381649e+00
8.720000e-06	-1.823091e-02	8.548490e+00
8.730000e-06	-1.986888e-02	8.674235e+00
8.740000e-06	2.523634e-02	8.799494e+00
8.750000e-06	-1.461117e-02	8.936437e+00
8.760000e-06	-1.950847e-02	9.083332e+00
8.770000e-06	-2.267963e-02	9.200150e+00
8.780000e-06	-7.855615e-03	9.356363e+00
8.790000e-06	3.234269e-04	9.451131e+00
8.800000e-06	-2.753013e-02	9.537419e+00
8.810000e-06	-2.281825e-02	9.673635e+00
8.820000e-06	-1.703651e-02	9.799168e+00
8.830000e-06	8.111459e-03	9.944343e+00
8.840000e-06	-1.202436e-02	1.003168e+01
8.850000e-06	-2.617108e-02	1.012539e+01
8.860000e-06	-2.691415e-02	1.023117e+01
8.870000e-06	-1.187633e-02	1.031489e+01
8.880000e-06	-5.273056e-03	1.034852e+01
8.890000e-06	-2.355447e-02	1.044176e+01
8.900000e-06	-2.679175e-02	1.058551e+01
8.910000e-06	-2.299923e-02	1.064022e+01
8.920000e-06	-3.532421e-03	1.074684e+01
8.930000e-06	-1.590312e-02	1.080013e+01
8.940000e-06	-2.668342e-02	1.087483e+01
8.950000e-06	-3.021981e-02	1.090437e+01
8.960000e-06	-1.702328e-02	1.095810e+01
8.970000e-06	-1.091705e-02	1.105120e+01
8.980000e-06	-2.437274e-02	1.109328e+01
8.990000e-06	-3.285116e-02	1.111386e+01
9.000000e-06	-2.946153e-02	1.114644e+01
9.010000e-06	-1.488562e-02	1.115660e+01
9.020000e-06	-2.136667e-02	1.120975e+01
9.030000e-06	-3.048265e-02	1.127223e+01
9.040000e-06	-3.486564e-02	1.130481e+01
9.050000e-06	-2.383532e-02	1.132544e+01
9.060000e-06	-1.872341e-02	1.132404e+01
9.070000e-06	-2.957027e-02	1.135759e+01
9.080000e-06	-3.909001e-02	1.139802e+01
9.090000e-06	-3.776950e-02	1.134855e+01
9.100000e-06	-2.672896e-02	1.138855e+01
9.110000e-06	-2.847427e-02	1.139907e+01
9.120000e-06	-3.754637e-02	1.139854e+01
9.130000e-06	-4.251257e-02	1.137757e+01
9.140000e-06	-3.543411e-02	1.131789e+01
9.150000e-06	-3.096571e-02	1.129343e+01
9.160000e-06	-3.752004e-02	1.131438e+01
9.170000e-06	-4.715590e-02	1.125316e+01
9.180000e-06	-4.606336e-02	1.124118e+01
9.190000e-06	-3.699482e-02	1.114850e+01
9.200000e-06	-3.712971e-02	1.114641e+01
9.210000e-06	-4.314219e-02	1.111581e+01
9.220000e-06	-4.822835e-02	1.111329e+01
9.230000e-06	-4.206709e-02	1.107013e+01
9.240000e-06	-3.623489e-02	1.095695e+01
9.250000e-06	-3.838967e-02	1.094439e+01
9.260000e-06	-4.427309e-02	1.090221e+01
9.270000e-06	-4.269292e-02	1.082115e+01
9.280000e-06	-3.429452e-02	1.075647e+01
9.290000e-06	-3.341487e-02	1.066273e+01
9.300000e-06	-3.645919e-02	1.057707e+01
9.310000e-06	-3.881838e-02	1.044378e+01
9.320000e-06	-3.118352e-02	1.035947e+01
9.330000e-06	-2.647045e-02	1.031531e+01
9.340000e-06	-2.626907e-02	1.020955e+01
9.350000e-06	-3.241630e-02	1.008587e+01
9.360000e-06	-2.973643e-02	1.004021e+01
9.370000e-06	-2.494703e-02	9.914871e+00
9.380000e-06	-1.815667e-02	9.820104e+00
9.390000e-06	-2.363537e-02	9.712232e+00
9.400000e-06	-2.546478e-02	9.586398e+00
9.410000e-06	-2.263553e-02	9.462707e+00
9.420000e-06	-1.671224e-02	9.315843e+00
9.430000e-06	-1.815585e-02	9.250656e+00
9.440000e-06	-2.081267e-02	9.143438e+00
9.450000e-06	-2.158966e-02	8.947495e+00
9.460000e-06	-1.525549e-02	8.779103e+00
9.470000e-06	-1.310661e-02	8.641811e+00
9.480000e-06	-1.575374e-02	8.546945e+00
9.490000e-06	-1.847170e-02	8.423153e+00
9.500000e-06	-1.597848e-02	8.323389e+00
9.510000e-06	-1.205915e-02	8.138967e+00
9.520000e-06	-1.148892e-02	7.956995e+00
9.530000e-06	-1.396652e-02	7.860053e+00
9.540000e-06	-1.560376e-02	7.633682e+00
9.550000e-06	-1.151101e-02	7.544311e+00
9.560000e-06	-9.191922e-03	7.275310e+00
9.570000e-06	-1.024201e-02	7.126345e+00
9.580000e-06	-1.282125e-02	6.977422e+00
9.590000e-06	-1.377033e-02	6.810052e+00
9.600000e-06	-9.913470e-03	6.601227e+00
9.610000e-06	-8.464378e-03	6.414579e+00
9.620000e-06	-1.044846e-02	6.263158e+00
9.630000e-06	-1.152139e-02	6.114786e+00
9.640000e-06	-7.996874e-03	5.966421e+00
9.650000e-06	-6.848686e-03	5.749417e+00
9.660000e-06	-6.997771e-03	5.556970e+00
9.670000e-06	-1.209070e-02	5.376470e+00
9.680000e-06	-1.046427e-02	5.128424e+00
9.690000e-06	-9.023501e-03	4.875259e+00
9.700000e-06	-5.840253e-03	4.694864e+00
9.710000e-06	-8.214527e-03	4.504742e+00
9.720000e-06	-8.043541e-03	4.377498e+00
9.730000e-06	-7.348820e-03	4.096212e+00
9.740000e-06	-5.621330e-03	3.895812e+00
9.750000e-06	-5.997188e-03	3.736367e+00
9.760000e-06	-9.638447e-03	3.567925e+00
9.770000e-06	-8.976101e-03	3.325865e+00
9.780000e-06	-7.338340e-03	3.155367e+00
9.790000e-06	-5.165099e-03	2.936293e+00
9.800000e-06	-5.928942e-03	2.768397e+00
9.810000e-06	-6.778517e-03	2.495215e+00
9.820000e-06	-6.044136e-03	2.314209e+00
9.830000e-06	-5.606522e-03	2.114161e+00
9.840000e-06	-4.857194e-03	1.964865e+00
9.850000e-06	-7.107787e-03	1.705314e+00
9.860000e-06	-6.304502e-03	1.472107e+00
9.870000e-06	-5.944922e-03	1.272604e+00
9.880000e-06	-3.707844e-03	1.029029e+00
9.890000e-06	-4.435503e-03	7.778997e-01
9.900000e-06	-5.272468e-03	5.888486e-01
9.910000e-06	-5.509988e-03	3.990251e-01
9.920000e-06	-3.520115e-03	1.472472e-01
9.930000e-06	-3.341709e-03	-5.365915e-02
9.940000e-06	3.770337e-03	-3.031553e-01
9.950000e-06	-1.377242e-03	-4.225538e-01
9.960000e-06	-1.064958e-03	-6.646317e-01
9.970000e-06	-6.228272e-04	-8.526554e-01
9.980000e-06	-8.980892e-05	-1.041500e+00
9.990000e-06	-2.701933e-03	-1.212025e+00
1.000000e-05	2.614293e-03	-1.473682e+00
1.001000e-05	4.346679e-02	-1.681079e+00
1.002000e-05	8.603742e-02	-1.842704e+00
1.003000e-05	-7.228108e-02	-2.167100e+00
1.004000e-05	-6.273335e-03	-2.504281e+00
1.005000e-05	-8.226944e-02	-2.703680e+00
1.006000e-05	-6.460931e-02	-2.767974e+00
1.007000e-05	1.781257e-01	-2.810078e+00
1.008000e-05	-1.063452e-01	-3.094263e+00
1.009000e-05	-3.756643e-02	-3.376970e+00
1.010000e-05	1.755160e-01	-3.452581e+00
1.011000e-05	-1.793522e-01	-3.704687e+00
1.012000e-05	1.186529e-01	-3.958922e+00
1.013000e-05	5.410960e-02	-4.104863e+00
1.014000e-05	-2.059768e-01	-4.337941e+00
1.015000e-05	1.203527e-01	-4.431605e+00
1.016000e-05	-2.831559e-02	-4.642805e+00
1.017000e-05	2.085276e-02	-4.969439e+00
1.018000e-05	8.807785e-02	-5.052759e+00
1.019000e-05	-1.623726e-01	-5.346066e+00
1.020000e-05	1.277725e-01	-5.558472e+00
1.021000e-05	-2.196028e-02	-5.735890e+00
1.022000e-05	-1.504695e-02	-5.936941e+00
1.023000e-05	2.899369e-02	-6.052587e+00
1.024000e-05	-9.581261e-02	-6.305834e+00
1.025000e-05	1.487542e-01	-6.492786e+00
1.026000e-05	-7.313598e-02	-6.632729e+00
1.027000e-05	3.601956e-02	-6.850052e+00
1.028000e-05	-9.238755e-03	-6.969116e+00
1.029000e-05	-6.856533e-02	-7.199072e+00
1.030000e-05	1.350978e-01	-7.346995e+00
1.031000e-05	-7.665509e-02	-7.525885e+00
1.032000e-05	5.677941e-02	-7.744287e+00
1.033000e-05	-4.672254e-02	-7.852753e+00
1.034000e-05	2.431759e-02	-8.032728e+00
1.035000e-05	5.699157e-02	-8.179070e+00
1.036000e-05	-6.425816e-02	-8.336891e+00
1.037000e-05	4.207572e-02	-8.441236e+00
1.038000e-05	-5.471757e-02	-8.652728e+00
1.039000e-05	8.502517e-02	-8.819073e+00
1.040000e-05	-6.230690e-03	-8.895888e+00
1.041000e-05	3.449185e-04	-9.071733e+00
1.042000e-05	3.688766e-03	-9.149491e+00
1.043000e-05	-1.048384e-02	-9.312811e+00
1.044000e-05	5.709014e-02	-9.449226e+00
1.045000e-05	-3.163936e-02	-9.578018e+00
1.046000e-05	1.771711e-02	-9.683333e+00
1.047000e-05	-1.586339e-02	-9.789066e+00
1.048000e-05	4.524223e-02	-9.884831e+00
1.049000e-05	1.872271e-02	-9.968046e+00
1.050000e-05	-2.995741e-03	-1.011484e+01
1.051000e-05	2.813603e-03	-1.017863e+01
1.052000e-05	4.174474e-03	-1.030396e+01
1.053000e-05	3.642861e-02	-1.041120e+01
1.054000e-05	2.021351e-04	-1.051539e+01
1.055000e-05	4.329273e-03	-1.056705e+01
1.056000e-05	2.538717e-05	-1.065080e+01
1.057000e-05	3.234933e-02	-1.074684e+01
1.058000e-05	2.441017e-02	-1.078802e+01
1.059000e-05	6.736304e-03	-1.086178e+01
1.060000e-05	2.693284e-03	-1.089536e+01
1.061000e-05	1.581638e-02	-1.098815e+01
1.062000e-05	3.201449e-02	-1.102108e+01
1.063000e-05	1.579880e-02	-1.114349e+01
1.064000e-05	3.719834e-03	-1.111642e+01
1.065000e-05	7.985426e-03	-1.121718e+01
1.066000e-05	2.651956e-02	-1.123126e+01
1.067000e-05	2.866769e-02	-1.128381e+01
1.068000e-05	1.641265e-02	-1.136493e+01
1.069000e-05	9.130255e-03	-1.137515e+01
1.070000e-05	2.103107e-02	-1.141857e+01
1.071000e-05	3.257431e-02	-1.137020e+01
1.072000e-05	2.682661e-02	-1.143013e+01
1.073000e-05	1.167300e-02	-1.149026e+01
1.074000e-05	1.609177e-02	-1.147183e+01
1.075000e-05	2.850728e-02	-1.148226e+01
1.076000e-05	3.723377e-02	-1.149128e+01
1.077000e-05	2.779468e-02	-1.146283e+01
1.078000e-05	1.902260e-02	-1.146174e+01
1.079000e-05	2.794302e-02	-1.143225e+01
1.080000e-05	3.551786e-02	-1.141920e+01
1.081000e-05	3.463503e-02	-1.138113e+01
1.082000e-05	2.326842e-02	-1.136664e+01
1.083000e-05	2.589515e-02	-1.135694e+01
1.084000e-05	3.660868e-02	-1.133444e+01
1.085000e-05	4.469441e-02	-1.120183e+01
1.086000e-05	3.658435e-02	-1.124805e+01
1.087000e-05	2.754730e-02	-1.116960e+01
1.088000e-05	3.104981e-02	-1.114534e+01
1.089000e-05	3.914533e-02	-1.103119e+01
1.090000e-05	3.799034e-02	-1.099112e+01
1.091000e-05	3.046467e-02	-1.094800e+01
1.092000e-05	2.676982e-02	-1.088286e+01
1.093000e-05	3.509403e-02	-1.086271e+01
1.094000e-05	3.852602e-02	-1.078807e+01
1.095000e-05	3.199017e-02	-1.073492e+01
1.096000e-05	2.032486e-02	-1.068231e+01
1.097000e-05	2.069149e-02	-1.058658e+01
1.098000e-05	2.712943e-02	-1.050381e+01
1.099000e-05	2.697826e-02	-1.042963e+01
1.100000e-05	2.022236e-02	-1.035582e+01
1.101000e-05	1.541858e-02	-1.019802e+01
1.102000e-05	2.080475e-02	-1.011271e+01
1.103000e-05	2.396795e-02	-9.988502e+00
1.104000e-05	1.886217e-02	-9.893336e+00
1.105000e-05	1.009918e-02	-9.776522e+00
1.106000e-05	9.639853e-03	-9.714235e+00
1.107000e-05	1.455409e-02	-9.538525e+00
1.108000e-05	1.648184e-02	-9.481781e+00
1.109000e-05	1.049006e-02	-9.262388e+00
1.110000e-05	6.211651e-03	-9.199103e+00
1.111000e-05	9.172940e-03	-9.073183e+00
1.112000e-05	1.278820e-02	-8.913812e+00
1.113000e-05	1.146468e-02	-8.789072e+00
1.114000e-05	3.994411e-03	-8.660287e+00
1.115000e-05	1.361029e-03	-8.474814e+00
1.116000e-05	6.473808e-03	-8.346949e+00
1.117000e-05	1.003619e-02	-8.247602e+00
1.118000e-05	6.179886e-03	-8.063188e+00
1.119000e-05	1.646798e-03	-7.915960e+00
1.120000e-05	2.585366e-03	-7.725892e+00
1.121000e-05	7.219073e-03	-7.525942e+00
1.122000e-05	5.663078e-03	-7.418024e+00
1.123000e-05	1.400990e-03	-7.231757e+00
1.124000e-05	-1.828784e-03	-7.084782e+00
1.125000e-05	1.121503e-03	-6.832157e+00
1.126000e-05	4.721405e-03	-6.723763e+00
1.127000e-05	3.204555e-03	-6.515415e+00
1.128000e-05	-2.719246e-03	-6.396975e+00
1.129000e-05	-8.754879e-04	-6.188103e+00
1.130000e-05	1.982164e-03	-5.976999e+00
1.131000e-05	3.810766e-03	-5.810075e+00
1.132000e-05	-1.612512e-03	-5.643230e+00
1.133000e-05	-2.403594e-03	-5.484207e+00
1.134000e-05	-2.480739e-03	-5.209653e+00
1.135000e-05	2.912113e-03	-5.008605e+00
1.136000e-05	-2.387510e-03	-4.796876e+00
1.137000e-05	-1.809776e-03	-4.587500e+00
1.138000e-05	-6.234774e-03	-4.410005e+00
1.139000e-05	5.500013e-04	-4.229557e+00
1.140000e-05	-3.570481e-04	-4.064135e+00
1.141000e-05	-4.983201e-04	-3.872787e+00
1.142000e-05	-5.190994e-03	-3.621005e+00
1.143000e-05	-3.449740e-03	-3.441655e+00
1.144000e-05	-2.384514e-03	-3.243057e+00
1.145000e-05	-2.882265e-03	-3.043183e+00
1.146000e-05	-5.878249e-03	-2.801028e+00
1.147000e-05	-6.390994e-03	-2.631055e+00
1.148000e-05	-2.345608e-03	-2.411083e+00
1.149000e-05	-1.855702e-03	-2.210099e+00
1.150000e-05	-1.794773e-03	-1.999449e+00
1.151000e-05	-4.706284e-03	-1.798451e+00
1.152000e-05	-5.084047e-03	-1.609528e+00
1.153000e-05	-5.517988e-03	-1.326767e+00
1.154000e-05	-3.640165e-03	-1.105316e+00
1.155000e-05	-6.839926e-03	-8.652382e-01
1.156000e-05	-5.523087e-03	-7.248382e-01
1.157000e-05	-5.165981e-03	-4.521303e-01
1.158000e-05	-2.141020e-03	-2.821353e-01
1.159000e-05	-2.304948e-03	-5.369151e-02
1.160000e-05	2.723311e-03	1.072620e-01
1.161000e-05	-1.402739e-03	3.473660e-01
1.162000e-05	-7.588720e-04	5.368183e-01
1.163000e-05	-1.710852e-03	7.159160e-01
1.164000e-05	-4.559363e-03	8.751569e-01
1.165000e-05	-4.467476e-03	1.116918e+00
1.166000e-05	-6.030332e-04	1.328395e+00
1.167000e-05	1.187940e-02	1.578494e+00
1.168000e-05	6.483237e-02	1.841502e+00
1.169000e-05	2.504960e-02	2.041529e+00
1.170000e-05	-6.443594e-02	2.253683e+00
1.171000e-05	-3.033088e-02	2.463204e+00
1.172000e-05	-5.232364e-02	2.717285e+00
1.173000e-05	-7.907113e-02	2.810554e+00
1.174000e-05	1.272867e-01	2.946945e+00
1.175000e-05	-4.163452e-02	3.169497e+00
1.176000e-05	-9.736766e-02	3.408287e+00
1.177000e-05	1.848007e-01	3.588521e+00
1.178000e-05	-9.340108e-02	3.758471e+00
1.179000e-05	1.802688e-02	3.956012e+00
1.180000e-05	5.544524e-02	4.137911e+00
1.181000e-05	-1.332684e-01	4.420496e+00
1.182000e-05	3.633888e-02	4.578021e+00
1.183000e-05	1.629349e-02	4.758573e+00
1.184000e-05	-1.304393e-02	5.018744e+00
1.185000e-05	2.173664e-02	5.243183e+00
1.186000e-05	-6.484108e-02	5.512254e+00
1.187000e-05	2.430672e-02	5.641025e+00
1.188000e-05	-1.010101e-03	5.851173e+00
1.189000e-05	1.814377e-03	6.029604e+00
1.190000e-05	-3.091308e-02	6.190550e+00
1.191000e-05	-2.325529e-02	6.378445e+00
1.192000e-05	4.653004e-02	6.535739e+00
1.193000e-05	-2.724687e-02	6.737416e+00
1.194000e-05	-6.842491e-03	6.913812e+00
1.195000e-05	-2.266456e-02	7.103286e+00
1.196000e-05	-3.501592e-02	7.179032e+00
1.197000e-05	4.364796e-02	7.408591e+00
1.198000e-05	-1.914110e-02	7.610048e+00
1.199000e-05	-1.132959e-02	7.757948e+00
1.200000e-05	-2.601084e-02	7.978663e+00
1.201000e-05	3.139581e-03	8.136967e+00
1.202000e-05	8.534019e-03	8.272733e+00
1.203000e-05	-3.392025e-02	8.419548e+00
1.204000e-05	-1.685972e-02	8.525393e+00
1.205000e-05	-2.597689e-02	8.644279e+00
1.206000e-05	2.519335e-02	8.756944e+00
1.207000e-05	-9.478803e-03	8.912236e+00
1.208000e-05	-1.975472e-02	9.062819e+00
1.209000e-05	-2.605227e-02	9.187600e+00
1.210000e-05	-9.508183e-03	9.355365e+00
1.211000e-05	2.611747e-03	9.419681e+00
1.212000e-05	-2.245252e-02	9.526490e+00
1.213000e-05	-2.444646e-02	9.661152e+00
1.214000e-05	-2.141225e-02	9.766068e+00
1.215000e-05	7.663133e-03	9.924886e+00
1.216000e-05	-7.444142e-03	1.002958e+01
1.217000e-05	-2.340097e-02	1.012434e+01
1.218000e-05	-2.935964e-02	1.019905e+01
1.219000e-05	-1.262403e-02	1.032531e+01
1.220000e-05	-5.536711e-03	1.035797e+01
1.221000e-05	-1.945351e-02	1.047218e+01
1.222000e-05	-2.834008e-02	1.055704e+01
1.223000e-05	-2.519514e-02	1.062870e+01
1.224000e-05	-4.001583e-03	1.071594e+01
1.225000e-05	-1.223889e-02	1.079815e+01
1.226000e-05	-2.347535e-02	1.086278e+01
1.227000e-05	-3.266110e-02	1.091531e+01
1.228000e-05	-1.892352e-02	1.097702e+01
1.229000e-05	-1.158012e-02	1.101925e+01
1.230000e-05	-2.207718e-02	1.108223e+01
1.231000e-05	-3.313304e-02	1.110586e+01
1.232000e-05	-3.068598e-02	1.115647e+01
1.233000e-05	-1.513887e-02	1.116820e+01
1.234000e-05	-1.787003e-02	1.124305e+01
1.235000e-05	-2.755593e-02	1.125288e+01
1.236000e-05	-3.620439e-02	1.132079e+01
1.237000e-05	-2.773601e-02	1.132644e+01
1.238000e-05	-2.090444e-02	1.133646e+01
1.239000e-05	-2.754018e-02	1.135639e+01
1.240000e-05	-3.767224e-02	1.136762e+01
1.241000e-05	-3.789879e-02	1.137705e+01
1.242000e-05	-2.691358e-02	1.137767e+01
1.243000e-05	-2.717319e-02	1.133860e+01
1.244000e-05	-3.472566e-02	1.138769e+01
1.245000e-05	-4.320778e-02	1.136602e+01
1.246000e-05	-3.794650e-02	1.136755e+01
1.247000e-05	-3.241242e-02	1.134281e+01
1.248000e-05	-3.580630e-02	1.128079e+01
1.249000e-05	-4.486703e-02	1.126191e+01
1.250000e-05	-4.529244e-02	1.124080e+01
1.251000e-05	-3.813833e-02	1.120960e+01
1.252000e-05	-3.611350e-02	1.115644e+01
1.253000e-05	-4.166293e-02	1.110589e+01
1.254000e-05	-4.906150e-02	1.107326e+01
1.255000e-05	-4.499788e-02	1.100175e+01
1.256000e-05	-3.789893e-02	1.096657e+01
1.257000e-05	-3.710128e-02	1.091596e+01
1.258000e-05	-4.258067e-02	1.088126e+01
1.259000e-05	-4.408359e-02	1.082963e+01
1.260000e-05	-3.692294e-02	1.074647e+01
1.261000e-05	-3.289863e-02	1.069124e+01
1.262000e-05	-3.425658e-02	1.060865e+01
1.263000e-05	-3.880319e-02	1.046381e+01
1.264000e-05	-3.352329e-02	1.039855e+01
1.265000e-05	-2.744809e-02	1.032481e+01
1.266000e-05	-2.493966e-02	1.019913e+01
1.267000e-05	-3.063925e-02	1.013589e+01
1.268000e-05	-3.160925e-02	1.008218e+01
1.269000e-05	-2.708816e-02	9.946524e+00
1.270000e-05	-1.853588e-02	9.850254e+00
1.271000e-05	-2.046629e-02	9.713836e+00
1.272000e-05	-2.550631e-02	9.578969e+00
1.273000e-05	-2.549721e-02	9.482260e+00
1.274000e-05	-1.649068e-02	9.356898e+00
1.275000e-05	-1.428974e-02	9.272181e+00
1.276000e-05	-1.941716e-02	9.135420e+00
1.277000e-05	-2.428763e-02	8.988175e+00
1.278000e-05	-1.900834e-02	8.818650e+00
1.279000e-05	-1.289132e-02	8.703289e+00
1.280000e-05	-1.218806e-02	8.578522e+00
1.281000e-05	-1.808611e-02	8.461182e+00
1.282000e-05	-1.788721e-02	8.355866e+00
1.283000e-05	-1.249382e-02	8.155548e+00
1.284000e-05	-9.429767e-03	8.041228e+00
1.285000e-05	-1.402858e-02	7.859153e+00
1.286000e-05	-1.780539e-02	7.693737e+00
1.287000e-05	-1.416859e-02	7.495369e+00
1.288000e-05	-8.401465e-03	7.315862e+00
1.289000e-05	-7.653206e-03	7.156921e+00
1.290000e-05	-1.254185e-02	6.979501e+00
1.291000e-05	-1.508761e-02	6.821027e+00
1.292000e-05	-1.051803e-02	6.690262e+00
1.293000e-05	-7.312797e-03	6.462108e+00
1.294000e-05	-9.694760e-03	6.325262e+00
1.295000e-05	-1.308063e-02	6.156845e+00
1.296000e-05	-1.117304e-02	5.980023e+00
1.297000e-05	-7.299986e-03	5.808567e+00
1.298000e-05	-6.094254e-03	5.578949e+00
1.299000e-05	-1.047479e-02	5.407974e+00
1.300000e-05	-1.126356e-02	5.179529e+00
1.301000e-05	-8.193692e-03	4.946340e+00
1.302000e-05	-5.499076e-03	4.744867e+00
1.303000e-05	-7.541861e-03	4.536895e+00
1.304000e-05	-1.052234e-02	4.399975e+00
1.305000e-05	-9.580488e-03	4.149999e+00
1.306000e-05	-6.572668e-03	3.929969e+00
1.307000e-05	-4.936610e-03	3.746921e+00
1.308000e-05	-7.889418e-03	3.608473e+00
1.309000e-05	-9.014228e-03	3.357521e+00
1.310000e-05	-7.462431e-03	3.156450e+00
1.311000e-05	-4.352682e-03	2.978472e+00
1.312000e-05	-5.290509e-03	2.808952e+00
1.313000e-05	-7.728563e-03	2.538525e+00
1.314000e-05	-7.124206e-03	2.336917e+00
1.315000e-05	-5.527771e-03	2.116342e+00
1.316000e-05	-4.600690e-03	1.968922e+00
1.317000e-05	-6.352904e-03	1.746268e+00
1.318000e-05	-7.329698e-03	1.504867e+00
1.319000e-05	-5.606675e-03	1.274162e+00
1.320000e-05	-3.509007e-03	1.051734e+00
1.321000e-05	-4.468800e-03	8.100801e-01
1.322000e-05	-5.844828e-03	6.100263e-01
1.323000e-05	-5.641842e-03	4.185064e-01
1.324000e-05	-3.627573e-03	1.994512e-01
1.325000e-05	-3.126928e-03	-2.207759e-02
1.326000e-05	2.782763e-03	-2.520515e-01
1.327000e-05	1.510173e-03	-3.699974e-01
1.328000e-05	-2.744066e-03	-6.711740e-01
1.329000e-05	8.159598e-04	-8.225540e-01
1.330000e-05	-1.611460e-03	-1.010975e+00
1.331000e-05	-1.641464e-03	-1.219472e+00
1.332000e-05	-3.111368e-04	-1.453700e+00
1.333000e-05	2.935526e-02	-1.610603e+00
1.334000e-05	9.917011e-02	-1.802574e+00
1.335000e-05	-6.196824e-02	-2.106353e+00
1.336000e-05	-1.063281e-02	-2.473654e+00
1.337000e-05	-7.049249e-02	-2.642207e+00
1.338000e-05	-8.703135e-02	-2.779971e+00
1.339000e-05	1.542460e-01	-2.810526e+00
1.340000e-05	-3.114860e-02	-3.042645e+00
1.341000e-05	-1.208151e-01	-3.366464e+00
1.342000e-05	2.190059e-01	-3.411054e+00
1.343000e-05	-1.563509e-01	-3.601576e+00
1.344000e-05	5.680677e-02	-3.967464e+00
1.345000e-05	1.146751e-01	-4.064662e+00
1.346000e-05	-2.055191e-01	-4.314312e+00
1.347000e-05	6.644808e-02	-4.451604e+00
1.348000e-05	3.022334e-02	-4.661125e+00
1.349000e-05	-3.688223e-02	-4.905892e+00
1.350000e-05	1.344706e-01	-5.042654e+00
1.351000e-05	-1.600346e-01	-5.314234e+00
1.352000e-05	8.417795e-02	-5.547415e+00
1.353000e-05	3.012964e-02	-5.714809e+00
1.354000e-05	-5.910779e-02	-5.925462e+00
1.355000e-05	6.557316e-02	-6.021650e+00
1.356000e-05	-1.193704e-01	-6.292236e+00
1.357000e-05	1.355761e-01	-6.471731e+00
1.358000e-05	-3.144716e-02	-6.589622e+00
1.359000e-05	-6.955931e-03	-6.839122e+00
1.360000e-05	3.665736e-02	-6.965391e+00
1.361000e-05	-1.056374e-01	-7.177490e+00
1.362000e-05	1.360708e-01	-7.346413e+00
1.363000e-05	-5.351783e-02	-7.492286e+00
1.364000e-05	2.956109e-02	-7.703812e+00
1.365000e-05	-1.206747e-02	-7.860777e+00
1.366000e-05	-1.546465e-02	-8.072203e+00
1.367000e-05	8.912231e-02	-8.168069e+00
1.368000e-05	-7.346004e-02	-8.284341e+00
1.369000e-05	4.143763e-02	-8.492656e+00
1.370000e-05	-5.180949e-02	-8.601147e+00
1.371000e-05	6.390102e-02	-8.809490e+00
1.372000e-05	2.027002e-02	-8.905336e+00
1.373000e-05	-1.671583e-02	-9.072200e+00
1.374000e-05	1.825858e-02	-9.128387e+00
1.375000e-05	-2.410408e-02	-9.242711e+00
1.376000e-05	6.121303e-02	-9.410225e+00
1.377000e-05	-2.440265e-02	-9.547495e+00
1.378000e-05	9.903978e-03	-9.663285e+00
1.379000e-05	-1.011888e-02	-9.776994e+00
1.380000e-05	3.257482e-02	-9.903258e+00
1.381000e-05	3.223677e-02	-9.968543e+00
1.382000e-05	-8.288294e-03	-1.007281e+01
1.383000e-05	4.646388e-03	-1.024912e+01
1.384000e-05	-1.594198e-03	-1.031230e+01
1.385000e-05	3.563125e-02	-1.038863e+01
1.386000e-05	6.645056e-03	-1.045324e+01
1.387000e-05	2.862187e-03	-1.057659e+01
1.388000e-05	2.347926e-05	-1.063118e+01
1.389000e-05	2.591398e-02	-1.073589e+01
1.390000e-05	2.800368e-02	-1.077702e+01
1.391000e-05	6.677540e-03	-1.082220e+01
1.392000e-05	1.555610e-03	-1.092286e+01
1.393000e-05	1.160802e-02	-1.098747e+01
1.394000e-05	3.179878e-02	-1.100965e+01
1.395000e-05	2.044312e-02	-1.109231e+01
1.396000e-05	4.916077e-03	-1.115444e+01
1.397000e-05	7.863267e-03	-1.118965e+01
1.398000e-05	2.374705e-02	-1.123115e+01
1.399000e-05	2.754384e-02	-1.134181e+01
1.400000e-05	1.667886e-02	-1.130446e+01
1.401000e-05	8.512427e-03	-1.138797e+01
1.402000e-05	1.972007e-02	-1.132950e+01
1.403000e-05	3.058864e-02	-1.143115e+01
1.404000e-05	2.834388e-02	-1.139121e+01
1.405000e-05	1.517032e-02	-1.148130e+01
1.406000e-05	1.517968e-02	-1.146171e+01
1.407000e-05	2.820176e-02	-1.147333e+01
1.408000e-05	3.497012e-02	-1.149378e+01
1.409000e-05	2.775964e-02	-1.149278e+01
1.410000e-05	1.904527e-02	-1.142073e+01
1.411000e-05	2.584287e-02	-1.146378e+01
1.412000e-05	3.454459e-02	-1.144031e+01
1.413000e-05	3.595374e-02	-1.140863e+01
1.414000e-05	2.697017e-02	-1.142913e+01
1.415000e-05	2.661759e-02	-1.135552e+01
1.416000e-05	3.607682e-02	-1.135645e+01
1.417000e-05	4.248845e-02	-1.127228e+01
1.418000e-05	3.699458e-02	-1.124970e+01
1.419000e-05	2.726833e-02	-1.118938e+01
1.420000e-05	3.052632e-02	-1.109504e+01
1.421000e-05	3.818483e-02	-1.111378e+01
1.422000e-05	3.986693e-02	-1.101060e+01
1.423000e-05	3.202772e-02	-1.096907e+01
1.424000e-05	2.878003e-02	-1.090481e+01
1.425000e-05	3.334051e-02	-1.085321e+01
1.426000e-05	3.625834e-02	-1.077808e+01
1.427000e-05	3.154852e-02	-1.073494e+01
1.428000e-05	2.269444e-02	-1.065226e+01
1.429000e-05	2.255280e-02	-1.056807e+01
1.430000e-05	2.779113e-02	-1.049334e+01
1.431000e-05	2.731677e-02	-1.045071e+01
1.432000e-05	2.138259e-02	-1.032639e+01
1.433000e-05	1.619675e-02	-1.025918e+01
1.434000e-05	1.884834e-02	-1.011436e+01
1.435000e-05	2.178156e-02	-9.999050e+00
1.436000e-05	1.907103e-02	-9.924816e+00
1.437000e-05	1.211416e-02	-9.809577e+00
1.438000e-05	1.025334e-02	-9.694337e+00
1.439000e-05	1.442530e-02	-9.597528e+00
1.440000e-05	1.603832e-02	-9.523332e+00
1.441000e-05	1.107298e-02	-9.305016e+00
1.442000e-05	7.286695e-03	-9.198076e+00
1.443000e-05	7.791907e-03	-9.104736e+00
1.444000e-05	1.117491e-02	-8.917942e+00
1.445000e-05	9.558735e-03	-8.809552e+00
1.446000e-05	6.804825e-03	-8.724310e+00
1.447000e-05	4.941494e-03	-8.535287e+00
1.448000e-05	8.136745e-03	-8.378922e+00
1.449000e-05	7.442147e-03	-8.221659e+00
1.450000e-05	4.893553e-03	-8.115313e+00
1.451000e-05	1.916294e-03	-7.957426e+00
1.452000e-05	3.709844e-03	-7.787028e+00
1.453000e-05	4.662510e-03	-7.577901e+00
1.454000e-05	5.191428e-03	-7.460208e+00
1.455000e-05	2.110323e-03	-7.272708e+00
1.456000e-05	1.083294e-03	-7.114366e+00
1.457000e-05	2.557092e-03	-6.905887e+00
1.458000e-05	3.016092e-03	-6.726417e+00
1.459000e-05	1.370204e-03	-6.578442e+00
1.460000e-05	-1.984279e-03	-6.411528e+00
1.461000e-05	-1.018497e-04	-6.221106e+00
1.462000e-05	1.725309e-03	-6.019526e+00
1.463000e-05	3.217426e-03	-5.782532e+00
1.464000e-05	-9.655661e-04	-5.663183e+00
1.465000e-05	-1.312715e-03	-5.534389e+00
1.466000e-05	-2.028484e-03	-5.261135e+00
1.467000e-05	2.215104e-03	-5.040203e+00
1.468000e-05	-2.510327e-03	-4.729481e+00
1.469000e-05	-2.890306e-03	-4.607052e+00
1.470000e-05	-4.376271e-03	-4.440053e+00
1.471000e-05	-2.231447e-04	-4.242686e+00
1.472000e-05	-1.216301e-03	-4.123707e+00
1.473000e-05	-1.793649e-03	-3.934762e+00
1.474000e-05	-3.823991e-03	-3.641659e+00
1.475000e-05	-9.281215e-04	-3.493787e+00
1.476000e-05	-3.706007e-03	-3.274184e+00
1.477000e-05	-3.976430e-03	-3.073338e+00
1.478000e-05	-5.559289e-03	-2.840554e+00
1.479000e-05	-3.444839e-03	-2.662183e+00
1.480000e-05	-3.633275e-03	-2.461126e+00
1.481000e-05	-3.309600e-03	-2.273686e+00
1.482000e-05	-3.578870e-03	-1.999505e+00
1.483000e-05	-2.723614e-03	-1.822506e+00
1.484000e-05	-4.346648e-03	-1.631106e+00
1.485000e-05	-5.617750e-03	-1.429980e+00
1.486000e-05	-5.446589e-03	-1.146374e+00
1.487000e-05	-6.653234e-03	-9.378383e-01
1.488000e-05	-4.898753e-03	-7.489909e-01
1.489000e-05	-5.352582e-03	-5.242368e-01
1.490000e-05	-3.535044e-03	-2.957680e-01
1.491000e-05	-4.054359e-03	-8.578690e-02
1.492000e-05	3.102792e-03	8.413566e-02
1.493000e-05	1.410255e-03	3.153920e-01
1.494000e-05	-2.782510e-03	5.153369e-01
1.495000e-05	-1.231745e-03	7.041582e-01
1.496000e-05	-5.322866e-03	8.341530e-01
1.497000e-05	-2.632261e-03	1.096282e+00
1.498000e-05	-1.597946e-03	1.306313e+00
1.499000e-05	7.888272e-03	1.527416e+00
1.500000e-05	5.214350e-02	1.789948e+00
1.501000e-05	4.874785e-02	1.979000e+00
1.502000e-05	-6.554601e-02	2.220601e+00
1.503000e-05	-2.853198e-02	2.420105e+00
1.504000e-05	-5.104829e-02	2.643736e+00
1.505000e-05	-8.154937e-02	2.811050e+00
1.506000e-05	8.607569e-02	2.946340e+00
1.507000e-05	3.453851e-02	3.167416e+00
1.508000e-05	-1.592152e-01	3.326316e+00
1.509000e-05	1.925069e-01	3.515866e+00
1.510000e-05	-6.560385e-02	3.757445e+00
1.511000e-05	-1.417547e-02	3.895814e+00
1.512000e-05	7.949278e-02	4.144342e+00
1.513000e-05	-1.233764e-01	4.377945e+00
1.514000e-05	1.260561e-03	4.556965e+00
1.515000e-05	4.137190e-02	4.716366e+00
1.516000e-05	-2.408482e-02	4.957516e+00
1.517000e-05	2.668813e-02	5.221552e+00
1.518000e-05	-5.596181e-02	5.432750e+00
1.519000e-05	1.076041e-03	5.599477e+00
1.520000e-05	1.774213e-02	5.817601e+00
1.521000e-05	-1.141474e-02	5.980098e+00
1.522000e-05	-1.242171e-02	6.168519e+00
1.523000e-05	-4.520051e-02	6.336889e+00
1.524000e-05	5.139844e-02	6.474862e+00
1.525000e-05	-1.652743e-02	6.683834e+00
1.526000e-05	-1.551184e-02	6.862207e+00
1.527000e-05	-1.093437e-02	7.011627e+00
1.528000e-05	-4.778088e-02	7.179100e+00
1.529000e-05	4.323519e-02	7.337993e+00
1.530000e-05	-1.309449e-02	7.547968e+00
1.531000e-05	-1.144988e-02	7.775465e+00
1.532000e-05	-2.673578e-02	7.946438e+00
1.533000e-05	-2.279967e-03	8.103335e+00
1.534000e-05	1.304701e-02	8.271628e+00
1.535000e-05	-3.033322e-02	8.379973e+00
1.536000e-05	-1.888250e-02	8.524386e+00
1.537000e-05	-2.908552e-02	8.641702e+00
1.538000e-05	1.992270e-02	8.757486e+00
1.539000e-05	-2.543197e-03	8.903813e+00
1.540000e-05	-1.906640e-02	9.000175e+00
1.541000e-05	-2.738230e-02	9.148468e+00
1.542000e-05	-1.118252e-02	9.304885e+00
1.543000e-05	2.535416e-03	9.380626e+00
1.544000e-05	-1.630901e-02	9.535087e+00
1.545000e-05	-2.638520e-02	9.619174e+00
1.546000e-05	-2.354211e-02	9.737593e+00
1.547000e-05	3.202337e-03	9.882336e+00
1.548000e-05	-4.133096e-03	1.002810e+01
1.549000e-05	-2.135373e-02	1.008481e+01
1.550000e-05	-3.207599e-02	1.017952e+01
1.551000e-05	-1.487161e-02	1.027331e+01
1.552000e-05	-6.157583e-03	1.035702e+01
1.553000e-05	-1.360913e-02	1.038018e+01
1.554000e-05	-2.854504e-02	1.056692e+01
1.555000e-05	-2.661465e-02	1.065065e+01
1.556000e-05	-8.230739e-03	1.069386e+01
1.557000e-05	-9.281496e-03	1.078657e+01
1.558000e-05	-2.156573e-02	1.083018e+01
1.559000e-05	-3.249566e-02	1.093484e+01
1.560000e-05	-2.035632e-02	1.094852e+01
1.561000e-05	-1.289965e-02	1.101765e+01
1.562000e-05	-1.783557e-02	1.106326e+01
1.563000e-05	-3.240703e-02	1.110536e+01
1.564000e-05	-3.207737e-02	1.113589e+01
1.565000e-05	-1.897400e-02	1.118705e+01
1.566000e-05	-1.760492e-02	1.123875e+01
1.567000e-05	-2.635465e-02	1.126138e+01
1.568000e-05	-3.643257e-02	1.126389e+01
1.569000e-05	-2.782050e-02	1.134399e+01
1.570000e-05	-2.085174e-02	1.137701e+01
1.571000e-05	-2.404941e-02	1.137899e+01
1.572000e-05	-3.704998e-02	1.130459e+01
1.573000e-05	-3.900412e-02	1.137960e+01
1.574000e-05	-3.062384e-02	1.139907e+01
1.575000e-05	-2.633572e-02	1.136709e+01
1.576000e-05	-3.239192e-02	1.141814e+01
1.577000e-05	-4.251140e-02	1.137659e+01
1.578000e-05	-3.873828e-02	1.134599e+01
1.579000e-05	-3.382406e-02	1.130286e+01
1.580000e-05	-3.352242e-02	1.131344e+01
1.581000e-05	-4.440000e-02	1.128334e+01
1.582000e-05	-4.719444e-02	1.125021e+01
1.583000e-05	-4.039282e-02	1.118757e+01
1.584000e-05	-3.584818e-02	1.115700e+01
1.585000e-05	-3.925629e-02	1.113637e+01
1.586000e-05	-4.782232e-02	1.109331e+01
1.587000e-05	-4.493386e-02	1.107125e+01
1.588000e-05	-3.913675e-02	1.100857e+01
1.589000e-05	-3.681272e-02	1.094696e+01
1.590000e-05	-4.300632e-02	1.089228e+01
1.591000e-05	-4.467871e-02	1.086170e+01
1.592000e-05	-3.921987e-02	1.078852e+01
1.593000e-05	-3.268848e-02	1.071388e+01
1.594000e-05	-3.294963e-02	1.059025e+01
1.595000e-05	-3.783637e-02	1.050484e+01
1.596000e-05	-3.509584e-02	1.039865e+01
1.597000e-05	-2.890865e-02	1.032592e+01
1.598000e-05	-2.585419e-02	1.022073e+01
1.599000e-05	-2.948717e-02	1.015699e+01
1.600000e-05	-3.164919e-02	1.008418e+01
1.601000e-05	-2.758860e-02	9.987046e+00
1.602000e-05	-2.021085e-02	9.790753e+00
1.603000e-05	-2.084793e-02	9.704416e+00
1.604000e-05	-2.400053e-02	9.598998e+00
1.605000e-05	-2.477098e-02	9.493811e+00
1.606000e-05	-1.791089e-02	9.348524e+00
1.607000e-05	-1.542062e-02	9.273183e+00
1.608000e-05	-1.853555e-02	9.197445e+00
1.609000e-05	-2.241424e-02	9.071228e+00
1.610000e-05	-1.916586e-02	8.892757e+00
1.611000e-05	-1.419582e-02	8.694341e+00
1.612000e-05	-1.324887e-02	8.588547e+00
1.613000e-05	-1.745084e-02	8.473158e+00
1.614000e-05	-1.746211e-02	8.366493e+00
1.615000e-05	-1.371679e-02	8.239120e+00
1.616000e-05	-9.716633e-03	8.042150e+00
1.617000e-05	-1.220326e-02	7.902807e+00
1.618000e-05	-1.559209e-02	7.704385e+00
1.619000e-05	-1.473798e-02	7.577522e+00
1.620000e-05	-9.787595e-03	7.368396e+00
1.621000e-05	-9.064997e-03	7.157471e+00
1.622000e-05	-1.290016e-02	7.050625e+00
1.623000e-05	-1.305779e-02	6.864680e+00
1.624000e-05	-1.066845e-02	6.723909e+00
1.625000e-05	-6.883489e-03	6.465288e+00
1.626000e-05	-9.151783e-03	6.336316e+00
1.627000e-05	-1.225338e-02	6.167421e+00
1.628000e-05	-1.167146e-02	6.010124e+00
1.629000e-05	-8.213094e-03	5.850124e+00
1.630000e-05	-7.258007e-03	5.629529e+00
1.631000e-05	-9.878522e-03	5.441080e+00
1.632000e-05	-1.143690e-02	5.220704e+00
1.633000e-05	-8.159639e-03	4.970528e+00
1.634000e-05	-4.496254e-03	4.746969e+00
1.635000e-05	-6.789609e-03	4.598950e+00
1.636000e-05	-9.226611e-03	4.401076e+00
1.637000e-05	-1.017070e-02	4.251748e+00
1.638000e-05	-7.073050e-03	4.008518e+00
1.639000e-05	-5.325588e-03	3.819000e+00
1.640000e-05	-6.831279e-03	3.610582e+00
1.641000e-05	-8.999112e-03	3.410702e+00
1.642000e-05	-7.762573e-03	3.209451e+00
1.643000e-05	-5.082384e-03	3.010026e+00
1.644000e-05	-5.591034e-03	2.810603e+00
1.645000e-05	-7.450054e-03	2.628995e+00
1.646000e-05	-8.154772e-03	2.366920e+00
1.647000e-05	-5.201176e-03	2.176971e+00
1.648000e-05	-3.942623e-03	1.977448e+00
1.649000e-05	-5.574130e-03	1.757876e+00
1.650000e-05	-7.410190e-03	1.566293e+00
1.651000e-05	-7.018077e-03	1.356741e+00
1.652000e-05	-4.762931e-03	1.114786e+00
1.653000e-05	-4.143524e-03	8.210554e-01
1.654000e-05	-5.154748e-03	6.815815e-01
1.655000e-05	-5.752482e-03	4.216039e-01
1.656000e-05	-4.508379e-03	2.431303e-01
1.657000e-05	-2.462562e-03	-1.847757e-02
1.658000e-05	8.675644e-04	-1.909475e-01
1.659000e-05	2.435632e-03	-3.884486e-01
1.660000e-05	-5.330721e-03	-5.374457e-01
1.661000e-05	2.557129e-03	-8.189775e-01
1.662000e-05	-2.749559e-03	-9.684974e-01
1.663000e-05	-3.833068e-04	-1.158918e+00
1.664000e-05	-2.895694e-03	-1.390978e+00
1.665000e-05	1.947393e-02	-1.590526e+00
1.666000e-05	1.006566e-01	-1.770395e+00
1.667000e-05	-3.635836e-02	-2.093155e+00
1.668000e-05	-2.529645e-02	-2.422548e+00
1.669000e-05	-5.500214e-02	-2.641104e+00
1.670000e-05	-9.587170e-02	-2.758443e+00
1.671000e-05	1.103288e-01	-2.800524e+00
1.672000e-05	4.845328e-02	-2.930596e+00
1.673000e-05	-1.878431e-01	-3.323359e+00
1.674000e-05	2.126206e-01	-3.401553e+00
1.675000e-05	-1.031404e-01	-3.579979e+00
1.676000e-05	-1.145566e-02	-3.915912e+00
1.677000e-05	1.609103e-01	-4.042159e+00
1.678000e-05	-1.796551e-01	-4.292682e+00
1.679000e-05	-1.665692e-03	-4.400028e+00
1.680000e-05	8.770641e-02	-4.578546e+00
1.681000e-05	-8.156946e-02	-4.884232e+00
1.682000e-05	1.535487e-01	-5.033227e+00
1.683000e-05	-1.349814e-01	-5.241654e+00
1.684000e-05	2.417498e-02	-5.525839e+00
1.685000e-05	8.432580e-02	-5.661683e+00
1.686000e-05	-8.779054e-02	-5.893308e+00
1.687000e-05	8.480111e-02	-6.010624e+00
1.688000e-05	-1.184330e-01	-6.240278e+00
1.689000e-05	1.000351e-01	-6.441105e+00
1.690000e-05	1.922990e-02	-6.568519e+00
1.691000e-05	-5.066907e-02	-6.777544e+00
1.692000e-05	6.980006e-02	-6.943390e+00
1.693000e-05	-1.207833e-01	-7.126941e+00
1.694000e-05	1.165751e-01	-7.305367e+00
1.695000e-05	-1.322068e-02	-7.462704e+00
1.696000e-05	-6.174276e-03	-7.651782e+00
1.697000e-05	2.110015e-02	-7.830276e+00
1.698000e-05	-5.174006e-02	-8.019623e+00
1.699000e-05	1.052098e-01	-8.136943e+00
1.700000e-05	-6.614914e-02	-8.284285e+00
1.701000e-05	2.993741e-02	-8.400652e+00
1.702000e-05	-3.501964e-02	-8.506572e+00
1.703000e-05	3.475389e-02	-8.746919e+00
1.704000e-05	4.925605e-02	-8.932259e+00
1.705000e-05	-3.267700e-02	-9.040169e+00
1.706000e-05	2.769049e-02	-9.095865e+00
1.707000e-05	-3.183333e-02	-9.223107e+00
1.708000e-05	5.657844e-02	-9.409623e+00
1.709000e-05	-8.697043e-03	-9.495938e+00
1.710000e-05	-1.942992e-03	-9.682185e+00
1.711000e-05	-3.832047e-04	-9.755939e+00
1.712000e-05	1.619592e-02	-9.882281e+00
1.713000e-05	4.476565e-02	-9.976442e+00
1.714000e-05	-1.102529e-02	-1.005313e+01
1.715000e-05	6.221993e-03	-1.015699e+01
1.716000e-05	-5.802652e-03	-1.027183e+01
1.717000e-05	3.328721e-02	-1.037904e+01
1.718000e-05	1.515041e-02	-1.044281e+01
1.719000e-05	1.577779e-04	-1.057597e+01
1.720000e-05	1.856289e-03	-1.061118e+01
1.721000e-05	1.862232e-02	-1.071381e+01
1.722000e-05	3.351690e-02	-1.073702e+01
1.723000e-05	7.831808e-03	-1.085065e+01
1.724000e-05	2.227832e-03	-1.090281e+01
1.725000e-05	7.973318e-03	-1.097494e+01
1.726000e-05	2.930213e-02	-1.099970e+01
1.727000e-05	2.455282e-02	-1.106576e+01
1.728000e-05	6.068591e-03	-1.109402e+01
1.729000e-05	6.657720e-03	-1.114745e+01
1.730000e-05	2.068684e-02	-1.124980e+01
1.731000e-05	3.056160e-02	-1.127329e+01
1.732000e-05	1.974652e-02	-1.129396e+01
1.733000e-05	8.579934e-03	-1.128552e+01
1.734000e-05	1.588516e-02	-1.140700e+01
1.735000e-05	2.980807e-02	-1.143863e+01
1.736000e-05	3.124365e-02	-1.146123e+01
1.737000e-05	1.698271e-02	-1.146218e+01
1.738000e-05	1.354118e-02	-1.150183e+01
1.739000e-05	2.431064e-02	-1.148426e+01
1.740000e-05	3.551436e-02	-1.146323e+01
1.741000e-05	3.064798e-02	-1.146283e+01
1.742000e-05	1.858758e-02	-1.147228e+01
1.743000e-05	2.377999e-02	-1.145173e+01
1.744000e-05	3.436545e-02	-1.145918e+01
1.745000e-05	3.879260e-02	-1.143118e+01
1.746000e-05	2.816156e-02	-1.136657e+01
1.747000e-05	2.368664e-02	-1.135902e+01
1.748000e-05	3.291460e-02	-1.132492e+01
1.749000e-05	4.204013e-02	-1.132333e+01
1.750000e-05	3.880801e-02	-1.126230e+01
1.751000e-05	2.880169e-02	-1.117908e+01
1.752000e-05	2.966014e-02	-1.112442e+01
1.753000e-05	3.811941e-02	-1.108286e+01
1.754000e-05	4.226188e-02	-1.099118e+01
1.755000e-05	3.311147e-02	-1.098797e+01
1.756000e-05	2.671762e-02	-1.090642e+01
1.757000e-05	3.039163e-02	-1.090378e+01
1.758000e-05	3.738806e-02	-1.079962e+01
1.759000e-05	3.387701e-02	-1.073697e+01
1.760000e-05	2.406388e-02	-1.069381e+01
1.761000e-05	2.178018e-02	-1.061013e+01
1.762000e-05	2.716622e-02	-1.049544e+01
1.763000e-05	2.920164e-02	-1.045268e+01
1.764000e-05	2.204504e-02	-1.035644e+01
1.765000e-05	1.604885e-02	-1.027026e+01
1.766000e-05	1.665779e-02	-1.014536e+01
1.767000e-05	2.261918e-02	-1.001911e+01
1.768000e-05	2.065938e-02	-9.916441e+00
1.769000e-05	1.308518e-02	-9.829653e+00
1.770000e-05	9.777949e-03	-9.696841e+00
1.771000e-05	1.412544e-02	-9.590103e+00
1.772000e-05	1.730917e-02	-9.504389e+00
1.773000e-05	1.295136e-02	-9.346443e+00
1.774000e-05	6.561622e-03	-9.258128e+00
1.775000e-05	7.331024e-03	-9.094339e+00
1.776000e-05	1.117433e-02	-8.967020e+00
1.777000e-05	1.156746e-02	-8.851606e+00
1.778000e-05	6.225063e-03	-8.752916e+00
1.779000e-05	3.370497e-03	-8.555915e+00
1.780000e-05	6.145438e-03	-8.428077e+00
1.781000e-05	8.944344e-03	-8.264712e+00
1.782000e-05	6.639165e-03	-8.124916e+00
1.783000e-05	1.954780e-03	-7.996551e+00
1.784000e-05	2.140946e-03	-7.809177e+00
1.785000e-05	4.977870e-03	-7.588525e+00
1.786000e-05	6.029629e-03	-7.472661e+00
1.787000e-05	2.925514e-03	-7.305215e+00
1.788000e-05	5.011689e-04	-7.146947e+00
1.789000e-05	1.568087e-03	-6.956441e+00
1.790000e-05	3.606564e-03	-6.736399e+00
1.791000e-05	3.408451e-03	-6.588029e+00
1.792000e-05	-5.530350e-04	-6.451632e+00
1.793000e-05	-1.458727e-03	-6.332284e+00
1.794000e-05	2.669660e-04	-6.032184e+00
1.795000e-05	3.523981e-03	-5.863754e+00
1.796000e-05	-6.307718e-04	-5.706811e+00
1.797000e-05	-1.582098e-03	-5.564473e+00
1.798000e-05	-3.149275e-03	-5.306257e+00
1.799000e-05	1.954446e-03	-5.084283e+00
1.800000e-05	-9.288061e-04	-4.873283e+00
1.801000e-05	-1.258290e-03	-4.631080e+00
1.802000e-05	-4.332096e-03	-4.483633e+00
1.803000e-05	-1.691017e-03	-4.284790e+00
1.804000e-05	-6.975269e-04	-4.106866e+00
1.805000e-05	-1.185881e-05	-3.965443e+00
1.806000e-05	-3.707371e-03	-3.652760e+00
1.807000e-05	-3.285357e-03	-3.515338e+00
1.808000e-05	-2.575431e-03	-3.315366e+00
1.809000e-05	-1.808740e-03	-3.146268e+00
1.810000e-05	-5.696585e-03	-2.873684e+00
1.811000e-05	-4.095427e-03	-2.684816e+00
1.812000e-05	-4.290029e-03	-2.492216e+00
1.813000e-05	-1.522807e-03	-2.285286e+00
1.814000e-05	-2.641208e-03	-2.062084e+00
1.815000e-05	-4.126411e-03	-1.842759e+00
1.816000e-05	-4.855647e-03	-1.654659e+00
1.817000e-05	-5.759242e-03	-1.484153e+00
1.818000e-05	-3.991586e-03	-1.198949e+00
1.819000e-05	-6.001465e-03	-9.879262e-01
1.820000e-05	-5.054238e-03	-7.884987e-01
1.821000e-05	-5.480884e-03	-5.362959e-01
1.822000e-05	-3.040109e-03	-3.564196e-01
1.823000e-05	-3.572473e-03	-1.368697e-01
1.824000e-05	1.022074e-03	7.252770e-02
1.825000e-05	1.930169e-03	3.042093e-01
1.826000e-05	-4.781250e-03	4.626805e-01
1.827000e-05	1.135171e-03	6.766828e-01
1.828000e-05	-5.950151e-03	8.115004e-01
1.829000e-05	-2.336370e-03	1.081252e+00
1.830000e-05	-4.005167e-03	1.314282e+00
1.831000e-05	6.490056e-03	1.492205e+00
1.832000e-05	4.016157e-02	1.778388e+00
1.833000e-05	6.571196e-02	1.927945e+00
1.834000e-05	-5.991397e-02	2.170471e+00
1.835000e-05	-3.198978e-02	2.398973e+00
1.836000e-05	-4.711050e-02	2.614127e+00
1.837000e-05	-7.627003e-02	2.780501e+00
1.838000e-05	3.642677e-02	2.894261e+00
1.839000e-05	9.951149e-02	3.125760e+00
1.840000e-05	-1.919980e-01	3.263209e+00
1.841000e-05	1.670835e-01	3.504836e+00
1.842000e-05	-1.821700e-02	3.726940e+00
1.843000e-05	-4.812584e-02	3.893784e+00
1.844000e-05	8.962648e-02	4.103582e+00
1.845000e-05	-9.528969e-02	4.355864e+00
1.846000e-05	-4.072266e-02	4.506235e+00
1.847000e-05	6.016286e-02	4.715838e+00
1.848000e-05	-3.004340e-02	4.927440e+00
1.849000e-05	2.754484e-02	5.157515e+00
1.850000e-05	-3.898935e-02	5.439597e+00
1.851000e-05	-2.299005e-02	5.568446e+00
1.852000e-05	3.383669e-02	5.756538e+00
1.853000e-05	-2.120782e-02	5.987471e+00
1.854000e-05	3.542911e-03	6.125464e+00
1.855000e-05	-5.985488e-02	6.305412e+00
1.856000e-05	4.879775e-02	6.482207e+00
1.857000e-05	-5.225467e-03	6.674782e+00
1.858000e-05	-2.308469e-02	6.861109e+00
1.859000e-05	-1.397005e-03	7.020171e+00
1.860000e-05	-5.375662e-02	7.158921e+00
1.861000e-05	3.379659e-02	7.314516e+00
1.862000e-05	-1.947078e-03	7.505941e+00
1.863000e-05	-1.260066e-02	7.735364e+00
1.864000e-05	-2.518525e-02	7.923936e+00
1.865000e-05	-9.003797e-03	8.113808e+00
1.866000e-05	1.512618e-02	8.239128e+00
1.867000e-05	-2.352574e-02	8.346915e+00
1.868000e-05	-2.218828e-02	8.482836e+00
1.869000e-05	-2.771413e-02	8.610101e+00
1.870000e-05	1.098329e-02	8.737367e+00
1.871000e-05	6.179758e-03	8.842103e+00
1.872000e-05	-1.839098e-02	8.980093e+00
1.873000e-05	-2.739085e-02	9.158392e+00
1.874000e-05	-1.475142e-02	9.263834e+00
1.875000e-05	1.824779e-04	9.419548e+00
1.876000e-05	-1.020929e-02	9.482336e+00
1.877000e-05	-2.796078e-02	9.599973e+00
1.878000e-05	-2.300544e-02	9.736420e+00
1.879000e-05	-1.497108e-03	9.831773e+00
1.880000e-05	1.124846e-03	9.979494e+00
1.881000e-05	-1.908768e-02	1.009429e+01
1.882000e-05	-3.200863e-02	1.018642e+01
1.883000e-05	-1.777016e-02	1.025126e+01
1.884000e-05	-7.387822e-03	1.033737e+01
1.885000e-05	-9.187841e-03	1.044911e+01
1.886000e-05	-2.840077e-02	1.048644e+01
1.887000e-05	-2.656692e-02	1.058662e+01
1.888000e-05	-1.172889e-02	1.067485e+01
1.889000e-05	-6.316939e-03	1.075752e+01
1.890000e-05	-2.008868e-02	1.082116e+01
1.891000e-05	-3.264945e-02	1.085336e+01
1.892000e-05	-2.369797e-02	1.096656e+01
1.893000e-05	-1.373086e-02	1.103917e+01
1.894000e-05	-1.454576e-02	1.107176e+01
1.895000e-05	-3.189354e-02	1.110581e+01
1.896000e-05	-3.171930e-02	1.109689e+01
1.897000e-05	-2.175468e-02	1.115749e+01
1.898000e-05	-1.534434e-02	1.123973e+01
1.899000e-05	-2.395068e-02	1.127783e+01
1.900000e-05	-3.470373e-02	1.132234e+01
1.901000e-05	-2.996466e-02	1.130386e+01
1.902000e-05	-2.180043e-02	1.132554e+01
1.903000e-05	-2.171500e-02	1.134814e+01
1.904000e-05	-3.644888e-02	1.141754e+01
1.905000e-05	-3.989732e-02	1.138604e+01
1.906000e-05	-3.204057e-02	1.140755e+01
1.907000e-05	-2.579161e-02	1.138809e+01
1.908000e-05	-3.105720e-02	1.134954e+01
1.909000e-05	-4.107179e-02	1.138807e+01
1.910000e-05	-3.954378e-02	1.137594e+01
1.911000e-05	-3.421994e-02	1.135391e+01
1.912000e-05	-3.174753e-02	1.134351e+01
1.913000e-05	-4.357940e-02	1.131281e+01
1.914000e-05	-4.652108e-02	1.127325e+01
1.915000e-05	-4.263372e-02	1.119958e+01
1.916000e-05	-3.525368e-02	1.114707e+01
1.917000e-05	-3.838828e-02	1.113541e+01
1.918000e-05	-4.704429e-02	1.110433e+01
1.919000e-05	-4.626043e-02	1.106330e+01
1.920000e-05	-3.953271e-02	1.097810e+01
1.921000e-05	-3.652969e-02	1.097697e+01
1.922000e-05	-4.265697e-02	1.090481e+01
1.923000e-05	-4.571205e-02	1.086126e+01
1.924000e-05	-4.074882e-02	1.080853e+01
1.925000e-05	-3.102725e-02	1.072342e+01
1.926000e-05	-3.178613e-02	1.065063e+01
1.927000e-05	-3.752307e-02	1.050539e+01
1.928000e-05	-3.668233e-02	1.040910e+01
1.929000e-05	-2.798516e-02	1.032592e+01
1.930000e-05	-2.549673e-02	1.026368e+01
1.931000e-05	-2.889374e-02	1.015802e+01
1.932000e-05	-3.257161e-02	1.009426e+01
1.933000e-05	-2.720020e-02	1.000910e+01
1.934000e-05	-1.949095e-02	9.901737e+00
1.935000e-05	-2.000509e-02	9.756534e+00
1.936000e-05	-2.539785e-02	9.608628e+00
1.937000e-05	-2.602898e-02	9.504814e+00
1.938000e-05	-1.857301e-02	9.408078e+00
1.939000e-05	-1.476314e-02	9.302785e+00
1.940000e-05	-1.771068e-02	9.167000e+00
1.941000e-05	-2.395570e-02	9.039208e+00
1.942000e-05	-1.982832e-02	8.891859e+00
1.943000e-05	-1.506222e-02	8.736521e+00
1.944000e-05	-1.050652e-02	8.601152e+00
1.945000e-05	-1.598276e-02	8.495311e+00
1.946000e-05	-1.773779e-02	8.416998e+00
1.947000e-05	-1.287152e-02	8.209679e+00
1.948000e-05	-1.039075e-02	8.054184e+00
1.949000e-05	-1.274129e-02	7.874835e+00
1.950000e-05	-1.845941e-02	7.766442e+00
1.951000e-05	-1.605303e-02	7.610550e+00
1.952000e-05	-1.045835e-02	7.447527e+00
1.953000e-05	-7.352172e-03	7.219599e+00
1.954000e-05	-9.831045e-03	7.052682e+00
1.955000e-05	-1.310151e-02	6.915357e+00
1.956000e-05	-1.011948e-02	6.756341e+00
1.957000e-05	-8.449778e-03	6.597415e+00
1.958000e-05	-1.027309e-02	6.356395e+00
1.959000e-05	-1.385816e-02	6.168998e+00
1.960000e-05	-1.319068e-02	6.050107e+00
1.961000e-05	-7.863059e-03	5.872682e+00
1.962000e-05	-4.793112e-03	5.641604e+00
1.963000e-05	-6.618730e-03	5.424209e+00
1.964000e-05	-9.894749e-03	5.273258e+00
1.965000e-05	-9.561769e-03	5.031178e+00
1.966000e-05	-6.455644e-03	4.808527e+00
1.967000e-05	-8.565947e-03	4.600552e+00
1.968000e-05	-1.103908e-02	4.472578e+00
1.969000e-05	-1.130479e-02	4.302656e+00
1.970000e-05	-6.487939e-03	4.020025e+00
1.971000e-05	-4.209841e-03	3.861105e+00
1.972000e-05	-5.908612e-03	3.640654e+00
1.973000e-05	-8.194108e-03	3.444233e+00
1.974000e-05	-8.664233e-03	3.200553e+00
1.975000e-05	-4.911848e-03	3.012106e+00
1.976000e-05	-6.066704e-03	2.812557e+00
1.977000e-05	-7.155155e-03	2.691658e+00
1.978000e-05	-8.902237e-03	2.410475e+00
1.979000e-05	-5.899255e-03	2.208976e+00
1.980000e-05	-3.640323e-03	2.020051e+00
1.981000e-05	-4.848900e-03	1.819525e+00
1.982000e-05	-6.907915e-03	1.597524e+00
1.983000e-05	-6.890508e-03	1.377895e+00
1.984000e-05	-4.158943e-03	1.138894e+00
1.985000e-05	-4.825354e-03	8.621119e-01
1.986000e-05	-6.067888e-03	6.626592e-01
1.987000e-05	-6.222476e-03	4.637342e-01
1.988000e-05	-4.728890e-03	2.632645e-01
1.989000e-05	-3.528586e-03	4.153281e-02
1.990000e-05	-5.323203e-04	-1.784423e-01
1.991000e-05	4.988340e-03	-3.073647e-01
1.992000e-05	-4.925893e-03	-5.047921e-01
1.993000e-05	3.607865e-03	-7.879423e-01
1.994000e-05	-3.996459e-03	-9.268671e-01
1.995000e-05	8.574467e-04	-1.124864e+00
1.996000e-05	-5.491271e-03	-1.305941e+00
1.997000e-05	1.209811e-02	-1.606466e+00
1.998000e-05	8.884254e-02	-1.716963e+00
1.999000e-05	-1.203080e-03	-2.000522e+00
2.000000e-05	-4.273996e-02	-2.384519e+00
2.001000e-05	-3.545699e-02	-2.589499e+00
2.002000e-05	-9.829005e-02	-2.706865e+00
2.003000e-05	5.616831e-02	-2.800000e+00
2.004000e-05	1.163914e-01	-2.905811e+00
2.005000e-05	-2.091952e-01	-3.303652e+00
2.006000e-05	1.713829e-01	-3.369531e+00
2.007000e-05	-2.681709e-02	-3.527816e+00
2.008000e-05	-8.043979e-02	-3.885280e+00
2.009000e-05	1.833551e-01	-4.041580e+00
2.010000e-05	-1.307719e-01	-4.192202e+00
2.011000e-05	-7.509366e-02	-4.391024e+00
2.012000e-05	1.345372e-01	-4.545841e+00
2.013000e-05	-1.014155e-01	-4.849650e+00
2.014000e-05	1.480154e-01	-4.980078e+00
2.015000e-05	-8.801028e-02	-5.188495e+00
2.016000e-05	-4.428826e-02	-5.483312e+00
2.017000e-05	1.245949e-01	-5.631078e+00
2.018000e-05	-9.659899e-02	-5.812675e+00
2.019000e-05	8.072626e-02	-5.968525e+00
2.020000e-05	-9.292656e-02	-6.168924e+00
2.021000e-05	4.992617e-02	-6.451124e+00
2.022000e-05	7.474567e-02	-6.537913e+00
2.023000e-05	-8.287344e-02	-6.735441e+00
2.024000e-05	8.373894e-02	-6.864757e+00
2.025000e-05	-1.160591e-01	-7.053910e+00
2.026000e-05	7.450435e-02	-7.303786e+00
2.027000e-05	3.708337e-02	-7.419098e+00
2.028000e-05	-4.114446e-02	-7.661199e+00
2.029000e-05	5.197784e-02	-7.798617e+00
2.030000e-05	-7.118647e-02	-7.989070e+00
2.031000e-05	1.058966e-01	-8.134391e+00
2.032000e-05	-4.406954e-02	-8.252179e+00
2.033000e-05	3.091800e-03	-8.368101e+00
2.034000e-05	-1.356180e-02	-8.527842e+00
2.035000e-05	4.770098e-04	-8.683937e+00
2.036000e-05	7.627981e-02	-8.862786e+00
2.037000e-05	-3.917684e-02	-8.987571e+00
2.038000e-05	3.090288e-02	-9.124813e+00
2.039000e-05	-2.970042e-02	-9.209576e+00
2.040000e-05	4.446226e-02	-9.387097e+00
2.041000e-05	1.130000e-02	-9.485385e+00
2.042000e-05	-1.594267e-02	-9.652182e+00
2.043000e-05	8.087752e-03	-9.717394e+00
2.044000e-05	3.963934e-04	-9.820778e+00
2.045000e-05	5.398427e-02	-9.936888e+00
2.046000e-05	-8.990594e-03	-1.006016e+01
2.047000e-05	6.644914e-03	-1.017499e+01
2.048000e-05	-5.322849e-03	-1.027273e+01
2.049000e-05	2.729725e-02	-1.035702e+01
2.050000e-05	2.227387e-02	-1.045273e+01
2.051000e-05	-2.332361e-03	-1.054749e+01
2.052000e-05	3.536710e-03	-1.061958e+01
2.053000e-05	1.161631e-02	-1.070584e+01
2.054000e-05	3.608551e-02	-1.074744e+01
2.055000e-05	1.003771e-02	-1.080061e+01
2.056000e-05	3.913481e-03	-1.090484e+01
2.057000e-05	5.690389e-03	-1.098602e+01
2.058000e-05	2.742294e-02	-1.101907e+01
2.059000e-05	2.712944e-02	-1.105426e+01
2.060000e-05	8.479175e-03	-1.110489e+01
2.061000e-05	5.334669e-03	-1.120957e+01
2.062000e-05	1.655111e-02	-1.124017e+01
2.063000e-05	3.039444e-02	-1.123273e+01
2.064000e-05	2.189043e-02	-1.131241e+01
2.065000e-05	1.013335e-02	-1.130542e+01
2.066000e-05	1.386023e-02	-1.134665e+01
2.067000e-05	2.825386e-02	-1.141813e+01
2.068000e-05	3.304479e-02	-1.144073e+01
2.069000e-05	1.912311e-02	-1.147173e+01
2.070000e-05	1.261799e-02	-1.144318e+01
2.071000e-05	2.166928e-02	-1.147378e+01
2.072000e-05	3.293056e-02	-1.146531e+01
2.073000e-05	3.216448e-02	-1.149134e+01
2.074000e-05	2.014719e-02	-1.147379e+01
2.075000e-05	2.274090e-02	-1.145176e+01
2.076000e-05	3.331492e-02	-1.143275e+01
2.077000e-05	3.900584e-02	-1.142273e+01
2.078000e-05	2.946709e-02	-1.137555e+01
2.079000e-05	2.455279e-02	-1.131755e+01
2.080000e-05	3.101633e-02	-1.134599e+01
2.081000e-05	4.084448e-02	-1.127194e+01
2.082000e-05	3.890039e-02	-1.125988e+01
2.083000e-05	3.035093e-02	-1.120857e+01
2.084000e-05	3.013398e-02	-1.112654e+01
2.085000e-05	3.723639e-02	-1.110389e+01
2.086000e-05	4.117379e-02	-1.107273e+01
2.087000e-05	3.441173e-02	-1.096754e+01
2.088000e-05	2.827742e-02	-1.092639e+01
2.089000e-05	3.047312e-02	-1.087331e+01
2.090000e-05	3.599288e-02	-1.081861e+01
2.091000e-05	3.355919e-02	-1.076847e+01
2.092000e-05	2.617052e-02	-1.070281e+01
2.093000e-05	2.235945e-02	-1.058055e+01
2.094000e-05	2.567635e-02	-1.053497e+01
2.095000e-05	2.817602e-02	-1.049271e+01
2.096000e-05	2.433289e-02	-1.039798e+01
2.097000e-05	1.792002e-02	-1.023226e+01
2.098000e-05	1.700882e-02	-1.015447e+01
2.099000e-05	2.036391e-02	-1.002228e+01
2.100000e-05	2.024564e-02	-9.954892e+00
2.101000e-05	1.480611e-02	-9.819706e+00
2.102000e-05	1.142195e-02	-9.716365e+00
2.103000e-05	1.316836e-02	-9.611608e+00
2.104000e-05	1.608047e-02	-9.544973e+00
2.105000e-05	1.300019e-02	-9.368626e+00
2.106000e-05	8.559183e-03	-9.250654e+00
2.107000e-05	6.415557e-03	-9.116943e+00
2.108000e-05	1.041177e-02	-9.008123e+00
2.109000e-05	1.076960e-02	-8.853157e+00
2.110000e-05	6.994129e-03	-8.744921e+00
2.111000e-05	4.360061e-03	-8.588573e+00
2.112000e-05	5.496259e-03	-8.429606e+00
2.113000e-05	8.252926e-03	-8.293311e+00
2.114000e-05	7.116419e-03	-8.176922e+00
2.115000e-05	2.961558e-03	-8.019004e+00
2.116000e-05	2.472156e-03	-7.860200e+00
2.117000e-05	4.196719e-03	-7.621131e+00
2.118000e-05	5.646323e-03	-7.503386e+00
2.119000e-05	3.060311e-03	-7.315914e+00
2.120000e-05	-3.674384e-05	-7.175951e+00
2.121000e-05	6.643829e-04	-6.987569e+00
2.122000e-05	3.384165e-03	-6.777974e+00
2.123000e-05	3.559899e-03	-6.630104e+00
2.124000e-05	6.828671e-04	-6.493205e+00
2.125000e-05	-1.443012e-03	-6.304813e+00
2.126000e-05	9.134787e-04	-6.045335e+00
2.127000e-05	2.204828e-03	-5.915713e+00
2.128000e-05	5.458718e-06	-5.746418e+00
2.129000e-05	-2.222571e-03	-5.596996e+00
2.130000e-05	-1.906052e-03	-5.306344e+00
2.131000e-05	1.062930e-03	-5.105366e+00
2.132000e-05	1.168709e-03	-4.903211e+00
2.133000e-05	-1.311562e-03	-4.622557e+00
2.134000e-05	-3.616679e-03	-4.483737e+00
2.135000e-05	-3.355591e-03	-4.335414e+00
2.136000e-05	-7.889071e-04	-4.146417e+00
2.137000e-05	-3.541850e-04	-3.986998e+00
2.138000e-05	-3.347553e-03	-3.697445e+00
2.139000e-05	-4.057828e-03	-3.566924e+00
2.140000e-05	-4.500724e-03	-3.366843e+00
2.141000e-05	-7.281702e-04	-3.177872e+00
2.142000e-05	-4.546122e-03	-2.944716e+00
2.143000e-05	-3.189009e-03	-2.716293e+00
2.144000e-05	-4.880568e-03	-2.545793e+00
2.145000e-05	-5.748299e-04	-2.337871e+00
2.146000e-05	-2.419083e-03	-2.095263e+00
2.147000e-05	-2.634764e-03	-1.896192e+00
2.148000e-05	-6.406068e-03	-1.704767e+00
2.149000e-05	-5.009683e-03	-1.555343e+00
2.150000e-05	-4.922969e-03	-1.210478e+00
2.151000e-05	-4.580997e-03	-9.899764e-01
2.152000e-05	-6.305357e-03	-7.990050e-01
2.153000e-05	-6.149578e-03	-5.689775e-01
2.154000e-05	-3.355379e-03	-3.679485e-01
2.155000e-05	-2.800775e-03	-1.878973e-01
2.156000e-05	9.561453e-06	2.110263e-02
2.157000e-05	1.940342e-03	2.511052e-01
2.158000e-05	-5.167130e-03	4.511554e-01
2.159000e-05	2.159269e-03	6.235252e-01
2.160000e-05	-5.010128e-03	8.199989e-01
2.161000e-05	-1.102085e-03	9.600702e-01
2.162000e-05	-4.808058e-03	1.243204e+00
2.163000e-05	3.324083e-03	1.442554e+00
2.164000e-05	2.964209e-02	1.716337e+00
2.165000e-05	7.468969e-02	1.905340e+00
2.166000e-05	-4.434793e-02	2.148917e+00
2.167000e-05	-3.979578e-02	2.366891e+00
2.168000e-05	-4.380069e-02	2.630119e+00
2.169000e-05	-6.864312e-02	2.808997e+00
2.170000e-05	-9.618366e-03	2.883684e+00
2.171000e-05	1.424751e-01	3.094729e+00
2.172000e-05	-1.881979e-01	3.271576e+00
2.173000e-05	1.137212e-01	3.471776e+00
2.174000e-05	4.243644e-02	3.714758e+00
2.175000e-05	-7.533477e-02	3.862802e+00
2.176000e-05	8.358758e-02	4.030526e+00
2.177000e-05	-5.678585e-02	4.262728e+00
2.178000e-05	-7.966883e-02	4.494657e+00
2.179000e-05	7.181614e-02	4.673276e+00
2.180000e-05	-2.862138e-02	4.883735e+00
2.181000e-05	2.080140e-02	5.105419e+00
2.182000e-05	-2.027769e-02	5.369094e+00
2.183000e-05	-4.531766e-02	5.568438e+00
2.184000e-05	4.387867e-02	5.715807e+00
2.185000e-05	-2.692358e-02	5.906864e+00
2.186000e-05	1.362035e-02	6.086313e+00
2.187000e-05	-6.419910e-02	6.294310e+00
2.188000e-05	3.784422e-02	6.431074e+00
2.189000e-05	1.020564e-02	6.630202e+00
2.190000e-05	-2.970135e-02	6.810078e+00
2.191000e-05	2.659153e-03	6.968073e+00
2.192000e-05	-5.178740e-02	7.128394e+00
2.193000e-05	1.864823e-02	7.284883e+00
2.194000e-05	1.310937e-02	7.493308e+00
2.195000e-05	-1.637977e-02	7.723860e+00
2.196000e-05	-2.174431e-02	7.853705e+00
2.197000e-05	-1.393357e-02	8.072250e+00
2.198000e-05	1.372746e-02	8.219600e+00
2.199000e-05	-1.508925e-02	8.337389e+00
2.200000e-05	-2.834139e-02	8.462682e+00
2.201000e-05	-2.428930e-02	8.597548e+00
2.202000e-05	-1.243200e-03	8.765936e+00
2.203000e-05	1.611062e-02	8.830078e+00
2.204000e-05	-1.927358e-02	8.974565e+00
2.205000e-05	-2.476459e-02	9.105937e+00
2.206000e-05	-1.657644e-02	9.272286e+00
2.207000e-05	-2.093608e-03	9.379474e+00
2.208000e-05	-5.023914e-03	9.481282e+00
2.209000e-05	-2.962821e-02	9.618569e+00
2.210000e-05	-2.244865e-02	9.675387e+00
2.211000e-05	-7.787088e-03	9.861223e+00
2.212000e-05	5.409272e-03	9.936438e+00
2.213000e-05	-1.705481e-02	1.006373e+01
2.214000e-05	-3.144167e-02	1.013494e+01
2.215000e-05	-1.979344e-02	1.025228e+01
2.216000e-05	-8.705537e-03	1.031791e+01
2.217000e-05	-7.052607e-03	1.040860e+01
2.218000e-05	-2.796653e-02	1.046484e+01
2.219000e-05	-2.685481e-02	1.057965e+01
2.220000e-05	-1.517170e-02	1.068376e+01
2.221000e-05	-4.517081e-03	1.075797e+01
2.222000e-05	-1.984569e-02	1.079070e+01
2.223000e-05	-3.065744e-02	1.088436e+01
2.224000e-05	-2.442403e-02	1.094546e+01
2.225000e-05	-1.504253e-02	1.101010e+01
2.226000e-05	-1.250081e-02	1.107123e+01
2.227000e-05	-3.049051e-02	1.110231e+01
2.228000e-05	-3.178995e-02	1.111636e+01
2.229000e-05	-2.418882e-02	1.115744e+01
2.230000e-05	-1.509921e-02	1.117908e+01
2.231000e-05	-2.482246e-02	1.126223e+01
2.232000e-05	-3.318041e-02	1.129294e+01
2.233000e-05	-3.189944e-02	1.137491e+01
2.234000e-05	-2.150512e-02	1.136396e+01
2.235000e-05	-2.149303e-02	1.136506e+01
2.236000e-05	-3.500621e-02	1.137909e+01
2.237000e-05	-3.862958e-02	1.141657e+01
2.238000e-05	-3.407838e-02	1.137954e+01
2.239000e-05	-2.479581e-02	1.134767e+01
2.240000e-05	-3.012397e-02	1.139054e+01
2.241000e-05	-4.031125e-02	1.134599e+01
2.242000e-05	-4.049137e-02	1.138699e+01
2.243000e-05	-3.378987e-02	1.134647e+01
2.244000e-05	-3.149070e-02	1.130594e+01
2.245000e-05	-4.214832e-02	1.125328e+01
2.246000e-05	-4.622934e-02	1.128077e+01
2.247000e-05	-4.255818e-02	1.117867e+01
2.248000e-05	-3.552827e-02	1.118745e+01
2.249000e-05	-3.901005e-02	1.113547e+01
2.250000e-05	-4.588144e-02	1.112433e+01
2.251000e-05	-4.674200e-02	1.109273e+01
2.252000e-05	-4.184283e-02	1.101910e+01
2.253000e-05	-3.499314e-02	1.095749e+01
2.254000e-05	-4.155112e-02	1.089539e+01
2.255000e-05	-4.447082e-02	1.084173e+01
2.256000e-05	-4.148074e-02	1.079807e+01
2.257000e-05	-3.319617e-02	1.074349e+01
2.258000e-05	-3.177911e-02	1.064185e+01
2.259000e-05	-3.661852e-02	1.054746e+01
2.260000e-05	-3.769618e-02	1.046078e+01
2.261000e-05	-3.064017e-02	1.035642e+01
2.262000e-05	-2.633329e-02	1.028233e+01
2.263000e-05	-2.703578e-02	1.020757e+01
2.264000e-05	-3.099583e-02	1.009481e+01
2.265000e-05	-2.869920e-02	1.004260e+01
2.266000e-05	-2.243295e-02	9.902337e+00
2.267000e-05	-1.942679e-02	9.747395e+00
2.268000e-05	-2.347283e-02	9.629587e+00
2.269000e-05	-2.556950e-02	9.556964e+00
2.270000e-05	-2.073286e-02	9.389577e+00
2.271000e-05	-1.585125e-02	9.324810e+00
2.272000e-05	-1.745303e-02	9.209526e+00
2.273000e-05	-2.167583e-02	9.091907e+00
2.274000e-05	-1.876844e-02	8.906410e+00
2.275000e-05	-1.470175e-02	8.747445e+00
2.276000e-05	-1.291724e-02	8.621207e+00
2.277000e-05	-1.637923e-02	8.523840e+00
2.278000e-05	-1.765564e-02	8.389154e+00
2.279000e-05	-1.558295e-02	8.261133e+00
2.280000e-05	-1.135452e-02	8.042286e+00
2.281000e-05	-1.379633e-02	8.007340e+00
2.282000e-05	-1.419496e-02	7.776992e+00
2.283000e-05	-1.438660e-02	7.640108e+00
2.284000e-05	-9.747377e-03	7.432077e+00
2.285000e-05	-8.958988e-03	7.260055e+00
2.286000e-05	-1.096102e-02	7.112762e+00
2.287000e-05	-1.324898e-02	6.924821e+00
2.288000e-05	-1.204906e-02	6.767525e+00
2.289000e-05	-9.583432e-03	6.578553e+00
2.290000e-05	-1.023769e-02	6.376998e+00
2.291000e-05	-1.132840e-02	6.219602e+00
2.292000e-05	-1.131371e-02	6.042680e+00
2.293000e-05	-7.436716e-03	5.900789e+00
2.294000e-05	-6.944763e-03	5.704708e+00
2.295000e-05	-7.859863e-03	5.485362e+00
2.296000e-05	-1.039984e-02	5.305841e+00
2.297000e-05	-9.558559e-03	5.081236e+00
2.298000e-05	-6.978420e-03	4.842055e+00
2.299000e-05	-7.679084e-03	4.661207e+00
2.300000e-05	-9.670299e-03	4.473233e+00
2.301000e-05	-9.911741e-03	4.303313e+00
2.302000e-05	-6.262334e-03	4.061531e+00
2.303000e-05	-4.995800e-03	3.852659e+00
2.304000e-05	-6.898946e-03	3.683711e+00
2.305000e-05	-8.524146e-03	3.513864e+00
2.306000e-05	-7.268778e-03	3.243108e+00
2.307000e-05	-5.767648e-03	3.062658e+00
2.308000e-05	-7.125794e-03	2.893708e+00
2.309000e-05	-7.441888e-03	2.724291e+00
2.310000e-05	-7.695988e-03	2.410503e+00
2.311000e-05	-5.351669e-03	2.250555e+00
2.312000e-05	-5.578180e-03	2.029056e+00
2.313000e-05	-5.907453e-03	1.854183e+00
2.314000e-05	-6.903676e-03	1.652524e+00
2.315000e-05	-5.373795e-03	1.378602e+00
2.316000e-05	-4.804270e-03	1.199950e+00
2.317000e-05	-4.982098e-03	8.872148e-01
2.318000e-05	-6.078811e-03	6.962619e-01
2.319000e-05	-5.278965e-03	5.167420e-01
2.320000e-05	-4.471969e-03	3.468684e-01
2.321000e-05	-4.108735e-03	9.411045e-02
2.322000e-05	-2.328042e-03	-1.472893e-01
2.323000e-05	5.292957e-03	-3.168395e-01
2.324000e-05	-2.787303e-03	-4.726830e-01
2.325000e-05	3.000359e-03	-7.378184e-01
2.326000e-05	-3.776541e-03	-9.053855e-01
2.327000e-05	2.944128e-04	-1.095312e+00
2.328000e-05	-4.118410e-03	-1.304312e+00
2.329000e-05	7.802678e-03	-1.535412e+00
2.330000e-05	7.408243e-02	-1.703741e+00
2.331000e-05	3.424723e-02	-1.927942e+00
2.332000e-05	-6.091211e-02	-2.314365e+00
2.333000e-05	-1.852270e-02	-2.539465e+00
2.334000e-05	-9.444583e-02	-2.715890e+00
2.335000e-05	2.605313e-03	-2.788999e+00
2.336000e-05	1.604575e-01	-2.844182e+00
2.337000e-05	-1.898968e-01	-3.198121e+00
2.338000e-05	1.078325e-01	-3.389950e+00
2.339000e-05	5.579826e-02	-3.504259e+00
2.340000e-05	-1.395944e-01	-3.799175e+00
2.341000e-05	1.790939e-01	-3.991025e+00
2.342000e-05	-6.739459e-02	-4.198524e+00
2.343000e-05	-1.360591e-01	-4.360525e+00
2.344000e-05	1.517286e-01	-4.483785e+00
2.345000e-05	-9.591758e-02	-4.768042e+00
2.346000e-05	1.146473e-01	-4.988545e+00
2.347000e-05	-2.027441e-02	-5.148315e+00
2.348000e-05	-1.027523e-01	-5.442753e+00
2.349000e-05	1.470199e-01	-5.609523e+00
2.350000e-05	-8.659886e-02	-5.818619e+00
2.351000e-05	5.547026e-02	-5.967973e+00
2.352000e-05	-5.188669e-02	-6.107415e+00
2.353000e-05	-1.160932e-02	-6.376996e+00
2.354000e-05	1.162389e-01	-6.525337e+00
2.355000e-05	-9.846217e-02	-6.703963e+00
2.356000e-05	8.332774e-02	-6.892683e+00
2.357000e-05	-8.519177e-02	-7.070657e+00
2.358000e-05	2.222613e-02	-7.283183e+00
2.359000e-05	8.307323e-02	-7.399048e+00
2.360000e-05	-6.831956e-02	-7.579000e+00
2.361000e-05	6.710715e-02	-7.768444e+00
2.362000e-05	-7.582199e-02	-7.924519e+00
2.363000e-05	8.445083e-02	-8.104866e+00
2.364000e-05	-9.336008e-03	-8.262655e+00
2.365000e-05	-2.301534e-02	-8.378495e+00
2.366000e-05	1.358785e-02	-8.505839e+00
2.367000e-05	-2.932858e-02	-8.713885e+00
2.368000e-05	8.966126e-02	-8.831257e+00
2.369000e-05	-3.754944e-02	-8.946496e+00
2.370000e-05	2.460211e-02	-9.073813e+00
2.371000e-05	-2.152992e-02	-9.180026e+00
2.372000e-05	2.291389e-02	-9.306440e+00
2.373000e-05	3.213490e-02	-9.502352e+00
2.374000e-05	-2.490764e-02	-9.649551e+00
2.375000e-05	1.769449e-02	-9.705361e+00
2.376000e-05	-9.289005e-03	-9.800150e+00
2.377000e-05	5.367466e-02	-9.915865e+00
2.378000e-05	-2.367154e-03	-9.980258e+00
2.379000e-05	1.587726e-03	-1.015644e+01
2.380000e-05	-3.547380e-03	-1.024973e+01
2.381000e-05	1.794988e-02	-1.031594e+01
2.382000e-05	3.164726e-02	-1.045178e+01
2.383000e-05	-1.222441e-03	-1.053697e+01
2.384000e-05	6.367639e-03	-1.058107e+01
2.385000e-05	5.897020e-03	-1.066333e+01
2.386000e-05	3.523279e-02	-1.071499e+01
2.387000e-05	1.300215e-02	-1.080860e+01
2.388000e-05	2.810389e-03	-1.089391e+01
2.389000e-05	3.201786e-03	-1.093694e+01
2.390000e-05	2.391222e-02	-1.096950e+01
2.391000e-05	3.180044e-02	-1.105281e+01
2.392000e-05	1.215135e-02	-1.109539e+01
2.393000e-05	5.508086e-03	-1.115664e+01
2.394000e-05	1.321954e-02	-1.121106e+01
2.395000e-05	2.915794e-02	-1.131231e+01
2.396000e-05	2.356852e-02	-1.127384e+01
2.397000e-05	1.062694e-02	-1.131494e+01
2.398000e-05	1.186028e-02	-1.133655e+01
2.399000e-05	2.616406e-02	-1.139814e+01
2.400000e-05	3.408350e-02	-1.141973e+01
2.401000e-05	2.208114e-02	-1.147826e+01
2.402000e-05	1.312633e-02	-1.148176e+01
2.403000e-05	1.891977e-02	-1.143438e+01
2.404000e-05	3.330424e-02	-1.150434e+01
2.405000e-05	3.319848e-02	-1.152228e+01
2.406000e-05	2.183621e-02	-1.149226e+01
2.407000e-05	2.032153e-02	-1.147028e+01
2.408000e-05	3.153393e-02	-1.147073e+01
2.409000e-05	3.950362e-02	-1.148871e+01
2.410000e-05	3.273631e-02	-1.140863e+01
2.411000e-05	2.442317e-02	-1.137657e+01
2.412000e-05	2.848825e-02	-1.131642e+01
2.413000e-05	4.015203e-02	-1.130433e+01
2.414000e-05	4.115264e-02	-1.129133e+01
2.415000e-05	3.181233e-02	-1.118013e+01
2.416000e-05	2.745177e-02	-1.116532e+01
2.417000e-05	3.490630e-02	-1.109384e+01
2.418000e-05	4.147873e-02	-1.104178e+01
2.419000e-05	3.726676e-02	-1.097848e+01
2.420000e-05	2.833945e-02	-1.090537e+01
2.421000e-05	2.885228e-02	-1.089484e+01
2.422000e-05	3.623994e-02	-1.080166e+01
2.423000e-05	3.596071e-02	-1.074697e+01
2.424000e-05	2.736774e-02	-1.071432e+01
2.425000e-05	2.034622e-02	-1.062075e+01
2.426000e-05	2.404135e-02	-1.052604e+01
2.427000e-05	2.943380e-02	-1.046266e+01
2.428000e-05	2.608848e-02	-1.036960e+01
2.429000e-05	1.840643e-02	-1.024286e+01
2.430000e-05	1.618307e-02	-1.015547e+01
2.431000e-05	2.075711e-02	-1.000219e+01
2.432000e-05	2.201892e-02	-9.966424e+00
2.433000e-05	1.515548e-02	-9.852632e+00
2.434000e-05	8.899092e-03	-9.767419e+00
2.435000e-05	1.128385e-02	-9.641783e+00
2.436000e-05	1.671758e-02	-9.576399e+00
2.437000e-05	1.515643e-02	-9.449077e+00
2.438000e-05	1.003838e-02	-9.253713e+00
2.439000e-05	7.331170e-03	-9.135496e+00
2.440000e-05	1.032662e-02	-9.030704e+00
2.441000e-05	1.178594e-02	-8.883311e+00
2.442000e-05	7.497016e-03	-8.766545e+00
2.443000e-05	2.776216e-03	-8.619752e+00
2.444000e-05	4.091119e-03	-8.431056e+00
2.445000e-05	8.625664e-03	-8.305890e+00
2.446000e-05	8.694392e-03	-8.167025e+00
2.447000e-05	4.067552e-03	-8.062157e+00
2.448000e-05	1.734925e-03	-7.863332e+00
2.449000e-05	4.494153e-03	-7.642784e+00
2.450000e-05	6.305470e-03	-7.484362e+00
2.451000e-05	4.692493e-03	-7.336495e+00
2.452000e-05	-1.203937e-03	-7.219972e+00
2.453000e-05	-2.864413e-04	-7.010105e+00
2.454000e-05	3.086167e-03	-6.809077e+00
2.455000e-05	4.686148e-03	-6.652154e+00
2.456000e-05	7.695915e-04	-6.472256e+00
2.457000e-05	-1.549874e-03	-6.357422e+00
2.458000e-05	5.586652e-04	-6.114737e+00
2.459000e-05	3.536323e-03	-5.945867e+00
2.460000e-05	2.126602e-03	-5.748470e+00
2.461000e-05	-3.062823e-03	-5.629474e+00
2.462000e-05	-3.472257e-03	-5.408496e+00
2.463000e-05	-4.366624e-04	-5.135392e+00
2.464000e-05	1.395504e-03	-4.944446e+00
2.465000e-05	-1.976777e-03	-4.672339e+00
2.466000e-05	-3.290314e-03	-4.527313e+00
2.467000e-05	-2.832734e-03	-4.347972e+00
2.468000e-05	9.848378e-04	-4.138970e+00
2.469000e-05	3.460616e-04	-4.020048e+00
2.470000e-05	-3.289112e-03	-3.819049e+00
2.471000e-05	-3.935049e-03	-3.558975e+00
2.472000e-05	-3.884062e-03	-3.388997e+00
2.473000e-05	-1.742987e-03	-3.198976e+00
2.474000e-05	-4.651481e-03	-2.970373e+00
2.475000e-05	-4.320717e-03	-2.787423e+00
2.476000e-05	-5.435351e-03	-2.558424e+00
2.477000e-05	-1.022407e-03	-2.358445e+00
2.478000e-05	-1.131393e-03	-2.104797e+00
2.479000e-05	-2.034320e-03	-1.946341e+00
2.480000e-05	-5.617007e-03	-1.756421e+00
2.481000e-05	-6.555265e-03	-1.565897e+00
2.482000e-05	-6.016284e-03	-1.253058e+00
2.483000e-05	-4.421197e-03	-1.033105e+00
2.484000e-05	-5.606297e-03	-8.515816e-01
2.485000e-05	-5.285152e-03	-6.606301e-01
2.486000e-05	-3.347436e-03	-3.795287e-01
2.487000e-05	-1.535585e-03	-2.210303e-01
2.488000e-05	1.068250e-05	6.102632e-02
2.489000e-05	2.674041e-03	1.694763e-01
2.490000e-05	-5.889998e-03	4.315227e-01
2.491000e-05	4.706193e-04	5.820752e-01
2.492000e-05	-4.950515e-03	7.875035e-01
2.493000e-05	-1.948622e-03	9.293896e-01
2.494000e-05	-4.948634e-03	1.220548e+00
2.495000e-05	3.536368e-03	1.411021e+00
2.496000e-05	2.124642e-02	1.653703e+00
2.497000e-05	7.629758e-02	1.922207e+00
2.498000e-05	-2.203990e-02	2.083361e+00
2.499000e-05	-5.050782e-02	2.336335e+00
2.500000e-05	-3.924998e-02	2.564863e+00
2.501000e-05	-6.103686e-02	2.798491e+00
2.502000e-05	-4.606640e-02	2.852103e+00
2.503000e-05	1.591417e-01	3.061624e+00
2.504000e-05	-1.534800e-01	3.251603e+00
2.505000e-05	3.924294e-02	3.380679e+00
2.506000e-05	1.051030e-01	3.672130e+00
2.507000e-05	-9.519865e-02	3.841102e+00
2.508000e-05	6.669889e-02	3.989475e+00
2.509000e-05	-1.470938e-02	4.262149e+00
2.510000e-05	-1.107893e-01	4.461678e+00
2.511000e-05	7.102312e-02	4.641102e+00
2.512000e-05	-1.842804e-02	4.842657e+00
2.513000e-05	8.752293e-03	5.075226e+00
2.514000e-05	-1.821652e-03	5.306339e+00
2.515000e-05	-5.894224e-02	5.534836e+00
2.516000e-05	4.591665e-02	5.652259e+00
2.517000e-05	-2.425458e-02	5.904834e+00
2.518000e-05	1.407680e-02	6.053184e+00
2.519000e-05	-5.787902e-02	6.232778e+00
2.520000e-05	1.901524e-02	6.398579e+00
2.521000e-05	2.481468e-02	6.617100e+00
2.522000e-05	-3.322013e-02	6.818999e+00
2.523000e-05	2.346999e-03	6.937492e+00
2.524000e-05	-4.298403e-02	7.114738e+00
2.525000e-05	-1.127968e-03	7.263230e+00
2.526000e-05	2.629238e-02	7.420732e+00
2.527000e-05	-2.099120e-02	7.661753e+00
2.528000e-05	-1.660734e-02	7.821629e+00
2.529000e-05	-1.880959e-02	8.010754e+00
2.530000e-05	1.126948e-02	8.160469e+00
2.531000e-05	-6.077444e-03	8.294312e+00
2.532000e-05	-3.180666e-02	8.431152e+00
2.533000e-05	-1.910542e-02	8.568545e+00
2.534000e-05	-1.220363e-02	8.694335e+00
2.535000e-05	2.223039e-02	8.838527e+00
2.536000e-05	-1.787288e-02	8.946491e+00
2.537000e-05	-2.235231e-02	9.114908e+00
2.538000e-05	-1.951359e-02	9.281152e+00
2.539000e-05	-5.945106e-03	9.357441e+00
2.540000e-05	-1.654765e-03	9.493229e+00
2.541000e-05	-2.804702e-02	9.556492e+00
2.542000e-05	-2.126050e-02	9.682261e+00
2.543000e-05	-1.318959e-02	9.799148e+00
2.544000e-05	6.743230e-03	9.935913e+00
2.545000e-05	-1.572645e-02	1.004118e+01
2.546000e-05	-2.852124e-02	1.015439e+01
2.547000e-05	-2.367643e-02	1.019272e+01
2.548000e-05	-1.080347e-02	1.035342e+01
2.549000e-05	-5.220733e-03	1.037952e+01
2.550000e-05	-2.511085e-02	1.049221e+01
2.551000e-05	-2.575821e-02	1.057859e+01
2.552000e-05	-1.960558e-02	1.066285e+01
2.553000e-05	-3.986974e-03	1.074602e+01
2.554000e-05	-1.769828e-02	1.084065e+01
2.555000e-05	-2.889282e-02	1.089221e+01
2.556000e-05	-2.825804e-02	1.092541e+01
2.557000e-05	-1.647283e-02	1.101762e+01
2.558000e-05	-1.166001e-02	1.099975e+01
2.559000e-05	-2.644172e-02	1.109381e+01
2.560000e-05	-3.106371e-02	1.111586e+01
2.561000e-05	-2.742721e-02	1.116649e+01
2.562000e-05	-1.469273e-02	1.118914e+01
2.563000e-05	-2.255753e-02	1.126963e+01
2.564000e-05	-3.164886e-02	1.128288e+01
2.565000e-05	-3.374556e-02	1.126386e+01
2.566000e-05	-2.319025e-02	1.132707e+01
2.567000e-05	-1.985592e-02	1.134651e+01
2.568000e-05	-3.147139e-02	1.139667e+01
2.569000e-05	-3.821804e-02	1.139705e+01
2.570000e-05	-3.634873e-02	1.144820e+01
2.571000e-05	-2.650199e-02	1.137759e+01
2.572000e-05	-2.888068e-02	1.134560e+01
2.573000e-05	-3.765441e-02	1.137816e+01
2.574000e-05	-4.111838e-02	1.140449e+01
2.575000e-05	-3.521484e-02	1.129509e+01
2.576000e-05	-3.198736e-02	1.131636e+01
2.577000e-05	-3.956959e-02	1.126181e+01
2.578000e-05	-4.552818e-02	1.124281e+01
2.579000e-05	-4.432774e-02	1.119868e+01
2.580000e-05	-3.618573e-02	1.115802e+01
2.581000e-05	-3.708117e-02	1.117697e+01
2.582000e-05	-4.351888e-02	1.111484e+01
2.583000e-05	-4.783262e-02	1.108371e+01
2.584000e-05	-4.267204e-02	1.099763e+01
2.585000e-05	-3.691975e-02	1.095942e+01
2.586000e-05	-4.000140e-02	1.089476e+01
2.587000e-05	-4.386347e-02	1.087313e+01
2.588000e-05	-4.313993e-02	1.082913e+01
2.589000e-05	-3.384973e-02	1.075649e+01
2.590000e-05	-3.151604e-02	1.064123e+01
2.591000e-05	-3.519060e-02	1.055809e+01
2.592000e-05	-3.785278e-02	1.049281e+01
2.593000e-05	-3.131482e-02	1.035702e+01
2.594000e-05	-2.742805e-02	1.030278e+01
2.595000e-05	-2.689969e-02	1.019857e+01
2.596000e-05	-3.109187e-02	1.013589e+01
2.597000e-05	-2.904335e-02	1.002018e+01
2.598000e-05	-2.444611e-02	9.913492e+00
2.599000e-05	-1.889031e-02	9.836620e+00
2.600000e-05	-2.245366e-02	9.642182e+00
2.601000e-05	-2.401150e-02	9.577393e+00
2.602000e-05	-2.216366e-02	9.440682e+00
2.603000e-05	-1.704113e-02	9.325367e+00
2.604000e-05	-1.753451e-02	9.228626e+00
2.605000e-05	-2.094731e-02	9.136466e+00
2.606000e-05	-2.072702e-02	8.956987e+00
2.607000e-05	-1.615346e-02	8.787523e+00
2.608000e-05	-1.287835e-02	8.631756e+00
2.609000e-05	-1.450796e-02	8.504944e+00
2.610000e-05	-1.669402e-02	8.429103e+00
2.611000e-05	-1.586713e-02	8.285288e+00
2.612000e-05	-1.085712e-02	8.145365e+00
2.613000e-05	-1.211280e-02	7.937023e+00
2.614000e-05	-1.415962e-02	7.809476e+00
2.615000e-05	-1.659313e-02	7.632680e+00
2.616000e-05	-1.187297e-02	7.465337e+00
2.617000e-05	-9.224652e-03	7.272111e+00
2.618000e-05	-1.026945e-02	7.096264e+00
2.619000e-05	-1.233088e-02	6.946519e+00
2.620000e-05	-1.229329e-02	6.800550e+00
2.621000e-05	-9.199019e-03	6.619679e+00
2.622000e-05	-8.148016e-03	6.408528e+00
2.623000e-05	-1.053971e-02	6.242608e+00
2.624000e-05	-1.248013e-02	6.095234e+00
2.625000e-05	-9.626269e-03	5.937390e+00
2.626000e-05	-7.395846e-03	5.706388e+00
2.627000e-05	-7.750199e-03	5.505313e+00
2.628000e-05	-1.001725e-02	5.346916e+00
2.629000e-05	-9.131159e-03	5.145844e+00
2.630000e-05	-7.945773e-03	4.892562e+00
2.631000e-05	-5.967326e-03	4.683712e+00
2.632000e-05	-9.186964e-03	4.503236e+00
2.633000e-05	-9.695632e-03	4.365440e+00
2.634000e-05	-9.802896e-03	4.084287e+00
2.635000e-05	-6.714341e-03	3.914287e+00
2.636000e-05	-6.304318e-03	3.734867e+00
2.637000e-05	-7.670704e-03	3.546497e+00
2.638000e-05	-7.546648e-03	3.281713e+00
2.639000e-05	-5.178475e-03	3.114736e+00
2.640000e-05	-4.809109e-03	2.924364e+00
2.641000e-05	-6.728014e-03	2.756394e+00
2.642000e-05	-8.390442e-03	2.506138e+00
2.643000e-05	-8.106890e-03	2.263638e+00
2.644000e-05	-5.890481e-03	2.044186e+00
2.645000e-05	-5.505934e-03	1.895865e+00
2.646000e-05	-5.831505e-03	1.691154e+00
2.647000e-05	-6.277223e-03	1.460655e+00
2.648000e-05	-5.249045e-03	1.232003e+00
2.649000e-05	-4.163455e-03	9.464484e-01
2.650000e-05	-4.204480e-03	7.464698e-01
2.651000e-05	-5.827507e-03	5.163947e-01
2.652000e-05	-5.681143e-03	3.964209e-01
2.653000e-05	-3.682622e-03	7.569315e-02
2.654000e-05	-2.540416e-03	-1.136855e-01
2.655000e-05	5.189461e-03	-2.748080e-01
2.656000e-05	-1.752391e-03	-4.746028e-01
2.657000e-05	1.304945e-03	-7.058319e-01
2.658000e-05	-1.968993e-03	-8.641042e-01
2.659000e-05	3.688526e-04	-1.064183e+00
2.660000e-05	-3.746778e-03	-1.272628e+00
2.661000e-05	4.366664e-03	-1.525864e+00
2.662000e-05	5.539746e-02	-1.652233e+00
2.663000e-05	6.714684e-02	-1.915261e+00
2.664000e-05	-7.181681e-02	-2.181200e+00
2.665000e-05	-8.660071e-03	-2.526816e+00
2.666000e-05	-8.918975e-02	-2.705361e+00
2.667000e-05	-4.024045e-02	-2.777500e+00
2.668000e-05	1.807606e-01	-2.842551e+00
2.669000e-05	-1.478272e-01	-3.146941e+00
2.670000e-05	2.163941e-02	-3.359495e+00
2.671000e-05	1.281802e-01	-3.462704e+00
2.672000e-05	-1.722419e-01	-3.756318e+00
2.673000e-05	1.528273e-01	-3.996941e+00
2.674000e-05	4.154074e-03	-4.127370e+00
2.675000e-05	-1.863723e-01	-4.356996e+00
2.676000e-05	1.420514e-01	-4.474158e+00
2.677000e-05	-6.245614e-02	-4.746415e+00
2.678000e-05	6.356021e-02	-4.969020e+00
2.679000e-05	4.445715e-02	-5.074288e+00
2.680000e-05	-1.457020e-01	-5.418124e+00
2.681000e-05	1.451514e-01	-5.588466e+00
2.682000e-05	-5.283548e-02	-5.777420e+00
2.683000e-05	1.617922e-02	-5.937443e+00
2.684000e-05	-4.929211e-03	-6.064232e+00
2.685000e-05	-6.584892e-02	-6.316490e+00
2.686000e-05	1.437024e-01	-6.463814e+00
2.687000e-05	-8.931458e-02	-6.653281e+00
2.688000e-05	6.000006e-02	-6.831554e+00
2.689000e-05	-4.350914e-02	-6.991222e+00
2.690000e-05	-3.386944e-02	-7.241178e+00
2.691000e-05	1.206929e-01	-7.358443e+00
2.692000e-05	-7.979377e-02	-7.556546e+00
2.693000e-05	6.590262e-02	-7.765566e+00
2.694000e-05	-6.541298e-02	-7.894838e+00
2.695000e-05	5.263397e-02	-8.102834e+00
2.696000e-05	3.095226e-02	-8.211228e+00
2.697000e-05	-5.059670e-02	-8.325393e+00
2.698000e-05	3.348724e-02	-8.483386e+00
2.699000e-05	-4.797562e-02	-8.651757e+00
2.700000e-05	9.370781e-02	-8.780078e+00
2.701000e-05	-2.353613e-02	-8.946442e+00
2.702000e-05	1.050907e-02	-9.091784e+00
2.703000e-05	-8.707556e-03	-9.158470e+00
2.704000e-05	3.302434e-03	-9.306991e+00
2.705000e-05	4.951282e-02	-9.481353e+00
2.706000e-05	-3.179038e-02	-9.568574e+00
2.707000e-05	1.831710e-02	-9.693334e+00
2.708000e-05	-1.558460e-02	-9.789600e+00
2.709000e-05	5.271227e-02	-9.914863e+00
2.710000e-05	9.157058e-03	-1.000960e+01
2.711000e-05	-1.523532e-03	-1.010337e+01
2.712000e-05	-1.141743e-03	-1.022020e+01
2.713000e-05	9.851383e-03	-1.031441e+01
2.714000e-05	3.498834e-02	-1.042215e+01
2.715000e-05	-2.041339e-03	-1.053489e+01
2.716000e-05	4.533019e-03	-1.060957e+01
2.717000e-05	1.924871e-03	-1.068176e+01
2.718000e-05	3.567212e-02	-1.074592e+01
2.719000e-05	2.051936e-02	-1.079652e+01
2.720000e-05	5.495826e-03	-1.085276e+01
2.721000e-05	1.259475e-03	-1.093539e+01
2.722000e-05	1.940357e-02	-1.099802e+01
2.723000e-05	3.173660e-02	-1.104923e+01
2.724000e-05	1.221063e-02	-1.108331e+01
2.725000e-05	3.060747e-03	-1.114849e+01
2.726000e-05	9.674647e-03	-1.119918e+01
2.727000e-05	2.895156e-02	-1.125270e+01
2.728000e-05	2.800371e-02	-1.132536e+01
2.729000e-05	1.419214e-02	-1.130559e+01
2.730000e-05	1.103491e-02	-1.136715e+01
2.731000e-05	2.365888e-02	-1.141857e+01
2.732000e-05	3.342205e-02	-1.143863e+01
2.733000e-05	2.475378e-02	-1.147075e+01
2.734000e-05	1.158122e-02	-1.143173e+01
2.735000e-05	1.619796e-02	-1.150223e+01
2.736000e-05	3.121518e-02	-1.150433e+01
2.737000e-05	3.599707e-02	-1.150434e+01
2.738000e-05	2.534281e-02	-1.147225e+01
2.739000e-05	1.946297e-02	-1.147286e+01
2.740000e-05	2.957270e-02	-1.146175e+01
2.741000e-05	3.848188e-02	-1.138918e+01
2.742000e-05	3.412948e-02	-1.142968e+01
2.743000e-05	2.398873e-02	-1.140702e+01
2.744000e-05	2.629401e-02	-1.131852e+01
2.745000e-05	3.830904e-02	-1.136436e+01
2.746000e-05	4.268221e-02	-1.128188e+01
2.747000e-05	3.437059e-02	-1.123023e+01
2.748000e-05	2.667764e-02	-1.115747e+01
2.749000e-05	3.365436e-02	-1.116626e+01
2.750000e-05	4.138184e-02	-1.107123e+01
2.751000e-05	3.902321e-02	-1.099805e+01
2.752000e-05	2.868133e-02	-1.096597e+01
2.753000e-05	2.691052e-02	-1.090579e+01
2.754000e-05	3.395009e-02	-1.084176e+01
2.755000e-05	3.638241e-02	-1.078745e+01
2.756000e-05	2.945278e-02	-1.072344e+01
2.757000e-05	2.096785e-02	-1.064065e+01
2.758000e-05	2.282417e-02	-1.056653e+01
2.759000e-05	2.978755e-02	-1.050326e+01
2.760000e-05	2.733979e-02	-1.037012e+01
2.761000e-05	1.884959e-02	-1.029384e+01
2.762000e-05	1.548978e-02	-1.019612e+01
2.763000e-05	1.930606e-02	-1.007278e+01
2.764000e-05	2.253507e-02	-9.987472e+00
2.765000e-05	1.689607e-02	-9.903738e+00
2.766000e-05	1.058578e-02	-9.738993e+00
2.767000e-05	1.147141e-02	-9.662732e+00
2.768000e-05	1.585677e-02	-9.567502e+00
2.769000e-05	1.486871e-02	-9.451681e+00
2.770000e-05	9.953918e-03	-9.263941e+00
2.771000e-05	6.176602e-03	-9.157944e+00
2.772000e-05	9.460733e-03	-9.061628e+00
2.773000e-05	1.132161e-02	-8.865788e+00
2.774000e-05	8.437008e-03	-8.727500e+00
2.775000e-05	4.130298e-03	-8.620178e+00
2.776000e-05	4.604210e-03	-8.442208e+00
2.777000e-05	8.057111e-03	-8.324898e+00
2.778000e-05	9.027514e-03	-8.209127e+00
2.779000e-05	4.480698e-03	-8.061185e+00
2.780000e-05	1.536062e-03	-7.914893e+00
2.781000e-05	2.363377e-03	-7.696342e+00
2.782000e-05	6.740497e-03	-7.517917e+00
2.783000e-05	2.944604e-03	-7.367022e+00
2.784000e-05	2.829875e-03	-7.238002e+00
2.785000e-05	1.473612e-03	-7.071704e+00
2.786000e-05	3.473820e-03	-6.821554e+00
2.787000e-05	5.086463e-03	-6.684263e+00
2.788000e-05	-7.510081e-04	-6.516363e+00
2.789000e-05	-2.611662e-03	-6.366421e+00
2.790000e-05	-2.855312e-03	-6.175944e+00
2.791000e-05	1.847792e-03	-5.956996e+00
2.792000e-05	2.931839e-03	-5.757476e+00
2.793000e-05	9.503009e-04	-5.641626e+00
2.794000e-05	1.449874e-03	-5.443706e+00
2.795000e-05	-9.484971e-04	-5.188025e+00
2.796000e-05	1.531921e-03	-5.018400e+00
2.797000e-05	-4.999543e-03	-4.665387e+00
2.798000e-05	-4.404814e-03	-4.576417e+00
2.799000e-05	-6.056972e-03	-4.399499e+00
2.800000e-05	5.615126e-04	-4.221027e+00
2.801000e-05	6.194961e-04	-4.059552e+00
2.802000e-05	1.121025e-03	-3.872179e+00
2.803000e-05	-2.342387e-03	-3.618476e+00
2.804000e-05	-3.935559e-03	-3.420103e+00
2.805000e-05	-4.028184e-03	-3.203055e+00
2.806000e-05	-5.552705e-03	-3.021453e+00
2.807000e-05	-5.559659e-03	-2.819001e+00
2.808000e-05	-5.306386e-03	-2.649052e+00
2.809000e-05	-6.479381e-04	-2.401025e+00
2.810000e-05	-1.683228e-03	-2.136996e+00
2.811000e-05	-5.627681e-04	-1.957421e+00
2.812000e-05	-4.295182e-03	-1.786421e+00
2.813000e-05	-4.853665e-03	-1.568974e+00
2.814000e-05	-7.007258e-03	-1.315169e+00
2.815000e-05	-5.975434e-03	-1.093762e+00
2.816000e-05	-7.420694e-03	-8.426339e-01
2.817000e-05	-5.028586e-03	-7.021856e-01
2.818000e-05	-3.748062e-03	-4.125039e-01
2.819000e-05	-2.536861e-03	-2.315593e-01
2.820000e-05	-1.371151e-03	-1.308294e-02
2.821000e-05	2.996458e-03	1.573422e-01
2.822000e-05	-3.119764e-03	3.894711e-01
2.823000e-05	-9.928566e-04	5.562910e-01
2.824000e-05	-3.956895e-03	7.478484e-01
2.825000e-05	-2.957672e-03	9.246358e-01
2.826000e-05	-3.916151e-03	1.198497e+00
2.827000e-05	1.680552e-03	1.337966e+00
2.828000e-05	1.369011e-02	1.633149e+00
2.829000e-05	7.071088e-02	1.831606e+00
2.830000e-05	4.762941e-03	2.073157e+00
2.831000e-05	-5.987715e-02	2.305333e+00
2.832000e-05	-3.357220e-02	2.466215e+00
2.833000e-05	-5.558494e-02	2.736368e+00
2.834000e-05	-6.876129e-02	2.822152e+00
2.835000e-05	1.484374e-01	3.020023e+00
2.836000e-05	-9.395158e-02	3.200572e+00
2.837000e-05	-4.296432e-02	3.357996e+00
2.838000e-05	1.563525e-01	3.641574e+00
2.839000e-05	-9.880508e-02	3.819599e+00
2.840000e-05	4.065767e-02	3.959496e+00
2.841000e-05	2.830917e-02	4.190095e+00
2.842000e-05	-1.299697e-01	4.440577e+00
2.843000e-05	5.563922e-02	4.598496e+00
2.844000e-05	1.319164e-03	4.799998e+00
2.845000e-05	-5.057864e-03	5.040600e+00
2.846000e-05	1.237232e-02	5.302705e+00
2.847000e-05	-6.674594e-02	5.533887e+00
2.848000e-05	3.623750e-02	5.631633e+00
2.849000e-05	-1.152320e-02	5.819627e+00
2.850000e-05	8.782786e-03	6.051651e+00
2.851000e-05	-4.468283e-02	6.242175e+00
2.852000e-05	-5.593209e-03	6.398471e+00
2.853000e-05	3.981286e-02	6.577540e+00
2.854000e-05	-2.985408e-02	6.705418e+00
2.855000e-05	-3.692317e-03	6.926314e+00
2.856000e-05	-3.349477e-02	7.125888e+00
2.857000e-05	-1.997023e-02	7.231577e+00
2.858000e-05	3.994406e-02	7.450095e+00
2.859000e-05	-2.126065e-02	7.632175e+00
2.860000e-05	-1.384184e-02	7.780046e+00
2.861000e-05	-2.266450e-02	7.998645e+00
2.862000e-05	8.706405e-03	8.158547e+00
2.863000e-05	4.459245e-03	8.291334e+00
2.864000e-05	-3.567949e-02	8.390099e+00
2.865000e-05	-1.945859e-02	8.547041e+00
2.866000e-05	-2.183976e-02	8.692303e+00
2.867000e-05	2.674600e-02	8.788524e+00
2.868000e-05	-1.378217e-02	8.915937e+00
2.869000e-05	-2.067825e-02	9.052780e+00
2.870000e-05	-2.304147e-02	9.241177e+00
2.871000e-05	-6.845026e-03	9.315940e+00
2.872000e-05	1.927835e-03	9.481153e+00
2.873000e-05	-2.603138e-02	9.546514e+00
2.874000e-05	-2.448191e-02	9.642731e+00
2.875000e-05	-1.868572e-02	9.768120e+00
2.876000e-05	8.524091e-03	9.925437e+00
2.877000e-05	-1.218296e-02	1.003971e+01
2.878000e-05	-2.609593e-02	1.014536e+01
2.879000e-05	-2.763217e-02	1.017008e+01
2.880000e-05	-1.122554e-02	1.031539e+01
2.881000e-05	-4.667216e-03	1.038897e+01
2.882000e-05	-2.198209e-02	1.050226e+01
2.883000e-05	-2.829211e-02	1.058959e+01
2.884000e-05	-2.309072e-02	1.065130e+01
2.885000e-05	-4.015272e-03	1.071696e+01
2.886000e-05	-1.455051e-02	1.080965e+01
2.887000e-05	-2.703331e-02	1.088278e+01
2.888000e-05	-3.037580e-02	1.092634e+01
2.889000e-05	-1.696673e-02	1.098794e+01
2.890000e-05	-9.788261e-03	1.105020e+01
2.891000e-05	-2.355978e-02	1.109278e+01
2.892000e-05	-3.272513e-02	1.113489e+01
2.893000e-05	-3.000130e-02	1.116787e+01
2.894000e-05	-1.529966e-02	1.118699e+01
2.895000e-05	-2.150260e-02	1.125968e+01
2.896000e-05	-2.991094e-02	1.122176e+01
2.897000e-05	-3.582473e-02	1.135439e+01
2.898000e-05	-2.484058e-02	1.132439e+01
2.899000e-05	-1.881667e-02	1.137644e+01
2.900000e-05	-2.898935e-02	1.137747e+01
2.901000e-05	-3.851039e-02	1.136814e+01
2.902000e-05	-3.773945e-02	1.140755e+01
2.903000e-05	-2.624047e-02	1.138807e+01
2.904000e-05	-2.829895e-02	1.138709e+01
2.905000e-05	-3.673046e-02	1.137762e+01
2.906000e-05	-4.327824e-02	1.134807e+01
2.907000e-05	-3.681863e-02	1.132459e+01
2.908000e-05	-3.151270e-02	1.128439e+01
2.909000e-05	-3.767645e-02	1.134688e+01
2.910000e-05	-4.551981e-02	1.129026e+01
2.911000e-05	-4.465967e-02	1.120917e+01
2.912000e-05	-3.628514e-02	1.113862e+01
2.913000e-05	-3.613660e-02	1.117597e+01
2.914000e-05	-4.253832e-02	1.110586e+01
2.915000e-05	-4.960504e-02	1.107331e+01
2.916000e-05	-4.384726e-02	1.104971e+01
2.917000e-05	-3.801150e-02	1.096857e+01
2.918000e-05	-3.871669e-02	1.090646e+01
2.919000e-05	-4.348208e-02	1.088423e+01
2.920000e-05	-4.324431e-02	1.080013e+01
2.921000e-05	-3.376966e-02	1.074749e+01
2.922000e-05	-3.044147e-02	1.067278e+01
2.923000e-05	-3.451555e-02	1.056957e+01
2.924000e-05	-3.964269e-02	1.050283e+01
2.925000e-05	-3.424659e-02	1.035800e+01
2.926000e-05	-2.880425e-02	1.031386e+01
2.927000e-05	-2.632594e-02	1.019967e+01
2.928000e-05	-3.011215e-02	1.011639e+01
2.929000e-05	-2.939623e-02	1.003070e+01
2.930000e-05	-2.224914e-02	9.946466e+00
2.931000e-05	-1.871185e-02	9.820299e+00
2.932000e-05	-2.203883e-02	9.663781e+00
2.933000e-05	-2.717763e-02	9.566069e+00
2.934000e-05	-2.341581e-02	9.453753e+00
2.935000e-05	-1.760457e-02	9.336941e+00
2.936000e-05	-1.547258e-02	9.261679e+00
2.937000e-05	-1.911892e-02	9.123867e+00
2.938000e-05	-2.133006e-02	8.989014e+00
2.939000e-05	-1.655000e-02	8.819576e+00
2.940000e-05	-1.380455e-02	8.702809e+00
2.941000e-05	-1.521758e-02	8.557944e+00
2.942000e-05	-1.852565e-02	8.452177e+00
2.943000e-05	-1.635351e-02	8.286390e+00
2.944000e-05	-9.845124e-03	8.156998e+00
2.945000e-05	-1.045972e-02	7.976951e+00
2.946000e-05	-1.284311e-02	7.830105e+00
2.947000e-05	-1.608742e-02	7.702733e+00
2.948000e-05	-1.422282e-02	7.504887e+00
2.949000e-05	-1.069676e-02	7.295313e+00
2.950000e-05	-1.092722e-02	7.155417e+00
2.951000e-05	-1.245217e-02	6.986498e+00
2.952000e-05	-1.138863e-02	6.842053e+00
2.953000e-05	-7.959374e-03	6.653681e+00
2.954000e-05	-6.891105e-03	6.481030e+00
2.955000e-05	-1.116812e-02	6.263182e+00
2.956000e-05	-1.371478e-02	6.105812e+00
2.957000e-05	-1.248305e-02	5.945948e+00
2.958000e-05	-9.194508e-03	5.767495e+00
2.959000e-05	-7.495880e-03	5.557922e+00
2.960000e-05	-8.738850e-03	5.389548e+00
2.961000e-05	-8.356727e-03	5.177478e+00
2.962000e-05	-6.992978e-03	4.964865e+00
2.963000e-05	-5.761972e-03	4.704815e+00
2.964000e-05	-8.746948e-03	4.546317e+00
2.965000e-05	-1.161976e-02	4.366975e+00
2.966000e-05	-1.080177e-02	4.124917e+00
2.967000e-05	-6.446380e-03	3.936342e+00
2.968000e-05	-6.022259e-03	3.736916e+00
2.969000e-05	-7.408132e-03	3.577425e+00
2.970000e-05	-6.755654e-03	3.375919e+00
2.971000e-05	-6.166070e-03	3.136367e+00
2.972000e-05	-5.461329e-03	2.975871e+00
2.973000e-05	-7.975395e-03	2.787451e+00
2.974000e-05	-8.452700e-03	2.485343e+00
2.975000e-05	-8.544712e-03	2.294215e+00
2.976000e-05	-5.057793e-03	2.085812e+00
2.977000e-05	-6.055100e-03	1.925862e+00
2.978000e-05	-5.909269e-03	1.727319e+00
2.979000e-05	-4.321087e-03	1.474057e+00
2.980000e-05	-3.298678e-03	1.242186e+00
2.981000e-05	-5.656698e-03	1.052057e+00
2.982000e-05	-7.196714e-03	7.879687e-01
2.983000e-05	-5.768904e-03	5.789760e-01
2.984000e-05	-3.859726e-03	3.984500e-01
2.985000e-05	-3.507533e-03	1.883685e-01
2.986000e-05	-5.237172e-03	-8.305422e-02
2.987000e-05	3.091349e-03	-2.226790e-01
2.988000e-05	9.821508e-04	-4.205028e-01
2.989000e-05	1.726617e-05	-6.341055e-01
2.990000e-05	1.179703e-05	-8.626079e-01
2.991000e-05	-1.256741e-03	-1.020526e+00
2.992000e-05	-3.213595e-03	-1.211128e+00
2.993000e-05	2.759724e-03	-1.473180e+00
2.994000e-05	3.950253e-02	-1.652030e+00
2.995000e-05	9.022469e-02	-1.832108e+00
2.996000e-05	-7.126867e-02	-2.165920e+00
2.997000e-05	-6.994599e-03	-2.474236e+00
2.998000e-05	-7.791218e-02	-2.653330e+00
2.999000e-05	-7.047045e-02	-2.778921e+00
3.000000e-05	1.712134e-01	-2.820551e+00
3.001000e-05	-8.280441e-02	-3.064337e+00
3.002000e-05	-5.954377e-02	-3.337471e+00
3.003000e-05	1.895940e-01	-3.421653e+00
3.004000e-05	-1.751886e-01	-3.694784e+00
3.005000e-05	1.013728e-01	-3.978495e+00
3.006000e-05	7.252868e-02	-4.104787e+00
3.007000e-05	-2.063368e-01	-4.336441e+00
3.008000e-05	1.071690e-01	-4.481113e+00
3.009000e-05	-1.203231e-02	-4.642257e+00
3.010000e-05	2.191189e-03	-4.956966e+00
3.011000e-05	1.040773e-01	-5.082686e+00
3.012000e-05	-1.628664e-01	-5.305440e+00
3.013000e-05	1.160640e-01	-5.598369e+00
3.014000e-05	-7.171681e-03	-5.693766e+00
3.015000e-05	-2.878030e-02	-5.925438e+00
3.016000e-05	4.088479e-02	-6.072132e+00
3.017000e-05	-1.038057e-01	-6.284411e+00
3.018000e-05	1.467736e-01	-6.463237e+00
3.019000e-05	-6.264013e-02	-6.610178e+00
3.020000e-05	2.332742e-02	-6.799583e+00
3.021000e-05	5.417102e-03	-6.956919e+00
3.022000e-05	-8.068455e-02	-7.170070e+00
3.023000e-05	1.371228e-01	-7.356991e+00
3.024000e-05	-7.110032e-02	-7.474837e+00
3.025000e-05	4.952612e-02	-7.726367e+00
3.026000e-05	-3.738589e-02	-7.903784e+00
3.027000e-05	1.082891e-02	-8.072756e+00
3.028000e-05	6.781239e-02	-8.188545e+00
3.029000e-05	-6.831162e-02	-8.316437e+00
3.030000e-05	4.432064e-02	-8.472082e+00
3.031000e-05	-5.452060e-02	-8.629102e+00
3.032000e-05	8.100871e-02	-8.795627e+00
3.033000e-05	-1.149691e-05	-8.913313e+00
3.034000e-05	-6.132792e-03	-9.090654e+00
3.035000e-05	6.707820e-03	-9.147017e+00
3.036000e-05	-1.645938e-02	-9.292761e+00
3.037000e-05	5.827857e-02	-9.411776e+00
3.038000e-05	-2.860852e-02	-9.586495e+00
3.039000e-05	1.767637e-02	-9.672787e+00
3.040000e-05	-1.373056e-02	-9.787523e+00
3.041000e-05	4.199359e-02	-9.872783e+00
3.042000e-05	2.303243e-02	-9.977046e+00
3.043000e-05	-6.128185e-03	-1.010433e+01
3.044000e-05	3.313665e-03	-1.018815e+01
3.045000e-05	1.121697e-03	-1.031343e+01
3.046000e-05	3.582404e-02	-1.036910e+01
3.047000e-05	2.502230e-03	-1.052431e+01
3.048000e-05	4.731866e-03	-1.057855e+01
3.049000e-05	1.943339e-04	-1.066126e+01
3.050000e-05	3.094973e-02	-1.073484e+01
3.051000e-05	2.538127e-02	-1.077855e+01
3.052000e-05	7.189377e-03	-1.086230e+01
3.053000e-05	2.283490e-03	-1.088439e+01
3.054000e-05	1.367933e-02	-1.095907e+01
3.055000e-05	3.128090e-02	-1.103978e+01
3.056000e-05	1.808276e-02	-1.103381e+01
3.057000e-05	4.843614e-03	-1.118647e+01
3.058000e-05	7.158797e-03	-1.119115e+01
3.059000e-05	2.508009e-02	-1.128930e+01
3.060000e-05	2.980587e-02	-1.129328e+01
3.061000e-05	1.716022e-02	-1.135637e+01
3.062000e-05	8.622855e-03	-1.136552e+01
3.063000e-05	1.925229e-02	-1.139757e+01
3.064000e-05	3.155250e-02	-1.142023e+01
3.065000e-05	2.786876e-02	-1.146221e+01
3.066000e-05	1.376890e-02	-1.145171e+01
3.067000e-05	1.391542e-02	-1.145523e+01
3.068000e-05	2.843095e-02	-1.147086e+01
3.069000e-05	3.627966e-02	-1.148431e+01
3.070000e-05	2.874741e-02	-1.147333e+01
3.071000e-05	1.973137e-02	-1.149336e+01
3.072000e-05	2.638492e-02	-1.143981e+01
3.073000e-05	3.719908e-02	-1.143218e+01
3.074000e-05	3.624629e-02	-1.144018e+01
3.075000e-05	2.616916e-02	-1.138563e+01
3.076000e-05	2.401615e-02	-1.135905e+01
3.077000e-05	3.513118e-02	-1.134437e+01
3.078000e-05	4.211918e-02	-1.128530e+01
3.079000e-05	3.668736e-02	-1.122076e+01
3.080000e-05	2.812759e-02	-1.119855e+01
3.081000e-05	3.152986e-02	-1.112481e+01
3.082000e-05	4.017654e-02	-1.105236e+01
3.083000e-05	4.124496e-02	-1.096965e+01
3.084000e-05	3.128856e-02	-1.096652e+01
3.085000e-05	2.615402e-02	-1.091484e+01
3.086000e-05	3.175850e-02	-1.085121e+01
3.087000e-05	3.588628e-02	-1.081857e+01
3.088000e-05	3.157561e-02	-1.073684e+01
3.089000e-05	2.286883e-02	-1.065218e+01
3.090000e-05	2.284291e-02	-1.053810e+01
3.091000e-05	2.733852e-02	-1.048484e+01
3.092000e-05	2.993164e-02	-1.040967e+01
3.093000e-05	2.202134e-02	-1.030494e+01
3.094000e-05	1.436234e-02	-1.021872e+01
3.095000e-05	1.651665e-02	-1.011226e+01
3.096000e-05	2.086735e-02	-9.987600e+00
3.097000e-05	1.947446e-02	-9.904288e+00
3.098000e-05	1.183773e-02	-9.779626e+00
3.099000e-05	1.022565e-02	-9.653811e+00
3.100000e-05	1.569138e-02	-9.588975e+00
3.101000e-05	1.805700e-02	-9.481313e+00
3.102000e-05	1.277012e-02	-9.324335e+00
3.103000e-05	5.924246e-03	-9.179021e+00
3.104000e-05	7.677658e-03	-9.081810e+00
3.105000e-05	1.144724e-02	-8.925792e+00
3.106000e-05	9.322964e-03	-8.808653e+00
3.107000e-05	4.933627e-03	-8.664233e+00
3.108000e-05	2.838597e-03	-8.483764e+00
3.109000e-05	8.391113e-03	-8.377975e+00
3.110000e-05	9.827822e-03	-8.232629e+00
3.111000e-05	6.359179e-03	-8.083787e+00
3.112000e-05	1.985129e-03	-7.986018e+00
3.113000e-05	1.868043e-03	-7.756470e+00
3.114000e-05	5.721327e-03	-7.558471e+00
3.115000e-05	3.891618e-03	-7.411053e+00
3.116000e-05	1.459071e-03	-7.241207e+00
3.117000e-05	-1.556139e-03	-7.102363e+00
3.118000e-05	3.261477e-03	-6.844662e+00
3.119000e-05	4.881690e-03	-6.695364e+00
3.120000e-05	4.097073e-03	-6.526920e+00
3.121000e-05	-1.450552e-03	-6.408526e+00
3.122000e-05	7.070301e-04	-6.241628e+00
3.123000e-05	7.859533e-04	-5.999527e+00
3.124000e-05	2.687737e-03	-5.829578e+00
3.125000e-05	-2.904125e-03	-5.673605e+00
3.126000e-05	-3.261958e-03	-5.474232e+00
3.127000e-05	-2.414317e-03	-5.220057e+00
3.128000e-05	3.074936e-03	-5.019058e+00
3.129000e-05	-8.091147e-04	-4.708449e+00
3.130000e-05	-9.750837e-04	-4.597022e+00
3.131000e-05	-3.751506e-03	-4.430503e+00
3.132000e-05	2.546776e-04	-4.232157e+00
3.133000e-05	-6.015913e-04	-4.084158e+00
3.134000e-05	-2.009304e-03	-3.922767e+00
3.135000e-05	-5.370617e-03	-3.632032e+00
3.136000e-05	-3.545146e-03	-3.451157e+00
3.137000e-05	-2.322460e-03	-3.261633e+00
3.138000e-05	-2.617020e-03	-3.043156e+00
3.139000e-05	-4.849697e-03	-2.810527e+00
3.140000e-05	-4.990461e-03	-2.633585e+00
3.141000e-05	-3.018964e-03	-2.391609e+00
3.142000e-05	-1.733378e-03	-2.252053e+00
3.143000e-05	-2.486680e-03	-1.978047e+00
3.144000e-05	-5.580437e-03	-1.780600e+00
3.145000e-05	-5.577617e-03	-1.612005e+00
3.146000e-05	-5.335765e-03	-1.354923e+00
3.147000e-05	-4.287180e-03	-1.125315e+00
3.148000e-05	-7.290007e-03	-9.052668e-01
3.149000e-05	-5.644586e-03	-7.657932e-01
3.150000e-05	-4.499746e-03	-4.240854e-01
3.151000e-05	-2.330995e-03	-2.742569e-01
3.152000e-05	-2.660878e-03	-7.421433e-02
3.153000e-05	2.157353e-03	1.052083e-01
3.154000e-05	-1.286735e-03	3.589173e-01
3.155000e-05	-1.966820e-03	5.158883e-01
3.156000e-05	-1.934972e-03	6.752121e-01
3.157000e-05	-6.007652e-03	8.841303e-01
3.158000e-05	-5.192924e-03	1.127893e+00
3.159000e-05	-4.094497e-04	1.346920e+00
3.160000e-05	1.114914e-02	1.557437e+00
3.161000e-05	6.183817e-02	1.821500e+00
3.162000e-05	3.141173e-02	2.062025e+00
3.163000e-05	-6.611873e-02	2.232104e+00
3.164000e-05	-2.997877e-02	2.402753e+00
3.165000e-05	-5.173293e-02	2.694838e+00
3.166000e-05	-7.987765e-02	2.831579e+00
3.167000e-05	1.157276e-01	2.947420e+00
3.168000e-05	-1.971173e-02	3.167995e+00
3.169000e-05	-1.155757e-01	3.327316e+00
3.170000e-05	1.884226e-01	3.637470e+00
3.171000e-05	-8.641806e-02	3.798496e+00
3.172000e-05	8.940967e-03	3.936890e+00
3.173000e-05	6.152868e-02	4.115812e+00
3.174000e-05	-1.307992e-01	4.408971e+00
3.175000e-05	2.759307e-02	4.567443e+00
3.176000e-05	2.415139e-02	4.768471e+00
3.177000e-05	-1.715800e-02	5.029945e+00
3.178000e-05	2.269514e-02	5.220653e+00
3.179000e-05	-6.257521e-02	5.483283e+00
3.180000e-05	1.796817e-02	5.600125e+00
3.181000e-05	4.054430e-03	5.792048e+00
3.182000e-05	-2.345455e-03	6.010125e+00
3.183000e-05	-2.523049e-02	6.180073e+00
3.184000e-05	-2.865884e-02	6.356492e+00
3.185000e-05	4.822638e-02	6.495815e+00
3.186000e-05	-2.426347e-02	6.716360e+00
3.187000e-05	-1.066968e-02	6.904810e+00
3.188000e-05	-1.975579e-02	7.064781e+00
3.189000e-05	-3.854018e-02	7.229576e+00
3.190000e-05	4.299751e-02	7.367643e+00
3.191000e-05	-1.741626e-02	7.589498e+00
3.192000e-05	-1.059738e-02	7.776471e+00
3.193000e-05	-2.457103e-02	7.977012e+00
3.194000e-05	2.791649e-03	8.116966e+00
3.195000e-05	1.030412e-02	8.272183e+00
3.196000e-05	-3.361528e-02	8.359472e+00
3.197000e-05	-1.954376e-02	8.536888e+00
3.198000e-05	-2.783510e-02	8.622181e+00
3.199000e-05	2.355044e-02	8.746966e+00
3.200000e-05	-8.305511e-03	8.895286e+00
3.201000e-05	-1.923829e-02	9.060778e+00
3.202000e-05	-2.457863e-02	9.190048e+00
3.203000e-05	-8.540535e-03	9.335314e+00
3.204000e-05	3.141724e-03	9.439127e+00
3.205000e-05	-2.115760e-02	9.515388e+00
3.206000e-05	-2.601837e-02	9.641752e+00
3.207000e-05	-2.200070e-02	9.787595e+00
3.208000e-05	5.365911e-03	9.914936e+00
3.209000e-05	-8.431900e-03	1.000865e+01
3.210000e-05	-2.293052e-02	1.011436e+01
3.211000e-05	-2.926085e-02	1.017702e+01
3.212000e-05	-1.289785e-02	1.031441e+01
3.213000e-05	-4.302642e-03	1.037747e+01
3.214000e-05	-1.776742e-02	1.046018e+01
3.215000e-05	-2.862639e-02	1.056647e+01
3.216000e-05	-2.534529e-02	1.063025e+01
3.217000e-05	-7.072393e-03	1.070544e+01
3.218000e-05	-1.288148e-02	1.079862e+01
3.219000e-05	-2.424180e-02	1.085276e+01
3.220000e-05	-3.140172e-02	1.091591e+01
3.221000e-05	-1.869853e-02	1.097862e+01
3.222000e-05	-1.095675e-02	1.101022e+01
3.223000e-05	-1.973007e-02	1.106176e+01
3.224000e-05	-3.235145e-02	1.113531e+01
3.225000e-05	-3.074385e-02	1.114599e+01
3.226000e-05	-1.791392e-02	1.118855e+01
3.227000e-05	-1.971391e-02	1.119918e+01
3.228000e-05	-2.962429e-02	1.128126e+01
3.229000e-05	-3.691101e-02	1.132641e+01
3.230000e-05	-2.626918e-02	1.133541e+01
3.231000e-05	-1.936749e-02	1.137492e+01
3.232000e-05	-2.544952e-02	1.134649e+01
3.233000e-05	-3.661994e-02	1.142754e+01
3.234000e-05	-3.817433e-02	1.136917e+01
3.235000e-05	-2.858344e-02	1.139664e+01
3.236000e-05	-2.827267e-02	1.137759e+01
3.237000e-05	-3.566957e-02	1.139904e+01
3.238000e-05	-4.306547e-02	1.135651e+01
3.239000e-05	-3.732151e-02	1.135642e+01
3.240000e-05	-3.209280e-02	1.132354e+01
3.241000e-05	-3.437113e-02	1.132486e+01
3.242000e-05	-4.382831e-02	1.126226e+01
3.243000e-05	-4.449983e-02	1.123918e+01
3.244000e-05	-3.886362e-02	1.118814e+01
3.245000e-05	-3.759317e-02	1.117752e+01
3.246000e-05	-4.220923e-02	1.115594e+01
3.247000e-05	-4.861551e-02	1.107281e+01
3.248000e-05	-4.397111e-02	1.104121e+01
3.249000e-05	-3.798296e-02	1.096900e+01
3.250000e-05	-3.657055e-02	1.095606e+01
3.251000e-05	-4.302285e-02	1.087423e+01
3.252000e-05	-4.353562e-02	1.085070e+01
3.253000e-05	-3.608170e-02	1.074645e+01
3.254000e-05	-3.263474e-02	1.065386e+01
3.255000e-05	-3.372334e-02	1.060065e+01
3.256000e-05	-3.821069e-02	1.051294e+01
3.257000e-05	-3.429936e-02	1.040905e+01
3.258000e-05	-2.831307e-02	1.030486e+01
3.259000e-05	-2.606579e-02	1.021908e+01
3.260000e-05	-3.040088e-02	1.014684e+01
3.261000e-05	-3.126295e-02	1.005270e+01
3.262000e-05	-2.560350e-02	9.947971e+00
3.263000e-05	-1.835426e-02	9.849608e+00
3.264000e-05	-2.100152e-02	9.682837e+00
3.265000e-05	-2.428583e-02	9.568595e+00
3.266000e-05	-2.461544e-02	9.472760e+00
3.267000e-05	-1.788569e-02	9.365970e+00
3.268000e-05	-1.666919e-02	9.243181e+00
3.269000e-05	-1.904242e-02	9.144993e+00
3.270000e-05	-2.283493e-02	8.977648e+00
3.271000e-05	-1.723828e-02	8.820157e+00
3.272000e-05	-1.342046e-02	8.705385e+00
3.273000e-05	-1.175678e-02	8.579048e+00
3.274000e-05	-1.718137e-02	8.453605e+00
3.275000e-05	-1.736733e-02	8.374873e+00
3.276000e-05	-1.297434e-02	8.187619e+00
3.277000e-05	-1.282388e-02	7.999495e+00
3.278000e-05	-1.420307e-02	7.853778e+00
3.279000e-05	-1.869570e-02	7.693836e+00
3.280000e-05	-1.079770e-02	7.565868e+00
3.281000e-05	-9.742858e-03	7.337460e+00
3.282000e-05	-6.371859e-03	7.116921e+00
3.283000e-05	-1.172527e-02	7.018054e+00
3.284000e-05	-1.359560e-02	6.831179e+00
3.285000e-05	-1.123651e-02	6.714757e+00
3.286000e-05	-1.020992e-02	6.511756e+00
3.287000e-05	-1.163129e-02	6.285836e+00
3.288000e-05	-1.250618e-02	6.135896e+00
3.289000e-05	-1.030226e-02	6.000026e+00
3.290000e-05	-4.631041e-03	5.809108e+00
3.291000e-05	-6.172057e-03	5.587025e+00
3.292000e-05	-8.484262e-03	5.420527e+00
3.293000e-05	-1.216876e-02	5.219075e+00
3.294000e-05	-1.017202e-02	4.927921e+00
3.295000e-05	-7.919859e-03	4.746845e+00
3.296000e-05	-7.687925e-03	4.577497e+00
3.297000e-05	-9.150951e-03	4.390003e+00
3.298000e-05	-8.455706e-03	4.189917e+00
3.299000e-05	-5.246348e-03	3.996871e+00
3.300000e-05	-5.070559e-03	3.778500e+00
3.301000e-05	-7.982962e-03	3.610525e+00
3.302000e-05	-9.621079e-03	3.409571e+00
3.303000e-05	-8.558605e-03	3.158396e+00
3.304000e-05	-5.716324e-03	2.956974e+00
3.305000e-05	-5.427966e-03	2.770000e+00
3.306000e-05	-6.568920e-03	2.547964e+00
3.307000e-05	-6.736206e-03	2.316366e+00
3.308000e-05	-5.039322e-03	2.146316e+00
3.309000e-05	-4.682533e-03	1.957943e+00
3.310000e-05	-6.584940e-03	1.757867e+00
3.311000e-05	-7.695967e-03	1.538812e+00
3.312000e-05	-6.891977e-03	1.314292e+00
3.313000e-05	-3.790215e-03	1.113283e+00
3.314000e-05	-3.451258e-03	8.425527e-01
3.315000e-05	-4.276860e-03	6.010002e-01
3.316000e-05	-5.256186e-03	4.225514e-01
3.317000e-05	-4.213042e-03	2.610252e-01
3.318000e-05	-3.473633e-03	-1.107764e-02
3.319000e-05	2.232088e-03	-2.010501e-01
3.320000e-05	1.293319e-03	-3.800224e-01
3.321000e-05	-3.617757e-03	-6.006275e-01
3.322000e-05	1.623854e-03	-7.920266e-01
3.323000e-05	-1.641725e-03	-1.010024e+00
3.324000e-05	-5.908599e-04	-1.199446e+00
3.325000e-05	-6.431155e-04	-1.402625e+00
3.326000e-05	2.587439e-02	-1.630551e+00
3.327000e-05	9.986396e-02	-1.800051e+00
3.328000e-05	-5.393049e-02	-2.084687e+00
3.329000e-05	-1.542989e-02	-2.432154e+00
3.330000e-05	-6.595235e-02	-2.632280e+00
3.331000e-05	-8.897752e-02	-2.767916e+00
3.332000e-05	1.406468e-01	-2.800028e+00
3.333000e-05	-6.105898e-03	-3.009649e+00
3.334000e-05	-1.399456e-01	-3.335341e+00
3.335000e-05	2.186094e-01	-3.411004e+00
3.336000e-05	-1.426075e-01	-3.599551e+00
3.337000e-05	3.778298e-02	-3.967439e+00
3.338000e-05	1.304612e-01	-4.084133e+00
3.339000e-05	-1.996051e-01	-4.305288e+00
3.340000e-05	4.609354e-02	-4.461077e+00
3.341000e-05	4.707195e-02	-4.569600e+00
3.342000e-05	-5.199750e-02	-4.955384e+00
3.343000e-05	1.409943e-01	-5.021104e+00
3.344000e-05	-1.542777e-01	-5.293752e+00
3.345000e-05	6.736277e-02	-5.527461e+00
3.346000e-05	4.771708e-02	-5.644183e+00
3.347000e-05	-6.730516e-02	-5.924808e+00
3.348000e-05	7.113019e-02	-6.022082e+00
3.349000e-05	-1.210144e-01	-6.254249e+00
3.350000e-05	1.251577e-01	-6.452653e+00
3.351000e-05	-1.800031e-02	-6.590548e+00
3.352000e-05	-2.117005e-02	-6.808043e+00
3.353000e-05	4.695253e-02	-6.945891e+00
3.354000e-05	-1.107340e-01	-7.157545e+00
3.355000e-05	1.335509e-01	-7.306414e+00
3.356000e-05	-4.222231e-02	-7.465237e+00
3.357000e-05	1.904842e-02	-7.715335e+00
3.358000e-05	-4.742553e-03	-7.821679e+00
3.359000e-05	-2.877062e-02	-8.030175e+00
3.360000e-05	9.380376e-02	-8.158971e+00
3.361000e-05	-7.273335e-02	-8.294810e+00
3.362000e-05	4.000940e-02	-8.430055e+00
3.363000e-05	-4.671441e-02	-8.629126e+00
3.364000e-05	5.766815e-02	-8.768050e+00
3.365000e-05	3.015312e-02	-8.882838e+00
3.366000e-05	-2.332977e-02	-9.041203e+00
3.367000e-05	1.929771e-02	-9.115415e+00
3.368000e-05	-2.810213e-02	-9.252708e+00
3.369000e-05	5.911572e-02	-9.429147e+00
3.370000e-05	-2.022661e-02	-9.535494e+00
3.371000e-05	6.926266e-03	-9.712706e+00
3.372000e-05	-6.078307e-03	-9.755540e+00
3.373000e-05	2.849167e-02	-9.861206e+00
3.374000e-05	3.717990e-02	-9.948016e+00
3.375000e-05	-9.534528e-03	-1.005236e+01
3.376000e-05	5.738515e-03	-1.018812e+01
3.377000e-05	-3.246785e-03	-1.028231e+01
3.378000e-05	3.580089e-02	-1.037008e+01
3.379000e-05	8.399041e-03	-1.051538e+01
3.380000e-05	1.235343e-03	-1.057699e+01
3.381000e-05	-8.889077e-05	-1.064025e+01
3.382000e-05	2.485271e-02	-1.072444e+01
3.383000e-05	3.110910e-02	-1.075697e+01
3.384000e-05	8.172826e-03	-1.084118e+01
3.385000e-05	1.946171e-03	-1.087386e+01
3.386000e-05	1.113707e-02	-1.095599e+01
3.387000e-05	3.006846e-02	-1.103918e+01
3.388000e-05	2.080413e-02	-1.108130e+01
3.389000e-05	3.819070e-03	-1.113744e+01
3.390000e-05	6.189623e-03	-1.119010e+01
3.391000e-05	2.337341e-02	-1.125218e+01
3.392000e-05	3.155107e-02	-1.131388e+01
3.393000e-05	1.914574e-02	-1.133489e+01
3.394000e-05	8.675169e-03	-1.129651e+01
3.395000e-05	1.891315e-02	-1.139715e+01
3.396000e-05	3.166447e-02	-1.145070e+01
3.397000e-05	2.981472e-02	-1.145128e+01
3.398000e-05	1.367959e-02	-1.145421e+01
3.399000e-05	1.314908e-02	-1.145878e+01
3.400000e-05	2.503558e-02	-1.148426e+01
3.401000e-05	3.625784e-02	-1.144276e+01
3.402000e-05	2.934982e-02	-1.143233e+01
3.403000e-05	1.895236e-02	-1.148170e+01
3.404000e-05	2.629270e-02	-1.148228e+01
3.405000e-05	3.686201e-02	-1.147075e+01
3.406000e-05	3.809492e-02	-1.143813e+01
3.407000e-05	2.662380e-02	-1.143870e+01
3.408000e-05	2.354976e-02	-1.133559e+01
3.409000e-05	3.300870e-02	-1.132500e+01
3.410000e-05	4.231499e-02	-1.127130e+01
3.411000e-05	3.738389e-02	-1.124375e+01
3.412000e-05	2.841789e-02	-1.121795e+01
3.413000e-05	3.004627e-02	-1.117744e+01
3.414000e-05	4.013206e-02	-1.111429e+01
3.415000e-05	4.249338e-02	-1.101013e+01
3.416000e-05	3.217074e-02	-1.093704e+01
3.417000e-05	2.602098e-02	-1.095594e+01
3.418000e-05	3.134400e-02	-1.084321e+01
3.419000e-05	3.642611e-02	-1.079810e+01
3.420000e-05	3.172322e-02	-1.075694e+01
3.421000e-05	2.321707e-02	-1.071131e+01
3.422000e-05	2.144117e-02	-1.058753e+01
3.423000e-05	2.787865e-02	-1.052439e+01
3.424000e-05	3.031988e-02	-1.042071e+01
3.425000e-05	2.290937e-02	-1.035402e+01
3.426000e-05	1.456462e-02	-1.024168e+01
3.427000e-05	1.604710e-02	-1.014491e+01
3.428000e-05	2.171532e-02	-1.003858e+01
3.429000e-05	2.078236e-02	-9.945816e+00
3.430000e-05	1.137965e-02	-9.800124e+00
3.431000e-05	8.564491e-03	-9.704390e+00
3.432000e-05	1.395054e-02	-9.559549e+00
3.433000e-05	1.833961e-02	-9.502363e+00
3.434000e-05	1.387379e-02	-9.327468e+00
3.435000e-05	6.984992e-03	-9.190548e+00
3.436000e-05	6.547322e-03	-9.114812e+00
3.437000e-05	1.178106e-02	-8.917416e+00
3.438000e-05	1.144456e-02	-8.842054e+00
3.439000e-05	5.262577e-03	-8.714383e+00
3.440000e-05	1.183969e-03	-8.503988e+00
3.441000e-05	5.779933e-03	-8.368997e+00
3.442000e-05	1.058737e-02	-8.251755e+00
3.443000e-05	7.704843e-03	-8.085817e+00
3.444000e-05	2.349431e-03	-7.996499e+00
3.445000e-05	1.895699e-03	-7.769471e+00
3.446000e-05	6.541243e-03	-7.557523e+00
3.447000e-05	6.432017e-03	-7.471131e+00
3.448000e-05	2.562888e-03	-7.263309e+00
3.449000e-05	-2.735623e-03	-7.145388e+00
3.450000e-05	1.352117e-03	-6.943814e+00
3.451000e-05	4.250690e-03	-6.756944e+00
3.452000e-05	3.233048e-03	-6.567999e+00
3.453000e-05	-6.275518e-04	-6.429579e+00
3.454000e-05	-1.252391e-03	-6.171729e+00
3.455000e-05	2.505691e-03	-6.041129e+00
3.456000e-05	4.925869e-03	-5.873684e+00
3.457000e-05	-7.944026e-04	-5.663713e+00
3.458000e-05	-3.538623e-03	-5.523916e+00
3.459000e-05	-3.879919e-03	-5.252608e+00
3.460000e-05	1.817715e-03	-5.052153e+00
3.461000e-05	-1.558251e-03	-4.801082e+00
3.462000e-05	-2.512021e-03	-4.619378e+00
3.463000e-05	-5.188051e-03	-4.431109e+00
3.464000e-05	-6.627623e-04	-4.283736e+00
3.465000e-05	3.377500e-04	-4.085212e+00
3.466000e-05	1.313938e-03	-3.885367e+00
3.467000e-05	-4.299786e-03	-3.684688e+00
3.468000e-05	-4.057860e-03	-3.474314e+00
3.469000e-05	-3.201354e-03	-3.283284e+00
3.470000e-05	-2.203203e-03	-3.093316e+00
3.471000e-05	-5.931349e-03	-2.850109e+00
3.472000e-05	-4.847941e-03	-2.683187e+00
3.473000e-05	-3.434190e-03	-2.483599e+00
3.474000e-05	-5.901695e-04	-2.262736e+00
3.475000e-05	-2.006855e-03	-2.001576e+00
3.476000e-05	-3.977708e-03	-1.861606e+00
3.477000e-05	-6.052181e-03	-1.652638e+00
3.478000e-05	-4.916802e-03	-1.410002e+00
3.479000e-05	-4.664819e-03	-1.157842e+00
3.480000e-05	-7.038341e-03	-9.363971e-01
3.481000e-05	-6.109488e-03	-7.684461e-01
3.482000e-05	-5.848741e-03	-4.742431e-01
3.483000e-05	-2.514037e-03	-3.257905e-01
3.484000e-05	-2.353210e-03	-1.157909e-01
3.485000e-05	2.648619e-03	7.313441e-02
3.486000e-05	1.117779e-03	3.158382e-01
3.487000e-05	-2.426578e-03	4.942807e-01
3.488000e-05	2.562708e-04	6.737343e-01
3.489000e-05	-6.205691e-03	8.525290e-01
3.490000e-05	-4.504819e-03	1.074281e+00
3.491000e-05	-3.942685e-03	1.364783e+00
3.492000e-05	6.873065e-03	1.507306e+00
3.493000e-05	4.938863e-02	1.798899e+00
3.494000e-05	5.417117e-02	1.980021e+00
3.495000e-05	-6.378780e-02	2.210601e+00
3.496000e-05	-2.850692e-02	2.420551e+00
3.497000e-05	-4.760855e-02	2.662656e+00
3.498000e-05	-7.996539e-02	2.800551e+00
3.499000e-05	7.055361e-02	2.925867e+00
3.500000e-05	5.117237e-02	3.136416e+00
3.501000e-05	-1.704131e-01	3.345244e+00
3.502000e-05	1.846405e-01	3.526915e+00
3.503000e-05	-4.995883e-02	3.706940e+00
3.504000e-05	-2.400984e-02	3.926335e+00
3.505000e-05	8.227623e-02	4.084363e+00
3.506000e-05	-1.150258e-01	4.337992e+00
3.507000e-05	-9.466124e-03	4.505865e+00
3.508000e-05	4.684125e-02	4.745842e+00
3.509000e-05	-2.856172e-02	4.965473e+00
3.510000e-05	2.305134e-02	5.219073e+00
3.511000e-05	-5.097239e-02	5.421573e+00
3.512000e-05	-3.772973e-03	5.610496e+00
3.513000e-05	2.477548e-02	5.796521e+00
3.514000e-05	-1.599301e-02	5.969515e+00
3.515000e-05	-7.298395e-03	6.136943e+00
3.516000e-05	-4.781595e-02	6.296919e+00
3.517000e-05	5.274300e-02	6.503783e+00
3.518000e-05	-1.432960e-02	6.672761e+00
3.519000e-05	-2.084395e-02	6.891257e+00
3.520000e-05	-9.375634e-03	7.012252e+00
3.521000e-05	-4.860717e-02	7.179475e+00
3.522000e-05	4.083625e-02	7.357912e+00
3.523000e-05	-1.042435e-02	7.519046e+00
3.524000e-05	-1.224877e-02	7.736343e+00
3.525000e-05	-2.485145e-02	7.946392e+00
3.526000e-05	-2.281642e-03	8.132337e+00
3.527000e-05	1.430881e-02	8.232700e+00
3.528000e-05	-3.017252e-02	8.356495e+00
3.529000e-05	-2.048866e-02	8.523811e+00
3.530000e-05	-2.801169e-02	8.622173e+00
3.531000e-05	1.706472e-02	8.735989e+00
3.532000e-05	-7.977740e-04	8.923679e+00
3.533000e-05	-1.992402e-02	9.009726e+00
3.534000e-05	-2.602507e-02	9.157044e+00
3.535000e-05	-1.052081e-02	9.292808e+00
3.536000e-05	1.458749e-03	9.378523e+00
3.537000e-05	-1.580694e-02	9.505839e+00
3.538000e-05	-2.816557e-02	9.609622e+00
3.539000e-05	-2.213121e-02	9.775963e+00
3.540000e-05	2.040951e-03	9.852805e+00
3.541000e-05	-4.468745e-03	9.998544e+00
3.542000e-05	-2.189547e-02	1.012576e+01
3.543000e-05	-3.220113e-02	1.016852e+01
3.544000e-05	-1.462027e-02	1.028233e+01
3.545000e-05	-6.461979e-03	1.036539e+01
3.546000e-05	-1.277302e-02	1.045018e+01
3.547000e-05	-2.961577e-02	1.054594e+01
3.548000e-05	-2.570700e-02	1.062020e+01
3.549000e-05	-9.559785e-03	1.072333e+01
3.550000e-05	-1.048145e-02	1.076810e+01
3.551000e-05	-2.274306e-02	1.084068e+01
3.552000e-05	-3.314430e-02	1.093489e+01
3.553000e-05	-2.094623e-02	1.095689e+01
3.554000e-05	-1.290284e-02	1.102915e+01
3.555000e-05	-1.672076e-02	1.110320e+01
3.556000e-05	-3.198102e-02	1.110344e+01
3.557000e-05	-3.119659e-02	1.114649e+01
3.558000e-05	-2.032376e-02	1.117804e+01
3.559000e-05	-1.729183e-02	1.123063e+01
3.560000e-05	-2.651852e-02	1.126220e+01
3.561000e-05	-3.593865e-02	1.132489e+01
3.562000e-05	-2.858820e-02	1.134498e+01
3.563000e-05	-2.079260e-02	1.133749e+01
3.564000e-05	-2.323771e-02	1.135804e+01
3.565000e-05	-3.686249e-02	1.137794e+01
3.566000e-05	-3.859085e-02	1.142962e+01
3.567000e-05	-3.068509e-02	1.140809e+01
3.568000e-05	-2.541595e-02	1.136809e+01
3.569000e-05	-3.235394e-02	1.139857e+01
3.570000e-05	-4.281065e-02	1.138605e+01
3.571000e-05	-3.893740e-02	1.139647e+01
3.572000e-05	-3.417429e-02	1.133546e+01
3.573000e-05	-3.422928e-02	1.132488e+01
3.574000e-05	-4.396484e-02	1.125171e+01
3.575000e-05	-4.545863e-02	1.124026e+01
3.576000e-05	-3.934357e-02	1.121815e+01
3.577000e-05	-3.469179e-02	1.114837e+01
3.578000e-05	-3.886884e-02	1.112644e+01
3.579000e-05	-4.711954e-02	1.114381e+01
3.580000e-05	-4.570969e-02	1.103171e+01
3.581000e-05	-4.089239e-02	1.096910e+01
3.582000e-05	-3.721002e-02	1.094644e+01
3.583000e-05	-4.260979e-02	1.090284e+01
3.584000e-05	-4.450806e-02	1.087122e+01
3.585000e-05	-3.894071e-02	1.076705e+01
3.586000e-05	-3.119056e-02	1.069439e+01
3.587000e-05	-3.167054e-02	1.063063e+01
3.588000e-05	-3.809612e-02	1.051533e+01
3.589000e-05	-3.623347e-02	1.042913e+01
3.590000e-05	-2.946149e-02	1.034686e+01
3.591000e-05	-2.401389e-02	1.026065e+01
3.592000e-05	-2.863682e-02	1.014742e+01
3.593000e-05	-3.153746e-02	1.010329e+01
3.594000e-05	-2.826457e-02	9.967026e+00
3.595000e-05	-1.993147e-02	9.832880e+00
3.596000e-05	-1.902469e-02	9.736437e+00
3.597000e-05	-2.299629e-02	9.598577e+00
3.598000e-05	-2.473407e-02	9.503359e+00
3.599000e-05	-1.921875e-02	9.388548e+00
3.600000e-05	-1.622449e-02	9.293782e+00
3.601000e-05	-1.872296e-02	9.157050e+00
3.602000e-05	-2.356247e-02	9.079729e+00
3.603000e-05	-2.033330e-02	8.871206e+00
3.604000e-05	-1.462468e-02	8.726341e+00
3.605000e-05	-1.172567e-02	8.619553e+00
3.606000e-05	-1.545905e-02	8.463756e+00
3.607000e-05	-1.686713e-02	8.398971e+00
3.608000e-05	-1.423347e-02	8.189025e+00
3.609000e-05	-8.800426e-03	8.059647e+00
3.610000e-05	-1.253815e-02	7.893210e+00
3.611000e-05	-1.610113e-02	7.756414e+00
3.612000e-05	-1.640012e-02	7.596499e+00
3.613000e-05	-1.129184e-02	7.349495e+00
3.614000e-05	-8.800550e-03	7.178471e+00
3.615000e-05	-1.101089e-02	7.040104e+00
3.616000e-05	-1.301364e-02	6.872686e+00
3.617000e-05	-1.102662e-02	6.743942e+00
3.618000e-05	-7.350040e-03	6.484888e+00
3.619000e-05	-8.465402e-03	6.366344e+00
3.620000e-05	-1.193474e-02	6.187025e+00
3.621000e-05	-1.277546e-02	6.022551e+00
3.622000e-05	-9.201250e-03	5.801627e+00
3.623000e-05	-6.918165e-03	5.620054e+00
3.624000e-05	-8.509596e-03	5.452102e+00
3.625000e-05	-1.055715e-02	5.250683e+00
3.626000e-05	-9.302569e-03	4.968096e+00
3.627000e-05	-4.745106e-03	4.788448e+00
3.628000e-05	-5.182881e-03	4.619499e+00
3.629000e-05	-1.030443e-02	4.400078e+00
3.630000e-05	-1.113042e-02	4.219179e+00
3.631000e-05	-7.723013e-03	3.969027e+00
3.632000e-05	-4.930427e-03	3.790552e+00
3.633000e-05	-7.312888e-03	3.652105e+00
3.634000e-05	-9.337530e-03	3.459580e+00
3.635000e-05	-7.564142e-03	3.219475e+00
3.636000e-05	-3.571986e-03	3.030051e+00
3.637000e-05	-4.253898e-03	2.850504e+00
3.638000e-05	-6.706717e-03	2.599980e+00
3.639000e-05	-8.258829e-03	2.368422e+00
3.640000e-05	-6.020094e-03	2.208424e+00
3.641000e-05	-3.910994e-03	1.989975e+00
3.642000e-05	-5.874857e-03	1.821421e+00
3.643000e-05	-7.937559e-03	1.546393e+00
3.644000e-05	-6.501073e-03	1.366793e+00
3.645000e-05	-4.420971e-03	1.145392e+00
3.646000e-05	-2.977324e-03	8.320286e-01
3.647000e-05	-5.102020e-03	6.520828e-01
3.648000e-05	-6.570101e-03	4.635816e-01
3.649000e-05	-3.857224e-03	2.541091e-01
3.650000e-05	-2.935279e-03	2.950249e-02
3.651000e-05	7.889739e-04	-1.484974e-01
3.652000e-05	2.616566e-03	-3.679699e-01
3.653000e-05	-6.189822e-03	-5.259896e-01
3.654000e-05	3.640103e-03	-7.905236e-01
3.655000e-05	-1.950685e-03	-9.878936e-01
3.656000e-05	8.910411e-04	-1.146797e+00
3.657000e-05	-3.877453e-03	-1.328446e+00
3.658000e-05	1.760628e-02	-1.580045e+00
3.659000e-05	9.834066e-02	-1.757971e+00
3.660000e-05	-2.526920e-02	-2.032579e+00
3.661000e-05	-3.193560e-02	-2.389997e+00
3.662000e-05	-5.033095e-02	-2.609601e+00
3.663000e-05	-9.672155e-02	-2.757917e+00
3.664000e-05	9.315443e-02	-2.780025e+00
3.665000e-05	6.865445e-02	-2.939920e+00
3.666000e-05	-1.931340e-01	-3.303863e+00
3.667000e-05	2.030783e-01	-3.400049e+00
3.668000e-05	-7.907318e-02	-3.568474e+00
3.669000e-05	-3.165939e-02	-3.864904e+00
3.670000e-05	1.687726e-01	-4.041082e+00
3.671000e-05	-1.682062e-01	-4.262177e+00
3.672000e-05	-2.644756e-02	-4.441531e+00
3.673000e-05	1.015749e-01	-4.568417e+00
3.674000e-05	-8.869854e-02	-4.862753e+00
3.675000e-05	1.533040e-01	-4.991107e+00
3.676000e-05	-1.205763e-01	-5.231050e+00
3.677000e-05	3.202995e-03	-5.507334e+00
3.678000e-05	9.833763e-02	-5.684182e+00
3.679000e-05	-9.146641e-02	-5.853733e+00
3.680000e-05	8.311198e-02	-5.990524e+00
3.681000e-05	-1.137207e-01	-6.179548e+00
3.682000e-05	8.435039e-02	-6.451629e+00
3.683000e-05	3.652222e-02	-6.557468e+00
3.684000e-05	-6.110836e-02	-6.757970e+00
3.685000e-05	7.522374e-02	-6.894237e+00
3.686000e-05	-1.205535e-01	-7.093937e+00
3.687000e-05	1.059822e-01	-7.294406e+00
3.688000e-05	2.280238e-03	-7.461704e+00
3.689000e-05	-1.743116e-02	-7.641307e+00
3.690000e-05	2.910328e-02	-7.839121e+00
3.691000e-05	-5.872223e-02	-7.999097e+00
3.692000e-05	1.054186e-01	-8.157465e+00
3.693000e-05	-6.009291e-02	-8.294836e+00
3.694000e-05	2.116180e-02	-8.420581e+00
3.695000e-05	-2.879805e-02	-8.587070e+00
3.696000e-05	2.440399e-02	-8.726590e+00
3.697000e-05	5.889187e-02	-8.873758e+00
3.698000e-05	-3.422256e-02	-8.988624e+00
3.699000e-05	2.742895e-02	-9.104862e+00
3.700000e-05	-3.215516e-02	-9.230208e+00
3.701000e-05	5.161106e-02	-9.338570e+00
3.702000e-05	-3.012516e-03	-9.503359e+00
3.703000e-05	-6.439049e-03	-9.672230e+00
3.704000e-05	2.119490e-03	-9.735467e+00
3.705000e-05	1.209301e-02	-9.841653e+00
3.706000e-05	4.992955e-02	-9.946391e+00
3.707000e-05	-1.046152e-02	-1.001421e+01
3.708000e-05	6.823930e-03	-1.016857e+01
3.709000e-05	-6.683096e-03	-1.024230e+01
3.710000e-05	3.183943e-02	-1.034907e+01
3.711000e-05	1.752788e-02	-1.047421e+01
3.712000e-05	-1.186770e-03	-1.058692e+01
3.713000e-05	2.228353e-03	-1.061073e+01
3.714000e-05	1.722616e-02	-1.069486e+01
3.715000e-05	3.382667e-02	-1.077687e+01
3.716000e-05	9.294595e-03	-1.085867e+01
3.717000e-05	3.742538e-03	-1.088286e+01
3.718000e-05	8.391402e-03	-1.097750e+01
3.719000e-05	2.972627e-02	-1.100115e+01
3.720000e-05	2.488465e-02	-1.103981e+01
3.721000e-05	5.612651e-03	-1.112799e+01
3.722000e-05	5.777607e-03	-1.120747e+01
3.723000e-05	1.894999e-02	-1.120928e+01
3.724000e-05	3.000522e-02	-1.124331e+01
3.725000e-05	2.022404e-02	-1.129481e+01
3.726000e-05	8.714987e-03	-1.134504e+01
3.727000e-05	1.683865e-02	-1.136700e+01
3.728000e-05	2.999141e-02	-1.140170e+01
3.729000e-05	3.159306e-02	-1.139763e+01
3.730000e-05	1.728389e-02	-1.145075e+01
3.731000e-05	1.251205e-02	-1.142976e+01
3.732000e-05	2.358261e-02	-1.144376e+01
3.733000e-05	3.489225e-02	-1.150283e+01
3.734000e-05	3.022373e-02	-1.147426e+01
3.735000e-05	1.898420e-02	-1.146223e+01
3.736000e-05	2.428950e-02	-1.144229e+01
3.737000e-05	3.454829e-02	-1.147180e+01
3.738000e-05	3.907554e-02	-1.141071e+01
3.739000e-05	2.859178e-02	-1.142023e+01
3.740000e-05	2.432561e-02	-1.136697e+01
3.741000e-05	3.188685e-02	-1.136591e+01
3.742000e-05	4.104368e-02	-1.128334e+01
3.743000e-05	3.905735e-02	-1.122118e+01
3.744000e-05	2.857577e-02	-1.118965e+01
3.745000e-05	2.949824e-02	-1.115644e+01
3.746000e-05	3.844631e-02	-1.111336e+01
3.747000e-05	4.185373e-02	-1.105252e+01
3.748000e-05	3.354105e-02	-1.096902e+01
3.749000e-05	2.712328e-02	-1.093592e+01
3.750000e-05	3.039738e-02	-1.085324e+01
3.751000e-05	3.719663e-02	-1.081870e+01
3.752000e-05	3.275606e-02	-1.073797e+01
3.753000e-05	2.342921e-02	-1.067331e+01
3.754000e-05	2.138586e-02	-1.061060e+01
3.755000e-05	2.634752e-02	-1.052597e+01
3.756000e-05	2.948246e-02	-1.043178e+01
3.757000e-05	2.270615e-02	-1.036797e+01
3.758000e-05	1.631597e-02	-1.023275e+01
3.759000e-05	1.752576e-02	-1.012692e+01
3.760000e-05	2.264967e-02	-1.003915e+01
3.761000e-05	2.057224e-02	-9.926415e+00
3.762000e-05	1.284187e-02	-9.840178e+00
3.763000e-05	9.935186e-03	-9.744866e+00
3.764000e-05	1.376941e-02	-9.639629e+00
3.765000e-05	1.798750e-02	-9.574342e+00
3.766000e-05	1.266394e-02	-9.379046e+00
3.767000e-05	7.257284e-03	-9.259628e+00
3.768000e-05	6.897789e-03	-9.144339e+00
3.769000e-05	1.181551e-02	-8.977595e+00
3.770000e-05	1.140286e-02	-8.871655e+00
3.771000e-05	6.794468e-03	-8.724467e+00
3.772000e-05	2.891830e-03	-8.557545e+00
3.773000e-05	6.244983e-03	-8.390028e+00
3.774000e-05	9.423506e-03	-8.314257e+00
3.775000e-05	7.310441e-03	-8.135518e+00
3.776000e-05	2.124109e-03	-7.999026e+00
3.777000e-05	1.976136e-03	-7.801175e+00
3.778000e-05	5.507271e-03	-7.610528e+00
3.779000e-05	6.639139e-03	-7.481134e+00
3.780000e-05	2.797958e-03	-7.295338e+00
3.781000e-05	-1.505824e-04	-7.146918e+00
3.782000e-05	1.658165e-03	-6.936845e+00
3.783000e-05	3.955052e-03	-6.776973e+00
3.784000e-05	3.689144e-03	-6.588505e+00
3.785000e-05	-9.503432e-04	-6.441655e+00
3.786000e-05	-1.847327e-03	-6.291311e+00
3.787000e-05	9.492662e-04	-6.070183e+00
3.788000e-05	4.220230e-03	-5.874182e+00
3.789000e-05	9.482780e-04	-5.724866e+00
3.790000e-05	-1.940217e-03	-5.556946e+00
3.791000e-05	-2.320667e-03	-5.284792e+00
3.792000e-05	1.501521e-03	-5.123315e+00
3.793000e-05	3.100966e-05	-4.842256e+00
3.794000e-05	-1.793154e-03	-4.621108e+00
3.795000e-05	-3.568943e-03	-4.462637e+00
3.796000e-05	-2.160411e-03	-4.304817e+00
3.797000e-05	-1.012612e-04	-4.165365e+00
3.798000e-05	5.325495e-04	-3.966470e+00
3.799000e-05	-3.825825e-03	-3.674815e+00
3.800000e-05	-4.621758e-03	-3.534888e+00
3.801000e-05	-3.898494e-03	-3.305265e+00
3.802000e-05	-2.417600e-04	-3.146916e+00
3.803000e-05	-5.161373e-03	-2.864186e+00
3.804000e-05	-4.192804e-03	-2.675341e+00
3.805000e-05	-5.549606e-03	-2.516291e+00
3.806000e-05	-5.981676e-04	-2.314319e+00
3.807000e-05	-1.328818e-03	-2.022082e+00
3.808000e-05	-3.609665e-03	-1.884735e+00
3.809000e-05	-6.327423e-03	-1.704158e+00
3.810000e-05	-4.502349e-03	-1.502685e+00
3.811000e-05	-3.661835e-03	-1.170424e+00
3.812000e-05	-5.633975e-03	-9.474710e-01
3.813000e-05	-6.495450e-03	-8.104501e-01
3.814000e-05	-6.860251e-03	-5.678249e-01
3.815000e-05	-2.443930e-03	-3.583960e-01
3.816000e-05	-3.247373e-03	-1.593457e-01
3.817000e-05	9.840382e-06	4.197652e-02
3.818000e-05	1.288231e-03	2.938266e-01
3.819000e-05	-5.217620e-03	4.526280e-01
3.820000e-05	2.381389e-03	6.710543e-01
3.821000e-05	-4.792539e-03	8.305500e-01
3.822000e-05	-2.281666e-03	1.011100e+00
3.823000e-05	-4.141810e-03	1.313655e+00
3.824000e-05	5.389736e-03	1.441631e+00
3.825000e-05	3.700576e-02	1.746942e+00
3.826000e-05	6.881944e-02	1.945896e+00
3.827000e-05	-5.544471e-02	2.147494e+00
3.828000e-05	-3.368705e-02	2.410023e+00
3.829000e-05	-4.465801e-02	2.610196e+00
3.830000e-05	-7.371866e-02	2.790524e+00
3.831000e-05	2.323506e-02	2.875263e+00
3.832000e-05	1.107679e-01	3.084889e+00
3.833000e-05	-1.897373e-01	3.273109e+00
3.834000e-05	1.528451e-01	3.484806e+00
3.835000e-05	4.200180e-04	3.724837e+00
3.836000e-05	-5.639533e-02	3.894307e+00
3.837000e-05	8.763714e-02	4.042077e+00
3.838000e-05	-8.370160e-02	4.314385e+00
3.839000e-05	-5.065501e-02	4.486258e+00
3.840000e-05	6.538277e-02	4.693337e+00
3.841000e-05	-3.107666e-02	4.878966e+00
3.842000e-05	2.545209e-02	5.157446e+00
3.843000e-05	-3.287296e-02	5.398523e+00
3.844000e-05	-2.968071e-02	5.576371e+00
3.845000e-05	3.535109e-02	5.705837e+00
3.846000e-05	-2.504238e-02	5.976921e+00
3.847000e-05	7.055047e-03	6.146337e+00
3.848000e-05	-5.955053e-02	6.284836e+00
3.849000e-05	4.620336e-02	6.473654e+00
3.850000e-05	-6.074834e-05	6.662231e+00
3.851000e-05	-2.642681e-02	6.840624e+00
3.852000e-05	1.068544e-03	7.039674e+00
3.853000e-05	-5.141955e-02	7.168970e+00
3.854000e-05	2.824288e-02	7.314413e+00
3.855000e-05	1.357776e-03	7.507862e+00
3.856000e-05	-1.467428e-02	7.714338e+00
3.857000e-05	-2.358281e-02	7.914288e+00
3.858000e-05	-9.590636e-03	8.082305e+00
3.859000e-05	1.386403e-02	8.190599e+00
3.860000e-05	-2.094716e-02	8.337865e+00
3.861000e-05	-2.293207e-02	8.472185e+00
3.862000e-05	-2.641937e-02	8.599598e+00
3.863000e-05	6.443286e-03	8.735889e+00
3.864000e-05	7.698979e-03	8.841179e+00
3.865000e-05	-1.921185e-02	8.998617e+00
3.866000e-05	-2.519171e-02	9.127443e+00
3.867000e-05	-1.422952e-02	9.303757e+00
3.868000e-05	-1.302676e-03	9.379624e+00
3.869000e-05	-9.831445e-03	9.483810e+00
3.870000e-05	-2.821391e-02	9.609522e+00
3.871000e-05	-2.139760e-02	9.732835e+00
3.872000e-05	-2.815432e-03	9.893775e+00
3.873000e-05	4.448105e-04	1.002797e+01
3.874000e-05	-1.884224e-02	1.011281e+01
3.875000e-05	-3.224442e-02	1.014652e+01
3.876000e-05	-1.914650e-02	1.025425e+01
3.877000e-05	-9.159325e-03	1.033639e+01
3.878000e-05	-9.076150e-03	1.040862e+01
3.879000e-05	-2.894179e-02	1.051591e+01
3.880000e-05	-2.504300e-02	1.064077e+01
3.881000e-05	-1.410452e-02	1.071381e+01
3.882000e-05	-5.518744e-03	1.078710e+01
3.883000e-05	-2.005731e-02	1.082116e+01
3.884000e-05	-3.028045e-02	1.091394e+01
3.885000e-05	-2.366257e-02	1.093546e+01
3.886000e-05	-1.530683e-02	1.101907e+01
3.887000e-05	-1.547749e-02	1.106226e+01
3.888000e-05	-3.304468e-02	1.111378e+01
3.889000e-05	-3.250389e-02	1.114589e+01
3.890000e-05	-2.254939e-02	1.112749e+01
3.891000e-05	-1.588617e-02	1.118070e+01
3.892000e-05	-2.280587e-02	1.125128e+01
3.893000e-05	-3.257644e-02	1.126499e+01
3.894000e-05	-2.919099e-02	1.133544e+01
3.895000e-05	-2.210082e-02	1.134496e+01
3.896000e-05	-2.413946e-02	1.137551e+01
3.897000e-05	-3.790718e-02	1.137859e+01
3.898000e-05	-4.013356e-02	1.138767e+01
3.899000e-05	-3.244070e-02	1.139012e+01
3.900000e-05	-2.456920e-02	1.140962e+01
3.901000e-05	-2.843163e-02	1.138760e+01
3.902000e-05	-3.895570e-02	1.142756e+01
3.903000e-05	-3.876711e-02	1.134652e+01
3.904000e-05	-3.427670e-02	1.132602e+01
3.905000e-05	-3.502184e-02	1.135288e+01
3.906000e-05	-4.433751e-02	1.130238e+01
3.907000e-05	-4.787979e-02	1.124166e+01
3.908000e-05	-4.199836e-02	1.123955e+01
3.909000e-05	-3.394349e-02	1.115649e+01
3.910000e-05	-3.720694e-02	1.110594e+01
3.911000e-05	-4.542590e-02	1.108388e+01
3.912000e-05	-4.543399e-02	1.107228e+01
3.913000e-05	-4.110748e-02	1.098960e+01
3.914000e-05	-3.729563e-02	1.095694e+01
3.915000e-05	-4.194840e-02	1.089531e+01
3.916000e-05	-4.527209e-02	1.084168e+01
3.917000e-05	-4.045323e-02	1.076857e+01
3.918000e-05	-3.305924e-02	1.072341e+01
3.919000e-05	-3.255482e-02	1.064163e+01
3.920000e-05	-3.689607e-02	1.054599e+01
3.921000e-05	-3.583510e-02	1.046013e+01
3.922000e-05	-2.979582e-02	1.032691e+01
3.923000e-05	-2.534584e-02	1.028321e+01
3.924000e-05	-2.820396e-02	1.014857e+01
3.925000e-05	-3.141153e-02	1.006128e+01
3.926000e-05	-3.016263e-02	1.000013e+01
3.927000e-05	-2.321213e-02	9.881814e+00
3.928000e-05	-1.968251e-02	9.787991e+00
3.929000e-05	-2.200310e-02	9.638675e+00
3.930000e-05	-2.209759e-02	9.515891e+00
3.931000e-05	-2.013810e-02	9.418576e+00
3.932000e-05	-1.676816e-02	9.254286e+00
3.933000e-05	-1.653253e-02	9.178051e+00
3.934000e-05	-2.253915e-02	9.081833e+00
3.935000e-05	-2.074791e-02	8.893235e+00
3.936000e-05	-1.806686e-02	8.746420e+00
3.937000e-05	-1.194492e-02	8.632127e+00
3.938000e-05	-1.497004e-02	8.474786e+00
3.939000e-05	-1.458614e-02	8.376498e+00
3.940000e-05	-1.400012e-02	8.252155e+00
3.941000e-05	-1.230651e-02	8.090283e+00
3.942000e-05	-1.283957e-02	7.914736e+00
3.943000e-05	-1.623490e-02	7.775992e+00
3.944000e-05	-1.673848e-02	7.598969e+00
3.945000e-05	-1.213947e-02	7.418746e+00
3.946000e-05	-9.327471e-03	7.230528e+00
3.947000e-05	-7.651202e-03	7.082207e+00
3.948000e-05	-1.182792e-02	6.895338e+00
3.949000e-05	-1.009804e-02	6.766441e+00
3.950000e-05	-1.118976e-02	6.524391e+00
3.951000e-05	-1.010657e-02	6.366474e+00
3.952000e-05	-1.188634e-02	6.167499e+00
3.953000e-05	-1.211597e-02	6.042077e+00
3.954000e-05	-1.025987e-02	5.913259e+00
3.955000e-05	-7.173488e-03	5.632130e+00
3.956000e-05	-7.092892e-03	5.464205e+00
3.957000e-05	-7.446831e-03	5.262207e+00
3.958000e-05	-9.660763e-03	5.030629e+00
3.959000e-05	-7.159752e-03	4.819104e+00
3.960000e-05	-8.056030e-03	4.599080e+00
3.961000e-05	-7.778748e-03	4.432078e+00
3.962000e-05	-9.630697e-03	4.234177e+00
3.963000e-05	-7.519687e-03	4.012076e+00
3.964000e-05	-6.800137e-03	3.860629e+00
3.965000e-05	-5.972341e-03	3.663584e+00
3.966000e-05	-6.875338e-03	3.471683e+00
3.967000e-05	-7.654805e-03	3.230031e+00
3.968000e-05	-5.658045e-03	3.052582e+00
3.969000e-05	-5.981659e-03	2.874080e+00
3.970000e-05	-6.560266e-03	2.672738e+00
3.971000e-05	-7.118408e-03	2.409500e+00
3.972000e-05	-7.179610e-03	2.207976e+00
3.973000e-05	-5.641321e-03	2.010554e+00
3.974000e-05	-4.987096e-03	1.821129e+00
3.975000e-05	-5.521134e-03	1.598454e+00
3.976000e-05	-5.218221e-03	1.368971e+00
3.977000e-05	-4.622812e-03	1.195949e+00
3.978000e-05	-4.786368e-03	8.726853e-01
3.979000e-05	-4.840149e-03	6.842129e-01
3.980000e-05	-5.524259e-03	4.741106e-01
3.981000e-05	-5.083474e-03	3.343144e-01
3.982000e-05	-3.787146e-03	3.255913e-02
3.983000e-05	-1.321475e-03	-1.579408e-01
3.984000e-05	5.267949e-03	-3.184196e-01
3.985000e-05	-3.896038e-03	-4.962896e-01
3.986000e-05	3.282629e-03	-7.888684e-01
3.987000e-05	-4.106135e-03	-9.379173e-01
3.988000e-05	1.722288e-03	-1.105786e+00
3.989000e-05	-4.141484e-03	-1.307465e+00
3.990000e-05	1.122626e-02	-1.587945e+00
3.991000e-05	8.372152e-02	-1.705838e+00
3.992000e-05	8.622159e-03	-1.989498e+00
3.993000e-05	-4.888274e-02	-2.368364e+00
3.994000e-05	-2.956547e-02	-2.600026e+00
3.995000e-05	-9.734965e-02	-2.746363e+00
3.996000e-05	3.916233e-02	-2.799000e+00
3.997000e-05	1.302790e-01	-2.925684e+00
3.998000e-05	-2.028365e-01	-3.262180e+00
3.999000e-05	1.548370e-01	-3.398549e+00
4.000000e-05	4.447221e-04	-3.547791e+00
4.001000e-05	-1.000079e-01	-3.869279e+00
4.002000e-05	1.835888e-01	-4.010551e+00
4.003000e-05	-1.113941e-01	-4.190650e+00
4.004000e-05	-9.346515e-02	-4.389549e+00
4.005000e-05	1.383700e-01	-4.505859e+00
4.006000e-05	-1.008296e-01	-4.780152e+00
4.007000e-05	1.382895e-01	-4.980624e+00
4.008000e-05	-6.635951e-02	-5.167947e+00
4.009000e-05	-6.342845e-02	-5.473361e+00
4.010000e-05	1.328690e-01	-5.641553e+00
4.011000e-05	-9.421103e-02	-5.840627e+00
4.012000e-05	7.385710e-02	-5.988479e+00
4.013000e-05	-8.277594e-02	-6.158521e+00
4.014000e-05	2.905125e-02	-6.408598e+00
4.015000e-05	8.598220e-02	-6.535942e+00
4.016000e-05	-8.628857e-02	-6.724862e+00
4.017000e-05	8.582247e-02	-6.874683e+00
4.018000e-05	-1.058325e-01	-7.083908e+00
4.019000e-05	5.856922e-02	-7.283311e+00
4.020000e-05	5.008873e-02	-7.419573e+00
4.021000e-05	-5.011058e-02	-7.632174e+00
4.022000e-05	5.446066e-02	-7.778096e+00
4.023000e-05	-7.408281e-02	-7.937992e+00
4.024000e-05	9.978979e-02	-8.105965e+00
4.025000e-05	-3.176424e-02	-8.252731e+00
4.026000e-05	-2.894190e-03	-8.358498e+00
4.027000e-05	-4.272832e-03	-8.565941e+00
4.028000e-05	-9.798316e-03	-8.746988e+00
4.029000e-05	7.934255e-02	-8.882732e+00
4.030000e-05	-3.835964e-02	-8.970017e+00
4.031000e-05	2.936944e-02	-9.125336e+00
4.032000e-05	-2.980034e-02	-9.199103e+00
4.033000e-05	3.610861e-02	-9.348043e+00
4.034000e-05	1.855802e-02	-9.523860e+00
4.035000e-05	-1.623413e-02	-9.633178e+00
4.036000e-05	1.145266e-02	-9.703866e+00
4.037000e-05	-3.898027e-03	-9.820128e+00
4.038000e-05	5.415733e-02	-9.916917e+00
4.039000e-05	-6.353598e-03	-1.004273e+01
4.040000e-05	5.050834e-03	-1.019892e+01
4.041000e-05	-6.723478e-03	-1.024133e+01
4.042000e-05	2.295294e-02	-1.033649e+01
4.043000e-05	2.615045e-02	-1.048176e+01
4.044000e-05	-1.922225e-03	-1.056594e+01
4.045000e-05	4.252925e-03	-1.057953e+01
4.046000e-05	8.860218e-03	-1.071433e+01
4.047000e-05	3.484415e-02	-1.074641e+01
4.048000e-05	1.395453e-02	-1.076923e+01
4.049000e-05	1.772225e-03	-1.089229e+01
4.050000e-05	6.310328e-03	-1.093546e+01
4.051000e-05	2.521765e-02	-1.097058e+01
4.052000e-05	3.002139e-02	-1.107333e+01
4.053000e-05	1.026284e-02	-1.113636e+01
4.054000e-05	2.443070e-03	-1.115655e+01
4.055000e-05	1.545473e-02	-1.123813e+01
4.056000e-05	2.884809e-02	-1.129231e+01
4.057000e-05	2.460182e-02	-1.130546e+01
4.058000e-05	1.133851e-02	-1.133784e+01
4.059000e-05	1.284494e-02	-1.140455e+01
4.060000e-05	2.794933e-02	-1.137863e+01
4.061000e-05	3.277900e-02	-1.144113e+01
4.062000e-05	2.021001e-02	-1.145168e+01
4.063000e-05	1.029327e-02	-1.144078e+01
4.064000e-05	1.919820e-02	-1.147531e+01
4.065000e-05	3.451507e-02	-1.146386e+01
4.066000e-05	3.475258e-02	-1.149284e+01
4.067000e-05	2.217100e-02	-1.145133e+01
4.068000e-05	2.201184e-02	-1.149328e+01
4.069000e-05	3.265722e-02	-1.142223e+01
4.070000e-05	3.927153e-02	-1.140175e+01
4.071000e-05	2.946084e-02	-1.142769e+01
4.072000e-05	2.206245e-02	-1.136858e+01
4.073000e-05	2.871089e-02	-1.134509e+01
4.074000e-05	4.166593e-02	-1.130384e+01
4.075000e-05	4.187238e-02	-1.121921e+01
4.076000e-05	3.093801e-02	-1.121020e+01
4.077000e-05	2.708468e-02	-1.121700e+01
4.078000e-05	3.577597e-02	-1.112489e+01
4.079000e-05	4.256003e-02	-1.103963e+01
4.080000e-05	3.497475e-02	-1.096113e+01
4.081000e-05	2.600678e-02	-1.094649e+01
4.082000e-05	2.851697e-02	-1.086383e+01
4.083000e-05	3.740728e-02	-1.081015e+01
4.084000e-05	3.635355e-02	-1.074852e+01
4.085000e-05	2.696208e-02	-1.070333e+01
4.086000e-05	1.994667e-02	-1.060168e+01
4.087000e-05	2.573429e-02	-1.055642e+01
4.088000e-05	3.002419e-02	-1.048176e+01
4.089000e-05	2.440209e-02	-1.036757e+01
4.090000e-05	1.597572e-02	-1.028036e+01
4.091000e-05	1.467822e-02	-1.014605e+01
4.092000e-05	2.198427e-02	-1.001118e+01
4.093000e-05	2.239733e-02	-9.957390e+00
4.094000e-05	1.558153e-02	-9.840702e+00
4.095000e-05	1.003719e-02	-9.755986e+00
4.096000e-05	1.355160e-02	-9.660678e+00
4.097000e-05	1.813464e-02	-9.536893e+00
4.098000e-05	1.359709e-02	-9.419053e+00
4.099000e-05	6.793882e-03	-9.251709e+00
4.100000e-05	4.914686e-03	-9.165442e+00
4.101000e-05	1.079138e-02	-9.019149e+00
4.102000e-05	1.191075e-02	-8.872658e+00
4.103000e-05	8.026947e-03	-8.767021e+00
4.104000e-05	3.499309e-03	-8.589645e+00
4.105000e-05	6.948168e-03	-8.410103e+00
4.106000e-05	1.017490e-02	-8.304287e+00
4.107000e-05	7.549234e-03	-8.147497e+00
4.108000e-05	1.347500e-03	-8.028554e+00
4.109000e-05	1.904923e-04	-7.870880e+00
4.110000e-05	4.404787e-03	-7.661157e+00
4.111000e-05	6.650626e-03	-7.502786e+00
4.112000e-05	3.560698e-03	-7.336367e+00
4.113000e-05	1.912025e-03	-7.168050e+00
4.114000e-05	2.380866e-03	-7.039449e+00
4.115000e-05	5.100998e-03	-6.788028e+00
4.116000e-05	3.797250e-03	-6.631181e+00
4.117000e-05	-1.024393e-03	-6.493709e+00
4.118000e-05	-3.557665e-03	-6.333366e+00
4.119000e-05	-1.046659e-04	-6.094765e+00
4.120000e-05	2.605286e-03	-5.905261e+00
4.121000e-05	1.851141e-03	-5.716397e+00
4.122000e-05	-2.277902e-03	-5.607001e+00
4.123000e-05	-1.777530e-03	-5.357395e+00
4.124000e-05	1.814122e-03	-5.125316e+00
4.125000e-05	1.632108e-03	-4.904916e+00
4.126000e-05	-2.644353e-03	-4.623608e+00
4.127000e-05	-4.257402e-03	-4.484266e+00
4.128000e-05	-2.595852e-03	-4.336447e+00
4.129000e-05	7.202399e-04	-4.145422e+00
4.130000e-05	-5.253552e-04	-3.978528e+00
4.131000e-05	-2.963875e-03	-3.735974e+00
4.132000e-05	-3.056452e-03	-3.546968e+00
4.133000e-05	-2.480850e-03	-3.357495e+00
4.134000e-05	1.007430e-04	-3.169977e+00
4.135000e-05	-5.719392e-03	-2.915870e+00
4.136000e-05	-4.363188e-03	-2.747920e+00
4.137000e-05	-5.520811e-03	-2.526422e+00
4.138000e-05	-8.401341e-04	-2.366996e+00
4.139000e-05	-3.875802e-03	-2.095641e+00
4.140000e-05	-4.308753e-03	-1.924288e+00
4.141000e-05	-5.805519e-03	-1.696292e+00
4.142000e-05	-3.752284e-03	-1.523792e+00
4.143000e-05	-3.904518e-03	-1.241460e+00
4.144000e-05	-5.060842e-03	-1.030004e+00
4.145000e-05	-5.880384e-03	-8.300278e-01
4.146000e-05	-5.959351e-03	-5.690537e-01
4.147000e-05	-2.956272e-03	-3.884462e-01
4.148000e-05	-3.844287e-03	-1.979987e-01
4.149000e-05	-1.074996e-03	1.097507e-02
4.150000e-05	1.947314e-03	2.121038e-01
4.151000e-05	-4.307704e-03	4.325790e-01
4.152000e-05	2.566858e-03	6.110250e-01
4.153000e-05	-5.085413e-03	7.789251e-01
4.154000e-05	-2.345660e-03	9.609438e-01
4.155000e-05	-4.586341e-03	1.252130e+00
4.156000e-05	4.816384e-03	1.412575e+00
4.157000e-05	2.694626e-02	1.694362e+00
4.158000e-05	7.504809e-02	1.913836e+00
4.159000e-05	-3.882519e-02	2.116892e+00
4.160000e-05	-4.260778e-02	2.345970e+00
4.161000e-05	-4.154670e-02	2.577966e+00
4.162000e-05	-6.614930e-02	2.758970e+00
4.163000e-05	-1.993290e-02	2.854261e+00
4.164000e-05	1.474018e-01	3.052707e+00
4.165000e-05	-1.769001e-01	3.274103e+00
4.166000e-05	9.201612e-02	3.432153e+00
4.167000e-05	6.242989e-02	3.704232e+00
4.168000e-05	-8.227225e-02	3.872705e+00
4.169000e-05	7.845012e-02	4.021025e+00
4.170000e-05	-4.451332e-02	4.252304e+00
4.171000e-05	-9.095017e-02	4.433236e+00
4.172000e-05	7.085183e-02	4.672705e+00
4.173000e-05	-2.492627e-02	4.904336e+00
4.174000e-05	1.931301e-02	5.126860e+00
4.175000e-05	-1.310460e-02	5.376992e+00
4.176000e-05	-4.916856e-02	5.527442e+00
4.177000e-05	4.492412e-02	5.683759e+00
4.178000e-05	-2.677923e-02	5.894362e+00
4.179000e-05	1.306044e-02	6.114310e+00
4.180000e-05	-6.392948e-02	6.263786e+00
4.181000e-05	3.103435e-02	6.431077e+00
4.182000e-05	1.517749e-02	6.609722e+00
4.183000e-05	-2.960688e-02	6.839548e+00
4.184000e-05	3.985645e-03	6.978095e+00
4.185000e-05	-4.841252e-02	7.127442e+00
4.186000e-05	1.242442e-02	7.292804e+00
4.187000e-05	1.705799e-02	7.503308e+00
4.188000e-05	-1.764337e-02	7.666303e+00
4.189000e-05	-2.195321e-02	7.872228e+00
4.190000e-05	-1.680234e-02	8.070177e+00
4.191000e-05	1.306324e-02	8.199597e+00
4.192000e-05	-1.103283e-02	8.295939e+00
4.193000e-05	-2.802355e-02	8.443206e+00
4.194000e-05	-2.271570e-02	8.578573e+00
4.195000e-05	-4.984787e-03	8.705389e+00
4.196000e-05	1.781677e-02	8.779550e+00
4.197000e-05	-1.882434e-02	8.947491e+00
4.198000e-05	-2.445552e-02	9.086385e+00
4.199000e-05	-1.887885e-02	9.231633e+00
4.200000e-05	-3.738044e-03	9.348020e+00
4.201000e-05	-3.679943e-03	9.462737e+00
4.202000e-05	-3.015662e-02	9.568445e+00
4.203000e-05	-2.186733e-02	9.704357e+00
4.204000e-05	-9.942251e-03	9.820148e+00
4.205000e-05	6.745224e-03	9.956966e+00
4.206000e-05	-1.544859e-02	1.010326e+01
4.207000e-05	-3.055708e-02	1.010744e+01
4.208000e-05	-2.135653e-02	1.023063e+01
4.209000e-05	-1.167852e-02	1.033637e+01
4.210000e-05	-7.592507e-03	1.042952e+01
4.211000e-05	-2.972545e-02	1.049491e+01
4.212000e-05	-2.652782e-02	1.060922e+01
4.213000e-05	-1.575764e-02	1.068236e+01
4.214000e-05	-1.921914e-03	1.071749e+01
4.215000e-05	-1.508230e-02	1.081061e+01
4.216000e-05	-3.091877e-02	1.090373e+01
4.217000e-05	-2.754675e-02	1.094591e+01
4.218000e-05	-1.830559e-02	1.097710e+01
4.219000e-05	-1.403270e-02	1.105121e+01
4.220000e-05	-3.022005e-02	1.111386e+01
4.221000e-05	-3.131871e-02	1.110584e+01
4.222000e-05	-2.394809e-02	1.116747e+01
4.223000e-05	-1.247285e-02	1.119715e+01
4.224000e-05	-2.260850e-02	1.120163e+01
4.225000e-05	-3.262291e-02	1.127136e+01
4.226000e-05	-3.357783e-02	1.130446e+01
4.227000e-05	-2.520544e-02	1.136549e+01
4.228000e-05	-2.138214e-02	1.135747e+01
4.229000e-05	-3.342064e-02	1.134802e+01
4.230000e-05	-3.864890e-02	1.133762e+01
4.231000e-05	-3.408748e-02	1.139872e+01
4.232000e-05	-2.519747e-02	1.144055e+01
4.233000e-05	-2.951374e-02	1.138705e+01
4.234000e-05	-3.943396e-02	1.136557e+01
4.235000e-05	-4.108770e-02	1.137699e+01
4.236000e-05	-3.512751e-02	1.134544e+01
4.237000e-05	-3.197370e-02	1.133494e+01
4.238000e-05	-4.112974e-02	1.125533e+01
4.239000e-05	-4.592017e-02	1.128115e+01
4.240000e-05	-4.415046e-02	1.119908e+01
4.241000e-05	-3.538229e-02	1.117757e+01
4.242000e-05	-3.785411e-02	1.114650e+01
4.243000e-05	-4.621713e-02	1.113434e+01
4.244000e-05	-4.566427e-02	1.106418e+01
4.245000e-05	-4.379927e-02	1.102015e+01
4.246000e-05	-3.440497e-02	1.095855e+01
4.247000e-05	-4.001248e-02	1.092479e+01
4.248000e-05	-4.405344e-02	1.089373e+01
4.249000e-05	-4.142650e-02	1.080912e+01
4.250000e-05	-3.476868e-02	1.073741e+01
4.251000e-05	-3.215324e-02	1.064023e+01
4.252000e-05	-3.800348e-02	1.055701e+01
4.253000e-05	-3.745829e-02	1.046073e+01
4.254000e-05	-3.095147e-02	1.037740e+01
4.255000e-05	-2.523093e-02	1.026378e+01
4.256000e-05	-2.539136e-02	1.014812e+01
4.257000e-05	-3.087596e-02	1.011578e+01
4.258000e-05	-2.864722e-02	1.006065e+01
4.259000e-05	-2.521938e-02	9.934941e+00
4.260000e-05	-2.082759e-02	9.756047e+00
4.261000e-05	-2.372062e-02	9.660204e+00
4.262000e-05	-2.602314e-02	9.545889e+00
4.263000e-05	-2.136954e-02	9.441181e+00
4.264000e-05	-1.503362e-02	9.315336e+00
4.265000e-05	-1.651452e-02	9.190104e+00
4.266000e-05	-2.001971e-02	9.083287e+00
4.267000e-05	-2.135202e-02	8.915388e+00
4.268000e-05	-1.592110e-02	8.778448e+00
4.269000e-05	-1.372108e-02	8.652728e+00
4.270000e-05	-1.657865e-02	8.495364e+00
4.271000e-05	-1.780848e-02	8.400102e+00
4.272000e-05	-1.541925e-02	8.243755e+00
4.273000e-05	-1.082227e-02	8.093687e+00
4.274000e-05	-1.150750e-02	7.914390e+00
4.275000e-05	-1.367687e-02	7.748525e+00
4.276000e-05	-1.591412e-02	7.630179e+00
4.277000e-05	-1.186416e-02	7.481255e+00
4.278000e-05	-9.668261e-03	7.261056e+00
4.279000e-05	-9.783823e-03	7.105261e+00
4.280000e-05	-1.299465e-02	6.885813e+00
4.281000e-05	-1.293140e-02	6.796973e+00
4.282000e-05	-8.930943e-03	6.586547e+00
4.283000e-05	-7.808040e-03	6.420503e+00
4.284000e-05	-1.004579e-02	6.220101e+00
4.285000e-05	-1.192492e-02	6.084158e+00
4.286000e-05	-8.746547e-03	5.945841e+00
4.287000e-05	-6.992763e-03	5.682636e+00
4.288000e-05	-6.797224e-03	5.484787e+00
4.289000e-05	-1.066694e-02	5.346814e+00
4.290000e-05	-1.095430e-02	5.104335e+00
4.291000e-05	-7.213262e-03	4.840580e+00
4.292000e-05	-6.048279e-03	4.632607e+00
4.293000e-05	-7.391201e-03	4.462633e+00
4.294000e-05	-9.559617e-03	4.334386e+00
4.295000e-05	-7.783350e-03	4.033082e+00
4.296000e-05	-5.190255e-03	3.852686e+00
4.297000e-05	-5.295492e-03	3.683336e+00
4.298000e-05	-7.597002e-03	3.533838e+00
4.299000e-05	-8.895465e-03	3.222082e+00
4.300000e-05	-7.290996e-03	3.064259e+00
4.301000e-05	-4.925452e-03	2.893708e+00
4.302000e-05	-5.756738e-03	2.734816e+00
4.303000e-05	-7.677783e-03	2.432106e+00
4.304000e-05	-6.648186e-03	2.240607e+00
4.305000e-05	-4.796870e-03	2.040033e+00
4.306000e-05	-4.483335e-03	1.863233e+00
4.307000e-05	-6.702830e-03	1.653555e+00
4.308000e-05	-7.163477e-03	1.431527e+00
4.309000e-05	-5.873934e-03	1.221501e+00
4.310000e-05	-4.007531e-03	9.472645e-01
4.311000e-05	-4.539109e-03	7.353144e-01
4.312000e-05	-6.218936e-03	5.052945e-01
4.313000e-05	-5.012245e-03	3.473684e-01
4.314000e-05	-2.706620e-03	9.160921e-02
4.315000e-05	-1.870061e-03	-1.142620e-01
4.316000e-05	5.550524e-03	-2.847606e-01
4.317000e-05	-3.362564e-03	-4.861829e-01
4.318000e-05	1.521009e-03	-7.648685e-01
4.319000e-05	-2.817243e-03	-8.758105e-01
4.320000e-05	1.562039e-03	-1.073763e+00
4.321000e-05	-4.953962e-03	-1.253183e+00
4.322000e-05	6.341729e-03	-1.535912e+00
4.323000e-05	6.912513e-02	-1.675812e+00
4.324000e-05	4.536373e-02	-1.936367e+00
4.325000e-05	-6.442722e-02	-2.262856e+00
4.326000e-05	-1.698577e-02	-2.548868e+00
4.327000e-05	-9.403207e-02	-2.734836e+00
4.328000e-05	-1.056327e-02	-2.797500e+00
4.329000e-05	1.682648e-01	-2.863182e+00
4.330000e-05	-1.796245e-01	-3.220051e+00
4.331000e-05	7.893648e-02	-3.390524e+00
4.332000e-05	7.655239e-02	-3.505786e+00
4.333000e-05	-1.488249e-01	-3.809125e+00
4.334000e-05	1.717109e-01	-3.990525e+00
4.335000e-05	-4.670092e-02	-4.178975e+00
4.336000e-05	-1.518681e-01	-4.408994e+00
4.337000e-05	1.490974e-01	-4.483189e+00
4.338000e-05	-8.613115e-02	-4.737016e+00
4.339000e-05	9.955791e-02	-4.968595e+00
4.340000e-05	-5.624565e-04	-5.095915e+00
4.341000e-05	-1.167823e-01	-5.432231e+00
4.342000e-05	1.481010e-01	-5.610549e+00
4.343000e-05	-7.667893e-02	-5.760046e+00
4.344000e-05	4.370170e-02	-5.957444e+00
4.345000e-05	-3.908625e-02	-6.145312e+00
4.346000e-05	-2.794185e-02	-6.358020e+00
4.347000e-05	1.253951e-01	-6.513861e+00
4.348000e-05	-9.499965e-02	-6.713838e+00
4.349000e-05	7.650838e-02	-6.880708e+00
4.350000e-05	-7.229391e-02	-7.019282e+00
4.351000e-05	5.193011e-03	-7.252232e+00
4.352000e-05	9.454024e-02	-7.409448e+00
4.353000e-05	-7.323536e-02	-7.609125e+00
4.354000e-05	6.663583e-02	-7.777444e+00
4.355000e-05	-7.327953e-02	-7.886387e+00
4.356000e-05	7.511166e-02	-8.104814e+00
4.357000e-05	3.897441e-03	-8.231754e+00
4.358000e-05	-3.135868e-02	-8.358015e+00
4.359000e-05	2.111498e-02	-8.505411e+00
4.360000e-05	-3.460169e-02	-8.702357e+00
4.361000e-05	9.114172e-02	-8.849650e+00
4.362000e-05	-3.276036e-02	-8.946496e+00
4.363000e-05	2.027602e-02	-9.104282e+00
4.364000e-05	-1.863872e-02	-9.198624e+00
4.365000e-05	1.638659e-02	-9.345015e+00
4.366000e-05	3.755398e-02	-9.451856e+00
4.367000e-05	-2.518137e-02	-9.602574e+00
4.368000e-05	1.817985e-02	-9.745336e+00
4.369000e-05	-1.300520e-02	-9.800149e+00
4.370000e-05	5.459526e-02	-9.926388e+00
4.371000e-05	2.214659e-03	-1.002078e+01
4.372000e-05	1.801340e-03	-1.016599e+01
4.373000e-05	-4.239053e-03	-1.022173e+01
4.374000e-05	1.368961e-02	-1.032746e+01
4.375000e-05	3.217076e-02	-1.045920e+01
4.376000e-05	-1.755030e-03	-1.053589e+01
4.377000e-05	5.615360e-03	-1.058752e+01
4.378000e-05	2.794869e-03	-1.067431e+01
4.379000e-05	3.661916e-02	-1.076601e+01
4.380000e-05	1.682432e-02	-1.078860e+01
4.381000e-05	4.945068e-03	-1.091431e+01
4.382000e-05	1.930714e-03	-1.093536e+01
4.383000e-05	2.050801e-02	-1.101662e+01
4.384000e-05	3.047758e-02	-1.104080e+01
4.385000e-05	1.131645e-02	-1.115643e+01
4.386000e-05	4.866963e-03	-1.118602e+01
4.387000e-05	1.166054e-02	-1.123805e+01
4.388000e-05	2.974859e-02	-1.124975e+01
4.389000e-05	2.642366e-02	-1.131444e+01
4.390000e-05	1.288504e-02	-1.131292e+01
4.391000e-05	1.045297e-02	-1.137709e+01
4.392000e-05	2.438887e-02	-1.139762e+01
4.393000e-05	3.300549e-02	-1.143218e+01
4.394000e-05	2.185476e-02	-1.149228e+01
4.395000e-05	1.190468e-02	-1.146376e+01
4.396000e-05	1.809183e-02	-1.146233e+01
4.397000e-05	3.208402e-02	-1.150236e+01
4.398000e-05	3.452028e-02	-1.147281e+01
4.399000e-05	2.423440e-02	-1.149236e+01
4.400000e-05	2.047408e-02	-1.144123e+01
4.401000e-05	3.009610e-02	-1.143173e+01
4.402000e-05	3.792452e-02	-1.142168e+01
4.403000e-05	3.240827e-02	-1.143920e+01
4.404000e-05	2.302464e-02	-1.139820e+01
4.405000e-05	2.750062e-02	-1.134499e+01
4.406000e-05	3.942959e-02	-1.131243e+01
4.407000e-05	4.250598e-02	-1.128223e+01
4.408000e-05	3.231128e-02	-1.124920e+01
4.409000e-05	2.728287e-02	-1.113602e+01
4.410000e-05	3.586617e-02	-1.110536e+01
4.411000e-05	4.138110e-02	-1.101968e+01
4.412000e-05	3.725729e-02	-1.102657e+01
4.413000e-05	2.699939e-02	-1.095596e+01
4.414000e-05	2.718864e-02	-1.089280e+01
4.415000e-05	3.593461e-02	-1.085166e+01
4.416000e-05	3.626476e-02	-1.077792e+01
4.417000e-05	2.848221e-02	-1.072534e+01
4.418000e-05	2.147959e-02	-1.065021e+01
4.419000e-05	2.441643e-02	-1.055647e+01
4.420000e-05	2.885442e-02	-1.047376e+01
4.421000e-05	2.650867e-02	-1.042960e+01
4.422000e-05	1.717913e-02	-1.030338e+01
4.423000e-05	1.572311e-02	-1.015640e+01
4.424000e-05	2.120705e-02	-1.003318e+01
4.425000e-05	2.205187e-02	-9.946947e+00
4.426000e-05	1.642996e-02	-9.893683e+00
4.427000e-05	9.687022e-03	-9.747498e+00
4.428000e-05	1.168317e-02	-9.663185e+00
4.429000e-05	1.660318e-02	-9.586494e+00
4.430000e-05	1.595356e-02	-9.430128e+00
4.431000e-05	9.145651e-03	-9.272758e+00
4.432000e-05	4.617917e-03	-9.156972e+00
4.433000e-05	9.004942e-03	-9.010631e+00
4.434000e-05	1.295124e-02	-8.903786e+00
4.435000e-05	9.930585e-03	-8.758075e+00
4.436000e-05	2.155460e-03	-8.640258e+00
4.437000e-05	3.099445e-03	-8.482130e+00
4.438000e-05	8.989544e-03	-8.345394e+00
4.439000e-05	1.086575e-02	-8.178546e+00
4.440000e-05	4.823680e-03	-8.051704e+00
4.441000e-05	2.726239e-04	-7.924365e+00
4.442000e-05	3.418890e-03	-7.683232e+00
4.443000e-05	6.827357e-03	-7.505841e+00
4.444000e-05	4.516023e-03	-7.367996e+00
4.445000e-05	-7.281640e-05	-7.229099e+00
4.446000e-05	-8.113814e-04	-7.021077e+00
4.447000e-05	3.563972e-03	-6.820103e+00
4.448000e-05	5.176596e-03	-6.641658e+00
4.449000e-05	1.534510e-03	-6.525789e+00
4.450000e-05	-2.540128e-03	-6.334945e+00
4.451000e-05	-7.188770e-04	-6.126444e+00
4.452000e-05	3.331700e-03	-5.966968e+00
4.453000e-05	2.865874e-03	-5.756949e+00
4.454000e-05	-2.874267e-03	-5.608630e+00
4.455000e-05	-3.581229e-03	-5.369528e+00
4.456000e-05	-7.721976e-04	-5.155925e+00
4.457000e-05	3.095981e-03	-4.936396e+00
4.458000e-05	-1.885859e-03	-4.672262e+00
4.459000e-05	-3.188443e-03	-4.536317e+00
4.460000e-05	-4.404283e-03	-4.387500e+00
4.461000e-05	1.307102e-03	-4.179500e+00
4.462000e-05	-6.739209e-04	-4.050580e+00
4.463000e-05	-3.298586e-03	-3.871703e+00
4.464000e-05	-5.221600e-03	-3.567997e+00
4.465000e-05	-4.134796e-03	-3.418553e+00
4.466000e-05	-8.383559e-05	-3.229554e+00
4.467000e-05	-3.397615e-03	-3.017400e+00
4.468000e-05	-4.462432e-03	-2.779472e+00
4.469000e-05	-6.006536e-03	-2.558525e+00
4.470000e-05	-1.202294e-03	-2.358003e+00
4.471000e-05	-3.086005e-03	-2.096368e+00
4.472000e-05	-2.465748e-03	-1.947367e+00
4.473000e-05	-6.401720e-03	-1.797397e+00
4.474000e-05	-4.629009e-03	-1.547972e+00
4.475000e-05	-5.178267e-03	-1.293509e+00
4.476000e-05	-3.926931e-03	-1.053631e+00
4.477000e-05	-6.941784e-03	-8.541303e-01
4.478000e-05	-6.171396e-03	-6.627366e-01
4.479000e-05	-3.504031e-03	-4.095013e-01
4.480000e-05	-2.626857e-03	-2.425038e-01
4.481000e-05	-1.418505e-03	-1.110643e-02
4.482000e-05	2.584104e-03	1.788437e-01
4.483000e-05	-4.766621e-03	4.305214e-01
4.484000e-05	1.800838e-03	5.889437e-01
4.485000e-05	-4.142199e-03	7.678697e-01
4.486000e-05	-2.736127e-03	9.257881e-01
4.487000e-05	-5.565924e-03	1.188524e+00
4.488000e-05	3.079469e-03	1.389554e+00
4.489000e-05	1.965018e-02	1.674223e+00
4.490000e-05	7.431446e-02	1.884158e+00
4.491000e-05	-1.393981e-02	2.064808e+00
4.492000e-05	-5.326101e-02	2.304311e+00
4.493000e-05	-3.697271e-02	2.524337e+00
4.494000e-05	-5.914173e-02	2.757442e+00
4.495000e-05	-5.226846e-02	2.842632e+00
4.496000e-05	1.547241e-01	3.031625e+00
4.497000e-05	-1.333636e-01	3.190026e+00
4.498000e-05	1.391869e-02	3.402572e+00
4.499000e-05	1.208513e-01	3.651650e+00
4.500000e-05	-9.662153e-02	3.831202e+00
4.501000e-05	5.870329e-02	3.947945e+00
4.502000e-05	-2.960695e-04	4.209148e+00
4.503000e-05	-1.167614e-01	4.431029e+00
4.504000e-05	6.588798e-02	4.642149e+00
4.505000e-05	-1.196812e-02	4.832075e+00
4.506000e-05	5.094459e-03	5.072152e+00
4.507000e-05	2.529322e-03	5.325812e+00
4.508000e-05	-6.227908e-02	5.526312e+00
4.509000e-05	4.210582e-02	5.681682e+00
4.510000e-05	-1.915623e-02	5.894353e+00
4.511000e-05	1.251228e-02	6.051156e+00
4.512000e-05	-5.339766e-02	6.231679e+00
4.513000e-05	1.228844e-02	6.390025e+00
4.514000e-05	2.970951e-02	6.599095e+00
4.515000e-05	-3.163889e-02	6.777994e+00
4.516000e-05	1.603416e-04	6.947941e+00
4.517000e-05	-4.018272e-02	7.106314e+00
4.518000e-05	-7.923925e-03	7.231128e+00
4.519000e-05	3.078501e-02	7.480802e+00
4.520000e-05	-2.021061e-02	7.701209e+00
4.521000e-05	-1.557944e-02	7.811099e+00
4.522000e-05	-2.018732e-02	8.019628e+00
4.523000e-05	1.091511e-02	8.196967e+00
4.524000e-05	-3.941602e-03	8.313360e+00
4.525000e-05	-3.403280e-02	8.451104e+00
4.526000e-05	-1.968171e-02	8.547544e+00
4.527000e-05	-1.533709e-02	8.705332e+00
4.528000e-05	2.257886e-02	8.780074e+00
4.529000e-05	-1.676832e-02	8.916390e+00
4.530000e-05	-2.182370e-02	9.082308e+00
4.531000e-05	-1.972713e-02	9.242727e+00
4.532000e-05	-5.187836e-03	9.336467e+00
4.533000e-05	-5.031174e-04	9.452277e+00
4.534000e-05	-2.705301e-02	9.576990e+00
4.535000e-05	-2.273649e-02	9.642211e+00
4.536000e-05	-1.536466e-02	9.789649e+00
4.537000e-05	5.981551e-03	9.955566e+00
4.538000e-05	-1.542739e-02	9.991275e+00
4.539000e-05	-2.768623e-02	1.012544e+01
4.540000e-05	-2.402422e-02	1.026070e+01
4.541000e-05	-9.271398e-03	1.029484e+01
4.542000e-05	-4.385867e-03	1.038710e+01
4.543000e-05	-2.477004e-02	1.048284e+01
4.544000e-05	-2.683017e-02	1.057704e+01
4.545000e-05	-2.129138e-02	1.066218e+01
4.546000e-05	-5.026735e-03	1.072647e+01
4.547000e-05	-1.794867e-02	1.081017e+01
4.548000e-05	-2.779530e-02	1.087231e+01
4.549000e-05	-2.838599e-02	1.095536e+01
4.550000e-05	-1.463958e-02	1.098712e+01
4.551000e-05	-1.033155e-02	1.103118e+01
4.552000e-05	-2.679167e-02	1.107331e+01
4.553000e-05	-3.232508e-02	1.114589e+01
4.554000e-05	-2.854910e-02	1.113657e+01
4.555000e-05	-1.568884e-02	1.118810e+01
4.556000e-05	-2.312739e-02	1.120971e+01
4.557000e-05	-3.201133e-02	1.126376e+01
4.558000e-05	-3.395939e-02	1.135244e+01
4.559000e-05	-2.325681e-02	1.133633e+01
4.560000e-05	-2.022415e-02	1.135451e+01
4.561000e-05	-3.145318e-02	1.133699e+01
4.562000e-05	-3.855035e-02	1.138815e+01
4.563000e-05	-3.626542e-02	1.141869e+01
4.564000e-05	-2.668666e-02	1.136860e+01
4.565000e-05	-2.913156e-02	1.138864e+01
4.566000e-05	-3.810244e-02	1.138949e+01
4.567000e-05	-4.295958e-02	1.138697e+01
4.568000e-05	-3.662654e-02	1.137547e+01
4.569000e-05	-3.003965e-02	1.130591e+01
4.570000e-05	-3.772059e-02	1.134343e+01
4.571000e-05	-4.626496e-02	1.123125e+01
4.572000e-05	-4.491297e-02	1.121008e+01
4.573000e-05	-3.645651e-02	1.118910e+01
4.574000e-05	-3.683249e-02	1.114652e+01
4.575000e-05	-4.401295e-02	1.111584e+01
4.576000e-05	-4.945867e-02	1.109223e+01
4.577000e-05	-4.388732e-02	1.101175e+01
4.578000e-05	-3.563155e-02	1.097797e+01
4.579000e-05	-3.880356e-02	1.090534e+01
4.580000e-05	-4.297064e-02	1.086323e+01
4.581000e-05	-4.414769e-02	1.085915e+01
4.582000e-05	-3.421686e-02	1.077597e+01
4.583000e-05	-3.181882e-02	1.064176e+01
4.584000e-05	-3.526959e-02	1.056852e+01
4.585000e-05	-3.898943e-02	1.046073e+01
4.586000e-05	-3.275493e-02	1.039950e+01
4.587000e-05	-2.754774e-02	1.032381e+01
4.588000e-05	-2.566251e-02	1.019810e+01
4.589000e-05	-3.096083e-02	1.012494e+01
4.590000e-05	-2.965774e-02	1.000918e+01
4.591000e-05	-2.487682e-02	9.945343e+00
4.592000e-05	-1.956357e-02	9.798647e+00
4.593000e-05	-2.314217e-02	9.672208e+00
4.594000e-05	-2.473997e-02	9.556443e+00
4.595000e-05	-2.376361e-02	9.461657e+00
4.596000e-05	-1.737154e-02	9.316941e+00
4.597000e-05	-1.696908e-02	9.249602e+00
4.598000e-05	-1.894480e-02	9.093886e+00
4.599000e-05	-2.134375e-02	8.944588e+00
4.600000e-05	-1.706165e-02	8.799025e+00
4.601000e-05	-1.322132e-02	8.673308e+00
4.602000e-05	-1.393106e-02	8.545990e+00
4.603000e-05	-1.766260e-02	8.431129e+00
4.604000e-05	-1.727242e-02	8.333287e+00
4.605000e-05	-1.224463e-02	8.126216e+00
4.606000e-05	-1.103011e-02	7.966551e+00
4.607000e-05	-1.291324e-02	7.820150e+00
4.608000e-05	-1.710995e-02	7.622532e+00
4.609000e-05	-1.352993e-02	7.492391e+00
4.610000e-05	-9.515396e-03	7.292708e+00
4.611000e-05	-9.045982e-03	7.145811e+00
4.612000e-05	-1.259197e-02	6.947520e+00
4.613000e-05	-1.311531e-02	6.789002e+00
4.614000e-05	-9.804677e-03	6.592153e+00
4.615000e-05	-8.071714e-03	6.450053e+00
4.616000e-05	-1.020056e-02	6.273708e+00
4.617000e-05	-1.201052e-02	6.083187e+00
4.618000e-05	-1.053982e-02	5.945891e+00
4.619000e-05	-7.496047e-03	5.684836e+00
4.620000e-05	-6.520840e-03	5.546892e+00
4.621000e-05	-9.711742e-03	5.368020e+00
4.622000e-05	-1.019477e-02	5.136869e+00
4.623000e-05	-8.834435e-03	4.895158e+00
4.624000e-05	-6.458282e-03	4.695812e+00
4.625000e-05	-7.898660e-03	4.536260e+00
4.626000e-05	-8.934795e-03	4.386420e+00
4.627000e-05	-9.200002e-03	4.084731e+00
4.628000e-05	-6.525454e-03	3.925311e+00
4.629000e-05	-5.476107e-03	3.736413e+00
4.630000e-05	-7.208418e-03	3.557969e+00
4.631000e-05	-7.544059e-03	3.294762e+00
4.632000e-05	-7.290066e-03	3.116864e+00
4.633000e-05	-5.026485e-03	2.935793e+00
4.634000e-05	-6.023438e-03	2.765317e+00
4.635000e-05	-7.049571e-03	2.463741e+00
4.636000e-05	-7.041711e-03	2.285236e+00
4.637000e-05	-5.597049e-03	2.063659e+00
4.638000e-05	-4.355917e-03	1.895812e+00
4.639000e-05	-5.973948e-03	1.714711e+00
4.640000e-05	-6.007913e-03	1.431583e+00
4.641000e-05	-5.197677e-03	1.242598e+00
4.642000e-05	-5.292830e-03	9.789487e-01
4.643000e-05	-5.572678e-03	7.573684e-01
4.644000e-05	-4.664811e-03	5.673973e-01
4.645000e-05	-4.400423e-03	3.584224e-01
4.646000e-05	-3.907652e-03	1.357181e-01
4.647000e-05	-3.517628e-03	-6.430679e-02
4.648000e-05	5.356864e-03	-2.537095e-01
4.649000e-05	-1.359655e-03	-4.305801e-01
4.650000e-05	1.414371e-04	-6.867094e-01
4.651000e-05	-2.167445e-03	-8.537056e-01
4.652000e-05	3.885760e-04	-1.042155e+00
4.653000e-05	-3.063721e-03	-1.251552e+00
4.654000e-05	4.106000e-03	-1.524340e+00
4.655000e-05	5.063270e-02	-1.662107e+00
4.656000e-05	7.330488e-02	-1.875161e+00
4.657000e-05	-7.070991e-02	-2.212580e+00
4.658000e-05	-7.520160e-03	-2.504785e+00
4.659000e-05	-8.593723e-02	-2.704284e+00
4.660000e-05	-5.116085e-02	-2.787995e+00
4.661000e-05	1.773861e-01	-2.832080e+00
4.662000e-05	-1.247776e-01	-3.096366e+00
4.663000e-05	-6.763960e-03	-3.388967e+00
4.664000e-05	1.474932e-01	-3.462708e+00
4.665000e-05	-1.732458e-01	-3.745913e+00
4.666000e-05	1.361923e-01	-3.979497e+00
4.667000e-05	2.540317e-02	-4.085865e+00
4.668000e-05	-1.923251e-01	-4.346492e+00
4.669000e-05	1.300189e-01	-4.473109e+00
4.670000e-05	-4.817129e-02	-4.715912e+00
4.671000e-05	4.407281e-02	-4.958546e+00
4.672000e-05	6.350356e-02	-5.054861e+00
4.673000e-05	-1.509025e-01	-5.398044e+00
4.674000e-05	1.367129e-01	-5.581517e+00
4.675000e-05	-3.818121e-02	-5.756968e+00
4.676000e-05	1.854842e-03	-5.977441e+00
4.677000e-05	8.704121e-03	-6.084708e+00
4.678000e-05	-7.713406e-02	-6.356464e+00
4.679000e-05	1.442137e-01	-6.474284e+00
4.680000e-05	-8.171698e-02	-6.662728e+00
4.681000e-05	4.919977e-02	-6.862154e+00
4.682000e-05	-2.818368e-02	-6.989096e+00
4.683000e-05	-4.813711e-02	-7.211598e+00
4.684000e-05	1.257487e-01	-7.397865e+00
4.685000e-05	-7.788150e-02	-7.547419e+00
4.686000e-05	6.115037e-02	-7.757386e+00
4.687000e-05	-5.501781e-02	-7.914861e+00
4.688000e-05	3.983814e-02	-8.073258e+00
4.689000e-05	4.129560e-02	-8.230100e+00
4.690000e-05	-5.601406e-02	-8.345945e+00
4.691000e-05	3.781661e-02	-8.493805e+00
4.692000e-05	-4.914544e-02	-8.651282e+00
4.693000e-05	8.727030e-02	-8.789997e+00
4.694000e-05	-1.718018e-02	-8.936463e+00
4.695000e-05	5.631199e-03	-9.072253e+00
4.696000e-05	-2.356050e-03	-9.178019e+00
4.697000e-05	-2.353542e-03	-9.343836e+00
4.698000e-05	5.094344e-02	-9.450206e+00
4.699000e-05	-3.114763e-02	-9.558623e+00
4.700000e-05	1.958077e-02	-9.683761e+00
4.701000e-05	-1.437642e-02	-9.797625e+00
4.702000e-05	4.817394e-02	-9.873783e+00
4.703000e-05	1.206292e-02	-9.988600e+00
4.704000e-05	-2.947818e-03	-1.014344e+01
4.705000e-05	1.215950e-03	-1.017970e+01
4.706000e-05	7.689000e-03	-1.033491e+01
4.707000e-05	3.514835e-02	-1.044218e+01
4.708000e-05	-6.934319e-04	-1.049284e+01
4.709000e-05	5.386760e-03	-1.058007e+01
4.710000e-05	1.649433e-03	-1.063378e+01
4.711000e-05	3.321503e-02	-1.070642e+01
4.712000e-05	2.068802e-02	-1.078962e+01
4.713000e-05	4.947301e-03	-1.086238e+01
4.714000e-05	2.605098e-03	-1.092633e+01
4.715000e-05	1.696170e-02	-1.098760e+01
4.716000e-05	3.200605e-02	-1.102170e+01
4.717000e-05	1.317036e-02	-1.107443e+01
4.718000e-05	4.450671e-03	-1.114342e+01
4.719000e-05	1.051998e-02	-1.120965e+01
4.720000e-05	2.776779e-02	-1.125060e+01
4.721000e-05	2.644074e-02	-1.131391e+01
4.722000e-05	1.376465e-02	-1.135547e+01
4.723000e-05	9.264998e-03	-1.136805e+01
4.724000e-05	2.277957e-02	-1.136015e+01
4.725000e-05	3.223574e-02	-1.141917e+01
4.726000e-05	2.495412e-02	-1.147116e+01
4.727000e-05	1.240956e-02	-1.149276e+01
4.728000e-05	1.651891e-02	-1.148225e+01
4.729000e-05	3.071595e-02	-1.150171e+01
4.730000e-05	3.447233e-02	-1.146278e+01
4.731000e-05	2.502052e-02	-1.150121e+01
4.732000e-05	1.995120e-02	-1.146278e+01
4.733000e-05	2.950971e-02	-1.146223e+01
4.734000e-05	3.756148e-02	-1.147070e+01
4.735000e-05	3.428471e-02	-1.138976e+01
4.736000e-05	2.418099e-02	-1.142057e+01
4.737000e-05	2.731799e-02	-1.135702e+01
4.738000e-05	3.838934e-02	-1.129491e+01
4.739000e-05	4.219315e-02	-1.128085e+01
4.740000e-05	3.408211e-02	-1.121061e+01
4.741000e-05	2.729906e-02	-1.116762e+01
4.742000e-05	3.310504e-02	-1.109489e+01
4.743000e-05	4.019683e-02	-1.105316e+01
4.744000e-05	3.837980e-02	-1.099815e+01
4.745000e-05	2.918357e-02	-1.094844e+01
4.746000e-05	2.671309e-02	-1.089481e+01
4.747000e-05	3.451120e-02	-1.084968e+01
4.748000e-05	3.696726e-02	-1.079800e+01
4.749000e-05	3.020584e-02	-1.073644e+01
4.750000e-05	2.148026e-02	-1.064125e+01
4.751000e-05	2.361595e-02	-1.055857e+01
4.752000e-05	2.871573e-02	-1.051379e+01
4.753000e-05	2.765315e-02	-1.044160e+01
4.754000e-05	1.907756e-02	-1.028439e+01
4.755000e-05	1.495761e-02	-1.020867e+01
4.756000e-05	1.969326e-02	-1.009281e+01
4.757000e-05	2.226221e-02	-9.969022e+00
4.758000e-05	1.741540e-02	-9.914237e+00
4.759000e-05	1.059441e-02	-9.755995e+00
4.760000e-05	1.113245e-02	-9.672733e+00
4.761000e-05	1.594972e-02	-9.558069e+00
4.762000e-05	1.616632e-02	-9.471808e+00
4.763000e-05	9.961208e-03	-9.294835e+00
4.764000e-05	6.200618e-03	-9.157997e+00
4.765000e-05	8.553417e-03	-9.051729e+00
4.766000e-05	1.245022e-02	-8.874811e+00
4.767000e-05	1.003872e-02	-8.798549e+00
4.768000e-05	4.790568e-03	-8.662808e+00
4.769000e-05	3.382749e-03	-8.513310e+00
4.770000e-05	8.146963e-03	-8.375468e+00
4.771000e-05	9.626185e-03	-8.201627e+00
4.772000e-05	4.990861e-03	-8.072712e+00
4.773000e-05	7.966523e-04	-7.924416e+00
4.774000e-05	2.291991e-03	-7.696288e+00
4.775000e-05	5.924315e-03	-7.544892e+00
4.776000e-05	4.891346e-03	-7.409046e+00
4.777000e-05	1.274045e-03	-7.231105e+00
4.778000e-05	-2.337001e-04	-7.070306e+00
4.779000e-05	2.231406e-03	-6.871161e+00
4.780000e-05	4.674570e-03	-6.694760e+00
4.781000e-05	2.064022e-03	-6.525967e+00
4.782000e-05	-1.742727e-03	-6.387426e+00
4.783000e-05	-1.812807e-04	-6.187550e+00
4.784000e-05	2.108554e-03	-5.968000e+00
4.785000e-05	2.774393e-03	-5.819051e+00
4.786000e-05	-1.979584e-03	-5.651630e+00
4.787000e-05	-2.055678e-03	-5.461284e+00
4.788000e-05	-1.764168e-03	-5.188929e+00
4.789000e-05	2.557399e-03	-4.949102e+00
4.790000e-05	-2.766568e-03	-4.778195e+00
4.791000e-05	-2.817880e-03	-4.577017e+00
4.792000e-05	-4.192262e-03	-4.397501e+00
4.793000e-05	3.497156e-04	-4.220532e+00
4.794000e-05	-5.857664e-04	-4.043582e+00
4.795000e-05	-1.664134e-03	-3.831237e+00
4.796000e-05	-3.469401e-03	-3.611078e+00
4.797000e-05	-3.000331e-03	-3.420053e+00
4.798000e-05	-1.347661e-03	-3.232078e+00
4.799000e-05	-3.852634e-03	-3.059703e+00
4.800000e-05	-5.040528e-03	-2.790026e+00
4.801000e-05	-5.020720e-03	-2.659050e+00
4.802000e-05	-1.331412e-03	-2.431030e+00
4.803000e-05	-2.305480e-03	-2.185975e+00
4.804000e-05	-3.062297e-03	-1.986999e+00
4.805000e-05	-5.615411e-03	-1.788925e+00
4.806000e-05	-4.982498e-03	-1.599500e+00
4.807000e-05	-5.030807e-03	-1.325790e+00
4.808000e-05	-3.988665e-03	-1.074787e+00
4.809000e-05	-7.039510e-03	-8.751617e-01
4.810000e-05	-5.340061e-03	-7.042694e-01
4.811000e-05	-3.624809e-03	-4.521066e-01
4.812000e-05	-2.591509e-03	-2.326316e-01
4.813000e-05	-2.633441e-03	-6.363539e-02
4.814000e-05	2.669707e-03	1.459171e-01
4.815000e-05	-1.798865e-03	3.679185e-01
4.816000e-05	-3.732203e-04	5.273946e-01
4.817000e-05	-2.116869e-03	7.158386e-01
4.818000e-05	-3.145250e-03	9.141844e-01
4.819000e-05	-4.780042e-03	1.159869e+00
4.820000e-05	1.320219e-03	1.377994e+00
4.821000e-05	1.389036e-02	1.569024e+00
4.822000e-05	6.838179e-02	1.851630e+00
4.823000e-05	1.306855e-02	2.052154e+00
4.824000e-05	-6.177758e-02	2.274757e+00
4.825000e-05	-3.210967e-02	2.463791e+00
4.826000e-05	-5.371832e-02	2.746362e+00
4.827000e-05	-7.137274e-02	2.841579e+00
4.828000e-05	1.385660e-01	2.988446e+00
4.829000e-05	-6.832320e-02	3.189545e+00
4.830000e-05	-6.437561e-02	3.349897e+00
4.831000e-05	1.666269e-01	3.608974e+00
4.832000e-05	-9.575304e-02	3.768526e+00
4.833000e-05	3.094700e-02	3.946917e+00
4.834000e-05	3.815204e-02	4.137493e+00
4.835000e-05	-1.307010e-01	4.410600e+00
4.836000e-05	4.668869e-02	4.611047e+00
4.837000e-05	9.303518e-03	4.759123e+00
4.838000e-05	-7.751309e-03	5.022173e+00
4.839000e-05	1.569262e-02	5.293182e+00
4.840000e-05	-6.490385e-02	5.503835e+00
4.841000e-05	3.032825e-02	5.650574e+00
4.842000e-05	-6.723131e-03	5.862252e+00
4.843000e-05	4.439991e-03	6.051604e+00
4.844000e-05	-3.889774e-02	6.220103e+00
4.845000e-05	-1.213421e-02	6.388996e+00
4.846000e-05	4.246399e-02	6.537967e+00
4.847000e-05	-2.825837e-02	6.747485e+00
4.848000e-05	-4.704149e-03	6.905815e+00
4.849000e-05	-2.784487e-02	7.094832e+00
4.850000e-05	-2.691407e-02	7.208649e+00
4.851000e-05	3.921737e-02	7.439223e+00
4.852000e-05	-2.098590e-02	7.631074e+00
4.853000e-05	-1.280563e-02	7.788548e+00
4.854000e-05	-2.351335e-02	7.977623e+00
4.855000e-05	5.636286e-03	8.167990e+00
4.856000e-05	5.180190e-03	8.263759e+00
4.857000e-05	-3.508971e-02	8.389523e+00
4.858000e-05	-1.765990e-02	8.535466e+00
4.859000e-05	-2.317197e-02	8.662338e+00
4.860000e-05	2.455896e-02	8.778996e+00
4.861000e-05	-1.230880e-02	8.884337e+00
4.862000e-05	-1.962090e-02	9.061728e+00
4.863000e-05	-2.432952e-02	9.210075e+00
4.864000e-05	-8.635794e-03	9.326414e+00
4.865000e-05	9.714440e-04	9.441648e+00
4.866000e-05	-2.504317e-02	9.546491e+00
4.867000e-05	-2.337222e-02	9.641632e+00
4.868000e-05	-1.868825e-02	9.778544e+00
4.869000e-05	7.936908e-03	9.884383e+00
4.870000e-05	-1.041857e-02	9.979680e+00
4.871000e-05	-2.551435e-02	1.012639e+01
4.872000e-05	-2.844011e-02	1.020952e+01
4.873000e-05	-1.172601e-02	1.029386e+01
4.874000e-05	-5.254026e-03	1.036900e+01
4.875000e-05	-2.094688e-02	1.047066e+01
4.876000e-05	-2.709605e-02	1.053755e+01
4.877000e-05	-2.339278e-02	1.066968e+01
4.878000e-05	-4.374977e-03	1.069641e+01
4.879000e-05	-1.367982e-02	1.078857e+01
4.880000e-05	-2.492105e-02	1.083276e+01
4.881000e-05	-3.111227e-02	1.091594e+01
4.882000e-05	-1.778047e-02	1.097702e+01
4.883000e-05	-1.177624e-02	1.099163e+01
4.884000e-05	-2.277042e-02	1.105273e+01
4.885000e-05	-3.327917e-02	1.112544e+01
4.886000e-05	-3.003151e-02	1.118654e+01
4.887000e-05	-1.628267e-02	1.120765e+01
4.888000e-05	-1.950044e-02	1.126021e+01
4.889000e-05	-2.829373e-02	1.127184e+01
4.890000e-05	-3.625327e-02	1.129486e+01
4.891000e-05	-2.574174e-02	1.133462e+01
4.892000e-05	-2.009454e-02	1.135592e+01
4.893000e-05	-2.822013e-02	1.136704e+01
4.894000e-05	-3.823557e-02	1.138752e+01
4.895000e-05	-3.888308e-02	1.139914e+01
4.896000e-05	-2.819856e-02	1.139969e+01
4.897000e-05	-2.746097e-02	1.141959e+01
4.898000e-05	-3.447318e-02	1.138657e+01
4.899000e-05	-4.290195e-02	1.134650e+01
4.900000e-05	-3.736152e-02	1.133599e+01
4.901000e-05	-3.243898e-02	1.132441e+01
4.902000e-05	-3.626258e-02	1.129393e+01
4.903000e-05	-4.552076e-02	1.129178e+01
4.904000e-05	-4.589903e-02	1.124908e+01
4.905000e-05	-3.840310e-02	1.115902e+01
4.906000e-05	-3.723134e-02	1.113697e+01
4.907000e-05	-4.169923e-02	1.113436e+01
4.908000e-05	-4.857298e-02	1.109226e+01
4.909000e-05	-4.383769e-02	1.105170e+01
4.910000e-05	-3.740536e-02	1.096702e+01
4.911000e-05	-3.682703e-02	1.093491e+01
4.912000e-05	-4.365696e-02	1.088383e+01
4.913000e-05	-4.519671e-02	1.083163e+01
4.914000e-05	-3.682090e-02	1.076544e+01
4.915000e-05	-3.339408e-02	1.065523e+01
4.916000e-05	-3.414552e-02	1.062753e+01
4.917000e-05	-3.888651e-02	1.052323e+01
4.918000e-05	-3.243541e-02	1.038957e+01
4.919000e-05	-2.683867e-02	1.031579e+01
4.920000e-05	-2.511651e-02	1.021010e+01
4.921000e-05	-3.056621e-02	1.013649e+01
4.922000e-05	-3.092226e-02	1.004018e+01
4.923000e-05	-2.698375e-02	9.946569e+00
4.924000e-05	-1.877979e-02	9.829124e+00
4.925000e-05	-2.267707e-02	9.722158e+00
4.926000e-05	-2.492154e-02	9.577947e+00
4.927000e-05	-2.368186e-02	9.462686e+00
4.928000e-05	-1.680544e-02	9.335914e+00
4.929000e-05	-1.601798e-02	9.260655e+00
4.930000e-05	-1.906793e-02	9.145469e+00
4.931000e-05	-2.230169e-02	8.979094e+00
4.932000e-05	-1.745845e-02	8.849078e+00
4.933000e-05	-1.409324e-02	8.692836e+00
4.934000e-05	-1.380721e-02	8.558020e+00
4.935000e-05	-1.833526e-02	8.421552e+00
4.936000e-05	-1.692268e-02	8.315443e+00
4.937000e-05	-1.315051e-02	8.148916e+00
4.938000e-05	-1.120260e-02	8.018077e+00
4.939000e-05	-1.332041e-02	7.828654e+00
4.940000e-05	-1.578960e-02	7.694782e+00
4.941000e-05	-1.155268e-02	7.493814e+00
4.942000e-05	-8.999998e-03	7.303787e+00
4.943000e-05	-8.643000e-03	7.136388e+00
4.944000e-05	-1.275679e-02	6.978593e+00
4.945000e-05	-1.421740e-02	6.831152e+00
4.946000e-05	-1.191973e-02	6.642183e+00
4.947000e-05	-9.465048e-03	6.462654e+00
4.948000e-05	-1.015919e-02	6.284186e+00
4.949000e-05	-1.162195e-02	6.115811e+00
4.950000e-05	-8.857838e-03	6.008496e+00
4.951000e-05	-5.544712e-03	5.767362e+00
4.952000e-05	-5.833722e-03	5.576971e+00
4.953000e-05	-9.496645e-03	5.429524e+00
4.954000e-05	-1.219077e-02	5.176468e+00
4.955000e-05	-1.066044e-02	4.906860e+00
4.956000e-05	-7.494815e-03	4.705787e+00
4.957000e-05	-8.138125e-03	4.516415e+00
4.958000e-05	-8.284453e-03	4.367021e+00
4.959000e-05	-6.877226e-03	4.137865e+00
4.960000e-05	-4.671739e-03	3.957418e+00
4.961000e-05	-4.729820e-03	3.755920e+00
4.962000e-05	-7.832128e-03	3.599520e+00
4.963000e-05	-1.021051e-02	3.327367e+00
4.964000e-05	-9.312896e-03	3.176844e+00
4.965000e-05	-5.977752e-03	2.966445e+00
4.966000e-05	-5.735164e-03	2.777995e+00
4.967000e-05	-5.990298e-03	2.525163e+00
4.968000e-05	-5.779546e-03	2.325237e+00
4.969000e-05	-3.803087e-03	2.125315e+00
4.970000e-05	-4.266274e-03	1.975368e+00
4.971000e-05	-6.688467e-03	1.714792e+00
4.972000e-05	-8.407166e-03	1.446208e+00
4.973000e-05	-7.531548e-03	1.283184e+00
4.974000e-05	-4.947356e-03	1.020704e+00
4.975000e-05	-3.757158e-03	8.099499e-01
4.976000e-05	-4.484648e-03	5.999437e-01
4.977000e-05	-4.689122e-03	4.295012e-01
4.978000e-05	-4.218175e-03	1.693234e-01
4.979000e-05	-3.472224e-03	-5.113027e-02
4.980000e-05	2.821257e-03	-2.406303e-01
4.981000e-05	-2.540742e-04	-4.205250e-01
4.982000e-05	-2.517445e-03	-6.520039e-01
4.983000e-05	6.728405e-04	-8.126028e-01
4.984000e-05	-8.765961e-04	-9.911028e-01
4.985000e-05	-5.723241e-04	-1.230478e+00
4.986000e-05	6.683682e-04	-1.451729e+00
4.987000e-05	3.571393e-02	-1.612054e+00
4.988000e-05	9.184200e-02	-1.802654e+00
4.989000e-05	-6.458012e-02	-2.165914e+00
4.990000e-05	-8.805898e-03	-2.484186e+00
4.991000e-05	-7.474819e-02	-2.652657e+00
4.992000e-05	-7.557252e-02	-2.787947e+00
4.993000e-05	1.620793e-01	-2.810558e+00
4.994000e-05	-5.629536e-02	-3.043809e+00
4.995000e-05	-8.371563e-02	-3.357020e+00
4.996000e-05	1.942340e-01	-3.441607e+00
4.997000e-05	-1.650582e-01	-3.662208e+00
4.998000e-05	8.251165e-02	-3.967372e+00
4.999000e-05	9.209125e-02	-4.074237e+00
