# 260612_13:25:21.246581
t	CH1	CH2
0.000000e+00	1.722890e-03	-8.209713e-01
1.000000e-08	-2.369854e-03	-9.574937e-01
2.000000e-08	-6.583878e-04	-1.169966e+00
3.000000e-08	-1.078915e-03	-1.420050e+00
4.000000e-08	2.407952e-02	-1.629446e+00
5.000000e-08	8.801124e-02	-1.799494e+00
6.000000e-08	-3.596032e-02	-2.093706e+00
7.000000e-08	-2.161614e-02	-2.423154e+00
8.000000e-08	-5.671553e-02	-2.620000e+00
9.000000e-08	-8.555828e-02	-2.748869e+00
1.000000e-07	1.120261e-01	-2.800525e+00
1.100000e-07	1.176710e-02	-3.027549e+00
1.200000e-07	-1.249952e-01	-3.346813e+00
1.300000e-07	1.834830e-01	-3.430480e+00
1.400000e-07	-1.025094e-01	-3.598921e+00
1.500000e-07	1.736739e-02	-3.915231e+00
1.600000e-07	1.274850e-01	-4.062712e+00
1.700000e-07	-1.674572e-01	-4.313663e+00
1.800000e-07	1.293503e-02	-4.450080e+00
1.900000e-07	5.269223e-02	-4.607448e+00
2.000000e-07	-3.493971e-02	-4.901663e+00
2.100000e-07	1.209882e-01	-5.060504e+00
2.200000e-07	-1.290947e-01	-5.301637e+00
2.300000e-07	3.920106e-02	-5.584891e+00
2.400000e-07	5.355060e-02	-5.711160e+00
2.500000e-07	-5.417452e-02	-5.913216e+00
2.600000e-07	5.523453e-02	-6.020076e+00
2.700000e-07	-1.022747e-01	-6.280059e+00
2.800000e-07	9.744614e-02	-6.470605e+00
2.900000e-07	1.898171e-04	-6.628896e+00
3.000000e-07	-1.721170e-02	-6.797498e+00
3.100000e-07	3.913839e-02	-6.975345e+00
3.200000e-07	-1.004559e-01	-7.195896e+00
3.300000e-07	1.094544e-01	-7.334842e+00
3.400000e-07	-1.948979e-02	-7.490585e+00
3.500000e-07	9.376238e-03	-7.681636e+00
3.600000e-07	-5.237113e-03	-7.859612e+00
3.700000e-07	-3.041731e-02	-8.049080e+00
3.800000e-07	8.841149e-02	-8.166901e+00
3.900000e-07	-5.177367e-02	-8.323292e+00
4.000000e-07	2.547632e-02	-8.461004e+00
4.100000e-07	-4.047831e-02	-8.616905e+00
4.200000e-07	4.268860e-02	-8.856398e+00
4.300000e-07	3.572881e-02	-8.922638e+00
4.400000e-07	-2.081015e-02	-9.060030e+00
4.500000e-07	1.281717e-02	-9.165347e+00
4.600000e-07	-2.537190e-02	-9.270057e+00
4.700000e-07	5.314327e-02	-9.479533e+00
4.800000e-07	-6.335613e-03	-9.584245e+00
4.900000e-07	4.291867e-03	-9.711636e+00
5.000000e-07	-9.565633e-03	-9.765871e+00
5.100000e-07	2.232727e-02	-9.881741e+00
5.200000e-07	3.852269e-02	-1.000535e+01
5.300000e-07	-3.076162e-03	-1.012014e+01
5.400000e-07	8.593211e-04	-1.021546e+01
5.500000e-07	-6.928305e-03	-1.035164e+01
5.600000e-07	3.385654e-02	-1.044743e+01
5.700000e-07	1.435015e-02	-1.052274e+01
5.800000e-07	2.660489e-03	-1.059588e+01
5.900000e-07	-4.109408e-03	-1.067014e+01
6.000000e-07	2.008674e-02	-1.075485e+01
6.100000e-07	3.359675e-02	-1.080785e+01
6.200000e-07	1.259206e-02	-1.087906e+01
6.300000e-07	1.142836e-03	-1.094376e+01
6.400000e-07	5.165879e-03	-1.101647e+01
6.500000e-07	2.906487e-02	-1.104756e+01
6.600000e-07	2.419831e-02	-1.112216e+01
6.700000e-07	6.994374e-03	-1.118475e+01
6.800000e-07	3.056255e-03	-1.126596e+01
6.900000e-07	1.901071e-02	-1.130004e+01
7.000000e-07	3.226697e-02	-1.132224e+01
7.100000e-07	2.279542e-02	-1.135527e+01
7.200000e-07	9.248100e-03	-1.140395e+01
7.300000e-07	1.184158e-02	-1.145608e+01
7.400000e-07	2.777348e-02	-1.150859e+01
7.500000e-07	3.075521e-02	-1.152102e+01
7.600000e-07	1.645693e-02	-1.151059e+01
7.700000e-07	1.099657e-02	-1.155012e+01
7.800000e-07	2.263771e-02	-1.152084e+01
7.900000e-07	3.573493e-02	-1.153372e+01
8.000000e-07	3.308706e-02	-1.152274e+01
8.100000e-07	1.980569e-02	-1.153069e+01
8.200000e-07	2.191770e-02	-1.153116e+01
8.300000e-07	3.190114e-02	-1.150112e+01
8.400000e-07	3.704729e-02	-1.146957e+01
8.500000e-07	2.830459e-02	-1.142703e+01
8.600000e-07	1.990774e-02	-1.145490e+01
8.700000e-07	3.091043e-02	-1.139531e+01
8.800000e-07	4.139154e-02	-1.131030e+01
8.900000e-07	3.985036e-02	-1.127611e+01
9.000000e-07	2.946537e-02	-1.129858e+01
9.100000e-07	2.536304e-02	-1.121581e+01
9.200000e-07	3.513850e-02	-1.115335e+01
9.300000e-07	3.943604e-02	-1.106108e+01
9.400000e-07	3.418473e-02	-1.100700e+01
9.500000e-07	2.544976e-02	-1.097432e+01
9.600000e-07	3.067064e-02	-1.093219e+01
9.700000e-07	3.660854e-02	-1.084061e+01
9.800000e-07	3.608017e-02	-1.080637e+01
9.900000e-07	2.503233e-02	-1.072374e+01
1.000000e-06	2.002585e-02	-1.062796e+01
1.010000e-06	2.455200e-02	-1.056583e+01
1.020000e-06	2.913218e-02	-1.051253e+01
1.030000e-06	2.382303e-02	-1.037840e+01
1.040000e-06	1.646393e-02	-1.025964e+01
1.050000e-06	1.639831e-02	-1.014348e+01
1.060000e-06	2.146231e-02	-1.006007e+01
1.070000e-06	2.160266e-02	-9.924895e+00
1.080000e-06	1.359376e-02	-9.842060e+00
1.090000e-06	1.002252e-02	-9.754846e+00
1.100000e-06	1.299217e-02	-9.640586e+00
1.110000e-06	1.851052e-02	-9.542799e+00
1.120000e-06	1.510069e-02	-9.395950e+00
1.130000e-06	8.176288e-03	-9.271085e+00
1.140000e-06	5.816343e-03	-9.154323e+00
1.150000e-06	1.049590e-02	-9.027454e+00
1.160000e-06	1.197081e-02	-8.880563e+00
1.170000e-06	6.881742e-03	-8.765773e+00
1.180000e-06	3.165372e-03	-8.564452e+00
1.190000e-06	5.137619e-03	-8.408509e+00
1.200000e-06	1.055890e-02	-8.293243e+00
1.210000e-06	9.031148e-03	-8.174349e+00
1.220000e-06	2.863143e-03	-8.029510e+00
1.230000e-06	1.918670e-03	-7.828587e+00
1.240000e-06	4.714419e-03	-7.648557e+00
1.250000e-06	6.964767e-03	-7.491167e+00
1.260000e-06	2.896934e-03	-7.363267e+00
1.270000e-06	-6.446106e-04	-7.174348e+00
1.280000e-06	2.724076e-04	-6.974875e+00
1.290000e-06	5.019807e-03	-6.776426e+00
1.300000e-06	4.949605e-03	-6.599535e+00
1.310000e-06	1.350102e-03	-6.431087e+00
1.320000e-06	-1.246496e-03	-6.269167e+00
1.330000e-06	2.221393e-04	-6.081684e+00
1.340000e-06	3.588200e-03	-5.882134e+00
1.350000e-06	3.054913e-04	-5.744363e+00
1.360000e-06	-2.982087e-03	-5.566324e+00
1.370000e-06	-3.655745e-03	-5.270703e+00
1.380000e-06	1.119491e-03	-5.062139e+00
1.390000e-06	5.279496e-04	-4.870168e+00
1.400000e-06	4.711926e-04	-4.599157e+00
1.410000e-06	-3.875976e-03	-4.472187e+00
1.420000e-06	-8.135761e-04	-4.305821e+00
1.430000e-06	1.778344e-04	-4.124795e+00
1.440000e-06	6.141216e-04	-3.966897e+00
1.450000e-06	-4.189421e-03	-3.704843e+00
1.460000e-06	-5.629628e-03	-3.545824e+00
1.470000e-06	-3.054926e-03	-3.295293e+00
1.480000e-06	-2.262364e-03	-3.135321e+00
1.490000e-06	-4.057975e-03	-2.904246e+00
1.500000e-06	-4.372627e-03	-2.681291e+00
1.510000e-06	-2.679665e-03	-2.494245e+00
1.520000e-06	-2.334108e-03	-2.304790e+00
1.530000e-06	-2.201120e-03	-2.050685e+00
1.540000e-06	-4.145324e-03	-1.842188e+00
1.550000e-06	-5.127991e-03	-1.652161e+00
1.560000e-06	-6.161606e-03	-1.422611e+00
1.570000e-06	-5.871032e-03	-1.178449e+00
1.580000e-06	-5.656748e-03	-9.874262e-01
1.590000e-06	-5.311466e-03	-7.888801e-01
1.600000e-06	-4.220369e-03	-5.458159e-01
1.610000e-06	-2.561671e-03	-3.468447e-01
1.620000e-06	-2.983295e-03	-1.077909e-01
1.630000e-06	6.241584e-04	8.407764e-02
1.640000e-06	-2.046520e-04	2.961806e-01
1.650000e-06	-4.650255e-03	4.641853e-01
1.660000e-06	-1.998524e-03	6.810806e-01
1.670000e-06	-5.942264e-03	8.526001e-01
1.680000e-06	-3.095477e-03	1.062583e+00
1.690000e-06	-1.777978e-03	1.296761e+00
1.700000e-06	7.299350e-03	1.503685e+00
1.710000e-06	4.536987e-02	1.759366e+00
1.720000e-06	5.195270e-02	1.978867e+00
1.730000e-06	-5.156634e-02	2.199372e+00
1.740000e-06	-3.491673e-02	2.420020e+00
1.750000e-06	-4.782042e-02	2.674574e+00
1.760000e-06	-7.586815e-02	2.800022e+00
1.770000e-06	5.576663e-02	2.925716e+00
1.780000e-06	5.456173e-02	3.105663e+00
1.790000e-06	-1.451907e-01	3.273285e+00
1.800000e-06	1.444032e-01	3.536241e+00
1.810000e-06	-2.124618e-02	3.755762e+00
1.820000e-06	-2.796681e-02	3.913712e+00
1.830000e-06	7.511650e-02	4.061637e+00
1.840000e-06	-9.559689e-02	4.367739e+00
1.850000e-06	-2.571995e-02	4.543769e+00
1.860000e-06	4.086124e-02	4.705288e+00
1.870000e-06	-1.695387e-02	4.966876e+00
1.880000e-06	2.394760e-02	5.187865e+00
1.890000e-06	-4.865158e-02	5.430476e+00
1.900000e-06	-8.682897e-03	5.579451e+00
1.910000e-06	2.483841e-02	5.776871e+00
1.920000e-06	-9.637136e-03	5.996875e+00
1.930000e-06	-6.468203e-03	6.186920e+00
1.940000e-06	-4.861751e-02	6.323768e+00
1.950000e-06	4.159771e-02	6.483735e+00
1.960000e-06	-5.806792e-03	6.714164e+00
1.970000e-06	-1.612843e-02	6.861604e+00
1.980000e-06	-1.250130e-02	7.069012e+00
1.990000e-06	-4.786167e-02	7.187900e+00
2.000000e-06	3.319479e-02	7.374193e+00
2.010000e-06	2.127185e-04	7.566375e+00
2.020000e-06	-1.254005e-02	7.765371e+00
2.030000e-06	-2.399280e-02	7.975342e+00
2.040000e-06	-7.030581e-03	8.175664e+00
2.050000e-06	1.669822e-02	8.239634e+00
2.060000e-06	-2.210727e-02	8.364898e+00
2.070000e-06	-2.599487e-02	8.494217e+00
2.080000e-06	-3.073489e-02	8.668555e+00
2.090000e-06	1.024775e-02	8.776369e+00
2.100000e-06	5.606909e-03	8.890534e+00
2.110000e-06	-1.654084e-02	9.078580e+00
2.120000e-06	-2.384065e-02	9.176898e+00
2.130000e-06	-1.409320e-02	9.304143e+00
2.140000e-06	3.735318e-03	9.478032e+00
2.150000e-06	-1.161185e-02	9.533642e+00
2.160000e-06	-2.961793e-02	9.598981e+00
2.170000e-06	-2.681816e-02	9.733845e+00
2.180000e-06	-3.882950e-03	9.912645e+00
2.190000e-06	9.997649e-04	9.998901e+00
2.200000e-06	-1.712292e-02	1.013282e+01
2.210000e-06	-2.869398e-02	1.018587e+01
2.220000e-06	-1.743293e-02	1.032175e+01
2.230000e-06	-5.118244e-03	1.038687e+01
2.240000e-06	-1.126712e-02	1.049063e+01
2.250000e-06	-2.927740e-02	1.056437e+01
2.260000e-06	-3.052376e-02	1.065954e+01
2.270000e-06	-1.474632e-02	1.073527e+01
2.280000e-06	-7.337133e-03	1.079735e+01
2.290000e-06	-1.822056e-02	1.088106e+01
2.300000e-06	-2.984930e-02	1.092420e+01
2.310000e-06	-2.238323e-02	1.102740e+01
2.320000e-06	-1.154977e-02	1.102853e+01
2.330000e-06	-1.379631e-02	1.108122e+01
2.340000e-06	-3.081513e-02	1.110372e+01
2.350000e-06	-3.368384e-02	1.118632e+01
2.360000e-06	-2.389504e-02	1.118648e+01
2.370000e-06	-1.671870e-02	1.127801e+01
2.380000e-06	-2.340526e-02	1.132067e+01
2.390000e-06	-3.400170e-02	1.132017e+01
2.400000e-06	-2.971553e-02	1.140418e+01
2.410000e-06	-2.006929e-02	1.141551e+01
2.420000e-06	-2.108590e-02	1.140438e+01
2.430000e-06	-3.408094e-02	1.141748e+01
2.440000e-06	-3.967340e-02	1.144703e+01
2.450000e-06	-3.314228e-02	1.145843e+01
2.460000e-06	-2.620015e-02	1.146806e+01
2.470000e-06	-2.949265e-02	1.142799e+01
2.480000e-06	-4.006225e-02	1.140490e+01
2.490000e-06	-3.854129e-02	1.141551e+01
2.500000e-06	-3.162184e-02	1.140393e+01
2.510000e-06	-2.991454e-02	1.135380e+01
2.520000e-06	-4.014361e-02	1.133327e+01
2.530000e-06	-4.523378e-02	1.133046e+01
2.540000e-06	-4.149777e-02	1.123796e+01
2.550000e-06	-3.570256e-02	1.119605e+01
2.560000e-06	-3.759714e-02	1.118432e+01
2.570000e-06	-4.516497e-02	1.114427e+01
2.580000e-06	-4.681480e-02	1.108969e+01
2.590000e-06	-3.938058e-02	1.104998e+01
2.600000e-06	-3.504575e-02	1.098648e+01
2.610000e-06	-3.922067e-02	1.094377e+01
2.620000e-06	-4.405617e-02	1.091166e+01
2.630000e-06	-4.022025e-02	1.080796e+01
2.640000e-06	-3.298376e-02	1.074582e+01
2.650000e-06	-3.191847e-02	1.067161e+01
2.660000e-06	-3.641763e-02	1.058530e+01
2.670000e-06	-3.722820e-02	1.048008e+01
2.680000e-06	-3.109883e-02	1.036485e+01
2.690000e-06	-2.563728e-02	1.031017e+01
2.700000e-06	-2.750835e-02	1.019645e+01
2.710000e-06	-3.023382e-02	1.010270e+01
2.720000e-06	-2.921759e-02	9.989456e+00
2.730000e-06	-2.237716e-02	9.900721e+00
2.740000e-06	-2.008161e-02	9.765330e+00
2.750000e-06	-2.384850e-02	9.620014e+00
2.760000e-06	-2.600609e-02	9.555299e+00
2.770000e-06	-2.154071e-02	9.426483e+00
2.780000e-06	-1.693970e-02	9.331788e+00
2.790000e-06	-1.748701e-02	9.208980e+00
2.800000e-06	-2.060449e-02	9.080589e+00
2.810000e-06	-1.953894e-02	8.893721e+00
2.820000e-06	-1.468408e-02	8.776906e+00
2.830000e-06	-1.270176e-02	8.639037e+00
2.840000e-06	-1.639690e-02	8.524267e+00
2.850000e-06	-1.801559e-02	8.376450e+00
2.860000e-06	-1.607025e-02	8.250086e+00
2.870000e-06	-1.185471e-02	8.050168e+00
2.880000e-06	-1.279639e-02	7.963773e+00
2.890000e-06	-1.525503e-02	7.765473e+00
2.900000e-06	-1.447567e-02	7.618479e+00
2.910000e-06	-1.155851e-02	7.390082e+00
2.920000e-06	-8.778244e-03	7.199036e+00
2.930000e-06	-1.097602e-02	7.081613e+00
2.940000e-06	-1.354987e-02	6.914217e+00
2.950000e-06	-1.208490e-02	6.757299e+00
2.960000e-06	-9.471009e-03	6.545230e+00
2.970000e-06	-9.507111e-03	6.366950e+00
2.980000e-06	-1.099217e-02	6.208455e+00
2.990000e-06	-1.193037e-02	6.060585e+00
3.000000e-06	-8.953077e-03	5.901714e+00
3.010000e-06	-6.899110e-03	5.640612e+00
3.020000e-06	-8.604866e-03	5.472139e+00
3.030000e-06	-1.038499e-02	5.293088e+00
3.040000e-06	-9.966561e-03	5.020135e+00
3.050000e-06	-6.911096e-03	4.818978e+00
3.060000e-06	-7.932425e-03	4.590058e+00
3.070000e-06	-8.951015e-03	4.411134e+00
3.080000e-06	-9.173759e-03	4.270112e+00
3.090000e-06	-6.812874e-03	4.038513e+00
3.100000e-06	-6.236726e-03	3.800058e+00
3.110000e-06	-6.979169e-03	3.651112e+00
3.120000e-06	-7.721441e-03	3.465220e+00
3.130000e-06	-6.550270e-03	3.199507e+00
3.140000e-06	-5.847138e-03	3.031083e+00
3.150000e-06	-6.851849e-03	2.821133e+00
3.160000e-06	-7.140495e-03	2.643110e+00
3.170000e-06	-7.081544e-03	2.409430e+00
3.180000e-06	-6.256705e-03	2.178928e+00
3.190000e-06	-5.417233e-03	2.021110e+00
3.200000e-06	-6.140157e-03	1.800057e+00
3.210000e-06	-5.965590e-03	1.581454e+00
3.220000e-06	-5.251109e-03	1.397973e+00
3.230000e-06	-4.827794e-03	1.156871e+00
3.240000e-06	-4.192188e-03	8.421679e-01
3.250000e-06	-5.364325e-03	6.552377e-01
3.260000e-06	-5.138933e-03	4.737105e-01
3.270000e-06	-4.209902e-03	3.046080e-01
3.280000e-06	-3.656571e-03	1.208765e-02
3.290000e-06	3.220612e-04	-1.364173e-01
3.300000e-06	3.937648e-03	-3.263409e-01
3.310000e-06	-3.221393e-03	-5.253134e-01
3.320000e-06	1.880363e-03	-7.794674e-01
3.330000e-06	-3.168690e-03	-9.279159e-01
3.340000e-06	-7.818218e-04	-1.115841e+00
3.350000e-06	-2.326661e-03	-1.387865e+00
3.360000e-06	1.604077e-02	-1.549446e+00
3.370000e-06	8.550512e-02	-1.765367e+00
3.380000e-06	-1.118552e-02	-2.020123e+00
3.390000e-06	-3.556509e-02	-2.346440e+00
3.400000e-06	-4.144246e-02	-2.608450e+00
3.410000e-06	-9.282927e-02	-2.737267e+00
3.420000e-06	7.060801e-02	-2.799475e+00
3.430000e-06	7.342360e-02	-2.936918e+00
3.440000e-06	-1.682952e-01	-3.274181e+00
3.450000e-06	1.554879e-01	-3.399976e+00
3.460000e-06	-4.669140e-02	-3.574840e+00
3.470000e-06	-4.379242e-02	-3.874034e+00
3.480000e-06	1.557081e-01	-4.041529e+00
3.490000e-06	-1.312956e-01	-4.260630e+00
3.500000e-06	-4.857595e-02	-4.409475e+00
3.510000e-06	8.956511e-02	-4.554890e+00
3.520000e-06	-6.232970e-02	-4.850528e+00
3.530000e-06	1.277504e-01	-4.989979e+00
3.540000e-06	-9.284630e-02	-5.219021e+00
3.550000e-06	-1.581425e-02	-5.534237e+00
3.560000e-06	9.448474e-02	-5.651103e+00
3.570000e-06	-6.960873e-02	-5.860554e+00
3.580000e-06	6.204998e-02	-6.008951e+00
3.590000e-06	-9.151738e-02	-6.228498e+00
3.600000e-06	5.732564e-02	-6.439980e+00
3.610000e-06	4.581659e-02	-6.575496e+00
3.620000e-06	-4.887767e-02	-6.755871e+00
3.630000e-06	6.238538e-02	-6.913784e+00
3.640000e-06	-1.045131e-01	-7.113711e+00
3.650000e-06	8.046879e-02	-7.303768e+00
3.660000e-06	1.944211e-02	-7.450080e+00
3.670000e-06	-1.899313e-02	-7.692063e+00
3.680000e-06	2.304528e-02	-7.810028e+00
3.690000e-06	-5.590268e-02	-8.008899e+00
3.700000e-06	9.223490e-02	-8.166294e+00
3.710000e-06	-3.709967e-02	-8.311266e+00
3.720000e-06	1.027072e-02	-8.439056e+00
3.730000e-06	-2.293766e-02	-8.604852e+00
3.740000e-06	1.482929e-02	-8.775870e+00
3.750000e-06	5.998576e-02	-8.881687e+00
3.760000e-06	-2.762877e-02	-9.008007e+00
3.770000e-06	1.792614e-02	-9.123814e+00
3.780000e-06	-2.899928e-02	-9.249132e+00
3.790000e-06	4.470493e-02	-9.424454e+00
3.800000e-06	7.679926e-03	-9.534796e+00
3.810000e-06	-5.212337e-03	-9.671088e+00
3.820000e-06	-2.142400e-03	-9.744847e+00
3.830000e-06	7.207370e-03	-9.860583e+00
3.840000e-06	4.522866e-02	-9.967847e+00
3.850000e-06	-2.689788e-03	-1.008011e+01
3.860000e-06	4.932162e-03	-1.021545e+01
3.870000e-06	-8.033598e-03	-1.032121e+01
3.880000e-06	2.910496e-02	-1.040643e+01
3.890000e-06	2.129663e-02	-1.050109e+01
3.900000e-06	3.168994e-03	-1.058638e+01
3.910000e-06	-1.881456e-03	-1.064056e+01
3.920000e-06	1.105544e-02	-1.073380e+01
3.930000e-06	3.361212e-02	-1.078588e+01
3.940000e-06	1.355257e-02	-1.088001e+01
3.950000e-06	3.887702e-03	-1.098321e+01
3.960000e-06	3.597540e-03	-1.097443e+01
3.970000e-06	2.622559e-02	-1.104806e+01
3.980000e-06	2.818740e-02	-1.110116e+01
3.990000e-06	9.846481e-03	-1.119382e+01
4.000000e-06	3.408671e-03	-1.119696e+01
4.010000e-06	1.389740e-02	-1.127962e+01
4.020000e-06	2.925373e-02	-1.129319e+01
4.030000e-06	2.384917e-02	-1.133527e+01
4.040000e-06	1.112556e-02	-1.142433e+01
4.050000e-06	1.338203e-02	-1.143846e+01
4.060000e-06	2.635336e-02	-1.146956e+01
4.070000e-06	3.352659e-02	-1.150802e+01
4.080000e-06	1.948237e-02	-1.147916e+01
4.090000e-06	1.076922e-02	-1.151114e+01
4.100000e-06	1.726149e-02	-1.153272e+01
4.110000e-06	3.114938e-02	-1.151272e+01
4.120000e-06	3.259828e-02	-1.155122e+01
4.130000e-06	2.132846e-02	-1.150372e+01
4.140000e-06	2.112448e-02	-1.151256e+01
4.150000e-06	3.150610e-02	-1.152869e+01
4.160000e-06	3.939645e-02	-1.148951e+01
4.170000e-06	2.999927e-02	-1.144854e+01
4.180000e-06	2.199112e-02	-1.144633e+01
4.190000e-06	2.535027e-02	-1.137343e+01
4.200000e-06	3.737907e-02	-1.132027e+01
4.210000e-06	4.104191e-02	-1.133012e+01
4.220000e-06	3.073465e-02	-1.123758e+01
4.230000e-06	2.749416e-02	-1.114430e+01
4.240000e-06	3.419874e-02	-1.115270e+01
4.250000e-06	4.131386e-02	-1.107114e+01
4.260000e-06	3.598462e-02	-1.102740e+01
4.270000e-06	2.620598e-02	-1.095639e+01
4.280000e-06	2.597755e-02	-1.095275e+01
4.290000e-06	3.424925e-02	-1.082854e+01
4.300000e-06	3.623090e-02	-1.077588e+01
4.310000e-06	2.825916e-02	-1.072329e+01
4.320000e-06	2.114699e-02	-1.061908e+01
4.330000e-06	2.465318e-02	-1.057745e+01
4.340000e-06	3.054576e-02	-1.048357e+01
4.350000e-06	2.567022e-02	-1.040695e+01
4.360000e-06	1.755120e-02	-1.026064e+01
4.370000e-06	1.466104e-02	-1.019396e+01
4.380000e-06	2.064747e-02	-1.005912e+01
4.390000e-06	2.260105e-02	-9.965870e+00
4.400000e-06	1.614023e-02	-9.859635e+00
4.410000e-06	1.062717e-02	-9.756322e+00
4.420000e-06	1.158474e-02	-9.691661e+00
4.430000e-06	1.717334e-02	-9.563873e+00
4.440000e-06	1.592252e-02	-9.438057e+00
4.450000e-06	9.284155e-03	-9.282586e+00
4.460000e-06	6.478006e-03	-9.175350e+00
4.470000e-06	1.000730e-02	-9.029960e+00
4.480000e-06	1.276134e-02	-8.890713e+00
4.490000e-06	9.124503e-03	-8.786772e+00
4.500000e-06	3.229155e-03	-8.606984e+00
4.510000e-06	3.857318e-03	-8.449038e+00
4.520000e-06	8.793106e-03	-8.334318e+00
4.530000e-06	9.639966e-03	-8.175277e+00
4.540000e-06	5.574064e-03	-8.041079e+00
4.550000e-06	2.233370e-03	-7.883638e+00
4.560000e-06	3.524998e-03	-7.629643e+00
4.570000e-06	6.507336e-03	-7.503717e+00
4.580000e-06	5.058290e-03	-7.363822e+00
4.590000e-06	-1.038505e-03	-7.197476e+00
4.600000e-06	-1.775437e-03	-7.026955e+00
4.610000e-06	3.614678e-03	-6.837483e+00
4.620000e-06	6.511026e-03	-6.640058e+00
4.630000e-06	2.260707e-03	-6.481689e+00
4.640000e-06	-1.293275e-03	-6.365371e+00
4.650000e-06	-1.231294e-03	-6.101763e+00
4.660000e-06	3.551167e-03	-5.923742e+00
4.670000e-06	2.272544e-03	-5.754824e+00
4.680000e-06	-2.509340e-03	-5.598905e+00
4.690000e-06	-4.348286e-03	-5.354902e+00
4.700000e-06	1.809830e-04	-5.113720e+00
4.710000e-06	2.140791e-03	-4.920716e+00
4.720000e-06	1.473928e-05	-4.651090e+00
4.730000e-06	-4.070538e-03	-4.516239e+00
4.740000e-06	-3.600701e-03	-4.327320e+00
4.750000e-06	5.881822e-04	-4.156399e+00
4.760000e-06	1.205783e-03	-3.937500e+00
4.770000e-06	-2.878631e-03	-3.756424e+00
4.780000e-06	-4.547503e-03	-3.585875e+00
4.790000e-06	-5.550321e-03	-3.337296e+00
4.800000e-06	-1.124491e-03	-3.167901e+00
4.810000e-06	-3.589929e-03	-2.923741e+00
4.820000e-06	-4.413313e-03	-2.706818e+00
4.830000e-06	-6.192819e-03	-2.544295e+00
4.840000e-06	-1.411888e-03	-2.356775e+00
4.850000e-06	-1.101646e-03	-2.063238e+00
4.860000e-06	-3.002728e-03	-1.864793e+00
4.870000e-06	-6.915949e-03	-1.675736e+00
4.880000e-06	-5.607160e-03	-1.515194e+00
4.890000e-06	-4.720108e-03	-1.229480e+00
4.900000e-06	-5.646615e-03	-1.009530e+00
4.910000e-06	-7.017558e-03	-8.190276e-01
4.920000e-06	-5.525353e-03	-5.895290e-01
4.930000e-06	-1.691831e-03	-3.983974e-01
4.940000e-06	-3.226676e-03	-1.774474e-01
4.950000e-06	-7.071135e-05	2.499768e-05
4.960000e-06	1.465925e-03	2.445776e-01
4.970000e-06	-3.453318e-03	4.616753e-01
4.980000e-06	5.013456e-04	6.205788e-01
4.990000e-06	-5.037652e-03	8.100501e-01
5.000000e-06	-4.671829e-03	9.984800e-01
5.010000e-06	-4.291777e-03	1.253608e+00
5.020000e-06	5.035396e-03	1.423082e+00
5.030000e-06	3.493164e-02	1.694764e+00
5.040000e-06	6.372586e-02	1.916266e+00
5.050000e-06	-4.178347e-02	2.127841e+00
5.060000e-06	-3.805925e-02	2.369396e+00
5.070000e-06	-4.318966e-02	2.598870e+00
5.080000e-06	-7.088317e-02	2.768922e+00
5.090000e-06	1.569217e-02	2.863260e+00
5.100000e-06	9.986376e-02	3.114260e+00
5.110000e-06	-1.580435e-01	3.282737e+00
5.120000e-06	1.062375e-01	3.482237e+00
5.130000e-06	2.470800e-02	3.683788e+00
5.140000e-06	-5.358086e-02	3.864166e+00
5.150000e-06	7.551865e-02	4.000051e+00
5.160000e-06	-6.600824e-02	4.304109e+00
5.170000e-06	-5.879842e-02	4.494233e+00
5.180000e-06	5.269736e-02	4.703160e+00
5.190000e-06	-1.969702e-02	4.923789e+00
5.200000e-06	2.135887e-02	5.137170e+00
5.210000e-06	-3.332840e-02	5.397370e+00
5.220000e-06	-3.013429e-02	5.569377e+00
5.230000e-06	3.587925e-02	5.723313e+00
5.240000e-06	-1.550070e-02	5.946315e+00
5.250000e-06	5.377562e-03	6.104792e+00
5.260000e-06	-5.528298e-02	6.313687e+00
5.270000e-06	3.163087e-02	6.472084e+00
5.280000e-06	6.651695e-03	6.631637e+00
5.290000e-06	-2.256031e-02	6.850075e+00
5.300000e-06	-3.874770e-03	6.998424e+00
5.310000e-06	-4.938762e-02	7.187920e+00
5.320000e-06	2.219894e-02	7.334738e+00
5.330000e-06	1.046736e-02	7.543216e+00
5.340000e-06	-1.545863e-02	7.694839e+00
5.350000e-06	-2.281891e-02	7.911136e+00
5.360000e-06	-1.507521e-02	8.102661e+00
5.370000e-06	1.518672e-02	8.240025e+00
5.380000e-06	-1.321066e-02	8.375866e+00
5.390000e-06	-2.559593e-02	8.451635e+00
5.400000e-06	-2.612566e-02	8.639503e+00
5.410000e-06	1.991425e-03	8.725342e+00
5.420000e-06	1.227653e-02	8.800555e+00
5.430000e-06	-1.753684e-02	9.037452e+00
5.440000e-06	-2.564422e-02	9.165847e+00
5.450000e-06	-1.795378e-02	9.320589e+00
5.460000e-06	5.345672e-04	9.438431e+00
5.470000e-06	-4.472699e-03	9.522638e+00
5.480000e-06	-2.800395e-02	9.618404e+00
5.490000e-06	-2.506027e-02	9.765694e+00
5.500000e-06	-8.226529e-03	9.902164e+00
5.510000e-06	2.406208e-03	9.996900e+00
5.520000e-06	-1.610549e-02	1.008261e+01
5.530000e-06	-3.013202e-02	1.015632e+01
5.540000e-06	-2.118698e-02	1.028006e+01
5.550000e-06	-6.893098e-03	1.036582e+01
5.560000e-06	-6.824699e-03	1.042950e+01
5.570000e-06	-2.616143e-02	1.052309e+01
5.580000e-06	-2.876383e-02	1.065001e+01
5.590000e-06	-1.646957e-02	1.072177e+01
5.600000e-06	-5.802974e-03	1.077687e+01
5.610000e-06	-1.716382e-02	1.087056e+01
5.620000e-06	-3.123709e-02	1.092367e+01
5.630000e-06	-2.609608e-02	1.098635e+01
5.640000e-06	-1.491105e-02	1.100743e+01
5.650000e-06	-1.152524e-02	1.108916e+01
5.660000e-06	-2.810426e-02	1.112220e+01
5.670000e-06	-3.331994e-02	1.116532e+01
5.680000e-06	-2.476012e-02	1.117545e+01
5.690000e-06	-1.560607e-02	1.127851e+01
5.700000e-06	-2.190344e-02	1.129014e+01
5.710000e-06	-3.219406e-02	1.129060e+01
5.720000e-06	-3.229260e-02	1.135522e+01
5.730000e-06	-2.269172e-02	1.142495e+01
5.740000e-06	-1.960740e-02	1.142585e+01
5.750000e-06	-3.166838e-02	1.139640e+01
5.760000e-06	-3.842715e-02	1.145749e+01
5.770000e-06	-3.383923e-02	1.145806e+01
5.780000e-06	-2.578240e-02	1.148796e+01
5.790000e-06	-2.794347e-02	1.142750e+01
5.800000e-06	-3.821620e-02	1.142739e+01
5.810000e-06	-3.962931e-02	1.142593e+01
5.820000e-06	-3.469242e-02	1.142740e+01
5.830000e-06	-3.099836e-02	1.137225e+01
5.840000e-06	-3.794896e-02	1.136112e+01
5.850000e-06	-4.379606e-02	1.127001e+01
5.860000e-06	-4.236242e-02	1.130801e+01
5.870000e-06	-3.574704e-02	1.122853e+01
5.880000e-06	-3.655375e-02	1.118633e+01
5.890000e-06	-4.250792e-02	1.113479e+01
5.900000e-06	-4.596491e-02	1.108261e+01
5.910000e-06	-4.169700e-02	1.108901e+01
5.920000e-06	-3.645870e-02	1.099643e+01
5.930000e-06	-3.936654e-02	1.093335e+01
5.940000e-06	-4.364079e-02	1.091014e+01
5.950000e-06	-4.217843e-02	1.083956e+01
5.960000e-06	-3.443119e-02	1.074690e+01
5.970000e-06	-3.173478e-02	1.067009e+01
5.980000e-06	-3.459886e-02	1.062495e+01
5.990000e-06	-3.743129e-02	1.048056e+01
6.000000e-06	-3.186882e-02	1.038640e+01
6.010000e-06	-2.787614e-02	1.030167e+01
6.020000e-06	-2.675883e-02	1.024793e+01
6.030000e-06	-3.058705e-02	1.013329e+01
6.040000e-06	-2.968737e-02	1.000003e+01
6.050000e-06	-2.346559e-02	9.954322e+00
6.060000e-06	-2.016233e-02	9.816927e+00
6.070000e-06	-2.212264e-02	9.691113e+00
6.080000e-06	-2.457582e-02	9.567422e+00
6.090000e-06	-2.189572e-02	9.439536e+00
6.100000e-06	-1.856121e-02	9.343272e+00
6.110000e-06	-1.809793e-02	9.259532e+00
6.120000e-06	-2.135232e-02	9.100772e+00
6.130000e-06	-2.132318e-02	8.932697e+00
6.140000e-06	-1.604397e-02	8.778604e+00
6.150000e-06	-1.386418e-02	8.691137e+00
6.160000e-06	-1.505438e-02	8.543722e+00
6.170000e-06	-1.734085e-02	8.418453e+00
6.180000e-06	-1.630286e-02	8.272642e+00
6.190000e-06	-1.251405e-02	8.121293e+00
6.200000e-06	-1.131816e-02	7.936373e+00
6.210000e-06	-1.373683e-02	7.806504e+00
6.220000e-06	-1.561609e-02	7.691488e+00
6.230000e-06	-1.359487e-02	7.420663e+00
6.240000e-06	-9.797420e-03	7.270041e+00
6.250000e-06	-9.246632e-03	7.082214e+00
6.260000e-06	-1.248611e-02	6.944321e+00
6.270000e-06	-1.309660e-02	6.767977e+00
6.280000e-06	-1.071034e-02	6.627931e+00
6.290000e-06	-7.764149e-03	6.418080e+00
6.300000e-06	-9.316198e-03	6.229959e+00
6.310000e-06	-1.309597e-02	6.112138e+00
6.320000e-06	-1.158072e-02	5.924319e+00
6.330000e-06	-7.923505e-03	5.733719e+00
6.340000e-06	-6.069626e-03	5.492714e+00
6.350000e-06	-9.514966e-03	5.324272e+00
6.360000e-06	-1.076660e-02	5.104637e+00
6.370000e-06	-7.891231e-03	4.839559e+00
6.380000e-06	-5.193838e-03	4.670138e+00
6.390000e-06	-7.342807e-03	4.471141e+00
6.400000e-06	-1.046967e-02	4.335341e+00
6.410000e-06	-1.059102e-02	4.052632e+00
6.420000e-06	-6.721063e-03	3.863160e+00
6.430000e-06	-5.167895e-03	3.703763e+00
6.440000e-06	-6.373676e-03	3.482766e+00
6.450000e-06	-8.513819e-03	3.271083e+00
6.460000e-06	-6.122345e-03	3.053685e+00
6.470000e-06	-4.105071e-03	2.871192e+00
6.480000e-06	-5.137491e-03	2.707718e+00
6.490000e-06	-8.166000e-03	2.451085e+00
6.500000e-06	-8.312254e-03	2.219558e+00
6.510000e-06	-5.018260e-03	2.042608e+00
6.520000e-06	-4.336196e-03	1.861063e+00
6.530000e-06	-4.831997e-03	1.640459e+00
6.540000e-06	-7.078876e-03	1.399004e+00
6.550000e-06	-5.487593e-03	1.189427e+00
6.560000e-06	-4.118674e-03	9.157446e-01
6.570000e-06	-3.811137e-03	7.463582e-01
6.580000e-06	-6.133671e-03	5.058180e-01
6.590000e-06	-4.879381e-03	3.052433e-01
6.600000e-06	-3.486400e-03	6.221515e-02
6.610000e-06	-4.619208e-04	-1.162883e-01
6.620000e-06	4.145179e-03	-3.168632e-01
6.630000e-06	-3.332476e-03	-5.347095e-01
6.640000e-06	2.205944e-03	-7.262859e-01
6.650000e-06	-2.690795e-03	-9.237882e-01
6.660000e-06	2.075262e-04	-1.065237e+00
6.670000e-06	-3.443004e-03	-1.305263e+00
6.680000e-06	1.051641e-02	-1.567892e+00
6.690000e-06	7.603761e-02	-1.734763e+00
6.700000e-06	1.935849e-02	-1.945340e+00
6.710000e-06	-4.745372e-02	-2.305756e+00
6.720000e-06	-2.897584e-02	-2.588866e+00
6.730000e-06	-9.301006e-02	-2.736840e+00
6.740000e-06	2.411466e-02	-2.788975e+00
6.750000e-06	1.210922e-01	-2.933208e+00
6.760000e-06	-1.645775e-01	-3.259523e+00
6.770000e-06	1.009435e-01	-3.399996e+00
6.780000e-06	2.278225e-02	-3.523264e+00
6.790000e-06	-9.660380e-02	-3.829023e+00
6.800000e-06	1.600814e-01	-4.020551e+00
6.810000e-06	-7.777789e-02	-4.218022e+00
6.820000e-06	-1.077751e-01	-4.418401e+00
6.830000e-06	1.104404e-01	-4.493364e+00
6.840000e-06	-6.626958e-02	-4.779371e+00
6.850000e-06	1.089087e-01	-5.038978e+00
6.860000e-06	-4.232700e-02	-5.155817e+00
6.870000e-06	-6.983215e-02	-5.493134e+00
6.880000e-06	1.180276e-01	-5.629048e+00
6.890000e-06	-6.787444e-02	-5.828501e+00
6.900000e-06	5.239759e-02	-6.007450e+00
6.910000e-06	-6.481477e-02	-6.195292e+00
6.920000e-06	7.877374e-03	-6.428421e+00
6.930000e-06	8.296559e-02	-6.526320e+00
6.940000e-06	-6.610062e-02	-6.704790e+00
6.950000e-06	6.970094e-02	-6.921183e+00
6.960000e-06	-8.580131e-02	-7.119130e+00
6.970000e-06	3.671961e-02	-7.283157e+00
6.980000e-06	5.988396e-02	-7.428053e+00
6.990000e-06	-4.343007e-02	-7.608479e+00
7.000000e-06	4.253855e-02	-7.806950e+00
7.010000e-06	-6.865142e-02	-7.995321e+00
7.020000e-06	8.057200e-02	-8.134344e+00
7.030000e-06	-1.098630e-02	-8.281588e+00
7.040000e-06	-9.505061e-03	-8.397952e+00
7.050000e-06	-7.285161e-04	-8.543870e+00
7.060000e-06	-1.284642e-02	-8.724692e+00
7.070000e-06	7.365784e-02	-8.851628e+00
7.080000e-06	-2.754770e-02	-8.986872e+00
7.090000e-06	1.773015e-02	-9.112787e+00
7.100000e-06	-2.502899e-02	-9.227957e+00
7.110000e-06	2.998824e-02	-9.374446e+00
7.120000e-06	2.477653e-02	-9.512768e+00
7.130000e-06	-1.270242e-02	-9.659503e+00
7.140000e-06	6.895084e-03	-9.723770e+00
7.150000e-06	-3.572780e-03	-9.900134e+00
7.160000e-06	4.907521e-02	-9.995218e+00
7.170000e-06	1.161716e-03	-1.003803e+01
7.180000e-06	4.256345e-03	-1.020543e+01
7.190000e-06	-8.819858e-03	-1.029919e+01
7.200000e-06	2.097825e-02	-1.038537e+01
7.210000e-06	2.837708e-02	-1.046963e+01
7.220000e-06	2.035893e-03	-1.059587e+01
7.230000e-06	1.683324e-04	-1.066803e+01
7.240000e-06	4.819603e-03	-1.076277e+01
7.250000e-06	3.664279e-02	-1.078445e+01
7.260000e-06	1.808402e-02	-1.082751e+01
7.270000e-06	4.930912e-03	-1.093266e+01
7.280000e-06	-1.226711e-04	-1.102337e+01
7.290000e-06	2.166226e-02	-1.102606e+01
7.300000e-06	3.036362e-02	-1.108061e+01
7.310000e-06	1.108122e-02	-1.117430e+01
7.320000e-06	3.044976e-03	-1.123528e+01
7.330000e-06	1.169257e-02	-1.130821e+01
7.340000e-06	3.005305e-02	-1.129922e+01
7.350000e-06	2.622998e-02	-1.138382e+01
7.360000e-06	1.167813e-02	-1.136640e+01
7.370000e-06	9.548803e-03	-1.144598e+01
7.380000e-06	2.323758e-02	-1.149056e+01
7.390000e-06	3.290040e-02	-1.148148e+01
7.400000e-06	2.153333e-02	-1.149119e+01
7.410000e-06	1.180997e-02	-1.149216e+01
7.420000e-06	1.644572e-02	-1.152266e+01
7.430000e-06	3.177749e-02	-1.150179e+01
7.440000e-06	3.409418e-02	-1.149214e+01
7.450000e-06	2.253588e-02	-1.149217e+01
7.460000e-06	1.836683e-02	-1.152119e+01
7.470000e-06	2.764556e-02	-1.147072e+01
7.480000e-06	3.851256e-02	-1.146751e+01
7.490000e-06	3.178748e-02	-1.145801e+01
7.500000e-06	2.345153e-02	-1.142943e+01
7.510000e-06	2.502690e-02	-1.136445e+01
7.520000e-06	3.756871e-02	-1.136469e+01
7.530000e-06	4.152122e-02	-1.128066e+01
7.540000e-06	3.191712e-02	-1.126795e+01
7.550000e-06	2.568310e-02	-1.122646e+01
7.560000e-06	3.170472e-02	-1.115382e+01
7.570000e-06	4.092688e-02	-1.109964e+01
7.580000e-06	3.855589e-02	-1.102048e+01
7.590000e-06	2.801915e-02	-1.095540e+01
7.600000e-06	2.673334e-02	-1.091321e+01
7.610000e-06	3.405723e-02	-1.085906e+01
7.620000e-06	3.640976e-02	-1.079795e+01
7.630000e-06	2.894654e-02	-1.073322e+01
7.640000e-06	2.024515e-02	-1.067009e+01
7.650000e-06	2.238647e-02	-1.058585e+01
7.660000e-06	2.918881e-02	-1.048232e+01
7.670000e-06	2.826239e-02	-1.043903e+01
7.680000e-06	1.909895e-02	-1.031224e+01
7.690000e-06	1.476525e-02	-1.018546e+01
7.700000e-06	1.986062e-02	-1.010127e+01
7.710000e-06	2.366468e-02	-1.000643e+01
7.720000e-06	1.893487e-02	-9.871688e+00
7.730000e-06	1.008699e-02	-9.765901e+00
7.740000e-06	1.012630e-02	-9.682217e+00
7.750000e-06	1.655905e-02	-9.565480e+00
7.760000e-06	1.698758e-02	-9.448113e+00
7.770000e-06	1.029442e-02	-9.300238e+00
7.780000e-06	5.598040e-03	-9.165425e+00
7.790000e-06	9.358258e-03	-9.059662e+00
7.800000e-06	1.255233e-02	-8.913693e+00
7.810000e-06	1.056532e-02	-8.785975e+00
7.820000e-06	4.519726e-03	-8.649084e+00
7.830000e-06	3.835690e-03	-8.461720e+00
7.840000e-06	7.748905e-03	-8.344375e+00
7.850000e-06	1.009055e-02	-8.207452e+00
7.860000e-06	5.126395e-03	-8.052060e+00
7.870000e-06	1.139164e-03	-7.900694e+00
7.880000e-06	3.166093e-03	-7.732769e+00
7.890000e-06	6.596889e-03	-7.502847e+00
7.900000e-06	5.860179e-03	-7.386900e+00
7.910000e-06	4.207402e-04	-7.207003e+00
7.920000e-06	-7.695580e-04	-7.039590e+00
7.930000e-06	2.173165e-03	-6.819510e+00
7.940000e-06	4.513679e-03	-6.671187e+00
7.950000e-06	1.490695e-03	-6.482742e+00
7.960000e-06	-1.395675e-03	-6.355395e+00
7.970000e-06	-7.183300e-04	-6.183747e+00
7.980000e-06	2.781415e-03	-5.936372e+00
7.990000e-06	2.799805e-03	-5.817429e+00
8.000000e-06	-4.236790e-04	-5.627059e+00
8.010000e-06	-3.116243e-03	-5.409458e+00
8.020000e-06	-2.997769e-04	-5.185874e+00
8.030000e-06	3.362697e-04	-4.934400e+00
8.040000e-06	-1.169595e-03	-4.731743e+00
8.050000e-06	-2.940798e-03	-4.506868e+00
8.060000e-06	-2.509491e-03	-4.346951e+00
8.070000e-06	-1.049222e-03	-4.208004e+00
8.080000e-06	-5.650235e-04	-3.998979e+00
8.090000e-06	-2.393831e-03	-3.787975e+00
8.100000e-06	-2.728098e-03	-3.588449e+00
8.110000e-06	-4.157465e-03	-3.387978e+00
8.120000e-06	-2.686737e-03	-3.207954e+00
8.130000e-06	-5.310153e-03	-2.976427e+00
8.140000e-06	-4.124249e-03	-2.766975e+00
8.150000e-06	-4.498679e-03	-2.587379e+00
8.160000e-06	-2.645505e-03	-2.359424e+00
8.170000e-06	-3.310225e-03	-2.144742e+00
8.180000e-06	-2.991810e-03	-1.936421e+00
8.190000e-06	-4.468079e-03	-1.725971e+00
8.200000e-06	-5.184302e-03	-1.536775e+00
8.210000e-06	-6.062216e-03	-1.260636e+00
8.220000e-06	-5.740111e-03	-1.040635e+00
8.230000e-06	-6.183532e-03	-8.216578e-01
8.240000e-06	-6.010629e-03	-6.510580e-01
8.250000e-06	-3.927973e-03	-3.895488e-01
8.260000e-06	-4.055142e-03	-1.890788e-01
8.270000e-06	-4.937815e-04	-2.577763e-03
8.280000e-06	2.734485e-03	2.095012e-01
8.290000e-06	-3.222579e-03	4.330513e-01
8.300000e-06	-7.158161e-05	5.794199e-01
8.310000e-06	-4.194274e-03	7.588938e-01
8.320000e-06	-2.708613e-03	9.393420e-01
8.330000e-06	-4.761216e-03	1.251923e+00
8.340000e-06	2.449963e-03	1.421497e+00
8.350000e-06	2.417779e-02	1.663626e+00
8.360000e-06	6.904663e-02	1.902706e+00
8.370000e-06	-2.312292e-02	2.097737e+00
8.380000e-06	-4.458411e-02	2.338815e+00
8.390000e-06	-3.888249e-02	2.557820e+00
8.400000e-06	-6.610209e-02	2.758368e+00
8.410000e-06	-2.271041e-02	2.873084e+00
8.420000e-06	1.255215e-01	3.062552e+00
8.430000e-06	-1.339820e-01	3.230053e+00
8.440000e-06	5.134280e-02	3.452028e+00
8.450000e-06	7.505510e-02	3.672605e+00
8.460000e-06	-7.268313e-02	3.821030e+00
8.470000e-06	6.642253e-02	4.040026e+00
8.480000e-06	-2.813625e-02	4.271029e+00
8.490000e-06	-8.937070e-02	4.472607e+00
8.500000e-06	5.321256e-02	4.640604e+00
8.510000e-06	-1.285379e-02	4.832634e+00
8.520000e-06	1.706789e-02	5.104216e+00
8.530000e-06	-1.557017e-02	5.356842e+00
8.540000e-06	-4.889401e-02	5.545891e+00
8.550000e-06	3.784306e-02	5.712634e+00
8.560000e-06	-1.511719e-02	5.915216e+00
8.570000e-06	8.788020e-03	6.103735e+00
8.580000e-06	-5.346604e-02	6.281635e+00
8.590000e-06	1.564194e-02	6.428506e+00
8.600000e-06	2.077125e-02	6.648579e+00
8.610000e-06	-2.339384e-02	6.819001e+00
8.620000e-06	1.581444e-04	6.996420e+00
8.630000e-06	-4.716076e-02	7.154341e+00
8.640000e-06	4.422656e-03	7.271182e+00
8.650000e-06	2.167922e-02	7.532612e+00
8.660000e-06	-1.609629e-02	7.692588e+00
8.670000e-06	-1.960975e-02	7.870076e+00
8.680000e-06	-2.076343e-02	8.081614e+00
8.690000e-06	1.211235e-02	8.167975e+00
8.700000e-06	-4.286792e-03	8.315266e+00
8.710000e-06	-2.834693e-02	8.470586e+00
8.720000e-06	-2.508507e-02	8.606921e+00
8.730000e-06	-8.497778e-03	8.745267e+00
8.740000e-06	1.775845e-02	8.819504e+00
8.750000e-06	-1.485051e-02	9.006926e+00
8.760000e-06	-2.501107e-02	9.143196e+00
8.770000e-06	-2.116760e-02	9.282108e+00
8.780000e-06	-3.371124e-03	9.406848e+00
8.790000e-06	4.654269e-04	9.520612e+00
8.800000e-06	-2.558643e-02	9.575875e+00
8.810000e-06	-2.489545e-02	9.722239e+00
8.820000e-06	-1.392998e-02	9.838585e+00
8.830000e-06	4.798265e-03	9.996322e+00
8.840000e-06	-1.212917e-02	1.010364e+01
8.850000e-06	-2.783289e-02	1.016590e+01
8.860000e-06	-2.595383e-02	1.025953e+01
8.870000e-06	-1.114574e-02	1.035275e+01
8.880000e-06	-4.035282e-03	1.044902e+01
8.890000e-06	-2.241526e-02	1.053014e+01
8.900000e-06	-2.830502e-02	1.062693e+01
8.910000e-06	-2.175496e-02	1.071167e+01
8.920000e-06	-4.565690e-03	1.075685e+01
8.930000e-06	-1.375653e-02	1.084893e+01
8.940000e-06	-2.674238e-02	1.092414e+01
8.950000e-06	-2.943949e-02	1.100687e+01
8.960000e-06	-1.749055e-02	1.100848e+01
8.970000e-06	-1.055784e-02	1.106021e+01
8.980000e-06	-2.417261e-02	1.111272e+01
8.990000e-06	-3.249394e-02	1.116429e+01
9.000000e-06	-2.739527e-02	1.116690e+01
9.010000e-06	-1.567770e-02	1.125906e+01
9.020000e-06	-1.873909e-02	1.129856e+01
9.030000e-06	-2.939727e-02	1.137314e+01
9.040000e-06	-3.408906e-02	1.137175e+01
9.050000e-06	-2.517390e-02	1.138381e+01
9.060000e-06	-1.985068e-02	1.143582e+01
9.070000e-06	-2.837803e-02	1.143551e+01
9.080000e-06	-3.772618e-02	1.142793e+01
9.090000e-06	-3.646459e-02	1.146638e+01
9.100000e-06	-2.532307e-02	1.141554e+01
9.110000e-06	-2.554739e-02	1.142806e+01
9.120000e-06	-3.474652e-02	1.141833e+01
9.130000e-06	-4.119340e-02	1.143588e+01
9.140000e-06	-3.646219e-02	1.138341e+01
9.150000e-06	-3.071934e-02	1.141225e+01
9.160000e-06	-3.645516e-02	1.135020e+01
9.170000e-06	-4.477882e-02	1.128966e+01
9.180000e-06	-4.397256e-02	1.127851e+01
9.190000e-06	-3.656649e-02	1.121701e+01
9.200000e-06	-3.513967e-02	1.118537e+01
9.210000e-06	-4.088098e-02	1.114380e+01
9.220000e-06	-4.635174e-02	1.111276e+01
9.230000e-06	-4.366277e-02	1.106854e+01
9.240000e-06	-3.597900e-02	1.099648e+01
9.250000e-06	-3.770070e-02	1.095380e+01
9.260000e-06	-4.375787e-02	1.092119e+01
9.270000e-06	-4.399362e-02	1.082999e+01
9.280000e-06	-3.572121e-02	1.080690e+01
9.290000e-06	-3.123118e-02	1.071114e+01
9.300000e-06	-3.359738e-02	1.062693e+01
9.310000e-06	-3.805383e-02	1.050119e+01
9.320000e-06	-3.349819e-02	1.042693e+01
9.330000e-06	-2.809951e-02	1.031229e+01
9.340000e-06	-2.642342e-02	1.022853e+01
9.350000e-06	-3.054591e-02	1.016380e+01
9.360000e-06	-3.153378e-02	1.007011e+01
9.370000e-06	-2.678960e-02	9.905822e+00
9.380000e-06	-1.960913e-02	9.857984e+00
9.390000e-06	-2.130979e-02	9.682717e+00
9.400000e-06	-2.466437e-02	9.596349e+00
9.410000e-06	-2.360626e-02	9.442116e+00
9.420000e-06	-1.774903e-02	9.345825e+00
9.430000e-06	-1.662787e-02	9.250561e+00
9.440000e-06	-1.975097e-02	9.123817e+00
9.450000e-06	-2.316974e-02	9.027427e+00
9.460000e-06	-1.793294e-02	8.797457e+00
9.470000e-06	-1.389404e-02	8.724143e+00
9.480000e-06	-1.418547e-02	8.544875e+00
9.490000e-06	-1.660408e-02	8.409058e+00
9.500000e-06	-1.709601e-02	8.292891e+00
9.510000e-06	-1.245552e-02	8.164773e+00
9.520000e-06	-1.159994e-02	7.997372e+00
9.530000e-06	-1.308669e-02	7.829556e+00
9.540000e-06	-1.663459e-02	7.680663e+00
9.550000e-06	-1.351814e-02	7.484745e+00
9.560000e-06	-1.137541e-02	7.241617e+00
9.570000e-06	-1.000466e-02	7.143370e+00
9.580000e-06	-1.146504e-02	6.996397e+00
9.590000e-06	-1.199291e-02	6.808979e+00
9.600000e-06	-1.026252e-02	6.630459e+00
9.610000e-06	-8.032539e-03	6.429059e+00
9.620000e-06	-9.128221e-03	6.241089e+00
9.630000e-06	-1.149119e-02	6.072667e+00
9.640000e-06	-1.122334e-02	5.926897e+00
9.650000e-06	-8.776162e-03	5.723773e+00
9.660000e-06	-8.308920e-03	5.546268e+00
9.670000e-06	-8.135017e-03	5.327745e+00
9.680000e-06	-1.001674e-02	5.125793e+00
9.690000e-06	-8.465750e-03	4.852167e+00
9.700000e-06	-6.535899e-03	4.703337e+00
9.710000e-06	-6.086167e-03	4.515242e+00
9.720000e-06	-8.258504e-03	4.354868e+00
9.730000e-06	-1.017267e-02	4.123217e+00
9.740000e-06	-7.497926e-03	3.904217e+00
9.750000e-06	-4.464581e-03	3.715322e+00
9.760000e-06	-5.934065e-03	3.526346e+00
9.770000e-06	-9.115811e-03	3.285267e+00
9.780000e-06	-8.120625e-03	3.115819e+00
9.790000e-06	-4.020469e-03	2.925268e+00
9.800000e-06	-4.026619e-03	2.726920e+00
9.810000e-06	-5.862661e-03	2.464791e+00
9.820000e-06	-8.854270e-03	2.293188e+00
9.830000e-06	-6.680681e-03	2.062164e+00
9.840000e-06	-4.846516e-03	1.894739e+00
9.850000e-06	-5.494988e-03	1.643709e+00
9.860000e-06	-7.151491e-03	1.452058e+00
9.870000e-06	-5.842571e-03	1.210585e+00
9.880000e-06	-2.602324e-03	9.580521e-01
9.890000e-06	-1.692640e-03	7.368720e-01
9.900000e-06	-4.864770e-03	5.358207e-01
9.910000e-06	-6.972330e-03	3.679209e-01
9.920000e-06	-4.933880e-03	1.247905e-01
9.930000e-06	-2.292263e-03	-9.370935e-02
9.940000e-06	4.911869e-03	-2.932068e-01
9.950000e-06	-2.723002e-03	-4.416328e-01
9.960000e-06	-2.362958e-04	-7.031882e-01
9.970000e-06	-8.314798e-04	-8.736831e-01
9.980000e-06	2.219873e-03	-1.072658e+00
9.990000e-06	-3.399261e-03	-1.293158e+00
1.000000e-05	3.837392e-03	-1.505786e+00
1.001000e-05	5.941520e-02	-1.643161e+00
1.002000e-05	4.853187e-02	-1.936284e+00
1.003000e-05	-5.358642e-02	-2.278077e+00
1.004000e-05	-2.033777e-02	-2.516292e+00
1.005000e-05	-8.722637e-02	-2.694284e+00
1.006000e-05	-1.851704e-02	-2.799475e+00
1.007000e-05	1.471820e-01	-2.830105e+00
1.008000e-05	-1.322503e-01	-3.196920e+00
1.009000e-05	4.127513e-02	-3.368421e+00
1.010000e-05	8.825727e-02	-3.482159e+00
1.011000e-05	-1.298054e-01	-3.806514e+00
1.012000e-05	1.435096e-01	-3.989475e+00
1.013000e-05	-1.510335e-02	-4.116945e+00
1.014000e-05	-1.533102e-01	-4.369371e+00
1.015000e-05	1.087740e-01	-4.521607e+00
1.016000e-05	-4.917824e-02	-4.766387e+00
1.017000e-05	7.365221e-02	-4.997900e+00
1.018000e-05	1.531399e-02	-5.145239e+00
1.019000e-05	-1.148590e-01	-5.418553e+00
1.020000e-05	1.203134e-01	-5.599026e+00
1.021000e-05	-4.390360e-02	-5.768371e+00
1.022000e-05	2.559191e-02	-5.967372e+00
1.023000e-05	-2.594968e-02	-6.133787e+00
1.024000e-05	-3.970811e-02	-6.397295e+00
1.025000e-05	1.126059e-01	-6.524267e+00
1.026000e-05	-6.754396e-02	-6.714186e+00
1.027000e-05	5.695627e-02	-6.840139e+00
1.028000e-05	-5.950021e-02	-7.047508e+00
1.029000e-05	-1.173986e-02	-7.280635e+00
1.030000e-05	9.733208e-02	-7.385929e+00
1.031000e-05	-5.299631e-02	-7.645845e+00
1.032000e-05	4.818117e-02	-7.802899e+00
1.033000e-05	-6.404797e-02	-7.964745e+00
1.034000e-05	5.471350e-02	-8.122691e+00
1.035000e-05	2.285364e-02	-8.270030e+00
1.036000e-05	-3.164793e-02	-8.386923e+00
1.037000e-05	1.476496e-02	-8.512635e+00
1.038000e-05	-3.371772e-02	-8.731639e+00
1.039000e-05	8.073254e-02	-8.860032e+00
1.040000e-05	-1.547201e-02	-8.985421e+00
1.041000e-05	9.328990e-03	-9.099639e+00
1.042000e-05	-1.538713e-02	-9.188000e+00
1.043000e-05	1.244346e-02	-9.363348e+00
1.044000e-05	4.143244e-02	-9.470643e+00
1.045000e-05	-1.862611e-02	-9.658978e+00
1.046000e-05	9.677385e-03	-9.763767e+00
1.047000e-05	-1.304424e-02	-9.838004e+00
1.048000e-05	4.751366e-02	-9.913268e+00
1.049000e-05	1.126938e-02	-1.003746e+01
1.050000e-05	2.165327e-03	-1.018235e+01
1.051000e-05	-6.248669e-03	-1.027859e+01
1.052000e-05	1.269850e-02	-1.039582e+01
1.053000e-05	3.348798e-02	-1.044958e+01
1.054000e-05	3.739824e-03	-1.056574e+01
1.055000e-05	2.082118e-03	-1.064796e+01
1.056000e-05	-9.812280e-04	-1.071169e+01
1.057000e-05	3.326144e-02	-1.075487e+01
1.058000e-05	2.194904e-02	-1.081848e+01
1.059000e-05	6.994213e-03	-1.088159e+01
1.060000e-05	-6.741982e-04	-1.098520e+01
1.061000e-05	1.647403e-02	-1.100646e+01
1.062000e-05	3.328367e-02	-1.103913e+01
1.063000e-05	1.508808e-02	-1.120064e+01
1.064000e-05	5.191312e-03	-1.119688e+01
1.065000e-05	5.845076e-03	-1.127901e+01
1.066000e-05	2.642615e-02	-1.132004e+01
1.067000e-05	2.702612e-02	-1.137424e+01
1.068000e-05	1.573683e-02	-1.139342e+01
1.069000e-05	6.404987e-03	-1.140533e+01
1.070000e-05	2.070504e-02	-1.141801e+01
1.071000e-05	3.205794e-02	-1.147959e+01
1.072000e-05	2.605287e-02	-1.149009e+01
1.073000e-05	1.217759e-02	-1.149159e+01
1.074000e-05	1.626128e-02	-1.151180e+01
1.075000e-05	2.850252e-02	-1.151267e+01
1.076000e-05	3.380875e-02	-1.155222e+01
1.077000e-05	2.293840e-02	-1.147171e+01
1.078000e-05	1.939474e-02	-1.151064e+01
1.079000e-05	2.653064e-02	-1.147159e+01
1.080000e-05	3.717300e-02	-1.149016e+01
1.081000e-05	3.294518e-02	-1.148749e+01
1.082000e-05	2.496016e-02	-1.142608e+01
1.083000e-05	2.553503e-02	-1.140480e+01
1.084000e-05	3.576515e-02	-1.141243e+01
1.085000e-05	4.024833e-02	-1.127969e+01
1.086000e-05	3.254458e-02	-1.127554e+01
1.087000e-05	2.698042e-02	-1.116638e+01
1.088000e-05	3.028846e-02	-1.115477e+01
1.089000e-05	3.981933e-02	-1.110974e+01
1.090000e-05	3.811646e-02	-1.102805e+01
1.091000e-05	3.043251e-02	-1.098537e+01
1.092000e-05	2.770837e-02	-1.091482e+01
1.093000e-05	3.374650e-02	-1.088063e+01
1.094000e-05	3.613167e-02	-1.081743e+01
1.095000e-05	3.056605e-02	-1.076385e+01
1.096000e-05	2.192611e-02	-1.066259e+01
1.097000e-05	2.247045e-02	-1.060746e+01
1.098000e-05	2.812475e-02	-1.051229e+01
1.099000e-05	2.748821e-02	-1.047991e+01
1.100000e-05	2.076352e-02	-1.036330e+01
1.101000e-05	1.618096e-02	-1.025703e+01
1.102000e-05	1.974198e-02	-1.012127e+01
1.103000e-05	2.326650e-02	-9.987929e+00
1.104000e-05	1.911485e-02	-9.903194e+00
1.105000e-05	1.110203e-02	-9.825459e+00
1.106000e-05	1.113116e-02	-9.722186e+00
1.107000e-05	1.525438e-02	-9.596960e+00
1.108000e-05	1.615232e-02	-9.490093e+00
1.109000e-05	1.148510e-02	-9.363316e+00
1.110000e-05	7.008338e-03	-9.176901e+00
1.111000e-05	9.569691e-03	-9.091193e+00
1.112000e-05	1.275803e-02	-8.943298e+00
1.113000e-05	1.105937e-02	-8.798475e+00
1.114000e-05	4.886424e-03	-8.682212e+00
1.115000e-05	3.525917e-03	-8.540295e+00
1.116000e-05	6.970091e-03	-8.357451e+00
1.117000e-05	9.312268e-03	-8.227007e+00
1.118000e-05	5.294225e-03	-8.111113e+00
1.119000e-05	1.808834e-03	-7.954874e+00
1.120000e-05	3.124738e-03	-7.733523e+00
1.121000e-05	6.477664e-03	-7.576026e+00
1.122000e-05	6.236846e-03	-7.407530e+00
1.123000e-05	1.762536e-03	-7.230555e+00
1.124000e-05	-3.134315e-04	-7.040158e+00
1.125000e-05	2.718958e-03	-6.871114e+00
1.126000e-05	3.866885e-03	-6.704217e+00
1.127000e-05	1.796990e-03	-6.564343e+00
1.128000e-05	-1.874716e-03	-6.407424e+00
1.129000e-05	-1.099687e-03	-6.165955e+00
1.130000e-05	2.267944e-03	-5.967951e+00
1.131000e-05	2.795147e-03	-5.807402e+00
1.132000e-05	-1.055774e-03	-5.649084e+00
1.133000e-05	-2.837021e-03	-5.440063e+00
1.134000e-05	-4.372486e-04	-5.238506e+00
1.135000e-05	1.175037e-03	-4.987479e+00
1.136000e-05	-2.112017e-03	-4.743376e+00
1.137000e-05	-3.249433e-03	-4.577450e+00
1.138000e-05	-4.083620e-03	-4.408950e+00
1.139000e-05	-1.426721e-03	-4.218058e+00
1.140000e-05	-5.276710e-04	-4.031584e+00
1.141000e-05	-1.236270e-03	-3.882089e+00
1.142000e-05	-3.650731e-03	-3.619056e+00
1.143000e-05	-3.319066e-03	-3.419558e+00
1.144000e-05	-1.488067e-03	-3.238612e+00
1.145000e-05	-3.555614e-03	-2.979505e+00
1.146000e-05	-4.894842e-03	-2.797980e+00
1.147000e-05	-6.363356e-03	-2.619030e+00
1.148000e-05	-2.319049e-03	-2.418980e+00
1.149000e-05	-2.574315e-03	-2.158927e+00
1.150000e-05	-2.465076e-03	-1.967425e+00
1.151000e-05	-5.178679e-03	-1.767479e+00
1.152000e-05	-4.194776e-03	-1.608926e+00
1.153000e-05	-4.975371e-03	-1.314243e+00
1.154000e-05	-4.502884e-03	-1.103216e+00
1.155000e-05	-6.779429e-03	-8.842082e-01
1.156000e-05	-6.007068e-03	-6.531358e-01
1.157000e-05	-5.083951e-03	-4.230076e-01
1.158000e-05	-3.826874e-03	-2.620841e-01
1.159000e-05	-1.597322e-03	-5.271033e-02
1.160000e-05	2.872341e-03	1.684434e-01
1.161000e-05	-1.979606e-03	3.909473e-01
1.162000e-05	4.143563e-05	5.689659e-01
1.163000e-05	-2.345531e-03	7.779183e-01
1.164000e-05	-2.637002e-03	9.657618e-01
1.165000e-05	-4.844577e-03	1.178544e+00
1.166000e-05	5.512618e-04	1.358925e+00
1.167000e-05	1.790767e-02	1.592549e+00
1.168000e-05	6.633036e-02	1.873132e+00
1.169000e-05	-2.048004e-03	2.054159e+00
1.170000e-05	-5.241202e-02	2.325257e+00
1.171000e-05	-3.394706e-02	2.535764e+00
1.172000e-05	-5.720046e-02	2.755816e+00
1.173000e-05	-5.033278e-02	2.832154e+00
1.174000e-05	1.270243e-01	2.999951e+00
1.175000e-05	-9.200472e-02	3.189423e+00
1.176000e-05	-1.435519e-02	3.387900e+00
1.177000e-05	1.175012e-01	3.641978e+00
1.178000e-05	-7.838344e-02	3.860000e+00
1.179000e-05	4.582794e-02	3.988021e+00
1.180000e-05	1.019146e-02	4.219122e+00
1.181000e-05	-1.073220e-01	4.400979e+00
1.182000e-05	4.234881e-02	4.639974e+00
1.183000e-05	-1.091071e-03	4.809054e+00
1.184000e-05	5.553360e-03	5.071588e+00
1.185000e-05	2.558015e-03	5.283791e+00
1.186000e-05	-5.900649e-02	5.514791e+00
1.187000e-05	3.219554e-02	5.660606e+00
1.188000e-05	-8.482028e-03	5.872610e+00
1.189000e-05	6.905991e-03	6.051634e+00
1.190000e-05	-4.407406e-02	6.233052e+00
1.191000e-05	-3.502402e-03	6.407896e+00
1.192000e-05	3.198672e-02	6.588945e+00
1.193000e-05	-2.355569e-02	6.798370e+00
1.194000e-05	-6.089683e-04	6.966866e+00
1.195000e-05	-3.882188e-02	7.143718e+00
1.196000e-05	-1.379533e-02	7.250057e+00
1.197000e-05	3.144977e-02	7.450609e+00
1.198000e-05	-1.551996e-02	7.690635e+00
1.199000e-05	-1.685547e-02	7.809576e+00
1.200000e-05	-2.506971e-02	8.058054e+00
1.201000e-05	6.712489e-03	8.185925e+00
1.202000e-05	4.262357e-03	8.312189e+00
1.203000e-05	-2.847026e-02	8.459029e+00
1.204000e-05	-2.287810e-02	8.597399e+00
1.205000e-05	-1.817000e-02	8.721189e+00
1.206000e-05	2.037581e-02	8.808455e+00
1.207000e-05	-1.063327e-02	8.923217e+00
1.208000e-05	-2.334856e-02	9.112715e+00
1.209000e-05	-2.447365e-02	9.239504e+00
1.210000e-05	-6.948168e-03	9.346897e+00
1.211000e-05	3.052194e-03	9.470043e+00
1.212000e-05	-2.204356e-02	9.566950e+00
1.213000e-05	-2.509098e-02	9.673111e+00
1.214000e-05	-1.748768e-02	9.828033e+00
1.215000e-05	5.076225e-03	9.974296e+00
1.216000e-05	-8.273007e-03	1.005961e+01
1.217000e-05	-2.673843e-02	1.017380e+01
1.218000e-05	-2.829762e-02	1.022798e+01
1.219000e-05	-1.368709e-02	1.033532e+01
1.220000e-05	-3.061440e-03	1.040792e+01
1.221000e-05	-1.980268e-02	1.051068e+01
1.222000e-05	-2.795972e-02	1.064640e+01
1.223000e-05	-2.328866e-02	1.070162e+01
1.224000e-05	-4.862650e-03	1.079487e+01
1.225000e-05	-1.115225e-02	1.083045e+01
1.226000e-05	-2.484154e-02	1.087216e+01
1.227000e-05	-3.087051e-02	1.098625e+01
1.228000e-05	-1.989326e-02	1.102795e+01
1.229000e-05	-1.050065e-02	1.103908e+01
1.230000e-05	-2.141722e-02	1.112272e+01
1.231000e-05	-3.174586e-02	1.113429e+01
1.232000e-05	-3.051433e-02	1.115540e+01
1.233000e-05	-1.557661e-02	1.124598e+01
1.234000e-05	-1.759203e-02	1.127108e+01
1.235000e-05	-2.720094e-02	1.131159e+01
1.236000e-05	-3.549300e-02	1.132122e+01
1.237000e-05	-2.694989e-02	1.137645e+01
1.238000e-05	-1.934874e-02	1.141646e+01
1.239000e-05	-2.704465e-02	1.142638e+01
1.240000e-05	-3.685786e-02	1.142634e+01
1.241000e-05	-3.734560e-02	1.142806e+01
1.242000e-05	-2.703827e-02	1.143798e+01
1.243000e-05	-2.451953e-02	1.144696e+01
1.244000e-05	-3.279492e-02	1.142791e+01
1.245000e-05	-4.117424e-02	1.139533e+01
1.246000e-05	-3.702174e-02	1.141438e+01
1.247000e-05	-3.138351e-02	1.138393e+01
1.248000e-05	-3.496195e-02	1.136325e+01
1.249000e-05	-4.424802e-02	1.130314e+01
1.250000e-05	-4.667928e-02	1.129964e+01
1.251000e-05	-3.797673e-02	1.122851e+01
1.252000e-05	-3.261676e-02	1.118687e+01
1.253000e-05	-3.846242e-02	1.114435e+01
1.254000e-05	-4.644691e-02	1.109372e+01
1.255000e-05	-4.498897e-02	1.107106e+01
1.256000e-05	-3.669988e-02	1.101703e+01
1.257000e-05	-3.660210e-02	1.097535e+01
1.258000e-05	-4.324290e-02	1.089224e+01
1.259000e-05	-4.538468e-02	1.085896e+01
1.260000e-05	-3.874746e-02	1.075685e+01
1.261000e-05	-3.164949e-02	1.070584e+01
1.262000e-05	-3.268654e-02	1.062704e+01
1.263000e-05	-3.788654e-02	1.055320e+01
1.264000e-05	-3.485024e-02	1.039896e+01
1.265000e-05	-2.849697e-02	1.032327e+01
1.266000e-05	-2.554167e-02	1.021109e+01
1.267000e-05	-3.054158e-02	1.012433e+01
1.268000e-05	-3.179155e-02	1.006063e+01
1.269000e-05	-2.937100e-02	9.957351e+00
1.270000e-05	-1.939534e-02	9.838713e+00
1.271000e-05	-2.124053e-02	9.690698e+00
1.272000e-05	-2.257925e-02	9.597374e+00
1.273000e-05	-2.483161e-02	9.543116e+00
1.274000e-05	-1.889876e-02	9.365453e+00
1.275000e-05	-1.673982e-02	9.281037e+00
1.276000e-05	-1.866417e-02	9.126347e+00
1.277000e-05	-2.302311e-02	9.007463e+00
1.278000e-05	-2.041779e-02	8.850059e+00
1.279000e-05	-1.556390e-02	8.714792e+00
1.280000e-05	-1.275159e-02	8.586930e+00
1.281000e-05	-1.583400e-02	8.470661e+00
1.282000e-05	-1.748792e-02	8.355345e+00
1.283000e-05	-1.382078e-02	8.157426e+00
1.284000e-05	-9.863227e-03	8.028978e+00
1.285000e-05	-1.094183e-02	7.862035e+00
1.286000e-05	-1.587870e-02	7.704163e+00
1.287000e-05	-1.618816e-02	7.524247e+00
1.288000e-05	-1.232342e-02	7.322821e+00
1.289000e-05	-8.077028e-03	7.156370e+00
1.290000e-05	-1.155334e-02	7.008454e+00
1.291000e-05	-1.369730e-02	6.809534e+00
1.292000e-05	-1.251020e-02	6.692643e+00
1.293000e-05	-7.329131e-03	6.451017e+00
1.294000e-05	-6.469440e-03	6.291690e+00
1.295000e-05	-1.045642e-02	6.144291e+00
1.296000e-05	-1.254817e-02	5.958948e+00
1.297000e-05	-9.507801e-03	5.755826e+00
1.298000e-05	-6.518681e-03	5.597452e+00
1.299000e-05	-8.416133e-03	5.397457e+00
1.300000e-05	-1.134554e-02	5.167949e+00
1.301000e-05	-1.000425e-02	4.886218e+00
1.302000e-05	-5.613740e-03	4.734293e+00
1.303000e-05	-3.791439e-03	4.536347e+00
1.304000e-05	-7.152002e-03	4.388478e+00
1.305000e-05	-8.920629e-03	4.185296e+00
1.306000e-05	-7.990966e-03	3.955843e+00
1.307000e-05	-5.545881e-03	3.756849e+00
1.308000e-05	-7.322304e-03	3.578921e+00
1.309000e-05	-1.003344e-02	3.336296e+00
1.310000e-05	-8.148331e-03	3.178270e+00
1.311000e-05	-5.421795e-03	2.945345e+00
1.312000e-05	-5.342171e-03	2.768471e+00
1.313000e-05	-4.858473e-03	2.535342e+00
1.314000e-05	-6.017450e-03	2.315816e+00
1.315000e-05	-5.835819e-03	2.074788e+00
1.316000e-05	-5.785349e-03	1.936845e+00
1.317000e-05	-6.292021e-03	1.696267e+00
1.318000e-05	-7.089173e-03	1.495238e+00
1.319000e-05	-5.943458e-03	1.282611e+00
1.320000e-05	-5.195558e-03	9.805075e-01
1.321000e-05	-3.530843e-03	7.689999e-01
1.322000e-05	-4.005943e-03	5.599236e-01
1.323000e-05	-4.251046e-03	4.090024e-01
1.324000e-05	-4.738754e-03	1.267997e-01
1.325000e-05	-3.193601e-03	-9.260914e-02
1.326000e-05	4.266691e-03	-2.426578e-01
1.327000e-05	-5.867829e-04	-4.415790e-01
1.328000e-05	-1.538552e-03	-6.632067e-01
1.329000e-05	-1.867376e-03	-8.616041e-01
1.330000e-05	-1.410577e-03	-1.062581e+00
1.331000e-05	-2.179917e-03	-1.231553e+00
1.332000e-05	2.235638e-03	-1.481602e+00
1.333000e-05	4.494373e-02	-1.632078e+00
1.334000e-05	7.184011e-02	-1.862157e+00
1.335000e-05	-5.283042e-02	-2.178024e+00
1.336000e-05	-1.653318e-02	-2.493637e+00
1.337000e-05	-7.723594e-02	-2.673739e+00
1.338000e-05	-5.361082e-02	-2.778997e+00
1.339000e-05	1.443176e-01	-2.821078e+00
1.340000e-05	-8.461808e-02	-3.095204e+00
1.341000e-05	-3.341317e-02	-3.358895e+00
1.342000e-05	1.412843e-01	-3.442132e+00
1.343000e-05	-1.373968e-01	-3.712187e+00
1.344000e-05	1.035397e-01	-3.997342e+00
1.345000e-05	4.810485e-02	-4.135813e+00
1.346000e-05	-1.785709e-01	-4.356270e+00
1.347000e-05	8.162904e-02	-4.461204e+00
1.348000e-05	-1.462289e-02	-4.701137e+00
1.349000e-05	2.739511e-02	-4.957370e+00
1.350000e-05	6.892845e-02	-5.121741e+00
1.351000e-05	-1.388364e-01	-5.375847e+00
1.352000e-05	1.000989e-01	-5.597374e+00
1.353000e-05	-8.561749e-03	-5.713819e+00
1.354000e-05	-6.695465e-03	-5.935816e+00
1.355000e-05	1.527870e-02	-6.100659e+00
1.356000e-05	-7.716773e-02	-6.313740e+00
1.357000e-05	1.205507e-01	-6.531612e+00
1.358000e-05	-5.201493e-02	-6.671107e+00
1.359000e-05	3.382334e-02	-6.810006e+00
1.360000e-05	-1.887583e-02	-7.046003e+00
1.361000e-05	-5.756745e-02	-7.218929e+00
1.362000e-05	1.140626e-01	-7.376849e+00
1.363000e-05	-5.052748e-02	-7.553796e+00
1.364000e-05	4.072874e-02	-7.733765e+00
1.365000e-05	-4.477673e-02	-7.933717e+00
1.366000e-05	2.130349e-02	-8.073186e+00
1.367000e-05	5.686268e-02	-8.247976e+00
1.368000e-05	-4.521972e-02	-8.346394e+00
1.369000e-05	2.609207e-02	-8.521162e+00
1.370000e-05	-4.623194e-02	-8.679560e+00
1.371000e-05	7.004392e-02	-8.838524e+00
1.372000e-05	1.748559e-03	-8.953319e+00
1.373000e-05	-2.257697e-03	-9.111185e+00
1.374000e-05	-2.637507e-03	-9.176899e+00
1.375000e-05	-5.130407e-03	-9.332715e+00
1.376000e-05	5.289796e-02	-9.471117e+00
1.377000e-05	-1.668468e-02	-9.586903e+00
1.378000e-05	9.988967e-03	-9.732192e+00
1.379000e-05	-1.601088e-02	-9.816977e+00
1.380000e-05	3.782268e-02	-9.932770e+00
1.381000e-05	2.031465e-02	-1.002693e+01
1.382000e-05	-6.804145e-04	-1.018316e+01
1.383000e-05	-3.096061e-03	-1.024804e+01
1.384000e-05	4.250239e-03	-1.034530e+01
1.385000e-05	3.729042e-02	-1.044903e+01
1.386000e-05	9.431050e-03	-1.055327e+01
1.387000e-05	3.368159e-03	-1.059695e+01
1.388000e-05	-4.180860e-03	-1.070014e+01
1.389000e-05	2.714656e-02	-1.074485e+01
1.390000e-05	2.478640e-02	-1.082888e+01
1.391000e-05	7.666766e-03	-1.091064e+01
1.392000e-05	-1.479318e-03	-1.099329e+01
1.393000e-05	1.233831e-02	-1.098748e+01
1.394000e-05	3.191866e-02	-1.110004e+01
1.395000e-05	2.036339e-02	-1.110374e+01
1.396000e-05	5.366244e-03	-1.119527e+01
1.397000e-05	4.525583e-03	-1.127744e+01
1.398000e-05	2.296280e-02	-1.131074e+01
1.399000e-05	2.885161e-02	-1.131170e+01
1.400000e-05	1.656468e-02	-1.134430e+01
1.401000e-05	6.104275e-03	-1.136593e+01
1.402000e-05	1.590203e-02	-1.147801e+01
1.403000e-05	3.110397e-02	-1.143951e+01
1.404000e-05	2.910098e-02	-1.149104e+01
1.405000e-05	1.612031e-02	-1.152007e+01
1.406000e-05	1.300683e-02	-1.151214e+01
1.407000e-05	2.553069e-02	-1.152130e+01
1.408000e-05	3.499333e-02	-1.150125e+01
1.409000e-05	2.658229e-02	-1.149222e+01
1.410000e-05	1.742109e-02	-1.152224e+01
1.411000e-05	2.140711e-02	-1.152169e+01
1.412000e-05	3.431889e-02	-1.148064e+01
1.413000e-05	3.743074e-02	-1.148851e+01
1.414000e-05	2.725885e-02	-1.146693e+01
1.415000e-05	2.426950e-02	-1.137487e+01
1.416000e-05	3.222976e-02	-1.140338e+01
1.417000e-05	4.129239e-02	-1.130207e+01
1.418000e-05	3.643328e-02	-1.128811e+01
1.419000e-05	2.612822e-02	-1.127636e+01
1.420000e-05	2.721267e-02	-1.116172e+01
1.421000e-05	3.701922e-02	-1.109177e+01
1.422000e-05	4.065232e-02	-1.103993e+01
1.423000e-05	3.327310e-02	-1.099693e+01
1.424000e-05	2.712922e-02	-1.094379e+01
1.425000e-05	3.160906e-02	-1.091068e+01
1.426000e-05	3.774106e-02	-1.084703e+01
1.427000e-05	3.365885e-02	-1.075580e+01
1.428000e-05	2.365889e-02	-1.068169e+01
1.429000e-05	2.031105e-02	-1.064748e+01
1.430000e-05	2.534589e-02	-1.054280e+01
1.431000e-05	2.873094e-02	-1.048053e+01
1.432000e-05	2.349501e-02	-1.035730e+01
1.433000e-05	1.609457e-02	-1.024704e+01
1.434000e-05	1.840093e-02	-1.012382e+01
1.435000e-05	2.312510e-02	-1.002743e+01
1.436000e-05	2.206499e-02	-9.924294e+00
1.437000e-05	1.347177e-02	-9.827960e+00
1.438000e-05	9.256507e-03	-9.724220e+00
1.439000e-05	1.316835e-02	-9.618958e+00
1.440000e-05	1.659465e-02	-9.491218e+00
1.441000e-05	1.249419e-02	-9.322799e+00
1.442000e-05	6.965934e-03	-9.228004e+00
1.443000e-05	7.678533e-03	-9.101718e+00
1.444000e-05	1.178571e-02	-8.976354e+00
1.445000e-05	1.262813e-02	-8.819479e+00
1.446000e-05	7.280713e-03	-8.712668e+00
1.447000e-05	3.246262e-03	-8.523824e+00
1.448000e-05	5.510255e-03	-8.417402e+00
1.449000e-05	8.165429e-03	-8.270061e+00
1.450000e-05	7.080921e-03	-8.103669e+00
1.451000e-05	1.731613e-03	-7.955848e+00
1.452000e-05	2.286667e-03	-7.755952e+00
1.453000e-05	5.636453e-03	-7.606956e+00
1.454000e-05	6.821278e-03	-7.449034e+00
1.455000e-05	3.963730e-03	-7.270137e+00
1.456000e-05	2.639228e-04	-7.154168e+00
1.457000e-05	1.036645e-03	-6.883694e+00
1.458000e-05	3.670060e-03	-6.733768e+00
1.459000e-05	2.339263e-03	-6.577826e+00
1.460000e-05	-1.598878e-03	-6.408529e+00
1.461000e-05	-2.259230e-03	-6.207435e+00
1.462000e-05	4.078571e-04	-6.008979e+00
1.463000e-05	2.213428e-03	-5.839535e+00
1.464000e-05	-3.381980e-04	-5.691610e+00
1.465000e-05	-6.361743e-05	-5.494817e+00
1.466000e-05	-1.844584e-03	-5.229635e+00
1.467000e-05	-4.192115e-04	-5.050458e+00
1.468000e-05	-1.027455e-04	-4.775931e+00
1.469000e-05	-1.967676e-03	-4.598529e+00
1.470000e-05	-3.037208e-03	-4.410112e+00
1.471000e-05	-1.674377e-03	-4.261608e+00
1.472000e-05	-1.935511e-03	-4.062661e+00
1.473000e-05	6.145587e-04	-3.912239e+00
1.474000e-05	-3.868818e-03	-3.671563e+00
1.475000e-05	-4.041496e-03	-3.440612e+00
1.476000e-05	-3.819859e-03	-3.252683e+00
1.477000e-05	-2.653722e-03	-3.083234e+00
1.478000e-05	-2.514757e-03	-2.799082e+00
1.479000e-05	-3.570990e-03	-2.652584e+00
1.480000e-05	-4.810848e-03	-2.460109e+00
1.481000e-05	-4.187287e-03	-2.198528e+00
1.482000e-05	-1.242980e-03	-2.000502e+00
1.483000e-05	-3.849736e-03	-1.829056e+00
1.484000e-05	-6.642187e-03	-1.610080e+00
1.485000e-05	-6.582408e-03	-1.337826e+00
1.486000e-05	-3.199117e-03	-1.096242e+00
1.487000e-05	-2.714993e-03	-9.262896e-01
1.488000e-05	-3.885662e-03	-7.572671e-01
1.489000e-05	-6.413995e-03	-4.727393e-01
1.490000e-05	-4.416769e-03	-2.832343e-01
1.491000e-05	-2.443857e-03	-7.621040e-02
1.492000e-05	2.517973e-03	1.162671e-01
1.493000e-05	-2.491414e-03	3.484399e-01
1.494000e-05	-2.558306e-03	5.042109e-01
1.495000e-05	-1.088302e-03	7.247644e-01
1.496000e-05	-5.152931e-04	8.731355e-01
1.497000e-05	-2.601751e-03	1.117817e+00
1.498000e-05	-1.031360e-03	1.356766e+00
1.499000e-05	1.058330e-02	1.588941e+00
1.500000e-05	6.064223e-02	1.881051e+00
1.501000e-05	2.231823e-02	2.031125e+00
1.502000e-05	-5.778705e-02	2.282129e+00
1.503000e-05	-3.548942e-02	2.483087e+00
1.504000e-05	-5.343116e-02	2.745839e+00
1.505000e-05	-6.273731e-02	2.821079e+00
1.506000e-05	1.096659e-01	2.976921e+00
1.507000e-05	-3.395550e-02	3.228397e+00
1.508000e-05	-8.024632e-02	3.346871e+00
1.509000e-05	1.466134e-01	3.566895e+00
1.510000e-05	-6.463540e-02	3.768921e+00
1.511000e-05	1.606708e-02	3.967296e+00
1.512000e-05	3.901001e-02	4.195865e+00
1.513000e-05	-1.129030e-01	4.439924e+00
1.514000e-05	2.421829e-02	4.568397e+00
1.515000e-05	1.805845e-02	4.796944e+00
1.516000e-05	-7.196701e-03	5.071558e+00
1.517000e-05	1.388838e-02	5.301610e+00
1.518000e-05	-5.931615e-02	5.473734e+00
1.519000e-05	2.156439e-02	5.630104e+00
1.520000e-05	3.142480e-03	5.869605e+00
1.521000e-05	-1.997778e-03	6.021003e+00
1.522000e-05	-3.166344e-02	6.188950e+00
1.523000e-05	-2.204245e-02	6.376345e+00
1.524000e-05	3.982404e-02	6.584769e+00
1.525000e-05	-2.046545e-02	6.715220e+00
1.526000e-05	-7.172748e-03	6.934767e+00
1.527000e-05	-2.521199e-02	7.112690e+00
1.528000e-05	-2.663902e-02	7.208476e+00
1.529000e-05	3.631641e-02	7.418030e+00
1.530000e-05	-1.541898e-02	7.637534e+00
1.531000e-05	-1.622921e-02	7.796425e+00
1.532000e-05	-2.505645e-02	7.997951e+00
1.533000e-05	3.918995e-04	8.176793e+00
1.534000e-05	9.293358e-03	8.281189e+00
1.535000e-05	-2.855321e-02	8.408428e+00
1.536000e-05	-1.925965e-02	8.544794e+00
1.537000e-05	-2.105393e-02	8.690113e+00
1.538000e-05	1.918871e-02	8.776400e+00
1.539000e-05	-7.907831e-03	8.921142e+00
1.540000e-05	-2.349087e-02	9.050658e+00
1.541000e-05	-2.599097e-02	9.208429e+00
1.542000e-05	-1.017874e-02	9.345746e+00
1.543000e-05	4.284684e-03	9.470560e+00
1.544000e-05	-1.969865e-02	9.556297e+00
1.545000e-05	-2.522991e-02	9.699111e+00
1.546000e-05	-1.946025e-02	9.806906e+00
1.547000e-05	4.334719e-03	9.934194e+00
1.548000e-05	-5.534448e-03	1.005103e+01
1.549000e-05	-2.461231e-02	1.016279e+01
1.550000e-05	-3.027329e-02	1.022855e+01
1.551000e-05	-1.426086e-02	1.030325e+01
1.552000e-05	-3.769089e-03	1.038840e+01
1.553000e-05	-1.715642e-02	1.048113e+01
1.554000e-05	-2.855379e-02	1.059578e+01
1.555000e-05	-2.478268e-02	1.068856e+01
1.556000e-05	-5.439123e-03	1.077730e+01
1.557000e-05	-9.590350e-03	1.084695e+01
1.558000e-05	-2.251236e-02	1.088114e+01
1.559000e-05	-3.165590e-02	1.095424e+01
1.560000e-05	-2.016293e-02	1.099745e+01
1.561000e-05	-1.085687e-02	1.101808e+01
1.562000e-05	-1.912787e-02	1.114321e+01
1.563000e-05	-3.276887e-02	1.114380e+01
1.564000e-05	-3.037984e-02	1.116535e+01
1.565000e-05	-1.669060e-02	1.123750e+01
1.566000e-05	-1.637418e-02	1.128058e+01
1.567000e-05	-2.550824e-02	1.133101e+01
1.568000e-05	-3.415587e-02	1.133265e+01
1.569000e-05	-2.741377e-02	1.138486e+01
1.570000e-05	-2.065467e-02	1.141645e+01
1.571000e-05	-2.551581e-02	1.142546e+01
1.572000e-05	-3.757753e-02	1.143738e+01
1.573000e-05	-3.882945e-02	1.142646e+01
1.574000e-05	-2.809108e-02	1.140804e+01
1.575000e-05	-2.436854e-02	1.145653e+01
1.576000e-05	-3.130507e-02	1.141586e+01
1.577000e-05	-4.001517e-02	1.146545e+01
1.578000e-05	-3.705233e-02	1.141643e+01
1.579000e-05	-3.160099e-02	1.141388e+01
1.580000e-05	-3.366196e-02	1.137427e+01
1.581000e-05	-4.374446e-02	1.132012e+01
1.582000e-05	-4.661164e-02	1.128946e+01
1.583000e-05	-3.908377e-02	1.124953e+01
1.584000e-05	-3.432674e-02	1.120742e+01
1.585000e-05	-3.801634e-02	1.113475e+01
1.586000e-05	-4.504623e-02	1.110472e+01
1.587000e-05	-4.407018e-02	1.109166e+01
1.588000e-05	-3.704202e-02	1.103004e+01
1.589000e-05	-3.669650e-02	1.096390e+01
1.590000e-05	-4.188577e-02	1.093319e+01
1.591000e-05	-4.528050e-02	1.088101e+01
1.592000e-05	-3.933779e-02	1.076995e+01
1.593000e-05	-3.314367e-02	1.070474e+01
1.594000e-05	-3.320329e-02	1.063759e+01
1.595000e-05	-3.704671e-02	1.054365e+01
1.596000e-05	-3.514626e-02	1.042854e+01
1.597000e-05	-2.794417e-02	1.041375e+01
1.598000e-05	-2.579271e-02	1.029111e+01
1.599000e-05	-2.955041e-02	1.016588e+01
1.600000e-05	-3.232965e-02	1.011259e+01
1.601000e-05	-2.929600e-02	9.977900e+00
1.602000e-05	-2.173606e-02	9.890715e+00
1.603000e-05	-2.223510e-02	9.733696e+00
1.604000e-05	-2.403763e-02	9.628850e+00
1.605000e-05	-2.514488e-02	9.503266e+00
1.606000e-05	-1.755364e-02	9.396482e+00
1.607000e-05	-1.565651e-02	9.291167e+00
1.608000e-05	-1.823732e-02	9.147397e+00
1.609000e-05	-2.320230e-02	9.036511e+00
1.610000e-05	-2.032592e-02	8.851058e+00
1.611000e-05	-1.587351e-02	8.744295e+00
1.612000e-05	-1.389327e-02	8.607430e+00
1.613000e-05	-1.761033e-02	8.481213e+00
1.614000e-05	-1.749374e-02	8.346297e+00
1.615000e-05	-1.359468e-02	8.228961e+00
1.616000e-05	-9.622018e-03	8.060107e+00
1.617000e-05	-1.132055e-02	7.871068e+00
1.618000e-05	-1.557845e-02	7.723240e+00
1.619000e-05	-1.428997e-02	7.566853e+00
1.620000e-05	-1.068893e-02	7.377406e+00
1.621000e-05	-1.041876e-02	7.196526e+00
1.622000e-05	-1.228904e-02	7.030087e+00
1.623000e-05	-1.340310e-02	6.852185e+00
1.624000e-05	-1.161042e-02	6.745140e+00
1.625000e-05	-7.794982e-03	6.493645e+00
1.626000e-05	-6.734437e-03	6.325371e+00
1.627000e-05	-9.929635e-03	6.147422e+00
1.628000e-05	-1.192130e-02	5.999056e+00
1.629000e-05	-9.292152e-03	5.820010e+00
1.630000e-05	-5.933228e-03	5.619979e+00
1.631000e-05	-8.490977e-03	5.470505e+00
1.632000e-05	-1.155255e-02	5.269031e+00
1.633000e-05	-1.085244e-02	5.009877e+00
1.634000e-05	-6.848745e-03	4.797820e+00
1.635000e-05	-5.177298e-03	4.556875e+00
1.636000e-05	-6.991271e-03	4.419504e+00
1.637000e-05	-9.213593e-03	4.207459e+00
1.638000e-05	-7.099481e-03	3.987921e+00
1.639000e-05	-5.359508e-03	3.798025e+00
1.640000e-05	-6.738199e-03	3.629979e+00
1.641000e-05	-8.954807e-03	3.388476e+00
1.642000e-05	-9.616114e-03	3.177896e+00
1.643000e-05	-6.375085e-03	2.988470e+00
1.644000e-05	-5.447309e-03	2.788979e+00
1.645000e-05	-5.260207e-03	2.578497e+00
1.646000e-05	-7.169019e-03	2.356850e+00
1.647000e-05	-5.246758e-03	2.148793e+00
1.648000e-05	-4.387099e-03	1.957924e+00
1.649000e-05	-4.767506e-03	1.767821e+00
1.650000e-05	-7.010783e-03	1.504843e+00
1.651000e-05	-7.257088e-03	1.324763e+00
1.652000e-05	-5.736112e-03	1.073635e+00
1.653000e-05	-4.792547e-03	8.195253e-01
1.654000e-05	-4.394317e-03	6.309290e-01
1.655000e-05	-4.913786e-03	4.205539e-01
1.656000e-05	-3.677579e-03	1.899515e-01
1.657000e-05	-2.687914e-03	-2.205038e-02
1.658000e-05	3.127276e-03	-2.211013e-01
1.659000e-05	3.381497e-04	-3.999986e-01
1.660000e-05	-3.886007e-03	-5.900251e-01
1.661000e-05	-1.656046e-03	-8.110015e-01
1.662000e-05	-2.228115e-03	-1.011023e+00
1.663000e-05	-1.267299e-03	-1.189373e+00
1.664000e-05	8.207030e-04	-1.430549e+00
1.665000e-05	3.190251e-02	-1.631000e+00
1.666000e-05	8.402165e-02	-1.820474e+00
1.667000e-05	-4.195276e-02	-2.154365e+00
1.668000e-05	-2.065384e-02	-2.481682e+00
1.669000e-05	-6.401015e-02	-2.643084e+00
1.670000e-05	-7.786318e-02	-2.767395e+00
1.671000e-05	1.237837e-01	-2.810003e+00
1.672000e-05	-1.923847e-02	-3.008602e+00
1.673000e-05	-9.269998e-02	-3.345316e+00
1.674000e-05	1.767276e-01	-3.430027e+00
1.675000e-05	-1.154839e-01	-3.670603e+00
1.676000e-05	4.708110e-02	-3.928266e+00
1.677000e-05	1.037317e-01	-4.071737e+00
1.678000e-05	-1.769729e-01	-4.334813e+00
1.679000e-05	3.611634e-02	-4.441555e+00
1.680000e-05	2.924658e-02	-4.649475e+00
1.681000e-05	-1.541680e-02	-4.924213e+00
1.682000e-05	1.076615e-01	-5.071158e+00
1.683000e-05	-1.356498e-01	-5.290782e+00
1.684000e-05	6.097598e-02	-5.527295e+00
1.685000e-05	3.510214e-02	-5.692188e+00
1.686000e-05	-3.964517e-02	-5.923241e+00
1.687000e-05	4.416745e-02	-6.041578e+00
1.688000e-05	-9.495872e-02	-6.261610e+00
1.689000e-05	1.073175e-01	-6.412059e+00
1.690000e-05	-1.710507e-02	-6.648029e+00
1.691000e-05	-2.151185e-03	-6.829450e+00
1.692000e-05	2.046748e-02	-6.986749e+00
1.693000e-05	-8.800123e-02	-7.206476e+00
1.694000e-05	1.143676e-01	-7.356270e+00
1.695000e-05	-2.965457e-02	-7.501738e+00
1.696000e-05	2.103962e-02	-7.692691e+00
1.697000e-05	-1.816662e-02	-7.891064e+00
1.698000e-05	-1.375572e-02	-8.030534e+00
1.699000e-05	7.957551e-02	-8.197952e+00
1.700000e-05	-5.190901e-02	-8.353791e+00
1.701000e-05	2.646982e-02	-8.450634e+00
1.702000e-05	-4.264254e-02	-8.639058e+00
1.703000e-05	5.322344e-02	-8.776875e+00
1.704000e-05	2.559023e-02	-8.923765e+00
1.705000e-05	-1.524882e-02	-9.089484e+00
1.706000e-05	8.112721e-03	-9.146845e+00
1.707000e-05	-1.930985e-02	-9.311211e+00
1.708000e-05	5.489588e-02	-9.475561e+00
1.709000e-05	-1.040963e-02	-9.585394e+00
1.710000e-05	6.274311e-03	-9.701634e+00
1.711000e-05	-1.182207e-02	-9.806400e+00
1.712000e-05	2.663034e-02	-9.892216e+00
1.713000e-05	3.223910e-02	-1.001692e+01
1.714000e-05	-3.393830e-03	-1.011221e+01
1.715000e-05	1.192411e-05	-1.025743e+01
1.716000e-05	-3.241493e-03	-1.031524e+01
1.717000e-05	3.577502e-02	-1.042940e+01
1.718000e-05	1.322335e-02	-1.052324e+01
1.719000e-05	3.718603e-03	-1.061686e+01
1.720000e-05	-4.944292e-03	-1.068014e+01
1.721000e-05	2.106990e-02	-1.073425e+01
1.722000e-05	2.934041e-02	-1.078698e+01
1.723000e-05	1.023100e-02	-1.085006e+01
1.724000e-05	3.846162e-04	-1.091270e+01
1.725000e-05	6.353605e-03	-1.104550e+01
1.726000e-05	3.027510e-02	-1.102909e+01
1.727000e-05	2.361097e-02	-1.117259e+01
1.728000e-05	8.650473e-03	-1.118384e+01
1.729000e-05	3.089892e-03	-1.129053e+01
1.730000e-05	1.960639e-02	-1.128167e+01
1.731000e-05	3.001199e-02	-1.131174e+01
1.732000e-05	2.050326e-02	-1.137225e+01
1.733000e-05	7.709455e-03	-1.141586e+01
1.734000e-05	1.259703e-02	-1.145803e+01
1.735000e-05	2.861553e-02	-1.145768e+01
1.736000e-05	3.096152e-02	-1.148804e+01
1.737000e-05	1.722359e-02	-1.150162e+01
1.738000e-05	1.146099e-02	-1.148110e+01
1.739000e-05	2.238684e-02	-1.153274e+01
1.740000e-05	3.579493e-02	-1.150162e+01
1.741000e-05	3.071431e-02	-1.150227e+01
1.742000e-05	1.783553e-02	-1.151112e+01
1.743000e-05	2.031659e-02	-1.152174e+01
1.744000e-05	3.191920e-02	-1.149114e+01
1.745000e-05	3.833935e-02	-1.147796e+01
1.746000e-05	2.797250e-02	-1.145748e+01
1.747000e-05	2.307731e-02	-1.141640e+01
1.748000e-05	3.144002e-02	-1.139095e+01
1.749000e-05	4.211133e-02	-1.126072e+01
1.750000e-05	3.951191e-02	-1.122856e+01
1.751000e-05	2.766639e-02	-1.124351e+01
1.752000e-05	2.573088e-02	-1.116689e+01
1.753000e-05	3.437136e-02	-1.109215e+01
1.754000e-05	4.082282e-02	-1.105853e+01
1.755000e-05	3.391750e-02	-1.101595e+01
1.756000e-05	2.717243e-02	-1.091475e+01
1.757000e-05	3.025721e-02	-1.089067e+01
1.758000e-05	3.844146e-02	-1.083851e+01
1.759000e-05	3.590470e-02	-1.075685e+01
1.760000e-05	2.508665e-02	-1.070322e+01
1.761000e-05	2.054235e-02	-1.061851e+01
1.762000e-05	2.441706e-02	-1.053390e+01
1.763000e-05	2.916997e-02	-1.048906e+01
1.764000e-05	2.360673e-02	-1.037829e+01
1.765000e-05	1.598409e-02	-1.024864e+01
1.766000e-05	1.677507e-02	-1.015383e+01
1.767000e-05	2.191319e-02	-1.006863e+01
1.768000e-05	2.320612e-02	-9.913247e+00
1.769000e-05	1.494461e-02	-9.829531e+00
1.770000e-05	9.987994e-03	-9.723796e+00
1.771000e-05	1.308748e-02	-9.649561e+00
1.772000e-05	1.733574e-02	-9.512317e+00
1.773000e-05	1.370820e-02	-9.375350e+00
1.774000e-05	6.969127e-03	-9.239053e+00
1.775000e-05	6.205729e-03	-9.134793e+00
1.776000e-05	1.054456e-02	-8.995931e+00
1.777000e-05	1.436794e-02	-8.850559e+00
1.778000e-05	8.431390e-03	-8.764316e+00
1.779000e-05	4.324035e-03	-8.564350e+00
1.780000e-05	5.364430e-03	-8.389531e+00
1.781000e-05	9.491357e-03	-8.290664e+00
1.782000e-05	7.006647e-03	-8.155196e+00
1.783000e-05	2.386053e-03	-8.008001e+00
1.784000e-05	3.709583e-04	-7.778557e+00
1.785000e-05	4.441594e-03	-7.648529e+00
1.786000e-05	6.292554e-03	-7.470536e+00
1.787000e-05	4.363885e-03	-7.304215e+00
1.788000e-05	1.185077e-03	-7.125840e+00
1.789000e-05	9.908452e-04	-6.963293e+00
1.790000e-05	3.978183e-03	-6.777849e+00
1.791000e-05	3.256292e-03	-6.618430e+00
1.792000e-05	-4.584297e-04	-6.451030e+00
1.793000e-05	-3.488468e-03	-6.231064e+00
1.794000e-05	-1.082312e-03	-6.070534e+00
1.795000e-05	2.143408e-03	-5.851687e+00
1.796000e-05	1.370273e-03	-5.673219e+00
1.797000e-05	-1.141270e-03	-5.566848e+00
1.798000e-05	-2.245485e-03	-5.262260e+00
1.799000e-05	1.586388e-03	-5.111614e+00
1.800000e-05	-1.951084e-04	-4.898383e+00
1.801000e-05	-8.678831e-04	-4.588999e+00
1.802000e-05	-5.204936e-03	-4.480688e+00
1.803000e-05	-2.059908e-03	-4.304713e+00
1.804000e-05	-2.197270e-03	-4.072268e+00
1.805000e-05	-2.776504e-04	-3.925268e+00
1.806000e-05	-4.157518e-03	-3.691689e+00
1.807000e-05	-2.455217e-03	-3.492712e+00
1.808000e-05	-2.126864e-03	-3.284764e+00
1.809000e-05	-7.602676e-04	-3.145770e+00
1.810000e-05	-4.011404e-03	-2.872162e+00
1.811000e-05	-4.831727e-03	-2.703238e+00
1.812000e-05	-4.248543e-03	-2.463188e+00
1.813000e-05	-3.297159e-03	-2.263208e+00
1.814000e-05	-3.537913e-03	-2.060580e+00
1.815000e-05	-4.207962e-03	-1.840607e+00
1.816000e-05	-5.190908e-03	-1.639605e+00
1.817000e-05	-4.250033e-03	-1.431083e+00
1.818000e-05	-3.062122e-03	-1.145946e+00
1.819000e-05	-4.645154e-03	-9.664961e-01
1.820000e-05	-5.057524e-03	-7.884471e-01
1.821000e-05	-4.489698e-03	-5.272921e-01
1.822000e-05	-3.672228e-03	-3.373395e-01
1.823000e-05	-3.076570e-03	-8.686567e-02
1.824000e-05	4.478104e-04	8.366020e-02
1.825000e-05	-6.605838e-04	3.263632e-01
1.826000e-05	-2.261649e-03	4.842092e-01
1.827000e-05	4.455273e-04	6.842332e-01
1.828000e-05	-3.787849e-03	8.426276e-01
1.829000e-05	-2.088705e-03	1.095635e+00
1.830000e-05	-1.225510e-03	1.336759e+00
1.831000e-05	7.972014e-03	1.535792e+00
1.832000e-05	5.031223e-02	1.778973e+00
1.833000e-05	4.168226e-02	1.969472e+00
1.834000e-05	-5.521101e-02	2.211050e+00
1.835000e-05	-3.422830e-02	2.431499e+00
1.836000e-05	-4.816456e-02	2.661586e+00
1.837000e-05	-7.271805e-02	2.809551e+00
1.838000e-05	7.592946e-02	2.945841e+00
1.839000e-05	2.588645e-02	3.157892e+00
1.840000e-05	-1.245372e-01	3.324287e+00
1.841000e-05	1.476728e-01	3.566190e+00
1.842000e-05	-3.728887e-02	3.766865e+00
1.843000e-05	-1.400702e-02	3.904291e+00
1.844000e-05	6.394816e-02	4.105289e+00
1.845000e-05	-1.041295e-01	4.376820e+00
1.846000e-05	-9.613530e-03	4.556340e+00
1.847000e-05	3.382766e-02	4.756341e+00
1.848000e-05	-1.362075e-02	4.924970e+00
1.849000e-05	2.428668e-02	5.220075e+00
1.850000e-05	-5.383523e-02	5.491133e+00
1.851000e-05	-4.275543e-04	5.608050e+00
1.852000e-05	1.749687e-02	5.799925e+00
1.853000e-05	-6.872790e-03	6.017925e+00
1.854000e-05	-1.595190e-02	6.197392e+00
1.855000e-05	-4.173954e-02	6.347367e+00
1.856000e-05	4.003384e-02	6.502711e+00
1.857000e-05	-1.115368e-02	6.734769e+00
1.858000e-05	-1.113029e-02	6.883183e+00
1.859000e-05	-1.500350e-02	7.039188e+00
1.860000e-05	-4.178889e-02	7.188454e+00
1.861000e-05	3.535497e-02	7.396895e+00
1.862000e-05	-5.420330e-03	7.587850e+00
1.863000e-05	-1.514788e-02	7.778346e+00
1.864000e-05	-2.777657e-02	8.004321e+00
1.865000e-05	-7.455116e-03	8.164742e+00
1.866000e-05	1.423698e-02	8.252084e+00
1.867000e-05	-2.258597e-02	8.397474e+00
1.868000e-05	-2.165152e-02	8.513740e+00
1.869000e-05	-2.659242e-02	8.631082e+00
1.870000e-05	1.461898e-02	8.769371e+00
1.871000e-05	2.237539e-03	8.891213e+00
1.872000e-05	-1.929031e-02	9.059535e+00
1.873000e-05	-2.715095e-02	9.208474e+00
1.874000e-05	-1.537656e-02	9.333741e+00
1.875000e-05	2.355391e-03	9.439005e+00
1.876000e-05	-1.319409e-02	9.544798e+00
1.877000e-05	-2.677506e-02	9.639562e+00
1.878000e-05	-2.159739e-02	9.817430e+00
1.879000e-05	1.522011e-03	9.891692e+00
1.880000e-05	7.231456e-04	1.004940e+01
1.881000e-05	-1.978844e-02	1.012379e+01
1.882000e-05	-3.013705e-02	1.021848e+01
1.883000e-05	-1.907511e-02	1.032209e+01
1.884000e-05	-5.954863e-03	1.038585e+01
1.885000e-05	-1.324906e-02	1.049008e+01
1.886000e-05	-2.783983e-02	1.056569e+01
1.887000e-05	-2.638821e-02	1.069806e+01
1.888000e-05	-8.993674e-03	1.075425e+01
1.889000e-05	-4.973817e-03	1.080890e+01
1.890000e-05	-1.796559e-02	1.082016e+01
1.891000e-05	-3.134722e-02	1.093535e+01
1.892000e-05	-2.381860e-02	1.097647e+01
1.893000e-05	-1.387481e-02	1.106053e+01
1.894000e-05	-1.757291e-02	1.109257e+01
1.895000e-05	-3.136978e-02	1.111379e+01
1.896000e-05	-3.199709e-02	1.117588e+01
1.897000e-05	-1.891945e-02	1.120703e+01
1.898000e-05	-1.375314e-02	1.125751e+01
1.899000e-05	-2.133085e-02	1.133254e+01
1.900000e-05	-3.304004e-02	1.137319e+01
1.901000e-05	-3.152785e-02	1.144440e+01
1.902000e-05	-2.308929e-02	1.142396e+01
1.903000e-05	-2.423348e-02	1.138597e+01
1.904000e-05	-3.446935e-02	1.140753e+01
1.905000e-05	-3.882034e-02	1.143586e+01
1.906000e-05	-3.020806e-02	1.146809e+01
1.907000e-05	-2.319873e-02	1.145754e+01
1.908000e-05	-2.770844e-02	1.143594e+01
1.909000e-05	-3.935870e-02	1.143498e+01
1.910000e-05	-4.069948e-02	1.141551e+01
1.911000e-05	-3.472445e-02	1.142431e+01
1.912000e-05	-3.342788e-02	1.135429e+01
1.913000e-05	-4.111992e-02	1.134059e+01
1.914000e-05	-4.499238e-02	1.128899e+01
1.915000e-05	-3.993223e-02	1.124748e+01
1.916000e-05	-3.398389e-02	1.118497e+01
1.917000e-05	-3.634686e-02	1.114537e+01
1.918000e-05	-4.579770e-02	1.110375e+01
1.919000e-05	-4.738822e-02	1.110257e+01
1.920000e-05	-4.106058e-02	1.103948e+01
1.921000e-05	-3.615263e-02	1.097535e+01
1.922000e-05	-3.912315e-02	1.094422e+01
1.923000e-05	-4.321362e-02	1.086159e+01
1.924000e-05	-3.941199e-02	1.079843e+01
1.925000e-05	-3.394219e-02	1.072332e+01
1.926000e-05	-3.302945e-02	1.068866e+01
1.927000e-05	-3.823408e-02	1.056290e+01
1.928000e-05	-3.806373e-02	1.042951e+01
1.929000e-05	-3.062214e-02	1.034482e+01
1.930000e-05	-2.527905e-02	1.027111e+01
1.931000e-05	-2.628237e-02	1.019635e+01
1.932000e-05	-2.982951e-02	1.011222e+01
1.933000e-05	-2.882713e-02	1.000648e+01
1.934000e-05	-2.317508e-02	9.912242e+00
1.935000e-05	-2.285636e-02	9.745829e+00
1.936000e-05	-2.555415e-02	9.677430e+00
1.937000e-05	-2.671874e-02	9.514772e+00
1.938000e-05	-2.002800e-02	9.427935e+00
1.939000e-05	-1.403699e-02	9.293239e+00
1.940000e-05	-1.461977e-02	9.158023e+00
1.941000e-05	-2.026015e-02	9.062061e+00
1.942000e-05	-2.009985e-02	8.891693e+00
1.943000e-05	-1.698988e-02	8.765897e+00
1.944000e-05	-1.438617e-02	8.619532e+00
1.945000e-05	-1.797034e-02	8.502118e+00
1.946000e-05	-1.787894e-02	8.387854e+00
1.947000e-05	-1.479189e-02	8.270087e+00
1.948000e-05	-9.447892e-03	8.060614e+00
1.949000e-05	-1.015732e-02	7.902689e+00
1.950000e-05	-1.553120e-02	7.714343e+00
1.951000e-05	-1.368514e-02	7.577932e+00
1.952000e-05	-1.306571e-02	7.417861e+00
1.953000e-05	-8.676921e-03	7.209509e+00
1.954000e-05	-1.103400e-02	7.070034e+00
1.955000e-05	-1.242168e-02	6.902141e+00
1.956000e-05	-1.143726e-02	6.736242e+00
1.957000e-05	-9.799311e-03	6.523174e+00
1.958000e-05	-8.855613e-03	6.374849e+00
1.959000e-05	-1.155861e-02	6.188004e+00
1.960000e-05	-1.123402e-02	6.031009e+00
1.961000e-05	-7.541285e-03	5.842683e+00
1.962000e-05	-5.744035e-03	5.620584e+00
1.963000e-05	-6.599784e-03	5.451060e+00
1.964000e-05	-1.047333e-02	5.283615e+00
1.965000e-05	-1.114554e-02	5.041084e+00
1.966000e-05	-9.824943e-03	4.769457e+00
1.967000e-05	-7.887698e-03	4.620480e+00
1.968000e-05	-9.686437e-03	4.440633e+00
1.969000e-05	-8.266364e-03	4.240506e+00
1.970000e-05	-5.438592e-03	3.998500e+00
1.971000e-05	-3.430512e-03	3.819532e+00
1.972000e-05	-4.793224e-03	3.651033e+00
1.973000e-05	-8.362591e-03	3.433535e+00
1.974000e-05	-9.545264e-03	3.230475e+00
1.975000e-05	-8.767017e-03	3.030507e+00
1.976000e-05	-7.244718e-03	2.810560e+00
1.977000e-05	-7.745633e-03	2.621083e+00
1.978000e-05	-6.888768e-03	2.389451e+00
1.979000e-05	-4.569051e-03	2.157876e+00
1.980000e-05	-2.934431e-03	2.029000e+00
1.981000e-05	-4.835361e-03	1.780449e+00
1.982000e-05	-6.561423e-03	1.568273e+00
1.983000e-05	-6.776274e-03	1.317948e+00
1.984000e-05	-6.242074e-03	1.125417e+00
1.985000e-05	-5.710033e-03	8.226839e-01
1.986000e-05	-6.200128e-03	6.931353e-01
1.987000e-05	-5.328254e-03	4.421803e-01
1.988000e-05	-3.843093e-03	2.426393e-01
1.989000e-05	-2.599146e-03	-1.980641e-05
1.990000e-05	2.396997e-03	-2.095211e-01
1.991000e-05	3.493556e-03	-3.473949e-01
1.992000e-05	-3.576386e-03	-5.539673e-01
1.993000e-05	4.304086e-04	-7.680001e-01
1.994000e-05	-3.888071e-03	-9.878686e-01
1.995000e-05	-1.693481e-03	-1.165866e+00
1.996000e-05	-2.452653e-03	-1.378395e+00
1.997000e-05	2.034663e-02	-1.577915e+00
1.998000e-05	8.718269e-02	-1.776470e+00
1.999000e-05	-2.053501e-02	-2.051651e+00
2.000000e-05	-2.853699e-02	-2.399023e+00
2.001000e-05	-4.837531e-02	-2.639600e+00
2.002000e-05	-8.973684e-02	-2.778469e+00
2.003000e-05	8.910549e-02	-2.799499e+00
2.004000e-05	4.200441e-02	-2.995345e+00
2.005000e-05	-1.439536e-01	-3.293133e+00
2.006000e-05	1.713285e-01	-3.421076e+00
2.007000e-05	-7.179572e-02	-3.596373e+00
2.008000e-05	-1.312070e-02	-3.875713e+00
2.009000e-05	1.429686e-01	-4.070633e+00
2.010000e-05	-1.476671e-01	-4.292161e+00
2.011000e-05	-1.796654e-02	-4.409558e+00
2.012000e-05	7.113784e-02	-4.607424e+00
2.013000e-05	-4.953540e-02	-4.850159e+00
2.014000e-05	1.236771e-01	-5.030527e+00
2.015000e-05	-1.111720e-01	-5.239080e+00
2.016000e-05	9.654686e-03	-5.535217e+00
2.017000e-05	7.657640e-02	-5.691130e+00
2.018000e-05	-5.928669e-02	-5.892662e+00
2.019000e-05	5.944164e-02	-6.029576e+00
2.020000e-05	-9.360295e-02	-6.217934e+00
2.021000e-05	7.550685e-02	-6.439608e+00
2.022000e-05	2.455874e-02	-6.607874e+00
2.023000e-05	-3.444613e-02	-6.756871e+00
2.024000e-05	5.011019e-02	-6.893288e+00
2.025000e-05	-1.024210e-01	-7.143774e+00
2.026000e-05	9.376691e-02	-7.325241e+00
2.027000e-05	3.338091e-03	-7.460157e+00
2.028000e-05	-6.049294e-03	-7.630564e+00
2.029000e-05	1.001465e-02	-7.877009e+00
2.030000e-05	-4.315611e-02	-8.037501e+00
2.031000e-05	9.120565e-02	-8.145873e+00
2.032000e-05	-4.312160e-02	-8.313665e+00
2.033000e-05	1.501843e-02	-8.498556e+00
2.034000e-05	-3.062628e-02	-8.606474e+00
2.035000e-05	2.849617e-02	-8.746421e+00
2.036000e-05	4.932928e-02	-8.862639e+00
2.037000e-05	-2.419742e-02	-9.038980e+00
2.038000e-05	1.468695e-02	-9.145297e+00
2.039000e-05	-2.666226e-02	-9.261081e+00
2.040000e-05	4.958227e-02	-9.436509e+00
2.041000e-05	2.976846e-03	-9.544872e+00
2.042000e-05	-2.352438e-03	-9.670586e+00
2.043000e-05	-5.478599e-03	-9.776347e+00
2.044000e-05	1.397901e-02	-9.891137e+00
2.045000e-05	4.140333e-02	-9.965400e+00
2.046000e-05	-3.883751e-03	-1.012969e+01
2.047000e-05	1.409704e-03	-1.022638e+01
2.048000e-05	-7.856739e-03	-1.033117e+01
2.049000e-05	3.025028e-02	-1.041743e+01
2.050000e-05	1.876429e-02	-1.052174e+01
2.051000e-05	2.533193e-03	-1.059688e+01
2.052000e-05	-2.500304e-03	-1.067058e+01
2.053000e-05	1.533983e-02	-1.072475e+01
2.054000e-05	3.375022e-02	-1.075690e+01
2.055000e-05	1.217215e-02	-1.085113e+01
2.056000e-05	1.697513e-04	-1.096169e+01
2.057000e-05	1.959860e-03	-1.098690e+01
2.058000e-05	2.657937e-02	-1.105759e+01
2.059000e-05	2.611407e-02	-1.110161e+01
2.060000e-05	8.327871e-03	-1.120330e+01
2.061000e-05	4.243148e-03	-1.123495e+01
2.062000e-05	1.757329e-02	-1.130063e+01
2.063000e-05	3.145345e-02	-1.129074e+01
2.064000e-05	2.198423e-02	-1.137222e+01
2.065000e-05	8.962810e-03	-1.140695e+01
2.066000e-05	9.916129e-03	-1.144693e+01
2.067000e-05	2.480740e-02	-1.144711e+01
2.068000e-05	3.218827e-02	-1.150001e+01
2.069000e-05	2.196106e-02	-1.150011e+01
2.070000e-05	1.206750e-02	-1.151266e+01
2.071000e-05	1.947058e-02	-1.152280e+01
2.072000e-05	3.491073e-02	-1.153230e+01
2.073000e-05	3.437474e-02	-1.154107e+01
2.074000e-05	1.945966e-02	-1.153069e+01
2.075000e-05	1.765290e-02	-1.151264e+01
2.076000e-05	2.848759e-02	-1.149969e+01
2.077000e-05	3.887415e-02	-1.142956e+01
2.078000e-05	3.179474e-02	-1.147791e+01
2.079000e-05	2.418630e-02	-1.144795e+01
2.080000e-05	2.756101e-02	-1.140493e+01
2.081000e-05	4.044389e-02	-1.136168e+01
2.082000e-05	4.196930e-02	-1.133869e+01
2.083000e-05	2.979575e-02	-1.121788e+01
2.084000e-05	2.580757e-02	-1.118640e+01
2.085000e-05	3.300488e-02	-1.112377e+01
2.086000e-05	4.151285e-02	-1.104813e+01
2.087000e-05	3.642892e-02	-1.100635e+01
2.088000e-05	2.745681e-02	-1.095285e+01
2.089000e-05	2.644900e-02	-1.091269e+01
2.090000e-05	3.554757e-02	-1.086958e+01
2.091000e-05	3.598381e-02	-1.078542e+01
2.092000e-05	2.782783e-02	-1.074169e+01
2.093000e-05	2.102449e-02	-1.062906e+01
2.094000e-05	2.460739e-02	-1.058525e+01
2.095000e-05	3.073216e-02	-1.047909e+01
2.096000e-05	2.582682e-02	-1.037680e+01
2.097000e-05	1.581623e-02	-1.027314e+01
2.098000e-05	1.398342e-02	-1.016598e+01
2.099000e-05	2.082213e-02	-1.007012e+01
2.100000e-05	2.447173e-02	-9.955300e+00
2.101000e-05	1.660725e-02	-9.871682e+00
2.102000e-05	1.072595e-02	-9.775372e+00
2.103000e-05	1.342827e-02	-9.668607e+00
2.104000e-05	1.794146e-02	-9.557251e+00
2.105000e-05	1.515054e-02	-9.395353e+00
2.106000e-05	6.713651e-03	-9.280563e+00
2.107000e-05	4.087905e-03	-9.155898e+00
2.108000e-05	8.916803e-03	-9.007980e+00
2.109000e-05	1.347068e-02	-8.881188e+00
2.110000e-05	9.561876e-03	-8.767347e+00
2.111000e-05	4.332341e-03	-8.605903e+00
2.112000e-05	5.290035e-03	-8.448633e+00
2.113000e-05	9.780397e-03	-8.291719e+00
2.114000e-05	9.027017e-03	-8.146900e+00
2.115000e-05	2.153495e-03	-8.018910e+00
2.116000e-05	-6.382035e-04	-7.856167e+00
2.117000e-05	2.310096e-03	-7.681139e+00
2.118000e-05	6.341442e-03	-7.500663e+00
2.119000e-05	4.236051e-03	-7.333592e+00
2.120000e-05	4.839041e-04	-7.156870e+00
2.121000e-05	2.186887e-04	-6.992804e+00
2.122000e-05	3.965175e-03	-6.807898e+00
2.123000e-05	4.982736e-03	-6.609029e+00
2.124000e-05	3.336541e-04	-6.439136e+00
2.125000e-05	-2.989440e-03	-6.273761e+00
2.126000e-05	-1.364438e-03	-6.090639e+00
2.127000e-05	2.485443e-03	-5.874613e+00
2.128000e-05	1.398005e-03	-5.734822e+00
2.129000e-05	-2.156715e-03	-5.587400e+00
2.130000e-05	-3.173642e-03	-5.334319e+00
2.131000e-05	1.107397e-03	-5.114792e+00
2.132000e-05	1.190652e-03	-4.880562e+00
2.133000e-05	-5.489891e-05	-4.650079e+00
2.134000e-05	-4.289185e-03	-4.463209e+00
2.135000e-05	-2.631750e-03	-4.334767e+00
2.136000e-05	-1.137537e-03	-4.176370e+00
2.137000e-05	-5.936707e-04	-3.917471e+00
2.138000e-05	-4.211991e-03	-3.746823e+00
2.139000e-05	-4.397287e-03	-3.576321e+00
2.140000e-05	-3.279644e-03	-3.334818e+00
2.141000e-05	-2.723820e-05	-3.127894e+00
2.142000e-05	-2.561672e-03	-2.882692e+00
2.143000e-05	-3.447512e-03	-2.715716e+00
2.144000e-05	-4.446912e-03	-2.493741e+00
2.145000e-05	-2.387868e-03	-2.316391e+00
2.146000e-05	-2.185292e-03	-2.081684e+00
2.147000e-05	-3.570374e-03	-1.904184e+00
2.148000e-05	-6.978761e-03	-1.674238e+00
2.149000e-05	-5.760529e-03	-1.472708e+00
2.150000e-05	-3.681979e-03	-1.178949e+00
2.151000e-05	-3.198454e-03	-9.988487e-01
2.152000e-05	-4.396636e-03	-8.088999e-01
2.153000e-05	-6.468384e-03	-5.769496e-01
2.154000e-05	-3.562272e-03	-3.563685e-01
2.155000e-05	-2.443266e-03	-1.358734e-01
2.156000e-05	1.414587e-03	4.157908e-02
2.157000e-05	-4.593002e-04	2.938368e-01
2.158000e-05	-5.049941e-03	4.651352e-01
2.159000e-05	-1.000026e-04	6.535791e-01
2.160000e-05	-2.031684e-03	7.904263e-01
2.161000e-05	-1.852359e-03	1.011051e+00
2.162000e-05	-3.064564e-03	1.283204e+00
2.163000e-05	5.731184e-03	1.464234e+00
2.164000e-05	4.096707e-02	1.710317e+00
2.165000e-05	5.849082e-02	1.945340e+00
2.166000e-05	-4.700639e-02	2.209065e+00
2.167000e-05	-3.923554e-02	2.399371e+00
2.168000e-05	-4.505427e-02	2.631999e+00
2.169000e-05	-7.204442e-02	2.759025e+00
2.170000e-05	3.670074e-02	2.895260e+00
2.171000e-05	7.613731e-02	3.126238e+00
2.172000e-05	-1.489798e-01	3.253686e+00
2.173000e-05	1.240533e-01	3.513286e+00
2.174000e-05	4.872996e-03	3.734811e+00
2.175000e-05	-4.323315e-02	3.893238e+00
2.176000e-05	7.247744e-02	4.082682e+00
2.177000e-05	-8.124970e-02	4.285263e+00
2.178000e-05	-4.264480e-02	4.493812e+00
2.179000e-05	4.743571e-02	4.714714e+00
2.180000e-05	-1.861143e-02	4.955283e+00
2.181000e-05	2.356907e-02	5.157876e+00
2.182000e-05	-4.089435e-02	5.408023e+00
2.183000e-05	-1.953364e-02	5.568396e+00
2.184000e-05	3.072632e-02	5.735818e+00
2.185000e-05	-1.377666e-02	5.946870e+00
2.186000e-05	-3.504927e-03	6.156367e+00
2.187000e-05	-5.214700e-02	6.302768e+00
2.188000e-05	3.551855e-02	6.492160e+00
2.189000e-05	4.999229e-04	6.703612e+00
2.190000e-05	-2.048238e-02	6.861608e+00
2.191000e-05	-7.501146e-03	7.040556e+00
2.192000e-05	-4.568754e-02	7.186878e+00
2.193000e-05	2.863308e-02	7.315891e+00
2.194000e-05	4.118452e-03	7.553746e+00
2.195000e-05	-1.674209e-02	7.773822e+00
2.196000e-05	-2.521263e-02	7.916714e+00
2.197000e-05	-1.174075e-02	8.083714e+00
2.198000e-05	1.528376e-02	8.240177e+00
2.199000e-05	-1.791484e-02	8.376849e+00
2.200000e-05	-2.558426e-02	8.482659e+00
2.201000e-05	-2.502682e-02	8.640454e+00
2.202000e-05	7.068452e-03	8.765324e+00
2.203000e-05	9.542991e-03	8.869533e+00
2.204000e-05	-1.911164e-02	9.008386e+00
2.205000e-05	-2.626686e-02	9.137821e+00
2.206000e-05	-1.587777e-02	9.312163e+00
2.207000e-05	1.051884e-03	9.446927e+00
2.208000e-05	-9.662637e-03	9.513794e+00
2.209000e-05	-2.803675e-02	9.631506e+00
2.210000e-05	-2.487915e-02	9.743298e+00
2.211000e-05	-3.690638e-03	9.881216e+00
2.212000e-05	4.114308e-03	9.987926e+00
2.213000e-05	-1.614880e-02	1.009264e+01
2.214000e-05	-3.094494e-02	1.018592e+01
2.215000e-05	-1.918226e-02	1.030114e+01
2.216000e-05	-6.523429e-03	1.037587e+01
2.217000e-05	-8.904929e-03	1.046848e+01
2.218000e-05	-2.861351e-02	1.054332e+01
2.219000e-05	-2.892597e-02	1.061694e+01
2.220000e-05	-1.314697e-02	1.074382e+01
2.221000e-05	-4.770611e-03	1.079695e+01
2.222000e-05	-1.639807e-02	1.086214e+01
2.223000e-05	-3.252672e-02	1.093380e+01
2.224000e-05	-2.358806e-02	1.100842e+01
2.225000e-05	-1.504613e-02	1.103958e+01
2.226000e-05	-1.061916e-02	1.109164e+01
2.227000e-05	-3.054027e-02	1.113424e+01
2.228000e-05	-3.266691e-02	1.115477e+01
2.229000e-05	-2.347970e-02	1.120692e+01
2.230000e-05	-1.609895e-02	1.123893e+01
2.231000e-05	-2.233709e-02	1.134069e+01
2.232000e-05	-3.455182e-02	1.130372e+01
2.233000e-05	-3.031254e-02	1.140535e+01
2.234000e-05	-1.960200e-02	1.140601e+01
2.235000e-05	-1.833760e-02	1.138588e+01
2.236000e-05	-3.173719e-02	1.145691e+01
2.237000e-05	-4.055544e-02	1.143593e+01
2.238000e-05	-3.473773e-02	1.142664e+01
2.239000e-05	-2.551893e-02	1.143498e+01
2.240000e-05	-2.996311e-02	1.142801e+01
2.241000e-05	-4.150110e-02	1.141698e+01
2.242000e-05	-4.090577e-02	1.143633e+01
2.243000e-05	-3.042243e-02	1.134241e+01
2.244000e-05	-2.777099e-02	1.132438e+01
2.245000e-05	-3.976241e-02	1.134212e+01
2.246000e-05	-4.819249e-02	1.129024e+01
2.247000e-05	-4.368679e-02	1.122651e+01
2.248000e-05	-3.548874e-02	1.122895e+01
2.249000e-05	-3.703112e-02	1.114338e+01
2.250000e-05	-4.673937e-02	1.114372e+01
2.251000e-05	-4.722397e-02	1.107122e+01
2.252000e-05	-3.860288e-02	1.104111e+01
2.253000e-05	-3.293533e-02	1.100595e+01
2.254000e-05	-3.921552e-02	1.091374e+01
2.255000e-05	-4.595341e-02	1.088209e+01
2.256000e-05	-4.238362e-02	1.083743e+01
2.257000e-05	-3.449721e-02	1.073482e+01
2.258000e-05	-3.150802e-02	1.067864e+01
2.259000e-05	-3.850025e-02	1.060643e+01
2.260000e-05	-3.919299e-02	1.048901e+01
2.261000e-05	-3.154182e-02	1.039635e+01
2.262000e-05	-2.468831e-02	1.027259e+01
2.263000e-05	-2.554671e-02	1.020798e+01
2.264000e-05	-3.182602e-02	1.013322e+01
2.265000e-05	-2.974327e-02	1.000748e+01
2.266000e-05	-2.225953e-02	9.902123e+00
2.267000e-05	-1.968347e-02	9.775427e+00
2.268000e-05	-2.436995e-02	9.690034e+00
2.269000e-05	-2.782573e-02	9.523296e+00
2.270000e-05	-2.204182e-02	9.419007e+00
2.271000e-05	-1.520089e-02	9.323746e+00
2.272000e-05	-1.603684e-02	9.217880e+00
2.273000e-05	-2.181081e-02	9.112690e+00
2.274000e-05	-2.060977e-02	8.914273e+00
2.275000e-05	-1.494318e-02	8.787452e+00
2.276000e-05	-1.150743e-02	8.631611e+00
2.277000e-05	-1.611616e-02	8.544193e+00
2.278000e-05	-1.912106e-02	8.379457e+00
2.279000e-05	-1.647264e-02	8.272590e+00
2.280000e-05	-1.133740e-02	8.061718e+00
2.281000e-05	-1.128103e-02	7.914349e+00
2.282000e-05	-1.396083e-02	7.765877e+00
2.283000e-05	-1.379158e-02	7.620510e+00
2.284000e-05	-1.041468e-02	7.450014e+00
2.285000e-05	-9.017959e-03	7.230010e+00
2.286000e-05	-1.229539e-02	7.093667e+00
2.287000e-05	-1.381288e-02	6.863219e+00
2.288000e-05	-1.299204e-02	6.777401e+00
2.289000e-05	-9.649547e-03	6.553902e+00
2.290000e-05	-8.510382e-03	6.397901e+00
2.291000e-05	-1.003679e-02	6.229533e+00
2.292000e-05	-1.140249e-02	6.081134e+00
2.293000e-05	-8.013880e-03	5.892639e+00
2.294000e-05	-6.562828e-03	5.692164e+00
2.295000e-05	-7.960632e-03	5.473688e+00
2.296000e-05	-1.029489e-02	5.313266e+00
2.297000e-05	-1.053564e-02	5.122665e+00
2.298000e-05	-7.691266e-03	4.810579e+00
2.299000e-05	-6.833769e-03	4.620031e+00
2.300000e-05	-8.260821e-03	4.450657e+00
2.301000e-05	-9.608581e-03	4.283563e+00
2.302000e-05	-7.802426e-03	4.040631e+00
2.303000e-05	-5.595469e-03	3.841086e+00
2.304000e-05	-6.071279e-03	3.684587e+00
2.305000e-05	-7.362818e-03	3.475238e+00
2.306000e-05	-8.799040e-03	3.220535e+00
2.307000e-05	-5.628170e-03	3.050584e+00
2.308000e-05	-7.401077e-03	2.821662e+00
2.309000e-05	-8.200259e-03	2.674288e+00
2.310000e-05	-8.573549e-03	2.379056e+00
2.311000e-05	-5.606706e-03	2.209056e+00
2.312000e-05	-3.240922e-03	2.020580e+00
2.313000e-05	-5.540294e-03	1.830588e+00
2.314000e-05	-7.362979e-03	1.589029e+00
2.315000e-05	-6.499796e-03	1.398450e+00
2.316000e-05	-3.812821e-03	1.175977e+00
2.317000e-05	-5.957109e-03	8.952567e-01
2.318000e-05	-5.876612e-03	7.262631e-01
2.319000e-05	-7.176163e-03	4.737419e-01
2.320000e-05	-4.746681e-03	3.172943e-01
2.321000e-05	-2.878211e-03	6.213277e-02
2.322000e-05	-2.346744e-05	-1.259184e-01
2.323000e-05	3.376005e-03	-3.163160e-01
2.324000e-05	-3.488892e-03	-5.367608e-01
2.325000e-05	2.320644e-03	-7.783161e-01
2.326000e-05	-3.014351e-03	-9.163158e-01
2.327000e-05	-5.731843e-04	-1.114713e+00
2.328000e-05	-4.025749e-03	-1.306367e+00
2.329000e-05	1.292110e-02	-1.558398e+00
2.330000e-05	8.001035e-02	-1.735265e+00
2.331000e-05	5.850043e-03	-2.008471e+00
2.332000e-05	-4.258918e-02	-2.346890e+00
2.333000e-05	-3.472551e-02	-2.608897e+00
2.334000e-05	-9.336097e-02	-2.745845e+00
2.335000e-05	4.770193e-02	-2.799499e+00
2.336000e-05	9.721360e-02	-2.892787e+00
2.337000e-05	-1.677235e-01	-3.263058e+00
2.338000e-05	1.252000e-01	-3.369029e+00
2.339000e-05	-1.087830e-02	-3.565265e+00
2.340000e-05	-7.170147e-02	-3.841026e+00
2.341000e-05	1.584108e-01	-4.040528e+00
2.342000e-05	-1.028255e-01	-4.240603e+00
2.343000e-05	-7.862390e-02	-4.430028e+00
2.344000e-05	1.013516e-01	-4.535791e+00
2.345000e-05	-6.244016e-02	-4.860005e+00
2.346000e-05	1.172335e-01	-5.019431e+00
2.347000e-05	-6.510340e-02	-5.206895e+00
2.348000e-05	-4.514108e-02	-5.472187e+00
2.349000e-05	1.066580e-01	-5.668906e+00
2.350000e-05	-6.880084e-02	-5.839480e+00
2.351000e-05	5.401673e-02	-5.988899e+00
2.352000e-05	-7.509852e-02	-6.196925e+00
2.353000e-05	3.205412e-02	-6.419027e+00
2.354000e-05	6.705501e-02	-6.556396e+00
2.355000e-05	-5.611518e-02	-6.745371e+00
2.356000e-05	6.697048e-02	-6.922239e+00
2.357000e-05	-9.465492e-02	-7.132288e+00
2.358000e-05	5.646775e-02	-7.312186e+00
2.359000e-05	3.991129e-02	-7.439530e+00
2.360000e-05	-3.260631e-02	-7.619528e+00
2.361000e-05	3.257404e-02	-7.835929e+00
2.362000e-05	-6.054845e-02	-7.987429e+00
2.363000e-05	8.702809e-02	-8.165772e+00
2.364000e-05	-2.074228e-02	-8.272687e+00
2.365000e-05	-8.611024e-04	-8.408452e+00
2.366000e-05	-1.049226e-02	-8.565342e+00
2.367000e-05	-1.161102e-03	-8.745345e+00
2.368000e-05	6.525468e-02	-8.862061e+00
2.369000e-05	-2.860928e-02	-9.007976e+00
2.370000e-05	1.645918e-02	-9.124292e+00
2.371000e-05	-2.574383e-02	-9.288006e+00
2.372000e-05	3.708582e-02	-9.426877e+00
2.373000e-05	1.918109e-02	-9.552144e+00
2.374000e-05	-8.705622e-03	-9.640556e+00
2.375000e-05	3.486407e-03	-9.763845e+00
2.376000e-05	3.717199e-04	-9.838533e+00
2.377000e-05	4.564915e-02	-9.945345e+00
2.378000e-05	-1.329715e-03	-1.010903e+01
2.379000e-05	1.688730e-03	-1.019325e+01
2.380000e-05	-8.498123e-03	-1.027809e+01
2.381000e-05	2.309808e-02	-1.041685e+01
2.382000e-05	2.430522e-02	-1.048116e+01
2.383000e-05	3.009790e-03	-1.059535e+01
2.384000e-05	9.179489e-04	-1.063811e+01
2.385000e-05	8.572009e-03	-1.074372e+01
2.386000e-05	3.650209e-02	-1.075585e+01
2.387000e-05	1.485974e-02	-1.083898e+01
2.388000e-05	3.520335e-03	-1.095071e+01
2.389000e-05	-9.675066e-04	-1.099383e+01
2.390000e-05	2.195070e-02	-1.101743e+01
2.391000e-05	2.587440e-02	-1.112219e+01
2.392000e-05	1.142013e-02	-1.116274e+01
2.393000e-05	4.889106e-03	-1.121543e+01
2.394000e-05	1.488406e-02	-1.127911e+01
2.395000e-05	3.076346e-02	-1.126209e+01
2.396000e-05	2.639372e-02	-1.139222e+01
2.397000e-05	1.122972e-02	-1.142740e+01
2.398000e-05	8.145168e-03	-1.146753e+01
2.399000e-05	2.037959e-02	-1.145811e+01
2.400000e-05	3.002930e-02	-1.148808e+01
2.401000e-05	2.144814e-02	-1.150214e+01
2.402000e-05	1.411984e-02	-1.150119e+01
2.403000e-05	1.950662e-02	-1.150172e+01
2.404000e-05	3.348426e-02	-1.149165e+01
2.405000e-05	3.550198e-02	-1.153117e+01
2.406000e-05	2.241977e-02	-1.149329e+01
2.407000e-05	1.755869e-02	-1.150179e+01
2.408000e-05	2.572122e-02	-1.148967e+01
2.409000e-05	3.628771e-02	-1.150053e+01
2.410000e-05	3.168066e-02	-1.147914e+01
2.411000e-05	2.380524e-02	-1.142638e+01
2.412000e-05	2.709091e-02	-1.141682e+01
2.413000e-05	3.870417e-02	-1.133172e+01
2.414000e-05	4.279853e-02	-1.133113e+01
2.415000e-05	3.235963e-02	-1.129754e+01
2.416000e-05	2.701802e-02	-1.122490e+01
2.417000e-05	3.106118e-02	-1.113032e+01
2.418000e-05	3.937012e-02	-1.107099e+01
2.419000e-05	3.643970e-02	-1.102742e+01
2.420000e-05	2.834160e-02	-1.099437e+01
2.421000e-05	2.721333e-02	-1.092226e+01
2.422000e-05	3.483970e-02	-1.088954e+01
2.423000e-05	3.735709e-02	-1.079635e+01
2.424000e-05	3.020629e-02	-1.074527e+01
2.425000e-05	2.204652e-02	-1.061956e+01
2.426000e-05	2.345992e-02	-1.059636e+01
2.427000e-05	2.836661e-02	-1.052171e+01
2.428000e-05	2.520246e-02	-1.046785e+01
2.429000e-05	1.784078e-02	-1.032007e+01
2.430000e-05	1.482508e-02	-1.017543e+01
2.431000e-05	1.982696e-02	-1.009062e+01
2.432000e-05	2.344421e-02	-9.995348e+00
2.433000e-05	1.814271e-02	-9.880589e+00
2.434000e-05	1.163318e-02	-9.765879e+00
2.435000e-05	1.104326e-02	-9.671665e+00
2.436000e-05	1.629671e-02	-9.577828e+00
2.437000e-05	1.510978e-02	-9.427981e+00
2.438000e-05	8.345761e-03	-9.311537e+00
2.439000e-05	4.312421e-03	-9.175345e+00
2.440000e-05	7.697870e-03	-9.068038e+00
2.441000e-05	1.226236e-02	-8.911719e+00
2.442000e-05	1.049060e-02	-8.795377e+00
2.443000e-05	4.661908e-03	-8.627505e+00
2.444000e-05	3.941199e-03	-8.470591e+00
2.445000e-05	8.656033e-03	-8.333842e+00
2.446000e-05	9.621417e-03	-8.195902e+00
2.447000e-05	4.117172e-03	-8.050085e+00
2.448000e-05	8.217715e-04	-7.911717e+00
2.449000e-05	2.424788e-03	-7.671171e+00
2.450000e-05	6.083329e-03	-7.533721e+00
2.451000e-05	5.181502e-03	-7.354792e+00
2.452000e-05	1.257736e-03	-7.155404e+00
2.453000e-05	1.941198e-04	-7.028052e+00
2.454000e-05	2.871635e-03	-6.849010e+00
2.455000e-05	4.606777e-03	-6.681134e+00
2.456000e-05	1.330196e-03	-6.533690e+00
2.457000e-05	-2.270191e-03	-6.334345e+00
2.458000e-05	-8.458126e-04	-6.133668e+00
2.459000e-05	1.832406e-03	-5.955296e+00
2.460000e-05	2.333171e-03	-5.724950e+00
2.461000e-05	-1.151200e-03	-5.620878e+00
2.462000e-05	-2.862411e-03	-5.396881e+00
2.463000e-05	1.526042e-04	-5.166299e+00
2.464000e-05	1.735616e-03	-4.945743e+00
2.465000e-05	-1.237004e-03	-4.690164e+00
2.466000e-05	-3.161831e-03	-4.483767e+00
2.467000e-05	-2.291337e-03	-4.356347e+00
2.468000e-05	-3.416978e-05	-4.147327e+00
2.469000e-05	-1.115455e-03	-4.027000e+00
2.470000e-05	-3.527906e-03	-3.797399e+00
2.471000e-05	-3.848839e-03	-3.576401e+00
2.472000e-05	-2.951478e-03	-3.408902e+00
2.473000e-05	-1.372775e-03	-3.176426e+00
2.474000e-05	-3.746971e-03	-2.924745e+00
2.475000e-05	-3.917089e-03	-2.757844e+00
2.476000e-05	-3.851772e-03	-2.526871e+00
2.477000e-05	-1.866688e-03	-2.367771e+00
2.478000e-05	-2.023690e-03	-2.094268e+00
2.479000e-05	-3.234856e-03	-1.915813e+00
2.480000e-05	-5.219132e-03	-1.714817e+00
2.481000e-05	-5.437598e-03	-1.555889e+00
2.482000e-05	-4.737937e-03	-1.261528e+00
2.483000e-05	-5.223868e-03	-1.049080e+00
2.484000e-05	-6.091299e-03	-8.395086e-01
2.485000e-05	-5.375178e-03	-6.304990e-01
2.486000e-05	-4.035208e-03	-3.889499e-01
2.487000e-05	-3.046685e-03	-2.215576e-01
2.488000e-05	-2.746429e-04	2.107789e-02
2.489000e-05	2.198156e-03	2.121039e-01
2.490000e-05	-4.278012e-03	4.400814e-01
2.491000e-05	8.232477e-05	6.001239e-01
2.492000e-05	-4.144624e-03	7.994749e-01
2.493000e-05	-2.891685e-03	1.007971e+00
2.494000e-05	-3.444843e-03	1.211575e+00
2.495000e-05	4.637770e-03	1.421051e+00
2.496000e-05	3.069820e-02	1.684639e+00
2.497000e-05	6.516096e-02	1.906211e+00
2.498000e-05	-3.089919e-02	2.145243e+00
2.499000e-05	-4.517903e-02	2.367418e+00
2.500000e-05	-4.191385e-02	2.589571e+00
2.501000e-05	-6.913250e-02	2.777425e+00
2.502000e-05	-2.734071e-03	2.862234e+00
2.503000e-05	1.113346e-01	3.072662e+00
2.504000e-05	-1.416542e-01	3.241633e+00
2.505000e-05	7.602890e-02	3.490655e+00
2.506000e-05	5.195150e-02	3.692663e+00
2.507000e-05	-6.668213e-02	3.852712e+00
2.508000e-05	6.935130e-02	4.009526e+00
2.509000e-05	-4.825795e-02	4.252180e+00
2.510000e-05	-7.541689e-02	4.462608e+00
2.511000e-05	5.351417e-02	4.703562e+00
2.512000e-05	-1.455839e-02	4.924592e+00
2.513000e-05	2.088793e-02	5.114296e+00
2.514000e-05	-2.351897e-02	5.387395e+00
2.515000e-05	-4.045373e-02	5.539396e+00
2.516000e-05	3.569300e-02	5.682765e+00
2.517000e-05	-1.628910e-02	5.914270e+00
2.518000e-05	3.422433e-03	6.143314e+00
2.519000e-05	-5.514566e-02	6.303113e+00
2.520000e-05	2.270074e-02	6.448935e+00
2.521000e-05	1.586921e-02	6.639560e+00
2.522000e-05	-2.201595e-02	6.850533e+00
2.523000e-05	-1.151393e-03	6.987955e+00
2.524000e-05	-4.745906e-02	7.156346e+00
2.525000e-05	1.279982e-02	7.313210e+00
2.526000e-05	1.692681e-02	7.502691e+00
2.527000e-05	-1.712624e-02	7.692267e+00
2.528000e-05	-2.192723e-02	7.940244e+00
2.529000e-05	-1.857533e-02	8.071164e+00
2.530000e-05	1.493586e-02	8.239488e+00
2.531000e-05	-7.953982e-03	8.324791e+00
2.532000e-05	-2.763676e-02	8.471582e+00
2.533000e-05	-2.589937e-02	8.597928e+00
2.534000e-05	-3.373084e-03	8.764292e+00
2.535000e-05	1.656701e-02	8.861029e+00
2.536000e-05	-1.641950e-02	9.004797e+00
2.537000e-05	-2.476183e-02	9.175273e+00
2.538000e-05	-2.016285e-02	9.292159e+00
2.539000e-05	-5.280842e-04	9.387449e+00
2.540000e-05	-2.026307e-03	9.492143e+00
2.541000e-05	-2.639123e-02	9.587925e+00
2.542000e-05	-2.524182e-02	9.741168e+00
2.543000e-05	-1.079949e-02	9.860563e+00
2.544000e-05	4.506292e-03	9.965924e+00
2.545000e-05	-1.337488e-02	1.010166e+01
2.546000e-05	-2.801017e-02	1.017590e+01
2.547000e-05	-2.386170e-02	1.025161e+01
2.548000e-05	-9.419637e-03	1.041592e+01
2.549000e-05	-5.975563e-03	1.043795e+01
2.550000e-05	-2.356335e-02	1.056371e+01
2.551000e-05	-2.870563e-02	1.063751e+01
2.552000e-05	-1.870427e-02	1.072117e+01
2.553000e-05	-5.099454e-03	1.077693e+01
2.554000e-05	-1.431215e-02	1.087103e+01
2.555000e-05	-2.753728e-02	1.090317e+01
2.556000e-05	-2.742618e-02	1.097485e+01
2.557000e-05	-1.625803e-02	1.104100e+01
2.558000e-05	-1.110439e-02	1.109216e+01
2.559000e-05	-2.497967e-02	1.113277e+01
2.560000e-05	-3.279781e-02	1.115535e+01
2.561000e-05	-2.618887e-02	1.121652e+01
2.562000e-05	-1.532813e-02	1.125903e+01
2.563000e-05	-2.053233e-02	1.129906e+01
2.564000e-05	-3.188351e-02	1.134209e+01
2.565000e-05	-3.240038e-02	1.141367e+01
2.566000e-05	-2.281698e-02	1.138340e+01
2.567000e-05	-1.943491e-02	1.138541e+01
2.568000e-05	-3.127761e-02	1.141540e+01
2.569000e-05	-3.806843e-02	1.144801e+01
2.570000e-05	-3.488610e-02	1.145747e+01
2.571000e-05	-2.635973e-02	1.142606e+01
2.572000e-05	-2.813818e-02	1.143594e+01
2.573000e-05	-3.751867e-02	1.142645e+01
2.574000e-05	-4.084080e-02	1.140638e+01
2.575000e-05	-3.469623e-02	1.137591e+01
2.576000e-05	-3.069312e-02	1.134415e+01
2.577000e-05	-3.770515e-02	1.135272e+01
2.578000e-05	-4.502312e-02	1.133157e+01
2.579000e-05	-4.369667e-02	1.129946e+01
2.580000e-05	-3.613018e-02	1.123748e+01
2.581000e-05	-3.640123e-02	1.113538e+01
2.582000e-05	-4.313974e-02	1.113435e+01
2.583000e-05	-4.627172e-02	1.109216e+01
2.584000e-05	-4.201194e-02	1.108011e+01
2.585000e-05	-3.596574e-02	1.101645e+01
2.586000e-05	-3.858117e-02	1.093477e+01
2.587000e-05	-4.353157e-02	1.092061e+01
2.588000e-05	-4.248050e-02	1.084993e+01
2.589000e-05	-3.503968e-02	1.070435e+01
2.590000e-05	-3.228262e-02	1.066016e+01
2.591000e-05	-3.583867e-02	1.059648e+01
2.592000e-05	-3.761045e-02	1.047104e+01
2.593000e-05	-3.308007e-02	1.036687e+01
2.594000e-05	-2.702062e-02	1.029327e+01
2.595000e-05	-2.649562e-02	1.022848e+01
2.596000e-05	-3.075338e-02	1.011377e+01
2.597000e-05	-2.949892e-02	1.002953e+01
2.598000e-05	-2.331851e-02	9.923802e+00
2.599000e-05	-1.910760e-02	9.783988e+00
2.600000e-05	-2.313167e-02	9.680217e+00
2.601000e-05	-2.504797e-02	9.525802e+00
2.602000e-05	-2.291715e-02	9.460014e+00
2.603000e-05	-1.703290e-02	9.344772e+00
2.604000e-05	-1.799347e-02	9.240507e+00
2.605000e-05	-2.025628e-02	9.153718e+00
2.606000e-05	-2.051581e-02	8.952753e+00
2.607000e-05	-1.637365e-02	8.817928e+00
2.608000e-05	-1.254999e-02	8.672192e+00
2.609000e-05	-1.516324e-02	8.573824e+00
2.610000e-05	-1.754441e-02	8.429531e+00
2.611000e-05	-1.751065e-02	8.313714e+00
2.612000e-05	-1.237814e-02	8.134797e+00
2.613000e-05	-1.197692e-02	7.976397e+00
2.614000e-05	-1.347209e-02	7.827405e+00
2.615000e-05	-1.461262e-02	7.619635e+00
2.616000e-05	-1.095678e-02	7.462115e+00
2.617000e-05	-8.333315e-03	7.230612e+00
2.618000e-05	-9.636434e-03	7.094264e+00
2.619000e-05	-1.275821e-02	6.944893e+00
2.620000e-05	-1.336143e-02	6.778428e+00
2.621000e-05	-9.800973e-03	6.618881e+00
2.622000e-05	-8.589711e-03	6.409004e+00
2.623000e-05	-9.252851e-03	6.240034e+00
2.624000e-05	-1.189781e-02	6.073113e+00
2.625000e-05	-9.650403e-03	5.925794e+00
2.626000e-05	-7.035839e-03	5.742767e+00
2.627000e-05	-7.204814e-03	5.526272e+00
2.628000e-05	-9.730727e-03	5.355817e+00
2.629000e-05	-1.085694e-02	5.114769e+00
2.630000e-05	-8.203579e-03	4.829136e+00
2.631000e-05	-6.681301e-03	4.672640e+00
2.632000e-05	-8.281246e-03	4.503767e+00
2.633000e-05	-9.503727e-03	4.326318e+00
2.634000e-05	-8.256342e-03	4.082113e+00
2.635000e-05	-6.126413e-03	3.874290e+00
2.636000e-05	-5.535444e-03	3.704241e+00
2.637000e-05	-7.348871e-03	3.517364e+00
2.638000e-05	-8.671846e-03	3.271114e+00
2.639000e-05	-6.419330e-03	3.073688e+00
2.640000e-05	-6.278172e-03	2.913293e+00
2.641000e-05	-6.182020e-03	2.716290e+00
2.642000e-05	-8.425177e-03	2.421609e+00
2.643000e-05	-7.363219e-03	2.243109e+00
2.644000e-05	-5.121667e-03	2.052660e+00
2.645000e-05	-4.073718e-03	1.874164e+00
2.646000e-05	-5.959041e-03	1.649060e+00
2.647000e-05	-6.236589e-03	1.390531e+00
2.648000e-05	-5.180446e-03	1.181024e+00
2.649000e-05	-3.472473e-03	9.468171e-01
2.650000e-05	-5.725911e-03	6.973432e-01
2.651000e-05	-6.922620e-03	5.363169e-01
2.652000e-05	-5.980210e-03	3.179171e-01
2.653000e-05	-3.194224e-03	8.368916e-02
2.654000e-05	-7.513739e-04	-8.578822e-02
2.655000e-05	4.782382e-03	-3.047909e-01
2.656000e-05	-4.051301e-03	-4.737579e-01
2.657000e-05	1.636267e-03	-7.663122e-01
2.658000e-05	-1.591862e-03	-9.247394e-01
2.659000e-05	1.642537e-04	-1.074759e+00
2.660000e-05	-5.156444e-03	-1.283259e+00
2.661000e-05	7.389363e-03	-1.506415e+00
2.662000e-05	6.943862e-02	-1.712761e+00
2.663000e-05	3.604394e-02	-1.976815e+00
2.664000e-05	-5.161873e-02	-2.272729e+00
2.665000e-05	-2.480182e-02	-2.566316e+00
2.666000e-05	-9.099830e-02	-2.746286e+00
2.667000e-05	6.131712e-03	-2.779474e+00
2.668000e-05	1.337290e-01	-2.871658e+00
2.669000e-05	-1.482641e-01	-3.196925e+00
2.670000e-05	6.459703e-02	-3.390524e+00
2.671000e-05	5.626083e-02	-3.514264e+00
2.672000e-05	-1.122013e-01	-3.807399e+00
2.673000e-05	1.505175e-01	-4.008451e+00
2.674000e-05	-4.579696e-02	-4.176944e+00
2.675000e-05	-1.300178e-01	-4.389473e+00
2.676000e-05	1.106811e-01	-4.473188e+00
2.677000e-05	-5.496166e-02	-4.766444e+00
2.678000e-05	8.934421e-02	-4.989921e+00
2.679000e-05	-1.155446e-02	-5.165343e+00
2.680000e-05	-9.256880e-02	-5.430183e+00
2.681000e-05	1.195491e-01	-5.618476e+00
2.682000e-05	-5.355717e-02	-5.805951e+00
2.683000e-05	3.465328e-02	-5.979399e+00
2.684000e-05	-4.255966e-02	-6.184288e+00
2.685000e-05	-1.498097e-02	-6.407448e+00
2.686000e-05	9.961552e-02	-6.554771e+00
2.687000e-05	-6.652280e-02	-6.734216e+00
2.688000e-05	6.086595e-02	-6.861584e+00
2.689000e-05	-7.116731e-02	-7.037638e+00
2.690000e-05	1.164577e-02	-7.290609e+00
2.691000e-05	7.911610e-02	-7.435925e+00
2.692000e-05	-4.771868e-02	-7.628028e+00
2.693000e-05	4.460239e-02	-7.813894e+00
2.694000e-05	-6.320492e-02	-7.994322e+00
2.695000e-05	6.574709e-02	-8.113192e+00
2.696000e-05	7.615248e-03	-8.279134e+00
2.697000e-05	-2.316640e-02	-8.397428e+00
2.698000e-05	6.782274e-03	-8.542291e+00
2.699000e-05	-2.309503e-02	-8.712192e+00
2.700000e-05	7.692595e-02	-8.840533e+00
2.701000e-05	-2.146380e-02	-8.976376e+00
2.702000e-05	1.185982e-02	-9.132165e+00
2.703000e-05	-1.892741e-02	-9.257451e+00
2.704000e-05	2.025519e-02	-9.417871e+00
2.705000e-05	3.251400e-02	-9.472636e+00
2.706000e-05	-1.667280e-02	-9.628053e+00
2.707000e-05	8.112587e-03	-9.722795e+00
2.708000e-05	-7.790442e-03	-9.828507e+00
2.709000e-05	4.726432e-02	-9.944819e+00
2.710000e-05	6.403811e-03	-1.002903e+01
2.711000e-05	1.779081e-03	-1.019372e+01
2.712000e-05	-6.924276e-03	-1.029064e+01
2.713000e-05	1.549980e-02	-1.040590e+01
2.714000e-05	3.001812e-02	-1.047059e+01
2.715000e-05	2.915129e-03	-1.057585e+01
2.716000e-05	1.079607e-03	-1.062898e+01
2.717000e-05	2.304463e-03	-1.074182e+01
2.718000e-05	3.457819e-02	-1.075732e+01
2.719000e-05	1.915833e-02	-1.084801e+01
2.720000e-05	5.591195e-03	-1.091169e+01
2.721000e-05	7.851409e-04	-1.097235e+01
2.722000e-05	1.903142e-02	-1.105743e+01
2.723000e-05	3.043722e-02	-1.108011e+01
2.724000e-05	1.339674e-02	-1.120372e+01
2.725000e-05	3.841180e-03	-1.114442e+01
2.726000e-05	9.350472e-03	-1.129206e+01
2.727000e-05	2.911885e-02	-1.129919e+01
2.728000e-05	2.676659e-02	-1.134372e+01
2.729000e-05	1.298344e-02	-1.138385e+01
2.730000e-05	9.603195e-03	-1.142738e+01
2.731000e-05	1.969196e-02	-1.140859e+01
2.732000e-05	3.280211e-02	-1.145909e+01
2.733000e-05	2.216883e-02	-1.150659e+01
2.734000e-05	1.453290e-02	-1.147171e+01
2.735000e-05	1.630950e-02	-1.152219e+01
2.736000e-05	3.236835e-02	-1.151421e+01
2.737000e-05	3.605433e-02	-1.149374e+01
2.738000e-05	2.194596e-02	-1.151127e+01
2.739000e-05	1.732402e-02	-1.154114e+01
2.740000e-05	2.444086e-02	-1.149117e+01
2.741000e-05	3.696747e-02	-1.145016e+01
2.742000e-05	3.359398e-02	-1.144943e+01
2.743000e-05	2.691562e-02	-1.140500e+01
2.744000e-05	2.798111e-02	-1.138380e+01
2.745000e-05	3.699978e-02	-1.137488e+01
2.746000e-05	4.178947e-02	-1.131924e+01
2.747000e-05	3.084498e-02	-1.126914e+01
2.748000e-05	2.515924e-02	-1.122595e+01
2.749000e-05	2.803321e-02	-1.118329e+01
2.750000e-05	4.030924e-02	-1.109071e+01
2.751000e-05	3.967576e-02	-1.107750e+01
2.752000e-05	3.276961e-02	-1.099583e+01
2.753000e-05	2.825307e-02	-1.093232e+01
2.754000e-05	3.377099e-02	-1.086059e+01
2.755000e-05	3.591573e-02	-1.084795e+01
2.756000e-05	2.908298e-02	-1.076527e+01
2.757000e-05	2.060687e-02	-1.065009e+01
2.758000e-05	2.190735e-02	-1.060648e+01
2.759000e-05	2.926622e-02	-1.052172e+01
2.760000e-05	2.862804e-02	-1.043693e+01
2.761000e-05	2.152343e-02	-1.034325e+01
2.762000e-05	1.459034e-02	-1.019451e+01
2.763000e-05	1.906393e-02	-1.008964e+01
2.764000e-05	2.070780e-02	-9.977400e+00
2.765000e-05	1.787625e-02	-9.922689e+00
2.766000e-05	9.852462e-03	-9.805402e+00
2.767000e-05	1.092829e-02	-9.711191e+00
2.768000e-05	1.688873e-02	-9.556455e+00
2.769000e-05	1.705446e-02	-9.499037e+00
2.770000e-05	1.164874e-02	-9.302242e+00
2.771000e-05	5.525905e-03	-9.157428e+00
2.772000e-05	7.851030e-03	-9.061134e+00
2.773000e-05	1.019868e-02	-8.902173e+00
2.774000e-05	9.351900e-03	-8.807904e+00
2.775000e-05	4.505878e-03	-8.630013e+00
2.776000e-05	4.112578e-03	-8.491567e+00
2.777000e-05	7.755976e-03	-8.366401e+00
2.778000e-05	9.652524e-03	-8.217503e+00
2.779000e-05	5.661211e-03	-8.041108e+00
2.780000e-05	9.149522e-04	-7.943297e+00
2.781000e-05	2.647718e-03	-7.691318e+00
2.782000e-05	5.089013e-03	-7.575377e+00
2.783000e-05	5.837719e-03	-7.404902e+00
2.784000e-05	1.236545e-03	-7.169082e+00
2.785000e-05	6.558484e-04	-7.049034e+00
2.786000e-05	2.692852e-03	-6.840035e+00
2.787000e-05	5.037567e-03	-6.663614e+00
2.788000e-05	2.028698e-03	-6.504788e+00
2.789000e-05	-1.922160e-03	-6.346897e+00
2.790000e-05	-9.232521e-04	-6.186370e+00
2.791000e-05	1.266678e-03	-5.955946e+00
2.792000e-05	2.627005e-03	-5.787929e+00
2.793000e-05	-1.679689e-03	-5.620580e+00
2.794000e-05	-2.727753e-03	-5.439007e+00
2.795000e-05	-1.150404e-03	-5.188403e+00
2.796000e-05	1.580188e-03	-4.987402e+00
2.797000e-05	-1.753355e-04	-4.672243e+00
2.798000e-05	-2.853330e-03	-4.595842e+00
2.799000e-05	-3.889894e-03	-4.399000e+00
2.800000e-05	1.773865e-04	-4.209430e+00
2.801000e-05	5.049445e-04	-4.039533e+00
2.802000e-05	-1.431865e-03	-3.850081e+00
2.803000e-05	-4.166856e-03	-3.598453e+00
2.804000e-05	-3.338142e-03	-3.420979e+00
2.805000e-05	-1.843998e-03	-3.189080e+00
2.806000e-05	-3.197146e-03	-2.977475e+00
2.807000e-05	-4.121215e-03	-2.787897e+00
2.808000e-05	-4.980102e-03	-2.600024e+00
2.809000e-05	-2.592905e-03	-2.398974e+00
2.810000e-05	-1.798635e-03	-2.136847e+00
2.811000e-05	-2.653040e-03	-1.946870e+00
2.812000e-05	-4.837966e-03	-1.765820e+00
2.813000e-05	-5.325405e-03	-1.577345e+00
2.814000e-05	-4.450722e-03	-1.265714e+00
2.815000e-05	-4.382095e-03	-1.072709e+00
2.816000e-05	-5.539491e-03	-8.826616e-01
2.817000e-05	-6.376803e-03	-6.701366e-01
2.818000e-05	-3.637730e-03	-4.000075e-01
2.819000e-05	-2.600871e-03	-2.395078e-01
2.820000e-05	-7.175805e-04	-4.168283e-02
2.821000e-05	1.925972e-03	1.770485e-01
2.822000e-05	-4.149646e-03	3.904238e-01
2.823000e-05	2.159936e-04	5.694473e-01
2.824000e-05	-3.537521e-03	7.382687e-01
2.825000e-05	-2.763292e-03	9.263682e-01
2.826000e-05	-5.906062e-03	1.198944e+00
2.827000e-05	1.669778e-03	1.418953e+00
2.828000e-05	2.233182e-02	1.632700e+00
2.829000e-05	6.862302e-02	1.893185e+00
2.830000e-05	-1.298331e-02	2.084235e+00
2.831000e-05	-5.096349e-02	2.306740e+00
2.832000e-05	-3.793009e-02	2.575393e+00
2.833000e-05	-6.213997e-02	2.747370e+00
2.834000e-05	-3.401760e-02	2.822110e+00
2.835000e-05	1.225959e-01	3.048528e+00
2.836000e-05	-1.099455e-01	3.241103e+00
2.837000e-05	1.581755e-02	3.459030e+00
2.838000e-05	9.817694e-02	3.681556e+00
2.839000e-05	-7.558129e-02	3.840053e+00
2.840000e-05	5.553969e-02	3.968551e+00
2.841000e-05	-1.034057e-02	4.200555e+00
2.842000e-05	-9.828407e-02	4.491505e+00
2.843000e-05	4.731562e-02	4.640484e+00
2.844000e-05	-7.372684e-03	4.899632e+00
2.845000e-05	9.397915e-03	5.073168e+00
2.846000e-05	-5.035431e-03	5.334316e+00
2.847000e-05	-5.254686e-02	5.527791e+00
2.848000e-05	3.509385e-02	5.682159e+00
2.849000e-05	-9.881760e-03	5.883684e+00
2.850000e-05	5.977877e-03	6.102609e+00
2.851000e-05	-4.878236e-02	6.271558e+00
2.852000e-05	5.936529e-03	6.419000e+00
2.853000e-05	2.545322e-02	6.566980e+00
2.854000e-05	-2.525262e-02	6.807948e+00
2.855000e-05	-1.021084e-03	6.956847e+00
2.856000e-05	-4.082635e-02	7.133344e+00
2.857000e-05	-4.176376e-03	7.241158e+00
2.858000e-05	2.824054e-02	7.463112e+00
2.859000e-05	-1.596230e-02	7.661039e+00
2.860000e-05	-1.759818e-02	7.870078e+00
2.861000e-05	-2.248919e-02	8.010540e+00
2.862000e-05	9.449493e-03	8.187373e+00
2.863000e-05	-4.708761e-04	8.322162e+00
2.864000e-05	-2.855184e-02	8.450482e+00
2.865000e-05	-2.348346e-02	8.567375e+00
2.866000e-05	-1.131431e-02	8.722191e+00
2.867000e-05	2.082851e-02	8.817950e+00
2.868000e-05	-1.201468e-02	8.955267e+00
2.869000e-05	-2.487823e-02	9.122218e+00
2.870000e-05	-2.294324e-02	9.250554e+00
2.871000e-05	-4.401980e-03	9.395826e+00
2.872000e-05	5.500420e-04	9.471534e+00
2.873000e-05	-2.477866e-02	9.596474e+00
2.874000e-05	-2.645300e-02	9.721616e+00
2.875000e-05	-1.365851e-02	9.849086e+00
2.876000e-05	5.986767e-03	9.984324e+00
2.877000e-05	-8.994769e-03	1.008106e+01
2.878000e-05	-2.734786e-02	1.017692e+01
2.879000e-05	-2.537188e-02	1.023951e+01
2.880000e-05	-1.023027e-02	1.035527e+01
2.881000e-05	-4.793761e-03	1.040745e+01
2.882000e-05	-2.309032e-02	1.051166e+01
2.883000e-05	-2.938219e-02	1.059540e+01
2.884000e-05	-2.127474e-02	1.070122e+01
2.885000e-05	-4.111880e-03	1.075637e+01
2.886000e-05	-1.280865e-02	1.084943e+01
2.887000e-05	-2.732707e-02	1.091169e+01
2.888000e-05	-2.816809e-02	1.096337e+01
2.889000e-05	-1.665229e-02	1.098643e+01
2.890000e-05	-1.052624e-02	1.106078e+01
2.891000e-05	-2.505137e-02	1.110422e+01
2.892000e-05	-3.263312e-02	1.115330e+01
2.893000e-05	-2.894130e-02	1.119632e+01
2.894000e-05	-1.579950e-02	1.123901e+01
2.895000e-05	-1.949786e-02	1.126851e+01
2.896000e-05	-2.824267e-02	1.130064e+01
2.897000e-05	-3.304963e-02	1.138272e+01
2.898000e-05	-2.477243e-02	1.139436e+01
2.899000e-05	-2.009606e-02	1.140443e+01
2.900000e-05	-2.858813e-02	1.143505e+01
2.901000e-05	-3.851018e-02	1.140901e+01
2.902000e-05	-3.738050e-02	1.141649e+01
2.903000e-05	-2.744825e-02	1.142053e+01
2.904000e-05	-2.730428e-02	1.144501e+01
2.905000e-05	-3.416807e-02	1.142798e+01
2.906000e-05	-3.981879e-02	1.143540e+01
2.907000e-05	-3.583850e-02	1.137493e+01
2.908000e-05	-3.111069e-02	1.141220e+01
2.909000e-05	-3.576442e-02	1.134337e+01
2.910000e-05	-4.423864e-02	1.130264e+01
2.911000e-05	-4.535745e-02	1.131856e+01
2.912000e-05	-3.845978e-02	1.120698e+01
2.913000e-05	-3.577605e-02	1.118633e+01
2.914000e-05	-4.069093e-02	1.110529e+01
2.915000e-05	-4.587531e-02	1.111169e+01
2.916000e-05	-4.292737e-02	1.106211e+01
2.917000e-05	-3.616082e-02	1.101898e+01
2.918000e-05	-3.785587e-02	1.097435e+01
2.919000e-05	-4.319490e-02	1.090219e+01
2.920000e-05	-4.430400e-02	1.085855e+01
2.921000e-05	-3.710763e-02	1.072685e+01
2.922000e-05	-3.248901e-02	1.068074e+01
2.923000e-05	-3.374597e-02	1.058801e+01
2.924000e-05	-3.703370e-02	1.053314e+01
2.925000e-05	-3.316531e-02	1.038840e+01
2.926000e-05	-2.744581e-02	1.034275e+01
2.927000e-05	-2.612177e-02	1.026148e+01
2.928000e-05	-3.013553e-02	1.016477e+01
2.929000e-05	-2.953996e-02	1.008916e+01
2.930000e-05	-2.697995e-02	9.935399e+00
2.931000e-05	-2.016350e-02	9.835957e+00
2.932000e-05	-2.181076e-02	9.732618e+00
2.933000e-05	-2.415498e-02	9.575927e+00
2.934000e-05	-2.261863e-02	9.451169e+00
2.935000e-05	-1.783403e-02	9.373871e+00
2.936000e-05	-1.715012e-02	9.251506e+00
2.937000e-05	-1.935582e-02	9.134347e+00
2.938000e-05	-2.173305e-02	9.014932e+00
2.939000e-05	-1.796715e-02	8.840453e+00
2.940000e-05	-1.420422e-02	8.731688e+00
2.941000e-05	-1.384293e-02	8.595900e+00
2.942000e-05	-1.649436e-02	8.429584e+00
2.943000e-05	-1.641130e-02	8.293747e+00
2.944000e-05	-1.335965e-02	8.174353e+00
2.945000e-05	-1.204047e-02	7.998876e+00
2.946000e-05	-1.271074e-02	7.818005e+00
2.947000e-05	-1.397741e-02	7.673138e+00
2.948000e-05	-1.331206e-02	7.533218e+00
2.949000e-05	-1.122160e-02	7.305767e+00
2.950000e-05	-1.028705e-02	7.197821e+00
2.951000e-05	-1.135615e-02	6.976848e+00
2.952000e-05	-1.207008e-02	6.830030e+00
2.953000e-05	-9.942853e-03	6.679488e+00
2.954000e-05	-9.130282e-03	6.450536e+00
2.955000e-05	-9.185900e-03	6.292210e+00
2.956000e-05	-1.067603e-02	6.123691e+00
2.957000e-05	-1.064801e-02	5.987947e+00
2.958000e-05	-9.324747e-03	5.746845e+00
2.959000e-05	-9.497629e-03	5.556846e+00
2.960000e-05	-9.218818e-03	5.407943e+00
2.961000e-05	-9.736367e-03	5.157351e+00
2.962000e-05	-8.387098e-03	4.922216e+00
2.963000e-05	-7.419840e-03	4.684242e+00
2.964000e-05	-7.326625e-03	4.513816e+00
2.965000e-05	-8.410985e-03	4.376471e+00
2.966000e-05	-9.327100e-03	4.103742e+00
2.967000e-05	-7.351121e-03	3.914268e+00
2.968000e-05	-6.333906e-03	3.736268e+00
2.969000e-05	-6.937461e-03	3.556872e+00
2.970000e-05	-8.298751e-03	3.314242e+00
2.971000e-05	-7.424664e-03	3.103818e+00
2.972000e-05	-6.254375e-03	2.937293e+00
2.973000e-05	-6.581452e-03	2.788872e+00
2.974000e-05	-7.115433e-03	2.514288e+00
2.975000e-05	-6.840350e-03	2.274189e+00
2.976000e-05	-5.492569e-03	2.083735e+00
2.977000e-05	-5.645265e-03	1.875362e+00
2.978000e-05	-5.467093e-03	1.662661e+00
2.979000e-05	-6.720807e-03	1.474109e+00
2.980000e-05	-6.193648e-03	1.231129e+00
2.981000e-05	-4.696192e-03	9.910471e-01
2.982000e-05	-4.166299e-03	7.488446e-01
2.983000e-05	-5.029635e-03	5.568681e-01
2.984000e-05	-4.985228e-03	3.684226e-01
2.985000e-05	-4.120505e-03	1.063455e-01
2.986000e-05	-2.762338e-03	-7.313689e-02
2.987000e-05	4.249981e-03	-2.331607e-01
2.988000e-05	-6.326531e-04	-4.596766e-01
2.989000e-05	2.775773e-04	-6.936844e-01
2.990000e-05	-1.824737e-03	-8.431344e-01
2.991000e-05	-4.418983e-04	-1.081678e+00
2.992000e-05	-2.220172e-03	-1.322106e+00
2.993000e-05	4.668917e-03	-1.524659e+00
2.994000e-05	5.382306e-02	-1.661612e+00
2.995000e-05	5.891844e-02	-1.881688e+00
2.996000e-05	-5.383682e-02	-2.208900e+00
2.997000e-05	-1.749867e-02	-2.524211e+00
2.998000e-05	-8.131684e-02	-2.704237e+00
2.999000e-05	-3.361668e-02	-2.788500e+00
3.000000e-05	1.433710e-01	-2.832053e+00
3.001000e-05	-1.050805e-01	-3.165791e+00
3.002000e-05	5.702322e-04	-3.378947e+00
3.003000e-05	1.143532e-01	-3.502608e+00
3.004000e-05	-1.328599e-01	-3.733866e+00
3.005000e-05	1.212856e-01	-3.978524e+00
3.006000e-05	1.706616e-02	-4.135342e+00
3.007000e-05	-1.642354e-01	-4.397369e+00
3.008000e-05	9.370677e-02	-4.492633e+00
3.009000e-05	-2.991710e-02	-4.695188e+00
3.010000e-05	4.901563e-02	-4.945473e+00
3.011000e-05	4.440414e-02	-5.093242e+00
3.012000e-05	-1.249120e-01	-5.396451e+00
3.013000e-05	1.086224e-01	-5.588901e+00
3.014000e-05	-2.411758e-02	-5.756920e+00
3.015000e-05	6.417315e-03	-5.945349e+00
3.016000e-05	-3.985708e-03	-6.122738e+00
3.017000e-05	-5.640382e-02	-6.355742e+00
3.018000e-05	1.151669e-01	-6.502271e+00
3.019000e-05	-5.760983e-02	-6.671159e+00
3.020000e-05	4.209613e-02	-6.871132e+00
3.021000e-05	-3.677706e-02	-7.026878e+00
3.022000e-05	-3.508258e-02	-7.249033e+00
3.023000e-05	1.043849e-01	-7.385473e+00
3.024000e-05	-5.076943e-02	-7.565272e+00
3.025000e-05	4.230506e-02	-7.802795e+00
3.026000e-05	-5.296190e-02	-7.923799e+00
3.027000e-05	3.515816e-02	-8.082188e+00
3.028000e-05	3.972797e-02	-8.229055e+00
3.029000e-05	-3.969872e-02	-8.385924e+00
3.030000e-05	2.044082e-02	-8.480691e+00
3.031000e-05	-3.814835e-02	-8.692642e+00
3.032000e-05	7.460281e-02	-8.889454e+00
3.033000e-05	-6.185875e-03	-8.956798e+00
3.034000e-05	2.537738e-03	-9.101192e+00
3.035000e-05	-9.147789e-03	-9.207924e+00
3.036000e-05	2.191115e-03	-9.353221e+00
3.037000e-05	4.577848e-02	-9.481113e+00
3.038000e-05	-1.827025e-02	-9.647503e+00
3.039000e-05	9.672725e-03	-9.703241e+00
3.040000e-05	-1.360800e-02	-9.827980e+00
3.041000e-05	4.191608e-02	-9.953319e+00
3.042000e-05	1.644889e-02	-1.002745e+01
3.043000e-05	5.584498e-05	-1.018387e+01
3.044000e-05	-3.738699e-03	-1.023956e+01
3.045000e-05	7.778310e-03	-1.032385e+01
3.046000e-05	3.292214e-02	-1.044863e+01
3.047000e-05	5.832023e-03	-1.055229e+01
3.048000e-05	3.444348e-03	-1.065738e+01
3.049000e-05	-9.015371e-04	-1.069019e+01
3.050000e-05	3.047987e-02	-1.075540e+01
3.051000e-05	2.225788e-02	-1.082746e+01
3.052000e-05	7.188894e-03	-1.086906e+01
3.053000e-05	1.062884e-03	-1.098330e+01
3.054000e-05	1.455279e-02	-1.102798e+01
3.055000e-05	3.048350e-02	-1.106108e+01
3.056000e-05	1.655621e-02	-1.114275e+01
3.057000e-05	5.497247e-03	-1.116635e+01
3.058000e-05	7.242509e-03	-1.128549e+01
3.059000e-05	2.473633e-02	-1.131064e+01
3.060000e-05	2.868186e-02	-1.133075e+01
3.061000e-05	1.645863e-02	-1.139390e+01
3.062000e-05	9.536984e-03	-1.143638e+01
3.063000e-05	1.870639e-02	-1.145899e+01
3.064000e-05	3.074966e-02	-1.148849e+01
3.065000e-05	2.664517e-02	-1.148962e+01
3.066000e-05	1.450755e-02	-1.149056e+01
3.067000e-05	1.476200e-02	-1.152177e+01
3.068000e-05	2.569402e-02	-1.149177e+01
3.069000e-05	3.434524e-02	-1.155104e+01
3.070000e-05	2.802305e-02	-1.153214e+01
3.071000e-05	2.030864e-02	-1.151064e+01
3.072000e-05	2.317091e-02	-1.148897e+01
3.073000e-05	3.409298e-02	-1.146114e+01
3.074000e-05	3.576187e-02	-1.148759e+01
3.075000e-05	2.761485e-02	-1.143496e+01
3.076000e-05	2.429122e-02	-1.136588e+01
3.077000e-05	3.280190e-02	-1.137388e+01
3.078000e-05	4.033339e-02	-1.135002e+01
3.079000e-05	3.728024e-02	-1.126708e+01
3.080000e-05	2.811624e-02	-1.120853e+01
3.081000e-05	2.943019e-02	-1.121175e+01
3.082000e-05	3.709340e-02	-1.109175e+01
3.083000e-05	3.946823e-02	-1.102850e+01
3.084000e-05	3.271710e-02	-1.099533e+01
3.085000e-05	2.641571e-02	-1.093374e+01
3.086000e-05	3.067015e-02	-1.090114e+01
3.087000e-05	3.506013e-02	-1.082855e+01
3.088000e-05	3.264005e-02	-1.078582e+01
3.089000e-05	2.447791e-02	-1.063202e+01
3.090000e-05	2.126968e-02	-1.061798e+01
3.091000e-05	2.654350e-02	-1.053377e+01
3.092000e-05	2.875661e-02	-1.045004e+01
3.093000e-05	2.169760e-02	-1.032377e+01
3.094000e-05	1.441068e-02	-1.024808e+01
3.095000e-05	1.789350e-02	-1.009380e+01
3.096000e-05	2.261557e-02	-1.001693e+01
3.097000e-05	2.058613e-02	-9.923241e+00
3.098000e-05	1.137494e-02	-9.817958e+00
3.099000e-05	1.019346e-02	-9.693219e+00
3.100000e-05	1.445279e-02	-9.597503e+00
3.101000e-05	1.669899e-02	-9.461117e+00
3.102000e-05	1.163897e-02	-9.343826e+00
3.103000e-05	5.235855e-03	-9.217379e+00
3.104000e-05	6.542027e-03	-9.092767e+00
3.105000e-05	1.188647e-02	-8.993773e+00
3.106000e-05	1.216188e-02	-8.789553e+00
3.107000e-05	5.493439e-03	-8.680605e+00
3.108000e-05	1.656434e-03	-8.551200e+00
3.109000e-05	6.878291e-03	-8.377429e+00
3.110000e-05	1.059083e-02	-8.217558e+00
3.111000e-05	5.536579e-03	-8.123666e+00
3.112000e-05	1.682237e-03	-7.944873e+00
3.113000e-05	3.516506e-03	-7.784747e+00
3.114000e-05	6.021819e-03	-7.607950e+00
3.115000e-05	5.434311e-03	-7.416956e+00
3.116000e-05	1.162255e-03	-7.251059e+00
3.117000e-05	1.066891e-04	-7.071587e+00
3.118000e-05	1.878684e-03	-6.891137e+00
3.119000e-05	5.342099e-03	-6.704717e+00
3.120000e-05	2.577436e-03	-6.575324e+00
3.121000e-05	-1.662966e-03	-6.399950e+00
3.122000e-05	-1.726410e-03	-6.209506e+00
3.123000e-05	2.533136e-03	-5.999476e+00
3.124000e-05	3.974104e-03	-5.829525e+00
3.125000e-05	-9.088159e-04	-5.642085e+00
3.126000e-05	-3.128194e-03	-5.470243e+00
3.127000e-05	-1.493609e-03	-5.218955e+00
3.128000e-05	3.289793e-03	-5.057430e+00
3.129000e-05	-5.564446e-04	-4.754953e+00
3.130000e-05	-1.930819e-03	-4.597900e+00
3.131000e-05	-5.386077e-03	-4.409529e+00
3.132000e-05	1.030734e-03	-4.250633e+00
3.133000e-05	-8.642406e-04	-4.062113e+00
3.134000e-05	-1.459567e-03	-3.890164e+00
3.135000e-05	-5.826879e-03	-3.620029e+00
3.136000e-05	-2.680176e-03	-3.482633e+00
3.137000e-05	-2.272509e-03	-3.240583e+00
3.138000e-05	-3.655561e-04	-3.070980e+00
3.139000e-05	-5.304344e-03	-2.778483e+00
3.140000e-05	-5.700822e-03	-2.660608e+00
3.141000e-05	-2.749661e-03	-2.417034e+00
3.142000e-05	-2.847696e-03	-2.200430e+00
3.143000e-05	-2.617288e-03	-1.978899e+00
3.144000e-05	-5.150070e-03	-1.788979e+00
3.145000e-05	-4.289864e-03	-1.608475e+00
3.146000e-05	-1.809806e-03	-1.336248e+00
3.147000e-05	-3.269052e-03	-1.115212e+00
3.148000e-05	-6.334414e-03	-8.641329e-01
3.149000e-05	-8.363367e-03	-6.926818e-01
3.150000e-05	-6.203669e-03	-4.421353e-01
3.151000e-05	-3.242440e-03	-2.626080e-01
3.152000e-05	-1.871830e-03	-8.265884e-02
3.153000e-05	2.809807e-03	1.367908e-01
3.154000e-05	-1.988213e-03	3.684474e-01
3.155000e-05	-4.012097e-04	5.688135e-01
3.156000e-05	-1.735558e-03	7.462909e-01
3.157000e-05	-4.403814e-03	9.143590e-01
3.158000e-05	-5.597202e-03	1.177342e+00
3.159000e-05	-7.737532e-04	1.357368e+00
3.160000e-05	1.542380e-02	1.590024e+00
3.161000e-05	6.312940e-02	1.860582e+00
3.162000e-05	1.006595e-02	2.062654e+00
3.163000e-05	-5.449878e-02	2.292185e+00
3.164000e-05	-3.362583e-02	2.505187e+00
3.165000e-05	-5.717431e-02	2.715293e+00
3.166000e-05	-5.755569e-02	2.832080e+00
3.167000e-05	1.148947e-01	2.988418e+00
3.168000e-05	-6.121142e-02	3.218922e+00
3.169000e-05	-4.820525e-02	3.388470e+00
3.170000e-05	1.298786e-01	3.598974e+00
3.171000e-05	-7.026505e-02	3.799451e+00
3.172000e-05	3.225477e-02	3.978320e+00
3.173000e-05	2.598913e-02	4.207967e+00
3.174000e-05	-1.091392e-01	4.432000e+00
3.175000e-05	3.018494e-02	4.599004e+00
3.176000e-05	7.672487e-03	4.840425e+00
3.177000e-05	-1.143280e-03	5.069056e+00
3.178000e-05	9.600351e-03	5.250637e+00
3.179000e-05	-5.916301e-02	5.525264e+00
3.180000e-05	2.525026e-02	5.639031e+00
3.181000e-05	-1.593643e-04	5.850109e+00
3.182000e-05	2.809355e-03	6.049580e+00
3.183000e-05	-3.597150e-02	6.239580e+00
3.184000e-05	-1.429681e-02	6.368026e+00
3.185000e-05	3.532457e-02	6.595393e+00
3.186000e-05	-2.165387e-02	6.755872e+00
3.187000e-05	-3.732824e-03	6.964767e+00
3.188000e-05	-3.133172e-02	7.125136e+00
3.189000e-05	-2.107163e-02	7.229553e+00
3.190000e-05	3.531572e-02	7.468036e+00
3.191000e-05	-1.350994e-02	7.618560e+00
3.192000e-05	-1.501498e-02	7.798429e+00
3.193000e-05	-2.601997e-02	8.011130e+00
3.194000e-05	3.346478e-03	8.155348e+00
3.195000e-05	7.200229e-03	8.291662e+00
3.196000e-05	-2.781705e-02	8.449454e+00
3.197000e-05	-2.193206e-02	8.597348e+00
3.198000e-05	-1.939354e-02	8.722689e+00
3.199000e-05	1.991152e-02	8.817947e+00
3.200000e-05	-8.006346e-03	8.963766e+00
3.201000e-05	-2.196516e-02	9.070190e+00
3.202000e-05	-2.403554e-02	9.240478e+00
3.203000e-05	-8.719536e-03	9.355820e+00
3.204000e-05	2.784705e-03	9.460632e+00
3.205000e-05	-2.022183e-02	9.566821e+00
3.206000e-05	-2.608905e-02	9.721105e+00
3.207000e-05	-1.868077e-02	9.827560e+00
3.208000e-05	4.345361e-03	9.974347e+00
3.209000e-05	-5.915947e-03	1.006956e+01
3.210000e-05	-2.421778e-02	1.017380e+01
3.211000e-05	-2.818906e-02	1.028948e+01
3.212000e-05	-1.378179e-02	1.032282e+01
3.213000e-05	-3.448667e-03	1.040890e+01
3.214000e-05	-1.842733e-02	1.051056e+01
3.215000e-05	-2.887335e-02	1.061595e+01
3.216000e-05	-2.345006e-02	1.068964e+01
3.217000e-05	-8.342584e-03	1.076492e+01
3.218000e-05	-1.169186e-02	1.082746e+01
3.219000e-05	-2.519120e-02	1.090264e+01
3.220000e-05	-2.715891e-02	1.095432e+01
3.221000e-05	-1.893519e-02	1.102593e+01
3.222000e-05	-9.670773e-03	1.106051e+01
3.223000e-05	-2.168934e-02	1.107324e+01
3.224000e-05	-3.248026e-02	1.113527e+01
3.225000e-05	-3.070114e-02	1.116485e+01
3.226000e-05	-1.884812e-02	1.125753e+01
3.227000e-05	-1.986483e-02	1.127058e+01
3.228000e-05	-2.730211e-02	1.132017e+01
3.229000e-05	-3.214433e-02	1.138372e+01
3.230000e-05	-2.415523e-02	1.134380e+01
3.231000e-05	-1.935381e-02	1.140483e+01
3.232000e-05	-2.770097e-02	1.142543e+01
3.233000e-05	-3.804036e-02	1.142698e+01
3.234000e-05	-3.929329e-02	1.145798e+01
3.235000e-05	-2.970464e-02	1.143816e+01
3.236000e-05	-2.718239e-02	1.140744e+01
3.237000e-05	-3.217264e-02	1.145601e+01
3.238000e-05	-3.868070e-02	1.140528e+01
3.239000e-05	-3.444237e-02	1.141395e+01
3.240000e-05	-3.018543e-02	1.143380e+01
3.241000e-05	-3.453081e-02	1.135170e+01
3.242000e-05	-4.434785e-02	1.128224e+01
3.243000e-05	-4.602663e-02	1.124899e+01
3.244000e-05	-3.963834e-02	1.127751e+01
3.245000e-05	-3.585860e-02	1.117640e+01
3.246000e-05	-4.005096e-02	1.118430e+01
3.247000e-05	-4.539451e-02	1.110319e+01
3.248000e-05	-4.244141e-02	1.105906e+01
3.249000e-05	-3.686226e-02	1.103748e+01
3.250000e-05	-3.680918e-02	1.096590e+01
3.251000e-05	-4.234607e-02	1.090117e+01
3.252000e-05	-4.459038e-02	1.085061e+01
3.253000e-05	-3.835212e-02	1.080843e+01
3.254000e-05	-3.347865e-02	1.070372e+01
3.255000e-05	-3.397824e-02	1.062696e+01
3.256000e-05	-3.732785e-02	1.056315e+01
3.257000e-05	-3.391310e-02	1.042656e+01
3.258000e-05	-2.789982e-02	1.032530e+01
3.259000e-05	-2.516980e-02	1.024861e+01
3.260000e-05	-2.916505e-02	1.019635e+01
3.261000e-05	-3.090050e-02	1.007116e+01
3.262000e-05	-2.743563e-02	9.957924e+00
3.263000e-05	-2.114998e-02	9.870589e+00
3.264000e-05	-2.114882e-02	9.762716e+00
3.265000e-05	-2.379520e-02	9.597928e+00
3.266000e-05	-2.410756e-02	9.502290e+00
3.267000e-05	-1.858068e-02	9.386455e+00
3.268000e-05	-1.681816e-02	9.281064e+00
3.269000e-05	-1.852739e-02	9.175318e+00
3.270000e-05	-2.133274e-02	9.027485e+00
3.271000e-05	-1.834400e-02	8.879489e+00
3.272000e-05	-1.439303e-02	8.734268e+00
3.273000e-05	-1.350526e-02	8.596997e+00
3.274000e-05	-1.710244e-02	8.461634e+00
3.275000e-05	-1.705015e-02	8.316345e+00
3.276000e-05	-1.329458e-02	8.156380e+00
3.277000e-05	-1.110153e-02	8.009507e+00
3.278000e-05	-1.256703e-02	7.869009e+00
3.279000e-05	-1.526683e-02	7.713763e+00
3.280000e-05	-1.329325e-02	7.536849e+00
3.281000e-05	-1.099539e-02	7.333341e+00
3.282000e-05	-9.727081e-03	7.146896e+00
3.283000e-05	-1.255810e-02	6.988056e+00
3.284000e-05	-1.293918e-02	6.840605e+00
3.285000e-05	-1.057119e-02	6.680663e+00
3.286000e-05	-8.818337e-03	6.501713e+00
3.287000e-05	-9.327476e-03	6.314713e+00
3.288000e-05	-1.165779e-02	6.155321e+00
3.289000e-05	-1.102219e-02	6.006898e+00
3.290000e-05	-9.033794e-03	5.758451e+00
3.291000e-05	-8.394187e-03	5.587522e+00
3.292000e-05	-9.502058e-03	5.379052e+00
3.293000e-05	-1.066549e-02	5.197050e+00
3.294000e-05	-8.653358e-03	4.954346e+00
3.295000e-05	-7.614782e-03	4.735341e+00
3.296000e-05	-7.362453e-03	4.567346e+00
3.297000e-05	-1.034130e-02	4.386976e+00
3.298000e-05	-8.584670e-03	4.157249e+00
3.299000e-05	-6.435589e-03	3.966823e+00
3.300000e-05	-5.364206e-03	3.767868e+00
3.301000e-05	-6.377514e-03	3.578400e+00
3.302000e-05	-8.874227e-03	3.387377e+00
3.303000e-05	-7.445533e-03	3.137368e+00
3.304000e-05	-5.684735e-03	2.958372e+00
3.305000e-05	-6.055197e-03	2.799099e+00
3.306000e-05	-7.310200e-03	2.529318e+00
3.307000e-05	-6.578744e-03	2.315414e+00
3.308000e-05	-5.681549e-03	2.137289e+00
3.309000e-05	-3.755390e-03	1.937321e+00
3.310000e-05	-4.645938e-03	1.725342e+00
3.311000e-05	-6.693967e-03	1.445237e+00
3.312000e-05	-7.064466e-03	1.273209e+00
3.313000e-05	-5.036927e-03	1.032654e+00
3.314000e-05	-4.060420e-03	7.909062e-01
3.315000e-05	-4.861696e-03	5.994000e-01
3.316000e-05	-5.964303e-03	4.320788e-01
3.317000e-05	-4.127628e-03	1.980246e-01
3.318000e-05	-1.930741e-03	-7.168039e-02
3.319000e-05	4.482417e-03	-2.421314e-01
3.320000e-05	4.999948e-04	-4.085239e-01
3.321000e-05	-2.010392e-03	-6.324806e-01
3.322000e-05	-6.488731e-04	-8.620788e-01
3.323000e-05	1.919749e-04	-1.000504e+00
3.324000e-05	-1.280548e-03	-1.229996e+00
3.325000e-05	1.021584e-04	-1.453129e+00
3.326000e-05	3.815540e-02	-1.661027e+00
3.327000e-05	7.664091e-02	-1.861083e+00
3.328000e-05	-4.504250e-02	-2.164692e+00
3.329000e-05	-1.949536e-02	-2.453763e+00
3.330000e-05	-6.925369e-02	-2.661632e+00
3.331000e-05	-6.348108e-02	-2.787424e+00
3.332000e-05	1.334736e-01	-2.841526e+00
3.333000e-05	-4.813182e-02	-3.081585e+00
3.334000e-05	-6.249903e-02	-3.368317e+00
3.335000e-05	1.550342e-01	-3.451130e+00
3.336000e-05	-1.241546e-01	-3.691586e+00
3.337000e-05	7.414669e-02	-3.938396e+00
3.338000e-05	7.598271e-02	-4.083764e+00
3.339000e-05	-1.766736e-01	-4.346844e+00
3.340000e-05	5.598186e-02	-4.501605e+00
3.341000e-05	9.796355e-03	-4.610109e+00
3.342000e-05	5.775971e-03	-4.946793e+00
3.343000e-05	8.858941e-02	-5.071610e+00
3.344000e-05	-1.356349e-01	-5.351821e+00
3.345000e-05	7.756078e-02	-5.576372e+00
3.346000e-05	1.623852e-02	-5.745291e+00
3.347000e-05	-2.471373e-02	-5.934343e+00
3.348000e-05	2.811909e-02	-6.080107e+00
3.349000e-05	-8.501082e-02	-6.302139e+00
3.350000e-05	1.105892e-01	-6.492659e+00
3.351000e-05	-3.108241e-02	-6.660079e+00
3.352000e-05	1.314641e-02	-6.848480e+00
3.353000e-05	1.984066e-03	-7.005426e+00
3.354000e-05	-7.258977e-02	-7.198383e+00
3.355000e-05	1.136400e-01	-7.335343e+00
3.356000e-05	-3.714160e-02	-7.504741e+00
3.357000e-05	2.712831e-02	-7.753845e+00
3.358000e-05	-3.125825e-02	-7.902669e+00
3.359000e-05	1.603794e-03	-8.082110e+00
3.360000e-05	6.813423e-02	-8.196979e+00
3.361000e-05	-4.775192e-02	-8.345369e+00
3.362000e-05	2.494246e-02	-8.491711e+00
3.363000e-05	-4.220307e-02	-8.670612e+00
3.364000e-05	6.014041e-02	-8.829449e+00
3.365000e-05	1.513302e-02	-8.924844e+00
3.366000e-05	-9.894523e-03	-9.030511e+00
3.367000e-05	2.308197e-03	-9.174925e+00
3.368000e-05	-1.237612e-02	-9.290269e+00
3.369000e-05	5.182823e-02	-9.449089e+00
3.370000e-05	-1.352317e-02	-9.595875e+00
3.371000e-05	7.494395e-03	-9.722188e+00
3.372000e-05	-1.225034e-02	-9.815824e+00
3.373000e-05	3.144695e-02	-9.923789e+00
3.374000e-05	2.763620e-02	-1.000752e+01
3.375000e-05	-2.468383e-03	-1.013119e+01
3.376000e-05	-1.365153e-03	-1.023849e+01
3.377000e-05	8.871497e-05	-1.033274e+01
3.378000e-05	3.556034e-02	-1.044900e+01
3.379000e-05	1.002443e-02	-1.055229e+01
3.380000e-05	3.445900e-03	-1.065693e+01
3.381000e-05	-4.105775e-03	-1.068017e+01
3.382000e-05	2.536095e-02	-1.075532e+01
3.383000e-05	2.803696e-02	-1.083793e+01
3.384000e-05	9.883988e-03	-1.089009e+01
3.385000e-05	8.992081e-04	-1.092330e+01
3.386000e-05	1.026345e-02	-1.102494e+01
3.387000e-05	3.104895e-02	-1.106103e+01
3.388000e-05	2.076864e-02	-1.110269e+01
3.389000e-05	6.066167e-03	-1.120580e+01
3.390000e-05	4.713261e-03	-1.127406e+01
3.391000e-05	2.165343e-02	-1.131014e+01
3.392000e-05	3.101745e-02	-1.130179e+01
3.393000e-05	1.948280e-02	-1.137320e+01
3.394000e-05	7.914945e-03	-1.142643e+01
3.395000e-05	1.555025e-02	-1.141806e+01
3.396000e-05	2.940904e-02	-1.147761e+01
3.397000e-05	2.922472e-02	-1.151912e+01
3.398000e-05	1.565229e-02	-1.149904e+01
3.399000e-05	1.193047e-02	-1.151219e+01
3.400000e-05	2.477968e-02	-1.154127e+01
3.401000e-05	3.546124e-02	-1.153365e+01
3.402000e-05	2.993827e-02	-1.154312e+01
3.403000e-05	1.867455e-02	-1.149917e+01
3.404000e-05	2.325806e-02	-1.149219e+01
3.405000e-05	3.334766e-02	-1.146264e+01
3.406000e-05	3.755157e-02	-1.148059e+01
3.407000e-05	2.675518e-02	-1.147938e+01
3.408000e-05	2.328057e-02	-1.138388e+01
3.409000e-05	3.103665e-02	-1.138448e+01
3.410000e-05	4.122176e-02	-1.129967e+01
3.411000e-05	3.695959e-02	-1.130706e+01
3.412000e-05	2.749903e-02	-1.124653e+01
3.413000e-05	2.767165e-02	-1.122289e+01
3.414000e-05	3.615512e-02	-1.118165e+01
3.415000e-05	4.110880e-02	-1.104758e+01
3.416000e-05	3.226897e-02	-1.098643e+01
3.417000e-05	2.580148e-02	-1.095329e+01
3.418000e-05	2.967123e-02	-1.090119e+01
3.419000e-05	3.639117e-02	-1.083796e+01
3.420000e-05	3.410323e-02	-1.079590e+01
3.421000e-05	2.436243e-02	-1.072322e+01
3.422000e-05	2.112386e-02	-1.061803e+01
3.423000e-05	2.654430e-02	-1.054372e+01
3.424000e-05	2.915607e-02	-1.046059e+01
3.425000e-05	2.252137e-02	-1.039487e+01
3.426000e-05	1.492379e-02	-1.025764e+01
3.427000e-05	1.653987e-02	-1.016295e+01
3.428000e-05	2.213876e-02	-1.001956e+01
3.429000e-05	2.066182e-02	-9.942244e+00
3.430000e-05	1.405541e-02	-9.819534e+00
3.431000e-05	1.024342e-02	-9.743821e+00
3.432000e-05	1.429885e-02	-9.640108e+00
3.433000e-05	1.712739e-02	-9.503267e+00
3.434000e-05	1.323791e-02	-9.363877e+00
3.435000e-05	7.141359e-03	-9.241031e+00
3.436000e-05	6.187355e-03	-9.113318e+00
3.437000e-05	1.118305e-02	-8.926481e+00
3.438000e-05	1.123623e-02	-8.860605e+00
3.439000e-05	6.852337e-03	-8.743766e+00
3.440000e-05	2.869963e-03	-8.574424e+00
3.441000e-05	6.513641e-03	-8.409529e+00
3.442000e-05	9.682711e-03	-8.240134e+00
3.443000e-05	8.486148e-03	-8.151843e+00
3.444000e-05	2.095395e-03	-7.986400e+00
3.445000e-05	1.020420e-03	-7.783983e+00
3.446000e-05	4.619332e-03	-7.627006e+00
3.447000e-05	6.865273e-03	-7.428983e+00
3.448000e-05	3.291934e-03	-7.272613e+00
3.449000e-05	-1.112149e-03	-7.124793e+00
3.450000e-05	1.195516e-03	-6.924243e+00
3.451000e-05	5.098982e-03	-6.746345e+00
3.452000e-05	4.600956e-03	-6.608974e+00
3.453000e-05	-2.190163e-04	-6.409607e+00
3.454000e-05	-2.138912e-03	-6.238584e+00
3.455000e-05	9.902105e-04	-6.050084e+00
3.456000e-05	3.366870e-03	-5.840113e+00
3.457000e-05	1.716591e-04	-5.719712e+00
3.458000e-05	-2.950802e-03	-5.524843e+00
3.459000e-05	-2.291700e-03	-5.280063e+00
3.460000e-05	2.058679e-03	-5.010164e+00
3.461000e-05	6.411868e-04	-4.756008e+00
3.462000e-05	-1.080787e-03	-4.590506e+00
3.463000e-05	-3.832189e-03	-4.450581e+00
3.464000e-05	-1.298085e-03	-4.271687e+00
3.465000e-05	4.403441e-05	-4.072211e+00
3.466000e-05	-9.657539e-04	-3.905316e+00
3.467000e-05	-3.784165e-03	-3.692138e+00
3.468000e-05	-4.943158e-03	-3.462686e+00
3.469000e-05	-1.983375e-03	-3.294164e+00
3.470000e-05	-2.006839e-03	-3.074259e+00
3.471000e-05	-4.333268e-03	-2.841534e+00
3.472000e-05	-4.972114e-03	-2.683158e+00
3.473000e-05	-1.762257e-03	-2.442637e+00
3.474000e-05	-2.150640e-03	-2.271584e+00
3.475000e-05	-3.456323e-03	-2.019476e+00
3.476000e-05	-4.682117e-03	-1.780553e+00
3.477000e-05	-5.218203e-03	-1.651078e+00
3.478000e-05	-5.005516e-03	-1.399427e+00
3.479000e-05	-4.305258e-03	-1.106869e+00
3.480000e-05	-6.506813e-03	-9.258894e-01
3.481000e-05	-5.595364e-03	-7.268684e-01
3.482000e-05	-4.773834e-03	-4.843593e-01
3.483000e-05	-2.325582e-03	-2.852880e-01
3.484000e-05	-3.597010e-03	-9.471297e-02
3.485000e-05	1.670877e-03	9.483553e-02
3.486000e-05	-1.499926e-03	3.263684e-01
3.487000e-05	-1.372937e-03	4.947144e-01
3.488000e-05	-1.825394e-03	7.137871e-01
3.489000e-05	-4.121772e-03	8.516502e-01
3.490000e-05	-4.651659e-03	1.104335e+00
3.491000e-05	-8.037281e-04	1.306310e+00
3.492000e-05	1.070510e-02	1.516344e+00
3.493000e-05	5.475422e-02	1.769527e+00
3.494000e-05	3.173187e-02	2.021476e+00
3.495000e-05	-5.504841e-02	2.221029e+00
3.496000e-05	-3.303214e-02	2.493010e+00
3.497000e-05	-5.270672e-02	2.691709e+00
3.498000e-05	-6.827393e-02	2.840503e+00
3.499000e-05	8.826172e-02	2.925317e+00
3.500000e-05	-3.543248e-03	3.186945e+00
3.501000e-05	-9.921013e-02	3.365292e+00
3.502000e-05	1.433930e-01	3.557447e+00
3.503000e-05	-5.001233e-02	3.767917e+00
3.504000e-05	2.609259e-03	3.917367e+00
3.505000e-05	5.260095e-02	4.154264e+00
3.506000e-05	-1.062490e-01	4.347875e+00
3.507000e-05	3.365257e-03	4.585348e+00
3.508000e-05	2.538617e-02	4.766898e+00
3.509000e-05	-1.002836e-02	4.967554e+00
3.510000e-05	2.128474e-02	5.258930e+00
3.511000e-05	-5.649678e-02	5.460662e+00
3.512000e-05	8.733981e-03	5.608476e+00
3.513000e-05	1.203176e-02	5.819927e+00
3.514000e-05	-3.240694e-03	5.998527e+00
3.515000e-05	-2.354878e-02	6.207951e+00
3.516000e-05	-3.224901e-02	6.367818e+00
3.517000e-05	3.913226e-02	6.526292e+00
3.518000e-05	-1.381930e-02	6.763797e+00
3.519000e-05	-8.494355e-03	6.903214e+00
3.520000e-05	-1.998534e-02	7.112816e+00
3.521000e-05	-3.485490e-02	7.199001e+00
3.522000e-05	3.664409e-02	7.377424e+00
3.523000e-05	-8.435289e-03	7.626451e+00
3.524000e-05	-1.562034e-02	7.786449e+00
3.525000e-05	-2.790777e-02	7.967427e+00
3.526000e-05	-2.836800e-03	8.154825e+00
3.527000e-05	1.211881e-02	8.262208e+00
3.528000e-05	-2.347446e-02	8.396978e+00
3.529000e-05	-2.120574e-02	8.524295e+00
3.530000e-05	-2.313953e-02	8.730639e+00
3.531000e-05	1.652829e-02	8.777376e+00
3.532000e-05	-1.814708e-03	8.882160e+00
3.533000e-05	-2.243080e-02	9.069108e+00
3.534000e-05	-2.592505e-02	9.218006e+00
3.535000e-05	-1.228634e-02	9.335242e+00
3.536000e-05	3.883460e-03	9.432032e+00
3.537000e-05	-1.476844e-02	9.565393e+00
3.538000e-05	-2.584344e-02	9.659054e+00
3.539000e-05	-2.140140e-02	9.806955e+00
3.540000e-05	1.675750e-03	9.944197e+00
3.541000e-05	-2.805867e-03	1.005895e+01
3.542000e-05	-2.197105e-02	1.012327e+01
3.543000e-05	-3.005792e-02	1.022703e+01
3.544000e-05	-1.619214e-02	1.033374e+01
3.545000e-05	-5.014410e-03	1.040790e+01
3.546000e-05	-1.462771e-02	1.049861e+01
3.547000e-05	-2.844771e-02	1.055380e+01
3.548000e-05	-2.648046e-02	1.065941e+01
3.549000e-05	-9.039547e-03	1.076280e+01
3.550000e-05	-8.560119e-03	1.085790e+01
3.551000e-05	-2.141911e-02	1.089017e+01
3.552000e-05	-3.156260e-02	1.094279e+01
3.553000e-05	-2.191677e-02	1.099702e+01
3.554000e-05	-1.264748e-02	1.105953e+01
3.555000e-05	-1.783997e-02	1.109169e+01
3.556000e-05	-3.216054e-02	1.110327e+01
3.557000e-05	-3.146870e-02	1.119500e+01
3.558000e-05	-1.903910e-02	1.122735e+01
3.559000e-05	-1.708741e-02	1.121808e+01
3.560000e-05	-2.507783e-02	1.129206e+01
3.561000e-05	-3.378023e-02	1.136127e+01
3.562000e-05	-2.862817e-02	1.137628e+01
3.563000e-05	-2.059524e-02	1.139491e+01
3.564000e-05	-2.432579e-02	1.137590e+01
3.565000e-05	-3.604383e-02	1.143581e+01
3.566000e-05	-3.901568e-02	1.141604e+01
3.567000e-05	-2.959403e-02	1.140703e+01
3.568000e-05	-2.506179e-02	1.144448e+01
3.569000e-05	-3.083158e-02	1.142648e+01
3.570000e-05	-4.004642e-02	1.144556e+01
3.571000e-05	-3.753549e-02	1.142403e+01
3.572000e-05	-3.187267e-02	1.137435e+01
3.573000e-05	-3.272002e-02	1.139430e+01
3.574000e-05	-4.209410e-02	1.129112e+01
3.575000e-05	-4.578156e-02	1.128006e+01
3.576000e-05	-3.926306e-02	1.121843e+01
3.577000e-05	-3.486818e-02	1.119693e+01
3.578000e-05	-3.777895e-02	1.114540e+01
3.579000e-05	-4.614744e-02	1.111372e+01
3.580000e-05	-4.477355e-02	1.106167e+01
3.581000e-05	-3.857411e-02	1.101851e+01
3.582000e-05	-3.587606e-02	1.096385e+01
3.583000e-05	-4.158581e-02	1.089322e+01
3.584000e-05	-4.434255e-02	1.088958e+01
3.585000e-05	-3.929843e-02	1.077886e+01
3.586000e-05	-3.321548e-02	1.073325e+01
3.587000e-05	-3.227430e-02	1.066754e+01
3.588000e-05	-3.688207e-02	1.058387e+01
3.589000e-05	-3.575169e-02	1.046006e+01
3.590000e-05	-3.003982e-02	1.036479e+01
3.591000e-05	-2.594860e-02	1.029963e+01
3.592000e-05	-2.853535e-02	1.020733e+01
3.593000e-05	-3.052197e-02	1.012119e+01
3.594000e-05	-2.814882e-02	9.988379e+00
3.595000e-05	-2.115131e-02	9.870242e+00
3.596000e-05	-2.140111e-02	9.783276e+00
3.597000e-05	-2.346067e-02	9.607980e+00
3.598000e-05	-2.558865e-02	9.542717e+00
3.599000e-05	-1.965915e-02	9.406480e+00
3.600000e-05	-1.698472e-02	9.301691e+00
3.601000e-05	-1.770856e-02	9.187976e+00
3.602000e-05	-2.116858e-02	9.069535e+00
3.603000e-05	-1.987418e-02	8.870614e+00
3.604000e-05	-1.525328e-02	8.733897e+00
3.605000e-05	-1.335289e-02	8.609505e+00
3.606000e-05	-1.599392e-02	8.493236e+00
3.607000e-05	-1.835704e-02	8.357399e+00
3.608000e-05	-1.477945e-02	8.227012e+00
3.609000e-05	-1.150957e-02	8.020060e+00
3.610000e-05	-1.226679e-02	7.873239e+00
3.611000e-05	-1.654570e-02	7.755219e+00
3.612000e-05	-1.525856e-02	7.586322e+00
3.613000e-05	-1.128010e-02	7.365984e+00
3.614000e-05	-8.706767e-03	7.258504e+00
3.615000e-05	-1.141774e-02	7.061534e+00
3.616000e-05	-1.295767e-02	6.851136e+00
3.617000e-05	-1.163246e-02	6.693317e+00
3.618000e-05	-8.632190e-03	6.491716e+00
3.619000e-05	-9.144989e-03	6.325345e+00
3.620000e-05	-1.185411e-02	6.166926e+00
3.621000e-05	-1.150177e-02	6.019529e+00
3.622000e-05	-8.406339e-03	5.842056e+00
3.623000e-05	-7.402218e-03	5.588004e+00
3.624000e-05	-9.582877e-03	5.442556e+00
3.625000e-05	-1.009132e-02	5.240482e+00
3.626000e-05	-8.361659e-03	5.008476e+00
3.627000e-05	-6.979282e-03	4.777422e+00
3.628000e-05	-8.339418e-03	4.587945e+00
3.629000e-05	-1.001481e-02	4.418051e+00
3.630000e-05	-9.272980e-03	4.198630e+00
3.631000e-05	-6.727653e-03	4.018426e+00
3.632000e-05	-5.234756e-03	3.808452e+00
3.633000e-05	-6.575741e-03	3.611054e+00
3.634000e-05	-7.435605e-03	3.432433e+00
3.635000e-05	-6.065176e-03	3.198922e+00
3.636000e-05	-4.989587e-03	3.009999e+00
3.637000e-05	-6.648764e-03	2.800002e+00
3.638000e-05	-8.538620e-03	2.609452e+00
3.639000e-05	-7.900741e-03	2.329892e+00
3.640000e-05	-6.144614e-03	2.156313e+00
3.641000e-05	-4.064756e-03	1.988977e+00
3.642000e-05	-5.496276e-03	1.767847e+00
3.643000e-05	-6.049393e-03	1.517839e+00
3.644000e-05	-4.944848e-03	1.326291e+00
3.645000e-05	-3.870516e-03	1.103711e+00
3.646000e-05	-4.513451e-03	8.530565e-01
3.647000e-05	-5.702871e-03	6.300802e-01
3.648000e-05	-7.133713e-03	4.706038e-01
3.649000e-05	-4.148084e-03	2.330790e-01
3.650000e-05	-3.232966e-03	-1.007995e-02
3.651000e-05	1.520517e-03	-2.000276e-01
3.652000e-05	3.114993e-03	-3.874238e-01
3.653000e-05	-1.483216e-03	-5.865228e-01
3.654000e-05	2.082231e-03	-8.000538e-01
3.655000e-05	-1.936188e-03	-9.989236e-01
3.656000e-05	-2.342906e-03	-1.157870e+00
3.657000e-05	-2.904330e-03	-1.411575e+00
3.658000e-05	2.734314e-02	-1.609549e+00
3.659000e-05	8.402699e-02	-1.789502e+00
3.660000e-05	-3.052762e-02	-2.102689e+00
3.661000e-05	-2.705793e-02	-2.420004e+00
3.662000e-05	-5.231522e-02	-2.618052e+00
3.663000e-05	-8.009493e-02	-2.756969e+00
3.664000e-05	1.037149e-01	-2.819525e+00
3.665000e-05	1.080161e-02	-3.019972e+00
3.666000e-05	-1.125174e-01	-3.315291e+00
3.667000e-05	1.746929e-01	-3.440603e+00
3.668000e-05	-8.821206e-02	-3.617530e+00
3.669000e-05	1.372348e-02	-3.934768e+00
3.670000e-05	1.210841e-01	-4.073135e+00
3.671000e-05	-1.596532e-01	-4.283238e+00
3.672000e-05	7.609552e-03	-4.432004e+00
3.673000e-05	4.993219e-02	-4.646546e+00
3.674000e-05	-3.287279e-02	-4.924163e+00
3.675000e-05	1.153770e-01	-5.051660e+00
3.676000e-05	-1.190849e-01	-5.278117e+00
3.677000e-05	3.075165e-02	-5.556391e+00
3.678000e-05	5.529381e-02	-5.701637e+00
3.679000e-05	-5.026688e-02	-5.914738e+00
3.680000e-05	5.085810e-02	-6.028077e+00
3.681000e-05	-9.180393e-02	-6.270162e+00
3.682000e-05	8.673665e-02	-6.461555e+00
3.683000e-05	5.246179e-03	-6.617956e+00
3.684000e-05	-1.844013e-02	-6.817980e+00
3.685000e-05	3.595141e-02	-6.901848e+00
3.686000e-05	-9.429011e-02	-7.195823e+00
3.687000e-05	1.001108e-01	-7.353892e+00
3.688000e-05	-1.001168e-02	-7.511661e+00
3.689000e-05	4.899059e-03	-7.692633e+00
3.690000e-05	-2.071615e-03	-7.861188e+00
3.691000e-05	-3.018593e-02	-8.049429e+00
3.692000e-05	8.389119e-02	-8.195445e+00
3.693000e-05	-4.321795e-02	-8.323816e+00
3.694000e-05	1.949950e-02	-8.439613e+00
3.695000e-05	-3.434713e-02	-8.618982e+00
3.696000e-05	3.668507e-02	-8.766349e+00
3.697000e-05	3.844492e-02	-8.902667e+00
3.698000e-05	-1.796662e-02	-9.039033e+00
3.699000e-05	1.242919e-02	-9.174822e+00
3.700000e-05	-2.258449e-02	-9.291657e+00
3.701000e-05	4.872939e-02	-9.467556e+00
3.702000e-05	-2.975170e-03	-9.575795e+00
3.703000e-05	1.255576e-03	-9.710157e+00
3.704000e-05	-6.983035e-03	-9.775374e+00
3.705000e-05	1.781669e-02	-9.890662e+00
3.706000e-05	3.762466e-02	-9.996397e+00
3.707000e-05	-2.129207e-03	-1.008229e+01
3.708000e-05	2.508411e-03	-1.021593e+01
3.709000e-05	-5.195634e-03	-1.032177e+01
3.710000e-05	3.217820e-02	-1.042845e+01
3.711000e-05	1.610168e-02	-1.052277e+01
3.712000e-05	3.946980e-03	-1.056600e+01
3.713000e-05	-2.403175e-03	-1.065956e+01
3.714000e-05	1.767999e-02	-1.075282e+01
3.715000e-05	3.180205e-02	-1.076743e+01
3.716000e-05	1.266705e-02	-1.087958e+01
3.717000e-05	1.937552e-03	-1.097224e+01
3.718000e-05	5.688839e-03	-1.099691e+01
3.719000e-05	2.713114e-02	-1.103858e+01
3.720000e-05	2.406905e-02	-1.111159e+01
3.721000e-05	8.385823e-03	-1.116537e+01
3.722000e-05	4.317834e-03	-1.123838e+01
3.723000e-05	1.749368e-02	-1.127224e+01
3.724000e-05	3.008579e-02	-1.128967e+01
3.725000e-05	2.183347e-02	-1.134290e+01
3.726000e-05	1.009818e-02	-1.137480e+01
3.727000e-05	1.349133e-02	-1.145706e+01
3.728000e-05	2.653609e-02	-1.142758e+01
3.729000e-05	3.074191e-02	-1.148808e+01
3.730000e-05	1.854975e-02	-1.149164e+01
3.731000e-05	1.224966e-02	-1.149015e+01
3.732000e-05	2.117221e-02	-1.149082e+01
3.733000e-05	3.457912e-02	-1.154320e+01
3.734000e-05	3.087598e-02	-1.151114e+01
3.735000e-05	2.024349e-02	-1.152117e+01
3.736000e-05	2.100634e-02	-1.151107e+01
3.737000e-05	2.990537e-02	-1.148114e+01
3.738000e-05	3.831926e-02	-1.147911e+01
3.739000e-05	2.903545e-02	-1.144844e+01
3.740000e-05	2.310046e-02	-1.141595e+01
3.741000e-05	2.800194e-02	-1.135335e+01
3.742000e-05	4.044309e-02	-1.132219e+01
3.743000e-05	4.046716e-02	-1.128971e+01
3.744000e-05	2.924142e-02	-1.123501e+01
3.745000e-05	2.622037e-02	-1.115285e+01
3.746000e-05	3.421953e-02	-1.113132e+01
3.747000e-05	4.205170e-02	-1.104145e+01
3.748000e-05	3.550415e-02	-1.102690e+01
3.749000e-05	2.499361e-02	-1.100382e+01
3.750000e-05	2.648119e-02	-1.091064e+01
3.751000e-05	3.576610e-02	-1.083046e+01
3.752000e-05	3.671685e-02	-1.078485e+01
3.753000e-05	2.547341e-02	-1.072229e+01
3.754000e-05	1.919428e-02	-1.060900e+01
3.755000e-05	2.540197e-02	-1.055535e+01
3.756000e-05	3.092916e-02	-1.051156e+01
3.757000e-05	2.560232e-02	-1.035530e+01
3.758000e-05	1.585834e-02	-1.031909e+01
3.759000e-05	1.429408e-02	-1.016283e+01
3.760000e-05	2.174969e-02	-1.005803e+01
3.761000e-05	2.295905e-02	-9.954848e+00
3.762000e-05	1.561585e-02	-9.858558e+00
3.763000e-05	8.379617e-03	-9.742847e+00
3.764000e-05	1.186488e-02	-9.630081e+00
3.765000e-05	1.800349e-02	-9.503745e+00
3.766000e-05	1.608262e-02	-9.374906e+00
3.767000e-05	7.138999e-03	-9.250511e+00
3.768000e-05	5.091202e-03	-9.112767e+00
3.769000e-05	9.962197e-03	-9.005479e+00
3.770000e-05	1.415084e-02	-8.859112e+00
3.771000e-05	8.451977e-03	-8.733745e+00
3.772000e-05	3.395183e-03	-8.575428e+00
3.773000e-05	4.696260e-03	-8.408556e+00
3.774000e-05	1.036658e-02	-8.250716e+00
3.775000e-05	9.212712e-03	-8.156821e+00
3.776000e-05	2.710553e-03	-8.039432e+00
3.777000e-05	7.011449e-04	-7.829561e+00
3.778000e-05	3.932350e-03	-7.620134e+00
3.779000e-05	7.027275e-03	-7.471085e+00
3.780000e-05	4.180679e-03	-7.343117e+00
3.781000e-05	-3.041122e-04	-7.125276e+00
3.782000e-05	-4.211747e-04	-6.934820e+00
3.783000e-05	3.863154e-03	-6.786425e+00
3.784000e-05	4.700537e-03	-6.628951e+00
3.785000e-05	3.669612e-05	-6.461163e+00
3.786000e-05	-2.444385e-03	-6.292165e+00
3.787000e-05	7.424554e-05	-6.080638e+00
3.788000e-05	3.955861e-03	-5.841609e+00
3.789000e-05	1.618383e-03	-5.662741e+00
3.790000e-05	-2.343503e-03	-5.566423e+00
3.791000e-05	-3.041043e-03	-5.290763e+00
3.792000e-05	8.997961e-04	-5.053164e+00
3.793000e-05	8.841531e-04	-4.821506e+00
3.794000e-05	-8.402068e-04	-4.649556e+00
3.795000e-05	-4.452586e-03	-4.471135e+00
3.796000e-05	-2.750579e-03	-4.303217e+00
3.797000e-05	1.159574e-03	-4.095417e+00
3.798000e-05	2.635407e-04	-3.965396e+00
3.799000e-05	-4.406520e-03	-3.702197e+00
3.800000e-05	-5.619970e-03	-3.503816e+00
3.801000e-05	-2.457508e-03	-3.323816e+00
3.802000e-05	-5.967863e-04	-3.135818e+00
3.803000e-05	-3.871338e-03	-2.883185e+00
3.804000e-05	-6.412951e-03	-2.703263e+00
3.805000e-05	-4.158984e-03	-2.483663e+00
3.806000e-05	-1.450306e-03	-2.265165e+00
3.807000e-05	-1.570490e-03	-2.050056e+00
3.808000e-05	-4.966359e-03	-1.882632e+00
3.809000e-05	-6.006507e-03	-1.664659e+00
3.810000e-05	-5.727205e-03	-1.442030e+00
3.811000e-05	-3.122433e-03	-1.147851e+00
3.812000e-05	-6.075317e-03	-1.007472e+00
3.813000e-05	-8.074810e-03	-7.694711e-01
3.814000e-05	-5.333412e-03	-5.559182e-01
3.815000e-05	-2.981169e-03	-3.263157e-01
3.816000e-05	-3.477951e-04	-1.362932e-01
3.817000e-05	1.574080e-03	4.113034e-02
3.818000e-05	-6.189160e-04	3.147306e-01
3.819000e-05	-2.467035e-03	4.836893e-01
3.820000e-05	-1.124662e-03	6.641855e-01
3.821000e-05	-5.345783e-03	8.205540e-01
3.822000e-05	-5.450013e-03	1.063138e+00
3.823000e-05	-3.045523e-03	1.294789e+00
3.824000e-05	7.249232e-03	1.495687e+00
3.825000e-05	4.892746e-02	1.737419e+00
3.826000e-05	4.974869e-02	1.946920e+00
3.827000e-05	-4.826639e-02	2.189473e+00
3.828000e-05	-3.654183e-02	2.440008e+00
3.829000e-05	-4.791146e-02	2.691110e+00
3.830000e-05	-7.512349e-02	2.810475e+00
3.831000e-05	5.375577e-02	2.884813e+00
3.832000e-05	5.013585e-02	3.124841e+00
3.833000e-05	-1.326460e-01	3.284235e+00
3.834000e-05	1.324386e-01	3.503335e+00
3.835000e-05	-1.160236e-02	3.746316e+00
3.836000e-05	-2.670520e-02	3.933712e+00
3.837000e-05	6.729567e-02	4.103659e+00
3.838000e-05	-9.022196e-02	4.325395e+00
3.839000e-05	-2.857510e-02	4.555741e+00
3.840000e-05	3.981006e-02	4.744867e+00
3.841000e-05	-1.487460e-02	4.974998e+00
3.842000e-05	2.468179e-02	5.218500e+00
3.843000e-05	-4.518103e-02	5.461480e+00
3.844000e-05	-1.129591e-02	5.598524e+00
3.845000e-05	2.549042e-02	5.816823e+00
3.846000e-05	-9.118935e-03	5.966897e+00
3.847000e-05	-8.557626e-03	6.195346e+00
3.848000e-05	-4.661292e-02	6.335316e+00
3.849000e-05	3.688446e-02	6.523211e+00
3.850000e-05	-3.388325e-03	6.693264e+00
3.851000e-05	-1.530967e-02	6.870587e+00
3.852000e-05	-1.098843e-02	7.062085e+00
3.853000e-05	-4.370136e-02	7.177875e+00
3.854000e-05	3.102409e-02	7.385449e+00
3.855000e-05	2.248600e-03	7.586424e+00
3.856000e-05	-1.554055e-02	7.763845e+00
3.857000e-05	-2.576401e-02	7.942841e+00
3.858000e-05	-1.011709e-02	8.083741e+00
3.859000e-05	1.449031e-02	8.250580e+00
3.860000e-05	-1.897917e-02	8.355971e+00
3.861000e-05	-2.410000e-02	8.533262e+00
3.862000e-05	-2.567074e-02	8.659632e+00
3.863000e-05	9.878343e-03	8.765374e+00
3.864000e-05	7.511562e-03	8.880037e+00
3.865000e-05	-1.870127e-02	8.988114e+00
3.866000e-05	-2.633741e-02	9.166851e+00
3.867000e-05	-1.742558e-02	9.324240e+00
3.868000e-05	1.806106e-03	9.408025e+00
3.869000e-05	-8.996749e-03	9.534267e+00
3.870000e-05	-2.679962e-02	9.659503e+00
3.871000e-05	-2.461895e-02	9.774754e+00
3.872000e-05	-3.461160e-03	9.900666e+00
3.873000e-05	1.531990e-03	9.997456e+00
3.874000e-05	-1.802441e-02	1.011277e+01
3.875000e-05	-2.973172e-02	1.022740e+01
3.876000e-05	-2.038138e-02	1.033270e+01
3.877000e-05	-6.458082e-03	1.035694e+01
3.878000e-05	-1.037582e-02	1.047898e+01
3.879000e-05	-2.700836e-02	1.055477e+01
3.880000e-05	-2.744902e-02	1.064911e+01
3.881000e-05	-1.320568e-02	1.074330e+01
3.882000e-05	-6.572096e-03	1.078698e+01
3.883000e-05	-1.806411e-02	1.088056e+01
3.884000e-05	-3.009849e-02	1.091472e+01
3.885000e-05	-2.564557e-02	1.100637e+01
3.886000e-05	-1.490921e-02	1.104006e+01
3.887000e-05	-1.377043e-02	1.110214e+01
3.888000e-05	-2.816337e-02	1.112432e+01
3.889000e-05	-3.361818e-02	1.117437e+01
3.890000e-05	-2.404523e-02	1.119795e+01
3.891000e-05	-1.496708e-02	1.124758e+01
3.892000e-05	-2.085468e-02	1.130169e+01
3.893000e-05	-3.215005e-02	1.136317e+01
3.894000e-05	-3.238821e-02	1.137275e+01
3.895000e-05	-2.267337e-02	1.138497e+01
3.896000e-05	-2.045509e-02	1.142488e+01
3.897000e-05	-3.231085e-02	1.141596e+01
3.898000e-05	-3.964491e-02	1.145641e+01
3.899000e-05	-3.396972e-02	1.147701e+01
3.900000e-05	-2.452430e-02	1.141751e+01
3.901000e-05	-2.788668e-02	1.145553e+01
3.902000e-05	-3.915405e-02	1.145893e+01
3.903000e-05	-4.015896e-02	1.140523e+01
3.904000e-05	-3.434052e-02	1.138430e+01
3.905000e-05	-3.129446e-02	1.136230e+01
3.906000e-05	-3.927919e-02	1.130276e+01
3.907000e-05	-4.597414e-02	1.127959e+01
3.908000e-05	-4.161176e-02	1.125853e+01
3.909000e-05	-3.495962e-02	1.119748e+01
3.910000e-05	-3.541117e-02	1.115585e+01
3.911000e-05	-4.387883e-02	1.111374e+01
3.912000e-05	-4.664617e-02	1.109021e+01
3.913000e-05	-4.127476e-02	1.105898e+01
3.914000e-05	-3.544071e-02	1.094640e+01
3.915000e-05	-3.986717e-02	1.093327e+01
3.916000e-05	-4.411847e-02	1.086256e+01
3.917000e-05	-4.130743e-02	1.082800e+01
3.918000e-05	-3.343671e-02	1.075425e+01
3.919000e-05	-3.224078e-02	1.067714e+01
3.920000e-05	-3.604757e-02	1.059530e+01
3.921000e-05	-3.773699e-02	1.049044e+01
3.922000e-05	-3.172761e-02	1.036584e+01
3.923000e-05	-2.646262e-02	1.027014e+01
3.924000e-05	-2.688485e-02	1.022595e+01
3.925000e-05	-3.062353e-02	1.011066e+01
3.926000e-05	-2.969257e-02	1.000998e+01
3.927000e-05	-2.211787e-02	9.893713e+00
3.928000e-05	-1.972831e-02	9.821852e+00
3.929000e-05	-2.262933e-02	9.649104e+00
3.930000e-05	-2.616917e-02	9.553740e+00
3.931000e-05	-2.203625e-02	9.428559e+00
3.932000e-05	-1.786592e-02	9.293193e+00
3.933000e-05	-1.722737e-02	9.188453e+00
3.934000e-05	-2.169312e-02	9.061090e+00
3.935000e-05	-2.116432e-02	8.912139e+00
3.936000e-05	-1.640311e-02	8.746876e+00
3.937000e-05	-1.353060e-02	8.659657e+00
3.938000e-05	-1.499316e-02	8.504217e+00
3.939000e-05	-1.824456e-02	8.378426e+00
3.940000e-05	-1.598564e-02	8.271117e+00
3.941000e-05	-1.126104e-02	8.112089e+00
3.942000e-05	-1.153594e-02	7.903292e+00
3.943000e-05	-1.448225e-02	7.767898e+00
3.944000e-05	-1.555304e-02	7.637954e+00
3.945000e-05	-1.255391e-02	7.408010e+00
3.946000e-05	-9.170809e-03	7.220081e+00
3.947000e-05	-1.075234e-02	7.080134e+00
3.948000e-05	-1.318998e-02	6.894183e+00
3.949000e-05	-1.289254e-02	6.736771e+00
3.950000e-05	-9.807843e-03	6.524369e+00
3.951000e-05	-8.398774e-03	6.376369e+00
3.952000e-05	-1.112051e-02	6.189430e+00
3.953000e-05	-1.220346e-02	6.060559e+00
3.954000e-05	-9.440729e-03	5.872114e+00
3.955000e-05	-7.553716e-03	5.670185e+00
3.956000e-05	-7.436373e-03	5.473108e+00
3.957000e-05	-9.759435e-03	5.272664e+00
3.958000e-05	-9.869066e-03	5.070581e+00
3.959000e-05	-7.203578e-03	4.790449e+00
3.960000e-05	-6.314937e-03	4.629550e+00
3.961000e-05	-8.596342e-03	4.431133e+00
3.962000e-05	-9.987007e-03	4.262683e+00
3.963000e-05	-8.401555e-03	4.049979e+00
3.964000e-05	-6.873973e-03	3.840605e+00
3.965000e-05	-6.094836e-03	3.681009e+00
3.966000e-05	-7.048459e-03	3.434185e+00
3.967000e-05	-7.459666e-03	3.219081e+00
3.968000e-05	-5.869027e-03	3.040056e+00
3.969000e-05	-5.336726e-03	2.861629e+00
3.970000e-05	-5.851335e-03	2.661062e+00
3.971000e-05	-6.787739e-03	2.419500e+00
3.972000e-05	-7.247572e-03	2.208499e+00
3.973000e-05	-4.974299e-03	2.011025e+00
3.974000e-05	-3.644788e-03	1.821028e+00
3.975000e-05	-5.275456e-03	1.588448e+00
3.976000e-05	-7.106085e-03	1.368393e+00
3.977000e-05	-6.517994e-03	1.137266e+00
3.978000e-05	-3.662449e-03	8.741404e-01
3.979000e-05	-4.288855e-03	6.836116e-01
3.980000e-05	-5.691110e-03	4.741841e-01
3.981000e-05	-6.160533e-03	2.633327e-01
3.982000e-05	-3.921552e-03	1.215369e-02
3.983000e-05	1.093167e-03	-1.478909e-01
3.984000e-05	3.828048e-03	-3.463897e-01
3.985000e-05	-3.625964e-03	-5.353947e-01
3.986000e-05	7.370071e-04	-7.784726e-01
3.987000e-05	-1.260150e-03	-9.478411e-01
3.988000e-05	1.287995e-03	-1.134812e+00
3.989000e-05	-2.485823e-03	-1.406447e+00
3.990000e-05	1.523991e-02	-1.589475e+00
3.991000e-05	8.169470e-02	-1.736866e+00
3.992000e-05	-4.912687e-03	-2.039451e+00
3.993000e-05	-3.688297e-02	-2.377445e+00
3.994000e-05	-4.165968e-02	-2.609978e+00
3.995000e-05	-9.306400e-02	-2.737347e+00
3.996000e-05	6.794939e-02	-2.809500e+00
3.997000e-05	6.976731e-02	-2.965323e+00
3.998000e-05	-1.528087e-01	-3.273688e+00
3.999000e-05	1.453426e-01	-3.440028e+00
4.000000e-05	-3.620207e-02	-3.556375e+00
4.001000e-05	-4.369679e-02	-3.889659e+00
4.002000e-05	1.489153e-01	-4.050578e+00
4.003000e-05	-1.234284e-01	-4.260583e+00
4.004000e-05	-5.056690e-02	-4.410025e+00
4.005000e-05	8.591130e-02	-4.596447e+00
4.006000e-05	-5.295619e-02	-4.860158e+00
4.007000e-05	1.169941e-01	-5.050583e+00
4.008000e-05	-8.576635e-02	-5.226554e+00
4.009000e-05	-2.169653e-02	-5.504746e+00
4.010000e-05	9.198574e-02	-5.671580e+00
4.011000e-05	-6.098419e-02	-5.871089e+00
4.012000e-05	5.216097e-02	-5.999501e+00
4.013000e-05	-8.076562e-02	-6.197530e+00
4.014000e-05	4.967862e-02	-6.460629e+00
4.015000e-05	4.753777e-02	-6.567395e+00
4.016000e-05	-4.564984e-02	-6.804845e+00
4.017000e-05	5.572959e-02	-6.932716e+00
4.018000e-05	-9.597646e-02	-7.123768e+00
4.019000e-05	7.207327e-02	-7.302768e+00
4.020000e-05	2.589728e-02	-7.479635e+00
4.021000e-05	-2.076917e-02	-7.660084e+00
4.022000e-05	2.143203e-02	-7.867583e+00
4.023000e-05	-5.092421e-02	-8.008927e+00
4.024000e-05	8.683693e-02	-8.183850e+00
4.025000e-05	-2.946511e-02	-8.322665e+00
4.026000e-05	3.030525e-03	-8.458554e+00
4.027000e-05	-2.045202e-02	-8.603955e+00
4.028000e-05	1.233866e-02	-8.765273e+00
4.029000e-05	5.989574e-02	-8.900213e+00
4.030000e-05	-2.446365e-02	-9.038505e+00
4.031000e-05	1.561743e-02	-9.124745e+00
4.032000e-05	-2.481415e-02	-9.280537e+00
4.033000e-05	4.135068e-02	-9.415526e+00
4.034000e-05	1.260559e-02	-9.532876e+00
4.035000e-05	-7.322132e-03	-9.720108e+00
4.036000e-05	-4.127588e-04	-9.753921e+00
4.037000e-05	6.454154e-03	-9.859085e+00
4.038000e-05	4.519881e-02	-9.995872e+00
4.039000e-05	-7.416427e-04	-1.007006e+01
4.040000e-05	3.444931e-03	-1.022349e+01
4.041000e-05	-7.919083e-03	-1.032222e+01
4.042000e-05	2.683691e-02	-1.040495e+01
4.043000e-05	2.219188e-02	-1.050024e+01
4.044000e-05	2.556507e-03	-1.061587e+01
4.045000e-05	-2.726761e-03	-1.066706e+01
4.046000e-05	1.065396e-02	-1.073434e+01
4.047000e-05	3.543512e-02	-1.079540e+01
4.048000e-05	1.612522e-02	-1.089011e+01
4.049000e-05	3.718493e-03	-1.092380e+01
4.050000e-05	2.158581e-03	-1.098493e+01
4.051000e-05	2.601254e-02	-1.105858e+01
4.052000e-05	2.833760e-02	-1.112116e+01
4.053000e-05	1.008534e-02	-1.118380e+01
4.054000e-05	1.904459e-03	-1.121538e+01
4.055000e-05	1.355802e-02	-1.126116e+01
4.056000e-05	3.021112e-02	-1.132922e+01
4.057000e-05	2.504289e-02	-1.134279e+01
4.058000e-05	1.077246e-02	-1.142288e+01
4.059000e-05	1.064742e-02	-1.143803e+01
4.060000e-05	2.416271e-02	-1.144004e+01
4.061000e-05	3.269502e-02	-1.144904e+01
4.062000e-05	2.052607e-02	-1.149171e+01
4.063000e-05	1.174945e-02	-1.150914e+01
4.064000e-05	1.744063e-02	-1.152124e+01
4.065000e-05	3.372594e-02	-1.149027e+01
4.066000e-05	3.350077e-02	-1.154077e+01
4.067000e-05	2.114070e-02	-1.150219e+01
4.068000e-05	1.885049e-02	-1.151064e+01
4.069000e-05	2.919082e-02	-1.148912e+01
4.070000e-05	3.805621e-02	-1.144904e+01
4.071000e-05	3.040204e-02	-1.148893e+01
4.072000e-05	2.266405e-02	-1.142588e+01
4.073000e-05	2.605463e-02	-1.134338e+01
4.074000e-05	3.856703e-02	-1.137277e+01
4.075000e-05	4.046785e-02	-1.133011e+01
4.076000e-05	3.056832e-02	-1.128693e+01
4.077000e-05	2.548804e-02	-1.121397e+01
4.078000e-05	3.299317e-02	-1.115227e+01
4.079000e-05	4.126779e-02	-1.103163e+01
4.080000e-05	3.701657e-02	-1.101643e+01
4.081000e-05	2.736304e-02	-1.096485e+01
4.082000e-05	2.637420e-02	-1.088074e+01
4.083000e-05	3.496974e-02	-1.087001e+01
4.084000e-05	3.579623e-02	-1.077648e+01
4.085000e-05	2.765982e-02	-1.073279e+01
4.086000e-05	2.032101e-02	-1.064859e+01
4.087000e-05	2.299681e-02	-1.057545e+01
4.088000e-05	2.985671e-02	-1.050166e+01
4.089000e-05	2.679916e-02	-1.038745e+01
4.090000e-05	1.743281e-02	-1.028022e+01
4.091000e-05	1.475175e-02	-1.017496e+01
4.092000e-05	2.000031e-02	-1.008067e+01
4.093000e-05	2.354093e-02	-9.974350e+00
4.094000e-05	1.792448e-02	-9.861058e+00
4.095000e-05	1.070009e-02	-9.784352e+00
4.096000e-05	1.107979e-02	-9.660664e+00
4.097000e-05	1.659651e-02	-9.553797e+00
4.098000e-05	1.636575e-02	-9.427076e+00
4.099000e-05	9.783057e-03	-9.289663e+00
4.100000e-05	6.486649e-03	-9.153423e+00
4.101000e-05	9.289298e-03	-9.039056e+00
4.102000e-05	1.248067e-02	-8.852087e+00
4.103000e-05	9.501092e-03	-8.766845e+00
4.104000e-05	3.996733e-03	-8.612953e+00
4.105000e-05	3.398135e-03	-8.419087e+00
4.106000e-05	8.199318e-03	-8.303271e+00
4.107000e-05	9.162234e-03	-8.186897e+00
4.108000e-05	5.089145e-03	-8.039481e+00
4.109000e-05	2.361155e-03	-7.879164e+00
4.110000e-05	4.013679e-03	-7.649713e+00
4.111000e-05	6.613001e-03	-7.492265e+00
4.112000e-05	5.208097e-03	-7.334321e+00
4.113000e-05	1.131788e-03	-7.195947e+00
4.114000e-05	-1.100116e-03	-6.997479e+00
4.115000e-05	1.963835e-03	-6.817930e+00
4.116000e-05	4.413319e-03	-6.638633e+00
4.117000e-05	1.891203e-03	-6.442110e+00
4.118000e-05	-2.119607e-03	-6.325297e+00
4.119000e-05	-9.796468e-04	-6.072138e+00
4.120000e-05	3.337204e-03	-5.923239e+00
4.121000e-05	3.183370e-03	-5.735822e+00
4.122000e-05	-1.924052e-03	-5.598002e+00
4.123000e-05	-5.069231e-03	-5.354822e+00
4.124000e-05	-1.051249e-03	-5.133865e+00
4.125000e-05	7.540568e-04	-4.923298e+00
4.126000e-05	8.583122e-04	-4.672585e+00
4.127000e-05	-4.078630e-03	-4.513712e+00
4.128000e-05	-2.893382e-03	-4.334372e+00
4.129000e-05	4.023544e-04	-4.175345e+00
4.130000e-05	1.458824e-03	-4.007499e+00
4.131000e-05	-3.355330e-03	-3.714399e+00
4.132000e-05	-5.965515e-03	-3.545391e+00
4.133000e-05	-5.089781e-03	-3.306895e+00
4.134000e-05	-1.727483e-03	-3.178000e+00
4.135000e-05	-3.583527e-03	-2.933268e+00
4.136000e-05	-5.221549e-03	-2.726317e+00
4.137000e-05	-5.394081e-03	-2.526292e+00
4.138000e-05	-1.663985e-03	-2.355870e+00
4.139000e-05	-1.199138e-03	-2.093637e+00
4.140000e-05	-2.721154e-03	-1.925213e+00
4.141000e-05	-5.938050e-03	-1.696212e+00
4.142000e-05	-7.374144e-03	-1.502786e+00
4.143000e-05	-4.168773e-03	-1.229954e+00
4.144000e-05	-4.103582e-03	-1.029999e+00
4.145000e-05	-4.637811e-03	-8.205026e-01
4.146000e-05	-8.037942e-03	-6.279973e-01
4.147000e-05	-5.378220e-03	-3.669948e-01
4.148000e-05	-1.605042e-03	-1.583434e-01
4.149000e-05	1.242559e-03	3.107750e-02
4.150000e-05	1.168671e-03	2.332294e-01
4.151000e-05	-6.154644e-03	4.420552e-01
4.152000e-05	7.111009e-04	6.410539e-01
4.153000e-05	-3.329595e-03	7.589488e-01
4.154000e-05	-2.038879e-03	1.019578e+00
4.155000e-05	-5.274645e-03	1.243182e+00
4.156000e-05	4.227316e-03	1.442081e+00
4.157000e-05	3.658484e-02	1.737861e+00
4.158000e-05	6.253230e-02	1.926288e+00
4.159000e-05	-3.688121e-02	2.188395e+00
4.160000e-05	-4.309511e-02	2.367971e+00
4.161000e-05	-4.155375e-02	2.621950e+00
4.162000e-05	-6.947559e-02	2.769949e+00
4.163000e-05	1.787111e-02	2.865188e+00
4.164000e-05	8.886614e-02	3.094237e+00
4.165000e-05	-1.414160e-01	3.242733e+00
4.166000e-05	9.462112e-02	3.482735e+00
4.167000e-05	3.252662e-02	3.694766e+00
4.168000e-05	-5.412167e-02	3.863163e+00
4.169000e-05	6.964027e-02	4.050079e+00
4.170000e-05	-6.015381e-02	4.334267e+00
4.171000e-05	-5.829033e-02	4.514261e+00
4.172000e-05	5.003876e-02	4.704689e+00
4.173000e-05	-1.701562e-02	4.932194e+00
4.174000e-05	1.999155e-02	5.125300e+00
4.175000e-05	-3.057719e-02	5.376925e+00
4.176000e-05	-2.982471e-02	5.556894e+00
4.177000e-05	3.371115e-02	5.714263e+00
4.178000e-05	-1.340257e-02	5.965874e+00
4.179000e-05	4.589521e-04	6.125316e+00
4.180000e-05	-5.097182e-02	6.335241e+00
4.181000e-05	2.851528e-02	6.460733e+00
4.182000e-05	7.191907e-03	6.671184e+00
4.183000e-05	-2.111739e-02	6.820557e+00
4.184000e-05	-4.861122e-03	6.987455e+00
4.185000e-05	-4.446316e-02	7.157421e+00
4.186000e-05	1.928948e-02	7.333244e+00
4.187000e-05	1.242528e-02	7.513771e+00
4.188000e-05	-1.688008e-02	7.764317e+00
4.189000e-05	-2.209848e-02	7.902187e+00
4.190000e-05	-1.555691e-02	8.102643e+00
4.191000e-05	1.373658e-02	8.209581e+00
4.192000e-05	-1.201813e-02	8.355345e+00
4.193000e-05	-2.693172e-02	8.472189e+00
4.194000e-05	-2.489679e-02	8.588430e+00
4.195000e-05	-1.491166e-04	8.764871e+00
4.196000e-05	1.255177e-02	8.819533e+00
4.197000e-05	-1.756273e-02	9.006402e+00
4.198000e-05	-2.529478e-02	9.184876e+00
4.199000e-05	-1.896128e-02	9.292164e+00
4.200000e-05	-3.857050e-04	9.387876e+00
4.201000e-05	-4.553044e-03	9.533170e+00
4.202000e-05	-2.654124e-02	9.616475e+00
4.203000e-05	-2.423650e-02	9.763271e+00
4.204000e-05	-7.657721e-03	9.890164e+00
4.205000e-05	2.927940e-03	9.988429e+00
4.206000e-05	-1.578582e-02	1.008061e+01
4.207000e-05	-2.941717e-02	1.017440e+01
4.208000e-05	-2.114761e-02	1.029264e+01
4.209000e-05	-7.869728e-03	1.036390e+01
4.210000e-05	-7.713116e-03	1.043051e+01
4.211000e-05	-2.655847e-02	1.053374e+01
4.212000e-05	-2.843230e-02	1.064693e+01
4.213000e-05	-1.639797e-02	1.071377e+01
4.214000e-05	-5.491487e-03	1.079893e+01
4.215000e-05	-1.607831e-02	1.087101e+01
4.216000e-05	-2.988376e-02	1.093322e+01
4.217000e-05	-2.516844e-02	1.096432e+01
4.218000e-05	-1.452885e-02	1.105943e+01
4.219000e-05	-1.235764e-02	1.106066e+01
4.220000e-05	-2.753904e-02	1.113277e+01
4.221000e-05	-3.317378e-02	1.117585e+01
4.222000e-05	-2.504807e-02	1.118693e+01
4.223000e-05	-1.456861e-02	1.121898e+01
4.224000e-05	-2.135510e-02	1.133159e+01
4.225000e-05	-3.217513e-02	1.133112e+01
4.226000e-05	-3.254543e-02	1.135335e+01
4.227000e-05	-2.338149e-02	1.140392e+01
4.228000e-05	-1.878379e-02	1.144793e+01
4.229000e-05	-3.112544e-02	1.143601e+01
4.230000e-05	-3.875007e-02	1.144498e+01
4.231000e-05	-3.540864e-02	1.147501e+01
4.232000e-05	-2.436776e-02	1.145603e+01
4.233000e-05	-2.737562e-02	1.142696e+01
4.234000e-05	-3.643131e-02	1.142690e+01
4.235000e-05	-4.091450e-02	1.143490e+01
4.236000e-05	-3.513758e-02	1.142388e+01
4.237000e-05	-2.986422e-02	1.137123e+01
4.238000e-05	-3.639557e-02	1.131174e+01
4.239000e-05	-4.601769e-02	1.130106e+01
4.240000e-05	-4.506877e-02	1.122944e+01
4.241000e-05	-3.617988e-02	1.122690e+01
4.242000e-05	-3.399887e-02	1.120632e+01
4.243000e-05	-4.234434e-02	1.117284e+01
4.244000e-05	-4.800596e-02	1.108067e+01
4.245000e-05	-4.318492e-02	1.105996e+01
4.246000e-05	-3.454933e-02	1.100797e+01
4.247000e-05	-3.761247e-02	1.095324e+01
4.248000e-05	-4.324709e-02	1.089206e+01
4.249000e-05	-4.316234e-02	1.082895e+01
4.250000e-05	-3.378909e-02	1.074430e+01
4.251000e-05	-3.146977e-02	1.069764e+01
4.252000e-05	-3.435850e-02	1.061477e+01
4.253000e-05	-3.864712e-02	1.048111e+01
4.254000e-05	-3.216429e-02	1.039598e+01
4.255000e-05	-2.701287e-02	1.030274e+01
4.256000e-05	-2.742694e-02	1.018593e+01
4.257000e-05	-3.186712e-02	1.014182e+01
4.258000e-05	-3.067309e-02	1.003905e+01
4.259000e-05	-2.325785e-02	9.924245e+00
4.260000e-05	-1.975236e-02	9.826457e+00
4.261000e-05	-2.277567e-02	9.670006e+00
4.262000e-05	-2.574554e-02	9.564821e+00
4.263000e-05	-2.236294e-02	9.439059e+00
4.264000e-05	-1.730932e-02	9.335371e+00
4.265000e-05	-1.697824e-02	9.230004e+00
4.266000e-05	-2.119886e-02	9.120712e+00
4.267000e-05	-2.151234e-02	8.953276e+00
4.268000e-05	-1.740213e-02	8.807476e+00
4.269000e-05	-1.302069e-02	8.671134e+00
4.270000e-05	-1.512059e-02	8.544221e+00
4.271000e-05	-1.808162e-02	8.406930e+00
4.272000e-05	-1.753651e-02	8.272614e+00
4.273000e-05	-1.245312e-02	8.113237e+00
4.274000e-05	-1.144336e-02	7.956348e+00
4.275000e-05	-1.401736e-02	7.807503e+00
4.276000e-05	-1.603114e-02	7.620507e+00
4.277000e-05	-1.290220e-02	7.469530e+00
4.278000e-05	-9.320396e-03	7.240587e+00
4.279000e-05	-9.472364e-03	7.121712e+00
4.280000e-05	-1.252462e-02	6.933266e+00
4.281000e-05	-1.275220e-02	6.806900e+00
4.282000e-05	-8.666444e-03	6.618477e+00
4.283000e-05	-7.875597e-03	6.408404e+00
4.284000e-05	-9.905458e-03	6.239079e+00
4.285000e-05	-1.218405e-02	6.082562e+00
4.286000e-05	-1.029589e-02	5.903666e+00
4.287000e-05	-8.176252e-03	5.683640e+00
4.288000e-05	-7.325727e-03	5.493662e+00
4.289000e-05	-1.006659e-02	5.295291e+00
4.290000e-05	-1.012498e-02	5.082109e+00
4.291000e-05	-7.849338e-03	4.870004e+00
4.292000e-05	-5.413946e-03	4.662056e+00
4.293000e-05	-7.280279e-03	4.502639e+00
4.294000e-05	-9.016529e-03	4.334213e+00
4.295000e-05	-8.669249e-03	4.040555e+00
4.296000e-05	-6.070948e-03	3.882135e+00
4.297000e-05	-5.181643e-03	3.683665e+00
4.298000e-05	-6.986871e-03	3.513714e+00
4.299000e-05	-8.207484e-03	3.281105e+00
4.300000e-05	-6.783322e-03	3.053160e+00
4.301000e-05	-5.074470e-03	2.903708e+00
4.302000e-05	-6.053446e-03	2.723634e+00
4.303000e-05	-7.659278e-03	2.451106e+00
4.304000e-05	-8.046139e-03	2.240956e+00
4.305000e-05	-4.548297e-03	2.020159e+00
4.306000e-05	-4.482771e-03	1.853027e+00
4.307000e-05	-5.974431e-03	1.662559e+00
4.308000e-05	-6.762200e-03	1.380899e+00
4.309000e-05	-5.866147e-03	1.170424e+00
4.310000e-05	-2.970246e-03	9.558629e-01
4.311000e-05	-3.386744e-03	6.967643e-01
4.312000e-05	-5.260102e-03	4.752631e-01
4.313000e-05	-6.373065e-03	3.162418e-01
4.314000e-05	-3.817489e-03	5.468396e-02
4.315000e-05	3.658873e-04	-1.058646e-01
4.316000e-05	4.854507e-03	-3.167660e-01
4.317000e-05	-4.397485e-03	-4.936595e-01
4.318000e-05	-1.966555e-04	-7.263911e-01
4.319000e-05	-1.665418e-03	-9.053144e-01
4.320000e-05	7.719445e-04	-1.094238e+00
4.321000e-05	-3.505542e-03	-1.324192e+00
4.322000e-05	8.956224e-03	-1.586919e+00
4.323000e-05	7.247852e-02	-1.714287e+00
4.324000e-05	2.266465e-02	-1.945447e+00
4.325000e-05	-4.674939e-02	-2.313265e+00
4.326000e-05	-2.944894e-02	-2.576899e+00
4.327000e-05	-9.409142e-02	-2.714345e+00
4.328000e-05	2.558394e-02	-2.798524e+00
4.329000e-05	1.128997e-01	-2.894237e+00
4.330000e-05	-1.535646e-01	-3.249608e+00
4.331000e-05	8.950517e-02	-3.399500e+00
4.332000e-05	2.784889e-02	-3.514265e+00
4.333000e-05	-9.189103e-02	-3.779607e+00
4.334000e-05	1.527696e-01	-4.001530e+00
4.335000e-05	-7.174739e-02	-4.228981e+00
4.336000e-05	-1.046092e-01	-4.419925e+00
4.337000e-05	1.022687e-01	-4.524791e+00
4.338000e-05	-5.543580e-02	-4.818454e+00
4.339000e-05	9.957883e-02	-5.028529e+00
4.340000e-05	-3.496915e-02	-5.185366e+00
4.341000e-05	-7.002337e-02	-5.461689e+00
4.342000e-05	1.121710e-01	-5.649528e+00
4.343000e-05	-5.634393e-02	-5.850003e+00
4.344000e-05	4.028741e-02	-5.966949e+00
4.345000e-05	-5.579572e-02	-6.163847e+00
4.346000e-05	3.915034e-03	-6.428029e+00
4.347000e-05	8.229355e-02	-6.543321e+00
4.348000e-05	-5.939526e-02	-6.754290e+00
4.349000e-05	5.992446e-02	-6.941187e+00
4.350000e-05	-7.994750e-02	-7.110218e+00
4.351000e-05	2.987393e-02	-7.302139e+00
4.352000e-05	6.365622e-02	-7.427953e+00
4.353000e-05	-3.998550e-02	-7.607525e+00
4.354000e-05	3.852967e-02	-7.838059e+00
4.355000e-05	-6.062166e-02	-7.966343e+00
4.356000e-05	7.376739e-02	-8.143219e+00
4.357000e-05	-4.424781e-03	-8.280613e+00
4.358000e-05	-1.357318e-02	-8.368451e+00
4.359000e-05	-1.638203e-03	-8.584292e+00
4.360000e-05	-1.117013e-02	-8.714823e+00
4.361000e-05	7.233397e-02	-8.890579e+00
4.362000e-05	-2.207527e-02	-9.005426e+00
4.363000e-05	1.284958e-02	-9.083794e+00
4.364000e-05	-2.150383e-02	-9.239030e+00
4.365000e-05	2.725956e-02	-9.374400e+00
4.366000e-05	2.681081e-02	-9.493774e+00
4.367000e-05	-1.360910e-02	-9.659536e+00
4.368000e-05	4.853432e-03	-9.751843e+00
4.369000e-05	-4.717248e-03	-9.860060e+00
4.370000e-05	4.750723e-02	-9.963325e+00
4.371000e-05	4.895432e-03	-1.004853e+01
4.372000e-05	3.169384e-03	-1.018340e+01
4.373000e-05	-7.109021e-03	-1.030914e+01
4.374000e-05	2.015306e-02	-1.038492e+01
4.375000e-05	2.745997e-02	-1.048106e+01
4.376000e-05	3.491850e-03	-1.056542e+01
4.377000e-05	-9.878089e-04	-1.061806e+01
4.378000e-05	4.474470e-03	-1.070377e+01
4.379000e-05	3.411025e-02	-1.077485e+01
4.380000e-05	1.885708e-02	-1.089061e+01
4.381000e-05	4.970365e-03	-1.091127e+01
4.382000e-05	2.071212e-03	-1.095582e+01
4.383000e-05	2.159799e-02	-1.102806e+01
4.384000e-05	3.029023e-02	-1.109063e+01
4.385000e-05	1.183394e-02	-1.116477e+01
4.386000e-05	2.043267e-03	-1.121598e+01
4.387000e-05	9.737642e-03	-1.127808e+01
4.388000e-05	2.898658e-02	-1.127769e+01
4.389000e-05	2.614365e-02	-1.137377e+01
4.390000e-05	1.335165e-02	-1.138292e+01
4.391000e-05	9.662444e-03	-1.142698e+01
4.392000e-05	2.362073e-02	-1.142698e+01
4.393000e-05	3.275509e-02	-1.146006e+01
4.394000e-05	2.224594e-02	-1.149866e+01
4.395000e-05	1.023356e-02	-1.152011e+01
4.396000e-05	1.484541e-02	-1.146177e+01
4.397000e-05	3.063423e-02	-1.153167e+01
4.398000e-05	3.406901e-02	-1.151222e+01
4.399000e-05	2.354511e-02	-1.150876e+01
4.400000e-05	1.999807e-02	-1.154164e+01
4.401000e-05	2.867542e-02	-1.147017e+01
4.402000e-05	3.939245e-02	-1.148949e+01
4.403000e-05	3.190705e-02	-1.142951e+01
4.404000e-05	2.228973e-02	-1.140596e+01
4.405000e-05	2.354357e-02	-1.138685e+01
4.406000e-05	3.597216e-02	-1.132988e+01
4.407000e-05	4.143803e-02	-1.128962e+01
4.408000e-05	3.235214e-02	-1.126956e+01
4.409000e-05	2.641473e-02	-1.119368e+01
4.410000e-05	3.202832e-02	-1.116384e+01
4.411000e-05	4.178176e-02	-1.107058e+01
4.412000e-05	3.777652e-02	-1.100798e+01
4.413000e-05	2.785471e-02	-1.095485e+01
4.414000e-05	2.564710e-02	-1.092374e+01
4.415000e-05	3.417262e-02	-1.086061e+01
4.416000e-05	3.622345e-02	-1.082793e+01
4.417000e-05	2.873397e-02	-1.072584e+01
4.418000e-05	2.181866e-02	-1.068019e+01
4.419000e-05	2.510025e-02	-1.059740e+01
4.420000e-05	2.960266e-02	-1.049171e+01
4.421000e-05	2.724540e-02	-1.044890e+01
4.422000e-05	1.815630e-02	-1.034069e+01
4.423000e-05	1.489864e-02	-1.021608e+01
4.424000e-05	1.954758e-02	-1.007117e+01
4.425000e-05	2.259800e-02	-9.986397e+00
4.426000e-05	1.728014e-02	-9.911637e+00
4.427000e-05	1.076286e-02	-9.785852e+00
4.428000e-05	1.225268e-02	-9.701740e+00
4.429000e-05	1.711936e-02	-9.555324e+00
4.430000e-05	1.730342e-02	-9.448582e+00
4.431000e-05	1.023671e-02	-9.321092e+00
4.432000e-05	5.583364e-03	-9.165422e+00
4.433000e-05	8.997460e-03	-9.058611e+00
4.434000e-05	1.217060e-02	-8.924239e+00
4.435000e-05	9.841938e-03	-8.787845e+00
4.436000e-05	3.905259e-03	-8.617008e+00
4.437000e-05	3.780292e-03	-8.520609e+00
4.438000e-05	8.538089e-03	-8.364895e+00
4.439000e-05	9.957265e-03	-8.227451e+00
4.440000e-05	5.198881e-03	-8.073110e+00
4.441000e-05	8.189700e-04	-7.893187e+00
4.442000e-05	3.575247e-03	-7.671646e+00
4.443000e-05	5.418395e-03	-7.514316e+00
4.444000e-05	4.711046e-03	-7.376420e+00
4.445000e-05	9.511893e-04	-7.229452e+00
4.446000e-05	-4.066268e-04	-7.049604e+00
4.447000e-05	2.388501e-03	-6.809532e+00
4.448000e-05	4.103619e-03	-6.661183e+00
4.449000e-05	2.948282e-03	-6.562712e+00
4.450000e-05	6.341017e-04	-6.366799e+00
4.451000e-05	-9.713215e-04	-6.154798e+00
4.452000e-05	3.650414e-04	-5.966348e+00
4.453000e-05	8.291979e-04	-5.786874e+00
4.454000e-05	-1.102821e-03	-5.600030e+00
4.455000e-05	-3.155968e-03	-5.416452e+00
4.456000e-05	-2.213855e-03	-5.197396e+00
4.457000e-05	3.019614e-05	-4.955347e+00
4.458000e-05	-8.150594e-04	-4.742233e+00
4.459000e-05	-1.373447e-03	-4.534871e+00
4.460000e-05	-3.974838e-03	-4.377921e+00
4.461000e-05	-1.211489e-03	-4.168450e+00
4.462000e-05	-1.022237e-03	-4.018579e+00
4.463000e-05	-1.553577e-03	-3.750500e+00
4.464000e-05	-3.798768e-03	-3.596947e+00
4.465000e-05	-4.000274e-03	-3.368975e+00
4.466000e-05	-2.328148e-03	-3.200028e+00
4.467000e-05	-3.749986e-03	-2.958943e+00
4.468000e-05	-4.186290e-03	-2.767343e+00
4.469000e-05	-5.245774e-03	-2.577923e+00
4.470000e-05	-3.576157e-03	-2.368470e+00
4.471000e-05	-3.349351e-03	-2.155741e+00
4.472000e-05	-2.044604e-03	-1.904820e+00
4.473000e-05	-5.085689e-03	-1.746341e+00
4.474000e-05	-5.159668e-03	-1.557441e+00
4.475000e-05	-6.035875e-03	-1.281634e+00
4.476000e-05	-4.149097e-03	-1.071630e+00
4.477000e-05	-4.733899e-03	-8.400528e-01
4.478000e-05	-5.330879e-03	-6.124778e-01
4.479000e-05	-5.271302e-03	-4.109761e-01
4.480000e-05	-2.523243e-03	-1.999787e-01
4.481000e-05	9.805757e-04	-1.059876e-02
4.482000e-05	3.412374e-03	1.594999e-01
4.483000e-05	-5.186811e-03	4.415565e-01
4.484000e-05	-1.594521e-03	5.999462e-01
4.485000e-05	-2.923290e-03	7.789461e-01
4.486000e-05	-2.112485e-03	9.463986e-01
4.487000e-05	-4.065901e-03	1.241558e+00
4.488000e-05	1.498833e-03	1.422080e+00
4.489000e-05	2.595964e-02	1.663584e+00
4.490000e-05	6.608963e-02	1.883187e+00
4.491000e-05	-1.938200e-02	2.124741e+00
4.492000e-05	-4.799612e-02	2.306288e+00
4.493000e-05	-3.905335e-02	2.575846e+00
4.494000e-05	-6.531896e-02	2.787872e+00
4.495000e-05	-1.593308e-02	2.893680e+00
4.496000e-05	1.143023e-01	3.070129e+00
4.497000e-05	-1.201264e-01	3.250554e+00
4.498000e-05	4.235312e-02	3.459505e+00
4.499000e-05	7.776174e-02	3.651137e+00
4.500000e-05	-7.025239e-02	3.861161e+00
4.501000e-05	5.959374e-02	4.008976e+00
4.502000e-05	-2.856995e-02	4.291632e+00
4.503000e-05	-8.730801e-02	4.461638e+00
4.504000e-05	4.919372e-02	4.621113e+00
4.505000e-05	-8.335381e-03	4.911635e+00
4.506000e-05	1.535723e-02	5.113691e+00
4.507000e-05	-1.203106e-02	5.356293e+00
4.508000e-05	-4.498966e-02	5.505843e+00
4.509000e-05	3.410753e-02	5.721737e+00
4.510000e-05	-1.198546e-02	5.933741e+00
4.511000e-05	1.764212e-03	6.093238e+00
4.512000e-05	-5.082408e-02	6.262686e+00
4.513000e-05	1.429397e-02	6.449035e+00
4.514000e-05	2.224220e-02	6.608430e+00
4.515000e-05	-2.145423e-02	6.828031e+00
4.516000e-05	-1.748538e-03	7.036924e+00
4.517000e-05	-4.304893e-02	7.165844e+00
4.518000e-05	2.881351e-03	7.291689e+00
4.519000e-05	2.168415e-02	7.520659e+00
4.520000e-05	-1.927406e-02	7.692637e+00
4.521000e-05	-2.190157e-02	7.849057e+00
4.522000e-05	-1.979093e-02	8.039037e+00
4.523000e-05	1.377373e-02	8.146999e+00
4.524000e-05	-1.698409e-03	8.332770e+00
4.525000e-05	-2.884618e-02	8.460559e+00
4.526000e-05	-2.356782e-02	8.575928e+00
4.527000e-05	-8.654546e-03	8.733245e+00
4.528000e-05	1.840740e-02	8.830508e+00
4.529000e-05	-1.660610e-02	8.984351e+00
4.530000e-05	-2.670689e-02	9.113296e+00
4.531000e-05	-2.178331e-02	9.291087e+00
4.532000e-05	-1.743565e-03	9.375875e+00
4.533000e-05	1.120659e-04	9.511717e+00
4.534000e-05	-2.568406e-02	9.597379e+00
4.535000e-05	-2.550797e-02	9.752768e+00
4.536000e-05	-1.228282e-02	9.867513e+00
4.537000e-05	5.819871e-03	9.975873e+00
4.538000e-05	-1.293147e-02	1.006166e+01
4.539000e-05	-2.921975e-02	1.014487e+01
4.540000e-05	-2.517798e-02	1.031106e+01
4.541000e-05	-9.493864e-03	1.032537e+01
4.542000e-05	-4.837535e-03	1.041798e+01
4.543000e-05	-2.314959e-02	1.050222e+01
4.544000e-05	-2.853030e-02	1.064543e+01
4.545000e-05	-1.823815e-02	1.070322e+01
4.546000e-05	-3.554340e-03	1.078585e+01
4.547000e-05	-1.367078e-02	1.085058e+01
4.548000e-05	-2.905822e-02	1.089224e+01
4.549000e-05	-3.002195e-02	1.096637e+01
4.550000e-05	-1.730510e-02	1.105953e+01
4.551000e-05	-1.066753e-02	1.109061e+01
4.552000e-05	-2.457007e-02	1.112172e+01
4.553000e-05	-3.208792e-02	1.116482e+01
4.554000e-05	-2.630952e-02	1.122740e+01
4.555000e-05	-1.281330e-02	1.123849e+01
4.556000e-05	-1.914997e-02	1.123913e+01
4.557000e-05	-3.025024e-02	1.135064e+01
4.558000e-05	-3.466207e-02	1.136380e+01
4.559000e-05	-2.477301e-02	1.142082e+01
4.560000e-05	-1.929958e-02	1.141390e+01
4.561000e-05	-2.922399e-02	1.144493e+01
4.562000e-05	-3.839003e-02	1.140791e+01
4.563000e-05	-3.635689e-02	1.144749e+01
4.564000e-05	-2.604245e-02	1.141651e+01
4.565000e-05	-2.557757e-02	1.144645e+01
4.566000e-05	-3.603516e-02	1.140748e+01
4.567000e-05	-4.105870e-02	1.140493e+01
4.568000e-05	-3.524642e-02	1.141431e+01
4.569000e-05	-3.154066e-02	1.136277e+01
4.570000e-05	-3.662601e-02	1.136319e+01
4.571000e-05	-4.416470e-02	1.131159e+01
4.572000e-05	-4.428520e-02	1.128003e+01
4.573000e-05	-3.601635e-02	1.122700e+01
4.574000e-05	-3.396363e-02	1.118687e+01
4.575000e-05	-4.115115e-02	1.115382e+01
4.576000e-05	-4.680846e-02	1.110267e+01
4.577000e-05	-4.337608e-02	1.107061e+01
4.578000e-05	-3.670975e-02	1.102748e+01
4.579000e-05	-3.823635e-02	1.096377e+01
4.580000e-05	-4.392184e-02	1.089164e+01
4.581000e-05	-4.472058e-02	1.085900e+01
4.582000e-05	-3.593797e-02	1.078695e+01
4.583000e-05	-3.098760e-02	1.073014e+01
4.584000e-05	-3.317909e-02	1.063488e+01
4.585000e-05	-3.669585e-02	1.051119e+01
4.586000e-05	-3.282736e-02	1.038687e+01
4.587000e-05	-2.830686e-02	1.031472e+01
4.588000e-05	-2.626783e-02	1.019948e+01
4.589000e-05	-3.160860e-02	1.013485e+01
4.590000e-05	-3.084828e-02	1.002053e+01
4.591000e-05	-2.656379e-02	9.975851e+00
4.592000e-05	-1.934563e-02	9.868982e+00
4.593000e-05	-2.207312e-02	9.700662e+00
4.594000e-05	-2.491941e-02	9.566873e+00
4.595000e-05	-2.333962e-02	9.452138e+00
4.596000e-05	-1.846563e-02	9.344373e+00
4.597000e-05	-1.827047e-02	9.219505e+00
4.598000e-05	-2.071645e-02	9.124267e+00
4.599000e-05	-2.227436e-02	8.995878e+00
4.600000e-05	-1.892332e-02	8.838958e+00
4.601000e-05	-1.318715e-02	8.703686e+00
4.602000e-05	-1.374450e-02	8.595823e+00
4.603000e-05	-1.628856e-02	8.448983e+00
4.604000e-05	-1.691308e-02	8.283214e+00
4.605000e-05	-1.276284e-02	8.205324e+00
4.606000e-05	-1.133042e-02	8.017423e+00
4.607000e-05	-1.450980e-02	7.839005e+00
4.608000e-05	-1.745893e-02	7.641134e+00
4.609000e-05	-1.465191e-02	7.492190e+00
4.610000e-05	-9.259055e-03	7.312191e+00
4.611000e-05	-8.253117e-03	7.134768e+00
4.612000e-05	-1.188019e-02	6.977400e+00
4.613000e-05	-1.445630e-02	6.828951e+00
4.614000e-05	-1.003643e-02	6.610580e+00
4.615000e-05	-6.713708e-03	6.460479e+00
4.616000e-05	-8.807331e-03	6.251062e+00
4.617000e-05	-1.264457e-02	6.113134e+00
4.618000e-05	-1.163144e-02	5.936371e+00
4.619000e-05	-7.269933e-03	5.725193e+00
4.620000e-05	-6.428647e-03	5.525444e+00
4.621000e-05	-9.174211e-03	5.366895e+00
4.622000e-05	-1.067657e-02	5.156343e+00
4.623000e-05	-7.509027e-03	4.903139e+00
4.624000e-05	-5.623297e-03	4.694714e+00
4.625000e-05	-6.694780e-03	4.495685e+00
4.626000e-05	-1.029499e-02	4.348317e+00
4.627000e-05	-9.502014e-03	4.104188e+00
4.628000e-05	-6.817231e-03	3.906214e+00
4.629000e-05	-5.317177e-03	3.726264e+00
4.630000e-05	-7.267119e-03	3.516820e+00
4.631000e-05	-8.820038e-03	3.302637e+00
4.632000e-05	-6.013143e-03	3.096189e+00
4.633000e-05	-4.483729e-03	2.916241e+00
4.634000e-05	-4.418275e-03	2.688394e+00
4.635000e-05	-7.644252e-03	2.493184e+00
4.636000e-05	-8.485969e-03	2.294162e+00
4.637000e-05	-6.438307e-03	2.072710e+00
4.638000e-05	-4.237192e-03	1.904264e+00
4.639000e-05	-5.179580e-03	1.664605e+00
4.640000e-05	-7.527533e-03	1.453580e+00
4.641000e-05	-5.433695e-03	1.210056e+00
4.642000e-05	-3.939729e-03	9.593456e-01
4.643000e-05	-3.397319e-03	7.483919e-01
4.644000e-05	-5.531385e-03	5.573181e-01
4.645000e-05	-6.277158e-03	3.669159e-01
4.646000e-05	-4.355605e-03	1.052403e-01
4.647000e-05	-1.530265e-03	-1.037857e-01
4.648000e-05	4.139457e-03	-2.732132e-01
4.649000e-05	-1.997391e-03	-4.236317e-01
4.650000e-05	-7.592042e-04	-7.152948e-01
4.651000e-05	-1.240311e-03	-8.931856e-01
4.652000e-05	1.413408e-04	-1.051687e+00
4.653000e-05	-2.232511e-03	-1.250634e+00
4.654000e-05	4.519871e-03	-1.514795e+00
4.655000e-05	6.038695e-02	-1.673707e+00
4.656000e-05	4.588199e-02	-1.914291e+00
4.657000e-05	-5.136699e-02	-2.239632e+00
4.658000e-05	-2.137971e-02	-2.535289e+00
4.659000e-05	-8.808431e-02	-2.693742e+00
4.660000e-05	-1.461734e-02	-2.789950e+00
4.661000e-05	1.346493e-01	-2.881612e+00
4.662000e-05	-1.216170e-01	-3.186495e+00
4.663000e-05	2.371144e-02	-3.389501e+00
4.664000e-05	8.412088e-02	-3.491162e+00
4.665000e-05	-1.218863e-01	-3.766525e+00
4.666000e-05	1.342649e-01	-4.018501e+00
4.667000e-05	-1.178715e-02	-4.176295e+00
4.668000e-05	-1.431970e-01	-4.387450e+00
4.669000e-05	9.519632e-02	-4.473217e+00
4.670000e-05	-3.940854e-02	-4.764822e+00
4.671000e-05	6.607042e-02	-4.996974e+00
4.672000e-05	2.101875e-02	-5.134786e+00
4.673000e-05	-1.112619e-01	-5.449111e+00
4.674000e-05	1.070931e-01	-5.607426e+00
4.675000e-05	-3.310027e-02	-5.806399e+00
4.676000e-05	2.171346e-02	-5.986869e+00
4.677000e-05	-1.946378e-02	-6.113165e+00
4.678000e-05	-3.892944e-02	-6.396874e+00
4.679000e-05	1.019749e-01	-6.534267e+00
4.680000e-05	-5.676408e-02	-6.721291e+00
4.681000e-05	4.993637e-02	-6.850057e+00
4.682000e-05	-5.153989e-02	-7.057676e+00
4.683000e-05	-1.730069e-02	-7.269607e+00
4.684000e-05	9.224166e-02	-7.408449e+00
4.685000e-05	-4.348130e-02	-7.595350e+00
4.686000e-05	4.305341e-02	-7.772851e+00
4.687000e-05	-5.613110e-02	-7.942796e+00
4.688000e-05	4.545381e-02	-8.131720e+00
4.689000e-05	2.680527e-02	-8.259080e+00
4.690000e-05	-3.084453e-02	-8.394924e+00
4.691000e-05	1.291284e-02	-8.541317e+00
4.692000e-05	-3.172024e-02	-8.711193e+00
4.693000e-05	7.425333e-02	-8.877607e+00
4.694000e-05	-8.766639e-03	-8.994948e+00
4.695000e-05	7.358550e-03	-9.090691e+00
4.696000e-05	-1.295804e-02	-9.197450e+00
4.697000e-05	9.048095e-03	-9.392355e+00
4.698000e-05	4.123379e-02	-9.490741e+00
4.699000e-05	-1.550285e-02	-9.637983e+00
4.700000e-05	6.911809e-03	-9.723320e+00
4.701000e-05	-1.420614e-02	-9.838529e+00
4.702000e-05	4.378682e-02	-9.931839e+00
4.703000e-05	1.584334e-02	-1.002798e+01
4.704000e-05	2.563864e-03	-1.018290e+01
4.705000e-05	-7.082205e-03	-1.024811e+01
4.706000e-05	1.023947e-02	-1.038590e+01
4.707000e-05	3.324029e-02	-1.044861e+01
4.708000e-05	7.631358e-03	-1.055392e+01
4.709000e-05	1.303987e-03	-1.062753e+01
4.710000e-05	-2.887598e-03	-1.072219e+01
4.711000e-05	2.911724e-02	-1.075594e+01
4.712000e-05	2.441389e-02	-1.086753e+01
4.713000e-05	1.031232e-02	-1.093262e+01
4.714000e-05	-1.005863e-03	-1.095282e+01
4.715000e-05	1.446830e-02	-1.102746e+01
4.716000e-05	3.060892e-02	-1.109069e+01
4.717000e-05	1.824085e-02	-1.112374e+01
4.718000e-05	3.911911e-03	-1.116442e+01
4.719000e-05	2.663778e-03	-1.124901e+01
4.720000e-05	2.386696e-02	-1.127872e+01
4.721000e-05	2.800879e-02	-1.136374e+01
4.722000e-05	1.970870e-02	-1.140378e+01
4.723000e-05	1.015064e-02	-1.142490e+01
4.724000e-05	1.880438e-02	-1.140914e+01
4.725000e-05	3.226723e-02	-1.148997e+01
4.726000e-05	2.486655e-02	-1.150009e+01
4.727000e-05	1.235264e-02	-1.152269e+01
4.728000e-05	9.497294e-03	-1.150075e+01
4.729000e-05	2.632712e-02	-1.154267e+01
4.730000e-05	3.477763e-02	-1.148172e+01
4.731000e-05	3.073174e-02	-1.151267e+01
4.732000e-05	1.996409e-02	-1.150124e+01
4.733000e-05	2.482532e-02	-1.148226e+01
4.734000e-05	3.558172e-02	-1.149006e+01
4.735000e-05	3.397383e-02	-1.144859e+01
4.736000e-05	2.440100e-02	-1.146490e+01
4.737000e-05	2.305136e-02	-1.139645e+01
4.738000e-05	3.230104e-02	-1.136240e+01
4.739000e-05	4.331254e-02	-1.131069e+01
4.740000e-05	3.649232e-02	-1.123753e+01
4.741000e-05	2.817082e-02	-1.124378e+01
4.742000e-05	2.859992e-02	-1.117394e+01
4.743000e-05	3.947886e-02	-1.113112e+01
4.744000e-05	3.951385e-02	-1.100800e+01
4.745000e-05	3.283790e-02	-1.102692e+01
4.746000e-05	2.548922e-02	-1.092279e+01
4.747000e-05	3.168360e-02	-1.088124e+01
4.748000e-05	3.506587e-02	-1.076743e+01
4.749000e-05	3.109773e-02	-1.076482e+01
4.750000e-05	2.189874e-02	-1.070061e+01
4.751000e-05	2.200222e-02	-1.059695e+01
4.752000e-05	2.831275e-02	-1.053327e+01
4.753000e-05	2.980840e-02	-1.046758e+01
4.754000e-05	2.328060e-02	-1.034329e+01
4.755000e-05	1.591279e-02	-1.023506e+01
4.756000e-05	1.786273e-02	-1.009072e+01
4.757000e-05	2.146538e-02	-1.000793e+01
4.758000e-05	1.922738e-02	-9.881318e+00
4.759000e-05	1.241376e-02	-9.766450e+00
4.760000e-05	1.027447e-02	-9.693740e+00
4.761000e-05	1.465770e-02	-9.616451e+00
4.762000e-05	1.746991e-02	-9.500058e+00
4.763000e-05	1.340029e-02	-9.313742e+00
4.764000e-05	6.225220e-03	-9.186902e+00
4.765000e-05	6.808749e-03	-9.090136e+00
4.766000e-05	1.114207e-02	-8.934393e+00
4.767000e-05	1.083849e-02	-8.807453e+00
4.768000e-05	4.387629e-03	-8.670536e+00
4.769000e-05	3.004183e-03	-8.530765e+00
4.770000e-05	6.655548e-03	-8.366924e+00
4.771000e-05	1.085322e-02	-8.220008e+00
4.772000e-05	8.436974e-03	-8.111614e+00
4.773000e-05	2.715553e-03	-7.953916e+00
4.774000e-05	2.318671e-03	-7.752371e+00
4.775000e-05	4.323761e-03	-7.565348e+00
4.776000e-05	5.459800e-03	-7.388004e+00
4.777000e-05	4.781212e-04	-7.240080e+00
4.778000e-05	-9.246580e-04	-7.081060e+00
4.779000e-05	1.057189e-03	-6.861062e+00
4.780000e-05	5.153974e-03	-6.713715e+00
4.781000e-05	2.831078e-03	-6.575317e+00
4.782000e-05	-2.153346e-03	-6.387451e+00
4.783000e-05	-1.949474e-03	-6.217325e+00
4.784000e-05	4.327397e-04	-5.986975e+00
4.785000e-05	3.576045e-03	-5.758929e+00
4.786000e-05	-1.093868e-03	-5.650579e+00
4.787000e-05	-3.555684e-03	-5.420084e+00
4.788000e-05	-1.256206e-03	-5.188928e+00
4.789000e-05	1.876474e-03	-4.997946e+00
4.790000e-05	-6.966835e-04	-4.743198e+00
4.791000e-05	-2.349023e-03	-4.535870e+00
4.792000e-05	-3.573034e-03	-4.409449e+00
4.793000e-05	-1.316045e-03	-4.240530e+00
4.794000e-05	-6.084882e-04	-4.040130e+00
4.795000e-05	-2.533498e-03	-3.852182e+00
4.796000e-05	-4.755894e-03	-3.650030e+00
4.797000e-05	-3.934301e-03	-3.418109e+00
4.798000e-05	-2.198575e-03	-3.242085e+00
4.799000e-05	-2.761618e-03	-3.008975e+00
4.800000e-05	-4.135806e-03	-2.778979e+00
4.801000e-05	-4.515441e-03	-2.600029e+00
4.802000e-05	-2.724320e-03	-2.440001e+00
4.803000e-05	-1.888853e-03	-2.177400e+00
4.804000e-05	-3.162909e-03	-1.998942e+00
4.805000e-05	-4.878955e-03	-1.787422e+00
4.806000e-05	-5.492132e-03	-1.598399e+00
4.807000e-05	-4.918987e-03	-1.324259e+00
4.808000e-05	-4.480765e-03	-1.103708e+00
4.809000e-05	-5.412492e-03	-9.226890e-01
4.810000e-05	-6.541303e-03	-6.252090e-01
4.811000e-05	-4.602804e-03	-4.000052e-01
4.812000e-05	-4.425404e-03	-2.196053e-01
4.813000e-05	-6.433595e-04	-5.110527e-02
4.814000e-05	2.901525e-03	1.469223e-01
4.815000e-05	-2.423493e-03	3.685001e-01
4.816000e-05	2.151130e-05	5.773924e-01
4.817000e-05	-2.400934e-03	7.483687e-01
4.818000e-05	-2.820750e-03	9.048646e-01
4.819000e-05	-4.066241e-03	1.168501e+00
4.820000e-05	5.619004e-04	1.388522e+00
4.821000e-05	1.855388e-02	1.631105e+00
4.822000e-05	6.380653e-02	1.853132e+00
4.823000e-05	1.264322e-03	2.093713e+00
4.824000e-05	-5.429001e-02	2.284237e+00
4.825000e-05	-3.407513e-02	2.503714e+00
4.826000e-05	-6.201941e-02	2.726870e+00
4.827000e-05	-4.045540e-02	2.841110e+00
4.828000e-05	1.123277e-01	2.998953e+00
4.829000e-05	-7.710997e-02	3.210481e+00
4.830000e-05	-2.026762e-02	3.368926e+00
4.831000e-05	1.132495e-01	3.640104e+00
4.832000e-05	-7.259295e-02	3.808533e+00
4.833000e-05	4.284486e-02	3.987420e+00
4.834000e-05	8.170088e-03	4.189475e+00
4.835000e-05	-1.013844e-01	4.400604e+00
4.836000e-05	3.732599e-02	4.637955e+00
4.837000e-05	4.295144e-03	4.851504e+00
4.838000e-05	3.692913e-03	5.100064e+00
4.839000e-05	1.715991e-03	5.325790e+00
4.840000e-05	-5.801146e-02	5.554312e+00
4.841000e-05	2.641497e-02	5.650505e+00
4.842000e-05	-3.155202e-03	5.880163e+00
4.843000e-05	2.350246e-03	6.070586e+00
4.844000e-05	-4.046076e-02	6.240108e+00
4.845000e-05	-4.410169e-03	6.418900e+00
4.846000e-05	3.187614e-02	6.625429e+00
4.847000e-05	-2.152537e-02	6.807901e+00
4.848000e-05	-3.877822e-03	6.956374e+00
4.849000e-05	-3.680536e-02	7.114747e+00
4.850000e-05	-1.529317e-02	7.302083e+00
4.851000e-05	3.062287e-02	7.440609e+00
4.852000e-05	-1.519251e-02	7.670087e+00
4.853000e-05	-1.722902e-02	7.827481e+00
4.854000e-05	-2.410300e-02	8.027632e+00
4.855000e-05	6.252801e-03	8.187327e+00
4.856000e-05	4.169153e-03	8.313266e+00
4.857000e-05	-2.828036e-02	8.439506e+00
4.858000e-05	-2.381488e-02	8.576475e+00
4.859000e-05	-1.659409e-02	8.693192e+00
4.860000e-05	1.849128e-02	8.808449e+00
4.861000e-05	-1.023859e-02	8.964296e+00
4.862000e-05	-2.328280e-02	9.093269e+00
4.863000e-05	-2.355918e-02	9.261510e+00
4.864000e-05	-6.304592e-03	9.405850e+00
4.865000e-05	3.155518e-03	9.482084e+00
4.866000e-05	-2.102510e-02	9.575848e+00
4.867000e-05	-2.588897e-02	9.691161e+00
4.868000e-05	-1.693674e-02	9.849013e+00
4.869000e-05	3.644998e-03	9.984873e+00
4.870000e-05	-8.483173e-03	1.007009e+01
4.871000e-05	-2.671834e-02	1.017537e+01
4.872000e-05	-2.787914e-02	1.029958e+01
4.873000e-05	-1.194989e-02	1.033535e+01
4.874000e-05	-3.662663e-03	1.039743e+01
4.875000e-05	-1.823758e-02	1.051071e+01
4.876000e-05	-2.807940e-02	1.060598e+01
4.877000e-05	-2.275971e-02	1.069012e+01
4.878000e-05	-5.379006e-03	1.076737e+01
4.879000e-05	-1.156165e-02	1.083000e+01
4.880000e-05	-2.692306e-02	1.092321e+01
4.881000e-05	-2.955233e-02	1.097480e+01
4.882000e-05	-1.932105e-02	1.102850e+01
4.883000e-05	-1.129767e-02	1.105059e+01
4.884000e-05	-2.176947e-02	1.112219e+01
4.885000e-05	-2.939181e-02	1.113537e+01
4.886000e-05	-2.463960e-02	1.119635e+01
4.887000e-05	-1.579823e-02	1.122755e+01
4.888000e-05	-1.787088e-02	1.126964e+01
4.889000e-05	-3.128920e-02	1.131159e+01
4.890000e-05	-3.600939e-02	1.140220e+01
4.891000e-05	-2.881848e-02	1.137583e+01
4.892000e-05	-2.211846e-02	1.139478e+01
4.893000e-05	-2.711676e-02	1.142533e+01
4.894000e-05	-3.386790e-02	1.143743e+01
4.895000e-05	-3.107191e-02	1.145701e+01
4.896000e-05	-2.249360e-02	1.144754e+01
4.897000e-05	-2.559061e-02	1.142491e+01
4.898000e-05	-3.665321e-02	1.143548e+01
4.899000e-05	-4.539670e-02	1.140545e+01
4.900000e-05	-3.968983e-02	1.141393e+01
4.901000e-05	-3.369577e-02	1.142180e+01
4.902000e-05	-3.529615e-02	1.136369e+01
4.903000e-05	-3.985678e-02	1.135067e+01
4.904000e-05	-3.969393e-02	1.122803e+01
4.905000e-05	-3.365730e-02	1.121808e+01
4.906000e-05	-3.555297e-02	1.115685e+01
4.907000e-05	-4.260471e-02	1.116482e+01
4.908000e-05	-4.989254e-02	1.110366e+01
4.909000e-05	-4.599068e-02	1.106959e+01
4.910000e-05	-3.917215e-02	1.100748e+01
4.911000e-05	-3.750998e-02	1.096430e+01
4.912000e-05	-3.999127e-02	1.091116e+01
4.913000e-05	-4.084190e-02	1.081058e+01
4.914000e-05	-3.399530e-02	1.074538e+01
4.915000e-05	-3.317315e-02	1.073372e+01
4.916000e-05	-3.555322e-02	1.061660e+01
4.917000e-05	-3.984277e-02	1.050219e+01
4.918000e-05	-3.732194e-02	1.041743e+01
4.919000e-05	-3.006862e-02	1.035479e+01
4.920000e-05	-2.673605e-02	1.025109e+01
4.921000e-05	-2.906503e-02	1.016690e+01
4.922000e-05	-2.924126e-02	1.008109e+01
4.923000e-05	-2.550566e-02	9.958346e+00
4.924000e-05	-1.975171e-02	9.857031e+00
4.925000e-05	-2.303819e-02	9.721666e+00
4.926000e-05	-2.581012e-02	9.566399e+00
4.927000e-05	-2.563940e-02	9.462137e+00
4.928000e-05	-1.780565e-02	9.356477e+00
4.929000e-05	-1.737726e-02	9.251509e+00
4.930000e-05	-1.902949e-02	9.135395e+00
4.931000e-05	-2.112584e-02	9.025404e+00
4.932000e-05	-1.775981e-02	8.859632e+00
4.933000e-05	-1.411074e-02	8.725743e+00
4.934000e-05	-1.425327e-02	8.575453e+00
4.935000e-05	-1.782422e-02	8.440611e+00
4.936000e-05	-1.735439e-02	8.335192e+00
4.937000e-05	-1.250891e-02	8.176480e+00
4.938000e-05	-1.047916e-02	8.028005e+00
4.939000e-05	-1.308091e-02	7.850531e+00
4.940000e-05	-1.609779e-02	7.694165e+00
4.941000e-05	-1.363604e-02	7.555269e+00
4.942000e-05	-1.049255e-02	7.304794e+00
4.943000e-05	-8.714441e-03	7.145395e+00
4.944000e-05	-1.164225e-02	6.997904e+00
4.945000e-05	-1.206693e-02	6.820105e+00
4.946000e-05	-9.425625e-03	6.703688e+00
4.947000e-05	-7.664156e-03	6.441609e+00
4.948000e-05	-1.005934e-02	6.292113e+00
4.949000e-05	-1.216115e-02	6.104741e+00
4.950000e-05	-1.192408e-02	5.977426e+00
4.951000e-05	-8.445477e-03	5.775445e+00
4.952000e-05	-7.571253e-03	5.567850e+00
4.953000e-05	-8.637881e-03	5.408471e+00
4.954000e-05	-9.287907e-03	5.228401e+00
4.955000e-05	-8.161430e-03	4.965267e+00
4.956000e-05	-6.097027e-03	4.765763e+00
4.957000e-05	-7.541410e-03	4.567370e+00
4.958000e-05	-9.320276e-03	4.378920e+00
4.959000e-05	-9.940559e-03	4.147287e+00
4.960000e-05	-6.862300e-03	3.946862e+00
4.961000e-05	-5.330074e-03	3.747867e+00
4.962000e-05	-6.929346e-03	3.597921e+00
4.963000e-05	-8.247078e-03	3.345792e+00
4.964000e-05	-7.167930e-03	3.157292e+00
4.965000e-05	-6.241451e-03	2.946394e+00
4.966000e-05	-5.780941e-03	2.768870e+00
4.967000e-05	-7.222736e-03	2.525718e+00
4.968000e-05	-7.522992e-03	2.275762e+00
4.969000e-05	-6.737866e-03	2.093687e+00
4.970000e-05	-4.800923e-03	1.926339e+00
4.971000e-05	-5.663058e-03	1.695687e+00
4.972000e-05	-5.764057e-03	1.484259e+00
4.973000e-05	-5.775782e-03	1.263635e+00
4.974000e-05	-4.346003e-03	9.915524e-01
4.975000e-05	-4.662230e-03	7.584445e-01
4.976000e-05	-5.616626e-03	5.774247e-01
4.977000e-05	-6.600733e-03	3.984486e-01
4.978000e-05	-4.275992e-03	1.783435e-01
4.979000e-05	-3.505751e-03	-5.223053e-02
4.980000e-05	2.987233e-03	-2.726305e-01
4.981000e-05	-9.271687e-04	-4.421027e-01
4.982000e-05	-7.046399e-04	-6.611355e-01
4.983000e-05	-9.309988e-04	-8.430780e-01
4.984000e-05	-7.297019e-04	-1.042704e+00
4.985000e-05	-2.947064e-03	-1.241057e+00
4.986000e-05	2.452266e-03	-1.481215e+00
4.987000e-05	4.718868e-02	-1.671586e+00
4.988000e-05	6.622786e-02	-1.872164e+00
4.989000e-05	-4.860581e-02	-2.188378e+00
4.990000e-05	-2.070473e-02	-2.501763e+00
4.991000e-05	-7.560019e-02	-2.683736e+00
4.992000e-05	-4.516249e-02	-2.787925e+00
4.993000e-05	1.323762e-01	-2.841555e+00
4.994000e-05	-7.126472e-02	-3.134237e+00
4.995000e-05	-3.601784e-02	-3.377471e+00
4.996000e-05	1.315013e-01	-3.490159e+00
4.997000e-05	-1.239015e-01	-3.692761e+00
4.998000e-05	9.391584e-02	-3.996899e+00
4.999000e-05	4.744904e-02	-4.113844e+00
