# 260612_13:16:21.135073
t	CH1	CH2
0.000000e+00	-1.076289e-03	-5.883286e-01
1.000000e-08	-1.633837e-03	-7.678735e-01
2.000000e-08	-3.853168e-03	-8.335803e-01
3.000000e-08	1.780427e-03	-9.483972e-01
4.000000e-08	3.582430e-02	-1.084688e+00
5.000000e-08	5.810874e-02	-1.261660e+00
6.000000e-08	-3.790277e-02	-1.568352e+00
7.000000e-08	-5.199161e-02	-1.778472e+00
8.000000e-08	-1.001344e-01	-1.833085e+00
9.000000e-08	1.145497e-01	-1.821628e+00
1.000000e-07	1.497572e-02	-1.907920e+00
1.100000e-07	-1.284851e-01	-2.179502e+00
1.200000e-07	7.527515e-02	-2.377838e+00
1.300000e-07	6.519269e-02	-2.368971e+00
1.400000e-07	-1.235664e-01	-2.578451e+00
1.500000e-07	9.622343e-02	-2.738820e+00
1.600000e-07	6.416534e-02	-2.809526e+00
1.700000e-07	-1.768163e-01	-2.948399e+00
1.800000e-07	6.970797e-02	-3.147745e+00
1.900000e-07	1.003360e-01	-3.254105e+00
2.000000e-07	-8.494940e-02	-3.420450e+00
2.100000e-07	4.572900e-02	-3.495157e+00
2.200000e-07	-3.536123e-02	-3.620421e+00
2.300000e-07	-2.557517e-02	-3.808452e+00
2.400000e-07	1.242851e-01	-3.903631e+00
2.500000e-07	-9.601427e-02	-4.022555e+00
2.600000e-07	-2.446774e-02	-4.147850e+00
2.700000e-07	7.437894e-02	-4.253633e+00
2.800000e-07	-3.685323e-02	-4.350344e+00
2.900000e-07	4.380193e-02	-4.441108e+00
3.000000e-07	-1.388972e-02	-4.487445e+00
3.100000e-07	-5.365346e-02	-4.706264e+00
3.200000e-07	4.209119e-02	-4.788396e+00
3.300000e-07	1.937791e-02	-4.917890e+00
3.400000e-07	2.268084e-02	-5.053630e+00
3.500000e-07	-3.836404e-02	-5.167467e+00
3.600000e-07	-1.472685e-02	-5.264729e+00
3.700000e-07	6.152198e-02	-5.402580e+00
3.800000e-07	-1.942194e-02	-5.556846e+00
3.900000e-07	1.882601e-03	-5.633504e+00
4.000000e-07	-2.396924e-02	-5.716316e+00
4.100000e-07	5.031157e-03	-5.852585e+00
4.200000e-07	6.276408e-02	-5.925764e+00
4.300000e-07	-2.375358e-02	-5.989100e+00
4.400000e-07	1.273458e-03	-6.034105e+00
4.500000e-07	-1.070262e-02	-6.209927e+00
4.600000e-07	1.395832e-02	-6.346817e+00
4.700000e-07	3.545883e-02	-6.400524e+00
4.800000e-07	-2.658660e-02	-6.451633e+00
4.900000e-07	1.478825e-04	-6.526794e+00
5.000000e-07	3.209917e-03	-6.600904e+00
5.100000e-07	3.018720e-02	-6.694712e+00
5.200000e-07	1.510781e-02	-6.736291e+00
5.300000e-07	-2.304603e-02	-6.800978e+00
5.400000e-07	6.272050e-03	-6.813158e+00
5.500000e-07	1.260112e-02	-6.907916e+00
5.600000e-07	2.536081e-02	-7.041128e+00
5.700000e-07	1.768275e-03	-7.126840e+00
5.800000e-07	-1.648605e-02	-7.189523e+00
5.900000e-07	1.380628e-02	-7.200552e+00
6.000000e-07	2.148632e-02	-7.264133e+00
6.100000e-07	1.867744e-02	-7.296366e+00
6.200000e-07	-6.221929e-03	-7.357892e+00
6.300000e-07	-3.305769e-03	-7.370529e+00
6.400000e-07	2.375587e-02	-7.400555e+00
6.500000e-07	2.021170e-02	-7.474633e+00
6.600000e-07	7.760762e-03	-7.476816e+00
6.700000e-07	-8.736749e-03	-7.556446e+00
6.800000e-07	8.148819e-03	-7.538894e+00
6.900000e-07	2.362117e-02	-7.571521e+00
7.000000e-07	1.625362e-02	-7.633154e+00
7.100000e-07	5.295574e-03	-7.663183e+00
7.200000e-07	2.251626e-05	-7.653578e+00
7.300000e-07	1.981979e-02	-7.687687e+00
7.400000e-07	2.424484e-02	-7.705882e+00
7.500000e-07	1.185545e-02	-7.727471e+00
7.600000e-07	5.990061e-04	-7.759467e+00
7.700000e-07	7.250313e-03	-7.750946e+00
7.800000e-07	2.431070e-02	-7.760025e+00
7.900000e-07	2.141483e-02	-7.769077e+00
8.000000e-07	8.927425e-03	-7.722027e+00
8.100000e-07	5.428396e-03	-7.771898e+00
8.200000e-07	1.951880e-02	-7.696840e+00
8.300000e-07	2.642023e-02	-7.698993e+00
8.400000e-07	1.866500e-02	-7.727689e+00
8.500000e-07	7.138917e-03	-7.665634e+00
8.600000e-07	1.279106e-02	-7.663684e+00
8.700000e-07	2.453568e-02	-7.653055e+00
8.800000e-07	2.586779e-02	-7.621527e+00
8.900000e-07	1.476779e-02	-7.598395e+00
9.000000e-07	1.010758e-02	-7.549420e+00
9.100000e-07	2.007362e-02	-7.486819e+00
9.200000e-07	2.870533e-02	-7.445738e+00
9.300000e-07	2.335484e-02	-7.435204e+00
9.400000e-07	1.358076e-02	-7.400601e+00
9.500000e-07	1.534925e-02	-7.349421e+00
9.600000e-07	2.392857e-02	-7.316862e+00
9.700000e-07	2.627435e-02	-7.276262e+00
9.800000e-07	1.757266e-02	-7.210080e+00
9.900000e-07	1.199733e-02	-7.189974e+00
1.000000e-06	1.826276e-02	-7.159420e+00
1.010000e-06	2.570723e-02	-7.105890e+00
1.020000e-06	2.287878e-02	-6.983630e+00
1.030000e-06	1.461119e-02	-6.935315e+00
1.040000e-06	1.327347e-02	-6.842181e+00
1.050000e-06	2.111433e-02	-6.799498e+00
1.060000e-06	2.276415e-02	-6.738340e+00
1.070000e-06	1.588062e-02	-6.643685e+00
1.080000e-06	8.412068e-03	-6.600475e+00
1.090000e-06	1.225422e-02	-6.545716e+00
1.100000e-06	1.913880e-02	-6.434175e+00
1.110000e-06	1.791489e-02	-6.399998e+00
1.120000e-06	9.522464e-03	-6.295735e+00
1.130000e-06	7.244218e-03	-6.162998e+00
1.140000e-06	1.374494e-02	-6.062737e+00
1.150000e-06	1.551252e-02	-6.011524e+00
1.160000e-06	1.154145e-02	-5.906868e+00
1.170000e-06	3.850705e-03	-5.831632e+00
1.180000e-06	5.489765e-03	-5.726842e+00
1.190000e-06	1.047011e-02	-5.632055e+00
1.200000e-06	1.222237e-02	-5.579422e+00
1.210000e-06	6.335133e-03	-5.423029e+00
1.220000e-06	1.799066e-03	-5.304808e+00
1.230000e-06	5.512983e-03	-5.138474e+00
1.240000e-06	1.029183e-02	-5.053105e+00
1.250000e-06	7.633568e-03	-4.937969e+00
1.260000e-06	7.345580e-04	-4.728870e+00
1.270000e-06	1.996231e-04	-4.651630e+00
1.280000e-06	4.690959e-03	-4.560371e+00
1.290000e-06	7.037767e-03	-4.452104e+00
1.300000e-06	2.497892e-03	-4.389924e+00
1.310000e-06	-1.625181e-03	-4.284184e+00
1.320000e-06	9.887040e-04	-4.158496e+00
1.330000e-06	5.427320e-03	-4.062979e+00
1.340000e-06	4.576119e-03	-3.988845e+00
1.350000e-06	-1.252084e-03	-3.748546e+00
1.360000e-06	-3.006013e-03	-3.621603e+00
1.370000e-06	4.447066e-04	-3.487866e+00
1.380000e-06	3.546044e-03	-3.401020e+00
1.390000e-06	-1.827361e-04	-3.241660e+00
1.400000e-06	-3.563478e-03	-3.188544e+00
1.410000e-06	-2.299604e-03	-3.000101e+00
1.420000e-06	2.607628e-03	-2.841603e+00
1.430000e-06	1.895981e-03	-2.757367e+00
1.440000e-06	-3.237634e-03	-2.600075e+00
1.450000e-06	-4.890742e-03	-2.462683e+00
1.460000e-06	-2.803276e-03	-2.349441e+00
1.470000e-06	9.992576e-04	-2.158600e+00
1.480000e-06	-8.297365e-04	-2.051652e+00
1.490000e-06	-4.821826e-03	-1.896790e+00
1.500000e-06	-4.797931e-03	-1.789499e+00
1.510000e-06	-8.850234e-05	-1.652130e+00
1.520000e-06	-3.390560e-04	-1.524833e+00
1.530000e-06	-3.373580e-03	-1.287939e+00
1.540000e-06	-7.020227e-03	-1.157921e+00
1.550000e-06	-4.226426e-03	-1.011550e+00
1.560000e-06	-1.965756e-03	-8.816843e-01
1.570000e-06	-2.695607e-03	-7.489448e-01
1.580000e-06	-5.462897e-03	-6.190227e-01
1.590000e-06	-5.342252e-03	-4.515527e-01
1.600000e-06	-2.928315e-03	-3.053870e-01
1.610000e-06	-2.221287e-03	-1.894498e-01
1.620000e-06	-2.824503e-03	-9.212789e-02
1.630000e-06	-2.564475e-03	7.318278e-02
1.640000e-06	-1.694726e-03	2.215313e-01
1.650000e-06	4.775432e-04	4.089274e-01
1.660000e-06	-3.076728e-04	4.541605e-01
1.670000e-06	-4.091958e-03	5.904714e-01
1.680000e-06	-4.613275e-03	7.574222e-01
1.690000e-06	-5.710363e-04	8.230303e-01
1.700000e-06	1.240866e-02	1.042628e+00
1.710000e-06	4.572283e-02	1.201055e+00
1.720000e-06	1.655759e-02	1.410579e+00
1.730000e-06	-4.595130e-02	1.644063e+00
1.740000e-06	-7.231842e-02	1.789919e+00
1.750000e-06	-6.174131e-02	1.841553e+00
1.760000e-06	1.182227e-01	1.926293e+00
1.770000e-06	-1.993572e-02	2.084587e+00
1.780000e-06	-1.175241e-01	2.187897e+00
1.790000e-06	1.067004e-01	2.244235e+00
1.800000e-06	3.682916e-03	2.454234e+00
1.810000e-06	-7.956447e-02	2.569998e+00
1.820000e-06	9.223966e-02	2.693815e+00
1.830000e-06	-8.477665e-03	2.852635e+00
1.840000e-06	-1.435004e-01	2.989499e+00
1.850000e-06	8.985478e-02	3.104686e+00
1.860000e-06	3.653827e-02	3.190478e+00
1.870000e-06	-5.482216e-02	3.347840e+00
1.880000e-06	6.136667e-03	3.507791e+00
1.890000e-06	-4.062621e-02	3.642630e+00
1.900000e-06	1.286925e-02	3.766345e+00
1.910000e-06	4.344075e-02	3.845260e+00
1.920000e-06	-5.863444e-02	3.968474e+00
1.930000e-06	-2.452074e-02	4.115892e+00
1.940000e-06	3.139699e-02	4.244655e+00
1.950000e-06	-7.521228e-03	4.380500e+00
1.960000e-06	8.694681e-03	4.504662e+00
1.970000e-06	-3.160724e-02	4.601475e+00
1.980000e-06	-3.376009e-02	4.697820e+00
1.990000e-06	6.298437e-03	4.830530e+00
2.000000e-06	3.547139e-02	4.956802e+00
2.010000e-06	-2.043526e-02	5.088415e+00
2.020000e-06	-4.922815e-02	5.272634e+00
2.030000e-06	8.163837e-03	5.369896e+00
2.040000e-06	1.295495e-02	5.444157e+00
2.050000e-06	-3.859691e-03	5.547318e+00
2.060000e-06	-2.870053e-02	5.633055e+00
2.070000e-06	-3.003408e-02	5.749345e+00
2.080000e-06	8.032396e-03	5.896288e+00
2.090000e-06	1.861452e-02	5.968444e+00
2.100000e-06	-2.143127e-02	6.052182e+00
2.110000e-06	-3.136984e-02	6.136293e+00
2.120000e-06	-1.559325e-02	6.200029e+00
2.130000e-06	1.125506e-02	6.285261e+00
2.140000e-06	5.328583e-03	6.358945e+00
2.150000e-06	-2.987541e-02	6.411180e+00
2.160000e-06	-2.442173e-02	6.515812e+00
2.170000e-06	-3.904936e-03	6.643025e+00
2.180000e-06	1.194225e-02	6.706312e+00
2.190000e-06	-1.790808e-02	6.779397e+00
2.200000e-06	-3.184986e-02	6.830579e+00
2.210000e-06	-1.920032e-02	6.854286e+00
2.220000e-06	2.486117e-03	6.948894e+00
2.230000e-06	2.900457e-03	7.010500e+00
2.240000e-06	-2.503206e-02	7.052607e+00
2.250000e-06	-2.767422e-02	7.106293e+00
2.260000e-06	-1.063696e-02	7.158895e+00
2.270000e-06	4.318832e-03	7.210475e+00
2.280000e-06	-1.335761e-02	7.221655e+00
2.290000e-06	-3.063564e-02	7.263633e+00
2.300000e-06	-2.135371e-02	7.347917e+00
2.310000e-06	-3.404202e-03	7.361076e+00
2.320000e-06	-2.870014e-03	7.473281e+00
2.330000e-06	-2.311197e-02	7.517766e+00
2.340000e-06	-2.937042e-02	7.517395e+00
2.350000e-06	-1.633649e-02	7.598421e+00
2.360000e-06	-3.189390e-03	7.600001e+00
2.370000e-06	-1.518711e-02	7.610525e+00
2.380000e-06	-2.767797e-02	7.632155e+00
2.390000e-06	-2.717567e-02	7.676210e+00
2.400000e-06	-1.093318e-02	7.695264e+00
2.410000e-06	-7.766731e-03	7.704261e+00
2.420000e-06	-2.388400e-02	7.672235e+00
2.430000e-06	-3.074369e-02	7.655615e+00
2.440000e-06	-2.274509e-02	7.686311e+00
2.450000e-06	-8.944054e-03	7.686286e+00
2.460000e-06	-1.615572e-02	7.706340e+00
2.470000e-06	-2.911846e-02	7.715759e+00
2.480000e-06	-3.096369e-02	7.656836e+00
2.490000e-06	-1.931542e-02	7.663755e+00
2.500000e-06	-1.602375e-02	7.693760e+00
2.510000e-06	-2.607471e-02	7.655157e+00
2.520000e-06	-3.336515e-02	7.642607e+00
2.530000e-06	-2.698053e-02	7.642003e+00
2.540000e-06	-1.608517e-02	7.612523e+00
2.550000e-06	-1.962418e-02	7.579996e+00
2.560000e-06	-3.014962e-02	7.538921e+00
2.570000e-06	-3.446412e-02	7.566769e+00
2.580000e-06	-2.573777e-02	7.466638e+00
2.590000e-06	-1.978681e-02	7.393005e+00
2.600000e-06	-2.677150e-02	7.306469e+00
2.610000e-06	-3.505678e-02	7.283784e+00
2.620000e-06	-3.049104e-02	7.199627e+00
2.630000e-06	-2.095128e-02	7.219502e+00
2.640000e-06	-2.256904e-02	7.168948e+00
2.650000e-06	-2.965656e-02	7.106861e+00
2.660000e-06	-3.305173e-02	7.043688e+00
2.670000e-06	-2.566507e-02	7.012000e+00
2.680000e-06	-2.160167e-02	6.936391e+00
2.690000e-06	-2.546214e-02	6.895213e+00
2.700000e-06	-3.125215e-02	6.821054e+00
2.710000e-06	-2.917609e-02	6.768975e+00
2.720000e-06	-1.909015e-02	6.716293e+00
2.730000e-06	-1.971032e-02	6.633625e+00
2.740000e-06	-2.405015e-02	6.543285e+00
2.750000e-06	-2.827534e-02	6.432100e+00
2.760000e-06	-1.895261e-02	6.370048e+00
2.770000e-06	-1.529793e-02	6.295839e+00
2.780000e-06	-1.754663e-02	6.211528e+00
2.790000e-06	-2.513284e-02	6.115365e+00
2.800000e-06	-2.341581e-02	6.083707e+00
2.810000e-06	-1.700555e-02	6.009500e+00
2.820000e-06	-1.335465e-02	5.926891e+00
2.830000e-06	-1.614042e-02	5.779974e+00
2.840000e-06	-1.893882e-02	5.663657e+00
2.850000e-06	-1.646985e-02	5.558447e+00
2.860000e-06	-1.175978e-02	5.503162e+00
2.870000e-06	-1.115740e-02	5.368998e+00
2.880000e-06	-1.691481e-02	5.293688e+00
2.890000e-06	-1.824630e-02	5.179470e+00
2.900000e-06	-1.343995e-02	5.038102e+00
2.910000e-06	-9.901933e-03	4.882787e+00
2.920000e-06	-1.245872e-02	4.739994e+00
2.930000e-06	-1.419058e-02	4.662153e+00
2.940000e-06	-1.222573e-02	4.547366e+00
2.950000e-06	-8.517774e-03	4.442579e+00
2.960000e-06	-8.171453e-03	4.358971e+00
2.970000e-06	-1.149052e-02	4.210004e+00
2.980000e-06	-1.269096e-02	4.102202e+00
2.990000e-06	-1.001973e-02	3.947818e+00
3.000000e-06	-7.354380e-03	3.854076e+00
3.010000e-06	-8.712568e-03	3.704836e+00
3.020000e-06	-1.139294e-02	3.611076e+00
3.030000e-06	-1.043470e-02	3.483807e+00
3.040000e-06	-5.920767e-03	3.307284e+00
3.050000e-06	-5.025372e-03	3.199946e+00
3.060000e-06	-7.311893e-03	3.093712e+00
3.070000e-06	-9.966559e-03	2.947342e+00
3.080000e-06	-7.417745e-03	2.821026e+00
3.090000e-06	-6.594686e-03	2.717360e+00
3.100000e-06	-7.033768e-03	2.506790e+00
3.110000e-06	-8.640629e-03	2.380094e+00
3.120000e-06	-8.732346e-03	2.263658e+00
3.130000e-06	-5.707114e-03	2.126314e+00
3.140000e-06	-4.121170e-03	2.041074e+00
3.150000e-06	-6.165057e-03	1.896782e+00
3.160000e-06	-6.313044e-03	1.775964e+00
3.170000e-06	-5.724577e-03	1.610020e+00
3.180000e-06	-4.959011e-03	1.449027e+00
3.190000e-06	-5.467034e-03	1.284708e+00
3.200000e-06	-6.549489e-03	1.166466e+00
3.210000e-06	-6.971820e-03	9.683658e-01
3.220000e-06	-5.179791e-03	7.996251e-01
3.230000e-06	-3.651889e-03	7.052044e-01
3.240000e-06	-3.693657e-03	5.363683e-01
3.250000e-06	-4.851765e-03	3.700452e-01
3.260000e-06	-5.293915e-03	3.036855e-01
3.270000e-06	-3.876063e-03	9.375916e-02
3.280000e-06	-2.497418e-03	-2.253145e-02
3.290000e-06	-1.646634e-03	-1.768710e-01
3.300000e-06	-1.851398e-03	-2.846892e-01
3.310000e-06	-2.500983e-03	-4.094751e-01
3.320000e-06	-1.135412e-05	-5.288210e-01
3.330000e-06	-1.374316e-03	-6.942643e-01
3.340000e-06	-2.472458e-03	-8.311063e-01
3.350000e-06	-1.428557e-03	-9.293171e-01
3.360000e-06	2.086162e-02	-1.052137e+00
3.370000e-06	6.465192e-02	-1.212005e+00
3.380000e-06	-1.290408e-02	-1.474236e+00
3.390000e-06	-4.475893e-02	-1.695741e+00
3.400000e-06	-1.032708e-01	-1.851034e+00
3.410000e-06	4.985742e-02	-1.831154e+00
3.420000e-06	9.001765e-02	-1.883168e+00
3.430000e-06	-1.208350e-01	-2.097742e+00
3.440000e-06	-1.683369e-02	-2.358372e+00
3.450000e-06	1.254472e-01	-2.356818e+00
3.460000e-06	-1.209557e-01	-2.514318e+00
3.470000e-06	1.990273e-02	-2.737762e+00
3.480000e-06	1.282208e-01	-2.777924e+00
3.490000e-06	-1.609413e-01	-2.855268e+00
3.500000e-06	-3.273906e-02	-3.134212e+00
3.510000e-06	1.476097e-01	-3.201449e+00
3.520000e-06	-7.233956e-02	-3.337370e+00
3.530000e-06	1.013195e-02	-3.432209e+00
3.540000e-06	1.186690e-02	-3.526396e+00
3.550000e-06	-7.161916e-02	-3.695918e+00
3.560000e-06	1.208349e-01	-3.842512e+00
3.570000e-06	-3.223446e-02	-3.958997e+00
3.580000e-06	-8.593706e-02	-4.127792e+00
3.590000e-06	8.281659e-02	-4.220078e+00
3.600000e-06	-1.613590e-02	-4.306871e+00
3.610000e-06	1.076785e-02	-4.442080e+00
3.620000e-06	2.976283e-02	-4.514339e+00
3.630000e-06	-7.291631e-02	-4.703610e+00
3.640000e-06	2.954719e-02	-4.748345e+00
3.650000e-06	2.624486e-02	-4.894784e+00
3.660000e-06	2.171546e-02	-5.031133e+00
3.670000e-06	-1.350252e-02	-5.087239e+00
3.680000e-06	-4.551524e-02	-5.240956e+00
3.690000e-06	6.306746e-02	-5.399342e+00
3.700000e-06	-6.973129e-04	-5.526216e+00
3.710000e-06	-8.739560e-03	-5.602050e+00
3.720000e-06	-1.061842e-02	-5.714713e+00
3.730000e-06	-2.247480e-02	-5.842508e+00
3.740000e-06	6.484718e-02	-5.915812e+00
3.750000e-06	-4.199177e-03	-5.969398e+00
3.760000e-06	-9.578377e-03	-6.041551e+00
3.770000e-06	-1.917074e-03	-6.158693e+00
3.780000e-06	-7.722106e-04	-6.283689e+00
3.790000e-06	4.174323e-02	-6.388946e+00
3.800000e-06	-1.305319e-02	-6.432075e+00
3.810000e-06	-1.388394e-02	-6.476316e+00
3.820000e-06	5.712862e-03	-6.548449e+00
3.830000e-06	1.804981e-02	-6.674160e+00
3.840000e-06	3.161048e-02	-6.737787e+00
3.850000e-06	-1.839923e-02	-6.779946e+00
3.860000e-06	-2.009661e-03	-6.853654e+00
3.870000e-06	1.202104e-02	-6.885738e+00
3.880000e-06	1.813572e-02	-7.011025e+00
3.890000e-06	1.547748e-02	-7.096313e+00
3.900000e-06	-2.080849e-02	-7.188419e+00
3.910000e-06	6.235756e-03	-7.200449e+00
3.920000e-06	1.908167e-02	-7.223107e+00
3.930000e-06	2.175228e-02	-7.304209e+00
3.940000e-06	1.585222e-03	-7.357815e+00
3.950000e-06	-1.006246e-02	-7.390946e+00
3.960000e-06	1.918398e-02	-7.392077e+00
3.970000e-06	2.151104e-02	-7.432609e+00
3.980000e-06	1.428838e-02	-7.495813e+00
3.990000e-06	-8.247135e-03	-7.527368e+00
4.000000e-06	1.030322e-03	-7.557424e+00
4.010000e-06	2.146573e-02	-7.589947e+00
4.020000e-06	1.965349e-02	-7.622554e+00
4.030000e-06	9.500506e-03	-7.614185e+00
4.040000e-06	-1.502188e-03	-7.646208e+00
4.050000e-06	1.335263e-02	-7.695235e+00
4.060000e-06	2.490206e-02	-7.727317e+00
4.070000e-06	1.835849e-02	-7.740343e+00
4.080000e-06	3.669793e-03	-7.708975e+00
4.090000e-06	4.105606e-03	-7.759367e+00
4.100000e-06	1.836028e-02	-7.748501e+00
4.110000e-06	2.515535e-02	-7.771396e+00
4.120000e-06	1.332237e-02	-7.792944e+00
4.130000e-06	5.187417e-03	-7.748397e+00
4.140000e-06	1.467973e-02	-7.732293e+00
4.150000e-06	2.480123e-02	-7.717320e+00
4.160000e-06	2.308240e-02	-7.704783e+00
4.170000e-06	1.104434e-02	-7.693167e+00
4.180000e-06	9.897620e-03	-7.643159e+00
4.190000e-06	1.940796e-02	-7.634058e+00
4.200000e-06	2.568759e-02	-7.602554e+00
4.210000e-06	1.972041e-02	-7.580002e+00
4.220000e-06	1.085785e-02	-7.547921e+00
4.230000e-06	1.557316e-02	-7.516391e+00
4.240000e-06	2.503380e-02	-7.465789e+00
4.250000e-06	2.709125e-02	-7.454685e+00
4.260000e-06	1.775997e-02	-7.411050e+00
4.270000e-06	1.449491e-02	-7.379876e+00
4.280000e-06	2.032390e-02	-7.359422e+00
4.290000e-06	2.635704e-02	-7.315287e+00
4.300000e-06	2.169894e-02	-7.230999e+00
4.310000e-06	1.404543e-02	-7.221028e+00
4.320000e-06	1.521162e-02	-7.199474e+00
4.330000e-06	2.258317e-02	-7.137368e+00
4.340000e-06	2.434234e-02	-7.033729e+00
4.350000e-06	1.780956e-02	-6.949872e+00
4.360000e-06	1.299598e-02	-6.872110e+00
4.370000e-06	1.821773e-02	-6.790577e+00
4.380000e-06	2.248424e-02	-6.769946e+00
4.390000e-06	1.857493e-02	-6.676184e+00
4.400000e-06	1.130320e-02	-6.621000e+00
4.410000e-06	1.021656e-02	-6.547863e+00
4.420000e-06	1.578878e-02	-6.472660e+00
4.430000e-06	1.723034e-02	-6.420524e+00
4.440000e-06	1.217053e-02	-6.346869e+00
4.450000e-06	8.846952e-03	-6.202478e+00
4.460000e-06	1.158856e-02	-6.085260e+00
4.470000e-06	1.445296e-02	-6.010578e+00
4.480000e-06	1.268446e-02	-5.978896e+00
4.490000e-06	6.234632e-03	-5.843207e+00
4.500000e-06	4.733160e-03	-5.778396e+00
4.510000e-06	8.828192e-03	-5.652204e+00
4.520000e-06	1.072441e-02	-5.599548e+00
4.530000e-06	6.483168e-03	-5.494211e+00
4.540000e-06	3.068113e-03	-5.307791e+00
4.550000e-06	4.700945e-03	-5.209473e+00
4.560000e-06	9.319142e-03	-5.096789e+00
4.570000e-06	7.747117e-03	-4.979021e+00
4.580000e-06	3.441846e-03	-4.882050e+00
4.590000e-06	1.001398e-03	-4.653687e+00
4.600000e-06	2.979691e-03	-4.591020e+00
4.610000e-06	5.597221e-03	-4.495681e+00
4.620000e-06	3.940023e-03	-4.409449e+00
4.630000e-06	-1.106865e-03	-4.297236e+00
4.640000e-06	-4.685621e-04	-4.189449e+00
4.650000e-06	3.177753e-03	-4.085132e+00
4.660000e-06	6.266097e-03	-3.968924e+00
4.670000e-06	8.157533e-04	-3.842027e+00
4.680000e-06	-1.444797e-03	-3.663228e+00
4.690000e-06	-2.123765e-03	-3.569971e+00
4.700000e-06	3.438613e-03	-3.401702e+00
4.710000e-06	-2.061510e-04	-3.265836e+00
4.720000e-06	-1.494494e-03	-3.201576e+00
4.730000e-06	-4.312758e-03	-3.104209e+00
4.740000e-06	1.278561e-03	-2.893283e+00
4.750000e-06	1.524476e-03	-2.777921e+00
4.760000e-06	-2.372448e-04	-2.623554e+00
4.770000e-06	-4.611659e-03	-2.486811e+00
4.780000e-06	-3.115306e-03	-2.398999e+00
4.790000e-06	9.924892e-05	-2.221104e+00
4.800000e-06	-1.055803e-03	-2.072208e+00
4.810000e-06	-3.156387e-03	-1.928840e+00
4.820000e-06	-5.659560e-03	-1.811078e+00
4.830000e-06	-1.026065e-03	-1.693762e+00
4.840000e-06	1.519005e-04	-1.586943e+00
4.850000e-06	-1.865071e-03	-1.361369e+00
4.860000e-06	-6.007203e-03	-1.199071e+00
4.870000e-06	-5.443486e-03	-1.092634e+00
4.880000e-06	-1.800352e-03	-9.258882e-01
4.890000e-06	-1.073366e-03	-7.500001e-01
4.900000e-06	-5.311770e-03	-6.506581e-01
4.910000e-06	-6.193041e-03	-4.642355e-01
4.920000e-06	-3.012869e-03	-3.464159e-01
4.930000e-06	-1.125830e-03	-2.419778e-01
4.940000e-06	-1.560032e-03	-7.416184e-02
4.950000e-06	-3.389007e-03	1.100507e-02
4.960000e-06	-4.101204e-04	1.659472e-01
4.970000e-06	-8.395750e-04	3.578682e-01
4.980000e-06	3.895533e-04	4.611354e-01
4.990000e-06	-5.992434e-03	5.888937e-01
5.000000e-06	-3.282062e-03	7.092931e-01
5.010000e-06	-4.613543e-04	7.915026e-01
5.020000e-06	8.458175e-03	9.873446e-01
5.030000e-06	3.495902e-02	1.158800e+00
5.040000e-06	3.604358e-02	1.317366e+00
5.050000e-06	-3.768993e-02	1.598397e+00
5.060000e-06	-5.776032e-02	1.737368e+00
5.070000e-06	-8.984844e-02	1.820078e+00
5.080000e-06	7.900987e-02	1.935285e+00
5.090000e-06	4.950571e-02	2.041104e+00
5.100000e-06	-1.286286e-01	2.157868e+00
5.110000e-06	4.017157e-02	2.231128e+00
5.120000e-06	8.870267e-02	2.411051e+00
5.130000e-06	-1.033630e-01	2.528975e+00
5.140000e-06	4.609276e-02	2.654157e+00
5.150000e-06	6.422568e-02	2.781999e+00
5.160000e-06	-1.593925e-01	2.967895e+00
5.170000e-06	2.786103e-02	3.042158e+00
5.180000e-06	8.732185e-02	3.159349e+00
5.190000e-06	-5.332901e-02	3.315786e+00
5.200000e-06	-5.586500e-03	3.495191e+00
5.210000e-06	-2.244946e-02	3.620051e+00
5.220000e-06	-2.233731e-02	3.705792e+00
5.230000e-06	6.140435e-02	3.832582e+00
5.240000e-06	-3.761032e-02	3.957946e+00
5.250000e-06	-4.827694e-02	4.072730e+00
5.260000e-06	2.811607e-02	4.181534e+00
5.270000e-06	4.268489e-04	4.369471e+00
5.280000e-06	6.468136e-03	4.443132e+00
5.290000e-06	-1.880555e-02	4.569499e+00
5.300000e-06	-3.899595e-02	4.685813e+00
5.310000e-06	-1.101213e-02	4.820999e+00
5.320000e-06	3.961548e-02	4.854317e+00
5.330000e-06	-3.112087e-03	5.064688e+00
5.340000e-06	-4.610683e-02	5.201532e+00
5.350000e-06	-1.207815e-02	5.326867e+00
5.360000e-06	1.981498e-02	5.402078e+00
5.370000e-06	8.276755e-04	5.516243e+00
5.380000e-06	-2.111067e-02	5.610528e+00
5.390000e-06	-3.580421e-02	5.664793e+00
5.400000e-06	-6.829964e-03	5.844053e+00
5.410000e-06	2.674331e-02	5.946393e+00
5.420000e-06	-1.325260e-02	6.021001e+00
5.430000e-06	-2.735796e-02	6.086315e+00
5.440000e-06	-2.723585e-02	6.179500e+00
5.450000e-06	7.816964e-03	6.253161e+00
5.460000e-06	9.759041e-03	6.317840e+00
5.470000e-06	-2.132670e-02	6.410501e+00
5.480000e-06	-2.986995e-02	6.494783e+00
5.490000e-06	-1.135591e-02	6.600921e+00
5.500000e-06	1.318463e-02	6.705789e+00
5.510000e-06	-7.527881e-03	6.746473e+00
5.520000e-06	-2.978497e-02	6.791554e+00
5.530000e-06	-2.648908e-02	6.883709e+00
5.540000e-06	-1.362778e-03	6.916370e+00
5.550000e-06	4.859449e-03	6.990422e+00
5.560000e-06	-1.528464e-02	7.053132e+00
5.570000e-06	-3.129763e-02	7.106339e+00
5.580000e-06	-1.657757e-02	7.179398e+00
5.590000e-06	4.376846e-03	7.199525e+00
5.600000e-06	-6.948742e-03	7.220079e+00
5.610000e-06	-2.715501e-02	7.222654e+00
5.620000e-06	-3.004337e-02	7.319317e+00
5.630000e-06	-7.002773e-03	7.403070e+00
5.640000e-06	-9.705642e-04	7.495651e+00
5.650000e-06	-1.491445e-02	7.506219e+00
5.660000e-06	-3.009988e-02	7.548892e+00
5.670000e-06	-2.104930e-02	7.568474e+00
5.680000e-06	-4.936592e-03	7.600028e+00
5.690000e-06	-1.031678e-02	7.611050e+00
5.700000e-06	-2.527772e-02	7.661678e+00
5.710000e-06	-3.041598e-02	7.663710e+00
5.720000e-06	-1.559939e-02	7.685258e+00
5.730000e-06	-6.557221e-03	7.674682e+00
5.740000e-06	-1.659254e-02	7.654707e+00
5.750000e-06	-3.019497e-02	7.686362e+00
5.760000e-06	-2.811755e-02	7.717738e+00
5.770000e-06	-1.393989e-02	7.675811e+00
5.780000e-06	-1.246785e-02	7.686283e+00
5.790000e-06	-2.432489e-02	7.697291e+00
5.800000e-06	-3.253478e-02	7.715782e+00
5.810000e-06	-2.224686e-02	7.654756e+00
5.820000e-06	-1.472100e-02	7.653658e+00
5.830000e-06	-2.079467e-02	7.684653e+00
5.840000e-06	-3.307416e-02	7.672153e+00
5.850000e-06	-3.297659e-02	7.632177e+00
5.860000e-06	-2.093843e-02	7.600999e+00
5.870000e-06	-1.769606e-02	7.579025e+00
5.880000e-06	-2.672250e-02	7.568395e+00
5.890000e-06	-3.462276e-02	7.547291e+00
5.900000e-06	-2.810470e-02	7.485706e+00
5.910000e-06	-2.070349e-02	7.421607e+00
5.920000e-06	-2.245703e-02	7.348546e+00
5.930000e-06	-3.396858e-02	7.264760e+00
5.940000e-06	-3.515895e-02	7.231603e+00
5.950000e-06	-2.566089e-02	7.210023e+00
5.960000e-06	-2.033954e-02	7.169396e+00
5.970000e-06	-2.565569e-02	7.177916e+00
5.980000e-06	-3.205422e-02	7.054258e+00
5.990000e-06	-2.879467e-02	7.031625e+00
6.000000e-06	-2.093899e-02	6.978395e+00
6.010000e-06	-2.201756e-02	6.895388e+00
6.020000e-06	-2.945464e-02	6.822154e+00
6.030000e-06	-3.225760e-02	6.811023e+00
6.040000e-06	-2.518558e-02	6.767470e+00
6.050000e-06	-1.840717e-02	6.681704e+00
6.060000e-06	-2.085887e-02	6.536842e+00
6.070000e-06	-2.628261e-02	6.461104e+00
6.080000e-06	-2.264339e-02	6.389499e+00
6.090000e-06	-1.898842e-02	6.326312e+00
6.100000e-06	-1.551197e-02	6.242704e+00
6.110000e-06	-2.090696e-02	6.169016e+00
6.120000e-06	-2.439504e-02	6.093738e+00
6.130000e-06	-2.085330e-02	5.981101e+00
6.140000e-06	-1.481966e-02	5.958420e+00
6.150000e-06	-1.362214e-02	5.811681e+00
6.160000e-06	-1.901471e-02	5.686336e+00
6.170000e-06	-1.881408e-02	5.620072e+00
6.180000e-06	-1.390065e-02	5.505790e+00
6.190000e-06	-1.009058e-02	5.411625e+00
6.200000e-06	-1.438863e-02	5.315240e+00
6.210000e-06	-1.802189e-02	5.232022e+00
6.220000e-06	-1.648050e-02	5.043757e+00
6.230000e-06	-1.041319e-02	4.885286e+00
6.240000e-06	-9.669242e-03	4.769499e+00
6.250000e-06	-1.333119e-02	4.673784e+00
6.260000e-06	-1.438405e-02	4.588919e+00
6.270000e-06	-9.864748e-03	4.474710e+00
6.280000e-06	-6.106375e-03	4.399395e+00
6.290000e-06	-8.827270e-03	4.183203e+00
6.300000e-06	-1.157118e-02	4.024182e+00
6.310000e-06	-1.273332e-02	3.958947e+00
6.320000e-06	-9.019049e-03	3.833680e+00
6.330000e-06	-7.922320e-03	3.777391e+00
6.340000e-06	-1.098000e-02	3.621578e+00
6.350000e-06	-1.145166e-02	3.547287e+00
6.360000e-06	-7.803137e-03	3.328921e+00
6.370000e-06	-5.476180e-03	3.210552e+00
6.380000e-06	-6.534575e-03	3.115761e+00
6.390000e-06	-9.435858e-03	3.000996e+00
6.400000e-06	-9.414469e-03	2.864705e+00
6.410000e-06	-6.228433e-03	2.756415e+00
6.420000e-06	-5.373235e-03	2.579445e+00
6.430000e-06	-8.330489e-03	2.400454e+00
6.440000e-06	-9.925418e-03	2.284759e+00
6.450000e-06	-6.452467e-03	2.197395e+00
6.460000e-06	-3.250036e-03	2.002079e+00
6.470000e-06	-5.577704e-03	1.924339e+00
6.480000e-06	-7.803761e-03	1.799970e+00
6.490000e-06	-7.733309e-03	1.653555e+00
6.500000e-06	-4.989865e-03	1.484257e+00
6.510000e-06	-3.636672e-03	1.325388e+00
6.520000e-06	-6.393107e-03	1.148970e+00
6.530000e-06	-8.722688e-03	1.032472e+00
6.540000e-06	-6.214942e-03	8.531278e-01
6.550000e-06	-3.339359e-03	7.352396e-01
6.560000e-06	-3.608052e-03	5.789685e-01
6.570000e-06	-5.879519e-03	4.511303e-01
6.580000e-06	-5.318348e-03	3.068387e-01
6.590000e-06	-3.437719e-03	1.384161e-01
6.600000e-06	-1.254691e-03	-4.013219e-04
6.610000e-06	-9.346796e-04	-1.463195e-01
6.620000e-06	-7.446841e-04	-2.640828e-01
6.630000e-06	-3.177326e-03	-3.789472e-01
6.640000e-06	-2.641344e-04	-4.842630e-01
6.650000e-06	-2.445284e-03	-6.641102e-01
6.660000e-06	-2.516897e-03	-7.995050e-01
6.670000e-06	-3.781896e-03	-8.752881e-01
6.680000e-06	1.058022e-02	-1.031054e+00
6.690000e-06	5.926264e-02	-1.116297e+00
6.700000e-06	2.054967e-02	-1.367427e+00
6.710000e-06	-4.800695e-02	-1.653615e+00
6.720000e-06	-8.479741e-02	-1.831481e+00
6.730000e-06	-3.220599e-02	-1.844084e+00
6.740000e-06	1.335887e-01	-1.853129e+00
6.750000e-06	-8.393742e-02	-2.083561e+00
6.760000e-06	-8.396672e-02	-2.305716e+00
6.770000e-06	1.456310e-01	-2.365418e+00
6.780000e-06	-6.974141e-02	-2.421059e+00
6.790000e-06	-5.225318e-02	-2.684657e+00
6.800000e-06	1.544180e-01	-2.757446e+00
6.810000e-06	-8.487718e-02	-2.834659e+00
6.820000e-06	-1.183929e-01	-3.124106e+00
6.830000e-06	1.574815e-01	-3.179399e+00
6.840000e-06	-2.037229e-02	-3.336214e+00
6.850000e-06	-3.912892e-02	-3.442029e+00
6.860000e-06	4.731202e-02	-3.494836e+00
6.870000e-06	-8.349515e-02	-3.663183e+00
6.880000e-06	7.624862e-02	-3.809432e+00
6.890000e-06	4.574423e-02	-3.915866e+00
6.900000e-06	-1.220470e-01	-4.084692e+00
6.910000e-06	6.227974e-02	-4.151475e+00
6.920000e-06	2.170212e-02	-4.274613e+00
6.930000e-06	-2.221855e-02	-4.400999e+00
6.940000e-06	5.439634e-02	-4.453714e+00
6.950000e-06	-6.951765e-02	-4.631054e+00
6.960000e-06	1.112780e-03	-4.719343e+00
6.970000e-06	3.570027e-02	-4.812558e+00
6.980000e-06	1.902310e-02	-4.981504e+00
6.990000e-06	8.850406e-03	-5.096214e+00
7.000000e-06	-5.826251e-02	-5.199504e+00
7.010000e-06	4.347274e-02	-5.326742e+00
7.020000e-06	2.744343e-02	-5.453738e+00
7.030000e-06	-2.064496e-02	-5.611000e+00
7.040000e-06	1.643839e-03	-5.664158e+00
7.050000e-06	-3.444986e-02	-5.760979e+00
7.060000e-06	5.012775e-02	-5.845162e+00
7.070000e-06	2.426078e-02	-5.947392e+00
7.080000e-06	-2.495010e-02	-6.022555e+00
7.090000e-06	5.347008e-03	-6.064214e+00
7.100000e-06	-1.067866e-02	-6.263259e+00
7.110000e-06	3.844263e-02	-6.379874e+00
7.120000e-06	7.534302e-03	-6.412026e+00
7.130000e-06	-2.649561e-02	-6.495660e+00
7.140000e-06	9.128856e-03	-6.546946e+00
7.150000e-06	6.772211e-03	-6.642579e+00
7.160000e-06	3.764563e-02	-6.706292e+00
7.170000e-06	-1.042958e-02	-6.777921e+00
7.180000e-06	-1.280318e-02	-6.811535e+00
7.190000e-06	1.342610e-02	-6.907240e+00
7.200000e-06	1.504309e-02	-6.950022e+00
7.210000e-06	2.497910e-02	-7.085617e+00
7.220000e-06	-1.626836e-02	-7.119395e+00
7.230000e-06	-1.721433e-03	-7.199475e+00
7.240000e-06	1.860800e-02	-7.200079e+00
7.250000e-06	2.145404e-02	-7.245185e+00
7.260000e-06	7.442754e-03	-7.327893e+00
7.270000e-06	-1.460086e-02	-7.358871e+00
7.280000e-06	1.140817e-02	-7.410050e+00
7.290000e-06	2.284048e-02	-7.471657e+00
7.300000e-06	1.828546e-02	-7.475266e+00
7.310000e-06	-1.348493e-03	-7.527793e+00
7.320000e-06	-1.663272e-03	-7.567922e+00
7.330000e-06	1.924749e-02	-7.558969e+00
7.340000e-06	2.199755e-02	-7.561076e+00
7.350000e-06	9.458490e-03	-7.652055e+00
7.360000e-06	-1.951702e-03	-7.655134e+00
7.370000e-06	6.441699e-03	-7.675180e+00
7.380000e-06	2.460734e-02	-7.685738e+00
7.390000e-06	2.140609e-02	-7.729342e+00
7.400000e-06	6.841360e-03	-7.728869e+00
7.410000e-06	3.771679e-03	-7.790847e+00
7.420000e-06	1.652469e-02	-7.769017e+00
7.430000e-06	2.582574e-02	-7.767495e+00
7.440000e-06	1.414272e-02	-7.717775e+00
7.450000e-06	3.570273e-03	-7.759940e+00
7.460000e-06	1.055698e-02	-7.711471e+00
7.470000e-06	2.347994e-02	-7.777372e+00
7.480000e-06	2.489719e-02	-7.706847e+00
7.490000e-06	1.368826e-02	-7.686212e+00
7.500000e-06	1.130607e-02	-7.665181e+00
7.510000e-06	1.889568e-02	-7.623134e+00
7.520000e-06	2.727429e-02	-7.590033e+00
7.530000e-06	2.026056e-02	-7.590922e+00
7.540000e-06	1.105303e-02	-7.558996e+00
7.550000e-06	1.298824e-02	-7.526795e+00
7.560000e-06	2.405807e-02	-7.506361e+00
7.570000e-06	2.576942e-02	-7.475630e+00
7.580000e-06	1.820101e-02	-7.433126e+00
7.590000e-06	1.432552e-02	-7.400021e+00
7.600000e-06	2.044718e-02	-7.338471e+00
7.610000e-06	2.687982e-02	-7.325788e+00
7.620000e-06	2.336202e-02	-7.252681e+00
7.630000e-06	1.480997e-02	-7.220053e+00
7.640000e-06	1.350003e-02	-7.178974e+00
7.650000e-06	2.181503e-02	-7.148422e+00
7.660000e-06	2.549164e-02	-7.086159e+00
7.670000e-06	1.912101e-02	-6.990972e+00
7.680000e-06	1.187331e-02	-6.874182e+00
7.690000e-06	1.547439e-02	-6.820528e+00
7.700000e-06	2.365610e-02	-6.778996e+00
7.710000e-06	2.123603e-02	-6.677838e+00
7.720000e-06	1.246679e-02	-6.601581e+00
7.730000e-06	8.267556e-03	-6.559450e+00
7.740000e-06	1.495596e-02	-6.495262e+00
7.750000e-06	1.856578e-02	-6.422057e+00
7.760000e-06	1.307430e-02	-6.369947e+00
7.770000e-06	7.070367e-03	-6.233258e+00
7.780000e-06	9.167013e-03	-6.124463e+00
7.790000e-06	1.473756e-02	-6.051577e+00
7.800000e-06	1.518841e-02	-5.959947e+00
7.810000e-06	8.278384e-03	-5.865262e+00
7.820000e-06	4.811071e-03	-5.768923e+00
7.830000e-06	8.377888e-03	-5.696237e+00
7.840000e-06	1.082321e-02	-5.590051e+00
7.850000e-06	7.786924e-03	-5.517842e+00
7.860000e-06	2.414718e-03	-5.326571e+00
7.870000e-06	2.556176e-03	-5.222054e+00
7.880000e-06	8.357297e-03	-5.115869e+00
7.890000e-06	9.197050e-03	-4.991125e+00
7.900000e-06	4.727490e-03	-4.833313e+00
7.910000e-06	2.575903e-04	-4.705658e+00
7.920000e-06	3.022834e-03	-4.600554e+00
7.930000e-06	6.405174e-03	-4.525863e+00
7.940000e-06	4.430273e-03	-4.409501e+00
7.950000e-06	-6.052153e-04	-4.316341e+00
7.960000e-06	-3.531773e-04	-4.220078e+00
7.970000e-06	2.464178e-03	-4.076735e+00
7.980000e-06	5.349128e-03	-3.970598e+00
7.990000e-06	1.632090e-03	-3.894738e+00
8.000000e-06	-9.287496e-04	-3.717838e+00
8.010000e-06	-7.135365e-04	-3.580046e+00
8.020000e-06	3.869871e-03	-3.473631e+00
8.030000e-06	1.332155e-03	-3.357421e+00
8.040000e-06	-2.428877e-03	-3.232053e+00
8.050000e-06	-4.570749e-03	-3.086738e+00
8.060000e-06	-4.603156e-04	-2.906815e+00
8.070000e-06	2.143254e-03	-2.771947e+00
8.080000e-06	3.605792e-04	-2.664208e+00
8.090000e-06	-4.694698e-03	-2.517294e+00
8.100000e-06	-3.202999e-03	-2.421100e+00
8.110000e-06	-1.496987e-03	-2.313707e+00
8.120000e-06	1.435062e-03	-2.035338e+00
8.130000e-06	-3.068278e-03	-1.998996e+00
8.140000e-06	-3.236525e-03	-1.872079e+00
8.150000e-06	-2.108272e-03	-1.676366e+00
8.160000e-06	1.002743e-03	-1.590025e+00
8.170000e-06	-2.519150e-03	-1.402578e+00
8.180000e-06	-5.657870e-03	-1.222602e+00
8.190000e-06	-6.649564e-03	-1.116337e+00
8.200000e-06	-5.367802e-03	-9.868935e-01
8.210000e-06	-1.855190e-03	-8.320515e-01
8.220000e-06	-4.223844e-03	-7.057885e-01
8.230000e-06	-2.414175e-03	-4.953171e-01
8.240000e-06	-1.832331e-03	-3.704974e-01
8.250000e-06	3.892326e-04	-2.721591e-01
8.260000e-06	-2.299181e-03	-1.263631e-01
8.270000e-06	-4.136612e-03	-2.387860e-05
8.280000e-06	-3.837469e-03	1.368371e-01
8.290000e-06	-4.300848e-03	3.377918e-01
8.300000e-06	-5.502597e-04	4.700263e-01
8.310000e-06	-2.737680e-03	5.683433e-01
8.320000e-06	-1.084882e-04	6.546817e-01
8.330000e-06	4.723619e-04	7.900238e-01
8.340000e-06	5.474144e-03	9.057132e-01
8.350000e-06	2.394453e-02	1.134242e+00
8.360000e-06	4.609110e-02	1.283689e+00
8.370000e-06	-2.370609e-02	1.475763e+00
8.380000e-06	-5.210067e-02	1.716741e+00
8.390000e-06	-9.539267e-02	1.810524e+00
8.400000e-06	2.148832e-02	1.852759e+00
8.410000e-06	1.071140e-01	2.008926e+00
8.420000e-06	-1.027530e-01	2.106291e+00
8.430000e-06	-3.923043e-02	2.200574e+00
8.440000e-06	1.271523e-01	2.347971e+00
8.450000e-06	-9.076650e-02	2.536288e+00
8.460000e-06	-8.929711e-03	2.612076e+00
8.470000e-06	1.052473e-01	2.737843e+00
8.480000e-06	-1.291381e-01	2.945314e+00
8.490000e-06	-4.685525e-02	3.042004e+00
8.500000e-06	1.188138e-01	3.137347e+00
8.510000e-06	-3.135295e-02	3.264606e+00
8.520000e-06	-2.688527e-02	3.420680e+00
8.530000e-06	-3.843334e-03	3.570498e+00
8.540000e-06	-4.557005e-02	3.665689e+00
8.550000e-06	5.821749e-02	3.809925e+00
8.560000e-06	-7.651700e-03	3.978396e+00
8.570000e-06	-6.354943e-02	4.030576e+00
8.580000e-06	1.345254e-02	4.179929e+00
8.590000e-06	1.549397e-02	4.337816e+00
8.600000e-06	9.036569e-05	4.411626e+00
8.610000e-06	-3.798424e-03	4.556869e+00
8.620000e-06	-4.118147e-02	4.674735e+00
8.630000e-06	-2.238902e-02	4.788975e+00
8.640000e-06	3.236385e-02	4.854731e+00
8.650000e-06	1.487555e-02	5.043154e+00
8.660000e-06	-3.928741e-02	5.211549e+00
8.670000e-06	-3.217607e-02	5.276767e+00
8.680000e-06	2.242461e-02	5.391100e+00
8.690000e-06	3.159422e-03	5.504239e+00
8.700000e-06	-1.585126e-02	5.619922e+00
8.710000e-06	-3.645498e-02	5.623259e+00
8.720000e-06	-1.650205e-02	5.782504e+00
8.730000e-06	2.787055e-02	5.927418e+00
8.740000e-06	1.461961e-03	6.010971e+00
8.750000e-06	-2.378401e-02	6.075735e+00
8.760000e-06	-3.290954e-02	6.188922e+00
8.770000e-06	-3.852550e-04	6.282132e+00
8.780000e-06	1.004267e-02	6.336217e+00
8.790000e-06	-1.276498e-02	6.379000e+00
8.800000e-06	-3.471699e-02	6.433154e+00
8.810000e-06	-1.623733e-02	6.548825e+00
8.820000e-06	1.202957e-02	6.675807e+00
8.830000e-06	3.598526e-03	6.726844e+00
8.840000e-06	-2.575221e-02	6.810000e+00
8.850000e-06	-3.212302e-02	6.862707e+00
8.860000e-06	-6.356931e-03	6.896289e+00
8.870000e-06	4.021057e-03	6.970467e+00
8.880000e-06	-7.105407e-03	7.001030e+00
8.890000e-06	-3.274828e-02	7.115711e+00
8.900000e-06	-2.173086e-02	7.136916e+00
8.910000e-06	1.597103e-03	7.180477e+00
8.920000e-06	1.175294e-03	7.211075e+00
8.930000e-06	-2.139885e-02	7.233654e+00
8.940000e-06	-3.222459e-02	7.316861e+00
8.950000e-06	-1.174029e-02	7.321874e+00
8.960000e-06	-1.281223e-03	7.432654e+00
8.970000e-06	-1.171249e-02	7.455184e+00
8.980000e-06	-3.227070e-02	7.557415e+00
8.990000e-06	-2.678225e-02	7.569443e+00
9.000000e-06	-7.124509e-03	7.599951e+00
9.010000e-06	-5.981367e-03	7.610501e+00
9.020000e-06	-1.954366e-02	7.623555e+00
9.030000e-06	-3.096481e-02	7.652134e+00
9.040000e-06	-1.803614e-02	7.686632e+00
9.050000e-06	-7.130174e-03	7.673282e+00
9.060000e-06	-1.284290e-02	7.716263e+00
9.070000e-06	-3.182140e-02	7.664236e+00
9.080000e-06	-3.060456e-02	7.688313e+00
9.090000e-06	-1.690935e-02	7.717267e+00
9.100000e-06	-9.409188e-03	7.695837e+00
9.110000e-06	-2.201063e-02	7.676312e+00
9.120000e-06	-3.237402e-02	7.715238e+00
9.130000e-06	-2.412141e-02	7.696335e+00
9.140000e-06	-1.493339e-02	7.663762e+00
9.150000e-06	-1.905318e-02	7.644258e+00
9.160000e-06	-3.215785e-02	7.643655e+00
9.170000e-06	-3.230858e-02	7.622606e+00
9.180000e-06	-2.200781e-02	7.621624e+00
9.190000e-06	-1.663256e-02	7.619523e+00
9.200000e-06	-2.476715e-02	7.599022e+00
9.210000e-06	-3.407481e-02	7.547791e+00
9.220000e-06	-2.947469e-02	7.533282e+00
9.230000e-06	-2.130153e-02	7.394148e+00
9.240000e-06	-2.103808e-02	7.359470e+00
9.250000e-06	-3.165449e-02	7.266787e+00
9.260000e-06	-3.399405e-02	7.283181e+00
9.270000e-06	-2.719731e-02	7.212024e+00
9.280000e-06	-2.120211e-02	7.199571e+00
9.290000e-06	-2.678144e-02	7.137345e+00
9.300000e-06	-3.269539e-02	7.085684e+00
9.310000e-06	-2.958570e-02	7.041654e+00
9.320000e-06	-2.167218e-02	6.969496e+00
9.330000e-06	-2.084276e-02	6.936842e+00
9.340000e-06	-2.727000e-02	6.833162e+00
9.350000e-06	-2.991610e-02	6.801554e+00
9.360000e-06	-2.517880e-02	6.758418e+00
9.370000e-06	-1.932093e-02	6.696334e+00
9.380000e-06	-2.083914e-02	6.579969e+00
9.390000e-06	-2.772096e-02	6.445241e+00
9.400000e-06	-2.432447e-02	6.371525e+00
9.410000e-06	-1.879497e-02	6.348369e+00
9.420000e-06	-1.505942e-02	6.254208e+00
9.430000e-06	-2.114520e-02	6.190050e+00
9.440000e-06	-2.227110e-02	6.095337e+00
9.450000e-06	-2.042475e-02	6.052080e+00
9.460000e-06	-1.427797e-02	5.948474e+00
9.470000e-06	-1.668219e-02	5.852657e+00
9.480000e-06	-1.995720e-02	5.695790e+00
9.490000e-06	-1.875025e-02	5.630550e+00
9.500000e-06	-1.303046e-02	5.547443e+00
9.510000e-06	-1.051793e-02	5.412683e+00
9.520000e-06	-1.351411e-02	5.378391e+00
9.530000e-06	-1.686488e-02	5.232656e+00
9.540000e-06	-1.556098e-02	5.105683e+00
9.550000e-06	-1.046527e-02	4.945894e+00
9.560000e-06	-1.130261e-02	4.802026e+00
9.570000e-06	-1.416307e-02	4.696765e+00
9.580000e-06	-1.561813e-02	4.579525e+00
9.590000e-06	-1.145358e-02	4.504814e+00
9.600000e-06	-8.679147e-03	4.411021e+00
9.610000e-06	-9.284329e-03	4.304738e+00
9.620000e-06	-1.198215e-02	4.107336e+00
9.630000e-06	-1.027914e-02	4.020049e+00
9.640000e-06	-7.834469e-03	3.886237e+00
9.650000e-06	-7.766203e-03	3.779969e+00
9.660000e-06	-1.112709e-02	3.651659e+00
9.670000e-06	-1.179441e-02	3.558394e+00
9.680000e-06	-9.418403e-03	3.451599e+00
9.690000e-06	-6.527312e-03	3.252128e+00
9.700000e-06	-7.406885e-03	3.156868e+00
9.710000e-06	-9.091301e-03	3.041100e+00
9.720000e-06	-9.271291e-03	2.864836e+00
9.730000e-06	-6.201256e-03	2.769496e+00
9.740000e-06	-5.467397e-03	2.661128e+00
9.750000e-06	-7.602255e-03	2.443629e+00
9.760000e-06	-1.014856e-02	2.325863e+00
9.770000e-06	-7.798050e-03	2.179046e+00
9.780000e-06	-5.520345e-03	2.093659e+00
9.790000e-06	-5.656906e-03	1.969470e+00
9.800000e-06	-7.483659e-03	1.830648e+00
9.810000e-06	-6.993735e-03	1.683257e+00
9.820000e-06	-4.665371e-03	1.516787e+00
9.830000e-06	-3.735938e-03	1.368369e+00
9.840000e-06	-5.197899e-03	1.231080e+00
9.850000e-06	-7.152693e-03	1.043108e+00
9.860000e-06	-6.068655e-03	8.537080e-01
9.870000e-06	-4.880600e-03	7.493934e-01
9.880000e-06	-5.369298e-03	6.409978e-01
9.890000e-06	-6.873198e-03	4.821267e-01
9.900000e-06	-5.486699e-03	3.574711e-01
9.910000e-06	-4.318271e-03	1.880178e-01
9.920000e-06	-2.273472e-03	1.960519e-02
9.930000e-06	-1.186371e-03	-7.421297e-02
9.940000e-06	-3.218606e-04	-2.420025e-01
9.950000e-06	-3.658015e-04	-3.493186e-01
9.960000e-06	-9.290691e-05	-4.526078e-01
9.970000e-06	-1.273004e-03	-6.121051e-01
9.980000e-06	-2.803030e-03	-7.888985e-01
9.990000e-06	-4.290509e-03	-8.731615e-01
1.000000e-05	2.985524e-03	-9.798975e-01
1.001000e-05	4.480937e-02	-1.114691e+00
1.002000e-05	4.856766e-02	-1.323112e+00
1.003000e-05	-4.526632e-02	-1.599401e+00
1.004000e-05	-5.929603e-02	-1.780027e+00
1.005000e-05	-8.723598e-02	-1.843112e+00
1.006000e-05	1.385264e-01	-1.821153e+00
1.007000e-05	-2.337833e-02	-1.967897e+00
1.008000e-05	-1.227615e-01	-2.203009e+00
1.009000e-05	1.144306e-01	-2.336866e+00
1.010000e-05	7.325598e-03	-2.389951e+00
1.011000e-05	-1.093779e-01	-2.611476e+00
1.012000e-05	1.290952e-01	-2.778266e+00
1.013000e-05	1.362669e-02	-2.821073e+00
1.014000e-05	-1.645579e-01	-3.021474e+00
1.015000e-05	1.155378e-01	-3.107341e+00
1.016000e-05	5.464267e-02	-3.252111e+00
1.017000e-05	-7.694299e-02	-3.441505e+00
1.018000e-05	5.632755e-02	-3.505242e+00
1.019000e-05	-6.116781e-02	-3.620552e+00
1.020000e-05	7.882433e-03	-3.780352e+00
1.021000e-05	1.071098e-01	-3.893789e+00
1.022000e-05	-1.178578e-01	-4.052008e+00
1.023000e-05	1.285410e-02	-4.178397e+00
1.024000e-05	6.107643e-02	-4.262683e+00
1.025000e-05	-3.968798e-02	-4.359422e+00
1.026000e-05	5.724726e-02	-4.452084e+00
1.027000e-05	-3.845364e-02	-4.559925e+00
1.028000e-05	-3.594976e-02	-4.686191e+00
1.029000e-05	4.101231e-02	-4.820023e+00
1.030000e-05	1.666437e-02	-4.949374e+00
1.031000e-05	2.099557e-02	-5.094108e+00
1.032000e-05	-5.044623e-02	-5.167344e+00
1.033000e-05	8.059578e-03	-5.285269e+00
1.034000e-05	5.381417e-02	-5.415626e+00
1.035000e-05	-2.393233e-02	-5.569948e+00
1.036000e-05	5.037397e-03	-5.662532e+00
1.037000e-05	-3.062814e-02	-5.696368e+00
1.038000e-05	2.003534e-02	-5.851538e+00
1.039000e-05	5.026349e-02	-5.947867e+00
1.040000e-05	-3.042828e-02	-5.989502e+00
1.041000e-05	6.774878e-03	-6.063239e+00
1.042000e-05	-1.307440e-02	-6.198531e+00
1.043000e-05	2.296105e-02	-6.347319e+00
1.044000e-05	2.756383e-02	-6.399975e+00
1.045000e-05	-2.896173e-02	-6.464133e+00
1.046000e-05	7.692745e-03	-6.505887e+00
1.047000e-05	2.009576e-03	-6.621532e+00
1.048000e-05	3.415678e-02	-6.654737e+00
1.049000e-05	4.292643e-03	-6.736894e+00
1.050000e-05	-2.046440e-02	-6.811554e+00
1.051000e-05	9.629112e-03	-6.823656e+00
1.052000e-05	1.112377e-02	-6.933348e+00
1.053000e-05	2.583368e-02	-7.022683e+00
1.054000e-05	-4.418816e-03	-7.096792e+00
1.055000e-05	-9.273336e-03	-7.178925e+00
1.056000e-05	1.671405e-02	-7.220029e+00
1.057000e-05	2.068197e-02	-7.252661e+00
1.058000e-05	1.465586e-02	-7.306387e+00
1.059000e-05	-1.122793e-02	-7.359921e+00
1.060000e-05	6.071797e-04	-7.389499e+00
1.061000e-05	2.362708e-02	-7.422080e+00
1.062000e-05	1.831431e-02	-7.525661e+00
1.063000e-05	5.912234e-03	-7.546789e+00
1.064000e-05	-5.790208e-03	-7.546819e+00
1.065000e-05	1.434544e-02	-7.559921e+00
1.066000e-05	2.340362e-02	-7.559951e+00
1.067000e-05	1.245717e-02	-7.651079e+00
1.068000e-05	1.590538e-03	-7.654132e+00
1.069000e-05	1.006678e-03	-7.684608e+00
1.070000e-05	2.116713e-02	-7.674684e+00
1.071000e-05	2.322776e-02	-7.695788e+00
1.072000e-05	1.076036e-02	-7.708420e+00
1.073000e-05	3.048432e-03	-7.719796e+00
1.074000e-05	1.290335e-02	-7.740842e+00
1.075000e-05	2.584870e-02	-7.729918e+00
1.076000e-05	2.008700e-02	-7.701047e+00
1.077000e-05	6.835274e-03	-7.750991e+00
1.078000e-05	7.361694e-03	-7.746877e+00
1.079000e-05	1.954383e-02	-7.757690e+00
1.080000e-05	2.509596e-02	-7.716370e+00
1.081000e-05	1.550313e-02	-7.724839e+00
1.082000e-05	8.792837e-03	-7.694259e+00
1.083000e-05	1.568360e-02	-7.644634e+00
1.084000e-05	2.698734e-02	-7.672051e+00
1.085000e-05	2.492070e-02	-7.601001e+00
1.086000e-05	1.380069e-02	-7.569473e+00
1.087000e-05	1.114635e-02	-7.567921e+00
1.088000e-05	2.160841e-02	-7.475892e+00
1.089000e-05	2.778724e-02	-7.494234e+00
1.090000e-05	2.025051e-02	-7.420656e+00
1.091000e-05	1.324915e-02	-7.390101e+00
1.092000e-05	1.710262e-02	-7.379396e+00
1.093000e-05	2.675820e-02	-7.307315e+00
1.094000e-05	2.582192e-02	-7.253804e+00
1.095000e-05	1.773223e-02	-7.233004e+00
1.096000e-05	1.305893e-02	-7.190023e+00
1.097000e-05	1.982952e-02	-7.108923e+00
1.098000e-05	2.427864e-02	-7.106740e+00
1.099000e-05	1.988370e-02	-6.991124e+00
1.100000e-05	1.274380e-02	-6.875264e+00
1.101000e-05	1.440105e-02	-6.842600e+00
1.102000e-05	2.154781e-02	-6.799948e+00
1.103000e-05	2.246155e-02	-6.747840e+00
1.104000e-05	1.568823e-02	-6.653635e+00
1.105000e-05	8.581162e-03	-6.568902e+00
1.106000e-05	1.445971e-02	-6.525813e+00
1.107000e-05	1.648672e-02	-6.431602e+00
1.108000e-05	1.718028e-02	-6.369974e+00
1.109000e-05	7.698557e-03	-6.245788e+00
1.110000e-05	8.436075e-03	-6.177819e+00
1.111000e-05	1.227412e-02	-6.043714e+00
1.112000e-05	1.314319e-02	-6.018524e+00
1.113000e-05	8.248938e-03	-5.886314e+00
1.114000e-05	3.328892e-03	-5.821551e+00
1.115000e-05	6.668718e-03	-5.666816e+00
1.116000e-05	1.289423e-02	-5.631582e+00
1.117000e-05	1.130675e-02	-5.538918e+00
1.118000e-05	5.432904e-03	-5.402430e+00
1.119000e-05	3.482627e-03	-5.262759e+00
1.120000e-05	6.265516e-03	-5.178366e+00
1.121000e-05	7.316694e-03	-5.063134e+00
1.122000e-05	4.158349e-03	-4.886742e+00
1.123000e-05	1.095747e-03	-4.734915e+00
1.124000e-05	1.681243e-03	-4.632156e+00
1.125000e-05	7.372829e-03	-4.557847e+00
1.126000e-05	7.401993e-03	-4.411579e+00
1.127000e-05	9.796415e-04	-4.367867e+00
1.128000e-05	-8.966110e-04	-4.252657e+00
1.129000e-05	4.557001e-04	-4.128869e+00
1.130000e-05	3.132629e-03	-4.010653e+00
1.131000e-05	1.323668e-03	-3.896790e+00
1.132000e-05	-1.304861e-03	-3.708420e+00
1.133000e-05	-2.865144e-04	-3.591502e+00
1.134000e-05	3.375962e-03	-3.494766e+00
1.135000e-05	4.636418e-03	-3.380573e+00
1.136000e-05	-9.218299e-05	-3.242632e+00
1.137000e-05	-2.842330e-03	-3.148995e+00
1.138000e-05	-2.446583e-03	-2.971476e+00
1.139000e-05	1.435502e-03	-2.830579e+00
1.140000e-05	9.789255e-04	-2.696793e+00
1.141000e-05	-4.208306e-03	-2.589369e+00
1.142000e-05	-4.552585e-03	-2.422679e+00
1.143000e-05	-3.101769e-03	-2.347872e+00
1.144000e-05	1.789014e-03	-2.157367e+00
1.145000e-05	-1.042975e-03	-2.020528e+00
1.146000e-05	-2.802100e-03	-1.894735e+00
1.147000e-05	-3.551440e-03	-1.777796e+00
1.148000e-05	-6.687065e-05	-1.633077e+00
1.149000e-05	-1.117273e-03	-1.485713e+00
1.150000e-05	-4.121418e-03	-1.264836e+00
1.151000e-05	-6.494567e-03	-1.148447e+00
1.152000e-05	-5.093263e-03	-1.058050e+00
1.153000e-05	-3.123891e-03	-8.642517e-01
1.154000e-05	-2.452951e-03	-7.778723e-01
1.155000e-05	-2.599016e-03	-5.794750e-01
1.156000e-05	-3.753764e-03	-4.195764e-01
1.157000e-05	-2.987899e-03	-2.852632e-01
1.158000e-05	-3.346735e-03	-1.668947e-01
1.159000e-05	-2.681141e-03	-1.958519e-02
1.160000e-05	-2.340034e-03	1.047617e-01
1.161000e-05	-3.484187e-03	2.526076e-01
1.162000e-05	-1.488915e-03	4.009238e-01
1.163000e-05	-1.662966e-03	4.963144e-01
1.164000e-05	-1.761331e-03	6.005803e-01
1.165000e-05	-2.431584e-03	7.398949e-01
1.166000e-05	1.034880e-03	8.332304e-01
1.167000e-05	1.585973e-02	1.013532e+00
1.168000e-05	5.016034e-02	1.231054e+00
1.169000e-05	3.481874e-03	1.461080e+00
1.170000e-05	-4.984781e-02	1.725612e+00
1.171000e-05	-8.338105e-02	1.809448e+00
1.172000e-05	-3.908645e-02	1.861653e+00
1.173000e-05	1.258659e-01	1.958916e+00
1.174000e-05	-5.583488e-02	2.063710e+00
1.175000e-05	-9.949641e-02	2.189419e+00
1.176000e-05	1.314202e-01	2.304268e+00
1.177000e-05	-3.554133e-02	2.465215e+00
1.178000e-05	-5.747459e-02	2.630579e+00
1.179000e-05	1.071603e-01	2.685261e+00
1.180000e-05	-5.781896e-02	2.864709e+00
1.181000e-05	-1.198017e-01	3.021051e+00
1.182000e-05	1.114991e-01	3.095739e+00
1.183000e-05	8.756666e-03	3.222578e+00
1.184000e-05	-4.846804e-02	3.338954e+00
1.185000e-05	7.469384e-03	3.577343e+00
1.186000e-05	-4.626263e-02	3.662207e+00
1.187000e-05	3.486486e-02	3.749416e+00
1.188000e-05	2.801408e-02	3.894213e+00
1.189000e-05	-6.629448e-02	4.000128e+00
1.190000e-05	-1.180829e-02	4.095838e+00
1.191000e-05	2.706402e-02	4.265788e+00
1.192000e-05	-6.665712e-03	4.370500e+00
1.193000e-05	5.522139e-03	4.485213e+00
1.194000e-05	-3.780215e-02	4.642656e+00
1.195000e-05	-2.989777e-02	4.759870e+00
1.196000e-05	1.730610e-02	4.842555e+00
1.197000e-05	3.188779e-02	5.039428e+00
1.198000e-05	-2.714645e-02	5.169371e+00
1.199000e-05	-4.593870e-02	5.274734e+00
1.200000e-05	1.732218e-02	5.369946e+00
1.201000e-05	8.896733e-03	5.453680e+00
1.202000e-05	-8.330586e-03	5.538843e+00
1.203000e-05	-3.405088e-02	5.653661e+00
1.204000e-05	-2.699113e-02	5.757977e+00
1.205000e-05	1.634468e-02	5.874564e+00
1.206000e-05	1.537636e-02	5.939475e+00
1.207000e-05	-2.134712e-02	6.042557e+00
1.208000e-05	-3.245766e-02	6.147870e+00
1.209000e-05	-9.164363e-03	6.190554e+00
1.210000e-05	1.167880e-02	6.296316e+00
1.211000e-05	-1.287222e-03	6.389872e+00
1.212000e-05	-3.419900e-02	6.421554e+00
1.213000e-05	-2.245006e-02	6.539321e+00
1.214000e-05	2.483707e-03	6.642134e+00
1.215000e-05	1.176144e-02	6.716718e+00
1.216000e-05	-1.932781e-02	6.788973e+00
1.217000e-05	-3.244099e-02	6.831678e+00
1.218000e-05	-1.274020e-02	6.886767e+00
1.219000e-05	3.113923e-03	6.958845e+00
1.220000e-05	-1.297883e-03	6.980525e+00
1.221000e-05	-3.016348e-02	7.056809e+00
1.222000e-05	-2.725907e-02	7.127301e+00
1.223000e-05	-6.817068e-03	7.189921e+00
1.224000e-05	3.821919e-03	7.201552e+00
1.225000e-05	-1.418068e-02	7.241057e+00
1.226000e-05	-3.024015e-02	7.276236e+00
1.227000e-05	-1.891266e-02	7.409976e+00
1.228000e-05	-1.979489e-03	7.421705e+00
1.229000e-05	-4.622396e-03	7.466707e+00
1.230000e-05	-2.651191e-02	7.527338e+00
1.231000e-05	-2.887469e-02	7.527971e+00
1.232000e-05	-1.499748e-02	7.580998e+00
1.233000e-05	-3.807752e-03	7.631099e+00
1.234000e-05	-1.674728e-02	7.611528e+00
1.235000e-05	-2.852234e-02	7.642158e+00
1.236000e-05	-2.455355e-02	7.643108e+00
1.237000e-05	-1.004473e-02	7.666233e+00
1.238000e-05	-8.680439e-03	7.653712e+00
1.239000e-05	-2.551108e-02	7.675234e+00
1.240000e-05	-3.246158e-02	7.676262e+00
1.241000e-05	-2.197941e-02	7.705763e+00
1.242000e-05	-1.071967e-02	7.685838e+00
1.243000e-05	-1.811707e-02	7.694286e+00
1.244000e-05	-3.007230e-02	7.686760e+00
1.245000e-05	-2.871567e-02	7.685691e+00
1.246000e-05	-1.634289e-02	7.664184e+00
1.247000e-05	-1.457562e-02	7.644132e+00
1.248000e-05	-2.758655e-02	7.633180e+00
1.249000e-05	-3.406208e-02	7.633051e+00
1.250000e-05	-2.653799e-02	7.602575e+00
1.251000e-05	-1.723702e-02	7.572075e+00
1.252000e-05	-2.197528e-02	7.568949e+00
1.253000e-05	-3.296401e-02	7.507843e+00
1.254000e-05	-3.322815e-02	7.496237e+00
1.255000e-05	-2.349349e-02	7.396207e+00
1.256000e-05	-1.778166e-02	7.369570e+00
1.257000e-05	-2.698923e-02	7.316267e+00
1.258000e-05	-3.509310e-02	7.272733e+00
1.259000e-05	-3.117448e-02	7.213052e+00
1.260000e-05	-2.048651e-02	7.180022e+00
1.261000e-05	-2.196960e-02	7.157925e+00
1.262000e-05	-3.107843e-02	7.086863e+00
1.263000e-05	-3.401683e-02	7.053083e+00
1.264000e-05	-2.525952e-02	6.979973e+00
1.265000e-05	-1.834156e-02	6.906866e+00
1.266000e-05	-2.382454e-02	6.834261e+00
1.267000e-05	-3.118991e-02	6.801603e+00
1.268000e-05	-2.862552e-02	6.788946e+00
1.269000e-05	-1.906077e-02	6.686740e+00
1.270000e-05	-1.835115e-02	6.578573e+00
1.271000e-05	-2.588122e-02	6.495234e+00
1.272000e-05	-2.808853e-02	6.442053e+00
1.273000e-05	-2.158353e-02	6.368996e+00
1.274000e-05	-1.363828e-02	6.246212e+00
1.275000e-05	-1.692015e-02	6.223027e+00
1.276000e-05	-2.323872e-02	6.096838e+00
1.277000e-05	-2.308085e-02	6.044604e+00
1.278000e-05	-1.507730e-02	5.979523e+00
1.279000e-05	-1.323622e-02	5.924686e+00
1.280000e-05	-1.707141e-02	5.712417e+00
1.281000e-05	-2.193221e-02	5.611076e+00
1.282000e-05	-1.648974e-02	5.566946e+00
1.283000e-05	-1.082517e-02	5.465632e+00
1.284000e-05	-1.149572e-02	5.390969e+00
1.285000e-05	-1.728785e-02	5.283732e+00
1.286000e-05	-1.683220e-02	5.157842e+00
1.287000e-05	-1.099928e-02	4.959944e+00
1.288000e-05	-9.381420e-03	4.831604e+00
1.289000e-05	-1.226273e-02	4.748966e+00
1.290000e-05	-1.557462e-02	4.612676e+00
1.291000e-05	-1.314436e-02	4.537267e+00
1.292000e-05	-8.833902e-03	4.412549e+00
1.293000e-05	-8.479477e-03	4.327841e+00
1.294000e-05	-1.221168e-02	4.179942e+00
1.295000e-05	-1.339608e-02	4.032650e+00
1.296000e-05	-9.188306e-03	3.916844e+00
1.297000e-05	-6.437883e-03	3.800075e+00
1.298000e-05	-8.418544e-03	3.695262e+00
1.299000e-05	-1.215648e-02	3.578024e+00
1.300000e-05	-1.047875e-02	3.474232e+00
1.301000e-05	-6.627242e-03	3.286156e+00
1.302000e-05	-5.888218e-03	3.148445e+00
1.303000e-05	-9.638754e-03	3.033104e+00
1.304000e-05	-1.044197e-02	2.887866e+00
1.305000e-05	-7.608807e-03	2.799026e+00
1.306000e-05	-4.550064e-03	2.705213e+00
1.307000e-05	-6.042704e-03	2.473711e+00
1.308000e-05	-9.040386e-03	2.377418e+00
1.309000e-05	-8.398869e-03	2.223079e+00
1.310000e-05	-5.533639e-03	2.096317e+00
1.311000e-05	-5.505146e-03	2.009472e+00
1.312000e-05	-7.523601e-03	1.874163e+00
1.313000e-05	-8.578803e-03	1.696334e+00
1.314000e-05	-6.423772e-03	1.538896e+00
1.315000e-05	-4.313079e-03	1.380099e+00
1.316000e-05	-5.467972e-03	1.273658e+00
1.317000e-05	-7.460388e-03	1.096289e+00
1.318000e-05	-5.746290e-03	9.257896e-01
1.319000e-05	-3.718167e-03	7.784724e-01
1.320000e-05	-1.969703e-03	6.541805e-01
1.321000e-05	-5.619655e-03	5.062867e-01
1.322000e-05	-5.913911e-03	3.995236e-01
1.323000e-05	-6.096529e-03	2.715255e-01
1.324000e-05	-3.296069e-03	4.310527e-02
1.325000e-05	-2.270279e-03	-4.313389e-02
1.326000e-05	-1.314576e-03	-1.984212e-01
1.327000e-05	-9.377534e-04	-3.158418e-01
1.328000e-05	1.519339e-04	-4.220576e-01
1.329000e-05	1.374210e-03	-5.369221e-01
1.330000e-05	-1.650350e-03	-7.572957e-01
1.331000e-05	-2.946433e-03	-8.516076e-01
1.332000e-05	-1.158942e-03	-9.588435e-01
1.333000e-05	2.835905e-02	-1.072659e+00
1.334000e-05	6.284272e-02	-1.263654e+00
1.335000e-05	-3.012265e-02	-1.536319e+00
1.336000e-05	-4.547774e-02	-1.728843e+00
1.337000e-05	-1.056157e-01	-1.852607e+00
1.338000e-05	9.286819e-02	-1.831004e+00
1.339000e-05	4.887884e-02	-1.874766e+00
1.340000e-05	-1.286796e-01	-2.139919e+00
1.341000e-05	3.750595e-02	-2.349296e+00
1.342000e-05	9.910743e-02	-2.336441e+00
1.343000e-05	-1.316196e-01	-2.577420e+00
1.344000e-05	6.261480e-02	-2.747246e+00
1.345000e-05	9.791679e-02	-2.770500e+00
1.346000e-05	-1.770527e-01	-2.937818e+00
1.347000e-05	2.993132e-02	-3.137792e+00
1.348000e-05	1.303552e-01	-3.211503e+00
1.349000e-05	-8.489812e-02	-3.338896e+00
1.350000e-05	3.421061e-02	-3.482557e+00
1.351000e-05	-1.474578e-02	-3.537970e+00
1.352000e-05	-5.256681e-02	-3.746796e+00
1.353000e-05	1.298319e-01	-3.876283e+00
1.354000e-05	-7.364122e-02	-4.030478e+00
1.355000e-05	-5.209497e-02	-4.116893e+00
1.356000e-05	8.380025e-02	-4.241478e+00
1.357000e-05	-3.045645e-02	-4.348371e+00
1.358000e-05	3.213101e-02	-4.432604e+00
1.359000e-05	6.448476e-03	-4.565797e+00
1.360000e-05	-6.515426e-02	-4.684785e+00
1.361000e-05	3.692095e-02	-4.737921e+00
1.362000e-05	2.035657e-02	-4.904314e+00
1.363000e-05	2.369489e-02	-5.051983e+00
1.364000e-05	-2.810920e-02	-5.147788e+00
1.365000e-05	-3.148800e-02	-5.231605e+00
1.366000e-05	6.708230e-02	-5.398425e+00
1.367000e-05	-1.213876e-02	-5.548396e+00
1.368000e-05	-3.190690e-04	-5.620976e+00
1.369000e-05	-1.918743e-02	-5.695242e+00
1.370000e-05	-1.008146e-02	-5.843030e+00
1.371000e-05	6.682291e-02	-5.876841e+00
1.372000e-05	-1.888768e-02	-5.988918e+00
1.373000e-05	-4.410928e-03	-6.031604e+00
1.374000e-05	-9.955351e-03	-6.148927e+00
1.375000e-05	6.635447e-03	-6.295238e+00
1.376000e-05	4.079875e-02	-6.378949e+00
1.377000e-05	-2.103040e-02	-6.422638e+00
1.378000e-05	-5.609023e-03	-6.516813e+00
1.379000e-05	4.794554e-03	-6.580448e+00
1.380000e-05	2.651386e-02	-6.674685e+00
1.381000e-05	2.323166e-02	-6.719417e+00
1.382000e-05	-2.415817e-02	-6.779549e+00
1.383000e-05	9.630346e-04	-6.813054e+00
1.384000e-05	1.131821e-02	-6.893918e+00
1.385000e-05	2.410159e-02	-7.061603e+00
1.386000e-05	7.856888e-03	-7.125717e+00
1.387000e-05	-1.840865e-02	-7.198896e+00
1.388000e-05	1.091173e-02	-7.190452e+00
1.389000e-05	2.239820e-02	-7.281607e+00
1.390000e-05	2.204543e-02	-7.263839e+00
1.391000e-05	-4.112174e-03	-7.326916e+00
1.392000e-05	-9.239075e-03	-7.378444e+00
1.393000e-05	1.932443e-02	-7.420555e+00
1.394000e-05	2.030084e-02	-7.442632e+00
1.395000e-05	1.141689e-02	-7.517365e+00
1.396000e-05	-7.732743e-03	-7.556425e+00
1.397000e-05	7.444324e-03	-7.556924e+00
1.398000e-05	2.596014e-02	-7.579947e+00
1.399000e-05	2.089319e-02	-7.601601e+00
1.400000e-05	5.293425e-03	-7.612615e+00
1.401000e-05	-3.512634e-03	-7.664635e+00
1.402000e-05	1.486628e-02	-7.704710e+00
1.403000e-05	2.531730e-02	-7.704218e+00
1.404000e-05	1.435057e-02	-7.698868e+00
1.405000e-05	6.824703e-04	-7.729892e+00
1.406000e-05	6.307963e-03	-7.758041e+00
1.407000e-05	2.515989e-02	-7.727371e+00
1.408000e-05	2.610113e-02	-7.780920e+00
1.409000e-05	1.106213e-02	-7.789321e+00
1.410000e-05	3.306387e-03	-7.750950e+00
1.411000e-05	1.648025e-02	-7.717293e+00
1.412000e-05	2.657153e-02	-7.757463e+00
1.413000e-05	2.038656e-02	-7.716808e+00
1.414000e-05	7.477288e-03	-7.675690e+00
1.415000e-05	1.023957e-02	-7.654629e+00
1.416000e-05	2.462602e-02	-7.623531e+00
1.417000e-05	2.846938e-02	-7.621525e+00
1.418000e-05	1.772860e-02	-7.559001e+00
1.419000e-05	8.740013e-03	-7.559892e+00
1.420000e-05	1.798690e-02	-7.526366e+00
1.421000e-05	2.751517e-02	-7.505209e+00
1.422000e-05	2.394906e-02	-7.464181e+00
1.423000e-05	1.217664e-02	-7.422049e+00
1.424000e-05	1.304104e-02	-7.339450e+00
1.425000e-05	2.410772e-02	-7.348821e+00
1.426000e-05	2.868476e-02	-7.265281e+00
1.427000e-05	2.098497e-02	-7.231600e+00
1.428000e-05	1.223305e-02	-7.199554e+00
1.429000e-05	1.787010e-02	-7.138970e+00
1.430000e-05	2.485958e-02	-7.078787e+00
1.431000e-05	2.393634e-02	-7.083130e+00
1.432000e-05	1.321589e-02	-6.907372e+00
1.433000e-05	1.185079e-02	-6.843228e+00
1.434000e-05	1.817958e-02	-6.779025e+00
1.435000e-05	2.336923e-02	-6.776792e+00
1.436000e-05	1.717062e-02	-6.643785e+00
1.437000e-05	9.002544e-03	-6.601101e+00
1.438000e-05	1.211111e-02	-6.518391e+00
1.439000e-05	1.842499e-02	-6.453180e+00
1.440000e-05	1.899593e-02	-6.400050e+00
1.441000e-05	9.492463e-03	-6.317869e+00
1.442000e-05	6.419609e-03	-6.171404e+00
1.443000e-05	1.097740e-02	-6.065666e+00
1.444000e-05	1.567882e-02	-6.020522e+00
1.445000e-05	1.156579e-02	-5.927396e+00
1.446000e-05	4.808122e-03	-5.833633e+00
1.447000e-05	5.585816e-03	-5.756417e+00
1.448000e-05	1.142826e-02	-5.622232e+00
1.449000e-05	1.212001e-02	-5.598445e+00
1.450000e-05	6.325145e-03	-5.483209e+00
1.451000e-05	2.302552e-03	-5.296811e+00
1.452000e-05	4.466388e-03	-5.158948e+00
1.453000e-05	8.425555e-03	-5.073708e+00
1.454000e-05	6.446710e-03	-4.958470e+00
1.455000e-05	1.956685e-03	-4.778970e+00
1.456000e-05	8.410373e-04	-4.653158e+00
1.457000e-05	5.713959e-03	-4.589497e+00
1.458000e-05	7.355154e-03	-4.463206e+00
1.459000e-05	2.632372e-03	-4.388949e+00
1.460000e-05	-1.347802e-04	-4.253756e+00
1.461000e-05	1.152834e-03	-4.198447e+00
1.462000e-05	4.330506e-03	-4.071682e+00
1.463000e-05	2.838701e-03	-3.968850e+00
1.464000e-05	-1.076216e-03	-3.770521e+00
1.465000e-05	-1.813459e-03	-3.613178e+00
1.466000e-05	7.957383e-04	-3.557843e+00
1.467000e-05	4.188696e-03	-3.400573e+00
1.468000e-05	-1.591819e-04	-3.264211e+00
1.469000e-05	-2.378220e-03	-3.158449e+00
1.470000e-05	-2.587785e-03	-2.993079e+00
1.471000e-05	2.319730e-03	-2.852655e+00
1.472000e-05	2.252982e-03	-2.738442e+00
1.473000e-05	-2.784190e-03	-2.592002e+00
1.474000e-05	-4.575479e-03	-2.485261e+00
1.475000e-05	-2.740874e-03	-2.368971e+00
1.476000e-05	1.621207e-03	-2.180924e+00
1.477000e-05	-1.350517e-03	-2.031129e+00
1.478000e-05	-2.446122e-03	-1.935813e+00
1.479000e-05	-4.400962e-03	-1.800528e+00
1.480000e-05	3.582786e-04	-1.642683e+00
1.481000e-05	-1.041766e-03	-1.557267e+00
1.482000e-05	-3.588652e-03	-1.346468e+00
1.483000e-05	-6.843977e-03	-1.231596e+00
1.484000e-05	-4.619752e-03	-1.022153e+00
1.485000e-05	-3.185603e-03	-8.652582e-01
1.486000e-05	-2.457253e-03	-7.879738e-01
1.487000e-05	-4.292667e-03	-6.120301e-01
1.488000e-05	-4.246550e-03	-4.716315e-01
1.489000e-05	-1.766401e-03	-3.573444e-01
1.490000e-05	-1.887541e-03	-1.895238e-01
1.491000e-05	-2.670134e-03	-5.268166e-02
1.492000e-05	-2.692163e-03	2.213146e-02
1.493000e-05	-1.319499e-03	2.200013e-01
1.494000e-05	-1.575640e-03	3.488947e-01
1.495000e-05	-7.412003e-04	4.437117e-01
1.496000e-05	-4.375359e-03	5.994488e-01
1.497000e-05	-4.135035e-03	7.279208e-01
1.498000e-05	-1.764358e-03	8.405526e-01
1.499000e-05	9.689787e-03	1.008478e+00
1.500000e-05	4.202307e-02	1.178925e+00
1.501000e-05	2.707271e-02	1.359422e+00
1.502000e-05	-4.445477e-02	1.627528e+00
1.503000e-05	-6.538272e-02	1.748896e+00
1.504000e-05	-7.829406e-02	1.810058e+00
1.505000e-05	1.057847e-01	1.895341e+00
1.506000e-05	1.120792e-02	2.041559e+00
1.507000e-05	-1.285916e-01	2.157945e+00
1.508000e-05	8.491995e-02	2.262104e+00
1.509000e-05	4.093170e-02	2.402632e+00
1.510000e-05	-9.228963e-02	2.540424e+00
1.511000e-05	7.460177e-02	2.654707e+00
1.512000e-05	2.486876e-02	2.832553e+00
1.513000e-05	-1.581562e-01	2.969949e+00
1.514000e-05	6.701501e-02	3.094139e+00
1.515000e-05	6.011706e-02	3.201000e+00
1.516000e-05	-5.799904e-02	3.327839e+00
1.517000e-05	3.243258e-03	3.515738e+00
1.518000e-05	-3.275942e-02	3.621077e+00
1.519000e-05	-1.847243e-03	3.756316e+00
1.520000e-05	5.607352e-02	3.842639e+00
1.521000e-05	-5.183677e-02	3.969950e+00
1.522000e-05	-3.649937e-02	4.075387e+00
1.523000e-05	3.274939e-02	4.232636e+00
1.524000e-05	-5.330547e-03	4.399898e+00
1.525000e-05	8.090056e-03	4.444562e+00
1.526000e-05	-2.762797e-02	4.600998e+00
1.527000e-05	-3.643763e-02	4.687817e+00
1.528000e-05	-7.443778e-04	4.811025e+00
1.529000e-05	4.141013e-02	4.928877e+00
1.530000e-05	-1.264915e-02	5.095191e+00
1.531000e-05	-4.886401e-02	5.281654e+00
1.532000e-05	6.643716e-04	5.349944e+00
1.533000e-05	1.657700e-02	5.441627e+00
1.534000e-05	-2.382840e-03	5.547392e+00
1.535000e-05	-2.763061e-02	5.611079e+00
1.536000e-05	-3.254417e-02	5.706393e+00
1.537000e-05	3.332279e-03	5.863159e+00
1.538000e-05	2.560704e-02	5.959472e+00
1.539000e-05	-1.656184e-02	6.012130e+00
1.540000e-05	-2.884421e-02	6.126266e+00
1.541000e-05	-1.982020e-02	6.190024e+00
1.542000e-05	1.050990e-02	6.284811e+00
1.543000e-05	6.001131e-03	6.356921e+00
1.544000e-05	-2.904945e-02	6.450025e+00
1.545000e-05	-2.868615e-02	6.497311e+00
1.546000e-05	-7.134625e-03	6.592478e+00
1.547000e-05	1.519295e-02	6.735842e+00
1.548000e-05	-1.191527e-02	6.749396e+00
1.549000e-05	-3.022514e-02	6.811477e+00
1.550000e-05	-2.092151e-02	6.885713e+00
1.551000e-05	1.522902e-03	6.918365e+00
1.552000e-05	3.813331e-03	6.948999e+00
1.553000e-05	-2.324503e-02	7.034607e+00
1.554000e-05	-3.196200e-02	7.106292e+00
1.555000e-05	-1.358048e-02	7.158449e+00
1.556000e-05	6.341392e-03	7.188924e+00
1.557000e-05	-9.670369e-03	7.203103e+00
1.558000e-05	-2.909744e-02	7.273664e+00
1.559000e-05	-2.501001e-02	7.355393e+00
1.560000e-05	-3.382949e-03	7.401028e+00
1.561000e-05	-2.138814e-03	7.402227e+00
1.562000e-05	-2.216171e-02	7.494766e+00
1.563000e-05	-3.169772e-02	7.548368e+00
1.564000e-05	-1.885232e-02	7.580446e+00
1.565000e-05	-3.520518e-03	7.620477e+00
1.566000e-05	-1.339827e-02	7.611001e+00
1.567000e-05	-2.613995e-02	7.632583e+00
1.568000e-05	-2.723138e-02	7.673157e+00
1.569000e-05	-1.189926e-02	7.664283e+00
1.570000e-05	-7.510565e-03	7.685259e+00
1.571000e-05	-2.230914e-02	7.675735e+00
1.572000e-05	-3.211120e-02	7.655291e+00
1.573000e-05	-2.539738e-02	7.704258e+00
1.574000e-05	-1.151264e-02	7.708215e+00
1.575000e-05	-1.545703e-02	7.714788e+00
1.576000e-05	-2.824633e-02	7.667313e+00
1.577000e-05	-3.141856e-02	7.705887e+00
1.578000e-05	-1.894550e-02	7.685637e+00
1.579000e-05	-1.447111e-02	7.642705e+00
1.580000e-05	-2.373857e-02	7.654136e+00
1.581000e-05	-3.292490e-02	7.642130e+00
1.582000e-05	-2.909788e-02	7.633554e+00
1.583000e-05	-1.771221e-02	7.601001e+00
1.584000e-05	-1.922528e-02	7.578974e+00
1.585000e-05	-2.994851e-02	7.569369e+00
1.586000e-05	-3.493897e-02	7.535418e+00
1.587000e-05	-2.561506e-02	7.493683e+00
1.588000e-05	-1.932880e-02	7.441553e+00
1.589000e-05	-2.527336e-02	7.369393e+00
1.590000e-05	-3.350147e-02	7.315233e+00
1.591000e-05	-3.144767e-02	7.221104e+00
1.592000e-05	-2.234116e-02	7.210500e+00
1.593000e-05	-2.262399e-02	7.178445e+00
1.594000e-05	-2.863043e-02	7.126344e+00
1.595000e-05	-3.336972e-02	7.073188e+00
1.596000e-05	-2.630055e-02	7.000549e+00
1.597000e-05	-2.035690e-02	6.987949e+00
1.598000e-05	-2.258582e-02	6.876739e+00
1.599000e-05	-2.970258e-02	6.811604e+00
1.600000e-05	-2.873385e-02	6.788998e+00
1.601000e-05	-2.118673e-02	6.748813e+00
1.602000e-05	-1.892911e-02	6.574204e+00
1.603000e-05	-2.374916e-02	6.547840e+00
1.604000e-05	-2.716758e-02	6.432079e+00
1.605000e-05	-2.124695e-02	6.359449e+00
1.606000e-05	-1.696301e-02	6.335912e+00
1.607000e-05	-1.656387e-02	6.210129e+00
1.608000e-05	-2.300480e-02	6.178923e+00
1.609000e-05	-2.194452e-02	6.063211e+00
1.610000e-05	-1.737306e-02	6.000051e+00
1.611000e-05	-1.336993e-02	5.926816e+00
1.612000e-05	-1.649526e-02	5.791475e+00
1.613000e-05	-1.974021e-02	5.642686e+00
1.614000e-05	-1.701624e-02	5.588972e+00
1.615000e-05	-1.207857e-02	5.484840e+00
1.616000e-05	-1.249315e-02	5.389498e+00
1.617000e-05	-1.676725e-02	5.294208e+00
1.618000e-05	-1.745378e-02	5.159474e+00
1.619000e-05	-1.401124e-02	5.045026e+00
1.620000e-05	-1.012118e-02	4.852605e+00
1.621000e-05	-1.240392e-02	4.766895e+00
1.622000e-05	-1.427296e-02	4.683183e+00
1.623000e-05	-1.308646e-02	4.577896e+00
1.624000e-05	-9.277964e-03	4.453683e+00
1.625000e-05	-8.082514e-03	4.388469e+00
1.626000e-05	-1.168455e-02	4.252027e+00
1.627000e-05	-1.290785e-02	4.055209e+00
1.628000e-05	-1.004805e-02	3.967917e+00
1.629000e-05	-7.494645e-03	3.830652e+00
1.630000e-05	-8.742479e-03	3.697342e+00
1.631000e-05	-1.117040e-02	3.622000e+00
1.632000e-05	-1.041642e-02	3.545362e+00
1.633000e-05	-7.211579e-03	3.326366e+00
1.634000e-05	-6.497213e-03	3.190026e+00
1.635000e-05	-8.192784e-03	3.094758e+00
1.636000e-05	-1.053411e-02	2.999416e+00
1.637000e-05	-8.618192e-03	2.842125e+00
1.638000e-05	-5.544145e-03	2.725795e+00
1.639000e-05	-6.352949e-03	2.578490e+00
1.640000e-05	-8.813844e-03	2.389474e+00
1.641000e-05	-8.576010e-03	2.234134e+00
1.642000e-05	-5.837660e-03	2.128365e+00
1.643000e-05	-4.827801e-03	2.012154e+00
1.644000e-05	-6.385403e-03	1.925788e+00
1.645000e-05	-7.522279e-03	1.737969e+00
1.646000e-05	-6.277265e-03	1.610076e+00
1.647000e-05	-4.964465e-03	1.444181e+00
1.648000e-05	-5.326542e-03	1.334863e+00
1.649000e-05	-7.438559e-03	1.138869e+00
1.650000e-05	-7.750793e-03	1.004500e+00
1.651000e-05	-5.868804e-03	8.215023e-01
1.652000e-05	-3.923423e-03	7.142370e-01
1.653000e-05	-4.589904e-03	5.588686e-01
1.654000e-05	-4.487848e-03	4.320514e-01
1.655000e-05	-4.025410e-03	2.852392e-01
1.656000e-05	-3.691161e-03	1.277684e-01
1.657000e-05	-2.554503e-03	-9.976191e-03
1.658000e-05	-1.650210e-03	-1.263958e-01
1.659000e-05	-1.050960e-03	-2.756866e-01
1.660000e-05	-2.618283e-03	-3.703997e-01
1.661000e-05	4.561936e-04	-5.267418e-01
1.662000e-05	-1.799371e-03	-7.062634e-01
1.663000e-05	-9.450856e-04	-8.309763e-01
1.664000e-05	-1.301755e-03	-9.268632e-01
1.665000e-05	1.613469e-02	-1.032055e+00
1.666000e-05	6.349670e-02	-1.159897e+00
1.667000e-05	1.061316e-04	-1.472608e+00
1.668000e-05	-4.527617e-02	-1.684089e+00
1.669000e-05	-9.646508e-02	-1.870077e+00
1.670000e-05	1.310732e-02	-1.840628e+00
1.671000e-05	1.177295e-01	-1.863707e+00
1.672000e-05	-1.061666e-01	-2.074171e+00
1.673000e-05	-5.014124e-02	-2.338268e+00
1.674000e-05	1.400277e-01	-2.297267e+00
1.675000e-05	-1.042234e-01	-2.443737e+00
1.676000e-05	-1.449953e-02	-2.654739e+00
1.677000e-05	1.474781e-01	-2.778373e+00
1.678000e-05	-1.318085e-01	-2.894739e+00
1.679000e-05	-7.466210e-02	-3.063192e+00
1.680000e-05	1.584627e-01	-3.210372e+00
1.681000e-05	-5.371041e-02	-3.315767e+00
1.682000e-05	-1.020439e-02	-3.421655e+00
1.683000e-05	3.115223e-02	-3.534767e+00
1.684000e-05	-8.405119e-02	-3.685587e+00
1.685000e-05	1.062802e-01	-3.882555e+00
1.686000e-05	6.175623e-04	-3.968442e+00
1.687000e-05	-1.074352e-01	-4.125315e+00
1.688000e-05	7.804119e-02	-4.189001e+00
1.689000e-05	4.732073e-04	-4.284740e+00
1.690000e-05	-3.903688e-03	-4.420079e+00
1.691000e-05	4.581344e-02	-4.496211e+00
1.692000e-05	-7.443599e-02	-4.653112e+00
1.693000e-05	1.933602e-02	-4.727345e+00
1.694000e-05	2.739764e-02	-4.874213e+00
1.695000e-05	1.925255e-02	-5.009949e+00
1.696000e-05	-4.844387e-03	-5.065688e+00
1.697000e-05	-5.649793e-02	-5.251548e+00
1.698000e-05	5.906176e-02	-5.368871e+00
1.699000e-05	1.141874e-02	-5.504291e+00
1.700000e-05	-1.287965e-02	-5.620051e+00
1.701000e-05	-3.558210e-03	-5.643763e+00
1.702000e-05	-2.850435e-02	-5.770553e+00
1.703000e-05	6.383018e-02	-5.845112e+00
1.704000e-05	6.257723e-03	-5.966974e+00
1.705000e-05	-1.900426e-02	-6.021031e+00
1.706000e-05	-2.396079e-04	-6.065791e+00
1.707000e-05	-7.031546e-03	-6.255233e+00
1.708000e-05	4.298750e-02	-6.399421e+00
1.709000e-05	-4.517358e-03	-6.422083e+00
1.710000e-05	-1.914274e-02	-6.473688e+00
1.711000e-05	1.021968e-02	-6.569548e+00
1.712000e-05	1.452851e-02	-6.632134e+00
1.713000e-05	3.404931e-02	-6.716690e+00
1.714000e-05	-1.925634e-02	-6.779476e+00
1.715000e-05	-8.461696e-03	-6.870629e+00
1.716000e-05	1.249640e-02	-6.862209e+00
1.717000e-05	1.837909e-02	-6.992577e+00
1.718000e-05	2.058416e-02	-7.064712e+00
1.719000e-05	-1.873205e-02	-7.168900e+00
1.720000e-05	5.676721e-03	-7.190450e+00
1.721000e-05	2.085335e-02	-7.222029e+00
1.722000e-05	2.223486e-02	-7.276712e+00
1.723000e-05	3.082344e-03	-7.306766e+00
1.724000e-05	-1.430935e-02	-7.359424e+00
1.725000e-05	1.611949e-02	-7.411421e+00
1.726000e-05	2.188348e-02	-7.443654e+00
1.727000e-05	1.561503e-02	-7.525187e+00
1.728000e-05	-5.006054e-03	-7.536317e+00
1.729000e-05	3.729602e-05	-7.528395e+00
1.730000e-05	2.228239e-02	-7.548924e+00
1.731000e-05	2.084903e-02	-7.619551e+00
1.732000e-05	1.038538e-02	-7.643154e+00
1.733000e-05	-1.773310e-03	-7.623664e+00
1.734000e-05	1.164280e-02	-7.674182e+00
1.735000e-05	2.531804e-02	-7.696187e+00
1.736000e-05	1.799363e-02	-7.738347e+00
1.737000e-05	2.853554e-03	-7.740425e+00
1.738000e-05	4.042756e-03	-7.728372e+00
1.739000e-05	1.922523e-02	-7.747496e+00
1.740000e-05	2.691830e-02	-7.770969e+00
1.741000e-05	1.367774e-02	-7.780774e+00
1.742000e-05	4.196104e-03	-7.747375e+00
1.743000e-05	1.376221e-02	-7.708895e+00
1.744000e-05	2.430068e-02	-7.707397e+00
1.745000e-05	2.213865e-02	-7.675887e+00
1.746000e-05	1.009820e-02	-7.706288e+00
1.747000e-05	9.564876e-03	-7.645659e+00
1.748000e-05	2.130477e-02	-7.622051e+00
1.749000e-05	2.760049e-02	-7.600554e+00
1.750000e-05	2.034890e-02	-7.590001e+00
1.751000e-05	1.023895e-02	-7.586873e+00
1.752000e-05	1.565896e-02	-7.526816e+00
1.753000e-05	2.575513e-02	-7.495839e+00
1.754000e-05	2.558819e-02	-7.465157e+00
1.755000e-05	1.597601e-02	-7.421054e+00
1.756000e-05	1.293459e-02	-7.349447e+00
1.757000e-05	2.116476e-02	-7.349392e+00
1.758000e-05	2.686391e-02	-7.286262e+00
1.759000e-05	2.143893e-02	-7.242154e+00
1.760000e-05	1.292562e-02	-7.190604e+00
1.761000e-05	1.511482e-02	-7.168974e+00
1.762000e-05	2.345606e-02	-7.115769e+00
1.763000e-05	2.465143e-02	-7.075208e+00
1.764000e-05	1.611372e-02	-6.976371e+00
1.765000e-05	1.204523e-02	-6.863165e+00
1.766000e-05	1.711128e-02	-6.811053e+00
1.767000e-05	2.264331e-02	-6.788395e+00
1.768000e-05	1.877639e-02	-6.675837e+00
1.769000e-05	1.076239e-02	-6.611076e+00
1.770000e-05	1.124059e-02	-6.557944e+00
1.771000e-05	1.635248e-02	-6.485212e+00
1.772000e-05	1.816153e-02	-6.420076e+00
1.773000e-05	1.181112e-02	-6.347895e+00
1.774000e-05	7.313156e-03	-6.243509e+00
1.775000e-05	1.045928e-02	-6.106433e+00
1.776000e-05	1.482709e-02	-6.021076e+00
1.777000e-05	1.253510e-02	-5.958371e+00
1.778000e-05	6.218639e-03	-5.855704e+00
1.779000e-05	5.164317e-03	-5.758995e+00
1.780000e-05	9.824389e-03	-5.684738e+00
1.781000e-05	1.272241e-02	-5.620025e+00
1.782000e-05	7.398020e-03	-5.445313e+00
1.783000e-05	2.634909e-03	-5.356849e+00
1.784000e-05	4.904445e-03	-5.221626e+00
1.785000e-05	8.801609e-03	-5.105740e+00
1.786000e-05	7.738296e-03	-4.978550e+00
1.787000e-05	2.811608e-03	-4.774152e+00
1.788000e-05	6.080398e-04	-4.674235e+00
1.789000e-05	4.096740e-03	-4.579579e+00
1.790000e-05	6.592355e-03	-4.464309e+00
1.791000e-05	3.836132e-03	-4.418974e+00
1.792000e-05	-1.409389e-03	-4.315768e+00
1.793000e-05	8.530638e-04	-4.200074e+00
1.794000e-05	3.425957e-03	-4.074632e+00
1.795000e-05	5.170625e-03	-3.988475e+00
1.796000e-05	-8.023461e-04	-3.793157e+00
1.797000e-05	-7.678742e-04	-3.652737e+00
1.798000e-05	1.372576e-04	-3.577922e+00
1.799000e-05	4.489943e-03	-3.462107e+00
1.800000e-05	9.611265e-04	-3.296840e+00
1.801000e-05	-2.558821e-03	-3.219599e+00
1.802000e-05	-3.391054e-03	-3.095212e+00
1.803000e-05	1.614742e-03	-2.925886e+00
1.804000e-05	1.321680e-03	-2.778497e+00
1.805000e-05	-1.414521e-03	-2.665159e+00
1.806000e-05	-5.142881e-03	-2.537340e+00
1.807000e-05	-3.100698e-03	-2.389023e+00
1.808000e-05	4.514258e-04	-2.254732e+00
1.809000e-05	4.691649e-05	-2.083682e+00
1.810000e-05	-3.567857e-03	-1.947447e+00
1.811000e-05	-3.924021e-03	-1.853104e+00
1.812000e-05	-9.762997e-04	-1.703741e+00
1.813000e-05	1.884584e-04	-1.597970e+00
1.814000e-05	-3.280556e-03	-1.388059e+00
1.815000e-05	-7.226301e-03	-1.200553e+00
1.816000e-05	-5.149396e-03	-1.103684e+00
1.817000e-05	-2.740712e-03	-9.474122e-01
1.818000e-05	-1.986650e-03	-8.205762e-01
1.819000e-05	-4.327764e-03	-6.431829e-01
1.820000e-05	-5.450331e-03	-5.157870e-01
1.821000e-05	-3.651099e-03	-3.783998e-01
1.822000e-05	-2.116744e-03	-2.210565e-01
1.823000e-05	-2.938027e-03	-9.633686e-02
1.824000e-05	-3.674959e-03	1.498875e-03
1.825000e-05	-1.108023e-03	1.574698e-01
1.826000e-05	-1.991030e-03	3.058184e-01
1.827000e-05	1.181003e-03	4.220290e-01
1.828000e-05	-3.941337e-03	5.483924e-01
1.829000e-05	-3.898480e-03	7.046646e-01
1.830000e-05	-3.567979e-03	7.805238e-01
1.831000e-05	5.389362e-03	9.373196e-01
1.832000e-05	3.034426e-02	1.108868e+00
1.833000e-05	4.334737e-02	1.305768e+00
1.834000e-05	-3.334170e-02	1.537320e+00
1.835000e-05	-5.435409e-02	1.756770e+00
1.836000e-05	-9.472722e-02	1.799576e+00
1.837000e-05	5.572486e-02	1.873211e+00
1.838000e-05	7.544016e-02	1.990576e+00
1.839000e-05	-1.239273e-01	2.106716e+00
1.840000e-05	1.335223e-03	2.211528e+00
1.841000e-05	1.095757e-01	2.390475e+00
1.842000e-05	-9.967165e-02	2.578767e+00
1.843000e-05	2.233715e-02	2.670059e+00
1.844000e-05	8.855032e-02	2.798972e+00
1.845000e-05	-1.524704e-01	2.948845e+00
1.846000e-05	-3.682833e-03	3.053132e+00
1.847000e-05	1.030287e-01	3.148471e+00
1.848000e-05	-4.912458e-02	3.233187e+00
1.849000e-05	-1.321306e-02	3.400658e+00
1.850000e-05	-1.184202e-02	3.609425e+00
1.851000e-05	-3.389201e-02	3.695691e+00
1.852000e-05	6.399854e-02	3.840502e+00
1.853000e-05	-2.531769e-02	3.937471e+00
1.854000e-05	-5.606903e-02	4.062708e+00
1.855000e-05	2.435206e-02	4.229928e+00
1.856000e-05	4.565639e-03	4.327395e+00
1.857000e-05	3.302560e-03	4.442054e+00
1.858000e-05	-1.202542e-02	4.558947e+00
1.859000e-05	-3.920427e-02	4.724737e+00
1.860000e-05	-1.576791e-02	4.769523e+00
1.861000e-05	3.874248e-02	4.875662e+00
1.862000e-05	4.008050e-03	5.033213e+00
1.863000e-05	-4.345249e-02	5.181072e+00
1.864000e-05	-2.048364e-02	5.357295e+00
1.865000e-05	2.245643e-02	5.381026e+00
1.866000e-05	8.949202e-04	5.485289e+00
1.867000e-05	-1.931551e-02	5.599474e+00
1.868000e-05	-3.621131e-02	5.665242e+00
1.869000e-05	-1.057579e-02	5.853655e+00
1.870000e-05	2.824826e-02	5.947370e+00
1.871000e-05	-7.053682e-03	6.020526e+00
1.872000e-05	-2.418653e-02	6.087186e+00
1.873000e-05	-2.788836e-02	6.169373e+00
1.874000e-05	5.686499e-03	6.252679e+00
1.875000e-05	8.526947e-03	6.317394e+00
1.876000e-05	-1.867376e-02	6.379399e+00
1.877000e-05	-3.253460e-02	6.454133e+00
1.878000e-05	-1.345577e-02	6.561425e+00
1.879000e-05	1.284403e-02	6.675741e+00
1.880000e-05	-2.742355e-03	6.746875e+00
1.881000e-05	-2.741004e-02	6.770001e+00
1.882000e-05	-2.637415e-02	6.832209e+00
1.883000e-05	-3.390792e-03	6.946792e+00
1.884000e-05	4.317889e-03	6.960524e+00
1.885000e-05	-1.342174e-02	7.031554e+00
1.886000e-05	-3.243027e-02	7.084790e+00
1.887000e-05	-1.910102e-02	7.148421e+00
1.888000e-05	2.519438e-03	7.218500e+00
1.889000e-05	-4.373727e-03	7.210955e+00
1.890000e-05	-2.338178e-02	7.282028e+00
1.891000e-05	-2.995582e-02	7.308943e+00
1.892000e-05	-8.354376e-03	7.400055e+00
1.893000e-05	-2.444089e-03	7.446155e+00
1.894000e-05	-1.528850e-02	7.466712e+00
1.895000e-05	-3.175580e-02	7.537945e+00
1.896000e-05	-2.318465e-02	7.568922e+00
1.897000e-05	-6.122590e-03	7.609050e+00
1.898000e-05	-8.132432e-03	7.600500e+00
1.899000e-05	-2.269479e-02	7.654504e+00
1.900000e-05	-3.010805e-02	7.653162e+00
1.901000e-05	-1.562085e-02	7.674209e+00
1.902000e-05	-7.718918e-03	7.654134e+00
1.903000e-05	-1.671662e-02	7.655162e+00
1.904000e-05	-3.132031e-02	7.663738e+00
1.905000e-05	-2.759143e-02	7.725762e+00
1.906000e-05	-1.449718e-02	7.645339e+00
1.907000e-05	-1.252618e-02	7.676741e+00
1.908000e-05	-2.407639e-02	7.686366e+00
1.909000e-05	-3.247385e-02	7.675816e+00
1.910000e-05	-2.241951e-02	7.696260e+00
1.911000e-05	-1.558913e-02	7.665281e+00
1.912000e-05	-1.936293e-02	7.683210e+00
1.913000e-05	-3.229384e-02	7.645137e+00
1.914000e-05	-3.163347e-02	7.620504e+00
1.915000e-05	-2.081458e-02	7.612055e+00
1.916000e-05	-1.693329e-02	7.600427e+00
1.917000e-05	-2.657723e-02	7.579399e+00
1.918000e-05	-3.494496e-02	7.538868e+00
1.919000e-05	-2.882960e-02	7.466309e+00
1.920000e-05	-2.040737e-02	7.402250e+00
1.921000e-05	-2.161416e-02	7.329970e+00
1.922000e-05	-3.166088e-02	7.277763e+00
1.923000e-05	-3.308233e-02	7.231129e+00
1.924000e-05	-2.506317e-02	7.210025e+00
1.925000e-05	-2.091726e-02	7.189476e+00
1.926000e-05	-2.709692e-02	7.137415e+00
1.927000e-05	-3.327591e-02	7.076186e+00
1.928000e-05	-2.843876e-02	7.020578e+00
1.929000e-05	-2.092785e-02	6.960372e+00
1.930000e-05	-1.997850e-02	6.896842e+00
1.931000e-05	-2.836562e-02	6.832704e+00
1.932000e-05	-3.117386e-02	6.820001e+00
1.933000e-05	-2.427997e-02	6.748417e+00
1.934000e-05	-1.950795e-02	6.645704e+00
1.935000e-05	-1.996499e-02	6.537919e+00
1.936000e-05	-2.866184e-02	6.414182e+00
1.937000e-05	-2.240502e-02	6.409975e+00
1.938000e-05	-1.788325e-02	6.317869e+00
1.939000e-05	-1.374188e-02	6.244130e+00
1.940000e-05	-2.146355e-02	6.149544e+00
1.941000e-05	-2.447157e-02	6.074861e+00
1.942000e-05	-2.075560e-02	6.041103e+00
1.943000e-05	-1.500423e-02	5.937420e+00
1.944000e-05	-1.646082e-02	5.822105e+00
1.945000e-05	-2.025481e-02	5.673212e+00
1.946000e-05	-1.781363e-02	5.589546e+00
1.947000e-05	-1.227943e-02	5.527791e+00
1.948000e-05	-9.473320e-03	5.432103e+00
1.949000e-05	-1.508804e-02	5.345789e+00
1.950000e-05	-1.867234e-02	5.200179e+00
1.951000e-05	-1.542936e-02	5.095757e+00
1.952000e-05	-1.101232e-02	4.887416e+00
1.953000e-05	-1.035336e-02	4.802050e+00
1.954000e-05	-1.398631e-02	4.705712e+00
1.955000e-05	-1.410278e-02	4.590475e+00
1.956000e-05	-1.080895e-02	4.484738e+00
1.957000e-05	-8.133364e-03	4.389573e+00
1.958000e-05	-1.136593e-02	4.265657e+00
1.959000e-05	-1.282317e-02	4.087390e+00
1.960000e-05	-1.155884e-02	3.988475e+00
1.961000e-05	-7.437652e-03	3.864728e+00
1.962000e-05	-7.379931e-03	3.767490e+00
1.963000e-05	-1.141435e-02	3.631656e+00
1.964000e-05	-1.190467e-02	3.569436e+00
1.965000e-05	-8.890100e-03	3.380501e+00
1.966000e-05	-6.002077e-03	3.231127e+00
1.967000e-05	-7.308746e-03	3.118237e+00
1.968000e-05	-1.013917e-02	3.019572e+00
1.969000e-05	-8.987689e-03	2.864133e+00
1.970000e-05	-5.925217e-03	2.768820e+00
1.971000e-05	-5.448273e-03	2.543007e+00
1.972000e-05	-9.061786e-03	2.450554e+00
1.973000e-05	-9.599829e-03	2.306316e+00
1.974000e-05	-7.914397e-03	2.149947e+00
1.975000e-05	-4.253204e-03	2.073181e+00
1.976000e-05	-5.314296e-03	1.958496e+00
1.977000e-05	-6.104531e-03	1.820626e+00
1.978000e-05	-7.268002e-03	1.672604e+00
1.979000e-05	-4.976315e-03	1.495235e+00
1.980000e-05	-5.470822e-03	1.378339e+00
1.981000e-05	-6.351738e-03	1.170973e+00
1.982000e-05	-7.446943e-03	1.052078e+00
1.983000e-05	-5.059324e-03	8.421529e-01
1.984000e-05	-4.115525e-03	7.573908e-01
1.985000e-05	-3.699597e-03	5.909436e-01
1.986000e-05	-4.362682e-03	4.626042e-01
1.987000e-05	-5.379526e-03	3.269385e-01
1.988000e-05	-5.572050e-03	1.275174e-01
1.989000e-05	-3.594419e-03	1.002238e-02
1.990000e-05	-1.192132e-03	-1.262668e-01
1.991000e-05	9.176278e-04	-2.520840e-01
1.992000e-05	-8.942964e-04	-3.868722e-01
1.993000e-05	4.411138e-04	-5.126367e-01
1.994000e-05	-1.282860e-03	-6.624341e-01
1.995000e-05	-1.178714e-03	-7.999486e-01
1.996000e-05	-3.792707e-03	-8.936880e-01
1.997000e-05	6.378961e-03	-9.920011e-01
1.998000e-05	5.103859e-02	-1.126817e+00
1.999000e-05	3.488274e-02	-1.357300e+00
2.000000e-05	-4.718775e-02	-1.641983e+00
2.001000e-05	-7.144046e-02	-1.830579e+00
2.002000e-05	-6.104167e-02	-1.813613e+00
2.003000e-05	1.412323e-01	-1.851609e+00
2.004000e-05	-5.745644e-02	-2.009477e+00
2.005000e-05	-1.090561e-01	-2.294212e+00
2.006000e-05	1.401672e-01	-2.366763e+00
2.007000e-05	-4.269563e-02	-2.401030e+00
2.008000e-05	-8.226284e-02	-2.634513e+00
2.009000e-05	1.502516e-01	-2.768893e+00
2.010000e-05	-4.225184e-02	-2.832106e+00
2.011000e-05	-1.468041e-01	-2.999657e+00
2.012000e-05	1.454928e-01	-3.188374e+00
2.013000e-05	7.793342e-03	-3.283263e+00
2.014000e-05	-5.760930e-02	-3.452028e+00
2.015000e-05	5.704275e-02	-3.514662e+00
2.016000e-05	-7.986747e-02	-3.623638e+00
2.017000e-05	4.639781e-02	-3.828551e+00
2.018000e-05	7.624337e-02	-3.904764e+00
2.019000e-05	-1.282588e-01	-4.074114e+00
2.020000e-05	4.295093e-02	-4.170475e+00
2.021000e-05	3.880127e-02	-4.302161e+00
2.022000e-05	-3.376901e-02	-4.389949e+00
2.023000e-05	6.167585e-02	-4.453605e+00
2.024000e-05	-5.838088e-02	-4.639509e+00
2.025000e-05	-1.442923e-02	-4.698266e+00
2.026000e-05	3.851869e-02	-4.811531e+00
2.027000e-05	1.697375e-02	-4.988997e+00
2.028000e-05	1.621478e-02	-5.104215e+00
2.029000e-05	-5.881344e-02	-5.188949e+00
2.030000e-05	2.869755e-02	-5.295341e+00
2.031000e-05	3.830994e-02	-5.503605e+00
2.032000e-05	-2.192267e-02	-5.610952e+00
2.033000e-05	6.637654e-03	-5.652683e+00
2.034000e-05	-3.509718e-02	-5.759420e+00
2.035000e-05	3.834265e-02	-5.883788e+00
2.036000e-05	3.720553e-02	-5.955819e+00
2.037000e-05	-2.929595e-02	-6.011529e+00
2.038000e-05	6.457843e-03	-6.084658e+00
2.039000e-05	-1.436975e-02	-6.203562e+00
2.040000e-05	3.349658e-02	-6.377848e+00
2.041000e-05	1.675229e-02	-6.401054e+00
2.042000e-05	-2.864010e-02	-6.453661e+00
2.043000e-05	1.076846e-02	-6.527892e+00
2.044000e-05	5.379377e-03	-6.613079e+00
2.045000e-05	3.801814e-02	-6.695711e+00
2.046000e-05	-3.083693e-03	-6.776921e+00
2.047000e-05	-1.702487e-02	-6.802583e+00
2.048000e-05	1.283582e-02	-6.844611e+00
2.049000e-05	1.208312e-02	-6.929896e+00
2.050000e-05	2.529467e-02	-7.013135e+00
2.051000e-05	-1.332000e-02	-7.116346e+00
2.052000e-05	-4.696602e-03	-7.200476e+00
2.053000e-05	1.935043e-02	-7.221580e+00
2.054000e-05	2.357742e-02	-7.256184e+00
2.055000e-05	1.258208e-02	-7.316241e+00
2.056000e-05	-1.384370e-02	-7.378450e+00
2.057000e-05	7.515766e-03	-7.430452e+00
2.058000e-05	2.258696e-02	-7.443126e+00
2.059000e-05	1.771554e-02	-7.476737e+00
2.060000e-05	7.349334e-04	-7.526292e+00
2.061000e-05	-4.503477e-03	-7.528918e+00
2.062000e-05	1.847625e-02	-7.539397e+00
2.063000e-05	2.487372e-02	-7.612076e+00
2.064000e-05	1.319596e-02	-7.601581e+00
2.065000e-05	6.929318e-04	-7.683106e+00
2.066000e-05	3.895892e-03	-7.638262e+00
2.067000e-05	2.273942e-02	-7.685233e+00
2.068000e-05	2.029090e-02	-7.735317e+00
2.069000e-05	6.365025e-03	-7.729998e+00
2.070000e-05	4.179811e-03	-7.758395e+00
2.071000e-05	1.501834e-02	-7.727422e+00
2.072000e-05	2.623101e-02	-7.770039e+00
2.073000e-05	1.775098e-02	-7.759372e+00
2.074000e-05	7.468392e-03	-7.728424e+00
2.075000e-05	9.464652e-03	-7.729462e+00
2.076000e-05	2.149166e-02	-7.707866e+00
2.077000e-05	2.334358e-02	-7.748418e+00
2.078000e-05	1.359405e-02	-7.687160e+00
2.079000e-05	9.330920e-03	-7.682160e+00
2.080000e-05	1.685434e-02	-7.622659e+00
2.081000e-05	2.713690e-02	-7.631535e+00
2.082000e-05	2.359537e-02	-7.600025e+00
2.083000e-05	1.236902e-02	-7.558448e+00
2.084000e-05	1.136381e-02	-7.548370e+00
2.085000e-05	2.238465e-02	-7.495263e+00
2.086000e-05	2.718825e-02	-7.474759e+00
2.087000e-05	1.890722e-02	-7.461033e+00
2.088000e-05	1.254354e-02	-7.409950e+00
2.089000e-05	1.724266e-02	-7.358945e+00
2.090000e-05	2.706897e-02	-7.285213e+00
2.091000e-05	2.500223e-02	-7.274137e+00
2.092000e-05	1.558527e-02	-7.192129e+00
2.093000e-05	1.318981e-02	-7.189470e+00
2.094000e-05	2.068989e-02	-7.136919e+00
2.095000e-05	2.549313e-02	-7.092732e+00
2.096000e-05	1.930399e-02	-6.970345e+00
2.097000e-05	1.177312e-02	-6.903762e+00
2.098000e-05	1.331680e-02	-6.810578e+00
2.099000e-05	2.235384e-02	-6.777446e+00
2.100000e-05	2.133536e-02	-6.737288e+00
2.101000e-05	1.413989e-02	-6.665158e+00
2.102000e-05	9.462791e-03	-6.556893e+00
2.103000e-05	1.507072e-02	-6.476788e+00
2.104000e-05	1.836317e-02	-6.410579e+00
2.105000e-05	1.424174e-02	-6.357974e+00
2.106000e-05	8.396710e-03	-6.276282e+00
2.107000e-05	7.606357e-03	-6.148397e+00
2.108000e-05	1.416965e-02	-6.023587e+00
2.109000e-05	1.425044e-02	-5.999500e+00
2.110000e-05	9.411011e-03	-5.895261e+00
2.111000e-05	4.491295e-03	-5.800449e+00
2.112000e-05	7.810081e-03	-5.686263e+00
2.113000e-05	1.259595e-02	-5.621000e+00
2.114000e-05	1.079086e-02	-5.558342e+00
2.115000e-05	4.117035e-03	-5.412026e+00
2.116000e-05	2.764997e-03	-5.213658e+00
2.117000e-05	6.813373e-03	-5.107871e+00
2.118000e-05	8.902525e-03	-5.000528e+00
2.119000e-05	5.166856e-03	-4.914193e+00
2.120000e-05	8.983095e-04	-4.738336e+00
2.121000e-05	3.008695e-03	-4.610080e+00
2.122000e-05	6.495968e-03	-4.525289e+00
2.123000e-05	5.753816e-03	-4.401053e+00
2.124000e-05	3.165752e-04	-4.337366e+00
2.125000e-05	-8.618373e-05	-4.251634e+00
2.126000e-05	2.574564e-03	-4.135338e+00
2.127000e-05	4.751816e-03	-3.999523e+00
2.128000e-05	1.732603e-03	-3.906163e+00
2.129000e-05	-1.519209e-03	-3.714836e+00
2.130000e-05	-1.670288e-04	-3.570023e+00
2.131000e-05	2.621165e-03	-3.485809e+00
2.132000e-05	2.709793e-03	-3.368020e+00
2.133000e-05	-1.068312e-03	-3.222081e+00
2.134000e-05	-2.430970e-03	-3.136320e+00
2.135000e-05	1.270407e-04	-2.957868e+00
2.136000e-05	1.538891e-03	-2.820525e+00
2.137000e-05	-9.545867e-05	-2.666183e+00
2.138000e-05	-4.967563e-03	-2.516919e+00
2.139000e-05	-3.625476e-03	-2.432606e+00
2.140000e-05	-2.010971e-03	-2.317188e+00
2.141000e-05	1.185300e-03	-2.167919e+00
2.142000e-05	-2.545851e-03	-2.000050e+00
2.143000e-05	-2.378543e-03	-1.884188e+00
2.144000e-05	-2.989553e-03	-1.747866e+00
2.145000e-05	5.552433e-05	-1.610500e+00
2.146000e-05	-2.259798e-03	-1.494159e+00
2.147000e-05	-5.849450e-03	-1.282129e+00
2.148000e-05	-6.112554e-03	-1.104815e+00
2.149000e-05	-3.205233e-03	-9.884749e-01
2.150000e-05	-2.807180e-03	-8.105778e-01
2.151000e-05	-4.018214e-03	-7.168945e-01
2.152000e-05	-4.670904e-03	-5.578422e-01
2.153000e-05	-4.064654e-03	-4.200251e-01
2.154000e-05	-1.978759e-03	-2.827567e-01
2.155000e-05	-3.118568e-03	-1.567684e-01
2.156000e-05	-4.239912e-03	-3.062894e-02
2.157000e-05	-1.812959e-03	1.147370e-01
2.158000e-05	-2.743332e-03	3.042870e-01
2.159000e-05	4.343388e-04	4.505026e-01
2.160000e-05	-2.630831e-03	4.943658e-01
2.161000e-05	-3.882733e-03	6.315053e-01
2.162000e-05	-5.490458e-03	8.009974e-01
2.163000e-05	3.441338e-03	8.532643e-01
2.164000e-05	2.175647e-02	1.094210e+00
2.165000e-05	5.115598e-02	1.233587e+00
2.166000e-05	-1.241456e-02	1.474158e+00
2.167000e-05	-4.905740e-02	1.694292e+00
2.168000e-05	-8.989605e-02	1.819998e+00
2.169000e-05	-6.932779e-03	1.862184e+00
2.170000e-05	1.174923e-01	1.958872e+00
2.171000e-05	-8.782311e-02	2.095339e+00
2.172000e-05	-7.164290e-02	2.179425e+00
2.173000e-05	1.414599e-01	2.366340e+00
2.174000e-05	-6.848450e-02	2.475791e+00
2.175000e-05	-3.250341e-02	2.581953e+00
2.176000e-05	1.136515e-01	2.718846e+00
2.177000e-05	-1.024052e-01	2.895216e+00
2.178000e-05	-8.119412e-02	3.001553e+00
2.179000e-05	1.195187e-01	3.116842e+00
2.180000e-05	-1.812069e-02	3.252658e+00
2.181000e-05	-3.733603e-02	3.409003e+00
2.182000e-05	4.517965e-03	3.558948e+00
2.183000e-05	-4.822122e-02	3.682807e+00
2.184000e-05	5.118963e-02	3.758446e+00
2.185000e-05	8.226186e-03	3.914816e+00
2.186000e-05	-6.527664e-02	4.032099e+00
2.187000e-05	4.680362e-03	4.126370e+00
2.188000e-05	2.025874e-02	4.305845e+00
2.189000e-05	-4.509314e-03	4.390154e+00
2.190000e-05	-1.056650e-04	4.506267e+00
2.191000e-05	-3.891052e-02	4.664080e+00
2.192000e-05	-2.582172e-02	4.738396e+00
2.193000e-05	2.631622e-02	4.845233e+00
2.194000e-05	2.112855e-02	5.029007e+00
2.195000e-05	-3.250279e-02	5.149971e+00
2.196000e-05	-3.744703e-02	5.286241e+00
2.197000e-05	2.150834e-02	5.379975e+00
2.198000e-05	3.836645e-03	5.484159e+00
2.199000e-05	-1.127999e-02	5.559447e+00
2.200000e-05	-3.430123e-02	5.653159e+00
2.201000e-05	-2.194977e-02	5.769078e+00
2.202000e-05	2.169384e-02	5.887312e+00
2.203000e-05	5.640757e-03	6.010474e+00
2.204000e-05	-2.157538e-02	6.064659e+00
2.205000e-05	-3.118575e-02	6.168399e+00
2.206000e-05	-2.669524e-03	6.242130e+00
2.207000e-05	9.963224e-03	6.286767e+00
2.208000e-05	-7.808130e-03	6.358924e+00
2.209000e-05	-3.378673e-02	6.443152e+00
2.210000e-05	-1.945460e-02	6.537886e+00
2.211000e-05	5.960125e-03	6.664734e+00
2.212000e-05	5.742961e-03	6.727367e+00
2.213000e-05	-2.244167e-02	6.810950e+00
2.214000e-05	-3.113608e-02	6.833104e+00
2.215000e-05	-8.497752e-03	6.896711e+00
2.216000e-05	3.126307e-03	6.979470e+00
2.217000e-05	-6.166889e-03	7.000000e+00
2.218000e-05	-3.204312e-02	7.074187e+00
2.219000e-05	-2.510264e-02	7.139346e+00
2.220000e-05	-3.056159e-03	7.169473e+00
2.221000e-05	2.135384e-03	7.221052e+00
2.222000e-05	-1.851032e-02	7.222155e+00
2.223000e-05	-3.200995e-02	7.256209e+00
2.224000e-05	-1.361894e-02	7.380977e+00
2.225000e-05	-9.901216e-04	7.435154e+00
2.226000e-05	-8.858735e-03	7.444081e+00
2.227000e-05	-3.050424e-02	7.547365e+00
2.228000e-05	-2.674946e-02	7.578445e+00
2.229000e-05	-9.067382e-03	7.599401e+00
2.230000e-05	-4.419361e-03	7.630075e+00
2.231000e-05	-2.027819e-02	7.611504e+00
2.232000e-05	-3.086251e-02	7.633180e+00
2.233000e-05	-1.991888e-02	7.655213e+00
2.234000e-05	-6.708578e-03	7.684635e+00
2.235000e-05	-1.183409e-02	7.635208e+00
2.236000e-05	-3.024258e-02	7.675214e+00
2.237000e-05	-2.993558e-02	7.706361e+00
2.238000e-05	-1.815188e-02	7.686813e+00
2.239000e-05	-8.883915e-03	7.696237e+00
2.240000e-05	-2.139180e-02	7.714288e+00
2.241000e-05	-3.200170e-02	7.666311e+00
2.242000e-05	-2.508393e-02	7.666761e+00
2.243000e-05	-1.432273e-02	7.664183e+00
2.244000e-05	-1.662497e-02	7.644188e+00
2.245000e-05	-3.110082e-02	7.642134e+00
2.246000e-05	-3.357346e-02	7.630582e+00
2.247000e-05	-2.353128e-02	7.611499e+00
2.248000e-05	-1.565856e-02	7.600047e+00
2.249000e-05	-2.409444e-02	7.588443e+00
2.250000e-05	-3.374370e-02	7.527392e+00
2.251000e-05	-3.111673e-02	7.513763e+00
2.252000e-05	-2.097163e-02	7.422604e+00
2.253000e-05	-1.988148e-02	7.359950e+00
2.254000e-05	-3.041912e-02	7.296865e+00
2.255000e-05	-3.436091e-02	7.293711e+00
2.256000e-05	-2.674701e-02	7.231552e+00
2.257000e-05	-1.967877e-02	7.190450e+00
2.258000e-05	-2.480667e-02	7.159395e+00
2.259000e-05	-3.282790e-02	7.094737e+00
2.260000e-05	-3.159252e-02	7.043106e+00
2.261000e-05	-2.224591e-02	6.990943e+00
2.262000e-05	-2.069332e-02	6.947365e+00
2.263000e-05	-2.728299e-02	6.874182e+00
2.264000e-05	-3.200015e-02	6.820501e+00
2.265000e-05	-2.556942e-02	6.758471e+00
2.266000e-05	-1.779766e-02	6.665233e+00
2.267000e-05	-1.981470e-02	6.609949e+00
2.268000e-05	-2.696991e-02	6.444711e+00
2.269000e-05	-2.604475e-02	6.399549e+00
2.270000e-05	-1.900762e-02	6.347896e+00
2.271000e-05	-1.360559e-02	6.294257e+00
2.272000e-05	-2.013784e-02	6.189475e+00
2.273000e-05	-2.408216e-02	6.116391e+00
2.274000e-05	-2.206619e-02	6.033558e+00
2.275000e-05	-1.444289e-02	5.998499e+00
2.276000e-05	-1.523337e-02	5.885212e+00
2.277000e-05	-1.963260e-02	5.696838e+00
2.278000e-05	-2.013557e-02	5.621600e+00
2.279000e-05	-1.313332e-02	5.538919e+00
2.280000e-05	-1.003046e-02	5.453203e+00
2.281000e-05	-1.374233e-02	5.339419e+00
2.282000e-05	-1.863717e-02	5.244157e+00
2.283000e-05	-1.817148e-02	5.076391e+00
2.284000e-05	-1.264938e-02	4.948442e+00
2.285000e-05	-1.111469e-02	4.821600e+00
2.286000e-05	-1.379691e-02	4.735865e+00
2.287000e-05	-1.416488e-02	4.580604e+00
2.288000e-05	-9.086684e-03	4.507716e+00
2.289000e-05	-6.015651e-03	4.400076e+00
2.290000e-05	-9.214443e-03	4.326885e+00
2.291000e-05	-1.437460e-02	4.176345e+00
2.292000e-05	-1.415748e-02	3.991104e+00
2.293000e-05	-1.066804e-02	3.934263e+00
2.294000e-05	-7.972112e-03	3.778494e+00
2.295000e-05	-1.005138e-02	3.653257e+00
2.296000e-05	-1.027747e-02	3.569444e+00
2.297000e-05	-6.950418e-03	3.421607e+00
2.298000e-05	-4.837185e-03	3.282707e+00
2.299000e-05	-6.396457e-03	3.137895e+00
2.300000e-05	-1.037515e-02	3.050105e+00
2.301000e-05	-1.145538e-02	2.894815e+00
2.302000e-05	-8.189029e-03	2.820525e+00
2.303000e-05	-5.943988e-03	2.643579e+00
2.304000e-05	-6.831540e-03	2.433762e+00
2.305000e-05	-7.621140e-03	2.376394e+00
2.306000e-05	-5.628090e-03	2.190528e+00
2.307000e-05	-4.011090e-03	2.094713e+00
2.308000e-05	-5.242762e-03	2.016970e+00
2.309000e-05	-7.919353e-03	1.813208e+00
2.310000e-05	-8.468942e-03	1.715233e+00
2.311000e-05	-5.801742e-03	1.539392e+00
2.312000e-05	-4.491078e-03	1.399475e+00
2.313000e-05	-4.602454e-03	1.261629e+00
2.314000e-05	-7.054884e-03	1.074783e+00
2.315000e-05	-5.236273e-03	8.642620e-01
2.316000e-05	-2.732747e-03	7.688973e-01
2.317000e-05	-2.847038e-03	6.421268e-01
2.318000e-05	-6.132032e-03	4.946832e-01
2.319000e-05	-6.089940e-03	3.784463e-01
2.320000e-05	-4.849826e-03	2.110255e-01
2.321000e-05	-2.756843e-03	5.108040e-02
2.322000e-05	-1.083257e-03	-8.466433e-02
2.323000e-05	-5.213681e-04	-2.005236e-01
2.324000e-05	-1.210828e-03	-3.542956e-01
2.325000e-05	1.620228e-04	-4.425313e-01
2.326000e-05	-2.508294e-04	-5.719523e-01
2.327000e-05	-2.485423e-03	-7.872707e-01
2.328000e-05	-3.573926e-03	-8.536328e-01
2.329000e-05	1.495527e-03	-9.700011e-01
2.330000e-05	3.782968e-02	-1.075232e+00
2.331000e-05	5.774383e-02	-1.233665e+00
2.332000e-05	-4.243757e-02	-1.558763e+00
2.333000e-05	-5.095229e-02	-1.779376e+00
2.334000e-05	-1.020058e-01	-1.841131e+00
2.335000e-05	1.248456e-01	-1.851032e+00
2.336000e-05	5.923734e-03	-1.946363e+00
2.337000e-05	-1.320236e-01	-2.201481e+00
2.338000e-05	8.760343e-02	-2.357370e+00
2.339000e-05	5.152731e-02	-2.349967e+00
2.340000e-05	-1.236562e-01	-2.619951e+00
2.341000e-05	1.049753e-01	-2.757741e+00
2.342000e-05	5.275606e-02	-2.790474e+00
2.343000e-05	-1.774598e-01	-2.980920e+00
2.344000e-05	8.460815e-02	-3.115745e+00
2.345000e-05	9.192242e-02	-3.262630e+00
2.346000e-05	-8.627152e-02	-3.420473e+00
2.347000e-05	5.190583e-02	-3.474689e+00
2.348000e-05	-4.275138e-02	-3.599925e+00
2.349000e-05	-2.155688e-02	-3.778970e+00
2.350000e-05	1.248418e-01	-3.864684e+00
2.351000e-05	-1.056670e-01	-4.019980e+00
2.352000e-05	-1.642498e-02	-4.209414e+00
2.353000e-05	7.276957e-02	-4.230553e+00
2.354000e-05	-4.100294e-02	-4.378920e+00
2.355000e-05	4.981568e-02	-4.411057e+00
2.356000e-05	-1.932740e-02	-4.519372e+00
2.357000e-05	-4.934429e-02	-4.684216e+00
2.358000e-05	4.137656e-02	-4.800896e+00
2.359000e-05	1.711608e-02	-4.916316e+00
2.360000e-05	2.389766e-02	-5.043560e+00
2.361000e-05	-4.309381e-02	-5.147874e+00
2.362000e-05	-9.981421e-03	-5.234212e+00
2.363000e-05	6.136583e-02	-5.442155e+00
2.364000e-05	-2.183060e-02	-5.568871e+00
2.365000e-05	4.334334e-03	-5.622080e+00
2.366000e-05	-2.670940e-02	-5.686818e+00
2.367000e-05	6.807582e-03	-5.843037e+00
2.368000e-05	6.222439e-02	-5.936268e+00
2.369000e-05	-2.762615e-02	-5.970451e+00
2.370000e-05	4.003704e-03	-6.022658e+00
2.371000e-05	-1.259151e-02	-6.139479e+00
2.372000e-05	1.582963e-02	-6.315691e+00
2.373000e-05	3.395368e-02	-6.390450e+00
2.374000e-05	-2.858283e-02	-6.452105e+00
2.375000e-05	2.517659e-03	-6.547739e+00
2.376000e-05	3.097977e-03	-6.590529e+00
2.377000e-05	3.342435e-02	-6.675162e+00
2.378000e-05	1.389938e-02	-6.777892e+00
2.379000e-05	-2.233224e-02	-6.790501e+00
2.380000e-05	6.805966e-03	-6.863582e+00
2.381000e-05	1.116722e-02	-6.857268e+00
2.382000e-05	2.559635e-02	-7.033083e+00
2.383000e-05	-2.537121e-04	-7.127191e+00
2.384000e-05	-1.423167e-02	-7.169945e+00
2.385000e-05	1.528638e-02	-7.200554e+00
2.386000e-05	2.311020e-02	-7.263058e+00
2.387000e-05	1.791249e-02	-7.295736e+00
2.388000e-05	-8.055402e-03	-7.377967e+00
2.389000e-05	-3.873337e-03	-7.369001e+00
2.390000e-05	2.336827e-02	-7.432052e+00
2.391000e-05	1.995120e-02	-7.475162e+00
2.392000e-05	7.039676e-03	-7.525765e+00
2.393000e-05	-7.717478e-03	-7.537846e+00
2.394000e-05	1.020891e-02	-7.557918e+00
2.395000e-05	2.479137e-02	-7.591027e+00
2.396000e-05	1.618097e-02	-7.630054e+00
2.397000e-05	4.901944e-03	-7.662664e+00
2.398000e-05	-6.872687e-04	-7.632735e+00
2.399000e-05	2.005836e-02	-7.674733e+00
2.400000e-05	2.362731e-02	-7.716833e+00
2.401000e-05	1.108822e-02	-7.696868e+00
2.402000e-05	3.658120e-05	-7.721073e+00
2.403000e-05	7.506263e-03	-7.769294e+00
2.404000e-05	2.409838e-02	-7.789475e+00
2.405000e-05	2.281430e-02	-7.802897e+00
2.406000e-05	9.425826e-03	-7.729867e+00
2.407000e-05	6.615431e-03	-7.709346e+00
2.408000e-05	1.944288e-02	-7.719296e+00
2.409000e-05	2.534729e-02	-7.707692e+00
2.410000e-05	1.709883e-02	-7.718369e+00
2.411000e-05	7.212198e-03	-7.624687e+00
2.412000e-05	1.203633e-02	-7.643684e+00
2.413000e-05	2.455044e-02	-7.652133e+00
2.414000e-05	2.560799e-02	-7.590076e+00
2.415000e-05	1.537828e-02	-7.570447e+00
2.416000e-05	9.902282e-03	-7.546247e+00
2.417000e-05	1.999942e-02	-7.487267e+00
2.418000e-05	2.672686e-02	-7.467165e+00
2.419000e-05	2.321626e-02	-7.461633e+00
2.420000e-05	1.370064e-02	-7.390001e+00
2.421000e-05	1.418237e-02	-7.368947e+00
2.422000e-05	2.412335e-02	-7.346316e+00
2.423000e-05	2.628419e-02	-7.261712e+00
2.424000e-05	1.853260e-02	-7.221607e+00
2.425000e-05	1.266883e-02	-7.210027e+00
2.426000e-05	1.843092e-02	-7.177423e+00
2.427000e-05	2.578704e-02	-7.136816e+00
2.428000e-05	2.260079e-02	-6.982124e+00
2.429000e-05	1.398608e-02	-6.897216e+00
2.430000e-05	1.157117e-02	-6.822058e+00
2.431000e-05	1.919492e-02	-6.800476e+00
2.432000e-05	2.159226e-02	-6.727394e+00
2.433000e-05	1.546106e-02	-6.674709e+00
2.434000e-05	9.371092e-03	-6.619527e+00
2.435000e-05	1.286668e-02	-6.528366e+00
2.436000e-05	1.881640e-02	-6.452159e+00
2.437000e-05	1.773981e-02	-6.399975e+00
2.438000e-05	1.039100e-02	-6.347191e+00
2.439000e-05	6.819781e-03	-6.120501e+00
2.440000e-05	1.181596e-02	-6.043167e+00
2.441000e-05	1.421269e-02	-5.999474e+00
2.442000e-05	1.100792e-02	-5.906816e+00
2.443000e-05	4.439729e-03	-5.810603e+00
2.444000e-05	5.545550e-03	-5.697763e+00
2.445000e-05	1.072739e-02	-5.623128e+00
2.446000e-05	1.171840e-02	-5.577998e+00
2.447000e-05	6.023960e-03	-5.413630e+00
2.448000e-05	3.151931e-03	-5.262783e+00
2.449000e-05	6.004674e-03	-5.179995e+00
2.450000e-05	9.331928e-03	-5.053657e+00
2.451000e-05	5.810944e-03	-4.935347e+00
2.452000e-05	1.024314e-03	-4.729442e+00
2.453000e-05	1.011038e-03	-4.613203e+00
2.454000e-05	4.663579e-03	-4.587896e+00
2.455000e-05	6.681229e-03	-4.453132e+00
2.456000e-05	2.991979e-03	-4.359923e+00
2.457000e-05	5.928794e-05	-4.282208e+00
2.458000e-05	1.888372e-03	-4.169867e+00
2.459000e-05	5.310179e-03	-4.012105e+00
2.460000e-05	3.436620e-03	-3.938843e+00
2.461000e-05	-1.339754e-03	-3.759919e+00
2.462000e-05	-2.636684e-03	-3.640528e+00
2.463000e-05	2.421590e-04	-3.515818e+00
2.464000e-05	2.863482e-03	-3.359499e+00
2.465000e-05	-7.606614e-04	-3.264154e+00
2.466000e-05	-1.711815e-03	-3.148021e+00
2.467000e-05	-1.604384e-03	-3.000976e+00
2.468000e-05	2.602129e-03	-2.832703e+00
2.469000e-05	1.726411e-03	-2.716813e+00
2.470000e-05	-3.358503e-03	-2.610050e+00
2.471000e-05	-4.976040e-03	-2.453658e+00
2.472000e-05	-3.015523e-03	-2.356994e+00
2.473000e-05	-2.759525e-04	-2.198976e+00
2.474000e-05	-2.223974e-03	-2.030628e+00
2.475000e-05	-3.938811e-03	-1.905839e+00
2.476000e-05	-4.172454e-03	-1.796945e+00
2.477000e-05	8.747523e-05	-1.641580e+00
2.478000e-05	-8.593424e-04	-1.535797e+00
2.479000e-05	-4.006142e-03	-1.357446e+00
2.480000e-05	-7.111389e-03	-1.177340e+00
2.481000e-05	-4.826242e-03	-1.001128e+00
2.482000e-05	-2.917015e-03	-8.636857e-01
2.483000e-05	-3.419754e-03	-7.684199e-01
2.484000e-05	-5.068678e-03	-5.670313e-01
2.485000e-05	-4.185322e-03	-4.321802e-01
2.486000e-05	-2.212394e-03	-3.358394e-01
2.487000e-05	-2.334312e-03	-2.200526e-01
2.488000e-05	-3.472888e-03	1.102513e-02
2.489000e-05	-2.542976e-03	7.275796e-02
2.490000e-05	-2.438971e-03	2.200290e-01
2.491000e-05	-5.528845e-04	3.893736e-01
2.492000e-05	-1.502197e-03	4.952332e-01
2.493000e-05	-4.002324e-03	6.101240e-01
2.494000e-05	-5.058293e-03	7.674197e-01
2.495000e-05	-3.579674e-04	8.635040e-01
2.496000e-05	1.243446e-02	1.038999e+00
2.497000e-05	4.738631e-02	1.180577e+00
2.498000e-05	1.428838e-02	1.431051e+00
2.499000e-05	-4.718792e-02	1.633550e+00
2.500000e-05	-7.357204e-02	1.798976e+00
2.501000e-05	-5.933833e-02	1.841505e+00
2.502000e-05	1.231449e-01	1.918388e+00
2.503000e-05	-2.954447e-02	2.062710e+00
2.504000e-05	-1.179431e-01	2.178399e+00
2.505000e-05	1.172224e-01	2.273186e+00
2.506000e-05	-7.198276e-03	2.446033e+00
2.507000e-05	-7.691898e-02	2.599950e+00
2.508000e-05	9.808576e-02	2.696312e+00
2.509000e-05	-2.013982e-02	2.875103e+00
2.510000e-05	-1.392524e-01	2.990022e+00
2.511000e-05	9.800758e-02	3.095337e+00
2.512000e-05	2.781655e-02	3.212003e+00
2.513000e-05	-5.534687e-02	3.338824e+00
2.514000e-05	8.417743e-03	3.527742e+00
2.515000e-05	-4.160076e-02	3.642105e+00
2.516000e-05	1.894894e-02	3.727316e+00
2.517000e-05	4.113530e-02	3.903185e+00
2.518000e-05	-6.052268e-02	3.999945e+00
2.519000e-05	-2.150420e-02	4.055317e+00
2.520000e-05	3.180836e-02	4.274289e+00
2.521000e-05	-7.199830e-03	4.379501e+00
2.522000e-05	7.456596e-03	4.494261e+00
2.523000e-05	-3.361374e-02	4.590560e+00
2.524000e-05	-3.433903e-02	4.695866e+00
2.525000e-05	8.639755e-03	4.822001e+00
2.526000e-05	3.656682e-02	4.979497e+00
2.527000e-05	-2.000875e-02	5.175367e+00
2.528000e-05	-4.894498e-02	5.223136e+00
2.529000e-05	1.204234e-02	5.369394e+00
2.530000e-05	1.214280e-02	5.444080e+00
2.531000e-05	-5.057253e-03	5.558919e+00
2.532000e-05	-3.181740e-02	5.642080e+00
2.533000e-05	-3.112658e-02	5.748363e+00
2.534000e-05	9.959957e-03	5.845738e+00
2.535000e-05	1.975388e-02	5.948948e+00
2.536000e-05	-1.891710e-02	6.021634e+00
2.537000e-05	-3.090740e-02	6.127369e+00
2.538000e-05	-1.382890e-02	6.189998e+00
2.539000e-05	1.092767e-02	6.295813e+00
2.540000e-05	2.997084e-03	6.359348e+00
2.541000e-05	-3.252981e-02	6.421101e+00
2.542000e-05	-2.568188e-02	6.445814e+00
2.543000e-05	-3.373234e-03	6.632633e+00
2.544000e-05	1.332538e-02	6.686845e+00
2.545000e-05	-1.732622e-02	6.778948e+00
2.546000e-05	-3.198075e-02	6.822102e+00
2.547000e-05	-1.764492e-02	6.886210e+00
2.548000e-05	3.038850e-03	6.927872e+00
2.549000e-05	1.427691e-03	7.039971e+00
2.550000e-05	-2.607955e-02	7.063134e+00
2.551000e-05	-3.001416e-02	7.127817e+00
2.552000e-05	-9.037393e-03	7.168920e+00
2.553000e-05	5.022943e-03	7.189553e+00
2.554000e-05	-1.242782e-02	7.222604e+00
2.555000e-05	-3.095456e-02	7.273209e+00
2.556000e-05	-2.178601e-02	7.289320e+00
2.557000e-05	-2.317218e-03	7.382002e+00
2.558000e-05	-3.314446e-03	7.464604e+00
2.559000e-05	-2.442149e-02	7.498816e+00
2.560000e-05	-3.119317e-02	7.536821e+00
2.561000e-05	-1.604826e-02	7.589447e+00
2.562000e-05	-3.220561e-03	7.600549e+00
2.563000e-05	-1.491726e-02	7.601051e+00
2.564000e-05	-2.905870e-02	7.641129e+00
2.565000e-05	-2.575520e-02	7.653633e+00
2.566000e-05	-1.036289e-02	7.685133e+00
2.567000e-05	-7.035848e-03	7.684737e+00
2.568000e-05	-2.425538e-02	7.695712e+00
2.569000e-05	-3.200187e-02	7.705166e+00
2.570000e-05	-2.332573e-02	7.696813e+00
2.571000e-05	-9.773356e-03	7.686241e+00
2.572000e-05	-1.651251e-02	7.697862e+00
2.573000e-05	-2.899615e-02	7.696240e+00
2.574000e-05	-2.975483e-02	7.685787e+00
2.575000e-05	-1.803454e-02	7.664732e+00
2.576000e-05	-1.355169e-02	7.623737e+00
2.577000e-05	-2.557525e-02	7.641655e+00
2.578000e-05	-3.308319e-02	7.621603e+00
2.579000e-05	-2.873489e-02	7.612054e+00
2.580000e-05	-1.582886e-02	7.570026e+00
2.581000e-05	-2.041183e-02	7.600425e+00
2.582000e-05	-2.979530e-02	7.567918e+00
2.583000e-05	-3.443887e-02	7.507287e+00
2.584000e-05	-2.454209e-02	7.483709e+00
2.585000e-05	-1.968372e-02	7.340047e+00
2.586000e-05	-2.699716e-02	7.284916e+00
2.587000e-05	-3.430493e-02	7.274333e+00
2.588000e-05	-3.045176e-02	7.223056e+00
2.589000e-05	-2.031369e-02	7.179501e+00
2.590000e-05	-2.231209e-02	7.158421e+00
2.591000e-05	-2.914126e-02	7.096337e+00
2.592000e-05	-3.330425e-02	7.033705e+00
2.593000e-05	-2.627871e-02	6.990044e+00
2.594000e-05	-2.106033e-02	6.957891e+00
2.595000e-05	-2.440246e-02	6.863783e+00
2.596000e-05	-3.025441e-02	6.813080e+00
2.597000e-05	-2.874619e-02	6.789523e+00
2.598000e-05	-1.941662e-02	6.706812e+00
2.599000e-05	-1.868932e-02	6.621600e+00
2.600000e-05	-2.384901e-02	6.458364e+00
2.601000e-05	-2.784493e-02	6.441028e+00
2.602000e-05	-2.125222e-02	6.379970e+00
2.603000e-05	-1.617436e-02	6.266789e+00
2.604000e-05	-1.784916e-02	6.211528e+00
2.605000e-05	-2.463470e-02	6.127414e+00
2.606000e-05	-2.321772e-02	6.033282e+00
2.607000e-05	-1.588050e-02	6.009474e+00
2.608000e-05	-1.342299e-02	5.916813e+00
2.609000e-05	-1.757888e-02	5.760497e+00
2.610000e-05	-2.151868e-02	5.644703e+00
2.611000e-05	-1.665878e-02	5.568969e+00
2.612000e-05	-1.123163e-02	5.475212e+00
2.613000e-05	-1.220930e-02	5.399045e+00
2.614000e-05	-1.776813e-02	5.275237e+00
2.615000e-05	-1.814468e-02	5.168920e+00
2.616000e-05	-1.294064e-02	4.991128e+00
2.617000e-05	-9.517846e-03	4.884678e+00
2.618000e-05	-1.224030e-02	4.758920e+00
2.619000e-05	-1.469952e-02	4.653630e+00
2.620000e-05	-1.294275e-02	4.578916e+00
2.621000e-05	-8.359933e-03	4.442106e+00
2.622000e-05	-8.549247e-03	4.336349e+00
2.623000e-05	-1.168576e-02	4.220454e+00
2.624000e-05	-1.389191e-02	4.021180e+00
2.625000e-05	-1.019171e-02	3.947891e+00
2.626000e-05	-6.435734e-03	3.820579e+00
2.627000e-05	-9.609551e-03	3.715809e+00
2.628000e-05	-1.238458e-02	3.609998e+00
2.629000e-05	-1.049103e-02	3.494309e+00
2.630000e-05	-5.041441e-03	3.315307e+00
2.631000e-05	-5.391638e-03	3.179974e+00
2.632000e-05	-8.366516e-03	3.064712e+00
2.633000e-05	-1.157965e-02	2.975388e+00
2.634000e-05	-8.113469e-03	2.821104e+00
2.635000e-05	-5.671897e-03	2.685311e+00
2.636000e-05	-6.663854e-03	2.556263e+00
2.637000e-05	-1.031575e-02	2.388423e+00
2.638000e-05	-7.380242e-03	2.232105e+00
2.639000e-05	-4.742349e-03	2.156866e+00
2.640000e-05	-3.231137e-03	2.009500e+00
2.641000e-05	-6.972328e-03	1.895336e+00
2.642000e-05	-8.272401e-03	1.684865e+00
2.643000e-05	-6.142780e-03	1.579896e+00
2.644000e-05	-4.186050e-03	1.433155e+00
2.645000e-05	-4.982091e-03	1.302282e+00
2.646000e-05	-7.619867e-03	1.166866e+00
2.647000e-05	-6.686338e-03	9.563661e-01
2.648000e-05	-3.216624e-03	8.095527e-01
2.649000e-05	-2.612884e-03	6.841855e-01
2.650000e-05	-4.630332e-03	5.459408e-01
2.651000e-05	-6.201183e-03	4.100001e-01
2.652000e-05	-4.555933e-03	3.131342e-01
2.653000e-05	-2.881353e-03	8.473554e-02
2.654000e-05	-1.604164e-03	-2.208414e-02
2.655000e-05	-1.799544e-03	-1.489210e-01
2.656000e-05	-1.951359e-03	-2.957130e-01
2.657000e-05	-1.123706e-03	-3.811013e-01
2.658000e-05	7.097158e-04	-5.459158e-01
2.659000e-05	-2.467938e-03	-7.156956e-01
2.660000e-05	-2.810518e-03	-8.111051e-01
2.661000e-05	-9.417165e-04	-9.483471e-01
2.662000e-05	2.279652e-02	-1.042653e+00
2.663000e-05	6.655724e-02	-1.210558e+00
2.664000e-05	-1.964488e-02	-1.514736e+00
2.665000e-05	-4.424363e-02	-1.735318e+00
2.666000e-05	-1.082122e-01	-1.822607e+00
2.667000e-05	6.535458e-02	-1.811608e+00
2.668000e-05	7.882851e-02	-1.853713e+00
2.669000e-05	-1.231100e-01	-2.147365e+00
2.670000e-05	-3.044226e-03	-2.326266e+00
2.671000e-05	1.225416e-01	-2.317849e+00
2.672000e-05	-1.235836e-01	-2.515796e+00
2.673000e-05	2.935754e-02	-2.737291e+00
2.674000e-05	1.256779e-01	-2.788375e+00
2.675000e-05	-1.657603e-01	-2.896791e+00
2.676000e-05	-1.688755e-02	-3.127264e+00
2.677000e-05	1.465941e-01	-3.220000e+00
2.678000e-05	-7.850944e-02	-3.366921e+00
2.679000e-05	1.748730e-02	-3.453109e+00
2.680000e-05	6.859428e-03	-3.516870e+00
2.681000e-05	-7.122374e-02	-3.686840e+00
2.682000e-05	1.276309e-01	-3.894157e+00
2.683000e-05	-4.416112e-02	-3.930392e+00
2.684000e-05	-7.935990e-02	-4.127795e+00
2.685000e-05	8.491748e-02	-4.171028e+00
2.686000e-05	-2.017086e-02	-4.307840e+00
2.687000e-05	1.508726e-02	-4.421575e+00
2.688000e-05	2.513021e-02	-4.524743e+00
2.689000e-05	-7.298315e-02	-4.702711e+00
2.690000e-05	3.242702e-02	-4.758450e+00
2.691000e-05	2.454859e-02	-4.895286e+00
2.692000e-05	2.263486e-02	-5.051558e+00
2.693000e-05	-1.712994e-02	-5.096745e+00
2.694000e-05	-4.392003e-02	-5.242656e+00
2.695000e-05	6.633330e-02	-5.339929e+00
2.696000e-05	-6.096933e-03	-5.515718e+00
2.697000e-05	-6.326021e-03	-5.641003e+00
2.698000e-05	-1.039333e-02	-5.665742e+00
2.699000e-05	-1.938356e-02	-5.811001e+00
2.700000e-05	6.938097e-02	-5.896312e+00
2.701000e-05	-9.065199e-03	-5.978900e+00
2.702000e-05	-8.119334e-03	-6.052580e+00
2.703000e-05	-4.024306e-03	-6.106346e+00
2.704000e-05	-3.500609e-04	-6.295216e+00
2.705000e-05	4.186628e-02	-6.389421e+00
2.706000e-05	-1.612400e-02	-6.403034e+00
2.707000e-05	-9.965887e-03	-6.516287e+00
2.708000e-05	6.241838e-03	-6.598918e+00
2.709000e-05	2.159459e-02	-6.644160e+00
2.710000e-05	2.975392e-02	-6.706291e+00
2.711000e-05	-2.070502e-02	-6.780950e+00
2.712000e-05	-5.722781e-04	-6.834655e+00
2.713000e-05	1.310738e-02	-6.847318e+00
2.714000e-05	2.060677e-02	-6.980554e+00
2.715000e-05	1.258209e-02	-7.015863e+00
2.716000e-05	-1.933394e-02	-7.187945e+00
2.717000e-05	8.075241e-03	-7.192002e+00
2.718000e-05	2.112406e-02	-7.232129e+00
2.719000e-05	2.222361e-02	-7.246734e+00
2.720000e-05	-8.238439e-04	-7.346416e+00
2.721000e-05	-9.681912e-03	-7.379523e+00
2.722000e-05	1.969069e-02	-7.420977e+00
2.723000e-05	2.236076e-02	-7.474687e+00
2.724000e-05	1.273267e-02	-7.495309e+00
2.725000e-05	-7.771544e-03	-7.536842e+00
2.726000e-05	2.195241e-03	-7.537895e+00
2.727000e-05	2.276457e-02	-7.579970e+00
2.728000e-05	1.881713e-02	-7.600951e+00
2.729000e-05	7.483473e-03	-7.672658e+00
2.730000e-05	-1.375213e-03	-7.692657e+00
2.731000e-05	1.637103e-02	-7.654207e+00
2.732000e-05	2.640574e-02	-7.676362e+00
2.733000e-05	1.661014e-02	-7.719347e+00
2.734000e-05	2.320887e-03	-7.747420e+00
2.735000e-05	3.863088e-03	-7.760421e+00
2.736000e-05	1.960901e-02	-7.730916e+00
2.737000e-05	2.330020e-02	-7.790826e+00
2.738000e-05	1.227191e-02	-7.720354e+00
2.739000e-05	4.735250e-03	-7.758595e+00
2.740000e-05	1.668029e-02	-7.717749e+00
2.741000e-05	2.629779e-02	-7.686291e+00
2.742000e-05	2.220713e-02	-7.686819e+00
2.743000e-05	8.921105e-03	-7.686209e+00
2.744000e-05	9.325850e-03	-7.663684e+00
2.745000e-05	2.025281e-02	-7.624159e+00
2.746000e-05	2.650705e-02	-7.621550e+00
2.747000e-05	1.770965e-02	-7.589552e+00
2.748000e-05	1.090938e-02	-7.538896e+00
2.749000e-05	1.796633e-02	-7.489171e+00
2.750000e-05	2.716291e-02	-7.475763e+00
2.751000e-05	2.627571e-02	-7.444658e+00
2.752000e-05	1.513139e-02	-7.401601e+00
2.753000e-05	1.335446e-02	-7.390499e+00
2.754000e-05	2.225016e-02	-7.357895e+00
2.755000e-05	2.620808e-02	-7.275789e+00
2.756000e-05	1.939574e-02	-7.203083e+00
2.757000e-05	1.201142e-02	-7.189553e+00
2.758000e-05	1.660171e-02	-7.189474e+00
2.759000e-05	2.423378e-02	-7.087360e+00
2.760000e-05	2.483111e-02	-7.032708e+00
2.761000e-05	1.612121e-02	-6.928366e+00
2.762000e-05	1.251665e-02	-6.862184e+00
2.763000e-05	1.812942e-02	-6.800101e+00
2.764000e-05	2.168459e-02	-6.778969e+00
2.765000e-05	1.718190e-02	-6.645760e+00
2.766000e-05	9.380087e-03	-6.624001e+00
2.767000e-05	1.145164e-02	-6.555845e+00
2.768000e-05	1.750796e-02	-6.474659e+00
2.769000e-05	1.911254e-02	-6.401529e+00
2.770000e-05	1.177610e-02	-6.346870e+00
2.771000e-05	8.279593e-03	-6.190529e+00
2.772000e-05	1.092378e-02	-6.097234e+00
2.773000e-05	1.519079e-02	-6.010526e+00
2.774000e-05	1.145283e-02	-5.926868e+00
2.775000e-05	6.102816e-03	-5.823634e+00
2.776000e-05	4.210209e-03	-5.768946e+00
2.777000e-05	1.063082e-02	-5.663688e+00
2.778000e-05	1.264663e-02	-5.590923e+00
2.779000e-05	6.768260e-03	-5.465836e+00
2.780000e-05	3.412991e-03	-5.296811e+00
2.781000e-05	5.470278e-03	-5.190050e+00
2.782000e-05	9.783404e-03	-5.105789e+00
2.783000e-05	7.367972e-03	-5.011400e+00
2.784000e-05	1.538068e-03	-4.800100e+00
2.785000e-05	5.235932e-04	-4.662708e+00
2.786000e-05	3.735576e-03	-4.569499e+00
2.787000e-05	6.390982e-03	-4.504658e+00
2.788000e-05	3.091092e-03	-4.369976e+00
2.789000e-05	-5.938640e-04	-4.276261e+00
2.790000e-05	9.149438e-04	-4.199497e+00
2.791000e-05	3.922448e-03	-4.033233e+00
2.792000e-05	4.133698e-03	-3.969042e+00
2.793000e-05	-6.667623e-04	-3.832603e+00
2.794000e-05	-9.976303e-04	-3.653129e+00
2.795000e-05	-9.171477e-04	-3.568446e+00
2.796000e-05	3.541285e-03	-3.441105e+00
2.797000e-05	-1.466607e-04	-3.315362e+00
2.798000e-05	-1.949520e-03	-3.189973e+00
2.799000e-05	-2.365948e-03	-3.072630e+00
2.800000e-05	1.792450e-03	-2.893191e+00
2.801000e-05	1.996704e-03	-2.777946e+00
2.802000e-05	-2.036726e-03	-2.613080e+00
2.803000e-05	-5.217056e-03	-2.504338e+00
2.804000e-05	-3.933716e-03	-2.388552e+00
2.805000e-05	-7.757177e-04	-2.221627e+00
2.806000e-05	-1.192465e-03	-2.072682e+00
2.807000e-05	-2.859956e-03	-1.917343e+00
2.808000e-05	-4.512869e-03	-1.841631e+00
2.809000e-05	-1.597834e-03	-1.675283e+00
2.810000e-05	-1.455473e-03	-1.527944e+00
2.811000e-05	-2.452635e-03	-1.347950e+00
2.812000e-05	-5.762237e-03	-1.219481e+00
2.813000e-05	-5.733567e-03	-1.044579e+00
2.814000e-05	-2.964993e-03	-9.183394e-01
2.815000e-05	-2.010883e-03	-7.985263e-01
2.816000e-05	-4.514138e-03	-6.511344e-01
2.817000e-05	-5.668960e-03	-4.636878e-01
2.818000e-05	-3.427435e-03	-3.484221e-01
2.819000e-05	-1.250394e-03	-2.209991e-01
2.820000e-05	-2.173672e-03	-7.360684e-02
2.821000e-05	-3.084666e-03	3.150652e-02
2.822000e-05	-2.858947e-03	2.268724e-01
2.823000e-05	-2.514974e-03	3.488959e-01
2.824000e-05	1.438433e-03	4.626815e-01
2.825000e-05	-3.385690e-03	5.779263e-01
2.826000e-05	-3.941778e-03	7.273158e-01
2.827000e-05	-3.204779e-03	8.404802e-01
2.828000e-05	7.956627e-03	9.599458e-01
2.829000e-05	3.734416e-02	1.169324e+00
2.830000e-05	3.576079e-02	1.376320e+00
2.831000e-05	-4.097706e-02	1.578372e+00
2.832000e-05	-5.953541e-02	1.747719e+00
2.833000e-05	-8.860839e-02	1.821024e+00
2.834000e-05	9.007543e-02	1.926292e+00
2.835000e-05	3.902947e-02	2.031555e+00
2.836000e-05	-1.326337e-01	2.126316e+00
2.837000e-05	5.101765e-02	2.240553e+00
2.838000e-05	7.826215e-02	2.452025e+00
2.839000e-05	-9.786762e-02	2.569318e+00
2.840000e-05	5.209104e-02	2.632732e+00
2.841000e-05	5.759791e-02	2.810978e+00
2.842000e-05	-1.611862e-01	2.957870e+00
2.843000e-05	4.007414e-02	3.053108e+00
2.844000e-05	7.909988e-02	3.169970e+00
2.845000e-05	-5.867143e-02	3.325158e+00
2.846000e-05	-2.869863e-03	3.453167e+00
2.847000e-05	-2.387426e-02	3.641004e+00
2.848000e-05	-1.626294e-02	3.685315e+00
2.849000e-05	6.220859e-02	3.822533e+00
2.850000e-05	-4.141874e-02	3.978974e+00
2.851000e-05	-4.516591e-02	4.024638e+00
2.852000e-05	3.316704e-02	4.231081e+00
2.853000e-05	-3.370234e-03	4.368391e+00
2.854000e-05	4.922063e-03	4.443150e+00
2.855000e-05	-2.302705e-02	4.577924e+00
2.856000e-05	-3.749038e-02	4.755743e+00
2.857000e-05	-7.144054e-03	4.820974e+00
2.858000e-05	4.156883e-02	4.985285e+00
2.859000e-05	-5.970302e-03	5.103787e+00
2.860000e-05	-4.706403e-02	5.239455e+00
2.861000e-05	-6.250811e-03	5.348324e+00
2.862000e-05	1.826341e-02	5.451078e+00
2.863000e-05	-1.873578e-03	5.488340e+00
2.864000e-05	-2.516458e-02	5.600050e+00
2.865000e-05	-3.460739e-02	5.745342e+00
2.866000e-05	-3.500261e-03	5.823611e+00
2.867000e-05	2.771761e-02	5.957893e+00
2.868000e-05	-1.412523e-02	6.011501e+00
2.869000e-05	-2.661429e-02	6.086766e+00
2.870000e-05	-2.476206e-02	6.221472e+00
2.871000e-05	8.063254e-03	6.283633e+00
2.872000e-05	7.327090e-03	6.347844e+00
2.873000e-05	-2.483798e-02	6.411052e+00
2.874000e-05	-2.976438e-02	6.484685e+00
2.875000e-05	-1.094636e-02	6.629479e+00
2.876000e-05	1.511581e-02	6.716138e+00
2.877000e-05	-9.222327e-03	6.768416e+00
2.878000e-05	-2.876393e-02	6.821524e+00
2.879000e-05	-2.410359e-02	6.884158e+00
2.880000e-05	-4.178392e-04	6.917319e+00
2.881000e-05	3.273372e-03	6.999900e+00
2.882000e-05	-1.882391e-02	7.043153e+00
2.883000e-05	-3.137052e-02	7.106788e+00
2.884000e-05	-1.543146e-02	7.177946e+00
2.885000e-05	4.825123e-03	7.170497e+00
2.886000e-05	-7.500384e-03	7.211030e+00
2.887000e-05	-2.661296e-02	7.264680e+00
2.888000e-05	-2.784949e-02	7.326194e+00
2.889000e-05	-5.642945e-03	7.469501e+00
2.890000e-05	-2.095887e-03	7.444560e+00
2.891000e-05	-1.823656e-02	7.486762e+00
2.892000e-05	-3.156582e-02	7.519421e+00
2.893000e-05	-2.069644e-02	7.568394e+00
2.894000e-05	-3.397852e-03	7.590975e+00
2.895000e-05	-1.038520e-02	7.651029e+00
2.896000e-05	-2.449228e-02	7.600703e+00
2.897000e-05	-3.033762e-02	7.664132e+00
2.898000e-05	-1.337465e-02	7.662636e+00
2.899000e-05	-6.507301e-03	7.665655e+00
2.900000e-05	-1.874255e-02	7.645688e+00
2.901000e-05	-3.162940e-02	7.734784e+00
2.902000e-05	-2.676176e-02	7.686291e+00
2.903000e-05	-1.079551e-02	7.707312e+00
2.904000e-05	-1.319617e-02	7.695862e+00
2.905000e-05	-2.561411e-02	7.706288e+00
2.906000e-05	-3.296547e-02	7.706311e+00
2.907000e-05	-1.992251e-02	7.665262e+00
2.908000e-05	-1.458191e-02	7.663105e+00
2.909000e-05	-2.153816e-02	7.653159e+00
2.910000e-05	-3.311374e-02	7.613081e+00
2.911000e-05	-3.028253e-02	7.642153e+00
2.912000e-05	-1.836419e-02	7.600076e+00
2.913000e-05	-1.818422e-02	7.549476e+00
2.914000e-05	-2.799821e-02	7.588972e+00
2.915000e-05	-3.499466e-02	7.518213e+00
2.916000e-05	-2.671697e-02	7.526780e+00
2.917000e-05	-1.986831e-02	7.382049e+00
2.918000e-05	-2.378602e-02	7.348394e+00
2.919000e-05	-3.401188e-02	7.305240e+00
2.920000e-05	-3.309397e-02	7.222081e+00
2.921000e-05	-2.361846e-02	7.199503e+00
2.922000e-05	-2.093405e-02	7.158945e+00
2.923000e-05	-2.679495e-02	7.147391e+00
2.924000e-05	-3.420863e-02	7.077758e+00
2.925000e-05	-2.766779e-02	7.001098e+00
2.926000e-05	-2.074695e-02	6.978922e+00
2.927000e-05	-2.223333e-02	6.874784e+00
2.928000e-05	-2.936933e-02	6.823133e+00
2.929000e-05	-3.129654e-02	6.770525e+00
2.930000e-05	-2.257903e-02	6.756869e+00
2.931000e-05	-1.878387e-02	6.633187e+00
2.932000e-05	-2.120495e-02	6.556288e+00
2.933000e-05	-2.778071e-02	6.422254e+00
2.934000e-05	-2.319423e-02	6.388945e+00
2.935000e-05	-1.773251e-02	6.306365e+00
2.936000e-05	-1.580816e-02	6.243706e+00
2.937000e-05	-2.334386e-02	6.168446e+00
2.938000e-05	-2.405543e-02	6.094181e+00
2.939000e-05	-1.888319e-02	6.021100e+00
2.940000e-05	-1.334957e-02	5.946346e+00
2.941000e-05	-1.583779e-02	5.873604e+00
2.942000e-05	-2.024805e-02	5.686214e+00
2.943000e-05	-1.740842e-02	5.589572e+00
2.944000e-05	-1.182594e-02	5.555313e+00
2.945000e-05	-1.064858e-02	5.441023e+00
2.946000e-05	-1.751269e-02	5.314340e+00
2.947000e-05	-1.845206e-02	5.181050e+00
2.948000e-05	-1.401038e-02	5.032707e+00
2.949000e-05	-9.856744e-03	4.906333e+00
2.950000e-05	-1.178586e-02	4.778974e+00
2.951000e-05	-1.471409e-02	4.664758e+00
2.952000e-05	-1.360568e-02	4.579422e+00
2.953000e-05	-8.801592e-03	4.482759e+00
2.954000e-05	-7.831038e-03	4.377846e+00
2.955000e-05	-1.173033e-02	4.269553e+00
2.956000e-05	-1.410538e-02	4.065833e+00
2.957000e-05	-1.069065e-02	3.959095e+00
2.958000e-05	-7.412973e-03	3.893728e+00
2.959000e-05	-7.933335e-03	3.726892e+00
2.960000e-05	-1.081055e-02	3.631574e+00
2.961000e-05	-1.063263e-02	3.495793e+00
2.962000e-05	-7.305040e-03	3.337343e+00
2.963000e-05	-6.118800e-03	3.251079e+00
2.964000e-05	-8.699368e-03	3.126788e+00
2.965000e-05	-9.965001e-03	2.978469e+00
2.966000e-05	-8.449756e-03	2.843682e+00
2.967000e-05	-5.669002e-03	2.746942e+00
2.968000e-05	-6.552162e-03	2.539046e+00
2.969000e-05	-8.477403e-03	2.401125e+00
2.970000e-05	-8.540932e-03	2.264708e+00
2.971000e-05	-5.128195e-03	2.177967e+00
2.972000e-05	-4.263567e-03	2.043657e+00
2.973000e-05	-5.925269e-03	1.917415e+00
2.974000e-05	-7.309171e-03	1.746971e+00
2.975000e-05	-6.576349e-03	1.661709e+00
2.976000e-05	-5.021610e-03	1.463679e+00
2.977000e-05	-5.195713e-03	1.315365e+00
2.978000e-05	-6.793721e-03	1.190024e+00
2.979000e-05	-6.431727e-03	1.011945e+00
2.980000e-05	-5.433813e-03	8.111541e-01
2.981000e-05	-4.088797e-03	7.368371e-01
2.982000e-05	-4.531623e-03	5.673950e-01
2.983000e-05	-4.323695e-03	4.216030e-01
2.984000e-05	-5.210908e-03	3.377359e-01
2.985000e-05	-5.041553e-03	1.363935e-01
2.986000e-05	-3.495277e-03	-1.950125e-02
2.987000e-05	-1.535201e-03	-1.158170e-01
2.988000e-05	2.135865e-04	-2.636355e-01
2.989000e-05	-2.200324e-03	-3.799473e-01
2.990000e-05	2.716377e-04	-4.747370e-01
2.991000e-05	-2.513180e-03	-6.820367e-01
2.992000e-05	-1.226273e-03	-8.105276e-01
2.993000e-05	-2.813494e-03	-9.057618e-01
2.994000e-05	9.921714e-03	-1.070003e+00
2.995000e-05	5.929725e-02	-1.136422e+00
2.996000e-05	1.428969e-02	-1.390028e+00
2.997000e-05	-4.663147e-02	-1.673185e+00
2.998000e-05	-8.687546e-02	-1.853056e+00
2.999000e-05	-2.115495e-02	-1.813657e+00
3.000000e-05	1.304397e-01	-1.833683e+00
3.001000e-05	-8.524568e-02	-2.094083e+00
3.002000e-05	-8.176213e-02	-2.315736e+00
3.003000e-05	1.477811e-01	-2.308290e+00
3.004000e-05	-7.994836e-02	-2.464207e+00
3.005000e-05	-4.891160e-02	-2.683690e+00
3.006000e-05	1.570132e-01	-2.778317e+00
3.007000e-05	-9.887552e-02	-2.834134e+00
3.008000e-05	-1.152549e-01	-3.044554e+00
3.009000e-05	1.603714e-01	-3.169400e+00
3.010000e-05	-3.109391e-02	-3.315768e+00
3.011000e-05	-3.125736e-02	-3.463034e+00
3.012000e-05	4.621482e-02	-3.506716e+00
3.013000e-05	-8.949281e-02	-3.672140e+00
3.014000e-05	8.480650e-02	-3.822081e+00
3.015000e-05	3.636978e-02	-3.915289e+00
3.016000e-05	-1.221679e-01	-4.064211e+00
3.017000e-05	6.606557e-02	-4.179421e+00
3.018000e-05	1.564752e-02	-4.284737e+00
3.019000e-05	-2.079967e-02	-4.390998e+00
3.020000e-05	5.692092e-02	-4.464113e+00
3.021000e-05	-7.191202e-02	-4.683129e+00
3.022000e-05	5.302882e-03	-4.705270e+00
3.023000e-05	3.349919e-02	-4.851158e+00
3.024000e-05	1.885355e-02	-5.000955e+00
3.025000e-05	8.136682e-03	-5.096716e+00
3.026000e-05	-6.098473e-02	-5.189504e+00
3.027000e-05	4.779473e-02	-5.318346e+00
3.028000e-05	2.187460e-02	-5.486218e+00
3.029000e-05	-1.832890e-02	-5.590479e+00
3.030000e-05	1.796920e-03	-5.662685e+00
3.031000e-05	-3.480799e-02	-5.799525e+00
3.032000e-05	5.502330e-02	-5.876583e+00
3.033000e-05	2.069504e-02	-5.956871e+00
3.034000e-05	-2.259590e-02	-6.011031e+00
3.035000e-05	3.971677e-03	-6.076143e+00
3.036000e-05	-1.171150e-02	-6.234088e+00
3.037000e-05	3.939784e-02	-6.338919e+00
3.038000e-05	5.443871e-03	-6.411028e+00
3.039000e-05	-2.450387e-02	-6.506785e+00
3.040000e-05	1.009219e-02	-6.568375e+00
3.041000e-05	8.817839e-03	-6.642126e+00
3.042000e-05	3.864365e-02	-6.706316e+00
3.043000e-05	-1.182484e-02	-6.759877e+00
3.044000e-05	-1.186977e-02	-6.820081e+00
3.045000e-05	1.292756e-02	-6.895712e+00
3.046000e-05	1.499150e-02	-6.940976e+00
3.047000e-05	2.400812e-02	-7.053189e+00
3.048000e-05	-1.791634e-02	-7.139344e+00
3.049000e-05	-1.011630e-03	-7.211529e+00
3.050000e-05	1.852722e-02	-7.222007e+00
3.051000e-05	2.309792e-02	-7.293634e+00
3.052000e-05	9.435711e-03	-7.308368e+00
3.053000e-05	-1.388364e-02	-7.348296e+00
3.054000e-05	1.347839e-02	-7.391048e+00
3.055000e-05	2.234848e-02	-7.440083e+00
3.056000e-05	1.741861e-02	-7.525212e+00
3.057000e-05	-3.913073e-03	-7.516319e+00
3.058000e-05	-3.571509e-03	-7.548948e+00
3.059000e-05	1.825894e-02	-7.548523e+00
3.060000e-05	2.345517e-02	-7.611054e+00
3.061000e-05	1.206961e-02	-7.601599e+00
3.062000e-05	2.246349e-04	-7.654185e+00
3.063000e-05	6.720734e-03	-7.633192e+00
3.064000e-05	2.396335e-02	-7.666260e+00
3.065000e-05	1.966167e-02	-7.739323e+00
3.066000e-05	4.886540e-03	-7.768870e+00
3.067000e-05	2.322915e-03	-7.769004e+00
3.068000e-05	1.550561e-02	-7.709441e+00
3.069000e-05	2.585036e-02	-7.778997e+00
3.070000e-05	1.662302e-02	-7.779892e+00
3.071000e-05	5.571131e-03	-7.728821e+00
3.072000e-05	1.052918e-02	-7.768869e+00
3.073000e-05	2.387000e-02	-7.707288e+00
3.074000e-05	2.385942e-02	-7.685340e+00
3.075000e-05	1.157807e-02	-7.707765e+00
3.076000e-05	8.387570e-03	-7.692212e+00
3.077000e-05	1.794365e-02	-7.662605e+00
3.078000e-05	2.761864e-02	-7.613554e+00
3.079000e-05	2.134483e-02	-7.590501e+00
3.080000e-05	1.128790e-02	-7.538522e+00
3.081000e-05	1.374822e-02	-7.537396e+00
3.082000e-05	2.454342e-02	-7.466815e+00
3.083000e-05	2.712868e-02	-7.454707e+00
3.084000e-05	1.784178e-02	-7.441579e+00
3.085000e-05	1.278461e-02	-7.380050e+00
3.086000e-05	1.913777e-02	-7.357896e+00
3.087000e-05	2.704370e-02	-7.317387e+00
3.088000e-05	2.308410e-02	-7.223647e+00
3.089000e-05	1.427576e-02	-7.191577e+00
3.090000e-05	1.425365e-02	-7.200499e+00
3.091000e-05	2.286160e-02	-7.136920e+00
3.092000e-05	2.624354e-02	-7.093736e+00
3.093000e-05	1.856863e-02	-6.940924e+00
3.094000e-05	1.180249e-02	-6.867211e+00
3.095000e-05	1.562259e-02	-6.821528e+00
3.096000e-05	2.317519e-02	-6.789446e+00
3.097000e-05	1.996848e-02	-6.685861e+00
3.098000e-05	1.222495e-02	-6.622608e+00
3.099000e-05	1.057355e-02	-6.558543e+00
3.100000e-05	1.625286e-02	-6.475711e+00
3.101000e-05	1.942742e-02	-6.430606e+00
3.102000e-05	1.379662e-02	-6.337946e+00
3.103000e-05	7.284492e-03	-6.303609e+00
3.104000e-05	8.881618e-03	-6.073843e+00
3.105000e-05	1.462244e-02	-6.032155e+00
3.106000e-05	1.360519e-02	-5.968496e+00
3.107000e-05	7.475630e-03	-5.883288e+00
3.108000e-05	4.257804e-03	-5.768970e+00
3.109000e-05	8.944677e-03	-5.664788e+00
3.110000e-05	1.245827e-02	-5.599974e+00
3.111000e-05	8.649238e-03	-5.523314e+00
3.112000e-05	3.403589e-03	-5.347425e+00
3.113000e-05	3.616720e-03	-5.221052e+00
3.114000e-05	8.020808e-03	-5.117792e+00
3.115000e-05	7.948770e-03	-5.020625e+00
3.116000e-05	3.387475e-03	-4.823733e+00
3.117000e-05	8.073967e-04	-4.695738e+00
3.118000e-05	2.885719e-03	-4.641953e+00
3.119000e-05	6.880754e-03	-4.475263e+00
3.120000e-05	4.473311e-03	-4.390529e+00
3.121000e-05	-5.308442e-04	-4.326817e+00
3.122000e-05	3.139719e-04	-4.210028e+00
3.123000e-05	3.352407e-03	-4.065234e+00
3.124000e-05	4.523078e-03	-3.990500e+00
3.125000e-05	5.970731e-04	-3.885763e+00
3.126000e-05	-2.501411e-03	-3.666742e+00
3.127000e-05	-1.426254e-03	-3.599500e+00
3.128000e-05	3.399937e-03	-3.473736e+00
3.129000e-05	9.256014e-04	-3.368946e+00
3.130000e-05	-2.358089e-03	-3.210026e+00
3.131000e-05	-3.372144e-03	-3.094883e+00
3.132000e-05	1.783337e-04	-2.924897e+00
3.133000e-05	1.312939e-03	-2.790026e+00
3.134000e-05	-9.192156e-04	-2.676163e+00
3.135000e-05	-5.775323e-03	-2.516891e+00
3.136000e-05	-3.286814e-03	-2.400574e+00
3.137000e-05	-5.463248e-04	-2.335211e+00
3.138000e-05	3.223009e-04	-2.084816e+00
3.139000e-05	-3.261004e-03	-1.998019e+00
3.140000e-05	-4.672467e-03	-1.862182e+00
3.141000e-05	-3.309429e-03	-1.727814e+00
3.142000e-05	2.506332e-05	-1.590050e+00
3.143000e-05	-2.462913e-03	-1.414104e+00
3.144000e-05	-6.036771e-03	-1.254701e+00
3.145000e-05	-4.998670e-03	-1.115763e+00
3.146000e-05	-3.058282e-03	-9.884174e-01
3.147000e-05	-2.063703e-03	-8.000815e-01
3.148000e-05	-5.084542e-03	-7.057605e-01
3.149000e-05	-5.940822e-03	-5.163121e-01
3.150000e-05	-3.871686e-03	-3.790226e-01
3.151000e-05	-1.762927e-03	-2.826042e-01
3.152000e-05	-3.203142e-03	-1.183667e-01
3.153000e-05	-4.115690e-03	9.925122e-03
3.154000e-05	-4.309486e-04	1.273170e-01
3.155000e-05	-1.330758e-03	3.052407e-01
3.156000e-05	1.854859e-03	4.115539e-01
3.157000e-05	-4.583856e-03	5.483185e-01
3.158000e-05	-4.763400e-03	6.517367e-01
3.159000e-05	-3.563282e-03	8.094736e-01
3.160000e-05	4.934730e-03	9.458394e-01
3.161000e-05	2.586899e-02	1.094738e+00
3.162000e-05	4.830334e-02	1.314312e+00
3.163000e-05	-2.485263e-02	1.535713e+00
3.164000e-05	-4.949493e-02	1.764241e+00
3.165000e-05	-9.430009e-02	1.830048e+00
3.166000e-05	2.867133e-02	1.874138e+00
3.167000e-05	9.701463e-02	1.991021e+00
3.168000e-05	-1.101802e-01	2.115288e+00
3.169000e-05	-3.229643e-02	2.230030e+00
3.170000e-05	1.268246e-01	2.339367e+00
3.171000e-05	-9.003289e-02	2.548942e+00
3.172000e-05	-3.476178e-03	2.623053e+00
3.173000e-05	1.074476e-01	2.766520e+00
3.174000e-05	-1.356336e-01	2.935816e+00
3.175000e-05	-3.729764e-02	3.032060e+00
3.176000e-05	1.135951e-01	3.166369e+00
3.177000e-05	-3.951554e-02	3.272756e+00
3.178000e-05	-2.305299e-02	3.392006e+00
3.179000e-05	-3.277952e-03	3.579505e+00
3.180000e-05	-4.449696e-02	3.704188e+00
3.181000e-05	6.138582e-02	3.769520e+00
3.182000e-05	-1.077676e-02	3.937893e+00
3.183000e-05	-6.060179e-02	4.061578e+00
3.184000e-05	1.760566e-02	4.170472e+00
3.185000e-05	1.027351e-02	4.326315e+00
3.186000e-05	-8.289094e-04	4.430478e+00
3.187000e-05	-6.792471e-03	4.528871e+00
3.188000e-05	-3.920661e-02	4.662665e+00
3.189000e-05	-2.246172e-02	4.778974e+00
3.190000e-05	3.423520e-02	4.855212e+00
3.191000e-05	1.238399e-02	5.033157e+00
3.192000e-05	-3.871448e-02	5.170399e+00
3.193000e-05	-2.898065e-02	5.326787e+00
3.194000e-05	2.168810e-02	5.409050e+00
3.195000e-05	1.749409e-03	5.534737e+00
3.196000e-05	-1.669851e-02	5.581021e+00
3.197000e-05	-3.627909e-02	5.673137e+00
3.198000e-05	-1.751795e-02	5.812473e+00
3.199000e-05	2.735827e-02	5.937316e+00
3.200000e-05	-2.045131e-03	6.001500e+00
3.201000e-05	-2.359846e-02	6.095213e+00
3.202000e-05	-3.179591e-02	6.159394e+00
3.203000e-05	1.988048e-03	6.271654e+00
3.204000e-05	1.027708e-02	6.316817e+00
3.205000e-05	-1.365961e-02	6.380473e+00
3.206000e-05	-3.408063e-02	6.452656e+00
3.207000e-05	-1.796395e-02	6.579367e+00
3.208000e-05	1.035366e-02	6.667664e+00
3.209000e-05	1.159826e-03	6.769321e+00
3.210000e-05	-2.554390e-02	6.819499e+00
3.211000e-05	-2.999888e-02	6.821606e+00
3.212000e-05	-5.377492e-03	6.926789e+00
3.213000e-05	3.673744e-03	6.959946e+00
3.214000e-05	-9.260216e-03	7.021551e+00
3.215000e-05	-3.280029e-02	7.096229e+00
3.216000e-05	-2.156815e-02	7.108926e+00
3.217000e-05	8.278113e-04	7.189951e+00
3.218000e-05	-7.874724e-04	7.220529e+00
3.219000e-05	-2.084641e-02	7.252205e+00
3.220000e-05	-3.078312e-02	7.297262e+00
3.221000e-05	-1.124552e-02	7.408526e+00
3.222000e-05	-1.208344e-03	7.443623e+00
3.223000e-05	-1.123724e-02	7.505813e+00
3.224000e-05	-3.111278e-02	7.526838e+00
3.225000e-05	-2.566364e-02	7.557476e+00
3.226000e-05	-7.481937e-03	7.610996e+00
3.227000e-05	-6.579613e-03	7.592555e+00
3.228000e-05	-2.042847e-02	7.630128e+00
3.229000e-05	-3.115980e-02	7.624208e+00
3.230000e-05	-1.744259e-02	7.694155e+00
3.231000e-05	-6.643654e-03	7.714684e+00
3.232000e-05	-1.287269e-02	7.663732e+00
3.233000e-05	-3.016811e-02	7.705659e+00
3.234000e-05	-2.960450e-02	7.657366e+00
3.235000e-05	-1.645531e-02	7.696887e+00
3.236000e-05	-1.041490e-02	7.726286e+00
3.237000e-05	-2.252992e-02	7.686791e+00
3.238000e-05	-3.224792e-02	7.657737e+00
3.239000e-05	-2.418363e-02	7.685187e+00
3.240000e-05	-1.542797e-02	7.644809e+00
3.241000e-05	-1.746759e-02	7.713634e+00
3.242000e-05	-3.107921e-02	7.662658e+00
3.243000e-05	-3.215584e-02	7.623653e+00
3.244000e-05	-2.258886e-02	7.601526e+00
3.245000e-05	-1.642113e-02	7.581000e+00
3.246000e-05	-2.503782e-02	7.569423e+00
3.247000e-05	-3.445108e-02	7.527292e+00
3.248000e-05	-3.135982e-02	7.486262e+00
3.249000e-05	-2.115436e-02	7.414653e+00
3.250000e-05	-2.036887e-02	7.410995e+00
3.251000e-05	-3.029556e-02	7.264833e+00
3.252000e-05	-3.408243e-02	7.244656e+00
3.253000e-05	-2.516561e-02	7.211532e+00
3.254000e-05	-2.129951e-02	7.160021e+00
3.255000e-05	-2.598484e-02	7.157940e+00
3.256000e-05	-3.410783e-02	7.084812e+00
3.257000e-05	-3.114190e-02	7.021555e+00
3.258000e-05	-2.343706e-02	6.979448e+00
3.259000e-05	-2.062182e-02	6.884840e+00
3.260000e-05	-2.722159e-02	6.834634e+00
3.261000e-05	-2.923014e-02	6.800550e+00
3.262000e-05	-2.447842e-02	6.759396e+00
3.263000e-05	-1.806559e-02	6.674287e+00
3.264000e-05	-2.183740e-02	6.539021e+00
3.265000e-05	-2.765043e-02	6.423182e+00
3.266000e-05	-2.667775e-02	6.412026e+00
3.267000e-05	-1.920072e-02	6.338920e+00
3.268000e-05	-1.474374e-02	6.254184e+00
3.269000e-05	-2.034124e-02	6.188549e+00
3.270000e-05	-2.205525e-02	6.105735e+00
3.271000e-05	-2.058524e-02	6.042577e+00
3.272000e-05	-1.475065e-02	5.959446e+00
3.273000e-05	-1.641886e-02	5.862706e+00
3.274000e-05	-1.944003e-02	5.707243e+00
3.275000e-05	-1.943515e-02	5.611074e+00
3.276000e-05	-1.364565e-02	5.527845e+00
3.277000e-05	-1.152970e-02	5.403207e+00
3.278000e-05	-1.308055e-02	5.336892e+00
3.279000e-05	-1.730913e-02	5.241580e+00
3.280000e-05	-1.612858e-02	5.127814e+00
3.281000e-05	-1.179660e-02	4.956889e+00
3.282000e-05	-9.505055e-03	4.821049e+00
3.283000e-05	-1.274918e-02	4.715337e+00
3.284000e-05	-1.466687e-02	4.630626e+00
3.285000e-05	-1.156535e-02	4.475714e+00
3.286000e-05	-8.094298e-03	4.389523e+00
3.287000e-05	-8.478408e-03	4.303736e+00
3.288000e-05	-1.296045e-02	4.117867e+00
3.289000e-05	-1.224279e-02	3.979996e+00
3.290000e-05	-9.010410e-03	3.883808e+00
3.291000e-05	-6.133849e-03	3.758947e+00
3.292000e-05	-9.600315e-03	3.674183e+00
3.293000e-05	-1.109356e-02	3.558448e+00
3.294000e-05	-9.265090e-03	3.400995e+00
3.295000e-05	-5.705910e-03	3.233155e+00
3.296000e-05	-5.915979e-03	3.138369e+00
3.297000e-05	-8.070752e-03	3.031028e+00
3.298000e-05	-1.026041e-02	2.895257e+00
3.299000e-05	-7.609539e-03	2.789494e+00
3.300000e-05	-5.373336e-03	2.661026e+00
3.301000e-05	-5.933985e-03	2.442228e+00
3.302000e-05	-8.154997e-03	2.336865e+00
3.303000e-05	-7.885155e-03	2.170026e+00
3.304000e-05	-5.857826e-03	2.052708e+00
3.305000e-05	-4.566241e-03	1.948445e+00
3.306000e-05	-6.784082e-03	1.832050e+00
3.307000e-05	-8.792200e-03	1.673708e+00
3.308000e-05	-6.693245e-03	1.535368e+00
3.309000e-05	-4.835286e-03	1.377972e+00
3.310000e-05	-4.645648e-03	1.221100e+00
3.311000e-05	-6.976783e-03	1.083585e+00
3.312000e-05	-6.166637e-03	8.842820e-01
3.313000e-05	-4.220510e-03	7.669409e-01
3.314000e-05	-2.862570e-03	6.195263e-01
3.315000e-05	-4.550807e-03	4.542330e-01
3.316000e-05	-5.728922e-03	3.674163e-01
3.317000e-05	-5.730138e-03	1.990761e-01
3.318000e-05	-3.926864e-03	9.601517e-03
3.319000e-05	-1.156507e-03	-1.152355e-01
3.320000e-05	-6.966899e-04	-2.026014e-01
3.321000e-05	-2.577124e-03	-3.783209e-01
3.322000e-05	-7.141799e-04	-4.426053e-01
3.323000e-05	-1.146250e-03	-6.714499e-01
3.324000e-05	-1.436691e-03	-7.993483e-01
3.325000e-05	-3.813680e-03	-8.841367e-01
3.326000e-05	2.877931e-03	-1.011950e+00
3.327000e-05	4.490264e-02	-1.125262e+00
3.328000e-05	4.622246e-02	-1.314842e+00
3.329000e-05	-4.717591e-02	-1.621880e+00
3.330000e-05	-5.942690e-02	-1.789954e+00
3.331000e-05	-8.811267e-02	-1.843605e+00
3.332000e-05	1.441900e-01	-1.821105e+00
3.333000e-05	-2.819308e-02	-1.978845e+00
3.334000e-05	-1.279731e-01	-2.265136e+00
3.335000e-05	1.250730e-01	-2.326892e+00
3.336000e-05	-6.703283e-03	-2.400552e+00
3.337000e-05	-1.060600e-01	-2.632031e+00
3.338000e-05	1.365333e-01	-2.748867e+00
3.339000e-05	-1.863398e-03	-2.809551e+00
3.340000e-05	-1.676217e-01	-2.980454e+00
3.341000e-05	1.240754e-01	-3.128823e+00
3.342000e-05	4.199274e-02	-3.263635e+00
3.343000e-05	-7.349337e-02	-3.421028e+00
3.344000e-05	5.969169e-02	-3.463708e+00
3.345000e-05	-6.727024e-02	-3.591554e+00
3.346000e-05	1.630229e-02	-3.770477e+00
3.347000e-05	1.041393e-01	-3.884213e+00
3.348000e-05	-1.260197e-01	-4.053632e+00
3.349000e-05	1.918458e-02	-4.158446e+00
3.350000e-05	5.738323e-02	-4.261609e+00
3.351000e-05	-4.103628e-02	-4.379425e+00
3.352000e-05	6.063122e-02	-4.435107e+00
3.353000e-05	-4.432870e-02	-4.549002e+00
3.354000e-05	-2.907402e-02	-4.706263e+00
3.355000e-05	4.041231e-02	-4.819454e+00
3.356000e-05	1.635294e-02	-4.958821e+00
3.357000e-05	2.186038e-02	-5.062635e+00
3.358000e-05	-5.530463e-02	-5.148973e+00
3.359000e-05	1.213193e-02	-5.266659e+00
3.360000e-05	5.060002e-02	-5.434037e+00
3.361000e-05	-2.391041e-02	-5.568970e+00
3.362000e-05	7.337139e-03	-5.643056e+00
3.363000e-05	-3.311666e-02	-5.709393e+00
3.364000e-05	2.602318e-02	-5.862159e+00
3.365000e-05	5.103453e-02	-5.947821e+00
3.366000e-05	-3.147405e-02	-6.009976e+00
3.367000e-05	6.133599e-03	-6.065687e+00
3.368000e-05	-1.590995e-02	-6.190101e+00
3.369000e-05	2.614450e-02	-6.317392e+00
3.370000e-05	2.688724e-02	-6.409999e+00
3.371000e-05	-2.958422e-02	-6.484609e+00
3.372000e-05	8.108062e-03	-6.528918e+00
3.373000e-05	1.856167e-03	-6.631051e+00
3.374000e-05	3.741538e-02	-6.634313e+00
3.375000e-05	3.816673e-03	-6.758922e+00
3.376000e-05	-2.100473e-02	-6.800005e+00
3.377000e-05	1.032707e-02	-6.833709e+00
3.378000e-05	1.084999e-02	-6.948525e+00
3.379000e-05	2.753096e-02	-7.053183e+00
3.380000e-05	-7.684196e-03	-7.118322e+00
3.381000e-05	-9.156320e-03	-7.198475e+00
3.382000e-05	1.711261e-02	-7.211528e+00
3.383000e-05	2.335074e-02	-7.273238e+00
3.384000e-05	1.526754e-02	-7.286717e+00
3.385000e-05	-1.198537e-02	-7.356341e+00
3.386000e-05	2.026988e-03	-7.390002e+00
3.387000e-05	2.259386e-02	-7.421580e+00
3.388000e-05	1.765847e-02	-7.444687e+00
3.389000e-05	3.007441e-03	-7.516818e+00
3.390000e-05	-7.745705e-03	-7.518421e+00
3.391000e-05	1.417384e-02	-7.559422e+00
3.392000e-05	2.489471e-02	-7.580000e+00
3.393000e-05	1.573403e-02	-7.622159e+00
3.394000e-05	2.750450e-03	-7.664684e+00
3.395000e-05	1.355409e-03	-7.666735e+00
3.396000e-05	2.077907e-02	-7.685815e+00
3.397000e-05	2.155993e-02	-7.698192e+00
3.398000e-05	7.672840e-03	-7.728819e+00
3.399000e-05	7.962271e-04	-7.738946e+00
3.400000e-05	1.164873e-02	-7.701046e+00
3.401000e-05	2.779129e-02	-7.780020e+00
3.402000e-05	2.234686e-02	-7.789427e+00
3.403000e-05	8.587346e-03	-7.709497e+00
3.404000e-05	7.105679e-03	-7.802297e+00
3.405000e-05	1.964010e-02	-7.688970e+00
3.406000e-05	2.353928e-02	-7.698364e+00
3.407000e-05	1.389900e-02	-7.686862e+00
3.408000e-05	7.303018e-03	-7.705587e+00
3.409000e-05	1.515385e-02	-7.632159e+00
3.410000e-05	2.777756e-02	-7.613105e+00
3.411000e-05	2.636225e-02	-7.581528e+00
3.412000e-05	1.421158e-02	-7.590451e+00
3.413000e-05	1.072938e-02	-7.566394e+00
3.414000e-05	2.105238e-02	-7.507364e+00
3.415000e-05	2.632210e-02	-7.505710e+00
3.416000e-05	2.043605e-02	-7.433178e+00
3.417000e-05	1.315402e-02	-7.399976e+00
3.418000e-05	1.721063e-02	-7.356422e+00
3.419000e-05	2.648570e-02	-7.277888e+00
3.420000e-05	2.599947e-02	-7.244133e+00
3.421000e-05	1.637535e-02	-7.210104e+00
3.422000e-05	1.325000e-02	-7.190974e+00
3.423000e-05	2.011015e-02	-7.157947e+00
3.424000e-05	2.507268e-02	-7.104736e+00
3.425000e-05	2.071770e-02	-7.018522e+00
3.426000e-05	1.411798e-02	-6.885736e+00
3.427000e-05	1.396026e-02	-6.832578e+00
3.428000e-05	2.086740e-02	-6.758972e+00
3.429000e-05	2.038274e-02	-6.736412e+00
3.430000e-05	1.515863e-02	-6.652083e+00
3.431000e-05	1.029692e-02	-6.550551e+00
3.432000e-05	1.423115e-02	-6.536761e+00
3.433000e-05	1.872660e-02	-6.434079e+00
3.434000e-05	1.616403e-02	-6.359474e+00
3.435000e-05	1.004193e-02	-6.273761e+00
3.436000e-05	7.852094e-03	-6.189444e+00
3.437000e-05	1.256636e-02	-6.073709e+00
3.438000e-05	1.344635e-02	-5.980026e+00
3.439000e-05	9.695822e-03	-5.895841e+00
3.440000e-05	4.662476e-03	-5.820028e+00
3.441000e-05	7.503604e-03	-5.736843e+00
3.442000e-05	1.198943e-02	-5.621153e+00
3.443000e-05	1.031041e-02	-5.556892e+00
3.444000e-05	4.779537e-03	-5.403052e+00
3.445000e-05	3.115156e-03	-5.264708e+00
3.446000e-05	5.700312e-03	-5.167421e+00
3.447000e-05	8.698797e-03	-5.023630e+00
3.448000e-05	3.927964e-03	-4.877292e+00
3.449000e-05	1.777543e-03	-4.734913e+00
3.450000e-05	2.557362e-03	-4.651553e+00
3.451000e-05	6.356239e-03	-4.557867e+00
3.452000e-05	4.902065e-03	-4.442603e+00
3.453000e-05	7.521908e-04	-4.338394e+00
3.454000e-05	-3.118399e-04	-4.262628e+00
3.455000e-05	2.488017e-03	-4.097842e+00
3.456000e-05	4.200854e-03	-4.011100e+00
3.457000e-05	1.450094e-03	-3.907362e+00
3.458000e-05	-2.015480e-03	-3.737341e+00
3.459000e-05	-8.327614e-04	-3.611052e+00
3.460000e-05	1.851673e-03	-3.495788e+00
3.461000e-05	1.938916e-03	-3.368950e+00
3.462000e-05	-1.139009e-03	-3.253658e+00
3.463000e-05	-1.930789e-03	-3.138417e+00
3.464000e-05	2.576896e-04	-2.970546e+00
3.465000e-05	2.346460e-03	-2.802602e+00
3.466000e-05	-6.632560e-04	-2.686264e+00
3.467000e-05	-4.816010e-03	-2.578394e+00
3.468000e-05	-3.565246e-03	-2.472677e+00
3.469000e-05	-1.314555e-03	-2.316792e+00
3.470000e-05	-6.085195e-05	-2.178397e+00
3.471000e-05	-2.299732e-03	-2.031049e+00
3.472000e-05	-3.290575e-03	-1.896211e+00
3.473000e-05	-2.417699e-03	-1.798472e+00
3.474000e-05	5.012735e-04	-1.632650e+00
3.475000e-05	-3.103688e-03	-1.453688e+00
3.476000e-05	-4.654444e-03	-1.296739e+00
3.477000e-05	-5.932351e-03	-1.157370e+00
3.478000e-05	-4.325235e-03	-1.000002e+00
3.479000e-05	-1.906729e-03	-8.041792e-01
3.480000e-05	-4.196348e-03	-7.368459e-01
3.481000e-05	-5.270419e-03	-5.703938e-01
3.482000e-05	-4.112913e-03	-3.805775e-01
3.483000e-05	-9.816771e-04	-3.057368e-01
3.484000e-05	-2.430035e-03	-1.669174e-01
3.485000e-05	-2.247946e-03	-3.060382e-02
3.486000e-05	-6.878375e-04	6.578297e-02
3.487000e-05	-2.575574e-03	2.840842e-01
3.488000e-05	-1.031140e-03	3.704499e-01
3.489000e-05	-3.864721e-03	4.743407e-01
3.490000e-05	-4.396027e-03	6.304802e-01
3.491000e-05	-3.497418e-03	7.479209e-01
3.492000e-05	2.409454e-03	8.541830e-01
3.493000e-05	1.793563e-02	1.084683e+00
3.494000e-05	5.236361e-02	1.242057e+00
3.495000e-05	-9.405099e-04	1.433208e+00
3.496000e-05	-4.810129e-02	1.673732e+00
3.497000e-05	-8.524240e-02	1.789974e+00
3.498000e-05	-3.521341e-02	1.821084e+00
3.499000e-05	1.252698e-01	1.948847e+00
3.500000e-05	-6.114401e-02	2.113613e+00
3.501000e-05	-9.792944e-02	2.179446e+00
3.502000e-05	1.393832e-01	2.294709e+00
3.503000e-05	-4.616825e-02	2.534667e+00
3.504000e-05	-5.444742e-02	2.600999e+00
3.505000e-05	1.127511e-01	2.726267e+00
3.506000e-05	-7.062187e-02	2.874185e+00
3.507000e-05	-1.140862e-01	3.021050e+00
3.508000e-05	1.151038e-01	3.155316e+00
3.509000e-05	1.879713e-03	3.220554e+00
3.510000e-05	-4.345190e-02	3.355424e+00
3.511000e-05	9.070075e-03	3.539847e+00
3.512000e-05	-4.977338e-02	3.663158e+00
3.513000e-05	3.913541e-02	3.758922e+00
3.514000e-05	2.383152e-02	3.875693e+00
3.515000e-05	-6.622580e-02	4.020475e+00
3.516000e-05	-8.965137e-03	4.124315e+00
3.517000e-05	2.583375e-02	4.325288e+00
3.518000e-05	-7.174344e-03	4.390976e+00
3.519000e-05	5.359024e-03	4.496338e+00
3.520000e-05	-3.648552e-02	4.652010e+00
3.521000e-05	-3.111514e-02	4.769371e+00
3.522000e-05	1.891785e-02	4.843529e+00
3.523000e-05	2.897678e-02	5.009971e+00
3.524000e-05	-2.682783e-02	5.169946e+00
3.525000e-05	-4.594054e-02	5.285315e+00
3.526000e-05	1.864148e-02	5.378995e+00
3.527000e-05	6.961295e-03	5.443637e+00
3.528000e-05	-8.811887e-03	5.559398e+00
3.529000e-05	-3.358421e-02	5.652626e+00
3.530000e-05	-2.648996e-02	5.818374e+00
3.531000e-05	1.848309e-02	5.908238e+00
3.532000e-05	1.288498e-02	5.999949e+00
3.533000e-05	-2.031207e-02	6.042608e+00
3.534000e-05	-3.252412e-02	6.137870e+00
3.535000e-05	-8.380989e-03	6.262130e+00
3.536000e-05	9.916818e-03	6.305290e+00
3.537000e-05	-2.772567e-03	6.378997e+00
3.538000e-05	-3.353495e-02	6.441578e+00
3.539000e-05	-2.236816e-02	6.506970e+00
3.540000e-05	2.735727e-03	6.662633e+00
3.541000e-05	1.022802e-02	6.718342e+00
3.542000e-05	-1.953835e-02	6.789525e+00
3.543000e-05	-3.146151e-02	6.832154e+00
3.544000e-05	-1.272507e-02	6.885263e+00
3.545000e-05	2.591321e-03	6.968868e+00
3.546000e-05	-1.351369e-03	7.031550e+00
3.547000e-05	-2.999315e-02	7.093706e+00
3.548000e-05	-2.654009e-02	7.168270e+00
3.549000e-05	-5.766792e-03	7.189497e+00
3.550000e-05	4.024545e-03	7.190999e+00
3.551000e-05	-1.536099e-02	7.241609e+00
3.552000e-05	-3.211638e-02	7.296233e+00
3.553000e-05	-1.697837e-02	7.317996e+00
3.554000e-05	-1.613091e-03	7.394073e+00
3.555000e-05	-4.765564e-03	7.414763e+00
3.556000e-05	-2.799790e-02	7.545342e+00
3.557000e-05	-2.854255e-02	7.539421e+00
3.558000e-05	-1.362126e-02	7.599449e+00
3.559000e-05	-3.495013e-03	7.580000e+00
3.560000e-05	-1.612647e-02	7.623053e+00
3.561000e-05	-2.990392e-02	7.643083e+00
3.562000e-05	-2.341635e-02	7.664208e+00
3.563000e-05	-8.040985e-03	7.675259e+00
3.564000e-05	-8.849449e-03	7.694787e+00
3.565000e-05	-2.743736e-02	7.676712e+00
3.566000e-05	-3.193816e-02	7.667363e+00
3.567000e-05	-2.115149e-02	7.666788e+00
3.568000e-05	-1.019491e-02	7.717288e+00
3.569000e-05	-1.910041e-02	7.675214e+00
3.570000e-05	-3.086287e-02	7.677309e+00
3.571000e-05	-2.822951e-02	7.696759e+00
3.572000e-05	-1.737649e-02	7.654759e+00
3.573000e-05	-1.414346e-02	7.684134e+00
3.574000e-05	-2.694048e-02	7.652133e+00
3.575000e-05	-3.196136e-02	7.623105e+00
3.576000e-05	-2.718105e-02	7.621074e+00
3.577000e-05	-1.687239e-02	7.591002e+00
3.578000e-05	-2.279492e-02	7.587873e+00
3.579000e-05	-3.219745e-02	7.537895e+00
3.580000e-05	-3.344789e-02	7.505738e+00
3.581000e-05	-2.336282e-02	7.434104e+00
3.582000e-05	-1.974379e-02	7.369098e+00
3.583000e-05	-2.687472e-02	7.300292e+00
3.584000e-05	-3.453218e-02	7.293181e+00
3.585000e-05	-2.952480e-02	7.223603e+00
3.586000e-05	-2.208439e-02	7.179972e+00
3.587000e-05	-2.266800e-02	7.147943e+00
3.588000e-05	-3.115093e-02	7.086836e+00
3.589000e-05	-3.285755e-02	7.054132e+00
3.590000e-05	-2.549120e-02	6.939972e+00
3.591000e-05	-1.916747e-02	6.896815e+00
3.592000e-05	-2.453233e-02	6.844684e+00
3.593000e-05	-3.038554e-02	6.831604e+00
3.594000e-05	-2.738525e-02	6.749947e+00
3.595000e-05	-1.962278e-02	6.685262e+00
3.596000e-05	-1.929823e-02	6.589049e+00
3.597000e-05	-2.622202e-02	6.485260e+00
3.598000e-05	-2.747152e-02	6.410981e+00
3.599000e-05	-2.086001e-02	6.337922e+00
3.600000e-05	-1.579015e-02	6.265258e+00
3.601000e-05	-1.863011e-02	6.211528e+00
3.602000e-05	-2.330150e-02	6.106340e+00
3.603000e-05	-2.198118e-02	6.072653e+00
3.604000e-05	-1.495970e-02	5.979498e+00
3.605000e-05	-1.344025e-02	5.905312e+00
3.606000e-05	-1.798710e-02	5.747919e+00
3.607000e-05	-2.013379e-02	5.651129e+00
3.608000e-05	-1.559733e-02	5.548965e+00
3.609000e-05	-1.154189e-02	5.484137e+00
3.610000e-05	-1.273016e-02	5.358916e+00
3.611000e-05	-1.725146e-02	5.264183e+00
3.612000e-05	-1.713353e-02	5.147542e+00
3.613000e-05	-1.049052e-02	5.001573e+00
3.614000e-05	-1.020747e-02	4.831102e+00
3.615000e-05	-1.263109e-02	4.718391e+00
3.616000e-05	-1.523691e-02	4.622157e+00
3.617000e-05	-1.202030e-02	4.497792e+00
3.618000e-05	-8.648265e-03	4.412150e+00
3.619000e-05	-1.005506e-02	4.347316e+00
3.620000e-05	-1.162252e-02	4.147926e+00
3.621000e-05	-1.121761e-02	4.031078e+00
3.622000e-05	-8.121899e-03	3.917363e+00
3.623000e-05	-6.789272e-03	3.788549e+00
3.624000e-05	-9.233081e-03	3.684261e+00
3.625000e-05	-1.092747e-02	3.580023e+00
3.626000e-05	-9.000666e-03	3.454079e+00
3.627000e-05	-6.735545e-03	3.243781e+00
3.628000e-05	-7.124375e-03	3.159367e+00
3.629000e-05	-9.633374e-03	3.042129e+00
3.630000e-05	-1.053597e-02	2.925366e+00
3.631000e-05	-6.532052e-03	2.812053e+00
3.632000e-05	-6.522384e-03	2.675158e+00
3.633000e-05	-6.112748e-03	2.512734e+00
3.634000e-05	-8.283605e-03	2.348444e+00
3.635000e-05	-6.701022e-03	2.221625e+00
3.636000e-05	-5.762413e-03	2.105735e+00
3.637000e-05	-4.655673e-03	1.970070e+00
3.638000e-05	-7.271874e-03	1.893159e+00
3.639000e-05	-7.201082e-03	1.686886e+00
3.640000e-05	-7.098400e-03	1.558022e+00
3.641000e-05	-5.148090e-03	1.429049e+00
3.642000e-05	-4.955775e-03	1.283636e+00
3.643000e-05	-5.719839e-03	1.096814e+00
3.644000e-05	-6.167565e-03	8.883858e-01
3.645000e-05	-4.313503e-03	7.979461e-01
3.646000e-05	-3.986116e-03	6.731304e-01
3.647000e-05	-5.426865e-03	5.042582e-01
3.648000e-05	-7.162340e-03	4.100712e-01
3.649000e-05	-6.124743e-03	2.031105e-01
3.650000e-05	-3.857146e-03	6.320671e-02
3.651000e-05	-1.585383e-03	-5.418289e-02
3.652000e-05	-4.273867e-05	-2.004736e-01
3.653000e-05	-7.762989e-04	-2.962170e-01
3.654000e-05	-1.763631e-04	-4.306038e-01
3.655000e-05	7.379665e-04	-5.184770e-01
3.656000e-05	-3.009344e-03	-7.672470e-01
3.657000e-05	-4.934652e-03	-8.320840e-01
3.658000e-05	6.542322e-05	-9.573971e-01
3.659000e-05	2.906689e-02	-1.045113e+00
3.660000e-05	6.395776e-02	-1.202687e+00
3.661000e-05	-3.652519e-02	-1.515348e+00
3.662000e-05	-4.253368e-02	-1.777345e+00
3.663000e-05	-1.109694e-01	-1.833085e+00
3.664000e-05	1.054558e-01	-1.832702e+00
3.665000e-05	3.524874e-02	-1.905764e+00
3.666000e-05	-1.344635e-01	-2.158919e+00
3.667000e-05	5.293351e-02	-2.349295e+00
3.668000e-05	9.061886e-02	-2.337450e+00
3.669000e-05	-1.307047e-01	-2.568901e+00
3.670000e-05	7.196543e-02	-2.746216e+00
3.671000e-05	9.223125e-02	-2.779447e+00
3.672000e-05	-1.785780e-01	-2.956871e+00
3.673000e-05	4.458929e-02	-3.096640e+00
3.674000e-05	1.220365e-01	-3.222058e+00
3.675000e-05	-8.782219e-02	-3.378401e+00
3.676000e-05	4.165178e-02	-3.474081e+00
3.677000e-05	-2.150036e-02	-3.549395e+00
3.678000e-05	-4.930711e-02	-3.726273e+00
3.679000e-05	1.318400e-01	-3.912658e+00
3.680000e-05	-8.372623e-02	-3.981421e+00
3.681000e-05	-4.237165e-02	-4.157321e+00
3.682000e-05	8.440689e-02	-4.202028e+00
3.683000e-05	-3.593355e-02	-4.379916e+00
3.684000e-05	3.846718e-02	-4.422031e+00
3.685000e-05	3.838682e-04	-4.556368e+00
3.686000e-05	-6.037212e-02	-4.696808e+00
3.687000e-05	3.747060e-02	-4.767948e+00
3.688000e-05	1.860921e-02	-4.865762e+00
3.689000e-05	2.366571e-02	-5.032607e+00
3.690000e-05	-3.201735e-02	-5.116267e+00
3.691000e-05	-2.561198e-02	-5.244688e+00
3.692000e-05	6.648898e-02	-5.379472e+00
3.693000e-05	-1.651335e-02	-5.518846e+00
3.694000e-05	1.339677e-03	-5.643051e+00
3.695000e-05	-1.888362e-02	-5.696238e+00
3.696000e-05	-6.022688e-03	-5.812109e+00
3.697000e-05	6.730177e-02	-5.926187e+00
3.698000e-05	-2.384473e-02	-5.969971e+00
3.699000e-05	4.395431e-04	-6.034104e+00
3.700000e-05	-8.791114e-03	-6.148975e+00
3.701000e-05	7.830801e-03	-6.287693e+00
3.702000e-05	3.978490e-02	-6.389399e+00
3.703000e-05	-2.378369e-02	-6.431532e+00
3.704000e-05	-1.272047e-03	-6.557713e+00
3.705000e-05	3.407556e-03	-6.549926e+00
3.706000e-05	2.836750e-02	-6.685758e+00
3.707000e-05	1.962716e-02	-6.735868e+00
3.708000e-05	-2.396014e-02	-6.799424e+00
3.709000e-05	3.476334e-03	-6.861655e+00
3.710000e-05	1.029937e-02	-6.898311e+00
3.711000e-05	2.351162e-02	-7.031599e+00
3.712000e-05	7.077983e-03	-7.125289e+00
3.713000e-05	-1.684247e-02	-7.188921e+00
3.714000e-05	1.330807e-02	-7.180524e+00
3.715000e-05	2.116515e-02	-7.253583e+00
3.716000e-05	1.965872e-02	-7.295238e+00
3.717000e-05	-5.465853e-03	-7.377870e+00
3.718000e-05	-7.136920e-03	-7.379521e+00
3.719000e-05	2.140913e-02	-7.410553e+00
3.720000e-05	1.927631e-02	-7.483682e+00
3.721000e-05	9.865587e-03	-7.487785e+00
3.722000e-05	-7.696748e-03	-7.517947e+00
3.723000e-05	7.789018e-03	-7.529771e+00
3.724000e-05	2.434382e-02	-7.599400e+00
3.725000e-05	1.726266e-02	-7.611579e+00
3.726000e-05	6.834715e-03	-7.634110e+00
3.727000e-05	-1.704032e-03	-7.677186e+00
3.728000e-05	1.691934e-02	-7.644704e+00
3.729000e-05	2.399755e-02	-7.697714e+00
3.730000e-05	1.322570e-02	-7.718742e+00
3.731000e-05	1.465852e-03	-7.801923e+00
3.732000e-05	6.781149e-03	-7.757866e+00
3.733000e-05	2.417936e-02	-7.706928e+00
3.734000e-05	2.372616e-02	-7.761821e+00
3.735000e-05	1.110833e-02	-7.757399e+00
3.736000e-05	4.851924e-03	-7.721816e+00
3.737000e-05	1.797045e-02	-7.687391e+00
3.738000e-05	2.460425e-02	-7.708838e+00
3.739000e-05	1.767775e-02	-7.647339e+00
3.740000e-05	7.701646e-03	-7.664788e+00
3.741000e-05	1.254121e-02	-7.626159e+00
3.742000e-05	2.469834e-02	-7.663151e+00
3.743000e-05	2.686355e-02	-7.622101e+00
3.744000e-05	1.702555e-02	-7.571476e+00
3.745000e-05	1.145788e-02	-7.529920e+00
3.746000e-05	2.044030e-02	-7.507313e+00
3.747000e-05	2.649353e-02	-7.496137e+00
3.748000e-05	2.252066e-02	-7.434605e+00
3.749000e-05	1.293887e-02	-7.400003e+00
3.750000e-05	1.480754e-02	-7.379450e+00
3.751000e-05	2.418425e-02	-7.337862e+00
3.752000e-05	2.624037e-02	-7.266183e+00
3.753000e-05	1.896639e-02	-7.233107e+00
3.754000e-05	1.380979e-02	-7.210003e+00
3.755000e-05	1.980320e-02	-7.189920e+00
3.756000e-05	2.535836e-02	-7.126316e+00
3.757000e-05	2.280516e-02	-7.052628e+00
3.758000e-05	1.367795e-02	-6.907841e+00
3.759000e-05	1.234329e-02	-6.854657e+00
3.760000e-05	1.935262e-02	-6.809503e+00
3.761000e-05	2.244087e-02	-6.756870e+00
3.762000e-05	1.628343e-02	-6.666155e+00
3.763000e-05	1.099245e-02	-6.581030e+00
3.764000e-05	1.359269e-02	-6.556871e+00
3.765000e-05	1.898432e-02	-6.414110e+00
3.766000e-05	1.711217e-02	-6.399974e+00
3.767000e-05	9.965802e-03	-6.315318e+00
3.768000e-05	6.556594e-03	-6.171445e+00
3.769000e-05	1.106126e-02	-6.085284e+00
3.770000e-05	1.390082e-02	-6.002101e+00
3.771000e-05	1.035411e-02	-5.906368e+00
3.772000e-05	5.624282e-03	-5.842632e+00
3.773000e-05	6.935106e-03	-5.757942e+00
3.774000e-05	1.220708e-02	-5.644683e+00
3.775000e-05	1.211425e-02	-5.609000e+00
3.776000e-05	4.992566e-03	-5.426156e+00
3.777000e-05	2.274578e-03	-5.286191e+00
3.778000e-05	5.716635e-03	-5.199471e+00
3.779000e-05	9.225387e-03	-5.064757e+00
3.780000e-05	4.565274e-03	-4.937422e+00
3.781000e-05	1.109586e-04	-4.750422e+00
3.782000e-05	1.739604e-03	-4.652163e+00
3.783000e-05	6.375340e-03	-4.589942e+00
3.784000e-05	6.674849e-03	-4.434657e+00
3.785000e-05	1.448918e-03	-4.359400e+00
3.786000e-05	-5.528311e-04	-4.274213e+00
3.787000e-05	2.899876e-03	-4.168894e+00
3.788000e-05	5.375544e-03	-4.033657e+00
3.789000e-05	1.549930e-03	-3.937393e+00
3.790000e-05	-3.483733e-03	-3.832076e+00
3.791000e-05	-2.401492e-03	-3.621633e+00
3.792000e-05	1.931115e-03	-3.557842e+00
3.793000e-05	3.539265e-03	-3.420629e+00
3.794000e-05	2.277623e-04	-3.302288e+00
3.795000e-05	-2.481652e-03	-3.200445e+00
3.796000e-05	-1.468715e-04	-3.013464e+00
3.797000e-05	2.379929e-03	-2.902154e+00
3.798000e-05	-7.477108e-04	-2.776847e+00
3.799000e-05	-5.194554e-03	-2.639975e+00
3.800000e-05	-5.175567e-03	-2.485713e+00
3.801000e-05	-2.258895e-03	-2.367948e+00
3.802000e-05	1.230989e-03	-2.221626e+00
3.803000e-05	-7.580242e-04	-2.063158e+00
3.804000e-05	-3.041719e-03	-1.936343e+00
3.805000e-05	-2.678155e-03	-1.790524e+00
3.806000e-05	2.276773e-03	-1.674659e+00
3.807000e-05	-6.385364e-04	-1.527937e+00
3.808000e-05	-6.226780e-03	-1.327389e+00
3.809000e-05	-8.490191e-03	-1.220449e+00
3.810000e-05	-5.876532e-03	-1.022127e+00
3.811000e-05	-1.618751e-03	-8.752119e-01
3.812000e-05	-2.761079e-03	-7.784961e-01
3.813000e-05	-4.367657e-03	-6.026302e-01
3.814000e-05	-4.149050e-03	-4.527054e-01
3.815000e-05	-1.529618e-03	-3.073146e-01
3.816000e-05	-3.229078e-04	-1.895011e-01
3.817000e-05	-3.843416e-03	-6.258397e-02
3.818000e-05	-4.848827e-03	3.260759e-02
3.819000e-05	-2.330490e-03	2.200500e-01
3.820000e-05	2.824612e-04	3.773736e-01
3.821000e-05	2.713635e-04	4.746317e-01
3.822000e-05	-4.965335e-03	5.989988e-01
3.823000e-05	-4.650833e-03	7.468146e-01
3.824000e-05	7.264788e-04	8.425252e-01
3.825000e-05	1.304899e-02	9.974290e-01
3.826000e-05	4.360734e-02	1.188999e+00
3.827000e-05	2.312550e-02	1.389447e+00
3.828000e-05	-4.665530e-02	1.634900e+00
3.829000e-05	-6.614665e-02	1.729446e+00
3.830000e-05	-7.879645e-02	1.842478e+00
3.831000e-05	1.126551e-01	1.905367e+00
3.832000e-05	1.980812e-04	2.052134e+00
3.833000e-05	-1.278071e-01	2.138942e+00
3.834000e-05	9.773464e-02	2.252683e+00
3.835000e-05	2.715162e-02	2.421705e+00
3.836000e-05	-9.008755e-02	2.549871e+00
3.837000e-05	8.030957e-02	2.632759e+00
3.838000e-05	1.644722e-02	2.832578e+00
3.839000e-05	-1.550294e-01	2.979474e+00
3.840000e-05	7.406979e-02	3.053733e+00
3.841000e-05	4.962513e-02	3.180498e+00
3.842000e-05	-5.841943e-02	3.294290e+00
3.843000e-05	6.357161e-03	3.496213e+00
3.844000e-05	-3.627448e-02	3.601553e+00
3.845000e-05	2.256422e-03	3.698868e+00
3.846000e-05	5.369421e-02	3.823133e+00
3.847000e-05	-5.372110e-02	3.999569e+00
3.848000e-05	-3.407141e-02	4.063683e+00
3.849000e-05	3.318431e-02	4.262112e+00
3.850000e-05	-7.997059e-03	4.369422e+00
3.851000e-05	7.682045e-03	4.463734e+00
3.852000e-05	-2.757700e-02	4.570948e+00
3.853000e-05	-3.559340e-02	4.706894e+00
3.854000e-05	5.635833e-04	4.801652e+00
3.855000e-05	4.078083e-02	4.955922e+00
3.856000e-05	-1.303149e-02	5.107312e+00
3.857000e-05	-4.958826e-02	5.292632e+00
3.858000e-05	3.810966e-03	5.327922e+00
3.859000e-05	1.236860e-02	5.402558e+00
3.860000e-05	-3.599794e-03	5.538793e+00
3.861000e-05	-2.880044e-02	5.612525e+00
3.862000e-05	-3.266298e-02	5.745819e+00
3.863000e-05	3.267965e-03	5.854560e+00
3.864000e-05	2.433865e-02	5.959895e+00
3.865000e-05	-1.584502e-02	6.012077e+00
3.866000e-05	-2.865279e-02	6.127841e+00
3.867000e-05	-1.762709e-02	6.191503e+00
3.868000e-05	8.582440e-03	6.244586e+00
3.869000e-05	5.458341e-03	6.338418e+00
3.870000e-05	-3.022594e-02	6.402450e+00
3.871000e-05	-2.731455e-02	6.476237e+00
3.872000e-05	-7.307507e-03	6.620997e+00
3.873000e-05	1.511411e-02	6.717290e+00
3.874000e-05	-1.243461e-02	6.799917e+00
3.875000e-05	-2.960544e-02	6.841550e+00
3.876000e-05	-1.987067e-02	6.844763e+00
3.877000e-05	5.820132e-04	6.938345e+00
3.878000e-05	2.794841e-03	6.990450e+00
3.879000e-05	-2.407212e-02	7.053628e+00
3.880000e-05	-3.019944e-02	7.076314e+00
3.881000e-05	-1.332664e-02	7.158444e+00
3.882000e-05	5.640539e-03	7.191525e+00
3.883000e-05	-9.186456e-03	7.230603e+00
3.884000e-05	-2.767495e-02	7.233657e+00
3.885000e-05	-2.322772e-02	7.357839e+00
3.886000e-05	-3.743164e-03	7.412552e+00
3.887000e-05	-2.817653e-03	7.492234e+00
3.888000e-05	-2.221041e-02	7.447784e+00
3.889000e-05	-3.140352e-02	7.517871e+00
3.890000e-05	-1.997982e-02	7.568999e+00
3.891000e-05	-3.732697e-03	7.581050e+00
3.892000e-05	-1.292124e-02	7.631551e+00
3.893000e-05	-2.634573e-02	7.650626e+00
3.894000e-05	-2.711103e-02	7.662708e+00
3.895000e-05	-1.100890e-02	7.696684e+00
3.896000e-05	-6.535234e-03	7.662759e+00
3.897000e-05	-2.152174e-02	7.695312e+00
3.898000e-05	-3.153094e-02	7.646235e+00
3.899000e-05	-2.560420e-02	7.687286e+00
3.900000e-05	-1.166024e-02	7.705262e+00
3.901000e-05	-1.591886e-02	7.748265e+00
3.902000e-05	-2.855689e-02	7.664308e+00
3.903000e-05	-3.068462e-02	7.655362e+00
3.904000e-05	-1.794008e-02	7.695663e+00
3.905000e-05	-1.389323e-02	7.652158e+00
3.906000e-05	-2.311436e-02	7.633584e+00
3.907000e-05	-3.353262e-02	7.634083e+00
3.908000e-05	-3.066497e-02	7.632080e+00
3.909000e-05	-1.814685e-02	7.611926e+00
3.910000e-05	-1.877058e-02	7.569446e+00
3.911000e-05	-3.054190e-02	7.578871e+00
3.912000e-05	-3.606561e-02	7.537338e+00
3.913000e-05	-2.613127e-02	7.435212e+00
3.914000e-05	-1.761442e-02	7.421070e+00
3.915000e-05	-2.412071e-02	7.357891e+00
3.916000e-05	-3.331944e-02	7.295812e+00
3.917000e-05	-3.234990e-02	7.242082e+00
3.918000e-05	-2.239573e-02	7.189475e+00
3.919000e-05	-2.180050e-02	7.168500e+00
3.920000e-05	-2.950143e-02	7.107786e+00
3.921000e-05	-3.474643e-02	7.051808e+00
3.922000e-05	-2.871879e-02	7.021024e+00
3.923000e-05	-1.948128e-02	6.938446e+00
3.924000e-05	-2.214943e-02	6.876838e+00
3.925000e-05	-2.960701e-02	6.823155e+00
3.926000e-05	-3.047791e-02	6.789473e+00
3.927000e-05	-1.990347e-02	6.728316e+00
3.928000e-05	-1.710378e-02	6.604174e+00
3.929000e-05	-2.240323e-02	6.505837e+00
3.930000e-05	-3.053948e-02	6.423630e+00
3.931000e-05	-2.385426e-02	6.368396e+00
3.932000e-05	-1.582038e-02	6.296313e+00
3.933000e-05	-1.502528e-02	6.221106e+00
3.934000e-05	-2.282635e-02	6.147894e+00
3.935000e-05	-2.433167e-02	6.074209e+00
3.936000e-05	-1.596919e-02	6.020602e+00
3.937000e-05	-1.178062e-02	5.917844e+00
3.938000e-05	-1.604561e-02	5.752021e+00
3.939000e-05	-2.194608e-02	5.663237e+00
3.940000e-05	-1.995354e-02	5.568997e+00
3.941000e-05	-1.174892e-02	5.475209e+00
3.942000e-05	-1.038298e-02	5.410475e+00
3.943000e-05	-1.681470e-02	5.275316e+00
3.944000e-05	-1.808835e-02	5.210024e+00
3.945000e-05	-1.247306e-02	5.052579e+00
3.946000e-05	-7.480445e-03	4.883760e+00
3.947000e-05	-1.003910e-02	4.798919e+00
3.948000e-05	-1.527252e-02	4.612708e+00
3.949000e-05	-1.524679e-02	4.560368e+00
3.950000e-05	-9.398559e-03	4.453157e+00
3.951000e-05	-7.609465e-03	4.357896e+00
3.952000e-05	-1.222700e-02	4.191975e+00
3.953000e-05	-1.460594e-02	4.072182e+00
3.954000e-05	-1.091733e-02	3.948493e+00
3.955000e-05	-5.227109e-03	3.851583e+00
3.956000e-05	-5.631467e-03	3.697392e+00
3.957000e-05	-1.059189e-02	3.611101e+00
3.958000e-05	-1.129708e-02	3.435263e+00
3.959000e-05	-7.248961e-03	3.286894e+00
3.960000e-05	-5.583374e-03	3.200073e+00
3.961000e-05	-8.692677e-03	3.064781e+00
3.962000e-05	-1.217373e-02	2.959494e+00
3.963000e-05	-9.298394e-03	2.841183e+00
3.964000e-05	-4.445327e-03	2.756292e+00
3.965000e-05	-3.706797e-03	2.528372e+00
3.966000e-05	-7.532528e-03	2.399574e+00
3.967000e-05	-9.425258e-03	2.284161e+00
3.968000e-05	-6.575503e-03	2.107367e+00
3.969000e-05	-4.500924e-03	2.011051e+00
3.970000e-05	-5.982367e-03	1.924313e+00
3.971000e-05	-1.002362e-02	1.738939e+00
3.972000e-05	-8.675493e-03	1.641126e+00
3.973000e-05	-4.177476e-03	1.482652e+00
3.974000e-05	-3.253914e-03	1.286784e+00
3.975000e-05	-5.325076e-03	1.158422e+00
3.976000e-05	-7.829021e-03	9.879447e-01
3.977000e-05	-5.402163e-03	7.805238e-01
3.978000e-05	-3.040484e-03	7.247094e-01
3.979000e-05	-4.028497e-03	5.359370e-01
3.980000e-05	-7.274224e-03	3.905565e-01
3.981000e-05	-7.134180e-03	3.037832e-01
3.982000e-05	-5.404360e-03	8.581329e-02
3.983000e-05	-1.399806e-03	-4.103012e-02
3.984000e-05	-5.518094e-04	-1.578471e-01
3.985000e-05	-6.196828e-04	-2.836855e-01
3.986000e-05	-2.084624e-03	-3.999501e-01
3.987000e-05	1.750032e-03	-4.862655e-01
3.988000e-05	-1.607411e-03	-6.637144e-01
3.989000e-05	-2.693454e-03	-8.105526e-01
3.990000e-05	-4.229439e-03	-9.173157e-01
3.991000e-05	1.579847e-02	-1.032558e+00
3.992000e-05	6.550807e-02	-1.188900e+00
3.993000e-05	-4.685945e-03	-1.444058e+00
3.994000e-05	-4.329123e-02	-1.685764e+00
3.995000e-05	-1.005625e-01	-1.852505e+00
3.996000e-05	2.811799e-02	-1.873080e+00
3.997000e-05	1.071456e-01	-1.842659e+00
3.998000e-05	-1.077258e-01	-2.084188e+00
3.999000e-05	-4.012554e-02	-2.356745e+00
4.000000e-05	1.378891e-01	-2.358270e+00
4.001000e-05	-1.090418e-01	-2.515239e+00
4.002000e-05	-7.714659e-03	-2.715238e+00
4.003000e-05	1.467783e-01	-2.768396e+00
4.004000e-05	-1.375567e-01	-2.873709e+00
4.005000e-05	-6.261558e-02	-3.054113e+00
4.006000e-05	1.588205e-01	-3.208551e+00
4.007000e-05	-6.129173e-02	-3.356793e+00
4.008000e-05	-2.270685e-03	-3.433083e+00
4.009000e-05	2.766702e-02	-3.545741e+00
4.010000e-05	-8.630615e-02	-3.695640e+00
4.011000e-05	1.135695e-01	-3.862580e+00
4.012000e-05	-1.023706e-02	-3.958745e+00
4.013000e-05	-1.016005e-01	-4.116265e+00
4.014000e-05	8.205668e-02	-4.210528e+00
4.015000e-05	-5.637362e-03	-4.297741e+00
4.016000e-05	-1.147880e-04	-4.420453e+00
4.017000e-05	4.210297e-02	-4.484813e+00
4.018000e-05	-7.461228e-02	-4.663585e+00
4.019000e-05	2.147522e-02	-4.718447e+00
4.020000e-05	2.744941e-02	-4.842658e+00
4.021000e-05	1.979590e-02	-5.021453e+00
4.022000e-05	-4.499239e-03	-5.125690e+00
4.023000e-05	-5.407939e-02	-5.242007e+00
4.024000e-05	6.233428e-02	-5.317823e+00
4.025000e-05	4.993946e-03	-5.496792e+00
4.026000e-05	-1.123000e-02	-5.631477e+00
4.027000e-05	-2.367679e-03	-5.684287e+00
4.028000e-05	-2.868977e-02	-5.809074e+00
4.029000e-05	6.467044e-02	-5.925238e+00
4.030000e-05	6.458312e-04	-5.968896e+00
4.031000e-05	-1.535683e-02	-6.032076e+00
4.032000e-05	4.313927e-06	-6.095863e+00
4.033000e-05	-6.902654e-03	-6.294259e+00
4.034000e-05	4.244172e-02	-6.379374e+00
4.035000e-05	-7.121857e-03	-6.462080e+00
4.036000e-05	-1.592380e-02	-6.496267e+00
4.037000e-05	9.259250e-03	-6.558901e+00
4.038000e-05	1.549869e-02	-6.663580e+00
4.039000e-05	3.392409e-02	-6.725792e+00
4.040000e-05	-1.820492e-02	-6.789975e+00
4.041000e-05	-6.992466e-03	-6.812603e+00
4.042000e-05	1.194917e-02	-6.864286e+00
4.043000e-05	1.633471e-02	-6.962501e+00
4.044000e-05	1.919151e-02	-7.066265e+00
4.045000e-05	-1.943892e-02	-7.167848e+00
4.046000e-05	6.275837e-03	-7.199926e+00
4.047000e-05	2.058771e-02	-7.232633e+00
4.048000e-05	2.275514e-02	-7.284184e+00
4.049000e-05	3.397238e-03	-7.337342e+00
4.050000e-05	-1.305208e-02	-7.378970e+00
4.051000e-05	1.665026e-02	-7.410474e+00
4.052000e-05	2.052487e-02	-7.423108e+00
4.053000e-05	1.476906e-02	-7.495263e+00
4.054000e-05	-5.158045e-03	-7.496895e+00
4.055000e-05	7.582283e-04	-7.567867e+00
4.056000e-05	2.239408e-02	-7.558447e+00
4.057000e-05	2.052328e-02	-7.612104e+00
4.058000e-05	1.096165e-02	-7.622156e+00
4.059000e-05	-1.040971e-03	-7.674154e+00
4.060000e-05	1.084334e-02	-7.666734e+00
4.061000e-05	2.363010e-02	-7.687858e+00
4.062000e-05	1.676388e-02	-7.728819e+00
4.063000e-05	3.187553e-03	-7.777967e+00
4.064000e-05	3.713160e-03	-7.731891e+00
4.065000e-05	1.898226e-02	-7.778969e+00
4.066000e-05	2.713001e-02	-7.741440e+00
4.067000e-05	1.642055e-02	-7.771874e+00
4.068000e-05	6.106269e-03	-7.721894e+00
4.069000e-05	1.370455e-02	-7.728395e+00
4.070000e-05	2.382925e-02	-7.747319e+00
4.071000e-05	2.140906e-02	-7.707768e+00
4.072000e-05	9.629519e-03	-7.674786e+00
4.073000e-05	9.120826e-03	-7.633134e+00
4.074000e-05	2.047125e-02	-7.632157e+00
4.075000e-05	2.844352e-02	-7.632551e+00
4.076000e-05	1.990170e-02	-7.589575e+00
4.077000e-05	1.078468e-02	-7.559520e+00
4.078000e-05	1.679554e-02	-7.498393e+00
4.079000e-05	2.692663e-02	-7.487237e+00
4.080000e-05	2.648257e-02	-7.485231e+00
4.081000e-05	1.418651e-02	-7.422575e+00
4.082000e-05	1.193431e-02	-7.389899e+00
4.083000e-05	2.121834e-02	-7.327417e+00
4.084000e-05	2.766609e-02	-7.334713e+00
4.085000e-05	2.249087e-02	-7.263133e+00
4.086000e-05	1.362658e-02	-7.200526e+00
4.087000e-05	1.680073e-02	-7.188999e+00
4.088000e-05	2.533755e-02	-7.115868e+00
4.089000e-05	2.548007e-02	-7.074702e+00
4.090000e-05	1.540367e-02	-6.958915e+00
4.091000e-05	1.029622e-02	-6.863283e+00
4.092000e-05	1.661736e-02	-6.821025e+00
4.093000e-05	2.169171e-02	-6.767847e+00
4.094000e-05	1.887650e-02	-6.695734e+00
4.095000e-05	1.038291e-02	-6.612103e+00
4.096000e-05	1.269582e-02	-6.569423e+00
4.097000e-05	1.937572e-02	-6.474185e+00
4.098000e-05	2.132997e-02	-6.400080e+00
4.099000e-05	1.223501e-02	-6.329421e+00
4.100000e-05	6.728517e-03	-6.252103e+00
4.101000e-05	7.896269e-03	-6.128315e+00
4.102000e-05	1.290624e-02	-6.032525e+00
4.103000e-05	1.076352e-02	-5.938891e+00
4.104000e-05	5.443587e-03	-5.866182e+00
4.105000e-05	4.978488e-03	-5.778446e+00
4.106000e-05	1.250409e-02	-5.673260e+00
4.107000e-05	1.469527e-02	-5.600550e+00
4.108000e-05	7.404315e-03	-5.517291e+00
4.109000e-05	8.957340e-04	-5.357342e+00
4.110000e-05	2.946083e-03	-5.230478e+00
4.111000e-05	7.696669e-03	-5.106186e+00
4.112000e-05	6.383129e-03	-4.987075e+00
4.113000e-05	9.754161e-04	-4.843061e+00
4.114000e-05	1.167736e-03	-4.665263e+00
4.115000e-05	7.041125e-03	-4.621549e+00
4.116000e-05	8.844315e-03	-4.485711e+00
4.117000e-05	3.229706e-03	-4.399498e+00
4.118000e-05	-8.632576e-04	-4.295263e+00
4.119000e-05	-3.373335e-04	-4.179004e+00
4.120000e-05	4.355471e-03	-4.064814e+00
4.121000e-05	2.557929e-03	-3.969472e+00
4.122000e-05	-1.739205e-03	-3.863654e+00
4.123000e-05	-2.699164e-03	-3.686155e+00
4.124000e-05	7.960580e-04	-3.568422e+00
4.125000e-05	4.244226e-03	-3.433082e+00
4.126000e-05	1.263446e-03	-3.307287e+00
4.127000e-05	-1.946851e-03	-3.230524e+00
4.128000e-05	-1.991281e-03	-3.065689e+00
4.129000e-05	2.114082e-03	-2.877208e+00
4.130000e-05	1.870244e-03	-2.768897e+00
4.131000e-05	-1.947502e-03	-2.633684e+00
4.132000e-05	-5.748862e-03	-2.536338e+00
4.133000e-05	-2.908702e-03	-2.388525e+00
4.134000e-05	-5.546363e-04	-2.273233e+00
4.135000e-05	-9.138908e-04	-2.063713e+00
4.136000e-05	-4.126359e-03	-1.988421e+00
4.137000e-05	-2.553283e-03	-1.833528e+00
4.138000e-05	-8.987300e-05	-1.686358e+00
4.139000e-05	7.879991e-04	-1.578551e+00
4.140000e-05	-3.717665e-03	-1.421500e+00
4.141000e-05	-6.724932e-03	-1.209103e+00
4.142000e-05	-5.622394e-03	-1.074659e+00
4.143000e-05	-2.895483e-03	-9.258394e-01
4.144000e-05	-1.837290e-03	-8.205513e-01
4.145000e-05	-4.753485e-03	-6.441629e-01
4.146000e-05	-4.386214e-03	-4.661869e-01
4.147000e-05	-1.773445e-03	-3.694223e-01
4.148000e-05	-6.960267e-04	-2.321779e-01
4.149000e-05	-2.719634e-03	-7.428822e-02
4.150000e-05	-3.349438e-03	-9.899810e-03
4.151000e-05	-2.278499e-03	1.684458e-01
4.152000e-05	-2.360370e-03	3.368445e-01
4.153000e-05	7.851671e-06	4.220529e-01
4.154000e-05	-4.781879e-03	5.878460e-01
4.155000e-05	-3.576533e-03	6.662642e-01
4.156000e-05	-2.674741e-03	7.805001e-01
4.157000e-05	6.878693e-03	9.253899e-01
4.158000e-05	3.185158e-02	1.116843e+00
4.159000e-05	4.386122e-02	1.325241e+00
4.160000e-05	-3.424973e-02	1.558871e+00
4.161000e-05	-5.354707e-02	1.728766e+00
4.162000e-05	-9.672940e-02	1.810602e+00
4.163000e-05	6.336333e-02	1.873637e+00
4.164000e-05	6.672186e-02	2.009501e+00
4.165000e-05	-1.251200e-01	2.146820e+00
4.166000e-05	1.345074e-02	2.211526e+00
4.167000e-05	1.021728e-01	2.379425e+00
4.168000e-05	-9.770530e-02	2.507770e+00
4.169000e-05	2.795358e-02	2.623107e+00
4.170000e-05	8.564145e-02	2.798426e+00
4.171000e-05	-1.575512e-01	2.958343e+00
4.172000e-05	4.723517e-03	3.022601e+00
4.173000e-05	9.719617e-02	3.157920e+00
4.174000e-05	-5.103861e-02	3.273715e+00
4.175000e-05	-1.105894e-02	3.444633e+00
4.176000e-05	-1.539494e-02	3.609948e+00
4.177000e-05	-3.153950e-02	3.686738e+00
4.178000e-05	6.660515e-02	3.801054e+00
4.179000e-05	-2.720072e-02	3.937870e+00
4.180000e-05	-5.508980e-02	4.032152e+00
4.181000e-05	2.602247e-02	4.199475e+00
4.182000e-05	1.312655e-03	4.359343e+00
4.183000e-05	3.693583e-03	4.432707e+00
4.184000e-05	-1.619365e-02	4.568821e+00
4.185000e-05	-3.936114e-02	4.684814e+00
4.186000e-05	-1.634867e-02	4.779947e+00
4.187000e-05	4.185890e-02	4.935186e+00
4.188000e-05	5.315498e-03	5.075658e+00
4.189000e-05	-4.398828e-02	5.171053e+00
4.190000e-05	-1.735765e-02	5.336292e+00
4.191000e-05	2.026026e-02	5.421029e+00
4.192000e-05	-4.195186e-04	5.524790e+00
4.193000e-05	-2.169681e-02	5.610949e+00
4.194000e-05	-3.745244e-02	5.683662e+00
4.195000e-05	-1.084297e-02	5.821460e+00
4.196000e-05	3.092205e-02	5.927269e+00
4.197000e-05	-7.287786e-03	6.001553e+00
4.198000e-05	-2.516281e-02	6.075287e+00
4.199000e-05	-2.904999e-02	6.180499e+00
4.200000e-05	5.767367e-03	6.232085e+00
4.201000e-05	1.009240e-02	6.347796e+00
4.202000e-05	-2.115295e-02	6.390499e+00
4.203000e-05	-3.284142e-02	6.464635e+00
4.204000e-05	-1.430597e-02	6.519554e+00
4.205000e-05	1.647634e-02	6.726137e+00
4.206000e-05	-3.361154e-03	6.749971e+00
4.207000e-05	-2.762695e-02	6.809974e+00
4.208000e-05	-2.752489e-02	6.862733e+00
4.209000e-05	-1.626548e-03	6.938887e+00
4.210000e-05	4.833938e-03	6.949997e+00
4.211000e-05	-1.483130e-02	7.031126e+00
4.212000e-05	-3.421444e-02	7.116287e+00
4.213000e-05	-1.988500e-02	7.168370e+00
4.214000e-05	4.194876e-03	7.199425e+00
4.215000e-05	-4.256057e-03	7.210049e+00
4.216000e-05	-2.414025e-02	7.241605e+00
4.217000e-05	-3.025089e-02	7.267241e+00
4.218000e-05	-6.580880e-03	7.380076e+00
4.219000e-05	3.542449e-04	7.393082e+00
4.220000e-05	-1.490748e-02	7.464781e+00
4.221000e-05	-3.263556e-02	7.546465e+00
4.222000e-05	-2.441872e-02	7.558970e+00
4.223000e-05	-4.730392e-03	7.610575e+00
4.224000e-05	-8.732367e-03	7.590473e+00
4.225000e-05	-2.360173e-02	7.593629e+00
4.226000e-05	-3.110376e-02	7.653609e+00
4.227000e-05	-1.433167e-02	7.653709e+00
4.228000e-05	-5.953917e-03	7.663687e+00
4.229000e-05	-1.660059e-02	7.655712e+00
4.230000e-05	-3.308163e-02	7.666237e+00
4.231000e-05	-2.907892e-02	7.735261e+00
4.232000e-05	-1.371972e-02	7.674908e+00
4.233000e-05	-1.154236e-02	7.664811e+00
4.234000e-05	-2.495496e-02	7.706363e+00
4.235000e-05	-3.343017e-02	7.666289e+00
4.236000e-05	-2.196058e-02	7.675209e+00
4.237000e-05	-1.340512e-02	7.644657e+00
4.238000e-05	-1.962085e-02	7.643658e+00
4.239000e-05	-3.281393e-02	7.623682e+00
4.240000e-05	-3.182939e-02	7.600100e+00
4.241000e-05	-1.966571e-02	7.613551e+00
4.242000e-05	-1.692544e-02	7.569973e+00
4.243000e-05	-2.721779e-02	7.539516e+00
4.244000e-05	-3.614922e-02	7.545887e+00
4.245000e-05	-2.899757e-02	7.496860e+00
4.246000e-05	-2.042455e-02	7.471154e+00
4.247000e-05	-2.179500e-02	7.340393e+00
4.248000e-05	-3.233380e-02	7.269287e+00
4.249000e-05	-3.315390e-02	7.222158e+00
4.250000e-05	-2.370497e-02	7.221052e+00
4.251000e-05	-1.949788e-02	7.169425e+00
4.252000e-05	-2.590835e-02	7.128417e+00
4.253000e-05	-3.514641e-02	7.054137e+00
4.254000e-05	-2.958765e-02	7.021030e+00
4.255000e-05	-2.157026e-02	6.948442e+00
4.256000e-05	-2.025241e-02	6.916288e+00
4.257000e-05	-2.874322e-02	6.823107e+00
4.258000e-05	-3.134124e-02	6.801528e+00
4.259000e-05	-2.293833e-02	6.717392e+00
4.260000e-05	-1.789935e-02	6.664710e+00
4.261000e-05	-2.091608e-02	6.518397e+00
4.262000e-05	-2.794229e-02	6.413230e+00
4.263000e-05	-2.421754e-02	6.390400e+00
4.264000e-05	-1.864851e-02	6.328396e+00
4.265000e-05	-1.475904e-02	6.254754e+00
4.266000e-05	-2.192218e-02	6.168970e+00
4.267000e-05	-2.349048e-02	6.095808e+00
4.268000e-05	-1.878260e-02	6.041601e+00
4.269000e-05	-1.282551e-02	5.948440e+00
4.270000e-05	-1.471868e-02	5.872149e+00
4.271000e-05	-2.058355e-02	5.663810e+00
4.272000e-05	-1.762735e-02	5.601050e+00
4.273000e-05	-1.218432e-02	5.507341e+00
4.274000e-05	-8.952691e-03	5.410626e+00
4.275000e-05	-1.608686e-02	5.317287e+00
4.276000e-05	-1.943908e-02	5.220128e+00
4.277000e-05	-1.669233e-02	5.103610e+00
4.278000e-05	-1.038558e-02	4.896416e+00
4.279000e-05	-1.072149e-02	4.789471e+00
4.280000e-05	-1.406346e-02	4.706285e+00
4.281000e-05	-1.362630e-02	4.609474e+00
4.282000e-05	-7.917299e-03	4.484258e+00
4.283000e-05	-5.821068e-03	4.348974e+00
4.284000e-05	-1.043479e-02	4.274582e+00
4.285000e-05	-1.507746e-02	4.096238e+00
4.286000e-05	-1.378314e-02	3.979520e+00
4.287000e-05	-7.534788e-03	3.873183e+00
4.288000e-05	-7.738349e-03	3.728895e+00
4.289000e-05	-9.726038e-03	3.643678e+00
4.290000e-05	-1.119642e-02	3.536892e+00
4.291000e-05	-6.612828e-03	3.379471e+00
4.292000e-05	-4.880257e-03	3.230602e+00
4.293000e-05	-7.368335e-03	3.107362e+00
4.294000e-05	-1.203873e-02	3.011025e+00
4.295000e-05	-1.119813e-02	2.864255e+00
4.296000e-05	-6.994133e-03	2.729395e+00
4.297000e-05	-5.672070e-03	2.590049e+00
4.298000e-05	-7.457813e-03	2.400627e+00
4.299000e-05	-8.509457e-03	2.305788e+00
4.300000e-05	-6.435000e-03	2.167971e+00
4.301000e-05	-3.409365e-03	2.043182e+00
4.302000e-05	-5.065863e-03	1.916866e+00
4.303000e-05	-8.053273e-03	1.759499e+00
4.304000e-05	-9.284420e-03	1.663631e+00
4.305000e-05	-6.052928e-03	1.504287e+00
4.306000e-05	-4.433613e-03	1.315391e+00
4.307000e-05	-6.293592e-03	1.169102e+00
4.308000e-05	-7.362548e-03	1.021604e+00
4.309000e-05	-5.971872e-03	8.421569e-01
4.310000e-05	-3.085849e-03	7.273121e-01
4.311000e-05	-3.603532e-03	6.010476e-01
4.312000e-05	-5.468715e-03	4.626556e-01
4.313000e-05	-6.089476e-03	3.568432e-01
4.314000e-05	-4.534428e-03	1.585210e-01
4.315000e-05	-2.437106e-03	-9.949809e-03
4.316000e-05	-1.869991e-03	-1.267643e-01
4.317000e-05	-9.199748e-04	-2.720776e-01
4.318000e-05	-2.400671e-03	-3.784235e-01
4.319000e-05	4.294000e-04	-4.826368e-01
4.320000e-05	-2.207371e-03	-6.436513e-01
4.321000e-05	-1.074969e-03	-7.803974e-01
4.322000e-05	-2.112565e-03	-9.152118e-01
4.323000e-05	6.658041e-03	-1.009475e+00
4.324000e-05	5.289458e-02	-1.166294e+00
4.325000e-05	2.870359e-02	-1.366373e+00
4.326000e-05	-4.811254e-02	-1.641031e+00
4.327000e-05	-7.222858e-02	-1.811530e+00
4.328000e-05	-5.407485e-02	-1.851629e+00
4.329000e-05	1.403982e-01	-1.851580e+00
4.330000e-05	-5.907094e-02	-1.970000e+00
4.331000e-05	-1.091580e-01	-2.285739e+00
4.332000e-05	1.466483e-01	-2.358342e+00
4.333000e-05	-5.286738e-02	-2.432531e+00
4.334000e-05	-8.151077e-02	-2.652662e+00
4.335000e-05	1.534751e-01	-2.769367e+00
4.336000e-05	-5.576963e-02	-2.842655e+00
4.337000e-05	-1.473721e-01	-3.052604e+00
4.338000e-05	1.497710e-01	-3.158348e+00
4.339000e-05	-1.624422e-03	-3.303237e+00
4.340000e-05	-5.058018e-02	-3.452555e+00
4.341000e-05	5.860085e-02	-3.513814e+00
4.342000e-05	-8.531876e-02	-3.672630e+00
4.343000e-05	5.553966e-02	-3.871577e+00
4.344000e-05	7.024867e-02	-3.897343e+00
4.345000e-05	-1.284743e-01	-4.083687e+00
4.346000e-05	4.733623e-02	-4.180899e+00
4.347000e-05	3.498670e-02	-4.283686e+00
4.348000e-05	-3.361978e-02	-4.390524e+00
4.349000e-05	6.397940e-02	-4.483109e+00
4.350000e-05	-6.202178e-02	-4.662554e+00
4.351000e-05	-9.592754e-03	-4.718815e+00
4.352000e-05	3.526009e-02	-4.831073e+00
4.353000e-05	1.557161e-02	-4.999972e+00
4.354000e-05	1.732397e-02	-5.095714e+00
4.355000e-05	-6.248022e-02	-5.167970e+00
4.356000e-05	3.450174e-02	-5.335267e+00
4.357000e-05	3.407812e-02	-5.503563e+00
4.358000e-05	-1.939723e-02	-5.580975e+00
4.359000e-05	5.889316e-03	-5.693130e+00
4.360000e-05	-3.675191e-02	-5.749919e+00
4.361000e-05	4.113884e-02	-5.874686e+00
4.362000e-05	3.267625e-02	-5.967370e+00
4.363000e-05	-2.696278e-02	-6.019551e+00
4.364000e-05	6.470074e-03	-6.086260e+00
4.365000e-05	-1.552183e-02	-6.222131e+00
4.366000e-05	3.492409e-02	-6.329347e+00
4.367000e-05	1.603535e-02	-6.391503e+00
4.368000e-05	-2.746866e-02	-6.484689e+00
4.369000e-05	8.746723e-03	-6.576395e+00
4.370000e-05	2.302959e-03	-6.621978e+00
4.371000e-05	3.788806e-02	-6.705259e+00
4.372000e-05	-4.222048e-03	-6.760374e+00
4.373000e-05	-1.480185e-02	-6.812579e+00
4.374000e-05	1.276228e-02	-6.864159e+00
4.375000e-05	1.278494e-02	-6.939923e+00
4.376000e-05	2.802095e-02	-7.096182e+00
4.377000e-05	-1.459088e-02	-7.137342e+00
4.378000e-05	-4.837027e-03	-7.199950e+00
4.379000e-05	1.611383e-02	-7.210603e+00
4.380000e-05	2.267732e-02	-7.286211e+00
4.381000e-05	1.322111e-02	-7.286795e+00
4.382000e-05	-1.286134e-02	-7.358871e+00
4.383000e-05	8.879717e-03	-7.380076e+00
4.384000e-05	2.259876e-02	-7.453605e+00
4.385000e-05	1.816714e-02	-7.475163e+00
4.386000e-05	-1.227461e-03	-7.535843e+00
4.387000e-05	-6.242033e-03	-7.538391e+00
4.388000e-05	1.531904e-02	-7.568971e+00
4.389000e-05	2.379536e-02	-7.610501e+00
4.390000e-05	1.506308e-02	-7.630605e+00
4.391000e-05	2.528877e-03	-7.634180e+00
4.392000e-05	4.898118e-03	-7.645160e+00
4.393000e-05	2.210258e-02	-7.664263e+00
4.394000e-05	2.161376e-02	-7.686365e+00
4.395000e-05	8.330598e-03	-7.719922e+00
4.396000e-05	8.873389e-04	-7.719372e+00
4.397000e-05	1.157934e-02	-7.720543e+00
4.398000e-05	2.545327e-02	-7.800925e+00
4.399000e-05	1.953143e-02	-7.771969e+00
4.400000e-05	7.822713e-03	-7.770324e+00
4.401000e-05	9.614634e-03	-7.730823e+00
4.402000e-05	2.183137e-02	-7.698285e+00
4.403000e-05	2.502996e-02	-7.737239e+00
4.404000e-05	1.424108e-02	-7.677338e+00
4.405000e-05	8.419567e-03	-7.664234e+00
4.406000e-05	1.557323e-02	-7.633683e+00
4.407000e-05	2.619582e-02	-7.621053e+00
4.408000e-05	2.364961e-02	-7.621050e+00
4.409000e-05	1.299082e-02	-7.577924e+00
4.410000e-05	1.271322e-02	-7.507895e+00
4.411000e-05	2.307599e-02	-7.507788e+00
4.412000e-05	2.837683e-02	-7.475285e+00
4.413000e-05	2.063178e-02	-7.402105e+00
4.414000e-05	1.147830e-02	-7.390501e+00
4.415000e-05	1.597005e-02	-7.388845e+00
4.416000e-05	2.567663e-02	-7.326838e+00
4.417000e-05	2.534560e-02	-7.253659e+00
4.418000e-05	1.669542e-02	-7.242027e+00
4.419000e-05	1.274401e-02	-7.190478e+00
4.420000e-05	2.144312e-02	-7.138371e+00
4.421000e-05	2.662034e-02	-7.076212e+00
4.422000e-05	2.112812e-02	-6.989975e+00
4.423000e-05	1.255715e-02	-6.894662e+00
4.424000e-05	1.354364e-02	-6.812580e+00
4.425000e-05	2.128356e-02	-6.790473e+00
4.426000e-05	2.156147e-02	-6.746370e+00
4.427000e-05	1.376797e-02	-6.682653e+00
4.428000e-05	8.438192e-03	-6.569476e+00
4.429000e-05	1.372628e-02	-6.497241e+00
4.430000e-05	1.902421e-02	-6.432050e+00
4.431000e-05	1.587271e-02	-6.378472e+00
4.432000e-05	8.193441e-03	-6.275733e+00
4.433000e-05	7.291315e-03	-6.089439e+00
4.434000e-05	1.289904e-02	-6.043204e+00
4.435000e-05	1.463893e-02	-5.979473e+00
4.436000e-05	8.867896e-03	-5.865690e+00
4.437000e-05	3.344707e-03	-5.803549e+00
4.438000e-05	6.862524e-03	-5.667736e+00
4.439000e-05	1.247095e-02	-5.621053e+00
4.440000e-05	1.046163e-02	-5.558013e+00
4.441000e-05	4.048750e-03	-5.358450e+00
4.442000e-05	2.524528e-03	-5.253227e+00
4.443000e-05	6.867337e-03	-5.117417e+00
4.444000e-05	9.290528e-03	-5.032079e+00
4.445000e-05	4.943968e-03	-4.875839e+00
4.446000e-05	1.880831e-04	-4.697839e+00
4.447000e-05	9.548273e-04	-4.641550e+00
4.448000e-05	5.643987e-03	-4.497816e+00
4.449000e-05	6.003174e-03	-4.432603e+00
4.450000e-05	1.021220e-03	-4.336793e+00
4.451000e-05	-3.785201e-04	-4.222084e+00
4.452000e-05	2.344537e-03	-4.145867e+00
4.453000e-05	5.197013e-03	-3.990078e+00
4.454000e-05	2.363459e-03	-3.856262e+00
4.455000e-05	-1.106133e-03	-3.686863e+00
4.456000e-05	-2.031195e-03	-3.579974e+00
4.457000e-05	2.364025e-03	-3.484709e+00
4.458000e-05	1.854960e-03	-3.338995e+00
4.459000e-05	-5.055646e-04	-3.241605e+00
4.460000e-05	-3.093577e-03	-3.157816e+00
4.461000e-05	-4.158629e-04	-2.937946e+00
4.462000e-05	2.030515e-03	-2.791526e+00
4.463000e-05	7.058327e-04	-2.664287e+00
4.464000e-05	-4.191697e-03	-2.557945e+00
4.465000e-05	-3.105395e-03	-2.412054e+00
4.466000e-05	-1.557047e-03	-2.316864e+00
4.467000e-05	8.543315e-04	-2.118296e+00
4.468000e-05	-2.233140e-03	-1.979497e+00
4.469000e-05	-3.809928e-03	-1.854187e+00
4.470000e-05	-2.144584e-03	-1.767815e+00
4.471000e-05	7.156844e-04	-1.619054e+00
4.472000e-05	-1.272489e-03	-1.474133e+00
4.473000e-05	-5.095521e-03	-1.255288e+00
4.474000e-05	-6.217694e-03	-1.115293e+00
4.475000e-05	-3.693746e-03	-1.000495e+00
4.476000e-05	-2.172675e-03	-8.225779e-01
4.477000e-05	-3.473916e-03	-6.958145e-01
4.478000e-05	-5.163588e-03	-5.879122e-01
4.479000e-05	-4.620604e-03	-3.899737e-01
4.480000e-05	-1.968665e-03	-2.851855e-01
4.481000e-05	-2.345338e-03	-1.458396e-01
4.482000e-05	-2.694806e-03	-4.005007e-02
4.483000e-05	-2.021535e-03	8.518428e-02
4.484000e-05	-2.005278e-03	2.757343e-01
4.485000e-05	1.155861e-03	4.020263e-01
4.486000e-05	-2.811886e-03	5.468143e-01
4.487000e-05	-3.481432e-03	6.727342e-01
4.488000e-05	-4.599429e-03	7.778948e-01
4.489000e-05	2.638589e-03	8.841582e-01
4.490000e-05	2.118103e-02	1.082683e+00
4.491000e-05	5.120381e-02	1.241083e+00
4.492000e-05	-1.550744e-02	1.492735e+00
4.493000e-05	-4.849954e-02	1.694693e+00
4.494000e-05	-9.032411e-02	1.809499e+00
4.495000e-05	-9.119049e-04	1.853208e+00
4.496000e-05	1.151650e-01	1.978472e+00
4.497000e-05	-9.033225e-02	2.085364e+00
4.498000e-05	-6.780940e-02	2.190471e+00
4.499000e-05	1.380980e-01	2.336791e+00
4.500000e-05	-7.249127e-02	2.495223e+00
4.501000e-05	-2.878437e-02	2.637545e+00
4.502000e-05	1.154773e-01	2.737919e+00
4.503000e-05	-1.096388e-01	2.946241e+00
4.504000e-05	-7.351343e-02	3.042025e+00
4.505000e-05	1.201396e-01	3.146243e+00
4.506000e-05	-2.296296e-02	3.192630e+00
4.507000e-05	-3.427778e-02	3.391928e+00
4.508000e-05	2.374741e-03	3.588899e+00
4.509000e-05	-5.043980e-02	3.654209e+00
4.510000e-05	5.436388e-02	3.790400e+00
4.511000e-05	5.545082e-03	3.924717e+00
4.512000e-05	-6.535455e-02	4.022003e+00
4.513000e-05	7.202185e-03	4.147397e+00
4.514000e-05	1.844807e-02	4.335840e+00
4.515000e-05	-3.770634e-03	4.421676e+00
4.516000e-05	-1.593823e-03	4.547743e+00
4.517000e-05	-3.883657e-02	4.683631e+00
4.518000e-05	-2.683067e-02	4.788321e+00
4.519000e-05	2.860265e-02	4.853182e+00
4.520000e-05	2.096160e-02	5.004152e+00
4.521000e-05	-3.482516e-02	5.199896e+00
4.522000e-05	-3.806014e-02	5.325690e+00
4.523000e-05	2.239014e-02	5.390525e+00
4.524000e-05	5.991329e-03	5.496209e+00
4.525000e-05	-1.130569e-02	5.558847e+00
4.526000e-05	-3.681833e-02	5.644204e+00
4.527000e-05	-2.287971e-02	5.799528e+00
4.528000e-05	2.516050e-02	5.907887e+00
4.529000e-05	4.756442e-03	6.009501e+00
4.530000e-05	-2.223668e-02	6.092259e+00
4.531000e-05	-3.381782e-02	6.168396e+00
4.532000e-05	-1.382718e-03	6.222182e+00
4.533000e-05	1.263182e-02	6.296792e+00
4.534000e-05	-7.094668e-03	6.388921e+00
4.535000e-05	-3.554362e-02	6.462134e+00
4.536000e-05	-2.142471e-02	6.538845e+00
4.537000e-05	7.780882e-03	6.644185e+00
4.538000e-05	6.386303e-03	6.748391e+00
4.539000e-05	-2.368897e-02	6.810525e+00
4.540000e-05	-3.287723e-02	6.842129e+00
4.541000e-05	-7.957219e-03	6.896212e+00
4.542000e-05	5.055046e-03	6.977871e+00
4.543000e-05	-4.365249e-03	7.022024e+00
4.544000e-05	-3.216999e-02	7.094636e+00
4.545000e-05	-2.500967e-02	7.147366e+00
4.546000e-05	-1.592282e-03	7.199448e+00
4.547000e-05	2.362115e-03	7.191528e+00
4.548000e-05	-1.919432e-02	7.232131e+00
4.549000e-05	-3.277642e-02	7.286188e+00
4.550000e-05	-1.433310e-02	7.390471e+00
4.551000e-05	-6.667022e-04	7.384105e+00
4.552000e-05	-7.558426e-03	7.464183e+00
4.553000e-05	-3.035672e-02	7.515968e+00
4.554000e-05	-2.845739e-02	7.598944e+00
4.555000e-05	-9.251130e-03	7.579477e+00
4.556000e-05	-3.689028e-03	7.611504e+00
4.557000e-05	-1.904232e-02	7.611604e+00
4.558000e-05	-3.320646e-02	7.632130e+00
4.559000e-05	-2.129249e-02	7.655134e+00
4.560000e-05	-7.302369e-03	7.643813e+00
4.561000e-05	-1.023581e-02	7.675161e+00
4.562000e-05	-3.063336e-02	7.676888e+00
4.563000e-05	-3.199052e-02	7.706238e+00
4.564000e-05	-1.795553e-02	7.695812e+00
4.565000e-05	-8.236288e-03	7.755241e+00
4.566000e-05	-1.962943e-02	7.707812e+00
4.567000e-05	-3.407389e-02	7.675258e+00
4.568000e-05	-2.794091e-02	7.704739e+00
4.569000e-05	-1.561765e-02	7.685684e+00
4.570000e-05	-1.561811e-02	7.636158e+00
4.571000e-05	-3.099078e-02	7.653180e+00
4.572000e-05	-3.435075e-02	7.641656e+00
4.573000e-05	-2.425985e-02	7.622049e+00
4.574000e-05	-1.376781e-02	7.582025e+00
4.575000e-05	-2.214701e-02	7.559443e+00
4.576000e-05	-3.467285e-02	7.538340e+00
4.577000e-05	-3.215140e-02	7.496817e+00
4.578000e-05	-2.212251e-02	7.462662e+00
4.579000e-05	-1.918175e-02	7.398477e+00
4.580000e-05	-3.049183e-02	7.256513e+00
4.581000e-05	-3.567910e-02	7.264660e+00
4.582000e-05	-2.915177e-02	7.203078e+00
4.583000e-05	-1.853713e-02	7.209975e+00
4.584000e-05	-2.306579e-02	7.148891e+00
4.585000e-05	-3.171364e-02	7.086708e+00
4.586000e-05	-3.163763e-02	7.013153e+00
4.587000e-05	-2.250013e-02	6.989525e+00
4.588000e-05	-1.917641e-02	6.915865e+00
4.589000e-05	-2.702016e-02	6.835736e+00
4.590000e-05	-3.284532e-02	6.810526e+00
4.591000e-05	-2.681290e-02	6.758440e+00
4.592000e-05	-1.716259e-02	6.673655e+00
4.593000e-05	-1.853717e-02	6.620497e+00
4.594000e-05	-2.628863e-02	6.482763e+00
4.595000e-05	-2.605956e-02	6.380052e+00
4.596000e-05	-1.885673e-02	6.359920e+00
4.597000e-05	-1.258609e-02	6.305311e+00
4.598000e-05	-1.973469e-02	6.201052e+00
4.599000e-05	-2.581168e-02	6.135270e+00
4.600000e-05	-2.321104e-02	6.001155e+00
4.601000e-05	-1.559595e-02	6.009999e+00
4.602000e-05	-1.392458e-02	5.853159e+00
4.603000e-05	-1.867540e-02	5.757389e+00
4.604000e-05	-1.875998e-02	5.602530e+00
4.605000e-05	-1.330742e-02	5.557917e+00
4.606000e-05	-7.174550e-03	5.434157e+00
4.607000e-05	-1.326435e-02	5.337967e+00
4.608000e-05	-1.933408e-02	5.263707e+00
4.609000e-05	-1.966636e-02	5.107360e+00
4.610000e-05	-1.252856e-02	4.947867e+00
4.611000e-05	-1.057423e-02	4.821677e+00
4.612000e-05	-1.325825e-02	4.698288e+00
4.613000e-05	-1.491331e-02	4.640604e+00
4.614000e-05	-9.871483e-03	4.535763e+00
4.615000e-05	-4.123333e-03	4.399599e+00
4.616000e-05	-8.844177e-03	4.314288e+00
4.617000e-05	-1.347662e-02	4.137864e+00
4.618000e-05	-1.487265e-02	4.000574e+00
4.619000e-05	-9.452630e-03	3.896788e+00
4.620000e-05	-7.513885e-03	3.790498e+00
4.621000e-05	-1.074297e-02	3.673286e+00
4.622000e-05	-1.215876e-02	3.578421e+00
4.623000e-05	-8.974904e-03	3.411626e+00
4.624000e-05	-4.262328e-03	3.253182e+00
4.625000e-05	-4.552005e-03	3.178367e+00
4.626000e-05	-9.663649e-03	3.041003e+00
4.627000e-05	-1.002524e-02	2.875762e+00
4.628000e-05	-8.370283e-03	2.809525e+00
4.629000e-05	-6.805443e-03	2.633177e+00
4.630000e-05	-8.928202e-03	2.454236e+00
4.631000e-05	-1.079525e-02	2.367392e+00
4.632000e-05	-8.058263e-03	2.221103e+00
4.633000e-05	-3.644890e-03	2.075211e+00
4.634000e-05	-2.989013e-03	1.967945e+00
4.635000e-05	-4.953169e-03	1.840149e+00
4.636000e-05	-7.913429e-03	1.685737e+00
4.637000e-05	-6.394015e-03	1.527364e+00
4.638000e-05	-5.390989e-03	1.388949e+00
4.639000e-05	-6.072358e-03	1.242102e+00
4.640000e-05	-8.539996e-03	1.096157e+00
4.641000e-05	-6.548995e-03	8.642645e-01
4.642000e-05	-3.307076e-03	7.588662e-01
4.643000e-05	-2.197596e-03	6.131316e-01
4.644000e-05	-4.243619e-03	4.747357e-01
4.645000e-05	-5.612895e-03	3.679962e-01
4.646000e-05	-5.180984e-03	2.505491e-01
4.647000e-05	-3.748626e-03	6.272896e-02
4.648000e-05	-2.248344e-03	-5.366283e-02
4.649000e-05	-1.169194e-03	-2.019775e-01
4.650000e-05	-2.484666e-03	-3.552419e-01
4.651000e-05	7.333584e-04	-4.315278e-01
4.652000e-05	-3.812358e-04	-5.989736e-01
4.653000e-05	-1.116602e-03	-7.473722e-01
4.654000e-05	-3.294238e-03	-8.325578e-01
4.655000e-05	1.847240e-03	-9.689259e-01
4.656000e-05	3.682735e-02	-1.072713e+00
4.657000e-05	5.746498e-02	-1.263739e+00
4.658000e-05	-4.426726e-02	-1.569371e+00
4.659000e-05	-4.986623e-02	-1.798395e+00
4.660000e-05	-1.072338e-01	-1.872130e+00
4.661000e-05	1.329812e-01	-1.843028e+00
4.662000e-05	-1.111326e-04	-1.956370e+00
4.663000e-05	-1.355956e-01	-2.222032e+00
4.664000e-05	9.846333e-02	-2.348690e+00
4.665000e-05	3.786682e-02	-2.337400e+00
4.666000e-05	-1.214444e-01	-2.620926e+00
4.667000e-05	1.131881e-01	-2.747370e+00
4.668000e-05	4.348187e-02	-2.759977e+00
4.669000e-05	-1.777867e-01	-2.970452e+00
4.670000e-05	9.403503e-02	-3.127294e+00
4.671000e-05	8.143008e-02	-3.242087e+00
4.672000e-05	-8.437538e-02	-3.409956e+00
4.673000e-05	5.602722e-02	-3.445212e+00
4.674000e-05	-4.932654e-02	-3.570445e+00
4.675000e-05	-1.459526e-02	-3.799472e+00
4.676000e-05	1.230077e-01	-3.846588e+00
4.677000e-05	-1.125097e-01	-4.012505e+00
4.678000e-05	-8.487363e-03	-4.167870e+00
4.679000e-05	7.236440e-02	-4.232532e+00
4.680000e-05	-4.407426e-02	-4.348371e+00
4.681000e-05	5.298005e-02	-4.443532e+00
4.682000e-05	-2.622370e-02	-4.589998e+00
4.683000e-05	-4.471476e-02	-4.706141e+00
4.684000e-05	4.051696e-02	-4.747455e+00
4.685000e-05	1.694113e-02	-4.938245e+00
4.686000e-05	2.546338e-02	-5.064605e+00
4.687000e-05	-4.531901e-02	-5.148842e+00
4.688000e-05	-6.123713e-03	-5.283759e+00
4.689000e-05	5.919623e-02	-5.461424e+00
4.690000e-05	-2.370669e-02	-5.576951e+00
4.691000e-05	5.381481e-03	-5.652079e+00
4.692000e-05	-2.957775e-02	-5.707943e+00
4.693000e-05	1.041870e-02	-5.862582e+00
4.694000e-05	6.082511e-02	-5.936818e+00
4.695000e-05	-2.919282e-02	-6.019449e+00
4.696000e-05	6.126791e-03	-6.063629e+00
4.697000e-05	-1.359887e-02	-6.179025e+00
4.698000e-05	1.827526e-02	-6.306871e+00
4.699000e-05	3.387402e-02	-6.399997e+00
4.700000e-05	-3.012685e-02	-6.463707e+00
4.701000e-05	3.712901e-03	-6.497719e+00
4.702000e-05	3.012126e-04	-6.620051e+00
4.703000e-05	3.387911e-02	-6.684187e+00
4.704000e-05	1.175376e-02	-6.778446e+00
4.705000e-05	-2.180928e-02	-6.799475e+00
4.706000e-05	7.957563e-03	-6.883055e+00
4.707000e-05	1.015083e-02	-6.937347e+00
4.708000e-05	2.621619e-02	-7.066114e+00
4.709000e-05	-2.568010e-03	-7.114867e+00
4.710000e-05	-1.294933e-02	-7.189473e+00
4.711000e-05	1.472299e-02	-7.201525e+00
4.712000e-05	2.177085e-02	-7.251683e+00
4.713000e-05	1.866795e-02	-7.326264e+00
4.714000e-05	-8.851280e-03	-7.348319e+00
4.715000e-05	-7.924948e-04	-7.399421e+00
4.716000e-05	2.258609e-02	-7.391979e+00
4.717000e-05	1.920527e-02	-7.453159e+00
4.718000e-05	6.396035e-03	-7.516787e+00
4.719000e-05	-7.561717e-03	-7.537345e+00
4.720000e-05	1.131454e-02	-7.569445e+00
4.721000e-05	2.430525e-02	-7.580574e+00
4.722000e-05	1.622475e-02	-7.622604e+00
4.723000e-05	3.862006e-03	-7.643109e+00
4.724000e-05	2.000680e-04	-7.662789e+00
4.725000e-05	1.978318e-02	-7.655360e+00
4.726000e-05	2.470499e-02	-7.685764e+00
4.727000e-05	1.177348e-02	-7.738295e+00
4.728000e-05	1.346713e-03	-7.760345e+00
4.729000e-05	9.592471e-03	-7.718917e+00
4.730000e-05	2.549522e-02	-7.740942e+00
4.731000e-05	2.130107e-02	-7.759518e+00
4.732000e-05	8.744768e-03	-7.778274e+00
4.733000e-05	5.805921e-03	-7.728972e+00
4.734000e-05	1.789793e-02	-7.739839e+00
4.735000e-05	2.475803e-02	-7.767791e+00
4.736000e-05	1.801150e-02	-7.698215e+00
4.737000e-05	1.028690e-02	-7.696663e+00
4.738000e-05	1.424600e-02	-7.643133e+00
4.739000e-05	2.508971e-02	-7.642578e+00
4.740000e-05	2.465680e-02	-7.612527e+00
4.741000e-05	1.475969e-02	-7.569945e+00
4.742000e-05	9.540425e-03	-7.527417e+00
4.743000e-05	1.922144e-02	-7.526816e+00
4.744000e-05	2.738859e-02	-7.447207e+00
4.745000e-05	2.336841e-02	-7.433207e+00
4.746000e-05	1.486132e-02	-7.390051e+00
4.747000e-05	1.700692e-02	-7.379446e+00
4.748000e-05	2.480815e-02	-7.328866e+00
4.749000e-05	2.483241e-02	-7.293134e+00
4.750000e-05	1.734630e-02	-7.233102e+00
4.751000e-05	1.180953e-02	-7.191101e+00
4.752000e-05	1.814548e-02	-7.148900e+00
4.753000e-05	2.395080e-02	-7.136783e+00
4.754000e-05	2.197263e-02	-6.981622e+00
4.755000e-05	1.466591e-02	-6.897285e+00
4.756000e-05	1.350009e-02	-6.832654e+00
4.757000e-05	1.975464e-02	-6.800548e+00
4.758000e-05	2.094823e-02	-6.736816e+00
4.759000e-05	1.557974e-02	-6.654709e+00
4.760000e-05	9.065841e-03	-6.600500e+00
4.761000e-05	1.393453e-02	-6.537316e+00
4.762000e-05	1.813060e-02	-6.443704e+00
4.763000e-05	1.539935e-02	-6.401500e+00
4.764000e-05	8.790828e-03	-6.276233e+00
4.765000e-05	7.966498e-03	-6.188526e+00
4.766000e-05	1.306960e-02	-6.094633e+00
4.767000e-05	1.412338e-02	-5.999050e+00
4.768000e-05	9.946868e-03	-5.906363e+00
4.769000e-05	5.219521e-03	-5.832149e+00
4.770000e-05	7.193324e-03	-5.739342e+00
4.771000e-05	1.032696e-02	-5.622606e+00
4.772000e-05	9.507134e-03	-5.559346e+00
4.773000e-05	4.253786e-03	-5.423606e+00
4.774000e-05	3.508961e-03	-5.243758e+00
4.775000e-05	6.379840e-03	-5.189471e+00
4.776000e-05	8.938468e-03	-5.062133e+00
4.777000e-05	6.301462e-03	-4.946720e+00
4.778000e-05	2.725117e-03	-4.738593e+00
4.779000e-05	2.962867e-03	-4.673151e+00
4.780000e-05	4.663620e-03	-4.497943e+00
4.781000e-05	5.156213e-03	-4.453158e+00
4.782000e-05	8.228121e-04	-4.387896e+00
4.783000e-05	-5.117655e-04	-4.243184e+00
4.784000e-05	2.368124e-03	-4.128842e+00
4.785000e-05	3.712187e-03	-4.052078e+00
4.786000e-05	2.528085e-03	-3.926347e+00
4.787000e-05	1.030317e-04	-3.757394e+00
4.788000e-05	2.965362e-04	-3.642178e+00
4.789000e-05	1.838682e-03	-3.506791e+00
4.790000e-05	2.975076e-03	-3.389046e+00
4.791000e-05	-1.493573e-03	-3.254208e+00
4.792000e-05	-1.905864e-03	-3.188443e+00
4.793000e-05	-1.501519e-03	-2.999998e+00
4.794000e-05	9.968064e-04	-2.851629e+00
4.795000e-05	5.063759e-05	-2.717365e+00
4.796000e-05	-2.968191e-03	-2.619501e+00
4.797000e-05	-2.644466e-03	-2.453157e+00
4.798000e-05	-1.724499e-03	-2.329445e+00
4.799000e-05	5.034144e-04	-2.180070e+00
4.800000e-05	-2.863012e-03	-2.003056e+00
4.801000e-05	-3.658405e-03	-1.886288e+00
4.802000e-05	-2.996296e-03	-1.777900e+00
4.803000e-05	-1.634601e-04	-1.632630e+00
4.804000e-05	-2.026122e-03	-1.486763e+00
4.805000e-05	-4.129100e-03	-1.294309e+00
4.806000e-05	-5.075160e-03	-1.178445e+00
4.807000e-05	-4.028100e-03	-1.002048e+00
4.808000e-05	-2.420458e-03	-8.642104e-01
4.809000e-05	-3.633516e-03	-7.679735e-01
4.810000e-05	-4.212687e-03	-6.095012e-01
4.811000e-05	-4.125131e-03	-4.120528e-01
4.812000e-05	-2.993779e-03	-3.157408e-01
4.813000e-05	-3.222686e-03	-1.689224e-01
4.814000e-05	-3.962941e-03	-6.205520e-02
4.815000e-05	-1.655442e-03	6.363421e-02
4.816000e-05	-1.510008e-03	2.401503e-01
4.817000e-05	1.596897e-04	3.794724e-01
4.818000e-05	-2.025264e-03	4.757145e-01
4.819000e-05	-3.079631e-03	6.105014e-01
4.820000e-05	-4.491239e-03	7.863659e-01
4.821000e-05	-5.995587e-04	8.931315e-01
4.822000e-05	1.163137e-02	9.915514e-01
4.823000e-05	4.732935e-02	1.208500e+00
4.824000e-05	1.135590e-02	1.370553e+00
4.825000e-05	-4.542182e-02	1.654608e+00
4.826000e-05	-7.544443e-02	1.777922e+00
4.827000e-05	-5.733331e-02	1.851035e+00
4.828000e-05	1.256037e-01	1.936846e+00
4.829000e-05	-3.364452e-02	2.082634e+00
4.830000e-05	-1.190904e-01	2.118896e+00
4.831000e-05	1.227559e-01	2.292683e+00
4.832000e-05	-1.763574e-02	2.473587e+00
4.833000e-05	-7.306185e-02	2.548847e+00
4.834000e-05	1.020012e-01	2.706263e+00
4.835000e-05	-3.048567e-02	2.893080e+00
4.836000e-05	-1.361648e-01	2.960976e+00
4.837000e-05	1.030269e-01	3.104685e+00
4.838000e-05	2.462953e-02	3.219528e+00
4.839000e-05	-5.243137e-02	3.316868e+00
4.840000e-05	8.833569e-03	3.527292e+00
4.841000e-05	-4.790486e-02	3.603105e+00
4.842000e-05	2.356135e-02	3.768921e+00
4.843000e-05	3.859130e-02	3.843158e+00
4.844000e-05	-6.297025e-02	3.979976e+00
4.845000e-05	-2.039340e-02	4.115734e+00
4.846000e-05	3.215573e-02	4.295213e+00
4.847000e-05	-7.610977e-03	4.419951e+00
4.848000e-05	9.242042e-03	4.473762e+00
4.849000e-05	-3.285768e-02	4.593126e+00
4.850000e-05	-3.376961e-02	4.715818e+00
4.851000e-05	1.058143e-02	4.832101e+00
4.852000e-05	3.430202e-02	4.939049e+00
4.853000e-05	-2.139030e-02	5.157820e+00
4.854000e-05	-4.929260e-02	5.304684e+00
4.855000e-05	1.352003e-02	5.368923e+00
4.856000e-05	1.063811e-02	5.442682e+00
4.857000e-05	-3.532504e-03	5.558397e+00
4.858000e-05	-3.129277e-02	5.651580e+00
4.859000e-05	-2.920887e-02	5.768422e+00
4.860000e-05	1.452204e-02	5.895241e+00
4.861000e-05	1.761889e-02	5.989397e+00
4.862000e-05	-2.142834e-02	6.041655e+00
4.863000e-05	-3.392707e-02	6.138422e+00
4.864000e-05	-1.303701e-02	6.182050e+00
4.865000e-05	1.228688e-02	6.276312e+00
4.866000e-05	1.687512e-03	6.368420e+00
4.867000e-05	-3.095794e-02	6.421979e+00
4.868000e-05	-2.281457e-02	6.525342e+00
4.869000e-05	4.058907e-04	6.643180e+00
4.870000e-05	1.414203e-02	6.697889e+00
4.871000e-05	-1.975534e-02	6.799975e+00
4.872000e-05	-3.402388e-02	6.812103e+00
4.873000e-05	-1.759713e-02	6.865217e+00
4.874000e-05	2.131007e-03	6.958842e+00
4.875000e-05	1.060998e-03	6.990000e+00
4.876000e-05	-2.777750e-02	7.054162e+00
4.877000e-05	-2.633485e-02	7.117369e+00
4.878000e-05	-6.674716e-03	7.178446e+00
4.879000e-05	6.653521e-03	7.200525e+00
4.880000e-05	-1.507153e-02	7.210557e+00
4.881000e-05	-3.294065e-02	7.263677e+00
4.882000e-05	-2.246032e-02	7.369414e+00
4.883000e-05	-3.101052e-03	7.393558e+00
4.884000e-05	-4.028631e-03	7.453158e+00
4.885000e-05	-2.566475e-02	7.545868e+00
4.886000e-05	-2.914310e-02	7.557894e+00
4.887000e-05	-1.373799e-02	7.590471e+00
4.888000e-05	-1.848469e-03	7.600599e+00
4.889000e-05	-1.546897e-02	7.610999e+00
4.890000e-05	-3.033121e-02	7.643133e+00
4.891000e-05	-2.661332e-02	7.665162e+00
4.892000e-05	-1.082455e-02	7.665209e+00
4.893000e-05	-8.628481e-03	7.674663e+00
4.894000e-05	-2.627431e-02	7.686309e+00
4.895000e-05	-3.182223e-02	7.735862e+00
4.896000e-05	-2.220526e-02	7.686319e+00
4.897000e-05	-7.838521e-03	7.739312e+00
4.898000e-05	-1.740686e-02	7.695218e+00
4.899000e-05	-3.021346e-02	7.755735e+00
4.900000e-05	-3.005471e-02	7.696782e+00
4.901000e-05	-1.754925e-02	7.663736e+00
4.902000e-05	-1.447147e-02	7.684155e+00
4.903000e-05	-2.781594e-02	7.653683e+00
4.904000e-05	-3.506123e-02	7.641628e+00
4.905000e-05	-2.769982e-02	7.591554e+00
4.906000e-05	-1.526979e-02	7.590526e+00
4.907000e-05	-2.000822e-02	7.580998e+00
4.908000e-05	-3.151892e-02	7.589392e+00
4.909000e-05	-3.346102e-02	7.497839e+00
4.910000e-05	-2.376370e-02	7.456281e+00
4.911000e-05	-1.843493e-02	7.390521e+00
4.912000e-05	-2.727049e-02	7.298446e+00
4.913000e-05	-3.609758e-02	7.275233e+00
4.914000e-05	-3.198026e-02	7.223579e+00
4.915000e-05	-2.050517e-02	7.200025e+00
4.916000e-05	-2.125358e-02	7.168420e+00
4.917000e-05	-2.898065e-02	7.067388e+00
4.918000e-05	-3.258481e-02	7.043680e+00
4.919000e-05	-2.510046e-02	7.021000e+00
4.920000e-05	-1.930848e-02	6.947894e+00
4.921000e-05	-2.405723e-02	6.864683e+00
4.922000e-05	-3.095048e-02	6.832128e+00
4.923000e-05	-2.928239e-02	6.789497e+00
4.924000e-05	-2.012630e-02	6.715816e+00
4.925000e-05	-1.779106e-02	6.580179e+00
4.926000e-05	-2.418590e-02	6.486739e+00
4.927000e-05	-2.722253e-02	6.432100e+00
4.928000e-05	-2.098075e-02	6.378969e+00
4.929000e-05	-1.518954e-02	6.285811e+00
4.930000e-05	-1.649609e-02	6.221604e+00
4.931000e-05	-2.268787e-02	6.137844e+00
4.932000e-05	-2.208239e-02	6.043160e+00
4.933000e-05	-1.669559e-02	6.010496e+00
4.934000e-05	-1.383177e-02	5.886338e+00
4.935000e-05	-1.890306e-02	5.771017e+00
4.936000e-05	-2.125517e-02	5.654129e+00
4.937000e-05	-1.702092e-02	5.588973e+00
4.938000e-05	-1.003893e-02	5.445209e+00
4.939000e-05	-1.018151e-02	5.369496e+00
4.940000e-05	-1.633867e-02	5.275781e+00
4.941000e-05	-1.696596e-02	5.139465e+00
4.942000e-05	-1.230283e-02	4.981656e+00
4.943000e-05	-1.091872e-02	4.873708e+00
4.944000e-05	-1.360207e-02	4.750420e+00
4.945000e-05	-1.619811e-02	4.603153e+00
4.946000e-05	-1.259881e-02	4.538345e+00
4.947000e-05	-8.124089e-03	4.433657e+00
4.948000e-05	-6.724389e-03	4.328769e+00
4.949000e-05	-1.099532e-02	4.200025e+00
4.950000e-05	-1.214423e-02	4.042205e+00
4.951000e-05	-1.102070e-02	3.958366e+00
4.952000e-05	-8.071357e-03	3.802628e+00
4.953000e-05	-1.030759e-02	3.706210e+00
4.954000e-05	-1.188317e-02	3.610600e+00
4.955000e-05	-1.038347e-02	3.464206e+00
4.956000e-05	-5.958514e-03	3.293861e+00
4.957000e-05	-5.115213e-03	3.220496e+00
4.958000e-05	-7.387491e-03	3.033305e+00
4.959000e-05	-9.375310e-03	2.907792e+00
4.960000e-05	-7.636100e-03	2.812104e+00
4.961000e-05	-6.137736e-03	2.686735e+00
4.962000e-05	-6.664442e-03	2.515435e+00
4.963000e-05	-1.006611e-02	2.378995e+00
4.964000e-05	-1.000184e-02	2.213683e+00
4.965000e-05	-5.595873e-03	2.127286e+00
4.966000e-05	-4.035690e-03	1.992051e+00
4.967000e-05	-5.626988e-03	1.853735e+00
4.968000e-05	-7.615874e-03	1.737866e+00
4.969000e-05	-6.231581e-03	1.610023e+00
4.970000e-05	-4.116355e-03	1.421053e+00
4.971000e-05	-4.670398e-03	1.263686e+00
4.972000e-05	-7.109899e-03	1.106415e+00
4.973000e-05	-7.357124e-03	9.664173e-01
4.974000e-05	-5.026077e-03	7.885751e-01
4.975000e-05	-3.461776e-03	6.626331e-01
4.976000e-05	-4.119710e-03	5.157636e-01
4.977000e-05	-5.088917e-03	4.095276e-01
4.978000e-05	-4.405150e-03	2.726317e-01
4.979000e-05	-3.404259e-03	9.373054e-02
4.980000e-05	-9.032212e-04	-5.208257e-02
4.981000e-05	-1.391858e-03	-1.703983e-01
4.982000e-05	-1.628996e-03	-2.947895e-01
4.983000e-05	-2.490124e-03	-4.210276e-01
4.984000e-05	7.721981e-05	-5.183221e-01
4.985000e-05	-1.876830e-03	-7.752394e-01
4.986000e-05	-2.107527e-03	-8.721301e-01
4.987000e-05	-1.244777e-03	-9.563932e-01
4.988000e-05	2.352831e-02	-1.075160e+00
4.989000e-05	6.934657e-02	-1.218907e+00
4.990000e-05	-2.200624e-02	-1.465658e+00
4.991000e-05	-4.174931e-02	-1.755319e+00
4.992000e-05	-1.123744e-01	-1.853558e+00
4.993000e-05	7.322567e-02	-1.821655e+00
4.994000e-05	6.973039e-02	-1.883761e+00
4.995000e-05	-1.245117e-01	-2.157849e+00
4.996000e-05	9.557662e-03	-2.347667e+00
4.997000e-05	1.168510e-01	-2.378945e+00
4.998000e-05	-1.235020e-01	-2.516292e+00
4.999000e-05	3.861812e-02	-2.717238e+00
