# 260612_13:30:53.907796
t	CH1	CH2
0.000000e+00	8.316295e-03	-3.674262e-01
1.000000e-08	-5.694381e-03	-6.635054e-01
2.000000e-08	5.295951e-03	-8.846658e-01
3.000000e-08	-6.367397e-03	-1.114740e+00
4.000000e-08	2.760625e-03	-1.419603e+00
5.000000e-08	-4.569372e-03	-1.602532e+00
6.000000e-08	2.855518e-02	-1.831054e+00
7.000000e-08	1.017488e-01	-2.051607e+00
8.000000e-08	-3.579318e-02	-2.440037e+00
9.000000e-08	-3.267522e-02	-2.809475e+00
1.000000e-07	-3.466787e-02	-3.096310e+00
1.100000e-07	-4.839171e-02	-3.244236e+00
1.200000e-07	-7.179124e-02	-3.403155e+00
1.300000e-07	1.983755e-01	-3.590492e+00
1.400000e-07	-1.563221e-01	-3.874337e+00
1.500000e-07	7.811172e-02	-4.147944e+00
1.600000e-07	7.716271e-02	-4.295865e+00
1.700000e-07	-1.351193e-01	-4.672548e+00
1.800000e-07	1.799694e-01	-4.842751e+00
1.900000e-07	-1.491026e-01	-5.096292e+00
2.000000e-07	-2.684858e-02	-5.454773e+00
2.100000e-07	9.138937e-02	-5.601651e+00
2.200000e-07	-9.908791e-02	-5.906841e+00
2.300000e-07	1.711877e-01	-6.069589e+00
2.400000e-07	-1.310424e-01	-6.359944e+00
2.500000e-07	4.890640e-02	-6.673697e+00
2.600000e-07	3.090516e-02	-6.784148e+00
2.700000e-07	-6.342561e-02	-7.109940e+00
2.800000e-07	1.073398e-01	-7.319964e+00
2.900000e-07	-1.649860e-01	-7.561018e+00
3.000000e-07	1.537060e-01	-7.783299e+00
3.100000e-07	-4.579905e-02	-8.044279e+00
3.200000e-07	2.311365e-02	-8.275857e+00
3.300000e-07	2.171501e-02	-8.400774e+00
3.400000e-07	-8.901678e-02	-8.678357e+00
3.500000e-07	1.164938e-01	-8.886835e+00
3.600000e-07	-7.420767e-02	-9.086359e+00
3.700000e-07	9.180773e-02	-9.238328e+00
3.800000e-07	-7.574790e-02	-9.446403e+00
3.900000e-07	4.266750e-02	-9.665958e+00
4.000000e-07	1.922028e-02	-9.845255e+00
4.100000e-07	-1.435646e-02	-9.993774e+00
4.200000e-07	2.900655e-02	-1.017485e+01
4.300000e-07	-5.790637e-02	-1.041630e+01
4.400000e-07	7.900175e-02	-1.055174e+01
4.500000e-07	-2.119618e-02	-1.072056e+01
4.600000e-07	4.769091e-02	-1.083841e+01
4.700000e-07	-3.761161e-02	-1.104685e+01
4.800000e-07	2.470620e-02	-1.125745e+01
4.900000e-07	1.047206e-02	-1.136324e+01
5.000000e-07	1.325923e-02	-1.153232e+01
5.100000e-07	4.389166e-03	-1.172076e+01
5.200000e-07	-1.026022e-02	-1.186901e+01
5.300000e-07	3.542535e-02	-1.199687e+01
5.400000e-07	1.428325e-02	-1.214274e+01
5.500000e-07	2.507548e-02	-1.227706e+01
5.600000e-07	-1.462249e-02	-1.238792e+01
5.700000e-07	1.796453e-02	-1.254264e+01
5.800000e-07	1.339133e-02	-1.261752e+01
5.900000e-07	2.431011e-02	-1.278232e+01
6.000000e-07	7.566476e-04	-1.288858e+01
6.100000e-07	9.485609e-03	-1.299432e+01
6.200000e-07	1.938203e-02	-1.304650e+01
6.300000e-07	2.967276e-02	-1.313234e+01
6.400000e-07	1.661600e-02	-1.325908e+01
6.500000e-07	8.748446e-03	-1.331468e+01
6.600000e-07	1.352927e-02	-1.338691e+01
6.700000e-07	2.525756e-02	-1.345905e+01
6.800000e-07	2.540239e-02	-1.356176e+01
6.900000e-07	1.160390e-02	-1.361747e+01
7.000000e-07	1.395857e-02	-1.366753e+01
7.100000e-07	2.179793e-02	-1.372216e+01
7.200000e-07	3.354492e-02	-1.375527e+01
7.300000e-07	2.367247e-02	-1.378752e+01
7.400000e-07	2.088443e-02	-1.389005e+01
7.500000e-07	2.040742e-02	-1.388178e+01
7.600000e-07	3.193234e-02	-1.391381e+01
7.700000e-07	3.213318e-02	-1.393441e+01
7.800000e-07	2.462093e-02	-1.395552e+01
7.900000e-07	2.307611e-02	-1.393754e+01
8.000000e-07	3.013429e-02	-1.398999e+01
8.100000e-07	4.076789e-02	-1.402859e+01
8.200000e-07	3.682487e-02	-1.399956e+01
8.300000e-07	3.295998e-02	-1.397554e+01
8.400000e-07	3.237518e-02	-1.398804e+01
8.500000e-07	4.227886e-02	-1.396799e+01
8.600000e-07	4.443482e-02	-1.395451e+01
8.700000e-07	3.891841e-02	-1.389391e+01
8.800000e-07	3.708849e-02	-1.391186e+01
8.900000e-07	4.325058e-02	-1.385875e+01
9.000000e-07	5.113780e-02	-1.378645e+01
9.100000e-07	4.842011e-02	-1.373428e+01
9.200000e-07	4.203165e-02	-1.371273e+01
9.300000e-07	4.028495e-02	-1.369168e+01
9.400000e-07	4.504609e-02	-1.361744e+01
9.500000e-07	4.583865e-02	-1.354233e+01
9.600000e-07	3.914714e-02	-1.348057e+01
9.700000e-07	3.375752e-02	-1.338751e+01
9.800000e-07	3.443284e-02	-1.329320e+01
9.900000e-07	3.723331e-02	-1.322855e+01
1.000000e-06	3.374340e-02	-1.314386e+01
1.010000e-06	2.671679e-02	-1.306808e+01
1.020000e-06	2.284143e-02	-1.297386e+01
1.030000e-06	2.622356e-02	-1.287016e+01
1.040000e-06	2.664609e-02	-1.278489e+01
1.050000e-06	2.083945e-02	-1.264007e+01
1.060000e-06	1.566078e-02	-1.252574e+01
1.070000e-06	1.581998e-02	-1.242752e+01
1.080000e-06	1.953688e-02	-1.227968e+01
1.090000e-06	1.794973e-02	-1.216431e+01
1.100000e-06	1.332188e-02	-1.203955e+01
1.110000e-06	1.003302e-02	-1.187022e+01
1.120000e-06	1.325636e-02	-1.170271e+01
1.130000e-06	1.391598e-02	-1.156534e+01
1.140000e-06	1.129939e-02	-1.141494e+01
1.150000e-06	6.078123e-03	-1.115652e+01
1.160000e-06	6.310834e-03	-1.104660e+01
1.170000e-06	9.108581e-03	-1.089863e+01
1.180000e-06	9.261897e-03	-1.075219e+01
1.190000e-06	5.612528e-03	-1.059437e+01
1.200000e-06	3.182536e-03	-1.042640e+01
1.210000e-06	5.217632e-03	-1.017745e+01
1.220000e-06	7.882504e-03	-1.001654e+01
1.230000e-06	5.629415e-03	-9.877004e+00
1.240000e-06	2.102209e-03	-9.669582e+00
1.250000e-06	2.166172e-03	-9.488607e+00
1.260000e-06	4.255678e-03	-9.261106e+00
1.270000e-06	3.725203e-03	-9.111110e+00
1.280000e-06	1.565669e-03	-8.930686e+00
1.290000e-06	3.998851e-05	-8.710084e+00
1.300000e-06	1.814706e-03	-8.481727e+00
1.310000e-06	3.682196e-03	-8.280035e+00
1.320000e-06	2.303360e-03	-8.098035e+00
1.330000e-06	-8.603260e-04	-7.860071e+00
1.340000e-06	-1.190732e-03	-7.588523e+00
1.350000e-06	1.077473e-04	-7.373838e+00
1.360000e-06	2.027147e-03	-7.173146e+00
1.370000e-06	-3.700861e-04	-6.911238e+00
1.380000e-06	-2.328410e-03	-6.658535e+00
1.390000e-06	-1.557609e-03	-6.468461e+00
1.400000e-06	1.069490e-03	-6.237927e+00
1.410000e-06	-6.096852e-04	-5.984345e+00
1.420000e-06	-1.826545e-03	-5.751119e+00
1.430000e-06	-4.737686e-03	-5.548139e+00
1.440000e-06	-4.492768e-04	-5.218500e+00
1.450000e-06	-1.425208e-03	-5.003218e+00
1.460000e-06	-1.546002e-03	-4.678002e+00
1.470000e-06	-4.666960e-03	-4.435832e+00
1.480000e-06	-2.157211e-03	-4.266405e+00
1.490000e-06	-2.719822e-03	-4.064725e+00
1.500000e-06	-2.740635e-03	-3.772242e+00
1.510000e-06	-4.812753e-03	-3.517985e+00
1.520000e-06	-6.136263e-03	-3.276960e+00
1.530000e-06	-3.126490e-03	-2.992324e+00
1.540000e-06	-3.429011e-03	-2.739464e+00
1.550000e-06	-3.083442e-03	-2.477937e+00
1.560000e-06	-5.681429e-03	-2.253901e+00
1.570000e-06	-3.682617e-03	-1.951620e+00
1.580000e-06	-4.233846e-03	-1.758515e+00
1.590000e-06	-4.541227e-03	-1.485885e+00
1.600000e-06	-7.961568e-03	-1.160118e+00
1.610000e-06	-6.898630e-03	-9.563621e-01
1.620000e-06	-6.622043e-03	-7.258268e-01
1.630000e-06	-3.233269e-03	-3.610989e-01
1.640000e-06	-4.552983e-03	-1.484454e-01
1.650000e-06	-3.161066e-06	9.261177e-02
1.660000e-06	4.579222e-03	3.873972e-01
1.670000e-06	-4.204554e-03	5.999262e-01
1.680000e-06	4.189462e-03	7.989499e-01
1.690000e-06	-7.447097e-03	1.113663e+00
1.700000e-06	-1.612802e-03	1.335716e+00
1.710000e-06	-4.546984e-03	1.693458e+00
1.720000e-06	1.323681e-02	1.843058e+00
1.730000e-06	4.907566e-02	2.042628e+00
1.740000e-06	6.277308e-02	2.329396e+00
1.750000e-06	-8.321207e-02	2.662284e+00
1.760000e-06	-1.833278e-02	2.966345e+00
1.770000e-06	-4.300061e-02	3.178946e+00
1.780000e-06	-4.523091e-02	3.409648e+00
1.790000e-06	-6.330457e-02	3.612044e+00
1.800000e-06	1.515544e-01	3.750494e+00
1.810000e-06	-1.264632e-01	4.093154e+00
1.820000e-06	2.806927e-02	4.314833e+00
1.830000e-06	1.140588e-01	4.579968e+00
1.840000e-06	-1.051145e-01	4.802073e+00
1.850000e-06	7.291098e-02	5.034185e+00
1.860000e-06	-7.516058e-02	5.359494e+00
1.870000e-06	-1.625098e-02	5.602000e+00
1.880000e-06	2.915271e-02	5.876175e+00
1.890000e-06	-3.664850e-02	6.126865e+00
1.900000e-06	3.750088e-02	6.308439e+00
1.910000e-06	-4.265184e-02	6.539419e+00
1.920000e-06	3.482188e-03	6.822024e+00
1.930000e-06	-8.393614e-04	7.064801e+00
1.940000e-06	-2.148087e-02	7.214330e+00
1.950000e-06	2.312447e-02	7.579032e+00
1.960000e-06	-6.878616e-02	7.730992e+00
1.970000e-06	5.839884e-02	8.061301e+00
1.980000e-06	-2.951084e-02	8.252777e+00
1.990000e-06	-8.189371e-03	8.393071e+00
2.000000e-06	-1.274817e-02	8.582723e+00
2.010000e-06	-2.415039e-02	8.760744e+00
2.020000e-06	1.437909e-02	8.963219e+00
2.030000e-06	-1.897840e-02	9.202767e+00
2.040000e-06	5.184161e-03	9.372192e+00
2.050000e-06	-2.974285e-02	9.542172e+00
2.060000e-06	3.942767e-03	9.723217e+00
2.070000e-06	-1.002283e-02	9.991538e+00
2.080000e-06	-1.771772e-02	1.013069e+01
2.090000e-06	-1.799396e-02	1.030951e+01
2.100000e-06	-1.938576e-02	1.048901e+01
2.110000e-06	2.630932e-03	1.068048e+01
2.120000e-06	-7.633861e-03	1.085530e+01
2.130000e-06	-1.341158e-02	1.098427e+01
2.140000e-06	-2.267014e-02	1.112011e+01
2.150000e-06	-1.099762e-02	1.133221e+01
2.160000e-06	-1.101244e-02	1.151111e+01
2.170000e-06	-1.535455e-02	1.165942e+01
2.180000e-06	-2.332736e-02	1.183577e+01
2.190000e-06	-1.744396e-02	1.192271e+01
2.200000e-06	-8.299579e-03	1.207152e+01
2.210000e-06	-9.248342e-03	1.219584e+01
2.220000e-06	-2.194932e-02	1.233168e+01
2.230000e-06	-2.419671e-02	1.247912e+01
2.240000e-06	-1.908212e-02	1.254477e+01
2.250000e-06	-1.321819e-02	1.267742e+01
2.260000e-06	-2.046672e-02	1.273289e+01
2.270000e-06	-2.681655e-02	1.284111e+01
2.280000e-06	-2.300085e-02	1.295682e+01
2.290000e-06	-1.868501e-02	1.309013e+01
2.300000e-06	-1.514947e-02	1.317332e+01
2.310000e-06	-2.627930e-02	1.325252e+01
2.320000e-06	-2.628547e-02	1.332219e+01
2.330000e-06	-2.452709e-02	1.342636e+01
2.340000e-06	-2.047081e-02	1.347960e+01
2.350000e-06	-2.605821e-02	1.354281e+01
2.360000e-06	-3.212965e-02	1.354752e+01
2.370000e-06	-3.132085e-02	1.364158e+01
2.380000e-06	-2.798005e-02	1.370365e+01
2.390000e-06	-2.559720e-02	1.374589e+01
2.400000e-06	-3.385785e-02	1.378792e+01
2.410000e-06	-3.296795e-02	1.383007e+01
2.420000e-06	-3.400271e-02	1.388110e+01
2.430000e-06	-2.879341e-02	1.386125e+01
2.440000e-06	-3.478438e-02	1.390330e+01
2.450000e-06	-4.071210e-02	1.392381e+01
2.460000e-06	-4.288600e-02	1.393383e+01
2.470000e-06	-3.980349e-02	1.393651e+01
2.480000e-06	-3.755531e-02	1.397283e+01
2.490000e-06	-4.294143e-02	1.392595e+01
2.500000e-06	-4.577984e-02	1.389178e+01
2.510000e-06	-4.726849e-02	1.390278e+01
2.520000e-06	-4.405753e-02	1.387922e+01
2.530000e-06	-4.847681e-02	1.384070e+01
2.540000e-06	-5.345259e-02	1.382962e+01
2.550000e-06	-5.539698e-02	1.378751e+01
2.560000e-06	-5.069337e-02	1.373686e+01
2.570000e-06	-4.897848e-02	1.367376e+01
2.580000e-06	-5.233633e-02	1.363965e+01
2.590000e-06	-5.401093e-02	1.358857e+01
2.600000e-06	-5.253177e-02	1.353536e+01
2.610000e-06	-4.678378e-02	1.347962e+01
2.620000e-06	-4.606493e-02	1.340541e+01
2.630000e-06	-4.588875e-02	1.329218e+01
2.640000e-06	-4.526863e-02	1.322810e+01
2.650000e-06	-3.974907e-02	1.317484e+01
2.660000e-06	-3.617802e-02	1.306962e+01
2.670000e-06	-3.676293e-02	1.294639e+01
2.680000e-06	-3.600858e-02	1.285220e+01
2.690000e-06	-3.460258e-02	1.275539e+01
2.700000e-06	-2.793954e-02	1.264905e+01
2.710000e-06	-2.800418e-02	1.258376e+01
2.720000e-06	-2.852071e-02	1.247053e+01
2.730000e-06	-2.750002e-02	1.239476e+01
2.740000e-06	-2.551236e-02	1.221684e+01
2.750000e-06	-2.092788e-02	1.210260e+01
2.760000e-06	-2.266223e-02	1.196641e+01
2.770000e-06	-2.115868e-02	1.181694e+01
2.780000e-06	-2.186456e-02	1.165860e+01
2.790000e-06	-1.807532e-02	1.152225e+01
2.800000e-06	-1.930344e-02	1.130328e+01
2.810000e-06	-1.805652e-02	1.117546e+01
2.820000e-06	-1.966532e-02	1.102540e+01
2.830000e-06	-1.670016e-02	1.085951e+01
2.840000e-06	-1.538590e-02	1.072115e+01
2.850000e-06	-1.496420e-02	1.050378e+01
2.860000e-06	-1.629312e-02	1.035231e+01
2.870000e-06	-1.601158e-02	1.016379e+01
2.880000e-06	-1.302797e-02	1.001436e+01
2.890000e-06	-1.266075e-02	9.776438e+00
2.900000e-06	-1.254098e-02	9.597542e+00
2.910000e-06	-1.497402e-02	9.425369e+00
2.920000e-06	-1.220409e-02	9.266427e+00
2.930000e-06	-1.161684e-02	9.035474e+00
2.940000e-06	-1.085599e-02	8.836466e+00
2.950000e-06	-1.257581e-02	8.625395e+00
2.960000e-06	-1.239145e-02	8.416904e+00
2.970000e-06	-1.041571e-02	8.244421e+00
2.980000e-06	-9.493576e-03	7.993372e+00
2.990000e-06	-1.076273e-02	7.786294e+00
3.000000e-06	-1.143679e-02	7.583185e+00
3.010000e-06	-1.133010e-02	7.290710e+00
3.020000e-06	-8.899983e-03	7.097935e+00
3.030000e-06	-8.274258e-03	6.909006e+00
3.040000e-06	-1.105281e-02	6.636976e+00
3.050000e-06	-9.057852e-03	6.404795e+00
3.060000e-06	-1.095575e-02	6.192768e+00
3.070000e-06	-4.655049e-03	6.022169e+00
3.080000e-06	-7.821168e-03	5.711584e+00
3.090000e-06	-8.637942e-03	5.487408e+00
3.100000e-06	-8.899930e-03	5.225893e+00
3.110000e-06	-9.591050e-03	4.929635e+00
3.120000e-06	-7.893943e-03	4.637355e+00
3.130000e-06	-9.290215e-03	4.424773e+00
3.140000e-06	-8.608434e-03	4.173145e+00
3.150000e-06	-6.698300e-03	3.918986e+00
3.160000e-06	-5.399415e-03	3.657887e+00
3.170000e-06	-3.792768e-03	3.444378e+00
3.180000e-06	-7.377168e-03	3.152094e+00
3.190000e-06	-7.632018e-03	2.938487e+00
3.200000e-06	-9.007408e-03	2.717512e+00
3.210000e-06	-6.811345e-03	2.403649e+00
3.220000e-06	-7.547165e-03	2.170042e+00
3.230000e-06	-6.646103e-03	1.968961e+00
3.240000e-06	-5.231560e-03	1.675433e+00
3.250000e-06	-3.316037e-03	1.411645e+00
3.260000e-06	-4.191795e-03	1.158036e+00
3.270000e-06	-4.781309e-03	8.336503e-01
3.280000e-06	-6.945949e-03	5.504923e-01
3.290000e-06	-6.253947e-03	3.789659e-01
3.300000e-06	-3.387589e-03	3.462889e-02
3.310000e-06	-2.245568e-03	-1.778526e-01
3.320000e-06	6.345174e-03	-3.999512e-01
3.330000e-06	-6.415501e-03	-7.026830e-01
3.340000e-06	5.438734e-03	-9.467409e-01
3.350000e-06	-3.833449e-03	-1.134897e+00
3.360000e-06	3.758448e-03	-1.441632e+00
3.370000e-06	-3.478698e-03	-1.661657e+00
3.380000e-06	3.486020e-02	-1.904086e+00
3.390000e-06	1.057726e-01	-2.055119e+00
3.400000e-06	-5.753301e-02	-2.503192e+00
3.410000e-06	-2.174919e-02	-2.831052e+00
3.420000e-06	-4.483610e-02	-3.109394e+00
3.430000e-06	-5.101504e-02	-3.294788e+00
3.440000e-06	-4.988810e-02	-3.464183e+00
3.450000e-06	1.991059e-01	-3.579970e+00
3.460000e-06	-1.857451e-01	-3.914890e+00
3.470000e-06	1.250473e-01	-4.158493e+00
3.480000e-06	1.934892e-02	-4.337893e+00
3.490000e-06	-9.148092e-02	-4.615108e+00
3.500000e-06	1.667401e-01	-4.846809e+00
3.510000e-06	-1.760202e-01	-5.125973e+00
3.520000e-06	1.433847e-02	-5.495805e+00
3.530000e-06	6.004848e-02	-5.642707e+00
3.540000e-06	-7.632887e-02	-5.960465e+00
3.550000e-06	1.675636e-01	-6.159638e+00
3.560000e-06	-1.528172e-01	-6.432622e+00
3.570000e-06	8.653969e-02	-6.664781e+00
3.580000e-06	-5.188839e-03	-6.835103e+00
3.590000e-06	-3.147312e-02	-7.131569e+00
3.600000e-06	8.174088e-02	-7.337988e+00
3.610000e-06	-1.591907e-01	-7.582169e+00
3.620000e-06	1.738319e-01	-7.827432e+00
3.630000e-06	-7.818405e-02	-8.043777e+00
3.640000e-06	5.957518e-02	-8.299385e+00
3.650000e-06	-1.708735e-02	-8.433775e+00
3.660000e-06	-5.877253e-02	-8.708509e+00
3.670000e-06	1.020765e-01	-8.888880e+00
3.680000e-06	-7.174069e-02	-9.118912e+00
3.690000e-06	9.484323e-02	-9.297004e+00
3.700000e-06	-9.009524e-02	-9.447934e+00
3.710000e-06	6.875331e-02	-9.687382e+00
3.720000e-06	2.206156e-04	-9.854851e+00
3.730000e-06	7.695802e-03	-9.995424e+00
3.740000e-06	6.887582e-03	-1.021485e+01
3.750000e-06	-4.534811e-02	-1.042481e+01
3.760000e-06	7.187682e-02	-1.057327e+01
3.770000e-06	-2.265044e-02	-1.071062e+01
3.780000e-06	4.921683e-02	-1.087106e+01
3.790000e-06	-4.460386e-02	-1.106788e+01
3.800000e-06	3.952681e-02	-1.122837e+01
3.810000e-06	3.513394e-03	-1.138480e+01
3.820000e-06	2.368636e-02	-1.153679e+01
3.830000e-06	-6.483204e-03	-1.171219e+01
3.840000e-06	-3.992646e-03	-1.189068e+01
3.850000e-06	2.910224e-02	-1.206745e+01
3.860000e-06	1.562760e-02	-1.217374e+01
3.870000e-06	2.234185e-02	-1.230111e+01
3.880000e-06	-1.260707e-02	-1.241597e+01
3.890000e-06	2.232060e-02	-1.253366e+01
3.900000e-06	1.475064e-02	-1.264900e+01
3.910000e-06	2.664258e-02	-1.276374e+01
3.920000e-06	-2.181479e-03	-1.288911e+01
3.930000e-06	8.027351e-03	-1.300427e+01
3.940000e-06	1.783278e-02	-1.305848e+01
3.950000e-06	2.903424e-02	-1.311476e+01
3.960000e-06	1.611084e-02	-1.325008e+01
3.970000e-06	7.200874e-03	-1.334416e+01
3.980000e-06	1.706813e-02	-1.339634e+01
3.990000e-06	2.821065e-02	-1.349060e+01
4.000000e-06	2.817780e-02	-1.357479e+01
4.010000e-06	1.265682e-02	-1.359700e+01
4.020000e-06	9.574625e-03	-1.362966e+01
4.030000e-06	2.189512e-02	-1.371277e+01
4.040000e-06	3.112562e-02	-1.375541e+01
4.050000e-06	2.431463e-02	-1.378707e+01
4.060000e-06	2.008580e-02	-1.388065e+01
4.070000e-06	2.114442e-02	-1.390281e+01
4.080000e-06	3.763227e-02	-1.390591e+01
4.090000e-06	3.382578e-02	-1.393391e+01
4.100000e-06	2.451355e-02	-1.393702e+01
4.110000e-06	1.915003e-02	-1.397852e+01
4.120000e-06	2.764432e-02	-1.398901e+01
4.130000e-06	4.043081e-02	-1.401905e+01
4.140000e-06	3.713280e-02	-1.398907e+01
4.150000e-06	3.365616e-02	-1.398807e+01
4.160000e-06	3.389612e-02	-1.397797e+01
4.170000e-06	4.569423e-02	-1.396804e+01
4.180000e-06	4.677828e-02	-1.393647e+01
4.190000e-06	3.811940e-02	-1.390334e+01
4.200000e-06	3.531704e-02	-1.390235e+01
4.210000e-06	4.001880e-02	-1.381905e+01
4.220000e-06	5.066342e-02	-1.375597e+01
4.230000e-06	4.874153e-02	-1.373694e+01
4.240000e-06	4.222529e-02	-1.369068e+01
4.250000e-06	3.933522e-02	-1.367108e+01
4.260000e-06	4.729277e-02	-1.363802e+01
4.270000e-06	4.833362e-02	-1.356383e+01
4.280000e-06	3.929261e-02	-1.344807e+01
4.290000e-06	3.139259e-02	-1.334644e+01
4.300000e-06	3.275619e-02	-1.329371e+01
4.310000e-06	3.734744e-02	-1.321902e+01
4.320000e-06	3.358407e-02	-1.314186e+01
4.330000e-06	2.603364e-02	-1.304855e+01
4.340000e-06	2.136506e-02	-1.294429e+01
4.350000e-06	2.661789e-02	-1.286860e+01
4.360000e-06	2.791726e-02	-1.276382e+01
4.370000e-06	2.207864e-02	-1.264855e+01
4.380000e-06	1.500815e-02	-1.251373e+01
4.390000e-06	1.470602e-02	-1.242592e+01
4.400000e-06	1.914492e-02	-1.225815e+01
4.410000e-06	1.777360e-02	-1.214424e+01
4.420000e-06	1.233750e-02	-1.199757e+01
4.430000e-06	8.094886e-03	-1.186912e+01
4.440000e-06	1.260255e-02	-1.169205e+01
4.450000e-06	1.639083e-02	-1.157528e+01
4.460000e-06	1.154326e-02	-1.137439e+01
4.470000e-06	5.945282e-03	-1.117744e+01
4.480000e-06	5.626546e-03	-1.102700e+01
4.490000e-06	1.042542e-02	-1.089843e+01
4.500000e-06	9.734251e-03	-1.069114e+01
4.510000e-06	5.078554e-03	-1.054424e+01
4.520000e-06	2.177284e-03	-1.037532e+01
4.530000e-06	4.832980e-03	-1.022642e+01
4.540000e-06	8.249338e-03	-1.000592e+01
4.550000e-06	6.075657e-03	-9.835374e+00
4.560000e-06	2.350243e-03	-9.668076e+00
4.570000e-06	1.664253e-03	-9.479499e+00
4.580000e-06	4.515817e-03	-9.227557e+00
4.590000e-06	4.902285e-03	-9.047531e+00
4.600000e-06	1.881401e-03	-8.909111e+00
4.610000e-06	-3.870925e-04	-8.639503e+00
4.620000e-06	1.004770e-03	-8.447475e+00
4.630000e-06	4.183082e-03	-8.267401e+00
4.640000e-06	2.885068e-03	-8.057456e+00
4.650000e-06	-2.603623e-04	-7.884946e+00
4.660000e-06	-1.797942e-03	-7.616842e+00
4.670000e-06	1.167150e-03	-7.302213e+00
4.680000e-06	2.511733e-03	-7.170167e+00
4.690000e-06	3.313923e-04	-6.880532e+00
4.700000e-06	-2.530481e-03	-6.686505e+00
4.710000e-06	-2.375949e-03	-6.465929e+00
4.720000e-06	6.606020e-04	-6.204321e+00
4.730000e-06	1.855086e-05	-5.991167e+00
4.740000e-06	-1.922782e-03	-5.730564e+00
4.750000e-06	-5.461829e-03	-5.508508e+00
4.760000e-06	-1.439711e-03	-5.234802e+00
4.770000e-06	-1.187363e-03	-4.920593e+00
4.780000e-06	-7.813729e-04	-4.664307e+00
4.790000e-06	-4.586156e-03	-4.444756e+00
4.800000e-06	-3.476493e-03	-4.254226e+00
4.810000e-06	-2.376162e-03	-4.008148e+00
4.820000e-06	-3.703428e-03	-3.739566e+00
4.830000e-06	-4.901861e-03	-3.517440e+00
4.840000e-06	-6.611378e-03	-3.235332e+00
4.850000e-06	-3.756253e-03	-2.963198e+00
4.860000e-06	-3.760921e-03	-2.698511e+00
4.870000e-06	-2.563099e-03	-2.474731e+00
4.880000e-06	-6.090846e-03	-2.236347e+00
4.890000e-06	-4.159830e-03	-1.958491e+00
4.900000e-06	-3.536775e-03	-1.717429e+00
4.910000e-06	-4.197028e-03	-1.463325e+00
4.920000e-06	-8.190191e-03	-1.148467e+00
4.930000e-06	-7.574697e-03	-9.269106e-01
4.940000e-06	-5.951625e-03	-6.231264e-01
4.950000e-06	-4.031109e-03	-3.884874e-01
4.960000e-06	-3.891083e-03	-9.691337e-02
4.970000e-06	9.345151e-04	8.569815e-02
4.980000e-06	3.945560e-03	3.694975e-01
4.990000e-06	-3.684384e-03	6.189788e-01
5.000000e-06	2.037521e-03	8.220540e-01
5.010000e-06	-6.220360e-03	1.144238e+00
5.020000e-06	-2.338268e-03	1.347871e+00
5.030000e-06	-4.622801e-03	1.664232e+00
5.040000e-06	1.595016e-02	1.903639e+00
5.050000e-06	5.759451e-02	2.043185e+00
5.060000e-06	4.754463e-02	2.380023e+00
5.070000e-06	-8.344718e-02	2.725312e+00
5.080000e-06	-1.915880e-02	2.968944e+00
5.090000e-06	-3.954737e-02	3.210023e+00
5.100000e-06	-5.558789e-02	3.422649e+00
5.110000e-06	-4.068346e-02	3.601503e+00
5.120000e-06	1.507793e-01	3.812524e+00
5.130000e-06	-1.580905e-01	4.084330e+00
5.140000e-06	8.109251e-02	4.286389e+00
5.150000e-06	7.249440e-02	4.559496e+00
5.160000e-06	-8.983180e-02	4.794602e+00
5.170000e-06	7.101358e-02	5.076411e+00
5.180000e-06	-8.844051e-02	5.381074e+00
5.190000e-06	3.702274e-03	5.591699e+00
5.200000e-06	1.806387e-02	5.864861e+00
5.210000e-06	-3.173220e-02	6.137965e+00
5.220000e-06	3.752829e-02	6.339945e+00
5.230000e-06	-4.849070e-02	6.602672e+00
5.240000e-06	1.510139e-02	6.814703e+00
5.250000e-06	-1.273606e-02	7.094253e+00
5.260000e-06	-1.034029e-02	7.290059e+00
5.270000e-06	1.246250e-02	7.538489e+00
5.280000e-06	-6.129133e-02	7.773670e+00
5.290000e-06	6.411501e-02	8.014231e+00
5.300000e-06	-4.369435e-02	8.265855e+00
5.310000e-06	3.030111e-03	8.413650e+00
5.320000e-06	-2.183258e-02	8.631797e+00
5.330000e-06	-1.417518e-02	8.803273e+00
5.340000e-06	1.010609e-02	8.995249e+00
5.350000e-06	-1.948156e-02	9.224748e+00
5.360000e-06	4.417474e-03	9.433300e+00
5.370000e-06	-3.065958e-02	9.543693e+00
5.380000e-06	8.658284e-03	9.803296e+00
5.390000e-06	-1.660020e-02	9.983216e+00
5.400000e-06	-1.301416e-02	1.018169e+01
5.410000e-06	-2.108747e-02	1.037301e+01
5.420000e-06	-1.400639e-02	1.049056e+01
5.430000e-06	4.520034e-04	1.069953e+01
5.440000e-06	-9.749199e-03	1.083685e+01
5.450000e-06	-1.439704e-02	1.100547e+01
5.460000e-06	-2.302320e-02	1.114417e+01
5.470000e-06	-9.228702e-03	1.134468e+01
5.480000e-06	-1.422952e-02	1.148366e+01
5.490000e-06	-1.451911e-02	1.167053e+01
5.500000e-06	-2.329755e-02	1.183484e+01
5.510000e-06	-1.397544e-02	1.193219e+01
5.520000e-06	-1.087968e-02	1.208101e+01
5.530000e-06	-1.064351e-02	1.221639e+01
5.540000e-06	-2.284731e-02	1.237269e+01
5.550000e-06	-2.222717e-02	1.246903e+01
5.560000e-06	-1.715271e-02	1.255534e+01
5.570000e-06	-1.682936e-02	1.266745e+01
5.580000e-06	-2.037770e-02	1.276639e+01
5.590000e-06	-2.691862e-02	1.285068e+01
5.600000e-06	-1.993744e-02	1.299585e+01
5.610000e-06	-1.975609e-02	1.306165e+01
5.620000e-06	-1.758154e-02	1.320436e+01
5.630000e-06	-2.715536e-02	1.329108e+01
5.640000e-06	-2.499851e-02	1.330321e+01
5.650000e-06	-2.404704e-02	1.340634e+01
5.660000e-06	-2.104014e-02	1.343965e+01
5.670000e-06	-2.705638e-02	1.352241e+01
5.680000e-06	-3.222673e-02	1.358655e+01
5.690000e-06	-2.888713e-02	1.362862e+01
5.700000e-06	-2.784401e-02	1.369520e+01
5.710000e-06	-2.632319e-02	1.375486e+01
5.720000e-06	-3.534933e-02	1.384755e+01
5.730000e-06	-3.138190e-02	1.384915e+01
5.740000e-06	-3.169692e-02	1.385167e+01
5.750000e-06	-3.030083e-02	1.385263e+01
5.760000e-06	-3.723392e-02	1.390385e+01
5.770000e-06	-4.130933e-02	1.390428e+01
5.780000e-06	-4.060239e-02	1.393291e+01
5.790000e-06	-3.974862e-02	1.397749e+01
5.800000e-06	-3.953663e-02	1.394344e+01
5.810000e-06	-4.444653e-02	1.393443e+01
5.820000e-06	-4.422672e-02	1.393280e+01
5.830000e-06	-4.518732e-02	1.391033e+01
5.840000e-06	-4.539468e-02	1.386115e+01
5.850000e-06	-5.127259e-02	1.387972e+01
5.860000e-06	-5.399110e-02	1.376909e+01
5.870000e-06	-5.431164e-02	1.378752e+01
5.880000e-06	-5.024605e-02	1.370538e+01
5.890000e-06	-4.989895e-02	1.368225e+01
5.900000e-06	-5.345546e-02	1.364015e+01
5.910000e-06	-5.255783e-02	1.357802e+01
5.920000e-06	-5.098256e-02	1.356381e+01
5.930000e-06	-4.697609e-02	1.343912e+01
5.940000e-06	-4.806306e-02	1.339544e+01
5.950000e-06	-4.688548e-02	1.332224e+01
5.960000e-06	-4.454021e-02	1.323102e+01
5.970000e-06	-3.936757e-02	1.317339e+01
5.980000e-06	-3.703384e-02	1.304962e+01
5.990000e-06	-3.701491e-02	1.295533e+01
6.000000e-06	-3.527211e-02	1.285068e+01
6.010000e-06	-3.259054e-02	1.274581e+01
6.020000e-06	-2.866862e-02	1.268057e+01
6.030000e-06	-2.815741e-02	1.255426e+01
6.040000e-06	-2.976573e-02	1.244860e+01
6.050000e-06	-2.618419e-02	1.237376e+01
6.060000e-06	-2.570699e-02	1.220747e+01
6.070000e-06	-2.165802e-02	1.204118e+01
6.080000e-06	-2.372132e-02	1.194436e+01
6.090000e-06	-2.137633e-02	1.176644e+01
6.100000e-06	-2.127951e-02	1.167057e+01
6.110000e-06	-1.763877e-02	1.149968e+01
6.120000e-06	-1.877582e-02	1.131168e+01
6.130000e-06	-1.855342e-02	1.115284e+01
6.140000e-06	-1.901904e-02	1.097429e+01
6.150000e-06	-1.703604e-02	1.083948e+01
6.160000e-06	-1.576038e-02	1.069062e+01
6.170000e-06	-1.670644e-02	1.050373e+01
6.180000e-06	-1.616620e-02	1.033024e+01
6.190000e-06	-1.488508e-02	1.013229e+01
6.200000e-06	-1.277132e-02	9.993341e+00
6.210000e-06	-1.326119e-02	9.704839e+00
6.220000e-06	-1.289053e-02	9.583812e+00
6.230000e-06	-1.409218e-02	9.344817e+00
6.240000e-06	-1.266102e-02	9.215748e+00
6.250000e-06	-1.187190e-02	9.016365e+00
6.260000e-06	-1.201856e-02	8.794918e+00
6.270000e-06	-1.241317e-02	8.605319e+00
6.280000e-06	-1.253498e-02	8.426297e+00
6.290000e-06	-1.055119e-02	8.184923e+00
6.300000e-06	-1.011386e-02	7.985368e+00
6.310000e-06	-9.915785e-03	7.753767e+00
6.320000e-06	-1.075935e-02	7.553684e+00
6.330000e-06	-1.007034e-02	7.279629e+00
6.340000e-06	-1.037261e-02	7.087476e+00
6.350000e-06	-9.708278e-03	6.837453e+00
6.360000e-06	-1.031501e-02	6.604345e+00
6.370000e-06	-1.017019e-02	6.402743e+00
6.380000e-06	-8.990374e-03	6.171663e+00
6.390000e-06	-8.721424e-03	5.930641e+00
6.400000e-06	-8.656038e-03	5.678035e+00
6.410000e-06	-9.204629e-03	5.456903e+00
6.420000e-06	-7.989788e-03	5.195344e+00
6.430000e-06	-8.090476e-03	4.848932e+00
6.440000e-06	-7.602785e-03	4.625477e+00
6.450000e-06	-7.515343e-03	4.412697e+00
6.460000e-06	-8.004904e-03	4.162714e+00
6.470000e-06	-7.757431e-03	3.907509e+00
6.480000e-06	-6.438503e-03	3.645806e+00
6.490000e-06	-6.694317e-03	3.403854e+00
6.500000e-06	-7.378172e-03	3.161065e+00
6.510000e-06	-6.748668e-03	2.908011e+00
6.520000e-06	-7.115148e-03	2.697932e+00
6.530000e-06	-5.629740e-03	2.401043e+00
6.540000e-06	-6.558458e-03	2.148441e+00
6.550000e-06	-6.946260e-03	1.936432e+00
6.560000e-06	-6.310975e-03	1.684404e+00
6.570000e-06	-6.084124e-03	1.391567e+00
6.580000e-06	-5.404657e-03	1.087886e+00
6.590000e-06	-5.405107e-03	8.009451e-01
6.600000e-06	-5.463493e-03	5.284445e-01
6.610000e-06	-4.288859e-03	3.263871e-01
6.620000e-06	-1.886027e-03	4.262758e-02
6.630000e-06	4.993961e-04	-1.594314e-01
6.640000e-06	5.884431e-03	-4.420266e-01
6.650000e-06	-5.537944e-03	-6.932659e-01
6.660000e-06	3.261846e-03	-9.367975e-01
6.670000e-06	-4.545726e-03	-1.188424e+00
6.680000e-06	5.582355e-04	-1.452133e+00
6.690000e-06	-2.852838e-03	-1.663663e+00
6.700000e-06	4.188971e-02	-1.894190e+00
6.710000e-06	1.048626e-01	-2.145718e+00
6.720000e-06	-7.314330e-02	-2.547796e+00
6.730000e-06	-9.533016e-03	-2.854161e+00
6.740000e-06	-5.259610e-02	-3.166924e+00
6.750000e-06	-5.332841e-02	-3.317817e+00
6.760000e-06	-2.505283e-02	-3.475333e+00
6.770000e-06	1.832462e-01	-3.601075e+00
6.780000e-06	-2.039849e-01	-3.967440e+00
6.790000e-06	1.672372e-01	-4.160994e+00
6.800000e-06	-3.393619e-02	-4.327444e+00
6.810000e-06	-4.085892e-02	-4.706312e+00
6.820000e-06	1.434789e-01	-4.885312e+00
6.830000e-06	-1.912484e-01	-5.191521e+00
6.840000e-06	5.424393e-02	-5.514911e+00
6.850000e-06	2.400200e-02	-5.685309e+00
6.860000e-06	-4.925182e-02	-5.970543e+00
6.870000e-06	1.483670e-01	-6.131068e+00
6.880000e-06	-1.632048e-01	-6.454276e+00
6.890000e-06	1.183246e-01	-6.675857e+00
6.900000e-06	-4.073562e-02	-6.884335e+00
6.910000e-06	8.350950e-03	-7.180718e+00
6.920000e-06	4.793228e-02	-7.330519e+00
6.930000e-06	-1.345353e-01	-7.622750e+00
6.940000e-06	1.772940e-01	-7.867930e+00
6.950000e-06	-1.053493e-01	-8.086388e+00
6.960000e-06	8.620297e-02	-8.287959e+00
6.970000e-06	-5.301757e-02	-8.475703e+00
6.980000e-06	-2.060536e-02	-8.719112e+00
6.990000e-06	8.238912e-02	-8.919489e+00
7.000000e-06	-5.995436e-02	-9.090513e+00
7.010000e-06	9.051133e-02	-9.298637e+00
7.020000e-06	-9.773223e-02	-9.499054e+00
7.030000e-06	8.644963e-02	-9.699058e+00
7.040000e-06	-2.553929e-02	-9.866878e+00
7.050000e-06	2.479275e-02	-1.004750e+01
7.060000e-06	-1.192690e-02	-1.020683e+01
7.070000e-06	-2.327049e-02	-1.046638e+01
7.080000e-06	6.629384e-02	-1.059377e+01
7.090000e-06	-1.953249e-02	-1.076169e+01
7.100000e-06	4.673341e-02	-1.091918e+01
7.110000e-06	-4.787586e-02	-1.107963e+01
7.120000e-06	4.629971e-02	-1.127790e+01
7.130000e-06	-5.617933e-03	-1.140688e+01
7.140000e-06	2.811986e-02	-1.152534e+01
7.150000e-06	-1.435721e-02	-1.174471e+01
7.160000e-06	6.524171e-03	-1.190209e+01
7.170000e-06	2.746556e-02	-1.206798e+01
7.180000e-06	1.860978e-02	-1.222479e+01
7.190000e-06	1.722920e-02	-1.231063e+01
7.200000e-06	-1.303447e-02	-1.237905e+01
7.210000e-06	2.334406e-02	-1.255282e+01
7.220000e-06	1.499527e-02	-1.265003e+01
7.230000e-06	2.567934e-02	-1.280276e+01
7.240000e-06	-3.500240e-03	-1.289053e+01
7.250000e-06	1.234789e-02	-1.299482e+01
7.260000e-06	1.919881e-02	-1.307865e+01
7.270000e-06	3.021721e-02	-1.316496e+01
7.280000e-06	1.235260e-02	-1.324858e+01
7.290000e-06	9.897680e-03	-1.335331e+01
7.300000e-06	1.633318e-02	-1.340587e+01
7.310000e-06	2.909555e-02	-1.349020e+01
7.320000e-06	2.356158e-02	-1.357284e+01
7.330000e-06	1.139462e-02	-1.364645e+01
7.340000e-06	1.272000e-02	-1.369108e+01
7.350000e-06	2.492182e-02	-1.373281e+01
7.360000e-06	3.193228e-02	-1.377494e+01
7.370000e-06	2.201730e-02	-1.384007e+01
7.380000e-06	1.878466e-02	-1.384126e+01
7.390000e-06	2.284557e-02	-1.388333e+01
7.400000e-06	3.547034e-02	-1.394388e+01
7.410000e-06	3.129338e-02	-1.396591e+01
7.420000e-06	2.439433e-02	-1.396699e+01
7.430000e-06	2.254471e-02	-1.399657e+01
7.440000e-06	3.273665e-02	-1.393910e+01
7.450000e-06	3.997093e-02	-1.399909e+01
7.460000e-06	3.496594e-02	-1.400757e+01
7.470000e-06	3.034044e-02	-1.399854e+01
7.480000e-06	3.426401e-02	-1.397854e+01
7.490000e-06	4.470694e-02	-1.394697e+01
7.500000e-06	4.433539e-02	-1.392594e+01
7.510000e-06	3.811233e-02	-1.392489e+01
7.520000e-06	3.842113e-02	-1.390025e+01
7.530000e-06	4.561320e-02	-1.384773e+01
7.540000e-06	5.189602e-02	-1.379499e+01
7.550000e-06	4.627298e-02	-1.374596e+01
7.560000e-06	3.990402e-02	-1.370261e+01
7.570000e-06	4.018155e-02	-1.364953e+01
7.580000e-06	4.680138e-02	-1.361491e+01
7.590000e-06	4.509716e-02	-1.358223e+01
7.600000e-06	3.759292e-02	-1.349910e+01
7.610000e-06	3.344489e-02	-1.333534e+01
7.620000e-06	3.621216e-02	-1.328223e+01
7.630000e-06	3.758478e-02	-1.320957e+01
7.640000e-06	3.233137e-02	-1.314326e+01
7.650000e-06	2.348890e-02	-1.300859e+01
7.660000e-06	2.268933e-02	-1.297226e+01
7.670000e-06	2.658932e-02	-1.287850e+01
7.680000e-06	2.564996e-02	-1.273488e+01
7.690000e-06	1.948653e-02	-1.266850e+01
7.700000e-06	1.505846e-02	-1.248323e+01
7.710000e-06	1.805087e-02	-1.238539e+01
7.720000e-06	2.058516e-02	-1.224865e+01
7.730000e-06	1.744473e-02	-1.213269e+01
7.740000e-06	1.129918e-02	-1.201599e+01
7.750000e-06	9.791035e-03	-1.184812e+01
7.760000e-06	1.261703e-02	-1.165268e+01
7.770000e-06	1.406311e-02	-1.152184e+01
7.780000e-06	9.720020e-03	-1.134223e+01
7.790000e-06	6.134531e-03	-1.113537e+01
7.800000e-06	7.532461e-03	-1.098497e+01
7.810000e-06	1.060196e-02	-1.085893e+01
7.820000e-06	9.166450e-03	-1.071911e+01
7.830000e-06	4.703298e-03	-1.056374e+01
7.840000e-06	2.983698e-03	-1.039391e+01
7.850000e-06	5.927530e-03	-1.011539e+01
7.860000e-06	8.597487e-03	-9.995418e+00
7.870000e-06	4.702611e-03	-9.815867e+00
7.880000e-06	2.302806e-03	-9.617905e+00
7.890000e-06	2.291828e-03	-9.446945e+00
7.900000e-06	4.346991e-03	-9.238554e+00
7.910000e-06	4.422910e-03	-9.027427e+00
7.920000e-06	1.846843e-03	-8.868524e+00
7.930000e-06	-1.422875e-04	-8.648049e+00
7.940000e-06	2.621243e-03	-8.416974e+00
7.950000e-06	3.357140e-03	-8.266350e+00
7.960000e-06	1.414257e-03	-8.026452e+00
7.970000e-06	-1.061648e-03	-7.826365e+00
7.980000e-06	-1.227817e-03	-7.553388e+00
7.990000e-06	1.288697e-03	-7.320615e+00
8.000000e-06	1.283174e-03	-7.119058e+00
8.010000e-06	-4.414191e-04	-6.867531e+00
8.020000e-06	-1.659386e-03	-6.626825e+00
8.030000e-06	-1.055975e-03	-6.435400e+00
8.040000e-06	4.235062e-05	-6.205821e+00
8.050000e-06	-6.531775e-04	-5.921114e+00
8.060000e-06	-3.005411e-03	-5.667511e+00
8.070000e-06	-3.829896e-03	-5.477884e+00
8.080000e-06	-1.467606e-03	-5.184697e+00
8.090000e-06	-2.902418e-03	-4.910656e+00
8.100000e-06	-2.279828e-03	-4.611721e+00
8.110000e-06	-4.531683e-03	-4.444200e+00
8.120000e-06	-3.150189e-03	-4.193771e+00
8.130000e-06	-1.660783e-03	-3.980621e+00
8.140000e-06	-3.487569e-03	-3.689057e+00
8.150000e-06	-5.103620e-03	-3.474832e+00
8.160000e-06	-5.934634e-03	-3.233227e+00
8.170000e-06	-2.965604e-03	-2.931140e+00
8.180000e-06	-3.894493e-03	-2.726332e+00
8.190000e-06	-3.632843e-03	-2.425782e+00
8.200000e-06	-6.811804e-03	-2.171723e+00
8.210000e-06	-4.480184e-03	-1.938890e+00
8.220000e-06	-4.644865e-03	-1.676332e+00
8.230000e-06	-4.775424e-03	-1.403843e+00
8.240000e-06	-8.230444e-03	-1.097886e+00
8.250000e-06	-6.608370e-03	-8.942303e-01
8.260000e-06	-4.382692e-03	-6.012262e-01
8.270000e-06	-3.927903e-03	-3.269410e-01
8.280000e-06	-4.094772e-03	-8.536185e-02
8.290000e-06	6.113528e-04	1.376732e-01
8.300000e-06	6.818115e-04	4.014762e-01
8.310000e-06	-2.464005e-03	6.315365e-01
8.320000e-06	8.537361e-04	8.730819e-01
8.330000e-06	-4.911126e-03	1.165866e+00
8.340000e-06	-2.615570e-03	1.370316e+00
8.350000e-06	-2.408969e-03	1.726816e+00
8.360000e-06	1.873266e-02	1.885288e+00
8.370000e-06	6.467072e-02	2.125840e+00
8.380000e-06	2.689380e-02	2.370027e+00
8.390000e-06	-7.869595e-02	2.745366e+00
8.400000e-06	-2.221585e-02	2.989050e+00
8.410000e-06	-3.377899e-02	3.241503e+00
8.420000e-06	-6.841975e-02	3.464129e+00
8.430000e-06	-1.351744e-02	3.621074e+00
8.440000e-06	1.404843e-01	3.833104e+00
8.450000e-06	-1.777418e-01	4.126438e+00
8.460000e-06	1.261428e-01	4.368889e+00
8.470000e-06	2.782670e-02	4.612175e+00
8.480000e-06	-6.686985e-02	4.824621e+00
8.490000e-06	6.269916e-02	5.118966e+00
8.500000e-06	-9.407179e-02	5.382676e+00
8.510000e-06	1.976922e-02	5.623624e+00
8.520000e-06	6.262252e-03	5.897860e+00
8.530000e-06	-2.406852e-02	6.148993e+00
8.540000e-06	3.236599e-02	6.339543e+00
8.550000e-06	-5.135644e-02	6.674771e+00
8.560000e-06	2.427830e-02	6.833781e+00
8.570000e-06	-2.454276e-02	7.045832e+00
8.580000e-06	1.306383e-03	7.279409e+00
8.590000e-06	-8.580937e-04	7.561040e+00
8.600000e-06	-4.947456e-02	7.822847e+00
8.610000e-06	6.513570e-02	8.087333e+00
8.620000e-06	-5.198976e-02	8.275386e+00
8.630000e-06	1.189250e-02	8.394280e+00
8.640000e-06	-3.237032e-02	8.624777e+00
8.650000e-06	-4.298688e-03	8.835250e+00
8.660000e-06	4.510140e-03	9.026200e+00
8.670000e-06	-1.701295e-02	9.264850e+00
8.680000e-06	1.100717e-03	9.466800e+00
8.690000e-06	-3.176768e-02	9.603769e+00
8.700000e-06	1.208213e-02	9.836826e+00
8.710000e-06	-2.178120e-02	1.000280e+01
8.720000e-06	-9.625266e-03	1.019222e+01
8.730000e-06	-2.403605e-02	1.033261e+01
8.740000e-06	-1.004458e-02	1.055171e+01
8.750000e-06	-1.256543e-03	1.067013e+01
8.760000e-06	-1.060812e-02	1.087803e+01
8.770000e-06	-1.349426e-02	1.104587e+01
8.780000e-06	-2.375949e-02	1.117379e+01
8.790000e-06	-7.125647e-03	1.134429e+01
8.800000e-06	-1.746976e-02	1.154065e+01
8.810000e-06	-1.221525e-02	1.168898e+01
8.820000e-06	-2.425783e-02	1.184637e+01
8.830000e-06	-1.165796e-02	1.199282e+01
8.840000e-06	-1.193396e-02	1.210013e+01
8.850000e-06	-1.191879e-02	1.222837e+01
8.860000e-06	-2.371048e-02	1.236429e+01
8.870000e-06	-2.275644e-02	1.247006e+01
8.880000e-06	-1.539151e-02	1.256532e+01
8.890000e-06	-1.711958e-02	1.270111e+01
8.900000e-06	-2.057850e-02	1.278497e+01
8.910000e-06	-2.746360e-02	1.288213e+01
8.920000e-06	-1.950056e-02	1.299635e+01
8.930000e-06	-1.905252e-02	1.311015e+01
8.940000e-06	-1.723028e-02	1.317486e+01
8.950000e-06	-2.733588e-02	1.325051e+01
8.960000e-06	-2.475379e-02	1.331324e+01
8.970000e-06	-2.356823e-02	1.337650e+01
8.980000e-06	-2.281668e-02	1.352868e+01
8.990000e-06	-2.727338e-02	1.353349e+01
9.000000e-06	-3.367803e-02	1.357654e+01
9.010000e-06	-2.887068e-02	1.360958e+01
9.020000e-06	-2.852584e-02	1.370173e+01
9.030000e-06	-2.514259e-02	1.377586e+01
9.040000e-06	-3.494902e-02	1.377749e+01
9.050000e-06	-3.172053e-02	1.382010e+01
9.060000e-06	-3.235489e-02	1.386972e+01
9.070000e-06	-3.024842e-02	1.386273e+01
9.080000e-06	-3.712596e-02	1.387128e+01
9.090000e-06	-4.173817e-02	1.396586e+01
9.100000e-06	-4.114410e-02	1.398433e+01
9.110000e-06	-3.895423e-02	1.394393e+01
9.120000e-06	-3.908574e-02	1.394556e+01
9.130000e-06	-4.403659e-02	1.398286e+01
9.140000e-06	-4.557482e-02	1.394383e+01
9.150000e-06	-4.581382e-02	1.390367e+01
9.160000e-06	-4.540135e-02	1.390232e+01
9.170000e-06	-5.053867e-02	1.388063e+01
9.180000e-06	-5.427015e-02	1.379964e+01
9.190000e-06	-5.412960e-02	1.374644e+01
9.200000e-06	-5.107730e-02	1.372584e+01
9.210000e-06	-4.975902e-02	1.366275e+01
9.220000e-06	-5.323383e-02	1.360012e+01
9.230000e-06	-5.238878e-02	1.357647e+01
9.240000e-06	-4.970194e-02	1.352238e+01
9.250000e-06	-4.588958e-02	1.344867e+01
9.260000e-06	-4.585483e-02	1.336389e+01
9.270000e-06	-4.657542e-02	1.331223e+01
9.280000e-06	-4.455246e-02	1.325897e+01
9.290000e-06	-4.035036e-02	1.317423e+01
9.300000e-06	-3.683561e-02	1.304954e+01
9.310000e-06	-3.676494e-02	1.293436e+01
9.320000e-06	-3.483529e-02	1.284107e+01
9.330000e-06	-3.230314e-02	1.273492e+01
9.340000e-06	-2.806070e-02	1.265798e+01
9.350000e-06	-2.718713e-02	1.255321e+01
9.360000e-06	-2.934784e-02	1.244950e+01
9.370000e-06	-2.648178e-02	1.236225e+01
9.380000e-06	-2.589977e-02	1.215691e+01
9.390000e-06	-2.053157e-02	1.207015e+01
9.400000e-06	-2.278275e-02	1.189078e+01
9.410000e-06	-2.100996e-02	1.174436e+01
9.420000e-06	-2.198800e-02	1.163904e+01
9.430000e-06	-1.789665e-02	1.144163e+01
9.440000e-06	-1.842142e-02	1.125321e+01
9.450000e-06	-1.821941e-02	1.116326e+01
9.460000e-06	-1.951954e-02	1.096479e+01
9.470000e-06	-1.752313e-02	1.082687e+01
9.480000e-06	-1.551591e-02	1.070112e+01
9.490000e-06	-1.516361e-02	1.045168e+01
9.500000e-06	-1.582316e-02	1.028113e+01
9.510000e-06	-1.565521e-02	1.013273e+01
9.520000e-06	-1.289821e-02	9.952764e+00
9.530000e-06	-1.277354e-02	9.744710e+00
9.540000e-06	-1.258269e-02	9.562814e+00
9.550000e-06	-1.339001e-02	9.363792e+00
9.560000e-06	-1.253881e-02	9.213813e+00
9.570000e-06	-1.089775e-02	8.934918e+00
9.580000e-06	-1.197640e-02	8.804341e+00
9.590000e-06	-1.158825e-02	8.582689e+00
9.600000e-06	-1.298555e-02	8.405321e+00
9.610000e-06	-1.182555e-02	8.185343e+00
9.620000e-06	-1.011772e-02	7.972815e+00
9.630000e-06	-9.592255e-03	7.743614e+00
9.640000e-06	-1.013313e-02	7.530055e+00
9.650000e-06	-1.035857e-02	7.279002e+00
9.660000e-06	-9.603397e-03	7.044852e+00
9.670000e-06	-9.250332e-03	6.856826e+00
9.680000e-06	-9.791600e-03	6.535843e+00
9.690000e-06	-9.905219e-03	6.362189e+00
9.700000e-06	-8.560665e-03	6.121585e+00
9.710000e-06	-7.890365e-03	5.918586e+00
9.720000e-06	-7.306307e-03	5.666978e+00
9.730000e-06	-8.053790e-03	5.444326e+00
9.740000e-06	-8.564118e-03	5.192765e+00
9.750000e-06	-7.732425e-03	4.868948e+00
9.760000e-06	-7.379424e-03	4.615823e+00
9.770000e-06	-7.281939e-03	4.381644e+00
9.780000e-06	-9.826156e-03	4.130057e+00
9.790000e-06	-8.672497e-03	3.846407e+00
9.800000e-06	-7.636666e-03	3.665774e+00
9.810000e-06	-6.728292e-03	3.411749e+00
9.820000e-06	-4.872270e-03	3.108438e+00
9.830000e-06	-6.650148e-03	2.905881e+00
9.840000e-06	-4.523992e-03	2.634375e+00
9.850000e-06	-4.015497e-03	2.361039e+00
9.860000e-06	-5.611863e-03	2.076883e+00
9.870000e-06	-6.885034e-03	1.896884e+00
9.880000e-06	-1.022376e-02	1.603699e+00
9.890000e-06	-7.589275e-03	1.317488e+00
9.900000e-06	-6.160309e-03	1.045227e+00
9.910000e-06	-4.359622e-03	7.895185e-01
9.920000e-06	-3.957837e-03	5.468620e-01
9.930000e-06	-1.310432e-03	2.633591e-01
9.940000e-06	-1.061888e-03	-1.942606e-02
9.950000e-06	3.075009e-03	-2.305316e-01
9.960000e-06	1.703375e-03	-4.116067e-01
9.970000e-06	-7.821299e-03	-7.447961e-01
9.980000e-06	-1.971183e-03	-9.778749e-01
9.990000e-06	-3.049376e-03	-1.190478e+00
1.000000e-05	1.640423e-03	-1.504819e+00
1.001000e-05	1.644900e-03	-1.725267e+00
1.002000e-05	5.167507e-02	-1.925840e+00
1.003000e-05	9.864237e-02	-2.206879e+00
1.004000e-05	-8.249719e-02	-2.558902e+00
1.005000e-05	-3.684913e-03	-2.913693e+00
1.006000e-05	-6.133325e-02	-3.200495e+00
1.007000e-05	-6.180211e-02	-3.368366e+00
1.008000e-05	9.347013e-03	-3.506311e+00
1.009000e-05	1.543100e-01	-3.631081e+00
1.010000e-05	-2.150311e-01	-3.999500e+00
1.011000e-05	1.971753e-01	-4.180023e+00
1.012000e-05	-8.732201e-02	-4.382526e+00
1.013000e-05	1.129033e-02	-4.728916e+00
1.014000e-05	1.091498e-01	-4.897366e+00
1.015000e-05	-1.988021e-01	-5.213677e+00
1.016000e-05	8.586318e-02	-5.507407e+00
1.017000e-05	-1.112393e-02	-5.728388e+00
1.018000e-05	-1.022615e-02	-5.972170e+00
1.019000e-05	1.207068e-01	-6.151698e+00
1.020000e-05	-1.607828e-01	-6.494231e+00
1.021000e-05	1.383906e-01	-6.696409e+00
1.022000e-05	-7.210150e-02	-6.877391e+00
1.023000e-05	4.401428e-02	-7.202246e+00
1.024000e-05	6.592485e-03	-7.352193e+00
1.025000e-05	-1.038186e-01	-7.657328e+00
1.026000e-05	1.686337e-01	-7.900404e+00
1.027000e-05	-1.181726e-01	-8.109459e+00
1.028000e-05	1.067655e-01	-8.318964e+00
1.029000e-05	-8.521572e-02	-8.467038e+00
1.030000e-05	1.755912e-02	-8.781213e+00
1.031000e-05	5.787486e-02	-8.899564e+00
1.032000e-05	-4.031426e-02	-9.151063e+00
1.033000e-05	7.703592e-02	-9.301563e+00
1.034000e-05	-9.879889e-02	-9.520038e+00
1.035000e-05	9.623736e-02	-9.721084e+00
1.036000e-05	-4.200972e-02	-9.908409e+00
1.037000e-05	4.092153e-02	-1.003945e+01
1.038000e-05	-3.106539e-02	-1.023845e+01
1.039000e-05	-1.018123e-03	-1.047803e+01
1.040000e-05	5.497752e-02	-1.060585e+01
1.041000e-05	-1.082208e-02	-1.075332e+01
1.042000e-05	3.892765e-02	-1.092209e+01
1.043000e-05	-4.841470e-02	-1.107913e+01
1.044000e-05	4.924635e-02	-1.127915e+01
1.045000e-05	-1.077493e-02	-1.141690e+01
1.046000e-05	3.362063e-02	-1.158747e+01
1.047000e-05	-2.021252e-02	-1.174534e+01
1.048000e-05	1.642218e-02	-1.191321e+01
1.049000e-05	2.435735e-02	-1.209138e+01
1.050000e-05	2.226876e-02	-1.218392e+01
1.051000e-05	1.089864e-02	-1.232223e+01
1.052000e-05	-1.029976e-02	-1.242903e+01
1.053000e-05	2.259631e-02	-1.256430e+01
1.054000e-05	1.604692e-02	-1.267763e+01
1.055000e-05	2.396012e-02	-1.280677e+01
1.056000e-05	-3.768489e-03	-1.292071e+01
1.057000e-05	1.350596e-02	-1.302592e+01
1.058000e-05	2.168984e-02	-1.311913e+01
1.059000e-05	3.008141e-02	-1.318637e+01
1.060000e-05	1.019615e-02	-1.328058e+01
1.061000e-05	9.676625e-03	-1.333336e+01
1.062000e-05	1.711454e-02	-1.341842e+01
1.063000e-05	3.128817e-02	-1.346110e+01
1.064000e-05	2.222098e-02	-1.353540e+01
1.065000e-05	1.106869e-02	-1.363602e+01
1.066000e-05	1.290387e-02	-1.368261e+01
1.067000e-05	2.768519e-02	-1.372274e+01
1.068000e-05	3.147546e-02	-1.374487e+01
1.069000e-05	2.160456e-02	-1.380902e+01
1.070000e-05	1.695204e-02	-1.387963e+01
1.071000e-05	2.401416e-02	-1.389483e+01
1.072000e-05	3.659566e-02	-1.391486e+01
1.073000e-05	3.021769e-02	-1.393741e+01
1.074000e-05	2.213485e-02	-1.396500e+01
1.075000e-05	2.146225e-02	-1.398750e+01
1.076000e-05	3.555557e-02	-1.396907e+01
1.077000e-05	4.245792e-02	-1.403905e+01
1.078000e-05	3.568990e-02	-1.398652e+01
1.079000e-05	2.958307e-02	-1.396945e+01
1.080000e-05	3.498283e-02	-1.395859e+01
1.081000e-05	4.532336e-02	-1.397544e+01
1.082000e-05	4.423926e-02	-1.394704e+01
1.083000e-05	3.685966e-02	-1.392331e+01
1.084000e-05	3.693070e-02	-1.389175e+01
1.085000e-05	4.648822e-02	-1.383812e+01
1.086000e-05	5.197482e-02	-1.374594e+01
1.087000e-05	4.634192e-02	-1.375389e+01
1.088000e-05	3.869894e-02	-1.367171e+01
1.089000e-05	4.098059e-02	-1.365910e+01
1.090000e-05	4.688599e-02	-1.353544e+01
1.091000e-05	4.520196e-02	-1.353223e+01
1.092000e-05	3.668255e-02	-1.348907e+01
1.093000e-05	3.246444e-02	-1.336544e+01
1.094000e-05	3.597809e-02	-1.330311e+01
1.095000e-05	3.851154e-02	-1.319694e+01
1.096000e-05	3.283652e-02	-1.310236e+01
1.097000e-05	2.295126e-02	-1.298847e+01
1.098000e-05	2.265206e-02	-1.291174e+01
1.099000e-05	2.705245e-02	-1.283998e+01
1.100000e-05	2.611316e-02	-1.271236e+01
1.101000e-05	1.872732e-02	-1.259650e+01
1.102000e-05	1.335996e-02	-1.249368e+01
1.103000e-05	1.803968e-02	-1.237431e+01
1.104000e-05	2.121871e-02	-1.222797e+01
1.105000e-05	1.754444e-02	-1.214276e+01
1.106000e-05	1.018304e-02	-1.196736e+01
1.107000e-05	1.026314e-02	-1.176955e+01
1.108000e-05	1.418405e-02	-1.167015e+01
1.109000e-05	1.495419e-02	-1.149226e+01
1.110000e-05	9.820779e-03	-1.134323e+01
1.111000e-05	5.203258e-03	-1.114483e+01
1.112000e-05	7.195120e-03	-1.094594e+01
1.113000e-05	1.086060e-02	-1.083693e+01
1.114000e-05	7.881551e-03	-1.068056e+01
1.115000e-05	4.075586e-03	-1.051321e+01
1.116000e-05	3.564035e-03	-1.032186e+01
1.117000e-05	7.881472e-03	-1.011286e+01
1.118000e-05	7.890398e-03	-9.961269e+00
1.119000e-05	3.035249e-03	-9.794816e+00
1.120000e-05	2.343034e-03	-9.626450e+00
1.121000e-05	4.067190e-03	-9.417946e+00
1.122000e-05	4.784004e-03	-9.217926e+00
1.123000e-05	1.782771e-03	-9.066965e+00
1.124000e-05	1.634570e-03	-8.839504e+00
1.125000e-05	1.660665e-03	-8.586542e+00
1.126000e-05	3.330640e-03	-8.385395e+00
1.127000e-05	2.327939e-03	-8.205298e+00
1.128000e-05	8.193223e-04	-8.046371e+00
1.129000e-05	-9.019587e-04	-7.775345e+00
1.130000e-05	5.579321e-05	-7.540711e+00
1.131000e-05	3.061619e-04	-7.298081e+00
1.132000e-05	-1.975570e-04	-7.088929e+00
1.133000e-05	-7.168026e-04	-6.858052e+00
1.134000e-05	-1.446399e-03	-6.615746e+00
1.135000e-05	-5.865312e-05	-6.384696e+00
1.136000e-05	-6.101866e-04	-6.164192e+00
1.137000e-05	-7.359440e-04	-5.909488e+00
1.138000e-05	-2.640343e-03	-5.656906e+00
1.139000e-05	-3.237020e-03	-5.436929e+00
1.140000e-05	-1.853637e-03	-5.183772e+00
1.141000e-05	-1.917972e-03	-4.877430e+00
1.142000e-05	-2.549431e-03	-4.593548e+00
1.143000e-05	-3.956995e-03	-4.441623e+00
1.144000e-05	-3.002679e-03	-4.192167e+00
1.145000e-05	-1.461510e-03	-3.969066e+00
1.146000e-05	-4.535111e-03	-3.689431e+00
1.147000e-05	-4.586489e-03	-3.434805e+00
1.148000e-05	-6.490163e-03	-3.193199e+00
1.149000e-05	-3.175780e-03	-2.909035e+00
1.150000e-05	-4.661157e-03	-2.665355e+00
1.151000e-05	-2.773709e-03	-2.413749e+00
1.152000e-05	-5.456831e-03	-2.160190e+00
1.153000e-05	-3.894212e-03	-1.916915e+00
1.154000e-05	-4.590972e-03	-1.674803e+00
1.155000e-05	-4.265439e-03	-1.362743e+00
1.156000e-05	-7.176033e-03	-1.076332e+00
1.157000e-05	-6.851986e-03	-8.226027e-01
1.158000e-05	-5.751131e-03	-5.501162e-01
1.159000e-05	-4.509960e-03	-3.358606e-01
1.160000e-05	-3.630896e-03	-2.425409e-02
1.161000e-05	3.063538e-03	1.573472e-01
1.162000e-05	6.942429e-06	4.314814e-01
1.163000e-05	-5.621536e-04	7.025606e-01
1.164000e-05	-1.491368e-03	8.740867e-01
1.165000e-05	-4.254021e-03	1.179473e+00
1.166000e-05	-2.911093e-03	1.408479e+00
1.167000e-05	-2.623413e-03	1.765347e+00
1.168000e-05	2.087127e-02	1.925790e+00
1.169000e-05	7.433479e-02	2.177772e+00
1.170000e-05	7.777101e-03	2.393079e+00
1.171000e-05	-6.951812e-02	2.789446e+00
1.172000e-05	-2.769106e-02	3.011675e+00
1.173000e-05	-2.774125e-02	3.231599e+00
1.174000e-05	-7.958536e-02	3.464858e+00
1.175000e-05	1.433747e-02	3.623181e+00
1.176000e-05	1.184774e-01	3.874233e+00
1.177000e-05	-1.853108e-01	4.117340e+00
1.178000e-05	1.626776e-01	4.368444e+00
1.179000e-05	-1.390683e-02	4.632654e+00
1.180000e-05	-4.172570e-02	4.855306e+00
1.181000e-05	4.825471e-02	5.150592e+00
1.182000e-05	-9.595262e-02	5.453727e+00
1.183000e-05	3.449617e-02	5.652808e+00
1.184000e-05	-5.900614e-03	5.948915e+00
1.185000e-05	-1.523782e-02	6.200469e+00
1.186000e-05	2.461484e-02	6.372118e+00
1.187000e-05	-4.894707e-02	6.635305e+00
1.188000e-05	3.153475e-02	6.855809e+00
1.189000e-05	-3.295619e-02	7.128008e+00
1.190000e-05	1.317019e-02	7.298018e+00
1.191000e-05	-1.502937e-02	7.601170e+00
1.192000e-05	-3.617258e-02	7.835297e+00
1.193000e-05	6.023933e-02	8.117910e+00
1.194000e-05	-6.088070e-02	8.317885e+00
1.195000e-05	1.556608e-02	8.456808e+00
1.196000e-05	-4.091542e-02	8.675805e+00
1.197000e-05	6.070405e-03	8.865381e+00
1.198000e-05	7.741095e-04	9.026325e+00
1.199000e-05	-1.126007e-02	9.287407e+00
1.200000e-05	2.607733e-05	9.455354e+00
1.201000e-05	-3.042579e-02	9.664850e+00
1.202000e-05	1.323780e-02	9.835299e+00
1.203000e-05	-2.795483e-02	1.002627e+01
1.204000e-05	-8.971150e-03	1.019375e+01
1.205000e-05	-2.936492e-02	1.036277e+01
1.206000e-05	-5.363557e-03	1.053071e+01
1.207000e-05	4.759713e-04	1.070156e+01
1.208000e-05	-8.484895e-03	1.088990e+01
1.209000e-05	-1.479897e-02	1.105637e+01
1.210000e-05	-2.401355e-02	1.116742e+01
1.211000e-05	-6.201964e-03	1.137526e+01
1.212000e-05	-1.954066e-02	1.151426e+01
1.213000e-05	-1.501445e-02	1.170070e+01
1.214000e-05	-2.636061e-02	1.182690e+01
1.215000e-05	-9.527715e-03	1.197435e+01
1.216000e-05	-9.877975e-03	1.211169e+01
1.217000e-05	-1.067692e-02	1.221897e+01
1.218000e-05	-2.352052e-02	1.237579e+01
1.219000e-05	-2.284531e-02	1.249968e+01
1.220000e-05	-1.548275e-02	1.257535e+01
1.221000e-05	-1.844812e-02	1.273028e+01
1.222000e-05	-2.100151e-02	1.277735e+01
1.223000e-05	-2.922633e-02	1.288071e+01
1.224000e-05	-2.094655e-02	1.298747e+01
1.225000e-05	-1.891015e-02	1.312018e+01
1.226000e-05	-1.646217e-02	1.317542e+01
1.227000e-05	-2.701771e-02	1.326970e+01
1.228000e-05	-2.646876e-02	1.333266e+01
1.229000e-05	-2.355290e-02	1.339647e+01
1.230000e-05	-2.169635e-02	1.346125e+01
1.231000e-05	-2.539676e-02	1.356441e+01
1.232000e-05	-3.414262e-02	1.357855e+01
1.233000e-05	-2.949068e-02	1.365107e+01
1.234000e-05	-2.810915e-02	1.372430e+01
1.235000e-05	-2.532766e-02	1.376647e+01
1.236000e-05	-3.490886e-02	1.379954e+01
1.237000e-05	-3.354020e-02	1.386007e+01
1.238000e-05	-3.166016e-02	1.387079e+01
1.239000e-05	-2.921724e-02	1.388178e+01
1.240000e-05	-3.494299e-02	1.391272e+01
1.241000e-05	-4.220300e-02	1.398331e+01
1.242000e-05	-4.208859e-02	1.392428e+01
1.243000e-05	-4.069446e-02	1.394395e+01
1.244000e-05	-3.846095e-02	1.393586e+01
1.245000e-05	-4.426003e-02	1.391334e+01
1.246000e-05	-4.608898e-02	1.396431e+01
1.247000e-05	-4.575948e-02	1.395392e+01
1.248000e-05	-4.428454e-02	1.389067e+01
1.249000e-05	-4.825981e-02	1.384062e+01
1.250000e-05	-5.530209e-02	1.382862e+01
1.251000e-05	-5.465731e-02	1.375702e+01
1.252000e-05	-5.180608e-02	1.367481e+01
1.253000e-05	-4.952917e-02	1.365270e+01
1.254000e-05	-5.328786e-02	1.360112e+01
1.255000e-05	-5.319716e-02	1.357492e+01
1.256000e-05	-5.098126e-02	1.350133e+01
1.257000e-05	-4.662382e-02	1.340855e+01
1.258000e-05	-4.547437e-02	1.336446e+01
1.259000e-05	-4.587047e-02	1.332170e+01
1.260000e-05	-4.419184e-02	1.320750e+01
1.261000e-05	-4.096850e-02	1.315328e+01
1.262000e-05	-3.579652e-02	1.305855e+01
1.263000e-05	-3.538876e-02	1.289436e+01
1.264000e-05	-3.604927e-02	1.283917e+01
1.265000e-05	-3.236666e-02	1.271486e+01
1.266000e-05	-2.920161e-02	1.262695e+01
1.267000e-05	-2.630939e-02	1.253324e+01
1.268000e-05	-3.012570e-02	1.245897e+01
1.269000e-05	-2.612254e-02	1.235273e+01
1.270000e-05	-2.547779e-02	1.214639e+01
1.271000e-05	-2.098703e-02	1.202010e+01
1.272000e-05	-2.318254e-02	1.188171e+01
1.273000e-05	-2.266706e-02	1.176476e+01
1.274000e-05	-2.153452e-02	1.159797e+01
1.275000e-05	-1.888790e-02	1.143009e+01
1.276000e-05	-1.771931e-02	1.125122e+01
1.277000e-05	-1.825554e-02	1.108221e+01
1.278000e-05	-1.834217e-02	1.096376e+01
1.279000e-05	-1.681119e-02	1.085592e+01
1.280000e-05	-1.393727e-02	1.067002e+01
1.281000e-05	-1.621439e-02	1.044007e+01
1.282000e-05	-1.661998e-02	1.028910e+01
1.283000e-05	-1.666422e-02	1.009165e+01
1.284000e-05	-1.253407e-02	9.950784e+00
1.285000e-05	-1.295454e-02	9.682182e+00
1.286000e-05	-1.272136e-02	9.581209e+00
1.287000e-05	-1.391384e-02	9.332817e+00
1.288000e-05	-1.354542e-02	9.195340e+00
1.289000e-05	-1.177049e-02	8.923818e+00
1.290000e-05	-1.119235e-02	8.763841e+00
1.291000e-05	-1.182524e-02	8.571764e+00
1.292000e-05	-1.292246e-02	8.404267e+00
1.293000e-05	-1.059459e-02	8.142339e+00
1.294000e-05	-9.918377e-03	7.962734e+00
1.295000e-05	-1.022654e-02	7.740709e+00
1.296000e-05	-1.097116e-02	7.458600e+00
1.297000e-05	-9.933870e-03	7.207477e+00
1.298000e-05	-9.174918e-03	7.045374e+00
1.299000e-05	-8.466338e-03	6.804346e+00
1.300000e-05	-9.613265e-03	6.533318e+00
1.301000e-05	-1.071065e-02	6.318564e+00
1.302000e-05	-9.506670e-03	6.108936e+00
1.303000e-05	-8.788857e-03	5.907960e+00
1.304000e-05	-8.723317e-03	5.616425e+00
1.305000e-05	-8.461650e-03	5.414323e+00
1.306000e-05	-8.734138e-03	5.161590e+00
1.307000e-05	-7.047438e-03	4.816347e+00
1.308000e-05	-6.781589e-03	4.611745e+00
1.309000e-05	-6.924237e-03	4.380565e+00
1.310000e-05	-7.144656e-03	4.077985e+00
1.311000e-05	-7.504343e-03	3.854328e+00
1.312000e-05	-7.354428e-03	3.623672e+00
1.313000e-05	-5.957461e-03	3.361141e+00
1.314000e-05	-6.851759e-03	3.068382e+00
1.315000e-05	-7.420498e-03	2.864854e+00
1.316000e-05	-6.178879e-03	2.602744e+00
1.317000e-05	-5.792943e-03	2.337461e+00
1.318000e-05	-5.985300e-03	2.055887e+00
1.319000e-05	-6.629798e-03	1.884831e+00
1.320000e-05	-5.840547e-03	1.530571e+00
1.321000e-05	-5.705318e-03	1.367386e+00
1.322000e-05	-4.838939e-03	1.031749e+00
1.323000e-05	-6.078170e-03	7.459872e-01
1.324000e-05	-5.227801e-03	4.658081e-01
1.325000e-05	-4.294365e-03	2.542513e-01
1.326000e-05	-2.716911e-03	-4.150545e-02
1.327000e-05	4.039570e-03	-2.616355e-01
1.328000e-05	2.377638e-03	-4.435846e-01
1.329000e-05	-1.763714e-03	-6.874211e-01
1.330000e-05	-3.389795e-04	-9.889514e-01
1.331000e-05	-1.540121e-03	-1.230481e+00
1.332000e-05	-2.093951e-03	-1.546842e+00
1.333000e-05	2.403982e-03	-1.756392e+00
1.334000e-05	5.749948e-02	-1.925895e+00
1.335000e-05	8.432901e-02	-2.229981e+00
1.336000e-05	-8.687118e-02	-2.621007e+00
1.337000e-05	2.068139e-03	-2.926315e+00
1.338000e-05	-6.095539e-02	-3.209598e+00
1.339000e-05	-6.735898e-02	-3.349474e+00
1.340000e-05	4.791716e-02	-3.507337e+00
1.341000e-05	1.102894e-01	-3.644161e+00
1.342000e-05	-2.029324e-01	-4.040947e+00
1.343000e-05	2.164144e-01	-4.191628e+00
1.344000e-05	-1.333922e-01	-4.443053e+00
1.345000e-05	6.217932e-02	-4.756893e+00
1.346000e-05	6.832802e-02	-4.928940e+00
1.347000e-05	-1.914055e-01	-5.225836e+00
1.348000e-05	1.124059e-01	-5.518966e+00
1.349000e-05	-4.479075e-02	-5.736370e+00
1.350000e-05	3.149711e-02	-6.012676e+00
1.351000e-05	8.215408e-02	-6.204775e+00
1.352000e-05	-1.454969e-01	-6.487859e+00
1.353000e-05	1.476317e-01	-6.708936e+00
1.354000e-05	-9.849805e-02	-6.922472e+00
1.355000e-05	7.738174e-02	-7.192202e+00
1.356000e-05	-3.509413e-02	-7.361601e+00
1.357000e-05	-6.015268e-02	-7.717934e+00
1.358000e-05	1.504180e-01	-7.908956e+00
1.359000e-05	-1.185226e-01	-8.149993e+00
1.360000e-05	1.185810e-01	-8.339015e+00
1.361000e-05	-1.121867e-01	-8.521568e+00
1.362000e-05	5.126056e-02	-8.801747e+00
1.363000e-05	2.665445e-02	-8.951594e+00
1.364000e-05	-1.776667e-02	-9.141044e+00
1.365000e-05	5.786627e-02	-9.330168e+00
1.366000e-05	-8.710525e-02	-9.529167e+00
1.367000e-05	1.010775e-01	-9.720587e+00
1.368000e-05	-5.210783e-02	-9.909009e+00
1.369000e-05	5.390558e-02	-1.005911e+01
1.370000e-05	-4.812570e-02	-1.024001e+01
1.371000e-05	1.982799e-02	-1.048948e+01
1.372000e-05	3.904881e-02	-1.062580e+01
1.373000e-05	-3.134148e-03	-1.078285e+01
1.374000e-05	2.915759e-02	-1.092069e+01
1.375000e-05	-4.010056e-02	-1.109059e+01
1.376000e-05	5.113945e-02	-1.126956e+01
1.377000e-05	-1.295379e-02	-1.145795e+01
1.378000e-05	3.423584e-02	-1.161750e+01
1.379000e-05	-2.481959e-02	-1.178534e+01
1.380000e-05	2.451520e-02	-1.194116e+01
1.381000e-05	1.879212e-02	-1.208954e+01
1.382000e-05	2.438576e-02	-1.222737e+01
1.383000e-05	5.407445e-03	-1.231164e+01
1.384000e-05	-3.946773e-03	-1.243010e+01
1.385000e-05	2.240505e-02	-1.254272e+01
1.386000e-05	1.720582e-02	-1.267060e+01
1.387000e-05	2.052012e-02	-1.281737e+01
1.388000e-05	-2.362202e-03	-1.290269e+01
1.389000e-05	1.517048e-02	-1.301587e+01
1.390000e-05	2.218477e-02	-1.307013e+01
1.391000e-05	2.820410e-02	-1.315642e+01
1.392000e-05	9.734701e-03	-1.324015e+01
1.393000e-05	1.002499e-02	-1.338529e+01
1.394000e-05	1.762584e-02	-1.335952e+01
1.395000e-05	3.015785e-02	-1.352110e+01
1.396000e-05	1.961738e-02	-1.356379e+01
1.397000e-05	1.132937e-02	-1.362803e+01
1.398000e-05	1.368473e-02	-1.370226e+01
1.399000e-05	2.863391e-02	-1.374336e+01
1.400000e-05	3.078239e-02	-1.379652e+01
1.401000e-05	2.290965e-02	-1.379808e+01
1.402000e-05	1.801413e-02	-1.386068e+01
1.403000e-05	2.549470e-02	-1.390284e+01
1.404000e-05	3.510583e-02	-1.391391e+01
1.405000e-05	2.910617e-02	-1.391699e+01
1.406000e-05	2.252867e-02	-1.396951e+01
1.407000e-05	2.323576e-02	-1.393847e+01
1.408000e-05	3.539167e-02	-1.399010e+01
1.409000e-05	4.053064e-02	-1.396807e+01
1.410000e-05	3.456425e-02	-1.400054e+01
1.411000e-05	3.065349e-02	-1.396757e+01
1.412000e-05	3.679708e-02	-1.396707e+01
1.413000e-05	4.511959e-02	-1.392437e+01
1.414000e-05	4.367071e-02	-1.395491e+01
1.415000e-05	3.805456e-02	-1.388333e+01
1.416000e-05	3.805671e-02	-1.386826e+01
1.417000e-05	4.735921e-02	-1.381805e+01
1.418000e-05	5.115143e-02	-1.374592e+01
1.419000e-05	4.583499e-02	-1.375479e+01
1.420000e-05	3.947133e-02	-1.368171e+01
1.421000e-05	4.243669e-02	-1.363010e+01
1.422000e-05	4.674841e-02	-1.358339e+01
1.423000e-05	4.433353e-02	-1.351173e+01
1.424000e-05	3.689618e-02	-1.343904e+01
1.425000e-05	3.232786e-02	-1.334584e+01
1.426000e-05	3.523764e-02	-1.327218e+01
1.427000e-05	3.635479e-02	-1.316759e+01
1.428000e-05	3.154030e-02	-1.309070e+01
1.429000e-05	2.420881e-02	-1.300592e+01
1.430000e-05	2.356032e-02	-1.290276e+01
1.431000e-05	2.663266e-02	-1.285697e+01
1.432000e-05	2.532283e-02	-1.270126e+01
1.433000e-05	1.952719e-02	-1.259637e+01
1.434000e-05	1.522619e-02	-1.248160e+01
1.435000e-05	1.641672e-02	-1.232426e+01
1.436000e-05	1.952984e-02	-1.220742e+01
1.437000e-05	1.641767e-02	-1.211323e+01
1.438000e-05	1.094785e-02	-1.195492e+01
1.439000e-05	1.052046e-02	-1.179652e+01
1.440000e-05	1.298298e-02	-1.164155e+01
1.441000e-05	1.362455e-02	-1.147023e+01
1.442000e-05	9.668667e-03	-1.131420e+01
1.443000e-05	5.708118e-03	-1.105381e+01
1.444000e-05	7.613455e-03	-1.095484e+01
1.445000e-05	9.885910e-03	-1.081640e+01
1.446000e-05	7.542378e-03	-1.063911e+01
1.447000e-05	4.251814e-03	-1.051111e+01
1.448000e-05	3.706196e-03	-1.032271e+01
1.449000e-05	6.861115e-03	-1.012224e+01
1.450000e-05	8.990360e-03	-9.963210e+00
1.451000e-05	5.645024e-03	-9.762763e+00
1.452000e-05	3.343745e-03	-9.644874e+00
1.453000e-05	2.582835e-03	-9.365819e+00
1.454000e-05	4.091189e-03	-9.227423e+00
1.455000e-05	1.604386e-03	-9.015393e+00
1.456000e-05	-4.556055e-04	-8.794393e+00
1.457000e-05	-1.053962e-03	-8.555317e+00
1.458000e-05	2.557802e-03	-8.374342e+00
1.459000e-05	4.409060e-03	-8.206246e+00
1.460000e-05	3.304317e-03	-7.984822e+00
1.461000e-05	1.759566e-04	-7.722712e+00
1.462000e-05	-2.623608e-04	-7.531084e+00
1.463000e-05	9.409118e-04	-7.268458e+00
1.464000e-05	-1.252747e-03	-7.087400e+00
1.465000e-05	-2.484623e-03	-6.806347e+00
1.466000e-05	-3.016326e-03	-6.594218e+00
1.467000e-05	8.242290e-05	-6.413723e+00
1.468000e-05	1.434075e-03	-6.130212e+00
1.469000e-05	1.533458e-03	-5.897006e+00
1.470000e-05	-3.559019e-03	-5.645357e+00
1.471000e-05	-3.450370e-03	-5.424900e+00
1.472000e-05	-3.523999e-03	-5.151038e+00
1.473000e-05	-3.161867e-03	-4.877971e+00
1.474000e-05	-4.280489e-03	-4.592146e+00
1.475000e-05	-3.576065e-03	-4.352143e+00
1.476000e-05	-2.673157e-03	-4.141641e+00
1.477000e-05	4.626795e-05	-3.928416e+00
1.478000e-05	-3.867123e-03	-3.665853e+00
1.479000e-05	-4.628095e-03	-3.434195e+00
1.480000e-05	-7.455751e-03	-3.191118e+00
1.481000e-05	-2.680393e-03	-2.888388e+00
1.482000e-05	-5.140919e-03	-2.635352e+00
1.483000e-05	-3.429551e-03	-2.410002e+00
1.484000e-05	-4.723813e-03	-2.127564e+00
1.485000e-05	-4.145962e-03	-1.895885e+00
1.486000e-05	-4.221055e-03	-1.636180e+00
1.487000e-05	-5.385019e-03	-1.338467e+00
1.488000e-05	-7.974927e-03	-1.054254e+00
1.489000e-05	-7.971834e-03	-8.517042e-01
1.490000e-05	-4.388038e-03	-5.194633e-01
1.491000e-05	-4.421293e-03	-3.057593e-01
1.492000e-05	-1.383900e-03	-5.520783e-02
1.493000e-05	4.481231e-03	2.399040e-01
1.494000e-05	-9.589915e-04	4.620815e-01
1.495000e-05	1.778033e-03	6.841617e-01
1.496000e-05	-3.082320e-03	9.337146e-01
1.497000e-05	-3.900310e-03	1.190927e+00
1.498000e-05	-4.891528e-03	1.462056e+00
1.499000e-05	1.507876e-04	1.777418e+00
1.500000e-05	2.423339e-02	1.956866e+00
1.501000e-05	8.128442e-02	2.157970e+00
1.502000e-05	-1.440083e-02	2.495136e+00
1.503000e-05	-5.828284e-02	2.782026e+00
1.504000e-05	-3.289022e-02	3.041603e+00
1.505000e-05	-2.458395e-02	3.243727e+00
1.506000e-05	-9.167644e-02	3.507313e+00
1.507000e-05	4.471126e-02	3.662181e+00
1.508000e-05	8.925327e-02	3.906186e+00
1.509000e-05	-1.767909e-01	4.188937e+00
1.510000e-05	1.895459e-01	4.430051e+00
1.511000e-05	-5.301142e-02	4.695333e+00
1.512000e-05	-1.454565e-02	4.858360e+00
1.513000e-05	3.068241e-02	5.201075e+00
1.514000e-05	-9.305504e-02	5.497828e+00
1.515000e-05	4.295510e-02	5.654882e+00
1.516000e-05	-1.718438e-02	5.988991e+00
1.517000e-05	-4.289077e-03	6.191146e+00
1.518000e-05	1.548971e-02	6.423049e+00
1.519000e-05	-4.648389e-02	6.647357e+00
1.520000e-05	3.382291e-02	6.886364e+00
1.521000e-05	-4.027816e-02	7.121487e+00
1.522000e-05	2.201781e-02	7.328547e+00
1.523000e-05	-3.061563e-02	7.633726e+00
1.524000e-05	-1.880364e-02	7.836874e+00
1.525000e-05	5.114165e-02	8.107509e+00
1.526000e-05	-5.786994e-02	8.338412e+00
1.527000e-05	2.101077e-02	8.468408e+00
1.528000e-05	-4.535094e-02	8.707431e+00
1.529000e-05	1.121729e-02	8.867874e+00
1.530000e-05	-6.043985e-03	9.077456e+00
1.531000e-05	-9.003042e-03	9.287482e+00
1.532000e-05	-5.880048e-03	9.486854e+00
1.533000e-05	-2.704777e-02	9.626452e+00
1.534000e-05	1.418504e-02	9.829374e+00
1.535000e-05	-2.847955e-02	1.001435e+01
1.536000e-05	-6.061931e-03	1.026390e+01
1.537000e-05	-3.081257e-02	1.035282e+01
1.538000e-05	-3.178149e-03	1.057425e+01
1.539000e-05	-2.605257e-03	1.074111e+01
1.540000e-05	-1.048009e-02	1.090856e+01
1.541000e-05	-1.459191e-02	1.107790e+01
1.542000e-05	-2.164612e-02	1.119695e+01
1.543000e-05	-4.085365e-03	1.139734e+01
1.544000e-05	-1.917942e-02	1.156579e+01
1.545000e-05	-1.517843e-02	1.175064e+01
1.546000e-05	-2.694768e-02	1.184737e+01
1.547000e-05	-1.020666e-02	1.198387e+01
1.548000e-05	-1.120533e-02	1.212218e+01
1.549000e-05	-1.332029e-02	1.222752e+01
1.550000e-05	-2.316962e-02	1.241587e+01
1.551000e-05	-2.201885e-02	1.253216e+01
1.552000e-05	-1.293122e-02	1.261782e+01
1.553000e-05	-1.833616e-02	1.269908e+01
1.554000e-05	-2.128710e-02	1.277752e+01
1.555000e-05	-2.943991e-02	1.289319e+01
1.556000e-05	-1.978685e-02	1.300692e+01
1.557000e-05	-1.881530e-02	1.311068e+01
1.558000e-05	-1.899243e-02	1.320487e+01
1.559000e-05	-2.649424e-02	1.330225e+01
1.560000e-05	-2.461118e-02	1.333274e+01
1.561000e-05	-2.082372e-02	1.344847e+01
1.562000e-05	-2.190235e-02	1.350913e+01
1.563000e-05	-2.822347e-02	1.357492e+01
1.564000e-05	-3.584760e-02	1.359845e+01
1.565000e-05	-3.024211e-02	1.365308e+01
1.566000e-05	-2.760875e-02	1.368440e+01
1.567000e-05	-2.693969e-02	1.374588e+01
1.568000e-05	-3.335116e-02	1.379852e+01
1.569000e-05	-3.215922e-02	1.382055e+01
1.570000e-05	-2.909541e-02	1.384115e+01
1.571000e-05	-3.055711e-02	1.392122e+01
1.572000e-05	-3.653672e-02	1.392383e+01
1.573000e-05	-4.475622e-02	1.393495e+01
1.574000e-05	-4.141752e-02	1.392431e+01
1.575000e-05	-4.051720e-02	1.395633e+01
1.576000e-05	-3.902613e-02	1.397290e+01
1.577000e-05	-4.346693e-02	1.394690e+01
1.578000e-05	-4.542282e-02	1.391381e+01
1.579000e-05	-4.496519e-02	1.385325e+01
1.580000e-05	-4.551476e-02	1.387172e+01
1.581000e-05	-4.940389e-02	1.384012e+01
1.582000e-05	-5.716246e-02	1.380947e+01
1.583000e-05	-5.444840e-02	1.378693e+01
1.584000e-05	-5.058580e-02	1.370486e+01
1.585000e-05	-4.794901e-02	1.366220e+01
1.586000e-05	-5.285758e-02	1.358005e+01
1.587000e-05	-5.446890e-02	1.358696e+01
1.588000e-05	-5.109341e-02	1.345231e+01
1.589000e-05	-4.622689e-02	1.343802e+01
1.590000e-05	-4.615438e-02	1.336586e+01
1.591000e-05	-4.749586e-02	1.326068e+01
1.592000e-05	-4.363970e-02	1.322995e+01
1.593000e-05	-3.878772e-02	1.315523e+01
1.594000e-05	-3.374606e-02	1.298850e+01
1.595000e-05	-3.547139e-02	1.293433e+01
1.596000e-05	-3.748889e-02	1.284064e+01
1.597000e-05	-3.350893e-02	1.269339e+01
1.598000e-05	-3.146335e-02	1.260637e+01
1.599000e-05	-2.728013e-02	1.253326e+01
1.600000e-05	-3.018322e-02	1.242699e+01
1.601000e-05	-2.484104e-02	1.233112e+01
1.602000e-05	-2.262238e-02	1.212438e+01
1.603000e-05	-1.820340e-02	1.203810e+01
1.604000e-05	-2.249349e-02	1.189116e+01
1.605000e-05	-2.334293e-02	1.172376e+01
1.606000e-05	-2.360074e-02	1.160544e+01
1.607000e-05	-1.978196e-02	1.140857e+01
1.608000e-05	-1.911383e-02	1.123907e+01
1.609000e-05	-1.963816e-02	1.106971e+01
1.610000e-05	-1.785112e-02	1.090274e+01
1.611000e-05	-1.532975e-02	1.081535e+01
1.612000e-05	-1.263186e-02	1.062898e+01
1.613000e-05	-1.519398e-02	1.045007e+01
1.614000e-05	-1.666068e-02	1.026905e+01
1.615000e-05	-1.770371e-02	1.007005e+01
1.616000e-05	-1.347921e-02	9.970156e+00
1.617000e-05	-1.324816e-02	9.720252e+00
1.618000e-05	-1.320892e-02	9.550162e+00
1.619000e-05	-1.294333e-02	9.300712e+00
1.620000e-05	-1.053237e-02	9.143314e+00
1.621000e-05	-9.119493e-03	8.945212e+00
1.622000e-05	-1.100358e-02	8.750165e+00
1.623000e-05	-1.351449e-02	8.553186e+00
1.624000e-05	-1.351069e-02	8.382158e+00
1.625000e-05	-1.114879e-02	8.153239e+00
1.626000e-05	-1.022200e-02	7.912185e+00
1.627000e-05	-1.056419e-02	7.689528e+00
1.628000e-05	-1.110443e-02	7.518974e+00
1.629000e-05	-9.511047e-03	7.215799e+00
1.630000e-05	-7.653229e-03	7.024292e+00
1.631000e-05	-9.187209e-03	6.772292e+00
1.632000e-05	-1.062204e-02	6.512684e+00
1.633000e-05	-1.090028e-02	6.298534e+00
1.634000e-05	-8.191358e-03	6.099457e+00
1.635000e-05	-7.316405e-03	5.867452e+00
1.636000e-05	-8.719621e-03	5.634774e+00
1.637000e-05	-9.133343e-03	5.393739e+00
1.638000e-05	-9.021750e-03	5.090031e+00
1.639000e-05	-7.506929e-03	4.824197e+00
1.640000e-05	-7.025822e-03	4.523040e+00
1.641000e-05	-7.615812e-03	4.329560e+00
1.642000e-05	-8.075760e-03	4.076828e+00
1.643000e-05	-7.419784e-03	3.814695e+00
1.644000e-05	-6.062283e-03	3.612598e+00
1.645000e-05	-6.241647e-03	3.330040e+00
1.646000e-05	-7.111647e-03	3.105855e+00
1.647000e-05	-7.663010e-03	2.815705e+00
1.648000e-05	-7.090736e-03	2.591717e+00
1.649000e-05	-6.758393e-03	2.309861e+00
1.650000e-05	-5.664501e-03	2.084782e+00
1.651000e-05	-6.012178e-03	1.834853e+00
1.652000e-05	-6.051174e-03	1.559092e+00
1.653000e-05	-6.010195e-03	1.276355e+00
1.654000e-05	-4.667902e-03	9.810921e-01
1.655000e-05	-5.253899e-03	7.274629e-01
1.656000e-05	-5.827059e-03	4.647577e-01
1.657000e-05	-5.452760e-03	2.220448e-01
1.658000e-05	-4.215520e-03	-1.208776e-02
1.659000e-05	5.575572e-03	-2.941907e-01
1.660000e-05	1.329791e-04	-5.446660e-01
1.661000e-05	-4.135515e-04	-7.810263e-01
1.662000e-05	-2.564139e-03	-1.010502e+00
1.663000e-05	6.462612e-04	-1.234111e+00
1.664000e-05	-1.752385e-03	-1.566416e+00
1.665000e-05	6.728987e-03	-1.718396e+00
1.666000e-05	6.708787e-02	-1.948419e+00
1.667000e-05	6.478501e-02	-2.242135e+00
1.668000e-05	-8.452516e-02	-2.622637e+00
1.669000e-05	3.670093e-04	-2.958495e+00
1.670000e-05	-6.254004e-02	-3.171053e+00
1.671000e-05	-7.523122e-02	-3.360997e+00
1.672000e-05	8.804559e-02	-3.497418e+00
1.673000e-05	5.902531e-02	-3.705262e+00
1.674000e-05	-1.673296e-01	-4.073627e+00
1.675000e-05	2.298224e-01	-4.221154e+00
1.676000e-05	-1.696288e-01	-4.484660e+00
1.677000e-05	1.073834e-01	-4.777994e+00
1.678000e-05	2.310266e-02	-4.979498e+00
1.679000e-05	-1.746643e-01	-5.258308e+00
1.680000e-05	1.286649e-01	-5.508965e+00
1.681000e-05	-7.379117e-02	-5.748574e+00
1.682000e-05	7.275375e-02	-6.013280e+00
1.683000e-05	4.028209e-02	-6.235832e+00
1.684000e-05	-1.188550e-01	-6.518436e+00
1.685000e-05	1.435871e-01	-6.709491e+00
1.686000e-05	-1.131281e-01	-6.983142e+00
1.687000e-05	1.030662e-01	-7.235856e+00
1.688000e-05	-7.704430e-02	-7.383208e+00
1.689000e-05	-1.405948e-02	-7.659083e+00
1.690000e-05	1.199772e-01	-7.899437e+00
1.691000e-05	-1.070783e-01	-8.150622e+00
1.692000e-05	1.200438e-01	-8.339443e+00
1.693000e-05	-1.277789e-01	-8.550189e+00
1.694000e-05	8.260264e-02	-8.803700e+00
1.695000e-05	-2.275490e-03	-8.981144e+00
1.696000e-05	7.952333e-03	-9.182619e+00
1.697000e-05	3.286797e-02	-9.353191e+00
1.698000e-05	-6.964349e-02	-9.590690e+00
1.699000e-05	9.674846e-02	-9.760589e+00
1.700000e-05	-5.735165e-02	-9.919537e+00
1.701000e-05	6.065078e-02	-1.006066e+01
1.702000e-05	-6.101268e-02	-1.024964e+01
1.703000e-05	3.962263e-02	-1.050906e+01
1.704000e-05	2.361349e-02	-1.064630e+01
1.705000e-05	9.975247e-03	-1.078487e+01
1.706000e-05	1.521858e-02	-1.090376e+01
1.707000e-05	-3.026505e-02	-1.115279e+01
1.708000e-05	4.677897e-02	-1.127113e+01
1.709000e-05	-1.060410e-02	-1.148098e+01
1.710000e-05	3.275930e-02	-1.161945e+01
1.711000e-05	-2.685740e-02	-1.178637e+01
1.712000e-05	2.941027e-02	-1.196372e+01
1.713000e-05	1.638014e-02	-1.210159e+01
1.714000e-05	2.765251e-02	-1.225592e+01
1.715000e-05	-5.540210e-04	-1.233371e+01
1.716000e-05	-2.641973e-04	-1.246911e+01
1.717000e-05	2.103503e-02	-1.253479e+01
1.718000e-05	1.956588e-02	-1.269016e+01
1.719000e-05	1.681912e-02	-1.282642e+01
1.720000e-05	-2.598642e-03	-1.292119e+01
1.721000e-05	1.595364e-02	-1.300584e+01
1.722000e-05	2.410885e-02	-1.307965e+01
1.723000e-05	2.684101e-02	-1.315694e+01
1.724000e-05	8.617364e-03	-1.325910e+01
1.725000e-05	1.071642e-02	-1.336489e+01
1.726000e-05	1.964745e-02	-1.342800e+01
1.727000e-05	3.152257e-02	-1.351223e+01
1.728000e-05	1.781569e-02	-1.360489e+01
1.729000e-05	1.047912e-02	-1.359748e+01
1.730000e-05	1.377941e-02	-1.368219e+01
1.731000e-05	3.083186e-02	-1.376331e+01
1.732000e-05	2.939075e-02	-1.376742e+01
1.733000e-05	2.158532e-02	-1.381907e+01
1.734000e-05	1.764766e-02	-1.383078e+01
1.735000e-05	2.737795e-02	-1.387136e+01
1.736000e-05	3.565501e-02	-1.392342e+01
1.737000e-05	2.768898e-02	-1.396544e+01
1.738000e-05	2.233301e-02	-1.398549e+01
1.739000e-05	2.337300e-02	-1.394802e+01
1.740000e-05	3.787123e-02	-1.402857e+01
1.741000e-05	4.003715e-02	-1.399805e+01
1.742000e-05	3.483755e-02	-1.398854e+01
1.743000e-05	3.019997e-02	-1.397849e+01
1.744000e-05	3.894710e-02	-1.397849e+01
1.745000e-05	4.550114e-02	-1.393604e+01
1.746000e-05	4.227761e-02	-1.390541e+01
1.747000e-05	3.655180e-02	-1.387486e+01
1.748000e-05	3.727790e-02	-1.385120e+01
1.749000e-05	4.815022e-02	-1.380657e+01
1.750000e-05	5.144202e-02	-1.377446e+01
1.751000e-05	4.473503e-02	-1.374428e+01
1.752000e-05	3.876934e-02	-1.367026e+01
1.753000e-05	4.209186e-02	-1.364058e+01
1.754000e-05	4.772543e-02	-1.362489e+01
1.755000e-05	4.563602e-02	-1.352168e+01
1.756000e-05	3.614576e-02	-1.339755e+01
1.757000e-05	3.181772e-02	-1.332536e+01
1.758000e-05	3.546634e-02	-1.324316e+01
1.759000e-05	3.692331e-02	-1.316504e+01
1.760000e-05	3.107488e-02	-1.307078e+01
1.761000e-05	2.285432e-02	-1.297644e+01
1.762000e-05	2.389955e-02	-1.288123e+01
1.763000e-05	2.735808e-02	-1.278842e+01
1.764000e-05	2.615861e-02	-1.272016e+01
1.765000e-05	1.860200e-02	-1.254589e+01
1.766000e-05	1.392530e-02	-1.245220e+01
1.767000e-05	1.726459e-02	-1.236384e+01
1.768000e-05	1.985995e-02	-1.219704e+01
1.769000e-05	1.671186e-02	-1.207113e+01
1.770000e-05	9.495708e-03	-1.198531e+01
1.771000e-05	1.036179e-02	-1.177489e+01
1.772000e-05	1.498649e-02	-1.159949e+01
1.773000e-05	1.497543e-02	-1.145866e+01
1.774000e-05	9.903332e-03	-1.125270e+01
1.775000e-05	4.519008e-03	-1.106278e+01
1.776000e-05	7.401815e-03	-1.094174e+01
1.777000e-05	1.112284e-02	-1.080687e+01
1.778000e-05	7.784635e-03	-1.063808e+01
1.779000e-05	3.361952e-03	-1.047013e+01
1.780000e-05	2.946957e-03	-1.030968e+01
1.781000e-05	6.275631e-03	-1.008116e+01
1.782000e-05	8.620181e-03	-9.949235e+00
1.783000e-05	4.456205e-03	-9.781712e+00
1.784000e-05	1.305181e-03	-9.604371e+00
1.785000e-05	2.280470e-03	-9.355812e+00
1.786000e-05	5.438138e-03	-9.194318e+00
1.787000e-05	3.933501e-03	-9.004346e+00
1.788000e-05	-1.127090e-05	-8.804372e+00
1.789000e-05	-1.432391e-03	-8.566220e+00
1.790000e-05	1.733352e-03	-8.363716e+00
1.791000e-05	3.802952e-03	-8.162747e+00
1.792000e-05	1.933637e-03	-7.995371e+00
1.793000e-05	-8.857951e-04	-7.721238e+00
1.794000e-05	-1.311411e-03	-7.490534e+00
1.795000e-05	1.336657e-03	-7.257880e+00
1.796000e-05	1.794804e-03	-7.027473e+00
1.797000e-05	-5.278267e-04	-6.791793e+00
1.798000e-05	-3.927674e-03	-6.542217e+00
1.799000e-05	-1.782181e-03	-6.341159e+00
1.800000e-05	-1.667578e-03	-6.107607e+00
1.801000e-05	9.458902e-05	-5.865505e+00
1.802000e-05	-4.792726e-03	-5.635326e+00
1.803000e-05	-3.411893e-03	-5.374315e+00
1.804000e-05	-1.973840e-03	-5.109613e+00
1.805000e-05	1.763080e-03	-4.835368e+00
1.806000e-05	-2.648146e-03	-4.571516e+00
1.807000e-05	-3.396232e-03	-4.369595e+00
1.808000e-05	-5.504933e-03	-4.049561e+00
1.809000e-05	-1.861534e-03	-3.896007e+00
1.810000e-05	-4.484598e-03	-3.623251e+00
1.811000e-05	-5.456528e-03	-3.372696e+00
1.812000e-05	-7.835481e-03	-3.139991e+00
1.813000e-05	-2.908195e-03	-2.854332e+00
1.814000e-05	-2.090604e-03	-2.583177e+00
1.815000e-05	-1.150760e-03	-2.410170e+00
1.816000e-05	-4.704225e-03	-2.098411e+00
1.817000e-05	-4.928274e-03	-1.845779e+00
1.818000e-05	-4.603371e-03	-1.624175e+00
1.819000e-05	-6.448092e-03	-1.339460e+00
1.820000e-05	-7.947608e-03	-1.042182e+00
1.821000e-05	-8.891349e-03	-7.705501e-01
1.822000e-05	-4.367754e-03	-4.854120e-01
1.823000e-05	-2.531597e-03	-2.546817e-01
1.824000e-05	-3.183183e-04	-4.107908e-02
1.825000e-05	5.851042e-03	2.210603e-01
1.826000e-05	-4.194025e-03	4.946642e-01
1.827000e-05	3.035299e-03	7.362645e-01
1.828000e-05	-4.793330e-03	1.019325e+00
1.829000e-05	-2.339965e-03	1.210029e+00
1.830000e-05	-6.032024e-03	1.467105e+00
1.831000e-05	1.269981e-03	1.799045e+00
1.832000e-05	2.753087e-02	1.979421e+00
1.833000e-05	8.577514e-02	2.192026e+00
1.834000e-05	-3.436016e-02	2.495661e+00
1.835000e-05	-4.600427e-02	2.842103e+00
1.836000e-05	-3.702601e-02	3.084639e+00
1.837000e-05	-2.139034e-02	3.254157e+00
1.838000e-05	-9.665237e-02	3.567406e+00
1.839000e-05	7.328411e-02	3.665259e+00
1.840000e-05	4.938132e-02	3.918390e+00
1.841000e-05	-1.573331e-01	4.161571e+00
1.842000e-05	2.035035e-01	4.422575e+00
1.843000e-05	-8.262640e-02	4.704831e+00
1.844000e-05	1.207132e-02	4.960942e+00
1.845000e-05	9.343183e-03	5.263655e+00
1.846000e-05	-8.285763e-02	5.497885e+00
1.847000e-05	4.928498e-02	5.689341e+00
1.848000e-05	-2.610896e-02	5.972547e+00
1.849000e-05	6.385435e-03	6.192198e+00
1.850000e-05	2.488223e-03	6.473776e+00
1.851000e-05	-4.073370e-02	6.717985e+00
1.852000e-05	3.388687e-02	6.918458e+00
1.853000e-05	-4.313579e-02	7.120117e+00
1.854000e-05	2.975233e-02	7.363668e+00
1.855000e-05	-4.608466e-02	7.613801e+00
1.856000e-05	-1.371482e-04	7.910010e+00
1.857000e-05	3.900423e-02	8.149491e+00
1.858000e-05	-5.453142e-02	8.299440e+00
1.859000e-05	1.925678e-02	8.528362e+00
1.860000e-05	-4.799590e-02	8.678458e+00
1.861000e-05	1.622845e-02	8.896409e+00
1.862000e-05	-1.088224e-02	9.151056e+00
1.863000e-05	-5.983673e-03	9.339508e+00
1.864000e-05	-1.075599e-02	9.498407e+00
1.865000e-05	-2.116863e-02	9.667955e+00
1.866000e-05	1.321253e-02	9.857851e+00
1.867000e-05	-2.850530e-02	1.008745e+01
1.868000e-05	-7.002449e-03	1.025678e+01
1.869000e-05	-3.126110e-02	1.039382e+01
1.870000e-05	-1.176445e-03	1.059474e+01
1.871000e-05	-4.983875e-03	1.081221e+01
1.872000e-05	-1.239872e-02	1.090266e+01
1.873000e-05	-1.613513e-02	1.110748e+01
1.874000e-05	-2.046811e-02	1.122058e+01
1.875000e-05	-3.770432e-03	1.140654e+01
1.876000e-05	-1.965572e-02	1.157424e+01
1.877000e-05	-1.514360e-02	1.173324e+01
1.878000e-05	-2.589853e-02	1.186805e+01
1.879000e-05	-8.269900e-03	1.200586e+01
1.880000e-05	-1.169456e-02	1.217221e+01
1.881000e-05	-1.510172e-02	1.223055e+01
1.882000e-05	-2.380137e-02	1.237682e+01
1.883000e-05	-2.130238e-02	1.251023e+01
1.884000e-05	-1.330659e-02	1.261695e+01
1.885000e-05	-1.836882e-02	1.273216e+01
1.886000e-05	-2.144176e-02	1.276598e+01
1.887000e-05	-2.765566e-02	1.295268e+01
1.888000e-05	-1.910338e-02	1.298755e+01
1.889000e-05	-1.849266e-02	1.309120e+01
1.890000e-05	-2.197262e-02	1.322694e+01
1.891000e-05	-2.758955e-02	1.333163e+01
1.892000e-05	-2.628709e-02	1.336274e+01
1.893000e-05	-2.076819e-02	1.340750e+01
1.894000e-05	-2.287190e-02	1.351178e+01
1.895000e-05	-2.664342e-02	1.353491e+01
1.896000e-05	-3.286110e-02	1.360855e+01
1.897000e-05	-2.863611e-02	1.367115e+01
1.898000e-05	-2.736938e-02	1.372186e+01
1.899000e-05	-2.981382e-02	1.376597e+01
1.900000e-05	-3.434305e-02	1.380864e+01
1.901000e-05	-3.566080e-02	1.385117e+01
1.902000e-05	-3.015103e-02	1.384213e+01
1.903000e-05	-3.159733e-02	1.390270e+01
1.904000e-05	-3.588064e-02	1.393482e+01
1.905000e-05	-4.133950e-02	1.393478e+01
1.906000e-05	-3.802124e-02	1.393339e+01
1.907000e-05	-3.905505e-02	1.390428e+01
1.908000e-05	-4.133794e-02	1.397633e+01
1.909000e-05	-4.743121e-02	1.394638e+01
1.910000e-05	-4.890065e-02	1.393180e+01
1.911000e-05	-4.626112e-02	1.387287e+01
1.912000e-05	-4.635180e-02	1.389015e+01
1.913000e-05	-4.880848e-02	1.381075e+01
1.914000e-05	-5.097104e-02	1.380807e+01
1.915000e-05	-4.982751e-02	1.376749e+01
1.916000e-05	-5.034720e-02	1.371381e+01
1.917000e-05	-5.359999e-02	1.365370e+01
1.918000e-05	-5.710306e-02	1.359804e+01
1.919000e-05	-5.510794e-02	1.354494e+01
1.920000e-05	-5.094138e-02	1.348185e+01
1.921000e-05	-4.565060e-02	1.341700e+01
1.922000e-05	-4.409336e-02	1.337529e+01
1.923000e-05	-4.360180e-02	1.325963e+01
1.924000e-05	-4.131185e-02	1.321694e+01
1.925000e-05	-3.895737e-02	1.309325e+01
1.926000e-05	-3.746151e-02	1.297846e+01
1.927000e-05	-3.763218e-02	1.293428e+01
1.928000e-05	-3.665387e-02	1.280149e+01
1.929000e-05	-3.029049e-02	1.269480e+01
1.930000e-05	-2.870261e-02	1.264652e+01
1.931000e-05	-2.634790e-02	1.249266e+01
1.932000e-05	-2.990440e-02	1.241746e+01
1.933000e-05	-2.486080e-02	1.227058e+01
1.934000e-05	-2.414874e-02	1.210323e+01
1.935000e-05	-2.134193e-02	1.200894e+01
1.936000e-05	-2.328547e-02	1.187003e+01
1.937000e-05	-2.200194e-02	1.171273e+01
1.938000e-05	-2.018164e-02	1.157701e+01
1.939000e-05	-1.850748e-02	1.138752e+01
1.940000e-05	-1.864420e-02	1.122955e+01
1.941000e-05	-1.950419e-02	1.106018e+01
1.942000e-05	-1.835376e-02	1.091274e+01
1.943000e-05	-1.511402e-02	1.078484e+01
1.944000e-05	-1.372857e-02	1.064642e+01
1.945000e-05	-1.652318e-02	1.042747e+01
1.946000e-05	-1.502724e-02	1.020902e+01
1.947000e-05	-1.483052e-02	1.006966e+01
1.948000e-05	-1.243981e-02	9.900576e+00
1.949000e-05	-1.347749e-02	9.682124e+00
1.950000e-05	-1.360344e-02	9.479004e+00
1.951000e-05	-1.387770e-02	9.320685e+00
1.952000e-05	-1.212350e-02	9.172236e+00
1.953000e-05	-1.117501e-02	8.911233e+00
1.954000e-05	-1.206395e-02	8.721082e+00
1.955000e-05	-1.168046e-02	8.519038e+00
1.956000e-05	-1.139109e-02	8.350629e+00
1.957000e-05	-1.026504e-02	8.101661e+00
1.958000e-05	-1.015392e-02	7.871082e+00
1.959000e-05	-1.107067e-02	7.688953e+00
1.960000e-05	-1.096376e-02	7.417345e+00
1.961000e-05	-9.879484e-03	7.203344e+00
1.962000e-05	-8.791038e-03	6.983765e+00
1.963000e-05	-9.576632e-03	6.772736e+00
1.964000e-05	-9.149408e-03	6.469556e+00
1.965000e-05	-9.485136e-03	6.246476e+00
1.966000e-05	-7.777109e-03	6.066931e+00
1.967000e-05	-8.055773e-03	5.825341e+00
1.968000e-05	-8.906369e-03	5.612194e+00
1.969000e-05	-8.382701e-03	5.361662e+00
1.970000e-05	-7.876169e-03	5.067473e+00
1.971000e-05	-7.635198e-03	4.761690e+00
1.972000e-05	-7.681393e-03	4.509589e+00
1.973000e-05	-7.547486e-03	4.318960e+00
1.974000e-05	-7.075046e-03	4.004348e+00
1.975000e-05	-6.707157e-03	3.794169e+00
1.976000e-05	-6.692267e-03	3.590594e+00
1.977000e-05	-5.932976e-03	3.259033e+00
1.978000e-05	-6.854561e-03	3.064878e+00
1.979000e-05	-7.018885e-03	2.823223e+00
1.980000e-05	-6.964570e-03	2.619537e+00
1.981000e-05	-7.208667e-03	2.244802e+00
1.982000e-05	-6.479824e-03	2.054704e+00
1.983000e-05	-6.621403e-03	1.792195e+00
1.984000e-05	-5.909740e-03	1.517988e+00
1.985000e-05	-5.187020e-03	1.254824e+00
1.986000e-05	-5.264071e-03	9.310146e-01
1.987000e-05	-5.830379e-03	6.757842e-01
1.988000e-05	-5.008709e-03	4.437077e-01
1.989000e-05	-3.164323e-03	1.920947e-01
1.990000e-05	-3.342183e-03	-1.236168e-01
1.991000e-05	5.483843e-03	-3.052910e-01
1.992000e-05	-3.402365e-03	-4.877934e-01
1.993000e-05	3.062024e-03	-8.214765e-01
1.994000e-05	-2.709486e-03	-1.022552e+00
1.995000e-05	8.800033e-04	-1.314192e+00
1.996000e-05	-4.586944e-03	-1.577323e+00
1.997000e-05	1.170972e-02	-1.737974e+00
1.998000e-05	7.798850e-02	-1.988422e+00
1.999000e-05	4.339988e-02	-2.305766e+00
2.000000e-05	-7.766835e-02	-2.693740e+00
2.001000e-05	-4.767966e-03	-3.029579e+00
2.002000e-05	-6.017941e-02	-3.209104e+00
2.003000e-05	-8.123490e-02	-3.390524e+00
2.004000e-05	1.270040e-01	-3.566816e+00
2.005000e-05	1.130068e-03	-3.758294e+00
2.006000e-05	-1.151801e-01	-4.093306e+00
2.007000e-05	2.192699e-01	-4.213176e+00
2.008000e-05	-1.870581e-01	-4.467790e+00
2.009000e-05	1.451515e-01	-4.812122e+00
2.010000e-05	-2.370822e-02	-4.958524e+00
2.011000e-05	-1.481107e-01	-5.320493e+00
2.012000e-05	1.336808e-01	-5.579965e+00
2.013000e-05	-9.788356e-02	-5.791148e+00
2.014000e-05	1.099459e-01	-6.077282e+00
2.015000e-05	-6.447899e-03	-6.256833e+00
2.016000e-05	-8.252879e-02	-6.560594e+00
2.017000e-05	1.302687e-01	-6.750090e+00
2.018000e-05	-1.166987e-01	-7.031279e+00
2.019000e-05	1.211250e-01	-7.274776e+00
2.020000e-05	-1.132531e-01	-7.455305e+00
2.021000e-05	3.418009e-02	-7.781041e+00
2.022000e-05	8.216492e-02	-7.960073e+00
2.023000e-05	-8.597565e-02	-8.203228e+00
2.024000e-05	1.097309e-01	-8.361120e+00
2.025000e-05	-1.351301e-01	-8.612771e+00
2.026000e-05	1.052662e-01	-8.812356e+00
2.027000e-05	-2.863839e-02	-9.002247e+00
2.028000e-05	3.438186e-02	-9.184745e+00
2.029000e-05	4.286777e-03	-9.333769e+00
2.030000e-05	-4.601664e-02	-9.585247e+00
2.031000e-05	8.523591e-02	-9.753718e+00
2.032000e-05	-5.483773e-02	-9.902193e+00
2.033000e-05	6.085298e-02	-1.008017e+01
2.034000e-05	-6.923955e-02	-1.031107e+01
2.035000e-05	5.571746e-02	-1.051011e+01
2.036000e-05	8.918730e-03	-1.066588e+01
2.037000e-05	2.209800e-02	-1.082692e+01
2.038000e-05	1.260563e-03	-1.092327e+01
2.039000e-05	-1.761288e-02	-1.118374e+01
2.040000e-05	4.085195e-02	-1.129226e+01
2.041000e-05	-7.317806e-03	-1.149906e+01
2.042000e-05	2.842006e-02	-1.161965e+01
2.043000e-05	-2.631642e-02	-1.182892e+01
2.044000e-05	3.283968e-02	-1.194567e+01
2.045000e-05	1.350049e-02	-1.209961e+01
2.046000e-05	2.862832e-02	-1.225695e+01
2.047000e-05	-5.841261e-03	-1.234484e+01
2.048000e-05	5.576038e-03	-1.245011e+01
2.049000e-05	2.033456e-02	-1.257750e+01
2.050000e-05	2.145065e-02	-1.271111e+01
2.051000e-05	1.167568e-02	-1.282890e+01
2.052000e-05	-8.869352e-04	-1.294276e+01
2.053000e-05	1.602692e-02	-1.301640e+01
2.054000e-05	2.634786e-02	-1.311074e+01
2.055000e-05	2.434076e-02	-1.314490e+01
2.056000e-05	8.796110e-03	-1.326910e+01
2.057000e-05	1.157270e-02	-1.332639e+01
2.058000e-05	2.189354e-02	-1.343908e+01
2.059000e-05	3.077302e-02	-1.346273e+01
2.060000e-05	1.470683e-02	-1.361339e+01
2.061000e-05	1.095661e-02	-1.366856e+01
2.062000e-05	1.544206e-02	-1.367121e+01
2.063000e-05	3.169670e-02	-1.374432e+01
2.064000e-05	2.731435e-02	-1.379589e+01
2.065000e-05	2.178287e-02	-1.381913e+01
2.066000e-05	1.782123e-02	-1.385063e+01
2.067000e-05	2.973995e-02	-1.389276e+01
2.068000e-05	3.580015e-02	-1.391597e+01
2.069000e-05	2.710549e-02	-1.394597e+01
2.070000e-05	2.178704e-02	-1.396547e+01
2.071000e-05	2.473494e-02	-1.397004e+01
2.072000e-05	3.775027e-02	-1.399907e+01
2.073000e-05	3.813711e-02	-1.397852e+01
2.074000e-05	3.366012e-02	-1.398907e+01
2.075000e-05	3.058707e-02	-1.397707e+01
2.076000e-05	3.959871e-02	-1.395799e+01
2.077000e-05	4.582897e-02	-1.393699e+01
2.078000e-05	4.190251e-02	-1.392634e+01
2.079000e-05	3.659915e-02	-1.387128e+01
2.080000e-05	3.980576e-02	-1.384965e+01
2.081000e-05	4.881828e-02	-1.385805e+01
2.082000e-05	4.948620e-02	-1.376652e+01
2.083000e-05	4.323409e-02	-1.374336e+01
2.084000e-05	3.938027e-02	-1.369118e+01
2.085000e-05	4.413733e-02	-1.361852e+01
2.086000e-05	4.810652e-02	-1.358537e+01
2.087000e-05	4.294396e-02	-1.352172e+01
2.088000e-05	3.500313e-02	-1.340857e+01
2.089000e-05	3.293639e-02	-1.332381e+01
2.090000e-05	3.692038e-02	-1.326016e+01
2.091000e-05	3.537837e-02	-1.316791e+01
2.092000e-05	2.819587e-02	-1.302970e+01
2.093000e-05	2.208582e-02	-1.297439e+01
2.094000e-05	2.554023e-02	-1.288264e+01
2.095000e-05	2.768782e-02	-1.281599e+01
2.096000e-05	2.460868e-02	-1.270020e+01
2.097000e-05	1.728350e-02	-1.252637e+01
2.098000e-05	1.585449e-02	-1.244110e+01
2.099000e-05	1.957942e-02	-1.233288e+01
2.100000e-05	1.995059e-02	-1.215489e+01
2.101000e-05	1.449043e-02	-1.208106e+01
2.102000e-05	8.524865e-03	-1.192238e+01
2.103000e-05	1.129188e-02	-1.177444e+01
2.104000e-05	1.400236e-02	-1.157749e+01
2.105000e-05	1.314916e-02	-1.142710e+01
2.106000e-05	8.631540e-03	-1.121105e+01
2.107000e-05	7.025559e-03	-1.108171e+01
2.108000e-05	9.509045e-03	-1.091974e+01
2.109000e-05	1.039652e-02	-1.080477e+01
2.110000e-05	6.399764e-03	-1.061600e+01
2.111000e-05	3.507309e-03	-1.047958e+01
2.112000e-05	4.242996e-03	-1.027016e+01
2.113000e-05	6.537143e-03	-1.007066e+01
2.114000e-05	6.676505e-03	-9.930156e+00
2.115000e-05	3.388354e-03	-9.721266e+00
2.116000e-05	2.817035e-03	-9.555717e+00
2.117000e-05	3.459656e-03	-9.352765e+00
2.118000e-05	4.517258e-03	-9.153267e+00
2.119000e-05	3.983621e-03	-8.981666e+00
2.120000e-05	-2.597702e-04	-8.814287e+00
2.121000e-05	-6.357575e-04	-8.524294e+00
2.122000e-05	1.452861e-03	-8.351662e+00
2.123000e-05	3.283716e-03	-8.129688e+00
2.124000e-05	5.620543e-04	-7.942167e+00
2.125000e-05	-8.209629e-04	-7.700660e+00
2.126000e-05	-3.432953e-04	-7.424454e+00
2.127000e-05	2.069234e-03	-7.226379e+00
2.128000e-05	8.257527e-04	-7.015367e+00
2.129000e-05	-2.932583e-04	-6.773289e+00
2.130000e-05	-3.448390e-03	-6.552589e+00
2.131000e-05	-1.149347e-04	-6.330136e+00
2.132000e-05	-1.633363e-03	-6.086561e+00
2.133000e-05	-7.355037e-04	-5.825878e+00
2.134000e-05	-4.775244e-03	-5.605274e+00
2.135000e-05	-2.364966e-03	-5.362794e+00
2.136000e-05	-2.603465e-03	-5.098480e+00
2.137000e-05	4.020101e-04	-4.733268e+00
2.138000e-05	-3.902080e-03	-4.530464e+00
2.139000e-05	-2.123771e-03	-4.369066e+00
2.140000e-05	-3.774864e-03	-4.109010e+00
2.141000e-05	-1.171024e-03	-3.886377e+00
2.142000e-05	-5.202559e-03	-3.602098e+00
2.143000e-05	-4.756506e-03	-3.371615e+00
2.144000e-05	-5.811009e-03	-3.106385e+00
2.145000e-05	-2.244064e-03	-2.833227e+00
2.146000e-05	-4.021898e-03	-2.581097e+00
2.147000e-05	-3.838729e-03	-2.379989e+00
2.148000e-05	-4.609447e-03	-2.045856e+00
2.149000e-05	-3.844868e-03	-1.813200e+00
2.150000e-05	-4.296978e-03	-1.581095e+00
2.151000e-05	-6.378181e-03	-1.266291e+00
2.152000e-05	-7.377772e-03	-9.801002e-01
2.153000e-05	-7.768435e-03	-7.294950e-01
2.154000e-05	-3.223800e-03	-4.767107e-01
2.155000e-05	-4.504953e-03	-2.431527e-01
2.156000e-05	-2.510616e-03	-1.107232e-02
2.157000e-05	7.218656e-03	2.846607e-01
2.158000e-05	-2.694240e-03	5.341905e-01
2.159000e-05	4.691083e-03	7.258183e-01
2.160000e-05	-7.307173e-03	9.784503e-01
2.161000e-05	-1.845032e-03	1.243583e+00
2.162000e-05	-5.455223e-03	1.567262e+00
2.163000e-05	5.407594e-03	1.780446e+00
2.164000e-05	3.070403e-02	1.960475e+00
2.165000e-05	8.497126e-02	2.252133e+00
2.166000e-05	-5.369727e-02	2.548393e+00
2.167000e-05	-3.463130e-02	2.844058e+00
2.168000e-05	-4.087214e-02	3.125254e+00
2.169000e-05	-2.358949e-02	3.276758e+00
2.170000e-05	-9.804941e-02	3.529969e+00
2.171000e-05	1.019467e-01	3.675737e+00
2.172000e-05	9.101921e-03	3.938965e+00
2.173000e-05	-1.232653e-01	4.244173e+00
2.174000e-05	1.999986e-01	4.434132e+00
2.175000e-05	-1.057546e-01	4.709460e+00
2.176000e-05	3.695025e-02	4.939395e+00
2.177000e-05	-1.337624e-02	5.274259e+00
2.178000e-05	-7.074089e-02	5.527816e+00
2.179000e-05	4.948373e-02	5.728368e+00
2.180000e-05	-3.293139e-02	5.993201e+00
2.181000e-05	1.860246e-02	6.194101e+00
2.182000e-05	-8.981747e-03	6.494882e+00
2.183000e-05	-3.267618e-02	6.709911e+00
2.184000e-05	2.768112e-02	6.910491e+00
2.185000e-05	-4.303389e-02	7.150622e+00
2.186000e-05	3.400199e-02	7.426226e+00
2.187000e-05	-5.693849e-02	7.657405e+00
2.188000e-05	1.713600e-02	7.932610e+00
2.189000e-05	2.267237e-02	8.161641e+00
2.190000e-05	-4.531621e-02	8.350464e+00
2.191000e-05	1.621952e-02	8.500662e+00
2.192000e-05	-4.651682e-02	8.709514e+00
2.193000e-05	1.829870e-02	8.889033e+00
2.194000e-05	-1.472444e-02	9.111635e+00
2.195000e-05	-9.295461e-04	9.309535e+00
2.196000e-05	-1.616147e-02	9.520012e+00
2.197000e-05	-1.758801e-02	9.709582e+00
2.198000e-05	8.497994e-03	9.898474e+00
2.199000e-05	-2.775778e-02	1.007846e+01
2.200000e-05	-5.986420e-03	1.026642e+01
2.201000e-05	-2.962593e-02	1.044645e+01
2.202000e-05	8.046513e-04	1.058437e+01
2.203000e-05	-5.377305e-03	1.081324e+01
2.204000e-05	-1.338657e-02	1.095269e+01
2.205000e-05	-1.873079e-02	1.112756e+01
2.206000e-05	-1.980375e-02	1.125913e+01
2.207000e-05	-4.128458e-03	1.141900e+01
2.208000e-05	-1.862186e-02	1.159582e+01
2.209000e-05	-1.585207e-02	1.175324e+01
2.210000e-05	-2.476270e-02	1.186058e+01
2.211000e-05	-8.010612e-03	1.198650e+01
2.212000e-05	-1.076505e-02	1.214476e+01
2.213000e-05	-1.688110e-02	1.228005e+01
2.214000e-05	-2.466896e-02	1.243590e+01
2.215000e-05	-2.234063e-02	1.255366e+01
2.216000e-05	-1.223799e-02	1.261690e+01
2.217000e-05	-1.853656e-02	1.272324e+01
2.218000e-05	-2.255920e-02	1.281857e+01
2.219000e-05	-2.702490e-02	1.295526e+01
2.220000e-05	-1.871410e-02	1.303699e+01
2.221000e-05	-1.703179e-02	1.311426e+01
2.222000e-05	-2.144076e-02	1.322689e+01
2.223000e-05	-2.750174e-02	1.329313e+01
2.224000e-05	-2.604300e-02	1.334432e+01
2.225000e-05	-2.049178e-02	1.341892e+01
2.226000e-05	-2.304618e-02	1.350086e+01
2.227000e-05	-2.878149e-02	1.354442e+01
2.228000e-05	-3.333963e-02	1.361902e+01
2.229000e-05	-2.818933e-02	1.365266e+01
2.230000e-05	-2.512357e-02	1.367536e+01
2.231000e-05	-2.985725e-02	1.376686e+01
2.232000e-05	-3.450212e-02	1.385952e+01
2.233000e-05	-3.522220e-02	1.384955e+01
2.234000e-05	-3.022319e-02	1.386075e+01
2.235000e-05	-3.312642e-02	1.391327e+01
2.236000e-05	-3.750660e-02	1.392432e+01
2.237000e-05	-4.242994e-02	1.393178e+01
2.238000e-05	-3.957342e-02	1.392748e+01
2.239000e-05	-3.888798e-02	1.391676e+01
2.240000e-05	-3.945209e-02	1.393388e+01
2.241000e-05	-4.555266e-02	1.395635e+01
2.242000e-05	-4.829935e-02	1.389477e+01
2.243000e-05	-4.523454e-02	1.385122e+01
2.244000e-05	-4.804472e-02	1.386215e+01
2.245000e-05	-5.088233e-02	1.379002e+01
2.246000e-05	-5.656989e-02	1.378854e+01
2.247000e-05	-5.153472e-02	1.377642e+01
2.248000e-05	-4.994095e-02	1.367278e+01
2.249000e-05	-4.952095e-02	1.362210e+01
2.250000e-05	-5.368710e-02	1.360599e+01
2.251000e-05	-5.364994e-02	1.354348e+01
2.252000e-05	-4.904652e-02	1.345970e+01
2.253000e-05	-4.736016e-02	1.341750e+01
2.254000e-05	-4.531290e-02	1.333486e+01
2.255000e-05	-4.722641e-02	1.326115e+01
2.256000e-05	-4.270878e-02	1.321584e+01
2.257000e-05	-3.886118e-02	1.308165e+01
2.258000e-05	-3.568890e-02	1.298754e+01
2.259000e-05	-3.480698e-02	1.289373e+01
2.260000e-05	-3.616277e-02	1.279759e+01
2.261000e-05	-2.888090e-02	1.271236e+01
2.262000e-05	-2.977870e-02	1.258687e+01
2.263000e-05	-2.708837e-02	1.247063e+01
2.264000e-05	-3.127325e-02	1.238539e+01
2.265000e-05	-2.465068e-02	1.224917e+01
2.266000e-05	-2.275882e-02	1.208376e+01
2.267000e-05	-2.057165e-02	1.198644e+01
2.268000e-05	-2.205857e-02	1.184957e+01
2.269000e-05	-2.242031e-02	1.170326e+01
2.270000e-05	-2.014420e-02	1.156583e+01
2.271000e-05	-1.873193e-02	1.138544e+01
2.272000e-05	-1.761865e-02	1.120860e+01
2.273000e-05	-1.998474e-02	1.104855e+01
2.274000e-05	-1.815684e-02	1.090164e+01
2.275000e-05	-1.759416e-02	1.076576e+01
2.276000e-05	-1.452553e-02	1.053584e+01
2.277000e-05	-1.596623e-02	1.038789e+01
2.278000e-05	-1.499679e-02	1.022639e+01
2.279000e-05	-1.558977e-02	1.006853e+01
2.280000e-05	-1.252047e-02	9.869095e+00
2.281000e-05	-1.229733e-02	9.640572e+00
2.282000e-05	-1.316865e-02	9.467526e+00
2.283000e-05	-1.333311e-02	9.269057e+00
2.284000e-05	-1.255967e-02	9.101105e+00
2.285000e-05	-1.118179e-02	8.880754e+00
2.286000e-05	-1.234476e-02	8.728059e+00
2.287000e-05	-1.181914e-02	8.518557e+00
2.288000e-05	-1.167324e-02	8.308079e+00
2.289000e-05	-9.695239e-03	8.099658e+00
2.290000e-05	-9.365507e-03	7.858504e+00
2.291000e-05	-1.029307e-02	7.637949e+00
2.292000e-05	-1.068577e-02	7.416019e+00
2.293000e-05	-1.046024e-02	7.182739e+00
2.294000e-05	-9.786851e-03	6.951639e+00
2.295000e-05	-8.997022e-03	6.782085e+00
2.296000e-05	-9.081541e-03	6.449635e+00
2.297000e-05	-9.537100e-03	6.266881e+00
2.298000e-05	-8.355767e-03	6.047351e+00
2.299000e-05	-7.350389e-03	5.754291e+00
2.300000e-05	-8.357517e-03	5.551066e+00
2.301000e-05	-8.543536e-03	5.301159e+00
2.302000e-05	-8.282883e-03	4.992894e+00
2.303000e-05	-8.243032e-03	4.791111e+00
2.304000e-05	-6.932520e-03	4.497933e+00
2.305000e-05	-7.867094e-03	4.299006e+00
2.306000e-05	-8.649409e-03	4.022119e+00
2.307000e-05	-7.737140e-03	3.742119e+00
2.308000e-05	-6.772640e-03	3.571017e+00
2.309000e-05	-6.155975e-03	3.246874e+00
2.310000e-05	-6.522653e-03	2.992778e+00
2.311000e-05	-7.294240e-03	2.811599e+00
2.312000e-05	-5.876852e-03	2.518508e+00
2.313000e-05	-6.391608e-03	2.264404e+00
2.314000e-05	-6.500613e-03	2.012653e+00
2.315000e-05	-7.519514e-03	1.742474e+00
2.316000e-05	-6.663894e-03	1.516383e+00
2.317000e-05	-5.184039e-03	1.243225e+00
2.318000e-05	-4.283743e-03	8.858359e-01
2.319000e-05	-5.964293e-03	6.548067e-01
2.320000e-05	-5.434551e-03	4.316264e-01
2.321000e-05	-3.292399e-03	1.503895e-01
2.322000e-05	-1.804298e-03	-1.146921e-01
2.323000e-05	7.663691e-03	-3.168173e-01
2.324000e-05	-6.779504e-03	-5.283725e-01
2.325000e-05	3.183777e-03	-8.325303e-01
2.326000e-05	-4.327480e-03	-1.063061e+00
2.327000e-05	4.016666e-03	-1.296253e+00
2.328000e-05	-6.475364e-03	-1.556948e+00
2.329000e-05	1.503322e-02	-1.798554e+00
2.330000e-05	8.743620e-02	-2.011503e+00
2.331000e-05	2.021648e-02	-2.338944e+00
2.332000e-05	-6.364828e-02	-2.736842e+00
2.333000e-05	-1.371399e-02	-3.010582e+00
2.334000e-05	-5.722750e-02	-3.254156e+00
2.335000e-05	-8.403029e-02	-3.379579e+00
2.336000e-05	1.596011e-01	-3.547945e+00
2.337000e-05	-6.116204e-02	-3.798978e+00
2.338000e-05	-5.419519e-02	-4.066836e+00
2.339000e-05	1.858123e-01	-4.233709e+00
2.340000e-05	-1.850111e-01	-4.557372e+00
2.341000e-05	1.703781e-01	-4.782077e+00
2.342000e-05	-7.009332e-02	-5.022103e+00
2.343000e-05	-1.141039e-01	-5.402198e+00
2.344000e-05	1.313158e-01	-5.621598e+00
2.345000e-05	-1.101787e-01	-5.834658e+00
2.346000e-05	1.391935e-01	-6.065262e+00
2.347000e-05	-5.242234e-02	-6.308363e+00
2.348000e-05	-4.126940e-02	-6.551646e+00
2.349000e-05	1.076996e-01	-6.750072e+00
2.350000e-05	-1.092935e-01	-7.104802e+00
2.351000e-05	1.286075e-01	-7.297356e+00
2.352000e-05	-1.428780e-01	-7.466834e+00
2.353000e-05	8.061488e-02	-7.763170e+00
2.354000e-05	4.044663e-02	-7.961644e+00
2.355000e-05	-5.545543e-02	-8.203751e+00
2.356000e-05	8.817966e-02	-8.361692e+00
2.357000e-05	-1.300333e-01	-8.625228e+00
2.358000e-05	1.204166e-01	-8.837351e+00
2.359000e-05	-5.005041e-02	-9.064275e+00
2.360000e-05	5.898694e-02	-9.214278e+00
2.361000e-05	-2.469169e-02	-9.350792e+00
2.362000e-05	-1.716274e-02	-9.622298e+00
2.363000e-05	6.808213e-02	-9.752194e+00
2.364000e-05	-4.660618e-02	-9.942843e+00
2.365000e-05	5.528449e-02	-1.012127e+01
2.366000e-05	-7.153648e-02	-1.033219e+01
2.367000e-05	6.822898e-02	-1.050162e+01
2.368000e-05	-4.777473e-03	-1.070801e+01
2.369000e-05	3.295460e-02	-1.082593e+01
2.370000e-05	-1.324950e-02	-1.095530e+01
2.371000e-05	-2.462205e-03	-1.119476e+01
2.372000e-05	3.271264e-02	-1.130116e+01
2.373000e-05	-1.415839e-03	-1.151168e+01
2.374000e-05	2.139946e-02	-1.168903e+01
2.375000e-05	-2.461702e-02	-1.186842e+01
2.376000e-05	3.584847e-02	-1.199534e+01
2.377000e-05	1.184461e-02	-1.212111e+01
2.378000e-05	2.948971e-02	-1.224798e+01
2.379000e-05	-1.138331e-02	-1.234529e+01
2.380000e-05	1.165193e-02	-1.248169e+01
2.381000e-05	1.825456e-02	-1.257582e+01
2.382000e-05	2.368243e-02	-1.271170e+01
2.383000e-05	6.998015e-03	-1.285941e+01
2.384000e-05	1.540394e-03	-1.293277e+01
2.385000e-05	1.686962e-02	-1.302742e+01
2.386000e-05	2.697815e-02	-1.310176e+01
2.387000e-05	2.183909e-02	-1.320550e+01
2.388000e-05	7.532734e-03	-1.328121e+01
2.389000e-05	1.317078e-02	-1.333682e+01
2.390000e-05	2.414509e-02	-1.339910e+01
2.391000e-05	3.031029e-02	-1.352261e+01
2.392000e-05	1.298081e-02	-1.357592e+01
2.393000e-05	1.189454e-02	-1.365058e+01
2.394000e-05	1.667379e-02	-1.371071e+01
2.395000e-05	3.241409e-02	-1.372487e+01
2.396000e-05	2.535300e-02	-1.379694e+01
2.397000e-05	2.027042e-02	-1.381808e+01
2.398000e-05	1.842120e-02	-1.385028e+01
2.399000e-05	3.113008e-02	-1.389341e+01
2.400000e-05	3.505324e-02	-1.394449e+01
2.401000e-05	2.624349e-02	-1.394587e+01
2.402000e-05	2.172103e-02	-1.393654e+01
2.403000e-05	2.663753e-02	-1.403904e+01
2.404000e-05	3.955069e-02	-1.400952e+01
2.405000e-05	3.776803e-02	-1.400992e+01
2.406000e-05	3.264324e-02	-1.395807e+01
2.407000e-05	3.026007e-02	-1.398806e+01
2.408000e-05	4.117198e-02	-1.395849e+01
2.409000e-05	4.654611e-02	-1.391446e+01
2.410000e-05	4.109831e-02	-1.391391e+01
2.411000e-05	3.684279e-02	-1.388226e+01
2.412000e-05	4.105844e-02	-1.385130e+01
2.413000e-05	5.014564e-02	-1.382699e+01
2.414000e-05	4.936702e-02	-1.375701e+01
2.415000e-05	4.222175e-02	-1.371378e+01
2.416000e-05	3.798952e-02	-1.367011e+01
2.417000e-05	4.416815e-02	-1.361750e+01
2.418000e-05	4.725150e-02	-1.355189e+01
2.419000e-05	4.247791e-02	-1.344260e+01
2.420000e-05	3.546901e-02	-1.339842e+01
2.421000e-05	3.411757e-02	-1.330531e+01
2.422000e-05	3.740153e-02	-1.321007e+01
2.423000e-05	3.578882e-02	-1.315589e+01
2.424000e-05	2.827380e-02	-1.306868e+01
2.425000e-05	2.174888e-02	-1.300527e+01
2.426000e-05	2.458786e-02	-1.288106e+01
2.427000e-05	2.663288e-02	-1.279597e+01
2.428000e-05	2.372070e-02	-1.268965e+01
2.429000e-05	1.711432e-02	-1.252632e+01
2.430000e-05	1.603290e-02	-1.244212e+01
2.431000e-05	1.950033e-02	-1.233283e+01
2.432000e-05	1.918755e-02	-1.219637e+01
2.433000e-05	1.444627e-02	-1.205116e+01
2.434000e-05	9.518190e-03	-1.194127e+01
2.435000e-05	1.153331e-02	-1.171431e+01
2.436000e-05	1.421251e-02	-1.157744e+01
2.437000e-05	1.214934e-02	-1.143799e+01
2.438000e-05	7.042549e-03	-1.122955e+01
2.439000e-05	5.370205e-03	-1.106962e+01
2.440000e-05	9.089045e-03	-1.089061e+01
2.441000e-05	1.083885e-02	-1.076374e+01
2.442000e-05	7.260291e-03	-1.058640e+01
2.443000e-05	2.357404e-03	-1.042798e+01
2.444000e-05	3.683091e-03	-1.028755e+01
2.445000e-05	6.361773e-03	-1.006013e+01
2.446000e-05	7.114712e-03	-9.887081e+00
2.447000e-05	3.450411e-03	-9.701686e+00
2.448000e-05	1.381005e-03	-9.543183e+00
2.449000e-05	2.871163e-03	-9.342786e+00
2.450000e-05	5.806238e-03	-9.162714e+00
2.451000e-05	2.938581e-03	-8.932213e+00
2.452000e-05	-7.235714e-04	-8.760663e+00
2.453000e-05	4.006826e-04	-8.512185e+00
2.454000e-05	3.066662e-03	-8.329237e+00
2.455000e-05	1.646400e-03	-8.141215e+00
2.456000e-05	-1.220704e-03	-7.960634e+00
2.457000e-05	-1.033147e-03	-7.700029e+00
2.458000e-05	1.366416e-03	-7.435897e+00
2.459000e-05	2.699908e-03	-7.222823e+00
2.460000e-05	-1.586865e-03	-6.993744e+00
2.461000e-05	-2.500999e-03	-6.692589e+00
2.462000e-05	-9.372552e-04	-6.520059e+00
2.463000e-05	2.000057e-03	-6.267559e+00
2.464000e-05	-1.552499e-03	-6.055480e+00
2.465000e-05	-2.772033e-03	-5.814321e+00
2.466000e-05	-5.421840e-03	-5.602221e+00
2.467000e-05	-8.009447e-04	-5.340663e+00
2.468000e-05	-2.494593e-03	-5.046451e+00
2.469000e-05	-7.658905e-04	-4.730540e+00
2.470000e-05	-5.438441e-03	-4.488886e+00
2.471000e-05	-1.292466e-03	-4.287940e+00
2.472000e-05	-1.911620e-03	-4.095882e+00
2.473000e-05	-1.892707e-03	-3.844346e+00
2.474000e-05	-6.399789e-03	-3.580567e+00
2.475000e-05	-6.132348e-03	-3.320040e+00
2.476000e-05	-5.790250e-03	-3.075411e+00
2.477000e-05	-3.599380e-03	-2.813145e+00
2.478000e-05	-3.728948e-03	-2.571643e+00
2.479000e-05	-3.588889e-03	-2.337434e+00
2.480000e-05	-2.485632e-03	-2.033702e+00
2.481000e-05	-2.391468e-03	-1.821102e+00
2.482000e-05	-3.557444e-03	-1.548073e+00
2.483000e-05	-8.091600e-03	-1.223104e+00
2.484000e-05	-8.022550e-03	-9.700712e-01
2.485000e-05	-8.243046e-03	-7.479136e-01
2.486000e-05	-4.332460e-03	-4.416565e-01
2.487000e-05	-4.714588e-03	-2.221301e-01
2.488000e-05	-1.172658e-03	5.353284e-02
2.489000e-05	8.566804e-03	3.557621e-01
2.490000e-05	-3.649387e-03	5.373409e-01
2.491000e-05	5.936310e-03	7.683959e-01
2.492000e-05	-8.493490e-03	1.018430e+00
2.493000e-05	-1.999960e-03	1.263684e+00
2.494000e-05	-6.929820e-03	1.617874e+00
2.495000e-05	7.654204e-03	1.772499e+00
2.496000e-05	3.491561e-02	1.999475e+00
2.497000e-05	8.275125e-02	2.283606e+00
2.498000e-05	-6.850748e-02	2.591448e+00
2.499000e-05	-2.525897e-02	2.866165e+00
2.500000e-05	-4.344258e-02	3.148867e+00
2.501000e-05	-2.580798e-02	3.297789e+00
2.502000e-05	-9.412331e-02	3.559922e+00
2.503000e-05	1.242270e-01	3.727285e+00
2.504000e-05	-3.817399e-02	3.991596e+00
2.505000e-05	-7.953544e-02	4.182622e+00
2.506000e-05	1.846503e-01	4.494759e+00
2.507000e-05	-1.154124e-01	4.762516e+00
2.508000e-05	5.539836e-02	4.971619e+00
2.509000e-05	-3.578958e-02	5.297309e+00
2.510000e-05	-5.479595e-02	5.549389e+00
2.511000e-05	4.672010e-02	5.751520e+00
2.512000e-05	-3.726500e-02	6.033702e+00
2.513000e-05	2.768364e-02	6.276807e+00
2.514000e-05	-2.093150e-02	6.488435e+00
2.515000e-05	-2.137644e-02	6.780516e+00
2.516000e-05	2.126716e-02	6.972593e+00
2.517000e-05	-3.834730e-02	7.172146e+00
2.518000e-05	3.366542e-02	7.487683e+00
2.519000e-05	-6.646529e-02	7.718411e+00
2.520000e-05	3.432270e-02	7.942015e+00
2.521000e-05	5.496758e-03	8.191690e+00
2.522000e-05	-3.433406e-02	8.350566e+00
2.523000e-05	8.024673e-03	8.510666e+00
2.524000e-05	-4.120156e-02	8.730539e+00
2.525000e-05	1.899113e-02	8.940062e+00
2.526000e-05	-1.790757e-02	9.150661e+00
2.527000e-05	2.222037e-03	9.340688e+00
2.528000e-05	-2.119024e-02	9.542014e+00
2.529000e-05	-1.045685e-02	9.650708e+00
2.530000e-05	2.943420e-03	9.900955e+00
2.531000e-05	-2.542940e-02	1.011066e+01
2.532000e-05	-9.150301e-03	1.027735e+01
2.533000e-05	-2.637125e-02	1.043647e+01
2.534000e-05	3.047962e-03	1.063742e+01
2.535000e-05	-6.754523e-03	1.082582e+01
2.536000e-05	-1.338768e-02	1.094169e+01
2.537000e-05	-1.997470e-02	1.109111e+01
2.538000e-05	-1.716593e-02	1.129210e+01
2.539000e-05	-6.402070e-03	1.144905e+01
2.540000e-05	-1.768259e-02	1.162690e+01
2.541000e-05	-1.806577e-02	1.175169e+01
2.542000e-05	-2.203175e-02	1.191011e+01
2.543000e-05	-8.178698e-03	1.200663e+01
2.544000e-05	-1.003620e-02	1.215526e+01
2.545000e-05	-1.804520e-02	1.228966e+01
2.546000e-05	-2.460574e-02	1.244688e+01
2.547000e-05	-2.055785e-02	1.254121e+01
2.548000e-05	-1.354811e-02	1.265792e+01
2.549000e-05	-1.950669e-02	1.271329e+01
2.550000e-05	-2.399279e-02	1.282913e+01
2.551000e-05	-2.537238e-02	1.291434e+01
2.552000e-05	-1.849655e-02	1.304805e+01
2.553000e-05	-1.564662e-02	1.313321e+01
2.554000e-05	-2.215903e-02	1.322742e+01
2.555000e-05	-2.547056e-02	1.329021e+01
2.556000e-05	-2.739873e-02	1.338527e+01
2.557000e-05	-2.124136e-02	1.343647e+01
2.558000e-05	-2.429129e-02	1.350331e+01
2.559000e-05	-2.895222e-02	1.355636e+01
2.560000e-05	-3.222361e-02	1.361007e+01
2.561000e-05	-2.891472e-02	1.368261e+01
2.562000e-05	-2.450886e-02	1.372386e+01
2.563000e-05	-2.992246e-02	1.375547e+01
2.564000e-05	-3.254440e-02	1.380902e+01
2.565000e-05	-3.488002e-02	1.385157e+01
2.566000e-05	-3.035867e-02	1.387225e+01
2.567000e-05	-3.401334e-02	1.392167e+01
2.568000e-05	-3.818159e-02	1.393328e+01
2.569000e-05	-4.271142e-02	1.394441e+01
2.570000e-05	-4.057845e-02	1.396548e+01
2.571000e-05	-3.816070e-02	1.390493e+01
2.572000e-05	-4.054545e-02	1.397388e+01
2.573000e-05	-4.469867e-02	1.391338e+01
2.574000e-05	-4.689333e-02	1.392378e+01
2.575000e-05	-4.607242e-02	1.387077e+01
2.576000e-05	-4.802157e-02	1.389107e+01
2.577000e-05	-5.026680e-02	1.381914e+01
2.578000e-05	-5.528525e-02	1.379897e+01
2.579000e-05	-5.340998e-02	1.369641e+01
2.580000e-05	-5.124006e-02	1.367428e+01
2.581000e-05	-4.944602e-02	1.366110e+01
2.582000e-05	-5.190823e-02	1.359959e+01
2.583000e-05	-5.341466e-02	1.353544e+01
2.584000e-05	-4.996391e-02	1.349075e+01
2.585000e-05	-4.684111e-02	1.340592e+01
2.586000e-05	-4.461289e-02	1.329328e+01
2.587000e-05	-4.571396e-02	1.326008e+01
2.588000e-05	-4.318718e-02	1.319486e+01
2.589000e-05	-3.945132e-02	1.310070e+01
2.590000e-05	-3.624122e-02	1.300646e+01
2.591000e-05	-3.442921e-02	1.287315e+01
2.592000e-05	-3.546647e-02	1.278757e+01
2.593000e-05	-2.949896e-02	1.270021e+01
2.594000e-05	-2.976041e-02	1.258637e+01
2.595000e-05	-2.700772e-02	1.250966e+01
2.596000e-05	-2.919359e-02	1.239429e+01
2.597000e-05	-2.529621e-02	1.224902e+01
2.598000e-05	-2.417569e-02	1.208421e+01
2.599000e-05	-2.176688e-02	1.196494e+01
2.600000e-05	-2.133159e-02	1.186852e+01
2.601000e-05	-2.239728e-02	1.170268e+01
2.602000e-05	-1.948779e-02	1.156428e+01
2.603000e-05	-1.911024e-02	1.133531e+01
2.604000e-05	-1.670644e-02	1.118702e+01
2.605000e-05	-1.883127e-02	1.101692e+01
2.606000e-05	-1.802977e-02	1.089016e+01
2.607000e-05	-1.753974e-02	1.074226e+01
2.608000e-05	-1.479260e-02	1.052384e+01
2.609000e-05	-1.600504e-02	1.040536e+01
2.610000e-05	-1.545983e-02	1.019637e+01
2.611000e-05	-1.484159e-02	1.004647e+01
2.612000e-05	-1.312548e-02	9.868046e+00
2.613000e-05	-1.154704e-02	9.639073e+00
2.614000e-05	-1.253327e-02	9.406950e+00
2.615000e-05	-1.289480e-02	9.258060e+00
2.616000e-05	-1.334963e-02	9.119106e+00
2.617000e-05	-1.193209e-02	8.869978e+00
2.618000e-05	-1.182282e-02	8.657480e+00
2.619000e-05	-1.205434e-02	8.447956e+00
2.620000e-05	-1.200761e-02	8.268080e+00
2.621000e-05	-1.008476e-02	8.057526e+00
2.622000e-05	-8.984836e-03	7.817877e+00
2.623000e-05	-9.568987e-03	7.606392e+00
2.624000e-05	-1.048534e-02	7.364741e+00
2.625000e-05	-1.037461e-02	7.161638e+00
2.626000e-05	-9.519978e-03	6.931613e+00
2.627000e-05	-9.417946e-03	6.719555e+00
2.628000e-05	-9.760026e-03	6.436927e+00
2.629000e-05	-1.003205e-02	6.215325e+00
2.630000e-05	-9.480025e-03	6.013826e+00
2.631000e-05	-7.829046e-03	5.774284e+00
2.632000e-05	-8.088005e-03	5.520112e+00
2.633000e-05	-6.938689e-03	5.288481e+00
2.634000e-05	-8.320500e-03	4.994297e+00
2.635000e-05	-6.972131e-03	4.728590e+00
2.636000e-05	-7.323843e-03	4.477908e+00
2.637000e-05	-7.495700e-03	4.274922e+00
2.638000e-05	-8.455147e-03	3.962116e+00
2.639000e-05	-7.557039e-03	3.739510e+00
2.640000e-05	-7.345036e-03	3.497536e+00
2.641000e-05	-6.163691e-03	3.264199e+00
2.642000e-05	-6.433943e-03	2.982219e+00
2.643000e-05	-6.249647e-03	2.770541e+00
2.644000e-05	-5.880288e-03	2.449011e+00
2.645000e-05	-6.206814e-03	2.213677e+00
2.646000e-05	-6.558831e-03	1.991049e+00
2.647000e-05	-6.336165e-03	1.731914e+00
2.648000e-05	-7.787698e-03	1.435254e+00
2.649000e-05	-7.372241e-03	1.221598e+00
2.650000e-05	-4.727670e-03	8.447855e-01
2.651000e-05	-3.991833e-03	6.426777e-01
2.652000e-05	-4.317958e-03	3.795450e-01
2.653000e-05	-4.423284e-03	1.268332e-01
2.654000e-05	-2.897859e-03	-1.232647e-01
2.655000e-05	9.431085e-03	-3.663711e-01
2.656000e-05	-5.694264e-03	-6.199790e-01
2.657000e-05	3.371898e-03	-8.525868e-01
2.658000e-05	-8.201845e-03	-1.084135e+00
2.659000e-05	2.871054e-03	-1.337471e+00
2.660000e-05	-4.750706e-03	-1.570004e+00
2.661000e-05	2.142626e-02	-1.801608e+00
2.662000e-05	9.532246e-02	-2.041028e+00
2.663000e-05	-7.263054e-03	-2.379453e+00
2.664000e-05	-4.623965e-02	-2.768474e+00
2.665000e-05	-2.060874e-02	-3.074283e+00
2.666000e-05	-5.401197e-02	-3.232183e+00
2.667000e-05	-8.297309e-02	-3.422127e+00
2.668000e-05	1.829720e-01	-3.558493e+00
2.669000e-05	-1.119899e-01	-3.840080e+00
2.670000e-05	1.426565e-02	-4.094891e+00
2.671000e-05	1.401557e-01	-4.256707e+00
2.672000e-05	-1.672505e-01	-4.619525e+00
2.673000e-05	1.854482e-01	-4.863678e+00
2.674000e-05	-1.093299e-01	-5.053740e+00
2.675000e-05	-7.341848e-02	-5.401771e+00
2.676000e-05	1.122380e-01	-5.613073e+00
2.677000e-05	-1.127479e-01	-5.885884e+00
2.678000e-05	1.578867e-01	-6.095009e+00
2.679000e-05	-9.225642e-02	-6.288888e+00
2.680000e-05	4.083739e-03	-6.623224e+00
2.681000e-05	7.710886e-02	-6.763173e+00
2.682000e-05	-8.880537e-02	-7.067409e+00
2.683000e-05	1.252842e-01	-7.319886e+00
2.684000e-05	-1.613578e-01	-7.508889e+00
2.685000e-05	1.167170e-01	-7.826850e+00
2.686000e-05	-4.137970e-03	-8.013271e+00
2.687000e-05	-1.968300e-02	-8.253827e+00
2.688000e-05	6.216314e-02	-8.393074e+00
2.689000e-05	-1.127511e-01	-8.637349e+00
2.690000e-05	1.254028e-01	-8.856884e+00
2.691000e-05	-6.578017e-02	-9.055802e+00
2.692000e-05	7.707739e-02	-9.225850e+00
2.693000e-05	-5.395602e-02	-9.396324e+00
2.694000e-05	9.031351e-03	-9.657357e+00
2.695000e-05	4.569102e-02	-9.783327e+00
2.696000e-05	-2.975813e-02	-9.942772e+00
2.697000e-05	4.782945e-02	-1.015482e+01
2.698000e-05	-6.712942e-02	-1.027269e+01
2.699000e-05	7.456010e-02	-1.055222e+01
2.700000e-05	-1.553883e-02	-1.068854e+01
2.701000e-05	4.020557e-02	-1.084705e+01
2.702000e-05	-2.948737e-02	-1.098682e+01
2.703000e-05	1.038412e-02	-1.119384e+01
2.704000e-05	2.379428e-02	-1.133424e+01
2.705000e-05	9.583910e-03	-1.151271e+01
2.706000e-05	1.601348e-02	-1.167055e+01
2.707000e-05	-1.777012e-02	-1.186952e+01
2.708000e-05	3.483781e-02	-1.202719e+01
2.709000e-05	1.051921e-02	-1.214222e+01
2.710000e-05	2.563932e-02	-1.224800e+01
2.711000e-05	-1.587684e-02	-1.238429e+01
2.712000e-05	1.584667e-02	-1.250219e+01
2.713000e-05	1.791646e-02	-1.261742e+01
2.714000e-05	2.718568e-02	-1.270326e+01
2.715000e-05	4.224415e-03	-1.284900e+01
2.716000e-05	4.303646e-03	-1.295424e+01
2.717000e-05	1.743210e-02	-1.303647e+01
2.718000e-05	2.819696e-02	-1.313026e+01
2.719000e-05	1.652855e-02	-1.318852e+01
2.720000e-05	5.392550e-03	-1.325223e+01
2.721000e-05	1.330672e-02	-1.338537e+01
2.722000e-05	2.732839e-02	-1.345008e+01
2.723000e-05	2.986413e-02	-1.360124e+01
2.724000e-05	1.196949e-02	-1.363642e+01
2.725000e-05	1.207902e-02	-1.366910e+01
2.726000e-05	1.884602e-02	-1.374071e+01
2.727000e-05	3.391203e-02	-1.373429e+01
2.728000e-05	2.299769e-02	-1.376705e+01
2.729000e-05	1.925628e-02	-1.386007e+01
2.730000e-05	1.877663e-02	-1.389028e+01
2.731000e-05	3.377832e-02	-1.391583e+01
2.732000e-05	3.395486e-02	-1.392549e+01
2.733000e-05	2.536713e-02	-1.395746e+01
2.734000e-05	2.221472e-02	-1.395799e+01
2.735000e-05	2.788961e-02	-1.397895e+01
2.736000e-05	4.154354e-02	-1.398860e+01
2.737000e-05	3.660156e-02	-1.400954e+01
2.738000e-05	3.209855e-02	-1.393852e+01
2.739000e-05	3.055581e-02	-1.396794e+01
2.740000e-05	4.228393e-02	-1.393554e+01
2.741000e-05	4.575579e-02	-1.391689e+01
2.742000e-05	3.975612e-02	-1.390436e+01
2.743000e-05	3.717380e-02	-1.387325e+01
2.744000e-05	4.280073e-02	-1.381220e+01
2.745000e-05	5.130085e-02	-1.377754e+01
2.746000e-05	4.947989e-02	-1.378544e+01
2.747000e-05	4.272531e-02	-1.373286e+01
2.748000e-05	3.942819e-02	-1.365968e+01
2.749000e-05	4.381208e-02	-1.361994e+01
2.750000e-05	4.604449e-02	-1.355376e+01
2.751000e-05	4.157777e-02	-1.349015e+01
2.752000e-05	3.515427e-02	-1.338647e+01
2.753000e-05	3.475276e-02	-1.328419e+01
2.754000e-05	3.715087e-02	-1.325152e+01
2.755000e-05	3.519155e-02	-1.311379e+01
2.756000e-05	2.801137e-02	-1.303968e+01
2.757000e-05	2.257467e-02	-1.295534e+01
2.758000e-05	2.463925e-02	-1.286061e+01
2.759000e-05	2.577232e-02	-1.281394e+01
2.760000e-05	2.212228e-02	-1.264913e+01
2.761000e-05	1.683555e-02	-1.250429e+01
2.762000e-05	1.617940e-02	-1.238755e+01
2.763000e-05	1.926890e-02	-1.228123e+01
2.764000e-05	1.739454e-02	-1.214534e+01
2.765000e-05	1.450945e-02	-1.206961e+01
2.766000e-05	8.429074e-03	-1.188118e+01
2.767000e-05	1.437730e-02	-1.172379e+01
2.768000e-05	1.432082e-02	-1.155552e+01
2.769000e-05	1.213847e-02	-1.138544e+01
2.770000e-05	7.183602e-03	-1.116652e+01
2.771000e-05	4.581770e-03	-1.103065e+01
2.772000e-05	9.148914e-03	-1.088959e+01
2.773000e-05	8.327660e-03	-1.074267e+01
2.774000e-05	6.381781e-03	-1.060539e+01
2.775000e-05	3.780422e-03	-1.041900e+01
2.776000e-05	6.394878e-03	-1.021790e+01
2.777000e-05	8.691761e-03	-1.000748e+01
2.778000e-05	6.750288e-03	-9.879580e+00
2.779000e-05	1.686348e-03	-9.681084e+00
2.780000e-05	-2.374283e-04	-9.508632e+00
2.781000e-05	2.398780e-03	-9.271133e+00
2.782000e-05	4.540703e-03	-9.108131e+00
2.783000e-05	2.608733e-03	-8.921713e+00
2.784000e-05	9.295975e-04	-8.712659e+00
2.785000e-05	2.056722e-03	-8.491711e+00
2.786000e-05	4.397842e-03	-8.299533e+00
2.787000e-05	3.073953e-03	-8.128564e+00
2.788000e-05	-1.303951e-03	-7.890610e+00
2.789000e-05	-2.434340e-03	-7.630027e+00
2.790000e-05	-1.818081e-03	-7.385821e+00
2.791000e-05	2.509361e-03	-7.233292e+00
2.792000e-05	-1.137381e-03	-6.913193e+00
2.793000e-05	-8.456996e-04	-6.729635e+00
2.794000e-05	-2.144702e-03	-6.498486e+00
2.795000e-05	1.711514e-03	-6.238055e+00
2.796000e-05	-1.227181e-03	-6.024774e+00
2.797000e-05	-7.944098e-04	-5.784293e+00
2.798000e-05	-6.397016e-03	-5.562636e+00
2.799000e-05	-1.701884e-03	-5.258560e+00
2.800000e-05	-3.578847e-03	-5.014301e+00
2.801000e-05	-2.216845e-04	-4.691811e+00
2.802000e-05	-3.994529e-03	-4.466433e+00
2.803000e-05	-2.488823e-03	-4.306884e+00
2.804000e-05	-2.963857e-03	-4.013804e+00
2.805000e-05	-1.305719e-03	-3.812664e+00
2.806000e-05	-2.896581e-03	-3.527991e+00
2.807000e-05	-5.802688e-03	-3.278913e+00
2.808000e-05	-6.284954e-03	-3.055848e+00
2.809000e-05	-4.328963e-03	-2.772073e+00
2.810000e-05	-2.396435e-03	-2.498965e+00
2.811000e-05	-4.337931e-03	-2.333436e+00
2.812000e-05	-4.670436e-03	-2.022627e+00
2.813000e-05	-4.803988e-03	-1.740021e+00
2.814000e-05	-2.992020e-03	-1.518888e+00
2.815000e-05	-5.204748e-03	-1.231549e+00
2.816000e-05	-6.676419e-03	-9.369963e-01
2.817000e-05	-8.336338e-03	-7.163132e-01
2.818000e-05	-4.701490e-03	-3.926064e-01
2.819000e-05	-4.410588e-03	-1.904950e-01
2.820000e-05	-1.033806e-03	6.208282e-02
2.821000e-05	5.359135e-03	3.558658e-01
2.822000e-05	-6.572625e-03	5.763424e-01
2.823000e-05	4.581503e-03	7.680676e-01
2.824000e-05	-6.211752e-03	1.070633e+00
2.825000e-05	3.631254e-04	1.293662e+00
2.826000e-05	-6.477419e-03	1.570452e+00
2.827000e-05	9.661667e-03	1.821580e+00
2.828000e-05	4.080134e-02	2.022528e+00
2.829000e-05	7.671975e-02	2.325308e+00
2.830000e-05	-8.066919e-02	2.630086e+00
2.831000e-05	-2.148114e-02	2.926212e+00
2.832000e-05	-4.536865e-02	3.157870e+00
2.833000e-05	-3.089077e-02	3.350019e+00
2.834000e-05	-8.149722e-02	3.570547e+00
2.835000e-05	1.403470e-01	3.718894e+00
2.836000e-05	-8.353219e-02	4.071601e+00
2.837000e-05	-2.928704e-02	4.265682e+00
2.838000e-05	1.588051e-01	4.496814e+00
2.839000e-05	-1.170355e-01	4.811042e+00
2.840000e-05	6.607061e-02	5.014101e+00
2.841000e-05	-5.746040e-02	5.349491e+00
2.842000e-05	-3.532937e-02	5.580446e+00
2.843000e-05	4.159871e-02	5.803674e+00
2.844000e-05	-3.877251e-02	6.054783e+00
2.845000e-05	3.311896e-02	6.296284e+00
2.846000e-05	-3.138703e-02	6.529538e+00
2.847000e-05	-8.732675e-03	6.792694e+00
2.848000e-05	1.145110e-02	6.962171e+00
2.849000e-05	-3.258824e-02	7.214748e+00
2.850000e-05	2.958134e-02	7.435424e+00
2.851000e-05	-6.978701e-02	7.721039e+00
2.852000e-05	4.815706e-02	7.961243e+00
2.853000e-05	-1.189053e-02	8.213244e+00
2.854000e-05	-2.254464e-02	8.371567e+00
2.855000e-05	5.550392e-04	8.551141e+00
2.856000e-05	-3.336045e-02	8.761069e+00
2.857000e-05	1.901454e-02	8.942194e+00
2.858000e-05	-2.002258e-02	9.172690e+00
2.859000e-05	3.677211e-03	9.320797e+00
2.860000e-05	-2.541835e-02	9.520143e+00
2.861000e-05	-3.785468e-03	9.771087e+00
2.862000e-05	-3.881825e-03	9.931663e+00
2.863000e-05	-2.206963e-02	1.009911e+01
2.864000e-05	-1.302502e-02	1.029938e+01
2.865000e-05	-2.187607e-02	1.047806e+01
2.866000e-05	3.844136e-03	1.062743e+01
2.867000e-05	-7.164721e-03	1.077377e+01
2.868000e-05	-1.344998e-02	1.095367e+01
2.869000e-05	-2.135581e-02	1.111056e+01
2.870000e-05	-1.482487e-02	1.130266e+01
2.871000e-05	-8.414911e-03	1.147115e+01
2.872000e-05	-1.761204e-02	1.163688e+01
2.873000e-05	-1.954759e-02	1.177434e+01
2.874000e-05	-1.992189e-02	1.190953e+01
2.875000e-05	-7.785415e-03	1.202800e+01
2.876000e-05	-9.998001e-03	1.216681e+01
2.877000e-05	-1.936056e-02	1.230118e+01
2.878000e-05	-2.337101e-02	1.242588e+01
2.879000e-05	-1.984310e-02	1.255174e+01
2.880000e-05	-1.417658e-02	1.265745e+01
2.881000e-05	-2.050317e-02	1.272224e+01
2.882000e-05	-2.575283e-02	1.283908e+01
2.883000e-05	-2.412802e-02	1.291671e+01
2.884000e-05	-1.791402e-02	1.302912e+01
2.885000e-05	-1.591086e-02	1.314573e+01
2.886000e-05	-2.535888e-02	1.324845e+01
2.887000e-05	-2.634984e-02	1.331269e+01
2.888000e-05	-2.561886e-02	1.337479e+01
2.889000e-05	-2.045828e-02	1.345010e+01
2.890000e-05	-2.509580e-02	1.356276e+01
2.891000e-05	-3.108269e-02	1.354697e+01
2.892000e-05	-3.228615e-02	1.362055e+01
2.893000e-05	-2.855253e-02	1.363271e+01
2.894000e-05	-2.509525e-02	1.372729e+01
2.895000e-05	-3.262485e-02	1.379696e+01
2.896000e-05	-3.274551e-02	1.379002e+01
2.897000e-05	-3.328422e-02	1.387014e+01
2.898000e-05	-2.859233e-02	1.388163e+01
2.899000e-05	-3.464776e-02	1.389435e+01
2.900000e-05	-4.001348e-02	1.390378e+01
2.901000e-05	-4.303501e-02	1.387530e+01
2.902000e-05	-3.985416e-02	1.396590e+01
2.903000e-05	-3.825814e-02	1.394439e+01
2.904000e-05	-4.265738e-02	1.394480e+01
2.905000e-05	-4.496518e-02	1.392333e+01
2.906000e-05	-4.658827e-02	1.386475e+01
2.907000e-05	-4.411172e-02	1.391422e+01
2.908000e-05	-4.825682e-02	1.386010e+01
2.909000e-05	-5.263902e-02	1.379859e+01
2.910000e-05	-5.648821e-02	1.371602e+01
2.911000e-05	-5.225574e-02	1.373636e+01
2.912000e-05	-5.052557e-02	1.368428e+01
2.913000e-05	-5.214343e-02	1.366160e+01
2.914000e-05	-5.334596e-02	1.357707e+01
2.915000e-05	-5.234027e-02	1.354433e+01
2.916000e-05	-4.722107e-02	1.345923e+01
2.917000e-05	-4.581042e-02	1.340634e+01
2.918000e-05	-4.548841e-02	1.330374e+01
2.919000e-05	-4.628758e-02	1.323062e+01
2.920000e-05	-4.091144e-02	1.318581e+01
2.921000e-05	-3.814372e-02	1.309965e+01
2.922000e-05	-3.716973e-02	1.291737e+01
2.923000e-05	-3.645719e-02	1.286370e+01
2.924000e-05	-3.502221e-02	1.277447e+01
2.925000e-05	-2.784986e-02	1.267960e+01
2.926000e-05	-2.798005e-02	1.259584e+01
2.927000e-05	-2.771887e-02	1.247166e+01
2.928000e-05	-2.938789e-02	1.237433e+01
2.929000e-05	-2.584634e-02	1.217854e+01
2.930000e-05	-2.213216e-02	1.208273e+01
2.931000e-05	-2.263217e-02	1.196486e+01
2.932000e-05	-2.184368e-02	1.179742e+01
2.933000e-05	-2.253162e-02	1.169165e+01
2.934000e-05	-1.821324e-02	1.150323e+01
2.935000e-05	-1.843014e-02	1.132584e+01
2.936000e-05	-1.660946e-02	1.119444e+01
2.937000e-05	-1.985303e-02	1.103645e+01
2.938000e-05	-1.662707e-02	1.088913e+01
2.939000e-05	-1.736075e-02	1.075269e+01
2.940000e-05	-1.505926e-02	1.054531e+01
2.941000e-05	-1.736769e-02	1.037536e+01
2.942000e-05	-1.533760e-02	1.015579e+01
2.943000e-05	-1.344582e-02	1.001642e+01
2.944000e-05	-1.208534e-02	9.797416e+00
2.945000e-05	-1.176979e-02	9.618442e+00
2.946000e-05	-1.309647e-02	9.437349e+00
2.947000e-05	-1.245658e-02	9.257929e+00
2.948000e-05	-1.232141e-02	9.029027e+00
2.949000e-05	-1.119733e-02	8.838075e+00
2.950000e-05	-1.301368e-02	8.638452e+00
2.951000e-05	-1.193603e-02	8.444881e+00
2.952000e-05	-1.189713e-02	8.239502e+00
2.953000e-05	-9.841786e-03	8.037395e+00
2.954000e-05	-1.031083e-02	7.805375e+00
2.955000e-05	-1.023393e-02	7.605893e+00
2.956000e-05	-1.118035e-02	7.334162e+00
2.957000e-05	-8.870318e-03	7.100635e+00
2.958000e-05	-7.647580e-03	6.880581e+00
2.959000e-05	-9.405899e-03	6.719377e+00
2.960000e-05	-1.098282e-02	6.416397e+00
2.961000e-05	-1.103788e-02	6.214193e+00
2.962000e-05	-8.970745e-03	6.033770e+00
2.963000e-05	-8.314760e-03	5.734687e+00
2.964000e-05	-9.252041e-03	5.538483e+00
2.965000e-05	-7.607175e-03	5.268406e+00
2.966000e-05	-5.741516e-03	4.952714e+00
2.967000e-05	-5.559920e-03	4.679986e+00
2.968000e-05	-7.988252e-03	4.456327e+00
2.969000e-05	-1.011350e-02	4.235323e+00
2.970000e-05	-9.470045e-03	3.991540e+00
2.971000e-05	-7.833867e-03	3.726911e+00
2.972000e-05	-6.833182e-03	3.487435e+00
2.973000e-05	-7.536043e-03	3.203599e+00
2.974000e-05	-6.408164e-03	2.950067e+00
2.975000e-05	-5.522959e-03	2.750509e+00
2.976000e-05	-4.414823e-03	2.484778e+00
2.977000e-05	-6.237790e-03	2.211121e+00
2.978000e-05	-7.675579e-03	1.991044e+00
2.979000e-05	-6.321663e-03	1.699937e+00
2.980000e-05	-6.104676e-03	1.423124e+00
2.981000e-05	-5.681773e-03	1.229014e+00
2.982000e-05	-5.862998e-03	8.652577e-01
2.983000e-05	-5.274533e-03	6.006713e-01
2.984000e-05	-4.321775e-03	3.785499e-01
2.985000e-05	-2.491833e-03	9.880791e-02
2.986000e-05	-2.038908e-03	-1.569186e-01
2.987000e-05	8.201642e-03	-4.084751e-01
2.988000e-05	-7.007334e-03	-5.909580e-01
2.989000e-05	4.849474e-03	-8.941882e-01
2.990000e-05	-6.666390e-03	-1.115141e+00
2.991000e-05	2.177911e-03	-1.368609e+00
2.992000e-05	-5.613647e-03	-1.630079e+00
2.993000e-05	2.735765e-02	-1.892607e+00
2.994000e-05	1.030373e-01	-2.023585e+00
2.995000e-05	-3.246133e-02	-2.462008e+00
2.996000e-05	-3.418963e-02	-2.790549e+00
2.997000e-05	-3.228149e-02	-3.103841e+00
2.998000e-05	-5.068544e-02	-3.273260e+00
2.999000e-05	-7.095910e-02	-3.433754e+00
3.000000e-05	1.969836e-01	-3.539419e+00
3.001000e-05	-1.544610e-01	-3.872612e+00
3.002000e-05	6.695562e-02	-4.116964e+00
3.003000e-05	8.740630e-02	-4.305317e+00
3.004000e-05	-1.392935e-01	-4.622106e+00
3.005000e-05	1.848637e-01	-4.844829e+00
3.006000e-05	-1.465233e-01	-5.097335e+00
3.007000e-05	-3.062764e-02	-5.434282e+00
3.008000e-05	9.238825e-02	-5.633082e+00
3.009000e-05	-1.032427e-01	-5.927364e+00
3.010000e-05	1.693513e-01	-6.097562e+00
3.011000e-05	-1.271390e-01	-6.378519e+00
3.012000e-05	4.516724e-02	-6.663751e+00
3.013000e-05	4.002608e-02	-6.793697e+00
3.014000e-05	-6.487730e-02	-7.128014e+00
3.015000e-05	1.107574e-01	-7.308966e+00
3.016000e-05	-1.668895e-01	-7.529492e+00
3.017000e-05	1.501382e-01	-7.866800e+00
3.018000e-05	-4.436128e-02	-8.023776e+00
3.019000e-05	1.690892e-02	-8.225880e+00
3.020000e-05	2.576189e-02	-8.403773e+00
3.021000e-05	-9.029841e-02	-8.677403e+00
3.022000e-05	1.203074e-01	-8.886910e+00
3.023000e-05	-7.177457e-02	-9.045884e+00
3.024000e-05	9.036914e-02	-9.246952e+00
3.025000e-05	-7.454064e-02	-9.427926e+00
3.026000e-05	3.915019e-02	-9.667354e+00
3.027000e-05	2.152825e-02	-9.824856e+00
3.028000e-05	-1.487514e-02	-9.973355e+00
3.029000e-05	3.007686e-02	-1.017480e+01
3.030000e-05	-5.708012e-02	-1.036429e+01
3.031000e-05	7.895171e-02	-1.054212e+01
3.032000e-05	-2.108113e-02	-1.070049e+01
3.033000e-05	4.630380e-02	-1.081951e+01
3.034000e-05	-3.881417e-02	-1.103545e+01
3.035000e-05	2.505848e-02	-1.123485e+01
3.036000e-05	1.167468e-02	-1.137529e+01
3.037000e-05	1.525162e-02	-1.153521e+01
3.038000e-05	5.437766e-03	-1.169068e+01
3.039000e-05	-1.001544e-02	-1.183958e+01
3.040000e-05	3.428892e-02	-1.200777e+01
3.041000e-05	1.212580e-02	-1.214229e+01
3.042000e-05	2.375421e-02	-1.225993e+01
3.043000e-05	-1.606678e-02	-1.238492e+01
3.044000e-05	1.841806e-02	-1.251329e+01
3.045000e-05	1.494546e-02	-1.261847e+01
3.046000e-05	2.712326e-02	-1.274376e+01
3.047000e-05	2.386802e-03	-1.287961e+01
3.048000e-05	8.234644e-03	-1.296422e+01
3.049000e-05	1.761673e-02	-1.308852e+01
3.050000e-05	2.907433e-02	-1.309179e+01
3.051000e-05	1.533914e-02	-1.319952e+01
3.052000e-05	6.800460e-03	-1.332266e+01
3.053000e-05	1.310273e-02	-1.335592e+01
3.054000e-05	2.684462e-02	-1.345013e+01
3.055000e-05	2.843608e-02	-1.356279e+01
3.056000e-05	1.381789e-02	-1.361545e+01
3.057000e-05	1.368361e-02	-1.365008e+01
3.058000e-05	2.134971e-02	-1.371331e+01
3.059000e-05	3.330547e-02	-1.374532e+01
3.060000e-05	2.291670e-02	-1.380750e+01
3.061000e-05	1.778139e-02	-1.383068e+01
3.062000e-05	1.826615e-02	-1.389223e+01
3.063000e-05	3.399844e-02	-1.393428e+01
3.064000e-05	3.377839e-02	-1.390639e+01
3.065000e-05	2.638568e-02	-1.394589e+01
3.066000e-05	2.279279e-02	-1.396902e+01
3.067000e-05	2.925346e-02	-1.396754e+01
3.068000e-05	4.037977e-02	-1.400944e+01
3.069000e-05	3.564154e-02	-1.400904e+01
3.070000e-05	3.067645e-02	-1.394604e+01
3.071000e-05	3.181978e-02	-1.398649e+01
3.072000e-05	4.326835e-02	-1.392597e+01
3.073000e-05	4.619315e-02	-1.390494e+01
3.074000e-05	4.046147e-02	-1.388971e+01
3.075000e-05	3.754764e-02	-1.388228e+01
3.076000e-05	4.234751e-02	-1.383908e+01
3.077000e-05	5.179260e-02	-1.374857e+01
3.078000e-05	4.756369e-02	-1.373486e+01
3.079000e-05	4.131357e-02	-1.368276e+01
3.080000e-05	3.908214e-02	-1.364913e+01
3.081000e-05	4.561473e-02	-1.361845e+01
3.082000e-05	4.687707e-02	-1.353526e+01
3.083000e-05	3.993751e-02	-1.347012e+01
3.084000e-05	3.405744e-02	-1.334642e+01
3.085000e-05	3.411652e-02	-1.330376e+01
3.086000e-05	3.792636e-02	-1.320605e+01
3.087000e-05	3.384546e-02	-1.313631e+01
3.088000e-05	2.675325e-02	-1.306805e+01
3.089000e-05	2.280318e-02	-1.294426e+01
3.090000e-05	2.697370e-02	-1.287956e+01
3.091000e-05	2.698882e-02	-1.276484e+01
3.092000e-05	2.142453e-02	-1.263955e+01
3.093000e-05	1.532892e-02	-1.254284e+01
3.094000e-05	1.591502e-02	-1.239755e+01
3.095000e-05	1.868907e-02	-1.224965e+01
3.096000e-05	1.834657e-02	-1.215474e+01
3.097000e-05	1.293555e-02	-1.200897e+01
3.098000e-05	9.952820e-03	-1.185915e+01
3.099000e-05	1.261108e-02	-1.170374e+01
3.100000e-05	1.385750e-02	-1.156439e+01
3.101000e-05	1.139275e-02	-1.139434e+01
3.102000e-05	5.697102e-03	-1.118804e+01
3.103000e-05	6.388783e-03	-1.104945e+01
3.104000e-05	9.284077e-03	-1.084846e+01
3.105000e-05	9.506811e-03	-1.071271e+01
3.106000e-05	5.498820e-03	-1.056437e+01
3.107000e-05	3.034016e-03	-1.043635e+01
3.108000e-05	5.522732e-03	-1.018694e+01
3.109000e-05	7.204859e-03	-1.003648e+01
3.110000e-05	4.997039e-03	-9.878024e+00
3.111000e-05	2.507879e-03	-9.698009e+00
3.112000e-05	1.267386e-03	-9.500152e+00
3.113000e-05	3.485964e-03	-9.271081e+00
3.114000e-05	4.205878e-03	-9.088110e+00
3.115000e-05	2.886177e-03	-8.910631e+00
3.116000e-05	-5.613283e-04	-8.721028e+00
3.117000e-05	1.550121e-03	-8.480105e+00
3.118000e-05	3.463370e-03	-8.248057e+00
3.119000e-05	3.809091e-03	-8.090010e+00
3.120000e-05	-6.343035e-04	-7.879546e+00
3.121000e-05	-1.955938e-03	-7.596825e+00
3.122000e-05	-9.791965e-04	-7.383768e+00
3.123000e-05	1.285200e-03	-7.183669e+00
3.124000e-05	-1.247542e-03	-6.932135e+00
3.125000e-05	-2.308378e-03	-6.707957e+00
3.126000e-05	-1.496666e-03	-6.477456e+00
3.127000e-05	1.312427e-03	-6.235927e+00
3.128000e-05	-1.425143e-04	-6.014770e+00
3.129000e-05	-2.107639e-03	-5.762143e+00
3.130000e-05	-5.494509e-03	-5.561113e+00
3.131000e-05	-1.578334e-03	-5.287406e+00
3.132000e-05	-3.344232e-03	-4.975244e+00
3.133000e-05	-7.793046e-04	-4.677981e+00
3.134000e-05	-5.456893e-03	-4.474810e+00
3.135000e-05	-2.732897e-03	-4.284832e+00
3.136000e-05	-2.036601e-03	-3.984152e+00
3.137000e-05	-1.916103e-03	-3.781773e+00
3.138000e-05	-3.969345e-03	-3.528989e+00
3.139000e-05	-6.184863e-03	-3.303857e+00
3.140000e-05	-4.453464e-03	-3.003721e+00
3.141000e-05	-3.828626e-03	-2.730019e+00
3.142000e-05	-3.287774e-03	-2.496342e+00
3.143000e-05	-6.144347e-03	-2.264402e+00
3.144000e-05	-4.420278e-03	-1.980498e+00
3.145000e-05	-4.285178e-03	-1.767968e+00
3.146000e-05	-3.426635e-03	-1.484461e+00
3.147000e-05	-6.413646e-03	-1.150070e+00
3.148000e-05	-6.582120e-03	-8.968147e-01
3.149000e-05	-7.542314e-03	-6.753347e-01
3.150000e-05	-3.292822e-03	-4.000238e-01
3.151000e-05	-5.335714e-03	-1.369686e-01
3.152000e-05	-3.871551e-04	6.400819e-02
3.153000e-05	5.277188e-03	3.869461e-01
3.154000e-05	-5.077446e-03	5.684459e-01
3.155000e-05	4.998793e-03	8.104714e-01
3.156000e-05	-5.214081e-03	1.062208e+00
3.157000e-05	-2.737480e-03	1.305842e+00
3.158000e-05	-4.353851e-03	1.634554e+00
3.159000e-05	1.041541e-02	1.822081e+00
3.160000e-05	4.815678e-02	2.062579e+00
3.161000e-05	6.507520e-02	2.357414e+00
3.162000e-05	-8.321250e-02	2.684684e+00
3.163000e-05	-1.781693e-02	2.937389e+00
3.164000e-05	-4.307142e-02	3.178044e+00
3.165000e-05	-4.005939e-02	3.392001e+00
3.166000e-05	-6.457769e-02	3.619519e+00
3.167000e-05	1.482281e-01	3.727370e+00
3.168000e-05	-1.245890e-01	4.004255e+00
3.169000e-05	2.302329e-02	4.267807e+00
3.170000e-05	1.187755e-01	4.540466e+00
3.171000e-05	-1.068004e-01	4.784593e+00
3.172000e-05	7.295789e-02	5.074205e+00
3.173000e-05	-7.480765e-02	5.379494e+00
3.174000e-05	-1.746409e-02	5.590970e+00
3.175000e-05	3.086158e-02	5.824280e+00
3.176000e-05	-3.811235e-02	6.087381e+00
3.177000e-05	3.612082e-02	6.308434e+00
3.178000e-05	-4.094699e-02	6.509089e+00
3.179000e-05	3.940758e-03	6.782194e+00
3.180000e-05	1.728714e-03	7.013728e+00
3.181000e-05	-2.304204e-02	7.204326e+00
3.182000e-05	2.321650e-02	7.520434e+00
3.183000e-05	-6.953237e-02	7.710088e+00
3.184000e-05	5.920517e-02	8.003271e+00
3.185000e-05	-2.811868e-02	8.242773e+00
3.186000e-05	-1.105476e-02	8.401271e+00
3.187000e-05	-1.056397e-02	8.583745e+00
3.188000e-05	-2.469649e-02	8.772117e+00
3.189000e-05	1.628906e-02	8.984291e+00
3.190000e-05	-1.986203e-02	9.212694e+00
3.191000e-05	4.327235e-03	9.383697e+00
3.192000e-05	-2.871069e-02	9.542218e+00
3.193000e-05	3.884718e-03	9.712191e+00
3.194000e-05	-1.058046e-02	9.911687e+00
3.195000e-05	-1.966984e-02	1.012164e+01
3.196000e-05	-1.788378e-02	1.030003e+01
3.197000e-05	-1.833700e-02	1.047766e+01
3.198000e-05	3.749464e-03	1.067943e+01
3.199000e-05	-8.399716e-03	1.083685e+01
3.200000e-05	-1.408605e-02	1.094522e+01
3.201000e-05	-2.184426e-02	1.113216e+01
3.202000e-05	-1.118640e-02	1.131421e+01
3.203000e-05	-1.110874e-02	1.149205e+01
3.204000e-05	-1.633478e-02	1.168850e+01
3.205000e-05	-2.243522e-02	1.178537e+01
3.206000e-05	-1.704503e-02	1.193168e+01
3.207000e-05	-7.944183e-03	1.204948e+01
3.208000e-05	-9.833372e-03	1.217639e+01
3.209000e-05	-2.106335e-02	1.234206e+01
3.210000e-05	-2.289603e-02	1.246898e+01
3.211000e-05	-1.825540e-02	1.256422e+01
3.212000e-05	-1.403065e-02	1.265848e+01
3.213000e-05	-2.076279e-02	1.273384e+01
3.214000e-05	-2.751481e-02	1.288110e+01
3.215000e-05	-2.316141e-02	1.297526e+01
3.216000e-05	-1.802624e-02	1.307105e+01
3.217000e-05	-1.581314e-02	1.315589e+01
3.218000e-05	-2.659982e-02	1.329005e+01
3.219000e-05	-2.551687e-02	1.333321e+01
3.220000e-05	-2.377020e-02	1.335589e+01
3.221000e-05	-2.008857e-02	1.346003e+01
3.222000e-05	-2.707191e-02	1.350334e+01
3.223000e-05	-3.364888e-02	1.353639e+01
3.224000e-05	-3.105103e-02	1.361313e+01
3.225000e-05	-2.686029e-02	1.368420e+01
3.226000e-05	-2.448541e-02	1.369489e+01
3.227000e-05	-3.403221e-02	1.380897e+01
3.228000e-05	-3.264195e-02	1.383007e+01
3.229000e-05	-3.227181e-02	1.384057e+01
3.230000e-05	-2.898163e-02	1.385218e+01
3.231000e-05	-3.666135e-02	1.391422e+01
3.232000e-05	-4.187194e-02	1.392420e+01
3.233000e-05	-4.213104e-02	1.392436e+01
3.234000e-05	-3.907882e-02	1.398386e+01
3.235000e-05	-3.854907e-02	1.398538e+01
3.236000e-05	-4.432112e-02	1.394475e+01
3.237000e-05	-4.514071e-02	1.392390e+01
3.238000e-05	-4.584924e-02	1.392373e+01
3.239000e-05	-4.366611e-02	1.389220e+01
3.240000e-05	-4.908640e-02	1.386014e+01
3.241000e-05	-5.366437e-02	1.382057e+01
3.242000e-05	-5.583314e-02	1.382744e+01
3.243000e-05	-5.111912e-02	1.370496e+01
3.244000e-05	-4.943433e-02	1.366373e+01
3.245000e-05	-5.319394e-02	1.361115e+01
3.246000e-05	-5.448923e-02	1.356802e+01
3.247000e-05	-5.158501e-02	1.351484e+01
3.248000e-05	-4.611397e-02	1.343010e+01
3.249000e-05	-4.655486e-02	1.335629e+01
3.250000e-05	-4.703369e-02	1.331373e+01
3.251000e-05	-4.571398e-02	1.324952e+01
3.252000e-05	-3.996915e-02	1.316529e+01
3.253000e-05	-3.679594e-02	1.311965e+01
3.254000e-05	-3.740123e-02	1.299694e+01
3.255000e-05	-3.607224e-02	1.284113e+01
3.256000e-05	-3.424363e-02	1.279447e+01
3.257000e-05	-2.754743e-02	1.266910e+01
3.258000e-05	-2.813489e-02	1.256322e+01
3.259000e-05	-2.830357e-02	1.243958e+01
3.260000e-05	-2.784006e-02	1.232416e+01
3.261000e-05	-2.622462e-02	1.223547e+01
3.262000e-05	-2.099514e-02	1.206165e+01
3.263000e-05	-2.370828e-02	1.195372e+01
3.264000e-05	-2.236780e-02	1.183634e+01
3.265000e-05	-2.291781e-02	1.165010e+01
3.266000e-05	-1.846569e-02	1.150167e+01
3.267000e-05	-1.917114e-02	1.131328e+01
3.268000e-05	-1.779676e-02	1.114541e+01
3.269000e-05	-1.910548e-02	1.101634e+01
3.270000e-05	-1.503088e-02	1.087955e+01
3.271000e-05	-1.550733e-02	1.070211e+01
3.272000e-05	-1.524787e-02	1.049423e+01
3.273000e-05	-1.754260e-02	1.034228e+01
3.274000e-05	-1.628901e-02	1.017474e+01
3.275000e-05	-1.329887e-02	1.002479e+01
3.276000e-05	-1.285571e-02	9.766466e+00
3.277000e-05	-1.229402e-02	9.584396e+00
3.278000e-05	-1.381726e-02	9.404419e+00
3.279000e-05	-1.223290e-02	9.236376e+00
3.280000e-05	-1.170067e-02	9.036922e+00
3.281000e-05	-1.055659e-02	8.818494e+00
3.282000e-05	-1.283430e-02	8.596896e+00
3.283000e-05	-1.304610e-02	8.445373e+00
3.284000e-05	-1.184465e-02	8.257947e+00
3.285000e-05	-9.854456e-03	8.015817e+00
3.286000e-05	-1.047565e-02	7.745344e+00
3.287000e-05	-1.066691e-02	7.593288e+00
3.288000e-05	-9.821592e-03	7.311559e+00
3.289000e-05	-8.796060e-03	7.111532e+00
3.290000e-05	-8.579829e-03	6.888477e+00
3.291000e-05	-9.890986e-03	6.637375e+00
3.292000e-05	-1.124678e-02	6.434873e+00
3.293000e-05	-9.849313e-03	6.194717e+00
3.294000e-05	-8.590038e-03	5.983693e+00
3.295000e-05	-9.067195e-03	5.730609e+00
3.296000e-05	-9.582931e-03	5.477430e+00
3.297000e-05	-7.936239e-03	5.217373e+00
3.298000e-05	-7.367894e-03	4.860060e+00
3.299000e-05	-6.518293e-03	4.686376e+00
3.300000e-05	-7.104721e-03	4.434778e+00
3.301000e-05	-8.146146e-03	4.204318e+00
3.302000e-05	-8.015432e-03	3.948458e+00
3.303000e-05	-7.257854e-03	3.686906e+00
3.304000e-05	-7.705741e-03	3.447428e+00
3.305000e-05	-7.577716e-03	3.171143e+00
3.306000e-05	-6.863513e-03	2.969461e+00
3.307000e-05	-6.238465e-03	2.728956e+00
3.308000e-05	-5.482911e-03	2.462177e+00
3.309000e-05	-6.440879e-03	2.149516e+00
3.310000e-05	-7.090660e-03	1.958989e+00
3.311000e-05	-6.415326e-03	1.717360e+00
3.312000e-05	-5.654908e-03	1.410594e+00
3.313000e-05	-5.766829e-03	1.098432e+00
3.314000e-05	-6.006682e-03	8.221025e-01
3.315000e-05	-4.975419e-03	5.480186e-01
3.316000e-05	-4.691317e-03	3.469896e-01
3.317000e-05	-2.675319e-03	6.367902e-02
3.318000e-05	-1.015156e-03	-2.188725e-01
3.319000e-05	7.767345e-03	-4.315264e-01
3.320000e-05	-5.466041e-03	-6.807620e-01
3.321000e-05	3.304107e-03	-9.052922e-01
3.322000e-05	-3.963375e-03	-1.166316e+00
3.323000e-05	-6.453580e-05	-1.463582e+00
3.324000e-05	-1.256778e-03	-1.662608e+00
3.325000e-05	3.264386e-02	-1.873713e+00
3.326000e-05	1.069941e-01	-2.095165e+00
3.327000e-05	-5.503917e-02	-2.483685e+00
3.328000e-05	-2.200379e-02	-2.831600e+00
3.329000e-05	-4.194826e-02	-3.137861e+00
3.330000e-05	-5.186611e-02	-3.305791e+00
3.331000e-05	-5.404006e-02	-3.423355e+00
3.332000e-05	2.003082e-01	-3.559522e+00
3.333000e-05	-1.859140e-01	-3.922790e+00
3.334000e-05	1.210928e-01	-4.158946e+00
3.335000e-05	2.756370e-02	-4.317894e+00
3.336000e-05	-9.623008e-02	-4.634230e+00
3.337000e-05	1.703013e-01	-4.876834e+00
3.338000e-05	-1.727069e-01	-5.159494e+00
3.339000e-05	1.044499e-02	-5.436358e+00
3.340000e-05	6.273663e-02	-5.673158e+00
3.341000e-05	-8.156815e-02	-5.908964e+00
3.342000e-05	1.688934e-01	-6.108965e+00
3.343000e-05	-1.486801e-01	-6.403123e+00
3.344000e-05	8.153726e-02	-6.664306e+00
3.345000e-05	-1.029094e-03	-6.813576e+00
3.346000e-05	-3.349364e-02	-7.150043e+00
3.347000e-05	8.593870e-02	-7.308540e+00
3.348000e-05	-1.574165e-01	-7.551147e+00
3.349000e-05	1.700728e-01	-7.837352e+00
3.350000e-05	-7.715223e-02	-8.056305e+00
3.351000e-05	5.316207e-02	-8.287356e+00
3.352000e-05	-1.103580e-02	-8.434303e+00
3.353000e-05	-6.078527e-02	-8.678486e+00
3.354000e-05	1.056795e-01	-8.908536e+00
3.355000e-05	-7.083960e-02	-9.088886e+00
3.356000e-05	9.461734e-02	-9.297983e+00
3.357000e-05	-8.966813e-02	-9.468982e+00
3.358000e-05	6.298656e-02	-9.646933e+00
3.359000e-05	-2.864698e-03	-9.836384e+00
3.360000e-05	4.774280e-03	-1.001640e+01
3.361000e-05	1.096051e-02	-1.018479e+01
3.362000e-05	-4.155542e-02	-1.041575e+01
3.363000e-05	7.595962e-02	-1.055279e+01
3.364000e-05	-2.305837e-02	-1.073017e+01
3.365000e-05	4.967750e-02	-1.086011e+01
3.366000e-05	-4.858880e-02	-1.105783e+01
3.367000e-05	3.691656e-02	-1.119802e+01
3.368000e-05	-2.609036e-04	-1.140527e+01
3.369000e-05	2.341840e-02	-1.152584e+01
3.370000e-05	-3.939553e-03	-1.171164e+01
3.371000e-05	-1.399584e-04	-1.188001e+01
3.372000e-05	3.259595e-02	-1.203737e+01
3.373000e-05	1.485371e-02	-1.215369e+01
3.374000e-05	2.038420e-02	-1.230000e+01
3.375000e-05	-1.675326e-02	-1.239637e+01
3.376000e-05	2.075710e-02	-1.253316e+01
3.377000e-05	1.369535e-02	-1.260800e+01
3.378000e-05	2.593566e-02	-1.278429e+01
3.379000e-05	-7.548943e-04	-1.286003e+01
3.380000e-05	1.224932e-02	-1.295625e+01
3.381000e-05	1.974004e-02	-1.305903e+01
3.382000e-05	3.076564e-02	-1.312379e+01
3.383000e-05	1.243418e-02	-1.320805e+01
3.384000e-05	7.793629e-03	-1.333378e+01
3.385000e-05	1.374130e-02	-1.338647e+01
3.386000e-05	2.784669e-02	-1.344010e+01
3.387000e-05	2.441335e-02	-1.355531e+01
3.388000e-05	1.108257e-02	-1.358652e+01
3.389000e-05	1.443747e-02	-1.367158e+01
3.390000e-05	2.400130e-02	-1.372369e+01
3.391000e-05	3.482072e-02	-1.375737e+01
3.392000e-05	2.246564e-02	-1.378752e+01
3.393000e-05	1.914800e-02	-1.386012e+01
3.394000e-05	1.991654e-02	-1.388278e+01
3.395000e-05	3.399223e-02	-1.392640e+01
3.396000e-05	3.137699e-02	-1.390694e+01
3.397000e-05	2.380495e-02	-1.393499e+01
3.398000e-05	2.324987e-02	-1.399857e+01
3.399000e-05	3.212979e-02	-1.397797e+01
3.400000e-05	4.248915e-02	-1.403005e+01
3.401000e-05	3.531027e-02	-1.396902e+01
3.402000e-05	3.161076e-02	-1.396852e+01
3.403000e-05	3.269118e-02	-1.395644e+01
3.404000e-05	4.351185e-02	-1.391750e+01
3.405000e-05	4.280199e-02	-1.393594e+01
3.406000e-05	3.827178e-02	-1.393641e+01
3.407000e-05	3.704463e-02	-1.386126e+01
3.408000e-05	4.566965e-02	-1.383815e+01
3.409000e-05	5.260986e-02	-1.381704e+01
3.410000e-05	4.746093e-02	-1.375736e+01
3.411000e-05	4.101653e-02	-1.369176e+01
3.412000e-05	4.014316e-02	-1.368100e+01
3.413000e-05	4.595015e-02	-1.361494e+01
3.414000e-05	4.439439e-02	-1.354374e+01
3.415000e-05	3.759332e-02	-1.345857e+01
3.416000e-05	3.258310e-02	-1.337591e+01
3.417000e-05	3.541422e-02	-1.329273e+01
3.418000e-05	3.821798e-02	-1.322905e+01
3.419000e-05	3.341192e-02	-1.313229e+01
3.420000e-05	2.549638e-02	-1.300695e+01
3.421000e-05	2.305071e-02	-1.291376e+01
3.422000e-05	2.662876e-02	-1.284963e+01
3.423000e-05	2.608709e-02	-1.278381e+01
3.424000e-05	1.927306e-02	-1.264907e+01
3.425000e-05	1.438921e-02	-1.252221e+01
3.426000e-05	1.666108e-02	-1.239857e+01
3.427000e-05	2.036206e-02	-1.224915e+01
3.428000e-05	1.819321e-02	-1.212429e+01
3.429000e-05	1.156398e-02	-1.201752e+01
3.430000e-05	1.012877e-02	-1.188008e+01
3.431000e-05	1.318969e-02	-1.167428e+01
3.432000e-05	1.379710e-02	-1.153536e+01
3.433000e-05	8.927525e-03	-1.138431e+01
3.434000e-05	5.822928e-03	-1.118644e+01
3.435000e-05	5.894705e-03	-1.099902e+01
3.436000e-05	9.872019e-03	-1.085690e+01
3.437000e-05	9.214155e-03	-1.071069e+01
3.438000e-05	5.542977e-03	-1.056329e+01
3.439000e-05	3.785739e-03	-1.037739e+01
3.440000e-05	5.887519e-03	-1.019637e+01
3.441000e-05	7.999382e-03	-1.002852e+01
3.442000e-05	4.779191e-03	-9.836427e+00
3.443000e-05	1.152547e-03	-9.658027e+00
3.444000e-05	1.464912e-03	-9.439548e+00
3.445000e-05	4.392777e-03	-9.240029e+00
3.446000e-05	4.383522e-03	-9.088981e+00
3.447000e-05	1.780789e-03	-8.901609e+00
3.448000e-05	-1.527842e-04	-8.650050e+00
3.449000e-05	1.822758e-03	-8.449603e+00
3.450000e-05	3.888953e-03	-8.257828e+00
3.451000e-05	1.500739e-03	-8.030032e+00
3.452000e-05	-1.008676e-03	-7.866499e+00
3.453000e-05	-1.350622e-03	-7.586867e+00
3.454000e-05	5.777107e-04	-7.363218e+00
3.455000e-05	1.310343e-03	-7.142132e+00
3.456000e-05	-1.035487e-03	-6.881581e+00
3.457000e-05	-2.424067e-03	-6.666956e+00
3.458000e-05	-1.484500e-03	-6.466407e+00
3.459000e-05	1.454483e-03	-6.244825e+00
3.460000e-05	6.184389e-05	-5.971718e+00
3.461000e-05	-2.159377e-03	-5.691115e+00
3.462000e-05	-4.526576e-03	-5.509962e+00
3.463000e-05	-1.573680e-03	-5.207825e+00
3.464000e-05	-2.421855e-03	-4.902189e+00
3.465000e-05	-1.638269e-03	-4.676356e+00
3.466000e-05	-4.997265e-03	-4.465303e+00
3.467000e-05	-2.778471e-03	-4.223827e+00
3.468000e-05	-1.285342e-03	-4.032698e+00
3.469000e-05	-3.244683e-03	-3.719991e+00
3.470000e-05	-3.998862e-03	-3.487411e+00
3.471000e-05	-6.461060e-03	-3.255254e+00
3.472000e-05	-3.147726e-03	-3.003244e+00
3.473000e-05	-4.041878e-03	-2.758441e+00
3.474000e-05	-3.033896e-03	-2.456286e+00
3.475000e-05	-6.588779e-03	-2.232778e+00
3.476000e-05	-4.232487e-03	-1.960516e+00
3.477000e-05	-4.517817e-03	-1.736915e+00
3.478000e-05	-3.308712e-03	-1.444358e+00
3.479000e-05	-7.249056e-03	-1.128466e+00
3.480000e-05	-7.494587e-03	-8.759344e-01
3.481000e-05	-6.007536e-03	-6.337027e-01
3.482000e-05	-3.574968e-03	-3.779973e-01
3.483000e-05	-4.112863e-03	-1.463657e-01
3.484000e-05	2.685641e-04	9.511553e-02
3.485000e-05	3.331170e-03	3.999937e-01
3.486000e-05	-3.768674e-03	6.114976e-01
3.487000e-05	2.349472e-03	8.209789e-01
3.488000e-05	-5.985656e-03	1.115269e+00
3.489000e-05	-2.601720e-03	1.336869e+00
3.490000e-05	-4.529880e-03	1.673684e+00
3.491000e-05	1.635501e-02	1.862561e+00
3.492000e-05	5.635162e-02	2.084184e+00
3.493000e-05	4.904441e-02	2.359975e+00
3.494000e-05	-8.538580e-02	2.675285e+00
3.495000e-05	-1.878138e-02	2.979467e+00
3.496000e-05	-4.016258e-02	3.190022e+00
3.497000e-05	-5.337510e-02	3.433123e+00
3.498000e-05	-4.472548e-02	3.601550e+00
3.499000e-05	1.496309e-01	3.781024e+00
3.500000e-05	-1.535781e-01	4.065791e+00
3.501000e-05	7.601527e-02	4.318389e+00
3.502000e-05	7.698557e-02	4.580548e+00
3.503000e-05	-9.128273e-02	4.822228e+00
3.504000e-05	7.180370e-02	5.076959e+00
3.505000e-05	-8.697920e-02	5.402223e+00
3.506000e-05	5.148914e-04	5.602574e+00
3.507000e-05	1.902017e-02	5.875403e+00
3.508000e-05	-3.346265e-02	6.108889e+00
3.509000e-05	3.690618e-02	6.359467e+00
3.510000e-05	-4.571267e-02	6.551145e+00
3.511000e-05	1.406281e-02	6.812752e+00
3.512000e-05	-1.219399e-02	7.045351e+00
3.513000e-05	-1.069464e-02	7.267378e+00
3.514000e-05	1.288423e-02	7.568907e+00
3.515000e-05	-6.336079e-02	7.762647e+00
3.516000e-05	6.403573e-02	8.016301e+00
3.517000e-05	-4.210067e-02	8.265277e+00
3.518000e-05	5.264310e-04	8.372250e+00
3.519000e-05	-2.033046e-02	8.593319e+00
3.520000e-05	-1.493948e-02	8.783272e+00
3.521000e-05	1.116278e-02	9.014247e+00
3.522000e-05	-1.950387e-02	9.213818e+00
3.523000e-05	3.740908e-03	9.383296e+00
3.524000e-05	-3.165712e-02	9.583217e+00
3.525000e-05	6.859963e-03	9.794820e+00
3.526000e-05	-1.616183e-02	9.993663e+00
3.527000e-05	-1.408452e-02	1.014214e+01
3.528000e-05	-2.048711e-02	1.033109e+01
3.529000e-05	-1.376930e-02	1.046061e+01
3.530000e-05	2.921510e-03	1.066845e+01
3.531000e-05	-8.457832e-03	1.082643e+01
3.532000e-05	-1.368784e-02	1.096577e+01
3.533000e-05	-2.308281e-02	1.115524e+01
3.534000e-05	-9.753909e-03	1.130324e+01
3.535000e-05	-1.435326e-02	1.150065e+01
3.536000e-05	-1.460437e-02	1.163988e+01
3.537000e-05	-2.386479e-02	1.177630e+01
3.538000e-05	-1.478345e-02	1.194316e+01
3.539000e-05	-1.007783e-02	1.205958e+01
3.540000e-05	-9.637448e-03	1.222787e+01
3.541000e-05	-2.175266e-02	1.232431e+01
3.542000e-05	-2.327233e-02	1.245958e+01
3.543000e-05	-1.728850e-02	1.253532e+01
3.544000e-05	-1.603983e-02	1.264848e+01
3.545000e-05	-2.077196e-02	1.273539e+01
3.546000e-05	-2.727906e-02	1.287215e+01
3.547000e-05	-2.245548e-02	1.297742e+01
3.548000e-05	-1.903175e-02	1.305060e+01
3.549000e-05	-1.580271e-02	1.316781e+01
3.550000e-05	-2.580864e-02	1.328960e+01
3.551000e-05	-2.472677e-02	1.333364e+01
3.552000e-05	-2.511525e-02	1.337492e+01
3.553000e-05	-2.125589e-02	1.348173e+01
3.554000e-05	-2.619815e-02	1.352428e+01
3.555000e-05	-3.307533e-02	1.357597e+01
3.556000e-05	-3.111186e-02	1.363355e+01
3.557000e-05	-2.837430e-02	1.362221e+01
3.558000e-05	-2.477135e-02	1.377683e+01
3.559000e-05	-3.340529e-02	1.378647e+01
3.560000e-05	-3.251379e-02	1.383952e+01
3.561000e-05	-3.366679e-02	1.384162e+01
3.562000e-05	-2.882795e-02	1.387370e+01
3.563000e-05	-3.526589e-02	1.386233e+01
3.564000e-05	-4.239900e-02	1.394440e+01
3.565000e-05	-4.326355e-02	1.394478e+01
3.566000e-05	-4.020139e-02	1.396338e+01
3.567000e-05	-3.730908e-02	1.389536e+01
3.568000e-05	-4.409863e-02	1.392391e+01
3.569000e-05	-4.594639e-02	1.392323e+01
3.570000e-05	-4.637031e-02	1.391325e+01
3.571000e-05	-4.416571e-02	1.389212e+01
3.572000e-05	-4.796571e-02	1.383962e+01
3.573000e-05	-5.450650e-02	1.380860e+01
3.574000e-05	-5.584007e-02	1.383846e+01
3.575000e-05	-5.163930e-02	1.372276e+01
3.576000e-05	-4.878354e-02	1.367275e+01
3.577000e-05	-5.282406e-02	1.361963e+01
3.578000e-05	-5.375642e-02	1.353444e+01
3.579000e-05	-5.217160e-02	1.351276e+01
3.580000e-05	-4.517687e-02	1.341805e+01
3.581000e-05	-4.531567e-02	1.337439e+01
3.582000e-05	-4.664322e-02	1.331371e+01
3.583000e-05	-4.597539e-02	1.323052e+01
3.584000e-05	-4.044615e-02	1.315483e+01
3.585000e-05	-3.597612e-02	1.303858e+01
3.586000e-05	-3.672611e-02	1.296789e+01
3.587000e-05	-3.627265e-02	1.283160e+01
3.588000e-05	-3.436186e-02	1.275439e+01
3.589000e-05	-2.795018e-02	1.264060e+01
3.590000e-05	-2.709771e-02	1.254276e+01
3.591000e-05	-2.856984e-02	1.243860e+01
3.592000e-05	-2.773108e-02	1.235379e+01
3.593000e-05	-2.581788e-02	1.217592e+01
3.594000e-05	-1.956123e-02	1.202260e+01
3.595000e-05	-2.169194e-02	1.190418e+01
3.596000e-05	-2.248285e-02	1.180589e+01
3.597000e-05	-2.398009e-02	1.163955e+01
3.598000e-05	-1.819553e-02	1.148215e+01
3.599000e-05	-1.692743e-02	1.129428e+01
3.600000e-05	-1.718989e-02	1.109329e+01
3.601000e-05	-2.004677e-02	1.100427e+01
3.602000e-05	-1.694157e-02	1.083791e+01
3.603000e-05	-1.397298e-02	1.068958e+01
3.604000e-05	-1.421531e-02	1.050260e+01
3.605000e-05	-1.651905e-02	1.035179e+01
3.606000e-05	-1.769758e-02	1.014374e+01
3.607000e-05	-1.315023e-02	9.984312e+00
3.608000e-05	-1.178041e-02	9.763362e+00
3.609000e-05	-1.190938e-02	9.575341e+00
3.610000e-05	-1.410842e-02	9.393818e+00
3.611000e-05	-1.271888e-02	9.207322e+00
3.612000e-05	-1.127400e-02	9.025896e+00
3.613000e-05	-1.010660e-02	8.786867e+00
3.614000e-05	-1.304886e-02	8.605797e+00
3.615000e-05	-1.414136e-02	8.435842e+00
3.616000e-05	-1.251521e-02	8.216321e+00
3.617000e-05	-9.515094e-03	8.005892e+00
3.618000e-05	-9.558666e-03	7.752714e+00
3.619000e-05	-1.066285e-02	7.531184e+00
3.620000e-05	-1.110782e-02	7.301060e+00
3.621000e-05	-9.193338e-03	7.075928e+00
3.622000e-05	-8.360393e-03	6.837905e+00
3.623000e-05	-9.617235e-03	6.635797e+00
3.624000e-05	-1.150281e-02	6.404768e+00
3.625000e-05	-1.022585e-02	6.142089e+00
3.626000e-05	-8.449719e-03	5.962587e+00
3.627000e-05	-7.970783e-03	5.689981e+00
3.628000e-05	-9.302127e-03	5.466401e+00
3.629000e-05	-9.083102e-03	5.194296e+00
3.630000e-05	-7.008026e-03	4.889085e+00
3.631000e-05	-6.338199e-03	4.624850e+00
3.632000e-05	-7.661954e-03	4.404752e+00
3.633000e-05	-8.969779e-03	4.191091e+00
3.634000e-05	-9.099833e-03	3.898007e+00
3.635000e-05	-8.003423e-03	3.696329e+00
3.636000e-05	-6.302436e-03	3.445849e+00
3.637000e-05	-6.588841e-03	3.190517e+00
3.638000e-05	-5.944622e-03	2.917936e+00
3.639000e-05	-6.142550e-03	2.675402e+00
3.640000e-05	-4.873528e-03	2.382646e+00
3.641000e-05	-6.068469e-03	2.108989e+00
3.642000e-05	-7.314852e-03	1.938436e+00
3.643000e-05	-7.864685e-03	1.654280e+00
3.644000e-05	-6.972613e-03	1.380541e+00
3.645000e-05	-5.934017e-03	1.085305e+00
3.646000e-05	-5.220496e-03	7.905736e-01
3.647000e-05	-4.377597e-03	5.294395e-01
3.648000e-05	-3.714220e-03	3.369354e-01
3.649000e-05	-1.714420e-03	3.107877e-02
3.650000e-05	3.104272e-04	-2.015278e-01
3.651000e-05	5.511503e-03	-4.115515e-01
3.652000e-05	-7.080336e-03	-7.148682e-01
3.653000e-05	2.203307e-03	-9.462409e-01
3.654000e-05	-5.257146e-03	-1.147473e+00
3.655000e-05	1.835548e-03	-1.463233e+00
3.656000e-05	-1.459683e-03	-1.684715e+00
3.657000e-05	4.187837e-02	-1.873760e+00
3.658000e-05	1.043000e-01	-2.126196e+00
3.659000e-05	-7.110685e-02	-2.545240e+00
3.660000e-05	-1.041807e-02	-2.863611e+00
3.661000e-05	-5.199326e-02	-3.174920e+00
3.662000e-05	-5.373717e-02	-3.326914e+00
3.663000e-05	-2.761630e-02	-3.475282e+00
3.664000e-05	1.851963e-01	-3.602525e+00
3.665000e-05	-2.038206e-01	-3.949419e+00
3.666000e-05	1.658822e-01	-4.159498e+00
3.667000e-05	-2.661754e-02	-4.358923e+00
3.668000e-05	-4.788398e-02	-4.685887e+00
3.669000e-05	1.475958e-01	-4.856737e+00
3.670000e-05	-1.905660e-01	-5.191547e+00
3.671000e-05	4.987722e-02	-5.474407e+00
3.672000e-05	2.848460e-02	-5.666282e+00
3.673000e-05	-5.309892e-02	-5.930469e+00
3.674000e-05	1.518243e-01	-6.090494e+00
3.675000e-05	-1.615078e-01	-6.432198e+00
3.676000e-05	1.133032e-01	-6.684835e+00
3.677000e-05	-3.698635e-02	-6.884809e+00
3.678000e-05	2.267434e-03	-7.140617e+00
3.679000e-05	5.266229e-02	-7.331038e+00
3.680000e-05	-1.384266e-01	-7.604227e+00
3.681000e-05	1.767467e-01	-7.854859e+00
3.682000e-05	-1.023542e-01	-8.087437e+00
3.683000e-05	8.335863e-02	-8.267434e+00
3.684000e-05	-4.726349e-02	-8.435879e+00
3.685000e-05	-2.565249e-02	-8.710542e+00
3.686000e-05	8.523712e-02	-8.889513e+00
3.687000e-05	-6.163687e-02	-9.097936e+00
3.688000e-05	9.135703e-02	-9.277508e+00
3.689000e-05	-9.756862e-02	-9.489482e+00
3.690000e-05	8.282096e-02	-9.699483e+00
3.691000e-05	-2.253032e-02	-9.886352e+00
3.692000e-05	2.211880e-02	-1.002588e+01
3.693000e-05	-7.863366e-03	-1.023795e+01
3.694000e-05	-2.437983e-02	-1.043638e+01
3.695000e-05	6.738500e-02	-1.055180e+01
3.696000e-05	-2.117034e-02	-1.076227e+01
3.697000e-05	4.533375e-02	-1.086956e+01
3.698000e-05	-4.796882e-02	-1.104903e+01
3.699000e-05	4.504263e-02	-1.124748e+01
3.700000e-05	-5.193438e-03	-1.141535e+01
3.701000e-05	2.783817e-02	-1.156789e+01
3.702000e-05	-1.231551e-02	-1.174281e+01
3.703000e-05	7.343192e-03	-1.190013e+01
3.704000e-05	2.750831e-02	-1.207797e+01
3.705000e-05	1.701746e-02	-1.218477e+01
3.706000e-05	1.620860e-02	-1.230018e+01
3.707000e-05	-1.336520e-02	-1.243745e+01
3.708000e-05	2.272504e-02	-1.254426e+01
3.709000e-05	1.399134e-02	-1.264913e+01
3.710000e-05	2.560537e-02	-1.277486e+01
3.711000e-05	-2.021900e-03	-1.290051e+01
3.712000e-05	1.321416e-02	-1.298539e+01
3.713000e-05	2.062837e-02	-1.305858e+01
3.714000e-05	2.977913e-02	-1.317384e+01
3.715000e-05	1.158571e-02	-1.324003e+01
3.716000e-05	7.821624e-03	-1.332373e+01
3.717000e-05	1.544024e-02	-1.340652e+01
3.718000e-05	2.944982e-02	-1.348010e+01
3.719000e-05	2.378449e-02	-1.356381e+01
3.720000e-05	1.088519e-02	-1.360592e+01
3.721000e-05	1.386566e-02	-1.370116e+01
3.722000e-05	2.489751e-02	-1.372231e+01
3.723000e-05	3.301295e-02	-1.373439e+01
3.724000e-05	2.183413e-02	-1.381950e+01
3.725000e-05	1.881715e-02	-1.385078e+01
3.726000e-05	2.253406e-02	-1.387441e+01
3.727000e-05	3.563824e-02	-1.392388e+01
3.728000e-05	2.994961e-02	-1.390736e+01
3.729000e-05	2.349914e-02	-1.396799e+01
3.730000e-05	2.304288e-02	-1.396604e+01
3.731000e-05	3.261697e-02	-1.398949e+01
3.732000e-05	4.063388e-02	-1.394862e+01
3.733000e-05	3.604146e-02	-1.400859e+01
3.734000e-05	3.211584e-02	-1.395650e+01
3.735000e-05	3.504665e-02	-1.394647e+01
3.736000e-05	4.434319e-02	-1.395596e+01
3.737000e-05	4.228101e-02	-1.391594e+01
3.738000e-05	3.746412e-02	-1.390528e+01
3.739000e-05	3.782339e-02	-1.388273e+01
3.740000e-05	4.521789e-02	-1.381855e+01
3.741000e-05	5.089098e-02	-1.379684e+01
3.742000e-05	4.661284e-02	-1.372334e+01
3.743000e-05	4.040074e-02	-1.370323e+01
3.744000e-05	4.073836e-02	-1.367110e+01
3.745000e-05	4.621266e-02	-1.359594e+01
3.746000e-05	4.530937e-02	-1.350323e+01
3.747000e-05	3.790448e-02	-1.346960e+01
3.748000e-05	3.297660e-02	-1.334587e+01
3.749000e-05	3.516451e-02	-1.327118e+01
3.750000e-05	3.782071e-02	-1.319849e+01
3.751000e-05	3.294256e-02	-1.311229e+01
3.752000e-05	2.482201e-02	-1.304855e+01
3.753000e-05	2.290869e-02	-1.293429e+01
3.754000e-05	2.635781e-02	-1.284853e+01
3.755000e-05	2.562989e-02	-1.273276e+01
3.756000e-05	1.986480e-02	-1.265702e+01
3.757000e-05	1.398791e-02	-1.248118e+01
3.758000e-05	1.684880e-02	-1.237589e+01
3.759000e-05	1.993980e-02	-1.219850e+01
3.760000e-05	1.801878e-02	-1.214273e+01
3.761000e-05	1.205178e-02	-1.199552e+01
3.762000e-05	1.010044e-02	-1.179900e+01
3.763000e-05	1.310892e-02	-1.167068e+01
3.764000e-05	1.440452e-02	-1.149131e+01
3.765000e-05	9.428961e-03	-1.132433e+01
3.766000e-05	5.833010e-03	-1.114594e+01
3.767000e-05	6.557394e-03	-1.097487e+01
3.768000e-05	9.528375e-03	-1.081798e+01
3.769000e-05	8.281681e-03	-1.071164e+01
3.770000e-05	4.886790e-03	-1.057269e+01
3.771000e-05	4.087908e-03	-1.036376e+01
3.772000e-05	6.573274e-03	-1.018531e+01
3.773000e-05	6.750372e-03	-1.000392e+01
3.774000e-05	5.066119e-03	-9.815850e+00
3.775000e-05	2.155825e-03	-9.646478e+00
3.776000e-05	1.943699e-03	-9.419474e+00
3.777000e-05	5.095178e-03	-9.218530e+00
3.778000e-05	3.038461e-03	-9.058503e+00
3.779000e-05	1.360694e-03	-8.888534e+00
3.780000e-05	2.301325e-04	-8.638598e+00
3.781000e-05	2.624285e-03	-8.438003e+00
3.782000e-05	2.745084e-03	-8.236852e+00
3.783000e-05	1.783575e-03	-8.017332e+00
3.784000e-05	-1.006460e-03	-7.807340e+00
3.785000e-05	-2.186245e-04	-7.516268e+00
3.786000e-05	7.623960e-04	-7.330565e+00
3.787000e-05	9.321946e-05	-7.131536e+00
3.788000e-05	-1.885470e-03	-6.836983e+00
3.789000e-05	-1.712732e-03	-6.616453e+00
3.790000e-05	1.716573e-04	-6.445808e+00
3.791000e-05	-1.231688e-03	-6.193767e+00
3.792000e-05	9.691619e-04	-5.942564e+00
3.793000e-05	-4.813906e-03	-5.719985e+00
3.794000e-05	4.859486e-04	-5.496957e+00
3.795000e-05	-2.508446e-03	-5.212697e+00
3.796000e-05	-1.026772e-03	-4.902058e+00
3.797000e-05	-3.326542e-03	-4.604682e+00
3.798000e-05	-6.167381e-03	-4.424754e+00
3.799000e-05	-4.646297e-03	-4.184248e+00
3.800000e-05	-3.420595e-03	-3.981150e+00
3.801000e-05	-4.435801e-03	-3.678984e+00
3.802000e-05	-3.810104e-03	-3.445310e+00
3.803000e-05	-3.245178e-03	-3.252729e+00
3.804000e-05	-3.606387e-04	-2.939644e+00
3.805000e-05	-3.497688e-03	-2.717412e+00
3.806000e-05	-4.727493e-03	-2.413182e+00
3.807000e-05	-8.875790e-03	-2.211171e+00
3.808000e-05	-6.359307e-03	-1.937965e+00
3.809000e-05	-5.876800e-03	-1.696364e+00
3.810000e-05	-3.908524e-03	-1.432300e+00
3.811000e-05	-6.076922e-03	-1.107863e+00
3.812000e-05	-3.566288e-03	-8.736342e-01
3.813000e-05	-3.575493e-03	-6.225991e-01
3.814000e-05	-3.744874e-03	-3.378909e-01
3.815000e-05	-5.661410e-03	-9.636311e-02
3.816000e-05	-3.393930e-04	1.558187e-01
3.817000e-05	2.197587e-04	4.190289e-01
3.818000e-05	-2.951986e-03	6.325264e-01
3.819000e-05	1.691706e-03	8.315364e-01
3.820000e-05	-3.787562e-03	1.117893e+00
3.821000e-05	-1.512851e-03	1.377549e+00
3.822000e-05	-2.903993e-03	1.725286e+00
3.823000e-05	1.813576e-02	1.905760e+00
3.824000e-05	6.403587e-02	2.095265e+00
3.825000e-05	3.049098e-02	2.431525e+00
3.826000e-05	-8.009920e-02	2.737391e+00
3.827000e-05	-2.209637e-02	2.989050e+00
3.828000e-05	-3.556791e-02	3.202653e+00
3.829000e-05	-6.687147e-02	3.445180e+00
3.830000e-05	-1.671185e-02	3.613081e+00
3.831000e-05	1.407494e-01	3.824552e+00
3.832000e-05	-1.743113e-01	4.065256e+00
3.833000e-05	1.201783e-01	4.360441e+00
3.834000e-05	3.431119e-02	4.592124e+00
3.835000e-05	-7.058763e-02	4.823051e+00
3.836000e-05	6.295530e-02	5.138889e+00
3.837000e-05	-9.527531e-02	5.403673e+00
3.838000e-05	1.705149e-02	5.653077e+00
3.839000e-05	9.602184e-03	5.885885e+00
3.840000e-05	-2.449869e-02	6.138466e+00
3.841000e-05	3.435668e-02	6.361491e+00
3.842000e-05	-4.893886e-02	6.584774e+00
3.843000e-05	2.285918e-02	6.834776e+00
3.844000e-05	-2.424807e-02	7.117081e+00
3.845000e-05	-6.503561e-04	7.255954e+00
3.846000e-05	-2.028162e-03	7.569939e+00
3.847000e-05	-5.264055e-02	7.775847e+00
3.848000e-05	6.639986e-02	8.066399e+00
3.849000e-05	-5.012235e-02	8.277956e+00
3.850000e-05	1.126682e-02	8.394805e+00
3.851000e-05	-2.968255e-02	8.645827e+00
3.852000e-05	-6.340978e-03	8.833352e+00
3.853000e-05	4.823045e-03	9.035326e+00
3.854000e-05	-1.761708e-02	9.265879e+00
3.855000e-05	1.234928e-03	9.424750e+00
3.856000e-05	-3.061225e-02	9.595368e+00
3.857000e-05	1.317863e-02	9.774795e+00
3.858000e-05	-1.973270e-02	9.982771e+00
3.859000e-05	-1.032703e-02	1.017324e+01
3.860000e-05	-2.447623e-02	1.032058e+01
3.861000e-05	-1.158509e-02	1.050066e+01
3.862000e-05	5.908271e-04	1.066998e+01
3.863000e-05	-1.031764e-02	1.088840e+01
3.864000e-05	-1.439934e-02	1.100630e+01
3.865000e-05	-2.317547e-02	1.114279e+01
3.866000e-05	-6.292881e-03	1.135576e+01
3.867000e-05	-1.564606e-02	1.149375e+01
3.868000e-05	-1.393228e-02	1.168906e+01
3.869000e-05	-2.603579e-02	1.180792e+01
3.870000e-05	-1.278448e-02	1.191374e+01
3.871000e-05	-1.053634e-02	1.204268e+01
3.872000e-05	-1.052710e-02	1.223890e+01
3.873000e-05	-2.299072e-02	1.236373e+01
3.874000e-05	-2.291280e-02	1.248008e+01
3.875000e-05	-1.615869e-02	1.255524e+01
3.876000e-05	-1.637364e-02	1.266913e+01
3.877000e-05	-2.067375e-02	1.277587e+01
3.878000e-05	-2.758915e-02	1.289168e+01
3.879000e-05	-2.064824e-02	1.301530e+01
3.880000e-05	-1.886956e-02	1.305068e+01
3.881000e-05	-1.654406e-02	1.317381e+01
3.882000e-05	-2.735541e-02	1.327065e+01
3.883000e-05	-2.528617e-02	1.333469e+01
3.884000e-05	-2.392682e-02	1.336734e+01
3.885000e-05	-2.205084e-02	1.348060e+01
3.886000e-05	-2.755337e-02	1.354499e+01
3.887000e-05	-3.528014e-02	1.358699e+01
3.888000e-05	-2.691435e-02	1.363117e+01
3.889000e-05	-2.969633e-02	1.368323e+01
3.890000e-05	-2.275889e-02	1.374586e+01
3.891000e-05	-3.465958e-02	1.379747e+01
3.892000e-05	-3.208519e-02	1.377855e+01
3.893000e-05	-3.183258e-02	1.385212e+01
3.894000e-05	-3.229595e-02	1.388175e+01
3.895000e-05	-3.786964e-02	1.388225e+01
3.896000e-05	-4.245869e-02	1.394433e+01
3.897000e-05	-4.026070e-02	1.393533e+01
3.898000e-05	-3.805672e-02	1.395489e+01
3.899000e-05	-3.721322e-02	1.394803e+01
3.900000e-05	-4.312281e-02	1.391493e+01
3.901000e-05	-4.542533e-02	1.391175e+01
3.902000e-05	-4.712239e-02	1.393228e+01
3.903000e-05	-4.730984e-02	1.389225e+01
3.904000e-05	-5.372354e-02	1.383080e+01
3.905000e-05	-5.276299e-02	1.379902e+01
3.906000e-05	-5.363784e-02	1.375802e+01
3.907000e-05	-4.732947e-02	1.369593e+01
3.908000e-05	-4.827280e-02	1.366323e+01
3.909000e-05	-5.332170e-02	1.360812e+01
3.910000e-05	-5.247460e-02	1.355843e+01
3.911000e-05	-5.435912e-02	1.353378e+01
3.912000e-05	-4.812484e-02	1.344957e+01
3.913000e-05	-4.879686e-02	1.337482e+01
3.914000e-05	-4.505518e-02	1.328218e+01
3.915000e-05	-4.184242e-02	1.322957e+01
3.916000e-05	-3.707065e-02	1.317378e+01
3.917000e-05	-3.436551e-02	1.303815e+01
3.918000e-05	-3.675049e-02	1.291483e+01
3.919000e-05	-3.566854e-02	1.285170e+01
3.920000e-05	-3.556305e-02	1.276394e+01
3.921000e-05	-3.036972e-02	1.263795e+01
3.922000e-05	-2.971811e-02	1.255374e+01
3.923000e-05	-2.834744e-02	1.244895e+01
3.924000e-05	-2.358511e-02	1.233268e+01
3.925000e-05	-2.290356e-02	1.217692e+01
3.926000e-05	-1.939161e-02	1.203215e+01
3.927000e-05	-2.340866e-02	1.191164e+01
3.928000e-05	-2.210361e-02	1.175486e+01
3.929000e-05	-2.282196e-02	1.163900e+01
3.930000e-05	-2.091300e-02	1.147067e+01
3.931000e-05	-1.918724e-02	1.129163e+01
3.932000e-05	-1.803862e-02	1.111374e+01
3.933000e-05	-1.787633e-02	1.098529e+01
3.934000e-05	-1.387623e-02	1.081692e+01
3.935000e-05	-1.467667e-02	1.061812e+01
3.936000e-05	-1.545840e-02	1.047015e+01
3.937000e-05	-1.469626e-02	1.031010e+01
3.938000e-05	-1.740282e-02	1.012371e+01
3.939000e-05	-1.332168e-02	1.000421e+01
3.940000e-05	-1.603965e-02	9.713263e+00
3.941000e-05	-1.462263e-02	9.580738e+00
3.942000e-05	-1.388952e-02	9.373238e+00
3.943000e-05	-1.128130e-02	9.205272e+00
3.944000e-05	-9.320728e-03	8.934818e+00
3.945000e-05	-8.735337e-03	8.774791e+00
3.946000e-05	-1.125724e-02	8.573770e+00
3.947000e-05	-1.221435e-02	8.405741e+00
3.948000e-05	-1.375164e-02	8.154341e+00
3.949000e-05	-1.311943e-02	7.914715e+00
3.950000e-05	-1.208411e-02	7.771739e+00
3.951000e-05	-1.102188e-02	7.510626e+00
3.952000e-05	-8.611274e-03	7.248005e+00
3.953000e-05	-7.355921e-03	7.027345e+00
3.954000e-05	-6.612016e-03	6.835798e+00
3.955000e-05	-8.549413e-03	6.594343e+00
3.956000e-05	-1.054053e-02	6.380168e+00
3.957000e-05	-1.047967e-02	6.130588e+00
3.958000e-05	-1.028899e-02	5.949012e+00
3.959000e-05	-9.983627e-03	5.697426e+00
3.960000e-05	-1.005232e-02	5.415824e+00
3.961000e-05	-6.792725e-03	5.122189e+00
3.962000e-05	-6.892536e-03	4.855328e+00
3.963000e-05	-5.881569e-03	4.604275e+00
3.964000e-05	-6.738940e-03	4.391645e+00
3.965000e-05	-8.158973e-03	4.113485e+00
3.966000e-05	-8.533585e-03	3.866877e+00
3.967000e-05	-7.724286e-03	3.654280e+00
3.968000e-05	-8.330118e-03	3.393694e+00
3.969000e-05	-7.780557e-03	3.137986e+00
3.970000e-05	-6.706658e-03	2.875332e+00
3.971000e-05	-5.917339e-03	2.634778e+00
3.972000e-05	-4.903409e-03	2.319614e+00
3.973000e-05	-5.449261e-03	2.116862e+00
3.974000e-05	-5.655205e-03	1.907861e+00
3.975000e-05	-6.318952e-03	1.602180e+00
3.976000e-05	-6.164914e-03	1.349438e+00
3.977000e-05	-6.260148e-03	1.054277e+00
3.978000e-05	-5.321170e-03	7.679668e-01
3.979000e-05	-5.314018e-03	5.384095e-01
3.980000e-05	-4.610045e-03	3.348540e-01
3.981000e-05	-3.064571e-03	1.573681e-03
3.982000e-05	2.242132e-03	-2.404843e-01
3.983000e-05	4.831022e-03	-4.310116e-01
3.984000e-05	-4.325888e-03	-7.478948e-01
3.985000e-05	2.569835e-03	-9.574211e-01
3.986000e-05	-3.175517e-03	-1.207526e+00
3.987000e-05	9.901466e-04	-1.504816e+00
3.988000e-05	-5.592279e-04	-1.743841e+00
3.989000e-05	4.803001e-02	-1.936869e+00
3.990000e-05	9.653194e-02	-2.138400e+00
3.991000e-05	-8.247511e-02	-2.558474e+00
3.992000e-05	-1.582121e-03	-2.897290e+00
3.993000e-05	-5.703511e-02	-3.179445e+00
3.994000e-05	-5.827053e-02	-3.348391e+00
3.995000e-05	5.107376e-03	-3.475835e+00
3.996000e-05	1.582337e-01	-3.643605e+00
3.997000e-05	-2.143480e-01	-3.980549e+00
3.998000e-05	1.971995e-01	-4.181573e+00
3.999000e-05	-8.123028e-02	-4.412527e+00
4.000000e-05	3.753816e-03	-4.727415e+00
4.001000e-05	1.149710e-01	-4.887393e+00
4.002000e-05	-1.961302e-01	-5.223152e+00
4.003000e-05	8.340118e-02	-5.507910e+00
4.004000e-05	-5.423238e-03	-5.677265e+00
4.005000e-05	-1.632185e-02	-5.980499e+00
4.006000e-05	1.250647e-01	-6.163223e+00
4.007000e-05	-1.611940e-01	-6.445231e+00
4.008000e-05	1.342771e-01	-6.697412e+00
4.009000e-05	-6.894421e-02	-6.917940e+00
4.010000e-05	3.914881e-02	-7.192695e+00
4.011000e-05	1.371006e-02	-7.351073e+00
4.012000e-05	-1.070195e-01	-7.615256e+00
4.013000e-05	1.704758e-01	-7.857435e+00
4.014000e-05	-1.167429e-01	-8.118964e+00
4.015000e-05	1.049305e-01	-8.317937e+00
4.016000e-05	-8.022244e-02	-8.457059e+00
4.017000e-05	1.057886e-02	-8.751188e+00
4.018000e-05	5.933641e-02	-8.901114e+00
4.019000e-05	-4.408801e-02	-9.142567e+00
4.020000e-05	8.025948e-02	-9.281088e+00
4.021000e-05	-9.655150e-02	-9.471036e+00
4.022000e-05	9.521773e-02	-9.700087e+00
4.023000e-05	-3.911276e-02	-9.906458e+00
4.024000e-05	3.855965e-02	-1.004756e+01
4.025000e-05	-2.799712e-02	-1.020850e+01
4.026000e-05	-5.096996e-03	-1.048843e+01
4.027000e-05	5.555735e-02	-1.058530e+01
4.028000e-05	-1.322969e-02	-1.078367e+01
4.029000e-05	3.991612e-02	-1.089073e+01
4.030000e-05	-4.654273e-02	-1.107948e+01
4.031000e-05	5.060499e-02	-1.122848e+01
4.032000e-05	-1.015671e-02	-1.145840e+01
4.033000e-05	3.288012e-02	-1.156549e+01
4.034000e-05	-1.905492e-02	-1.176581e+01
4.035000e-05	1.532806e-02	-1.186171e+01
4.036000e-05	2.318894e-02	-1.205808e+01
4.037000e-05	2.095073e-02	-1.220577e+01
4.038000e-05	1.216025e-02	-1.230004e+01
4.039000e-05	-9.453716e-03	-1.241855e+01
4.040000e-05	2.250605e-02	-1.252532e+01
4.041000e-05	1.464398e-02	-1.265058e+01
4.042000e-05	2.400995e-02	-1.276632e+01
4.043000e-05	-1.500232e-03	-1.291066e+01
4.044000e-05	1.474317e-02	-1.294589e+01
4.045000e-05	2.038311e-02	-1.308010e+01
4.046000e-05	2.959749e-02	-1.316534e+01
4.047000e-05	1.013879e-02	-1.325165e+01
4.048000e-05	9.593063e-03	-1.330229e+01
4.049000e-05	1.758358e-02	-1.338795e+01
4.050000e-05	3.100387e-02	-1.351958e+01
4.051000e-05	2.138141e-02	-1.356432e+01
4.052000e-05	1.141345e-02	-1.361892e+01
4.053000e-05	1.375625e-02	-1.367111e+01
4.054000e-05	2.781593e-02	-1.372434e+01
4.055000e-05	3.148132e-02	-1.373642e+01
4.056000e-05	2.141196e-02	-1.382007e+01
4.057000e-05	1.849215e-02	-1.385863e+01
4.058000e-05	2.377883e-02	-1.387376e+01
4.059000e-05	3.584463e-02	-1.391431e+01
4.060000e-05	2.983422e-02	-1.396594e+01
4.061000e-05	2.416100e-02	-1.392602e+01
4.062000e-05	2.268176e-02	-1.395852e+01
4.063000e-05	3.488838e-02	-1.396857e+01
4.064000e-05	4.073981e-02	-1.397044e+01
4.065000e-05	3.531192e-02	-1.395904e+01
4.066000e-05	3.102329e-02	-1.393802e+01
4.067000e-05	3.463195e-02	-1.396809e+01
4.068000e-05	4.404106e-02	-1.395754e+01
4.069000e-05	4.323564e-02	-1.392691e+01
4.070000e-05	3.725773e-02	-1.391336e+01
4.071000e-05	3.772890e-02	-1.390273e+01
4.072000e-05	4.622881e-02	-1.385012e+01
4.073000e-05	5.168261e-02	-1.374582e+01
4.074000e-05	4.644497e-02	-1.376381e+01
4.075000e-05	3.955943e-02	-1.372324e+01
4.076000e-05	4.098592e-02	-1.364905e+01
4.077000e-05	4.642479e-02	-1.355592e+01
4.078000e-05	4.457153e-02	-1.352276e+01
4.079000e-05	3.663509e-02	-1.339852e+01
4.080000e-05	3.248559e-02	-1.337686e+01
4.081000e-05	3.567419e-02	-1.325071e+01
4.082000e-05	3.805974e-02	-1.316907e+01
4.083000e-05	3.222823e-02	-1.309221e+01
4.084000e-05	2.412381e-02	-1.303737e+01
4.085000e-05	2.379283e-02	-1.293324e+01
4.086000e-05	2.631090e-02	-1.283797e+01
4.087000e-05	2.567003e-02	-1.275230e+01
4.088000e-05	1.908863e-02	-1.261792e+01
4.089000e-05	1.456187e-02	-1.247168e+01
4.090000e-05	1.753114e-02	-1.236697e+01
4.091000e-05	1.963921e-02	-1.221750e+01
4.092000e-05	1.693387e-02	-1.211316e+01
4.093000e-05	1.077931e-02	-1.200739e+01
4.094000e-05	1.039003e-02	-1.180647e+01
4.095000e-05	1.322534e-02	-1.166173e+01
4.096000e-05	1.388496e-02	-1.147171e+01
4.097000e-05	9.904984e-03	-1.133173e+01
4.098000e-05	5.328422e-03	-1.110326e+01
4.099000e-05	7.689383e-03	-1.096394e+01
4.100000e-05	9.609648e-03	-1.085840e+01
4.101000e-05	8.003644e-03	-1.064816e+01
4.102000e-05	4.314007e-03	-1.055321e+01
4.103000e-05	4.254633e-03	-1.030477e+01
4.104000e-05	5.760796e-03	-1.011381e+01
4.105000e-05	7.796803e-03	-9.964343e+00
4.106000e-05	4.594372e-03	-9.805321e+00
4.107000e-05	2.007625e-03	-9.625900e+00
4.108000e-05	2.628688e-03	-9.406925e+00
4.109000e-05	4.764400e-03	-9.217925e+00
4.110000e-05	3.939749e-03	-9.037451e+00
4.111000e-05	4.651553e-04	-8.857931e+00
4.112000e-05	-1.403326e-04	-8.596423e+00
4.113000e-05	3.280754e-03	-8.397349e+00
4.114000e-05	4.295299e-03	-8.203823e+00
4.115000e-05	1.971263e-03	-8.025431e+00
4.116000e-05	-1.607934e-03	-7.737365e+00
4.117000e-05	-4.726609e-04	-7.533115e+00
4.118000e-05	1.094989e-03	-7.279560e+00
4.119000e-05	4.898913e-04	-7.109058e+00
4.120000e-05	-1.144631e-03	-6.857407e+00
4.121000e-05	-3.452224e-03	-6.606797e+00
4.122000e-05	-6.663755e-05	-6.413803e+00
4.123000e-05	6.502238e-04	-6.163766e+00
4.124000e-05	2.180236e-04	-5.919009e+00
4.125000e-05	-3.376684e-03	-5.657408e+00
4.126000e-05	-2.790472e-03	-5.455456e+00
4.127000e-05	-1.997429e-03	-5.171091e+00
4.128000e-05	-2.081310e-03	-4.837081e+00
4.129000e-05	-4.188460e-03	-4.603723e+00
4.130000e-05	-3.433780e-03	-4.423123e+00
4.131000e-05	-3.041018e-03	-4.181644e+00
4.132000e-05	-1.595373e-03	-3.969541e+00
4.133000e-05	-4.632788e-03	-3.657036e+00
4.134000e-05	-5.133626e-03	-3.454253e+00
4.135000e-05	-5.957631e-03	-3.231074e+00
4.136000e-05	-1.856322e-03	-2.910041e+00
4.137000e-05	-4.989486e-03	-2.655386e+00
4.138000e-05	-3.542611e-03	-2.434207e+00
4.139000e-05	-6.177479e-03	-2.150069e+00
4.140000e-05	-4.020850e-03	-1.916338e+00
4.141000e-05	-4.132520e-03	-1.713859e+00
4.142000e-05	-5.131352e-03	-1.391571e+00
4.143000e-05	-7.368381e-03	-1.095357e+00
4.144000e-05	-6.523580e-03	-8.331316e-01
4.145000e-05	-4.654084e-03	-5.411237e-01
4.146000e-05	-4.800165e-03	-3.079157e-01
4.147000e-05	-3.551617e-03	-9.575910e-02
4.148000e-05	1.698683e-03	1.472512e-01
4.149000e-05	-8.263453e-04	4.425017e-01
4.150000e-05	-9.418801e-04	6.925867e-01
4.151000e-05	-1.715797e-03	8.636293e-01
4.152000e-05	-3.698271e-03	1.178424e+00
4.153000e-05	-1.620664e-03	1.410574e+00
4.154000e-05	-1.684226e-03	1.746389e+00
4.155000e-05	2.183260e-02	1.924863e+00
4.156000e-05	7.004830e-02	2.146369e+00
4.157000e-05	8.632094e-03	2.413003e+00
4.158000e-05	-7.154611e-02	2.779419e+00
4.159000e-05	-2.579525e-02	3.053523e+00
4.160000e-05	-3.046922e-02	3.231528e+00
4.161000e-05	-7.597283e-02	3.465833e+00
4.162000e-05	1.307216e-02	3.631657e+00
4.163000e-05	1.209351e-01	3.873254e+00
4.164000e-05	-1.849614e-01	4.108935e+00
4.165000e-05	1.563367e-01	4.348969e+00
4.166000e-05	-9.859476e-03	4.633202e+00
4.167000e-05	-4.564795e-02	4.856255e+00
4.168000e-05	5.021810e-02	5.151568e+00
4.169000e-05	-9.551268e-02	5.443802e+00
4.170000e-05	3.397681e-02	5.605704e+00
4.171000e-05	-2.690271e-03	5.939514e+00
4.172000e-05	-1.639748e-02	6.171044e+00
4.173000e-05	2.505642e-02	6.412568e+00
4.174000e-05	-5.028518e-02	6.653276e+00
4.175000e-05	2.959546e-02	6.867884e+00
4.176000e-05	-3.309791e-02	7.097907e+00
4.177000e-05	1.135050e-02	7.280489e+00
4.178000e-05	-1.432323e-02	7.571617e+00
4.179000e-05	-3.694853e-02	7.826322e+00
4.180000e-05	6.086373e-02	8.097406e+00
4.181000e-05	-5.763336e-02	8.267880e+00
4.182000e-05	1.678577e-02	8.437330e+00
4.183000e-05	-3.792961e-02	8.645851e+00
4.184000e-05	3.923535e-03	8.785151e+00
4.185000e-05	-3.103898e-05	9.037323e+00
4.186000e-05	-1.404047e-02	9.247829e+00
4.187000e-05	-2.563746e-03	9.445875e+00
4.188000e-05	-2.970865e-02	9.646951e+00
4.189000e-05	1.426308e-02	9.796798e+00
4.190000e-05	-2.483253e-02	1.001677e+01
4.191000e-05	-8.919731e-03	1.015427e+01
4.192000e-05	-2.744660e-02	1.034212e+01
4.193000e-05	-6.067322e-03	1.052416e+01
4.194000e-05	2.888706e-04	1.076008e+01
4.195000e-05	-1.234226e-02	1.089851e+01
4.196000e-05	-1.604013e-02	1.104634e+01
4.197000e-05	-2.383143e-02	1.119447e+01
4.198000e-05	-4.937532e-03	1.134634e+01
4.199000e-05	-1.798809e-02	1.150521e+01
4.200000e-05	-1.322034e-02	1.169110e+01
4.201000e-05	-2.472941e-02	1.185787e+01
4.202000e-05	-9.753837e-03	1.193336e+01
4.203000e-05	-1.045677e-02	1.210121e+01
4.204000e-05	-1.278021e-02	1.221792e+01
4.205000e-05	-2.497887e-02	1.238582e+01
4.206000e-05	-2.313557e-02	1.251958e+01
4.207000e-05	-1.511645e-02	1.257577e+01
4.208000e-05	-1.746504e-02	1.268960e+01
4.209000e-05	-2.092827e-02	1.276687e+01
4.210000e-05	-2.786016e-02	1.289173e+01
4.211000e-05	-1.940311e-02	1.299539e+01
4.212000e-05	-1.822188e-02	1.310213e+01
4.213000e-05	-1.841549e-02	1.315636e+01
4.214000e-05	-2.824951e-02	1.328113e+01
4.215000e-05	-2.580647e-02	1.333326e+01
4.216000e-05	-2.157883e-02	1.339692e+01
4.217000e-05	-2.094533e-02	1.345263e+01
4.218000e-05	-2.713459e-02	1.352384e+01
4.219000e-05	-3.379322e-02	1.357797e+01
4.220000e-05	-2.907418e-02	1.367065e+01
4.221000e-05	-2.809314e-02	1.370370e+01
4.222000e-05	-2.694116e-02	1.370539e+01
4.223000e-05	-3.545411e-02	1.376852e+01
4.224000e-05	-3.257501e-02	1.381115e+01
4.225000e-05	-3.158478e-02	1.386212e+01
4.226000e-05	-2.946409e-02	1.390218e+01
4.227000e-05	-3.661624e-02	1.394530e+01
4.228000e-05	-4.297443e-02	1.389181e+01
4.229000e-05	-4.130728e-02	1.394501e+01
4.230000e-05	-3.910792e-02	1.391378e+01
4.231000e-05	-3.849224e-02	1.395778e+01
4.232000e-05	-4.432042e-02	1.396323e+01
4.233000e-05	-4.671147e-02	1.389230e+01
4.234000e-05	-4.506351e-02	1.389225e+01
4.235000e-05	-4.493794e-02	1.387225e+01
4.236000e-05	-5.071588e-02	1.382012e+01
4.237000e-05	-5.582375e-02	1.377849e+01
4.238000e-05	-5.312927e-02	1.374743e+01
4.239000e-05	-4.930921e-02	1.369484e+01
4.240000e-05	-5.013297e-02	1.364473e+01
4.241000e-05	-5.475277e-02	1.362862e+01
4.242000e-05	-5.384764e-02	1.355749e+01
4.243000e-05	-4.966100e-02	1.352366e+01
4.244000e-05	-4.539551e-02	1.344815e+01
4.245000e-05	-4.644576e-02	1.337579e+01
4.246000e-05	-4.683981e-02	1.329216e+01
4.247000e-05	-4.378271e-02	1.323747e+01
4.248000e-05	-3.837812e-02	1.314428e+01
4.249000e-05	-3.557616e-02	1.304002e+01
4.250000e-05	-3.708426e-02	1.291528e+01
4.251000e-05	-3.686965e-02	1.282112e+01
4.252000e-05	-3.119559e-02	1.270381e+01
4.253000e-05	-2.854613e-02	1.264792e+01
4.254000e-05	-2.686253e-02	1.249276e+01
4.255000e-05	-3.136851e-02	1.241845e+01
4.256000e-05	-2.468083e-02	1.232073e+01
4.257000e-05	-2.513122e-02	1.213539e+01
4.258000e-05	-2.034517e-02	1.206052e+01
4.259000e-05	-2.479698e-02	1.188166e+01
4.260000e-05	-2.241573e-02	1.176531e+01
4.261000e-05	-2.129380e-02	1.161697e+01
4.262000e-05	-1.621553e-02	1.140905e+01
4.263000e-05	-1.884332e-02	1.124230e+01
4.264000e-05	-1.987352e-02	1.111121e+01
4.265000e-05	-1.876587e-02	1.094474e+01
4.266000e-05	-1.526201e-02	1.082592e+01
4.267000e-05	-1.371800e-02	1.066697e+01
4.268000e-05	-1.696625e-02	1.045005e+01
4.269000e-05	-1.674858e-02	1.027010e+01
4.270000e-05	-1.637761e-02	1.010316e+01
4.271000e-05	-1.184639e-02	9.952633e+00
4.272000e-05	-1.336243e-02	9.672683e+00
4.273000e-05	-1.351353e-02	9.561185e+00
4.274000e-05	-1.418061e-02	9.383239e+00
4.275000e-05	-1.086780e-02	9.173738e+00
4.276000e-05	-9.813161e-03	8.904763e+00
4.277000e-05	-1.170402e-02	8.751261e+00
4.278000e-05	-1.276174e-02	8.543737e+00
4.279000e-05	-1.274442e-02	8.403289e+00
4.280000e-05	-1.032724e-02	8.142759e+00
4.281000e-05	-9.630754e-03	7.923234e+00
4.282000e-05	-1.107060e-02	7.700584e+00
4.283000e-05	-1.293379e-02	7.480554e+00
4.284000e-05	-9.465365e-03	7.217449e+00
4.285000e-05	-7.129354e-03	7.026300e+00
4.286000e-05	-8.281166e-03	6.804272e+00
4.287000e-05	-1.108550e-02	6.553236e+00
4.288000e-05	-1.114216e-02	6.311060e+00
4.289000e-05	-8.564049e-03	6.090011e+00
4.290000e-05	-6.366062e-03	5.889434e+00
4.291000e-05	-8.561768e-03	5.635223e+00
4.292000e-05	-1.086034e-02	5.354197e+00
4.293000e-05	-7.745804e-03	5.121634e+00
4.294000e-05	-5.070624e-03	4.844852e+00
4.295000e-05	-6.726190e-03	4.572218e+00
4.296000e-05	-1.048794e-02	4.362568e+00
4.297000e-05	-9.430904e-03	4.078007e+00
4.298000e-05	-4.328144e-03	3.834829e+00
4.299000e-05	-4.233031e-03	3.592729e+00
4.300000e-05	-8.743096e-03	3.391190e+00
4.301000e-05	-1.056409e-02	3.077912e+00
4.302000e-05	-7.158348e-03	2.855282e+00
4.303000e-05	-3.337474e-03	2.633250e+00
4.304000e-05	-4.873524e-03	2.327511e+00
4.305000e-05	-7.990149e-03	2.086382e+00
4.306000e-05	-7.936607e-03	1.863781e+00
4.307000e-05	-4.547413e-03	1.572143e+00
4.308000e-05	-3.204045e-03	1.297464e+00
4.309000e-05	-6.067574e-03	1.023222e+00
4.310000e-05	-8.086240e-03	7.694659e-01
4.311000e-05	-5.380448e-03	4.753330e-01
4.312000e-05	-1.850762e-03	2.236765e-01
4.313000e-05	-2.762176e-03	-3.953413e-02
4.314000e-05	2.476094e-03	-2.915853e-01
4.315000e-05	6.282913e-04	-4.526369e-01
4.316000e-05	-1.279384e-03	-7.789474e-01
4.317000e-05	1.374409e-03	-9.694750e-01
4.318000e-05	-1.242566e-03	-1.231081e+00
4.319000e-05	-2.819351e-03	-1.535669e+00
4.320000e-05	1.656058e-03	-1.727419e+00
4.321000e-05	5.729337e-02	-1.945390e+00
4.322000e-05	8.665067e-02	-2.211056e+00
4.323000e-05	-8.706494e-02	-2.621556e+00
4.324000e-05	-4.280162e-05	-2.888443e+00
4.325000e-05	-6.067352e-02	-3.210500e+00
4.326000e-05	-6.371596e-02	-3.367473e+00
4.327000e-05	4.225477e-02	-3.484386e+00
4.328000e-05	1.142767e-01	-3.635660e+00
4.329000e-05	-2.045548e-01	-4.011074e+00
4.330000e-05	2.162700e-01	-4.182048e+00
4.331000e-05	-1.283879e-01	-4.413628e+00
4.332000e-05	5.382397e-02	-4.789999e+00
4.333000e-05	7.488719e-02	-4.909468e+00
4.334000e-05	-1.916003e-01	-5.236833e+00
4.335000e-05	1.101556e-01	-5.539939e+00
4.336000e-05	-4.078016e-02	-5.708390e+00
4.337000e-05	2.436400e-02	-6.002601e+00
4.338000e-05	8.979325e-02	-6.224727e+00
4.339000e-05	-1.473673e-01	-6.496937e+00
4.340000e-05	1.453226e-01	-6.716911e+00
4.341000e-05	-9.492916e-02	-6.928544e+00
4.342000e-05	7.185580e-02	-7.212752e+00
4.343000e-05	-2.733476e-02	-7.392071e+00
4.344000e-05	-6.628136e-02	-7.678354e+00
4.345000e-05	1.527594e-01	-7.898962e+00
4.346000e-05	-1.192436e-01	-8.129964e+00
4.347000e-05	1.178589e-01	-8.329064e+00
4.348000e-05	-1.072241e-01	-8.521065e+00
4.349000e-05	4.640889e-02	-8.811668e+00
4.350000e-05	3.046802e-02	-8.910589e+00
4.351000e-05	-2.153099e-02	-9.161668e+00
4.352000e-05	6.204867e-02	-9.321641e+00
4.353000e-05	-8.777185e-02	-9.530616e+00
4.354000e-05	9.958682e-02	-9.699563e+00
4.355000e-05	-4.998622e-02	-9.920512e+00
4.356000e-05	5.165211e-02	-1.009061e+01
4.357000e-05	-4.417942e-02	-1.028008e+01
4.358000e-05	1.603819e-02	-1.047798e+01
4.359000e-05	4.047437e-02	-1.058485e+01
4.360000e-05	-3.988957e-03	-1.078375e+01
4.361000e-05	3.032599e-02	-1.090274e+01
4.362000e-05	-4.174471e-02	-1.112168e+01
4.363000e-05	5.005718e-02	-1.127101e+01
4.364000e-05	-1.244066e-02	-1.149903e+01
4.365000e-05	3.419681e-02	-1.160892e+01
4.366000e-05	-2.368162e-02	-1.176582e+01
4.367000e-05	2.188601e-02	-1.193167e+01
4.368000e-05	1.972714e-02	-1.206013e+01
4.369000e-05	2.383449e-02	-1.219680e+01
4.370000e-05	5.433936e-03	-1.232066e+01
4.371000e-05	-4.763056e-03	-1.244011e+01
4.372000e-05	2.285619e-02	-1.256532e+01
4.373000e-05	1.748495e-02	-1.268113e+01
4.374000e-05	2.167320e-02	-1.277681e+01
4.375000e-05	-3.125953e-03	-1.292064e+01
4.376000e-05	1.545760e-02	-1.299539e+01
4.377000e-05	2.256996e-02	-1.310056e+01
4.378000e-05	2.904082e-02	-1.316539e+01
4.379000e-05	1.030163e-02	-1.325058e+01
4.380000e-05	9.928599e-03	-1.336384e+01
4.381000e-05	1.741584e-02	-1.344640e+01
4.382000e-05	3.022201e-02	-1.350116e+01
4.383000e-05	2.066081e-02	-1.355524e+01
4.384000e-05	1.204846e-02	-1.363850e+01
4.385000e-05	1.344685e-02	-1.370108e+01
4.386000e-05	2.777752e-02	-1.373372e+01
4.387000e-05	3.196456e-02	-1.374690e+01
4.388000e-05	2.314304e-02	-1.377850e+01
4.389000e-05	1.795464e-02	-1.390113e+01
4.390000e-05	2.401783e-02	-1.387466e+01
4.391000e-05	3.513812e-02	-1.391589e+01
4.392000e-05	2.965517e-02	-1.395786e+01
4.393000e-05	2.347987e-02	-1.395909e+01
4.394000e-05	2.186066e-02	-1.398002e+01
4.395000e-05	3.514317e-02	-1.398910e+01
4.396000e-05	4.065113e-02	-1.398857e+01
4.397000e-05	3.636083e-02	-1.399852e+01
4.398000e-05	3.128262e-02	-1.393904e+01
4.399000e-05	3.523154e-02	-1.398849e+01
4.400000e-05	4.520305e-02	-1.392594e+01
4.401000e-05	4.395436e-02	-1.395599e+01
4.402000e-05	3.801397e-02	-1.387486e+01
4.403000e-05	3.769923e-02	-1.386178e+01
4.404000e-05	4.614760e-02	-1.380952e+01
4.405000e-05	5.190957e-02	-1.378797e+01
4.406000e-05	4.632396e-02	-1.373331e+01
4.407000e-05	3.917917e-02	-1.368123e+01
4.408000e-05	4.138699e-02	-1.363810e+01
4.409000e-05	4.607712e-02	-1.359634e+01
4.410000e-05	4.457187e-02	-1.351176e+01
4.411000e-05	3.704219e-02	-1.338807e+01
4.412000e-05	3.184115e-02	-1.329634e+01
4.413000e-05	3.465087e-02	-1.326155e+01
4.414000e-05	3.663350e-02	-1.317602e+01
4.415000e-05	3.132019e-02	-1.306228e+01
4.416000e-05	2.468351e-02	-1.298542e+01
4.417000e-05	2.335354e-02	-1.294221e+01
4.418000e-05	2.663938e-02	-1.282850e+01
4.419000e-05	2.579828e-02	-1.270273e+01
4.420000e-05	1.897421e-02	-1.262692e+01
4.421000e-05	1.483788e-02	-1.249266e+01
4.422000e-05	1.624974e-02	-1.235389e+01
4.423000e-05	1.907445e-02	-1.221847e+01
4.424000e-05	1.639314e-02	-1.208219e+01
4.425000e-05	1.130330e-02	-1.196486e+01
4.426000e-05	9.771810e-03	-1.179757e+01
4.427000e-05	1.345769e-02	-1.159215e+01
4.428000e-05	1.409297e-02	-1.147171e+01
4.429000e-05	1.041745e-02	-1.130223e+01
4.430000e-05	5.576013e-03	-1.110376e+01
4.431000e-05	6.321692e-03	-1.095427e+01
4.432000e-05	9.468083e-03	-1.082792e+01
4.433000e-05	8.297084e-03	-1.065858e+01
4.434000e-05	4.787259e-03	-1.050066e+01
4.435000e-05	3.578757e-03	-1.036271e+01
4.436000e-05	6.330626e-03	-1.011271e+01
4.437000e-05	7.957967e-03	-9.922238e+00
4.438000e-05	5.205671e-03	-9.763792e+00
4.439000e-05	2.773032e-03	-9.615374e+00
4.440000e-05	2.212508e-03	-9.394822e+00
4.441000e-05	4.353591e-03	-9.165920e+00
4.442000e-05	3.733445e-03	-9.016325e+00
4.443000e-05	9.510566e-04	-8.835422e+00
4.444000e-05	-5.978734e-04	-8.556419e+00
4.445000e-05	1.995975e-03	-8.375791e+00
4.446000e-05	3.519974e-03	-8.215771e+00
4.447000e-05	2.141744e-03	-8.045377e+00
4.448000e-05	1.939871e-04	-7.774240e+00
4.449000e-05	-1.960860e-04	-7.539711e+00
4.450000e-05	3.109788e-04	-7.268485e+00
4.451000e-05	4.333566e-04	-7.017931e+00
4.452000e-05	-1.753130e-03	-6.834350e+00
4.453000e-05	-3.207662e-03	-6.584344e+00
4.454000e-05	-7.302246e-04	-6.392199e+00
4.455000e-05	-9.079489e-04	-6.120641e+00
4.456000e-05	4.635437e-04	-5.866532e+00
4.457000e-05	-3.289238e-03	-5.645856e+00
4.458000e-05	-3.175544e-03	-5.404951e+00
4.459000e-05	-2.073216e-03	-5.120065e+00
4.460000e-05	-1.304618e-03	-4.836908e+00
4.461000e-05	-3.252808e-03	-4.560596e+00
4.462000e-05	-4.119138e-03	-4.393724e+00
4.463000e-05	-3.883849e-03	-4.149117e+00
4.464000e-05	-1.423756e-03	-3.929492e+00
4.465000e-05	-4.059128e-03	-3.654854e+00
4.466000e-05	-4.761923e-03	-3.423752e+00
4.467000e-05	-7.088220e-03	-3.211072e+00
4.468000e-05	-2.950500e-03	-2.887407e+00
4.469000e-05	-4.147678e-03	-2.664327e+00
4.470000e-05	-3.507124e-03	-2.403122e+00
4.471000e-05	-6.090342e-03	-2.160988e+00
4.472000e-05	-4.429153e-03	-1.865381e+00
4.473000e-05	-4.497442e-03	-1.644727e+00
4.474000e-05	-5.550707e-03	-1.359565e+00
4.475000e-05	-6.963707e-03	-1.064304e+00
4.476000e-05	-7.786588e-03	-8.016565e-01
4.477000e-05	-5.487865e-03	-5.175173e-01
4.478000e-05	-4.203050e-03	-2.953131e-01
4.479000e-05	-2.866792e-03	-2.363027e-02
4.480000e-05	4.521653e-03	2.283776e-01
4.481000e-05	-1.994768e-03	4.625604e-01
4.482000e-05	4.979962e-04	6.640895e-01
4.483000e-05	-2.947060e-03	9.246407e-01
4.484000e-05	-3.523649e-03	1.208423e+00
4.485000e-05	-5.431714e-03	1.433132e+00
4.486000e-05	6.792147e-05	1.757916e+00
4.487000e-05	2.335453e-02	1.906441e+00
4.488000e-05	7.936129e-02	2.176974e+00
4.489000e-05	-1.138993e-02	2.483656e+00
4.490000e-05	-6.045008e-02	2.780476e+00
4.491000e-05	-3.092188e-02	3.033632e+00
4.492000e-05	-2.574647e-02	3.212631e+00
4.493000e-05	-8.967538e-02	3.506862e+00
4.494000e-05	4.037240e-02	3.672228e+00
4.495000e-05	9.270763e-02	3.894885e+00
4.496000e-05	-1.772796e-01	4.169565e+00
4.497000e-05	1.869627e-01	4.432450e+00
4.498000e-05	-4.824892e-02	4.714360e+00
4.499000e-05	-1.819599e-02	4.867380e+00
4.500000e-05	3.340900e-02	5.204575e+00
4.501000e-05	-9.441184e-02	5.465707e+00
4.502000e-05	4.187186e-02	5.687330e+00
4.503000e-05	-1.545554e-02	5.960566e+00
4.504000e-05	-6.186791e-03	6.180119e+00
4.505000e-05	1.738428e-02	6.382652e+00
4.506000e-05	-4.584981e-02	6.717853e+00
4.507000e-05	3.346608e-02	6.887856e+00
4.508000e-05	-3.855422e-02	7.129463e+00
4.509000e-05	2.104743e-02	7.373614e+00
4.510000e-05	-2.910759e-02	7.614744e+00
4.511000e-05	-2.115324e-02	7.856376e+00
4.512000e-05	5.210319e-02	8.108930e+00
4.513000e-05	-5.866852e-02	8.308461e+00
4.514000e-05	1.977668e-02	8.497404e+00
4.515000e-05	-4.263783e-02	8.676379e+00
4.516000e-05	1.130730e-02	8.826454e+00
4.517000e-05	-6.447884e-03	9.086329e+00
4.518000e-05	-1.029689e-02	9.289409e+00
4.519000e-05	-4.520909e-03	9.478378e+00
4.520000e-05	-2.591810e-02	9.616951e+00
4.521000e-05	1.232826e-02	9.858375e+00
4.522000e-05	-2.929845e-02	1.004627e+01
4.523000e-05	-6.934613e-03	1.022527e+01
4.524000e-05	-2.786550e-02	1.035422e+01
4.525000e-05	-2.877328e-03	1.056524e+01
4.526000e-05	-2.975309e-03	1.074158e+01
4.527000e-05	-1.230655e-02	1.090101e+01
4.528000e-05	-1.464484e-02	1.106830e+01
4.529000e-05	-2.148177e-02	1.119747e+01
4.530000e-05	-4.922752e-03	1.137637e+01
4.531000e-05	-2.039589e-02	1.154421e+01
4.532000e-05	-1.531053e-02	1.171021e+01
4.533000e-05	-2.578545e-02	1.183743e+01
4.534000e-05	-8.269038e-03	1.198532e+01
4.535000e-05	-1.170027e-02	1.212369e+01
4.536000e-05	-1.434377e-02	1.223807e+01
4.537000e-05	-2.312471e-02	1.237376e+01
4.538000e-05	-2.110254e-02	1.251011e+01
4.539000e-05	-1.393557e-02	1.259579e+01
4.540000e-05	-1.929227e-02	1.270308e+01
4.541000e-05	-2.230839e-02	1.277744e+01
4.542000e-05	-2.792126e-02	1.292216e+01
4.543000e-05	-1.864151e-02	1.303747e+01
4.544000e-05	-1.820601e-02	1.310968e+01
4.545000e-05	-1.926682e-02	1.319637e+01
4.546000e-05	-2.738126e-02	1.329066e+01
4.547000e-05	-2.528542e-02	1.332424e+01
4.548000e-05	-2.229563e-02	1.342652e+01
4.549000e-05	-2.353109e-02	1.347815e+01
4.550000e-05	-2.710254e-02	1.354439e+01
4.551000e-05	-3.364463e-02	1.359802e+01
4.552000e-05	-2.946196e-02	1.366115e+01
4.553000e-05	-2.871224e-02	1.372333e+01
4.554000e-05	-2.630450e-02	1.373686e+01
4.555000e-05	-3.258266e-02	1.376002e+01
4.556000e-05	-3.237619e-02	1.382010e+01
4.557000e-05	-3.156230e-02	1.387060e+01
4.558000e-05	-3.204053e-02	1.389165e+01
4.559000e-05	-3.625588e-02	1.392488e+01
4.560000e-05	-4.292583e-02	1.392280e+01
4.561000e-05	-4.146565e-02	1.393581e+01
4.562000e-05	-4.110084e-02	1.396276e+01
4.563000e-05	-3.858499e-02	1.391538e+01
4.564000e-05	-4.346542e-02	1.394545e+01
4.565000e-05	-4.513519e-02	1.390428e+01
4.566000e-05	-4.568826e-02	1.392225e+01
4.567000e-05	-4.710844e-02	1.386270e+01
4.568000e-05	-5.046575e-02	1.382060e+01
4.569000e-05	-5.498676e-02	1.381899e+01
4.570000e-05	-5.338323e-02	1.372641e+01
4.571000e-05	-5.094271e-02	1.369531e+01
4.572000e-05	-4.870526e-02	1.365268e+01
4.573000e-05	-5.207429e-02	1.358807e+01
4.574000e-05	-5.287327e-02	1.356494e+01
4.575000e-05	-5.065701e-02	1.350275e+01
4.576000e-05	-4.721652e-02	1.341800e+01
4.577000e-05	-4.608959e-02	1.335529e+01
4.578000e-05	-4.568348e-02	1.326116e+01
4.579000e-05	-4.338719e-02	1.320897e+01
4.580000e-05	-3.932292e-02	1.312483e+01
4.581000e-05	-3.601387e-02	1.302802e+01
4.582000e-05	-3.539700e-02	1.292479e+01
4.583000e-05	-3.659528e-02	1.282902e+01
4.584000e-05	-3.147120e-02	1.271384e+01
4.585000e-05	-3.063419e-02	1.261740e+01
4.586000e-05	-2.642746e-02	1.251219e+01
4.587000e-05	-2.974887e-02	1.240942e+01
4.588000e-05	-2.461784e-02	1.229065e+01
4.589000e-05	-2.520176e-02	1.214529e+01
4.590000e-05	-2.135190e-02	1.201994e+01
4.591000e-05	-2.289230e-02	1.188211e+01
4.592000e-05	-2.256971e-02	1.174374e+01
4.593000e-05	-2.115964e-02	1.159691e+01
4.594000e-05	-1.908562e-02	1.143002e+01
4.595000e-05	-1.771307e-02	1.124059e+01
4.596000e-05	-1.911781e-02	1.106103e+01
4.597000e-05	-1.720858e-02	1.089271e+01
4.598000e-05	-1.732305e-02	1.084687e+01
4.599000e-05	-1.422813e-02	1.060837e+01
4.600000e-05	-1.711019e-02	1.042210e+01
4.601000e-05	-1.509368e-02	1.023847e+01
4.602000e-05	-1.586641e-02	1.006958e+01
4.603000e-05	-1.251186e-02	9.891133e+00
4.604000e-05	-1.232680e-02	9.651104e+00
4.605000e-05	-1.265954e-02	9.501635e+00
4.606000e-05	-1.316771e-02	9.310138e+00
4.607000e-05	-1.239844e-02	9.183136e+00
4.608000e-05	-1.146187e-02	8.923236e+00
4.609000e-05	-1.261978e-02	8.711186e+00
4.610000e-05	-1.189524e-02	8.512636e+00
4.611000e-05	-1.262873e-02	8.381664e+00
4.612000e-05	-1.042553e-02	8.154183e+00
4.613000e-05	-1.000722e-02	7.920006e+00
4.614000e-05	-1.004302e-02	7.659506e+00
4.615000e-05	-1.068057e-02	7.458474e+00
4.616000e-05	-9.819941e-03	7.184747e+00
4.617000e-05	-9.166391e-03	6.995795e+00
4.618000e-05	-9.506455e-03	6.794169e+00
4.619000e-05	-9.973925e-03	6.532659e+00
4.620000e-05	-1.010259e-02	6.290486e+00
4.621000e-05	-7.356248e-03	6.078481e+00
4.622000e-05	-8.015947e-03	5.876871e+00
4.623000e-05	-8.304776e-03	5.603148e+00
4.624000e-05	-9.793507e-03	5.403172e+00
4.625000e-05	-8.526511e-03	5.089510e+00
4.626000e-05	-7.616220e-03	4.784748e+00
4.627000e-05	-7.428956e-03	4.602141e+00
4.628000e-05	-7.440890e-03	4.340041e+00
4.629000e-05	-7.273870e-03	4.047907e+00
4.630000e-05	-6.370664e-03	3.833726e+00
4.631000e-05	-7.215056e-03	3.612102e+00
4.632000e-05	-7.139437e-03	3.311086e+00
4.633000e-05	-7.029074e-03	3.066854e+00
4.634000e-05	-6.988718e-03	2.834679e+00
4.635000e-05	-5.965168e-03	2.562715e+00
4.636000e-05	-6.524540e-03	2.297409e+00
4.637000e-05	-5.660341e-03	2.075305e+00
4.638000e-05	-6.536788e-03	1.844222e+00
4.639000e-05	-5.702429e-03	1.541070e+00
4.640000e-05	-5.147696e-03	1.305857e+00
4.641000e-05	-5.786311e-03	9.785973e-01
4.642000e-05	-5.710175e-03	7.274634e-01
4.643000e-05	-5.728407e-03	4.747804e-01
4.644000e-05	-4.075240e-03	2.231724e-01
4.645000e-05	-3.643154e-03	-4.305920e-02
4.646000e-05	5.552713e-03	-3.032345e-01
4.647000e-05	-2.296950e-04	-5.151899e-01
4.648000e-05	-8.125216e-05	-7.994475e-01
4.649000e-05	-1.648921e-03	-9.604528e-01
4.650000e-05	-1.034577e-04	-1.263609e+00
4.651000e-05	-2.347389e-03	-1.577337e+00
4.652000e-05	6.526971e-03	-1.757393e+00
4.653000e-05	6.562802e-02	-1.967942e+00
4.654000e-05	6.784354e-02	-2.262688e+00
4.655000e-05	-8.505102e-02	-2.642107e+00
4.656000e-05	5.047370e-04	-2.989498e+00
4.657000e-05	-6.198768e-02	-3.221050e+00
4.658000e-05	-7.268146e-02	-3.398444e+00
4.659000e-05	8.157082e-02	-3.527414e+00
4.660000e-05	6.650406e-02	-3.715714e+00
4.661000e-05	-1.689037e-01	-4.043781e+00
4.662000e-05	2.309074e-01	-4.203127e+00
4.663000e-05	-1.657789e-01	-4.455231e+00
4.664000e-05	1.000562e-01	-4.778517e+00
4.665000e-05	2.977862e-02	-4.930394e+00
4.666000e-05	-1.758604e-01	-5.316890e+00
4.667000e-05	1.272739e-01	-5.539494e+00
4.668000e-05	-7.039558e-02	-5.739516e+00
4.669000e-05	6.459239e-02	-6.033723e+00
4.670000e-05	4.637579e-02	-6.244334e+00
4.671000e-05	-1.222617e-01	-6.529939e+00
4.672000e-05	1.445311e-01	-6.698940e+00
4.673000e-05	-1.108996e-01	-6.961219e+00
4.674000e-05	9.874162e-02	-7.255331e+00
4.675000e-05	-6.924273e-02	-7.404730e+00
4.676000e-05	-1.995449e-02	-7.729067e+00
4.677000e-05	1.254166e-01	-7.940037e+00
4.678000e-05	-1.108110e-01	-8.131569e+00
4.679000e-05	1.199943e-01	-8.321540e+00
4.680000e-05	-1.241032e-01	-8.531045e+00
4.681000e-05	7.846660e-02	-8.784268e+00
4.682000e-05	1.668801e-03	-8.962646e+00
4.683000e-05	2.189233e-03	-9.120694e+00
4.684000e-05	3.649352e-02	-9.333195e+00
4.685000e-05	-7.179934e-02	-9.572092e+00
4.686000e-05	9.687769e-02	-9.699638e+00
4.687000e-05	-5.682204e-02	-9.930512e+00
4.688000e-05	5.848337e-02	-1.013066e+01
4.689000e-05	-5.792589e-02	-1.028958e+01
4.690000e-05	3.664864e-02	-1.049948e+01
4.691000e-05	2.584389e-02	-1.066685e+01
4.692000e-05	6.797526e-03	-1.076532e+01
4.693000e-05	1.734121e-02	-1.090264e+01
4.694000e-05	-3.185455e-02	-1.113069e+01
4.695000e-05	4.820192e-02	-1.127921e+01
4.696000e-05	-1.074748e-02	-1.149963e+01
4.697000e-05	3.213808e-02	-1.162749e+01
4.698000e-05	-2.570696e-02	-1.178739e+01
4.699000e-05	2.850769e-02	-1.201279e+01
4.700000e-05	1.641777e-02	-1.209211e+01
4.701000e-05	2.663194e-02	-1.221587e+01
4.702000e-05	-3.148332e-04	-1.233324e+01
4.703000e-05	-1.593337e-04	-1.244913e+01
4.704000e-05	2.109668e-02	-1.253535e+01
4.705000e-05	1.933052e-02	-1.270121e+01
4.706000e-05	1.752461e-02	-1.282832e+01
4.707000e-05	-2.690354e-03	-1.293069e+01
4.708000e-05	1.717982e-02	-1.301735e+01
4.709000e-05	2.484641e-02	-1.310116e+01
4.710000e-05	2.769809e-02	-1.315495e+01
4.711000e-05	8.997225e-03	-1.326116e+01
4.712000e-05	1.058262e-02	-1.338529e+01
4.713000e-05	1.907376e-02	-1.343697e+01
4.714000e-05	3.081184e-02	-1.351213e+01
4.715000e-05	1.737573e-02	-1.362427e+01
4.716000e-05	1.092182e-02	-1.363905e+01
4.717000e-05	1.449455e-02	-1.370124e+01
4.718000e-05	3.076965e-02	-1.374376e+01
4.719000e-05	2.957023e-02	-1.377692e+01
4.720000e-05	2.127498e-02	-1.380760e+01
4.721000e-05	1.753486e-02	-1.387970e+01
4.722000e-05	2.714854e-02	-1.392478e+01
4.723000e-05	3.589540e-02	-1.391334e+01
4.724000e-05	2.848124e-02	-1.397799e+01
4.725000e-05	2.269948e-02	-1.397044e+01
4.726000e-05	2.345548e-02	-1.396899e+01
4.727000e-05	3.724528e-02	-1.398814e+01
4.728000e-05	3.978943e-02	-1.398102e+01
4.729000e-05	3.465368e-02	-1.400949e+01
4.730000e-05	3.127167e-02	-1.395759e+01
4.731000e-05	3.731059e-02	-1.393852e+01
4.732000e-05	4.599661e-02	-1.395589e+01
4.733000e-05	4.266444e-02	-1.392384e+01
4.734000e-05	3.720446e-02	-1.389488e+01
4.735000e-05	3.813394e-02	-1.386123e+01
4.736000e-05	4.790379e-02	-1.383897e+01
4.737000e-05	5.103777e-02	-1.375592e+01
4.738000e-05	4.504051e-02	-1.372476e+01
4.739000e-05	3.984794e-02	-1.367173e+01
4.740000e-05	4.252363e-02	-1.361797e+01
4.741000e-05	4.756613e-02	-1.357437e+01
4.742000e-05	4.340266e-02	-1.346116e+01
4.743000e-05	3.621633e-02	-1.340952e+01
4.744000e-05	3.285113e-02	-1.335584e+01
4.745000e-05	3.530255e-02	-1.327110e+01
4.746000e-05	3.709545e-02	-1.316650e+01
4.747000e-05	2.952684e-02	-1.310066e+01
4.748000e-05	2.365225e-02	-1.297687e+01
4.749000e-05	2.410183e-02	-1.291116e+01
4.750000e-05	2.769309e-02	-1.280945e+01
4.751000e-05	2.402068e-02	-1.272270e+01
4.752000e-05	1.821633e-02	-1.259731e+01
4.753000e-05	1.443904e-02	-1.245018e+01
4.754000e-05	1.939261e-02	-1.234329e+01
4.755000e-05	1.927367e-02	-1.218587e+01
4.756000e-05	1.456763e-02	-1.206218e+01
4.757000e-05	9.538711e-03	-1.197478e+01
4.758000e-05	1.149667e-02	-1.178542e+01
4.759000e-05	1.487068e-02	-1.165955e+01
4.760000e-05	1.314376e-02	-1.144061e+01
4.761000e-05	7.629120e-03	-1.127270e+01
4.762000e-05	5.769240e-03	-1.106321e+01
4.763000e-05	8.807196e-03	-1.092286e+01
4.764000e-05	9.746746e-03	-1.075590e+01
4.765000e-05	6.212987e-03	-1.067900e+01
4.766000e-05	3.244835e-03	-1.048166e+01
4.767000e-05	4.637169e-03	-1.030221e+01
4.768000e-05	7.957274e-03	-1.009274e+01
4.769000e-05	7.423876e-03	-9.932213e+00
4.770000e-05	3.417543e-03	-9.772814e+00
4.771000e-05	2.271914e-03	-9.584816e+00
4.772000e-05	3.548882e-03	-9.366364e+00
4.773000e-05	5.239175e-03	-9.184772e+00
4.774000e-05	2.750712e-03	-9.004317e+00
4.775000e-05	-9.118453e-05	-8.804871e+00
4.776000e-05	-4.302161e-04	-8.535339e+00
4.777000e-05	2.914453e-03	-8.413343e+00
4.778000e-05	2.912086e-03	-8.173218e+00
4.779000e-05	6.826358e-04	-7.973823e+00
4.780000e-05	-1.317094e-03	-7.732163e+00
4.781000e-05	4.947597e-04	-7.490058e+00
4.782000e-05	1.644715e-03	-7.276381e+00
4.783000e-05	-4.857711e-04	-7.047422e+00
4.784000e-05	-1.523887e-03	-6.804744e+00
4.785000e-05	-2.901407e-03	-6.593293e+00
4.786000e-05	8.984261e-04	-6.342645e+00
4.787000e-05	-8.700051e-04	-6.098585e+00
4.788000e-05	-2.389177e-04	-5.835505e+00
4.789000e-05	-4.263865e-03	-5.635279e+00
4.790000e-05	-2.324340e-03	-5.414271e+00
4.791000e-05	-1.886528e-03	-5.129511e+00
4.792000e-05	-1.294881e-03	-4.794426e+00
4.793000e-05	-5.153984e-03	-4.590969e+00
4.794000e-05	-3.747431e-03	-4.380550e+00
4.795000e-05	-3.344020e-03	-4.160590e+00
4.796000e-05	-2.042774e-03	-3.897436e+00
4.797000e-05	-5.195731e-03	-3.613683e+00
4.798000e-05	-5.051165e-03	-3.411724e+00
4.799000e-05	-6.189848e-03	-3.130549e+00
4.800000e-05	-1.465443e-03	-2.855208e+00
4.801000e-05	-3.638746e-03	-2.634729e+00
4.802000e-05	-3.603632e-03	-2.372598e+00
4.803000e-05	-6.247309e-03	-2.107911e+00
4.804000e-05	-4.618780e-03	-1.826282e+00
4.805000e-05	-3.626960e-03	-1.632679e+00
4.806000e-05	-4.921534e-03	-1.268815e+00
4.807000e-05	-8.080087e-03	-9.837302e-01
4.808000e-05	-8.536478e-03	-8.115788e-01
4.809000e-05	-4.171192e-03	-5.184384e-01
4.810000e-05	-2.958118e-03	-2.243327e-01
4.811000e-05	-2.469711e-03	-4.207784e-02
4.812000e-05	3.767550e-03	2.215805e-01
4.813000e-05	-3.555433e-03	4.641068e-01
4.814000e-05	3.835201e-03	7.452907e-01
4.815000e-05	-6.048056e-03	9.381926e-01
4.816000e-05	-1.408113e-03	1.221552e+00
4.817000e-05	-8.039522e-03	1.475185e+00
4.818000e-05	5.668553e-03	1.778920e+00
4.819000e-05	2.714793e-02	1.966894e+00
4.820000e-05	8.480413e-02	2.178982e+00
4.821000e-05	-3.301710e-02	2.498183e+00
4.822000e-05	-5.056299e-02	2.832574e+00
4.823000e-05	-3.709339e-02	3.075179e+00
4.824000e-05	-2.427555e-02	3.245710e+00
4.825000e-05	-9.638429e-02	3.508861e+00
4.826000e-05	7.016721e-02	3.694263e+00
4.827000e-05	5.853464e-02	3.916814e+00
4.828000e-05	-1.567809e-01	4.151640e+00
4.829000e-05	2.027411e-01	4.441625e+00
4.830000e-05	-8.033668e-02	4.696883e+00
4.831000e-05	6.662690e-03	4.897891e+00
4.832000e-05	1.189629e-02	5.232273e+00
4.833000e-05	-8.567178e-02	5.486881e+00
4.834000e-05	4.892466e-02	5.687385e+00
4.835000e-05	-2.431850e-02	5.981070e+00
4.836000e-05	5.928559e-03	6.183247e+00
4.837000e-05	7.117204e-03	6.443675e+00
4.838000e-05	-4.012658e-02	6.727936e+00
4.839000e-05	3.085385e-02	6.887463e+00
4.840000e-05	-4.386884e-02	7.150518e+00
4.841000e-05	2.683432e-02	7.362142e+00
4.842000e-05	-4.267878e-02	7.615296e+00
4.843000e-05	-2.644405e-03	7.898533e+00
4.844000e-05	3.996526e-02	8.130062e+00
4.845000e-05	-5.376035e-02	8.309960e+00
4.846000e-05	2.024100e-02	8.488962e+00
4.847000e-05	-4.574602e-02	8.708356e+00
4.848000e-05	1.519332e-02	8.867980e+00
4.849000e-05	-1.072113e-02	9.098033e+00
4.850000e-05	-6.021972e-03	9.300034e+00
4.851000e-05	-9.613088e-03	9.467405e+00
4.852000e-05	-2.318744e-02	9.630479e+00
4.853000e-05	1.190987e-02	9.868376e+00
4.854000e-05	-2.780725e-02	1.003738e+01
4.855000e-05	-5.362640e-03	1.021680e+01
4.856000e-05	-2.976114e-02	1.041534e+01
4.857000e-05	-1.792489e-03	1.059584e+01
4.858000e-05	-4.961572e-03	1.074411e+01
4.859000e-05	-1.268425e-02	1.090064e+01
4.860000e-05	-1.708418e-02	1.106845e+01
4.861000e-05	-2.183147e-02	1.118605e+01
4.862000e-05	-4.350209e-03	1.138747e+01
4.863000e-05	-1.859268e-02	1.158324e+01
4.864000e-05	-1.307284e-02	1.171159e+01
4.865000e-05	-2.543873e-02	1.185941e+01
4.866000e-05	-9.338210e-03	1.201442e+01
4.867000e-05	-1.138251e-02	1.211268e+01
4.868000e-05	-1.536559e-02	1.224005e+01
4.869000e-05	-2.373508e-02	1.240679e+01
4.870000e-05	-2.267844e-02	1.249168e+01
4.871000e-05	-1.276224e-02	1.259587e+01
4.872000e-05	-1.932864e-02	1.271268e+01
4.873000e-05	-2.167521e-02	1.277552e+01
4.874000e-05	-2.717814e-02	1.293374e+01
4.875000e-05	-1.911515e-02	1.300794e+01
4.876000e-05	-1.818658e-02	1.312215e+01
4.877000e-05	-2.045771e-02	1.318642e+01
4.878000e-05	-2.683693e-02	1.329166e+01
4.879000e-05	-2.692318e-02	1.335369e+01
4.880000e-05	-2.144047e-02	1.339954e+01
4.881000e-05	-2.317722e-02	1.347066e+01
4.882000e-05	-2.712324e-02	1.354449e+01
4.883000e-05	-3.235700e-02	1.360902e+01
4.884000e-05	-2.905927e-02	1.365165e+01
4.885000e-05	-2.729971e-02	1.369366e+01
4.886000e-05	-2.877838e-02	1.372797e+01
4.887000e-05	-3.474456e-02	1.380952e+01
4.888000e-05	-3.440139e-02	1.385073e+01
4.889000e-05	-3.028281e-02	1.383125e+01
4.890000e-05	-3.132393e-02	1.391376e+01
4.891000e-05	-3.649228e-02	1.389428e+01
4.892000e-05	-4.202760e-02	1.390491e+01
4.893000e-05	-4.023472e-02	1.391579e+01
4.894000e-05	-3.964698e-02	1.398593e+01
4.895000e-05	-3.999693e-02	1.394638e+01
4.896000e-05	-4.494849e-02	1.391686e+01
4.897000e-05	-4.698385e-02	1.394330e+01
4.898000e-05	-4.508134e-02	1.387285e+01
4.899000e-05	-4.690561e-02	1.387217e+01
4.900000e-05	-5.043556e-02	1.382107e+01
4.901000e-05	-5.478089e-02	1.375762e+01
4.902000e-05	-5.232603e-02	1.375747e+01
4.903000e-05	-5.013416e-02	1.367483e+01
4.904000e-05	-5.005791e-02	1.364222e+01
4.905000e-05	-5.376830e-02	1.357004e+01
4.906000e-05	-5.323408e-02	1.355796e+01
4.907000e-05	-4.961142e-02	1.349922e+01
4.908000e-05	-4.702216e-02	1.342839e+01
4.909000e-05	-4.474414e-02	1.334577e+01
4.910000e-05	-4.591309e-02	1.330110e+01
4.911000e-05	-4.265829e-02	1.320695e+01
4.912000e-05	-3.913545e-02	1.315166e+01
4.913000e-05	-3.650784e-02	1.300749e+01
4.914000e-05	-3.600380e-02	1.287436e+01
4.915000e-05	-3.668212e-02	1.278902e+01
4.916000e-05	-3.120537e-02	1.270373e+01
4.917000e-05	-3.014641e-02	1.256802e+01
4.918000e-05	-2.777938e-02	1.251216e+01
4.919000e-05	-3.004574e-02	1.241639e+01
4.920000e-05	-2.465991e-02	1.226157e+01
4.921000e-05	-2.366114e-02	1.212431e+01
4.922000e-05	-2.158755e-02	1.199954e+01
4.923000e-05	-2.183096e-02	1.182060e+01
4.924000e-05	-2.177693e-02	1.174316e+01
4.925000e-05	-2.051657e-02	1.156436e+01
4.926000e-05	-2.004731e-02	1.138799e+01
4.927000e-05	-1.883021e-02	1.124104e+01
4.928000e-05	-1.912860e-02	1.105900e+01
4.929000e-05	-1.677940e-02	1.089321e+01
4.930000e-05	-1.671107e-02	1.080577e+01
4.931000e-05	-1.474402e-02	1.055584e+01
4.932000e-05	-1.663099e-02	1.041844e+01
4.933000e-05	-1.523536e-02	1.024642e+01
4.934000e-05	-1.601830e-02	1.005863e+01
4.935000e-05	-1.402381e-02	9.922124e+00
4.936000e-05	-1.407489e-02	9.651051e+00
4.937000e-05	-1.288939e-02	9.490032e+00
4.938000e-05	-1.224214e-02	9.271135e+00
4.939000e-05	-1.211600e-02	9.141610e+00
4.940000e-05	-1.145255e-02	8.902133e+00
4.941000e-05	-1.194496e-02	8.752662e+00
4.942000e-05	-1.083692e-02	8.491639e+00
4.943000e-05	-1.174569e-02	8.312559e+00
4.944000e-05	-1.087149e-02	8.113186e+00
4.945000e-05	-1.134792e-02	7.891706e+00
4.946000e-05	-1.070804e-02	7.668005e+00
4.947000e-05	-1.094031e-02	7.426367e+00
4.948000e-05	-1.044506e-02	7.193743e+00
4.949000e-05	-8.622571e-03	6.953792e+00
4.950000e-05	-9.122206e-03	6.752195e+00
4.951000e-05	-9.671967e-03	6.531084e+00
4.952000e-05	-9.421374e-03	6.276957e+00
4.953000e-05	-8.498950e-03	6.087431e+00
4.954000e-05	-7.271270e-03	5.836898e+00
4.955000e-05	-8.872823e-03	5.603167e+00
4.956000e-05	-9.238333e-03	5.342688e+00
4.957000e-05	-8.446694e-03	5.058852e+00
4.958000e-05	-7.279503e-03	4.803668e+00
4.959000e-05	-6.504646e-03	4.511066e+00
4.960000e-05	-7.493647e-03	4.308487e+00
4.961000e-05	-7.776301e-03	4.046274e+00
4.962000e-05	-7.001615e-03	3.763145e+00
4.963000e-05	-6.496545e-03	3.599620e+00
4.964000e-05	-6.978018e-03	3.298882e+00
4.965000e-05	-7.256103e-03	3.055781e+00
4.966000e-05	-7.411156e-03	2.814204e+00
4.967000e-05	-6.121209e-03	2.512015e+00
4.968000e-05	-6.372588e-03	2.264782e+00
4.969000e-05	-6.936205e-03	2.044732e+00
4.970000e-05	-6.160210e-03	1.831596e+00
4.971000e-05	-5.413066e-03	1.488884e+00
4.972000e-05	-4.989266e-03	1.225230e+00
4.973000e-05	-4.957282e-03	9.704359e-01
4.974000e-05	-5.771481e-03	7.058854e-01
4.975000e-05	-5.617020e-03	4.642001e-01
4.976000e-05	-4.111907e-03	2.010197e-01
4.977000e-05	-3.695716e-03	-7.414052e-02
4.978000e-05	6.153013e-03	-3.047145e-01
4.979000e-05	-2.599999e-03	-5.362972e-01
4.980000e-05	1.967279e-03	-8.310040e-01
4.981000e-05	-2.987133e-03	-1.012553e+00
4.982000e-05	1.793488e-03	-1.273717e+00
4.983000e-05	-3.642834e-03	-1.577949e+00
4.984000e-05	1.116046e-02	-1.766500e+00
4.985000e-05	7.615285e-02	-1.968949e+00
4.986000e-05	4.693231e-02	-2.293841e+00
4.987000e-05	-7.862592e-02	-2.705233e+00
4.988000e-05	-3.883143e-03	-3.017678e+00
4.989000e-05	-6.083427e-02	-3.243630e+00
4.990000e-05	-7.874815e-02	-3.381577e+00
4.991000e-05	1.209261e-01	-3.507911e+00
4.992000e-05	9.582721e-03	-3.726296e+00
4.993000e-05	-1.220158e-01	-4.072756e+00
4.994000e-05	2.176883e-01	-4.224153e+00
4.995000e-05	-1.849210e-01	-4.545865e+00
4.996000e-05	1.382356e-01	-4.718123e+00
4.997000e-05	-1.811553e-02	-4.989993e+00
4.998000e-05	-1.516448e-01	-5.329468e+00
4.999000e-05	1.348964e-01	-5.590017e+00
