# 260612_13:30:50.669795
t	CH1	CH2
0.000000e+00	7.137743e-03	-3.694502e-01
1.000000e-08	-7.025551e-03	-6.525831e-01
2.000000e-08	4.011566e-03	-9.132359e-01
3.000000e-08	-5.481732e-03	-1.115187e+00
4.000000e-08	2.616244e-03	-1.460500e+00
5.000000e-08	-4.512018e-03	-1.620557e+00
6.000000e-08	2.862439e-02	-1.841159e+00
7.000000e-08	9.694583e-02	-2.062086e+00
8.000000e-08	-2.843340e-02	-2.470057e+00
9.000000e-08	-3.647417e-02	-2.828948e+00
1.000000e-07	-3.103186e-02	-3.125166e+00
1.100000e-07	-5.402529e-02	-3.253213e+00
1.200000e-07	-6.105749e-02	-3.473084e+00
1.300000e-07	1.794280e-01	-3.567949e+00
1.400000e-07	-1.374489e-01	-3.913584e+00
1.500000e-07	5.991356e-02	-4.127747e+00
1.600000e-07	9.007563e-02	-4.325717e+00
1.700000e-07	-1.300248e-01	-4.651034e+00
1.800000e-07	1.702401e-01	-4.864587e+00
1.900000e-07	-1.355654e-01	-5.105663e+00
2.000000e-07	-3.264398e-02	-5.443434e+00
2.100000e-07	8.536641e-02	-5.650979e+00
2.200000e-07	-9.036901e-02	-5.937166e+00
2.300000e-07	1.554654e-01	-6.148743e+00
2.400000e-07	-1.179783e-01	-6.419799e+00
2.500000e-07	4.237199e-02	-6.663006e+00
2.600000e-07	3.814576e-02	-6.841981e+00
2.700000e-07	-6.187817e-02	-7.145721e+00
2.800000e-07	1.013832e-01	-7.348218e+00
2.900000e-07	-1.530508e-01	-7.577775e+00
3.000000e-07	1.378102e-01	-7.892931e+00
3.100000e-07	-3.535719e-02	-8.051984e+00
3.200000e-07	1.418227e-02	-8.264014e+00
3.300000e-07	2.194418e-02	-8.462554e+00
3.400000e-07	-8.458405e-02	-8.724063e+00
3.500000e-07	1.110928e-01	-8.906240e+00
3.600000e-07	-6.471522e-02	-9.114107e+00
3.700000e-07	8.386883e-02	-9.275535e+00
3.800000e-07	-6.831440e-02	-9.504538e+00
3.900000e-07	3.772619e-02	-9.664961e+00
4.000000e-07	1.994457e-02	-9.863481e+00
4.100000e-07	-1.487891e-02	-1.005293e+01
4.200000e-07	2.553328e-02	-1.020388e+01
4.300000e-07	-5.253605e-02	-1.044246e+01
4.400000e-07	7.421573e-02	-1.059073e+01
4.500000e-07	-1.718799e-02	-1.077979e+01
4.600000e-07	4.235672e-02	-1.090809e+01
4.700000e-07	-3.489719e-02	-1.108351e+01
4.800000e-07	2.472678e-02	-1.125296e+01
4.900000e-07	1.236121e-02	-1.141182e+01
5.000000e-07	1.294967e-02	-1.158275e+01
5.100000e-07	2.963524e-03	-1.174819e+01
5.200000e-07	-9.097230e-03	-1.190749e+01
5.300000e-07	3.422837e-02	-1.204341e+01
5.400000e-07	1.362339e-02	-1.217027e+01
5.500000e-07	2.237425e-02	-1.232704e+01
5.600000e-07	-1.263266e-02	-1.243291e+01
5.700000e-07	1.910800e-02	-1.258022e+01
5.800000e-07	1.497592e-02	-1.266643e+01
5.900000e-07	2.347124e-02	-1.278187e+01
6.000000e-07	9.747544e-04	-1.292714e+01
6.100000e-07	8.686194e-03	-1.301130e+01
6.200000e-07	1.903957e-02	-1.311498e+01
6.300000e-07	2.844686e-02	-1.318025e+01
6.400000e-07	1.564732e-02	-1.323499e+01
6.500000e-07	9.151248e-03	-1.336027e+01
6.600000e-07	1.558711e-02	-1.344483e+01
6.700000e-07	2.620794e-02	-1.351801e+01
6.800000e-07	2.488201e-02	-1.356175e+01
6.900000e-07	1.148283e-02	-1.363709e+01
7.000000e-07	1.357283e-02	-1.373866e+01
7.100000e-07	2.152217e-02	-1.374072e+01
7.200000e-07	3.222028e-02	-1.382235e+01
7.300000e-07	2.246726e-02	-1.387398e+01
7.400000e-07	2.044288e-02	-1.389759e+01
7.500000e-07	2.052817e-02	-1.393119e+01
7.600000e-07	3.389505e-02	-1.395175e+01
7.700000e-07	3.227414e-02	-1.397325e+01
7.800000e-07	2.477310e-02	-1.397342e+01
7.900000e-07	2.209354e-02	-1.402433e+01
8.000000e-07	3.038204e-02	-1.402593e+01
8.100000e-07	3.980621e-02	-1.406481e+01
8.200000e-07	3.578524e-02	-1.406595e+01
8.300000e-07	3.256834e-02	-1.404595e+01
8.400000e-07	3.309460e-02	-1.401493e+01
8.500000e-07	4.326401e-02	-1.401289e+01
8.600000e-07	4.425482e-02	-1.401382e+01
8.700000e-07	3.841919e-02	-1.392120e+01
8.800000e-07	3.772386e-02	-1.394014e+01
8.900000e-07	4.274108e-02	-1.385851e+01
9.000000e-07	5.092746e-02	-1.385743e+01
9.100000e-07	4.736350e-02	-1.380082e+01
9.200000e-07	4.116290e-02	-1.375027e+01
9.300000e-07	3.965408e-02	-1.374914e+01
9.400000e-07	4.514362e-02	-1.369638e+01
9.500000e-07	4.563400e-02	-1.357434e+01
9.600000e-07	3.979724e-02	-1.348701e+01
9.700000e-07	3.433782e-02	-1.344390e+01
9.800000e-07	3.479908e-02	-1.331922e+01
9.900000e-07	3.815175e-02	-1.323648e+01
1.000000e-06	3.333464e-02	-1.320177e+01
1.010000e-06	2.691069e-02	-1.311608e+01
1.020000e-06	2.253270e-02	-1.301230e+01
1.030000e-06	2.600610e-02	-1.291864e+01
1.040000e-06	2.741345e-02	-1.281290e+01
1.050000e-06	2.222697e-02	-1.267751e+01
1.060000e-06	1.567433e-02	-1.258283e+01
1.070000e-06	1.582597e-02	-1.245560e+01
1.080000e-06	1.980759e-02	-1.229916e+01
1.090000e-06	1.902579e-02	-1.218337e+01
1.100000e-06	1.246602e-02	-1.205646e+01
1.110000e-06	8.112986e-03	-1.191164e+01
1.120000e-06	1.240098e-02	-1.176280e+01
1.130000e-06	1.570265e-02	-1.161330e+01
1.140000e-06	1.179538e-02	-1.143597e+01
1.150000e-06	6.557074e-03	-1.124651e+01
1.160000e-06	6.005313e-03	-1.108703e+01
1.170000e-06	9.949314e-03	-1.091819e+01
1.180000e-06	1.035306e-02	-1.075072e+01
1.190000e-06	4.847037e-03	-1.060397e+01
1.200000e-06	2.861756e-03	-1.045646e+01
1.210000e-06	5.648476e-03	-1.026641e+01
1.220000e-06	7.581968e-03	-1.006706e+01
1.230000e-06	6.812418e-03	-9.876659e+00
1.240000e-06	1.805829e-03	-9.738213e+00
1.250000e-06	7.959736e-04	-9.499189e+00
1.260000e-06	3.643634e-03	-9.308264e+00
1.270000e-06	4.884654e-03	-9.118193e+00
1.280000e-06	2.401391e-03	-8.929820e+00
1.290000e-06	-8.689071e-04	-8.780245e+00
1.300000e-06	7.155373e-04	-8.478214e+00
1.310000e-06	4.599524e-03	-8.308763e+00
1.320000e-06	3.763518e-03	-8.130215e+00
1.330000e-06	-1.422672e-04	-7.876260e+00
1.340000e-06	-2.391083e-03	-7.596680e+00
1.350000e-06	-5.707590e-05	-7.413001e+00
1.360000e-06	1.634278e-03	-7.211876e+00
1.370000e-06	-8.599744e-04	-6.962470e+00
1.380000e-06	-2.771418e-03	-6.737817e+00
1.390000e-06	-1.952693e-03	-6.497711e+00
1.400000e-06	1.972524e-03	-6.287136e+00
1.410000e-06	5.083005e-04	-6.012502e+00
1.420000e-06	-1.972329e-03	-5.822898e+00
1.430000e-06	-6.321118e-03	-5.588717e+00
1.440000e-06	-2.606953e-03	-5.329237e+00
1.450000e-06	-1.985507e-03	-5.042527e+00
1.460000e-06	-2.504155e-04	-4.748164e+00
1.470000e-06	-4.109915e-03	-4.506163e+00
1.480000e-06	-2.967766e-03	-4.316712e+00
1.490000e-06	-2.144019e-03	-4.045549e+00
1.500000e-06	-1.881696e-03	-3.802026e+00
1.510000e-06	-4.444053e-03	-3.579344e+00
1.520000e-06	-6.989858e-03	-3.286260e+00
1.530000e-06	-4.478841e-03	-3.055580e+00
1.540000e-06	-4.422783e-03	-2.770418e+00
1.550000e-06	-2.810892e-03	-2.517867e+00
1.560000e-06	-4.720847e-03	-2.296188e+00
1.570000e-06	-4.660399e-03	-1.992077e+00
1.580000e-06	-5.153029e-03	-1.750895e+00
1.590000e-06	-4.086398e-03	-1.506263e+00
1.600000e-06	-5.879600e-03	-1.169000e+00
1.610000e-06	-6.384385e-03	-9.382881e-01
1.620000e-06	-7.505360e-03	-6.573101e-01
1.630000e-06	-5.495276e-03	-3.925258e-01
1.640000e-06	-3.986188e-03	-1.884445e-01
1.650000e-06	1.572705e-03	6.263300e-02
1.660000e-06	4.027960e-03	3.673175e-01
1.670000e-06	-4.906675e-03	5.678964e-01
1.680000e-06	2.212194e-03	8.099537e-01
1.690000e-06	-7.025713e-03	1.094034e+00
1.700000e-06	-2.574975e-04	1.335263e+00
1.710000e-06	-6.030912e-03	1.618400e+00
1.720000e-06	1.319952e-02	1.871505e+00
1.730000e-06	5.066839e-02	2.051582e+00
1.740000e-06	6.219337e-02	2.315242e+00
1.750000e-06	-8.104108e-02	2.692586e+00
1.760000e-06	-2.300093e-02	2.965218e+00
1.770000e-06	-4.397120e-02	3.147346e+00
1.780000e-06	-4.412078e-02	3.377872e+00
1.790000e-06	-5.998737e-02	3.609924e+00
1.800000e-06	1.369547e-01	3.787299e+00
1.810000e-06	-1.058457e-01	4.032384e+00
1.820000e-06	1.788434e-02	4.292112e+00
1.830000e-06	1.227907e-01	4.516197e+00
1.840000e-06	-1.072755e-01	4.811895e+00
1.850000e-06	6.351006e-02	5.000510e+00
1.860000e-06	-6.949436e-02	5.346298e+00
1.870000e-06	-2.018327e-02	5.588297e+00
1.880000e-06	2.932290e-02	5.828931e+00
1.890000e-06	-3.030295e-02	6.095138e+00
1.900000e-06	3.401477e-02	6.315666e+00
1.910000e-06	-3.688529e-02	6.546246e+00
1.920000e-06	4.375078e-03	6.801354e+00
1.930000e-06	-8.348993e-04	7.061399e+00
1.940000e-06	-2.625968e-02	7.263530e+00
1.950000e-06	2.113752e-02	7.496040e+00
1.960000e-06	-6.422887e-02	7.727318e+00
1.970000e-06	5.304851e-02	8.020871e+00
1.980000e-06	-2.174517e-02	8.243434e+00
1.990000e-06	-1.194526e-02	8.420853e+00
2.000000e-06	-1.006476e-02	8.589325e+00
2.010000e-06	-2.315714e-02	8.790797e+00
2.020000e-06	1.415899e-02	8.960373e+00
2.030000e-06	-2.129374e-02	9.219877e+00
2.040000e-06	2.892767e-03	9.389304e+00
2.050000e-06	-2.773202e-02	9.569322e+00
2.060000e-06	2.403018e-03	9.777722e+00
2.070000e-06	-8.783282e-03	9.997694e+00
2.080000e-06	-1.937345e-02	1.015874e+01
2.090000e-06	-1.744649e-02	1.032809e+01
2.100000e-06	-1.731609e-02	1.048562e+01
2.110000e-06	1.916016e-03	1.069394e+01
2.120000e-06	-8.077065e-03	1.086391e+01
2.130000e-06	-1.472702e-02	1.098130e+01
2.140000e-06	-2.412982e-02	1.117019e+01
2.150000e-06	-1.039875e-02	1.130762e+01
2.160000e-06	-1.345150e-02	1.152606e+01
2.170000e-06	-1.351003e-02	1.167406e+01
2.180000e-06	-2.138802e-02	1.181180e+01
2.190000e-06	-1.527798e-02	1.194974e+01
2.200000e-06	-7.545190e-03	1.207652e+01
2.210000e-06	-1.227232e-02	1.220187e+01
2.220000e-06	-2.327426e-02	1.234757e+01
2.230000e-06	-2.581938e-02	1.250446e+01
2.240000e-06	-2.008504e-02	1.255030e+01
2.250000e-06	-1.387750e-02	1.267709e+01
2.260000e-06	-2.015300e-02	1.278035e+01
2.270000e-06	-2.296175e-02	1.287849e+01
2.280000e-06	-2.158298e-02	1.301025e+01
2.290000e-06	-1.669797e-02	1.310694e+01
2.300000e-06	-1.772435e-02	1.320124e+01
2.310000e-06	-2.743732e-02	1.326609e+01
2.320000e-06	-2.759199e-02	1.332874e+01
2.330000e-06	-2.715879e-02	1.341030e+01
2.340000e-06	-2.030548e-02	1.348543e+01
2.350000e-06	-2.469182e-02	1.355962e+01
2.360000e-06	-2.929056e-02	1.358282e+01
2.370000e-06	-2.971334e-02	1.365498e+01
2.380000e-06	-2.792502e-02	1.372964e+01
2.390000e-06	-2.597792e-02	1.372072e+01
2.400000e-06	-3.465532e-02	1.380335e+01
2.410000e-06	-3.526358e-02	1.381586e+01
2.420000e-06	-3.467303e-02	1.389591e+01
2.430000e-06	-2.968777e-02	1.384641e+01
2.440000e-06	-3.380274e-02	1.392909e+01
2.450000e-06	-3.861054e-02	1.397911e+01
2.460000e-06	-4.099523e-02	1.395965e+01
2.470000e-06	-3.896303e-02	1.398122e+01
2.480000e-06	-3.761009e-02	1.393218e+01
2.490000e-06	-4.261032e-02	1.397964e+01
2.500000e-06	-4.586280e-02	1.394062e+01
2.510000e-06	-4.879614e-02	1.392901e+01
2.520000e-06	-4.451083e-02	1.385658e+01
2.530000e-06	-4.851906e-02	1.390644e+01
2.540000e-06	-5.124737e-02	1.382490e+01
2.550000e-06	-5.496052e-02	1.380380e+01
2.560000e-06	-5.058294e-02	1.376233e+01
2.570000e-06	-4.924363e-02	1.370859e+01
2.580000e-06	-5.122286e-02	1.364748e+01
2.590000e-06	-5.344178e-02	1.358390e+01
2.600000e-06	-5.367194e-02	1.354074e+01
2.610000e-06	-4.766389e-02	1.348703e+01
2.620000e-06	-4.785727e-02	1.341390e+01
2.630000e-06	-4.524691e-02	1.338922e+01
2.640000e-06	-4.475441e-02	1.328756e+01
2.650000e-06	-3.984369e-02	1.316078e+01
2.660000e-06	-3.549380e-02	1.303751e+01
2.670000e-06	-3.574143e-02	1.300332e+01
2.680000e-06	-3.498820e-02	1.290761e+01
2.690000e-06	-3.557924e-02	1.277335e+01
2.700000e-06	-2.910818e-02	1.265753e+01
2.710000e-06	-2.863366e-02	1.259187e+01
2.720000e-06	-2.813054e-02	1.249704e+01
2.730000e-06	-2.802354e-02	1.239227e+01
2.740000e-06	-2.609043e-02	1.225388e+01
2.750000e-06	-1.993012e-02	1.208611e+01
2.760000e-06	-2.166786e-02	1.198024e+01
2.770000e-06	-2.003009e-02	1.183490e+01
2.780000e-06	-2.243365e-02	1.169758e+01
2.790000e-06	-1.839138e-02	1.147156e+01
2.800000e-06	-1.952978e-02	1.135069e+01
2.810000e-06	-1.822199e-02	1.116227e+01
2.820000e-06	-1.867938e-02	1.103396e+01
2.830000e-06	-1.628574e-02	1.090611e+01
2.840000e-06	-1.534936e-02	1.067016e+01
2.850000e-06	-1.533413e-02	1.052067e+01
2.860000e-06	-1.612649e-02	1.037274e+01
2.870000e-06	-1.512035e-02	1.018237e+01
2.880000e-06	-1.410341e-02	9.984477e+00
2.890000e-06	-1.326796e-02	9.783874e+00
2.900000e-06	-1.322519e-02	9.612951e+00
2.910000e-06	-1.371588e-02	9.422506e+00
2.920000e-06	-1.192158e-02	9.234557e+00
2.930000e-06	-1.134937e-02	9.056457e+00
2.940000e-06	-1.243466e-02	8.784582e+00
2.950000e-06	-1.160537e-02	8.624429e+00
2.960000e-06	-1.076031e-02	8.483531e+00
2.970000e-06	-1.028604e-02	8.203954e+00
2.980000e-06	-1.121371e-02	8.044477e+00
2.990000e-06	-1.120593e-02	7.763924e+00
3.000000e-06	-1.137865e-02	7.581420e+00
3.010000e-06	-9.015263e-03	7.347740e+00
3.020000e-06	-9.448068e-03	7.106689e+00
3.030000e-06	-9.327932e-03	6.887160e+00
3.040000e-06	-1.092064e-02	6.676107e+00
3.050000e-06	-9.326000e-03	6.392455e+00
3.060000e-06	-8.070341e-03	6.201998e+00
3.070000e-06	-8.135326e-03	5.921847e+00
3.080000e-06	-9.142025e-03	5.699869e+00
3.090000e-06	-9.297030e-03	5.465736e+00
3.100000e-06	-7.440214e-03	5.254556e+00
3.110000e-06	-7.219796e-03	4.926787e+00
3.120000e-06	-7.419459e-03	4.706707e+00
3.130000e-06	-8.606838e-03	4.415631e+00
3.140000e-06	-7.215128e-03	4.182421e+00
3.150000e-06	-6.703026e-03	3.927289e+00
3.160000e-06	-7.247385e-03	3.687187e+00
3.170000e-06	-7.521820e-03	3.476260e+00
3.180000e-06	-7.768187e-03	3.200949e+00
3.190000e-06	-6.257241e-03	2.938814e+00
3.200000e-06	-5.762187e-03	2.709791e+00
3.210000e-06	-6.334886e-03	2.403530e+00
3.220000e-06	-7.286279e-03	2.200944e+00
3.230000e-06	-7.211810e-03	1.947918e+00
3.240000e-06	-5.231971e-03	1.664684e+00
3.250000e-06	-5.384226e-03	1.398924e+00
3.260000e-06	-4.819052e-03	1.118888e+00
3.270000e-06	-5.234082e-03	8.315799e-01
3.280000e-06	-4.757839e-03	5.593458e-01
3.290000e-06	-3.742241e-03	3.282907e-01
3.300000e-06	-2.327571e-03	4.170621e-02
3.310000e-06	-2.608394e-03	-1.975264e-01
3.320000e-06	5.968761e-03	-4.094779e-01
3.330000e-06	-7.421730e-03	-6.901869e-01
3.340000e-06	3.917827e-03	-9.652170e-01
3.350000e-06	-4.146146e-03	-1.176341e+00
3.360000e-06	1.436979e-03	-1.471604e+00
3.370000e-06	-1.834023e-04	-1.693654e+00
3.380000e-06	3.802946e-02	-1.883184e+00
3.390000e-06	9.964908e-02	-2.112112e+00
3.400000e-06	-4.953453e-02	-2.523137e+00
3.410000e-06	-2.719416e-02	-2.841031e+00
3.420000e-06	-4.174532e-02	-3.196870e+00
3.430000e-06	-5.438467e-02	-3.295715e+00
3.440000e-06	-4.471260e-02	-3.472659e+00
3.450000e-06	1.801606e-01	-3.620400e+00
3.460000e-06	-1.683751e-01	-3.944242e+00
3.470000e-06	1.133553e-01	-4.156772e+00
3.480000e-06	4.122466e-02	-4.304821e+00
3.490000e-06	-9.543728e-02	-4.703035e+00
3.500000e-06	1.565441e-01	-4.883638e+00
3.510000e-06	-1.618496e-01	-5.206370e+00
3.520000e-06	5.941369e-03	-5.463585e+00
3.530000e-06	5.913081e-02	-5.683610e+00
3.540000e-06	-7.201983e-02	-5.946392e+00
3.550000e-06	1.542149e-01	-6.109268e+00
3.560000e-06	-1.375651e-01	-6.440976e+00
3.570000e-06	7.804680e-02	-6.662559e+00
3.580000e-06	1.915696e-03	-6.844579e+00
3.590000e-06	-3.448000e-02	-7.168250e+00
3.600000e-06	7.801605e-02	-7.356820e+00
3.610000e-06	-1.478409e-01	-7.618847e+00
3.620000e-06	1.561621e-01	-7.911485e+00
3.630000e-06	-6.736845e-02	-8.094610e+00
3.640000e-06	4.814914e-02	-8.294585e+00
3.650000e-06	-1.160262e-02	-8.482017e+00
3.660000e-06	-5.420773e-02	-8.775060e+00
3.670000e-06	9.792227e-02	-8.926267e+00
3.680000e-06	-6.416053e-02	-9.096163e+00
3.690000e-06	8.733412e-02	-9.287190e+00
3.700000e-06	-8.294769e-02	-9.525011e+00
3.710000e-06	6.084256e-02	-9.735614e+00
3.720000e-06	-1.518310e-03	-9.864013e+00
3.730000e-06	2.548573e-03	-1.005399e+01
3.740000e-06	8.492826e-03	-1.024333e+01
3.750000e-06	-3.912921e-02	-1.045354e+01
3.760000e-06	7.038597e-02	-1.061132e+01
3.770000e-06	-1.796520e-02	-1.081932e+01
3.780000e-06	4.540205e-02	-1.090666e+01
3.790000e-06	-4.103435e-02	-1.111396e+01
3.800000e-06	3.376980e-02	-1.125603e+01
3.810000e-06	2.164985e-03	-1.146186e+01
3.820000e-06	1.935621e-02	-1.160283e+01
3.830000e-06	-4.472023e-03	-1.177922e+01
3.840000e-06	-3.423171e-04	-1.193704e+01
3.850000e-06	3.190914e-02	-1.209408e+01
3.860000e-06	1.665153e-02	-1.219285e+01
3.870000e-06	2.161655e-02	-1.233509e+01
3.880000e-06	-1.283489e-02	-1.244494e+01
3.890000e-06	1.935308e-02	-1.253985e+01
3.900000e-06	1.397522e-02	-1.268494e+01
3.910000e-06	2.470537e-02	-1.278173e+01
3.920000e-06	-6.956782e-04	-1.289774e+01
3.930000e-06	1.019126e-02	-1.302283e+01
3.940000e-06	1.963228e-02	-1.309704e+01
3.950000e-06	3.015236e-02	-1.320123e+01
3.960000e-06	1.425226e-02	-1.325561e+01
3.970000e-06	7.801521e-03	-1.331877e+01
3.980000e-06	1.370487e-02	-1.346488e+01
3.990000e-06	2.861817e-02	-1.351699e+01
4.000000e-06	2.582170e-02	-1.359130e+01
4.010000e-06	1.270900e-02	-1.365493e+01
4.020000e-06	1.260561e-02	-1.370867e+01
4.030000e-06	2.385700e-02	-1.377024e+01
4.040000e-06	3.330599e-02	-1.380337e+01
4.050000e-06	2.296824e-02	-1.390638e+01
4.060000e-06	1.786487e-02	-1.390911e+01
4.070000e-06	2.052474e-02	-1.393967e+01
4.080000e-06	3.439572e-02	-1.398022e+01
4.090000e-06	3.325471e-02	-1.399180e+01
4.100000e-06	2.480670e-02	-1.398482e+01
4.110000e-06	2.229550e-02	-1.403393e+01
4.120000e-06	3.096192e-02	-1.401583e+01
4.130000e-06	4.030218e-02	-1.404541e+01
4.140000e-06	3.491963e-02	-1.403486e+01
4.150000e-06	2.967803e-02	-1.401598e+01
4.160000e-06	3.266834e-02	-1.401385e+01
4.170000e-06	4.364767e-02	-1.400485e+01
4.180000e-06	4.616145e-02	-1.398383e+01
4.190000e-06	3.946671e-02	-1.396322e+01
4.200000e-06	3.722513e-02	-1.392964e+01
4.210000e-06	4.229217e-02	-1.385704e+01
4.220000e-06	5.055067e-02	-1.384488e+01
4.230000e-06	4.684278e-02	-1.382135e+01
4.240000e-06	4.018532e-02	-1.374969e+01
4.250000e-06	3.939703e-02	-1.369816e+01
4.260000e-06	4.628096e-02	-1.360698e+01
4.270000e-06	4.733199e-02	-1.357224e+01
4.280000e-06	4.020006e-02	-1.348801e+01
4.290000e-06	3.318842e-02	-1.342490e+01
4.300000e-06	3.379387e-02	-1.332114e+01
4.310000e-06	3.686737e-02	-1.323498e+01
4.320000e-06	3.291512e-02	-1.314175e+01
4.330000e-06	2.578015e-02	-1.306608e+01
4.340000e-06	2.313518e-02	-1.299130e+01
4.350000e-06	2.626354e-02	-1.289861e+01
4.360000e-06	2.702801e-02	-1.278237e+01
4.370000e-06	2.236060e-02	-1.267698e+01
4.380000e-06	1.537761e-02	-1.255132e+01
4.390000e-06	1.627338e-02	-1.245445e+01
4.400000e-06	1.906794e-02	-1.229908e+01
4.410000e-06	1.869131e-02	-1.220128e+01
4.420000e-06	1.289589e-02	-1.204500e+01
4.430000e-06	8.673792e-03	-1.186859e+01
4.440000e-06	1.169189e-02	-1.174071e+01
4.450000e-06	1.401574e-02	-1.155287e+01
4.460000e-06	1.095948e-02	-1.141430e+01
4.470000e-06	7.047692e-03	-1.121493e+01
4.480000e-06	7.392695e-03	-1.105655e+01
4.490000e-06	1.148106e-02	-1.092766e+01
4.500000e-06	9.821081e-03	-1.074924e+01
4.510000e-06	6.267706e-03	-1.061043e+01
4.520000e-06	1.949387e-03	-1.041588e+01
4.530000e-06	3.745070e-03	-1.025443e+01
4.540000e-06	6.544245e-03	-1.001546e+01
4.550000e-06	5.210823e-03	-9.856509e+00
4.560000e-06	2.948567e-03	-9.726686e+00
4.570000e-06	3.666109e-03	-9.467639e+00
4.580000e-06	5.784588e-03	-9.267185e+00
4.590000e-06	4.494684e-03	-9.128236e+00
4.600000e-06	1.296622e-03	-8.918791e+00
4.610000e-06	-9.591247e-04	-8.709139e+00
4.620000e-06	3.565689e-04	-8.518138e+00
4.630000e-06	1.357715e-03	-8.307140e+00
4.640000e-06	1.655559e-03	-8.128689e+00
4.650000e-06	2.908288e-04	-7.898087e+00
4.660000e-06	1.035314e-03	-7.633999e+00
4.670000e-06	1.650630e-03	-7.372472e+00
4.680000e-06	1.688030e-03	-7.159843e+00
4.690000e-06	-1.038991e-03	-6.930793e+00
4.700000e-06	-2.995552e-03	-6.677165e+00
4.710000e-06	-2.545783e-03	-6.506607e+00
4.720000e-06	-3.827269e-04	-6.235082e+00
4.730000e-06	-9.749439e-04	-5.981952e+00
4.740000e-06	-1.071553e-03	-5.760294e+00
4.750000e-06	-3.073399e-03	-5.537817e+00
4.760000e-06	-8.402002e-04	-5.226130e+00
4.770000e-06	-2.622914e-03	-4.961969e+00
4.780000e-06	-1.784330e-03	-4.675214e+00
4.790000e-06	-4.947038e-03	-4.487184e+00
4.800000e-06	-2.755630e-03	-4.255159e+00
4.810000e-06	-2.366784e-03	-4.042400e+00
4.820000e-06	-2.587944e-03	-3.781468e+00
4.830000e-06	-4.087847e-03	-3.508787e+00
4.840000e-06	-6.090188e-03	-3.275759e+00
4.850000e-06	-3.861042e-03	-3.033451e+00
4.860000e-06	-5.061566e-03	-2.759842e+00
4.870000e-06	-3.929023e-03	-2.507787e+00
4.880000e-06	-5.686152e-03	-2.211134e+00
4.890000e-06	-3.312013e-03	-1.969948e+00
4.900000e-06	-3.996118e-03	-1.737843e+00
4.910000e-06	-3.404425e-03	-1.506262e+00
4.920000e-06	-7.084378e-03	-1.168417e+00
4.930000e-06	-6.866684e-03	-8.877918e-01
4.940000e-06	-7.348158e-03	-6.747287e-01
4.950000e-06	-4.868120e-03	-3.704984e-01
4.960000e-06	-3.977265e-03	-1.573169e-01
4.970000e-06	1.947555e-03	1.022621e-01
4.980000e-06	3.847042e-03	3.878001e-01
4.990000e-06	-3.251585e-03	6.179277e-01
5.000000e-06	2.568498e-03	8.194778e-01
5.010000e-06	-6.891310e-03	1.132586e+00
5.020000e-06	-2.795519e-03	1.355320e+00
5.030000e-06	-4.519450e-03	1.670581e+00
5.040000e-06	1.614792e-02	1.882059e+00
5.050000e-06	5.513492e-02	2.052634e+00
5.060000e-06	4.794636e-02	2.366322e+00
5.070000e-06	-8.189221e-02	2.672684e+00
5.080000e-06	-1.931225e-02	2.915818e+00
5.090000e-06	-4.027335e-02	3.186404e+00
5.100000e-06	-5.215021e-02	3.390401e+00
5.110000e-06	-4.015548e-02	3.589975e+00
5.120000e-06	1.375381e-01	3.790424e+00
5.130000e-06	-1.384036e-01	4.044585e+00
5.140000e-06	6.196488e-02	4.294113e+00
5.150000e-06	8.531446e-02	4.627850e+00
5.160000e-06	-9.204940e-02	4.809405e+00
5.170000e-06	6.745300e-02	5.105588e+00
5.180000e-06	-8.047300e-02	5.417872e+00
5.190000e-06	-2.425320e-03	5.629499e+00
5.200000e-06	1.921788e-02	5.903607e+00
5.210000e-06	-2.736243e-02	6.126739e+00
5.220000e-06	3.141394e-02	6.327794e+00
5.230000e-06	-4.419939e-02	6.598820e+00
5.240000e-06	1.420555e-02	6.821429e+00
5.250000e-06	-1.113876e-02	7.072029e+00
5.260000e-06	-1.393140e-02	7.263138e+00
5.270000e-06	1.279254e-02	7.506163e+00
5.280000e-06	-5.794782e-02	7.789922e+00
5.290000e-06	5.919488e-02	8.052005e+00
5.300000e-06	-3.611340e-02	8.224459e+00
5.310000e-06	-3.829917e-03	8.440978e+00
5.320000e-06	-2.075290e-02	8.591474e+00
5.330000e-06	-1.483096e-02	8.821899e+00
5.340000e-06	1.047707e-02	8.989425e+00
5.350000e-06	-1.878368e-02	9.211931e+00
5.360000e-06	4.616874e-03	9.402478e+00
5.370000e-06	-2.900476e-02	9.640825e+00
5.380000e-06	7.294221e-03	9.799298e+00
5.390000e-06	-1.485874e-02	1.003033e+01
5.400000e-06	-1.608194e-02	1.016925e+01
5.410000e-06	-2.104504e-02	1.034712e+01
5.420000e-06	-1.412210e-02	1.052762e+01
5.430000e-06	1.581630e-03	1.073603e+01
5.440000e-06	-7.941042e-03	1.087551e+01
5.450000e-06	-1.516647e-02	1.101235e+01
5.460000e-06	-2.248276e-02	1.117922e+01
5.470000e-06	-1.060249e-02	1.133822e+01
5.480000e-06	-1.407216e-02	1.154694e+01
5.490000e-06	-1.656045e-02	1.170599e+01
5.500000e-06	-2.347698e-02	1.178182e+01
5.510000e-06	-1.553512e-02	1.199922e+01
5.520000e-06	-9.013673e-03	1.206654e+01
5.530000e-06	-1.019361e-02	1.223240e+01
5.540000e-06	-2.241903e-02	1.242012e+01
5.550000e-06	-2.318700e-02	1.249606e+01
5.560000e-06	-1.834455e-02	1.257975e+01
5.570000e-06	-1.511043e-02	1.269704e+01
5.580000e-06	-2.063209e-02	1.280235e+01
5.590000e-06	-2.663716e-02	1.284751e+01
5.600000e-06	-2.219869e-02	1.299280e+01
5.610000e-06	-1.798049e-02	1.308594e+01
5.620000e-06	-1.670164e-02	1.319073e+01
5.630000e-06	-2.650733e-02	1.326556e+01
5.640000e-06	-2.581883e-02	1.332074e+01
5.650000e-06	-2.458857e-02	1.342335e+01
5.660000e-06	-2.141864e-02	1.349649e+01
5.670000e-06	-2.630197e-02	1.353027e+01
5.680000e-06	-3.184542e-02	1.360278e+01
5.690000e-06	-3.061980e-02	1.366538e+01
5.700000e-06	-2.763230e-02	1.370809e+01
5.710000e-06	-2.442346e-02	1.376122e+01
5.720000e-06	-3.375723e-02	1.379385e+01
5.730000e-06	-3.224621e-02	1.384388e+01
5.740000e-06	-3.322913e-02	1.386744e+01
5.750000e-06	-2.950444e-02	1.393696e+01
5.760000e-06	-3.533005e-02	1.394954e+01
5.770000e-06	-4.155455e-02	1.393799e+01
5.780000e-06	-4.187113e-02	1.398115e+01
5.790000e-06	-3.828394e-02	1.397360e+01
5.800000e-06	-3.739096e-02	1.398079e+01
5.810000e-06	-4.319465e-02	1.397110e+01
5.820000e-06	-4.546435e-02	1.395069e+01
5.830000e-06	-4.711234e-02	1.389854e+01
5.840000e-06	-4.493726e-02	1.387793e+01
5.850000e-06	-4.895856e-02	1.386696e+01
5.860000e-06	-5.309273e-02	1.383538e+01
5.870000e-06	-5.458759e-02	1.381383e+01
5.880000e-06	-5.061020e-02	1.376025e+01
5.890000e-06	-4.954843e-02	1.368756e+01
5.900000e-06	-5.243720e-02	1.366653e+01
5.910000e-06	-5.281046e-02	1.361330e+01
5.920000e-06	-5.212818e-02	1.354111e+01
5.930000e-06	-4.718838e-02	1.348653e+01
5.940000e-06	-4.716178e-02	1.338232e+01
5.950000e-06	-4.578596e-02	1.332867e+01
5.960000e-06	-4.468080e-02	1.324661e+01
5.970000e-06	-4.078941e-02	1.318177e+01
5.980000e-06	-3.671793e-02	1.303651e+01
5.990000e-06	-3.679236e-02	1.300230e+01
6.000000e-06	-3.445987e-02	1.285708e+01
6.010000e-06	-3.320699e-02	1.281335e+01
6.020000e-06	-2.913655e-02	1.265756e+01
6.030000e-06	-2.860036e-02	1.256132e+01
6.040000e-06	-2.850352e-02	1.250656e+01
6.050000e-06	-2.642657e-02	1.234074e+01
6.060000e-06	-2.592318e-02	1.221387e+01
6.070000e-06	-2.127907e-02	1.209811e+01
6.080000e-06	-2.256194e-02	1.193917e+01
6.090000e-06	-2.133014e-02	1.179400e+01
6.100000e-06	-2.198509e-02	1.167656e+01
6.110000e-06	-1.735037e-02	1.149806e+01
6.120000e-06	-1.903024e-02	1.130014e+01
6.130000e-06	-1.813212e-02	1.117125e+01
6.140000e-06	-1.920737e-02	1.099395e+01
6.150000e-06	-1.667190e-02	1.088513e+01
6.160000e-06	-1.526565e-02	1.067551e+01
6.170000e-06	-1.562855e-02	1.046969e+01
6.180000e-06	-1.643455e-02	1.033972e+01
6.190000e-06	-1.601202e-02	1.018177e+01
6.200000e-06	-1.311972e-02	1.000340e+01
6.210000e-06	-1.326620e-02	9.763349e+00
6.220000e-06	-1.242240e-02	9.571947e+00
6.230000e-06	-1.343856e-02	9.381451e+00
6.240000e-06	-1.219594e-02	9.214557e+00
6.250000e-06	-1.141520e-02	9.023429e+00
6.260000e-06	-1.256753e-02	8.843903e+00
6.270000e-06	-1.266752e-02	8.592497e+00
6.280000e-06	-1.212398e-02	8.443956e+00
6.290000e-06	-1.099032e-02	8.234502e+00
6.300000e-06	-9.604539e-03	8.002476e+00
6.310000e-06	-1.027362e-02	7.772870e+00
6.320000e-06	-1.049181e-02	7.529901e+00
6.330000e-06	-9.551237e-03	7.316133e+00
6.340000e-06	-8.918606e-03	7.066660e+00
6.350000e-06	-9.303472e-03	6.885109e+00
6.360000e-06	-1.028043e-02	6.645079e+00
6.370000e-06	-9.832283e-03	6.401923e+00
6.380000e-06	-8.499244e-03	6.140967e+00
6.390000e-06	-7.989613e-03	5.960318e+00
6.400000e-06	-8.158416e-03	5.695687e+00
6.410000e-06	-8.931746e-03	5.496685e+00
6.420000e-06	-8.449601e-03	5.214000e+00
6.430000e-06	-6.738483e-03	4.898185e+00
6.440000e-06	-6.896533e-03	4.653626e+00
6.450000e-06	-8.641834e-03	4.412529e+00
6.460000e-06	-8.378925e-03	4.179895e+00
6.470000e-06	-7.535591e-03	3.885737e+00
6.480000e-06	-6.317580e-03	3.647209e+00
6.490000e-06	-6.474751e-03	3.413554e+00
6.500000e-06	-7.093864e-03	3.120372e+00
6.510000e-06	-5.881427e-03	2.917843e+00
6.520000e-06	-4.814240e-03	2.686658e+00
6.530000e-06	-5.505258e-03	2.351972e+00
6.540000e-06	-7.607043e-03	2.129343e+00
6.550000e-06	-7.562961e-03	1.896716e+00
6.560000e-06	-5.572492e-03	1.644077e+00
6.570000e-06	-4.104627e-03	1.339047e+00
6.580000e-06	-5.877862e-03	1.066814e+00
6.590000e-06	-6.242866e-03	7.901021e-01
6.600000e-06	-5.327478e-03	5.388707e-01
6.610000e-06	-3.266057e-03	2.968904e-01
6.620000e-06	-2.773972e-03	-8.500100e-03
6.630000e-06	-2.251560e-04	-2.210515e-01
6.640000e-06	5.326482e-03	-4.320343e-01
6.650000e-06	-3.927082e-03	-7.262171e-01
6.660000e-06	4.305383e-03	-9.378435e-01
6.670000e-06	-5.374552e-03	-1.147394e+00
6.680000e-06	2.428876e-04	-1.483184e+00
6.690000e-06	-1.529868e-03	-1.703712e+00
6.700000e-06	4.370540e-02	-1.893237e+00
6.710000e-06	9.790306e-02	-2.135219e+00
6.720000e-06	-6.680646e-02	-2.545691e+00
6.730000e-06	-1.393164e-02	-2.893159e+00
6.740000e-06	-4.749606e-02	-3.187699e+00
6.750000e-06	-5.348142e-02	-3.327263e+00
6.760000e-06	-2.242771e-02	-3.465109e+00
6.770000e-06	1.677905e-01	-3.629982e+00
6.780000e-06	-1.871526e-01	-3.935723e+00
6.790000e-06	1.534949e-01	-4.189395e+00
6.800000e-06	-1.425953e-02	-4.385848e+00
6.810000e-06	-5.187762e-02	-4.713660e+00
6.820000e-06	1.381929e-01	-4.875184e+00
6.830000e-06	-1.766838e-01	-5.219976e+00
6.840000e-06	4.624366e-02	-5.546085e+00
6.850000e-06	2.814439e-02	-5.705135e+00
6.860000e-06	-4.788182e-02	-5.968901e+00
6.870000e-06	1.364086e-01	-6.189250e+00
6.880000e-06	-1.493932e-01	-6.504033e+00
6.890000e-06	1.076662e-01	-6.695061e+00
6.900000e-06	-3.293491e-02	-6.915611e+00
6.910000e-06	-1.077258e-03	-7.220904e+00
6.920000e-06	5.079649e-02	-7.389297e+00
6.930000e-06	-1.271650e-01	-7.652480e+00
6.940000e-06	1.647642e-01	-7.907561e+00
6.950000e-06	-9.426783e-02	-8.065039e+00
6.960000e-06	7.346063e-02	-8.305688e+00
6.970000e-06	-4.495447e-02	-8.496534e+00
6.980000e-06	-2.145837e-02	-8.777098e+00
6.990000e-06	7.896102e-02	-8.935717e+00
7.000000e-06	-5.648458e-02	-9.106591e+00
7.010000e-06	8.537488e-02	-9.306639e+00
7.020000e-06	-8.858758e-02	-9.517571e+00
7.030000e-06	8.001013e-02	-9.737166e+00
7.040000e-06	-2.223313e-02	-9.885512e+00
7.050000e-06	1.867917e-02	-1.008709e+01
7.060000e-06	-9.642797e-03	-1.028448e+01
7.070000e-06	-2.145934e-02	-1.049414e+01
7.080000e-06	6.326033e-02	-1.062188e+01
7.090000e-06	-1.664687e-02	-1.077975e+01
7.100000e-06	4.280417e-02	-1.092764e+01
7.110000e-06	-4.363666e-02	-1.109602e+01
7.120000e-06	4.338137e-02	-1.132761e+01
7.130000e-06	-4.932063e-03	-1.146189e+01
7.140000e-06	2.480379e-02	-1.160233e+01
7.150000e-06	-1.230048e-02	-1.172977e+01
7.160000e-06	7.965840e-03	-1.194854e+01
7.170000e-06	2.744085e-02	-1.208507e+01
7.180000e-06	1.761962e-02	-1.220188e+01
7.190000e-06	1.444677e-02	-1.233717e+01
7.200000e-06	-9.432284e-03	-1.245496e+01
7.210000e-06	2.237203e-02	-1.257125e+01
7.220000e-06	1.448759e-02	-1.271656e+01
7.230000e-06	2.266663e-02	-1.282420e+01
7.240000e-06	-1.376202e-03	-1.290772e+01
7.250000e-06	1.326588e-02	-1.302336e+01
7.260000e-06	2.032388e-02	-1.307799e+01
7.270000e-06	2.917137e-02	-1.320238e+01
7.280000e-06	1.186071e-02	-1.327756e+01
7.290000e-06	9.681999e-03	-1.335125e+01
7.300000e-06	1.685146e-02	-1.346540e+01
7.310000e-06	2.839661e-02	-1.350849e+01
7.320000e-06	2.236341e-02	-1.360226e+01
7.330000e-06	1.120240e-02	-1.366448e+01
7.340000e-06	1.400859e-02	-1.371717e+01
7.350000e-06	2.547587e-02	-1.377972e+01
7.360000e-06	3.169044e-02	-1.379230e+01
7.370000e-06	2.066721e-02	-1.387445e+01
7.380000e-06	1.804662e-02	-1.389761e+01
7.390000e-06	2.353176e-02	-1.394067e+01
7.400000e-06	3.514013e-02	-1.397275e+01
7.410000e-06	3.078436e-02	-1.397232e+01
7.420000e-06	2.359543e-02	-1.401373e+01
7.430000e-06	2.275391e-02	-1.401333e+01
7.440000e-06	3.308159e-02	-1.404598e+01
7.450000e-06	3.983917e-02	-1.402553e+01
7.460000e-06	3.378315e-02	-1.404398e+01
7.470000e-06	2.983924e-02	-1.400530e+01
7.480000e-06	3.450229e-02	-1.399478e+01
7.490000e-06	4.436272e-02	-1.397223e+01
7.500000e-06	4.348602e-02	-1.396173e+01
7.510000e-06	3.781212e-02	-1.395120e+01
7.520000e-06	3.751136e-02	-1.391959e+01
7.530000e-06	4.493270e-02	-1.388606e+01
7.540000e-06	5.078493e-02	-1.384588e+01
7.550000e-06	4.496429e-02	-1.377128e+01
7.560000e-06	4.062450e-02	-1.376019e+01
7.570000e-06	4.117888e-02	-1.372907e+01
7.580000e-06	4.604732e-02	-1.361491e+01
7.590000e-06	4.382672e-02	-1.352064e+01
7.600000e-06	3.805571e-02	-1.351901e+01
7.610000e-06	3.449265e-02	-1.341337e+01
7.620000e-06	3.662028e-02	-1.328772e+01
7.630000e-06	3.636223e-02	-1.324596e+01
7.640000e-06	3.128099e-02	-1.314227e+01
7.650000e-06	2.474387e-02	-1.305740e+01
7.660000e-06	2.413997e-02	-1.297180e+01
7.670000e-06	2.636849e-02	-1.290854e+01
7.680000e-06	2.479281e-02	-1.274327e+01
7.690000e-06	2.005026e-02	-1.267848e+01
7.700000e-06	1.668867e-02	-1.255124e+01
7.710000e-06	1.811400e-02	-1.239595e+01
7.720000e-06	1.996159e-02	-1.228701e+01
7.730000e-06	1.661423e-02	-1.218132e+01
7.740000e-06	1.182135e-02	-1.204452e+01
7.750000e-06	1.068817e-02	-1.186803e+01
7.760000e-06	1.330444e-02	-1.171869e+01
7.770000e-06	1.300194e-02	-1.156879e+01
7.780000e-06	9.214752e-03	-1.135374e+01
7.790000e-06	6.910014e-03	-1.122133e+01
7.800000e-06	7.965056e-03	-1.102385e+01
7.810000e-06	9.992964e-03	-1.089611e+01
7.820000e-06	8.817242e-03	-1.074824e+01
7.830000e-06	4.967006e-03	-1.059292e+01
7.840000e-06	4.031760e-03	-1.040390e+01
7.850000e-06	6.597540e-03	-1.023443e+01
7.860000e-06	7.246769e-03	-1.003240e+01
7.870000e-06	4.214355e-03	-9.843555e+00
7.880000e-06	2.615780e-03	-9.656007e+00
7.890000e-06	2.653236e-03	-9.436606e+00
7.900000e-06	4.814269e-03	-9.306589e+00
7.910000e-06	3.481070e-03	-9.117137e+00
7.920000e-06	1.725318e-03	-8.927136e+00
7.930000e-06	-2.535089e-04	-8.667684e+00
7.940000e-06	2.654882e-03	-8.474611e+00
7.950000e-06	3.283797e-03	-8.266585e+00
7.960000e-06	1.471275e-03	-8.065636e+00
7.970000e-06	-1.206418e-03	-7.867579e+00
7.980000e-06	-7.394787e-04	-7.581928e+00
7.990000e-06	1.495336e-03	-7.350323e+00
8.000000e-06	8.227543e-04	-7.139818e+00
8.010000e-06	-1.834019e-03	-6.876611e+00
8.020000e-06	-2.325779e-03	-6.646709e+00
8.030000e-06	-5.240980e-04	-6.444609e+00
8.040000e-06	3.156778e-04	-6.222575e+00
8.050000e-06	-1.378924e-03	-5.968846e+00
8.060000e-06	-3.370880e-03	-5.749319e+00
8.070000e-06	-4.900107e-03	-5.507739e+00
8.080000e-06	-1.915982e-03	-5.224080e+00
8.090000e-06	-2.598845e-03	-4.900767e+00
8.100000e-06	-2.864849e-03	-4.633502e+00
8.110000e-06	-4.301398e-03	-4.493652e+00
8.120000e-06	-2.389013e-03	-4.263556e+00
8.130000e-06	-1.638876e-03	-4.011922e+00
8.140000e-06	-4.347384e-03	-3.757918e+00
8.150000e-06	-5.237346e-03	-3.506686e+00
8.160000e-06	-6.216886e-03	-3.285181e+00
8.170000e-06	-3.061210e-03	-2.991444e+00
8.180000e-06	-4.199426e-03	-2.737342e+00
8.190000e-06	-4.117508e-03	-2.485182e+00
8.200000e-06	-5.914452e-03	-2.244626e+00
8.210000e-06	-4.032150e-03	-1.909894e+00
8.220000e-06	-3.786145e-03	-1.707341e+00
8.230000e-06	-4.925872e-03	-1.443556e+00
8.240000e-06	-7.881502e-03	-1.138288e+00
8.250000e-06	-7.113489e-03	-8.947591e-01
8.260000e-06	-7.083974e-03	-5.952025e-01
8.270000e-06	-1.855155e-03	-3.199194e-01
8.280000e-06	-6.287674e-03	-8.736187e-02
8.290000e-06	5.292613e-03	1.263161e-01
8.300000e-06	1.679324e-03	3.889780e-01
8.310000e-06	-1.471232e-03	6.309265e-01
8.320000e-06	-1.516591e-04	8.204555e-01
8.330000e-06	-8.088019e-03	1.135768e+00
8.340000e-06	-3.712402e-03	1.388925e+00
8.350000e-06	-3.794496e-03	1.672063e+00
8.360000e-06	1.915323e-02	1.892712e+00
8.370000e-06	6.527987e-02	2.124213e+00
8.380000e-06	3.233574e-02	2.398907e+00
8.390000e-06	-7.543854e-02	2.745116e+00
8.400000e-06	-2.132402e-02	2.957896e+00
8.410000e-06	-3.869009e-02	3.208902e+00
8.420000e-06	-6.699238e-02	3.441504e+00
8.430000e-06	-1.846353e-02	3.600926e+00
8.440000e-06	1.287631e-01	3.811029e+00
8.450000e-06	-1.582249e-01	4.082661e+00
8.460000e-06	1.101769e-01	4.374717e+00
8.470000e-06	4.558165e-02	4.619425e+00
8.480000e-06	-7.120637e-02	4.812977e+00
8.490000e-06	6.183594e-02	5.116167e+00
8.500000e-06	-9.163004e-02	5.410379e+00
8.510000e-06	1.090220e-02	5.631327e+00
8.520000e-06	5.560012e-03	5.935618e+00
8.530000e-06	-2.164295e-02	6.135791e+00
8.540000e-06	2.892068e-02	6.379797e+00
8.550000e-06	-4.342550e-02	6.600449e+00
8.560000e-06	2.456684e-02	6.832553e+00
8.570000e-06	-2.145599e-02	7.113508e+00
8.580000e-06	-3.033274e-03	7.289088e+00
8.590000e-06	-8.894148e-05	7.586694e+00
8.600000e-06	-5.264974e-02	7.792351e+00
8.610000e-06	5.942067e-02	8.080961e+00
8.620000e-06	-4.559230e-02	8.254636e+00
8.630000e-06	7.392123e-03	8.442983e+00
8.640000e-06	-2.737227e-02	8.632929e+00
8.650000e-06	-4.406921e-03	8.812402e+00
8.660000e-06	4.683448e-03	9.021903e+00
8.670000e-06	-1.703098e-02	9.252961e+00
8.680000e-06	-9.222839e-05	9.432304e+00
8.690000e-06	-3.046652e-02	9.621402e+00
8.700000e-06	9.950082e-03	9.790898e+00
8.710000e-06	-1.979408e-02	9.982881e+00
8.720000e-06	-1.235028e-02	1.015072e+01
8.730000e-06	-2.407576e-02	1.034825e+01
8.740000e-06	-1.026413e-02	1.053712e+01
8.750000e-06	8.984209e-05	1.067754e+01
8.760000e-06	-9.852720e-03	1.087549e+01
8.770000e-06	-1.589779e-02	1.102240e+01
8.780000e-06	-2.209450e-02	1.120132e+01
8.790000e-06	-7.943101e-03	1.135072e+01
8.800000e-06	-1.500107e-02	1.153752e+01
8.810000e-06	-1.587847e-02	1.169659e+01
8.820000e-06	-2.427058e-02	1.185306e+01
8.830000e-06	-1.289975e-02	1.197077e+01
8.840000e-06	-1.013882e-02	1.210757e+01
8.850000e-06	-1.144458e-02	1.223292e+01
8.860000e-06	-2.330797e-02	1.236825e+01
8.870000e-06	-2.271223e-02	1.251609e+01
8.880000e-06	-1.649934e-02	1.258080e+01
8.890000e-06	-1.622156e-02	1.269659e+01
8.900000e-06	-2.107216e-02	1.279230e+01
8.910000e-06	-2.754362e-02	1.291807e+01
8.920000e-06	-2.055241e-02	1.297283e+01
8.930000e-06	-1.843491e-02	1.309751e+01
8.940000e-06	-1.697775e-02	1.320070e+01
8.950000e-06	-2.623704e-02	1.328764e+01
8.960000e-06	-2.474995e-02	1.334972e+01
8.970000e-06	-2.234148e-02	1.344140e+01
8.980000e-06	-2.176695e-02	1.349454e+01
8.990000e-06	-2.752560e-02	1.353017e+01
9.000000e-06	-3.383623e-02	1.361285e+01
9.010000e-06	-3.021990e-02	1.363601e+01
9.020000e-06	-2.724813e-02	1.372664e+01
9.030000e-06	-2.483849e-02	1.378175e+01
9.040000e-06	-3.347967e-02	1.379285e+01
9.050000e-06	-3.133803e-02	1.384541e+01
9.060000e-06	-3.158225e-02	1.386641e+01
9.070000e-06	-2.978697e-02	1.386651e+01
9.080000e-06	-3.703101e-02	1.390801e+01
9.090000e-06	-4.246285e-02	1.400157e+01
9.100000e-06	-4.159244e-02	1.392057e+01
9.110000e-06	-3.914230e-02	1.399169e+01
9.120000e-06	-3.787433e-02	1.396014e+01
9.130000e-06	-4.356843e-02	1.393099e+01
9.140000e-06	-4.546849e-02	1.393047e+01
9.150000e-06	-4.633806e-02	1.389910e+01
9.160000e-06	-4.479846e-02	1.387796e+01
9.170000e-06	-5.006043e-02	1.387693e+01
9.180000e-06	-5.467348e-02	1.384633e+01
9.190000e-06	-5.387356e-02	1.379420e+01
9.200000e-06	-4.996520e-02	1.374022e+01
9.210000e-06	-4.944822e-02	1.369056e+01
9.220000e-06	-5.348501e-02	1.362586e+01
9.230000e-06	-5.286177e-02	1.361325e+01
9.240000e-06	-4.978707e-02	1.353864e+01
9.250000e-06	-4.643060e-02	1.345498e+01
9.260000e-06	-4.773929e-02	1.338285e+01
9.270000e-06	-4.663166e-02	1.330669e+01
9.280000e-06	-4.430695e-02	1.325548e+01
9.290000e-06	-3.934115e-02	1.316219e+01
9.300000e-06	-3.689194e-02	1.304641e+01
9.310000e-06	-3.801681e-02	1.297225e+01
9.320000e-06	-3.649749e-02	1.284603e+01
9.330000e-06	-3.183755e-02	1.276027e+01
9.340000e-06	-2.787646e-02	1.265501e+01
9.350000e-06	-2.781271e-02	1.255175e+01
9.360000e-06	-2.988788e-02	1.247696e+01
9.370000e-06	-2.673635e-02	1.232857e+01
9.380000e-06	-2.547370e-02	1.223133e+01
9.390000e-06	-2.143442e-02	1.204700e+01
9.400000e-06	-2.423998e-02	1.195914e+01
9.410000e-06	-2.101710e-02	1.178333e+01
9.420000e-06	-2.129431e-02	1.164448e+01
9.430000e-06	-1.702372e-02	1.146654e+01
9.440000e-06	-1.890019e-02	1.128858e+01
9.450000e-06	-1.916634e-02	1.113924e+01
9.460000e-06	-1.858331e-02	1.102140e+01
9.470000e-06	-1.578507e-02	1.088501e+01
9.480000e-06	-1.534079e-02	1.062711e+01
9.490000e-06	-1.682564e-02	1.052564e+01
9.500000e-06	-1.655257e-02	1.032867e+01
9.510000e-06	-1.554471e-02	1.013819e+01
9.520000e-06	-1.226521e-02	9.942824e+00
9.530000e-06	-1.273222e-02	9.782321e+00
9.540000e-06	-1.288275e-02	9.581247e+00
9.550000e-06	-1.351330e-02	9.352302e+00
9.560000e-06	-1.139476e-02	9.213926e+00
9.570000e-06	-1.136073e-02	8.972873e+00
9.580000e-06	-1.205023e-02	8.810873e+00
9.590000e-06	-1.368274e-02	8.551875e+00
9.600000e-06	-1.237682e-02	8.411950e+00
9.610000e-06	-1.037059e-02	8.201478e+00
9.620000e-06	-9.488271e-03	7.941347e+00
9.630000e-06	-1.056732e-02	7.719225e+00
9.640000e-06	-1.049153e-02	7.527766e+00
9.650000e-06	-9.473519e-03	7.258184e+00
9.660000e-06	-8.621274e-03	7.065132e+00
9.670000e-06	-9.328036e-03	6.834555e+00
9.680000e-06	-1.049671e-02	6.643928e+00
9.690000e-06	-1.042380e-02	6.340848e+00
9.700000e-06	-8.191449e-03	6.169817e+00
9.710000e-06	-7.907738e-03	5.927268e+00
9.720000e-06	-8.647325e-03	5.665681e+00
9.730000e-06	-9.342992e-03	5.423609e+00
9.740000e-06	-7.527572e-03	5.151894e+00
9.750000e-06	-6.395828e-03	4.866107e+00
9.760000e-06	-7.540450e-03	4.602005e+00
9.770000e-06	-8.536562e-03	4.381925e+00
9.780000e-06	-8.308122e-03	4.128343e+00
9.790000e-06	-7.158986e-03	3.875685e+00
9.800000e-06	-7.253856e-03	3.654657e+00
9.810000e-06	-6.634127e-03	3.411972e+00
9.820000e-06	-7.348018e-03	3.147392e+00
9.830000e-06	-6.033381e-03	2.874737e+00
9.840000e-06	-5.841147e-03	2.626657e+00
9.850000e-06	-5.722336e-03	2.349944e+00
9.860000e-06	-6.238027e-03	2.106837e+00
9.870000e-06	-6.560187e-03	1.886789e+00
9.880000e-06	-6.333739e-03	1.633606e+00
9.890000e-06	-5.860857e-03	1.348842e+00
9.900000e-06	-5.718990e-03	1.054781e+00
9.910000e-06	-5.379296e-03	7.493745e-01
9.920000e-06	-4.901036e-03	5.062881e-01
9.930000e-06	-4.352662e-03	2.766326e-01
9.940000e-06	-2.770301e-03	-2.993149e-02
9.950000e-06	2.147013e-03	-2.315817e-01
9.960000e-06	4.782075e-03	-4.315821e-01
9.970000e-06	-4.421167e-03	-7.873170e-01
9.980000e-06	1.438675e-03	-9.758714e-01
9.990000e-06	-3.367360e-03	-1.229950e+00
1.000000e-05	9.301699e-04	-1.514692e+00
1.001000e-05	-6.540716e-05	-1.694760e+00
1.002000e-05	4.985584e-02	-1.945240e+00
1.003000e-05	9.152930e-02	-2.186324e+00
1.004000e-05	-7.685651e-02	-2.576869e+00
1.005000e-05	-5.821747e-03	-2.894666e+00
1.006000e-05	-5.565416e-02	-3.208425e+00
1.007000e-05	-5.767993e-02	-3.346821e+00
1.008000e-05	7.102615e-03	-3.505662e+00
1.009000e-05	1.462617e-01	-3.631056e+00
1.010000e-05	-1.897524e-01	-3.998300e+00
1.011000e-05	1.824606e-01	-4.160400e+00
1.012000e-05	-6.936543e-02	-4.409904e+00
1.013000e-05	-2.588893e-03	-4.745767e+00
1.014000e-05	1.109696e-01	-4.946265e+00
1.015000e-05	-1.839267e-01	-5.260903e+00
1.016000e-05	7.472728e-02	-5.546117e+00
1.017000e-05	-5.106854e-03	-5.685091e+00
1.018000e-05	-1.213502e-02	-6.020350e+00
1.019000e-05	1.133221e-01	-6.222399e+00
1.020000e-05	-1.503321e-01	-6.513059e+00
1.021000e-05	1.251133e-01	-6.674639e+00
1.022000e-05	-6.309430e-02	-6.937192e+00
1.023000e-05	3.571302e-02	-7.221506e+00
1.024000e-05	1.510371e-02	-7.410351e+00
1.025000e-05	-1.014584e-01	-7.643533e+00
1.026000e-05	1.597118e-01	-7.896114e+00
1.027000e-05	-1.060019e-01	-8.146717e+00
1.028000e-05	9.619211e-02	-8.336718e+00
1.029000e-05	-7.585240e-02	-8.467160e+00
1.030000e-05	1.137269e-02	-8.808748e+00
1.031000e-05	5.483047e-02	-8.979723e+00
1.032000e-05	-3.766192e-02	-9.147245e+00
1.033000e-05	7.431096e-02	-9.338645e+00
1.034000e-05	-8.978562e-02	-9.558115e+00
1.035000e-05	9.059865e-02	-9.768667e+00
1.036000e-05	-3.630415e-02	-9.905062e+00
1.037000e-05	3.508411e-02	-1.005611e+01
1.038000e-05	-2.809843e-02	-1.029688e+01
1.039000e-05	-4.192641e-03	-1.052706e+01
1.040000e-05	5.151403e-02	-1.065443e+01
1.041000e-05	-9.369202e-03	-1.081975e+01
1.042000e-05	3.797416e-02	-1.090972e+01
1.043000e-05	-4.234437e-02	-1.112862e+01
1.044000e-05	4.554894e-02	-1.131759e+01
1.045000e-05	-8.170202e-03	-1.148548e+01
1.046000e-05	3.012650e-02	-1.162288e+01
1.047000e-05	-1.784416e-02	-1.180175e+01
1.048000e-05	1.490996e-02	-1.197010e+01
1.049000e-05	2.332757e-02	-1.207761e+01
1.050000e-05	2.027947e-02	-1.224290e+01
1.051000e-05	1.048041e-02	-1.234967e+01
1.052000e-05	-8.059470e-03	-1.246556e+01
1.053000e-05	2.272897e-02	-1.261080e+01
1.054000e-05	1.588006e-02	-1.271651e+01
1.055000e-05	2.175113e-02	-1.285380e+01
1.056000e-05	-1.651197e-03	-1.292864e+01
1.057000e-05	1.478179e-02	-1.306338e+01
1.058000e-05	2.061758e-02	-1.309714e+01
1.059000e-05	2.844487e-02	-1.319228e+01
1.060000e-05	1.004997e-02	-1.326751e+01
1.061000e-05	1.036759e-02	-1.338177e+01
1.062000e-05	1.690021e-02	-1.345435e+01
1.063000e-05	2.932469e-02	-1.353099e+01
1.064000e-05	2.036292e-02	-1.360145e+01
1.065000e-05	1.159210e-02	-1.366633e+01
1.066000e-05	1.417050e-02	-1.372874e+01
1.067000e-05	2.652916e-02	-1.373027e+01
1.068000e-05	2.974947e-02	-1.379433e+01
1.069000e-05	2.100707e-02	-1.381493e+01
1.070000e-05	1.864759e-02	-1.392651e+01
1.071000e-05	2.321643e-02	-1.393115e+01
1.072000e-05	3.424625e-02	-1.398232e+01
1.073000e-05	2.925142e-02	-1.399415e+01
1.074000e-05	2.351680e-02	-1.397390e+01
1.075000e-05	2.324437e-02	-1.401395e+01
1.076000e-05	3.426589e-02	-1.401443e+01
1.077000e-05	3.996691e-02	-1.403593e+01
1.078000e-05	3.458759e-02	-1.401591e+01
1.079000e-05	3.021261e-02	-1.403533e+01
1.080000e-05	3.513818e-02	-1.399328e+01
1.081000e-05	4.394972e-02	-1.397365e+01
1.082000e-05	4.290922e-02	-1.397177e+01
1.083000e-05	3.736703e-02	-1.392172e+01
1.084000e-05	3.750502e-02	-1.396816e+01
1.085000e-05	4.726037e-02	-1.389591e+01
1.086000e-05	5.057808e-02	-1.383593e+01
1.087000e-05	4.554022e-02	-1.375080e+01
1.088000e-05	3.926758e-02	-1.373814e+01
1.089000e-05	4.133119e-02	-1.371716e+01
1.090000e-05	4.704889e-02	-1.363373e+01
1.091000e-05	4.474875e-02	-1.354019e+01
1.092000e-05	3.697197e-02	-1.349897e+01
1.093000e-05	3.329146e-02	-1.342475e+01
1.094000e-05	3.662819e-02	-1.329112e+01
1.095000e-05	3.601987e-02	-1.320543e+01
1.096000e-05	3.171430e-02	-1.313968e+01
1.097000e-05	2.476363e-02	-1.301648e+01
1.098000e-05	2.382005e-02	-1.297017e+01
1.099000e-05	2.677353e-02	-1.286656e+01
1.100000e-05	2.454289e-02	-1.273385e+01
1.101000e-05	1.876273e-02	-1.265541e+01
1.102000e-05	1.501210e-02	-1.252977e+01
1.103000e-05	1.796280e-02	-1.239388e+01
1.104000e-05	1.984880e-02	-1.230651e+01
1.105000e-05	1.694257e-02	-1.216122e+01
1.106000e-05	1.105311e-02	-1.201283e+01
1.107000e-05	1.145639e-02	-1.181598e+01
1.108000e-05	1.361334e-02	-1.171867e+01
1.109000e-05	1.295395e-02	-1.155072e+01
1.110000e-05	9.555660e-03	-1.133075e+01
1.111000e-05	6.089669e-03	-1.119282e+01
1.112000e-05	7.151266e-03	-1.099490e+01
1.113000e-05	1.006473e-02	-1.087654e+01
1.114000e-05	8.295322e-03	-1.071716e+01
1.115000e-05	4.631091e-03	-1.056087e+01
1.116000e-05	3.874368e-03	-1.041237e+01
1.117000e-05	6.654290e-03	-1.019183e+01
1.118000e-05	8.465678e-03	-1.000393e+01
1.119000e-05	4.821343e-03	-9.823952e+00
1.120000e-05	1.379572e-03	-9.644958e+00
1.121000e-05	2.499885e-03	-9.467008e+00
1.122000e-05	4.554190e-03	-9.255132e+00
1.123000e-05	4.553536e-03	-9.085040e+00
1.124000e-05	1.507923e-03	-8.898116e+00
1.125000e-05	-9.022712e-05	-8.659077e+00
1.126000e-05	2.840963e-03	-8.433532e+00
1.127000e-05	3.057751e-03	-8.304557e+00
1.128000e-05	1.644867e-03	-8.065035e+00
1.129000e-05	-1.592453e-03	-7.805401e+00
1.130000e-05	-9.000468e-04	-7.550472e+00
1.131000e-05	1.201069e-03	-7.360269e+00
1.132000e-05	8.025756e-04	-7.119213e+00
1.133000e-05	-1.410098e-03	-6.876634e+00
1.134000e-05	-2.731642e-03	-6.645105e+00
1.135000e-05	-1.202119e-03	-6.463628e+00
1.136000e-05	-4.887477e-04	-6.183897e+00
1.137000e-05	2.947549e-04	-5.959790e+00
1.138000e-05	-2.847670e-03	-5.706766e+00
1.139000e-05	-3.750541e-03	-5.477186e+00
1.140000e-05	-3.020739e-03	-5.193952e+00
1.141000e-05	-2.691683e-03	-4.908315e+00
1.142000e-05	-1.357517e-03	-4.642529e+00
1.143000e-05	-3.436540e-03	-4.443502e+00
1.144000e-05	-3.769489e-03	-4.210525e+00
1.145000e-05	-2.378944e-03	-3.929445e+00
1.146000e-05	-3.777683e-03	-3.718787e+00
1.147000e-05	-3.754621e-03	-3.465208e+00
1.148000e-05	-6.834072e-03	-3.203577e+00
1.149000e-05	-4.295689e-03	-2.960366e+00
1.150000e-05	-4.501659e-03	-2.667762e+00
1.151000e-05	-2.359610e-03	-2.443159e+00
1.152000e-05	-5.484926e-03	-2.152496e+00
1.153000e-05	-4.291068e-03	-1.897814e+00
1.154000e-05	-5.016589e-03	-1.686285e+00
1.155000e-05	-4.130630e-03	-1.413925e+00
1.156000e-05	-6.421395e-03	-1.086810e+00
1.157000e-05	-6.777907e-03	-8.647052e-01
1.158000e-05	-6.374930e-03	-5.915472e-01
1.159000e-05	-4.180898e-03	-3.398683e-01
1.160000e-05	-3.194896e-03	-8.576048e-02
1.161000e-05	3.410656e-03	1.763213e-01
1.162000e-05	-1.698847e-04	4.204779e-01
1.163000e-05	-1.504327e-03	6.310353e-01
1.164000e-05	1.271257e-04	8.715570e-01
1.165000e-05	-3.311214e-03	1.177194e+00
1.166000e-05	-3.308461e-03	1.428502e+00
1.167000e-05	-1.730158e-03	1.735211e+00
1.168000e-05	2.199035e-02	1.892713e+00
1.169000e-05	7.024545e-02	2.144716e+00
1.170000e-05	1.198673e-02	2.419006e+00
1.171000e-05	-7.119937e-02	2.777797e+00
1.172000e-05	-2.638527e-02	2.988900e+00
1.173000e-05	-3.146047e-02	3.220053e+00
1.174000e-05	-7.383591e-02	3.513483e+00
1.175000e-05	1.080591e-02	3.612553e+00
1.176000e-05	1.126567e-01	3.861458e+00
1.177000e-05	-1.695085e-01	4.117639e+00
1.178000e-05	1.460763e-01	4.376747e+00
1.179000e-05	6.984141e-04	4.620453e+00
1.180000e-05	-5.072621e-02	4.842430e+00
1.181000e-05	5.050931e-02	5.186697e+00
1.182000e-05	-9.221519e-02	5.424004e+00
1.183000e-05	2.907229e-02	5.652032e+00
1.184000e-05	-1.848398e-03	5.977596e+00
1.185000e-05	-1.306098e-02	6.167795e+00
1.186000e-05	2.082699e-02	6.399300e+00
1.187000e-05	-4.636270e-02	6.631454e+00
1.188000e-05	2.819240e-02	6.843484e+00
1.189000e-05	-3.178553e-02	7.124987e+00
1.190000e-05	8.933346e-03	7.287121e+00
1.191000e-05	-1.168924e-02	7.550822e+00
1.192000e-05	-3.732630e-02	7.821910e+00
1.193000e-05	5.863388e-02	8.055008e+00
1.194000e-05	-5.130071e-02	8.284684e+00
1.195000e-05	1.219480e-02	8.453534e+00
1.196000e-05	-3.684344e-02	8.662484e+00
1.197000e-05	3.220426e-03	8.855459e+00
1.198000e-05	-6.644710e-04	9.090954e+00
1.199000e-05	-1.337289e-02	9.304009e+00
1.200000e-05	-1.716913e-03	9.462485e+00
1.201000e-05	-2.793634e-02	9.660906e+00
1.202000e-05	1.302217e-02	9.844481e+00
1.203000e-05	-2.450532e-02	1.005288e+01
1.204000e-05	-1.045160e-02	1.019932e+01
1.205000e-05	-2.810034e-02	1.039865e+01
1.206000e-05	-6.089128e-03	1.056070e+01
1.207000e-05	-2.916518e-04	1.074804e+01
1.208000e-05	-9.480032e-03	1.087666e+01
1.209000e-05	-1.629253e-02	1.104348e+01
1.210000e-05	-2.324151e-02	1.120288e+01
1.211000e-05	-6.167475e-03	1.140127e+01
1.212000e-05	-1.602319e-02	1.152800e+01
1.213000e-05	-1.482589e-02	1.173817e+01
1.214000e-05	-2.535955e-02	1.183546e+01
1.215000e-05	-1.090122e-02	1.197173e+01
1.216000e-05	-1.022921e-02	1.210607e+01
1.217000e-05	-1.217853e-02	1.225438e+01
1.218000e-05	-2.404600e-02	1.239025e+01
1.219000e-05	-2.314457e-02	1.249859e+01
1.220000e-05	-1.479695e-02	1.259130e+01
1.221000e-05	-1.700176e-02	1.271657e+01
1.222000e-05	-2.140114e-02	1.283333e+01
1.223000e-05	-2.789188e-02	1.289711e+01
1.224000e-05	-1.997314e-02	1.298280e+01
1.225000e-05	-1.736152e-02	1.313701e+01
1.226000e-05	-1.742752e-02	1.323181e+01
1.227000e-05	-2.707088e-02	1.329659e+01
1.228000e-05	-2.586541e-02	1.333075e+01
1.229000e-05	-2.274910e-02	1.342293e+01
1.230000e-05	-2.164992e-02	1.349566e+01
1.231000e-05	-2.710889e-02	1.357125e+01
1.232000e-05	-3.313272e-02	1.359533e+01
1.233000e-05	-2.962008e-02	1.365648e+01
1.234000e-05	-2.791560e-02	1.370925e+01
1.235000e-05	-2.652514e-02	1.376975e+01
1.236000e-05	-3.462250e-02	1.383488e+01
1.237000e-05	-3.291277e-02	1.382538e+01
1.238000e-05	-3.161493e-02	1.386746e+01
1.239000e-05	-2.921507e-02	1.392747e+01
1.240000e-05	-3.585124e-02	1.391954e+01
1.241000e-05	-4.201166e-02	1.394112e+01
1.242000e-05	-4.084753e-02	1.394274e+01
1.243000e-05	-3.966441e-02	1.398212e+01
1.244000e-05	-3.813945e-02	1.394067e+01
1.245000e-05	-4.476761e-02	1.394207e+01
1.246000e-05	-4.582839e-02	1.394059e+01
1.247000e-05	-4.566281e-02	1.391049e+01
1.248000e-05	-4.451487e-02	1.384791e+01
1.249000e-05	-4.855118e-02	1.381493e+01
1.250000e-05	-5.415147e-02	1.382528e+01
1.251000e-05	-5.463989e-02	1.379330e+01
1.252000e-05	-5.125206e-02	1.374057e+01
1.253000e-05	-4.955874e-02	1.367656e+01
1.254000e-05	-5.347116e-02	1.363746e+01
1.255000e-05	-5.300745e-02	1.359280e+01
1.256000e-05	-5.033833e-02	1.353969e+01
1.257000e-05	-4.581634e-02	1.345593e+01
1.258000e-05	-4.566354e-02	1.338178e+01
1.259000e-05	-4.625385e-02	1.328964e+01
1.260000e-05	-4.416548e-02	1.324635e+01
1.261000e-05	-4.001378e-02	1.316034e+01
1.262000e-05	-3.561878e-02	1.302591e+01
1.263000e-05	-3.624703e-02	1.295277e+01
1.264000e-05	-3.569546e-02	1.282753e+01
1.265000e-05	-3.282683e-02	1.273032e+01
1.266000e-05	-2.895316e-02	1.261461e+01
1.267000e-05	-2.737847e-02	1.257070e+01
1.268000e-05	-2.960150e-02	1.246698e+01
1.269000e-05	-2.578117e-02	1.231062e+01
1.270000e-05	-2.625272e-02	1.219332e+01
1.271000e-05	-2.074956e-02	1.204800e+01
1.272000e-05	-2.348347e-02	1.188766e+01
1.273000e-05	-2.090152e-02	1.178180e+01
1.274000e-05	-2.194980e-02	1.156528e+01
1.275000e-05	-1.734697e-02	1.143541e+01
1.276000e-05	-1.942417e-02	1.130763e+01
1.277000e-05	-1.857762e-02	1.109875e+01
1.278000e-05	-1.908151e-02	1.097132e+01
1.279000e-05	-1.586499e-02	1.081553e+01
1.280000e-05	-1.402535e-02	1.064598e+01
1.281000e-05	-1.505299e-02	1.045661e+01
1.282000e-05	-1.656597e-02	1.029711e+01
1.283000e-05	-1.712151e-02	1.009974e+01
1.284000e-05	-1.283409e-02	9.920293e+00
1.285000e-05	-1.294192e-02	9.730318e+00
1.286000e-05	-1.227634e-02	9.549215e+00
1.287000e-05	-1.370326e-02	9.349819e+00
1.288000e-05	-1.155983e-02	9.171899e+00
1.289000e-05	-1.079795e-02	8.972875e+00
1.290000e-05	-1.153344e-02	8.731319e+00
1.291000e-05	-1.196599e-02	8.589923e+00
1.292000e-05	-1.265204e-02	8.362901e+00
1.293000e-05	-1.050908e-02	8.150418e+00
1.294000e-05	-1.032166e-02	7.950765e+00
1.295000e-05	-1.047001e-02	7.688316e+00
1.296000e-05	-1.027110e-02	7.488509e+00
1.297000e-05	-9.644397e-03	7.245557e+00
1.298000e-05	-8.211880e-03	7.015053e+00
1.299000e-05	-9.357977e-03	6.833052e+00
1.300000e-05	-9.628184e-03	6.572522e+00
1.301000e-05	-1.007468e-02	6.330792e+00
1.302000e-05	-8.573303e-03	6.137839e+00
1.303000e-05	-8.466076e-03	5.898236e+00
1.304000e-05	-8.412111e-03	5.644106e+00
1.305000e-05	-8.711346e-03	5.364477e+00
1.306000e-05	-7.510405e-03	5.078888e+00
1.307000e-05	-6.834298e-03	4.813030e+00
1.308000e-05	-6.607384e-03	4.590925e+00
1.309000e-05	-7.367446e-03	4.390393e+00
1.310000e-05	-8.070097e-03	4.085761e+00
1.311000e-05	-6.639152e-03	3.874655e+00
1.312000e-05	-7.295213e-03	3.622180e+00
1.313000e-05	-7.318717e-03	3.330424e+00
1.314000e-05	-7.534056e-03	3.097238e+00
1.315000e-05	-5.517372e-03	2.855611e+00
1.316000e-05	-5.311851e-03	2.623505e+00
1.317000e-05	-6.018257e-03	2.357921e+00
1.318000e-05	-6.805751e-03	2.067260e+00
1.319000e-05	-6.190930e-03	1.855728e+00
1.320000e-05	-6.021558e-03	1.580477e+00
1.321000e-05	-4.795835e-03	1.296364e+00
1.322000e-05	-5.488953e-03	1.041126e+00
1.323000e-05	-5.249600e-03	7.273682e-01
1.324000e-05	-5.259563e-03	4.663128e-01
1.325000e-05	-4.151130e-03	2.351312e-01
1.326000e-05	-3.259086e-03	-3.005656e-02
1.327000e-05	2.607647e-03	-2.816094e-01
1.328000e-05	2.687031e-03	-5.032346e-01
1.329000e-05	-1.025578e-03	-7.663474e-01
1.330000e-05	4.907189e-04	-9.973512e-01
1.331000e-05	-3.080826e-03	-1.250580e+00
1.332000e-05	-1.653191e-03	-1.504266e+00
1.333000e-05	2.498509e-03	-1.756321e+00
1.334000e-05	5.894153e-02	-1.935792e+00
1.335000e-05	8.143680e-02	-2.229532e+00
1.336000e-05	-8.382621e-02	-2.649400e+00
1.337000e-05	-2.592859e-03	-2.966795e+00
1.338000e-05	-5.850683e-02	-3.221401e+00
1.339000e-05	-6.090266e-02	-3.358800e+00
1.340000e-05	4.036035e-02	-3.535213e+00
1.341000e-05	1.104642e-01	-3.651060e+00
1.342000e-05	-1.826296e-01	-4.040980e+00
1.343000e-05	2.021622e-01	-4.239947e+00
1.344000e-05	-1.152438e-01	-4.442007e+00
1.345000e-05	4.421314e-02	-4.759820e+00
1.346000e-05	7.297145e-02	-4.975747e+00
1.347000e-05	-1.805505e-01	-5.263532e+00
1.348000e-05	1.017249e-01	-5.567742e+00
1.349000e-05	-3.562016e-02	-5.766245e+00
1.350000e-05	2.316828e-02	-6.030903e+00
1.351000e-05	7.947549e-02	-6.223900e+00
1.352000e-05	-1.364517e-01	-6.544662e+00
1.353000e-05	1.364028e-01	-6.747215e+00
1.354000e-05	-8.760308e-02	-6.937772e+00
1.355000e-05	6.561546e-02	-7.253929e+00
1.356000e-05	-2.409794e-02	-7.412402e+00
1.357000e-05	-6.313264e-02	-7.697065e+00
1.358000e-05	1.447051e-01	-7.996168e+00
1.359000e-05	-1.098456e-01	-8.147697e+00
1.360000e-05	1.077011e-01	-8.347246e+00
1.361000e-05	-1.009125e-01	-8.528142e+00
1.362000e-05	4.482834e-02	-8.819351e+00
1.363000e-05	2.865113e-02	-8.998343e+00
1.364000e-05	-1.826810e-02	-9.168301e+00
1.365000e-05	5.624480e-02	-9.339714e+00
1.366000e-05	-8.056957e-02	-9.628773e+00
1.367000e-05	9.556066e-02	-9.768163e+00
1.368000e-05	-4.748910e-02	-9.906190e+00
1.369000e-05	4.706819e-02	-1.010612e+01
1.370000e-05	-4.418248e-02	-1.029606e+01
1.371000e-05	1.558191e-02	-1.052666e+01
1.372000e-05	3.955796e-02	-1.068351e+01
1.373000e-05	-1.103229e-03	-1.081985e+01
1.374000e-05	2.850586e-02	-1.096074e+01
1.375000e-05	-3.751162e-02	-1.112656e+01
1.376000e-05	4.746341e-02	-1.133769e+01
1.377000e-05	-1.134368e-02	-1.145503e+01
1.378000e-05	3.167179e-02	-1.164436e+01
1.379000e-05	-2.285681e-02	-1.179235e+01
1.380000e-05	2.287738e-02	-1.201962e+01
1.381000e-05	1.977613e-02	-1.209711e+01
1.382000e-05	2.430398e-02	-1.224135e+01
1.383000e-05	5.014844e-03	-1.233812e+01
1.384000e-05	-4.814129e-03	-1.249694e+01
1.385000e-05	2.161765e-02	-1.261090e+01
1.386000e-05	1.669479e-02	-1.271804e+01
1.387000e-05	1.939730e-02	-1.285488e+01
1.388000e-05	-2.395915e-03	-1.294977e+01
1.389000e-05	1.516520e-02	-1.305295e+01
1.390000e-05	2.297046e-02	-1.315811e+01
1.391000e-05	2.775672e-02	-1.319180e+01
1.392000e-05	8.954447e-03	-1.326754e+01
1.393000e-05	9.951970e-03	-1.339280e+01
1.394000e-05	1.770701e-02	-1.343391e+01
1.395000e-05	3.004654e-02	-1.353802e+01
1.396000e-05	1.923033e-02	-1.363180e+01
1.397000e-05	9.892745e-03	-1.366646e+01
1.398000e-05	1.375193e-02	-1.374869e+01
1.399000e-05	2.966177e-02	-1.378080e+01
1.400000e-05	3.069602e-02	-1.385333e+01
1.401000e-05	2.060019e-02	-1.387694e+01
1.402000e-05	1.649564e-02	-1.390004e+01
1.403000e-05	2.501739e-02	-1.390919e+01
1.404000e-05	3.651022e-02	-1.398232e+01
1.405000e-05	2.889449e-02	-1.399288e+01
1.406000e-05	2.151036e-02	-1.401488e+01
1.407000e-05	2.217557e-02	-1.400428e+01
1.408000e-05	3.593918e-02	-1.405496e+01
1.409000e-05	4.072478e-02	-1.402488e+01
1.410000e-05	3.446353e-02	-1.404546e+01
1.411000e-05	2.931046e-02	-1.400483e+01
1.412000e-05	3.649552e-02	-1.401540e+01
1.413000e-05	4.583790e-02	-1.399272e+01
1.414000e-05	4.255078e-02	-1.397275e+01
1.415000e-05	3.621849e-02	-1.392970e+01
1.416000e-05	3.704761e-02	-1.391811e+01
1.417000e-05	4.763241e-02	-1.384658e+01
1.418000e-05	5.184445e-02	-1.383543e+01
1.419000e-05	4.538608e-02	-1.375182e+01
1.420000e-05	3.872338e-02	-1.372819e+01
1.421000e-05	4.238780e-02	-1.370751e+01
1.422000e-05	4.714347e-02	-1.366293e+01
1.423000e-05	4.513502e-02	-1.350764e+01
1.424000e-05	3.543370e-02	-1.347496e+01
1.425000e-05	3.235100e-02	-1.340080e+01
1.426000e-05	3.663326e-02	-1.329911e+01
1.427000e-05	3.742585e-02	-1.319498e+01
1.428000e-05	3.125184e-02	-1.316967e+01
1.429000e-05	2.345305e-02	-1.306495e+01
1.430000e-05	2.392481e-02	-1.294972e+01
1.431000e-05	2.785802e-02	-1.285754e+01
1.432000e-05	2.596348e-02	-1.277080e+01
1.433000e-05	1.820179e-02	-1.264336e+01
1.434000e-05	1.451846e-02	-1.251119e+01
1.435000e-05	1.730442e-02	-1.237280e+01
1.436000e-05	1.968117e-02	-1.226651e+01
1.437000e-05	1.734433e-02	-1.214972e+01
1.438000e-05	1.103066e-02	-1.198385e+01
1.439000e-05	1.168228e-02	-1.183591e+01
1.440000e-05	1.379169e-02	-1.167716e+01
1.441000e-05	1.345874e-02	-1.153869e+01
1.442000e-05	9.031374e-03	-1.134269e+01
1.443000e-05	5.950546e-03	-1.116075e+01
1.444000e-05	7.819708e-03	-1.099289e+01
1.445000e-05	1.043629e-02	-1.082496e+01
1.446000e-05	7.746515e-03	-1.070814e+01
1.447000e-05	3.683018e-03	-1.055129e+01
1.448000e-05	3.722971e-03	-1.037129e+01
1.449000e-05	5.983056e-03	-1.013820e+01
1.450000e-05	8.008206e-03	-9.990919e+00
1.451000e-05	3.849111e-03	-9.814027e+00
1.452000e-05	2.076777e-03	-9.614505e+00
1.453000e-05	2.304325e-03	-9.447523e+00
1.454000e-05	4.757348e-03	-9.212006e+00
1.455000e-05	2.638658e-03	-9.045535e+00
1.456000e-05	5.832319e-04	-8.857109e+00
1.457000e-05	-2.515940e-04	-8.625503e+00
1.458000e-05	3.077968e-03	-8.414427e+00
1.459000e-05	3.982968e-03	-8.192981e+00
1.460000e-05	2.010908e-03	-8.024008e+00
1.461000e-05	-7.819520e-04	-7.813003e+00
1.462000e-05	-1.468455e-03	-7.519345e+00
1.463000e-05	1.161149e-03	-7.327719e+00
1.464000e-05	7.614226e-05	-7.047719e+00
1.465000e-05	-1.489835e-03	-6.846107e+00
1.466000e-05	-3.277787e-03	-6.614002e+00
1.467000e-05	3.201503e-04	-6.401526e+00
1.468000e-05	-9.235863e-04	-6.192347e+00
1.469000e-05	7.100909e-04	-5.908792e+00
1.470000e-05	-3.870501e-03	-5.695686e+00
1.471000e-05	-3.495250e-03	-5.456557e+00
1.472000e-05	-1.910037e-03	-5.160422e+00
1.473000e-05	-1.775711e-03	-4.857155e+00
1.474000e-05	-3.220732e-03	-4.560400e+00
1.475000e-05	-4.077579e-03	-4.412602e+00
1.476000e-05	-3.410166e-03	-4.161844e+00
1.477000e-05	-1.560397e-03	-3.978867e+00
1.478000e-05	-4.297635e-03	-3.656685e+00
1.479000e-05	-4.626138e-03	-3.464155e+00
1.480000e-05	-6.354841e-03	-3.172548e+00
1.481000e-05	-2.063444e-03	-2.917786e+00
1.482000e-05	-3.807387e-03	-2.656186e+00
1.483000e-05	-3.485138e-03	-2.422676e+00
1.484000e-05	-6.237652e-03	-2.120363e+00
1.485000e-05	-4.115977e-03	-1.886263e+00
1.486000e-05	-4.415737e-03	-1.654654e+00
1.487000e-05	-4.682130e-03	-1.339523e+00
1.488000e-05	-6.899553e-03	-1.075684e+00
1.489000e-05	-6.692609e-03	-7.656587e-01
1.490000e-05	-4.682203e-03	-5.594957e-01
1.491000e-05	-4.192950e-03	-3.073357e-01
1.492000e-05	-3.009405e-03	-3.565779e-02
1.493000e-05	3.905686e-03	2.074464e-01
1.494000e-05	-1.176341e-03	4.311343e-01
1.495000e-05	6.761221e-04	6.631331e-01
1.496000e-05	-2.613175e-03	9.036569e-01
1.497000e-05	-3.545302e-03	1.208321e+00
1.498000e-05	-3.890462e-03	1.519503e+00
1.499000e-05	1.019585e-03	1.774737e+00
1.500000e-05	2.587221e-02	1.934740e+00
1.501000e-05	7.529360e-02	2.196270e+00
1.502000e-05	-9.351012e-03	2.460584e+00
1.503000e-05	-6.102134e-02	2.788320e+00
1.504000e-05	-2.899898e-02	3.030454e+00
1.505000e-05	-2.887577e-02	3.253032e+00
1.506000e-05	-8.450506e-02	3.513489e+00
1.507000e-05	3.796453e-02	3.653633e+00
1.508000e-05	8.897432e-02	3.893612e+00
1.509000e-05	-1.660785e-01	4.077669e+00
1.510000e-05	1.704921e-01	4.408751e+00
1.511000e-05	-3.714013e-02	4.694032e+00
1.512000e-05	-2.361814e-02	4.875087e+00
1.513000e-05	3.515006e-02	5.198773e+00
1.514000e-05	-8.989468e-02	5.474110e+00
1.515000e-05	3.693490e-02	5.654133e+00
1.516000e-05	-1.265545e-02	5.985715e+00
1.517000e-05	-4.821988e-03	6.197424e+00
1.518000e-05	1.206514e-02	6.418929e+00
1.519000e-05	-4.222866e-02	6.671934e+00
1.520000e-05	3.178888e-02	6.874637e+00
1.521000e-05	-3.842010e-02	7.108140e+00
1.522000e-05	1.986411e-02	7.327718e+00
1.523000e-05	-2.519130e-02	7.620376e+00
1.524000e-05	-2.484334e-02	7.904456e+00
1.525000e-05	5.014025e-02	8.126535e+00
1.526000e-05	-5.505511e-02	8.336063e+00
1.527000e-05	1.634138e-02	8.444061e+00
1.528000e-05	-4.214699e-02	8.673937e+00
1.529000e-05	9.891122e-03	8.855507e+00
1.530000e-05	-5.540480e-03	9.053982e+00
1.531000e-05	-8.176415e-03	9.286684e+00
1.532000e-05	-5.952866e-03	9.433989e+00
1.533000e-05	-2.693381e-02	9.653959e+00
1.534000e-05	1.287655e-02	9.863481e+00
1.535000e-05	-2.702126e-02	1.006383e+01
1.536000e-05	-8.297040e-03	1.016092e+01
1.537000e-05	-2.923074e-02	1.035080e+01
1.538000e-05	-3.433605e-03	1.057075e+01
1.539000e-05	-2.573729e-03	1.074912e+01
1.540000e-05	-1.016184e-02	1.092819e+01
1.541000e-05	-1.619139e-02	1.109501e+01
1.542000e-05	-2.210249e-02	1.121493e+01
1.543000e-05	-5.944327e-03	1.138036e+01
1.544000e-05	-1.879248e-02	1.155067e+01
1.545000e-05	-1.515999e-02	1.173909e+01
1.546000e-05	-2.599853e-02	1.189246e+01
1.547000e-05	-9.824632e-03	1.201081e+01
1.548000e-05	-1.000298e-02	1.212867e+01
1.549000e-05	-1.246746e-02	1.228435e+01
1.550000e-05	-2.376511e-02	1.245167e+01
1.551000e-05	-2.201467e-02	1.249759e+01
1.552000e-05	-1.449803e-02	1.259140e+01
1.553000e-05	-1.813026e-02	1.275712e+01
1.554000e-05	-2.206882e-02	1.280340e+01
1.555000e-05	-2.817512e-02	1.292019e+01
1.556000e-05	-1.927622e-02	1.305338e+01
1.557000e-05	-1.789837e-02	1.312852e+01
1.558000e-05	-1.897110e-02	1.321528e+01
1.559000e-05	-2.726904e-02	1.326812e+01
1.560000e-05	-2.524809e-02	1.334079e+01
1.561000e-05	-2.243699e-02	1.342343e+01
1.562000e-05	-2.223417e-02	1.349599e+01
1.563000e-05	-2.723791e-02	1.354182e+01
1.564000e-05	-3.365534e-02	1.364393e+01
1.565000e-05	-2.873358e-02	1.367854e+01
1.566000e-05	-2.757113e-02	1.373064e+01
1.567000e-05	-2.771924e-02	1.376028e+01
1.568000e-05	-3.485090e-02	1.384630e+01
1.569000e-05	-3.310850e-02	1.385791e+01
1.570000e-05	-3.085516e-02	1.391943e+01
1.571000e-05	-3.074287e-02	1.389051e+01
1.572000e-05	-3.669274e-02	1.387954e+01
1.573000e-05	-4.240040e-02	1.399107e+01
1.574000e-05	-4.005627e-02	1.395227e+01
1.575000e-05	-3.926617e-02	1.398109e+01
1.576000e-05	-3.906439e-02	1.394112e+01
1.577000e-05	-4.484094e-02	1.401867e+01
1.578000e-05	-4.590751e-02	1.392104e+01
1.579000e-05	-4.487320e-02	1.390841e+01
1.580000e-05	-4.632836e-02	1.388948e+01
1.581000e-05	-4.997210e-02	1.381743e+01
1.582000e-05	-5.492400e-02	1.381388e+01
1.583000e-05	-5.264635e-02	1.377280e+01
1.584000e-05	-5.072384e-02	1.375062e+01
1.585000e-05	-4.905071e-02	1.368857e+01
1.586000e-05	-5.276707e-02	1.362543e+01
1.587000e-05	-5.286738e-02	1.357180e+01
1.588000e-05	-5.093924e-02	1.349706e+01
1.589000e-05	-4.820435e-02	1.346493e+01
1.590000e-05	-4.719421e-02	1.337077e+01
1.591000e-05	-4.703870e-02	1.331909e+01
1.592000e-05	-4.353901e-02	1.325448e+01
1.593000e-05	-3.909029e-02	1.315067e+01
1.594000e-05	-3.525874e-02	1.304493e+01
1.595000e-05	-3.551946e-02	1.297127e+01
1.596000e-05	-3.580583e-02	1.282651e+01
1.597000e-05	-3.220455e-02	1.274072e+01
1.598000e-05	-3.040188e-02	1.263441e+01
1.599000e-05	-2.842940e-02	1.251922e+01
1.600000e-05	-3.049187e-02	1.242283e+01
1.601000e-05	-2.443915e-02	1.227904e+01
1.602000e-05	-2.462521e-02	1.218230e+01
1.603000e-05	-1.944512e-02	1.203545e+01
1.604000e-05	-2.373686e-02	1.187804e+01
1.605000e-05	-2.194622e-02	1.175175e+01
1.606000e-05	-2.229192e-02	1.157385e+01
1.607000e-05	-1.950383e-02	1.144393e+01
1.608000e-05	-1.980208e-02	1.127598e+01
1.609000e-05	-1.985660e-02	1.112822e+01
1.610000e-05	-1.750400e-02	1.097032e+01
1.611000e-05	-1.473294e-02	1.083392e+01
1.612000e-05	-1.261932e-02	1.062645e+01
1.613000e-05	-1.566353e-02	1.042650e+01
1.614000e-05	-1.651521e-02	1.025511e+01
1.615000e-05	-1.699848e-02	1.011764e+01
1.616000e-05	-1.372934e-02	9.918220e+00
1.617000e-05	-1.386188e-02	9.719168e+00
1.618000e-05	-1.264728e-02	9.519167e+00
1.619000e-05	-1.287865e-02	9.370769e+00
1.620000e-05	-1.062077e-02	9.122423e+00
1.621000e-05	-1.045294e-02	8.981845e+00
1.622000e-05	-1.179623e-02	8.738293e+00
1.623000e-05	-1.256001e-02	8.510321e+00
1.624000e-05	-1.325134e-02	8.361319e+00
1.625000e-05	-1.113737e-02	8.130368e+00
1.626000e-05	-1.000032e-02	7.951740e+00
1.627000e-05	-1.022031e-02	7.707587e+00
1.628000e-05	-9.937874e-03	7.495158e+00
1.629000e-05	-8.586784e-03	7.223980e+00
1.630000e-05	-8.415854e-03	7.003978e+00
1.631000e-05	-9.650785e-03	6.809398e+00
1.632000e-05	-1.022271e-02	6.551742e+00
1.633000e-05	-9.243730e-03	6.308240e+00
1.634000e-05	-8.341280e-03	6.107189e+00
1.635000e-05	-8.390926e-03	5.856210e+00
1.636000e-05	-9.137796e-03	5.613030e+00
1.637000e-05	-8.035434e-03	5.381923e+00
1.638000e-05	-6.681543e-03	5.079709e+00
1.639000e-05	-7.814225e-03	4.832478e+00
1.640000e-05	-9.121939e-03	4.550919e+00
1.641000e-05	-6.505976e-03	4.370369e+00
1.642000e-05	-4.998699e-03	4.055184e+00
1.643000e-05	-6.467327e-03	3.803523e+00
1.644000e-05	-7.867085e-03	3.611001e+00
1.645000e-05	-7.947758e-03	3.332840e+00
1.646000e-05	-7.082151e-03	3.086234e+00
1.647000e-05	-5.534898e-03	2.843183e+00
1.648000e-05	-6.690209e-03	2.592446e+00
1.649000e-05	-7.458206e-03	2.306787e+00
1.650000e-05	-5.916065e-03	2.064633e+00
1.651000e-05	-4.044022e-03	1.844126e+00
1.652000e-05	-5.435003e-03	1.548471e+00
1.653000e-05	-5.977625e-03	1.305237e+00
1.654000e-05	-7.249180e-03	9.609747e-01
1.655000e-05	-4.189234e-03	6.888378e-01
1.656000e-05	-5.675708e-03	4.352554e-01
1.657000e-05	-2.730222e-03	1.931048e-01
1.658000e-05	-7.759424e-03	-6.255801e-02
1.659000e-05	7.875105e-03	-2.832846e-01
1.660000e-05	1.533746e-03	-5.137683e-01
1.661000e-05	3.147490e-03	-8.094263e-01
1.662000e-05	-2.454427e-03	-1.021930e+00
1.663000e-05	-4.201270e-03	-1.264058e+00
1.664000e-05	-3.354790e-03	-1.565821e+00
1.665000e-05	6.826664e-03	-1.776371e+00
1.666000e-05	6.706577e-02	-1.985770e+00
1.667000e-05	6.549969e-02	-2.262088e+00
1.668000e-05	-8.080794e-02	-2.662508e+00
1.669000e-05	2.035546e-04	-2.999396e+00
1.670000e-05	-5.929170e-02	-3.211055e+00
1.671000e-05	-6.966260e-02	-3.389401e+00
1.672000e-05	7.216905e-02	-3.536188e+00
1.673000e-05	6.430277e-02	-3.704188e+00
1.674000e-05	-1.572327e-01	-4.082535e+00
1.675000e-05	2.026887e-01	-4.230952e+00
1.676000e-05	-1.459663e-01	-4.494060e+00
1.677000e-05	8.938452e-02	-4.811326e+00
1.678000e-05	3.389720e-02	-5.008876e+00
1.679000e-05	-1.670656e-01	-5.307140e+00
1.680000e-05	1.157702e-01	-5.586817e+00
1.681000e-05	-6.563504e-02	-5.788396e+00
1.682000e-05	6.083763e-02	-6.023054e+00
1.683000e-05	4.213167e-02	-6.272458e+00
1.684000e-05	-1.115832e-01	-6.557691e+00
1.685000e-05	1.360463e-01	-6.738265e+00
1.686000e-05	-1.024831e-01	-6.948746e+00
1.687000e-05	9.232938e-02	-7.253986e+00
1.688000e-05	-6.252738e-02	-7.441980e+00
1.689000e-05	-2.242549e-02	-7.747118e+00
1.690000e-05	1.179411e-01	-8.009222e+00
1.691000e-05	-1.016840e-01	-8.188797e+00
1.692000e-05	1.115281e-01	-8.348770e+00
1.693000e-05	-1.168080e-01	-8.568654e+00
1.694000e-05	7.181775e-02	-8.831934e+00
1.695000e-05	1.741557e-03	-8.950327e+00
1.696000e-05	5.796629e-03	-9.190871e+00
1.697000e-05	3.433819e-02	-9.359770e+00
1.698000e-05	-6.628443e-02	-9.580883e+00
1.699000e-05	9.125375e-02	-9.748748e+00
1.700000e-05	-5.234665e-02	-9.948246e+00
1.701000e-05	5.535416e-02	-1.014770e+01
1.702000e-05	-5.587827e-02	-1.037707e+01
1.703000e-05	3.358113e-02	-1.051714e+01
1.704000e-05	2.445392e-02	-1.069456e+01
1.705000e-05	1.111185e-02	-1.085290e+01
1.706000e-05	1.780515e-02	-1.091082e+01
1.707000e-05	-2.955425e-02	-1.118960e+01
1.708000e-05	4.406386e-02	-1.132922e+01
1.709000e-05	-1.046246e-02	-1.149659e+01
1.710000e-05	3.031158e-02	-1.164701e+01
1.711000e-05	-2.479604e-02	-1.182438e+01
1.712000e-05	2.665503e-02	-1.197075e+01
1.713000e-05	1.661446e-02	-1.212719e+01
1.714000e-05	2.763224e-02	-1.224296e+01
1.715000e-05	5.625887e-04	-1.238017e+01
1.716000e-05	-1.205242e-03	-1.244707e+01
1.717000e-05	1.913034e-02	-1.257332e+01
1.718000e-05	1.851975e-02	-1.276904e+01
1.719000e-05	1.748471e-02	-1.285401e+01
1.720000e-05	-1.156557e-03	-1.293030e+01
1.721000e-05	1.569422e-02	-1.301440e+01
1.722000e-05	2.388480e-02	-1.313717e+01
1.723000e-05	2.733353e-02	-1.321188e+01
1.724000e-05	8.792348e-03	-1.327754e+01
1.725000e-05	9.610199e-03	-1.340180e+01
1.726000e-05	1.716934e-02	-1.348590e+01
1.727000e-05	2.915191e-02	-1.356962e+01
1.728000e-05	1.779473e-02	-1.362243e+01
1.729000e-05	1.182689e-02	-1.368656e+01
1.730000e-05	1.449834e-02	-1.374974e+01
1.731000e-05	3.165339e-02	-1.375277e+01
1.732000e-05	2.973895e-02	-1.378495e+01
1.733000e-05	2.138930e-02	-1.381656e+01
1.734000e-05	1.593946e-02	-1.390754e+01
1.735000e-05	2.555255e-02	-1.393022e+01
1.736000e-05	3.440436e-02	-1.397230e+01
1.737000e-05	2.724326e-02	-1.401230e+01
1.738000e-05	2.217559e-02	-1.400238e+01
1.739000e-05	2.486171e-02	-1.398430e+01
1.740000e-05	3.809646e-02	-1.400638e+01
1.741000e-05	4.032508e-02	-1.402641e+01
1.742000e-05	3.339628e-02	-1.404483e+01
1.743000e-05	2.817113e-02	-1.402541e+01
1.744000e-05	3.632004e-02	-1.403385e+01
1.745000e-05	4.526919e-02	-1.401173e+01
1.746000e-05	4.305991e-02	-1.393175e+01
1.747000e-05	3.651200e-02	-1.392062e+01
1.748000e-05	3.906155e-02	-1.391867e+01
1.749000e-05	4.957457e-02	-1.388593e+01
1.750000e-05	5.097546e-02	-1.381333e+01
1.751000e-05	4.373091e-02	-1.377220e+01
1.752000e-05	3.743402e-02	-1.373867e+01
1.753000e-05	4.279372e-02	-1.368508e+01
1.754000e-05	4.736312e-02	-1.362400e+01
1.755000e-05	4.369433e-02	-1.350869e+01
1.756000e-05	3.577247e-02	-1.345745e+01
1.757000e-05	3.362218e-02	-1.335175e+01
1.758000e-05	3.643777e-02	-1.332904e+01
1.759000e-05	3.711952e-02	-1.322348e+01
1.760000e-05	3.014289e-02	-1.313859e+01
1.761000e-05	2.315629e-02	-1.301593e+01
1.762000e-05	2.490188e-02	-1.294975e+01
1.763000e-05	2.786522e-02	-1.286551e+01
1.764000e-05	2.565773e-02	-1.270032e+01
1.765000e-05	1.793201e-02	-1.264295e+01
1.766000e-05	1.511186e-02	-1.248809e+01
1.767000e-05	1.745195e-02	-1.238277e+01
1.768000e-05	1.933789e-02	-1.224396e+01
1.769000e-05	1.601951e-02	-1.215919e+01
1.770000e-05	1.011569e-02	-1.194337e+01
1.771000e-05	1.130849e-02	-1.178243e+01
1.772000e-05	1.593239e-02	-1.162658e+01
1.773000e-05	1.402786e-02	-1.148854e+01
1.774000e-05	8.467667e-03	-1.132014e+01
1.775000e-05	5.212011e-03	-1.116029e+01
1.776000e-05	7.865212e-03	-1.098182e+01
1.777000e-05	1.053381e-02	-1.081303e+01
1.778000e-05	7.313693e-03	-1.070704e+01
1.779000e-05	4.114089e-03	-1.053027e+01
1.780000e-05	4.055162e-03	-1.031970e+01
1.781000e-05	7.218977e-03	-1.014977e+01
1.782000e-05	8.538371e-03	-9.959818e+00
1.783000e-05	3.318640e-03	-9.763448e+00
1.784000e-05	8.245318e-04	-9.633477e+00
1.785000e-05	2.207623e-03	-9.413878e+00
1.786000e-05	4.760468e-03	-9.232976e+00
1.787000e-05	3.454794e-03	-9.014029e+00
1.788000e-05	4.324257e-04	-8.853527e+00
1.789000e-05	-2.240513e-04	-8.623452e+00
1.790000e-05	2.860480e-03	-8.392877e+00
1.791000e-05	3.395869e-03	-8.193002e+00
1.792000e-05	1.123585e-03	-7.992405e+00
1.793000e-05	-1.922644e-03	-7.772370e+00
1.794000e-05	-4.822149e-04	-7.507268e+00
1.795000e-05	1.729362e-03	-7.254239e+00
1.796000e-05	5.595054e-04	-7.079154e+00
1.797000e-05	-1.994733e-03	-6.845534e+00
1.798000e-05	-3.113665e-03	-6.583405e+00
1.799000e-05	1.481626e-04	-6.382870e+00
1.800000e-05	-6.786645e-04	-6.128866e+00
1.801000e-05	-2.308875e-04	-5.905709e+00
1.802000e-05	-4.972705e-03	-5.643709e+00
1.803000e-05	-2.537464e-03	-5.404108e+00
1.804000e-05	-1.573422e-03	-5.158321e+00
1.805000e-05	-4.034656e-04	-4.846682e+00
1.806000e-05	-3.848036e-03	-4.611420e+00
1.807000e-05	-3.930999e-03	-4.391343e+00
1.808000e-05	-3.870034e-03	-4.118898e+00
1.809000e-05	-8.014996e-04	-3.937685e+00
1.810000e-05	-4.926610e-03	-3.654634e+00
1.811000e-05	-4.639849e-03	-3.402976e+00
1.812000e-05	-6.389664e-03	-3.189901e+00
1.813000e-05	-1.157790e-03	-2.906261e+00
1.814000e-05	-3.206293e-03	-2.623605e+00
1.815000e-05	-3.383950e-03	-2.410498e+00
1.816000e-05	-6.343957e-03	-2.117837e+00
1.817000e-05	-3.786715e-03	-1.855234e+00
1.818000e-05	-4.341230e-03	-1.623104e+00
1.819000e-05	-4.829385e-03	-1.368891e+00
1.820000e-05	-7.873339e-03	-1.043730e+00
1.821000e-05	-7.339123e-03	-7.900275e-01
1.822000e-05	-4.462603e-03	-5.459182e-01
1.823000e-05	-3.188988e-03	-2.857103e-01
1.824000e-05	-2.545759e-03	-4.315535e-02
1.825000e-05	4.986077e-03	2.389816e-01
1.826000e-05	-2.894434e-03	4.636868e-01
1.827000e-05	2.907211e-03	6.741845e-01
1.828000e-05	-4.182128e-03	9.442398e-01
1.829000e-05	-2.091059e-03	1.229428e+00
1.830000e-05	-5.620834e-03	1.443637e+00
1.831000e-05	2.606715e-03	1.779345e+00
1.832000e-05	2.834644e-02	1.955792e+00
1.833000e-05	8.112904e-02	2.198425e+00
1.834000e-05	-2.940145e-02	2.494016e+00
1.835000e-05	-4.947069e-02	2.830853e+00
1.836000e-05	-3.487020e-02	3.053609e+00
1.837000e-05	-2.470598e-02	3.252530e+00
1.838000e-05	-8.966640e-02	3.514214e+00
1.839000e-05	6.479367e-02	3.672111e+00
1.840000e-05	5.579133e-02	3.886289e+00
1.841000e-05	-1.500701e-01	4.167746e+00
1.842000e-05	1.863174e-01	4.410451e+00
1.843000e-05	-6.921915e-02	4.715187e+00
1.844000e-05	1.289341e-03	4.916665e+00
1.845000e-05	1.596710e-02	5.240028e+00
1.846000e-05	-8.231414e-02	5.504159e+00
1.847000e-05	4.361973e-02	5.675119e+00
1.848000e-05	-2.130494e-02	5.998271e+00
1.849000e-05	4.613029e-03	6.229849e+00
1.850000e-05	1.628337e-03	6.453004e+00
1.851000e-05	-3.734418e-02	6.696163e+00
1.852000e-05	3.208582e-02	6.925691e+00
1.853000e-05	-4.243061e-02	7.167193e+00
1.854000e-05	2.655330e-02	7.359377e+00
1.855000e-05	-3.815426e-02	7.652431e+00
1.856000e-05	-7.541057e-03	7.905996e+00
1.857000e-05	4.065514e-02	8.134638e+00
1.858000e-05	-5.255512e-02	8.316192e+00
1.859000e-05	1.683567e-02	8.485110e+00
1.860000e-05	-4.450693e-02	8.705537e+00
1.861000e-05	1.526973e-02	8.907163e+00
1.862000e-05	-1.113591e-02	9.124186e+00
1.863000e-05	-5.362994e-03	9.318620e+00
1.864000e-05	-9.636520e-03	9.495539e+00
1.865000e-05	-2.114378e-02	9.666563e+00
1.866000e-05	1.091449e-02	9.864036e+00
1.867000e-05	-2.983113e-02	1.006351e+01
1.868000e-05	-8.261706e-03	1.021138e+01
1.869000e-05	-2.832292e-02	1.045075e+01
1.870000e-05	1.620821e-04	1.058182e+01
1.871000e-05	-5.046176e-03	1.078870e+01
1.872000e-05	-1.244853e-02	1.090872e+01
1.873000e-05	-1.569157e-02	1.104613e+01
1.874000e-05	-1.916422e-02	1.123394e+01
1.875000e-05	-5.218560e-03	1.144235e+01
1.876000e-05	-2.035040e-02	1.161068e+01
1.877000e-05	-1.617376e-02	1.173859e+01
1.878000e-05	-2.469621e-02	1.189601e+01
1.879000e-05	-7.577439e-03	1.201185e+01
1.880000e-05	-1.133236e-02	1.210872e+01
1.881000e-05	-1.604927e-02	1.226538e+01
1.882000e-05	-2.353017e-02	1.236228e+01
1.883000e-05	-1.991437e-02	1.254017e+01
1.884000e-05	-1.282237e-02	1.265138e+01
1.885000e-05	-1.998064e-02	1.274917e+01
1.886000e-05	-2.282887e-02	1.282281e+01
1.887000e-05	-2.687239e-02	1.289964e+01
1.888000e-05	-1.800194e-02	1.304285e+01
1.889000e-05	-1.831507e-02	1.314746e+01
1.890000e-05	-2.064841e-02	1.325543e+01
1.891000e-05	-2.728631e-02	1.328769e+01
1.892000e-05	-2.483748e-02	1.336072e+01
1.893000e-05	-2.100076e-02	1.348238e+01
1.894000e-05	-2.412102e-02	1.352004e+01
1.895000e-05	-2.770610e-02	1.358227e+01
1.896000e-05	-3.264966e-02	1.361338e+01
1.897000e-05	-2.760121e-02	1.365757e+01
1.898000e-05	-2.651132e-02	1.372027e+01
1.899000e-05	-2.948738e-02	1.378285e+01
1.900000e-05	-3.410933e-02	1.384538e+01
1.901000e-05	-3.272476e-02	1.387589e+01
1.902000e-05	-2.932194e-02	1.385591e+01
1.903000e-05	-3.197686e-02	1.391008e+01
1.904000e-05	-3.717926e-02	1.394059e+01
1.905000e-05	-4.173843e-02	1.394859e+01
1.906000e-05	-3.906412e-02	1.399171e+01
1.907000e-05	-3.925317e-02	1.393172e+01
1.908000e-05	-4.046775e-02	1.397207e+01
1.909000e-05	-4.526622e-02	1.396019e+01
1.910000e-05	-4.642055e-02	1.390952e+01
1.911000e-05	-4.470309e-02	1.389804e+01
1.912000e-05	-4.714349e-02	1.388804e+01
1.913000e-05	-5.072272e-02	1.386636e+01
1.914000e-05	-5.584802e-02	1.383430e+01
1.915000e-05	-5.127573e-02	1.378175e+01
1.916000e-05	-5.079443e-02	1.375119e+01
1.917000e-05	-5.065340e-02	1.364751e+01
1.918000e-05	-5.446323e-02	1.360490e+01
1.919000e-05	-5.266310e-02	1.356077e+01
1.920000e-05	-4.934105e-02	1.348861e+01
1.921000e-05	-4.742220e-02	1.343596e+01
1.922000e-05	-4.659792e-02	1.337122e+01
1.923000e-05	-4.666985e-02	1.328864e+01
1.924000e-05	-4.242602e-02	1.324390e+01
1.925000e-05	-3.912524e-02	1.310966e+01
1.926000e-05	-3.679766e-02	1.302486e+01
1.927000e-05	-3.668077e-02	1.293017e+01
1.928000e-05	-3.610569e-02	1.280646e+01
1.929000e-05	-3.099001e-02	1.273967e+01
1.930000e-05	-3.001484e-02	1.265300e+01
1.931000e-05	-2.779885e-02	1.252922e+01
1.932000e-05	-2.877883e-02	1.244398e+01
1.933000e-05	-2.444799e-02	1.231811e+01
1.934000e-05	-2.469071e-02	1.214125e+01
1.935000e-05	-2.154422e-02	1.201445e+01
1.936000e-05	-2.380664e-02	1.185661e+01
1.937000e-05	-2.181918e-02	1.176027e+01
1.938000e-05	-2.094124e-02	1.160345e+01
1.939000e-05	-1.873893e-02	1.140340e+01
1.940000e-05	-1.996990e-02	1.126396e+01
1.941000e-05	-1.886320e-02	1.109661e+01
1.942000e-05	-1.729359e-02	1.094030e+01
1.943000e-05	-1.528190e-02	1.075442e+01
1.944000e-05	-1.541243e-02	1.064635e+01
1.945000e-05	-1.714967e-02	1.040501e+01
1.946000e-05	-1.593541e-02	1.023561e+01
1.947000e-05	-1.448314e-02	1.010714e+01
1.948000e-05	-1.282000e-02	9.887715e+00
1.949000e-05	-1.317258e-02	9.749159e+00
1.950000e-05	-1.380720e-02	9.518714e+00
1.951000e-05	-1.185241e-02	9.320191e+00
1.952000e-05	-1.176705e-02	9.121694e+00
1.953000e-05	-1.112369e-02	8.929340e+00
1.954000e-05	-1.282798e-02	8.717693e+00
1.955000e-05	-1.293634e-02	8.509741e+00
1.956000e-05	-1.209398e-02	8.338247e+00
1.957000e-05	-1.007319e-02	8.148617e+00
1.958000e-05	-1.140218e-02	7.889313e+00
1.959000e-05	-1.080554e-02	7.666207e+00
1.960000e-05	-1.013707e-02	7.424002e+00
1.961000e-05	-8.186992e-03	7.214372e+00
1.962000e-05	-7.433834e-03	6.930871e+00
1.963000e-05	-9.302633e-03	6.781372e+00
1.964000e-05	-1.018699e-02	6.538293e+00
1.965000e-05	-9.922141e-03	6.288184e+00
1.966000e-05	-9.006339e-03	6.067186e+00
1.967000e-05	-9.095812e-03	5.826075e+00
1.968000e-05	-9.967642e-03	5.600423e+00
1.969000e-05	-7.666846e-03	5.350371e+00
1.970000e-05	-5.950397e-03	5.036130e+00
1.971000e-05	-6.909536e-03	4.789921e+00
1.972000e-05	-5.504390e-03	4.548321e+00
1.973000e-05	-1.073815e-02	4.337843e+00
1.974000e-05	-6.368964e-03	4.044505e+00
1.975000e-05	-7.652896e-03	3.771402e+00
1.976000e-05	-7.492965e-03	3.561021e+00
1.977000e-05	-6.592956e-03	3.267161e+00
1.978000e-05	-8.506667e-03	3.083659e+00
1.979000e-05	-5.527791e-03	2.833105e+00
1.980000e-05	-6.047046e-03	2.509443e+00
1.981000e-05	-5.752217e-03	2.285733e+00
1.982000e-05	-6.409583e-03	2.024554e+00
1.983000e-05	-6.571281e-03	1.723551e+00
1.984000e-05	-5.658285e-03	1.527839e+00
1.985000e-05	-6.013797e-03	1.274253e+00
1.986000e-05	-6.772172e-03	9.604157e-01
1.987000e-05	-6.817830e-03	6.657627e-01
1.988000e-05	-5.522293e-03	4.016539e-01
1.989000e-05	-3.427013e-03	1.710472e-01
1.990000e-05	-1.491063e-03	-9.415944e-02
1.991000e-05	6.941593e-03	-3.151896e-01
1.992000e-05	-1.531965e-03	-5.553224e-01
1.993000e-05	7.056736e-04	-8.004529e-01
1.994000e-05	-3.310420e-03	-1.040508e+00
1.995000e-05	-3.972287e-05	-1.293138e+00
1.996000e-05	-4.228521e-03	-1.578368e+00
1.997000e-05	1.157804e-02	-1.808399e+00
1.998000e-05	7.487830e-02	-1.998926e+00
1.999000e-05	4.615921e-02	-2.312187e+00
2.000000e-05	-7.493949e-02	-2.714167e+00
2.001000e-05	-5.376750e-03	-3.007924e+00
2.002000e-05	-6.084652e-02	-3.242005e+00
2.003000e-05	-7.295707e-02	-3.378499e+00
2.004000e-05	1.105799e-01	-3.556716e+00
2.005000e-05	1.358938e-02	-3.723291e+00
2.006000e-05	-1.173678e-01	-4.084036e+00
2.007000e-05	1.929849e-01	-4.251084e+00
2.008000e-05	-1.657246e-01	-4.486619e+00
2.009000e-05	1.258251e-01	-4.831875e+00
2.010000e-05	-1.156041e-02	-5.020904e+00
2.011000e-05	-1.449140e-01	-5.350770e+00
2.012000e-05	1.250214e-01	-5.616322e+00
2.013000e-05	-8.500511e-02	-5.839402e+00
2.014000e-05	9.707175e-02	-6.054059e+00
2.015000e-05	-1.937721e-03	-6.304488e+00
2.016000e-05	-8.136143e-02	-6.568820e+00
2.017000e-05	1.251908e-01	-6.758248e+00
2.018000e-05	-1.087044e-01	-7.028882e+00
2.019000e-05	1.108745e-01	-7.266062e+00
2.020000e-05	-9.734486e-02	-7.463507e+00
2.021000e-05	2.290809e-02	-7.749673e+00
2.022000e-05	8.561851e-02	-8.019372e+00
2.023000e-05	-8.312259e-02	-8.219850e+00
2.024000e-05	1.017620e-01	-8.376797e+00
2.025000e-05	-1.250973e-01	-8.580271e+00
2.026000e-05	9.559393e-02	-8.810981e+00
2.027000e-05	-2.137681e-02	-9.011357e+00
2.028000e-05	3.088402e-02	-9.201375e+00
2.029000e-05	7.804092e-03	-9.350825e+00
2.030000e-05	-4.470100e-02	-9.602827e+00
2.031000e-05	8.068443e-02	-9.799847e+00
2.032000e-05	-5.090885e-02	-1.003132e+01
2.033000e-05	5.574235e-02	-1.013925e+01
2.034000e-05	-6.354987e-02	-1.038712e+01
2.035000e-05	5.117961e-02	-1.055822e+01
2.036000e-05	1.185254e-02	-1.067508e+01
2.037000e-05	2.055703e-02	-1.084496e+01
2.038000e-05	2.394783e-03	-1.099985e+01
2.039000e-05	-1.753615e-02	-1.117180e+01
2.040000e-05	3.871373e-02	-1.131912e+01
2.041000e-05	-5.617790e-03	-1.151867e+01
2.042000e-05	2.611085e-02	-1.170548e+01
2.043000e-05	-2.442972e-02	-1.181191e+01
2.044000e-05	3.078461e-02	-1.203230e+01
2.045000e-05	1.502735e-02	-1.212922e+01
2.046000e-05	2.890069e-02	-1.228441e+01
2.047000e-05	-4.967931e-03	-1.237018e+01
2.048000e-05	4.035758e-03	-1.249964e+01
2.049000e-05	1.858460e-02	-1.260385e+01
2.050000e-05	2.124482e-02	-1.272904e+01
2.051000e-05	1.292872e-02	-1.288506e+01
2.052000e-05	-8.786581e-04	-1.298070e+01
2.053000e-05	1.528843e-02	-1.304441e+01
2.054000e-05	2.634930e-02	-1.314965e+01
2.055000e-05	2.447929e-02	-1.324286e+01
2.056000e-05	8.044557e-03	-1.331912e+01
2.057000e-05	1.087830e-02	-1.345178e+01
2.058000e-05	2.167747e-02	-1.343643e+01
2.059000e-05	3.068315e-02	-1.354012e+01
2.060000e-05	1.599650e-02	-1.363230e+01
2.061000e-05	1.046677e-02	-1.368651e+01
2.062000e-05	1.424062e-02	-1.375974e+01
2.063000e-05	3.114262e-02	-1.378025e+01
2.064000e-05	2.837928e-02	-1.382338e+01
2.065000e-05	2.064391e-02	-1.384901e+01
2.066000e-05	1.734097e-02	-1.392724e+01
2.067000e-05	2.916436e-02	-1.397065e+01
2.068000e-05	3.573092e-02	-1.396180e+01
2.069000e-05	2.751442e-02	-1.396333e+01
2.070000e-05	2.154849e-02	-1.403488e+01
2.071000e-05	2.370761e-02	-1.403338e+01
2.072000e-05	3.804159e-02	-1.402498e+01
2.073000e-05	3.890280e-02	-1.406586e+01
2.074000e-05	3.411076e-02	-1.402588e+01
2.075000e-05	2.974526e-02	-1.402486e+01
2.076000e-05	3.877758e-02	-1.399380e+01
2.077000e-05	4.565075e-02	-1.397430e+01
2.078000e-05	4.237356e-02	-1.398065e+01
2.079000e-05	3.652998e-02	-1.396109e+01
2.080000e-05	3.795853e-02	-1.389901e+01
2.081000e-05	4.858952e-02	-1.385598e+01
2.082000e-05	4.961451e-02	-1.382395e+01
2.083000e-05	4.459616e-02	-1.375125e+01
2.084000e-05	3.853052e-02	-1.371914e+01
2.085000e-05	4.272810e-02	-1.364701e+01
2.086000e-05	4.745752e-02	-1.361287e+01
2.087000e-05	4.409074e-02	-1.353966e+01
2.088000e-05	3.507569e-02	-1.345643e+01
2.089000e-05	3.311595e-02	-1.333127e+01
2.090000e-05	3.622045e-02	-1.325806e+01
2.091000e-05	3.663314e-02	-1.319387e+01
2.092000e-05	2.937361e-02	-1.311769e+01
2.093000e-05	2.233285e-02	-1.302342e+01
2.094000e-05	2.410669e-02	-1.289970e+01
2.095000e-05	2.749924e-02	-1.283643e+01
2.096000e-05	2.526220e-02	-1.272169e+01
2.097000e-05	1.853764e-02	-1.260390e+01
2.098000e-05	1.557770e-02	-1.246915e+01
2.099000e-05	1.854265e-02	-1.235082e+01
2.100000e-05	1.920143e-02	-1.221490e+01
2.101000e-05	1.512247e-02	-1.211969e+01
2.102000e-05	9.621429e-03	-1.191284e+01
2.103000e-05	1.089062e-02	-1.185433e+01
2.104000e-05	1.373132e-02	-1.163503e+01
2.105000e-05	1.319390e-02	-1.150756e+01
2.106000e-05	8.048257e-03	-1.126654e+01
2.107000e-05	6.225692e-03	-1.109614e+01
2.108000e-05	8.289556e-03	-1.092987e+01
2.109000e-05	1.094950e-02	-1.084245e+01
2.110000e-05	7.033646e-03	-1.070611e+01
2.111000e-05	2.171877e-03	-1.048757e+01
2.112000e-05	2.803975e-03	-1.030019e+01
2.113000e-05	6.714416e-03	-1.012979e+01
2.114000e-05	8.718629e-03	-9.920794e+00
2.115000e-05	2.675181e-03	-9.782369e+00
2.116000e-05	9.803375e-04	-9.573402e+00
2.117000e-05	1.958131e-03	-9.412399e+00
2.118000e-05	4.637282e-03	-9.164427e+00
2.119000e-05	4.521410e-03	-8.974447e+00
2.120000e-05	1.028644e-03	-8.772956e+00
2.121000e-05	-2.418447e-04	-8.562402e+00
2.122000e-05	3.593345e-03	-8.381397e+00
2.123000e-05	2.367096e-03	-8.161427e+00
2.124000e-05	2.227263e-03	-7.990374e+00
2.125000e-05	-4.666787e-03	-7.760864e+00
2.126000e-05	-2.864324e-03	-7.478735e+00
2.127000e-05	-1.153011e-04	-7.265681e+00
2.128000e-05	2.481531e-03	-7.002985e+00
2.129000e-05	-9.456724e-05	-6.752951e+00
2.130000e-05	-2.479705e-04	-6.530872e+00
2.131000e-05	9.237825e-04	-6.350343e+00
2.132000e-05	-4.983870e-04	-6.107264e+00
2.133000e-05	-2.905676e-03	-5.856715e+00
2.134000e-05	-6.856644e-03	-5.655079e+00
2.135000e-05	-4.721502e-03	-5.401922e+00
2.136000e-05	-3.142260e-03	-5.128744e+00
2.137000e-05	1.853873e-03	-4.785074e+00
2.138000e-05	-2.164072e-03	-4.528321e+00
2.139000e-05	-7.936789e-04	-4.369448e+00
2.140000e-05	-3.494957e-03	-4.118289e+00
2.141000e-05	-1.620156e-03	-3.897214e+00
2.142000e-05	-6.979117e-03	-3.622076e+00
2.143000e-05	-6.873264e-03	-3.391995e+00
2.144000e-05	-7.474013e-03	-3.138893e+00
2.145000e-05	-2.602285e-03	-2.884183e+00
2.146000e-05	-2.008536e-03	-2.593002e+00
2.147000e-05	-1.927764e-03	-2.359497e+00
2.148000e-05	-4.608925e-03	-2.085210e+00
2.149000e-05	-3.405241e-03	-1.843131e+00
2.150000e-05	-5.026805e-03	-1.581627e+00
2.151000e-05	-6.945760e-03	-1.306838e+00
2.152000e-05	-7.864539e-03	-1.010626e+00
2.153000e-05	-7.742638e-03	-7.915234e-01
2.154000e-05	-3.921355e-03	-4.452881e-01
2.155000e-05	-2.634651e-03	-2.341826e-01
2.156000e-05	-1.354256e-03	2.839880e-02
2.157000e-05	5.823770e-03	2.425566e-01
2.158000e-05	-4.215391e-03	4.937643e-01
2.159000e-05	3.614036e-03	7.563408e-01
2.160000e-05	-5.069574e-03	9.662964e-01
2.161000e-05	-1.122244e-03	1.240055e+00
2.162000e-05	-5.409333e-03	1.484162e+00
2.163000e-05	5.328002e-03	1.767802e+00
2.164000e-05	3.193733e-02	1.998845e+00
2.165000e-05	8.165828e-02	2.241432e+00
2.166000e-05	-4.869210e-02	2.535792e+00
2.167000e-05	-3.957460e-02	2.830404e+00
2.168000e-05	-3.854801e-02	3.084141e+00
2.169000e-05	-2.483940e-02	3.273688e+00
2.170000e-05	-9.139386e-02	3.557217e+00
2.171000e-05	9.069901e-02	3.703636e+00
2.172000e-05	1.810646e-02	3.957296e+00
2.173000e-05	-1.236251e-01	4.189826e+00
2.174000e-05	1.889961e-01	4.451883e+00
2.175000e-05	-9.424078e-02	4.734663e+00
2.176000e-05	2.369809e-02	4.927790e+00
2.177000e-05	-5.568415e-03	5.293857e+00
2.178000e-05	-6.964683e-02	5.526638e+00
2.179000e-05	4.696898e-02	5.707243e+00
2.180000e-05	-2.864073e-02	6.020406e+00
2.181000e-05	1.285733e-02	6.241431e+00
2.182000e-05	-8.985942e-03	6.463002e+00
2.183000e-05	-2.843557e-02	6.747093e+00
2.184000e-05	2.665555e-02	6.948243e+00
2.185000e-05	-4.459440e-02	7.207874e+00
2.186000e-05	3.179458e-02	7.400252e+00
2.187000e-05	-4.840400e-02	7.645010e+00
2.188000e-05	9.953358e-03	7.915669e+00
2.189000e-05	2.585236e-02	8.178074e+00
2.190000e-05	-4.752995e-02	8.376770e+00
2.191000e-05	1.425294e-02	8.487665e+00
2.192000e-05	-4.306881e-02	8.705687e+00
2.193000e-05	1.810285e-02	8.896115e+00
2.194000e-05	-1.601913e-02	9.127090e+00
2.195000e-05	-3.388855e-04	9.306215e+00
2.196000e-05	-1.365774e-02	9.526064e+00
2.197000e-05	-1.619961e-02	9.697585e+00
2.198000e-05	6.607982e-03	9.945061e+00
2.199000e-05	-2.881109e-02	1.007609e+01
2.200000e-05	-8.258426e-03	1.028295e+01
2.201000e-05	-2.687101e-02	1.041436e+01
2.202000e-05	1.732602e-03	1.061235e+01
2.203000e-05	-6.114722e-03	1.078025e+01
2.204000e-05	-1.257610e-02	1.093975e+01
2.205000e-05	-1.690640e-02	1.108503e+01
2.206000e-05	-1.897712e-02	1.125496e+01
2.207000e-05	-6.424552e-03	1.143328e+01
2.208000e-05	-2.001005e-02	1.162078e+01
2.209000e-05	-1.662092e-02	1.174927e+01
2.210000e-05	-2.294349e-02	1.186849e+01
2.211000e-05	-7.265055e-03	1.201191e+01
2.212000e-05	-1.119751e-02	1.217982e+01
2.213000e-05	-1.723785e-02	1.230789e+01
2.214000e-05	-2.377117e-02	1.244398e+01
2.215000e-05	-2.069425e-02	1.252969e+01
2.216000e-05	-1.362101e-02	1.263188e+01
2.217000e-05	-2.006947e-02	1.274827e+01
2.218000e-05	-2.284212e-02	1.284341e+01
2.219000e-05	-2.516615e-02	1.291022e+01
2.220000e-05	-1.724924e-02	1.306590e+01
2.221000e-05	-1.657811e-02	1.313901e+01
2.222000e-05	-2.136454e-02	1.326391e+01
2.223000e-05	-2.663727e-02	1.331717e+01
2.224000e-05	-2.580174e-02	1.338030e+01
2.225000e-05	-2.064197e-02	1.347590e+01
2.226000e-05	-2.490200e-02	1.350957e+01
2.227000e-05	-2.892880e-02	1.358165e+01
2.228000e-05	-3.214566e-02	1.362543e+01
2.229000e-05	-2.763204e-02	1.370501e+01
2.230000e-05	-2.567172e-02	1.373962e+01
2.231000e-05	-2.989525e-02	1.382130e+01
2.232000e-05	-3.445600e-02	1.387385e+01
2.233000e-05	-3.323062e-02	1.387689e+01
2.234000e-05	-2.974117e-02	1.387693e+01
2.235000e-05	-3.270284e-02	1.389601e+01
2.236000e-05	-3.809094e-02	1.388959e+01
2.237000e-05	-4.286849e-02	1.395962e+01
2.238000e-05	-3.929442e-02	1.396217e+01
2.239000e-05	-3.712189e-02	1.400159e+01
2.240000e-05	-4.090410e-02	1.401022e+01
2.241000e-05	-4.622017e-02	1.396257e+01
2.242000e-05	-4.760752e-02	1.394919e+01
2.243000e-05	-4.378272e-02	1.388999e+01
2.244000e-05	-4.716141e-02	1.388546e+01
2.245000e-05	-5.126308e-02	1.384439e+01
2.246000e-05	-5.649983e-02	1.383385e+01
2.247000e-05	-5.171071e-02	1.378130e+01
2.248000e-05	-4.853951e-02	1.371967e+01
2.249000e-05	-5.021873e-02	1.365758e+01
2.250000e-05	-5.368127e-02	1.361543e+01
2.251000e-05	-5.374336e-02	1.357032e+01
2.252000e-05	-4.784609e-02	1.348807e+01
2.253000e-05	-4.719513e-02	1.343391e+01
2.254000e-05	-4.646882e-02	1.336179e+01
2.255000e-05	-4.743904e-02	1.328759e+01
2.256000e-05	-4.253724e-02	1.320333e+01
2.257000e-05	-3.890833e-02	1.311966e+01
2.258000e-05	-3.657525e-02	1.301533e+01
2.259000e-05	-3.708801e-02	1.297122e+01
2.260000e-05	-3.557368e-02	1.280696e+01
2.261000e-05	-2.830453e-02	1.271862e+01
2.262000e-05	-2.869353e-02	1.262593e+01
2.263000e-05	-2.844896e-02	1.250769e+01
2.264000e-05	-3.093388e-02	1.239242e+01
2.265000e-05	-2.462485e-02	1.227759e+01
2.266000e-05	-2.226114e-02	1.216167e+01
2.267000e-05	-2.176567e-02	1.201385e+01
2.268000e-05	-2.413902e-02	1.188504e+01
2.269000e-05	-2.275926e-02	1.174919e+01
2.270000e-05	-1.846351e-02	1.155125e+01
2.271000e-05	-1.726409e-02	1.138385e+01
2.272000e-05	-1.765005e-02	1.121503e+01
2.273000e-05	-2.047077e-02	1.107706e+01
2.274000e-05	-1.800662e-02	1.094024e+01
2.275000e-05	-1.586053e-02	1.076185e+01
2.276000e-05	-1.540970e-02	1.059331e+01
2.277000e-05	-1.747037e-02	1.042492e+01
2.278000e-05	-1.593905e-02	1.023498e+01
2.279000e-05	-1.314282e-02	1.010409e+01
2.280000e-05	-1.097707e-02	9.858110e+00
2.281000e-05	-1.267890e-02	9.677659e+00
2.282000e-05	-1.436959e-02	9.487589e+00
2.283000e-05	-1.316329e-02	9.307138e+00
2.284000e-05	-1.171733e-02	9.108686e+00
2.285000e-05	-1.138101e-02	8.928190e+00
2.286000e-05	-1.331702e-02	8.678164e+00
2.287000e-05	-1.222792e-02	8.486714e+00
2.288000e-05	-1.084972e-02	8.329764e+00
2.289000e-05	-8.443612e-03	8.148707e+00
2.290000e-05	-9.564104e-03	7.867085e+00
2.291000e-05	-1.117596e-02	7.626134e+00
2.292000e-05	-1.072905e-02	7.394404e+00
2.293000e-05	-9.067158e-03	7.189396e+00
2.294000e-05	-7.755466e-03	6.930396e+00
2.295000e-05	-1.047766e-02	6.750292e+00
2.296000e-05	-1.042590e-02	6.497261e+00
2.297000e-05	-8.881423e-03	6.235663e+00
2.298000e-05	-7.028603e-03	6.054609e+00
2.299000e-05	-7.886861e-03	5.824499e+00
2.300000e-05	-9.480389e-03	5.560419e+00
2.301000e-05	-8.645799e-03	5.319364e+00
2.302000e-05	-6.926269e-03	5.015598e+00
2.303000e-05	-6.913774e-03	4.739445e+00
2.304000e-05	-8.392223e-03	4.468313e+00
2.305000e-05	-8.637724e-03	4.319288e+00
2.306000e-05	-7.771379e-03	4.002503e+00
2.307000e-05	-6.814731e-03	3.770397e+00
2.308000e-05	-6.532552e-03	3.499345e+00
2.309000e-05	-7.580143e-03	3.285736e+00
2.310000e-05	-7.582368e-03	3.033579e+00
2.311000e-05	-5.706883e-03	2.791023e+00
2.312000e-05	-5.210561e-03	2.527615e+00
2.313000e-05	-5.754597e-03	2.223652e+00
2.314000e-05	-7.874553e-03	2.031551e+00
2.315000e-05	-7.348292e-03	1.790977e+00
2.316000e-05	-5.413744e-03	1.477238e+00
2.317000e-05	-4.745553e-03	1.224156e+00
2.318000e-05	-6.006430e-03	8.767668e-01
2.319000e-05	-5.743182e-03	6.571564e-01
2.320000e-05	-4.822132e-03	3.930748e-01
2.321000e-05	-3.659298e-03	1.494382e-01
2.322000e-05	-2.706625e-03	-1.047371e-01
2.323000e-05	6.423858e-03	-3.748436e-01
2.324000e-05	-4.290623e-03	-6.074452e-01
2.325000e-05	3.204801e-03	-8.215816e-01
2.326000e-05	-4.207032e-03	-1.071638e+00
2.327000e-05	1.901920e-03	-1.377165e+00
2.328000e-05	-4.197529e-03	-1.579449e+00
2.329000e-05	1.661552e-02	-1.797949e+00
2.330000e-05	8.468250e-02	-1.990425e+00
2.331000e-05	2.337742e-02	-2.364840e+00
2.332000e-05	-6.510203e-02	-2.795239e+00
2.333000e-05	-1.285687e-02	-3.109506e+00
2.334000e-05	-5.867802e-02	-3.232504e+00
2.335000e-05	-7.586741e-02	-3.422050e+00
2.336000e-05	1.429925e-01	-3.577293e+00
2.337000e-05	-3.980719e-02	-3.816874e+00
2.338000e-05	-6.866955e-02	-4.103184e+00
2.339000e-05	1.760298e-01	-4.273083e+00
2.340000e-05	-1.715451e-01	-4.567323e+00
2.341000e-05	1.518741e-01	-4.830479e+00
2.342000e-05	-5.522631e-02	-5.058974e+00
2.343000e-05	-1.146012e-01	-5.389301e+00
2.344000e-05	1.226758e-01	-5.608929e+00
2.345000e-05	-9.828750e-02	-5.860933e+00
2.346000e-05	1.258138e-01	-6.084660e+00
2.347000e-05	-4.257110e-02	-6.346066e+00
2.348000e-05	-4.317612e-02	-6.620900e+00
2.349000e-05	1.049772e-01	-6.788821e+00
2.350000e-05	-1.052972e-01	-7.051585e+00
2.351000e-05	1.199837e-01	-7.275563e+00
2.352000e-05	-1.266772e-01	-7.505587e+00
2.353000e-05	6.668353e-02	-7.838348e+00
2.354000e-05	4.730882e-02	-8.039903e+00
2.355000e-05	-5.757740e-02	-8.252980e+00
2.356000e-05	8.574770e-02	-8.398350e+00
2.357000e-05	-1.226563e-01	-8.620854e+00
2.358000e-05	1.107893e-01	-8.844584e+00
2.359000e-05	-4.336092e-02	-9.062979e+00
2.360000e-05	5.323893e-02	-9.230930e+00
2.361000e-05	-1.858292e-02	-9.381324e+00
2.362000e-05	-1.915993e-02	-9.672430e+00
2.363000e-05	6.537935e-02	-9.800804e+00
2.364000e-05	-4.415750e-02	-9.991352e+00
2.365000e-05	5.197223e-02	-1.017929e+01
2.366000e-05	-6.683645e-02	-1.043119e+01
2.367000e-05	6.263000e-02	-1.057827e+01
2.368000e-05	-1.935236e-03	-1.072619e+01
2.369000e-05	3.063226e-02	-1.086311e+01
2.370000e-05	-1.099472e-02	-1.095238e+01
2.371000e-05	-4.195221e-03	-1.121238e+01
2.372000e-05	3.091076e-02	-1.134819e+01
2.373000e-05	-1.195730e-03	-1.155765e+01
2.374000e-05	2.093912e-02	-1.168749e+01
2.375000e-05	-2.151902e-02	-1.190593e+01
2.376000e-05	3.313934e-02	-1.203490e+01
2.377000e-05	1.238860e-02	-1.218970e+01
2.378000e-05	2.794355e-02	-1.229596e+01
2.379000e-05	-8.958182e-03	-1.239177e+01
2.380000e-05	9.410030e-03	-1.251812e+01
2.381000e-05	1.680720e-02	-1.267438e+01
2.382000e-05	2.176594e-02	-1.276857e+01
2.383000e-05	9.159879e-03	-1.288804e+01
2.384000e-05	2.500656e-03	-1.297025e+01
2.385000e-05	1.648641e-02	-1.305453e+01
2.386000e-05	2.605815e-02	-1.316972e+01
2.387000e-05	2.184460e-02	-1.323343e+01
2.388000e-05	8.405264e-03	-1.331915e+01
2.389000e-05	1.183844e-02	-1.341535e+01
2.390000e-05	2.260792e-02	-1.350543e+01
2.391000e-05	2.885629e-02	-1.356960e+01
2.392000e-05	1.460924e-02	-1.363295e+01
2.393000e-05	1.199901e-02	-1.367662e+01
2.394000e-05	1.702203e-02	-1.373974e+01
2.395000e-05	3.165816e-02	-1.379088e+01
2.396000e-05	2.577461e-02	-1.386335e+01
2.397000e-05	2.054343e-02	-1.385706e+01
2.398000e-05	1.779017e-02	-1.390915e+01
2.399000e-05	3.009709e-02	-1.394009e+01
2.400000e-05	3.409527e-02	-1.400230e+01
2.401000e-05	2.671076e-02	-1.397330e+01
2.402000e-05	2.274401e-02	-1.400493e+01
2.403000e-05	2.644374e-02	-1.398395e+01
2.404000e-05	3.864307e-02	-1.400591e+01
2.405000e-05	3.760245e-02	-1.405698e+01
2.406000e-05	3.312055e-02	-1.401586e+01
2.407000e-05	3.065491e-02	-1.399436e+01
2.408000e-05	3.989623e-02	-1.399333e+01
2.409000e-05	4.488232e-02	-1.397335e+01
2.410000e-05	4.112834e-02	-1.394230e+01
2.411000e-05	3.690254e-02	-1.394070e+01
2.412000e-05	4.012518e-02	-1.389659e+01
2.413000e-05	4.934039e-02	-1.387643e+01
2.414000e-05	4.897327e-02	-1.377388e+01
2.415000e-05	4.268822e-02	-1.374073e+01
2.416000e-05	3.940700e-02	-1.371819e+01
2.417000e-05	4.411372e-02	-1.365753e+01
2.418000e-05	4.645772e-02	-1.360285e+01
2.419000e-05	4.152352e-02	-1.351913e+01
2.420000e-05	3.466212e-02	-1.342241e+01
2.421000e-05	3.430062e-02	-1.336074e+01
2.422000e-05	3.792423e-02	-1.325811e+01
2.423000e-05	3.555851e-02	-1.319435e+01
2.424000e-05	2.796048e-02	-1.311861e+01
2.425000e-05	2.276660e-02	-1.300290e+01
2.426000e-05	2.596705e-02	-1.290017e+01
2.427000e-05	2.682879e-02	-1.283445e+01
2.428000e-05	2.399799e-02	-1.270867e+01
2.429000e-05	1.699963e-02	-1.260238e+01
2.430000e-05	1.580764e-02	-1.244803e+01
2.431000e-05	1.874967e-02	-1.234022e+01
2.432000e-05	1.923574e-02	-1.223543e+01
2.433000e-05	1.382035e-02	-1.208767e+01
2.434000e-05	1.002480e-02	-1.192915e+01
2.435000e-05	1.148111e-02	-1.175325e+01
2.436000e-05	1.370666e-02	-1.159553e+01
2.437000e-05	1.203487e-02	-1.150753e+01
2.438000e-05	7.123278e-03	-1.127653e+01
2.439000e-05	6.002415e-03	-1.108969e+01
2.440000e-05	8.420615e-03	-1.094930e+01
2.441000e-05	9.656752e-03	-1.079345e+01
2.442000e-05	6.629930e-03	-1.060600e+01
2.443000e-05	3.388535e-03	-1.048761e+01
2.444000e-05	4.200978e-03	-1.028714e+01
2.445000e-05	7.415892e-03	-1.009864e+01
2.446000e-05	6.644898e-03	-9.919141e+00
2.447000e-05	2.881613e-03	-9.730346e+00
2.448000e-05	1.218224e-03	-9.541724e+00
2.449000e-05	2.954535e-03	-9.342373e+00
2.450000e-05	4.627614e-03	-9.172829e+00
2.451000e-05	2.819710e-03	-8.971874e+00
2.452000e-05	-2.088829e-04	-8.803456e+00
2.453000e-05	4.841911e-04	-8.530296e+00
2.454000e-05	2.794063e-03	-8.350347e+00
2.455000e-05	2.419320e-03	-8.161920e+00
2.456000e-05	-9.596020e-05	-7.971819e+00
2.457000e-05	-2.139894e-03	-7.720763e+00
2.458000e-05	-7.104284e-04	-7.454636e+00
2.459000e-05	2.172956e-03	-7.263608e+00
2.460000e-05	-2.180829e-04	-6.984052e+00
2.461000e-05	-1.468027e-03	-6.760874e+00
2.462000e-05	-2.248390e-03	-6.538342e+00
2.463000e-05	1.078540e-03	-6.289813e+00
2.464000e-05	-8.896577e-04	-6.085712e+00
2.465000e-05	-1.152441e-03	-5.855505e+00
2.466000e-05	-5.119142e-03	-5.621973e+00
2.467000e-05	-2.806994e-03	-5.369923e+00
2.468000e-05	-2.004202e-03	-5.087730e+00
2.469000e-05	-1.184158e-03	-4.752998e+00
2.470000e-05	-5.118100e-03	-4.557339e+00
2.471000e-05	-2.369907e-03	-4.329244e+00
2.472000e-05	-3.432664e-03	-4.065209e+00
2.473000e-05	-7.278579e-04	-3.865106e+00
2.474000e-05	-3.175728e-03	-3.571999e+00
2.475000e-05	-6.036275e-03	-3.358319e+00
2.476000e-05	-5.580835e-03	-3.128310e+00
2.477000e-05	-4.818915e-03	-2.813157e+00
2.478000e-05	-4.650694e-03	-2.580922e+00
2.479000e-05	-5.604015e-03	-2.338393e+00
2.480000e-05	-4.046727e-03	-2.065640e+00
2.481000e-05	-2.797961e-03	-1.801579e+00
2.482000e-05	-1.235192e-03	-1.600450e+00
2.483000e-05	-4.510940e-03	-1.274689e+00
2.484000e-05	-6.763066e-03	-9.905985e-01
2.485000e-05	-8.377298e-03	-7.594233e-01
2.486000e-05	-5.414571e-03	-4.842602e-01
2.487000e-05	-5.812743e-03	-2.342316e-01
2.488000e-05	-2.320804e-03	2.152788e-02
2.489000e-05	7.020300e-03	3.136370e-01
2.490000e-05	-3.042351e-03	5.147645e-01
2.491000e-05	7.481450e-03	7.458424e-01
2.492000e-05	-6.291506e-03	9.883764e-01
2.493000e-05	-1.714629e-03	1.222033e+00
2.494000e-05	-6.183570e-03	1.546250e+00
2.495000e-05	6.141024e-03	1.811351e+00
2.496000e-05	3.499837e-02	2.017875e+00
2.497000e-05	7.987046e-02	2.263582e+00
2.498000e-05	-6.322172e-02	2.575794e+00
2.499000e-05	-2.949809e-02	2.882508e+00
2.500000e-05	-4.076253e-02	3.135239e+00
2.501000e-05	-2.660589e-02	3.297191e+00
2.502000e-05	-8.863725e-02	3.567797e+00
2.503000e-05	1.111839e-01	3.695191e+00
2.504000e-05	-2.439781e-02	3.987300e+00
2.505000e-05	-8.635784e-02	4.200450e+00
2.506000e-05	1.798168e-01	4.472559e+00
2.507000e-05	-1.079938e-01	4.746268e+00
2.508000e-05	4.362734e-02	4.926147e+00
2.509000e-05	-2.720018e-02	5.296138e+00
2.510000e-05	-5.772420e-02	5.524766e+00
2.511000e-05	4.479478e-02	5.758346e+00
2.512000e-05	-3.038418e-02	6.043004e+00
2.513000e-05	2.282355e-02	6.253034e+00
2.514000e-05	-2.096217e-02	6.475085e+00
2.515000e-05	-2.055988e-02	6.767767e+00
2.516000e-05	2.027265e-02	6.967249e+00
2.517000e-05	-3.907288e-02	7.181344e+00
2.518000e-05	3.303040e-02	7.382401e+00
2.519000e-05	-5.924481e-02	7.676618e+00
2.520000e-05	2.558660e-02	7.959719e+00
2.521000e-05	1.157726e-02	8.210300e+00
2.522000e-05	-3.735912e-02	8.347770e+00
2.523000e-05	7.152493e-03	8.548296e+00
2.524000e-05	-4.095054e-02	8.767641e+00
2.525000e-05	1.911034e-02	8.898140e+00
2.526000e-05	-1.729409e-02	9.168169e+00
2.527000e-05	2.681059e-03	9.356721e+00
2.528000e-05	-1.889138e-02	9.538739e+00
2.529000e-05	-1.056208e-02	9.716589e+00
2.530000e-05	3.737962e-03	9.956558e+00
2.531000e-05	-2.610011e-02	1.006714e+01
2.532000e-05	-1.000103e-02	1.028399e+01
2.533000e-05	-2.734859e-02	1.046446e+01
2.534000e-05	3.331264e-03	1.062183e+01
2.535000e-05	-6.210466e-03	1.082228e+01
2.536000e-05	-1.207095e-02	1.095975e+01
2.537000e-05	-1.888315e-02	1.114761e+01
2.538000e-05	-1.742160e-02	1.128596e+01
2.539000e-05	-6.364059e-03	1.145488e+01
2.540000e-05	-1.822365e-02	1.164330e+01
2.541000e-05	-1.773049e-02	1.176075e+01
2.542000e-05	-2.290809e-02	1.192856e+01
2.543000e-05	-7.833590e-03	1.204453e+01
2.544000e-05	-1.004416e-02	1.215019e+01
2.545000e-05	-1.768868e-02	1.231697e+01
2.546000e-05	-2.391684e-02	1.242588e+01
2.547000e-05	-2.063737e-02	1.255922e+01
2.548000e-05	-1.313445e-02	1.262401e+01
2.549000e-05	-1.982081e-02	1.274027e+01
2.550000e-05	-2.355124e-02	1.286446e+01
2.551000e-05	-2.564198e-02	1.297123e+01
2.552000e-05	-1.771155e-02	1.304493e+01
2.553000e-05	-1.646550e-02	1.317005e+01
2.554000e-05	-2.308479e-02	1.328551e+01
2.555000e-05	-2.688484e-02	1.332962e+01
2.556000e-05	-2.578816e-02	1.338090e+01
2.557000e-05	-2.069257e-02	1.350445e+01
2.558000e-05	-2.440462e-02	1.352716e+01
2.559000e-05	-2.982282e-02	1.358283e+01
2.560000e-05	-3.249977e-02	1.362593e+01
2.561000e-05	-2.860376e-02	1.366851e+01
2.562000e-05	-2.490689e-02	1.376115e+01
2.563000e-05	-3.135353e-02	1.381325e+01
2.564000e-05	-3.399002e-02	1.386590e+01
2.565000e-05	-3.422955e-02	1.382448e+01
2.566000e-05	-2.900935e-02	1.386751e+01
2.567000e-05	-3.310746e-02	1.394852e+01
2.568000e-05	-3.862636e-02	1.395014e+01
2.569000e-05	-4.316278e-02	1.395272e+01
2.570000e-05	-4.003172e-02	1.400070e+01
2.571000e-05	-3.783746e-02	1.397155e+01
2.572000e-05	-4.124784e-02	1.397009e+01
2.573000e-05	-4.536109e-02	1.391056e+01
2.574000e-05	-4.666794e-02	1.396855e+01
2.575000e-05	-4.355589e-02	1.388854e+01
2.576000e-05	-4.696201e-02	1.390893e+01
2.577000e-05	-5.183927e-02	1.383598e+01
2.578000e-05	-5.652729e-02	1.380438e+01
2.579000e-05	-5.222848e-02	1.380172e+01
2.580000e-05	-4.976905e-02	1.368974e+01
2.581000e-05	-5.126899e-02	1.366849e+01
2.582000e-05	-5.438712e-02	1.359283e+01
2.583000e-05	-5.284104e-02	1.358325e+01
2.584000e-05	-4.755072e-02	1.349951e+01
2.585000e-05	-4.607847e-02	1.342485e+01
2.586000e-05	-4.615125e-02	1.337020e+01
2.587000e-05	-4.683742e-02	1.328763e+01
2.588000e-05	-4.251156e-02	1.321345e+01
2.589000e-05	-3.843610e-02	1.310014e+01
2.590000e-05	-3.613077e-02	1.300538e+01
2.591000e-05	-3.582919e-02	1.292921e+01
2.592000e-05	-3.613344e-02	1.279490e+01
2.593000e-05	-2.835095e-02	1.276971e+01
2.594000e-05	-2.858828e-02	1.259233e+01
2.595000e-05	-2.728245e-02	1.250764e+01
2.596000e-05	-3.069576e-02	1.238442e+01
2.597000e-05	-2.574919e-02	1.227808e+01
2.598000e-05	-2.331550e-02	1.215772e+01
2.599000e-05	-2.149868e-02	1.198440e+01
2.600000e-05	-2.235613e-02	1.181561e+01
2.601000e-05	-2.297758e-02	1.174024e+01
2.602000e-05	-1.975419e-02	1.153277e+01
2.603000e-05	-1.774068e-02	1.133132e+01
2.604000e-05	-1.680304e-02	1.122445e+01
2.605000e-05	-1.991423e-02	1.103648e+01
2.606000e-05	-1.762180e-02	1.091972e+01
2.607000e-05	-1.590511e-02	1.074132e+01
2.608000e-05	-1.370629e-02	1.058280e+01
2.609000e-05	-1.726188e-02	1.036485e+01
2.610000e-05	-1.600213e-02	1.025348e+01
2.611000e-05	-1.487478e-02	1.005606e+01
2.612000e-05	-1.214048e-02	9.836135e+00
2.613000e-05	-1.293176e-02	9.634580e+00
2.614000e-05	-1.313854e-02	9.455583e+00
2.615000e-05	-1.297367e-02	9.277211e+00
2.616000e-05	-1.133062e-02	9.087719e+00
2.617000e-05	-1.067857e-02	8.866657e+00
2.618000e-05	-1.225665e-02	8.668710e+00
2.619000e-05	-1.248008e-02	8.498760e+00
2.620000e-05	-1.187347e-02	8.278242e+00
2.621000e-05	-9.413969e-03	8.047636e+00
2.622000e-05	-9.808200e-03	7.865580e+00
2.623000e-05	-1.049566e-02	7.616602e+00
2.624000e-05	-1.092733e-02	7.421945e+00
2.625000e-05	-9.543296e-03	7.121242e+00
2.626000e-05	-7.579506e-03	6.930340e+00
2.627000e-05	-9.480476e-03	6.699738e+00
2.628000e-05	-1.155059e-02	6.476134e+00
2.629000e-05	-1.074945e-02	6.225580e+00
2.630000e-05	-6.910412e-03	6.034031e+00
2.631000e-05	-7.442369e-03	5.803972e+00
2.632000e-05	-9.606063e-03	5.519347e+00
2.633000e-05	-1.042596e-02	5.316738e+00
2.634000e-05	-7.551109e-03	5.002476e+00
2.635000e-05	-5.692667e-03	4.728818e+00
2.636000e-05	-7.678734e-03	4.486234e+00
2.637000e-05	-8.460480e-03	4.236784e+00
2.638000e-05	-8.579353e-03	3.950977e+00
2.639000e-05	-6.673457e-03	3.728293e+00
2.640000e-05	-6.238677e-03	3.508840e+00
2.641000e-05	-8.033020e-03	3.223656e+00
2.642000e-05	-8.494718e-03	3.011026e+00
2.643000e-05	-6.414099e-03	2.789922e+00
2.644000e-05	-4.602808e-03	2.467808e+00
2.645000e-05	-5.288975e-03	2.203133e+00
2.646000e-05	-7.423779e-03	1.990998e+00
2.647000e-05	-7.426976e-03	1.769396e+00
2.648000e-05	-6.581959e-03	1.444207e+00
2.649000e-05	-4.570820e-03	1.181976e+00
2.650000e-05	-5.361344e-03	9.062867e-01
2.651000e-05	-6.015098e-03	6.336561e-01
2.652000e-05	-4.960654e-03	4.010736e-01
2.653000e-05	-3.112220e-03	1.068156e-01
2.654000e-05	-1.624970e-03	-1.168161e-01
2.655000e-05	7.733423e-03	-3.868211e-01
2.656000e-05	-5.398140e-03	-5.300276e-01
2.657000e-05	3.458448e-03	-8.611330e-01
2.658000e-05	-4.949624e-03	-1.052634e+00
2.659000e-05	2.141055e-03	-1.396724e+00
2.660000e-05	-4.825154e-03	-1.590378e+00
2.661000e-05	2.020908e-02	-1.820504e+00
2.662000e-05	9.145283e-02	-2.011004e+00
2.663000e-05	-1.008672e-03	-2.399403e+00
2.664000e-05	-5.226420e-02	-2.767794e+00
2.665000e-05	-2.057099e-02	-3.054036e+00
2.666000e-05	-5.457934e-02	-3.242584e+00
2.667000e-05	-7.518467e-02	-3.440980e+00
2.668000e-05	1.685292e-01	-3.589345e+00
2.669000e-05	-9.548767e-02	-3.838979e+00
2.670000e-05	-1.265638e-02	-4.115717e+00
2.671000e-05	1.426720e-01	-4.293113e+00
2.672000e-05	-1.581862e-01	-4.607747e+00
2.673000e-05	1.674033e-01	-4.822033e+00
2.674000e-05	-9.546038e-02	-5.083461e+00
2.675000e-05	-7.979435e-02	-5.419906e+00
2.676000e-05	1.095137e-01	-5.620454e+00
2.677000e-05	-1.015746e-01	-5.874085e+00
2.678000e-05	1.468003e-01	-6.137092e+00
2.679000e-05	-8.063606e-02	-6.346742e+00
2.680000e-05	-1.730155e-03	-6.631406e+00
2.681000e-05	7.836463e-02	-6.791878e+00
2.682000e-05	-9.125624e-02	-7.101961e+00
2.683000e-05	1.170241e-01	-7.305189e+00
2.684000e-05	-1.480843e-01	-7.508194e+00
2.685000e-05	1.041604e-01	-7.781906e+00
2.686000e-05	8.697188e-03	-8.052406e+00
2.687000e-05	-2.345517e-02	-8.262982e+00
2.688000e-05	6.054064e-02	-8.402429e+00
2.689000e-05	-1.092008e-01	-8.660936e+00
2.690000e-05	1.164196e-01	-8.884586e+00
2.691000e-05	-5.940004e-02	-9.032456e+00
2.692000e-05	7.030702e-02	-9.243034e+00
2.693000e-05	-4.631433e-02	-9.422904e+00
2.694000e-05	7.942515e-03	-9.664007e+00
2.695000e-05	4.659607e-02	-9.822381e+00
2.696000e-05	-3.104567e-02	-1.000040e+01
2.697000e-05	4.338473e-02	-1.018222e+01
2.698000e-05	-6.407218e-02	-1.039215e+01
2.699000e-05	6.966926e-02	-1.054975e+01
2.700000e-05	-1.135384e-02	-1.073816e+01
2.701000e-05	3.824575e-02	-1.090701e+01
2.702000e-05	-2.358889e-02	-1.099330e+01
2.703000e-05	9.347061e-03	-1.122983e+01
2.704000e-05	2.213818e-02	-1.139120e+01
2.705000e-05	5.529456e-03	-1.158117e+01
2.706000e-05	1.367530e-02	-1.166809e+01
2.707000e-05	-1.708452e-02	-1.184640e+01
2.708000e-05	3.470571e-02	-1.202390e+01
2.709000e-05	1.337583e-02	-1.218030e+01
2.710000e-05	2.743484e-02	-1.231651e+01
2.711000e-05	-1.273133e-02	-1.242337e+01
2.712000e-05	1.337066e-02	-1.251219e+01
2.713000e-05	1.497211e-02	-1.265391e+01
2.714000e-05	2.436092e-02	-1.276862e+01
2.715000e-05	4.751376e-03	-1.288796e+01
2.716000e-05	4.484280e-03	-1.296085e+01
2.717000e-05	1.762970e-02	-1.304396e+01
2.718000e-05	2.896397e-02	-1.318122e+01
2.719000e-05	1.935674e-02	-1.324583e+01
2.720000e-05	8.299072e-03	-1.330012e+01
2.721000e-05	1.155185e-02	-1.341378e+01
2.722000e-05	2.357526e-02	-1.350646e+01
2.723000e-05	2.805764e-02	-1.355057e+01
2.724000e-05	1.387550e-02	-1.362488e+01
2.725000e-05	1.343722e-02	-1.367757e+01
2.726000e-05	1.797210e-02	-1.373129e+01
2.727000e-05	3.338253e-02	-1.377233e+01
2.728000e-05	2.532402e-02	-1.381496e+01
2.729000e-05	2.053890e-02	-1.390696e+01
2.730000e-05	1.716999e-02	-1.392902e+01
2.731000e-05	3.066644e-02	-1.396272e+01
2.732000e-05	3.141629e-02	-1.396330e+01
2.733000e-05	2.766004e-02	-1.401226e+01
2.734000e-05	1.975417e-02	-1.400438e+01
2.735000e-05	3.071474e-02	-1.401341e+01
2.736000e-05	4.019673e-02	-1.401596e+01
2.737000e-05	3.838569e-02	-1.403699e+01
2.738000e-05	3.309418e-02	-1.404593e+01
2.739000e-05	2.823183e-02	-1.399486e+01
2.740000e-05	4.089638e-02	-1.401340e+01
2.741000e-05	4.266687e-02	-1.399281e+01
2.742000e-05	4.082958e-02	-1.395072e+01
2.743000e-05	3.693785e-02	-1.391071e+01
2.744000e-05	4.350790e-02	-1.386804e+01
2.745000e-05	5.175991e-02	-1.382548e+01
2.746000e-05	4.979400e-02	-1.378438e+01
2.747000e-05	4.124963e-02	-1.376135e+01
2.748000e-05	3.807144e-02	-1.371811e+01
2.749000e-05	4.203319e-02	-1.366591e+01
2.750000e-05	4.694605e-02	-1.356332e+01
2.751000e-05	4.171851e-02	-1.349749e+01
2.752000e-05	3.537539e-02	-1.340383e+01
2.753000e-05	3.466012e-02	-1.333172e+01
2.754000e-05	3.802631e-02	-1.325759e+01
2.755000e-05	3.524933e-02	-1.315237e+01
2.756000e-05	2.688308e-02	-1.309904e+01
2.757000e-05	2.191485e-02	-1.301335e+01
2.758000e-05	2.455980e-02	-1.289819e+01
2.759000e-05	2.683206e-02	-1.280348e+01
2.760000e-05	2.276642e-02	-1.271969e+01
2.761000e-05	1.690836e-02	-1.261187e+01
2.762000e-05	1.614650e-02	-1.246653e+01
2.763000e-05	1.878045e-02	-1.235817e+01
2.764000e-05	1.878979e-02	-1.220435e+01
2.765000e-05	1.300254e-02	-1.206708e+01
2.766000e-05	9.017129e-03	-1.190019e+01
2.767000e-05	1.164792e-02	-1.180372e+01
2.768000e-05	1.464439e-02	-1.161603e+01
2.769000e-05	1.204909e-02	-1.142601e+01
2.770000e-05	6.286921e-03	-1.126456e+01
2.771000e-05	6.305530e-03	-1.102808e+01
2.772000e-05	9.042313e-03	-1.096877e+01
2.773000e-05	9.750763e-03	-1.074290e+01
2.774000e-05	5.286512e-03	-1.060451e+01
2.775000e-05	2.917121e-03	-1.045811e+01
2.776000e-05	4.660485e-03	-1.024451e+01
2.777000e-05	8.168073e-03	-1.007666e+01
2.778000e-05	6.296013e-03	-9.897670e+00
2.779000e-05	2.141653e-03	-9.740269e+00
2.780000e-05	9.483971e-04	-9.510794e+00
2.781000e-05	3.644241e-03	-9.350693e+00
2.782000e-05	5.351340e-03	-9.130292e+00
2.783000e-05	1.849341e-03	-8.931349e+00
2.784000e-05	-1.420641e-03	-8.761847e+00
2.785000e-05	1.311049e-03	-8.520367e+00
2.786000e-05	2.053381e-03	-8.359242e+00
2.787000e-05	3.631316e-03	-8.130267e+00
2.788000e-05	-2.925342e-03	-7.921295e+00
2.789000e-05	9.289862e-04	-7.667635e+00
2.790000e-05	8.064868e-04	-7.435603e+00
2.791000e-05	2.307263e-03	-7.233053e+00
2.792000e-05	-5.207538e-04	-6.982424e+00
2.793000e-05	-6.307616e-03	-6.718794e+00
2.794000e-05	-2.582639e-03	-6.528265e+00
2.795000e-05	-5.877731e-04	-6.288239e+00
2.796000e-05	-1.685820e-03	-6.025560e+00
2.797000e-05	-2.477260e-04	-5.813501e+00
2.798000e-05	-3.913570e-03	-5.571996e+00
2.799000e-05	1.643169e-03	-5.279770e+00
2.800000e-05	-1.471531e-03	-5.025601e+00
2.801000e-05	-2.123656e-03	-4.709395e+00
2.802000e-05	-7.407314e-03	-4.517742e+00
2.803000e-05	-4.643293e-03	-4.327862e+00
2.804000e-05	-3.735405e-03	-4.065234e+00
2.805000e-05	-1.658348e-03	-3.853729e+00
2.806000e-05	-4.036642e-03	-3.588447e+00
2.807000e-05	-2.932263e-03	-3.327864e+00
2.808000e-05	-4.318072e-03	-3.086284e+00
2.809000e-05	-2.077118e-03	-2.781497e+00
2.810000e-05	-5.093925e-03	-2.549822e+00
2.811000e-05	-6.657650e-03	-2.308414e+00
2.812000e-05	-6.227356e-03	-2.032654e+00
2.813000e-05	-3.760072e-03	-1.800000e+00
2.814000e-05	-3.763498e-03	-1.578892e+00
2.815000e-05	-5.857820e-03	-1.213231e+00
2.816000e-05	-5.391939e-03	-9.584459e-01
2.817000e-05	-6.150731e-03	-7.388417e-01
2.818000e-05	-3.333532e-03	-4.316037e-01
2.819000e-05	-6.126750e-03	-2.100736e-01
2.820000e-05	-2.575897e-03	-9.499319e-03
2.821000e-05	5.494266e-03	3.357397e-01
2.822000e-05	-4.571992e-03	5.458186e-01
2.823000e-05	4.419120e-03	7.373735e-01
2.824000e-05	-7.061316e-03	1.018575e+00
2.825000e-05	4.759865e-04	1.273733e+00
2.826000e-05	-5.716102e-03	1.566416e+00
2.827000e-05	1.047677e-02	1.809979e+00
2.828000e-05	3.898030e-02	2.020951e+00
2.829000e-05	7.376696e-02	2.324637e+00
2.830000e-05	-7.569670e-02	2.639976e+00
2.831000e-05	-2.246286e-02	2.885685e+00
2.832000e-05	-4.312535e-02	3.136293e+00
2.833000e-05	-3.093382e-02	3.326893e+00
2.834000e-05	-7.886017e-02	3.537796e+00
2.835000e-05	1.283374e-01	3.785716e+00
2.836000e-05	-6.620735e-02	3.989374e+00
2.837000e-05	-4.289643e-02	4.261478e+00
2.838000e-05	1.566914e-01	4.494992e+00
2.839000e-05	-1.120391e-01	4.789796e+00
2.840000e-05	5.899685e-02	4.959876e+00
2.841000e-05	-4.708440e-02	5.326240e+00
2.842000e-05	-3.992315e-02	5.607317e+00
2.843000e-05	3.882656e-02	5.820324e+00
2.844000e-05	-3.375777e-02	6.043485e+00
2.845000e-05	2.734314e-02	6.293959e+00
2.846000e-05	-2.952255e-02	6.556687e+00
2.847000e-05	-9.247422e-03	6.779296e+00
2.848000e-05	1.190219e-02	6.989323e+00
2.849000e-05	-3.319692e-02	7.231956e+00
2.850000e-05	3.100120e-02	7.442004e+00
2.851000e-05	-6.323667e-02	7.746142e+00
2.852000e-05	3.966882e-02	7.937671e+00
2.853000e-05	-4.951682e-03	8.221922e+00
2.854000e-05	-2.751995e-02	8.390300e+00
2.855000e-05	6.893457e-04	8.568294e+00
2.856000e-05	-3.363347e-02	8.738747e+00
2.857000e-05	1.924603e-02	8.927722e+00
2.858000e-05	-1.880107e-02	9.199719e+00
2.859000e-05	4.712373e-03	9.387241e+00
2.860000e-05	-2.352078e-02	9.548720e+00
2.861000e-05	-5.815592e-03	9.698789e+00
2.862000e-05	-3.394036e-03	9.958588e+00
2.863000e-05	-2.440533e-02	1.010614e+01
2.864000e-05	-1.316035e-02	1.032609e+01
2.865000e-05	-2.226338e-02	1.046596e+01
2.866000e-05	4.505473e-03	1.067388e+01
2.867000e-05	-6.067576e-03	1.085033e+01
2.868000e-05	-1.277088e-02	1.095979e+01
2.869000e-05	-2.037706e-02	1.114917e+01
2.870000e-05	-1.531709e-02	1.129756e+01
2.871000e-05	-9.508749e-03	1.147345e+01
2.872000e-05	-1.872239e-02	1.165475e+01
2.873000e-05	-1.988453e-02	1.179127e+01
2.874000e-05	-1.942135e-02	1.192971e+01
2.875000e-05	-6.549315e-03	1.205298e+01
2.876000e-05	-9.451322e-03	1.217179e+01
2.877000e-05	-1.836435e-02	1.231699e+01
2.878000e-05	-2.313392e-02	1.245496e+01
2.879000e-05	-1.948375e-02	1.256022e+01
2.880000e-05	-1.435336e-02	1.270443e+01
2.881000e-05	-2.115388e-02	1.274175e+01
2.882000e-05	-2.534509e-02	1.285591e+01
2.883000e-05	-2.431149e-02	1.294975e+01
2.884000e-05	-1.767010e-02	1.301595e+01
2.885000e-05	-1.566501e-02	1.316914e+01
2.886000e-05	-2.386545e-02	1.325606e+01
2.887000e-05	-2.575938e-02	1.330975e+01
2.888000e-05	-2.519626e-02	1.338185e+01
2.889000e-05	-2.058335e-02	1.349485e+01
2.890000e-05	-2.603309e-02	1.351964e+01
2.891000e-05	-3.117824e-02	1.358377e+01
2.892000e-05	-3.261380e-02	1.363586e+01
2.893000e-05	-2.772465e-02	1.368761e+01
2.894000e-05	-2.506723e-02	1.376122e+01
2.895000e-05	-3.189312e-02	1.378383e+01
2.896000e-05	-3.322142e-02	1.380338e+01
2.897000e-05	-3.348391e-02	1.388743e+01
2.898000e-05	-2.804476e-02	1.388744e+01
2.899000e-05	-3.409717e-02	1.394901e+01
2.900000e-05	-3.994469e-02	1.395161e+01
2.901000e-05	-4.335012e-02	1.395307e+01
2.902000e-05	-3.963595e-02	1.395065e+01
2.903000e-05	-3.859158e-02	1.393107e+01
2.904000e-05	-4.296545e-02	1.399277e+01
2.905000e-05	-4.489047e-02	1.397068e+01
2.906000e-05	-4.697365e-02	1.390861e+01
2.907000e-05	-4.339089e-02	1.391896e+01
2.908000e-05	-4.797742e-02	1.385691e+01
2.909000e-05	-5.182731e-02	1.381736e+01
2.910000e-05	-5.568126e-02	1.378380e+01
2.911000e-05	-5.256258e-02	1.372325e+01
2.912000e-05	-5.065315e-02	1.369959e+01
2.913000e-05	-5.268934e-02	1.364658e+01
2.914000e-05	-5.284241e-02	1.357583e+01
2.915000e-05	-5.146565e-02	1.354265e+01
2.916000e-05	-4.745319e-02	1.349856e+01
2.917000e-05	-4.795283e-02	1.340343e+01
2.918000e-05	-4.624247e-02	1.335077e+01
2.919000e-05	-4.513380e-02	1.325813e+01
2.920000e-05	-4.059528e-02	1.318342e+01
2.921000e-05	-3.920759e-02	1.309856e+01
2.922000e-05	-3.803232e-02	1.299330e+01
2.923000e-05	-3.562705e-02	1.291721e+01
2.924000e-05	-3.396208e-02	1.280322e+01
2.925000e-05	-2.833290e-02	1.271819e+01
2.926000e-05	-3.000793e-02	1.259380e+01
2.927000e-05	-2.812714e-02	1.251766e+01
2.928000e-05	-2.823691e-02	1.238134e+01
2.929000e-05	-2.402703e-02	1.223496e+01
2.930000e-05	-2.314349e-02	1.207919e+01
2.931000e-05	-2.389717e-02	1.197232e+01
2.932000e-05	-2.196082e-02	1.185598e+01
2.933000e-05	-2.171068e-02	1.165704e+01
2.934000e-05	-1.905831e-02	1.153064e+01
2.935000e-05	-1.941779e-02	1.138374e+01
2.936000e-05	-1.790931e-02	1.120353e+01
2.937000e-05	-1.911537e-02	1.105603e+01
2.938000e-05	-1.631238e-02	1.089761e+01
2.939000e-05	-1.594836e-02	1.076179e+01
2.940000e-05	-1.591139e-02	1.056224e+01
2.941000e-05	-1.635639e-02	1.040037e+01
2.942000e-05	-1.540126e-02	1.021295e+01
2.943000e-05	-1.329822e-02	1.002498e+01
2.944000e-05	-1.309120e-02	9.804431e+00
2.945000e-05	-1.310897e-02	9.613979e+00
2.946000e-05	-1.339717e-02	9.454608e+00
2.947000e-05	-1.134341e-02	9.265609e+00
2.948000e-05	-1.177995e-02	9.075558e+00
2.949000e-05	-1.155826e-02	8.897077e+00
2.950000e-05	-1.318949e-02	8.655560e+00
2.951000e-05	-1.210618e-02	8.455184e+00
2.952000e-05	-1.156967e-02	8.246138e+00
2.953000e-05	-1.066285e-02	8.025532e+00
2.954000e-05	-1.095761e-02	7.793478e+00
2.955000e-05	-1.005934e-02	7.603449e+00
2.956000e-05	-9.835036e-03	7.360795e+00
2.957000e-05	-8.693748e-03	7.129313e+00
2.958000e-05	-9.477267e-03	6.918314e+00
2.959000e-05	-1.020722e-02	6.688164e+00
2.960000e-05	-1.039745e-02	6.464007e+00
2.961000e-05	-9.852350e-03	6.202452e+00
2.962000e-05	-8.582055e-03	6.043048e+00
2.963000e-05	-9.201249e-03	5.751839e+00
2.964000e-05	-9.230350e-03	5.497789e+00
2.965000e-05	-7.816664e-03	5.275160e+00
2.966000e-05	-8.037147e-03	4.930922e+00
2.967000e-05	-7.501591e-03	4.687812e+00
2.968000e-05	-8.345317e-03	4.475186e+00
2.969000e-05	-7.884845e-03	4.206651e+00
2.970000e-05	-8.088151e-03	3.929419e+00
2.971000e-05	-6.624510e-03	3.717788e+00
2.972000e-05	-7.529843e-03	3.468313e+00
2.973000e-05	-8.011579e-03	3.222077e+00
2.974000e-05	-6.449492e-03	2.980444e+00
2.975000e-05	-5.943701e-03	2.718868e+00
2.976000e-05	-5.624900e-03	2.424784e+00
2.977000e-05	-7.301091e-03	2.161526e+00
2.978000e-05	-7.296426e-03	1.939972e+00
2.979000e-05	-5.421542e-03	1.685860e+00
2.980000e-05	-5.925215e-03	1.414104e+00
2.981000e-05	-6.172065e-03	1.150994e+00
2.982000e-05	-6.080196e-03	8.431817e-01
2.983000e-05	-4.351935e-03	5.915972e-01
2.984000e-05	-3.434713e-03	3.899473e-01
2.985000e-05	-3.280761e-03	1.157575e-01
2.986000e-05	-2.651512e-03	-1.468224e-01
2.987000e-05	7.772361e-03	-3.878737e-01
2.988000e-05	-5.726016e-03	-6.426542e-01
2.989000e-05	4.560896e-03	-9.031857e-01
2.990000e-05	-6.854079e-03	-1.134267e+00
2.991000e-05	1.650342e-03	-1.368427e+00
2.992000e-05	-4.566652e-03	-1.630984e+00
2.993000e-05	2.778971e-02	-1.852028e+00
2.994000e-05	9.810373e-02	-2.022106e+00
2.995000e-05	-2.525665e-02	-2.439974e+00
2.996000e-05	-3.766487e-02	-2.809929e+00
2.997000e-05	-2.926884e-02	-3.123663e+00
2.998000e-05	-5.274572e-02	-3.254661e+00
2.999000e-05	-6.647769e-02	-3.462633e+00
3.000000e-05	1.805285e-01	-3.568799e+00
3.001000e-05	-1.376101e-01	-3.862110e+00
3.002000e-05	4.878627e-02	-4.176795e+00
3.003000e-05	1.001542e-01	-4.295242e+00
3.004000e-05	-1.362961e-01	-4.601453e+00
3.005000e-05	1.728406e-01	-4.872604e+00
3.006000e-05	-1.292749e-01	-5.105641e+00
3.007000e-05	-3.937501e-02	-5.464333e+00
3.008000e-05	9.019666e-02	-5.640976e+00
3.009000e-05	-9.597507e-02	-5.904138e+00
3.010000e-05	1.574162e-01	-6.107142e+00
3.011000e-05	-1.139538e-01	-6.389726e+00
3.012000e-05	3.743497e-02	-6.641484e+00
3.013000e-05	4.390266e-02	-6.811434e+00
3.014000e-05	-6.645688e-02	-7.116668e+00
3.015000e-05	1.074950e-01	-7.318741e+00
3.016000e-05	-1.550570e-01	-7.517743e+00
3.017000e-05	1.348774e-01	-7.893306e+00
3.018000e-05	-3.125777e-02	-8.053955e+00
3.019000e-05	9.278476e-03	-8.274982e+00
3.020000e-05	2.913216e-02	-8.444428e+00
3.021000e-05	-8.901198e-02	-8.723555e+00
3.022000e-05	1.139777e-01	-8.906164e+00
3.023000e-05	-6.572936e-02	-9.084985e+00
3.024000e-05	8.457360e-02	-9.295563e+00
3.025000e-05	-6.514686e-02	-9.473329e+00
3.026000e-05	3.335024e-02	-9.694610e+00
3.027000e-05	2.229043e-02	-9.852330e+00
3.028000e-05	-1.740647e-02	-1.004140e+01
3.029000e-05	3.014156e-02	-1.021135e+01
3.030000e-05	-5.382238e-02	-1.044328e+01
3.031000e-05	7.303165e-02	-1.060928e+01
3.032000e-05	-1.757788e-02	-1.073872e+01
3.033000e-05	4.540349e-02	-1.088504e+01
3.034000e-05	-3.243640e-02	-1.105235e+01
3.035000e-05	2.169232e-02	-1.126546e+01
3.036000e-05	1.037220e-02	-1.139033e+01
3.037000e-05	1.225061e-02	-1.156067e+01
3.038000e-05	6.301216e-03	-1.168817e+01
3.039000e-05	-9.705629e-03	-1.191697e+01
3.040000e-05	3.252961e-02	-1.206341e+01
3.041000e-05	1.309187e-02	-1.214080e+01
3.042000e-05	2.626343e-02	-1.231759e+01
3.043000e-05	-1.223186e-02	-1.242443e+01
3.044000e-05	1.737940e-02	-1.255922e+01
3.045000e-05	1.314197e-02	-1.266493e+01
3.046000e-05	2.461145e-02	-1.277977e+01
3.047000e-05	2.916665e-03	-1.290704e+01
3.048000e-05	8.004518e-03	-1.302127e+01
3.049000e-05	1.717844e-02	-1.305748e+01
3.050000e-05	2.953047e-02	-1.316084e+01
3.051000e-05	1.786494e-02	-1.325553e+01
3.052000e-05	9.515345e-03	-1.336027e+01
3.053000e-05	1.296475e-02	-1.343483e+01
3.054000e-05	2.491865e-02	-1.350699e+01
3.055000e-05	2.611112e-02	-1.357220e+01
3.056000e-05	1.204732e-02	-1.364648e+01
3.057000e-05	1.254300e-02	-1.371716e+01
3.058000e-05	2.026759e-02	-1.377069e+01
3.059000e-05	3.261141e-02	-1.376325e+01
3.060000e-05	2.405186e-02	-1.385539e+01
3.061000e-05	2.135783e-02	-1.385804e+01
3.062000e-05	1.962865e-02	-1.393074e+01
3.063000e-05	3.240952e-02	-1.394120e+01
3.064000e-05	3.198398e-02	-1.399338e+01
3.065000e-05	2.506835e-02	-1.400385e+01
3.066000e-05	2.210391e-02	-1.399390e+01
3.067000e-05	2.822553e-02	-1.398591e+01
3.068000e-05	3.927951e-02	-1.402538e+01
3.069000e-05	3.735939e-02	-1.402598e+01
3.070000e-05	3.290446e-02	-1.401436e+01
3.071000e-05	3.206523e-02	-1.400431e+01
3.072000e-05	4.174531e-02	-1.396440e+01
3.073000e-05	4.426190e-02	-1.399330e+01
3.074000e-05	3.990142e-02	-1.397287e+01
3.075000e-05	3.674214e-02	-1.389066e+01
3.076000e-05	4.137399e-02	-1.390864e+01
3.077000e-05	4.933583e-02	-1.384543e+01
3.078000e-05	4.835096e-02	-1.377283e+01
3.079000e-05	4.280424e-02	-1.376877e+01
3.080000e-05	4.007690e-02	-1.372864e+01
3.081000e-05	4.554838e-02	-1.361558e+01
3.082000e-05	4.525399e-02	-1.354284e+01
3.083000e-05	3.956703e-02	-1.349751e+01
3.084000e-05	3.363395e-02	-1.341338e+01
3.085000e-05	3.372407e-02	-1.335124e+01
3.086000e-05	3.709063e-02	-1.325708e+01
3.087000e-05	3.393933e-02	-1.317134e+01
3.088000e-05	2.696483e-02	-1.308561e+01
3.089000e-05	2.373621e-02	-1.299433e+01
3.090000e-05	2.616917e-02	-1.288766e+01
3.091000e-05	2.683560e-02	-1.276287e+01
3.092000e-05	2.224206e-02	-1.265909e+01
3.093000e-05	1.623611e-02	-1.256175e+01
3.094000e-05	1.530486e-02	-1.241558e+01
3.095000e-05	1.839189e-02	-1.231819e+01
3.096000e-05	1.746142e-02	-1.219333e+01
3.097000e-05	1.236036e-02	-1.204661e+01
3.098000e-05	9.665056e-03	-1.192914e+01
3.099000e-05	1.287502e-02	-1.175180e+01
3.100000e-05	1.455197e-02	-1.158140e+01
3.101000e-05	1.187899e-02	-1.138493e+01
3.102000e-05	6.411814e-03	-1.123546e+01
3.103000e-05	5.821439e-03	-1.109813e+01
3.104000e-05	8.344528e-03	-1.087674e+01
3.105000e-05	9.091693e-03	-1.076087e+01
3.106000e-05	5.791475e-03	-1.061393e+01
3.107000e-05	3.541105e-03	-1.044603e+01
3.108000e-05	5.110529e-03	-1.026501e+01
3.109000e-05	7.460761e-03	-1.009661e+01
3.110000e-05	6.206322e-03	-9.896661e+00
3.111000e-05	2.536178e-03	-9.707718e+00
3.112000e-05	1.890545e-03	-9.508193e+00
3.113000e-05	4.385191e-03	-9.310288e+00
3.114000e-05	3.641988e-03	-9.129739e+00
3.115000e-05	1.713792e-03	-8.892269e+00
3.116000e-05	-1.250189e-03	-8.740293e+00
3.117000e-05	1.215982e-03	-8.488817e+00
3.118000e-05	2.629791e-03	-8.327267e+00
3.119000e-05	2.821357e-03	-8.097847e+00
3.120000e-05	-1.469953e-04	-7.888238e+00
3.121000e-05	-6.191854e-04	-7.676003e+00
3.122000e-05	-2.061468e-04	-7.414457e+00
3.123000e-05	1.586595e-03	-7.192002e+00
3.124000e-05	-1.739957e-03	-6.931448e+00
3.125000e-05	-1.887238e-03	-6.719170e+00
3.126000e-05	-2.524880e-03	-6.528736e+00
3.127000e-05	-2.792892e-04	-6.286213e+00
3.128000e-05	-1.064933e-03	-6.025056e+00
3.129000e-05	-4.775427e-04	-5.741925e+00
3.130000e-05	-4.099227e-03	-5.538343e+00
3.131000e-05	-1.792771e-03	-5.299709e+00
3.132000e-05	-3.057026e-03	-4.984077e+00
3.133000e-05	-1.950576e-03	-4.696769e+00
3.134000e-05	-5.157154e-03	-4.476264e+00
3.135000e-05	-2.942067e-03	-4.267235e+00
3.136000e-05	-2.759016e-03	-4.034208e+00
3.137000e-05	-2.748477e-03	-3.811551e+00
3.138000e-05	-4.879919e-03	-3.589868e+00
3.139000e-05	-5.008593e-03	-3.307735e+00
3.140000e-05	-4.168731e-03	-3.013158e+00
3.141000e-05	-2.858875e-03	-2.769919e+00
3.142000e-05	-2.688367e-03	-2.519342e+00
3.143000e-05	-5.949398e-03	-2.326769e+00
3.144000e-05	-4.499019e-03	-2.001080e+00
3.145000e-05	-4.205704e-03	-1.790496e+00
3.146000e-05	-5.012825e-03	-1.538220e+00
3.147000e-05	-7.775311e-03	-1.201576e+00
3.148000e-05	-7.152251e-03	-9.188382e-01
3.149000e-05	-6.357230e-03	-6.953155e-01
3.150000e-05	-3.100490e-03	-4.215585e-01
3.151000e-05	-3.844772e-03	-1.605473e-01
3.152000e-05	-4.626746e-05	6.268076e-02
3.153000e-05	4.684581e-03	3.568410e-01
3.154000e-05	-5.199990e-03	5.863924e-01
3.155000e-05	3.151595e-03	7.784226e-01
3.156000e-05	-7.024639e-03	1.078028e+00
3.157000e-05	-1.780012e-03	1.333710e+00
3.158000e-05	-4.088463e-03	1.629954e+00
3.159000e-05	1.257551e-02	1.842580e+00
3.160000e-05	4.773212e-02	2.031428e+00
3.161000e-05	6.430464e-02	2.365713e+00
3.162000e-05	-8.108749e-02	2.670432e+00
3.163000e-05	-2.032438e-02	2.914714e+00
3.164000e-05	-4.309082e-02	3.148870e+00
3.165000e-05	-4.054697e-02	3.406874e+00
3.166000e-05	-6.503786e-02	3.608848e+00
3.167000e-05	1.379621e-01	3.777271e+00
3.168000e-05	-1.035206e-01	4.021881e+00
3.169000e-05	7.808300e-03	4.292984e+00
3.170000e-05	1.262969e-01	4.557719e+00
3.171000e-05	-1.074122e-01	4.768470e+00
3.172000e-05	6.610312e-02	5.072430e+00
3.173000e-05	-6.357396e-02	5.378218e+00
3.174000e-05	-2.247712e-02	5.618345e+00
3.175000e-05	3.363081e-02	5.830950e+00
3.176000e-05	-3.270828e-02	6.075513e+00
3.177000e-05	3.276798e-02	6.305092e+00
3.178000e-05	-4.055825e-02	6.528718e+00
3.179000e-05	-4.515616e-04	6.810301e+00
3.180000e-05	-8.301397e-04	7.020926e+00
3.181000e-05	-2.391065e-02	7.244058e+00
3.182000e-05	2.695127e-02	7.535465e+00
3.183000e-05	-6.071581e-02	7.757718e+00
3.184000e-05	5.249159e-02	8.009296e+00
3.185000e-05	-1.963920e-02	8.241403e+00
3.186000e-05	-1.814109e-02	8.401272e+00
3.187000e-05	-1.114246e-02	8.621295e+00
3.188000e-05	-2.838307e-02	8.810845e+00
3.189000e-05	1.401630e-02	8.988273e+00
3.190000e-05	-1.806230e-02	9.199302e+00
3.191000e-05	8.717224e-03	9.389324e+00
3.192000e-05	-2.330408e-02	9.630796e+00
3.193000e-05	1.954724e-03	9.737697e+00
3.194000e-05	-9.457793e-03	9.938619e+00
3.195000e-05	-2.292739e-02	1.011859e+01
3.196000e-05	-1.835261e-02	1.033664e+01
3.197000e-05	-2.061452e-02	1.048756e+01
3.198000e-05	2.572741e-03	1.068488e+01
3.199000e-05	-5.738623e-03	1.086291e+01
3.200000e-05	-1.093505e-02	1.098075e+01
3.201000e-05	-1.856800e-02	1.114822e+01
3.202000e-05	-1.240291e-02	1.131756e+01
3.203000e-05	-1.147543e-02	1.152646e+01
3.204000e-05	-1.903815e-02	1.170438e+01
3.205000e-05	-2.162833e-02	1.175235e+01
3.206000e-05	-1.811338e-02	1.197024e+01
3.207000e-05	-8.842788e-03	1.207546e+01
3.208000e-05	-9.210908e-03	1.223233e+01
3.209000e-05	-1.911175e-02	1.234857e+01
3.210000e-05	-2.349873e-02	1.246659e+01
3.211000e-05	-1.983099e-02	1.257077e+01
3.212000e-05	-1.485058e-02	1.267601e+01
3.213000e-05	-1.913755e-02	1.277024e+01
3.214000e-05	-2.389255e-02	1.288594e+01
3.215000e-05	-2.339126e-02	1.296085e+01
3.216000e-05	-2.087293e-02	1.307498e+01
3.217000e-05	-1.547969e-02	1.317017e+01
3.218000e-05	-2.420224e-02	1.324649e+01
3.219000e-05	-2.616209e-02	1.332924e+01
3.220000e-05	-2.638301e-02	1.342180e+01
3.221000e-05	-2.167407e-02	1.346711e+01
3.222000e-05	-2.370133e-02	1.350854e+01
3.223000e-05	-2.972784e-02	1.362232e+01
3.224000e-05	-3.163522e-02	1.366548e+01
3.225000e-05	-3.068785e-02	1.371757e+01
3.226000e-05	-2.605404e-02	1.371222e+01
3.227000e-05	-3.135611e-02	1.380383e+01
3.228000e-05	-3.244592e-02	1.384631e+01
3.229000e-05	-3.446441e-02	1.385696e+01
3.230000e-05	-2.971778e-02	1.388841e+01
3.231000e-05	-3.338566e-02	1.392994e+01
3.232000e-05	-3.840719e-02	1.394099e+01
3.233000e-05	-4.232877e-02	1.397964e+01
3.234000e-05	-4.111442e-02	1.395210e+01
3.235000e-05	-3.873533e-02	1.395065e+01
3.236000e-05	-4.191477e-02	1.394212e+01
3.237000e-05	-4.552919e-02	1.394001e+01
3.238000e-05	-4.763135e-02	1.391007e+01
3.239000e-05	-4.506367e-02	1.389799e+01
3.240000e-05	-4.763130e-02	1.391588e+01
3.241000e-05	-5.049331e-02	1.381541e+01
3.242000e-05	-5.467206e-02	1.379278e+01
3.243000e-05	-5.201152e-02	1.375165e+01
3.244000e-05	-4.954238e-02	1.366762e+01
3.245000e-05	-5.146456e-02	1.365743e+01
3.246000e-05	-5.329136e-02	1.359380e+01
3.247000e-05	-5.327012e-02	1.352016e+01
3.248000e-05	-4.850764e-02	1.345851e+01
3.249000e-05	-4.664359e-02	1.341288e+01
3.250000e-05	-4.476744e-02	1.333970e+01
3.251000e-05	-4.476979e-02	1.327813e+01
3.252000e-05	-4.079300e-02	1.321290e+01
3.253000e-05	-3.805669e-02	1.308706e+01
3.254000e-05	-3.644183e-02	1.300435e+01
3.255000e-05	-3.521384e-02	1.287816e+01
3.256000e-05	-3.547305e-02	1.276390e+01
3.257000e-05	-2.928861e-02	1.270659e+01
3.258000e-05	-2.929495e-02	1.256080e+01
3.259000e-05	-2.735174e-02	1.249661e+01
3.260000e-05	-2.771326e-02	1.236329e+01
3.261000e-05	-2.513547e-02	1.224535e+01
3.262000e-05	-2.236502e-02	1.214019e+01
3.263000e-05	-2.198789e-02	1.196077e+01
3.264000e-05	-2.099530e-02	1.181548e+01
3.265000e-05	-2.301233e-02	1.168614e+01
3.266000e-05	-1.966929e-02	1.150959e+01
3.267000e-05	-1.913176e-02	1.138021e+01
3.268000e-05	-1.704235e-02	1.119385e+01
3.269000e-05	-1.852417e-02	1.099598e+01
3.270000e-05	-1.629690e-02	1.090864e+01
3.271000e-05	-1.614676e-02	1.070174e+01
3.272000e-05	-1.424819e-02	1.053225e+01
3.273000e-05	-1.585354e-02	1.034129e+01
3.274000e-05	-1.620020e-02	1.019135e+01
3.275000e-05	-1.361332e-02	1.000400e+01
3.276000e-05	-1.313110e-02	9.832402e+00
3.277000e-05	-1.227315e-02	9.583977e+00
3.278000e-05	-1.413807e-02	9.414527e+00
3.279000e-05	-1.255871e-02	9.254564e+00
3.280000e-05	-1.227889e-02	9.056056e+00
3.281000e-05	-1.086709e-02	8.813082e+00
3.282000e-05	-1.244233e-02	8.614080e+00
3.283000e-05	-1.254490e-02	8.455109e+00
3.284000e-05	-1.119756e-02	8.245507e+00
3.285000e-05	-1.113504e-02	8.014030e+00
3.286000e-05	-1.167687e-02	7.803954e+00
3.287000e-05	-1.180935e-02	7.561846e+00
3.288000e-05	-9.346421e-03	7.329368e+00
3.289000e-05	-8.813534e-03	7.057686e+00
3.290000e-05	-9.066034e-03	6.886185e+00
3.291000e-05	-1.026334e-02	6.635110e+00
3.292000e-05	-9.468095e-03	6.404006e+00
3.293000e-05	-8.447077e-03	6.181875e+00
3.294000e-05	-8.642534e-03	5.972875e+00
3.295000e-05	-9.687920e-03	5.728418e+00
3.296000e-05	-9.767303e-03	5.517735e+00
3.297000e-05	-8.928159e-03	5.234679e+00
3.298000e-05	-7.454513e-03	4.901367e+00
3.299000e-05	-8.381789e-03	4.667681e+00
3.300000e-05	-7.986337e-03	4.433630e+00
3.301000e-05	-8.085648e-03	4.212482e+00
3.302000e-05	-7.097644e-03	3.908864e+00
3.303000e-05	-7.533458e-03	3.676811e+00
3.304000e-05	-7.070217e-03	3.454131e+00
3.305000e-05	-7.715395e-03	3.159948e+00
3.306000e-05	-6.830165e-03	2.960421e+00
3.307000e-05	-6.546718e-03	2.668810e+00
3.308000e-05	-6.698357e-03	2.444579e+00
3.309000e-05	-6.924425e-03	2.171016e+00
3.310000e-05	-6.318598e-03	1.948866e+00
3.311000e-05	-5.647175e-03	1.654680e+00
3.312000e-05	-4.911617e-03	1.403601e+00
3.313000e-05	-5.544687e-03	1.109842e+00
3.314000e-05	-7.212650e-03	8.136024e-01
3.315000e-05	-5.736937e-03	5.790183e-01
3.316000e-05	-3.394810e-03	3.479206e-01
3.317000e-05	-3.480386e-03	2.375784e-02
3.318000e-05	-1.820978e-03	-1.873750e-01
3.319000e-05	6.978956e-03	-3.893991e-01
3.320000e-05	-5.497445e-03	-7.105143e-01
3.321000e-05	5.859545e-03	-9.237884e-01
3.322000e-05	-5.147017e-03	-1.164717e+00
3.323000e-05	1.110194e-03	-1.501059e+00
3.324000e-05	-3.807802e-03	-1.671059e+00
3.325000e-05	3.357336e-02	-1.873583e+00
3.326000e-05	1.007875e-01	-2.094138e+00
3.327000e-05	-4.808065e-02	-2.502586e+00
3.328000e-05	-2.536406e-02	-2.849504e+00
3.329000e-05	-3.881464e-02	-3.185689e+00
3.330000e-05	-5.053385e-02	-3.324641e+00
3.331000e-05	-5.086759e-02	-3.483055e+00
3.332000e-05	1.842799e-01	-3.609403e+00
3.333000e-05	-1.660391e-01	-3.952662e+00
3.334000e-05	1.118168e-01	-4.169296e+00
3.335000e-05	4.929694e-02	-4.335292e+00
3.336000e-05	-1.016353e-01	-4.682483e+00
3.337000e-05	1.646376e-01	-4.913586e+00
3.338000e-05	-1.572499e-01	-5.157821e+00
3.339000e-05	8.412107e-04	-5.493987e+00
3.340000e-05	6.595482e-02	-5.653083e+00
3.341000e-05	-7.859682e-02	-5.966720e+00
3.342000e-05	1.560655e-01	-6.148266e+00
3.343000e-05	-1.370863e-01	-6.430405e+00
3.344000e-05	7.215343e-02	-6.653511e+00
3.345000e-05	8.351298e-03	-6.864006e+00
3.346000e-05	-3.905192e-02	-7.158668e+00
3.347000e-05	8.600792e-02	-7.328270e+00
3.348000e-05	-1.507677e-01	-7.631847e+00
3.349000e-05	1.567350e-01	-7.894958e+00
3.350000e-05	-6.319327e-02	-8.062510e+00
3.351000e-05	4.230705e-02	-8.285110e+00
3.352000e-05	-4.728726e-03	-8.485007e+00
3.353000e-05	-6.169448e-02	-8.656593e+00
3.354000e-05	1.020404e-01	-8.896140e+00
3.355000e-05	-6.587490e-02	-9.125139e+00
3.356000e-05	9.073206e-02	-9.266112e+00
3.357000e-05	-8.137699e-02	-9.506062e+00
3.358000e-05	5.769932e-02	-9.696616e+00
3.359000e-05	1.214558e-03	-9.854458e+00
3.360000e-05	-4.555914e-04	-1.006393e+01
3.361000e-05	1.198233e-02	-1.025388e+01
3.362000e-05	-4.187462e-02	-1.046396e+01
3.363000e-05	7.181922e-02	-1.057132e+01
3.364000e-05	-1.769885e-02	-1.077027e+01
3.365000e-05	4.662660e-02	-1.090909e+01
3.366000e-05	-4.079532e-02	-1.105498e+01
3.367000e-05	3.251142e-02	-1.127506e+01
3.368000e-05	3.387314e-03	-1.142235e+01
3.369000e-05	1.884173e-02	-1.158283e+01
3.370000e-05	-2.383865e-03	-1.173869e+01
3.371000e-05	-1.509738e-03	-1.193557e+01
3.372000e-05	3.153789e-02	-1.208496e+01
3.373000e-05	1.540616e-02	-1.219975e+01
3.374000e-05	2.197991e-02	-1.232857e+01
3.375000e-05	-1.342517e-02	-1.246598e+01
3.376000e-05	1.956397e-02	-1.252077e+01
3.377000e-05	1.349799e-02	-1.269546e+01
3.378000e-05	2.492871e-02	-1.281022e+01
3.379000e-05	2.262071e-04	-1.291667e+01
3.380000e-05	1.013682e-02	-1.299137e+01
3.381000e-05	1.850672e-02	-1.310713e+01
3.382000e-05	3.045424e-02	-1.319280e+01
3.383000e-05	1.505183e-02	-1.326701e+01
3.384000e-05	9.363528e-03	-1.337967e+01
3.385000e-05	1.398703e-02	-1.341435e+01
3.386000e-05	2.691374e-02	-1.357751e+01
3.387000e-05	2.529018e-02	-1.359170e+01
3.388000e-05	1.228170e-02	-1.364646e+01
3.389000e-05	1.277946e-02	-1.369614e+01
3.390000e-05	2.233680e-02	-1.377077e+01
3.391000e-05	3.297180e-02	-1.378175e+01
3.392000e-05	2.313511e-02	-1.383343e+01
3.393000e-05	2.017227e-02	-1.386804e+01
3.394000e-05	2.032867e-02	-1.392069e+01
3.395000e-05	3.445453e-02	-1.397325e+01
3.396000e-05	3.230585e-02	-1.396382e+01
3.397000e-05	2.441482e-02	-1.401335e+01
3.398000e-05	2.159476e-02	-1.399343e+01
3.399000e-05	3.048669e-02	-1.403486e+01
3.400000e-05	3.987761e-02	-1.403446e+01
3.401000e-05	3.593662e-02	-1.400593e+01
3.402000e-05	3.263424e-02	-1.400541e+01
3.403000e-05	3.318423e-02	-1.396498e+01
3.404000e-05	4.329727e-02	-1.398425e+01
3.405000e-05	4.424357e-02	-1.399285e+01
3.406000e-05	3.833711e-02	-1.394120e+01
3.407000e-05	3.686132e-02	-1.393914e+01
3.408000e-05	4.328854e-02	-1.386001e+01
3.409000e-05	5.058948e-02	-1.383446e+01
3.410000e-05	4.718864e-02	-1.380085e+01
3.411000e-05	4.059717e-02	-1.373167e+01
3.412000e-05	4.086902e-02	-1.370859e+01
3.413000e-05	4.624651e-02	-1.363601e+01
3.414000e-05	4.652411e-02	-1.354225e+01
3.415000e-05	3.953768e-02	-1.349856e+01
3.416000e-05	3.333275e-02	-1.339233e+01
3.417000e-05	3.473453e-02	-1.332927e+01
3.418000e-05	3.574794e-02	-1.321708e+01
3.419000e-05	3.352568e-02	-1.317282e+01
3.420000e-05	2.585297e-02	-1.308501e+01
3.421000e-05	2.355210e-02	-1.298232e+01
3.422000e-05	2.606399e-02	-1.290816e+01
3.423000e-05	2.621099e-02	-1.281420e+01
3.424000e-05	2.138471e-02	-1.268696e+01
3.425000e-05	1.592483e-02	-1.261130e+01
3.426000e-05	1.617503e-02	-1.241600e+01
3.427000e-05	1.887104e-02	-1.227864e+01
3.428000e-05	1.759040e-02	-1.215040e+01
3.429000e-05	1.198863e-02	-1.205656e+01
3.430000e-05	1.059030e-02	-1.190909e+01
3.431000e-05	1.246120e-02	-1.174067e+01
3.432000e-05	1.440094e-02	-1.158180e+01
3.433000e-05	1.145273e-02	-1.140540e+01
3.434000e-05	6.525316e-03	-1.123593e+01
3.435000e-05	5.902997e-03	-1.102695e+01
3.436000e-05	8.745348e-03	-1.090519e+01
3.437000e-05	8.668257e-03	-1.074132e+01
3.438000e-05	4.833192e-03	-1.059390e+01
3.439000e-05	4.143372e-03	-1.042648e+01
3.440000e-05	4.979974e-03	-1.024545e+01
3.441000e-05	7.338811e-03	-1.001501e+01
3.442000e-05	6.359536e-03	-9.844536e+00
3.443000e-05	3.075762e-03	-9.717738e+00
3.444000e-05	2.423615e-03	-9.498086e+00
3.445000e-05	3.722989e-03	-9.277765e+00
3.446000e-05	3.868447e-03	-9.108689e+00
3.447000e-05	1.992195e-03	-8.930289e+00
3.448000e-05	-7.669249e-04	-8.719715e+00
3.449000e-05	1.035750e-03	-8.488187e+00
3.450000e-05	2.981993e-03	-8.306241e+00
3.451000e-05	2.473552e-03	-8.106790e+00
3.452000e-05	-2.403337e-04	-7.878587e+00
3.453000e-05	-1.183544e-03	-7.654978e+00
3.454000e-05	3.410887e-04	-7.361951e+00
3.455000e-05	1.292827e-03	-7.151298e+00
3.456000e-05	1.543897e-04	-6.938345e+00
3.457000e-05	-1.682417e-03	-6.718188e+00
3.458000e-05	-2.257011e-03	-6.487736e+00
3.459000e-05	-9.652964e-04	-6.275655e+00
3.460000e-05	-2.964552e-04	-5.962903e+00
3.461000e-05	-9.184298e-04	-5.780772e+00
3.462000e-05	-4.152374e-03	-5.529819e+00
3.463000e-05	-2.028514e-03	-5.255684e+00
3.464000e-05	-2.825795e-03	-4.981972e+00
3.465000e-05	-4.785574e-04	-4.676137e+00
3.466000e-05	-3.810292e-03	-4.474683e+00
3.467000e-05	-3.351476e-03	-4.276655e+00
3.468000e-05	-3.193363e-03	-4.032529e+00
3.469000e-05	-2.669288e-03	-3.762018e+00
3.470000e-05	-4.810566e-03	-3.517268e+00
3.471000e-05	-5.369978e-03	-3.245710e+00
3.472000e-05	-4.300783e-03	-3.023954e+00
3.473000e-05	-4.221999e-03	-2.707846e+00
3.474000e-05	-3.038919e-03	-2.508812e+00
3.475000e-05	-5.551713e-03	-2.256683e+00
3.476000e-05	-3.971039e-03	-1.980923e+00
3.477000e-05	-4.670114e-03	-1.769417e+00
3.478000e-05	-3.636625e-03	-1.456713e+00
3.479000e-05	-7.033916e-03	-1.169941e+00
3.480000e-05	-7.093192e-03	-9.283167e-01
3.481000e-05	-7.813823e-03	-6.647340e-01
3.482000e-05	-4.602224e-03	-3.895247e-01
3.483000e-05	-4.231893e-03	-1.584957e-01
3.484000e-05	9.004605e-04	9.376195e-02
3.485000e-05	3.983449e-03	3.978925e-01
3.486000e-05	-3.263334e-03	6.189736e-01
3.487000e-05	2.761279e-03	8.003766e-01
3.488000e-05	-6.144041e-03	1.133159e+00
3.489000e-05	-2.882419e-03	1.327271e+00
3.490000e-05	-5.145479e-03	1.640511e+00
3.491000e-05	1.492878e-02	1.832133e+00
3.492000e-05	5.389788e-02	2.062107e+00
3.493000e-05	5.189299e-02	2.415945e+00
3.494000e-05	-8.193926e-02	2.642582e+00
3.495000e-05	-1.858098e-02	2.896742e+00
3.496000e-05	-3.977000e-02	3.177349e+00
3.497000e-05	-5.056097e-02	3.428500e+00
3.498000e-05	-4.557349e-02	3.630423e+00
3.499000e-05	1.391300e-01	3.841372e+00
3.500000e-05	-1.361442e-01	4.033555e+00
3.501000e-05	5.498056e-02	4.275614e+00
3.502000e-05	9.277956e-02	4.577743e+00
3.503000e-05	-9.436827e-02	4.800904e+00
3.504000e-05	6.952595e-02	5.063004e+00
3.505000e-05	-7.869764e-02	5.369846e+00
3.506000e-05	-4.377783e-03	5.580351e+00
3.507000e-05	2.057426e-02	5.872554e+00
3.508000e-05	-2.909740e-02	6.096196e+00
3.509000e-05	3.116698e-02	6.316145e+00
3.510000e-05	-4.295967e-02	6.549323e+00
3.511000e-05	1.108630e-02	6.841429e+00
3.512000e-05	-9.799305e-03	7.052479e+00
3.513000e-05	-1.476071e-02	7.254988e+00
3.514000e-05	1.722782e-02	7.535162e+00
3.515000e-05	-6.043640e-02	7.789268e+00
3.516000e-05	5.822860e-02	8.031908e+00
3.517000e-05	-3.455833e-02	8.252582e+00
3.518000e-05	-4.428050e-03	8.440879e+00
3.519000e-05	-1.919046e-02	8.621373e+00
3.520000e-05	-1.717449e-02	8.810843e+00
3.521000e-05	1.169497e-02	9.022425e+00
3.522000e-05	-1.942755e-02	9.230848e+00
3.523000e-05	5.088226e-03	9.409852e+00
3.524000e-05	-2.950700e-02	9.601799e+00
3.525000e-05	9.540118e-03	9.800302e+00
3.526000e-05	-1.397691e-02	9.960748e+00
3.527000e-05	-1.438065e-02	1.014025e+01
3.528000e-05	-2.115235e-02	1.032814e+01
3.529000e-05	-1.637836e-02	1.049772e+01
3.530000e-05	6.641620e-04	1.068494e+01
3.531000e-05	-1.013723e-02	1.086548e+01
3.532000e-05	-1.429267e-02	1.100080e+01
3.533000e-05	-2.075273e-02	1.112967e+01
3.534000e-05	-8.503800e-03	1.132029e+01
3.535000e-05	-9.836356e-03	1.154791e+01
3.536000e-05	-1.467361e-02	1.167651e+01
3.537000e-05	-2.290662e-02	1.183180e+01
3.538000e-05	-1.709090e-02	1.195869e+01
3.539000e-05	-1.131157e-02	1.205706e+01
3.540000e-05	-1.233722e-02	1.222283e+01
3.541000e-05	-2.178262e-02	1.236819e+01
3.542000e-05	-2.202821e-02	1.247561e+01
3.543000e-05	-1.589706e-02	1.256130e+01
3.544000e-05	-1.284253e-02	1.270601e+01
3.545000e-05	-1.955874e-02	1.278130e+01
3.546000e-05	-2.685972e-02	1.286956e+01
3.547000e-05	-2.317445e-02	1.297185e+01
3.548000e-05	-2.039721e-02	1.307596e+01
3.549000e-05	-1.736804e-02	1.318967e+01
3.550000e-05	-2.683418e-02	1.327708e+01
3.551000e-05	-2.497784e-02	1.331919e+01
3.552000e-05	-2.310286e-02	1.335130e+01
3.553000e-05	-1.967089e-02	1.350946e+01
3.554000e-05	-2.507706e-02	1.351030e+01
3.555000e-05	-3.274810e-02	1.357283e+01
3.556000e-05	-3.074605e-02	1.365599e+01
3.557000e-05	-2.870644e-02	1.370909e+01
3.558000e-05	-2.666267e-02	1.377070e+01
3.559000e-05	-3.501621e-02	1.383380e+01
3.560000e-05	-3.290706e-02	1.387641e+01
3.561000e-05	-3.197229e-02	1.387643e+01
3.562000e-05	-2.861554e-02	1.388946e+01
3.563000e-05	-3.438772e-02	1.390954e+01
3.564000e-05	-4.037961e-02	1.392112e+01
3.565000e-05	-4.064079e-02	1.394162e+01
3.566000e-05	-3.947979e-02	1.401112e+01
3.567000e-05	-3.835606e-02	1.396317e+01
3.568000e-05	-4.461575e-02	1.393060e+01
3.569000e-05	-4.655310e-02	1.398002e+01
3.570000e-05	-4.614543e-02	1.393796e+01
3.571000e-05	-4.393932e-02	1.388756e+01
3.572000e-05	-4.796147e-02	1.390596e+01
3.573000e-05	-5.221814e-02	1.386530e+01
3.574000e-05	-5.407920e-02	1.381685e+01
3.575000e-05	-5.067036e-02	1.376175e+01
3.576000e-05	-4.982500e-02	1.370899e+01
3.577000e-05	-5.339406e-02	1.361698e+01
3.578000e-05	-5.400845e-02	1.358432e+01
3.579000e-05	-5.222667e-02	1.354919e+01
3.580000e-05	-4.705799e-02	1.347696e+01
3.581000e-05	-4.593328e-02	1.340335e+01
3.582000e-05	-4.559654e-02	1.332974e+01
3.583000e-05	-4.467363e-02	1.328703e+01
3.584000e-05	-3.965909e-02	1.317125e+01
3.585000e-05	-3.680168e-02	1.305693e+01
3.586000e-05	-3.646495e-02	1.297327e+01
3.587000e-05	-3.615650e-02	1.287761e+01
3.588000e-05	-3.438973e-02	1.279387e+01
3.589000e-05	-2.924579e-02	1.263713e+01
3.590000e-05	-2.801482e-02	1.257077e+01
3.591000e-05	-2.888859e-02	1.247713e+01
3.592000e-05	-2.675855e-02	1.234124e+01
3.593000e-05	-2.534521e-02	1.223383e+01
3.594000e-05	-2.111569e-02	1.206816e+01
3.595000e-05	-2.263622e-02	1.194125e+01
3.596000e-05	-2.162927e-02	1.178397e+01
3.597000e-05	-2.292903e-02	1.163701e+01
3.598000e-05	-1.878328e-02	1.152856e+01
3.599000e-05	-1.898032e-02	1.133872e+01
3.600000e-05	-1.799066e-02	1.115930e+01
3.601000e-05	-1.923853e-02	1.096440e+01
3.602000e-05	-1.646871e-02	1.087559e+01
3.603000e-05	-1.444857e-02	1.068964e+01
3.604000e-05	-1.514605e-02	1.055127e+01
3.605000e-05	-1.701698e-02	1.037132e+01
3.606000e-05	-1.655154e-02	1.016240e+01
3.607000e-05	-1.324572e-02	1.000292e+01
3.608000e-05	-1.267898e-02	9.793399e+00
3.609000e-05	-1.387641e-02	9.602846e+00
3.610000e-05	-1.421133e-02	9.383401e+00
3.611000e-05	-1.290554e-02	9.244556e+00
3.612000e-05	-1.072780e-02	8.995582e+00
3.613000e-05	-1.107682e-02	8.786503e+00
3.614000e-05	-1.175901e-02	8.593474e+00
3.615000e-05	-1.362715e-02	8.444054e+00
3.616000e-05	-1.071973e-02	8.213028e+00
3.617000e-05	-1.048554e-02	7.955426e+00
3.618000e-05	-1.007804e-02	7.781422e+00
3.619000e-05	-1.154771e-02	7.560945e+00
3.620000e-05	-1.088434e-02	7.307788e+00
3.621000e-05	-9.029277e-03	7.084160e+00
3.622000e-05	-9.681782e-03	6.856638e+00
3.623000e-05	-1.038828e-02	6.644104e+00
3.624000e-05	-1.010781e-02	6.380923e+00
3.625000e-05	-8.310004e-03	6.171375e+00
3.626000e-05	-8.973667e-03	5.930797e+00
3.627000e-05	-9.002179e-03	5.707186e+00
3.628000e-05	-8.876186e-03	5.475660e+00
3.629000e-05	-7.035169e-03	5.194005e+00
3.630000e-05	-8.050510e-03	4.887240e+00
3.631000e-05	-8.637078e-03	4.664581e+00
3.632000e-05	-8.548810e-03	4.424555e+00
3.633000e-05	-7.943201e-03	4.181421e+00
3.634000e-05	-6.804949e-03	3.909735e+00
3.635000e-05	-6.769770e-03	3.665685e+00
3.636000e-05	-7.777573e-03	3.446077e+00
3.637000e-05	-7.187138e-03	3.159894e+00
3.638000e-05	-6.547976e-03	2.928338e+00
3.639000e-05	-6.143088e-03	2.696835e+00
3.640000e-05	-7.102361e-03	2.361002e+00
3.641000e-05	-6.018499e-03	2.126796e+00
3.642000e-05	-6.505221e-03	1.938267e+00
3.643000e-05	-5.711330e-03	1.654606e+00
3.644000e-05	-5.381410e-03	1.350923e+00
3.645000e-05	-5.492425e-03	1.116810e+00
3.646000e-05	-5.308350e-03	8.200748e-01
3.647000e-05	-4.831017e-03	5.484694e-01
3.648000e-05	-4.134236e-03	3.278929e-01
3.649000e-05	-3.352944e-03	4.308009e-02
3.650000e-05	-4.886510e-04	-2.009540e-01
3.651000e-05	6.531590e-03	-4.420554e-01
3.652000e-05	-5.190869e-03	-7.237620e-01
3.653000e-05	3.701821e-03	-9.557662e-01
3.654000e-05	-4.819125e-03	-1.197397e+00
3.655000e-05	1.689587e-03	-1.482083e+00
3.656000e-05	-1.941490e-03	-1.693688e+00
3.657000e-05	4.059603e-02	-1.925762e+00
3.658000e-05	1.007071e-01	-2.116670e+00
3.659000e-05	-6.481846e-02	-2.535722e+00
3.660000e-05	-1.418441e-02	-2.881587e+00
3.661000e-05	-4.757866e-02	-3.126323e+00
3.662000e-05	-5.280548e-02	-3.355714e+00
3.663000e-05	-2.865412e-02	-3.475037e+00
3.664000e-05	1.758416e-01	-3.620425e+00
3.665000e-05	-1.870398e-01	-3.955667e+00
3.666000e-05	1.503100e-01	-4.166897e+00
3.667000e-05	-6.577304e-03	-4.378795e+00
3.668000e-05	-5.915403e-02	-4.733660e+00
3.669000e-05	1.467169e-01	-4.914692e+00
3.670000e-05	-1.755205e-01	-5.217871e+00
3.671000e-05	3.694286e-02	-5.495564e+00
3.672000e-05	3.454069e-02	-5.663690e+00
3.673000e-05	-5.322367e-02	-6.008323e+00
3.674000e-05	1.443329e-01	-6.108872e+00
3.675000e-05	-1.502900e-01	-6.472534e+00
3.676000e-05	1.016563e-01	-6.693587e+00
3.677000e-05	-2.683954e-02	-6.882535e+00
3.678000e-05	-4.587024e-03	-7.208197e+00
3.679000e-05	5.809948e-02	-7.359322e+00
3.680000e-05	-1.354566e-01	-7.612926e+00
3.681000e-05	1.646215e-01	-7.865634e+00
3.682000e-05	-8.922958e-02	-8.093536e+00
3.683000e-05	7.107993e-02	-8.307162e+00
3.684000e-05	-3.928779e-02	-8.463558e+00
3.685000e-05	-2.963637e-02	-8.786171e+00
3.686000e-05	8.417955e-02	-8.907239e+00
3.687000e-05	-5.680757e-02	-9.116689e+00
3.688000e-05	8.831410e-02	-9.335663e+00
3.689000e-05	-9.039512e-02	-9.515536e+00
3.690000e-05	7.588291e-02	-9.689192e+00
3.691000e-05	-1.778742e-02	-9.874509e+00
3.692000e-05	1.761636e-02	-1.010603e+01
3.693000e-05	-5.993377e-03	-1.025293e+01
3.694000e-05	-2.629014e-02	-1.046451e+01
3.695000e-05	6.478018e-02	-1.061135e+01
3.696000e-05	-1.538246e-02	-1.077087e+01
3.697000e-05	4.587706e-02	-1.089770e+01
3.698000e-05	-4.463765e-02	-1.112848e+01
3.699000e-05	4.056511e-02	-1.128653e+01
3.700000e-05	-3.333849e-03	-1.143239e+01
3.701000e-05	2.624171e-02	-1.159288e+01
3.702000e-05	-1.148065e-02	-1.174122e+01
3.703000e-05	4.919401e-03	-1.190909e+01
3.704000e-05	2.910565e-02	-1.210398e+01
3.705000e-05	2.001267e-02	-1.220277e+01
3.706000e-05	1.722616e-02	-1.233767e+01
3.707000e-05	-1.350574e-02	-1.245543e+01
3.708000e-05	2.079269e-02	-1.255285e+01
3.709000e-05	1.536531e-02	-1.272796e+01
3.710000e-05	2.469678e-02	-1.280478e+01
3.711000e-05	-2.828125e-03	-1.290816e+01
3.712000e-05	1.095510e-02	-1.300380e+01
3.713000e-05	1.945777e-02	-1.309611e+01
3.714000e-05	3.139254e-02	-1.320125e+01
3.715000e-05	1.396083e-02	-1.327654e+01
3.716000e-05	8.619549e-03	-1.336330e+01
3.717000e-05	1.517314e-02	-1.343535e+01
3.718000e-05	2.880554e-02	-1.355852e+01
3.719000e-05	2.429152e-02	-1.359328e+01
3.720000e-05	1.132121e-02	-1.366711e+01
3.721000e-05	1.210234e-02	-1.370819e+01
3.722000e-05	2.402014e-02	-1.377977e+01
3.723000e-05	3.265052e-02	-1.381288e+01
3.724000e-05	2.298682e-02	-1.385446e+01
3.725000e-05	1.845854e-02	-1.390711e+01
3.726000e-05	2.150503e-02	-1.393961e+01
3.727000e-05	3.535454e-02	-1.397227e+01
3.728000e-05	3.213847e-02	-1.397180e+01
3.729000e-05	2.325939e-02	-1.400333e+01
3.730000e-05	2.120249e-02	-1.403385e+01
3.731000e-05	3.192575e-02	-1.402438e+01
3.732000e-05	4.082973e-02	-1.406593e+01
3.733000e-05	3.562169e-02	-1.404591e+01
3.734000e-05	3.066430e-02	-1.405443e+01
3.735000e-05	3.363048e-02	-1.397438e+01
3.736000e-05	4.483916e-02	-1.398430e+01
3.737000e-05	4.467424e-02	-1.396237e+01
3.738000e-05	3.848053e-02	-1.394163e+01
3.739000e-05	3.594455e-02	-1.392966e+01
3.740000e-05	4.385382e-02	-1.386651e+01
3.741000e-05	5.107209e-02	-1.383496e+01
3.742000e-05	4.599896e-02	-1.378288e+01
3.743000e-05	4.028225e-02	-1.375012e+01
3.744000e-05	3.989001e-02	-1.367612e+01
3.745000e-05	4.608132e-02	-1.362540e+01
3.746000e-05	4.621467e-02	-1.357222e+01
3.747000e-05	3.877778e-02	-1.344645e+01
3.748000e-05	3.269366e-02	-1.339480e+01
3.749000e-05	3.457281e-02	-1.331974e+01
3.750000e-05	3.623210e-02	-1.321656e+01
3.751000e-05	3.365807e-02	-1.315127e+01
3.752000e-05	2.546216e-02	-1.307661e+01
3.753000e-05	2.261380e-02	-1.295130e+01
3.754000e-05	2.504021e-02	-1.290664e+01
3.755000e-05	2.752110e-02	-1.279233e+01
3.756000e-05	2.130375e-02	-1.267701e+01
3.757000e-05	1.570764e-02	-1.256127e+01
3.758000e-05	1.503727e-02	-1.242650e+01
3.759000e-05	1.872632e-02	-1.225818e+01
3.760000e-05	1.817938e-02	-1.217132e+01
3.761000e-05	1.251875e-02	-1.204698e+01
3.762000e-05	9.398064e-03	-1.188896e+01
3.763000e-05	1.192084e-02	-1.170072e+01
3.764000e-05	1.450188e-02	-1.155127e+01
3.765000e-05	1.191393e-02	-1.134292e+01
3.766000e-05	6.765214e-03	-1.118485e+01
3.767000e-05	5.737930e-03	-1.102356e+01
3.768000e-05	8.981245e-03	-1.090571e+01
3.769000e-05	8.668688e-03	-1.072919e+01
3.770000e-05	5.518617e-03	-1.056335e+01
3.771000e-05	2.549501e-03	-1.039395e+01
3.772000e-05	4.886195e-03	-1.020443e+01
3.773000e-05	7.706126e-03	-1.005452e+01
3.774000e-05	5.708746e-03	-9.824580e+00
3.775000e-05	1.860269e-03	-9.696134e+00
3.776000e-05	1.515594e-03	-9.498563e+00
3.777000e-05	4.158296e-03	-9.287663e+00
3.778000e-05	3.742385e-03	-9.107186e+00
3.779000e-05	2.464650e-03	-8.918239e+00
3.780000e-05	-6.590003e-04	-8.698634e+00
3.781000e-05	1.070524e-03	-8.466189e+00
3.782000e-05	3.905083e-03	-8.266689e+00
3.783000e-05	2.743896e-03	-8.117709e+00
3.784000e-05	-8.048902e-04	-7.878490e+00
3.785000e-05	-2.221164e-03	-7.592922e+00
3.786000e-05	4.396524e-04	-7.351872e+00
3.787000e-05	2.005348e-03	-7.180367e+00
3.788000e-05	-3.326501e-04	-6.930164e+00
3.789000e-05	-2.573028e-03	-6.656184e+00
3.790000e-05	-1.419581e-03	-6.495637e+00
3.791000e-05	-3.673378e-04	-6.233102e+00
3.792000e-05	-2.637502e-04	-5.970894e+00
3.793000e-05	-2.265616e-03	-5.720888e+00
3.794000e-05	-4.570268e-03	-5.528696e+00
3.795000e-05	-1.566298e-03	-5.222505e+00
3.796000e-05	-1.615712e-03	-5.011869e+00
3.797000e-05	-1.743531e-03	-4.683210e+00
3.798000e-05	-4.190410e-03	-4.445684e+00
3.799000e-05	-3.987047e-03	-4.244106e+00
3.800000e-05	-2.452005e-03	-3.961979e+00
3.801000e-05	-3.276472e-03	-3.720894e+00
3.802000e-05	-4.539006e-03	-3.507791e+00
3.803000e-05	-6.884637e-03	-3.265204e+00
3.804000e-05	-4.175796e-03	-2.992550e+00
3.805000e-05	-4.644552e-03	-2.727841e+00
3.806000e-05	-2.755613e-03	-2.475710e+00
3.807000e-05	-6.248424e-03	-2.244054e+00
3.808000e-05	-4.259919e-03	-1.967971e+00
3.809000e-05	-4.869164e-03	-1.717841e+00
3.810000e-05	-4.431275e-03	-1.404181e+00
3.811000e-05	-7.224925e-03	-1.148414e+00
3.812000e-05	-7.932904e-03	-8.957840e-01
3.813000e-05	-6.304579e-03	-6.216512e-01
3.814000e-05	-3.949315e-03	-3.694444e-01
3.815000e-05	-3.278499e-03	-1.178932e-01
3.816000e-05	1.688790e-03	1.237410e-01
3.817000e-05	2.000187e-03	3.983726e-01
3.818000e-05	-3.236242e-03	6.108502e-01
3.819000e-05	1.007062e-03	8.514791e-01
3.820000e-05	-5.855346e-03	1.105141e+00
3.821000e-05	-3.010464e-03	1.365846e+00
3.822000e-05	-3.689878e-03	1.713104e+00
3.823000e-05	1.816285e-02	1.862183e+00
3.824000e-05	6.207281e-02	2.133211e+00
3.825000e-05	3.484339e-02	2.387922e+00
3.826000e-05	-7.904397e-02	2.713712e+00
3.827000e-05	-2.168026e-02	2.987398e+00
3.828000e-05	-3.676660e-02	3.191875e+00
3.829000e-05	-6.158364e-02	3.482078e+00
3.830000e-05	-2.204593e-02	3.631429e+00
3.831000e-05	1.334342e-01	3.830426e+00
3.832000e-05	-1.582541e-01	4.082506e+00
3.833000e-05	1.001894e-01	4.325166e+00
3.834000e-05	5.152008e-02	4.607874e+00
3.835000e-05	-7.778892e-02	4.819857e+00
3.836000e-05	6.297682e-02	5.112592e+00
3.837000e-05	-8.707116e-02	5.409403e+00
3.838000e-05	1.310748e-02	5.620897e+00
3.839000e-05	1.022299e-02	5.905058e+00
3.840000e-05	-2.510758e-02	6.117216e+00
3.841000e-05	2.705946e-02	6.347245e+00
3.842000e-05	-4.455312e-02	6.619372e+00
3.843000e-05	2.183999e-02	6.843430e+00
3.844000e-05	-2.168390e-02	7.094460e+00
3.845000e-05	-4.442395e-03	7.275533e+00
3.846000e-05	4.760909e-03	7.537146e+00
3.847000e-05	-5.118094e-02	7.790348e+00
3.848000e-05	6.137427e-02	8.044330e+00
3.849000e-05	-4.519712e-02	8.234081e+00
3.850000e-05	3.800342e-03	8.442428e+00
3.851000e-05	-2.652848e-02	8.651377e+00
3.852000e-05	-6.039485e-03	8.833325e+00
3.853000e-05	5.796945e-03	8.999927e+00
3.854000e-05	-1.701426e-02	9.282475e+00
3.855000e-05	2.987381e-03	9.422451e+00
3.856000e-05	-2.892696e-02	9.591425e+00
3.857000e-05	1.095791e-02	9.761274e+00
3.858000e-05	-1.973039e-02	9.989699e+00
3.859000e-05	-1.313744e-02	1.021027e+01
3.860000e-05	-2.357650e-02	1.036866e+01
3.861000e-05	-9.868393e-03	1.050667e+01
3.862000e-05	3.918053e-04	1.071591e+01
3.863000e-05	-9.302203e-03	1.089503e+01
3.864000e-05	-1.465784e-02	1.101090e+01
3.865000e-05	-2.141525e-02	1.119127e+01
3.866000e-05	-7.660158e-03	1.134077e+01
3.867000e-05	-1.516582e-02	1.152704e+01
3.868000e-05	-1.598347e-02	1.168504e+01
3.869000e-05	-2.359142e-02	1.183440e+01
3.870000e-05	-1.230189e-02	1.198972e+01
3.871000e-05	-9.507363e-03	1.204756e+01
3.872000e-05	-1.140809e-02	1.222333e+01
3.873000e-05	-2.310461e-02	1.237215e+01
3.874000e-05	-2.255834e-02	1.248604e+01
3.875000e-05	-1.570532e-02	1.257082e+01
3.876000e-05	-1.620488e-02	1.268801e+01
3.877000e-05	-2.115278e-02	1.279285e+01
3.878000e-05	-2.732072e-02	1.291816e+01
3.879000e-05	-2.079491e-02	1.300230e+01
3.880000e-05	-1.801711e-02	1.308699e+01
3.881000e-05	-1.686048e-02	1.321120e+01
3.882000e-05	-2.714035e-02	1.329609e+01
3.883000e-05	-2.593671e-02	1.330917e+01
3.884000e-05	-2.385701e-02	1.342232e+01
3.885000e-05	-2.170408e-02	1.347649e+01
3.886000e-05	-2.711249e-02	1.354072e+01
3.887000e-05	-3.247464e-02	1.361381e+01
3.888000e-05	-2.932429e-02	1.363753e+01
3.889000e-05	-2.743905e-02	1.371762e+01
3.890000e-05	-2.501654e-02	1.372182e+01
3.891000e-05	-3.467479e-02	1.378538e+01
3.892000e-05	-3.251553e-02	1.384641e+01
3.893000e-05	-3.265782e-02	1.387593e+01
3.894000e-05	-2.929210e-02	1.387049e+01
3.895000e-05	-3.536387e-02	1.390896e+01
3.896000e-05	-4.114191e-02	1.398112e+01
3.897000e-05	-4.122064e-02	1.394209e+01
3.898000e-05	-3.924540e-02	1.392174e+01
3.899000e-05	-3.818971e-02	1.394159e+01
3.900000e-05	-4.356313e-02	1.396212e+01
3.901000e-05	-4.609879e-02	1.394999e+01
3.902000e-05	-4.627633e-02	1.391004e+01
3.903000e-05	-4.451707e-02	1.386801e+01
3.904000e-05	-4.860155e-02	1.384739e+01
3.905000e-05	-5.337938e-02	1.384633e+01
3.906000e-05	-5.437478e-02	1.377530e+01
3.907000e-05	-5.034235e-02	1.376074e+01
3.908000e-05	-4.867065e-02	1.365802e+01
3.909000e-05	-5.334843e-02	1.364546e+01
3.910000e-05	-5.326118e-02	1.359280e+01
3.911000e-05	-5.151872e-02	1.351962e+01
3.912000e-05	-4.664193e-02	1.344696e+01
3.913000e-05	-4.613380e-02	1.339428e+01
3.914000e-05	-4.606799e-02	1.330869e+01
3.915000e-05	-4.518069e-02	1.324601e+01
3.916000e-05	-3.993533e-02	1.317222e+01
3.917000e-05	-3.615451e-02	1.304648e+01
3.918000e-05	-3.646993e-02	1.297277e+01
3.919000e-05	-3.570597e-02	1.285808e+01
3.920000e-05	-3.290518e-02	1.277187e+01
3.921000e-05	-2.913792e-02	1.267556e+01
3.922000e-05	-2.817739e-02	1.257227e+01
3.923000e-05	-2.881117e-02	1.243508e+01
3.924000e-05	-2.808738e-02	1.231224e+01
3.925000e-05	-2.439070e-02	1.220235e+01
3.926000e-05	-2.289379e-02	1.203706e+01
3.927000e-05	-2.097814e-02	1.194767e+01
3.928000e-05	-1.997829e-02	1.179285e+01
3.929000e-05	-2.139540e-02	1.160743e+01
3.930000e-05	-1.778933e-02	1.145908e+01
3.931000e-05	-2.351884e-02	1.128968e+01
3.932000e-05	-1.886978e-02	1.116224e+01
3.933000e-05	-1.945405e-02	1.097340e+01
3.934000e-05	-1.650752e-02	1.082655e+01
3.935000e-05	-1.339433e-02	1.068858e+01
3.936000e-05	-1.559268e-02	1.050761e+01
3.937000e-05	-1.319562e-02	1.031924e+01
3.938000e-05	-1.558163e-02	1.013134e+01
3.939000e-05	-1.432031e-02	9.961293e+00
3.940000e-05	-1.705051e-02	9.731297e+00
3.941000e-05	-1.470513e-02	9.591274e+00
3.942000e-05	-1.458804e-02	9.372400e+00
3.943000e-05	-1.100614e-02	9.202551e+00
3.944000e-05	-1.047803e-02	9.014901e+00
3.945000e-05	-9.345197e-03	8.791899e+00
3.946000e-05	-1.161560e-02	8.573923e+00
3.947000e-05	-1.267899e-02	8.403979e+00
3.948000e-05	-1.266031e-02	8.163951e+00
3.949000e-05	-1.258422e-02	7.980424e+00
3.950000e-05	-1.089242e-02	7.761869e+00
3.951000e-05	-1.129876e-02	7.510339e+00
3.952000e-05	-9.212338e-03	7.275054e+00
3.953000e-05	-7.733744e-03	7.055133e+00
3.954000e-05	-8.382791e-03	6.863604e+00
3.955000e-05	-8.486345e-03	6.613476e+00
3.956000e-05	-1.033229e-02	6.340951e+00
3.957000e-05	-1.090262e-02	6.160969e+00
3.958000e-05	-9.094369e-03	5.909868e+00
3.959000e-05	-8.422104e-03	5.655709e+00
3.960000e-05	-8.560782e-03	5.475581e+00
3.961000e-05	-7.629031e-03	5.182848e+00
3.962000e-05	-7.557061e-03	4.856135e+00
3.963000e-05	-7.417133e-03	4.605557e+00
3.964000e-05	-7.162625e-03	4.421475e+00
3.965000e-05	-7.797130e-03	4.119988e+00
3.966000e-05	-8.282530e-03	3.866684e+00
3.967000e-05	-7.714838e-03	3.675180e+00
3.968000e-05	-6.436211e-03	3.414948e+00
3.969000e-05	-7.428557e-03	3.117317e+00
3.970000e-05	-7.350435e-03	2.915711e+00
3.971000e-05	-6.623093e-03	2.685629e+00
3.972000e-05	-6.490440e-03	2.329422e+00
3.973000e-05	-5.913758e-03	2.158838e+00
3.974000e-05	-5.839124e-03	1.907788e+00
3.975000e-05	-5.949811e-03	1.594055e+00
3.976000e-05	-6.122769e-03	1.368341e+00
3.977000e-05	-5.872573e-03	1.056705e+00
3.978000e-05	-5.831194e-03	7.889196e-01
3.979000e-05	-5.807383e-03	5.183643e-01
3.980000e-05	-3.644271e-03	3.163564e-01
3.981000e-05	-3.272858e-03	1.572322e-03
3.982000e-05	2.699045e-03	-2.595279e-01
3.983000e-05	5.470077e-03	-4.616029e-01
3.984000e-05	-4.485843e-03	-7.372397e-01
3.985000e-05	1.483360e-03	-9.558460e-01
3.986000e-05	-4.556926e-03	-1.222422e+00
3.987000e-05	2.194224e-04	-1.492162e+00
3.988000e-05	7.146749e-05	-1.685762e+00
3.989000e-05	4.828528e-02	-1.935665e+00
3.990000e-05	9.616548e-02	-2.157375e+00
3.991000e-05	-7.615272e-02	-2.585821e+00
3.992000e-05	-6.924330e-03	-2.884163e+00
3.993000e-05	-5.533724e-02	-3.188394e+00
3.994000e-05	-5.645102e-02	-3.345739e+00
3.995000e-05	-1.236640e-03	-3.494660e+00
3.996000e-05	1.534586e-01	-3.631029e+00
3.997000e-05	-1.917964e-01	-3.969346e+00
3.998000e-05	1.785958e-01	-4.198873e+00
3.999000e-05	-6.151569e-02	-4.379850e+00
4.000000e-05	-1.266566e-02	-4.757116e+00
4.001000e-05	1.172136e-01	-4.936667e+00
4.002000e-05	-1.851068e-01	-5.220479e+00
4.003000e-05	7.073951e-02	-5.516667e+00
4.004000e-05	2.165091e-03	-5.685113e+00
4.005000e-05	-2.068888e-02	-5.998376e+00
4.006000e-05	1.200223e-01	-6.180421e+00
4.007000e-05	-1.509686e-01	-6.473083e+00
4.008000e-05	1.228537e-01	-6.695587e+00
4.009000e-05	-5.707566e-02	-6.896621e+00
4.010000e-05	2.874127e-02	-7.221374e+00
4.011000e-05	2.198238e-02	-7.410324e+00
4.012000e-05	-1.087136e-01	-7.683408e+00
4.013000e-05	1.630653e-01	-7.917586e+00
4.014000e-05	-1.060812e-01	-8.107190e+00
4.015000e-05	9.412302e-02	-8.327214e+00
4.016000e-05	-7.150327e-02	-8.517114e+00
4.017000e-05	5.901477e-03	-8.820248e+00
4.018000e-05	6.051722e-02	-8.938743e+00
4.019000e-05	-4.237079e-02	-9.187242e+00
4.020000e-05	7.731416e-02	-9.338719e+00
4.021000e-05	-9.100194e-02	-9.568723e+00
4.022000e-05	8.989183e-02	-9.697189e+00
4.023000e-05	-3.434163e-02	-9.897162e+00
4.024000e-05	3.294885e-02	-1.011809e+01
4.025000e-05	-2.467779e-02	-1.027651e+01
4.026000e-05	-7.348945e-03	-1.047661e+01
4.027000e-05	5.523302e-02	-1.065185e+01
4.028000e-05	-1.046309e-02	-1.082032e+01
4.029000e-05	3.968114e-02	-1.093977e+01
4.030000e-05	-4.379536e-02	-1.109712e+01
4.031000e-05	4.618532e-02	-1.134654e+01
4.032000e-05	-9.140854e-03	-1.145306e+01
4.033000e-05	2.990611e-02	-1.160333e+01
4.034000e-05	-1.714034e-02	-1.175175e+01
4.035000e-05	1.358893e-02	-1.194960e+01
4.036000e-05	2.465762e-02	-1.210611e+01
4.037000e-05	2.145194e-02	-1.224233e+01
4.038000e-05	1.177829e-02	-1.231767e+01
4.039000e-05	-9.308289e-03	-1.245499e+01
4.040000e-05	2.165659e-02	-1.259077e+01
4.041000e-05	1.576065e-02	-1.266849e+01
4.042000e-05	2.368488e-02	-1.279288e+01
4.043000e-05	-2.154349e-03	-1.291822e+01
4.044000e-05	1.386362e-02	-1.302185e+01
4.045000e-05	2.063631e-02	-1.311759e+01
4.046000e-05	2.940403e-02	-1.323282e+01
4.047000e-05	1.094182e-02	-1.330703e+01
4.048000e-05	9.402779e-03	-1.336232e+01
4.049000e-05	1.642622e-02	-1.345436e+01
4.050000e-05	3.024086e-02	-1.349907e+01
4.051000e-05	2.201326e-02	-1.362433e+01
4.052000e-05	1.135945e-02	-1.367601e+01
4.053000e-05	1.335918e-02	-1.374877e+01
4.054000e-05	2.590340e-02	-1.378077e+01
4.055000e-05	3.153443e-02	-1.381338e+01
4.056000e-05	2.181460e-02	-1.383600e+01
4.057000e-05	1.871187e-02	-1.390761e+01
4.058000e-05	2.345854e-02	-1.396027e+01
4.059000e-05	3.574871e-02	-1.398120e+01
4.060000e-05	3.051209e-02	-1.398432e+01
4.061000e-05	2.381976e-02	-1.398435e+01
4.062000e-05	2.209871e-02	-1.402390e+01
4.063000e-05	3.392075e-02	-1.405696e+01
4.064000e-05	4.073072e-02	-1.400585e+01
4.065000e-05	3.520699e-02	-1.401545e+01
4.066000e-05	3.017387e-02	-1.402593e+01
4.067000e-05	3.440263e-02	-1.402540e+01
4.068000e-05	4.411805e-02	-1.396432e+01
4.069000e-05	4.183548e-02	-1.398177e+01
4.070000e-05	3.900630e-02	-1.393225e+01
4.071000e-05	3.643879e-02	-1.389908e+01
4.072000e-05	4.739621e-02	-1.383651e+01
4.073000e-05	5.267378e-02	-1.383393e+01
4.074000e-05	4.628114e-02	-1.377130e+01
4.075000e-05	4.035656e-02	-1.375017e+01
4.076000e-05	3.821159e-02	-1.367666e+01
4.077000e-05	4.540935e-02	-1.361488e+01
4.078000e-05	4.278997e-02	-1.359077e+01
4.079000e-05	3.853291e-02	-1.346799e+01
4.080000e-05	3.355702e-02	-1.340333e+01
4.081000e-05	3.874947e-02	-1.333911e+01
4.082000e-05	3.928528e-02	-1.325595e+01
4.083000e-05	3.204107e-02	-1.316024e+01
4.084000e-05	2.266307e-02	-1.309598e+01
4.085000e-05	2.164436e-02	-1.294230e+01
4.086000e-05	2.563557e-02	-1.287701e+01
4.087000e-05	2.469133e-02	-1.279277e+01
4.088000e-05	1.910266e-02	-1.264601e+01
4.089000e-05	1.632415e-02	-1.253122e+01
4.090000e-05	2.062624e-02	-1.237493e+01
4.091000e-05	2.068054e-02	-1.226714e+01
4.092000e-05	1.684272e-02	-1.216125e+01
4.093000e-05	9.183618e-03	-1.203500e+01
4.094000e-05	9.005154e-03	-1.184818e+01
4.095000e-05	1.316414e-02	-1.170062e+01
4.096000e-05	1.334077e-02	-1.151927e+01
4.097000e-05	9.791924e-03	-1.136272e+01
4.098000e-05	6.181429e-03	-1.116175e+01
4.099000e-05	8.738018e-03	-1.101555e+01
4.100000e-05	1.006178e-02	-1.086553e+01
4.101000e-05	8.285187e-03	-1.072921e+01
4.102000e-05	3.134771e-03	-1.061237e+01
4.103000e-05	3.787385e-03	-1.036435e+01
4.104000e-05	6.429198e-03	-1.020390e+01
4.105000e-05	8.044570e-03	-1.000440e+01
4.106000e-05	3.714366e-03	-9.855053e+00
4.107000e-05	1.582465e-03	-9.685583e+00
4.108000e-05	2.946214e-03	-9.486582e+00
4.109000e-05	4.825053e-03	-9.275132e+00
4.110000e-05	3.443332e-03	-9.086111e+00
4.111000e-05	4.365661e-04	-8.867111e+00
4.112000e-05	-9.859194e-05	-8.646156e+00
4.113000e-05	2.708978e-03	-8.426029e+00
4.114000e-05	4.077959e-03	-8.255084e+00
4.115000e-05	9.542859e-04	-8.086635e+00
4.116000e-05	-1.626349e-03	-7.845056e+00
4.117000e-05	-9.687065e-04	-7.559369e+00
4.118000e-05	1.648211e-03	-7.331217e+00
4.119000e-05	1.147612e-03	-7.097788e+00
4.120000e-05	-5.432367e-04	-6.888134e+00
4.121000e-05	-1.958718e-03	-6.644631e+00
4.122000e-05	2.972993e-04	-6.434681e+00
4.123000e-05	5.315469e-05	-6.181923e+00
4.124000e-05	-6.073240e-04	-5.929343e+00
4.125000e-05	-4.203395e-03	-5.718838e+00
4.126000e-05	-3.838806e-03	-5.506818e+00
4.127000e-05	-1.677162e-03	-5.211954e+00
4.128000e-05	-1.579615e-03	-4.907790e+00
4.129000e-05	-3.775557e-03	-4.653132e+00
4.130000e-05	-3.396091e-03	-4.444131e+00
4.131000e-05	-3.595762e-03	-4.203928e+00
4.132000e-05	-1.796718e-03	-3.989428e+00
4.133000e-05	-5.049899e-03	-3.686765e+00
4.134000e-05	-5.428118e-03	-3.465710e+00
4.135000e-05	-6.325946e-03	-3.242656e+00
4.136000e-05	-2.351703e-03	-3.001418e+00
4.137000e-05	-3.698296e-03	-2.687267e+00
4.138000e-05	-3.671083e-03	-2.454733e+00
4.139000e-05	-5.911135e-03	-2.212521e+00
4.140000e-05	-3.986606e-03	-1.917417e+00
4.141000e-05	-4.208982e-03	-1.705738e+00
4.142000e-05	-5.266208e-03	-1.403630e+00
4.143000e-05	-8.185331e-03	-1.076789e+00
4.144000e-05	-7.489323e-03	-8.457341e-01
4.145000e-05	-5.556264e-03	-5.820272e-01
4.146000e-05	-4.743046e-03	-3.283931e-01
4.147000e-05	-3.681958e-03	-6.626292e-02
4.148000e-05	2.871333e-03	1.158450e-01
4.149000e-05	1.110057e-03	4.209804e-01
4.150000e-05	-9.314207e-04	6.504803e-01
4.151000e-05	-1.393922e-03	8.700068e-01
4.152000e-05	-5.065029e-03	1.154218e+00
4.153000e-05	-3.402479e-03	1.388871e+00
4.154000e-05	-1.630346e-03	1.695583e+00
4.155000e-05	2.024745e-02	1.944716e+00
4.156000e-05	6.898009e-02	2.115216e+00
4.157000e-05	1.566653e-02	2.420378e+00
4.158000e-05	-7.187793e-02	2.746266e+00
4.159000e-05	-2.564512e-02	2.996951e+00
4.160000e-05	-3.250883e-02	3.189948e+00
4.161000e-05	-7.347868e-02	3.445080e+00
4.162000e-05	4.151930e-03	3.613000e+00
4.163000e-05	1.189010e-01	3.841028e+00
4.164000e-05	-1.696878e-01	4.077612e+00
4.165000e-05	1.392248e-01	4.335693e+00
4.166000e-05	8.696571e-03	4.630427e+00
4.167000e-05	-5.350759e-02	4.821482e+00
4.168000e-05	5.528643e-02	5.166698e+00
4.169000e-05	-9.199048e-02	5.419981e+00
4.170000e-05	2.510557e-02	5.632433e+00
4.171000e-05	-9.757534e-04	5.954713e+00
4.172000e-05	-1.583599e-02	6.187817e+00
4.173000e-05	2.249453e-02	6.357320e+00
4.174000e-05	-4.641135e-02	6.631476e+00
4.175000e-05	2.736357e-02	6.844509e+00
4.176000e-05	-3.012734e-02	7.093510e+00
4.177000e-05	7.879521e-03	7.307492e+00
4.178000e-05	-8.515833e-03	7.617272e+00
4.179000e-05	-4.158118e-02	7.842929e+00
4.180000e-05	5.908936e-02	8.064531e+00
4.181000e-05	-5.178256e-02	8.305108e+00
4.182000e-05	1.171720e-02	8.443507e+00
4.183000e-05	-3.505597e-02	8.661983e+00
4.184000e-05	1.901236e-03	8.852480e+00
4.185000e-05	3.032419e-04	9.030902e+00
4.186000e-05	-1.299615e-02	9.274434e+00
4.187000e-05	-6.123472e-04	9.441980e+00
4.188000e-05	-2.859062e-02	9.622876e+00
4.189000e-05	1.289980e-02	9.832850e+00
4.190000e-05	-2.336178e-02	1.003145e+01
4.191000e-05	-1.008635e-02	1.018985e+01
4.192000e-05	-2.646684e-02	1.036877e+01
4.193000e-05	-7.905729e-03	1.053914e+01
4.194000e-05	-1.357137e-03	1.076756e+01
4.195000e-05	-9.542387e-03	1.087506e+01
4.196000e-05	-1.482978e-02	1.106295e+01
4.197000e-05	-2.217548e-02	1.119237e+01
4.198000e-05	-6.191462e-03	1.135082e+01
4.199000e-05	-1.663144e-02	1.155954e+01
4.200000e-05	-1.516879e-02	1.172702e+01
4.201000e-05	-2.578435e-02	1.183290e+01
4.202000e-05	-1.168593e-02	1.199129e+01
4.203000e-05	-9.567089e-03	1.213711e+01
4.204000e-05	-1.149892e-02	1.220341e+01
4.205000e-05	-2.372120e-02	1.236919e+01
4.206000e-05	-2.303952e-02	1.251756e+01
4.207000e-05	-1.486947e-02	1.260232e+01
4.208000e-05	-1.661029e-02	1.269704e+01
4.209000e-05	-2.114751e-02	1.280190e+01
4.210000e-05	-2.886199e-02	1.288711e+01
4.211000e-05	-2.063354e-02	1.301280e+01
4.212000e-05	-1.767129e-02	1.310846e+01
4.213000e-05	-1.662397e-02	1.320237e+01
4.214000e-05	-2.712447e-02	1.327764e+01
4.215000e-05	-2.635338e-02	1.335972e+01
4.216000e-05	-2.244101e-02	1.343288e+01
4.217000e-05	-2.115302e-02	1.351649e+01
4.218000e-05	-2.705082e-02	1.355272e+01
4.219000e-05	-3.393794e-02	1.360280e+01
4.220000e-05	-3.022323e-02	1.368648e+01
4.221000e-05	-2.642084e-02	1.372710e+01
4.222000e-05	-2.547594e-02	1.375230e+01
4.223000e-05	-3.443097e-02	1.381280e+01
4.224000e-05	-3.410370e-02	1.387688e+01
4.225000e-05	-3.176226e-02	1.385791e+01
4.226000e-05	-2.899789e-02	1.389906e+01
4.227000e-05	-3.558874e-02	1.393941e+01
4.228000e-05	-4.235254e-02	1.392917e+01
4.229000e-05	-4.130413e-02	1.395264e+01
4.230000e-05	-3.889081e-02	1.400062e+01
4.231000e-05	-3.790970e-02	1.393064e+01
4.232000e-05	-4.379132e-02	1.395067e+01
4.233000e-05	-4.697015e-02	1.390824e+01
4.234000e-05	-4.561853e-02	1.392099e+01
4.235000e-05	-4.366939e-02	1.391946e+01
4.236000e-05	-4.783664e-02	1.384598e+01
4.237000e-05	-5.375029e-02	1.382436e+01
4.238000e-05	-5.441584e-02	1.379127e+01
4.239000e-05	-5.061888e-02	1.375224e+01
4.240000e-05	-4.952672e-02	1.365811e+01
4.241000e-05	-5.309326e-02	1.363592e+01
4.242000e-05	-5.375186e-02	1.357329e+01
4.243000e-05	-5.093718e-02	1.350109e+01
4.244000e-05	-4.532506e-02	1.347445e+01
4.245000e-05	-4.579687e-02	1.336280e+01
4.246000e-05	-4.652594e-02	1.330819e+01
4.247000e-05	-4.451494e-02	1.324593e+01
4.248000e-05	-3.856169e-02	1.316120e+01
4.249000e-05	-3.560641e-02	1.304541e+01
4.250000e-05	-3.686944e-02	1.297075e+01
4.251000e-05	-3.657102e-02	1.288768e+01
4.252000e-05	-3.304545e-02	1.273214e+01
4.253000e-05	-2.877782e-02	1.264556e+01
4.254000e-05	-2.707625e-02	1.253975e+01
4.255000e-05	-2.958542e-02	1.247600e+01
4.256000e-05	-2.603034e-02	1.229122e+01
4.257000e-05	-2.513048e-02	1.220333e+01
4.258000e-05	-2.077846e-02	1.207748e+01
4.259000e-05	-2.378591e-02	1.189824e+01
4.260000e-05	-2.225457e-02	1.178275e+01
4.261000e-05	-2.254654e-02	1.162550e+01
4.262000e-05	-1.784456e-02	1.143438e+01
4.263000e-05	-1.830521e-02	1.132858e+01
4.264000e-05	-1.864883e-02	1.109969e+01
4.265000e-05	-1.972042e-02	1.096083e+01
4.266000e-05	-1.622003e-02	1.084503e+01
4.267000e-05	-1.427400e-02	1.069703e+01
4.268000e-05	-1.693890e-02	1.045659e+01
4.269000e-05	-1.657381e-02	1.029914e+01
4.270000e-05	-1.693128e-02	1.014076e+01
4.271000e-05	-1.260361e-02	9.951789e+00
4.272000e-05	-1.327987e-02	9.750217e+00
4.273000e-05	-1.292035e-02	9.509794e+00
4.274000e-05	-1.447361e-02	9.372871e+00
4.275000e-05	-1.155528e-02	9.143966e+00
4.276000e-05	-1.070917e-02	8.962924e+00
4.277000e-05	-1.114077e-02	8.729821e+00
4.278000e-05	-1.291066e-02	8.572946e+00
4.279000e-05	-1.293836e-02	8.383825e+00
4.280000e-05	-1.034512e-02	8.201874e+00
4.281000e-05	-1.030557e-02	7.941793e+00
4.282000e-05	-1.096893e-02	7.758816e+00
4.283000e-05	-1.089755e-02	7.498242e+00
4.284000e-05	-9.911587e-03	7.246054e+00
4.285000e-05	-8.428033e-03	7.005583e+00
4.286000e-05	-8.570315e-03	6.821529e+00
4.287000e-05	-9.618261e-03	6.581472e+00
4.288000e-05	-9.532337e-03	6.329865e+00
4.289000e-05	-9.724721e-03	6.130342e+00
4.290000e-05	-7.705126e-03	5.897808e+00
4.291000e-05	-9.557744e-03	5.665157e+00
4.292000e-05	-1.081379e-02	5.405526e+00
4.293000e-05	-7.216533e-03	5.131794e+00
4.294000e-05	-6.859245e-03	4.835032e+00
4.295000e-05	-6.730407e-03	4.582523e+00
4.296000e-05	-4.116165e-03	4.400925e+00
4.297000e-05	-1.022345e-02	4.127813e+00
4.298000e-05	-4.057419e-03	3.844152e+00
4.299000e-05	-9.135857e-03	3.612629e+00
4.300000e-05	-8.060877e-03	3.400468e+00
4.301000e-05	-9.333155e-03	3.128834e+00
4.302000e-05	-8.031348e-03	2.886160e+00
4.303000e-05	-5.890535e-03	2.634155e+00
4.304000e-05	-4.121549e-03	2.338840e+00
4.305000e-05	-3.791302e-03	2.116309e+00
4.306000e-05	-5.601965e-03	1.856231e+00
4.307000e-05	-7.723944e-03	1.591574e+00
4.308000e-05	-6.573201e-03	1.298915e+00
4.309000e-05	-6.117168e-03	1.042625e+00
4.310000e-05	-6.204133e-03	7.379181e-01
4.311000e-05	-7.246935e-03	4.981618e-01
4.312000e-05	-3.982648e-03	2.046813e-01
4.313000e-05	-1.800546e-04	-3.148037e-02
4.314000e-05	6.002727e-03	-2.326081e-01
4.315000e-05	3.496911e-03	-4.516145e-01
4.316000e-05	-4.773925e-03	-7.683225e-01
4.317000e-05	-1.437005e-03	-9.884752e-01
4.318000e-05	-3.916945e-03	-1.230559e+00
4.319000e-05	-2.287635e-03	-1.536737e+00
4.320000e-05	2.406647e-03	-1.736242e+00
4.321000e-05	5.536865e-02	-1.936819e+00
4.322000e-05	8.810616e-02	-2.218925e+00
4.323000e-05	-8.044642e-02	-2.629900e+00
4.324000e-05	-2.502231e-03	-2.936268e+00
4.325000e-05	-6.080169e-02	-3.218477e+00
4.326000e-05	-6.424876e-02	-3.376300e+00
4.327000e-05	3.218228e-02	-3.535216e+00
4.328000e-05	1.202903e-01	-3.642111e+00
4.329000e-05	-1.833041e-01	-4.031901e+00
4.330000e-05	1.967393e-01	-4.209923e+00
4.331000e-05	-1.083294e-01	-4.440981e+00
4.332000e-05	3.667361e-02	-4.748845e+00
4.333000e-05	8.245950e-02	-4.956795e+00
4.334000e-05	-1.856786e-01	-5.283534e+00
4.335000e-05	9.452583e-02	-5.546644e+00
4.336000e-05	-3.025918e-02	-5.736222e+00
4.337000e-05	1.792165e-02	-6.010929e+00
4.338000e-05	8.908991e-02	-6.192529e+00
4.339000e-05	-1.405299e-01	-6.495591e+00
4.340000e-05	1.355649e-01	-6.726163e+00
4.341000e-05	-8.329487e-02	-6.946713e+00
4.342000e-05	6.036953e-02	-7.252484e+00
4.343000e-05	-1.761679e-02	-7.411879e+00
4.344000e-05	-7.366698e-02	-7.695535e+00
4.345000e-05	1.501963e-01	-7.967596e+00
4.346000e-05	-1.093015e-01	-8.166742e+00
4.347000e-05	1.081783e-01	-8.347216e+00
4.348000e-05	-9.766313e-02	-8.538223e+00
4.349000e-05	3.772886e-02	-8.821845e+00
4.350000e-05	3.306055e-02	-8.959323e+00
4.351000e-05	-2.246928e-02	-9.188292e+00
4.352000e-05	6.029009e-02	-9.327696e+00
4.353000e-05	-8.331612e-02	-9.579700e+00
4.354000e-05	9.557751e-02	-9.769221e+00
4.355000e-05	-4.485036e-02	-9.916740e+00
4.356000e-05	4.585602e-02	-1.009711e+01
4.357000e-05	-4.187305e-02	-1.031651e+01
4.358000e-05	1.071298e-02	-1.048561e+01
4.359000e-05	4.120439e-02	-1.064351e+01
4.360000e-05	-2.064869e-03	-1.082285e+01
4.361000e-05	3.110869e-02	-1.093935e+01
4.362000e-05	-3.929882e-02	-1.113757e+01
4.363000e-05	4.814281e-02	-1.128759e+01
4.364000e-05	-1.001444e-02	-1.146612e+01
4.365000e-05	3.071468e-02	-1.164488e+01
4.366000e-05	-2.293014e-02	-1.177238e+01
4.367000e-05	1.978051e-02	-1.200114e+01
4.368000e-05	2.047177e-02	-1.211617e+01
4.369000e-05	2.518276e-02	-1.224295e+01
4.370000e-05	7.281079e-03	-1.234172e+01
4.371000e-05	-5.236217e-03	-1.247509e+01
4.372000e-05	2.139617e-02	-1.259132e+01
4.373000e-05	1.720687e-02	-1.273756e+01
4.374000e-05	2.018294e-02	-1.283488e+01
4.375000e-05	-2.759358e-03	-1.298024e+01
4.376000e-05	1.461719e-02	-1.302330e+01
4.377000e-05	2.238476e-02	-1.314964e+01
4.378000e-05	2.856175e-02	-1.321333e+01
4.379000e-05	1.048411e-02	-1.329912e+01
4.380000e-05	1.026455e-02	-1.338235e+01
4.381000e-05	1.719223e-02	-1.345583e+01
4.382000e-05	3.008974e-02	-1.351907e+01
4.383000e-05	1.951269e-02	-1.362075e+01
4.384000e-05	1.078101e-02	-1.369599e+01
4.385000e-05	1.346967e-02	-1.371869e+01
4.386000e-05	2.841218e-02	-1.375080e+01
4.387000e-05	3.174314e-02	-1.384333e+01
4.388000e-05	2.221282e-02	-1.386648e+01
4.389000e-05	1.718287e-02	-1.389756e+01
4.390000e-05	2.494489e-02	-1.397069e+01
4.391000e-05	3.556033e-02	-1.395288e+01
4.392000e-05	2.891830e-02	-1.397387e+01
4.393000e-05	2.222209e-02	-1.400380e+01
4.394000e-05	2.226522e-02	-1.400585e+01
4.395000e-05	3.561412e-02	-1.402543e+01
4.396000e-05	4.029731e-02	-1.399696e+01
4.397000e-05	3.527431e-02	-1.401583e+01
4.398000e-05	3.050803e-02	-1.400635e+01
4.399000e-05	3.605115e-02	-1.398438e+01
4.400000e-05	4.508788e-02	-1.398638e+01
4.401000e-05	4.346119e-02	-1.395282e+01
4.402000e-05	3.644149e-02	-1.395177e+01
4.403000e-05	3.779705e-02	-1.388859e+01
4.404000e-05	4.616603e-02	-1.382701e+01
4.405000e-05	5.193848e-02	-1.384438e+01
4.406000e-05	4.567925e-02	-1.375325e+01
4.407000e-05	3.874853e-02	-1.373027e+01
4.408000e-05	4.155046e-02	-1.366911e+01
4.409000e-05	4.656794e-02	-1.360390e+01
4.410000e-05	4.469067e-02	-1.359067e+01
4.411000e-05	3.658652e-02	-1.348798e+01
4.412000e-05	3.270466e-02	-1.339182e+01
4.413000e-05	3.554463e-02	-1.332962e+01
4.414000e-05	3.741228e-02	-1.321695e+01
4.415000e-05	3.177552e-02	-1.313972e+01
4.416000e-05	2.335617e-02	-1.307498e+01
4.417000e-05	2.391655e-02	-1.294177e+01
4.418000e-05	2.731242e-02	-1.287703e+01
4.419000e-05	2.664638e-02	-1.274174e+01
4.420000e-05	1.928578e-02	-1.264598e+01
4.421000e-05	1.458239e-02	-1.250967e+01
4.422000e-05	1.731408e-02	-1.239335e+01
4.423000e-05	1.995546e-02	-1.225701e+01
4.424000e-05	1.598939e-02	-1.216177e+01
4.425000e-05	1.066949e-02	-1.199495e+01
4.426000e-05	9.902136e-03	-1.181593e+01
4.427000e-05	1.428833e-02	-1.167816e+01
4.428000e-05	1.456543e-02	-1.153014e+01
4.429000e-05	9.295625e-03	-1.134129e+01
4.430000e-05	6.384058e-03	-1.115330e+01
4.431000e-05	6.661359e-03	-1.098437e+01
4.432000e-05	1.030345e-02	-1.086501e+01
4.433000e-05	8.396276e-03	-1.072776e+01
4.434000e-05	4.450367e-03	-1.056080e+01
4.435000e-05	3.380123e-03	-1.039185e+01
4.436000e-05	6.804119e-03	-1.016132e+01
4.437000e-05	8.853762e-03	-9.992847e+00
4.438000e-05	4.626572e-03	-9.822506e+00
4.439000e-05	2.014101e-03	-9.684552e+00
4.440000e-05	1.529687e-03	-9.454506e+00
4.441000e-05	4.704025e-03	-9.245002e+00
4.442000e-05	3.968716e-03	-9.055090e+00
4.443000e-05	1.362399e-03	-8.876081e+00
4.444000e-05	-2.117601e-04	-8.634632e+00
4.445000e-05	2.595781e-03	-8.402452e+00
4.446000e-05	3.358986e-03	-8.183557e+00
4.447000e-05	2.084985e-03	-8.042556e+00
4.448000e-05	-1.708863e-03	-7.804451e+00
4.449000e-05	-4.489947e-04	-7.559895e+00
4.450000e-05	8.515698e-04	-7.298290e+00
4.451000e-05	7.513486e-04	-7.078688e+00
4.452000e-05	-1.182484e-03	-6.845081e+00
4.453000e-05	-3.637407e-03	-6.632080e+00
4.454000e-05	-7.486561e-04	-6.413501e+00
4.455000e-05	-3.232177e-04	-6.160969e+00
4.456000e-05	-7.772579e-04	-5.907865e+00
4.457000e-05	-3.682157e-03	-5.677838e+00
4.458000e-05	-3.247712e-03	-5.477210e+00
4.459000e-05	-2.355964e-03	-5.161898e+00
4.460000e-05	-8.352177e-04	-4.908160e+00
4.461000e-05	-4.566799e-03	-4.602526e+00
4.462000e-05	-4.914563e-03	-4.402502e+00
4.463000e-05	-3.698245e-03	-4.170501e+00
4.464000e-05	-2.874751e-04	-3.968848e+00
4.465000e-05	-4.183712e-03	-3.678235e+00
4.466000e-05	-2.849049e-03	-3.454131e+00
4.467000e-05	-8.406605e-03	-3.191527e+00
4.468000e-05	-1.895734e-03	-2.928839e+00
4.469000e-05	-6.834236e-03	-2.674714e+00
4.470000e-05	-4.322271e-03	-2.412180e+00
4.471000e-05	-7.197553e-03	-2.141026e+00
4.472000e-05	-4.434849e-03	-1.907336e+00
4.473000e-05	-2.820825e-03	-1.685763e+00
4.474000e-05	-3.168341e-03	-1.350946e+00
4.475000e-05	-6.644583e-03	-1.076262e+00
4.476000e-05	-7.757936e-03	-8.531802e-01
4.477000e-05	-6.234665e-03	-5.999472e-01
4.478000e-05	-5.236273e-03	-3.278393e-01
4.479000e-05	-3.519417e-03	-4.523410e-02
4.480000e-05	3.603867e-03	1.874451e-01
4.481000e-05	1.693383e-04	4.310592e-01
4.482000e-05	2.367537e-03	6.716092e-01
4.483000e-05	-1.144081e-03	8.826082e-01
4.484000e-05	-4.160934e-03	1.198317e+00
4.485000e-05	-5.055064e-03	1.448903e+00
4.486000e-05	-1.195151e-03	1.715167e+00
4.487000e-05	2.429088e-02	1.894263e+00
4.488000e-05	7.564392e-02	2.156846e+00
4.489000e-05	-6.232708e-03	2.443529e+00
4.490000e-05	-6.159213e-02	2.798772e+00
4.491000e-05	-2.768208e-02	3.020426e+00
4.492000e-05	-2.700594e-02	3.209981e+00
4.493000e-05	-8.555088e-02	3.506162e+00
4.494000e-05	3.008815e-02	3.651528e+00
4.495000e-05	9.590699e-02	3.861558e+00
4.496000e-05	-1.670465e-01	4.147266e+00
4.497000e-05	1.686547e-01	4.357300e+00
4.498000e-05	-3.194635e-02	4.631979e+00
4.499000e-05	-2.963961e-02	4.874066e+00
4.500000e-05	4.069126e-02	5.169346e+00
4.501000e-05	-8.987661e-02	5.462531e+00
4.502000e-05	3.426276e-02	5.653508e+00
4.503000e-05	-1.157814e-02	5.986669e+00
4.504000e-05	-6.796455e-03	6.188392e+00
4.505000e-05	1.544375e-02	6.411348e+00
4.506000e-05	-4.340785e-02	6.642056e+00
4.507000e-05	3.038124e-02	6.894558e+00
4.508000e-05	-3.755475e-02	7.117563e+00
4.509000e-05	1.876735e-02	7.317094e+00
4.510000e-05	-2.147231e-02	7.628756e+00
4.511000e-05	-2.778902e-02	7.844456e+00
4.512000e-05	5.191662e-02	8.115088e+00
4.513000e-05	-5.403759e-02	8.286137e+00
4.514000e-05	1.639628e-02	8.463533e+00
4.515000e-05	-4.175670e-02	8.682984e+00
4.516000e-05	8.252794e-03	8.846008e+00
4.517000e-05	-4.476475e-03	9.025055e+00
4.518000e-05	-7.945645e-03	9.285036e+00
4.519000e-05	-4.310204e-03	9.455487e+00
4.520000e-05	-2.751253e-02	9.672935e+00
4.521000e-05	1.152491e-02	9.812404e+00
4.522000e-05	-2.670287e-02	1.004241e+01
4.523000e-05	-7.580630e-03	1.017090e+01
4.524000e-05	-2.775261e-02	1.039030e+01
4.525000e-05	-4.509809e-03	1.057982e+01
4.526000e-05	-3.086914e-03	1.073812e+01
4.527000e-05	-9.409345e-03	1.087709e+01
4.528000e-05	-1.494204e-02	1.104351e+01
4.529000e-05	-2.250216e-02	1.124330e+01
4.530000e-05	-6.655258e-03	1.143230e+01
4.531000e-05	-1.852259e-02	1.159870e+01
4.532000e-05	-1.461191e-02	1.173664e+01
4.533000e-05	-2.543817e-02	1.184446e+01
4.534000e-05	-1.001543e-02	1.200238e+01
4.535000e-05	-1.052454e-02	1.208762e+01
4.536000e-05	-1.260385e-02	1.226546e+01
4.537000e-05	-2.311806e-02	1.236170e+01
4.538000e-05	-2.152263e-02	1.251809e+01
4.539000e-05	-1.473996e-02	1.260132e+01
4.540000e-05	-1.798608e-02	1.274911e+01
4.541000e-05	-2.034530e-02	1.281338e+01
4.542000e-05	-2.717787e-02	1.292762e+01
4.543000e-05	-2.020607e-02	1.303488e+01
4.544000e-05	-1.820349e-02	1.312894e+01
4.545000e-05	-1.845800e-02	1.321328e+01
4.546000e-05	-2.691731e-02	1.329761e+01
4.547000e-05	-2.547152e-02	1.335022e+01
4.548000e-05	-2.182422e-02	1.344335e+01
4.549000e-05	-2.239408e-02	1.351951e+01
4.550000e-05	-2.662899e-02	1.354222e+01
4.551000e-05	-3.348459e-02	1.360380e+01
4.552000e-05	-2.890769e-02	1.364653e+01
4.553000e-05	-2.740691e-02	1.373667e+01
4.554000e-05	-2.638127e-02	1.379020e+01
4.555000e-05	-3.374506e-02	1.380433e+01
4.556000e-05	-3.301526e-02	1.384593e+01
4.557000e-05	-3.112994e-02	1.388743e+01
4.558000e-05	-3.001047e-02	1.388896e+01
4.559000e-05	-3.510204e-02	1.394009e+01
4.560000e-05	-4.268754e-02	1.400104e+01
4.561000e-05	-4.122574e-02	1.400864e+01
4.562000e-05	-3.900681e-02	1.396309e+01
4.563000e-05	-3.741842e-02	1.394119e+01
4.564000e-05	-4.496883e-02	1.395209e+01
4.565000e-05	-4.693023e-02	1.392099e+01
4.566000e-05	-4.505873e-02	1.390049e+01
4.567000e-05	-4.396684e-02	1.386786e+01
4.568000e-05	-4.878120e-02	1.384746e+01
4.569000e-05	-5.517751e-02	1.380480e+01
4.570000e-05	-5.337794e-02	1.378172e+01
4.571000e-05	-5.003646e-02	1.372067e+01
4.572000e-05	-4.840247e-02	1.364759e+01
4.573000e-05	-5.316073e-02	1.360588e+01
4.574000e-05	-5.411687e-02	1.358382e+01
4.575000e-05	-5.026296e-02	1.350749e+01
4.576000e-05	-4.607358e-02	1.346646e+01
4.577000e-05	-4.583073e-02	1.338330e+01
4.578000e-05	-4.670582e-02	1.330919e+01
4.579000e-05	-4.466491e-02	1.320490e+01
4.580000e-05	-3.918378e-02	1.309157e+01
4.581000e-05	-3.552557e-02	1.305745e+01
4.582000e-05	-3.620432e-02	1.294972e+01
4.583000e-05	-3.655839e-02	1.283703e+01
4.584000e-05	-3.211148e-02	1.275072e+01
4.585000e-05	-2.866024e-02	1.263543e+01
4.586000e-05	-2.679514e-02	1.255027e+01
4.587000e-05	-2.957825e-02	1.243448e+01
4.588000e-05	-2.579294e-02	1.230961e+01
4.589000e-05	-2.567555e-02	1.217225e+01
4.590000e-05	-2.043407e-02	1.201648e+01
4.591000e-05	-2.347288e-02	1.191814e+01
4.592000e-05	-2.184231e-02	1.176177e+01
4.593000e-05	-2.203640e-02	1.162388e+01
4.594000e-05	-1.860834e-02	1.143643e+01
4.595000e-05	-1.915609e-02	1.129698e+01
4.596000e-05	-1.855984e-02	1.113014e+01
4.597000e-05	-2.061323e-02	1.093842e+01
4.598000e-05	-1.533641e-02	1.083400e+01
4.599000e-05	-1.471669e-02	1.062403e+01
4.600000e-05	-1.439629e-02	1.043603e+01
4.601000e-05	-1.589042e-02	1.023606e+01
4.602000e-05	-1.479088e-02	1.011779e+01
4.603000e-05	-1.241357e-02	9.931713e+00
4.604000e-05	-1.367802e-02	9.700161e+00
4.605000e-05	-1.410642e-02	9.518238e+00
4.606000e-05	-1.580100e-02	9.371292e+00
4.607000e-05	-1.323996e-02	9.171399e+00
4.608000e-05	-9.912994e-03	8.961798e+00
4.609000e-05	-1.083014e-02	8.779793e+00
4.610000e-05	-9.642114e-03	8.551368e+00
4.611000e-05	-1.190887e-02	8.370872e+00
4.612000e-05	-1.011248e-02	8.141344e+00
4.613000e-05	-1.198976e-02	7.949316e+00
4.614000e-05	-1.155186e-02	7.739739e+00
4.615000e-05	-1.203370e-02	7.447660e+00
4.616000e-05	-9.930239e-03	7.242584e+00
4.617000e-05	-8.597472e-03	6.993502e+00
4.618000e-05	-7.504868e-03	6.782475e+00
4.619000e-05	-7.622300e-03	6.572418e+00
4.620000e-05	-9.115084e-03	6.308790e+00
4.621000e-05	-9.328042e-03	6.117264e+00
4.622000e-05	-9.168676e-03	5.876733e+00
4.623000e-05	-9.676320e-03	5.633976e+00
4.624000e-05	-9.053011e-03	5.381451e+00
4.625000e-05	-9.634545e-03	5.120789e+00
4.626000e-05	-8.099101e-03	4.812525e+00
4.627000e-05	-7.819115e-03	4.570397e+00
4.628000e-05	-5.326259e-03	4.358893e+00
4.629000e-05	-6.424294e-03	4.053139e+00
4.630000e-05	-6.556872e-03	3.832625e+00
4.631000e-05	-6.719452e-03	3.624504e+00
4.632000e-05	-7.287407e-03	3.310888e+00
4.633000e-05	-7.538444e-03	3.096207e+00
4.634000e-05	-8.720221e-03	2.864684e+00
4.635000e-05	-7.804335e-03	2.593025e+00
4.636000e-05	-6.541480e-03	2.296740e+00
4.637000e-05	-4.733721e-03	2.054760e+00
4.638000e-05	-4.242582e-03	1.844706e+00
4.639000e-05	-4.458948e-03	1.551318e+00
4.640000e-05	-5.553579e-03	1.287813e+00
4.641000e-05	-5.828669e-03	9.585269e-01
4.642000e-05	-6.379873e-03	7.168392e-01
4.643000e-05	-7.666523e-03	4.757052e-01
4.644000e-05	-5.793049e-03	1.850973e-01
4.645000e-05	-3.827608e-03	-6.255919e-02
4.646000e-05	6.230577e-03	-2.926606e-01
4.647000e-05	3.637719e-03	-4.656884e-01
4.648000e-05	3.492172e-04	-7.784514e-01
4.649000e-05	-1.221392e-03	-1.011425e+00
4.650000e-05	-1.321348e-03	-1.251582e+00
4.651000e-05	-3.690827e-03	-1.587292e+00
4.652000e-05	4.348292e-03	-1.756796e+00
4.653000e-05	6.272257e-02	-1.946293e+00
4.654000e-05	6.972184e-02	-2.260507e+00
4.655000e-05	-8.130992e-02	-2.642006e+00
4.656000e-05	-9.437561e-04	-2.948875e+00
4.657000e-05	-6.026396e-02	-3.201450e+00
4.658000e-05	-6.897650e-02	-3.418322e+00
4.659000e-05	6.824782e-02	-3.476767e+00
4.660000e-05	7.657106e-02	-3.674741e+00
4.661000e-05	-1.652393e-01	-4.042530e+00
4.662000e-05	2.038861e-01	-4.200429e+00
4.663000e-05	-1.441974e-01	-4.444412e+00
4.664000e-05	8.079335e-02	-4.788847e+00
4.665000e-05	4.277642e-02	-4.947741e+00
4.666000e-05	-1.732468e-01	-5.324163e+00
4.667000e-05	1.146539e-01	-5.556743e+00
4.668000e-05	-5.960897e-02	-5.797798e+00
4.669000e-05	5.364518e-02	-6.042056e+00
4.670000e-05	5.027091e-02	-6.253958e+00
4.671000e-05	-1.188364e-01	-6.576739e+00
4.672000e-05	1.370881e-01	-6.728718e+00
4.673000e-05	-1.006982e-01	-7.009271e+00
4.674000e-05	8.797627e-02	-7.284013e+00
4.675000e-05	-5.586717e-02	-7.442931e+00
4.676000e-05	-3.099515e-02	-7.747168e+00
4.677000e-05	1.259514e-01	-7.988743e+00
4.678000e-05	-1.045945e-01	-8.188321e+00
4.679000e-05	1.127361e-01	-8.328721e+00
4.680000e-05	-1.150190e-01	-8.537274e+00
4.681000e-05	6.802594e-02	-8.812905e+00
4.682000e-05	7.185734e-03	-8.981347e+00
4.683000e-05	-1.151052e-04	-9.211846e+00
4.684000e-05	3.855261e-02	-9.349747e+00
4.685000e-05	-7.020682e-02	-9.630222e+00
4.686000e-05	9.265038e-02	-9.779266e+00
4.687000e-05	-5.216595e-02	-9.948743e+00
4.688000e-05	5.434382e-02	-1.014819e+01
4.689000e-05	-5.405046e-02	-1.036804e+01
4.690000e-05	3.071874e-02	-1.049769e+01
4.691000e-05	2.839778e-02	-1.066448e+01
4.692000e-05	6.736524e-03	-1.085293e+01
4.693000e-05	1.924427e-02	-1.096927e+01
4.694000e-05	-3.133017e-02	-1.119872e+01
4.695000e-05	4.561553e-02	-1.133812e+01
4.696000e-05	-9.664522e-03	-1.147813e+01
4.697000e-05	3.099836e-02	-1.164343e+01
4.698000e-05	-2.452796e-02	-1.182532e+01
4.699000e-05	2.619035e-02	-1.204120e+01
4.700000e-05	1.754607e-02	-1.213817e+01
4.701000e-05	2.687094e-02	-1.223438e+01
4.702000e-05	1.321145e-03	-1.237980e+01
4.703000e-05	-1.398220e-03	-1.249809e+01
4.704000e-05	2.120704e-02	-1.258232e+01
4.705000e-05	1.841882e-02	-1.272902e+01
4.706000e-05	1.738277e-02	-1.283336e+01
4.707000e-05	-1.955326e-03	-1.293024e+01
4.708000e-05	1.598907e-02	-1.301343e+01
4.709000e-05	2.425407e-02	-1.313017e+01
4.710000e-05	2.742028e-02	-1.320383e+01
4.711000e-05	9.400426e-03	-1.332767e+01
4.712000e-05	1.059386e-02	-1.337235e+01
4.713000e-05	1.966632e-02	-1.344546e+01
4.714000e-05	3.023215e-02	-1.353164e+01
4.715000e-05	1.690153e-02	-1.364437e+01
4.716000e-05	1.083063e-02	-1.367699e+01
4.717000e-05	1.424859e-02	-1.369874e+01
4.718000e-05	2.993891e-02	-1.377180e+01
4.719000e-05	2.924970e-02	-1.385440e+01
4.720000e-05	2.181388e-02	-1.386804e+01
4.721000e-05	1.823838e-02	-1.391854e+01
4.722000e-05	2.755873e-02	-1.393209e+01
4.723000e-05	3.500562e-02	-1.399280e+01
4.724000e-05	2.798430e-02	-1.398333e+01
4.725000e-05	2.273772e-02	-1.396488e+01
4.726000e-05	2.374486e-02	-1.402538e+01
4.727000e-05	3.698773e-02	-1.404490e+01
4.728000e-05	3.955393e-02	-1.399491e+01
4.729000e-05	3.402034e-02	-1.402395e+01
4.730000e-05	3.052323e-02	-1.401483e+01
4.731000e-05	3.715144e-02	-1.400490e+01
4.732000e-05	4.516374e-02	-1.398277e+01
4.733000e-05	4.264752e-02	-1.399330e+01
4.734000e-05	3.595688e-02	-1.393126e+01
4.735000e-05	3.796195e-02	-1.392061e+01
4.736000e-05	4.756998e-02	-1.384853e+01
4.737000e-05	5.121050e-02	-1.386446e+01
4.738000e-05	4.526050e-02	-1.374329e+01
4.739000e-05	3.952483e-02	-1.373817e+01
4.740000e-05	4.288860e-02	-1.369564e+01
4.741000e-05	4.779820e-02	-1.361245e+01
4.742000e-05	4.361265e-02	-1.358209e+01
4.743000e-05	3.634390e-02	-1.343748e+01
4.744000e-05	3.276988e-02	-1.338177e+01
4.745000e-05	3.628914e-02	-1.332911e+01
4.746000e-05	3.624842e-02	-1.318347e+01
4.747000e-05	3.101553e-02	-1.311914e+01
4.748000e-05	2.348591e-02	-1.300448e+01
4.749000e-05	2.469789e-02	-1.294072e+01
4.750000e-05	2.696872e-02	-1.281706e+01
4.751000e-05	2.555819e-02	-1.277069e+01
4.752000e-05	1.888776e-02	-1.265543e+01
4.753000e-05	1.529521e-02	-1.249064e+01
4.754000e-05	1.766876e-02	-1.239235e+01
4.755000e-05	2.021665e-02	-1.225648e+01
4.756000e-05	1.616985e-02	-1.212122e+01
4.757000e-05	1.010050e-02	-1.197398e+01
4.758000e-05	1.103033e-02	-1.181388e+01
4.759000e-05	1.487858e-02	-1.165606e+01
4.760000e-05	1.369876e-02	-1.147809e+01
4.761000e-05	9.066686e-03	-1.132167e+01
4.762000e-05	6.132716e-03	-1.111082e+01
4.763000e-05	7.586971e-03	-1.098188e+01
4.764000e-05	9.895935e-03	-1.081453e+01
4.765000e-05	6.974305e-03	-1.064611e+01
4.766000e-05	3.519438e-03	-1.052984e+01
4.767000e-05	3.233984e-03	-1.036227e+01
4.768000e-05	6.544859e-03	-1.014972e+01
4.769000e-05	7.678225e-03	-9.991372e+00
4.770000e-05	4.239227e-03	-9.792900e+00
4.771000e-05	3.154788e-03	-9.644484e+00
4.772000e-05	3.527339e-03	-9.395002e+00
4.773000e-05	5.776319e-03	-9.224978e+00
4.774000e-05	3.178811e-03	-9.054055e+00
4.775000e-05	2.762220e-04	-8.835006e+00
4.776000e-05	-6.455384e-04	-8.635004e+00
4.777000e-05	7.848494e-04	-8.413454e+00
4.778000e-05	2.232431e-03	-8.204031e+00
4.779000e-05	2.540953e-04	-8.045003e+00
4.780000e-05	-5.743821e-04	-7.781923e+00
4.781000e-05	1.129469e-03	-7.548264e+00
4.782000e-05	2.081675e-03	-7.318732e+00
4.783000e-05	7.613181e-04	-7.038157e+00
4.784000e-05	-1.568377e-03	-6.845506e+00
4.785000e-05	-3.742477e-03	-6.572024e+00
4.786000e-05	-2.580262e-03	-6.410953e+00
4.787000e-05	-2.054241e-03	-6.131314e+00
4.788000e-05	-6.619030e-04	-5.877313e+00
4.789000e-05	-2.187503e-03	-5.655135e+00
4.790000e-05	-2.363117e-03	-5.395051e+00
4.791000e-05	-1.649884e-03	-5.178318e+00
4.792000e-05	-9.481875e-04	-4.837106e+00
4.793000e-05	-2.927981e-03	-4.569901e+00
4.794000e-05	-4.624483e-03	-4.400923e+00
4.795000e-05	-6.418736e-03	-4.129821e+00
4.796000e-05	-2.901512e-03	-3.918439e+00
4.797000e-05	-3.666375e-03	-3.644209e+00
4.798000e-05	-4.259347e-03	-3.413577e+00
4.799000e-05	-6.217012e-03	-3.151000e+00
4.800000e-05	-2.797341e-03	-2.887211e+00
4.801000e-05	-3.470771e-03	-2.635229e+00
4.802000e-05	-2.470224e-03	-2.411530e+00
4.803000e-05	-5.813255e-03	-2.127965e+00
4.804000e-05	-5.510087e-03	-1.857260e+00
4.805000e-05	-5.144361e-03	-1.653708e+00
4.806000e-05	-5.344259e-03	-1.353042e+00
4.807000e-05	-6.803398e-03	-1.044234e+00
4.808000e-05	-7.384117e-03	-8.121312e-01
4.809000e-05	-5.781559e-03	-5.279183e-01
4.810000e-05	-3.794951e-03	-2.766603e-01
4.811000e-05	-1.668075e-03	-4.470885e-02
4.812000e-05	4.664527e-03	2.089526e-01
4.813000e-05	-3.205790e-03	4.411606e-01
4.814000e-05	1.223973e-03	6.621630e-01
4.815000e-05	-3.091506e-03	9.131433e-01
4.816000e-05	-2.218735e-03	1.179395e+00
4.817000e-05	-5.029400e-03	1.492480e+00
4.818000e-05	4.702793e-04	1.756743e+00
4.819000e-05	2.710731e-02	1.966268e+00
4.820000e-05	8.185098e-02	2.188900e+00
4.821000e-05	-2.461099e-02	2.463664e+00
4.822000e-05	-5.185123e-02	2.829401e+00
4.823000e-05	-3.574445e-02	3.021532e+00
4.824000e-05	-2.561752e-02	3.263133e+00
4.825000e-05	-9.002315e-02	3.483664e+00
4.826000e-05	5.824480e-02	3.674055e+00
4.827000e-05	6.268371e-02	3.903641e+00
4.828000e-05	-1.553538e-01	4.168172e+00
4.829000e-05	1.839019e-01	4.420822e+00
4.830000e-05	-6.143856e-02	4.662584e+00
4.831000e-05	-3.960908e-03	4.885614e+00
4.832000e-05	1.971915e-02	5.207775e+00
4.833000e-05	-8.516564e-02	5.493983e+00
4.834000e-05	4.271897e-02	5.673593e+00
4.835000e-05	-1.898666e-02	6.009249e+00
4.836000e-05	1.259071e-03	6.220901e+00
4.837000e-05	4.213937e-03	6.442426e+00
4.838000e-05	-3.782774e-02	6.684985e+00
4.839000e-05	3.208794e-02	6.936217e+00
4.840000e-05	-4.154323e-02	7.135214e+00
4.841000e-05	2.501009e-02	7.299222e+00
4.842000e-05	-3.678407e-02	7.640827e+00
4.843000e-05	-1.168963e-02	7.883986e+00
4.844000e-05	4.247648e-02	8.116143e+00
4.845000e-05	-5.389850e-02	8.347188e+00
4.846000e-05	1.781246e-02	8.486641e+00
4.847000e-05	-4.406997e-02	8.684537e+00
4.848000e-05	1.498827e-02	8.844485e+00
4.849000e-05	-9.980375e-03	9.095484e+00
4.850000e-05	-5.762133e-03	9.297589e+00
4.851000e-05	-8.744631e-03	9.484485e+00
4.852000e-05	-2.316512e-02	9.664483e+00
4.853000e-05	1.183982e-02	9.893906e+00
4.854000e-05	-2.759812e-02	1.005453e+01
4.855000e-05	-8.097095e-03	1.020193e+01
4.856000e-05	-2.989598e-02	1.040273e+01
4.857000e-05	-1.529927e-03	1.058030e+01
4.858000e-05	-3.050548e-03	1.078917e+01
4.859000e-05	-1.098796e-02	1.091719e+01
4.860000e-05	-1.789395e-02	1.106496e+01
4.861000e-05	-2.053194e-02	1.125496e+01
4.862000e-05	-3.833046e-03	1.136233e+01
4.863000e-05	-1.810675e-02	1.155870e+01
4.864000e-05	-1.627921e-02	1.174859e+01
4.865000e-05	-2.616241e-02	1.187546e+01
4.866000e-05	-8.901301e-03	1.199187e+01
4.867000e-05	-9.167260e-03	1.210764e+01
4.868000e-05	-1.444293e-02	1.228591e+01
4.869000e-05	-2.475516e-02	1.242283e+01
4.870000e-05	-2.154284e-02	1.252819e+01
4.871000e-05	-1.267011e-02	1.261243e+01
4.872000e-05	-1.737740e-02	1.271859e+01
4.873000e-05	-2.262610e-02	1.281528e+01
4.874000e-05	-2.885129e-02	1.293825e+01
4.875000e-05	-1.837624e-02	1.302235e+01
4.876000e-05	-1.689594e-02	1.314851e+01
4.877000e-05	-1.978275e-02	1.324443e+01
4.878000e-05	-2.656546e-02	1.329814e+01
4.879000e-05	-2.589730e-02	1.336972e+01
4.880000e-05	-2.050490e-02	1.340630e+01
4.881000e-05	-2.285471e-02	1.350901e+01
4.882000e-05	-2.818262e-02	1.357277e+01
4.883000e-05	-3.406844e-02	1.362335e+01
4.884000e-05	-2.873945e-02	1.363548e+01
4.885000e-05	-2.590116e-02	1.376052e+01
4.886000e-05	-2.793126e-02	1.372323e+01
4.887000e-05	-3.478576e-02	1.381485e+01
4.888000e-05	-3.399765e-02	1.386748e+01
4.889000e-05	-3.022585e-02	1.384799e+01
4.890000e-05	-3.008023e-02	1.389751e+01
4.891000e-05	-3.603982e-02	1.391005e+01
4.892000e-05	-4.275660e-02	1.397154e+01
4.893000e-05	-4.046283e-02	1.399262e+01
4.894000e-05	-3.799009e-02	1.394267e+01
4.895000e-05	-3.819803e-02	1.394419e+01
4.896000e-05	-4.376177e-02	1.393109e+01
4.897000e-05	-4.755794e-02	1.391251e+01
4.898000e-05	-4.549353e-02	1.390851e+01
4.899000e-05	-4.538137e-02	1.388841e+01
4.900000e-05	-4.886838e-02	1.393740e+01
4.901000e-05	-5.548435e-02	1.382488e+01
4.902000e-05	-5.296267e-02	1.379330e+01
4.903000e-05	-5.001840e-02	1.370964e+01
4.904000e-05	-4.823199e-02	1.365846e+01
4.905000e-05	-5.409184e-02	1.361682e+01
4.906000e-05	-5.528715e-02	1.356129e+01
4.907000e-05	-5.023015e-02	1.348911e+01
4.908000e-05	-4.589189e-02	1.341535e+01
4.909000e-05	-4.449160e-02	1.342230e+01
4.910000e-05	-4.669654e-02	1.325817e+01
4.911000e-05	-4.347884e-02	1.323533e+01
4.912000e-05	-3.880497e-02	1.311159e+01
4.913000e-05	-3.581256e-02	1.301586e+01
4.914000e-05	-3.641660e-02	1.293114e+01
4.915000e-05	-3.706732e-02	1.279693e+01
4.916000e-05	-3.218085e-02	1.274824e+01
4.917000e-05	-2.881068e-02	1.262538e+01
4.918000e-05	-2.642671e-02	1.255169e+01
4.919000e-05	-3.049626e-02	1.241433e+01
4.920000e-05	-2.491209e-02	1.229756e+01
4.921000e-05	-2.448069e-02	1.214075e+01
4.922000e-05	-1.946435e-02	1.200440e+01
4.923000e-05	-2.333718e-02	1.188806e+01
4.924000e-05	-2.242004e-02	1.176017e+01
4.925000e-05	-2.199440e-02	1.159478e+01
4.926000e-05	-1.766085e-02	1.142388e+01
4.927000e-05	-1.826034e-02	1.125703e+01
4.928000e-05	-1.960000e-02	1.106911e+01
4.929000e-05	-1.817253e-02	1.095024e+01
4.930000e-05	-1.624872e-02	1.083285e+01
4.931000e-05	-1.431716e-02	1.061543e+01
4.932000e-05	-1.671030e-02	1.040550e+01
4.933000e-05	-1.649966e-02	1.026661e+01
4.934000e-05	-1.569073e-02	1.008863e+01
4.935000e-05	-1.229158e-02	9.928162e+00
4.936000e-05	-1.260948e-02	9.700639e+00
4.937000e-05	-1.233856e-02	9.507589e+00
4.938000e-05	-1.337270e-02	9.320718e+00
4.939000e-05	-1.140169e-02	9.139871e+00
4.940000e-05	-1.040887e-02	8.931767e+00
4.941000e-05	-1.185321e-02	8.759765e+00
4.942000e-05	-1.211128e-02	8.538841e+00
4.943000e-05	-1.252671e-02	8.350799e+00
4.944000e-05	-1.022402e-02	8.148243e+00
4.945000e-05	-1.014809e-02	7.917163e+00
4.946000e-05	-1.033575e-02	7.718134e+00
4.947000e-05	-1.197062e-02	7.466156e+00
4.948000e-05	-1.023093e-02	7.183977e+00
4.949000e-05	-8.507336e-03	6.991902e+00
4.950000e-05	-8.718727e-03	6.771926e+00
4.951000e-05	-9.801267e-03	6.568191e+00
4.952000e-05	-9.995969e-03	6.298189e+00
4.953000e-05	-7.511045e-03	6.105238e+00
4.954000e-05	-8.232999e-03	5.857633e+00
4.955000e-05	-8.704454e-03	5.572925e+00
4.956000e-05	-9.272365e-03	5.350897e+00
4.957000e-05	-8.731098e-03	5.107681e+00
4.958000e-05	-6.284938e-03	4.770978e+00
4.959000e-05	-7.175948e-03	4.541343e+00
4.960000e-05	-7.667190e-03	4.309218e+00
4.961000e-05	-7.698153e-03	4.054078e+00
4.962000e-05	-7.262271e-03	3.813498e+00
4.963000e-05	-6.555779e-03	3.580897e+00
4.964000e-05	-7.346604e-03	3.287786e+00
4.965000e-05	-7.841443e-03	3.076232e+00
4.966000e-05	-7.834630e-03	2.813129e+00
4.967000e-05	-5.899802e-03	2.521520e+00
4.968000e-05	-5.825265e-03	2.265258e+00
4.969000e-05	-6.099078e-03	2.025083e+00
4.970000e-05	-6.418492e-03	1.803527e+00
4.971000e-05	-5.735701e-03	1.530389e+00
4.972000e-05	-5.353294e-03	1.244706e+00
4.973000e-05	-4.663252e-03	9.204970e-01
4.974000e-05	-5.559730e-03	7.163116e-01
4.975000e-05	-4.957676e-03	4.341576e-01
4.976000e-05	-3.823932e-03	1.910522e-01
4.977000e-05	-3.063587e-03	-7.168695e-02
4.978000e-05	4.889895e-03	-3.242645e-01
4.979000e-05	-1.364879e-03	-4.942209e-01
4.980000e-05	7.074698e-04	-8.099278e-01
4.981000e-05	-2.608191e-03	-1.011507e+00
4.982000e-05	6.227682e-04	-1.294186e+00
4.983000e-05	-3.235953e-03	-1.588316e+00
4.984000e-05	9.770832e-03	-1.768821e+00
4.985000e-05	7.252196e-02	-1.999370e+00
4.986000e-05	5.141506e-02	-2.282638e+00
4.987000e-05	-7.747617e-02	-2.691563e+00
4.988000e-05	-5.061589e-03	-3.009902e+00
4.989000e-05	-6.074425e-02	-3.180580e+00
4.990000e-05	-7.355720e-02	-3.390402e+00
4.991000e-05	1.048227e-01	-3.515792e+00
4.992000e-05	2.639722e-02	-3.726667e+00
4.993000e-05	-1.294218e-01	-4.053582e+00
4.994000e-05	1.932304e-01	-4.232454e+00
4.995000e-05	-1.630913e-01	-4.495114e+00
4.996000e-05	1.174733e-01	-4.839427e+00
4.997000e-05	-2.167278e-03	-4.999448e+00
4.998000e-05	-1.521921e-01	-5.357267e+00
4.999000e-05	1.244220e-01	-5.588793e+00
