# 260612_13:30:55.742774
t	CH1	CH2
0.000000e+00	5.399902e-03	-3.789473e-01
1.000000e-08	-5.851286e-03	-6.005304e-01
2.000000e-08	2.140083e-03	-8.657630e-01
3.000000e-08	-5.435140e-03	-1.094864e+00
4.000000e-08	1.872717e-03	-1.381033e+00
5.000000e-08	-3.044266e-03	-1.622983e+00
6.000000e-08	2.508500e-02	-1.862208e+00
7.000000e-08	9.487713e-02	-2.093590e+00
8.000000e-08	-8.643499e-03	-2.443584e+00
9.000000e-08	-4.660173e-02	-2.809053e+00
1.000000e-07	-2.562002e-02	-3.114742e+00
1.100000e-07	-5.211254e-02	-3.314135e+00
1.200000e-07	-7.597723e-02	-3.482160e+00
1.300000e-07	1.636597e-01	-3.599400e+00
1.400000e-07	-8.442861e-02	-3.833616e+00
1.500000e-07	-5.998985e-04	-4.166822e+00
1.600000e-07	1.364174e-01	-4.356763e+00
1.700000e-07	-1.468939e-01	-4.641579e+00
1.800000e-07	1.568279e-01	-4.904163e+00
1.900000e-07	-9.629477e-02	-5.166768e+00
2.000000e-07	-6.462097e-02	-5.513133e+00
2.100000e-07	9.406532e-02	-5.691080e+00
2.200000e-07	-8.676121e-02	-5.934293e+00
2.300000e-07	1.337849e-01	-6.235821e+00
2.400000e-07	-8.285321e-02	-6.399451e+00
2.500000e-07	9.633292e-03	-6.712558e+00
2.600000e-07	5.739961e-02	-6.891059e+00
2.700000e-07	-6.780677e-02	-7.186217e+00
2.800000e-07	1.033424e-01	-7.408268e+00
2.900000e-07	-1.342852e-01	-7.619770e+00
3.000000e-07	1.015509e-01	-7.934630e+00
3.100000e-07	-5.971049e-03	-8.113187e+00
3.200000e-07	-9.906780e-03	-8.324711e+00
3.300000e-07	3.608954e-02	-8.553034e+00
3.400000e-07	-8.450882e-02	-8.783163e+00
3.500000e-07	1.003247e-01	-9.015216e+00
3.600000e-07	-4.758698e-02	-9.153688e+00
3.700000e-07	7.063336e-02	-9.403134e+00
3.800000e-07	-4.841021e-02	-9.583586e+00
3.900000e-07	1.932357e-02	-9.764687e+00
4.000000e-07	2.535125e-02	-9.934109e+00
4.100000e-07	-1.853460e-02	-1.015250e+01
4.200000e-07	2.413943e-02	-1.035355e+01
4.300000e-07	-4.533994e-02	-1.054306e+01
4.400000e-07	6.135960e-02	-1.069892e+01
4.500000e-07	-1.465733e-03	-1.085879e+01
4.600000e-07	3.877035e-02	-1.101426e+01
4.700000e-07	-2.316430e-02	-1.118258e+01
4.800000e-07	1.229329e-02	-1.138411e+01
4.900000e-07	1.042419e-02	-1.154245e+01
5.000000e-07	8.181483e-03	-1.175934e+01
5.100000e-07	6.095903e-03	-1.187675e+01
5.200000e-07	-6.122440e-03	-1.203627e+01
5.300000e-07	3.178110e-02	-1.217461e+01
5.400000e-07	2.049677e-02	-1.232138e+01
5.500000e-07	2.386650e-02	-1.243482e+01
5.600000e-07	-8.400029e-03	-1.259143e+01
5.700000e-07	1.046824e-02	-1.271720e+01
5.800000e-07	1.323900e-02	-1.282508e+01
5.900000e-07	2.117124e-02	-1.292050e+01
6.000000e-07	5.993267e-03	-1.305569e+01
6.100000e-07	8.335472e-03	-1.314093e+01
6.200000e-07	1.979972e-02	-1.322514e+01
6.300000e-07	3.033492e-02	-1.330987e+01
6.400000e-07	1.858673e-02	-1.344311e+01
6.500000e-07	8.714642e-03	-1.350827e+01
6.600000e-07	1.120285e-02	-1.354153e+01
6.700000e-07	2.469866e-02	-1.366679e+01
6.800000e-07	2.600022e-02	-1.373043e+01
6.900000e-07	1.543512e-02	-1.380255e+01
7.000000e-07	1.300815e-02	-1.386624e+01
7.100000e-07	2.059657e-02	-1.390930e+01
7.200000e-07	3.154507e-02	-1.397290e+01
7.300000e-07	2.554807e-02	-1.398308e+01
7.400000e-07	2.091952e-02	-1.407557e+01
7.500000e-07	2.070974e-02	-1.414829e+01
7.600000e-07	3.318448e-02	-1.417940e+01
7.700000e-07	3.375083e-02	-1.420090e+01
7.800000e-07	2.660245e-02	-1.420140e+01
7.900000e-07	2.227657e-02	-1.424305e+01
8.000000e-07	2.776910e-02	-1.426301e+01
8.100000e-07	3.951076e-02	-1.425349e+01
8.200000e-07	3.849940e-02	-1.426158e+01
8.300000e-07	3.478073e-02	-1.429400e+01
8.400000e-07	3.469750e-02	-1.423195e+01
8.500000e-07	4.312387e-02	-1.425200e+01
8.600000e-07	4.632712e-02	-1.420132e+01
8.700000e-07	4.090071e-02	-1.419884e+01
8.800000e-07	3.647945e-02	-1.416877e+01
8.900000e-07	4.181292e-02	-1.409506e+01
9.000000e-07	5.103645e-02	-1.402450e+01
9.100000e-07	4.994317e-02	-1.402095e+01
9.200000e-07	4.468793e-02	-1.391782e+01
9.300000e-07	4.100498e-02	-1.385463e+01
9.400000e-07	4.584546e-02	-1.382358e+01
9.500000e-07	4.720901e-02	-1.371945e+01
9.600000e-07	4.056295e-02	-1.368781e+01
9.700000e-07	3.324548e-02	-1.358298e+01
9.800000e-07	3.323078e-02	-1.352721e+01
9.900000e-07	3.627936e-02	-1.345559e+01
1.000000e-06	3.463113e-02	-1.335947e+01
1.010000e-06	2.723451e-02	-1.325666e+01
1.020000e-06	2.325586e-02	-1.314090e+01
1.030000e-06	2.581114e-02	-1.308663e+01
1.040000e-06	2.665243e-02	-1.295100e+01
1.050000e-06	2.163768e-02	-1.287574e+01
1.060000e-06	1.694521e-02	-1.273782e+01
1.070000e-06	1.559459e-02	-1.261306e+01
1.080000e-06	1.886962e-02	-1.247766e+01
1.090000e-06	1.827835e-02	-1.236987e+01
1.100000e-06	1.282535e-02	-1.225511e+01
1.110000e-06	9.579438e-03	-1.206736e+01
1.120000e-06	1.159261e-02	-1.194629e+01
1.130000e-06	1.484998e-02	-1.181148e+01
1.140000e-06	1.193172e-02	-1.154152e+01
1.150000e-06	7.155401e-03	-1.145340e+01
1.160000e-06	6.740265e-03	-1.124305e+01
1.170000e-06	8.867770e-03	-1.104724e+01
1.180000e-06	8.562758e-03	-1.089942e+01
1.190000e-06	5.788148e-03	-1.076145e+01
1.200000e-06	2.959708e-03	-1.059403e+01
1.210000e-06	4.118220e-03	-1.039348e+01
1.220000e-06	7.191137e-03	-1.019456e+01
1.230000e-06	6.988911e-03	-9.987658e+00
1.240000e-06	3.736926e-03	-9.827262e+00
1.250000e-06	2.892526e-03	-9.696786e+00
1.260000e-06	3.286627e-03	-9.476162e+00
1.270000e-06	4.022973e-03	-9.237764e+00
1.280000e-06	1.530622e-03	-9.087264e+00
1.290000e-06	-9.337498e-04	-8.867882e+00
1.300000e-06	1.018186e-03	-8.647658e+00
1.310000e-06	3.538048e-03	-8.405308e+00
1.320000e-06	3.818427e-03	-8.157312e+00
1.330000e-06	1.835946e-04	-8.034680e+00
1.340000e-06	-8.783700e-04	-7.784129e+00
1.350000e-06	6.328882e-04	-7.500424e+00
1.360000e-06	1.984050e-03	-7.280448e+00
1.370000e-06	-8.276898e-04	-7.109766e+00
1.380000e-06	-1.823815e-03	-6.783813e+00
1.390000e-06	-3.073097e-03	-6.616138e+00
1.400000e-06	9.906067e-04	-6.365108e+00
1.410000e-06	-6.501288e-04	-6.112000e+00
1.420000e-06	-4.861489e-04	-5.869892e+00
1.430000e-06	-4.703292e-03	-5.639367e+00
1.440000e-06	-1.601803e-03	-5.406609e+00
1.450000e-06	-2.776659e-03	-5.131350e+00
1.460000e-06	-6.302215e-05	-4.747608e+00
1.470000e-06	-4.831179e-03	-4.565154e+00
1.480000e-06	-2.695301e-03	-4.353603e+00
1.490000e-06	-3.047605e-03	-4.093027e+00
1.500000e-06	-1.728592e-03	-3.879920e+00
1.510000e-06	-5.029655e-03	-3.578838e+00
1.520000e-06	-5.012176e-03	-3.324632e+00
1.530000e-06	-4.946432e-03	-3.121576e+00
1.540000e-06	-3.253259e-03	-2.817891e+00
1.550000e-06	-3.650807e-03	-2.585863e+00
1.560000e-06	-5.349873e-03	-2.354174e+00
1.570000e-06	-3.529661e-03	-2.068920e+00
1.580000e-06	-4.507002e-03	-1.826891e+00
1.590000e-06	-4.404191e-03	-1.545257e+00
1.600000e-06	-7.244437e-03	-1.228422e+00
1.610000e-06	-6.660356e-03	-9.563122e-01
1.620000e-06	-7.113504e-03	-7.447808e-01
1.630000e-06	-4.184245e-03	-4.089210e-01
1.640000e-06	-4.086354e-03	-1.973897e-01
1.650000e-06	-2.653125e-04	8.319058e-02
1.660000e-06	5.818479e-03	3.279724e-01
1.670000e-06	-4.819276e-03	5.670000e-01
1.680000e-06	3.361501e-03	8.000025e-01
1.690000e-06	-7.063747e-03	1.074692e+00
1.700000e-06	-2.123248e-03	1.325817e+00
1.710000e-06	-6.028191e-03	1.650991e+00
1.720000e-06	1.109823e-02	1.863110e+00
1.730000e-06	4.523423e-02	2.053134e+00
1.740000e-06	6.717693e-02	2.346373e+00
1.750000e-06	-7.068561e-02	2.682609e+00
1.760000e-06	-2.652563e-02	2.947367e+00
1.770000e-06	-3.993631e-02	3.178400e+00
1.780000e-06	-3.735560e-02	3.420954e+00
1.790000e-06	-7.432869e-02	3.610026e+00
1.800000e-06	1.229827e-01	3.800853e+00
1.810000e-06	-6.588948e-02	4.084683e+00
1.820000e-06	-3.428275e-02	4.342768e+00
1.830000e-06	1.514287e-01	4.577452e+00
1.840000e-06	-1.071644e-01	4.859978e+00
1.850000e-06	5.522415e-02	5.103712e+00
1.860000e-06	-4.896425e-02	5.408979e+00
1.870000e-06	-3.206243e-02	5.629951e+00
1.880000e-06	3.271348e-02	5.881711e+00
1.890000e-06	-3.174953e-02	6.157240e+00
1.900000e-06	2.565459e-02	6.356270e+00
1.910000e-06	-3.155817e-02	6.648901e+00
1.920000e-06	-1.286166e-03	6.902001e+00
1.930000e-06	2.510445e-03	7.092539e+00
1.940000e-06	-2.589871e-02	7.345210e+00
1.950000e-06	2.544312e-02	7.595270e+00
1.960000e-06	-5.738248e-02	7.857450e+00
1.970000e-06	3.883215e-02	8.089508e+00
1.980000e-06	-9.574010e-03	8.321187e+00
1.990000e-06	-2.304305e-02	8.450504e+00
2.000000e-06	-5.521417e-03	8.679956e+00
2.010000e-06	-2.652184e-02	8.910927e+00
2.020000e-06	1.309089e-02	9.121052e+00
2.030000e-06	-1.663896e-02	9.302558e+00
2.040000e-06	2.976295e-03	9.500455e+00
2.050000e-06	-2.172105e-02	9.709525e+00
2.060000e-06	-2.828788e-03	9.939848e+00
2.070000e-06	-5.494013e-03	1.005940e+01
2.080000e-06	-2.216575e-02	1.027785e+01
2.090000e-06	-1.730129e-02	1.045722e+01
2.100000e-06	-2.037042e-02	1.067569e+01
2.110000e-06	1.260729e-03	1.079572e+01
2.120000e-06	-4.654423e-03	1.097261e+01
2.130000e-06	-1.364125e-02	1.111245e+01
2.140000e-06	-2.029474e-02	1.130097e+01
2.150000e-06	-1.300489e-02	1.148624e+01
2.160000e-06	-9.933332e-03	1.167777e+01
2.170000e-06	-1.807432e-02	1.180419e+01
2.180000e-06	-2.225121e-02	1.197108e+01
2.190000e-06	-1.799726e-02	1.209782e+01
2.200000e-06	-7.964490e-03	1.226464e+01
2.210000e-06	-8.545721e-03	1.235198e+01
2.220000e-06	-2.082311e-02	1.247932e+01
2.230000e-06	-2.343053e-02	1.263369e+01
2.240000e-06	-1.977203e-02	1.272940e+01
2.250000e-06	-1.371220e-02	1.285367e+01
2.260000e-06	-2.142948e-02	1.295087e+01
2.270000e-06	-2.525123e-02	1.308558e+01
2.280000e-06	-2.443761e-02	1.313238e+01
2.290000e-06	-1.781456e-02	1.326519e+01
2.300000e-06	-1.600391e-02	1.337100e+01
2.310000e-06	-2.527044e-02	1.342516e+01
2.320000e-06	-2.619213e-02	1.350832e+01
2.330000e-06	-2.579854e-02	1.354198e+01
2.340000e-06	-2.023215e-02	1.369471e+01
2.350000e-06	-2.598523e-02	1.375792e+01
2.360000e-06	-3.006100e-02	1.385103e+01
2.370000e-06	-3.223663e-02	1.387607e+01
2.380000e-06	-2.824881e-02	1.392622e+01
2.390000e-06	-2.576447e-02	1.398935e+01
2.400000e-06	-3.349344e-02	1.408245e+01
2.410000e-06	-3.472071e-02	1.403521e+01
2.420000e-06	-3.444528e-02	1.415716e+01
2.430000e-06	-2.891282e-02	1.411612e+01
2.440000e-06	-3.473089e-02	1.419729e+01
2.450000e-06	-4.017173e-02	1.416937e+01
2.460000e-06	-4.267465e-02	1.418250e+01
2.470000e-06	-4.021373e-02	1.419097e+01
2.480000e-06	-3.920306e-02	1.417042e+01
2.490000e-06	-4.314387e-02	1.416945e+01
2.500000e-06	-4.606124e-02	1.414940e+01
2.510000e-06	-4.852488e-02	1.418989e+01
2.520000e-06	-4.512402e-02	1.414672e+01
2.530000e-06	-4.945310e-02	1.408766e+01
2.540000e-06	-5.337614e-02	1.404363e+01
2.550000e-06	-5.609506e-02	1.403190e+01
2.560000e-06	-5.221152e-02	1.401123e+01
2.570000e-06	-5.066346e-02	1.391771e+01
2.580000e-06	-5.262028e-02	1.389461e+01
2.590000e-06	-5.468370e-02	1.378048e+01
2.600000e-06	-5.394208e-02	1.371937e+01
2.610000e-06	-4.814342e-02	1.368567e+01
2.620000e-06	-4.714700e-02	1.362142e+01
2.630000e-06	-4.618014e-02	1.350879e+01
2.640000e-06	-4.571212e-02	1.343503e+01
2.650000e-06	-4.069679e-02	1.338000e+01
2.660000e-06	-3.643852e-02	1.327584e+01
2.670000e-06	-3.530744e-02	1.319050e+01
2.680000e-06	-3.558818e-02	1.310714e+01
2.690000e-06	-3.406916e-02	1.301100e+01
2.700000e-06	-2.990038e-02	1.287616e+01
2.710000e-06	-2.769273e-02	1.276142e+01
2.720000e-06	-2.909849e-02	1.264561e+01
2.730000e-06	-2.622362e-02	1.256040e+01
2.740000e-06	-2.678182e-02	1.241353e+01
2.750000e-06	-2.104888e-02	1.230669e+01
2.760000e-06	-2.344754e-02	1.214139e+01
2.770000e-06	-1.913625e-02	1.197203e+01
2.780000e-06	-2.165633e-02	1.184714e+01
2.790000e-06	-1.709583e-02	1.171026e+01
2.800000e-06	-1.855842e-02	1.153972e+01
2.810000e-06	-1.942171e-02	1.134247e+01
2.820000e-06	-2.065324e-02	1.120353e+01
2.830000e-06	-1.943971e-02	1.106319e+01
2.840000e-06	-1.458358e-02	1.085736e+01
2.850000e-06	-1.287828e-02	1.069924e+01
2.860000e-06	-1.449869e-02	1.052792e+01
2.870000e-06	-1.384759e-02	1.035050e+01
2.880000e-06	-1.353782e-02	1.015052e+01
2.890000e-06	-1.420959e-02	9.971951e+00
2.900000e-06	-1.423455e-02	9.751999e+00
2.910000e-06	-1.563237e-02	9.573557e+00
2.920000e-06	-1.391876e-02	9.373658e+00
2.930000e-06	-1.090689e-02	9.193601e+00
2.940000e-06	-1.038106e-02	8.994004e+00
2.950000e-06	-1.045163e-02	8.763582e+00
2.960000e-06	-1.148974e-02	8.573557e+00
2.970000e-06	-1.100027e-02	8.385603e+00
2.980000e-06	-1.075755e-02	8.223077e+00
2.990000e-06	-1.109978e-02	7.921979e+00
3.000000e-06	-1.241368e-02	7.691522e+00
3.010000e-06	-1.107201e-02	7.488666e+00
3.020000e-06	-9.739656e-03	7.207786e+00
3.030000e-06	-8.657740e-03	7.016712e+00
3.040000e-06	-9.240382e-03	6.795178e+00
3.050000e-06	-1.012929e-02	6.553026e+00
3.060000e-06	-9.245794e-03	6.309994e+00
3.070000e-06	-8.595554e-03	6.090449e+00
3.080000e-06	-8.314337e-03	5.827218e+00
3.090000e-06	-9.533754e-03	5.606262e+00
3.100000e-06	-9.298531e-03	5.384530e+00
3.110000e-06	-7.962860e-03	5.067742e+00
3.120000e-06	-7.161687e-03	4.775157e+00
3.130000e-06	-7.504383e-03	4.512130e+00
3.140000e-06	-8.134067e-03	4.311425e+00
3.150000e-06	-7.058542e-03	3.997292e+00
3.160000e-06	-7.337284e-03	3.785258e+00
3.170000e-06	-6.614111e-03	3.532734e+00
3.180000e-06	-7.626346e-03	3.278397e+00
3.190000e-06	-6.552448e-03	3.017393e+00
3.200000e-06	-5.802719e-03	2.797258e+00
3.210000e-06	-6.128268e-03	2.461029e+00
3.220000e-06	-6.171885e-03	2.219417e+00
3.230000e-06	-6.487392e-03	1.986914e+00
3.240000e-06	-6.263345e-03	1.745108e+00
3.250000e-06	-6.236783e-03	1.450999e+00
3.260000e-06	-5.272301e-03	1.174815e+00
3.270000e-06	-5.577680e-03	8.715027e-01
3.280000e-06	-5.059931e-03	5.793922e-01
3.290000e-06	-5.019589e-03	3.969411e-01
3.300000e-06	-3.463246e-03	7.410647e-02
3.310000e-06	-1.597339e-03	-1.294499e-01
3.320000e-06	7.337140e-03	-3.699975e-01
3.330000e-06	-4.710340e-03	-6.352119e-01
3.340000e-06	3.487772e-03	-8.957422e-01
3.350000e-06	-4.702237e-03	-1.136348e+00
3.360000e-06	2.121099e-03	-1.441113e+00
3.370000e-06	-2.965134e-03	-1.650732e+00
3.380000e-06	3.028587e-02	-1.883238e+00
3.390000e-06	9.796097e-02	-2.094739e+00
3.400000e-06	-3.100137e-02	-2.495269e+00
3.410000e-06	-3.506425e-02	-2.831708e+00
3.420000e-06	-3.281159e-02	-3.168839e+00
3.430000e-06	-5.044553e-02	-3.344787e+00
3.440000e-06	-6.405973e-02	-3.525659e+00
3.450000e-06	1.774263e-01	-3.610399e+00
3.460000e-06	-1.296062e-01	-3.875218e+00
3.470000e-06	5.077921e-02	-4.198444e+00
3.480000e-06	8.349526e-02	-4.387246e+00
3.490000e-06	-1.234786e-01	-4.694161e+00
3.500000e-06	1.582590e-01	-4.934214e+00
3.510000e-06	-1.297820e-01	-5.207348e+00
3.520000e-06	-2.639847e-02	-5.513114e+00
3.530000e-06	7.347100e-02	-5.694187e+00
3.540000e-06	-7.621860e-02	-5.966799e+00
3.550000e-06	1.414583e-01	-6.246824e+00
3.560000e-06	-1.098606e-01	-6.471529e+00
3.570000e-06	4.665809e-02	-6.753633e+00
3.580000e-06	2.293198e-02	-6.923109e+00
3.590000e-06	-4.490277e-02	-7.236822e+00
3.600000e-06	8.632353e-02	-7.437895e+00
3.610000e-06	-1.369500e-01	-7.689454e+00
3.620000e-06	1.274563e-01	-7.963258e+00
3.630000e-06	-3.768520e-02	-8.144160e+00
3.640000e-06	2.301564e-02	-8.335263e+00
3.650000e-06	7.842468e-03	-8.561586e+00
3.660000e-06	-6.248524e-02	-8.827217e+00
3.670000e-06	9.180855e-02	-9.006244e+00
3.680000e-06	-5.070423e-02	-9.226195e+00
3.690000e-06	7.516858e-02	-9.405142e+00
3.700000e-06	-6.462802e-02	-9.595241e+00
3.710000e-06	4.153227e-02	-9.804691e+00
3.720000e-06	8.893077e-03	-9.953687e+00
3.730000e-06	-5.764142e-04	-1.017316e+01
3.740000e-06	1.227357e-02	-1.033411e+01
3.750000e-06	-3.645497e-02	-1.055956e+01
3.760000e-06	5.845153e-02	-1.067153e+01
3.770000e-06	-6.580867e-03	-1.088834e+01
3.780000e-06	3.839080e-02	-1.101767e+01
3.790000e-06	-2.937489e-02	-1.119564e+01
3.800000e-06	2.326996e-02	-1.139501e+01
3.810000e-06	7.980785e-03	-1.153298e+01
3.820000e-06	1.714422e-02	-1.177190e+01
3.830000e-06	-8.367279e-04	-1.189832e+01
3.840000e-06	-2.943625e-03	-1.206617e+01
3.850000e-06	2.708018e-02	-1.219411e+01
3.860000e-06	2.033010e-02	-1.231145e+01
3.870000e-06	2.057990e-02	-1.245727e+01
3.880000e-06	-8.592704e-03	-1.261256e+01
3.890000e-06	1.417823e-02	-1.268935e+01
3.900000e-06	1.621631e-02	-1.282519e+01
3.910000e-06	2.291544e-02	-1.297152e+01
3.920000e-06	3.121449e-03	-1.307817e+01
3.930000e-06	7.670600e-03	-1.312152e+01
3.940000e-06	1.844239e-02	-1.321469e+01
3.950000e-06	3.137520e-02	-1.337082e+01
3.960000e-06	1.735526e-02	-1.347306e+01
3.970000e-06	8.635833e-03	-1.350835e+01
3.980000e-06	1.225583e-02	-1.357393e+01
3.990000e-06	2.820155e-02	-1.364869e+01
4.000000e-06	2.705881e-02	-1.375100e+01
4.010000e-06	1.414795e-02	-1.376403e+01
4.020000e-06	1.098054e-02	-1.386569e+01
4.030000e-06	2.203244e-02	-1.393082e+01
4.040000e-06	3.364745e-02	-1.396145e+01
4.050000e-06	2.536014e-02	-1.399453e+01
4.060000e-06	1.954544e-02	-1.406514e+01
4.070000e-06	2.016767e-02	-1.414819e+01
4.080000e-06	3.426199e-02	-1.419027e+01
4.090000e-06	3.404525e-02	-1.422085e+01
4.100000e-06	2.599619e-02	-1.419093e+01
4.110000e-06	2.135083e-02	-1.424348e+01
4.120000e-06	2.972709e-02	-1.427248e+01
4.130000e-06	4.177287e-02	-1.426253e+01
4.140000e-06	3.846977e-02	-1.424248e+01
4.150000e-06	3.293306e-02	-1.426293e+01
4.160000e-06	3.281111e-02	-1.423293e+01
4.170000e-06	4.374430e-02	-1.424140e+01
4.180000e-06	4.686195e-02	-1.424237e+01
4.190000e-06	4.106378e-02	-1.417129e+01
4.200000e-06	3.779841e-02	-1.413923e+01
4.210000e-06	4.351613e-02	-1.406511e+01
4.220000e-06	5.208442e-02	-1.399255e+01
4.230000e-06	4.947861e-02	-1.397045e+01
4.240000e-06	4.150749e-02	-1.388817e+01
4.250000e-06	3.997870e-02	-1.386616e+01
4.260000e-06	4.576074e-02	-1.381358e+01
4.270000e-06	4.839073e-02	-1.374995e+01
4.280000e-06	4.093877e-02	-1.368816e+01
4.290000e-06	3.313777e-02	-1.358083e+01
4.300000e-06	3.355211e-02	-1.352714e+01
4.310000e-06	3.692131e-02	-1.348354e+01
4.320000e-06	3.418779e-02	-1.333987e+01
4.330000e-06	2.564915e-02	-1.323511e+01
4.340000e-06	2.150832e-02	-1.315047e+01
4.350000e-06	2.545544e-02	-1.303559e+01
4.360000e-06	2.718863e-02	-1.292998e+01
4.370000e-06	2.246593e-02	-1.285563e+01
4.380000e-06	1.588484e-02	-1.271819e+01
4.390000e-06	1.517781e-02	-1.268250e+01
4.400000e-06	1.831040e-02	-1.242619e+01
4.410000e-06	1.850460e-02	-1.235883e+01
4.420000e-06	1.225684e-02	-1.222306e+01
4.430000e-06	8.846501e-03	-1.207526e+01
4.440000e-06	1.183423e-02	-1.190774e+01
4.450000e-06	1.465758e-02	-1.177987e+01
4.460000e-06	1.182779e-02	-1.158185e+01
4.470000e-06	6.561987e-03	-1.139332e+01
4.480000e-06	5.925623e-03	-1.125250e+01
4.490000e-06	1.005844e-02	-1.100666e+01
4.500000e-06	1.047177e-02	-1.084921e+01
4.510000e-06	5.804057e-03	-1.075102e+01
4.520000e-06	2.718901e-03	-1.056048e+01
4.530000e-06	4.780455e-03	-1.040301e+01
4.540000e-06	7.811789e-03	-1.022300e+01
4.550000e-06	6.650726e-03	-9.984606e+00
4.560000e-06	1.886815e-03	-9.813636e+00
4.570000e-06	6.255104e-04	-9.637762e+00
4.580000e-06	4.431678e-03	-9.436063e+00
4.590000e-06	6.223556e-03	-9.215785e+00
4.600000e-06	2.805812e-03	-9.046789e+00
4.610000e-06	-1.348877e-03	-8.828183e+00
4.620000e-06	5.472313e-04	-8.614634e+00
4.630000e-06	3.696639e-03	-8.354157e+00
4.640000e-06	3.406531e-03	-8.206235e+00
4.650000e-06	-2.061414e-05	-8.025631e+00
4.660000e-06	-1.484961e-03	-7.754024e+00
4.670000e-06	-6.191928e-04	-7.479896e+00
4.680000e-06	2.546916e-03	-7.267918e+00
4.690000e-06	2.547771e-04	-7.087192e+00
4.700000e-06	-1.852291e-03	-6.776207e+00
4.710000e-06	-2.667627e-03	-6.564157e+00
4.720000e-06	-7.692092e-05	-6.353526e+00
4.730000e-06	-5.505749e-04	-6.040944e+00
4.740000e-06	-9.224495e-04	-5.858865e+00
4.750000e-06	-5.529622e-03	-5.616286e+00
4.760000e-06	-1.720972e-03	-5.375032e+00
4.770000e-06	-3.191445e-03	-5.061266e+00
4.780000e-06	-9.467369e-06	-4.735630e+00
4.790000e-06	-4.531266e-03	-4.523129e+00
4.800000e-06	-3.240959e-03	-4.313077e+00
4.810000e-06	-3.804278e-03	-4.062549e+00
4.820000e-06	-2.334498e-03	-3.827416e+00
4.830000e-06	-4.248381e-03	-3.555710e+00
4.840000e-06	-6.083204e-03	-3.314179e+00
4.850000e-06	-4.826249e-03	-3.079872e+00
4.860000e-06	-3.444774e-03	-2.797363e+00
4.870000e-06	-3.098954e-03	-2.524679e+00
4.880000e-06	-5.125051e-03	-2.322598e+00
4.890000e-06	-4.755051e-03	-2.009942e+00
4.900000e-06	-4.973822e-03	-1.785840e+00
4.910000e-06	-3.665476e-03	-1.503662e+00
4.920000e-06	-6.854451e-03	-1.165863e+00
4.930000e-06	-7.344435e-03	-9.453083e-01
4.940000e-06	-7.270862e-03	-7.125789e-01
4.950000e-06	-4.739775e-03	-3.898674e-01
4.960000e-06	-3.419487e-03	-1.863644e-01
4.970000e-06	6.019684e-04	6.684929e-02
4.980000e-06	4.419862e-03	3.914498e-01
4.990000e-06	-3.964161e-03	6.104801e-01
5.000000e-06	2.236000e-03	8.016026e-01
5.010000e-06	-5.778914e-03	1.107318e+00
5.020000e-06	-1.609677e-03	1.418848e+00
5.030000e-06	-5.522529e-03	1.644214e+00
5.040000e-06	1.369508e-02	1.863113e+00
5.050000e-06	5.227353e-02	2.104215e+00
5.060000e-06	5.498239e-02	2.367851e+00
5.070000e-06	-7.504844e-02	2.686821e+00
5.080000e-06	-2.356828e-02	2.977399e+00
5.090000e-06	-3.884225e-02	3.220501e+00
5.100000e-06	-4.595607e-02	3.451585e+00
5.110000e-06	-5.807047e-02	3.631529e+00
5.120000e-06	1.336332e-01	3.821481e+00
5.130000e-06	-1.034189e-01	4.155271e+00
5.140000e-06	1.448544e-02	4.407339e+00
5.150000e-06	1.182144e-01	4.650452e+00
5.160000e-06	-1.015168e-01	4.842430e+00
5.170000e-06	6.066631e-02	5.167796e+00
5.180000e-06	-6.571498e-02	5.442031e+00
5.190000e-06	-1.405776e-02	5.630530e+00
5.200000e-06	2.549158e-02	5.944219e+00
5.210000e-06	-2.975206e-02	6.176247e+00
5.220000e-06	2.688702e-02	6.378348e+00
5.230000e-06	-3.746777e-02	6.649425e+00
5.240000e-06	9.067607e-03	6.901058e+00
5.250000e-06	-8.218354e-03	7.133660e+00
5.260000e-06	-1.745715e-02	7.334614e+00
5.270000e-06	1.789980e-02	7.618873e+00
5.280000e-06	-5.666416e-02	7.859955e+00
5.290000e-06	4.993593e-02	8.113189e+00
5.300000e-06	-2.358232e-02	8.323187e+00
5.310000e-06	-1.192466e-02	8.491083e+00
5.320000e-06	-1.527711e-02	8.712060e+00
5.330000e-06	-1.859814e-02	8.920553e+00
5.340000e-06	9.702889e-03	9.120529e+00
5.350000e-06	-1.555293e-02	9.322030e+00
5.360000e-06	1.732128e-03	9.532604e+00
5.370000e-06	-2.400171e-02	9.741480e+00
5.380000e-06	2.016442e-03	9.910954e+00
5.390000e-06	-1.135503e-02	1.012093e+01
5.400000e-06	-1.851606e-02	1.026987e+01
5.410000e-06	-1.977102e-02	1.044885e+01
5.420000e-06	-1.549553e-02	1.065716e+01
5.430000e-06	6.101279e-04	1.080637e+01
5.440000e-06	-5.804636e-03	1.098464e+01
5.450000e-06	-1.417827e-02	1.111156e+01
5.460000e-06	-1.918752e-02	1.137040e+01
5.470000e-06	-1.265110e-02	1.151927e+01
5.480000e-06	-1.235791e-02	1.166984e+01
5.490000e-06	-1.779818e-02	1.182712e+01
5.500000e-06	-2.194337e-02	1.195205e+01
5.510000e-06	-1.537481e-02	1.211985e+01
5.520000e-06	-9.194493e-03	1.228572e+01
5.530000e-06	-9.395179e-03	1.238451e+01
5.540000e-06	-2.154054e-02	1.248042e+01
5.550000e-06	-2.267852e-02	1.264619e+01
5.560000e-06	-1.995177e-02	1.274142e+01
5.570000e-06	-1.577374e-02	1.284772e+01
5.580000e-06	-2.129338e-02	1.300145e+01
5.590000e-06	-2.552774e-02	1.311567e+01
5.600000e-06	-2.202395e-02	1.313298e+01
5.610000e-06	-1.860081e-02	1.326629e+01
5.620000e-06	-1.680849e-02	1.335095e+01
5.630000e-06	-2.623358e-02	1.344421e+01
5.640000e-06	-2.542691e-02	1.349987e+01
5.650000e-06	-2.620715e-02	1.358253e+01
5.660000e-06	-2.117836e-02	1.364569e+01
5.670000e-06	-2.632191e-02	1.378990e+01
5.680000e-06	-3.061999e-02	1.385200e+01
5.690000e-06	-3.123611e-02	1.387614e+01
5.700000e-06	-2.805881e-02	1.390664e+01
5.710000e-06	-2.661934e-02	1.397087e+01
5.720000e-06	-3.349751e-02	1.403391e+01
5.730000e-06	-3.359000e-02	1.406511e+01
5.740000e-06	-3.347176e-02	1.412766e+01
5.750000e-06	-2.973440e-02	1.413719e+01
5.760000e-06	-3.595055e-02	1.412889e+01
5.770000e-06	-4.072265e-02	1.418937e+01
5.780000e-06	-4.165206e-02	1.418927e+01
5.790000e-06	-3.935098e-02	1.422145e+01
5.800000e-06	-3.941910e-02	1.418990e+01
5.810000e-06	-4.418902e-02	1.418093e+01
5.820000e-06	-4.599110e-02	1.414884e+01
5.830000e-06	-4.650097e-02	1.413734e+01
5.840000e-06	-4.604674e-02	1.413879e+01
5.850000e-06	-5.099456e-02	1.412562e+01
5.860000e-06	-5.453770e-02	1.407318e+01
5.870000e-06	-5.459315e-02	1.399146e+01
5.880000e-06	-5.131353e-02	1.396030e+01
5.890000e-06	-5.079371e-02	1.390767e+01
5.900000e-06	-5.338115e-02	1.389356e+01
5.910000e-06	-5.370632e-02	1.381200e+01
5.920000e-06	-5.249790e-02	1.374787e+01
5.930000e-06	-4.781608e-02	1.366516e+01
5.940000e-06	-4.739165e-02	1.359150e+01
5.950000e-06	-4.602217e-02	1.350930e+01
5.960000e-06	-4.426752e-02	1.344511e+01
5.970000e-06	-4.066091e-02	1.335143e+01
5.980000e-06	-3.707758e-02	1.325574e+01
5.990000e-06	-3.625778e-02	1.316992e+01
6.000000e-06	-3.593304e-02	1.308714e+01
6.010000e-06	-3.314909e-02	1.298942e+01
6.020000e-06	-2.915633e-02	1.284416e+01
6.030000e-06	-2.815629e-02	1.274135e+01
6.040000e-06	-2.854601e-02	1.263511e+01
6.050000e-06	-2.658731e-02	1.250887e+01
6.060000e-06	-2.517515e-02	1.239410e+01
6.070000e-06	-2.170064e-02	1.226658e+01
6.080000e-06	-2.308927e-02	1.215979e+01
6.090000e-06	-2.149728e-02	1.196157e+01
6.100000e-06	-2.155400e-02	1.184461e+01
6.110000e-06	-1.814631e-02	1.170921e+01
6.120000e-06	-1.897754e-02	1.155824e+01
6.130000e-06	-1.831485e-02	1.136934e+01
6.140000e-06	-1.884838e-02	1.116000e+01
6.150000e-06	-1.605106e-02	1.102514e+01
6.160000e-06	-1.550575e-02	1.085474e+01
6.170000e-06	-1.553541e-02	1.071917e+01
6.180000e-06	-1.586600e-02	1.053884e+01
6.190000e-06	-1.610511e-02	1.033989e+01
6.200000e-06	-1.285297e-02	1.014992e+01
6.210000e-06	-1.304273e-02	9.921422e+00
6.220000e-06	-1.314342e-02	9.750441e+00
6.230000e-06	-1.379830e-02	9.550923e+00
6.240000e-06	-1.261848e-02	9.374005e+00
6.250000e-06	-1.215854e-02	9.183001e+00
6.260000e-06	-1.108509e-02	8.921575e+00
6.270000e-06	-1.246224e-02	8.772499e+00
6.280000e-06	-1.208620e-02	8.563083e+00
6.290000e-06	-1.093599e-02	8.361953e+00
6.300000e-06	-1.004654e-02	8.153102e+00
6.310000e-06	-1.041532e-02	7.942947e+00
6.320000e-06	-1.100537e-02	7.668917e+00
6.330000e-06	-1.013668e-02	7.456666e+00
6.340000e-06	-9.581290e-03	7.224187e+00
6.350000e-06	-9.083599e-03	6.974157e+00
6.360000e-06	-9.951715e-03	6.773078e+00
6.370000e-06	-1.040063e-02	6.469420e+00
6.380000e-06	-8.643382e-03	6.279873e+00
6.390000e-06	-7.784080e-03	6.069416e+00
6.400000e-06	-9.100829e-03	5.816262e+00
6.410000e-06	-9.246495e-03	5.555208e+00
6.420000e-06	-8.329075e-03	5.332474e+00
6.430000e-06	-8.005838e-03	4.967158e+00
6.440000e-06	-6.357773e-03	4.783630e+00
6.450000e-06	-7.893635e-03	4.502573e+00
6.460000e-06	-8.291000e-03	4.297969e+00
6.470000e-06	-7.594149e-03	4.046787e+00
6.480000e-06	-6.651890e-03	3.735157e+00
6.490000e-06	-6.652842e-03	3.542603e+00
6.500000e-06	-7.479309e-03	3.227862e+00
6.510000e-06	-6.385580e-03	2.976288e+00
6.520000e-06	-5.799382e-03	2.755208e+00
6.530000e-06	-5.698723e-03	2.498998e+00
6.540000e-06	-7.105704e-03	2.207416e+00
6.550000e-06	-6.436831e-03	2.005841e+00
6.560000e-06	-5.744915e-03	1.722107e+00
6.570000e-06	-5.414138e-03	1.447919e+00
6.580000e-06	-5.683859e-03	1.167684e+00
6.590000e-06	-5.420171e-03	8.719988e-01
6.600000e-06	-5.778909e-03	6.073408e-01
6.610000e-06	-4.936564e-03	3.452908e-01
6.620000e-06	-2.952599e-03	1.010490e-01
6.630000e-06	1.062406e-04	-1.600522e-01
6.640000e-06	7.194424e-03	-3.930803e-01
6.650000e-06	-4.900022e-03	-6.743168e-01
6.660000e-06	3.904146e-03	-9.168984e-01
6.670000e-06	-4.798116e-03	-1.137877e+00
6.680000e-06	1.532416e-03	-1.462713e+00
6.690000e-06	-2.413430e-03	-1.673738e+00
6.700000e-06	3.662091e-02	-1.903689e+00
6.710000e-06	9.746356e-02	-2.165847e+00
6.720000e-06	-4.777536e-02	-2.565269e+00
6.730000e-06	-2.419020e-02	-2.873188e+00
6.740000e-06	-4.083640e-02	-3.167370e+00
6.750000e-06	-5.256607e-02	-3.327272e+00
6.760000e-06	-4.551001e-02	-3.513612e+00
6.770000e-06	1.776093e-01	-3.601556e+00
6.780000e-06	-1.640799e-01	-3.967900e+00
6.790000e-06	9.703280e-02	-4.220426e+00
6.800000e-06	2.938139e-02	-4.398450e+00
6.810000e-06	-8.724575e-02	-4.773768e+00
6.820000e-06	1.478158e-01	-4.953738e+00
6.830000e-06	-1.543156e-01	-5.259454e+00
6.840000e-06	1.161643e-02	-5.462267e+00
6.850000e-06	4.828583e-02	-5.715114e+00
6.860000e-06	-5.692214e-02	-6.009422e+00
6.870000e-06	1.346640e-01	-6.240921e+00
6.880000e-06	-1.276507e-01	-6.534635e+00
6.890000e-06	7.907793e-02	-6.723687e+00
6.900000e-06	-9.810567e-03	-6.935666e+00
6.910000e-06	-1.609512e-02	-7.239949e+00
6.920000e-06	6.183962e-02	-7.447825e+00
6.930000e-06	-1.254156e-01	-7.690980e+00
6.940000e-06	1.436905e-01	-7.965218e+00
6.950000e-06	-6.361451e-02	-8.137267e+00
6.960000e-06	4.909572e-02	-8.376742e+00
6.970000e-06	-2.419121e-02	-8.614087e+00
6.980000e-06	-3.494626e-02	-8.838868e+00
6.990000e-06	7.775222e-02	-9.016794e+00
7.000000e-06	-4.608120e-02	-9.237794e+00
7.010000e-06	7.410769e-02	-9.406665e+00
7.020000e-06	-7.302680e-02	-9.605770e+00
7.030000e-06	6.049883e-02	-9.846717e+00
7.040000e-06	-7.602298e-03	-9.995187e+00
7.050000e-06	1.353508e-02	-1.022413e+01
7.060000e-06	-3.924038e-03	-1.036314e+01
7.070000e-06	-2.298833e-02	-1.057364e+01
7.080000e-06	5.415254e-02	-1.075306e+01
7.090000e-06	-4.646485e-03	-1.090092e+01
7.100000e-06	3.632659e-02	-1.104727e+01
7.110000e-06	-3.294908e-02	-1.118672e+01
7.120000e-06	3.144992e-02	-1.140656e+01
7.130000e-06	2.272065e-03	-1.157096e+01
7.140000e-06	2.116215e-02	-1.179150e+01
7.150000e-06	-8.438878e-03	-1.196080e+01
7.160000e-06	4.999791e-03	-1.204884e+01
7.170000e-06	2.636165e-02	-1.220359e+01
7.180000e-06	2.175534e-02	-1.233205e+01
7.190000e-06	1.594615e-02	-1.245726e+01
7.200000e-06	-7.878294e-03	-1.263356e+01
7.210000e-06	1.647086e-02	-1.270887e+01
7.220000e-06	1.656656e-02	-1.284766e+01
7.230000e-06	2.210005e-02	-1.295350e+01
7.240000e-06	2.080578e-03	-1.303777e+01
7.250000e-06	1.130563e-02	-1.316148e+01
7.260000e-06	2.124096e-02	-1.320417e+01
7.270000e-06	2.998434e-02	-1.337985e+01
7.280000e-06	1.446739e-02	-1.344458e+01
7.290000e-06	8.814712e-03	-1.351975e+01
7.300000e-06	1.445874e-02	-1.358498e+01
7.310000e-06	2.831903e-02	-1.370969e+01
7.320000e-06	2.396764e-02	-1.373245e+01
7.330000e-06	1.313061e-02	-1.379311e+01
7.340000e-06	1.328451e-02	-1.386624e+01
7.350000e-06	2.447407e-02	-1.391932e+01
7.360000e-06	3.229584e-02	-1.398242e+01
7.370000e-06	2.360294e-02	-1.401406e+01
7.380000e-06	1.950526e-02	-1.408567e+01
7.390000e-06	2.259956e-02	-1.411783e+01
7.400000e-06	3.454571e-02	-1.416030e+01
7.410000e-06	3.194252e-02	-1.420035e+01
7.420000e-06	2.500987e-02	-1.424240e+01
7.430000e-06	2.282680e-02	-1.425345e+01
7.440000e-06	3.240283e-02	-1.426503e+01
7.450000e-06	4.109672e-02	-1.426248e+01
7.460000e-06	3.727450e-02	-1.425190e+01
7.470000e-06	3.227102e-02	-1.428406e+01
7.480000e-06	3.458207e-02	-1.426290e+01
7.490000e-06	4.432187e-02	-1.424340e+01
7.500000e-06	4.488593e-02	-1.420987e+01
7.510000e-06	3.981523e-02	-1.415824e+01
7.520000e-06	3.770931e-02	-1.415474e+01
7.530000e-06	4.509066e-02	-1.402561e+01
7.540000e-06	5.197590e-02	-1.406148e+01
7.550000e-06	4.877742e-02	-1.395040e+01
7.560000e-06	4.146890e-02	-1.388819e+01
7.570000e-06	4.062758e-02	-1.386611e+01
7.580000e-06	4.594155e-02	-1.380453e+01
7.590000e-06	4.698761e-02	-1.372037e+01
7.600000e-06	3.721516e-02	-1.368666e+01
7.610000e-06	3.447645e-02	-1.358990e+01
7.620000e-06	3.203150e-02	-1.350769e+01
7.630000e-06	3.956746e-02	-1.344253e+01
7.640000e-06	3.385687e-02	-1.332827e+01
7.650000e-06	2.662734e-02	-1.322363e+01
7.660000e-06	2.398813e-02	-1.308982e+01
7.670000e-06	2.242158e-02	-1.303608e+01
7.680000e-06	2.578490e-02	-1.295142e+01
7.690000e-06	1.830890e-02	-1.279501e+01
7.700000e-06	1.623924e-02	-1.270074e+01
7.710000e-06	1.525895e-02	-1.263203e+01
7.720000e-06	2.227020e-02	-1.243816e+01
7.730000e-06	1.988305e-02	-1.231834e+01
7.740000e-06	1.406938e-02	-1.220403e+01
7.750000e-06	8.876987e-03	-1.204696e+01
7.760000e-06	1.045949e-02	-1.189814e+01
7.770000e-06	1.217553e-02	-1.175887e+01
7.780000e-06	9.250861e-03	-1.156192e+01
7.790000e-06	6.393839e-03	-1.139180e+01
7.800000e-06	7.514022e-03	-1.119448e+01
7.810000e-06	1.136614e-02	-1.096511e+01
7.820000e-06	1.006772e-02	-1.085919e+01
7.830000e-06	6.287505e-03	-1.070995e+01
7.840000e-06	2.293231e-03	-1.056043e+01
7.850000e-06	4.626875e-03	-1.037240e+01
7.860000e-06	6.096667e-03	-1.020250e+01
7.870000e-06	4.102079e-03	-9.953553e+00
7.880000e-06	2.582327e-03	-9.824107e+00
7.890000e-06	3.111077e-03	-9.626658e+00
7.900000e-06	5.617340e-03	-9.415109e+00
7.910000e-06	5.314678e-03	-9.175659e+00
7.920000e-06	3.221862e-03	-9.008584e+00
7.930000e-06	-6.024884e-04	-8.845257e+00
7.940000e-06	1.367914e-04	-8.576054e+00
7.950000e-06	1.545696e-03	-8.364080e+00
7.960000e-06	1.658696e-03	-8.165081e+00
7.970000e-06	-8.152817e-04	-7.974176e+00
7.980000e-06	-6.423266e-05	-7.691920e+00
7.990000e-06	1.331696e-03	-7.497791e+00
8.000000e-06	3.150108e-03	-7.248688e+00
8.010000e-06	8.563848e-04	-6.995687e+00
8.020000e-06	-2.226085e-03	-6.764107e+00
8.030000e-06	-1.960332e-03	-6.543603e+00
8.040000e-06	-1.324050e-03	-6.330369e+00
8.050000e-06	-2.017617e-03	-6.018920e+00
8.060000e-06	-1.902444e-03	-5.757736e+00
8.070000e-06	-4.082387e-03	-5.587310e+00
8.080000e-06	-1.737342e-04	-5.312448e+00
8.090000e-06	-1.597243e-03	-5.028838e+00
8.100000e-06	-4.226018e-04	-4.703051e+00
8.110000e-06	-4.860753e-03	-4.493554e+00
8.120000e-06	-3.544720e-03	-4.302026e+00
8.130000e-06	-3.924486e-03	-4.040022e+00
8.140000e-06	-4.075722e-03	-3.799736e+00
8.150000e-06	-5.416870e-03	-3.564183e+00
8.160000e-06	-5.794600e-03	-3.282978e+00
8.170000e-06	-2.852944e-03	-3.038846e+00
8.180000e-06	-3.107774e-03	-2.776683e+00
8.190000e-06	-2.885485e-03	-2.514155e+00
8.200000e-06	-5.805218e-03	-2.301549e+00
8.210000e-06	-4.778878e-03	-1.957887e+00
8.220000e-06	-5.199792e-03	-1.706711e+00
8.230000e-06	-4.832168e-03	-1.471650e+00
8.240000e-06	-8.028414e-03	-1.165763e+00
8.250000e-06	-7.829379e-03	-8.656118e-01
8.260000e-06	-6.186103e-03	-7.026200e-01
8.270000e-06	-3.345587e-03	-3.657920e-01
8.280000e-06	-3.666013e-03	-1.062105e-01
8.290000e-06	1.525291e-03	7.482336e-02
8.300000e-06	2.297767e-03	4.006063e-01
8.310000e-06	-1.765728e-03	6.205552e-01
8.320000e-06	2.002368e-03	8.210605e-01
8.330000e-06	-6.522868e-03	1.146466e+00
8.340000e-06	-3.703304e-03	1.369955e+00
8.350000e-06	-4.035615e-03	1.694888e+00
8.360000e-06	1.795329e-02	1.873241e+00
8.370000e-06	6.099076e-02	2.115268e+00
8.380000e-06	3.736754e-02	2.410030e+00
8.390000e-06	-7.477341e-02	2.757918e+00
8.400000e-06	-2.315094e-02	3.029076e+00
8.410000e-06	-3.477400e-02	3.242028e+00
8.420000e-06	-5.761263e-02	3.482712e+00
8.430000e-06	-3.877711e-02	3.681581e+00
8.440000e-06	1.335728e-01	3.881554e+00
8.450000e-06	-1.326222e-01	4.163715e+00
8.460000e-06	6.131284e-02	4.368421e+00
8.470000e-06	7.727597e-02	4.681555e+00
8.480000e-06	-8.925070e-02	4.861533e+00
8.490000e-06	6.169984e-02	5.180318e+00
8.500000e-06	-7.860128e-02	5.462031e+00
8.510000e-06	4.124199e-03	5.702180e+00
8.520000e-06	1.672648e-02	5.985368e+00
8.530000e-06	-2.529231e-02	6.216771e+00
8.540000e-06	2.836928e-02	6.387872e+00
8.550000e-06	-4.525940e-02	6.692106e+00
8.560000e-06	1.679942e-02	6.903085e+00
8.570000e-06	-2.053162e-02	7.145790e+00
8.580000e-06	-9.082680e-03	7.393746e+00
8.590000e-06	1.011377e-02	7.658929e+00
8.600000e-06	-5.005415e-02	7.921456e+00
8.610000e-06	5.838863e-02	8.123163e+00
8.620000e-06	-3.331389e-02	8.344191e+00
8.630000e-06	-3.762725e-03	8.531108e+00
8.640000e-06	-2.570117e-02	8.702608e+00
8.650000e-06	-1.288748e-02	8.942505e+00
8.660000e-06	3.537378e-03	9.103659e+00
8.670000e-06	-1.365576e-02	9.364036e+00
8.680000e-06	2.001982e-03	9.542461e+00
8.690000e-06	-2.311717e-02	9.760458e+00
8.700000e-06	7.656176e-03	9.912578e+00
8.710000e-06	-1.570075e-02	1.010101e+01
8.720000e-06	-1.622381e-02	1.029198e+01
8.730000e-06	-2.428246e-02	1.050887e+01
8.740000e-06	-1.287890e-02	1.068780e+01
8.750000e-06	-1.693745e-03	1.085779e+01
8.760000e-06	-6.648042e-03	1.099519e+01
8.770000e-06	-1.450841e-02	1.115306e+01
8.780000e-06	-1.781324e-02	1.138083e+01
8.790000e-06	-1.014036e-02	1.154882e+01
8.800000e-06	-1.448363e-02	1.171942e+01
8.810000e-06	-1.798294e-02	1.182579e+01
8.820000e-06	-2.431274e-02	1.198309e+01
8.830000e-06	-1.372540e-02	1.212895e+01
8.840000e-06	-9.590825e-03	1.228719e+01
8.850000e-06	-1.032642e-02	1.242414e+01
8.860000e-06	-2.326204e-02	1.252150e+01
8.870000e-06	-2.173057e-02	1.261824e+01
8.880000e-06	-1.827273e-02	1.274156e+01
8.890000e-06	-1.578200e-02	1.284632e+01
8.900000e-06	-2.156142e-02	1.301195e+01
8.910000e-06	-2.608959e-02	1.307572e+01
8.920000e-06	-2.126022e-02	1.319193e+01
8.930000e-06	-1.919660e-02	1.324930e+01
8.940000e-06	-1.719658e-02	1.341096e+01
8.950000e-06	-2.672633e-02	1.341514e+01
8.960000e-06	-2.613198e-02	1.354032e+01
8.970000e-06	-2.520929e-02	1.361155e+01
8.980000e-06	-2.123411e-02	1.373629e+01
8.990000e-06	-2.576266e-02	1.376942e+01
9.000000e-06	-3.313719e-02	1.385350e+01
9.010000e-06	-3.146912e-02	1.389411e+01
9.020000e-06	-2.765913e-02	1.392672e+01
9.030000e-06	-2.525296e-02	1.396190e+01
9.040000e-06	-3.501026e-02	1.399448e+01
9.050000e-06	-3.440855e-02	1.406566e+01
9.060000e-06	-3.348082e-02	1.411772e+01
9.070000e-06	-2.968959e-02	1.414730e+01
9.080000e-06	-3.509163e-02	1.413892e+01
9.090000e-06	-4.085474e-02	1.420136e+01
9.100000e-06	-4.222881e-02	1.420998e+01
9.110000e-06	-4.020411e-02	1.419193e+01
9.120000e-06	-3.883973e-02	1.415195e+01
9.130000e-06	-4.526112e-02	1.418190e+01
9.140000e-06	-4.677348e-02	1.421000e+01
9.150000e-06	-4.835561e-02	1.413689e+01
9.160000e-06	-4.438592e-02	1.409674e+01
9.170000e-06	-4.894444e-02	1.407576e+01
9.180000e-06	-5.470200e-02	1.405216e+01
9.190000e-06	-5.590656e-02	1.400393e+01
9.200000e-06	-5.126427e-02	1.395782e+01
9.210000e-06	-4.989979e-02	1.390814e+01
9.220000e-06	-5.334928e-02	1.389301e+01
9.230000e-06	-5.474959e-02	1.381245e+01
9.240000e-06	-5.296336e-02	1.374724e+01
9.250000e-06	-4.642974e-02	1.364358e+01
9.260000e-06	-4.593619e-02	1.356242e+01
9.270000e-06	-4.655487e-02	1.349822e+01
9.280000e-06	-4.495653e-02	1.343553e+01
9.290000e-06	-3.965478e-02	1.334950e+01
9.300000e-06	-3.528141e-02	1.325673e+01
9.310000e-06	-3.573122e-02	1.318092e+01
9.320000e-06	-3.624293e-02	1.306753e+01
9.330000e-06	-3.376753e-02	1.294983e+01
9.340000e-06	-2.911836e-02	1.285516e+01
9.350000e-06	-2.662306e-02	1.276037e+01
9.360000e-06	-2.840698e-02	1.260314e+01
9.370000e-06	-2.679930e-02	1.251990e+01
9.380000e-06	-2.518096e-02	1.236100e+01
9.390000e-06	-2.072350e-02	1.226556e+01
9.400000e-06	-2.259853e-02	1.212747e+01
9.410000e-06	-2.192769e-02	1.195245e+01
9.420000e-06	-2.259005e-02	1.180408e+01
9.430000e-06	-1.856635e-02	1.168766e+01
9.440000e-06	-1.820649e-02	1.153664e+01
9.450000e-06	-1.821644e-02	1.128931e+01
9.460000e-06	-1.971316e-02	1.117242e+01
9.470000e-06	-1.711667e-02	1.099258e+01
9.480000e-06	-1.458086e-02	1.082623e+01
9.490000e-06	-1.558965e-02	1.068664e+01
9.500000e-06	-1.500980e-02	1.044576e+01
9.510000e-06	-1.637036e-02	1.028837e+01
9.520000e-06	-1.293282e-02	1.012047e+01
9.530000e-06	-1.352347e-02	9.947868e+00
9.540000e-06	-1.232027e-02	9.687918e+00
9.550000e-06	-1.460812e-02	9.519474e+00
9.560000e-06	-1.138722e-02	9.321927e+00
9.570000e-06	-1.202996e-02	9.171921e+00
9.580000e-06	-1.087040e-02	8.971496e+00
9.590000e-06	-1.204991e-02	8.712449e+00
9.600000e-06	-1.221498e-02	8.510499e+00
9.610000e-06	-1.157179e-02	8.339499e+00
9.620000e-06	-1.019845e-02	8.120976e+00
9.630000e-06	-1.063264e-02	7.889891e+00
9.640000e-06	-1.088125e-02	7.659408e+00
9.650000e-06	-1.013557e-02	7.435157e+00
9.660000e-06	-9.759548e-03	7.194128e+00
9.670000e-06	-8.650996e-03	6.962532e+00
9.680000e-06	-8.820262e-03	6.740947e+00
9.690000e-06	-9.807412e-03	6.468440e+00
9.700000e-06	-8.823029e-03	6.260815e+00
9.710000e-06	-8.530062e-03	6.008340e+00
9.720000e-06	-7.859146e-03	5.777108e+00
9.730000e-06	-9.511088e-03	5.552075e+00
9.740000e-06	-8.438391e-03	5.269998e+00
9.750000e-06	-8.288924e-03	4.954706e+00
9.760000e-06	-7.320246e-03	4.722076e+00
9.770000e-06	-7.718521e-03	4.470022e+00
9.780000e-06	-7.809137e-03	4.227788e+00
9.790000e-06	-7.240517e-03	3.924133e+00
9.800000e-06	-6.956948e-03	3.682705e+00
9.810000e-06	-6.451917e-03	3.470970e+00
9.820000e-06	-7.371581e-03	3.195291e+00
9.830000e-06	-7.185917e-03	2.947211e+00
9.840000e-06	-6.521153e-03	2.714154e+00
9.850000e-06	-6.329275e-03	2.377340e+00
9.860000e-06	-6.188085e-03	2.158734e+00
9.870000e-06	-6.390506e-03	1.934231e+00
9.880000e-06	-5.327502e-03	1.650524e+00
9.890000e-06	-5.080260e-03	1.397867e+00
9.900000e-06	-4.843251e-03	1.093224e+00
9.910000e-06	-5.250177e-03	7.683937e-01
9.920000e-06	-5.721800e-03	5.452134e-01
9.930000e-06	-4.884471e-03	3.236854e-01
9.940000e-06	-3.816294e-03	3.202113e-02
9.950000e-06	1.281207e-03	-2.641114e-01
9.960000e-06	5.281198e-03	-4.335876e-01
9.970000e-06	-3.231861e-03	-6.958484e-01
9.980000e-06	3.304000e-03	-9.293724e-01
9.990000e-06	-4.189219e-03	-1.180427e+00
1.000000e-05	1.478535e-03	-1.484816e+00
1.001000e-05	5.057478e-04	-1.697341e+00
1.002000e-05	4.472791e-02	-1.906292e+00
1.003000e-05	9.167902e-02	-2.177924e+00
1.004000e-05	-6.357992e-02	-2.565479e+00
1.005000e-05	-1.489990e-02	-2.906239e+00
1.006000e-05	-4.593387e-02	-3.189526e+00
1.007000e-05	-5.689530e-02	-3.348320e+00
1.008000e-05	-2.103019e-02	-3.525715e+00
1.009000e-05	1.644226e-01	-3.633080e+00
1.010000e-05	-1.803034e-01	-3.999476e+00
1.011000e-05	1.407159e-01	-4.230953e+00
1.012000e-05	-2.213206e-02	-4.431483e+00
1.013000e-05	-4.422760e-02	-4.746315e+00
1.014000e-05	1.269680e-01	-4.986216e+00
1.015000e-05	-1.671494e-01	-5.301510e+00
1.016000e-05	4.549021e-02	-5.558337e+00
1.017000e-05	1.739118e-02	-5.716746e+00
1.018000e-05	-2.879193e-02	-6.031481e+00
1.019000e-05	1.198141e-01	-6.250930e+00
1.020000e-05	-1.332534e-01	-6.555263e+00
1.021000e-05	1.015282e-01	-6.785739e+00
1.022000e-05	-4.241814e-02	-6.985221e+00
1.023000e-05	1.637886e-02	-7.272578e+00
1.024000e-05	3.051192e-02	-7.470850e+00
1.025000e-05	-1.055788e-01	-7.755114e+00
1.026000e-05	1.451771e-01	-7.987766e+00
1.027000e-05	-8.223605e-02	-8.216773e+00
1.028000e-05	7.318811e-02	-8.397342e+00
1.029000e-05	-5.296870e-02	-8.656716e+00
1.030000e-05	-4.784691e-03	-8.859894e+00
1.031000e-05	5.795076e-02	-9.049819e+00
1.032000e-05	-3.370790e-02	-9.237866e+00
1.033000e-05	6.747153e-02	-9.469742e+00
1.034000e-05	-7.540733e-02	-9.637900e+00
1.035000e-05	7.187521e-02	-9.828320e+00
1.036000e-05	-2.209766e-02	-9.986242e+00
1.037000e-05	2.629813e-02	-1.024566e+01
1.038000e-05	-1.976103e-02	-1.040617e+01
1.039000e-05	-8.232819e-03	-1.058621e+01
1.040000e-05	4.708602e-02	-1.074308e+01
1.041000e-05	-1.099043e-03	-1.092085e+01
1.042000e-05	3.258021e-02	-1.104979e+01
1.043000e-05	-3.305810e-02	-1.123571e+01
1.044000e-05	3.534298e-02	-1.143719e+01
1.045000e-05	-2.540680e-03	-1.158496e+01
1.046000e-05	2.422135e-02	-1.182353e+01
1.047000e-05	-1.261414e-02	-1.194132e+01
1.048000e-05	1.154599e-02	-1.211042e+01
1.049000e-05	2.398680e-02	-1.219624e+01
1.050000e-05	2.387165e-02	-1.234201e+01
1.051000e-05	1.165614e-02	-1.250929e+01
1.052000e-05	-6.252265e-03	-1.264461e+01
1.053000e-05	1.711103e-02	-1.271884e+01
1.054000e-05	1.672065e-02	-1.287672e+01
1.055000e-05	2.041184e-02	-1.297349e+01
1.056000e-05	7.553391e-04	-1.307922e+01
1.057000e-05	1.222780e-02	-1.313263e+01
1.058000e-05	2.213405e-02	-1.323672e+01
1.059000e-05	2.936574e-02	-1.336141e+01
1.060000e-05	1.350750e-02	-1.346558e+01
1.061000e-05	9.523061e-03	-1.354082e+01
1.062000e-05	1.515000e-02	-1.358456e+01
1.063000e-05	2.832333e-02	-1.365984e+01
1.064000e-05	2.225606e-02	-1.376103e+01
1.065000e-05	1.270242e-02	-1.382258e+01
1.066000e-05	1.419374e-02	-1.386779e+01
1.067000e-05	2.582764e-02	-1.390085e+01
1.068000e-05	3.198192e-02	-1.397140e+01
1.069000e-05	2.342485e-02	-1.399456e+01
1.070000e-05	1.827142e-02	-1.407619e+01
1.071000e-05	2.318199e-02	-1.414867e+01
1.072000e-05	3.477186e-02	-1.419842e+01
1.073000e-05	3.080970e-02	-1.423142e+01
1.074000e-05	2.451405e-02	-1.425243e+01
1.075000e-05	2.405607e-02	-1.422280e+01
1.076000e-05	3.355299e-02	-1.426450e+01
1.077000e-05	4.010856e-02	-1.421303e+01
1.078000e-05	3.650064e-02	-1.428553e+01
1.079000e-05	3.272719e-02	-1.428150e+01
1.080000e-05	3.543172e-02	-1.424148e+01
1.081000e-05	4.454229e-02	-1.422193e+01
1.082000e-05	4.358320e-02	-1.422935e+01
1.083000e-05	3.923912e-02	-1.420882e+01
1.084000e-05	3.856546e-02	-1.414577e+01
1.085000e-05	4.664722e-02	-1.405398e+01
1.086000e-05	5.157428e-02	-1.401353e+01
1.087000e-05	4.756380e-02	-1.394938e+01
1.088000e-05	4.113617e-02	-1.393919e+01
1.089000e-05	4.162717e-02	-1.385561e+01
1.090000e-05	4.651128e-02	-1.376201e+01
1.091000e-05	4.503080e-02	-1.372882e+01
1.092000e-05	3.829364e-02	-1.364614e+01
1.093000e-05	3.364138e-02	-1.358290e+01
1.094000e-05	3.539551e-02	-1.348708e+01
1.095000e-05	3.705544e-02	-1.341346e+01
1.096000e-05	3.158742e-02	-1.332727e+01
1.097000e-05	2.470746e-02	-1.320408e+01
1.098000e-05	2.327338e-02	-1.311977e+01
1.099000e-05	2.624629e-02	-1.301508e+01
1.100000e-05	2.598956e-02	-1.292092e+01
1.101000e-05	2.039018e-02	-1.279401e+01
1.102000e-05	1.635247e-02	-1.268866e+01
1.103000e-05	1.675221e-02	-1.261150e+01
1.104000e-05	1.913510e-02	-1.239451e+01
1.105000e-05	1.611812e-02	-1.231977e+01
1.106000e-05	1.101925e-02	-1.216190e+01
1.107000e-05	9.940115e-03	-1.199365e+01
1.108000e-05	1.343409e-02	-1.187664e+01
1.109000e-05	1.359013e-02	-1.172629e+01
1.110000e-05	1.063872e-02	-1.153844e+01
1.111000e-05	6.099108e-03	-1.139080e+01
1.112000e-05	7.597158e-03	-1.117395e+01
1.113000e-05	9.685518e-03	-1.097401e+01
1.114000e-05	8.332087e-03	-1.084721e+01
1.115000e-05	4.442176e-03	-1.070687e+01
1.116000e-05	3.814247e-03	-1.054040e+01
1.117000e-05	6.289212e-03	-1.036987e+01
1.118000e-05	7.289400e-03	-1.014135e+01
1.119000e-05	5.605907e-03	-9.952500e+00
1.120000e-05	1.903715e-03	-9.763028e+00
1.121000e-05	2.573863e-03	-9.604729e+00
1.122000e-05	4.489718e-03	-9.401528e+00
1.123000e-05	3.993786e-03	-9.184634e+00
1.124000e-05	1.262635e-03	-9.004080e+00
1.125000e-05	-2.099271e-04	-8.774103e+00
1.126000e-05	1.064221e-03	-8.543500e+00
1.127000e-05	3.068290e-03	-8.343028e+00
1.128000e-05	1.578780e-03	-8.173059e+00
1.129000e-05	-1.084218e-03	-7.950550e+00
1.130000e-05	-3.790622e-04	-7.688790e+00
1.131000e-05	1.592077e-03	-7.406241e+00
1.132000e-05	1.531374e-03	-7.227310e+00
1.133000e-05	-3.045920e-04	-6.992553e+00
1.134000e-05	-2.129222e-03	-6.742558e+00
1.135000e-05	-2.222100e-03	-6.513576e+00
1.136000e-05	4.078712e-04	-6.309941e+00
1.137000e-05	-6.465171e-04	-6.008786e+00
1.138000e-05	-2.697929e-03	-5.766212e+00
1.139000e-05	-4.888095e-03	-5.574628e+00
1.140000e-05	-1.422487e-03	-5.290369e+00
1.141000e-05	-1.324862e-03	-5.006303e+00
1.142000e-05	-1.120228e-03	-4.662001e+00
1.143000e-05	-3.498937e-03	-4.492025e+00
1.144000e-05	-4.683669e-03	-4.269945e+00
1.145000e-05	-2.233559e-03	-4.049366e+00
1.146000e-05	-4.126303e-03	-3.726159e+00
1.147000e-05	-4.611816e-03	-3.514132e+00
1.148000e-05	-7.196516e-03	-3.261501e+00
1.149000e-05	-3.525670e-03	-3.017294e+00
1.150000e-05	-3.919329e-03	-2.724208e+00
1.151000e-05	-1.222242e-03	-2.492528e+00
1.152000e-05	-5.295659e-03	-2.248444e+00
1.153000e-05	-5.215762e-03	-1.946240e+00
1.154000e-05	-5.060654e-03	-1.745131e+00
1.155000e-05	-4.646752e-03	-1.471019e+00
1.156000e-05	-7.698408e-03	-1.146182e+00
1.157000e-05	-8.462106e-03	-8.509777e-01
1.158000e-05	-6.826886e-03	-5.798722e-01
1.159000e-05	-3.128578e-03	-3.558134e-01
1.160000e-05	-2.220060e-03	-1.252089e-01
1.161000e-05	2.777632e-03	1.458510e-01
1.162000e-05	1.696913e-03	4.410827e-01
1.163000e-05	-1.294141e-03	6.426844e-01
1.164000e-05	-4.819680e-05	9.137430e-01
1.165000e-05	-5.359602e-03	1.168999e+00
1.166000e-05	-4.096431e-03	1.440006e+00
1.167000e-05	-3.442304e-03	1.715841e+00
1.168000e-05	1.929132e-02	1.936317e+00
1.169000e-05	6.878053e-02	2.125920e+00
1.170000e-05	2.073561e-02	2.502709e+00
1.171000e-05	-6.914234e-02	2.778496e+00
1.172000e-05	-2.563486e-02	3.030029e+00
1.173000e-05	-3.170851e-02	3.292532e+00
1.174000e-05	-6.835464e-02	3.494209e+00
1.175000e-05	-1.466562e-02	3.672583e+00
1.176000e-05	1.236739e-01	3.943688e+00
1.177000e-05	-1.535862e-01	4.178820e+00
1.178000e-05	1.051969e-01	4.398902e+00
1.179000e-05	3.706796e-02	4.693263e+00
1.180000e-05	-6.698039e-02	4.954663e+00
1.181000e-05	5.500848e-02	5.227902e+00
1.182000e-05	-8.235658e-02	5.483087e+00
1.183000e-05	1.634382e-02	5.711609e+00
1.184000e-05	3.424375e-03	5.979400e+00
1.185000e-05	-1.936551e-02	6.228401e+00
1.186000e-05	2.108088e-02	6.481530e+00
1.187000e-05	-4.033171e-02	6.704162e+00
1.188000e-05	2.197577e-02	6.944690e+00
1.189000e-05	-2.736559e-02	7.186743e+00
1.190000e-05	2.694908e-03	7.416372e+00
1.191000e-05	-1.461731e-03	7.659478e+00
1.192000e-05	-4.348825e-02	7.933485e+00
1.193000e-05	5.340623e-02	8.195338e+00
1.194000e-05	-4.534513e-02	8.375264e+00
1.195000e-05	6.993185e-03	8.554109e+00
1.196000e-05	-2.833607e-02	8.734736e+00
1.197000e-05	-7.695497e-04	8.984109e+00
1.198000e-05	-2.342933e-03	9.174091e+00
1.199000e-05	-1.336412e-02	9.373135e+00
1.200000e-05	-1.643537e-03	9.543612e+00
1.201000e-05	-2.612382e-02	9.802554e+00
1.202000e-05	8.805258e-03	9.954110e+00
1.203000e-05	-2.070099e-02	1.012311e+01
1.204000e-05	-9.416919e-03	1.031100e+01
1.205000e-05	-2.326997e-02	1.052150e+01
1.206000e-05	-7.867784e-03	1.069090e+01
1.207000e-05	-5.730485e-03	1.083882e+01
1.208000e-05	-9.915204e-03	1.102624e+01
1.209000e-05	-1.668811e-02	1.115409e+01
1.210000e-05	-2.020714e-02	1.139248e+01
1.211000e-05	-8.005502e-03	1.155096e+01
1.212000e-05	-1.479065e-02	1.175955e+01
1.213000e-05	-1.385583e-02	1.185724e+01
1.214000e-05	-2.240924e-02	1.198356e+01
1.215000e-05	-1.205201e-02	1.213095e+01
1.216000e-05	-1.352847e-02	1.227619e+01
1.217000e-05	-1.394590e-02	1.239561e+01
1.218000e-05	-2.444674e-02	1.254043e+01
1.219000e-05	-2.056812e-02	1.266774e+01
1.220000e-05	-1.628452e-02	1.276200e+01
1.221000e-05	-1.658869e-02	1.290542e+01
1.222000e-05	-2.033973e-02	1.304348e+01
1.223000e-05	-2.601588e-02	1.312664e+01
1.224000e-05	-2.059696e-02	1.319303e+01
1.225000e-05	-2.098346e-02	1.328787e+01
1.226000e-05	-1.964048e-02	1.340253e+01
1.227000e-05	-2.715356e-02	1.347516e+01
1.228000e-05	-2.420067e-02	1.354032e+01
1.229000e-05	-2.334915e-02	1.361203e+01
1.230000e-05	-2.161450e-02	1.369624e+01
1.231000e-05	-2.744578e-02	1.380190e+01
1.232000e-05	-3.124090e-02	1.383408e+01
1.233000e-05	-2.985597e-02	1.390519e+01
1.234000e-05	-2.882130e-02	1.397079e+01
1.235000e-05	-2.771977e-02	1.397140e+01
1.236000e-05	-3.504795e-02	1.407448e+01
1.237000e-05	-3.237670e-02	1.407761e+01
1.238000e-05	-3.333101e-02	1.408579e+01
1.239000e-05	-3.171456e-02	1.413729e+01
1.240000e-05	-3.618628e-02	1.414082e+01
1.241000e-05	-4.081303e-02	1.413892e+01
1.242000e-05	-4.027158e-02	1.420042e+01
1.243000e-05	-3.975229e-02	1.418048e+01
1.244000e-05	-3.964767e-02	1.420205e+01
1.245000e-05	-4.546904e-02	1.417945e+01
1.246000e-05	-4.671152e-02	1.413937e+01
1.247000e-05	-4.740364e-02	1.415777e+01
1.248000e-05	-4.674205e-02	1.411676e+01
1.249000e-05	-5.137082e-02	1.410369e+01
1.250000e-05	-5.434467e-02	1.406556e+01
1.251000e-05	-5.355711e-02	1.406200e+01
1.252000e-05	-5.128974e-02	1.397922e+01
1.253000e-05	-5.062774e-02	1.390664e+01
1.254000e-05	-5.429320e-02	1.386400e+01
1.255000e-05	-5.451360e-02	1.382990e+01
1.256000e-05	-5.182171e-02	1.370681e+01
1.257000e-05	-4.729682e-02	1.366763e+01
1.258000e-05	-4.663826e-02	1.356995e+01
1.259000e-05	-4.511360e-02	1.348769e+01
1.260000e-05	-4.350328e-02	1.342453e+01
1.261000e-05	-3.919398e-02	1.331937e+01
1.262000e-05	-3.623321e-02	1.321519e+01
1.263000e-05	-3.580207e-02	1.314990e+01
1.264000e-05	-3.580789e-02	1.307406e+01
1.265000e-05	-3.227819e-02	1.297782e+01
1.266000e-05	-2.960356e-02	1.284403e+01
1.267000e-05	-2.745027e-02	1.272032e+01
1.268000e-05	-3.015083e-02	1.260353e+01
1.269000e-05	-2.620085e-02	1.250787e+01
1.270000e-05	-2.490755e-02	1.236192e+01
1.271000e-05	-2.107399e-02	1.226311e+01
1.272000e-05	-2.280613e-02	1.211617e+01
1.273000e-05	-2.132464e-02	1.193040e+01
1.274000e-05	-2.145382e-02	1.181403e+01
1.275000e-05	-1.801916e-02	1.168561e+01
1.276000e-05	-1.804979e-02	1.151659e+01
1.277000e-05	-1.942135e-02	1.126724e+01
1.278000e-05	-1.901915e-02	1.111240e+01
1.279000e-05	-1.743996e-02	1.099358e+01
1.280000e-05	-1.526665e-02	1.083621e+01
1.281000e-05	-1.646713e-02	1.067466e+01
1.282000e-05	-1.430704e-02	1.044569e+01
1.283000e-05	-1.520450e-02	1.024679e+01
1.284000e-05	-1.222095e-02	1.010945e+01
1.285000e-05	-1.358877e-02	9.927719e+00
1.286000e-05	-1.342759e-02	9.639244e+00
1.287000e-05	-1.439589e-02	9.541342e+00
1.288000e-05	-1.305940e-02	9.332526e+00
1.289000e-05	-1.141575e-02	9.109919e+00
1.290000e-05	-1.094705e-02	8.890371e+00
1.291000e-05	-1.144806e-02	8.721398e+00
1.292000e-05	-1.112792e-02	8.479499e+00
1.293000e-05	-9.813791e-03	8.370796e+00
1.294000e-05	-1.036720e-02	8.059916e+00
1.295000e-05	-1.072256e-02	7.895868e+00
1.296000e-05	-1.199413e-02	7.654710e+00
1.297000e-05	-1.053049e-02	7.363558e+00
1.298000e-05	-9.619020e-03	7.172026e+00
1.299000e-05	-8.615953e-03	6.932426e+00
1.300000e-05	-8.776510e-03	6.728418e+00
1.301000e-05	-9.578142e-03	6.437366e+00
1.302000e-05	-8.748672e-03	6.206262e+00
1.303000e-05	-7.890093e-03	6.005336e+00
1.304000e-05	-7.972517e-03	5.743554e+00
1.305000e-05	-8.857841e-03	5.521503e+00
1.306000e-05	-8.055005e-03	5.268366e+00
1.307000e-05	-8.215757e-03	4.931506e+00
1.308000e-05	-7.623955e-03	4.680475e+00
1.309000e-05	-7.685844e-03	4.467972e+00
1.310000e-05	-7.638582e-03	4.226212e+00
1.311000e-05	-7.504847e-03	3.923580e+00
1.312000e-05	-6.961296e-03	3.671525e+00
1.313000e-05	-6.649937e-03	3.438915e+00
1.314000e-05	-7.260906e-03	3.185809e+00
1.315000e-05	-6.459972e-03	2.903607e+00
1.316000e-05	-6.769326e-03	2.702021e+00
1.317000e-05	-6.075799e-03	2.408292e+00
1.318000e-05	-6.706213e-03	2.124710e+00
1.319000e-05	-6.667742e-03	1.933154e+00
1.320000e-05	-6.273587e-03	1.630397e+00
1.321000e-05	-5.728236e-03	1.356315e+00
1.322000e-05	-4.556455e-03	1.070546e+00
1.323000e-05	-5.219151e-03	7.673447e-01
1.324000e-05	-4.734458e-03	5.432092e-01
1.325000e-05	-4.018052e-03	2.526041e-01
1.326000e-05	-3.668905e-03	-2.060776e-02
1.327000e-05	2.214100e-03	-2.636841e-01
1.328000e-05	3.125028e-03	-4.637090e-01
1.329000e-05	-2.839611e-03	-7.285143e-01
1.330000e-05	5.755979e-04	-9.699499e-01
1.331000e-05	-2.690622e-03	-1.212583e+00
1.332000e-05	2.409869e-04	-1.556866e+00
1.333000e-05	2.992128e-03	-1.715817e+00
1.334000e-05	5.232979e-02	-1.946322e+00
1.335000e-05	8.317039e-02	-2.230983e+00
1.336000e-05	-7.235467e-02	-2.628535e+00
1.337000e-05	-9.506812e-03	-2.967868e+00
1.338000e-05	-5.223388e-02	-3.191004e+00
1.339000e-05	-6.265132e-02	-3.378374e+00
1.340000e-05	1.173045e-02	-3.555265e+00
1.341000e-05	1.382859e-01	-3.704660e+00
1.342000e-05	-1.808287e-01	-4.030054e+00
1.343000e-05	1.740704e-01	-4.281555e+00
1.344000e-05	-6.615175e-02	-4.463512e+00
1.345000e-05	2.696553e-03	-4.787996e+00
1.346000e-05	9.512958e-02	-4.978322e+00
1.347000e-05	-1.702911e-01	-5.324660e+00
1.348000e-05	7.395223e-02	-5.546919e+00
1.349000e-05	-1.345986e-02	-5.767323e+00
1.350000e-05	3.310023e-03	-6.101953e+00
1.351000e-05	9.325550e-02	-6.321481e+00
1.352000e-05	-1.271633e-01	-6.545689e+00
1.353000e-05	1.162718e-01	-6.808216e+00
1.354000e-05	-6.717785e-02	-6.987870e+00
1.355000e-05	4.771851e-02	-7.312634e+00
1.356000e-05	-4.808046e-03	-7.491976e+00
1.357000e-05	-7.477733e-02	-7.743263e+00
1.358000e-05	1.356197e-01	-8.016323e+00
1.359000e-05	-9.086461e-02	-8.207872e+00
1.360000e-05	8.790536e-02	-8.387817e+00
1.361000e-05	-7.713313e-02	-8.617192e+00
1.362000e-05	2.509932e-02	-8.891949e+00
1.363000e-05	3.579637e-02	-9.040796e+00
1.364000e-05	-1.667315e-02	-9.278820e+00
1.365000e-05	5.447186e-02	-9.490246e+00
1.366000e-05	-7.014755e-02	-9.688924e+00
1.367000e-05	7.673984e-02	-9.868295e+00
1.368000e-05	-3.303987e-02	-1.001774e+01
1.369000e-05	3.712128e-02	-1.026517e+01
1.370000e-05	-3.361250e-02	-1.042524e+01
1.371000e-05	8.584549e-03	-1.061714e+01
1.372000e-05	3.748910e-02	-1.073306e+01
1.373000e-05	5.892681e-03	-1.095200e+01
1.374000e-05	2.560648e-02	-1.108035e+01
1.375000e-05	-2.988363e-02	-1.129587e+01
1.376000e-05	3.611966e-02	-1.144672e+01
1.377000e-05	-4.803544e-03	-1.163569e+01
1.378000e-05	2.484499e-02	-1.182301e+01
1.379000e-05	-1.616834e-02	-1.194300e+01
1.380000e-05	1.739003e-02	-1.211840e+01
1.381000e-05	2.238051e-02	-1.223522e+01
1.382000e-05	2.674488e-02	-1.233353e+01
1.383000e-05	8.032472e-03	-1.248832e+01
1.384000e-05	-3.782025e-03	-1.265564e+01
1.385000e-05	1.609995e-02	-1.274135e+01
1.386000e-05	1.745468e-02	-1.285919e+01
1.387000e-05	1.800055e-02	-1.299208e+01
1.388000e-05	1.512173e-03	-1.308930e+01
1.389000e-05	1.375601e-02	-1.315201e+01
1.390000e-05	2.397903e-02	-1.326671e+01
1.391000e-05	2.804528e-02	-1.342200e+01
1.392000e-05	1.254094e-02	-1.347554e+01
1.393000e-05	9.494376e-03	-1.352937e+01
1.394000e-05	1.626980e-02	-1.363508e+01
1.395000e-05	2.864988e-02	-1.369937e+01
1.396000e-05	2.108425e-02	-1.376047e+01
1.397000e-05	1.283092e-02	-1.380411e+01
1.398000e-05	1.460824e-02	-1.389774e+01
1.399000e-05	2.713490e-02	-1.393927e+01
1.400000e-05	3.055512e-02	-1.401250e+01
1.401000e-05	2.304091e-02	-1.406459e+01
1.402000e-05	1.960968e-02	-1.411463e+01
1.403000e-05	2.483040e-02	-1.415771e+01
1.404000e-05	3.456070e-02	-1.420932e+01
1.405000e-05	3.059871e-02	-1.421189e+01
1.406000e-05	2.435303e-02	-1.425288e+01
1.407000e-05	2.329565e-02	-1.422297e+01
1.408000e-05	3.405371e-02	-1.425248e+01
1.409000e-05	3.962917e-02	-1.424446e+01
1.410000e-05	3.654712e-02	-1.426293e+01
1.411000e-05	3.259666e-02	-1.423351e+01
1.412000e-05	3.733403e-02	-1.422142e+01
1.413000e-05	4.516562e-02	-1.421040e+01
1.414000e-05	4.387049e-02	-1.419022e+01
1.415000e-05	3.968768e-02	-1.416721e+01
1.416000e-05	3.890240e-02	-1.409564e+01
1.417000e-05	4.661181e-02	-1.408463e+01
1.418000e-05	5.094503e-02	-1.398198e+01
1.419000e-05	4.694276e-02	-1.392187e+01
1.420000e-05	4.142996e-02	-1.390722e+01
1.421000e-05	4.251787e-02	-1.384461e+01
1.422000e-05	4.647904e-02	-1.377203e+01
1.423000e-05	4.512362e-02	-1.369935e+01
1.424000e-05	3.805055e-02	-1.366523e+01
1.425000e-05	3.371863e-02	-1.355030e+01
1.426000e-05	3.517690e-02	-1.349519e+01
1.427000e-05	3.640107e-02	-1.340200e+01
1.428000e-05	3.128214e-02	-1.329679e+01
1.429000e-05	2.499495e-02	-1.319400e+01
1.430000e-05	2.347111e-02	-1.310932e+01
1.431000e-05	2.578264e-02	-1.303556e+01
1.432000e-05	2.536013e-02	-1.291927e+01
1.433000e-05	1.956839e-02	-1.280458e+01
1.434000e-05	1.565806e-02	-1.270667e+01
1.435000e-05	1.691269e-02	-1.258895e+01
1.436000e-05	1.914285e-02	-1.238561e+01
1.437000e-05	1.561595e-02	-1.229719e+01
1.438000e-05	1.103628e-02	-1.217092e+01
1.439000e-05	1.001765e-02	-1.203393e+01
1.440000e-05	1.317663e-02	-1.187564e+01
1.441000e-05	1.294781e-02	-1.162824e+01
1.442000e-05	9.079848e-03	-1.150879e+01
1.443000e-05	6.497423e-03	-1.134819e+01
1.444000e-05	8.045285e-03	-1.113040e+01
1.445000e-05	1.056707e-02	-1.097303e+01
1.446000e-05	8.882510e-03	-1.081616e+01
1.447000e-05	4.597952e-03	-1.069924e+01
1.448000e-05	4.396523e-03	-1.053931e+01
1.449000e-05	5.868381e-03	-1.029074e+01
1.450000e-05	6.396219e-03	-1.012894e+01
1.451000e-05	4.046710e-03	-9.932449e+00
1.452000e-05	1.720896e-03	-9.733026e+00
1.453000e-05	3.120591e-03	-9.561979e+00
1.454000e-05	4.997176e-03	-9.372049e+00
1.455000e-05	3.963185e-03	-9.152102e+00
1.456000e-05	1.768685e-03	-8.972082e+00
1.457000e-05	-1.493159e-05	-8.783025e+00
1.458000e-05	1.909404e-03	-8.492072e+00
1.459000e-05	2.592290e-03	-8.342528e+00
1.460000e-05	4.937082e-04	-8.142476e+00
1.461000e-05	-1.141199e-03	-7.950771e+00
1.462000e-05	-5.476642e-04	-7.667762e+00
1.463000e-05	1.897431e-03	-7.406212e+00
1.464000e-05	1.165480e-03	-7.235656e+00
1.465000e-05	-6.681156e-04	-6.953551e+00
1.466000e-05	-2.687144e-03	-6.721473e+00
1.467000e-05	-3.787620e-04	-6.481923e+00
1.468000e-05	-1.541579e-03	-6.266317e+00
1.469000e-05	-2.031603e-03	-5.996184e+00
1.470000e-05	-4.254297e-03	-5.735133e+00
1.471000e-05	-2.979584e-03	-5.532103e+00
1.472000e-05	-9.870221e-04	-5.228871e+00
1.473000e-05	-1.024370e-03	-4.970632e+00
1.474000e-05	-3.387814e-03	-4.689921e+00
1.475000e-05	-3.724222e-03	-4.429450e+00
1.476000e-05	-2.830417e-03	-4.259319e+00
1.477000e-05	-1.797987e-03	-4.006865e+00
1.478000e-05	-5.017574e-03	-3.744655e+00
1.479000e-05	-5.594192e-03	-3.482005e+00
1.480000e-05	-6.112772e-03	-3.238950e+00
1.481000e-05	-2.185842e-03	-2.976786e+00
1.482000e-05	-4.640957e-03	-2.712649e+00
1.483000e-05	-4.730772e-03	-2.461503e+00
1.484000e-05	-5.614167e-03	-2.218888e+00
1.485000e-05	-2.295038e-03	-1.944661e+00
1.486000e-05	-3.074501e-03	-1.682102e+00
1.487000e-05	-6.073459e-03	-1.399291e+00
1.488000e-05	-9.125388e-03	-1.114578e+00
1.489000e-05	-7.355138e-03	-8.420241e-01
1.490000e-05	-4.517128e-03	-5.587145e-01
1.491000e-05	-4.682953e-03	-3.157582e-01
1.492000e-05	-4.780546e-03	-8.217660e-02
1.493000e-05	3.338603e-03	2.099578e-01
1.494000e-05	3.170457e-03	4.726379e-01
1.495000e-05	1.094911e-03	6.721893e-01
1.496000e-05	-2.008144e-03	8.842433e-01
1.497000e-05	-5.646125e-03	1.170031e+00
1.498000e-05	-4.051006e-03	1.444710e+00
1.499000e-05	6.268842e-05	1.745924e+00
1.500000e-05	2.180348e-02	1.935867e+00
1.501000e-05	7.149367e-02	2.168954e+00
1.502000e-05	-1.546901e-04	2.482766e+00
1.503000e-05	-6.068252e-02	2.830502e+00
1.504000e-05	-2.719867e-02	3.072588e+00
1.505000e-05	-2.824077e-02	3.305063e+00
1.506000e-05	-7.887783e-02	3.515790e+00
1.507000e-05	1.374083e-02	3.662633e+00
1.508000e-05	1.066492e-01	3.923817e+00
1.509000e-05	-1.613244e-01	4.246819e+00
1.510000e-05	1.425035e-01	4.421978e+00
1.511000e-05	-5.011732e-03	4.692742e+00
1.512000e-05	-4.180254e-02	4.896143e+00
1.513000e-05	4.267403e-02	5.240960e+00
1.514000e-05	-8.365394e-02	5.482788e+00
1.515000e-05	2.657508e-02	5.754762e+00
1.516000e-05	-5.115995e-03	6.028450e+00
1.517000e-05	-8.962215e-03	6.269505e+00
1.518000e-05	1.545439e-02	6.482033e+00
1.519000e-05	-4.189823e-02	6.734165e+00
1.520000e-05	2.462831e-02	6.986718e+00
1.521000e-05	-3.409408e-02	7.236872e+00
1.522000e-05	1.330151e-02	7.448906e+00
1.523000e-05	-1.432314e-02	7.722057e+00
1.524000e-05	-3.062928e-02	8.004060e+00
1.525000e-05	5.092717e-02	8.206818e+00
1.526000e-05	-4.790926e-02	8.395742e+00
1.527000e-05	1.129382e-02	8.594691e+00
1.528000e-05	-3.703892e-02	8.754670e+00
1.529000e-05	3.779183e-03	8.984615e+00
1.530000e-05	-6.588476e-03	9.196317e+00
1.531000e-05	-8.667844e-03	9.424713e+00
1.532000e-05	-3.465974e-03	9.595266e+00
1.533000e-05	-2.474686e-02	9.814058e+00
1.534000e-05	9.796239e-03	9.965565e+00
1.535000e-05	-2.411339e-02	1.017411e+01
1.536000e-05	-9.002063e-03	1.035253e+01
1.537000e-05	-2.785901e-02	1.053140e+01
1.538000e-05	-5.110958e-03	1.071093e+01
1.539000e-05	-4.662266e-03	1.087042e+01
1.540000e-05	-7.671116e-03	1.105835e+01
1.541000e-05	-1.574595e-02	1.119511e+01
1.542000e-05	-2.008111e-02	1.139299e+01
1.543000e-05	-8.565526e-03	1.158343e+01
1.544000e-05	-1.787097e-02	1.173995e+01
1.545000e-05	-1.451963e-02	1.187829e+01
1.546000e-05	-2.425167e-02	1.202616e+01
1.547000e-05	-1.054899e-02	1.217101e+01
1.548000e-05	-1.105183e-02	1.229829e+01
1.549000e-05	-1.221210e-02	1.245569e+01
1.550000e-05	-2.420870e-02	1.254108e+01
1.551000e-05	-2.266678e-02	1.266627e+01
1.552000e-05	-1.739873e-02	1.276295e+01
1.553000e-05	-1.810529e-02	1.290777e+01
1.554000e-05	-2.088588e-02	1.301305e+01
1.555000e-05	-2.569067e-02	1.311962e+01
1.556000e-05	-1.913640e-02	1.327461e+01
1.557000e-05	-1.891872e-02	1.330832e+01
1.558000e-05	-1.887604e-02	1.336251e+01
1.559000e-05	-2.743518e-02	1.345569e+01
1.560000e-05	-2.629758e-02	1.354840e+01
1.561000e-05	-2.390188e-02	1.359413e+01
1.562000e-05	-2.368490e-02	1.366714e+01
1.563000e-05	-2.630589e-02	1.378093e+01
1.564000e-05	-3.251253e-02	1.382303e+01
1.565000e-05	-2.868882e-02	1.390467e+01
1.566000e-05	-2.763942e-02	1.394019e+01
1.567000e-05	-2.715734e-02	1.398132e+01
1.568000e-05	-3.445081e-02	1.403366e+01
1.569000e-05	-3.411624e-02	1.408561e+01
1.570000e-05	-3.277128e-02	1.410714e+01
1.571000e-05	-3.269129e-02	1.414929e+01
1.572000e-05	-3.586591e-02	1.420880e+01
1.573000e-05	-4.237253e-02	1.417977e+01
1.574000e-05	-4.010325e-02	1.413092e+01
1.575000e-05	-3.973101e-02	1.424040e+01
1.576000e-05	-3.937477e-02	1.416100e+01
1.577000e-05	-4.549022e-02	1.414937e+01
1.578000e-05	-4.695182e-02	1.417932e+01
1.579000e-05	-4.713873e-02	1.413780e+01
1.580000e-05	-4.792841e-02	1.409784e+01
1.581000e-05	-5.117301e-02	1.409563e+01
1.582000e-05	-5.570743e-02	1.405356e+01
1.583000e-05	-5.375437e-02	1.402130e+01
1.584000e-05	-5.223059e-02	1.396874e+01
1.585000e-05	-5.023941e-02	1.390661e+01
1.586000e-05	-5.318138e-02	1.385358e+01
1.587000e-05	-5.345033e-02	1.381885e+01
1.588000e-05	-5.132571e-02	1.378736e+01
1.589000e-05	-4.763285e-02	1.363356e+01
1.590000e-05	-4.662065e-02	1.353895e+01
1.591000e-05	-4.673784e-02	1.349669e+01
1.592000e-05	-4.359584e-02	1.342308e+01
1.593000e-05	-3.969901e-02	1.333840e+01
1.594000e-05	-3.621903e-02	1.323503e+01
1.595000e-05	-3.576337e-02	1.312976e+01
1.596000e-05	-3.523159e-02	1.306501e+01
1.597000e-05	-3.098336e-02	1.295887e+01
1.598000e-05	-2.927635e-02	1.280553e+01
1.599000e-05	-2.771211e-02	1.270939e+01
1.600000e-05	-2.925870e-02	1.261353e+01
1.601000e-05	-2.606687e-02	1.250784e+01
1.602000e-05	-2.488494e-02	1.233082e+01
1.603000e-05	-2.140690e-02	1.223403e+01
1.604000e-05	-2.221993e-02	1.204666e+01
1.605000e-05	-2.127838e-02	1.194040e+01
1.606000e-05	-2.047716e-02	1.178248e+01
1.607000e-05	-1.842701e-02	1.164348e+01
1.608000e-05	-1.779353e-02	1.150411e+01
1.609000e-05	-1.921681e-02	1.128714e+01
1.610000e-05	-1.897710e-02	1.110997e+01
1.611000e-05	-1.831111e-02	1.095145e+01
1.612000e-05	-1.485024e-02	1.082253e+01
1.613000e-05	-1.640313e-02	1.064303e+01
1.614000e-05	-1.513870e-02	1.042471e+01
1.615000e-05	-1.520619e-02	1.027769e+01
1.616000e-05	-1.255056e-02	1.007784e+01
1.617000e-05	-1.250218e-02	9.917716e+00
1.618000e-05	-1.285776e-02	9.685815e+00
1.619000e-05	-1.364092e-02	9.477821e+00
1.620000e-05	-1.348013e-02	9.290446e+00
1.621000e-05	-1.160701e-02	9.109743e+00
1.622000e-05	-1.206539e-02	8.888366e+00
1.623000e-05	-1.126305e-02	8.707789e+00
1.624000e-05	-1.215396e-02	8.499998e+00
1.625000e-05	-1.007782e-02	8.258315e+00
1.626000e-05	-8.920564e-03	8.097339e+00
1.627000e-05	-9.262841e-03	7.826263e+00
1.628000e-05	-1.176481e-02	7.595679e+00
1.629000e-05	-1.106495e-02	7.363525e+00
1.630000e-05	-9.981261e-03	7.150498e+00
1.631000e-05	-9.716358e-03	6.889505e+00
1.632000e-05	-1.031213e-02	6.687338e+00
1.633000e-05	-1.047892e-02	6.436736e+00
1.634000e-05	-8.042764e-03	6.216312e+00
1.635000e-05	-6.751271e-03	5.975210e+00
1.636000e-05	-7.376705e-03	5.700454e+00
1.637000e-05	-7.884157e-03	5.481944e+00
1.638000e-05	-9.282632e-03	5.207657e+00
1.639000e-05	-7.477647e-03	4.892973e+00
1.640000e-05	-7.403532e-03	4.660945e+00
1.641000e-05	-8.658998e-03	4.399888e+00
1.642000e-05	-9.277388e-03	4.154107e+00
1.643000e-05	-7.440897e-03	3.892574e+00
1.644000e-05	-5.081013e-03	3.672551e+00
1.645000e-05	-6.103377e-03	3.437315e+00
1.646000e-05	-6.579482e-03	3.156206e+00
1.647000e-05	-6.992823e-03	2.894104e+00
1.648000e-05	-6.353707e-03	2.691966e+00
1.649000e-05	-5.534292e-03	2.336785e+00
1.650000e-05	-7.316661e-03	2.114131e+00
1.651000e-05	-7.034875e-03	1.871153e+00
1.652000e-05	-6.073688e-03	1.597440e+00
1.653000e-05	-4.847188e-03	1.345182e+00
1.654000e-05	-4.008954e-03	1.039401e+00
1.655000e-05	-5.664020e-03	7.248383e-01
1.656000e-05	-5.485712e-03	4.831554e-01
1.657000e-05	-4.134722e-03	2.315489e-01
1.658000e-05	-3.297426e-03	-1.318257e-02
1.659000e-05	3.935435e-03	-2.741618e-01
1.660000e-05	2.165008e-04	-4.767947e-01
1.661000e-05	-1.415315e-03	-7.604761e-01
1.662000e-05	-4.825910e-04	-1.012534e+00
1.663000e-05	-1.425246e-03	-1.235184e+00
1.664000e-05	-2.343449e-03	-1.517922e+00
1.665000e-05	5.781692e-03	-1.767347e+00
1.666000e-05	6.221537e-02	-1.946923e+00
1.667000e-05	6.929161e-02	-2.274142e+00
1.668000e-05	-7.359342e-02	-2.662235e+00
1.669000e-05	-7.038973e-03	-3.018903e+00
1.670000e-05	-5.503616e-02	-3.252501e+00
1.671000e-05	-6.919625e-02	-3.388345e+00
1.672000e-05	4.707610e-02	-3.566214e+00
1.673000e-05	9.634324e-02	-3.736167e+00
1.674000e-05	-1.681931e-01	-4.064712e+00
1.675000e-05	1.944045e-01	-4.251482e+00
1.676000e-05	-1.069239e-01	-4.493667e+00
1.677000e-05	4.953223e-02	-4.858549e+00
1.678000e-05	5.666340e-02	-5.038930e+00
1.679000e-05	-1.652277e-01	-5.387743e+00
1.680000e-05	9.523810e-02	-5.617368e+00
1.681000e-05	-4.111736e-02	-5.859327e+00
1.682000e-05	3.867941e-02	-6.141031e+00
1.683000e-05	5.811349e-02	-6.354039e+00
1.684000e-05	-1.112320e-01	-6.617370e+00
1.685000e-05	1.217545e-01	-6.757370e+00
1.686000e-05	-8.484220e-02	-7.041403e+00
1.687000e-05	7.403543e-02	-7.313110e+00
1.688000e-05	-4.182008e-02	-7.552485e+00
1.689000e-05	-3.859081e-02	-7.847370e+00
1.690000e-05	1.196167e-01	-8.050449e+00
1.691000e-05	-9.039677e-02	-8.239400e+00
1.692000e-05	9.559932e-02	-8.457349e+00
1.693000e-05	-9.577396e-02	-8.677957e+00
1.694000e-05	5.341566e-02	-8.881555e+00
1.695000e-05	1.351971e-02	-9.090377e+00
1.696000e-05	3.129878e-04	-9.308904e+00
1.697000e-05	3.385363e-02	-9.479874e+00
1.698000e-05	-5.880631e-02	-9.682526e+00
1.699000e-05	7.700159e-02	-9.889354e+00
1.700000e-05	-3.633254e-02	-1.002830e+01
1.701000e-05	4.325993e-02	-1.025872e+01
1.702000e-05	-4.292423e-02	-1.040830e+01
1.703000e-05	2.386101e-02	-1.061532e+01
1.704000e-05	2.657970e-02	-1.076411e+01
1.705000e-05	1.063981e-02	-1.097155e+01
1.706000e-05	1.365640e-02	-1.109090e+01
1.707000e-05	-2.322430e-02	-1.131092e+01
1.708000e-05	3.773209e-02	-1.145677e+01
1.709000e-05	-2.206617e-03	-1.160569e+01
1.710000e-05	2.534531e-02	-1.183254e+01
1.711000e-05	-1.877264e-02	-1.197446e+01
1.712000e-05	2.138824e-02	-1.212002e+01
1.713000e-05	1.777325e-02	-1.224824e+01
1.714000e-05	2.524431e-02	-1.237508e+01
1.715000e-05	2.315359e-03	-1.253035e+01
1.716000e-05	4.838108e-04	-1.266626e+01
1.717000e-05	1.998682e-02	-1.274188e+01
1.718000e-05	2.064609e-02	-1.287774e+01
1.719000e-05	1.642391e-02	-1.298411e+01
1.720000e-05	1.094559e-03	-1.308927e+01
1.721000e-05	1.334126e-02	-1.314408e+01
1.722000e-05	2.430718e-02	-1.330674e+01
1.723000e-05	2.549923e-02	-1.341255e+01
1.724000e-05	1.021102e-02	-1.347769e+01
1.725000e-05	1.055712e-02	-1.354038e+01
1.726000e-05	1.927795e-02	-1.362708e+01
1.727000e-05	3.042586e-02	-1.368889e+01
1.728000e-05	1.976156e-02	-1.375195e+01
1.729000e-05	1.242415e-02	-1.384511e+01
1.730000e-05	1.482909e-02	-1.387880e+01
1.731000e-05	2.778878e-02	-1.395940e+01
1.732000e-05	2.830205e-02	-1.397240e+01
1.733000e-05	2.175185e-02	-1.406456e+01
1.734000e-05	1.855515e-02	-1.410714e+01
1.735000e-05	2.722430e-02	-1.412672e+01
1.736000e-05	3.565457e-02	-1.414979e+01
1.737000e-05	3.027811e-02	-1.424050e+01
1.738000e-05	2.386074e-02	-1.421088e+01
1.739000e-05	2.503241e-02	-1.426248e+01
1.740000e-05	3.619026e-02	-1.424393e+01
1.741000e-05	3.961292e-02	-1.427456e+01
1.742000e-05	3.495604e-02	-1.428206e+01
1.743000e-05	3.117467e-02	-1.423190e+01
1.744000e-05	3.769392e-02	-1.423197e+01
1.745000e-05	4.661010e-02	-1.426037e+01
1.746000e-05	4.403944e-02	-1.422037e+01
1.747000e-05	4.001689e-02	-1.413017e+01
1.748000e-05	4.010821e-02	-1.412609e+01
1.749000e-05	4.819535e-02	-1.405505e+01
1.750000e-05	5.064191e-02	-1.395290e+01
1.751000e-05	4.508158e-02	-1.394032e+01
1.752000e-05	3.995550e-02	-1.391614e+01
1.753000e-05	4.182422e-02	-1.384206e+01
1.754000e-05	4.761334e-02	-1.375150e+01
1.755000e-05	4.459989e-02	-1.367729e+01
1.756000e-05	3.690372e-02	-1.364508e+01
1.757000e-05	3.430190e-02	-1.354184e+01
1.758000e-05	3.487475e-02	-1.350609e+01
1.759000e-05	3.580568e-02	-1.340143e+01
1.760000e-05	2.893045e-02	-1.331676e+01
1.761000e-05	2.405511e-02	-1.317345e+01
1.762000e-05	2.426815e-02	-1.308767e+01
1.763000e-05	2.832607e-02	-1.299403e+01
1.764000e-05	2.417201e-02	-1.290737e+01
1.765000e-05	1.839582e-02	-1.276200e+01
1.766000e-05	1.417234e-02	-1.268466e+01
1.767000e-05	1.584740e-02	-1.253095e+01
1.768000e-05	1.789753e-02	-1.241408e+01
1.769000e-05	1.632684e-02	-1.227761e+01
1.770000e-05	1.116527e-02	-1.215037e+01
1.771000e-05	1.296839e-02	-1.199297e+01
1.772000e-05	1.448368e-02	-1.187452e+01
1.773000e-05	1.361301e-02	-1.165514e+01
1.774000e-05	7.571587e-03	-1.147678e+01
1.775000e-05	4.209428e-03	-1.127871e+01
1.776000e-05	6.265984e-03	-1.113837e+01
1.777000e-05	8.927557e-03	-1.093408e+01
1.778000e-05	8.580987e-03	-1.081416e+01
1.779000e-05	6.108346e-03	-1.066714e+01
1.780000e-05	6.746606e-03	-1.043681e+01
1.781000e-05	7.535990e-03	-1.024914e+01
1.782000e-05	6.237942e-03	-1.005932e+01
1.783000e-05	3.264215e-03	-9.890374e+00
1.784000e-05	2.196581e-04	-9.712527e+00
1.785000e-05	1.006564e-03	-9.542446e+00
1.786000e-05	3.479822e-03	-9.331401e+00
1.787000e-05	4.443650e-03	-9.171026e+00
1.788000e-05	2.813763e-03	-8.933553e+00
1.789000e-05	1.141679e-03	-8.711391e+00
1.790000e-05	2.624648e-03	-8.460874e+00
1.791000e-05	3.452374e-03	-8.291520e+00
1.792000e-05	5.366871e-04	-8.111925e+00
1.793000e-05	-4.079581e-03	-7.898270e+00
1.794000e-05	-2.653271e-03	-7.585711e+00
1.795000e-05	1.107208e-03	-7.365187e+00
1.796000e-05	1.651549e-03	-7.153154e+00
1.797000e-05	-9.282408e-04	-6.921998e+00
1.798000e-05	-1.630062e-03	-6.700946e+00
1.799000e-05	1.020876e-03	-6.468392e+00
1.800000e-05	8.402396e-04	-6.237812e+00
1.801000e-05	-7.213369e-04	-5.996659e+00
1.802000e-05	-5.764830e-03	-5.704027e+00
1.803000e-05	-4.823496e-03	-5.550447e+00
1.804000e-05	-2.518412e-03	-5.205762e+00
1.805000e-05	-1.417015e-04	-4.943472e+00
1.806000e-05	-3.502417e-03	-4.630870e+00
1.807000e-05	-2.709121e-03	-4.429371e+00
1.808000e-05	-3.298935e-03	-4.207238e+00
1.809000e-05	-4.627366e-04	-3.927859e+00
1.810000e-05	-4.027328e-03	-3.692505e+00
1.811000e-05	-5.581184e-03	-3.490394e+00
1.812000e-05	-8.604274e-03	-3.209337e+00
1.813000e-05	-3.965606e-03	-2.884059e+00
1.814000e-05	-4.263851e-03	-2.692052e+00
1.815000e-05	-2.891570e-03	-2.448419e+00
1.816000e-05	-5.615892e-03	-2.157684e+00
1.817000e-05	-4.218331e-03	-1.895182e+00
1.818000e-05	-2.822091e-03	-1.681028e+00
1.819000e-05	-4.499053e-03	-1.365738e+00
1.820000e-05	-7.981262e-03	-1.093577e+00
1.821000e-05	-7.926743e-03	-8.209961e-01
1.822000e-05	-5.217015e-03	-5.557605e-01
1.823000e-05	-4.584541e-03	-2.840766e-01
1.824000e-05	-3.458977e-03	-3.105401e-02
1.825000e-05	3.275024e-03	2.417326e-01
1.826000e-05	-1.772414e-03	4.641656e-01
1.827000e-05	2.651257e-03	7.047884e-01
1.828000e-05	-1.541217e-03	9.359526e-01
1.829000e-05	-2.790640e-03	1.230079e+00
1.830000e-05	-5.163000e-03	1.503664e+00
1.831000e-05	1.750433e-03	1.778003e+00
1.832000e-05	2.578144e-02	1.969974e+00
1.833000e-05	7.649833e-02	2.231036e+00
1.834000e-05	-2.153763e-02	2.536843e+00
1.835000e-05	-5.443295e-02	2.822157e+00
1.836000e-05	-3.063461e-02	3.104639e+00
1.837000e-05	-2.465502e-02	3.355167e+00
1.838000e-05	-8.375465e-02	3.556399e+00
1.839000e-05	4.146110e-02	3.703238e+00
1.840000e-05	7.791949e-02	3.985775e+00
1.841000e-05	-1.545722e-01	4.240600e+00
1.842000e-05	1.688255e-01	4.461105e+00
1.843000e-05	-4.207678e-02	4.745718e+00
1.844000e-05	-1.892671e-02	5.025200e+00
1.845000e-05	2.379687e-02	5.294111e+00
1.846000e-05	-7.966402e-02	5.544242e+00
1.847000e-05	3.565453e-02	5.795218e+00
1.848000e-05	-1.406681e-02	6.050501e+00
1.849000e-05	1.027778e-03	6.291630e+00
1.850000e-05	8.078941e-03	6.532111e+00
1.851000e-05	-3.456597e-02	6.796346e+00
1.852000e-05	2.491304e-02	7.027226e+00
1.853000e-05	-4.035071e-02	7.218876e+00
1.854000e-05	1.866996e-02	7.459977e+00
1.855000e-05	-2.994960e-02	7.753060e+00
1.856000e-05	-1.638736e-02	8.037639e+00
1.857000e-05	4.318196e-02	8.209374e+00
1.858000e-05	-4.691552e-02	8.417823e+00
1.859000e-05	1.392997e-02	8.615790e+00
1.860000e-05	-3.811344e-02	8.795291e+00
1.861000e-05	1.012435e-02	9.026114e+00
1.862000e-05	-1.167149e-02	9.227267e+00
1.863000e-05	-7.017375e-03	9.427269e+00
1.864000e-05	-9.269280e-03	9.616763e+00
1.865000e-05	-2.225126e-02	9.835614e+00
1.866000e-05	9.078608e-03	1.000526e+01
1.867000e-05	-2.520727e-02	1.019464e+01
1.868000e-05	-6.321094e-03	1.033256e+01
1.869000e-05	-2.620858e-02	1.056048e+01
1.870000e-05	-2.668670e-03	1.076350e+01
1.871000e-05	-6.377069e-03	1.091145e+01
1.872000e-05	-1.149892e-02	1.108779e+01
1.873000e-05	-1.754063e-02	1.117667e+01
1.874000e-05	-2.093135e-02	1.140256e+01
1.875000e-05	-7.176349e-03	1.158254e+01
1.876000e-05	-1.873006e-02	1.175103e+01
1.877000e-05	-1.449687e-02	1.187985e+01
1.878000e-05	-2.321134e-02	1.203474e+01
1.879000e-05	-8.475302e-03	1.220000e+01
1.880000e-05	-1.125810e-02	1.229775e+01
1.881000e-05	-1.433815e-02	1.239569e+01
1.882000e-05	-2.394339e-02	1.257155e+01
1.883000e-05	-2.252462e-02	1.268784e+01
1.884000e-05	-1.606442e-02	1.279205e+01
1.885000e-05	-1.913229e-02	1.289882e+01
1.886000e-05	-2.166529e-02	1.303263e+01
1.887000e-05	-2.564495e-02	1.310879e+01
1.888000e-05	-1.861317e-02	1.325311e+01
1.889000e-05	-1.798769e-02	1.332889e+01
1.890000e-05	-1.973914e-02	1.338211e+01
1.891000e-05	-2.774159e-02	1.344877e+01
1.892000e-05	-2.670737e-02	1.356042e+01
1.893000e-05	-2.368119e-02	1.360516e+01
1.894000e-05	-2.418152e-02	1.372729e+01
1.895000e-05	-2.830092e-02	1.383187e+01
1.896000e-05	-3.249559e-02	1.385206e+01
1.897000e-05	-2.800283e-02	1.387606e+01
1.898000e-05	-2.622761e-02	1.397774e+01
1.899000e-05	-2.825398e-02	1.401280e+01
1.900000e-05	-3.453702e-02	1.403303e+01
1.901000e-05	-3.400855e-02	1.407668e+01
1.902000e-05	-3.184465e-02	1.410577e+01
1.903000e-05	-3.336451e-02	1.414929e+01
1.904000e-05	-3.777863e-02	1.412882e+01
1.905000e-05	-4.265881e-02	1.419087e+01
1.906000e-05	-3.995587e-02	1.423040e+01
1.907000e-05	-3.964501e-02	1.417043e+01
1.908000e-05	-3.961356e-02	1.420252e+01
1.909000e-05	-4.496005e-02	1.418992e+01
1.910000e-05	-4.704168e-02	1.414932e+01
1.911000e-05	-4.717999e-02	1.413927e+01
1.912000e-05	-4.750985e-02	1.410716e+01
1.913000e-05	-5.234428e-02	1.411556e+01
1.914000e-05	-5.636958e-02	1.405463e+01
1.915000e-05	-5.438598e-02	1.401283e+01
1.916000e-05	-5.155077e-02	1.393974e+01
1.917000e-05	-5.029221e-02	1.388664e+01
1.918000e-05	-5.405742e-02	1.386303e+01
1.919000e-05	-5.469991e-02	1.384045e+01
1.920000e-05	-5.025688e-02	1.372669e+01
1.921000e-05	-4.771264e-02	1.361353e+01
1.922000e-05	-4.726514e-02	1.353087e+01
1.923000e-05	-4.658716e-02	1.347721e+01
1.924000e-05	-4.373602e-02	1.342408e+01
1.925000e-05	-3.870527e-02	1.331940e+01
1.926000e-05	-3.633469e-02	1.323461e+01
1.927000e-05	-3.555094e-02	1.313872e+01
1.928000e-05	-3.568571e-02	1.304303e+01
1.929000e-05	-2.980384e-02	1.293027e+01
1.930000e-05	-2.881753e-02	1.280405e+01
1.931000e-05	-2.709815e-02	1.269827e+01
1.932000e-05	-3.022569e-02	1.261200e+01
1.933000e-05	-2.612211e-02	1.245732e+01
1.934000e-05	-2.473351e-02	1.235872e+01
1.935000e-05	-2.169790e-02	1.225353e+01
1.936000e-05	-2.217500e-02	1.205563e+01
1.937000e-05	-2.160671e-02	1.192139e+01
1.938000e-05	-2.026448e-02	1.182145e+01
1.939000e-05	-1.824342e-02	1.161242e+01
1.940000e-05	-1.784877e-02	1.143253e+01
1.941000e-05	-1.924791e-02	1.126521e+01
1.942000e-05	-1.748144e-02	1.110989e+01
1.943000e-05	-1.714277e-02	1.094100e+01
1.944000e-05	-1.477422e-02	1.081340e+01
1.945000e-05	-1.615677e-02	1.064250e+01
1.946000e-05	-1.531404e-02	1.040514e+01
1.947000e-05	-1.531263e-02	1.024621e+01
1.948000e-05	-1.275883e-02	1.005624e+01
1.949000e-05	-1.237436e-02	9.876638e+00
1.950000e-05	-1.322660e-02	9.656713e+00
1.951000e-05	-1.324636e-02	9.488319e+00
1.952000e-05	-1.267429e-02	9.268871e+00
1.953000e-05	-1.129785e-02	9.096268e+00
1.954000e-05	-1.225491e-02	8.886261e+00
1.955000e-05	-1.246741e-02	8.648294e+00
1.956000e-05	-1.214875e-02	8.478364e+00
1.957000e-05	-1.009728e-02	8.259812e+00
1.958000e-05	-1.001263e-02	8.088164e+00
1.959000e-05	-9.986019e-03	7.772686e+00
1.960000e-05	-1.043624e-02	7.584101e+00
1.961000e-05	-9.454025e-03	7.320999e+00
1.962000e-05	-9.798868e-03	7.120924e+00
1.963000e-05	-9.791710e-03	6.869420e+00
1.964000e-05	-9.847558e-03	6.637741e+00
1.965000e-05	-9.904560e-03	6.383738e+00
1.966000e-05	-8.452424e-03	6.174158e+00
1.967000e-05	-8.894176e-03	5.993629e+00
1.968000e-05	-7.649156e-03	5.661424e+00
1.969000e-05	-8.208478e-03	5.469420e+00
1.970000e-05	-7.881687e-03	5.175702e+00
1.971000e-05	-7.011910e-03	4.869896e+00
1.972000e-05	-7.059511e-03	4.597316e+00
1.973000e-05	-8.100973e-03	4.396236e+00
1.974000e-05	-8.574632e-03	4.125026e+00
1.975000e-05	-7.500905e-03	3.869924e+00
1.976000e-05	-7.369905e-03	3.647923e+00
1.977000e-05	-6.858012e-03	3.385235e+00
1.978000e-05	-6.509743e-03	3.133632e+00
1.979000e-05	-6.363794e-03	2.860978e+00
1.980000e-05	-5.264569e-03	2.637823e+00
1.981000e-05	-5.663958e-03	2.355159e+00
1.982000e-05	-6.433541e-03	2.082632e+00
1.983000e-05	-7.924292e-03	1.871022e+00
1.984000e-05	-5.757187e-03	1.586737e+00
1.985000e-05	-5.647320e-03	1.294175e+00
1.986000e-05	-5.462346e-03	9.763683e-01
1.987000e-05	-6.954862e-03	7.342580e-01
1.988000e-05	-5.632544e-03	4.725790e-01
1.989000e-05	-2.464520e-03	2.409212e-01
1.990000e-05	-7.977834e-04	-4.368827e-02
1.991000e-05	4.778222e-03	-2.857944e-01
1.992000e-05	-1.518021e-03	-5.273468e-01
1.993000e-05	1.555317e-04	-7.811089e-01
1.994000e-05	-1.610879e-03	-1.012681e+00
1.995000e-05	-5.255570e-04	-1.286297e+00
1.996000e-05	-4.189491e-03	-1.560046e+00
1.997000e-05	8.842486e-03	-1.759476e+00
1.998000e-05	7.233490e-02	-1.978449e+00
1.999000e-05	5.148290e-02	-2.324744e+00
2.000000e-05	-7.116373e-02	-2.655767e+00
2.001000e-05	-7.943430e-03	-3.041476e+00
2.002000e-05	-5.500224e-02	-3.261079e+00
2.003000e-05	-7.368026e-02	-3.420453e+00
2.004000e-05	8.213061e-02	-3.546369e+00
2.005000e-05	4.862845e-02	-3.787870e+00
2.006000e-05	-1.382610e-01	-4.122188e+00
2.007000e-05	1.968118e-01	-4.294058e+00
2.008000e-05	-1.375039e-01	-4.516319e+00
2.009000e-05	9.078317e-02	-4.849476e+00
2.010000e-05	1.451400e-02	-5.032029e+00
2.011000e-05	-1.470362e-01	-5.410300e+00
2.012000e-05	1.083777e-01	-5.569475e+00
2.013000e-05	-6.345850e-02	-5.841577e+00
2.014000e-05	7.249230e-02	-6.112633e+00
2.015000e-05	1.893441e-02	-6.354315e+00
2.016000e-05	-8.634796e-02	-6.640399e+00
2.017000e-05	1.162180e-01	-6.799899e+00
2.018000e-05	-9.338385e-02	-7.071010e+00
2.019000e-05	9.338136e-02	-7.356687e+00
2.020000e-05	-7.678055e-02	-7.535588e+00
2.021000e-05	3.509614e-03	-7.839474e+00
2.022000e-05	9.092700e-02	-8.058927e+00
2.023000e-05	-7.486459e-02	-8.260478e+00
2.024000e-05	8.837134e-02	-8.488899e+00
2.025000e-05	-1.054778e-01	-8.671983e+00
2.026000e-05	7.452492e-02	-8.904101e+00
2.027000e-05	-9.735855e-03	-9.121931e+00
2.028000e-05	2.388399e-02	-9.339951e+00
2.029000e-05	1.210229e-02	-9.532055e+00
2.030000e-05	-4.106270e-02	-9.722051e+00
2.031000e-05	7.116477e-02	-9.891476e+00
2.032000e-05	-3.649253e-02	-1.010782e+01
2.033000e-05	4.494521e-02	-1.025932e+01
2.034000e-05	-5.287744e-02	-1.041880e+01
2.035000e-05	3.727010e-02	-1.063734e+01
2.036000e-05	1.700081e-02	-1.078674e+01
2.037000e-05	2.064220e-02	-1.095208e+01
2.038000e-05	4.415883e-03	-1.113003e+01
2.039000e-05	-1.502156e-02	-1.131935e+01
2.040000e-05	3.328342e-02	-1.148872e+01
2.041000e-05	-1.524709e-04	-1.164677e+01
2.042000e-05	2.184314e-02	-1.184723e+01
2.043000e-05	-1.940107e-02	-1.200451e+01
2.044000e-05	2.443798e-02	-1.212200e+01
2.045000e-05	1.869892e-02	-1.225830e+01
2.046000e-05	2.756488e-02	-1.237371e+01
2.047000e-05	-3.229024e-03	-1.252892e+01
2.048000e-05	1.893397e-03	-1.265424e+01
2.049000e-05	1.851567e-02	-1.278145e+01
2.050000e-05	2.259367e-02	-1.288989e+01
2.051000e-05	1.338091e-02	-1.303560e+01
2.052000e-05	7.420195e-04	-1.308030e+01
2.053000e-05	1.342930e-02	-1.317463e+01
2.054000e-05	2.720647e-02	-1.327922e+01
2.055000e-05	2.479095e-02	-1.340195e+01
2.056000e-05	8.181480e-03	-1.350711e+01
2.057000e-05	8.678485e-03	-1.352328e+01
2.058000e-05	2.110386e-02	-1.362256e+01
2.059000e-05	3.019394e-02	-1.373890e+01
2.060000e-05	1.934386e-02	-1.378308e+01
2.061000e-05	1.078714e-02	-1.385664e+01
2.062000e-05	1.552413e-02	-1.389929e+01
2.063000e-05	3.094625e-02	-1.397035e+01
2.064000e-05	2.913587e-02	-1.397303e+01
2.065000e-05	2.086981e-02	-1.405409e+01
2.066000e-05	1.664111e-02	-1.410719e+01
2.067000e-05	2.852379e-02	-1.416974e+01
2.068000e-05	3.705980e-02	-1.418140e+01
2.069000e-05	2.899385e-02	-1.424137e+01
2.070000e-05	2.253517e-02	-1.424145e+01
2.071000e-05	2.461929e-02	-1.423398e+01
2.072000e-05	3.909730e-02	-1.427448e+01
2.073000e-05	4.051920e-02	-1.426356e+01
2.074000e-05	3.432924e-02	-1.427348e+01
2.075000e-05	3.065148e-02	-1.424298e+01
2.076000e-05	3.903456e-02	-1.421393e+01
2.077000e-05	4.693036e-02	-1.419187e+01
2.078000e-05	4.363471e-02	-1.412937e+01
2.079000e-05	3.814362e-02	-1.415679e+01
2.080000e-05	4.021515e-02	-1.414569e+01
2.081000e-05	5.030017e-02	-1.404396e+01
2.082000e-05	5.273734e-02	-1.398200e+01
2.083000e-05	4.524307e-02	-1.394085e+01
2.084000e-05	3.836652e-02	-1.387711e+01
2.085000e-05	4.265255e-02	-1.382458e+01
2.086000e-05	4.738475e-02	-1.377248e+01
2.087000e-05	4.320807e-02	-1.369777e+01
2.088000e-05	3.703988e-02	-1.363251e+01
2.089000e-05	3.101153e-02	-1.353977e+01
2.090000e-05	3.907145e-02	-1.349559e+01
2.091000e-05	3.808007e-02	-1.337250e+01
2.092000e-05	2.975198e-02	-1.328666e+01
2.093000e-05	2.284306e-02	-1.315198e+01
2.094000e-05	2.045634e-02	-1.306816e+01
2.095000e-05	2.766762e-02	-1.300451e+01
2.096000e-05	2.363683e-02	-1.289836e+01
2.097000e-05	1.735990e-02	-1.278092e+01
2.098000e-05	1.406220e-02	-1.267606e+01
2.099000e-05	1.944046e-02	-1.249929e+01
2.100000e-05	2.237515e-02	-1.238393e+01
2.101000e-05	1.666634e-02	-1.226716e+01
2.102000e-05	7.447754e-03	-1.211947e+01
2.103000e-05	7.615471e-03	-1.199050e+01
2.104000e-05	1.253929e-02	-1.185450e+01
2.105000e-05	1.372796e-02	-1.162513e+01
2.106000e-05	8.444579e-03	-1.145653e+01
2.107000e-05	4.920032e-03	-1.129714e+01
2.108000e-05	8.831297e-03	-1.104825e+01
2.109000e-05	1.263552e-02	-1.092195e+01
2.110000e-05	9.042790e-03	-1.078561e+01
2.111000e-05	1.802422e-03	-1.060571e+01
2.112000e-05	2.049977e-03	-1.045576e+01
2.113000e-05	6.160916e-03	-1.026719e+01
2.114000e-05	8.283367e-03	-1.003774e+01
2.115000e-05	3.409734e-03	-9.889318e+00
2.116000e-05	1.366301e-04	-9.701925e+00
2.117000e-05	1.956072e-03	-9.550321e+00
2.118000e-05	5.824266e-03	-9.320450e+00
2.119000e-05	5.394413e-03	-9.131945e+00
2.120000e-05	-1.412766e-04	-8.929974e+00
2.121000e-05	-6.077915e-04	-8.757846e+00
2.122000e-05	1.281309e-03	-8.488444e+00
2.123000e-05	4.348958e-03	-8.280443e+00
2.124000e-05	5.560349e-05	-8.058950e+00
2.125000e-05	-2.902168e-03	-7.896162e+00
2.126000e-05	-1.799502e-03	-7.575109e+00
2.127000e-05	1.204963e-03	-7.343084e+00
2.128000e-05	2.330680e-03	-7.172548e+00
2.129000e-05	-1.822727e-03	-6.869897e+00
2.130000e-05	-2.843647e-03	-6.629768e+00
2.131000e-05	1.886743e-04	-6.439316e+00
2.132000e-05	9.246479e-05	-6.176584e+00
2.133000e-05	-1.570067e-03	-5.953030e+00
2.134000e-05	-5.793068e-03	-5.711028e+00
2.135000e-05	-4.419002e-03	-5.500342e+00
2.136000e-05	-1.791916e-03	-5.174135e+00
2.137000e-05	3.047025e-04	-4.940770e+00
2.138000e-05	-3.133062e-03	-4.607365e+00
2.139000e-05	-3.502926e-03	-4.386864e+00
2.140000e-05	-3.410711e-03	-4.197761e+00
2.141000e-05	-5.887698e-04	-3.953133e+00
2.142000e-05	-4.214058e-03	-3.670976e+00
2.143000e-05	-5.539630e-03	-3.431869e+00
2.144000e-05	-7.949374e-03	-3.175814e+00
2.145000e-05	-2.107389e-03	-2.873055e+00
2.146000e-05	-3.075500e-03	-2.631424e+00
2.147000e-05	-2.977474e-03	-2.386365e+00
2.148000e-05	-5.873029e-03	-2.105159e+00
2.149000e-05	-4.230787e-03	-1.913601e+00
2.150000e-05	-4.023677e-03	-1.598994e+00
2.151000e-05	-5.562853e-03	-1.314130e+00
2.152000e-05	-8.070596e-03	-1.043472e+00
2.153000e-05	-6.904986e-03	-8.074408e-01
2.154000e-05	-4.493695e-03	-4.856567e-01
2.155000e-05	-3.700316e-03	-2.530765e-01
2.156000e-05	-2.479791e-03	-9.875069e-03
2.157000e-05	5.954183e-03	2.217105e-01
2.158000e-05	-2.478454e-03	4.948159e-01
2.159000e-05	2.377742e-03	7.663933e-01
2.160000e-05	-4.328246e-03	9.965049e-01
2.161000e-05	-3.051874e-03	1.253659e+00
2.162000e-05	-4.578159e-03	1.565900e+00
2.163000e-05	4.728747e-03	1.780527e+00
2.164000e-05	2.953659e-02	1.999500e+00
2.165000e-05	7.875218e-02	2.261083e+00
2.166000e-05	-3.747074e-02	2.587375e+00
2.167000e-05	-4.433853e-02	2.863584e+00
2.168000e-05	-3.625498e-02	3.145288e+00
2.169000e-05	-2.655295e-02	3.334271e+00
2.170000e-05	-8.762288e-02	3.576971e+00
2.171000e-05	6.984856e-02	3.735191e+00
2.172000e-05	4.334561e-02	3.986975e+00
2.173000e-05	-1.358427e-01	4.283030e+00
2.174000e-05	1.784213e-01	4.503636e+00
2.175000e-05	-7.033526e-02	4.777446e+00
2.176000e-05	8.306256e-03	5.038296e+00
2.177000e-05	4.551441e-03	5.383316e+00
2.178000e-05	-7.157026e-02	5.586846e+00
2.179000e-05	3.867581e-02	5.807793e+00
2.180000e-05	-2.229783e-02	6.131079e+00
2.181000e-05	8.661354e-03	6.302559e+00
2.182000e-05	-3.629906e-03	6.524162e+00
2.183000e-05	-2.933349e-02	6.808877e+00
2.184000e-05	2.293621e-02	7.047772e+00
2.185000e-05	-3.809375e-02	7.270525e+00
2.186000e-05	2.542484e-02	7.519960e+00
2.187000e-05	-4.078330e-02	7.765209e+00
2.188000e-05	-8.235549e-05	8.018867e+00
2.189000e-05	3.129309e-02	8.238446e+00
2.190000e-05	-4.511495e-02	8.407919e+00
2.191000e-05	1.086119e-02	8.626241e+00
2.192000e-05	-3.928740e-02	8.837846e+00
2.193000e-05	1.421940e-02	9.056747e+00
2.194000e-05	-1.299377e-02	9.248447e+00
2.195000e-05	-2.448081e-03	9.435717e+00
2.196000e-05	-1.274385e-02	9.605690e+00
2.197000e-05	-1.848109e-02	9.827662e+00
2.198000e-05	6.379053e-03	1.001569e+01
2.199000e-05	-2.753409e-02	1.019471e+01
2.200000e-05	-9.802500e-03	1.039519e+01
2.201000e-05	-2.666437e-02	1.055211e+01
2.202000e-05	3.408175e-04	1.078346e+01
2.203000e-05	-5.088596e-03	1.090051e+01
2.204000e-05	-9.878372e-03	1.109790e+01
2.205000e-05	-1.715516e-02	1.124679e+01
2.206000e-05	-1.855084e-02	1.143409e+01
2.207000e-05	-7.571176e-03	1.159518e+01
2.208000e-05	-1.949745e-02	1.179456e+01
2.209000e-05	-1.636311e-02	1.189990e+01
2.210000e-05	-2.328533e-02	1.204717e+01
2.211000e-05	-7.993988e-03	1.221308e+01
2.212000e-05	-1.068712e-02	1.232982e+01
2.213000e-05	-1.512824e-02	1.245682e+01
2.214000e-05	-2.388152e-02	1.258398e+01
2.215000e-05	-2.133312e-02	1.268882e+01
2.216000e-05	-1.542544e-02	1.279258e+01
2.217000e-05	-2.034207e-02	1.291880e+01
2.218000e-05	-2.240053e-02	1.306411e+01
2.219000e-05	-2.634667e-02	1.312830e+01
2.220000e-05	-1.835972e-02	1.321461e+01
2.221000e-05	-1.722209e-02	1.332937e+01
2.222000e-05	-2.073136e-02	1.341208e+01
2.223000e-05	-2.674831e-02	1.344719e+01
2.224000e-05	-2.634060e-02	1.355085e+01
2.225000e-05	-2.167735e-02	1.360411e+01
2.226000e-05	-2.499976e-02	1.372867e+01
2.227000e-05	-2.826937e-02	1.379987e+01
2.228000e-05	-3.345747e-02	1.387255e+01
2.229000e-05	-2.886485e-02	1.390557e+01
2.230000e-05	-2.703918e-02	1.397867e+01
2.231000e-05	-2.965509e-02	1.398343e+01
2.232000e-05	-3.380747e-02	1.406356e+01
2.233000e-05	-3.316626e-02	1.409869e+01
2.234000e-05	-3.071054e-02	1.407671e+01
2.235000e-05	-3.374358e-02	1.412734e+01
2.236000e-05	-3.741974e-02	1.414037e+01
2.237000e-05	-4.189249e-02	1.419095e+01
2.238000e-05	-4.039350e-02	1.420042e+01
2.239000e-05	-4.066791e-02	1.418193e+01
2.240000e-05	-4.147725e-02	1.416990e+01
2.241000e-05	-4.446444e-02	1.418145e+01
2.242000e-05	-4.684375e-02	1.414939e+01
2.243000e-05	-4.602842e-02	1.411029e+01
2.244000e-05	-4.963026e-02	1.408631e+01
2.245000e-05	-5.274721e-02	1.407468e+01
2.246000e-05	-5.615953e-02	1.404393e+01
2.247000e-05	-5.340049e-02	1.400090e+01
2.248000e-05	-5.201408e-02	1.396817e+01
2.249000e-05	-5.152982e-02	1.387561e+01
2.250000e-05	-5.421227e-02	1.385356e+01
2.251000e-05	-5.362972e-02	1.382987e+01
2.252000e-05	-5.024811e-02	1.363676e+01
2.253000e-05	-4.788867e-02	1.359258e+01
2.254000e-05	-4.556269e-02	1.353992e+01
2.255000e-05	-4.562502e-02	1.349713e+01
2.256000e-05	-4.201340e-02	1.342258e+01
2.257000e-05	-3.854823e-02	1.334736e+01
2.258000e-05	-3.708881e-02	1.321206e+01
2.259000e-05	-3.633268e-02	1.311827e+01
2.260000e-05	-3.526950e-02	1.304398e+01
2.261000e-05	-2.940017e-02	1.291779e+01
2.262000e-05	-3.068539e-02	1.274245e+01
2.263000e-05	-2.679163e-02	1.267779e+01
2.264000e-05	-2.925835e-02	1.256153e+01
2.265000e-05	-2.303284e-02	1.245663e+01
2.266000e-05	-2.333722e-02	1.233227e+01
2.267000e-05	-2.113720e-02	1.225300e+01
2.268000e-05	-2.124879e-02	1.204513e+01
2.269000e-05	-2.319307e-02	1.187782e+01
2.270000e-05	-1.997221e-02	1.175992e+01
2.271000e-05	-2.123042e-02	1.156042e+01
2.272000e-05	-1.785331e-02	1.143458e+01
2.273000e-05	-1.627460e-02	1.122466e+01
2.274000e-05	-1.496828e-02	1.112572e+01
2.275000e-05	-1.515365e-02	1.091045e+01
2.276000e-05	-1.495928e-02	1.075045e+01
2.277000e-05	-1.604263e-02	1.062350e+01
2.278000e-05	-1.747717e-02	1.043451e+01
2.279000e-05	-1.674177e-02	1.022358e+01
2.280000e-05	-1.602529e-02	1.003713e+01
2.281000e-05	-1.284881e-02	9.866059e+00
2.282000e-05	-1.098342e-02	9.636061e+00
2.283000e-05	-9.687284e-03	9.426661e+00
2.284000e-05	-1.140687e-02	9.276863e+00
2.285000e-05	-1.175200e-02	9.046190e+00
2.286000e-05	-1.272124e-02	8.876690e+00
2.287000e-05	-1.263750e-02	8.646239e+00
2.288000e-05	-1.372964e-02	8.457745e+00
2.289000e-05	-1.219100e-02	8.226183e+00
2.290000e-05	-9.534409e-03	7.984637e+00
2.291000e-05	-8.895640e-03	7.764659e+00
2.292000e-05	-7.631530e-03	7.581475e+00
2.293000e-05	-9.282978e-03	7.267943e+00
2.294000e-05	-9.715511e-03	7.059841e+00
2.295000e-05	-9.981094e-03	6.847365e+00
2.296000e-05	-1.012376e-02	6.616214e+00
2.297000e-05	-1.047781e-02	6.392132e+00
2.298000e-05	-9.180178e-03	6.154057e+00
2.299000e-05	-8.504471e-03	5.923000e+00
2.300000e-05	-7.956690e-03	5.658870e+00
2.301000e-05	-7.380266e-03	5.415312e+00
2.302000e-05	-8.600327e-03	5.161634e+00
2.303000e-05	-7.027139e-03	4.847916e+00
2.304000e-05	-8.212144e-03	4.606191e+00
2.305000e-05	-7.536799e-03	4.384832e+00
2.306000e-05	-7.368154e-03	4.079949e+00
2.307000e-05	-8.777624e-03	3.868445e+00
2.308000e-05	-7.727530e-03	3.617870e+00
2.309000e-05	-8.055814e-03	3.353632e+00
2.310000e-05	-4.819803e-03	3.111604e+00
2.311000e-05	-6.734321e-03	2.850923e+00
2.312000e-05	-3.722324e-03	2.615165e+00
2.313000e-05	-6.629153e-03	2.301629e+00
2.314000e-05	-5.431028e-03	2.070553e+00
2.315000e-05	-9.271935e-03	1.806970e+00
2.316000e-05	-8.432217e-03	1.546182e+00
2.317000e-05	-8.003783e-03	1.291575e+00
2.318000e-05	-5.525089e-03	9.247831e-01
2.319000e-05	-4.261500e-03	6.741804e-01
2.320000e-05	-2.843834e-03	4.600477e-01
2.321000e-05	-2.397733e-03	2.277859e-01
2.322000e-05	-1.832761e-03	-7.534572e-02
2.323000e-05	5.363673e-03	-3.253695e-01
2.324000e-05	-3.963167e-03	-5.393971e-01
2.325000e-05	-4.465426e-04	-8.411577e-01
2.326000e-05	-5.168090e-03	-1.053642e+00
2.327000e-05	6.866251e-04	-1.328922e+00
2.328000e-05	-2.682353e-03	-1.598476e+00
2.329000e-05	1.658124e-02	-1.820979e+00
2.330000e-05	8.179985e-02	-2.000054e+00
2.331000e-05	3.015345e-02	-2.369395e+00
2.332000e-05	-6.568106e-02	-2.727820e+00
2.333000e-05	-1.295090e-02	-3.052131e+00
2.334000e-05	-5.546266e-02	-3.241683e+00
2.335000e-05	-7.809142e-02	-3.450507e+00
2.336000e-05	1.160209e-01	-3.568319e+00
2.337000e-05	2.420657e-03	-3.829903e+00
2.338000e-05	-9.299249e-02	-4.134221e+00
2.339000e-05	1.857416e-01	-4.303162e+00
2.340000e-05	-1.519906e-01	-4.587402e+00
2.341000e-05	1.244203e-01	-4.872930e+00
2.342000e-05	-2.719069e-02	-5.092585e+00
2.343000e-05	-1.203678e-01	-5.479980e+00
2.344000e-05	1.095093e-01	-5.651026e+00
2.345000e-05	-7.901389e-02	-5.902087e+00
2.346000e-05	9.854823e-02	-6.175139e+00
2.347000e-05	-2.257288e-02	-6.376764e+00
2.348000e-05	-5.587356e-02	-6.661954e+00
2.349000e-05	1.011328e-01	-6.830375e+00
2.350000e-05	-8.930922e-02	-7.093691e+00
2.351000e-05	1.080217e-01	-7.386241e+00
2.352000e-05	-1.000660e-01	-7.566164e+00
2.353000e-05	4.066391e-02	-7.872029e+00
2.354000e-05	5.706077e-02	-8.132551e+00
2.355000e-05	-5.971812e-02	-8.312552e+00
2.356000e-05	7.355639e-02	-8.449975e+00
2.357000e-05	-1.063545e-01	-8.703057e+00
2.358000e-05	9.241532e-02	-8.955638e+00
2.359000e-05	-2.372300e-02	-9.124082e+00
2.360000e-05	4.758857e-02	-9.342554e+00
2.361000e-05	-9.341717e-03	-9.532406e+00
2.362000e-05	-2.028223e-02	-9.743557e+00
2.363000e-05	5.533519e-02	-9.923031e+00
2.364000e-05	-3.736891e-02	-1.009190e+01
2.365000e-05	3.774381e-02	-1.029090e+01
2.366000e-05	-5.539897e-02	-1.050080e+01
2.367000e-05	5.149033e-02	-1.066724e+01
2.368000e-05	9.733495e-03	-1.080629e+01
2.369000e-05	3.362838e-02	-1.100411e+01
2.370000e-05	-8.548658e-03	-1.118238e+01
2.371000e-05	-1.520765e-03	-1.133358e+01
2.372000e-05	2.604596e-02	-1.147880e+01
2.373000e-05	1.739979e-03	-1.172829e+01
2.374000e-05	1.652541e-02	-1.185569e+01
2.375000e-05	-2.088397e-02	-1.200461e+01
2.376000e-05	2.911876e-02	-1.214056e+01
2.377000e-05	1.581639e-02	-1.226927e+01
2.378000e-05	2.939867e-02	-1.241459e+01
2.379000e-05	-4.079421e-03	-1.255140e+01
2.380000e-05	9.953736e-03	-1.269572e+01
2.381000e-05	1.731586e-02	-1.278255e+01
2.382000e-05	2.239641e-02	-1.291085e+01
2.383000e-05	7.294082e-03	-1.302511e+01
2.384000e-05	2.376347e-04	-1.310090e+01
2.385000e-05	1.435039e-02	-1.321359e+01
2.386000e-05	2.754868e-02	-1.334837e+01
2.387000e-05	2.371139e-02	-1.345358e+01
2.388000e-05	1.207007e-02	-1.349869e+01
2.389000e-05	1.372018e-02	-1.356243e+01
2.390000e-05	2.357193e-02	-1.365721e+01
2.391000e-05	2.845949e-02	-1.370992e+01
2.392000e-05	1.394296e-02	-1.379305e+01
2.393000e-05	9.389162e-03	-1.385664e+01
2.394000e-05	1.567990e-02	-1.390877e+01
2.395000e-05	3.131752e-02	-1.397135e+01
2.396000e-05	2.834390e-02	-1.403356e+01
2.397000e-05	2.318147e-02	-1.402456e+01
2.398000e-05	2.034847e-02	-1.414727e+01
2.399000e-05	3.112931e-02	-1.419934e+01
2.400000e-05	3.520806e-02	-1.417082e+01
2.401000e-05	2.661128e-02	-1.425985e+01
2.402000e-05	2.192680e-02	-1.423450e+01
2.403000e-05	2.623421e-02	-1.427251e+01
2.404000e-05	3.862919e-02	-1.428393e+01
2.405000e-05	4.019870e-02	-1.425501e+01
2.406000e-05	3.526861e-02	-1.425098e+01
2.407000e-05	3.329834e-02	-1.424295e+01
2.408000e-05	4.151434e-02	-1.425338e+01
2.409000e-05	4.614077e-02	-1.417185e+01
2.410000e-05	4.138176e-02	-1.420925e+01
2.411000e-05	3.728811e-02	-1.413674e+01
2.412000e-05	4.003766e-02	-1.413616e+01
2.413000e-05	4.958059e-02	-1.401455e+01
2.414000e-05	5.083136e-02	-1.399148e+01
2.415000e-05	4.561659e-02	-1.391832e+01
2.416000e-05	4.162603e-02	-1.386509e+01
2.417000e-05	4.416729e-02	-1.380511e+01
2.418000e-05	4.624506e-02	-1.378195e+01
2.419000e-05	4.312047e-02	-1.368777e+01
2.420000e-05	3.706947e-02	-1.361461e+01
2.421000e-05	3.395568e-02	-1.350877e+01
2.422000e-05	3.556390e-02	-1.348456e+01
2.423000e-05	3.455310e-02	-1.343140e+01
2.424000e-05	2.963294e-02	-1.324673e+01
2.425000e-05	2.375935e-02	-1.318100e+01
2.426000e-05	2.482347e-02	-1.308924e+01
2.427000e-05	2.657588e-02	-1.297250e+01
2.428000e-05	2.218762e-02	-1.287733e+01
2.429000e-05	1.791755e-02	-1.276037e+01
2.430000e-05	1.495871e-02	-1.266608e+01
2.431000e-05	1.770234e-02	-1.256879e+01
2.432000e-05	1.741340e-02	-1.236350e+01
2.433000e-05	1.592355e-02	-1.226606e+01
2.434000e-05	1.000713e-02	-1.212832e+01
2.435000e-05	1.117315e-02	-1.199195e+01
2.436000e-05	1.357500e-02	-1.185245e+01
2.437000e-05	1.245160e-02	-1.161613e+01
2.438000e-05	8.633207e-03	-1.144356e+01
2.439000e-05	5.420871e-03	-1.127756e+01
2.440000e-05	7.017207e-03	-1.107731e+01
2.441000e-05	9.271043e-03	-1.091092e+01
2.442000e-05	7.829671e-03	-1.078306e+01
2.443000e-05	4.413815e-03	-1.062558e+01
2.444000e-05	3.400348e-03	-1.044521e+01
2.445000e-05	5.217415e-03	-1.025464e+01
2.446000e-05	6.767245e-03	-1.004676e+01
2.447000e-05	3.532034e-03	-9.859343e+00
2.448000e-05	1.650821e-03	-9.680369e+00
2.449000e-05	2.339456e-03	-9.499215e+00
2.450000e-05	3.812999e-03	-9.330842e+00
2.451000e-05	3.463781e-03	-9.119822e+00
2.452000e-05	1.135371e-03	-8.908392e+00
2.453000e-05	-4.789100e-04	-8.718238e+00
2.454000e-05	9.869942e-04	-8.457764e+00
2.455000e-05	3.456973e-03	-8.288365e+00
2.456000e-05	1.184742e-03	-8.068891e+00
2.457000e-05	-1.008969e-03	-7.867191e+00
2.458000e-05	-1.304241e-03	-7.522151e+00
2.459000e-05	8.866919e-04	-7.331474e+00
2.460000e-05	-4.132099e-04	-7.150895e+00
2.461000e-05	-6.522156e-04	-6.859891e+00
2.462000e-05	-3.461118e-03	-6.617339e+00
2.463000e-05	-5.266500e-04	-6.437738e+00
2.464000e-05	-3.153972e-04	-6.114555e+00
2.465000e-05	1.780202e-04	-5.942001e+00
2.466000e-05	-3.637834e-03	-5.681428e+00
2.467000e-05	-3.304743e-03	-5.487342e+00
2.468000e-05	-1.931228e-03	-5.144632e+00
2.469000e-05	-8.196923e-04	-4.890792e+00
2.470000e-05	-3.400097e-03	-4.526288e+00
2.471000e-05	-4.101721e-03	-4.357909e+00
2.472000e-05	-3.684875e-03	-4.163681e+00
2.473000e-05	-1.132112e-03	-3.925023e+00
2.474000e-05	-4.016928e-03	-3.641844e+00
2.475000e-05	-4.883063e-03	-3.426316e+00
2.476000e-05	-7.574674e-03	-3.157282e+00
2.477000e-05	-2.363710e-03	-2.881524e+00
2.478000e-05	-2.809586e-03	-2.629395e+00
2.479000e-05	-2.353185e-03	-2.365812e+00
2.480000e-05	-6.357316e-03	-2.091103e+00
2.481000e-05	-4.343515e-03	-1.840574e+00
2.482000e-05	-4.297960e-03	-1.648416e+00
2.483000e-05	-3.718126e-03	-1.282031e+00
2.484000e-05	-7.386813e-03	-1.008494e+00
2.485000e-05	-8.170464e-03	-7.863409e-01
2.486000e-05	-5.317877e-03	-5.021253e-01
2.487000e-05	-4.464280e-03	-2.616289e-01
2.488000e-05	-5.323573e-04	2.210783e-02
2.489000e-05	6.126454e-03	2.837647e-01
2.490000e-05	-4.211711e-03	5.158484e-01
2.491000e-05	2.719912e-03	7.463986e-01
2.492000e-05	-4.155053e-03	1.008581e+00
2.493000e-05	-1.657713e-03	1.252159e+00
2.494000e-05	-5.942644e-03	1.578324e+00
2.495000e-05	6.271286e-03	1.809555e+00
2.496000e-05	3.535959e-02	2.041001e+00
2.497000e-05	7.753203e-02	2.333719e+00
2.498000e-05	-5.235954e-02	2.618930e+00
2.499000e-05	-3.770336e-02	2.924664e+00
2.500000e-05	-3.903980e-02	3.134841e+00
2.501000e-05	-2.805394e-02	3.347344e+00
2.502000e-05	-8.639193e-02	3.577949e+00
2.503000e-05	9.243023e-02	3.776292e+00
2.504000e-05	2.766236e-03	4.048952e+00
2.505000e-05	-1.049074e-01	4.302056e+00
2.506000e-05	1.768676e-01	4.525241e+00
2.507000e-05	-9.225158e-02	4.808922e+00
2.508000e-05	2.907532e-02	5.071029e+00
2.509000e-05	-1.633805e-02	5.325268e+00
2.510000e-05	-5.819827e-02	5.599498e+00
2.511000e-05	3.898439e-02	5.827426e+00
2.512000e-05	-2.855066e-02	6.093159e+00
2.513000e-05	1.553917e-02	6.354616e+00
2.514000e-05	-1.489238e-02	6.615186e+00
2.515000e-05	-1.923332e-02	6.787923e+00
2.516000e-05	1.698938e-02	7.058899e+00
2.517000e-05	-3.633712e-02	7.281530e+00
2.518000e-05	2.728730e-02	7.533136e+00
2.519000e-05	-4.879023e-02	7.805266e+00
2.520000e-05	1.601754e-02	8.057295e+00
2.521000e-05	1.640580e-02	8.252476e+00
2.522000e-05	-3.854450e-02	8.430920e+00
2.523000e-05	6.564550e-03	8.658399e+00
2.524000e-05	-3.539576e-02	8.837948e+00
2.525000e-05	1.501113e-02	9.079800e+00
2.526000e-05	-1.631204e-02	9.259447e+00
2.527000e-05	3.931399e-05	9.458349e+00
2.528000e-05	-1.606545e-02	9.658322e+00
2.529000e-05	-1.278290e-02	9.887372e+00
2.530000e-05	2.341544e-03	1.006739e+01
2.531000e-05	-2.546099e-02	1.026577e+01
2.532000e-05	-1.054855e-02	1.039574e+01
2.533000e-05	-2.450472e-02	1.060258e+01
2.534000e-05	6.730941e-04	1.076309e+01
2.535000e-05	-6.126780e-03	1.094206e+01
2.536000e-05	-1.101297e-02	1.108992e+01
2.537000e-05	-1.854941e-02	1.124727e+01
2.538000e-05	-1.771215e-02	1.149517e+01
2.539000e-05	-8.175740e-03	1.165574e+01
2.540000e-05	-1.887842e-02	1.177356e+01
2.541000e-05	-1.753303e-02	1.192845e+01
2.542000e-05	-2.153450e-02	1.204779e+01
2.543000e-05	-8.474539e-03	1.218316e+01
2.544000e-05	-1.045555e-02	1.233290e+01
2.545000e-05	-1.676723e-02	1.245832e+01
2.546000e-05	-2.299089e-02	1.260311e+01
2.547000e-05	-2.148629e-02	1.272932e+01
2.548000e-05	-1.471377e-02	1.276364e+01
2.549000e-05	-2.056102e-02	1.294940e+01
2.550000e-05	-2.240413e-02	1.306456e+01
2.551000e-05	-2.531972e-02	1.311932e+01
2.552000e-05	-1.899545e-02	1.324664e+01
2.553000e-05	-1.639134e-02	1.333992e+01
2.554000e-05	-2.202803e-02	1.342311e+01
2.555000e-05	-2.646206e-02	1.349877e+01
2.556000e-05	-2.586931e-02	1.356045e+01
2.557000e-05	-2.195178e-02	1.367564e+01
2.558000e-05	-2.530315e-02	1.372679e+01
2.559000e-05	-2.878531e-02	1.385192e+01
2.560000e-05	-3.245130e-02	1.385453e+01
2.561000e-05	-2.815044e-02	1.388767e+01
2.562000e-05	-2.676969e-02	1.393923e+01
2.563000e-05	-3.106886e-02	1.398498e+01
2.564000e-05	-3.418923e-02	1.403293e+01
2.565000e-05	-3.407619e-02	1.406613e+01
2.566000e-05	-3.098864e-02	1.410617e+01
2.567000e-05	-3.395545e-02	1.416029e+01
2.568000e-05	-3.872600e-02	1.416079e+01
2.569000e-05	-4.291705e-02	1.416038e+01
2.570000e-05	-3.993421e-02	1.419240e+01
2.571000e-05	-4.011527e-02	1.416099e+01
2.572000e-05	-4.242814e-02	1.417192e+01
2.573000e-05	-4.539353e-02	1.422134e+01
2.574000e-05	-4.817968e-02	1.417877e+01
2.575000e-05	-4.542029e-02	1.412832e+01
2.576000e-05	-4.926158e-02	1.410716e+01
2.577000e-05	-5.266355e-02	1.409546e+01
2.578000e-05	-5.626697e-02	1.402195e+01
2.579000e-05	-5.290372e-02	1.397070e+01
2.580000e-05	-5.119272e-02	1.396917e+01
2.581000e-05	-5.184029e-02	1.390556e+01
2.582000e-05	-5.530578e-02	1.383300e+01
2.583000e-05	-5.276260e-02	1.374890e+01
2.584000e-05	-4.972515e-02	1.368819e+01
2.585000e-05	-4.749888e-02	1.361256e+01
2.586000e-05	-4.587402e-02	1.353835e+01
2.587000e-05	-4.549949e-02	1.347521e+01
2.588000e-05	-4.149136e-02	1.338200e+01
2.589000e-05	-3.831709e-02	1.331829e+01
2.590000e-05	-3.566187e-02	1.320401e+01
2.591000e-05	-3.481147e-02	1.312769e+01
2.592000e-05	-3.395461e-02	1.303350e+01
2.593000e-05	-3.126787e-02	1.284687e+01
2.594000e-05	-2.924459e-02	1.278095e+01
2.595000e-05	-2.779732e-02	1.267724e+01
2.596000e-05	-2.709831e-02	1.260100e+01
2.597000e-05	-2.524966e-02	1.246516e+01
2.598000e-05	-2.356144e-02	1.233717e+01
2.599000e-05	-2.221480e-02	1.218095e+01
2.600000e-05	-2.090612e-02	1.203458e+01
2.601000e-05	-2.068507e-02	1.187822e+01
2.602000e-05	-2.002825e-02	1.175044e+01
2.603000e-05	-1.923761e-02	1.159977e+01
2.604000e-05	-1.770516e-02	1.141255e+01
2.605000e-05	-1.852196e-02	1.120556e+01
2.606000e-05	-1.702676e-02	1.108777e+01
2.607000e-05	-1.743749e-02	1.092098e+01
2.608000e-05	-1.602994e-02	1.074085e+01
2.609000e-05	-1.605848e-02	1.059288e+01
2.610000e-05	-1.528096e-02	1.036255e+01
2.611000e-05	-1.338521e-02	1.019359e+01
2.612000e-05	-1.358682e-02	1.001316e+01
2.613000e-05	-1.230485e-02	9.833505e+00
2.614000e-05	-1.262940e-02	9.604079e+00
2.615000e-05	-1.249659e-02	9.415666e+00
2.616000e-05	-1.284017e-02	9.205186e+00
2.617000e-05	-1.117862e-02	9.017159e+00
2.618000e-05	-1.217694e-02	8.825208e+00
2.619000e-05	-1.139770e-02	8.613661e+00
2.620000e-05	-1.147084e-02	8.404691e+00
2.621000e-05	-1.040366e-02	8.225609e+00
2.622000e-05	-1.026877e-02	7.974101e+00
2.623000e-05	-1.049145e-02	7.783579e+00
2.624000e-05	-1.011182e-02	7.550447e+00
2.625000e-05	-1.002748e-02	7.257340e+00
2.626000e-05	-9.948122e-03	7.069291e+00
2.627000e-05	-9.560384e-03	6.806837e+00
2.628000e-05	-8.957524e-03	6.604082e+00
2.629000e-05	-8.724038e-03	6.353079e+00
2.630000e-05	-8.691772e-03	6.112051e+00
2.631000e-05	-8.446287e-03	5.909845e+00
2.632000e-05	-8.507138e-03	5.627413e+00
2.633000e-05	-8.188594e-03	5.426633e+00
2.634000e-05	-8.188240e-03	5.131474e+00
2.635000e-05	-7.314006e-03	4.807767e+00
2.636000e-05	-8.305809e-03	4.585684e+00
2.637000e-05	-7.519272e-03	4.383662e+00
2.638000e-05	-7.859003e-03	4.049496e+00
2.639000e-05	-7.195122e-03	3.788365e+00
2.640000e-05	-7.249346e-03	3.556412e+00
2.641000e-05	-7.528639e-03	3.301480e+00
2.642000e-05	-6.964578e-03	3.060971e+00
2.643000e-05	-7.069627e-03	2.818922e+00
2.644000e-05	-6.320500e-03	2.575559e+00
2.645000e-05	-6.122589e-03	2.281524e+00
2.646000e-05	-5.717054e-03	2.028449e+00
2.647000e-05	-5.475152e-03	1.787890e+00
2.648000e-05	-5.239299e-03	1.504628e+00
2.649000e-05	-6.210934e-03	1.249945e+00
2.650000e-05	-6.127630e-03	9.457078e-01
2.651000e-05	-6.095150e-03	6.725790e-01
2.652000e-05	-5.389390e-03	4.194211e-01
2.653000e-05	-3.942315e-03	1.846883e-01
2.654000e-05	-2.412093e-03	-1.053708e-01
2.655000e-05	8.136322e-03	-3.179698e-01
2.656000e-05	-2.797348e-03	-6.389501e-01
2.657000e-05	3.656534e-03	-8.331128e-01
2.658000e-05	-5.270614e-03	-1.093213e+00
2.659000e-05	1.101868e-03	-1.358418e+00
2.660000e-05	-4.939730e-03	-1.622050e+00
2.661000e-05	2.016332e-02	-1.861981e+00
2.662000e-05	8.873053e-02	-2.021059e+00
2.663000e-05	7.384705e-03	-2.400556e+00
2.664000e-05	-5.497219e-02	-2.797397e+00
2.665000e-05	-1.798720e-02	-3.093713e+00
2.666000e-05	-5.274928e-02	-3.253635e+00
2.667000e-05	-7.588855e-02	-3.503552e+00
2.668000e-05	1.462351e-01	-3.558375e+00
2.669000e-05	-4.632296e-02	-3.842112e+00
2.670000e-05	-4.241605e-02	-4.156318e+00
2.671000e-05	1.558061e-01	-4.315761e+00
2.672000e-05	-1.524275e-01	-4.649928e+00
2.673000e-05	1.465409e-01	-4.921102e+00
2.674000e-05	-6.907394e-02	-5.124714e+00
2.675000e-05	-8.801466e-02	-5.481030e+00
2.676000e-05	1.036713e-01	-5.641081e+00
2.677000e-05	-8.597228e-02	-5.915714e+00
2.678000e-05	1.229959e-01	-6.187139e+00
2.679000e-05	-5.827088e-02	-6.387373e+00
2.680000e-05	-1.760679e-02	-6.663558e+00
2.681000e-05	7.601926e-02	-6.841451e+00
2.682000e-05	-8.056050e-02	-7.185193e+00
2.683000e-05	1.076543e-01	-7.377270e+00
2.684000e-05	-1.238103e-01	-7.607748e+00
2.685000e-05	7.976512e-02	-7.903130e+00
2.686000e-05	2.010927e-02	-8.093035e+00
2.687000e-05	-2.992061e-02	-8.303637e+00
2.688000e-05	5.549313e-02	-8.521458e+00
2.689000e-05	-9.495543e-02	-8.764038e+00
2.690000e-05	9.816698e-02	-8.954189e+00
2.691000e-05	-4.189656e-02	-9.125663e+00
2.692000e-05	5.952391e-02	-9.384029e+00
2.693000e-05	-3.360551e-02	-9.544032e+00
2.694000e-05	3.786882e-03	-9.754586e+00
2.695000e-05	4.177581e-02	-9.933055e+00
2.696000e-05	-2.370969e-02	-1.015048e+01
2.697000e-05	3.396638e-02	-1.032193e+01
2.698000e-05	-5.180642e-02	-1.051198e+01
2.699000e-05	5.596169e-02	-1.067932e+01
2.700000e-05	4.209031e-05	-1.081677e+01
2.701000e-05	3.337022e-02	-1.104521e+01
2.702000e-05	-1.672775e-02	-1.118399e+01
2.703000e-05	6.468240e-03	-1.137353e+01
2.704000e-05	2.057865e-02	-1.152885e+01
2.705000e-05	7.161686e-03	-1.172129e+01
2.706000e-05	1.065289e-02	-1.185762e+01
2.707000e-05	-1.195536e-02	-1.198614e+01
2.708000e-05	2.802153e-02	-1.219111e+01
2.709000e-05	1.802973e-02	-1.230935e+01
2.710000e-05	2.488739e-02	-1.239419e+01
2.711000e-05	-6.294862e-03	-1.248040e+01
2.712000e-05	1.067325e-02	-1.269674e+01
2.713000e-05	1.701560e-02	-1.282353e+01
2.714000e-05	2.221658e-02	-1.291987e+01
2.715000e-05	7.368952e-03	-1.302466e+01
2.716000e-05	4.743927e-03	-1.313037e+01
2.717000e-05	1.682476e-02	-1.319513e+01
2.718000e-05	2.773209e-02	-1.332784e+01
2.719000e-05	1.994765e-02	-1.344256e+01
2.720000e-05	9.905234e-03	-1.349721e+01
2.721000e-05	1.170432e-02	-1.357250e+01
2.722000e-05	2.495908e-02	-1.364512e+01
2.723000e-05	2.788576e-02	-1.373795e+01
2.724000e-05	1.596413e-02	-1.378403e+01
2.725000e-05	1.159236e-02	-1.387621e+01
2.726000e-05	1.938769e-02	-1.390732e+01
2.727000e-05	3.208934e-02	-1.394988e+01
2.728000e-05	2.581109e-02	-1.401308e+01
2.729000e-05	2.061058e-02	-1.406513e+01
2.730000e-05	1.993728e-02	-1.415717e+01
2.731000e-05	3.232231e-02	-1.421827e+01
2.732000e-05	3.424000e-02	-1.419983e+01
2.733000e-05	2.578022e-02	-1.420240e+01
2.734000e-05	2.301236e-02	-1.424133e+01
2.735000e-05	2.852228e-02	-1.425301e+01
2.736000e-05	3.976581e-02	-1.424298e+01
2.737000e-05	3.828226e-02	-1.428295e+01
2.738000e-05	3.378207e-02	-1.426343e+01
2.739000e-05	3.289014e-02	-1.426338e+01
2.740000e-05	4.225048e-02	-1.419392e+01
2.741000e-05	4.574901e-02	-1.424040e+01
2.742000e-05	4.193428e-02	-1.421837e+01
2.743000e-05	3.855775e-02	-1.415921e+01
2.744000e-05	4.267766e-02	-1.405563e+01
2.745000e-05	5.112675e-02	-1.403398e+01
2.746000e-05	4.935587e-02	-1.390247e+01
2.747000e-05	4.295523e-02	-1.391724e+01
2.748000e-05	4.077334e-02	-1.386466e+01
2.749000e-05	4.503603e-02	-1.381266e+01
2.750000e-05	4.753590e-02	-1.373047e+01
2.751000e-05	4.218704e-02	-1.366674e+01
2.752000e-05	3.489511e-02	-1.361295e+01
2.753000e-05	3.418609e-02	-1.351924e+01
2.754000e-05	3.731730e-02	-1.347603e+01
2.755000e-05	3.455461e-02	-1.335092e+01
2.756000e-05	2.715780e-02	-1.321619e+01
2.757000e-05	2.182968e-02	-1.318243e+01
2.758000e-05	2.557930e-02	-1.304661e+01
2.759000e-05	2.661107e-02	-1.295258e+01
2.760000e-05	2.333570e-02	-1.286666e+01
2.761000e-05	1.693911e-02	-1.271934e+01
2.762000e-05	1.590833e-02	-1.265506e+01
2.763000e-05	1.905390e-02	-1.249874e+01
2.764000e-05	1.796785e-02	-1.232295e+01
2.765000e-05	1.303797e-02	-1.226463e+01
2.766000e-05	1.011845e-02	-1.207687e+01
2.767000e-05	1.170605e-02	-1.193022e+01
2.768000e-05	1.240546e-02	-1.176990e+01
2.769000e-05	1.123365e-02	-1.161408e+01
2.770000e-05	8.466370e-03	-1.144293e+01
2.771000e-05	7.010141e-03	-1.125511e+01
2.772000e-05	8.394457e-03	-1.103724e+01
2.773000e-05	8.801040e-03	-1.090985e+01
2.774000e-05	5.115590e-03	-1.073200e+01
2.775000e-05	4.263936e-03	-1.061460e+01
2.776000e-05	3.725853e-03	-1.044413e+01
2.777000e-05	5.597604e-03	-1.026561e+01
2.778000e-05	6.031130e-03	-1.000468e+01
2.779000e-05	2.996548e-03	-9.865813e+00
2.780000e-05	3.044599e-03	-9.697862e+00
2.781000e-05	3.450978e-03	-9.478138e+00
2.782000e-05	3.621516e-03	-9.248843e+00
2.783000e-05	2.876504e-03	-9.049366e+00
2.784000e-05	1.091768e-03	-8.897317e+00
2.785000e-05	8.964504e-04	-8.659167e+00
2.786000e-05	1.759915e-03	-8.456762e+00
2.787000e-05	1.985207e-03	-8.226767e+00
2.788000e-05	2.499919e-04	-8.047884e+00
2.789000e-05	-8.423153e-04	-7.835629e+00
2.790000e-05	-2.978637e-05	-7.531496e+00
2.791000e-05	1.491178e-03	-7.313507e+00
2.792000e-05	4.499304e-04	-7.098822e+00
2.793000e-05	-1.095905e-03	-6.837812e+00
2.794000e-05	-1.799201e-03	-6.596189e+00
2.795000e-05	-2.870768e-04	-6.387185e+00
2.796000e-05	-1.651183e-03	-6.144583e+00
2.797000e-05	-2.315830e-03	-5.920971e+00
2.798000e-05	-4.459040e-03	-5.660404e+00
2.799000e-05	-1.563923e-03	-5.388235e+00
2.800000e-05	-2.245335e-03	-5.133000e+00
2.801000e-05	-2.573264e-04	-4.847664e+00
2.802000e-05	-3.626638e-03	-4.557184e+00
2.803000e-05	-2.143516e-03	-4.355786e+00
2.804000e-05	-3.222631e-03	-4.143605e+00
2.805000e-05	-2.458371e-03	-3.860573e+00
2.806000e-05	-5.176018e-03	-3.628418e+00
2.807000e-05	-4.993861e-03	-3.386837e+00
2.808000e-05	-5.438539e-03	-3.155163e+00
2.809000e-05	-3.104215e-03	-2.829400e+00
2.810000e-05	-3.929128e-03	-2.586842e+00
2.811000e-05	-3.474352e-03	-2.324835e+00
2.812000e-05	-4.082992e-03	-2.071004e+00
2.813000e-05	-3.891768e-03	-1.779975e+00
2.814000e-05	-4.557256e-03	-1.587387e+00
2.815000e-05	-6.249808e-03	-1.240074e+00
2.816000e-05	-7.201779e-03	-9.668646e-01
2.817000e-05	-6.734577e-03	-7.467882e-01
2.818000e-05	-4.581742e-03	-4.399762e-01
2.819000e-05	-4.343090e-03	-1.998212e-01
2.820000e-05	-5.814394e-05	2.215789e-02
2.821000e-05	5.959821e-03	3.158397e-01
2.822000e-05	-3.648091e-03	5.173961e-01
2.823000e-05	3.657679e-03	7.614986e-01
2.824000e-05	-5.922764e-03	1.050705e+00
2.825000e-05	-1.312073e-03	1.274241e+00
2.826000e-05	-5.630553e-03	1.630980e+00
2.827000e-05	8.829511e-03	1.872081e+00
2.828000e-05	4.059886e-02	2.021080e+00
2.829000e-05	7.184705e-02	2.304767e+00
2.830000e-05	-6.399880e-02	2.612209e+00
2.831000e-05	-2.940625e-02	2.935768e+00
2.832000e-05	-3.970280e-02	3.189346e+00
2.833000e-05	-3.298147e-02	3.408374e+00
2.834000e-05	-7.967861e-02	3.609974e+00
2.835000e-05	1.128591e-01	3.786798e+00
2.836000e-05	-3.775976e-02	4.063627e+00
2.837000e-05	-6.534480e-02	4.323653e+00
2.838000e-05	1.631930e-01	4.586344e+00
2.839000e-05	-1.035028e-01	4.850901e+00
2.840000e-05	4.640871e-02	5.080685e+00
2.841000e-05	-3.581621e-02	5.396344e+00
2.842000e-05	-4.293796e-02	5.638924e+00
2.843000e-05	3.625851e-02	5.860583e+00
2.844000e-05	-3.086532e-02	6.153112e+00
2.845000e-05	2.213610e-02	6.366243e+00
2.846000e-05	-2.461547e-02	6.616272e+00
2.847000e-05	-9.503217e-03	6.880426e+00
2.848000e-05	8.992310e-03	7.069982e+00
2.849000e-05	-3.128504e-02	7.320535e+00
2.850000e-05	2.706065e-02	7.586189e+00
2.851000e-05	-5.496833e-02	7.857243e+00
2.852000e-05	2.970028e-02	8.101899e+00
2.853000e-05	1.197288e-03	8.300980e+00
2.854000e-05	-2.918620e-02	8.469951e+00
2.855000e-05	1.781610e-05	8.650451e+00
2.856000e-05	-3.133078e-02	8.859446e+00
2.857000e-05	1.458479e-02	9.078326e+00
2.858000e-05	-1.651428e-02	9.290026e+00
2.859000e-05	1.856198e-03	9.498925e+00
2.860000e-05	-2.004785e-02	9.700345e+00
2.861000e-05	-6.770411e-03	9.886874e+00
2.862000e-05	-1.322674e-03	1.005837e+01
2.863000e-05	-2.275260e-02	1.023727e+01
2.864000e-05	-1.354842e-02	1.038572e+01
2.865000e-05	-2.177314e-02	1.065669e+01
2.866000e-05	7.978866e-04	1.083421e+01
2.867000e-05	-7.348357e-03	1.096308e+01
2.868000e-05	-1.312940e-02	1.110050e+01
2.869000e-05	-1.817815e-02	1.128724e+01
2.870000e-05	-1.563556e-02	1.148616e+01
2.871000e-05	-9.000866e-03	1.166766e+01
2.872000e-05	-1.814116e-02	1.179513e+01
2.873000e-05	-1.853202e-02	1.189993e+01
2.874000e-05	-1.939929e-02	1.211930e+01
2.875000e-05	-9.101949e-03	1.222458e+01
2.876000e-05	-9.278125e-03	1.234996e+01
2.877000e-05	-1.894136e-02	1.250834e+01
2.878000e-05	-2.329655e-02	1.262561e+01
2.879000e-05	-2.056535e-02	1.270985e+01
2.880000e-05	-1.484133e-02	1.281369e+01
2.881000e-05	-2.077479e-02	1.294137e+01
2.882000e-05	-2.369582e-02	1.308461e+01
2.883000e-05	-2.364011e-02	1.316980e+01
2.884000e-05	-1.859335e-02	1.324566e+01
2.885000e-05	-1.584834e-02	1.336100e+01
2.886000e-05	-2.462746e-02	1.345356e+01
2.887000e-05	-2.620942e-02	1.351727e+01
2.888000e-05	-2.656154e-02	1.358095e+01
2.889000e-05	-2.100015e-02	1.363574e+01
2.890000e-05	-2.592142e-02	1.374030e+01
2.891000e-05	-2.900781e-02	1.386143e+01
2.892000e-05	-3.106670e-02	1.387406e+01
2.893000e-05	-2.704482e-02	1.389616e+01
2.894000e-05	-2.658945e-02	1.394075e+01
2.895000e-05	-3.217753e-02	1.402244e+01
2.896000e-05	-3.447687e-02	1.406661e+01
2.897000e-05	-3.448156e-02	1.407719e+01
2.898000e-05	-3.070752e-02	1.411874e+01
2.899000e-05	-3.489071e-02	1.414834e+01
2.900000e-05	-3.882438e-02	1.419882e+01
2.901000e-05	-4.279532e-02	1.417192e+01
2.902000e-05	-3.938390e-02	1.416995e+01
2.903000e-05	-3.931205e-02	1.411989e+01
2.904000e-05	-4.253154e-02	1.418085e+01
2.905000e-05	-4.659192e-02	1.421037e+01
2.906000e-05	-4.803557e-02	1.418777e+01
2.907000e-05	-4.593492e-02	1.409877e+01
2.908000e-05	-5.026503e-02	1.409556e+01
2.909000e-05	-5.322679e-02	1.404621e+01
2.910000e-05	-5.657305e-02	1.401295e+01
2.911000e-05	-5.216213e-02	1.404072e+01
2.912000e-05	-5.090284e-02	1.395667e+01
2.913000e-05	-5.203034e-02	1.389508e+01
2.914000e-05	-5.449620e-02	1.385297e+01
2.915000e-05	-5.400514e-02	1.375892e+01
2.916000e-05	-4.887188e-02	1.368571e+01
2.917000e-05	-4.754869e-02	1.360248e+01
2.918000e-05	-4.629777e-02	1.349735e+01
2.919000e-05	-4.541208e-02	1.348511e+01
2.920000e-05	-4.110126e-02	1.338040e+01
2.921000e-05	-3.743759e-02	1.327779e+01
2.922000e-05	-3.562960e-02	1.319298e+01
2.923000e-05	-3.557319e-02	1.310816e+01
2.924000e-05	-3.360947e-02	1.299195e+01
2.925000e-05	-2.939110e-02	1.286471e+01
2.926000e-05	-2.802605e-02	1.275102e+01
2.927000e-05	-2.805830e-02	1.267619e+01
2.928000e-05	-2.826581e-02	1.255043e+01
2.929000e-05	-2.463204e-02	1.242458e+01
2.930000e-05	-2.294816e-02	1.227672e+01
2.931000e-05	-2.239888e-02	1.216987e+01
2.932000e-05	-2.136965e-02	1.204258e+01
2.933000e-05	-2.093140e-02	1.187717e+01
2.934000e-05	-1.978204e-02	1.173687e+01
2.935000e-05	-1.927134e-02	1.157980e+01
2.936000e-05	-1.687348e-02	1.141200e+01
2.937000e-05	-1.697705e-02	1.122301e+01
2.938000e-05	-1.705527e-02	1.103769e+01
2.939000e-05	-1.740906e-02	1.090729e+01
2.940000e-05	-1.491621e-02	1.074937e+01
2.941000e-05	-1.487173e-02	1.056992e+01
2.942000e-05	-1.470075e-02	1.038203e+01
2.943000e-05	-1.574951e-02	1.018253e+01
2.944000e-05	-1.407898e-02	1.002313e+01
2.945000e-05	-1.171875e-02	9.773454e+00
2.946000e-05	-1.090508e-02	9.562081e+00
2.947000e-05	-1.310580e-02	9.385131e+00
2.948000e-05	-1.252208e-02	9.217105e+00
2.949000e-05	-1.187073e-02	9.005587e+00
2.950000e-05	-1.119546e-02	8.794532e+00
2.951000e-05	-1.269686e-02	8.574608e+00
2.952000e-05	-1.195840e-02	8.404183e+00
2.953000e-05	-1.106810e-02	8.215527e+00
2.954000e-05	-9.049640e-03	7.983553e+00
2.955000e-05	-9.219539e-03	7.762575e+00
2.956000e-05	-9.075545e-03	7.488796e+00
2.957000e-05	-9.791343e-03	7.237215e+00
2.958000e-05	-1.085082e-02	7.057263e+00
2.959000e-05	-1.037495e-02	6.795183e+00
2.960000e-05	-1.031723e-02	6.552509e+00
2.961000e-05	-1.020458e-02	6.341477e+00
2.962000e-05	-9.133456e-03	6.090977e+00
2.963000e-05	-7.728227e-03	5.879316e+00
2.964000e-05	-6.714421e-03	5.605835e+00
2.965000e-05	-6.363398e-03	5.395657e+00
2.966000e-05	-8.813186e-03	5.058440e+00
2.967000e-05	-8.129735e-03	4.765786e+00
2.968000e-05	-9.033563e-03	4.544183e+00
2.969000e-05	-8.496976e-03	4.324123e+00
2.970000e-05	-8.222534e-03	4.038391e+00
2.971000e-05	-7.869849e-03	3.766786e+00
2.972000e-05	-5.957318e-03	3.574634e+00
2.973000e-05	-5.868060e-03	3.291496e+00
2.974000e-05	-5.736215e-03	3.049892e+00
2.975000e-05	-7.453435e-03	2.807891e+00
2.976000e-05	-7.490528e-03	2.554609e+00
2.977000e-05	-7.770827e-03	2.240951e+00
2.978000e-05	-7.364073e-03	2.018922e+00
2.979000e-05	-6.097127e-03	1.776289e+00
2.980000e-05	-5.848188e-03	1.492549e+00
2.981000e-05	-4.782498e-03	1.217389e+00
2.982000e-05	-4.287074e-03	8.750804e-01
2.983000e-05	-4.163183e-03	6.609213e-01
2.984000e-05	-5.275515e-03	3.979161e-01
2.985000e-05	-4.056566e-03	1.251844e-01
2.986000e-05	-2.408013e-03	-1.084460e-01
2.987000e-05	8.184102e-03	-3.990013e-01
2.988000e-05	-4.397756e-03	-6.331325e-01
2.989000e-05	3.772943e-03	-8.842656e-01
2.990000e-05	-4.968492e-03	-1.115292e+00
2.991000e-05	2.623714e-03	-1.421930e+00
2.992000e-05	-2.921910e-03	-1.622131e+00
2.993000e-05	2.557117e-02	-1.872136e+00
2.994000e-05	9.379851e-02	-2.074186e+00
2.995000e-05	-1.499040e-02	-2.413638e+00
2.996000e-05	-4.358668e-02	-2.819052e+00
2.997000e-05	-2.639747e-02	-3.096272e+00
2.998000e-05	-5.361914e-02	-3.323716e+00
2.999000e-05	-6.947781e-02	-3.471583e+00
3.000000e-05	1.676889e-01	-3.568922e+00
3.001000e-05	-9.647918e-02	-3.924293e+00
3.002000e-05	6.850680e-03	-4.178870e+00
3.003000e-05	1.171437e-01	-4.346718e+00
3.004000e-05	-1.401565e-01	-4.681051e+00
3.005000e-05	1.579405e-01	-4.922134e+00
3.006000e-05	-1.075669e-01	-5.146844e+00
3.007000e-05	-5.339856e-02	-5.513135e+00
3.008000e-05	8.758501e-02	-5.672086e+00
3.009000e-05	-8.073207e-02	-5.956741e+00
3.010000e-05	1.363483e-01	-6.196317e+00
3.011000e-05	-9.050531e-02	-6.441947e+00
3.012000e-05	1.993916e-02	-6.702608e+00
3.013000e-05	4.634059e-02	-6.891505e+00
3.014000e-05	-6.059046e-02	-7.227293e+00
3.015000e-05	9.807756e-02	-7.417793e+00
3.016000e-05	-1.337616e-01	-7.639872e+00
3.017000e-05	1.108126e-01	-7.913055e+00
3.018000e-05	-1.282662e-02	-8.134210e+00
3.019000e-05	-7.131374e-06	-8.344138e+00
3.020000e-05	2.811044e-02	-8.573032e+00
3.021000e-05	-7.929396e-02	-8.834111e+00
3.022000e-05	9.694408e-02	-9.025742e+00
3.023000e-05	-4.766170e-02	-9.143715e+00
3.024000e-05	7.147305e-02	-9.394632e+00
3.025000e-05	-5.277921e-02	-9.585692e+00
3.026000e-05	2.633025e-02	-9.746163e+00
3.027000e-05	2.391727e-02	-9.995110e+00
3.028000e-05	-1.110562e-02	-1.015198e+01
3.029000e-05	2.046771e-02	-1.036051e+01
3.030000e-05	-4.531236e-02	-1.054253e+01
3.031000e-05	5.938187e-02	-1.067043e+01
3.032000e-05	-3.638520e-03	-1.087682e+01
3.033000e-05	3.734975e-02	-1.105662e+01
3.034000e-05	-2.565681e-02	-1.123406e+01
3.035000e-05	1.747482e-02	-1.141308e+01
3.036000e-05	1.339950e-02	-1.156241e+01
3.037000e-05	1.287332e-02	-1.173030e+01
3.038000e-05	3.626847e-03	-1.188875e+01
3.039000e-05	-8.121738e-03	-1.205614e+01
3.040000e-05	2.873397e-02	-1.220311e+01
3.041000e-05	1.959506e-02	-1.232090e+01
3.042000e-05	2.233204e-02	-1.239722e+01
3.043000e-05	-7.375488e-03	-1.260198e+01
3.044000e-05	1.295054e-02	-1.269779e+01
3.045000e-05	1.717226e-02	-1.279456e+01
3.046000e-05	2.340077e-02	-1.293098e+01
3.047000e-05	4.580190e-03	-1.303669e+01
3.048000e-05	6.099402e-03	-1.316135e+01
3.049000e-05	1.748924e-02	-1.321611e+01
3.050000e-05	2.980420e-02	-1.333990e+01
3.051000e-05	1.775166e-02	-1.344503e+01
3.052000e-05	1.005467e-02	-1.350877e+01
3.053000e-05	1.210563e-02	-1.359403e+01
3.054000e-05	2.753306e-02	-1.365824e+01
3.055000e-05	2.796579e-02	-1.373142e+01
3.056000e-05	1.466316e-02	-1.380404e+01
3.057000e-05	1.123759e-02	-1.387571e+01
3.058000e-05	2.104065e-02	-1.389775e+01
3.059000e-05	3.263067e-02	-1.395193e+01
3.060000e-05	2.577471e-02	-1.404545e+01
3.061000e-05	2.000499e-02	-1.409609e+01
3.062000e-05	2.053452e-02	-1.408619e+01
3.063000e-05	3.290428e-02	-1.418030e+01
3.064000e-05	3.476916e-02	-1.416232e+01
3.065000e-05	2.685348e-02	-1.422088e+01
3.066000e-05	2.361184e-02	-1.424390e+01
3.067000e-05	2.836181e-02	-1.427405e+01
3.068000e-05	4.027752e-02	-1.427403e+01
3.069000e-05	3.874741e-02	-1.423491e+01
3.070000e-05	3.344629e-02	-1.426501e+01
3.071000e-05	3.280905e-02	-1.424205e+01
3.072000e-05	4.214671e-02	-1.424145e+01
3.073000e-05	4.647610e-02	-1.420032e+01
3.074000e-05	4.254533e-02	-1.417084e+01
3.075000e-05	3.881652e-02	-1.410769e+01
3.076000e-05	4.269525e-02	-1.410509e+01
3.077000e-05	5.085803e-02	-1.398353e+01
3.078000e-05	5.030105e-02	-1.399187e+01
3.079000e-05	4.334647e-02	-1.392827e+01
3.080000e-05	3.924900e-02	-1.385511e+01
3.081000e-05	4.440119e-02	-1.379355e+01
3.082000e-05	4.666953e-02	-1.374947e+01
3.083000e-05	4.245921e-02	-1.368726e+01
3.084000e-05	3.579458e-02	-1.357393e+01
3.085000e-05	3.432793e-02	-1.348924e+01
3.086000e-05	3.670308e-02	-1.348603e+01
3.087000e-05	3.398676e-02	-1.333984e+01
3.088000e-05	2.740026e-02	-1.321611e+01
3.089000e-05	2.261423e-02	-1.316193e+01
3.090000e-05	2.364121e-02	-1.305611e+01
3.091000e-05	2.567058e-02	-1.295140e+01
3.092000e-05	2.329034e-02	-1.285521e+01
3.093000e-05	1.716150e-02	-1.271974e+01
3.094000e-05	1.579174e-02	-1.261403e+01
3.095000e-05	1.814386e-02	-1.247616e+01
3.096000e-05	1.811889e-02	-1.236194e+01
3.097000e-05	1.249712e-02	-1.224451e+01
3.098000e-05	8.518888e-03	-1.205574e+01
3.099000e-05	1.046513e-02	-1.192974e+01
3.100000e-05	1.352935e-02	-1.176047e+01
3.101000e-05	1.188531e-02	-1.157098e+01
3.102000e-05	7.324498e-03	-1.136243e+01
3.103000e-05	6.267503e-03	-1.118556e+01
3.104000e-05	9.001908e-03	-1.100666e+01
3.105000e-05	9.963535e-03	-1.090034e+01
3.106000e-05	7.163797e-03	-1.073998e+01
3.107000e-05	3.655557e-03	-1.057458e+01
3.108000e-05	3.922697e-03	-1.037305e+01
3.109000e-05	5.328770e-03	-1.019505e+01
3.110000e-05	5.832281e-03	-9.994613e+00
3.111000e-05	2.694028e-03	-9.836211e+00
3.112000e-05	1.942771e-03	-9.646312e+00
3.113000e-05	3.152497e-03	-9.447716e+00
3.114000e-05	4.820564e-03	-9.238788e+00
3.115000e-05	2.604656e-03	-9.077341e+00
3.116000e-05	9.086965e-04	-8.847311e+00
3.117000e-05	7.812097e-04	-8.626662e+00
3.118000e-05	2.174534e-03	-8.406712e+00
3.119000e-05	2.000374e-03	-8.216188e+00
3.120000e-05	1.344586e-04	-8.015180e+00
3.121000e-05	-1.203162e-03	-7.783004e+00
3.122000e-05	-1.224106e-03	-7.500949e+00
3.123000e-05	2.389533e-03	-7.250898e+00
3.124000e-05	-1.126383e-03	-7.138190e+00
3.125000e-05	8.874731e-04	-6.805263e+00
3.126000e-05	-4.934969e-04	-6.593685e+00
3.127000e-05	-1.178517e-03	-6.374605e+00
3.128000e-05	-1.043576e-03	-6.083025e+00
3.129000e-05	-5.143388e-03	-5.900390e+00
3.130000e-05	-5.267522e-03	-5.655862e+00
3.131000e-05	-2.711935e-03	-5.406083e+00
3.132000e-05	-2.782408e-03	-5.091419e+00
3.133000e-05	5.185077e-04	-4.776134e+00
3.134000e-05	-1.847584e-03	-4.575657e+00
3.135000e-05	-1.315921e-04	-4.345182e+00
3.136000e-05	-2.878688e-03	-4.123481e+00
3.137000e-05	-2.516450e-03	-3.851842e+00
3.138000e-05	-7.371450e-03	-3.564261e+00
3.139000e-05	-6.721726e-03	-3.365258e+00
3.140000e-05	-6.340853e-03	-3.103550e+00
3.141000e-05	-2.786624e-03	-2.809867e+00
3.142000e-05	-2.831083e-03	-2.607312e+00
3.143000e-05	-2.590463e-03	-2.322207e+00
3.144000e-05	-2.962128e-03	-2.041371e+00
3.145000e-05	-4.130564e-03	-1.788370e+00
3.146000e-05	-5.631322e-03	-1.575206e+00
3.147000e-05	-7.441540e-03	-1.220870e+00
3.148000e-05	-8.085366e-03	-9.468881e-01
3.149000e-05	-7.540560e-03	-7.157580e-01
3.150000e-05	-4.020421e-03	-4.119725e-01
3.151000e-05	-3.677058e-03	-1.478421e-01
3.152000e-05	9.183101e-04	1.026642e-01
3.153000e-05	5.255446e-03	3.779437e-01
3.154000e-05	-3.072532e-03	5.690036e-01
3.155000e-05	3.287594e-03	8.205551e-01
3.156000e-05	-6.298070e-03	1.073692e+00
3.157000e-05	-2.201305e-03	1.305269e+00
3.158000e-05	-5.731777e-03	1.639133e+00
3.159000e-05	1.174255e-02	1.852635e+00
3.160000e-05	4.702898e-02	2.043134e+00
3.161000e-05	6.110752e-02	2.347396e+00
3.162000e-05	-7.186532e-02	2.673313e+00
3.163000e-05	-2.398625e-02	2.966370e+00
3.164000e-05	-3.915642e-02	3.168427e+00
3.165000e-05	-3.989429e-02	3.409529e+00
3.166000e-05	-6.742622e-02	3.630474e+00
3.167000e-05	1.271456e-01	3.837948e+00
3.168000e-05	-7.740225e-02	4.103759e+00
3.169000e-05	-1.766950e-02	4.315741e+00
3.170000e-05	1.377318e-01	4.558345e+00
3.171000e-05	-1.056540e-01	4.850030e+00
3.172000e-05	5.636395e-02	5.122642e+00
3.173000e-05	-5.409556e-02	5.418976e+00
3.174000e-05	-2.688860e-02	5.652026e+00
3.175000e-05	3.076536e-02	5.921634e+00
3.176000e-05	-2.938079e-02	6.164614e+00
3.177000e-05	2.618639e-02	6.386871e+00
3.178000e-05	-3.245209e-02	6.699496e+00
3.179000e-05	-5.350019e-05	6.871056e+00
3.180000e-05	-6.895762e-04	7.132108e+00
3.181000e-05	-2.387823e-02	7.383581e+00
3.182000e-05	2.221525e-02	7.617318e+00
3.183000e-05	-5.670007e-02	7.876799e+00
3.184000e-05	4.289352e-02	8.129380e+00
3.185000e-05	-1.279120e-02	8.302631e+00
3.186000e-05	-1.913763e-02	8.479055e+00
3.187000e-05	-8.195716e-03	8.701880e+00
3.188000e-05	-2.458573e-02	8.919401e+00
3.189000e-05	1.191366e-02	9.101375e+00
3.190000e-05	-1.739784e-02	9.310478e+00
3.191000e-05	1.095665e-03	9.510055e+00
3.192000e-05	-2.402011e-02	9.700025e+00
3.193000e-05	-1.455463e-03	9.888275e+00
3.194000e-05	-6.000329e-03	1.011940e+01
3.195000e-05	-1.865266e-02	1.027829e+01
3.196000e-05	-1.627749e-02	1.042779e+01
3.197000e-05	-1.878047e-02	1.066519e+01
3.198000e-05	-1.371390e-04	1.080574e+01
3.199000e-05	-6.931190e-03	1.098608e+01
3.200000e-05	-1.363681e-02	1.112090e+01
3.201000e-05	-1.943843e-02	1.132947e+01
3.202000e-05	-1.347501e-02	1.151632e+01
3.203000e-05	-1.174862e-02	1.165774e+01
3.204000e-05	-1.798772e-02	1.182319e+01
3.205000e-05	-1.988269e-02	1.196095e+01
3.206000e-05	-1.696732e-02	1.212777e+01
3.207000e-05	-8.952650e-03	1.226414e+01
3.208000e-05	-9.531499e-03	1.236101e+01
3.209000e-05	-2.083321e-02	1.252937e+01
3.210000e-05	-2.255713e-02	1.263466e+01
3.211000e-05	-1.960252e-02	1.273040e+01
3.212000e-05	-1.487695e-02	1.282612e+01
3.213000e-05	-2.157308e-02	1.302140e+01
3.214000e-05	-2.404127e-02	1.309469e+01
3.215000e-05	-2.123820e-02	1.315086e+01
3.216000e-05	-1.814838e-02	1.325671e+01
3.217000e-05	-1.619556e-02	1.334147e+01
3.218000e-05	-2.479630e-02	1.344519e+01
3.219000e-05	-2.576301e-02	1.350827e+01
3.220000e-05	-2.618301e-02	1.354195e+01
3.221000e-05	-2.245764e-02	1.362561e+01
3.222000e-05	-2.685981e-02	1.373787e+01
3.223000e-05	-3.094524e-02	1.384098e+01
3.224000e-05	-3.097560e-02	1.388356e+01
3.225000e-05	-2.783201e-02	1.389724e+01
3.226000e-05	-2.542683e-02	1.397878e+01
3.227000e-05	-3.270725e-02	1.403403e+01
3.228000e-05	-3.259593e-02	1.407704e+01
3.229000e-05	-3.443387e-02	1.407577e+01
3.230000e-05	-3.100029e-02	1.409827e+01
3.231000e-05	-3.521743e-02	1.410892e+01
3.232000e-05	-4.055120e-02	1.423090e+01
3.233000e-05	-4.285232e-02	1.422000e+01
3.234000e-05	-4.030902e-02	1.419292e+01
3.235000e-05	-3.872933e-02	1.417900e+01
3.236000e-05	-4.309078e-02	1.425002e+01
3.237000e-05	-4.564520e-02	1.416790e+01
3.238000e-05	-4.787834e-02	1.413887e+01
3.239000e-05	-4.664135e-02	1.414969e+01
3.240000e-05	-5.131161e-02	1.405614e+01
3.241000e-05	-5.402319e-02	1.405461e+01
3.242000e-05	-5.622565e-02	1.403238e+01
3.243000e-05	-5.109618e-02	1.397928e+01
3.244000e-05	-5.090990e-02	1.392821e+01
3.245000e-05	-5.178778e-02	1.385553e+01
3.246000e-05	-5.341839e-02	1.386195e+01
3.247000e-05	-5.216329e-02	1.372827e+01
3.248000e-05	-4.785910e-02	1.367509e+01
3.249000e-05	-4.767659e-02	1.357240e+01
3.250000e-05	-4.657002e-02	1.351937e+01
3.251000e-05	-4.570410e-02	1.344619e+01
3.252000e-05	-4.138104e-02	1.334848e+01
3.253000e-05	-3.706753e-02	1.327514e+01
3.254000e-05	-3.652524e-02	1.316195e+01
3.255000e-05	-3.484460e-02	1.310559e+01
3.256000e-05	-3.366120e-02	1.297948e+01
3.257000e-05	-2.850325e-02	1.284516e+01
3.258000e-05	-2.852376e-02	1.272982e+01
3.259000e-05	-2.798935e-02	1.264661e+01
3.260000e-05	-2.723584e-02	1.251987e+01
3.261000e-05	-2.567336e-02	1.239451e+01
3.262000e-05	-2.260346e-02	1.228812e+01
3.263000e-05	-2.238681e-02	1.210832e+01
3.264000e-05	-2.073640e-02	1.196303e+01
3.265000e-05	-2.136263e-02	1.183421e+01
3.266000e-05	-1.806155e-02	1.171729e+01
3.267000e-05	-1.851132e-02	1.155874e+01
3.268000e-05	-1.822784e-02	1.136142e+01
3.269000e-05	-1.878411e-02	1.119303e+01
3.270000e-05	-1.727094e-02	1.103516e+01
3.271000e-05	-1.639589e-02	1.086882e+01
3.272000e-05	-1.548367e-02	1.072032e+01
3.273000e-05	-1.567786e-02	1.048032e+01
3.274000e-05	-1.530211e-02	1.031847e+01
3.275000e-05	-1.273368e-02	1.014155e+01
3.276000e-05	-1.311041e-02	9.982402e+00
3.277000e-05	-1.173153e-02	9.773475e+00
3.278000e-05	-1.308554e-02	9.544029e+00
3.279000e-05	-1.284896e-02	9.384136e+00
3.280000e-05	-1.212801e-02	9.184155e+00
3.281000e-05	-1.214930e-02	8.954501e+00
3.282000e-05	-1.189212e-02	8.782030e+00
3.283000e-05	-1.284286e-02	8.583031e+00
3.284000e-05	-1.124850e-02	8.403208e+00
3.285000e-05	-1.046622e-02	8.232504e+00
3.286000e-05	-9.815678e-03	7.922073e+00
3.287000e-05	-9.667580e-03	7.668496e+00
3.288000e-05	-1.021574e-02	7.477767e+00
3.289000e-05	-9.462218e-03	7.235758e+00
3.290000e-05	-1.094613e-02	6.994659e+00
3.291000e-05	-1.031394e-02	6.763730e+00
3.292000e-05	-9.911083e-03	6.511502e+00
3.293000e-05	-8.563462e-03	6.280971e+00
3.294000e-05	-8.971816e-03	6.049951e+00
3.295000e-05	-7.926744e-03	5.845666e+00
3.296000e-05	-9.385848e-03	5.556212e+00
3.297000e-05	-6.994950e-03	5.322677e+00
3.298000e-05	-8.106471e-03	5.008339e+00
3.299000e-05	-7.370141e-03	4.765232e+00
3.300000e-05	-8.999207e-03	4.492580e+00
3.301000e-05	-8.210339e-03	4.280995e+00
3.302000e-05	-7.892400e-03	3.996760e+00
3.303000e-05	-7.542383e-03	3.726233e+00
3.304000e-05	-6.902786e-03	3.542658e+00
3.305000e-05	-7.030285e-03	3.279017e+00
3.306000e-05	-6.136393e-03	3.038342e+00
3.307000e-05	-6.229027e-03	2.775786e+00
3.308000e-05	-5.188359e-03	2.471452e+00
3.309000e-05	-6.725328e-03	2.199897e+00
3.310000e-05	-7.151395e-03	1.976340e+00
3.311000e-05	-6.848940e-03	1.724710e+00
3.312000e-05	-6.298273e-03	1.452474e+00
3.313000e-05	-5.678024e-03	1.187862e+00
3.314000e-05	-5.673725e-03	8.715501e-01
3.315000e-05	-4.889869e-03	5.904697e-01
3.316000e-05	-4.036742e-03	3.458884e-01
3.317000e-05	-1.771292e-03	6.208040e-02
3.318000e-05	-9.860064e-04	-1.695001e-01
3.319000e-05	6.294249e-03	-4.105527e-01
3.320000e-05	-4.674947e-03	-6.526105e-01
3.321000e-05	3.503383e-03	-9.352657e-01
3.322000e-05	-4.707600e-03	-1.127819e+00
3.323000e-05	1.385225e-03	-1.452087e+00
3.324000e-05	-3.341083e-03	-1.682683e+00
3.325000e-05	3.314221e-02	-1.894234e+00
3.326000e-05	9.703235e-02	-2.106689e+00
3.327000e-05	-3.523961e-02	-2.504663e+00
3.328000e-05	-3.249144e-02	-2.893080e+00
3.329000e-05	-3.441241e-02	-3.157343e+00
3.330000e-05	-5.287670e-02	-3.324693e+00
3.331000e-05	-5.600535e-02	-3.483679e+00
3.332000e-05	1.756794e-01	-3.620906e+00
3.333000e-05	-1.421117e-01	-3.893890e+00
3.334000e-05	6.121351e-02	-4.237897e+00
3.335000e-05	6.602696e-02	-4.337371e+00
3.336000e-05	-1.113306e-01	-4.713188e+00
3.337000e-05	1.563439e-01	-4.924113e+00
3.338000e-05	-1.376456e-01	-5.251350e+00
3.339000e-05	-1.407837e-02	-5.515288e+00
3.340000e-05	6.464941e-02	-5.682636e+00
3.341000e-05	-6.942760e-02	-6.016846e+00
3.342000e-05	1.388791e-01	-6.236946e+00
3.343000e-05	-1.145129e-01	-6.461109e+00
3.344000e-05	5.581371e-02	-6.724161e+00
3.345000e-05	1.320055e-02	-6.922110e+00
3.346000e-05	-3.593190e-02	-7.250871e+00
3.347000e-05	7.964931e-02	-7.428223e+00
3.348000e-05	-1.315300e-01	-7.709978e+00
3.349000e-05	1.319663e-01	-7.964605e+00
3.350000e-05	-4.495896e-02	-8.164138e+00
3.351000e-05	2.968326e-02	-8.345266e+00
3.352000e-05	-1.771282e-03	-8.581611e+00
3.353000e-05	-5.465576e-02	-8.816871e+00
3.354000e-05	8.803373e-02	-9.005746e+00
3.355000e-05	-4.913931e-02	-9.214192e+00
3.356000e-05	7.495279e-02	-9.394742e+00
3.357000e-05	-6.601056e-02	-9.576716e+00
3.358000e-05	4.643421e-02	-9.805685e+00
3.359000e-05	4.901844e-03	-9.984689e+00
3.360000e-05	2.722155e-03	-1.015456e+01
3.361000e-05	6.612831e-03	-1.038253e+01
3.362000e-05	-3.263636e-02	-1.056411e+01
3.363000e-05	5.755710e-02	-1.070200e+01
3.364000e-05	-7.239632e-03	-1.086989e+01
3.365000e-05	3.683521e-02	-1.105527e+01
3.366000e-05	-2.994163e-02	-1.120611e+01
3.367000e-05	2.699462e-02	-1.137461e+01
3.368000e-05	6.840574e-03	-1.160153e+01
3.369000e-05	1.730945e-02	-1.177137e+01
3.370000e-05	-2.763687e-03	-1.190725e+01
3.371000e-05	7.545868e-04	-1.209927e+01
3.372000e-05	2.710397e-02	-1.217511e+01
3.373000e-05	1.858413e-02	-1.232037e+01
3.374000e-05	1.769649e-02	-1.245819e+01
3.375000e-05	-7.891705e-03	-1.262953e+01
3.376000e-05	1.654684e-02	-1.270930e+01
3.377000e-05	1.721262e-02	-1.286416e+01
3.378000e-05	2.235885e-02	-1.294100e+01
3.379000e-05	3.363933e-03	-1.303474e+01
3.380000e-05	1.005073e-02	-1.313145e+01
3.381000e-05	1.991559e-02	-1.322419e+01
3.382000e-05	2.910747e-02	-1.336230e+01
3.383000e-05	1.455113e-02	-1.343416e+01
3.384000e-05	9.441937e-03	-1.349875e+01
3.385000e-05	1.485449e-02	-1.360344e+01
3.386000e-05	2.728681e-02	-1.365767e+01
3.387000e-05	2.506773e-02	-1.373190e+01
3.388000e-05	1.387403e-02	-1.380406e+01
3.389000e-05	1.328810e-02	-1.384568e+01
3.390000e-05	2.360209e-02	-1.391882e+01
3.391000e-05	3.147776e-02	-1.399090e+01
3.392000e-05	2.292489e-02	-1.403208e+01
3.393000e-05	1.878066e-02	-1.407619e+01
3.394000e-05	2.230518e-02	-1.412821e+01
3.395000e-05	3.513865e-02	-1.420884e+01
3.396000e-05	3.350921e-02	-1.418042e+01
3.397000e-05	2.521279e-02	-1.423095e+01
3.398000e-05	2.370930e-02	-1.425298e+01
3.399000e-05	3.264509e-02	-1.425448e+01
3.400000e-05	4.021628e-02	-1.426295e+01
3.401000e-05	3.833302e-02	-1.424491e+01
3.402000e-05	3.006877e-02	-1.426453e+01
3.403000e-05	3.685974e-02	-1.423293e+01
3.404000e-05	4.409140e-02	-1.425135e+01
3.405000e-05	4.614260e-02	-1.422182e+01
3.406000e-05	4.058028e-02	-1.419979e+01
3.407000e-05	3.555760e-02	-1.415814e+01
3.408000e-05	4.568623e-02	-1.404556e+01
3.409000e-05	5.070964e-02	-1.396248e+01
3.410000e-05	4.980035e-02	-1.395132e+01
3.411000e-05	4.226211e-02	-1.393782e+01
3.412000e-05	4.183097e-02	-1.381466e+01
3.413000e-05	4.796144e-02	-1.380403e+01
3.414000e-05	4.713305e-02	-1.374140e+01
3.415000e-05	3.890225e-02	-1.367714e+01
3.416000e-05	3.116417e-02	-1.358292e+01
3.417000e-05	3.274399e-02	-1.350717e+01
3.418000e-05	3.744762e-02	-1.345406e+01
3.419000e-05	3.408720e-02	-1.336087e+01
3.420000e-05	2.840865e-02	-1.324411e+01
3.421000e-05	2.416553e-02	-1.313840e+01
3.422000e-05	2.687823e-02	-1.306663e+01
3.423000e-05	2.532271e-02	-1.295150e+01
3.424000e-05	1.910936e-02	-1.283515e+01
3.425000e-05	1.324133e-02	-1.273077e+01
3.426000e-05	1.430803e-02	-1.264208e+01
3.427000e-05	1.958622e-02	-1.246661e+01
3.428000e-05	1.973906e-02	-1.232990e+01
3.429000e-05	1.541507e-02	-1.223353e+01
3.430000e-05	1.039945e-02	-1.206416e+01
3.431000e-05	1.252175e-02	-1.192914e+01
3.432000e-05	1.231655e-02	-1.172984e+01
3.433000e-05	8.649869e-03	-1.155140e+01
3.434000e-05	4.489424e-03	-1.137085e+01
3.435000e-05	5.097237e-03	-1.120108e+01
3.436000e-05	1.009931e-02	-1.099508e+01
3.437000e-05	1.027435e-02	-1.085782e+01
3.438000e-05	6.177047e-03	-1.072142e+01
3.439000e-05	3.782911e-03	-1.059303e+01
3.440000e-05	5.676862e-03	-1.037253e+01
3.441000e-05	6.649825e-03	-1.016248e+01
3.442000e-05	5.086343e-03	-9.984555e+00
3.443000e-05	2.198245e-03	-9.806134e+00
3.444000e-05	1.687647e-03	-9.646058e+00
3.445000e-05	4.024890e-03	-9.444661e+00
3.446000e-05	4.545740e-03	-9.196236e+00
3.447000e-05	2.527911e-03	-9.037741e+00
3.448000e-05	1.817116e-04	-8.817787e+00
3.449000e-05	1.835599e-03	-8.615557e+00
3.450000e-05	3.752837e-03	-8.415161e+00
3.451000e-05	2.588422e-03	-8.185230e+00
3.452000e-05	-8.051313e-04	-8.015630e+00
3.453000e-05	-2.216046e-03	-7.751446e+00
3.454000e-05	-6.845214e-04	-7.490371e+00
3.455000e-05	7.553582e-04	-7.248895e+00
3.456000e-05	-8.384940e-04	-7.038219e+00
3.457000e-05	-1.206728e-03	-6.754607e+00
3.458000e-05	-8.150843e-04	-6.554603e+00
3.459000e-05	1.802872e-03	-6.375057e+00
3.460000e-05	6.813254e-04	-6.051494e+00
3.461000e-05	-2.030926e-03	-5.857739e+00
3.462000e-05	-5.368328e-03	-5.617811e+00
3.463000e-05	-2.518885e-03	-5.364030e+00
3.464000e-05	-3.217140e-03	-5.079918e+00
3.465000e-05	-1.390360e-03	-4.744129e+00
3.466000e-05	-5.254144e-03	-4.553604e+00
3.467000e-05	-2.560605e-03	-4.353530e+00
3.468000e-05	-1.369233e-03	-4.051950e+00
3.469000e-05	-2.541820e-03	-3.838746e+00
3.470000e-05	-4.927588e-03	-3.545686e+00
3.471000e-05	-6.010291e-03	-3.324658e+00
3.472000e-05	-4.622257e-03	-3.100441e+00
3.473000e-05	-3.797488e-03	-2.807288e+00
3.474000e-05	-3.462769e-03	-2.534754e+00
3.475000e-05	-5.403479e-03	-2.292602e+00
3.476000e-05	-3.686664e-03	-1.988441e+00
3.477000e-05	-3.307303e-03	-1.757783e+00
3.478000e-05	-3.425858e-03	-1.502654e+00
3.479000e-05	-7.828971e-03	-1.148291e+00
3.480000e-05	-7.891785e-03	-9.032630e-01
3.481000e-05	-6.643700e-03	-6.515540e-01
3.482000e-05	-4.308585e-03	-3.579674e-01
3.483000e-05	-5.080888e-03	-1.477884e-01
3.484000e-05	-3.286734e-04	5.518560e-02
3.485000e-05	3.555771e-03	3.800500e-01
3.486000e-05	-2.328574e-03	5.699788e-01
3.487000e-05	2.944527e-03	8.205551e-01
3.488000e-05	-5.202375e-03	1.135790e+00
3.489000e-05	-1.494191e-03	1.356921e+00
3.490000e-05	-5.375503e-03	1.701212e+00
3.491000e-05	1.548555e-02	1.862138e+00
3.492000e-05	5.391492e-02	2.083741e+00
3.493000e-05	4.797956e-02	2.388526e+00
3.494000e-05	-7.578909e-02	2.745365e+00
3.495000e-05	-2.273856e-02	3.008429e+00
3.496000e-05	-3.826618e-02	3.218947e+00
3.497000e-05	-4.798865e-02	3.511608e+00
3.498000e-05	-5.204483e-02	3.621529e+00
3.499000e-05	1.317734e-01	3.822452e+00
3.500000e-05	-1.126234e-01	4.133666e+00
3.501000e-05	2.735171e-02	4.337768e+00
3.502000e-05	1.038242e-01	4.617480e+00
3.503000e-05	-9.464754e-02	4.850105e+00
3.504000e-05	5.918099e-02	5.155667e+00
3.505000e-05	-6.691563e-02	5.469906e+00
3.506000e-05	-1.068840e-02	5.709979e+00
3.507000e-05	2.148769e-02	5.963637e+00
3.508000e-05	-2.840025e-02	6.217268e+00
3.509000e-05	2.844529e-02	6.377322e+00
3.510000e-05	-3.789344e-02	6.720931e+00
3.511000e-05	1.048765e-02	6.932978e+00
3.512000e-05	-1.181081e-02	7.104137e+00
3.513000e-05	-1.558485e-02	7.375188e+00
3.514000e-05	1.462036e-02	7.606875e+00
3.515000e-05	-5.532235e-02	7.910376e+00
3.516000e-05	4.986159e-02	8.122586e+00
3.517000e-05	-2.667829e-02	8.344159e+00
3.518000e-05	-8.794234e-03	8.522081e+00
3.519000e-05	-1.671484e-02	8.729560e+00
3.520000e-05	-1.504993e-02	8.910982e+00
3.521000e-05	6.237783e-03	9.131459e+00
3.522000e-05	-1.584989e-02	9.320583e+00
3.523000e-05	2.160261e-03	9.542079e+00
3.524000e-05	-2.520619e-02	9.770501e+00
3.525000e-05	5.818743e-03	9.930429e+00
3.526000e-05	-1.544899e-02	1.012045e+01
3.527000e-05	-1.417194e-02	1.029092e+01
3.528000e-05	-2.003523e-02	1.043795e+01
3.529000e-05	-1.419725e-02	1.069572e+01
3.530000e-05	-1.200632e-03	1.085772e+01
3.531000e-05	-9.006328e-03	1.100363e+01
3.532000e-05	-1.412189e-02	1.113198e+01
3.533000e-05	-2.028843e-02	1.132987e+01
3.534000e-05	-1.198067e-02	1.153628e+01
3.535000e-05	-1.262105e-02	1.170987e+01
3.536000e-05	-1.577644e-02	1.180666e+01
3.537000e-05	-1.995330e-02	1.192303e+01
3.538000e-05	-1.458232e-02	1.216932e+01
3.539000e-05	-9.171738e-03	1.228616e+01
3.540000e-05	-1.159914e-02	1.240243e+01
3.541000e-05	-2.247160e-02	1.254892e+01
3.542000e-05	-2.323987e-02	1.267416e+01
3.543000e-05	-1.984772e-02	1.277135e+01
3.544000e-05	-1.572391e-02	1.288514e+01
3.545000e-05	-1.940442e-02	1.296145e+01
3.546000e-05	-2.446143e-02	1.313514e+01
3.547000e-05	-2.135422e-02	1.314145e+01
3.548000e-05	-1.864480e-02	1.328672e+01
3.549000e-05	-1.835869e-02	1.337050e+01
3.550000e-05	-2.749387e-02	1.343414e+01
3.551000e-05	-2.627187e-02	1.352929e+01
3.552000e-05	-2.450517e-02	1.359298e+01
3.553000e-05	-2.052345e-02	1.365517e+01
3.554000e-05	-2.530199e-02	1.375924e+01
3.555000e-05	-3.140683e-02	1.384195e+01
3.556000e-05	-3.028088e-02	1.387353e+01
3.557000e-05	-2.913124e-02	1.394867e+01
3.558000e-05	-2.795554e-02	1.399127e+01
3.559000e-05	-3.550805e-02	1.400403e+01
3.560000e-05	-3.358910e-02	1.407506e+01
3.561000e-05	-3.289992e-02	1.408619e+01
3.562000e-05	-2.893163e-02	1.415769e+01
3.563000e-05	-3.453335e-02	1.413888e+01
3.564000e-05	-4.064264e-02	1.413084e+01
3.565000e-05	-4.325846e-02	1.420945e+01
3.566000e-05	-4.117347e-02	1.416195e+01
3.567000e-05	-3.955721e-02	1.417100e+01
3.568000e-05	-4.443180e-02	1.418187e+01
3.569000e-05	-4.579441e-02	1.414690e+01
3.570000e-05	-4.762093e-02	1.411032e+01
3.571000e-05	-4.379025e-02	1.410627e+01
3.572000e-05	-4.864234e-02	1.409668e+01
3.573000e-05	-5.498304e-02	1.409301e+01
3.574000e-05	-5.768224e-02	1.405093e+01
3.575000e-05	-5.234131e-02	1.396885e+01
3.576000e-05	-4.948297e-02	1.394617e+01
3.577000e-05	-5.252384e-02	1.384358e+01
3.578000e-05	-5.457477e-02	1.381145e+01
3.579000e-05	-5.352028e-02	1.371880e+01
3.580000e-05	-4.629001e-02	1.367514e+01
3.581000e-05	-4.586560e-02	1.355143e+01
3.582000e-05	-4.622432e-02	1.350717e+01
3.583000e-05	-4.587570e-02	1.341419e+01
3.584000e-05	-3.928871e-02	1.335947e+01
3.585000e-05	-3.556954e-02	1.327576e+01
3.586000e-05	-3.489657e-02	1.316092e+01
3.587000e-05	-3.657012e-02	1.310561e+01
3.588000e-05	-3.402037e-02	1.298040e+01
3.589000e-05	-2.828679e-02	1.284511e+01
3.590000e-05	-2.715650e-02	1.274980e+01
3.591000e-05	-2.789058e-02	1.262508e+01
3.592000e-05	-2.789776e-02	1.254833e+01
3.593000e-05	-2.479289e-02	1.243158e+01
3.594000e-05	-2.026606e-02	1.229706e+01
3.595000e-05	-2.177064e-02	1.210834e+01
3.596000e-05	-2.188844e-02	1.196258e+01
3.597000e-05	-2.245088e-02	1.187463e+01
3.598000e-05	-1.838651e-02	1.166721e+01
3.599000e-05	-1.761809e-02	1.153564e+01
3.600000e-05	-1.850271e-02	1.133986e+01
3.601000e-05	-1.895153e-02	1.118143e+01
3.602000e-05	-1.679727e-02	1.098651e+01
3.603000e-05	-1.414058e-02	1.083729e+01
3.604000e-05	-1.445180e-02	1.071662e+01
3.605000e-05	-1.660237e-02	1.048779e+01
3.606000e-05	-1.631971e-02	1.032040e+01
3.607000e-05	-1.325780e-02	1.015098e+01
3.608000e-05	-1.253620e-02	9.979926e+00
3.609000e-05	-1.342421e-02	9.740474e+00
3.610000e-05	-1.425834e-02	9.511952e+00
3.611000e-05	-1.219969e-02	9.372523e+00
3.612000e-05	-9.958308e-03	9.201474e+00
3.613000e-05	-1.024525e-02	8.922527e+00
3.614000e-05	-1.251671e-02	8.712527e+00
3.615000e-05	-1.312499e-02	8.523006e+00
3.616000e-05	-1.140348e-02	8.361527e+00
3.617000e-05	-9.815560e-03	8.142473e+00
3.618000e-05	-9.779798e-03	7.909869e+00
3.619000e-05	-1.183575e-02	7.688892e+00
3.620000e-05	-1.109339e-02	7.476142e+00
3.621000e-05	-8.040045e-03	7.205232e+00
3.622000e-05	-7.770778e-03	6.964058e+00
3.623000e-05	-9.602423e-03	6.793604e+00
3.624000e-05	-1.177698e-02	6.511474e+00
3.625000e-05	-1.043726e-02	6.309917e+00
3.626000e-05	-7.483190e-03	6.077942e+00
3.627000e-05	-7.784750e-03	5.794786e+00
3.628000e-05	-8.943458e-03	5.574207e+00
3.629000e-05	-9.396032e-03	5.271998e+00
3.630000e-05	-7.577194e-03	5.015686e+00
3.631000e-05	-5.357665e-03	4.752030e+00
3.632000e-05	-7.385161e-03	4.482576e+00
3.633000e-05	-8.522744e-03	4.269396e+00
3.634000e-05	-8.304807e-03	3.976784e+00
3.635000e-05	-6.559725e-03	3.723231e+00
3.636000e-05	-6.858202e-03	3.542648e+00
3.637000e-05	-7.467591e-03	3.248871e+00
3.638000e-05	-8.007338e-03	2.977838e+00
3.639000e-05	-6.094826e-03	2.724285e+00
3.640000e-05	-4.770418e-03	2.479421e+00
3.641000e-05	-6.000276e-03	2.207814e+00
3.642000e-05	-7.429321e-03	1.957286e+00
3.643000e-05	-6.586162e-03	1.662128e+00
3.644000e-05	-5.368419e-03	1.419470e+00
3.645000e-05	-4.498437e-03	1.133211e+00
3.646000e-05	-5.710408e-03	7.904487e-01
3.647000e-05	-6.443303e-03	5.868908e-01
3.648000e-05	-4.906873e-03	3.252171e-01
3.649000e-05	-2.762573e-03	4.000019e-02
3.650000e-05	9.604270e-04	-1.895800e-01
3.651000e-05	5.381822e-03	-4.500851e-01
3.652000e-05	-5.113244e-03	-6.947895e-01
3.653000e-05	3.729814e-03	-9.473722e-01
3.654000e-05	-3.522420e-03	-1.167851e+00
3.655000e-05	1.033149e-03	-1.462110e+00
3.656000e-05	-2.738597e-03	-1.704714e+00
3.657000e-05	3.963063e-02	-1.894237e+00
3.658000e-05	9.480104e-02	-2.115272e+00
3.659000e-05	-5.188228e-02	-2.566871e+00
3.660000e-05	-2.182304e-02	-2.866213e+00
3.661000e-05	-4.216825e-02	-3.178925e+00
3.662000e-05	-5.486943e-02	-3.368313e+00
3.663000e-05	-3.410087e-02	-3.522664e+00
3.664000e-05	1.709677e-01	-3.621974e+00
3.665000e-05	-1.719617e-01	-3.996875e+00
3.666000e-05	1.087704e-01	-4.199900e+00
3.667000e-05	1.635836e-02	-4.428927e+00
3.668000e-05	-7.382411e-02	-4.724742e+00
3.669000e-05	1.407963e-01	-4.955189e+00
3.670000e-05	-1.585333e-01	-5.281430e+00
3.671000e-05	2.218717e-02	-5.526342e+00
3.672000e-05	3.913594e-02	-5.764666e+00
3.673000e-05	-4.574670e-02	-6.028948e+00
3.674000e-05	1.300958e-01	-6.238803e+00
3.675000e-05	-1.281516e-01	-6.522685e+00
3.676000e-05	8.491376e-02	-6.744662e+00
3.677000e-05	-2.033742e-02	-6.963718e+00
3.678000e-05	-6.514175e-03	-7.259994e+00
3.679000e-05	5.174227e-02	-7.448401e+00
3.680000e-05	-1.175636e-01	-7.691633e+00
3.681000e-05	1.433790e-01	-7.946668e+00
3.682000e-05	-6.844919e-02	-8.165162e+00
3.683000e-05	5.595785e-02	-8.395192e+00
3.684000e-05	-3.176967e-02	-8.613168e+00
3.685000e-05	-2.582411e-02	-8.847845e+00
3.686000e-05	7.139660e-02	-9.027796e+00
3.687000e-05	-4.263529e-02	-9.187796e+00
3.688000e-05	7.219389e-02	-9.446666e+00
3.689000e-05	-7.338977e-02	-9.637820e+00
3.690000e-05	6.309181e-02	-9.805740e+00
3.691000e-05	-1.084347e-02	-9.976664e+00
3.692000e-05	1.736299e-02	-1.021416e+01
3.693000e-05	-7.963436e-03	-1.037209e+01
3.694000e-05	-2.002572e-02	-1.055456e+01
3.695000e-05	5.271884e-02	-1.072148e+01
3.696000e-05	-3.602707e-03	-1.087942e+01
3.697000e-05	3.519123e-02	-1.108625e+01
3.698000e-05	-3.421706e-02	-1.123771e+01
3.699000e-05	3.204277e-02	-1.141571e+01
3.700000e-05	1.589530e-03	-1.160349e+01
3.701000e-05	2.313380e-02	-1.182188e+01
3.702000e-05	-9.593752e-03	-1.191180e+01
3.703000e-05	6.340796e-03	-1.208830e+01
3.704000e-05	2.612051e-02	-1.221416e+01
3.705000e-05	2.241232e-02	-1.233145e+01
3.706000e-05	1.474599e-02	-1.241574e+01
3.707000e-05	-7.430834e-03	-1.267411e+01
3.708000e-05	1.450518e-02	-1.269875e+01
3.709000e-05	1.865899e-02	-1.284516e+01
3.710000e-05	1.989741e-02	-1.296100e+01
3.711000e-05	4.142863e-03	-1.306672e+01
3.712000e-05	1.024836e-02	-1.315198e+01
3.713000e-05	2.171319e-02	-1.323766e+01
3.714000e-05	3.161266e-02	-1.339095e+01
3.715000e-05	1.198781e-02	-1.346503e+01
3.716000e-05	8.567724e-03	-1.353077e+01
3.717000e-05	1.034793e-02	-1.359438e+01
3.718000e-05	2.849550e-02	-1.369724e+01
3.719000e-05	2.451659e-02	-1.376140e+01
3.720000e-05	1.680508e-02	-1.383355e+01
3.721000e-05	1.519872e-02	-1.384517e+01
3.722000e-05	2.612721e-02	-1.394880e+01
3.723000e-05	3.260482e-02	-1.399243e+01
3.724000e-05	2.207176e-02	-1.404361e+01
3.725000e-05	1.706253e-02	-1.411767e+01
3.726000e-05	2.056010e-02	-1.414976e+01
3.727000e-05	3.405122e-02	-1.419890e+01
3.728000e-05	3.405991e-02	-1.422985e+01
3.729000e-05	2.727449e-02	-1.426442e+01
3.730000e-05	2.427587e-02	-1.425353e+01
3.731000e-05	3.301041e-02	-1.427391e+01
3.732000e-05	4.021962e-02	-1.426290e+01
3.733000e-05	3.573934e-02	-1.426248e+01
3.734000e-05	3.240981e-02	-1.427343e+01
3.735000e-05	3.359343e-02	-1.424390e+01
3.736000e-05	4.464939e-02	-1.421138e+01
3.737000e-05	4.690968e-02	-1.422130e+01
3.738000e-05	4.238950e-02	-1.413980e+01
3.739000e-05	3.784721e-02	-1.414769e+01
3.740000e-05	4.407561e-02	-1.398401e+01
3.741000e-05	5.197837e-02	-1.398300e+01
3.742000e-05	4.936141e-02	-1.395040e+01
3.743000e-05	4.145058e-02	-1.388872e+01
3.744000e-05	3.931519e-02	-1.386616e+01
3.745000e-05	4.568784e-02	-1.378301e+01
3.746000e-05	4.706970e-02	-1.372942e+01
3.747000e-05	3.955410e-02	-1.363521e+01
3.748000e-05	3.230991e-02	-1.360339e+01
3.749000e-05	3.353126e-02	-1.353864e+01
3.750000e-05	3.747610e-02	-1.348201e+01
3.751000e-05	3.487221e-02	-1.334779e+01
3.752000e-05	2.532219e-02	-1.318311e+01
3.753000e-05	2.279243e-02	-1.309882e+01
3.754000e-05	2.528203e-02	-1.304514e+01
3.755000e-05	2.636165e-02	-1.294137e+01
3.756000e-05	2.061254e-02	-1.286458e+01
3.757000e-05	1.408236e-02	-1.270824e+01
3.758000e-05	1.514463e-02	-1.257000e+01
3.759000e-05	1.998281e-02	-1.241618e+01
3.760000e-05	1.841940e-02	-1.231979e+01
3.761000e-05	1.162950e-02	-1.220151e+01
3.762000e-05	8.330576e-03	-1.205398e+01
3.763000e-05	1.138747e-02	-1.191761e+01
3.764000e-05	1.396780e-02	-1.176927e+01
3.765000e-05	1.091168e-02	-1.152940e+01
3.766000e-05	6.640962e-03	-1.136327e+01
3.767000e-05	6.641129e-03	-1.117193e+01
3.768000e-05	1.009936e-02	-1.100456e+01
3.769000e-05	1.044503e-02	-1.083777e+01
3.770000e-05	5.065643e-03	-1.071035e+01
3.771000e-05	2.482676e-03	-1.058940e+01
3.772000e-05	4.735516e-03	-1.040190e+01
3.773000e-05	7.370405e-03	-1.012153e+01
3.774000e-05	5.844394e-03	-9.962026e+00
3.775000e-05	1.818064e-03	-9.814510e+00
3.776000e-05	1.851812e-03	-9.614207e+00
3.777000e-05	3.576844e-03	-9.414504e+00
3.778000e-05	4.874569e-03	-9.205132e+00
3.779000e-05	2.192259e-03	-9.035213e+00
3.780000e-05	-8.933861e-04	-8.855634e+00
3.781000e-05	6.677289e-04	-8.605554e+00
3.782000e-05	3.614417e-03	-8.373603e+00
3.783000e-05	3.011424e-03	-8.164511e+00
3.784000e-05	-3.459438e-04	-7.992950e+00
3.785000e-05	-8.380514e-04	-7.701417e+00
3.786000e-05	5.120423e-04	-7.459666e+00
3.787000e-05	2.329438e-03	-7.217315e+00
3.788000e-05	-1.837368e-04	-7.005605e+00
3.789000e-05	-3.096211e-03	-6.764584e+00
3.790000e-05	-2.510837e-03	-6.544057e+00
3.791000e-05	-1.030452e-04	-6.310368e+00
3.792000e-05	-6.051190e-04	-6.059367e+00
3.793000e-05	-2.490393e-03	-5.815637e+00
3.794000e-05	-4.067347e-03	-5.574757e+00
3.795000e-05	-1.235553e-03	-5.292477e+00
3.796000e-05	-1.651631e-03	-5.067358e+00
3.797000e-05	-1.327371e-03	-4.673955e+00
3.798000e-05	-4.456639e-03	-4.482480e+00
3.799000e-05	-3.731267e-03	-4.301100e+00
3.800000e-05	-2.556221e-03	-4.030395e+00
3.801000e-05	-2.465440e-03	-3.776741e+00
3.802000e-05	-4.464949e-03	-3.522233e+00
3.803000e-05	-6.325120e-03	-3.263055e+00
3.804000e-05	-3.771027e-03	-3.039913e+00
3.805000e-05	-3.442059e-03	-2.744813e+00
3.806000e-05	-2.917180e-03	-2.494505e+00
3.807000e-05	-5.683931e-03	-2.269949e+00
3.808000e-05	-4.266102e-03	-1.958317e+00
3.809000e-05	-5.081224e-03	-1.695736e+00
3.810000e-05	-4.893337e-03	-1.491150e+00
3.811000e-05	-7.166301e-03	-1.156836e+00
3.812000e-05	-7.240648e-03	-8.957055e-01
3.813000e-05	-6.862485e-03	-6.414702e-01
3.814000e-05	-2.044048e-03	-3.673146e-01
3.815000e-05	-2.552298e-03	-1.157369e-01
3.816000e-05	9.848229e-04	9.524223e-02
3.817000e-05	1.833139e-03	3.990251e-01
3.818000e-05	-2.844606e-03	6.320815e-01
3.819000e-05	2.067623e-03	8.612077e-01
3.820000e-05	-5.345261e-03	1.146872e+00
3.821000e-05	-3.716160e-03	1.359027e+00
3.822000e-05	-4.975581e-03	1.674390e+00
3.823000e-05	1.743743e-02	1.894214e+00
3.824000e-05	6.282328e-02	2.114818e+00
3.825000e-05	3.259341e-02	2.410080e+00
3.826000e-05	-7.382953e-02	2.776371e+00
3.827000e-05	-2.441530e-02	3.050976e+00
3.828000e-05	-3.398854e-02	3.262529e+00
3.829000e-05	-5.947517e-02	3.513160e+00
3.830000e-05	-2.866207e-02	3.661555e+00
3.831000e-05	1.278713e-01	3.872034e+00
3.832000e-05	-1.379989e-01	4.155762e+00
3.833000e-05	7.481008e-02	4.358849e+00
3.834000e-05	6.577893e-02	4.629579e+00
3.835000e-05	-8.092174e-02	4.911060e+00
3.836000e-05	5.794615e-02	5.176422e+00
3.837000e-05	-7.852816e-02	5.472581e+00
3.838000e-05	6.076419e-03	5.733034e+00
3.839000e-05	1.213051e-02	5.975768e+00
3.840000e-05	-2.343439e-02	6.197346e+00
3.841000e-05	2.495853e-02	6.438399e+00
3.842000e-05	-4.125027e-02	6.701059e+00
3.843000e-05	1.771277e-02	6.913609e+00
3.844000e-05	-1.955081e-02	7.185716e+00
3.845000e-05	-3.747367e-03	7.436240e+00
3.846000e-05	5.103125e-03	7.620376e+00
3.847000e-05	-4.906152e-02	7.932481e+00
3.848000e-05	5.456280e-02	8.194536e+00
3.849000e-05	-3.830235e-02	8.363611e+00
3.850000e-05	-1.238930e-03	8.542057e+00
3.851000e-05	-2.568545e-02	8.741612e+00
3.852000e-05	-6.254415e-03	8.982005e+00
3.853000e-05	3.647805e-03	9.182483e+00
3.854000e-05	-1.342881e-02	9.394134e+00
3.855000e-05	4.469577e-04	9.561535e+00
3.856000e-05	-2.614906e-02	9.781454e+00
3.857000e-05	8.640933e-03	9.931907e+00
3.858000e-05	-1.839131e-02	1.016158e+01
3.859000e-05	-1.473274e-02	1.030085e+01
3.860000e-05	-2.367684e-02	1.050885e+01
3.861000e-05	-9.030223e-03	1.072777e+01
3.862000e-05	-1.006384e-03	1.082734e+01
3.863000e-05	-7.652327e-03	1.102369e+01
3.864000e-05	-1.585523e-02	1.109055e+01
3.865000e-05	-1.939427e-02	1.141045e+01
3.866000e-05	-9.242752e-03	1.155988e+01
3.867000e-05	-1.488331e-02	1.170925e+01
3.868000e-05	-1.685615e-02	1.182726e+01
3.869000e-05	-2.321134e-02	1.200298e+01
3.870000e-05	-1.232267e-02	1.214087e+01
3.871000e-05	-1.030969e-02	1.228622e+01
3.872000e-05	-1.130395e-02	1.242361e+01
3.873000e-05	-2.335542e-02	1.253087e+01
3.874000e-05	-2.157036e-02	1.264572e+01
3.875000e-05	-1.691678e-02	1.273195e+01
3.876000e-05	-1.638200e-02	1.285476e+01
3.877000e-05	-2.151146e-02	1.299147e+01
3.878000e-05	-2.713760e-02	1.311819e+01
3.879000e-05	-2.042729e-02	1.318190e+01
3.880000e-05	-1.910381e-02	1.329686e+01
3.881000e-05	-1.748890e-02	1.336395e+01
3.882000e-05	-2.817717e-02	1.345711e+01
3.883000e-05	-2.537773e-02	1.351987e+01
3.884000e-05	-2.474979e-02	1.356303e+01
3.885000e-05	-2.111775e-02	1.366876e+01
3.886000e-05	-2.821906e-02	1.379842e+01
3.887000e-05	-3.201862e-02	1.385398e+01
3.888000e-05	-3.032356e-02	1.387506e+01
3.889000e-05	-2.725545e-02	1.392767e+01
3.890000e-05	-2.705673e-02	1.396038e+01
3.891000e-05	-3.491301e-02	1.402143e+01
3.892000e-05	-3.381641e-02	1.404621e+01
3.893000e-05	-3.308731e-02	1.411516e+01
3.894000e-05	-2.982865e-02	1.411779e+01
3.895000e-05	-3.591694e-02	1.413832e+01
3.896000e-05	-4.157049e-02	1.415242e+01
3.897000e-05	-4.111763e-02	1.416037e+01
3.898000e-05	-3.980985e-02	1.418985e+01
3.899000e-05	-3.952100e-02	1.419043e+01
3.900000e-05	-4.522633e-02	1.416032e+01
3.901000e-05	-4.668555e-02	1.415782e+01
3.902000e-05	-4.765263e-02	1.415029e+01
3.903000e-05	-4.559785e-02	1.410566e+01
3.904000e-05	-5.068071e-02	1.410466e+01
3.905000e-05	-5.461138e-02	1.406406e+01
3.906000e-05	-5.459559e-02	1.400188e+01
3.907000e-05	-5.122268e-02	1.397022e+01
3.908000e-05	-5.064387e-02	1.390607e+01
3.909000e-05	-5.401623e-02	1.385500e+01
3.910000e-05	-5.407595e-02	1.381997e+01
3.911000e-05	-5.190700e-02	1.371927e+01
3.912000e-05	-4.710320e-02	1.366558e+01
3.913000e-05	-4.688028e-02	1.360390e+01
3.914000e-05	-4.620440e-02	1.350624e+01
3.915000e-05	-4.485299e-02	1.341456e+01
3.916000e-05	-3.967503e-02	1.334090e+01
3.917000e-05	-3.592512e-02	1.323568e+01
3.918000e-05	-3.628937e-02	1.313822e+01
3.919000e-05	-3.555983e-02	1.306653e+01
3.920000e-05	-3.277540e-02	1.294892e+01
3.921000e-05	-2.836080e-02	1.281504e+01
3.922000e-05	-2.807305e-02	1.272935e+01
3.923000e-05	-2.824340e-02	1.262361e+01
3.924000e-05	-2.622282e-02	1.250837e+01
3.925000e-05	-2.440858e-02	1.237098e+01
3.926000e-05	-2.099754e-02	1.224556e+01
3.927000e-05	-2.192981e-02	1.210832e+01
3.928000e-05	-2.174601e-02	1.196148e+01
3.929000e-05	-2.179351e-02	1.180299e+01
3.930000e-05	-1.851271e-02	1.164508e+01
3.931000e-05	-1.902346e-02	1.147714e+01
3.932000e-05	-1.855228e-02	1.127929e+01
3.933000e-05	-1.897038e-02	1.113940e+01
3.934000e-05	-1.577076e-02	1.101353e+01
3.935000e-05	-1.400419e-02	1.085518e+01
3.936000e-05	-1.526346e-02	1.066606e+01
3.937000e-05	-1.624679e-02	1.049731e+01
3.938000e-05	-1.512036e-02	1.029982e+01
3.939000e-05	-1.224546e-02	1.013893e+01
3.940000e-05	-1.226710e-02	9.940218e+00
3.941000e-05	-1.384338e-02	9.699370e+00
3.942000e-05	-1.496949e-02	9.520922e+00
3.943000e-05	-1.299081e-02	9.351032e+00
3.944000e-05	-1.165858e-02	9.110523e+00
3.945000e-05	-1.080510e-02	8.890526e+00
3.946000e-05	-1.247548e-02	8.752493e+00
3.947000e-05	-1.209243e-02	8.542049e+00
3.948000e-05	-1.090792e-02	8.332975e+00
3.949000e-05	-9.825207e-03	8.069941e+00
3.950000e-05	-1.073406e-02	7.878820e+00
3.951000e-05	-1.176296e-02	7.677361e+00
3.952000e-05	-1.026603e-02	7.395087e+00
3.953000e-05	-8.709284e-03	7.154658e+00
3.954000e-05	-9.400429e-03	6.942554e+00
3.955000e-05	-9.746554e-03	6.732498e+00
3.956000e-05	-1.031865e-02	6.428944e+00
3.957000e-05	-8.020728e-03	6.269815e+00
3.958000e-05	-7.824277e-03	6.047361e+00
3.959000e-05	-8.222075e-03	5.754558e+00
3.960000e-05	-9.726913e-03	5.532154e+00
3.961000e-05	-9.227468e-03	5.280446e+00
3.962000e-05	-8.283531e-03	4.943058e+00
3.963000e-05	-7.302000e-03	4.701976e+00
3.964000e-05	-8.169580e-03	4.470001e+00
3.965000e-05	-7.798301e-03	4.208792e+00
3.966000e-05	-7.370578e-03	3.943659e+00
3.967000e-05	-5.702948e-03	3.722130e+00
3.968000e-05	-6.102327e-03	3.479496e+00
3.969000e-05	-6.709024e-03	3.147840e+00
3.970000e-05	-7.083855e-03	2.955739e+00
3.971000e-05	-6.429225e-03	2.725101e+00
3.972000e-05	-5.185931e-03	2.409342e+00
3.973000e-05	-6.392884e-03	2.167290e+00
3.974000e-05	-6.921898e-03	1.934686e+00
3.975000e-05	-6.295702e-03	1.631998e+00
3.976000e-05	-5.127714e-03	1.378891e+00
3.977000e-05	-5.593639e-03	1.122583e+00
3.978000e-05	-5.915971e-03	7.979161e-01
3.979000e-05	-5.697846e-03	5.548121e-01
3.980000e-05	-4.550016e-03	2.936596e-01
3.981000e-05	-2.700444e-03	2.092001e-02
3.982000e-05	1.369289e-03	-2.321328e-01
3.983000e-05	3.835568e-03	-4.420852e-01
3.984000e-05	-4.793290e-03	-7.273659e-01
3.985000e-05	2.829254e-03	-9.569472e-01
3.986000e-05	-2.635707e-03	-1.190029e+00
3.987000e-05	6.843062e-04	-1.506237e+00
3.988000e-05	1.005659e-03	-1.706291e+00
3.989000e-05	4.725940e-02	-1.935293e+00
3.990000e-05	8.833470e-02	-2.170455e+00
3.991000e-05	-6.520916e-02	-2.608374e+00
3.992000e-05	-1.370407e-02	-2.914242e+00
3.993000e-05	-4.944898e-02	-3.229975e+00
3.994000e-05	-5.936454e-02	-3.367296e+00
3.995000e-05	-7.914994e-03	-3.534663e+00
3.996000e-05	1.539532e-01	-3.653083e+00
3.997000e-05	-1.816547e-01	-4.020550e+00
3.998000e-05	1.543637e-01	-4.240974e+00
3.999000e-05	-3.245352e-02	-4.449483e+00
4.000000e-05	-2.794614e-02	-4.756442e+00
4.001000e-05	1.166752e-01	-4.996769e+00
4.002000e-05	-1.693659e-01	-5.332156e+00
4.003000e-05	5.428257e-02	-5.577791e+00
4.004000e-05	6.437278e-03	-5.766719e+00
4.005000e-05	-1.799645e-02	-6.129451e+00
4.006000e-05	1.109712e-01	-6.259979e+00
4.007000e-05	-1.313175e-01	-6.534739e+00
4.008000e-05	1.055005e-01	-6.785317e+00
4.009000e-05	-4.882729e-02	-7.024293e+00
4.010000e-05	2.585688e-02	-7.311504e+00
4.011000e-05	1.921204e-02	-7.461351e+00
4.012000e-05	-9.563832e-02	-7.773610e+00
4.013000e-05	1.415567e-01	-8.008797e+00
4.014000e-05	-8.363191e-02	-8.208295e+00
4.015000e-05	7.787476e-02	-8.386247e+00
4.016000e-05	-6.025498e-02	-8.626717e+00
4.017000e-05	4.264290e-03	-8.870394e+00
4.018000e-05	5.184036e-02	-9.057372e+00
4.019000e-05	-2.869283e-02	-9.267820e+00
4.020000e-05	6.200564e-02	-9.466743e+00
4.021000e-05	-7.358133e-02	-9.650348e+00
4.022000e-05	7.193319e-02	-9.828790e+00
4.023000e-05	-2.558946e-02	-1.001519e+01
4.024000e-05	2.996870e-02	-1.023764e+01
4.025000e-05	-2.217525e-02	-1.039622e+01
4.026000e-05	-3.850894e-03	-1.059619e+01
4.027000e-05	4.404326e-02	-1.077308e+01
4.028000e-05	1.050580e-03	-1.093997e+01
4.029000e-05	3.107989e-02	-1.106977e+01
4.030000e-05	-3.275727e-02	-1.127877e+01
4.031000e-05	3.550523e-02	-1.142572e+01
4.032000e-05	-2.695364e-03	-1.160254e+01
4.033000e-05	2.650652e-02	-1.181498e+01
4.034000e-05	-1.319326e-02	-1.195085e+01
4.035000e-05	1.224007e-02	-1.210995e+01
4.036000e-05	2.230277e-02	-1.223566e+01
4.037000e-05	2.381363e-02	-1.234298e+01
4.038000e-05	1.149746e-02	-1.252930e+01
4.039000e-05	-4.882947e-03	-1.266409e+01
4.040000e-05	1.684062e-02	-1.276182e+01
4.041000e-05	1.716795e-02	-1.289822e+01
4.042000e-05	2.079520e-02	-1.298255e+01
4.043000e-05	1.403478e-03	-1.308877e+01
4.044000e-05	1.210298e-02	-1.318348e+01
4.045000e-05	2.176368e-02	-1.324716e+01
4.046000e-05	2.850381e-02	-1.336185e+01
4.047000e-05	1.298276e-02	-1.346456e+01
4.048000e-05	9.943923e-03	-1.350932e+01
4.049000e-05	1.682732e-02	-1.362443e+01
4.050000e-05	2.927536e-02	-1.368727e+01
4.051000e-05	2.297683e-02	-1.376195e+01
4.052000e-05	1.336000e-02	-1.380454e+01
4.053000e-05	1.286231e-02	-1.386621e+01
4.054000e-05	2.491211e-02	-1.393982e+01
4.055000e-05	3.052976e-02	-1.395300e+01
4.056000e-05	2.343971e-02	-1.409353e+01
4.057000e-05	1.972045e-02	-1.409606e+01
4.058000e-05	2.488981e-02	-1.417979e+01
4.059000e-05	3.584973e-02	-1.417929e+01
4.060000e-05	3.242519e-02	-1.419983e+01
4.061000e-05	2.429214e-02	-1.423242e+01
4.062000e-05	2.365942e-02	-1.427245e+01
4.063000e-05	3.391943e-02	-1.425353e+01
4.064000e-05	4.075606e-02	-1.427456e+01
4.065000e-05	3.663169e-02	-1.427390e+01
4.066000e-05	3.127493e-02	-1.426296e+01
4.067000e-05	3.630412e-02	-1.423243e+01
4.068000e-05	4.708554e-02	-1.420200e+01
4.069000e-05	4.498945e-02	-1.418990e+01
4.070000e-05	3.860959e-02	-1.415972e+01
4.071000e-05	3.795728e-02	-1.410611e+01
4.072000e-05	4.617865e-02	-1.404458e+01
4.073000e-05	5.257952e-02	-1.396403e+01
4.074000e-05	4.733430e-02	-1.396989e+01
4.075000e-05	4.057993e-02	-1.387726e+01
4.076000e-05	4.163391e-02	-1.386556e+01
4.077000e-05	4.766838e-02	-1.376348e+01
4.078000e-05	4.580334e-02	-1.369839e+01
4.079000e-05	3.822746e-02	-1.365573e+01
4.080000e-05	3.266154e-02	-1.355128e+01
4.081000e-05	3.549214e-02	-1.351709e+01
4.082000e-05	3.752670e-02	-1.342303e+01
4.083000e-05	3.128052e-02	-1.333679e+01
4.084000e-05	2.296439e-02	-1.322503e+01
4.085000e-05	2.232965e-02	-1.311832e+01
4.086000e-05	2.671753e-02	-1.301306e+01
4.087000e-05	2.596576e-02	-1.293032e+01
4.088000e-05	1.958000e-02	-1.280440e+01
4.089000e-05	1.476802e-02	-1.270816e+01
4.090000e-05	1.770201e-02	-1.262187e+01
4.091000e-05	1.990297e-02	-1.242506e+01
4.092000e-05	1.776218e-02	-1.230877e+01
4.093000e-05	1.001337e-02	-1.218198e+01
4.094000e-05	9.221628e-03	-1.203406e+01
4.095000e-05	1.345481e-02	-1.185456e+01
4.096000e-05	1.435642e-02	-1.172824e+01
4.097000e-05	9.778612e-03	-1.152882e+01
4.098000e-05	5.790471e-03	-1.141017e+01
4.099000e-05	6.615536e-03	-1.116750e+01
4.100000e-05	1.025654e-02	-1.096403e+01
4.101000e-05	9.026000e-03	-1.083629e+01
4.102000e-05	3.485815e-03	-1.069074e+01
4.103000e-05	2.648802e-03	-1.053940e+01
4.104000e-05	5.300936e-03	-1.032135e+01
4.105000e-05	7.909212e-03	-1.008036e+01
4.106000e-05	4.840504e-03	-9.921975e+00
4.107000e-05	8.668001e-04	-9.764059e+00
4.108000e-05	2.636892e-03	-9.604083e+00
4.109000e-05	5.329030e-03	-9.393004e+00
4.110000e-05	4.559125e-03	-9.164133e+00
4.111000e-05	1.005915e-03	-9.006108e+00
4.112000e-05	-9.884259e-04	-8.764004e+00
4.113000e-05	1.938321e-03	-8.554003e+00
4.114000e-05	3.777452e-03	-8.344055e+00
4.115000e-05	1.311212e-03	-8.144104e+00
4.116000e-05	-2.261810e-03	-7.951346e+00
4.117000e-05	-1.151328e-03	-7.670340e+00
4.118000e-05	1.371194e-03	-7.456837e+00
4.119000e-05	1.665828e-03	-7.195833e+00
4.120000e-05	-1.104857e-03	-6.975634e+00
4.121000e-05	-2.594809e-03	-6.701031e+00
4.122000e-05	-5.275129e-04	-6.503028e+00
4.123000e-05	5.504916e-04	-6.287817e+00
4.124000e-05	-1.174849e-03	-6.028241e+00
4.125000e-05	-3.609934e-03	-5.785159e+00
4.126000e-05	-4.446893e-03	-5.603652e+00
4.127000e-05	-8.210500e-04	-5.258896e+00
4.128000e-05	-1.195751e-03	-5.005580e+00
4.129000e-05	-1.957526e-03	-4.671051e+00
4.130000e-05	-4.507247e-03	-4.481551e+00
4.131000e-05	-3.752919e-03	-4.260469e+00
4.132000e-05	-1.715848e-03	-3.999895e+00
4.133000e-05	-3.952742e-03	-3.785614e+00
4.134000e-05	-5.816407e-03	-3.522154e+00
4.135000e-05	-7.531050e-03	-3.282450e+00
4.136000e-05	-2.743199e-03	-2.976817e+00
4.137000e-05	-3.122169e-03	-2.754629e+00
4.138000e-05	-3.077960e-03	-2.493105e+00
4.139000e-05	-6.622026e-03	-2.209915e+00
4.140000e-05	-3.732000e-03	-1.916262e+00
4.141000e-05	-4.116601e-03	-1.704156e+00
4.142000e-05	-4.265732e-03	-1.440015e+00
4.143000e-05	-7.373696e-03	-1.105254e+00
4.144000e-05	-7.823491e-03	-8.741302e-01
4.145000e-05	-6.301554e-03	-5.898709e-01
4.146000e-05	-3.737718e-03	-3.358119e-01
4.147000e-05	-3.642685e-03	-8.463560e-02
4.148000e-05	2.579373e-03	1.585034e-01
4.149000e-05	7.065198e-04	4.330565e-01
4.150000e-05	-5.649184e-04	6.531343e-01
4.151000e-05	1.829643e-04	8.832379e-01
4.152000e-05	-4.857648e-03	1.187974e+00
4.153000e-05	-4.169335e-03	1.442634e+00
4.154000e-05	-1.624511e-03	1.715920e+00
4.155000e-05	2.151080e-02	1.935220e+00
4.156000e-05	6.916920e-02	2.147398e+00
4.157000e-05	1.200268e-02	2.471160e+00
4.158000e-05	-6.841671e-02	2.818474e+00
4.159000e-05	-2.604605e-02	3.050007e+00
4.160000e-05	-3.082212e-02	3.280532e+00
4.161000e-05	-7.099122e-02	3.523688e+00
4.162000e-05	-3.544882e-03	3.663130e+00
4.163000e-05	1.161688e-01	3.933112e+00
4.164000e-05	-1.536411e-01	4.177265e+00
4.165000e-05	1.180738e-01	4.418475e+00
4.166000e-05	2.282684e-02	4.701628e+00
4.167000e-05	-6.046848e-02	4.925164e+00
4.168000e-05	4.975645e-02	5.220525e+00
4.169000e-05	-8.077461e-02	5.511134e+00
4.170000e-05	1.904140e-02	5.713610e+00
4.171000e-05	1.614845e-03	6.007347e+00
4.172000e-05	-1.501038e-02	6.237496e+00
4.173000e-05	2.185648e-02	6.430451e+00
4.174000e-05	-4.143224e-02	6.744188e+00
4.175000e-05	2.112727e-02	6.975161e+00
4.176000e-05	-3.014507e-02	7.185768e+00
4.177000e-05	6.460058e-03	7.447169e+00
4.178000e-05	-5.593302e-03	7.680476e+00
4.179000e-05	-3.896264e-02	7.961975e+00
4.180000e-05	5.307896e-02	8.175264e+00
4.181000e-05	-4.662597e-02	8.365716e+00
4.182000e-05	7.678268e-03	8.574109e+00
4.183000e-05	-3.104270e-02	8.774713e+00
4.184000e-05	3.853122e-04	9.001107e+00
4.185000e-05	-2.040400e-03	9.135108e+00
4.186000e-05	-8.327326e-03	9.394686e+00
4.187000e-05	-2.056287e-04	9.553611e+00
4.188000e-05	-2.378137e-02	9.793128e+00
4.189000e-05	6.108964e-03	9.963459e+00
4.190000e-05	-2.366421e-02	1.017156e+01
4.191000e-05	-1.288551e-02	1.031001e+01
4.192000e-05	-2.451684e-02	1.052092e+01
4.193000e-05	-6.820288e-03	1.071885e+01
4.194000e-05	-1.647398e-03	1.083772e+01
4.195000e-05	-5.996402e-03	1.102722e+01
4.196000e-05	-1.446756e-02	1.119314e+01
4.197000e-05	-2.062106e-02	1.138248e+01
4.198000e-05	-1.107739e-02	1.153187e+01
4.199000e-05	-1.964549e-02	1.172147e+01
4.200000e-05	-1.644797e-02	1.188887e+01
4.201000e-05	-2.310463e-02	1.198414e+01
4.202000e-05	-9.272111e-03	1.218045e+01
4.203000e-05	-8.709378e-03	1.227777e+01
4.204000e-05	-1.001676e-02	1.241311e+01
4.205000e-05	-2.261659e-02	1.255098e+01
4.206000e-05	-2.327646e-02	1.264674e+01
4.207000e-05	-1.963696e-02	1.276145e+01
4.208000e-05	-1.943404e-02	1.289675e+01
4.209000e-05	-2.307368e-02	1.302400e+01
4.210000e-05	-2.542919e-02	1.312774e+01
4.211000e-05	-1.873960e-02	1.317351e+01
4.212000e-05	-1.725123e-02	1.331884e+01
4.213000e-05	-1.674577e-02	1.338150e+01
4.214000e-05	-2.620973e-02	1.346667e+01
4.215000e-05	-2.567980e-02	1.351935e+01
4.216000e-05	-2.503280e-02	1.360306e+01
4.217000e-05	-2.371666e-02	1.372679e+01
4.218000e-05	-2.789370e-02	1.380047e+01
4.219000e-05	-3.225388e-02	1.385350e+01
4.220000e-05	-3.036790e-02	1.386606e+01
4.221000e-05	-2.720459e-02	1.392667e+01
4.222000e-05	-2.648877e-02	1.397990e+01
4.223000e-05	-3.321284e-02	1.404398e+01
4.224000e-05	-3.338643e-02	1.405311e+01
4.225000e-05	-3.387481e-02	1.414827e+01
4.226000e-05	-3.233645e-02	1.412632e+01
4.227000e-05	-3.645383e-02	1.414044e+01
4.228000e-05	-4.178475e-02	1.416938e+01
4.229000e-05	-4.125287e-02	1.417937e+01
4.230000e-05	-3.964217e-02	1.422988e+01
4.231000e-05	-3.876554e-02	1.416997e+01
4.232000e-05	-4.315361e-02	1.421137e+01
4.233000e-05	-4.621279e-02	1.416740e+01
4.234000e-05	-4.740736e-02	1.412732e+01
4.235000e-05	-4.741876e-02	1.413623e+01
4.236000e-05	-5.178252e-02	1.407506e+01
4.237000e-05	-5.560703e-02	1.405350e+01
4.238000e-05	-5.496315e-02	1.401042e+01
4.239000e-05	-5.251236e-02	1.399717e+01
4.240000e-05	-5.046999e-02	1.391664e+01
4.241000e-05	-5.251112e-02	1.385398e+01
4.242000e-05	-5.249294e-02	1.382140e+01
4.243000e-05	-5.075441e-02	1.372630e+01
4.244000e-05	-4.755112e-02	1.364308e+01
4.245000e-05	-4.683771e-02	1.356040e+01
4.246000e-05	-4.557122e-02	1.349671e+01
4.247000e-05	-4.395789e-02	1.342503e+01
4.248000e-05	-4.043036e-02	1.334992e+01
4.249000e-05	-3.565361e-02	1.325311e+01
4.250000e-05	-3.524047e-02	1.315087e+01
4.251000e-05	-3.400326e-02	1.306406e+01
4.252000e-05	-3.169417e-02	1.292835e+01
4.253000e-05	-2.897164e-02	1.281556e+01
4.254000e-05	-2.804818e-02	1.270032e+01
4.255000e-05	-2.844571e-02	1.262206e+01
4.256000e-05	-2.616438e-02	1.251935e+01
4.257000e-05	-2.601051e-02	1.239087e+01
4.258000e-05	-2.116499e-02	1.226256e+01
4.259000e-05	-2.286647e-02	1.209662e+01
4.260000e-05	-1.962154e-02	1.191040e+01
4.261000e-05	-2.065248e-02	1.180358e+01
4.262000e-05	-1.801766e-02	1.164413e+01
4.263000e-05	-1.860301e-02	1.146356e+01
4.264000e-05	-1.840548e-02	1.124716e+01
4.265000e-05	-1.836003e-02	1.113992e+01
4.266000e-05	-1.747867e-02	1.099253e+01
4.267000e-05	-1.592437e-02	1.082411e+01
4.268000e-05	-1.661491e-02	1.063661e+01
4.269000e-05	-1.509496e-02	1.041466e+01
4.270000e-05	-1.545357e-02	1.026879e+01
4.271000e-05	-1.310510e-02	1.007887e+01
4.272000e-05	-1.238601e-02	9.887767e+00
4.273000e-05	-1.327175e-02	9.688343e+00
4.274000e-05	-1.384758e-02	9.490370e+00
4.275000e-05	-1.219668e-02	9.309973e+00
4.276000e-05	-1.159199e-02	9.139896e+00
4.277000e-05	-1.192105e-02	8.898371e+00
4.278000e-05	-1.206731e-02	8.699394e+00
4.279000e-05	-1.249667e-02	8.510920e+00
4.280000e-05	-9.921352e-03	8.308970e+00
4.281000e-05	-9.440873e-03	8.098868e+00
4.282000e-05	-1.034061e-02	7.847264e+00
4.283000e-05	-1.098731e-02	7.636185e+00
4.284000e-05	-9.597972e-03	7.363033e+00
4.285000e-05	-8.983420e-03	7.112454e+00
4.286000e-05	-9.601440e-03	6.921976e+00
4.287000e-05	-1.022642e-02	6.699396e+00
4.288000e-05	-1.039377e-02	6.427240e+00
4.289000e-05	-8.771816e-03	6.217262e+00
4.290000e-05	-7.483265e-03	6.004731e+00
4.291000e-05	-7.989116e-03	5.742532e+00
4.292000e-05	-8.998143e-03	5.502076e+00
4.293000e-05	-7.760749e-03	5.245342e+00
4.294000e-05	-6.950257e-03	4.933057e+00
4.295000e-05	-7.201167e-03	4.670450e+00
4.296000e-05	-8.121278e-03	4.439895e+00
4.297000e-05	-8.373772e-03	4.164286e+00
4.298000e-05	-7.390365e-03	3.912633e+00
4.299000e-05	-6.396489e-03	3.672128e+00
4.300000e-05	-6.635367e-03	3.440320e+00
4.301000e-05	-7.075654e-03	3.156236e+00
4.302000e-05	-6.783032e-03	2.921230e+00
4.303000e-05	-5.843621e-03	2.681528e+00
4.304000e-05	-5.831143e-03	2.407788e+00
4.305000e-05	-6.534888e-03	2.124758e+00
4.306000e-05	-6.230537e-03	1.901704e+00
4.307000e-05	-6.677116e-03	1.658971e+00
4.308000e-05	-5.943083e-03	1.347288e+00
4.309000e-05	-4.956188e-03	1.101574e+00
4.310000e-05	-4.495526e-03	7.378886e-01
4.311000e-05	-4.324384e-03	5.342342e-01
4.312000e-05	-4.352924e-03	2.910489e-01
4.313000e-05	-2.493580e-03	-2.158150e-02
4.314000e-05	3.148728e-03	-2.741106e-01
4.315000e-05	2.446766e-03	-4.847428e-01
4.316000e-05	-2.884721e-03	-7.894236e-01
4.317000e-05	8.752462e-04	-1.019574e+00
4.318000e-05	-2.575995e-03	-1.201534e+00
4.319000e-05	-3.438926e-04	-1.527363e+00
4.320000e-05	4.103535e-03	-1.735292e+00
4.321000e-05	5.677872e-02	-1.937368e+00
4.322000e-05	7.734647e-02	-2.239506e+00
4.323000e-05	-7.107845e-02	-2.641031e+00
4.324000e-05	-8.161875e-03	-2.965798e+00
4.325000e-05	-5.204289e-02	-3.211454e+00
4.326000e-05	-6.394439e-02	-3.399374e+00
4.327000e-05	2.392713e-02	-3.524763e+00
4.328000e-05	1.214726e-01	-3.714165e+00
4.329000e-05	-1.741211e-01	-4.051130e+00
4.330000e-05	1.859236e-01	-4.230979e+00
4.331000e-05	-7.711491e-02	-4.493130e+00
4.332000e-05	1.818300e-02	-4.808874e+00
4.333000e-05	8.178054e-02	-4.986873e+00
4.334000e-05	-1.688128e-01	-5.354609e+00
4.335000e-05	8.122819e-02	-5.559271e+00
4.336000e-05	-2.175538e-02	-5.797297e+00
4.337000e-05	1.536950e-02	-6.100559e+00
4.338000e-05	8.111312e-02	-6.323080e+00
4.339000e-05	-1.219199e-01	-6.575269e+00
4.340000e-05	1.170549e-01	-6.747345e+00
4.341000e-05	-7.124448e-02	-7.057249e+00
4.342000e-05	5.558250e-02	-7.323056e+00
4.343000e-05	-1.709615e-02	-7.469951e+00
4.344000e-05	-6.270693e-02	-7.785714e+00
4.345000e-05	1.306875e-01	-7.997272e+00
4.346000e-05	-8.872360e-02	-8.227821e+00
4.347000e-05	8.690749e-02	-8.417870e+00
4.348000e-05	-8.438227e-02	-8.657849e+00
4.349000e-05	3.417190e-02	-8.858974e+00
4.350000e-05	3.103938e-02	-9.080874e+00
4.351000e-05	-1.080681e-02	-9.289398e+00
4.352000e-05	4.682020e-02	-9.488842e+00
4.353000e-05	-6.744431e-02	-9.690401e+00
4.354000e-05	7.794875e-02	-9.859346e+00
4.355000e-05	-3.374590e-02	-1.000727e+01
4.356000e-05	3.657534e-02	-1.028769e+01
4.357000e-05	-3.702717e-02	-1.045677e+01
4.358000e-05	1.427136e-02	-1.062574e+01
4.359000e-05	3.666564e-02	-1.075453e+01
4.360000e-05	7.186538e-03	-1.093145e+01
4.361000e-05	2.150902e-02	-1.112835e+01
4.362000e-05	-2.855219e-02	-1.125987e+01
4.363000e-05	3.801780e-02	-1.150819e+01
4.364000e-05	-3.495478e-03	-1.163564e+01
4.365000e-05	2.440628e-02	-1.182403e+01
4.366000e-05	-1.862821e-02	-1.193193e+01
4.367000e-05	1.862574e-02	-1.209085e+01
4.368000e-05	2.208922e-02	-1.224619e+01
4.369000e-05	2.651546e-02	-1.237403e+01
4.370000e-05	5.457247e-03	-1.249932e+01
4.371000e-05	-2.895230e-03	-1.265516e+01
4.372000e-05	1.764081e-02	-1.274230e+01
4.373000e-05	1.906847e-02	-1.287777e+01
4.374000e-05	1.761445e-02	-1.300203e+01
4.375000e-05	6.042055e-04	-1.308930e+01
4.376000e-05	1.434182e-02	-1.313305e+01
4.377000e-05	2.526702e-02	-1.327622e+01
4.378000e-05	2.866871e-02	-1.343345e+01
4.379000e-05	1.091834e-02	-1.346511e+01
4.380000e-05	7.610912e-03	-1.357180e+01
4.381000e-05	1.661086e-02	-1.363453e+01
4.382000e-05	2.927228e-02	-1.368779e+01
4.383000e-05	2.167843e-02	-1.376100e+01
4.384000e-05	1.283094e-02	-1.381358e+01
4.385000e-05	1.520231e-02	-1.389569e+01
4.386000e-05	2.933631e-02	-1.393935e+01
4.387000e-05	3.146463e-02	-1.399200e+01
4.388000e-05	2.080826e-02	-1.412261e+01
4.389000e-05	1.676450e-02	-1.405659e+01
4.390000e-05	2.478661e-02	-1.414782e+01
4.391000e-05	3.629013e-02	-1.420780e+01
4.392000e-05	3.163285e-02	-1.424985e+01
4.393000e-05	2.494681e-02	-1.423290e+01
4.394000e-05	2.388770e-02	-1.425293e+01
4.395000e-05	3.562352e-02	-1.423393e+01
4.396000e-05	4.043322e-02	-1.430298e+01
4.397000e-05	3.498584e-02	-1.426238e+01
4.398000e-05	3.069191e-02	-1.426350e+01
4.399000e-05	3.639425e-02	-1.423188e+01
4.400000e-05	4.687981e-02	-1.422942e+01
4.401000e-05	4.439830e-02	-1.417984e+01
4.402000e-05	3.870390e-02	-1.419671e+01
4.403000e-05	4.002180e-02	-1.407514e+01
4.404000e-05	4.808415e-02	-1.406456e+01
4.405000e-05	5.281653e-02	-1.402340e+01
4.406000e-05	4.672188e-02	-1.392997e+01
4.407000e-05	3.992186e-02	-1.387669e+01
4.408000e-05	4.186182e-02	-1.385511e+01
4.409000e-05	4.631460e-02	-1.377145e+01
4.410000e-05	4.521677e-02	-1.369027e+01
4.411000e-05	3.660787e-02	-1.365408e+01
4.412000e-05	3.280520e-02	-1.355882e+01
4.413000e-05	3.656427e-02	-1.347659e+01
4.414000e-05	3.817927e-02	-1.341295e+01
4.415000e-05	3.225180e-02	-1.331719e+01
4.416000e-05	2.384537e-02	-1.320405e+01
4.417000e-05	2.330991e-02	-1.311822e+01
4.418000e-05	2.612420e-02	-1.301356e+01
4.419000e-05	2.553157e-02	-1.291884e+01
4.420000e-05	1.833438e-02	-1.281145e+01
4.421000e-05	1.468748e-02	-1.268764e+01
4.422000e-05	1.666905e-02	-1.253937e+01
4.423000e-05	2.087311e-02	-1.236401e+01
4.424000e-05	1.738059e-02	-1.230769e+01
4.425000e-05	1.122301e-02	-1.217043e+01
4.426000e-05	1.032364e-02	-1.203293e+01
4.427000e-05	1.400541e-02	-1.186754e+01
4.428000e-05	1.321596e-02	-1.169576e+01
4.429000e-05	8.345378e-03	-1.150836e+01
4.430000e-05	4.730448e-03	-1.131872e+01
4.431000e-05	6.792415e-03	-1.116029e+01
4.432000e-05	1.054477e-02	-1.097206e+01
4.433000e-05	9.266952e-03	-1.080464e+01
4.434000e-05	5.759880e-03	-1.068782e+01
4.435000e-05	4.609010e-03	-1.049835e+01
4.436000e-05	6.551552e-03	-1.026934e+01
4.437000e-05	7.024700e-03	-1.010985e+01
4.438000e-05	3.715270e-03	-9.929997e+00
4.439000e-05	6.387923e-04	-9.773104e+00
4.440000e-05	1.310301e-03	-9.562973e+00
4.441000e-05	4.732352e-03	-9.314002e+00
4.442000e-05	4.562411e-03	-9.122502e+00
4.443000e-05	2.276244e-03	-8.973576e+00
4.444000e-05	5.693463e-04	-8.772574e+00
4.445000e-05	2.932688e-03	-8.502973e+00
4.446000e-05	3.752647e-03	-8.292525e+00
4.447000e-05	1.376226e-03	-8.132029e+00
4.448000e-05	-1.646449e-03	-7.909271e+00
4.449000e-05	-1.678839e-03	-7.587735e+00
4.450000e-05	9.570645e-04	-7.386712e+00
4.451000e-05	1.467203e-03	-7.193708e+00
4.452000e-05	-7.971735e-04	-6.953530e+00
4.453000e-05	-1.746758e-03	-6.701050e+00
4.454000e-05	-4.465454e-05	-6.490950e+00
4.455000e-05	6.678819e-04	-6.258267e+00
4.456000e-05	-5.673221e-04	-6.015760e+00
4.457000e-05	-3.516821e-03	-5.744508e+00
4.458000e-05	-4.195120e-03	-5.542100e+00
4.459000e-05	-2.795938e-03	-5.267362e+00
4.460000e-05	-2.737758e-03	-4.954652e+00
4.461000e-05	-2.871708e-03	-4.660951e+00
4.462000e-05	-3.469338e-03	-4.450951e+00
4.463000e-05	-3.252262e-03	-4.218870e+00
4.464000e-05	-7.377214e-04	-4.007840e+00
4.465000e-05	-3.796113e-03	-3.754032e+00
4.466000e-05	-4.621967e-03	-3.503500e+00
4.467000e-05	-7.109057e-03	-3.229869e+00
4.468000e-05	-4.465894e-03	-2.975139e+00
4.469000e-05	-5.602889e-03	-2.713058e+00
4.470000e-05	-3.564972e-03	-2.480524e+00
4.471000e-05	-5.269226e-03	-2.187315e+00
4.472000e-05	-3.607803e-03	-1.925209e+00
4.473000e-05	-3.914053e-03	-1.662679e+00
4.474000e-05	-5.671185e-03	-1.408866e+00
4.475000e-05	-7.258456e-03	-1.133603e+00
4.476000e-05	-7.067511e-03	-8.220063e-01
4.477000e-05	-5.488959e-03	-5.377945e-01
4.478000e-05	-4.905614e-03	-3.051606e-01
4.479000e-05	-4.029893e-03	-7.165515e-02
4.480000e-05	3.887153e-03	2.190789e-01
4.481000e-05	-4.421500e-04	4.326604e-01
4.482000e-05	1.358656e-04	6.737604e-01
4.483000e-05	-1.729231e-03	8.747420e-01
4.484000e-05	-2.744647e-03	1.220526e+00
4.485000e-05	-3.416072e-03	1.452713e+00
4.486000e-05	9.747255e-04	1.766394e+00
4.487000e-05	2.287318e-02	1.956318e+00
4.488000e-05	7.341714e-02	2.188452e+00
4.489000e-05	-6.328010e-03	2.493712e+00
4.490000e-05	-6.000214e-02	2.820077e+00
4.491000e-05	-2.955723e-02	3.082585e+00
4.492000e-05	-2.919529e-02	3.293111e+00
4.493000e-05	-7.882721e-02	3.545815e+00
4.494000e-05	2.378604e-02	3.652187e+00
4.495000e-05	9.469972e-02	3.915717e+00
4.496000e-05	-1.572189e-01	4.218724e+00
4.497000e-05	1.524758e-01	4.430528e+00
4.498000e-05	-1.580915e-02	4.723666e+00
4.499000e-05	-3.324298e-02	5.003788e+00
4.500000e-05	3.551839e-02	5.280606e+00
4.501000e-05	-8.295044e-02	5.523710e+00
4.502000e-05	2.912158e-02	5.755163e+00
4.503000e-05	-8.810885e-03	6.039476e+00
4.504000e-05	-6.557502e-03	6.260503e+00
4.505000e-05	1.300077e-02	6.513006e+00
4.506000e-05	-3.836370e-02	6.765641e+00
4.507000e-05	2.471965e-02	6.983791e+00
4.508000e-05	-3.438313e-02	7.237768e+00
4.509000e-05	1.505406e-02	7.467396e+00
4.510000e-05	-1.994956e-02	7.751083e+00
4.511000e-05	-2.573847e-02	8.014588e+00
4.512000e-05	4.600152e-02	8.186792e+00
4.513000e-05	-4.906773e-02	8.396745e+00
4.514000e-05	1.204261e-02	8.585687e+00
4.515000e-05	-3.370627e-02	8.775639e+00
4.516000e-05	6.083384e-03	8.991661e+00
4.517000e-05	-8.060128e-03	9.197188e+00
4.518000e-05	-8.374190e-03	9.425737e+00
4.519000e-05	-3.795528e-03	9.564212e+00
4.520000e-05	-2.371400e-02	9.843107e+00
4.521000e-05	7.970590e-03	9.983663e+00
4.522000e-05	-2.634432e-02	1.017203e+01
4.523000e-05	-8.791819e-03	1.033156e+01
4.524000e-05	-2.462735e-02	1.053940e+01
4.525000e-05	-3.725406e-03	1.075093e+01
4.526000e-05	-5.312269e-03	1.089942e+01
4.527000e-05	-8.737190e-03	1.104679e+01
4.528000e-05	-1.448277e-02	1.120414e+01
4.529000e-05	-1.968475e-02	1.141008e+01
4.530000e-05	-8.984119e-03	1.158298e+01
4.531000e-05	-2.034737e-02	1.176153e+01
4.532000e-05	-1.548923e-02	1.188832e+01
4.533000e-05	-2.301194e-02	1.201561e+01
4.534000e-05	-1.003061e-02	1.217145e+01
4.535000e-05	-1.195860e-02	1.232730e+01
4.536000e-05	-1.303664e-02	1.245711e+01
4.537000e-05	-2.246676e-02	1.258245e+01
4.538000e-05	-2.066396e-02	1.268824e+01
4.539000e-05	-1.680521e-02	1.278150e+01
4.540000e-05	-2.013635e-02	1.290577e+01
4.541000e-05	-2.227193e-02	1.303350e+01
4.542000e-05	-2.570673e-02	1.313822e+01
4.543000e-05	-1.900299e-02	1.321311e+01
4.544000e-05	-1.914550e-02	1.326787e+01
4.545000e-05	-1.865933e-02	1.339203e+01
4.546000e-05	-2.645003e-02	1.346719e+01
4.547000e-05	-2.459498e-02	1.350985e+01
4.548000e-05	-2.289582e-02	1.360456e+01
4.549000e-05	-2.423760e-02	1.369624e+01
4.550000e-05	-2.766897e-02	1.378080e+01
4.551000e-05	-3.230132e-02	1.385250e+01
4.552000e-05	-2.962990e-02	1.389558e+01
4.553000e-05	-2.807226e-02	1.391822e+01
4.554000e-05	-2.869753e-02	1.399985e+01
4.555000e-05	-3.357746e-02	1.405296e+01
4.556000e-05	-3.160350e-02	1.405524e+01
4.557000e-05	-3.106867e-02	1.412621e+01
4.558000e-05	-3.183453e-02	1.408822e+01
4.559000e-05	-3.691807e-02	1.414035e+01
4.560000e-05	-4.244483e-02	1.418987e+01
4.561000e-05	-4.175480e-02	1.415182e+01
4.562000e-05	-4.138157e-02	1.422048e+01
4.563000e-05	-4.019247e-02	1.418085e+01
4.564000e-05	-4.400202e-02	1.417077e+01
4.565000e-05	-4.570171e-02	1.413930e+01
4.566000e-05	-4.630948e-02	1.413982e+01
4.567000e-05	-4.820653e-02	1.413619e+01
4.568000e-05	-5.109292e-02	1.407519e+01
4.569000e-05	-5.565992e-02	1.405300e+01
4.570000e-05	-5.410797e-02	1.403247e+01
4.571000e-05	-5.194188e-02	1.395117e+01
4.572000e-05	-5.050492e-02	1.388509e+01
4.573000e-05	-5.381913e-02	1.387355e+01
4.574000e-05	-5.285147e-02	1.378987e+01
4.575000e-05	-5.083499e-02	1.373619e+01
4.576000e-05	-4.771336e-02	1.364508e+01
4.577000e-05	-4.574272e-02	1.356193e+01
4.578000e-05	-4.550823e-02	1.348617e+01
4.579000e-05	-4.247546e-02	1.340456e+01
4.580000e-05	-3.915816e-02	1.333937e+01
4.581000e-05	-3.683439e-02	1.323401e+01
4.582000e-05	-3.591439e-02	1.316020e+01
4.583000e-05	-3.532443e-02	1.303251e+01
4.584000e-05	-3.159712e-02	1.289882e+01
4.585000e-05	-2.866822e-02	1.281358e+01
4.586000e-05	-2.560989e-02	1.268874e+01
4.587000e-05	-2.805802e-02	1.258350e+01
4.588000e-05	-2.456479e-02	1.251876e+01
4.589000e-05	-2.513352e-02	1.235134e+01
4.590000e-05	-2.188232e-02	1.221455e+01
4.591000e-05	-2.309842e-02	1.206722e+01
4.592000e-05	-2.215780e-02	1.192995e+01
4.593000e-05	-2.126601e-02	1.178150e+01
4.594000e-05	-1.862818e-02	1.162206e+01
4.595000e-05	-1.752137e-02	1.147458e+01
4.596000e-05	-1.770980e-02	1.123713e+01
4.597000e-05	-1.691703e-02	1.108877e+01
4.598000e-05	-1.681977e-02	1.096248e+01
4.599000e-05	-1.504945e-02	1.077298e+01
4.600000e-05	-1.635813e-02	1.062253e+01
4.601000e-05	-1.556672e-02	1.039516e+01
4.602000e-05	-1.601559e-02	1.023766e+01
4.603000e-05	-1.237743e-02	1.003784e+01
4.604000e-05	-1.206464e-02	9.846115e+00
4.605000e-05	-1.282434e-02	9.647238e+00
4.606000e-05	-1.316532e-02	9.458871e+00
4.607000e-05	-1.198875e-02	9.281371e+00
4.608000e-05	-1.164006e-02	9.118841e+00
4.609000e-05	-1.157002e-02	8.849912e+00
4.610000e-05	-1.258256e-02	8.698316e+00
4.611000e-05	-1.270442e-02	8.478945e+00
4.612000e-05	-1.098992e-02	8.287317e+00
4.613000e-05	-1.032596e-02	8.027317e+00
4.614000e-05	-1.073586e-02	7.815687e+00
4.615000e-05	-1.047438e-02	7.605178e+00
4.616000e-05	-9.927899e-03	7.301979e+00
4.617000e-05	-8.016345e-03	7.110453e+00
4.618000e-05	-9.244185e-03	6.860474e+00
4.619000e-05	-9.158738e-03	6.658291e+00
4.620000e-05	-1.046911e-02	6.417286e+00
4.621000e-05	-8.636921e-03	6.175633e+00
4.622000e-05	-9.010563e-03	5.994632e+00
4.623000e-05	-9.031177e-03	5.701999e+00
4.624000e-05	-9.102862e-03	5.500971e+00
4.625000e-05	-8.043504e-03	5.206706e+00
4.626000e-05	-5.910373e-03	4.909980e+00
4.627000e-05	-7.298059e-03	4.637844e+00
4.628000e-05	-7.511972e-03	4.418421e+00
4.629000e-05	-7.581721e-03	4.133659e+00
4.630000e-05	-7.054528e-03	3.909999e+00
4.631000e-05	-7.275695e-03	3.631475e+00
4.632000e-05	-7.492670e-03	3.406212e+00
4.633000e-05	-6.724382e-03	3.133682e+00
4.634000e-05	-6.461906e-03	2.902105e+00
4.635000e-05	-5.148662e-03	2.639851e+00
4.636000e-05	-6.364503e-03	2.385734e+00
4.637000e-05	-6.299098e-03	2.104133e+00
4.638000e-05	-6.504079e-03	1.871104e+00
4.639000e-05	-5.580173e-03	1.568417e+00
4.640000e-05	-5.883820e-03	1.335184e+00
4.641000e-05	-5.855124e-03	1.019497e+00
4.642000e-05	-5.864486e-03	7.247383e-01
4.643000e-05	-5.232373e-03	4.636067e-01
4.644000e-05	-4.152401e-03	2.215214e-01
4.645000e-05	-3.769960e-03	-4.318027e-02
4.646000e-05	4.396072e-03	-2.752356e-01
4.647000e-05	1.876461e-03	-5.062745e-01
4.648000e-05	-2.491254e-04	-7.995275e-01
4.649000e-05	-8.245228e-04	-9.900060e-01
4.650000e-05	-7.010257e-04	-1.273784e+00
4.651000e-05	-1.028090e-03	-1.546921e+00
4.652000e-05	6.804204e-03	-1.757347e+00
4.653000e-05	6.415758e-02	-1.968922e+00
4.654000e-05	6.126258e-02	-2.283109e+00
4.655000e-05	-7.204281e-02	-2.683187e+00
4.656000e-05	-7.123022e-03	-3.018377e+00
4.657000e-05	-5.532274e-02	-3.251158e+00
4.658000e-05	-6.885934e-02	-3.420449e+00
4.659000e-05	5.973172e-02	-3.556842e+00
4.660000e-05	8.021014e-02	-3.735221e+00
4.661000e-05	-1.529892e-01	-4.083684e+00
4.662000e-05	1.971075e-01	-4.261580e+00
4.663000e-05	-1.181625e-01	-4.493207e+00
4.664000e-05	6.286064e-02	-4.820525e+00
4.665000e-05	4.415573e-02	-5.058321e+00
4.666000e-05	-1.579286e-01	-5.385246e+00
4.667000e-05	1.004792e-01	-5.617422e+00
4.668000e-05	-4.740757e-02	-5.849900e+00
4.669000e-05	4.931884e-02	-6.082110e+00
4.670000e-05	4.536962e-02	-6.322633e+00
4.671000e-05	-1.052736e-01	-6.587795e+00
4.672000e-05	1.175683e-01	-6.807319e+00
4.673000e-05	-8.606810e-02	-7.099877e+00
4.674000e-05	8.032747e-02	-7.344608e+00
4.675000e-05	-5.327305e-02	-7.543033e+00
4.676000e-05	-2.561154e-02	-7.848396e+00
4.677000e-05	1.091929e-01	-8.059250e+00
4.678000e-05	-8.192133e-02	-8.290400e+00
4.679000e-05	9.204129e-02	-8.388396e+00
4.680000e-05	-9.802794e-02	-8.687772e+00
4.681000e-05	5.834866e-02	-8.911505e+00
4.682000e-05	5.657660e-03	-9.099478e+00
4.683000e-05	8.827738e-03	-9.310877e+00
4.684000e-05	2.739034e-02	-9.500397e+00
4.685000e-05	-5.294966e-02	-9.691951e+00
4.686000e-05	7.569456e-02	-9.868847e+00
4.687000e-05	-3.635177e-02	-1.008830e+01
4.688000e-05	4.298677e-02	-1.025722e+01
4.689000e-05	-4.742419e-02	-1.043937e+01
4.690000e-05	2.746208e-02	-1.062674e+01
4.691000e-05	2.395326e-02	-1.077561e+01
4.692000e-05	1.509462e-02	-1.098256e+01
4.693000e-05	1.177761e-02	-1.111145e+01
4.694000e-05	-2.188345e-02	-1.130732e+01
4.695000e-05	3.557504e-02	-1.143837e+01
4.696000e-05	-1.459442e-03	-1.166669e+01
4.697000e-05	2.514490e-02	-1.184406e+01
4.698000e-05	-1.872495e-02	-1.196298e+01
4.699000e-05	2.292227e-02	-1.212150e+01
4.700000e-05	1.873744e-02	-1.224824e+01
4.701000e-05	2.684091e-02	-1.237306e+01
4.702000e-05	8.920105e-04	-1.253080e+01
4.703000e-05	2.032990e-04	-1.268666e+01
4.704000e-05	1.736302e-02	-1.276141e+01
4.705000e-05	2.052545e-02	-1.289889e+01
4.706000e-05	1.578695e-02	-1.299306e+01
4.707000e-05	1.743633e-03	-1.310982e+01
4.708000e-05	1.478440e-02	-1.319304e+01
4.709000e-05	2.538042e-02	-1.333674e+01
4.710000e-05	2.678492e-02	-1.339152e+01
4.711000e-05	1.115894e-02	-1.343465e+01
4.712000e-05	9.023491e-03	-1.354083e+01
4.713000e-05	1.927598e-02	-1.362651e+01
4.714000e-05	2.918284e-02	-1.371935e+01
4.715000e-05	1.954562e-02	-1.381350e+01
4.716000e-05	1.273754e-02	-1.385371e+01
4.717000e-05	1.557189e-02	-1.392771e+01
4.718000e-05	2.902758e-02	-1.393835e+01
4.719000e-05	2.983589e-02	-1.400245e+01
4.720000e-05	2.256727e-02	-1.407456e+01
4.721000e-05	1.767166e-02	-1.411514e+01
4.722000e-05	2.561208e-02	-1.419772e+01
4.723000e-05	3.497031e-02	-1.420035e+01
4.724000e-05	2.987170e-02	-1.422240e+01
4.725000e-05	2.442189e-02	-1.424288e+01
4.726000e-05	2.472037e-02	-1.427200e+01
4.727000e-05	3.765395e-02	-1.427395e+01
4.728000e-05	4.081399e-02	-1.425348e+01
4.729000e-05	3.665953e-02	-1.426293e+01
4.730000e-05	3.162487e-02	-1.423395e+01
4.731000e-05	3.774389e-02	-1.423142e+01
4.732000e-05	4.522674e-02	-1.424089e+01
4.733000e-05	4.332937e-02	-1.420782e+01
4.734000e-05	3.855486e-02	-1.413819e+01
4.735000e-05	3.972878e-02	-1.413611e+01
4.736000e-05	4.861243e-02	-1.401506e+01
4.737000e-05	5.192780e-02	-1.402198e+01
4.738000e-05	4.662052e-02	-1.391983e+01
4.739000e-05	4.051634e-02	-1.388714e+01
4.740000e-05	4.315438e-02	-1.383506e+01
4.741000e-05	4.714427e-02	-1.377298e+01
4.742000e-05	4.307514e-02	-1.369727e+01
4.743000e-05	3.519859e-02	-1.362403e+01
4.744000e-05	3.276014e-02	-1.355017e+01
4.745000e-05	3.671717e-02	-1.346561e+01
4.746000e-05	3.771761e-02	-1.339095e+01
4.747000e-05	3.114596e-02	-1.329529e+01
4.748000e-05	2.387202e-02	-1.317293e+01
4.749000e-05	2.403510e-02	-1.306721e+01
4.750000e-05	2.646607e-02	-1.301458e+01
4.751000e-05	2.406781e-02	-1.289832e+01
4.752000e-05	1.672569e-02	-1.275095e+01
4.753000e-05	1.353808e-02	-1.270556e+01
4.754000e-05	1.692196e-02	-1.252137e+01
4.755000e-05	1.998107e-02	-1.239256e+01
4.756000e-05	1.657884e-02	-1.226664e+01
4.757000e-05	1.068879e-02	-1.211889e+01
4.758000e-05	1.132441e-02	-1.198145e+01
4.759000e-05	1.407474e-02	-1.184408e+01
4.760000e-05	1.400226e-02	-1.169614e+01
4.761000e-05	8.279898e-03	-1.150618e+01
4.762000e-05	4.412861e-03	-1.130866e+01
4.763000e-05	6.775030e-03	-1.106934e+01
4.764000e-05	9.942186e-03	-1.095152e+01
4.765000e-05	8.710727e-03	-1.078621e+01
4.766000e-05	4.199808e-03	-1.066716e+01
4.767000e-05	4.164279e-03	-1.048882e+01
4.768000e-05	7.164813e-03	-1.029664e+01
4.769000e-05	8.190809e-03	-1.007824e+01
4.770000e-05	3.940247e-03	-9.889846e+00
4.771000e-05	1.221539e-03	-9.742475e+00
4.772000e-05	2.171022e-03	-9.530445e+00
4.773000e-05	4.509608e-03	-9.321000e+00
4.774000e-05	4.053417e-03	-9.143475e+00
4.775000e-05	1.163800e-03	-8.951978e+00
4.776000e-05	-1.787402e-04	-8.770425e+00
4.777000e-05	3.301456e-03	-8.480871e+00
4.778000e-05	4.277043e-03	-8.290472e+00
4.779000e-05	1.724304e-03	-8.102501e+00
4.780000e-05	-1.698071e-03	-7.869167e+00
4.781000e-05	-2.292534e-03	-7.625682e+00
4.782000e-05	7.442353e-04	-7.365159e+00
4.783000e-05	1.072035e-03	-7.183102e+00
4.784000e-05	-1.465135e-03	-6.922500e+00
4.785000e-05	-3.379556e-03	-6.671422e+00
4.786000e-05	-3.975944e-04	-6.478917e+00
4.787000e-05	6.983196e-04	-6.205188e+00
4.788000e-05	5.498610e-04	-5.985759e+00
4.789000e-05	-3.376527e-03	-5.713533e+00
4.790000e-05	-3.646565e-03	-5.523470e+00
4.791000e-05	-2.340699e-03	-5.217816e+00
4.792000e-05	-2.570183e-03	-4.922026e+00
4.793000e-05	-3.848045e-03	-4.628867e+00
4.794000e-05	-3.056161e-03	-4.427969e+00
4.795000e-05	-3.420408e-03	-4.207841e+00
4.796000e-05	-2.459725e-03	-3.987784e+00
4.797000e-05	-4.469333e-03	-3.681029e+00
4.798000e-05	-4.422544e-03	-3.461476e+00
4.799000e-05	-5.249189e-03	-3.245872e+00
4.800000e-05	-2.334572e-03	-2.923104e+00
4.801000e-05	-5.237735e-03	-2.702025e+00
4.802000e-05	-3.859598e-03	-2.439971e+00
4.803000e-05	-5.718439e-03	-2.126741e+00
4.804000e-05	-3.776116e-03	-1.904208e+00
4.805000e-05	-5.084823e-03	-1.631548e+00
4.806000e-05	-5.293093e-03	-1.317260e+00
4.807000e-05	-7.105988e-03	-1.073077e+00
4.808000e-05	-5.914029e-03	-7.995701e-01
4.809000e-05	-5.419014e-03	-5.368108e-01
4.810000e-05	-3.681156e-03	-2.841327e-01
4.811000e-05	-2.779116e-03	-1.114776e-02
4.812000e-05	4.934061e-03	2.316301e-01
4.813000e-05	-1.773335e-03	4.521354e-01
4.814000e-05	8.504490e-04	6.942859e-01
4.815000e-05	-3.298875e-03	9.164009e-01
4.816000e-05	-3.711071e-03	1.231554e+00
4.817000e-05	-4.218100e-03	1.463193e+00
4.818000e-05	2.688986e-03	1.779400e+00
4.819000e-05	2.836616e-02	1.988399e+00
4.820000e-05	7.755133e-02	2.270577e+00
4.821000e-05	-2.493223e-02	2.535716e+00
4.822000e-05	-5.170943e-02	2.879134e+00
4.823000e-05	-3.364228e-02	3.073662e+00
4.824000e-05	-2.819184e-02	3.343685e+00
4.825000e-05	-8.465318e-02	3.578390e+00
4.826000e-05	5.095909e-02	3.722759e+00
4.827000e-05	6.479982e-02	4.005291e+00
4.828000e-05	-1.476519e-01	4.267396e+00
4.829000e-05	1.726608e-01	4.462534e+00
4.830000e-05	-4.937242e-02	4.776293e+00
4.831000e-05	-8.079108e-03	4.986246e+00
4.832000e-05	1.675325e-02	5.303738e+00
4.833000e-05	-7.645774e-02	5.555764e+00
4.834000e-05	3.496632e-02	5.804718e+00
4.835000e-05	-1.749325e-02	6.060503e+00
4.836000e-05	2.667975e-03	6.271533e+00
4.837000e-05	2.505095e-03	6.561558e+00
4.838000e-05	-3.271905e-02	6.787266e+00
4.839000e-05	2.551027e-02	6.985767e+00
4.840000e-05	-3.640848e-02	7.280322e+00
4.841000e-05	2.121248e-02	7.479500e+00
4.842000e-05	-3.208714e-02	7.773658e+00
4.843000e-05	-1.078162e-02	8.025639e+00
4.844000e-05	3.714696e-02	8.248449e+00
4.845000e-05	-4.837061e-02	8.436821e+00
4.846000e-05	1.033998e-02	8.597215e+00
4.847000e-05	-3.827712e-02	8.806242e+00
4.848000e-05	1.311192e-02	9.035162e+00
4.849000e-05	-9.941680e-03	9.186793e+00
4.850000e-05	-5.283238e-03	9.427268e+00
4.851000e-05	-9.357711e-03	9.646166e+00
4.852000e-05	-2.024801e-02	9.826089e+00
4.853000e-05	7.486087e-03	9.976664e+00
4.854000e-05	-2.690706e-02	1.020419e+01
4.855000e-05	-9.531159e-03	1.032219e+01
4.856000e-05	-2.789111e-02	1.058145e+01
4.857000e-05	-8.600114e-04	1.074048e+01
4.858000e-05	-4.313194e-03	1.091137e+01
4.859000e-05	-9.479267e-03	1.104732e+01
4.860000e-05	-1.755366e-02	1.122464e+01
4.861000e-05	-1.915269e-02	1.144206e+01
4.862000e-05	-7.749565e-03	1.160308e+01
4.863000e-05	-1.945015e-02	1.176103e+01
4.864000e-05	-1.656752e-02	1.188984e+01
4.865000e-05	-2.519030e-02	1.199619e+01
4.866000e-05	-8.815871e-03	1.220200e+01
4.867000e-05	-1.105831e-02	1.231935e+01
4.868000e-05	-1.444125e-02	1.245769e+01
4.869000e-05	-2.309992e-02	1.261198e+01
4.870000e-05	-2.083677e-02	1.265774e+01
4.871000e-05	-1.550024e-02	1.276353e+01
4.872000e-05	-2.009246e-02	1.291782e+01
4.873000e-05	-2.279666e-02	1.307353e+01
4.874000e-05	-2.743545e-02	1.309924e+01
4.875000e-05	-1.878055e-02	1.321458e+01
4.876000e-05	-1.894944e-02	1.332982e+01
4.877000e-05	-1.968534e-02	1.340248e+01
4.878000e-05	-2.687678e-02	1.351572e+01
4.879000e-05	-2.418518e-02	1.354035e+01
4.880000e-05	-2.238076e-02	1.360359e+01
4.881000e-05	-2.333848e-02	1.371814e+01
4.882000e-05	-2.769136e-02	1.380092e+01
4.883000e-05	-3.333220e-02	1.386300e+01
4.884000e-05	-2.887180e-02	1.388509e+01
4.885000e-05	-2.757622e-02	1.395864e+01
4.886000e-05	-2.955949e-02	1.399293e+01
4.887000e-05	-3.446422e-02	1.400406e+01
4.888000e-05	-3.310893e-02	1.406561e+01
4.889000e-05	-3.077099e-02	1.408717e+01
4.890000e-05	-3.173131e-02	1.415737e+01
4.891000e-05	-3.705894e-02	1.416935e+01
4.892000e-05	-4.295344e-02	1.421887e+01
4.893000e-05	-4.109635e-02	1.418087e+01
4.894000e-05	-4.067699e-02	1.423095e+01
4.895000e-05	-4.133415e-02	1.417102e+01
4.896000e-05	-4.517773e-02	1.412990e+01
4.897000e-05	-4.716341e-02	1.414987e+01
4.898000e-05	-4.521415e-02	1.413826e+01
4.899000e-05	-4.674267e-02	1.408761e+01
4.900000e-05	-5.093387e-02	1.407611e+01
4.901000e-05	-5.578136e-02	1.401306e+01
4.902000e-05	-5.354922e-02	1.403082e+01
4.903000e-05	-5.183656e-02	1.397922e+01
4.904000e-05	-5.141913e-02	1.392511e+01
4.905000e-05	-5.579745e-02	1.383245e+01
4.906000e-05	-5.453301e-02	1.383845e+01
4.907000e-05	-5.010860e-02	1.368674e+01
4.908000e-05	-4.656117e-02	1.357351e+01
4.909000e-05	-4.476930e-02	1.355042e+01
4.910000e-05	-4.551324e-02	1.349521e+01
4.911000e-05	-4.160951e-02	1.339300e+01
4.912000e-05	-3.850863e-02	1.331837e+01
4.913000e-05	-3.582339e-02	1.322356e+01
4.914000e-05	-3.634799e-02	1.311867e+01
4.915000e-05	-3.607784e-02	1.303153e+01
4.916000e-05	-3.113551e-02	1.289779e+01
4.917000e-05	-2.935456e-02	1.280047e+01
4.918000e-05	-2.721109e-02	1.269869e+01
4.919000e-05	-2.895434e-02	1.259150e+01
4.920000e-05	-2.487306e-02	1.247629e+01
4.921000e-05	-2.319176e-02	1.233022e+01
4.922000e-05	-2.023700e-02	1.223253e+01
4.923000e-05	-2.158709e-02	1.199671e+01
4.924000e-05	-2.279461e-02	1.190037e+01
4.925000e-05	-2.058965e-02	1.178250e+01
4.926000e-05	-1.930566e-02	1.162185e+01
4.927000e-05	-1.821839e-02	1.143258e+01
4.928000e-05	-1.973375e-02	1.123464e+01
4.929000e-05	-1.675867e-02	1.108892e+01
4.930000e-05	-1.475628e-02	1.094195e+01
4.931000e-05	-1.319967e-02	1.078355e+01
4.932000e-05	-1.541679e-02	1.059303e+01
4.933000e-05	-1.525403e-02	1.042458e+01
4.934000e-05	-1.602749e-02	1.021666e+01
4.935000e-05	-1.420410e-02	1.004674e+01
4.936000e-05	-1.367311e-02	9.844612e+00
4.937000e-05	-1.491086e-02	9.635315e+00
4.938000e-05	-1.398278e-02	9.428266e+00
4.939000e-05	-1.144118e-02	9.279342e+00
4.940000e-05	-9.058159e-03	9.058267e+00
4.941000e-05	-1.061596e-02	8.845369e+00
4.942000e-05	-1.090688e-02	8.646842e+00
4.943000e-05	-1.166471e-02	8.438366e+00
4.944000e-05	-1.081907e-02	8.277790e+00
4.945000e-05	-1.140758e-02	8.014286e+00
4.946000e-05	-1.227309e-02	7.805687e+00
4.947000e-05	-1.148481e-02	7.552029e+00
4.948000e-05	-9.623116e-03	7.260943e+00
4.949000e-05	-7.106517e-03	7.109944e+00
4.950000e-05	-8.117695e-03	6.860874e+00
4.951000e-05	-8.530686e-03	6.635742e+00
4.952000e-05	-1.006983e-02	6.365687e+00
4.953000e-05	-9.302078e-03	6.144583e+00
4.954000e-05	-9.988021e-03	5.932632e+00
4.955000e-05	-9.540431e-03	5.690497e+00
4.956000e-05	-9.070083e-03	5.478913e+00
4.957000e-05	-8.455591e-03	5.162531e+00
4.958000e-05	-6.893171e-03	4.868950e+00
4.959000e-05	-5.518878e-03	4.627788e+00
4.960000e-05	-5.757172e-03	4.387763e+00
4.961000e-05	-7.489599e-03	4.080602e+00
4.962000e-05	-7.044657e-03	3.860497e+00
4.963000e-05	-7.921716e-03	3.640445e+00
4.964000e-05	-8.236781e-03	3.414262e+00
4.965000e-05	-8.367108e-03	3.073625e+00
4.966000e-05	-8.281059e-03	2.882084e+00
4.967000e-05	-6.314651e-03	2.567391e+00
4.968000e-05	-4.685927e-03	2.325284e+00
4.969000e-05	-4.006306e-03	2.071630e+00
4.970000e-05	-4.744001e-03	1.840996e+00
4.971000e-05	-5.166596e-03	1.566762e+00
4.972000e-05	-5.960506e-03	1.293131e+00
4.973000e-05	-5.633631e-03	9.774448e-01
4.974000e-05	-7.444699e-03	6.937094e-01
4.975000e-05	-6.093385e-03	4.621292e-01
4.976000e-05	-6.075051e-03	1.569675e-01
4.977000e-05	-2.657298e-03	-9.371171e-02
4.978000e-05	7.336989e-03	-2.962919e-01
4.979000e-05	2.997712e-04	-5.277696e-01
4.980000e-05	1.863137e-03	-8.405777e-01
4.981000e-05	1.848135e-05	-1.042635e+00
4.982000e-05	-4.336513e-04	-1.312662e+00
4.983000e-05	-3.889110e-03	-1.610919e+00
4.984000e-05	7.931508e-03	-1.758420e+00
4.985000e-05	7.217887e-02	-2.009975e+00
4.986000e-05	4.056903e-02	-2.344793e+00
4.987000e-05	-7.004746e-02	-2.725743e+00
4.988000e-05	-6.435574e-03	-3.028975e+00
4.989000e-05	-5.186605e-02	-3.270505e+00
4.990000e-05	-7.106268e-02	-3.439004e+00
4.991000e-05	9.358591e-02	-3.577270e+00
4.992000e-05	3.365395e-02	-3.765770e+00
4.993000e-05	-1.189080e-01	-4.143738e+00
4.994000e-05	1.882692e-01	-4.292584e+00
4.995000e-05	-1.460188e-01	-4.557869e+00
4.996000e-05	1.009410e-01	-4.860073e+00
4.997000e-05	2.469502e-04	-5.041430e+00
4.998000e-05	-1.346962e-01	-5.377891e+00
4.999000e-05	1.093929e-01	-5.647971e+00
