# 260612_13:33:11.506070
t	CH1	CH2
0.000000e+00	-1.207664e-03	-1.811262e-01
1.000000e-08	7.538239e-03	-4.731544e-01
2.000000e-08	-3.820274e-03	-7.558910e-01
3.000000e-08	3.972961e-03	-9.704989e-01
4.000000e-08	-4.420052e-03	-1.276183e+00
5.000000e-08	1.625974e-03	-1.548925e+00
6.000000e-08	-9.864213e-04	-1.791071e+00
7.000000e-08	3.972125e-02	-2.012527e+00
8.000000e-08	9.381948e-02	-2.336838e+00
9.000000e-08	-4.399263e-02	-2.695813e+00
1.000000e-07	-2.912569e-02	-3.106785e+00
1.100000e-07	-3.318527e-02	-3.370941e+00
1.200000e-07	-3.992064e-02	-3.548866e+00
1.300000e-07	-6.880166e-02	-3.780598e+00
1.400000e-07	1.408343e-01	-3.936915e+00
1.500000e-07	-7.258131e-02	-4.241604e+00
1.600000e-07	-3.044247e-03	-4.517232e+00
1.700000e-07	1.138718e-01	-4.707834e+00
1.800000e-07	-1.250111e-01	-5.116228e+00
1.900000e-07	1.355668e-01	-5.389917e+00
2.000000e-07	-1.192423e-01	-5.652255e+00
2.100000e-07	-1.212989e-02	-5.936841e+00
2.200000e-07	6.421996e-02	-6.126383e+00
2.300000e-07	-7.233828e-02	-6.484655e+00
2.400000e-07	1.294579e-01	-6.764782e+00
2.500000e-07	-9.823911e-02	-6.999418e+00
2.600000e-07	5.823149e-02	-7.294678e+00
2.700000e-07	1.876048e-03	-7.524225e+00
2.800000e-07	-3.141812e-02	-7.752548e+00
2.900000e-07	7.442523e-02	-8.081095e+00
3.000000e-07	-1.171995e-01	-8.296202e+00
3.100000e-07	1.269431e-01	-8.555860e+00
3.200000e-07	-5.339753e-02	-8.818910e+00
3.300000e-07	4.406485e-02	-9.051042e+00
3.400000e-07	-2.099061e-02	-9.210963e+00
3.500000e-07	-2.375766e-02	-9.485121e+00
3.600000e-07	6.424690e-02	-9.714149e+00
3.700000e-07	-4.289027e-02	-9.914727e+00
3.800000e-07	7.291558e-02	-1.011525e+01
3.900000e-07	-6.667793e-02	-1.035620e+01
4.000000e-07	6.540064e-02	-1.054681e+01
4.100000e-07	-2.214260e-02	-1.077631e+01
4.200000e-07	2.784956e-02	-1.098933e+01
4.300000e-07	-1.487916e-02	-1.114681e+01
4.400000e-07	-3.715583e-03	-1.139628e+01
4.500000e-07	3.375008e-02	-1.155690e+01
4.600000e-07	3.489342e-03	-1.181834e+01
4.700000e-07	2.954788e-02	-1.193633e+01
4.800000e-07	-2.223556e-02	-1.219736e+01
4.900000e-07	3.058590e-02	-1.236373e+01
5.000000e-07	5.152703e-05	-1.251522e+01
5.100000e-07	2.737284e-02	-1.266152e+01
5.200000e-07	-8.937863e-03	-1.282895e+01
5.300000e-07	1.496864e-02	-1.300638e+01
5.400000e-07	1.415397e-02	-1.311465e+01
5.500000e-07	2.512622e-02	-1.329164e+01
5.600000e-07	8.734707e-03	-1.344036e+01
5.700000e-07	4.761177e-03	-1.357683e+01
5.800000e-07	1.457966e-02	-1.367107e+01
5.900000e-07	2.212147e-02	-1.381781e+01
6.000000e-07	2.009146e-02	-1.394472e+01
6.100000e-07	7.572152e-03	-1.408152e+01
6.200000e-07	1.185235e-02	-1.421635e+01
6.300000e-07	1.825315e-02	-1.431159e+01
6.400000e-07	2.708651e-02	-1.441788e+01
6.500000e-07	1.568028e-02	-1.451120e+01
6.600000e-07	1.621220e-02	-1.460740e+01
6.700000e-07	1.704623e-02	-1.465009e+01
6.800000e-07	3.053523e-02	-1.478575e+01
6.900000e-07	2.383246e-02	-1.486893e+01
7.000000e-07	1.786379e-02	-1.496167e+01
7.100000e-07	1.425172e-02	-1.500775e+01
7.200000e-07	2.601182e-02	-1.504793e+01
7.300000e-07	3.058274e-02	-1.512104e+01
7.400000e-07	2.681012e-02	-1.514418e+01
7.500000e-07	2.345172e-02	-1.515627e+01
7.600000e-07	2.641477e-02	-1.521686e+01
7.700000e-07	3.483162e-02	-1.523906e+01
7.800000e-07	3.342101e-02	-1.528059e+01
7.900000e-07	2.830266e-02	-1.530111e+01
8.000000e-07	2.743773e-02	-1.530467e+01
8.100000e-07	3.585756e-02	-1.533317e+01
8.200000e-07	4.263691e-02	-1.533417e+01
8.300000e-07	4.058315e-02	-1.537517e+01
8.400000e-07	3.807709e-02	-1.537264e+01
8.500000e-07	3.990207e-02	-1.529204e+01
8.600000e-07	4.708301e-02	-1.531009e+01
8.700000e-07	4.902529e-02	-1.527059e+01
8.800000e-07	4.542872e-02	-1.522843e+01
8.900000e-07	4.457015e-02	-1.518686e+01
9.000000e-07	5.136242e-02	-1.520522e+01
9.100000e-07	5.467664e-02	-1.513267e+01
9.200000e-07	5.321299e-02	-1.510049e+01
9.300000e-07	4.636038e-02	-1.506946e+01
9.400000e-07	4.659932e-02	-1.498470e+01
9.500000e-07	4.806528e-02	-1.493309e+01
9.600000e-07	4.742688e-02	-1.481733e+01
9.700000e-07	4.009184e-02	-1.474363e+01
9.800000e-07	3.511587e-02	-1.468949e+01
9.900000e-07	3.538322e-02	-1.457486e+01
1.000000e-06	3.633978e-02	-1.451257e+01
1.010000e-06	3.300676e-02	-1.438685e+01
1.020000e-06	2.574452e-02	-1.432144e+01
1.030000e-06	2.215490e-02	-1.418578e+01
1.040000e-06	2.434163e-02	-1.406936e+01
1.050000e-06	2.578794e-02	-1.393255e+01
1.060000e-06	2.121042e-02	-1.382688e+01
1.070000e-06	1.565404e-02	-1.366046e+01
1.080000e-06	1.551829e-02	-1.355363e+01
1.090000e-06	1.796618e-02	-1.342786e+01
1.100000e-06	1.741736e-02	-1.325848e+01
1.110000e-06	1.296277e-02	-1.310165e+01
1.120000e-06	1.000735e-02	-1.295678e+01
1.130000e-06	1.137748e-02	-1.284639e+01
1.140000e-06	1.373169e-02	-1.268956e+01
1.150000e-06	1.078697e-02	-1.255112e+01
1.160000e-06	5.050517e-03	-1.233317e+01
1.170000e-06	8.205348e-03	-1.215528e+01
1.180000e-06	7.361077e-03	-1.198586e+01
1.190000e-06	9.875592e-03	-1.179578e+01
1.200000e-06	6.609769e-03	-1.159427e+01
1.210000e-06	2.485372e-03	-1.139330e+01
1.220000e-06	6.497741e-03	-1.116215e+01
1.230000e-06	4.209849e-03	-1.093323e+01
1.240000e-06	6.235596e-03	-1.078573e+01
1.250000e-06	7.115016e-04	-1.057423e+01
1.260000e-06	3.620784e-03	-1.035625e+01
1.270000e-06	3.756663e-03	-1.011165e+01
1.280000e-06	7.000061e-03	-9.902652e+00
1.290000e-06	1.614467e-03	-9.702724e+00
1.300000e-06	7.529684e-04	-9.501674e+00
1.310000e-06	-3.531004e-04	-9.239436e+00
1.320000e-06	2.476885e-03	-9.058912e+00
1.330000e-06	1.312718e-03	-8.848420e+00
1.340000e-06	-5.493877e-04	-8.637239e+00
1.350000e-06	-1.215616e-03	-8.314755e+00
1.360000e-06	1.160043e-03	-8.083674e+00
1.370000e-06	3.135396e-03	-7.880572e+00
1.380000e-06	-1.420641e-03	-7.574785e+00
1.390000e-06	-2.144038e-03	-7.314128e+00
1.400000e-06	-2.993527e-03	-7.061118e+00
1.410000e-06	-3.799040e-04	-6.808365e+00
1.420000e-06	-2.765353e-04	-6.524782e+00
1.430000e-06	-2.536164e-03	-6.312575e+00
1.440000e-06	-2.934996e-03	-6.039490e+00
1.450000e-06	-1.884892e-03	-5.795336e+00
1.460000e-06	1.205848e-04	-5.491130e+00
1.470000e-06	-3.205621e-03	-5.196336e+00
1.480000e-06	-4.147716e-03	-4.900670e+00
1.490000e-06	-4.217428e-03	-4.586818e+00
1.500000e-06	-1.790143e-03	-4.395366e+00
1.510000e-06	-3.138169e-03	-4.133229e+00
1.520000e-06	-6.045887e-03	-3.828946e+00
1.530000e-06	-6.062505e-03	-3.565312e+00
1.540000e-06	-4.864947e-03	-3.252108e+00
1.550000e-06	-1.943631e-03	-3.008443e+00
1.560000e-06	-4.040473e-03	-2.715184e+00
1.570000e-06	-4.758995e-03	-2.461600e+00
1.580000e-06	-6.488554e-03	-2.134314e+00
1.590000e-06	-3.853221e-03	-1.873132e+00
1.600000e-06	-4.564705e-03	-1.600999e+00
1.610000e-06	-7.469882e-03	-1.322583e+00
1.620000e-06	-9.007783e-03	-9.979683e-01
1.630000e-06	-6.555591e-03	-6.928104e-01
1.640000e-06	-3.636286e-03	-3.999249e-01
1.650000e-06	-3.223994e-03	-1.247907e-01
1.660000e-06	2.319745e-03	1.182349e-01
1.670000e-06	3.031175e-03	4.011037e-01
1.680000e-06	-2.168791e-03	6.526556e-01
1.690000e-06	1.720657e-03	8.953406e-01
1.700000e-06	-5.901103e-03	1.180045e+00
1.710000e-06	-3.769069e-03	1.493787e+00
1.720000e-06	-3.866846e-03	1.789023e+00
1.730000e-06	2.105700e-02	2.001524e+00
1.740000e-06	6.361988e-02	2.274208e+00
1.750000e-06	3.140979e-02	2.630502e+00
1.760000e-06	-7.562139e-02	2.925815e+00
1.770000e-06	-2.302272e-02	3.189069e+00
1.780000e-06	-3.388687e-02	3.475687e+00
1.790000e-06	-4.485663e-02	3.715763e+00
1.800000e-06	-5.540423e-02	3.904710e+00
1.810000e-06	1.028077e-01	4.137265e+00
1.820000e-06	-5.415067e-02	4.474158e+00
1.830000e-06	-1.558104e-02	4.722684e+00
1.840000e-06	1.308447e-01	5.009576e+00
1.850000e-06	-1.048904e-01	5.316887e+00
1.860000e-06	4.598694e-02	5.588967e+00
1.870000e-06	-6.195738e-02	5.863554e+00
1.880000e-06	6.218069e-03	6.116782e+00
1.890000e-06	1.227180e-02	6.368915e+00
1.900000e-06	-3.689719e-02	6.703155e+00
1.910000e-06	3.016658e-02	6.927283e+00
1.920000e-06	-3.616549e-02	7.219337e+00
1.930000e-06	2.283009e-02	7.430099e+00
1.940000e-06	-2.651180e-02	7.703831e+00
1.950000e-06	-1.156891e-02	7.980412e+00
1.960000e-06	8.760518e-03	8.292497e+00
1.970000e-06	-3.821099e-02	8.474123e+00
1.980000e-06	4.049290e-02	8.663077e+00
1.990000e-06	-3.279943e-02	8.885254e+00
2.000000e-06	-9.539249e-03	9.175856e+00
2.010000e-06	-1.658729e-02	9.347365e+00
2.020000e-06	-1.383354e-03	9.538386e+00
2.030000e-06	-3.688967e-03	9.850893e+00
2.040000e-06	-1.678429e-02	1.007204e+01
2.050000e-06	-9.706371e-04	1.025004e+01
2.060000e-06	-1.489512e-02	1.044155e+01
2.070000e-06	1.468014e-03	1.067152e+01
2.080000e-06	-2.229296e-02	1.088157e+01
2.090000e-06	-1.821713e-02	1.103157e+01
2.100000e-06	-1.748624e-02	1.127064e+01
2.110000e-06	-8.472644e-03	1.149209e+01
2.120000e-06	-6.081381e-03	1.173322e+01
2.130000e-06	-1.311961e-02	1.188257e+01
2.140000e-06	-1.400617e-02	1.205209e+01
2.150000e-06	-1.102340e-02	1.224046e+01
2.160000e-06	-1.227771e-02	1.238841e+01
2.170000e-06	-1.738039e-02	1.260631e+01
2.180000e-06	-2.450991e-02	1.271262e+01
2.190000e-06	-2.003019e-02	1.285259e+01
2.200000e-06	-1.318584e-02	1.299047e+01
2.210000e-06	-1.306008e-02	1.316731e+01
2.220000e-06	-1.444544e-02	1.332365e+01
2.230000e-06	-2.211081e-02	1.343044e+01
2.240000e-06	-1.497615e-02	1.358843e+01
2.250000e-06	-1.976043e-02	1.371512e+01
2.260000e-06	-1.935746e-02	1.387151e+01
2.270000e-06	-2.898431e-02	1.396521e+01
2.280000e-06	-2.411643e-02	1.412172e+01
2.290000e-06	-2.191846e-02	1.427946e+01
2.300000e-06	-2.000038e-02	1.435372e+01
2.310000e-06	-2.174308e-02	1.443943e+01
2.320000e-06	-2.645078e-02	1.452365e+01
2.330000e-06	-2.137489e-02	1.463743e+01
2.340000e-06	-2.580752e-02	1.468214e+01
2.350000e-06	-2.451005e-02	1.479623e+01
2.360000e-06	-3.310050e-02	1.479942e+01
2.370000e-06	-3.180527e-02	1.492365e+01
2.380000e-06	-3.199007e-02	1.495323e+01
2.390000e-06	-2.943304e-02	1.500728e+01
2.400000e-06	-3.357000e-02	1.502889e+01
2.410000e-06	-3.535719e-02	1.506099e+01
2.420000e-06	-3.330128e-02	1.510172e+01
2.430000e-06	-3.355924e-02	1.515425e+01
2.440000e-06	-3.359828e-02	1.519485e+01
2.450000e-06	-4.231096e-02	1.522541e+01
2.460000e-06	-4.317899e-02	1.520693e+01
2.470000e-06	-4.386692e-02	1.527836e+01
2.480000e-06	-4.348054e-02	1.525889e+01
2.490000e-06	-4.665348e-02	1.524741e+01
2.500000e-06	-4.975048e-02	1.523753e+01
2.510000e-06	-4.910206e-02	1.523843e+01
2.520000e-06	-4.967166e-02	1.519788e+01
2.530000e-06	-5.197698e-02	1.517323e+01
2.540000e-06	-5.800994e-02	1.513470e+01
2.550000e-06	-5.946703e-02	1.513310e+01
2.560000e-06	-5.883930e-02	1.503994e+01
2.570000e-06	-5.554372e-02	1.500733e+01
2.580000e-06	-5.796128e-02	1.498530e+01
2.590000e-06	-5.912341e-02	1.494360e+01
2.600000e-06	-5.686491e-02	1.486896e+01
2.610000e-06	-5.305192e-02	1.479640e+01
2.620000e-06	-4.989722e-02	1.475270e+01
2.630000e-06	-4.919271e-02	1.464151e+01
2.640000e-06	-4.669352e-02	1.461631e+01
2.650000e-06	-4.280853e-02	1.447999e+01
2.660000e-06	-3.816671e-02	1.442634e+01
2.670000e-06	-3.803542e-02	1.431154e+01
2.680000e-06	-3.727915e-02	1.417585e+01
2.690000e-06	-3.493574e-02	1.404949e+01
2.700000e-06	-3.170828e-02	1.398320e+01
2.710000e-06	-2.845916e-02	1.380836e+01
2.720000e-06	-2.964528e-02	1.369997e+01
2.730000e-06	-2.643866e-02	1.352466e+01
2.740000e-06	-2.691322e-02	1.340889e+01
2.750000e-06	-2.143026e-02	1.329159e+01
2.760000e-06	-2.322894e-02	1.317520e+01
2.770000e-06	-2.219524e-02	1.300691e+01
2.780000e-06	-2.242714e-02	1.285851e+01
2.790000e-06	-1.988571e-02	1.271254e+01
2.800000e-06	-1.959830e-02	1.257420e+01
2.810000e-06	-1.900546e-02	1.240523e+01
2.820000e-06	-1.876308e-02	1.220888e+01
2.830000e-06	-1.701001e-02	1.201784e+01
2.840000e-06	-1.582099e-02	1.181849e+01
2.850000e-06	-1.537972e-02	1.165812e+01
2.860000e-06	-1.696257e-02	1.144994e+01
2.870000e-06	-1.658109e-02	1.122797e+01
2.880000e-06	-1.492983e-02	1.108002e+01
2.890000e-06	-1.373415e-02	1.086152e+01
2.900000e-06	-1.416309e-02	1.068004e+01
2.910000e-06	-1.425020e-02	1.045046e+01
2.920000e-06	-1.264885e-02	1.024044e+01
2.930000e-06	-1.175006e-02	1.002996e+01
2.940000e-06	-1.147849e-02	9.828333e+00
2.950000e-06	-1.244123e-02	9.552758e+00
2.960000e-06	-1.275703e-02	9.386315e+00
2.970000e-06	-1.209537e-02	9.134783e+00
2.980000e-06	-1.052187e-02	8.912653e+00
2.990000e-06	-1.131282e-02	8.671647e+00
3.000000e-06	-1.137302e-02	8.479997e+00
3.010000e-06	-1.227683e-02	8.229517e+00
3.020000e-06	-1.014271e-02	7.977861e+00
3.030000e-06	-8.918485e-03	7.723655e+00
3.040000e-06	-1.028054e-02	7.469070e+00
3.050000e-06	-9.972988e-03	7.187815e+00
3.060000e-06	-8.953536e-03	6.934787e+00
3.070000e-06	-8.233119e-03	6.703202e+00
3.080000e-06	-8.705307e-03	6.457870e+00
3.090000e-06	-9.971509e-03	6.195840e+00
3.100000e-06	-9.660073e-03	5.945233e+00
3.110000e-06	-9.496770e-03	5.680074e+00
3.120000e-06	-8.000209e-03	5.387914e+00
3.130000e-06	-6.776449e-03	5.101158e+00
3.140000e-06	-6.989311e-03	4.795787e+00
3.150000e-06	-7.878311e-03	4.503683e+00
3.160000e-06	-7.967734e-03	4.241575e+00
3.170000e-06	-7.156367e-03	3.985394e+00
3.180000e-06	-7.471146e-03	3.674635e+00
3.190000e-06	-8.304645e-03	3.411026e+00
3.200000e-06	-7.244528e-03	3.136191e+00
3.210000e-06	-8.851987e-03	2.913128e+00
3.220000e-06	-3.618218e-03	2.617900e+00
3.230000e-06	-9.095525e-03	2.313661e+00
3.240000e-06	-2.475367e-03	2.070026e+00
3.250000e-06	-7.174930e-03	1.774892e+00
3.260000e-06	-4.555401e-03	1.451581e+00
3.270000e-06	-5.169879e-03	1.197396e+00
3.280000e-06	-8.418864e-03	8.505988e-01
3.290000e-06	-6.252400e-03	5.788447e-01
3.300000e-06	-6.415347e-03	3.042355e-01
3.310000e-06	-3.117524e-03	-7.382894e-05
3.320000e-06	3.297316e-03	-2.536095e-01
3.330000e-06	6.021571e-03	-5.173908e-01
3.340000e-06	-1.742866e-03	-7.931276e-01
3.350000e-06	3.289593e-03	-1.044704e+00
3.360000e-06	-3.948643e-03	-1.358940e+00
3.370000e-06	-1.234322e-03	-1.602129e+00
3.380000e-06	2.590222e-03	-1.853729e+00
3.390000e-06	5.234651e-02	-2.042758e+00
3.400000e-06	8.486054e-02	-2.380050e+00
3.410000e-06	-6.924340e-02	-2.790598e+00
3.420000e-06	-8.814422e-03	-3.211615e+00
3.430000e-06	-4.669507e-02	-3.430600e+00
3.440000e-06	-4.110878e-02	-3.610571e+00
3.450000e-06	-4.432060e-02	-3.821026e+00
3.460000e-06	1.552600e-01	-4.020949e+00
3.470000e-06	-1.395551e-01	-4.307208e+00
3.480000e-06	9.308737e-02	-4.530412e+00
3.490000e-06	2.548293e-02	-4.811023e+00
3.500000e-06	-6.978114e-02	-5.188913e+00
3.510000e-06	1.187764e-01	-5.462395e+00
3.520000e-06	-1.590279e-01	-5.757388e+00
3.530000e-06	5.795570e-02	-6.009967e+00
3.540000e-06	5.722283e-03	-6.262073e+00
3.550000e-06	-2.410582e-02	-6.524290e+00
3.560000e-06	1.063406e-01	-6.777892e+00
3.570000e-06	-1.150845e-01	-7.093625e+00
3.580000e-06	1.042632e-01	-7.336860e+00
3.590000e-06	-5.917924e-02	-7.600357e+00
3.600000e-06	3.269323e-02	-7.914704e+00
3.610000e-06	1.156338e-02	-8.116153e+00
3.620000e-06	-7.568372e-02	-8.358381e+00
3.630000e-06	1.257983e-01	-8.597889e+00
3.640000e-06	-7.929071e-02	-8.853070e+00
3.650000e-06	8.072780e-02	-9.064148e+00
3.660000e-06	-7.140675e-02	-9.273673e+00
3.670000e-06	3.434666e-02	-9.527907e+00
3.680000e-06	2.046982e-02	-9.765836e+00
3.690000e-06	-7.731870e-03	-9.977331e+00
3.700000e-06	4.591677e-02	-1.015833e+01
3.710000e-06	-5.766966e-02	-1.041944e+01
3.720000e-06	7.098336e-02	-1.058941e+01
3.730000e-06	-3.835086e-02	-1.079938e+01
3.740000e-06	4.628490e-02	-1.102994e+01
3.750000e-06	-3.975816e-02	-1.122791e+01
3.760000e-06	2.762680e-02	-1.142791e+01
3.770000e-06	1.521978e-02	-1.163939e+01
3.780000e-06	2.056477e-02	-1.182999e+01
3.790000e-06	1.188293e-02	-1.202046e+01
3.800000e-06	-1.370294e-02	-1.221684e+01
3.810000e-06	2.629560e-02	-1.235691e+01
3.820000e-06	-5.639486e-04	-1.258678e+01
3.830000e-06	2.560078e-02	-1.273310e+01
3.840000e-06	-1.229935e-02	-1.288159e+01
3.850000e-06	2.271798e-02	-1.302894e+01
3.860000e-06	1.510923e-02	-1.315623e+01
3.870000e-06	3.127729e-02	-1.336312e+01
3.880000e-06	3.558769e-03	-1.347902e+01
3.890000e-06	6.692934e-03	-1.359735e+01
3.900000e-06	9.892891e-03	-1.374367e+01
3.910000e-06	2.271487e-02	-1.385104e+01
3.920000e-06	1.507879e-02	-1.399780e+01
3.930000e-06	1.025912e-02	-1.413112e+01
3.940000e-06	1.245384e-02	-1.420986e+01
3.950000e-06	2.536359e-02	-1.434475e+01
3.960000e-06	2.681120e-02	-1.442798e+01
3.970000e-06	1.640288e-02	-1.452477e+01
3.980000e-06	1.285366e-02	-1.461843e+01
3.990000e-06	1.670963e-02	-1.469110e+01
4.000000e-06	2.914378e-02	-1.478773e+01
4.010000e-06	2.169305e-02	-1.492001e+01
4.020000e-06	1.808702e-02	-1.490564e+01
4.030000e-06	1.695757e-02	-1.499778e+01
4.040000e-06	2.938417e-02	-1.506846e+01
4.050000e-06	3.068791e-02	-1.512257e+01
4.060000e-06	2.666896e-02	-1.514380e+01
4.070000e-06	2.247721e-02	-1.517630e+01
4.080000e-06	2.818252e-02	-1.517736e+01
4.090000e-06	3.482378e-02	-1.531846e+01
4.100000e-06	3.283310e-02	-1.534054e+01
4.110000e-06	2.916626e-02	-1.531212e+01
4.120000e-06	2.796105e-02	-1.533322e+01
4.130000e-06	3.586917e-02	-1.532517e+01
4.140000e-06	4.180919e-02	-1.532417e+01
4.150000e-06	4.205203e-02	-1.535275e+01
4.160000e-06	3.896402e-02	-1.533162e+01
4.170000e-06	4.143870e-02	-1.536219e+01
4.180000e-06	4.728636e-02	-1.530259e+01
4.190000e-06	4.918932e-02	-1.523999e+01
4.200000e-06	4.633125e-02	-1.524838e+01
4.210000e-06	4.505646e-02	-1.522578e+01
4.220000e-06	5.097056e-02	-1.516422e+01
4.230000e-06	5.333627e-02	-1.508207e+01
4.240000e-06	5.383575e-02	-1.506949e+01
4.250000e-06	4.748980e-02	-1.503788e+01
4.260000e-06	4.654185e-02	-1.497523e+01
4.270000e-06	4.730716e-02	-1.488052e+01
4.280000e-06	4.576437e-02	-1.482638e+01
4.290000e-06	3.995083e-02	-1.470212e+01
4.300000e-06	3.463634e-02	-1.465744e+01
4.310000e-06	3.493449e-02	-1.457478e+01
4.320000e-06	3.467966e-02	-1.446854e+01
4.330000e-06	3.183964e-02	-1.440475e+01
4.340000e-06	2.555221e-02	-1.425951e+01
4.350000e-06	2.424075e-02	-1.419412e+01
4.360000e-06	2.400339e-02	-1.406736e+01
4.370000e-06	2.395551e-02	-1.393057e+01
4.380000e-06	1.969243e-02	-1.376575e+01
4.390000e-06	1.676817e-02	-1.367893e+01
4.400000e-06	1.584319e-02	-1.350062e+01
4.410000e-06	1.720134e-02	-1.338625e+01
4.420000e-06	1.517654e-02	-1.324686e+01
4.430000e-06	1.290524e-02	-1.309104e+01
4.440000e-06	1.020177e-02	-1.293375e+01
4.450000e-06	1.251661e-02	-1.277635e+01
4.460000e-06	1.292235e-02	-1.263744e+01
4.470000e-06	1.064351e-02	-1.246999e+01
4.480000e-06	6.585953e-03	-1.229159e+01
4.490000e-06	7.363487e-03	-1.214360e+01
4.500000e-06	7.848945e-03	-1.196268e+01
4.510000e-06	6.777837e-03	-1.175368e+01
4.520000e-06	4.935169e-03	-1.151257e+01
4.530000e-06	4.054291e-03	-1.132112e+01
4.540000e-06	5.514714e-03	-1.107150e+01
4.550000e-06	7.016097e-03	-1.087165e+01
4.560000e-06	5.217335e-03	-1.072220e+01
4.570000e-06	3.105820e-03	-1.053012e+01
4.580000e-06	3.022093e-03	-1.034214e+01
4.590000e-06	3.625264e-03	-1.006947e+01
4.600000e-06	4.385508e-03	-9.861047e+00
4.610000e-06	1.538833e-03	-9.650442e+00
4.620000e-06	9.929689e-05	-9.477891e+00
4.630000e-06	7.707746e-04	-9.216836e+00
4.640000e-06	2.538152e-03	-9.028332e+00
4.650000e-06	2.158810e-03	-8.785752e+00
4.660000e-06	5.117072e-04	-8.522577e+00
4.670000e-06	-8.706378e-04	-8.291623e+00
4.680000e-06	4.660793e-04	-8.019094e+00
4.690000e-06	8.594205e-04	-7.816363e+00
4.700000e-06	-1.438547e-03	-7.532180e+00
4.710000e-06	-2.023874e-03	-7.268541e+00
4.720000e-06	-1.844438e-03	-7.027938e+00
4.730000e-06	-2.821258e-04	-6.753758e+00
4.740000e-06	-1.854487e-03	-6.492079e+00
4.750000e-06	-1.551696e-03	-6.250396e+00
4.760000e-06	-2.937590e-03	-5.966334e+00
4.770000e-06	-1.302338e-03	-5.712651e+00
4.780000e-06	-2.951719e-03	-5.469390e+00
4.790000e-06	-2.680356e-03	-5.134782e+00
4.800000e-06	-5.787857e-03	-4.775338e+00
4.810000e-06	-2.769291e-03	-4.545760e+00
4.820000e-06	-3.783461e-03	-4.283182e+00
4.830000e-06	-3.020279e-03	-4.030523e+00
4.840000e-06	-5.783684e-03	-3.804811e+00
4.850000e-06	-4.823181e-03	-3.522704e+00
4.860000e-06	-5.086866e-03	-3.230020e+00
4.870000e-06	-3.122582e-03	-2.913208e+00
4.880000e-06	-4.707626e-03	-2.671546e+00
4.890000e-06	-4.748533e-03	-2.336969e+00
4.900000e-06	-4.804366e-03	-2.083182e+00
4.910000e-06	-4.070092e-03	-1.819050e+00
4.920000e-06	-5.171418e-03	-1.557336e+00
4.930000e-06	-7.374822e-03	-1.179450e+00
4.940000e-06	-7.341407e-03	-9.347343e-01
4.950000e-06	-6.459029e-03	-6.210324e-01
4.960000e-06	-4.303201e-03	-3.548208e-01
4.970000e-06	-3.467360e-03	-9.263808e-02
4.980000e-06	4.402089e-03	2.100012e-01
4.990000e-06	4.188892e-04	4.942333e-01
5.000000e-06	-5.432579e-04	7.072646e-01
5.010000e-06	-6.041196e-04	9.988423e-01
5.020000e-06	-4.274884e-03	1.244684e+00
5.030000e-06	-4.023775e-03	1.578849e+00
5.040000e-06	1.198409e-04	1.812154e+00
5.050000e-06	2.573060e-02	2.061655e+00
5.060000e-06	7.576387e-02	2.355315e+00
5.070000e-06	-7.459144e-03	2.666636e+00
5.080000e-06	-6.222112e-02	2.969950e+00
5.090000e-06	-2.757623e-02	3.232680e+00
5.100000e-06	-2.481438e-02	3.536762e+00
5.110000e-06	-6.564281e-02	3.807845e+00
5.120000e-06	-1.767857e-02	3.927345e+00
5.130000e-06	1.039894e-01	4.262525e+00
5.140000e-06	-1.073304e-01	4.527387e+00
5.150000e-06	6.771256e-02	4.767817e+00
5.160000e-06	6.146728e-02	5.149656e+00
5.170000e-06	-8.026001e-02	5.391068e+00
5.180000e-06	4.505380e-02	5.652195e+00
5.190000e-06	-7.429985e-02	5.937284e+00
5.200000e-06	2.903337e-02	6.168989e+00
5.210000e-06	-9.965419e-03	6.494124e+00
5.220000e-06	-1.949867e-02	6.726758e+00
5.230000e-06	2.454153e-02	6.979437e+00
5.240000e-06	-4.032378e-02	7.252571e+00
5.250000e-06	3.120481e-02	7.535256e+00
5.260000e-06	-4.237786e-02	7.779910e+00
5.270000e-06	1.059958e-02	8.063523e+00
5.280000e-06	-1.130659e-02	8.304155e+00
5.290000e-06	-2.510578e-02	8.505283e+00
5.300000e-06	4.071472e-02	8.755206e+00
5.310000e-06	-4.604567e-02	8.957811e+00
5.320000e-06	6.362104e-03	9.228916e+00
5.330000e-06	-3.290137e-02	9.429495e+00
5.340000e-06	1.402012e-02	9.632068e+00
5.350000e-06	-1.892043e-02	9.883124e+00
5.360000e-06	-5.317011e-03	1.009518e+01
5.370000e-06	-7.630811e-03	1.028315e+01
5.380000e-06	-1.287670e-02	1.054575e+01
5.390000e-06	2.428242e-03	1.074468e+01
5.400000e-06	-2.717805e-02	1.095623e+01
5.410000e-06	-1.001756e-02	1.109523e+01
5.420000e-06	-2.444519e-02	1.132420e+01
5.430000e-06	-2.638853e-05	1.154510e+01
5.440000e-06	-1.500601e-02	1.177576e+01
5.450000e-06	-6.949661e-03	1.193365e+01
5.460000e-06	-2.000430e-02	1.210370e+01
5.470000e-06	-1.068761e-02	1.231202e+01
5.480000e-06	-1.322162e-02	1.248901e+01
5.490000e-06	-1.843272e-02	1.258839e+01
5.500000e-06	-1.931326e-02	1.272528e+01
5.510000e-06	-2.146882e-02	1.293418e+01
5.520000e-06	-9.097089e-03	1.309197e+01
5.530000e-06	-1.718134e-02	1.318736e+01
5.540000e-06	-1.425060e-02	1.337778e+01
5.550000e-06	-2.548589e-02	1.351150e+01
5.560000e-06	-1.624377e-02	1.362886e+01
5.570000e-06	-1.948896e-02	1.377618e+01
5.580000e-06	-1.905318e-02	1.389199e+01
5.590000e-06	-2.556712e-02	1.400790e+01
5.600000e-06	-2.483817e-02	1.417367e+01
5.610000e-06	-1.966149e-02	1.427957e+01
5.620000e-06	-2.300983e-02	1.439580e+01
5.630000e-06	-2.226006e-02	1.445946e+01
5.640000e-06	-2.888286e-02	1.454485e+01
5.650000e-06	-2.343946e-02	1.462844e+01
5.660000e-06	-2.481258e-02	1.471259e+01
5.670000e-06	-2.491917e-02	1.479633e+01
5.680000e-06	-3.036585e-02	1.482994e+01
5.690000e-06	-3.283269e-02	1.494270e+01
5.700000e-06	-2.996344e-02	1.493323e+01
5.710000e-06	-3.105145e-02	1.501788e+01
5.720000e-06	-3.194398e-02	1.503096e+01
5.730000e-06	-3.798740e-02	1.512204e+01
5.740000e-06	-3.375121e-02	1.512375e+01
5.750000e-06	-3.518919e-02	1.518418e+01
5.760000e-06	-3.427454e-02	1.519578e+01
5.770000e-06	-4.156616e-02	1.522580e+01
5.780000e-06	-4.317465e-02	1.523641e+01
5.790000e-06	-4.435281e-02	1.523001e+01
5.800000e-06	-4.404045e-02	1.527836e+01
5.810000e-06	-4.555925e-02	1.522738e+01
5.820000e-06	-4.980092e-02	1.526688e+01
5.830000e-06	-4.986005e-02	1.524686e+01
5.840000e-06	-5.174556e-02	1.521728e+01
5.850000e-06	-5.200102e-02	1.520513e+01
5.860000e-06	-5.747737e-02	1.512220e+01
5.870000e-06	-5.830399e-02	1.512159e+01
5.880000e-06	-5.839224e-02	1.506944e+01
5.890000e-06	-5.736232e-02	1.499688e+01
5.900000e-06	-5.773324e-02	1.498573e+01
5.910000e-06	-5.898291e-02	1.489959e+01
5.920000e-06	-5.581043e-02	1.481641e+01
5.930000e-06	-5.352977e-02	1.478433e+01
5.940000e-06	-4.962691e-02	1.471212e+01
5.950000e-06	-4.839370e-02	1.465736e+01
5.960000e-06	-4.601645e-02	1.455465e+01
5.970000e-06	-4.302867e-02	1.447909e+01
5.980000e-06	-3.889178e-02	1.437520e+01
5.990000e-06	-3.611923e-02	1.426101e+01
6.000000e-06	-3.643004e-02	1.413265e+01
6.010000e-06	-3.333892e-02	1.407744e+01
6.020000e-06	-3.209651e-02	1.394320e+01
6.030000e-06	-2.802548e-02	1.378676e+01
6.040000e-06	-2.963497e-02	1.365157e+01
6.050000e-06	-2.649666e-02	1.353160e+01
6.060000e-06	-2.566866e-02	1.338586e+01
6.070000e-06	-2.316248e-02	1.326097e+01
6.080000e-06	-2.311121e-02	1.309360e+01
6.090000e-06	-2.228242e-02	1.298481e+01
6.100000e-06	-2.249070e-02	1.282638e+01
6.110000e-06	-2.051051e-02	1.264097e+01
6.120000e-06	-1.964004e-02	1.250168e+01
6.130000e-06	-1.898718e-02	1.236273e+01
6.140000e-06	-1.851260e-02	1.217629e+01
6.150000e-06	-1.698147e-02	1.200478e+01
6.160000e-06	-1.591886e-02	1.180536e+01
6.170000e-06	-1.510010e-02	1.161748e+01
6.180000e-06	-1.668008e-02	1.139836e+01
6.190000e-06	-1.632031e-02	1.121686e+01
6.200000e-06	-1.520226e-02	1.102742e+01
6.210000e-06	-1.360393e-02	1.083799e+01
6.220000e-06	-1.339423e-02	1.061741e+01
6.230000e-06	-1.339279e-02	1.042533e+01
6.240000e-06	-1.287401e-02	1.019689e+01
6.250000e-06	-1.264862e-02	1.000671e+01
6.260000e-06	-1.180520e-02	9.774082e+00
6.270000e-06	-1.217288e-02	9.503104e+00
6.280000e-06	-1.273155e-02	9.333130e+00
6.290000e-06	-1.206056e-02	9.093197e+00
6.300000e-06	-1.106961e-02	8.849443e+00
6.310000e-06	-1.039091e-02	8.607848e+00
6.320000e-06	-1.155764e-02	8.417364e+00
6.330000e-06	-1.098862e-02	8.187284e+00
6.340000e-06	-1.040373e-02	7.902155e+00
6.350000e-06	-9.021214e-03	7.660620e+00
6.360000e-06	-9.529757e-03	7.396862e+00
6.370000e-06	-9.521021e-03	7.134284e+00
6.380000e-06	-9.293250e-03	6.902630e+00
6.390000e-06	-8.735297e-03	6.650499e+00
6.400000e-06	-8.995942e-03	6.364361e+00
6.410000e-06	-1.029982e-02	6.124207e+00
6.420000e-06	-9.479015e-03	5.902100e+00
6.430000e-06	-8.059652e-03	5.575867e+00
6.440000e-06	-7.801654e-03	5.315236e+00
6.450000e-06	-7.878057e-03	5.078816e+00
6.460000e-06	-8.120852e-03	4.704205e+00
6.470000e-06	-7.003893e-03	4.493074e+00
6.480000e-06	-6.756080e-03	4.204912e+00
6.490000e-06	-7.398044e-03	3.882609e+00
6.500000e-06	-7.941335e-03	3.632098e+00
6.510000e-06	-7.207931e-03	3.426835e+00
6.520000e-06	-7.238220e-03	3.092233e+00
6.530000e-06	-7.048458e-03	2.808601e+00
6.540000e-06	-6.704260e-03	2.534736e+00
6.550000e-06	-7.138756e-03	2.229924e+00
6.560000e-06	-6.323463e-03	1.986920e+00
6.570000e-06	-5.361471e-03	1.684163e+00
6.580000e-06	-5.130797e-03	1.388449e+00
6.590000e-06	-6.165217e-03	1.112083e+00
6.600000e-06	-5.827207e-03	7.983447e-01
6.610000e-06	-5.255066e-03	5.532167e-01
6.620000e-06	-4.371566e-03	2.380303e-01
6.630000e-06	-3.438147e-03	-4.470916e-02
6.640000e-06	4.163639e-03	-3.074158e-01
6.650000e-06	2.289776e-03	-5.500239e-01
6.660000e-06	-5.282895e-04	-8.632317e-01
6.670000e-06	6.448348e-04	-1.124784e+00
6.680000e-06	-1.857518e-03	-1.423529e+00
6.690000e-06	-1.889340e-03	-1.675202e+00
6.700000e-06	1.233219e-02	-1.915787e+00
6.710000e-06	7.033839e-02	-2.125363e+00
6.720000e-06	5.288113e-02	-2.504837e+00
6.730000e-06	-7.685943e-02	-2.865259e+00
6.740000e-06	-3.317648e-03	-3.252702e+00
6.750000e-06	-4.975008e-02	-3.463632e+00
6.760000e-06	-5.293745e-02	-3.642148e+00
6.770000e-06	5.427481e-03	-3.914629e+00
6.780000e-06	1.229770e-01	-4.054683e+00
6.790000e-06	-1.558097e-01	-4.359967e+00
6.800000e-06	1.583194e-01	-4.609446e+00
6.810000e-06	-6.143092e-02	-4.917779e+00
6.820000e-06	1.345111e-02	-5.243048e+00
6.830000e-06	5.751475e-02	-5.544203e+00
6.840000e-06	-1.527542e-01	-5.811497e+00
6.850000e-06	1.043309e-01	-6.001519e+00
6.860000e-06	-5.137530e-02	-6.305107e+00
6.870000e-06	4.079150e-02	-6.619564e+00
6.880000e-06	4.750358e-02	-6.809619e+00
6.890000e-06	-8.865011e-02	-7.186780e+00
6.900000e-06	1.135629e-01	-7.347914e+00
6.910000e-06	-9.474535e-02	-7.653143e+00
6.920000e-06	8.602009e-02	-7.947408e+00
6.930000e-06	-5.819675e-02	-8.167360e+00
6.940000e-06	-4.662723e-03	-8.421494e+00
6.950000e-06	8.535237e-02	-8.670672e+00
6.960000e-06	-6.850032e-02	-8.875181e+00
6.970000e-06	8.319042e-02	-9.116755e+00
6.980000e-06	-9.550102e-02	-9.326308e+00
6.990000e-06	7.948804e-02	-9.566955e+00
7.000000e-06	-2.561396e-02	-9.768358e+00
7.010000e-06	3.517347e-02	-1.001994e+01
7.020000e-06	1.840866e-03	-1.022144e+01
7.030000e-06	-2.113913e-02	-1.048267e+01
7.040000e-06	5.460169e-02	-1.062055e+01
7.050000e-06	-3.258883e-02	-1.086200e+01
7.060000e-06	4.414981e-02	-1.106099e+01
7.070000e-06	-4.847354e-02	-1.129154e+01
7.080000e-06	4.738121e-02	-1.144160e+01
7.090000e-06	-2.161857e-03	-1.167211e+01
7.100000e-06	3.617826e-02	-1.190257e+01
7.110000e-06	-8.165559e-03	-1.206254e+01
7.120000e-06	5.632845e-03	-1.224057e+01
7.130000e-06	1.750885e-02	-1.241741e+01
7.140000e-06	7.333124e-03	-1.258688e+01
7.150000e-06	1.649892e-02	-1.276520e+01
7.160000e-06	-8.878342e-03	-1.293265e+01
7.170000e-06	2.464091e-02	-1.304102e+01
7.180000e-06	1.486882e-02	-1.323735e+01
7.190000e-06	2.820807e-02	-1.337625e+01
7.200000e-06	-3.272608e-04	-1.348297e+01
7.210000e-06	1.300258e-02	-1.362846e+01
7.220000e-06	1.281769e-02	-1.375527e+01
7.230000e-06	2.416549e-02	-1.389207e+01
7.240000e-06	9.652795e-03	-1.402681e+01
7.250000e-06	1.120842e-02	-1.410462e+01
7.260000e-06	1.315823e-02	-1.427051e+01
7.270000e-06	2.812267e-02	-1.436527e+01
7.280000e-06	2.172634e-02	-1.451049e+01
7.290000e-06	1.657389e-02	-1.457625e+01
7.300000e-06	1.407728e-02	-1.462944e+01
7.310000e-06	2.241106e-02	-1.473315e+01
7.320000e-06	2.753939e-02	-1.476638e+01
7.330000e-06	1.989782e-02	-1.488202e+01
7.340000e-06	1.683540e-02	-1.492470e+01
7.350000e-06	1.857630e-02	-1.500893e+01
7.360000e-06	3.103206e-02	-1.507099e+01
7.370000e-06	2.945517e-02	-1.512200e+01
7.380000e-06	2.542724e-02	-1.514323e+01
7.390000e-06	2.342206e-02	-1.523596e+01
7.400000e-06	3.043607e-02	-1.522791e+01
7.410000e-06	3.534315e-02	-1.524098e+01
7.420000e-06	3.122723e-02	-1.527259e+01
7.430000e-06	2.717939e-02	-1.531217e+01
7.440000e-06	3.009918e-02	-1.535317e+01
7.450000e-06	4.010939e-02	-1.537419e+01
7.460000e-06	4.219453e-02	-1.532269e+01
7.470000e-06	4.082353e-02	-1.534270e+01
7.480000e-06	3.769331e-02	-1.529167e+01
7.490000e-06	4.373623e-02	-1.530264e+01
7.500000e-06	4.913153e-02	-1.528114e+01
7.510000e-06	4.824200e-02	-1.527844e+01
7.520000e-06	4.472694e-02	-1.522740e+01
7.530000e-06	4.635255e-02	-1.517630e+01
7.540000e-06	5.388554e-02	-1.516467e+01
7.550000e-06	5.374854e-02	-1.511159e+01
7.560000e-06	5.183611e-02	-1.505949e+01
7.570000e-06	4.403699e-02	-1.501783e+01
7.580000e-06	4.784255e-02	-1.492419e+01
7.590000e-06	4.729840e-02	-1.488901e+01
7.600000e-06	4.557539e-02	-1.481570e+01
7.610000e-06	3.757001e-02	-1.472157e+01
7.620000e-06	3.501896e-02	-1.463896e+01
7.630000e-06	3.547226e-02	-1.448363e+01
7.640000e-06	3.503376e-02	-1.442893e+01
7.650000e-06	2.989421e-02	-1.437215e+01
7.660000e-06	2.407134e-02	-1.426096e+01
7.670000e-06	2.395209e-02	-1.416162e+01
7.680000e-06	2.485332e-02	-1.401571e+01
7.690000e-06	2.364680e-02	-1.383952e+01
7.700000e-06	1.770672e-02	-1.374468e+01
7.710000e-06	1.554216e-02	-1.360638e+01
7.720000e-06	1.652471e-02	-1.348001e+01
7.730000e-06	1.818235e-02	-1.333428e+01
7.740000e-06	1.425846e-02	-1.321588e+01
7.750000e-06	1.136881e-02	-1.307007e+01
7.760000e-06	1.129880e-02	-1.287158e+01
7.770000e-06	1.317722e-02	-1.278223e+01
7.780000e-06	1.282397e-02	-1.260726e+01
7.790000e-06	8.520434e-03	-1.241786e+01
7.800000e-06	6.970934e-03	-1.230052e+01
7.810000e-06	7.049866e-03	-1.206012e+01
7.820000e-06	8.903131e-03	-1.192259e+01
7.830000e-06	6.822988e-03	-1.168091e+01
7.840000e-06	4.425788e-03	-1.146914e+01
7.850000e-06	4.257267e-03	-1.124852e+01
7.860000e-06	6.470741e-03	-1.108889e+01
7.870000e-06	6.252039e-03	-1.084904e+01
7.880000e-06	4.806817e-03	-1.068102e+01
7.890000e-06	2.533855e-03	-1.046052e+01
7.900000e-06	2.818281e-03	-1.022891e+01
7.910000e-06	3.776524e-03	-1.003734e+01
7.920000e-06	2.811589e-03	-9.818891e+00
7.930000e-06	2.260947e-04	-9.608965e+00
7.940000e-06	6.177948e-04	-9.374858e+00
7.950000e-06	2.235207e-03	-9.134332e+00
7.960000e-06	3.157493e-03	-8.972807e+00
7.970000e-06	1.080226e-03	-8.702724e+00
7.980000e-06	-3.260278e-04	-8.489943e+00
7.990000e-06	-1.411544e-04	-8.237966e+00
8.000000e-06	1.707576e-03	-7.965937e+00
8.010000e-06	-6.749398e-04	-7.712228e+00
8.020000e-06	-2.496960e-03	-7.471517e+00
8.030000e-06	-2.224876e-03	-7.188392e+00
8.040000e-06	-9.384233e-04	-6.985184e+00
8.050000e-06	-3.733223e-04	-6.680576e+00
8.060000e-06	-1.570955e-03	-6.419020e+00
8.070000e-06	-2.670222e-03	-6.195758e+00
8.080000e-06	-4.600228e-03	-5.904177e+00
8.090000e-06	-5.176442e-04	-5.640444e+00
8.100000e-06	-2.788725e-03	-5.395254e+00
8.110000e-06	-2.954494e-03	-5.061098e+00
8.120000e-06	-5.156858e-03	-4.743678e+00
8.130000e-06	-2.417513e-03	-4.461154e+00
8.140000e-06	-3.333385e-03	-4.221026e+00
8.150000e-06	-3.048580e-03	-3.957920e+00
8.160000e-06	-5.514263e-03	-3.713154e+00
8.170000e-06	-5.573741e-03	-3.430521e+00
8.180000e-06	-4.144203e-03	-3.155763e+00
8.190000e-06	-3.290254e-03	-2.880101e+00
8.200000e-06	-4.278126e-03	-2.598896e+00
8.210000e-06	-5.951482e-03	-2.344787e+00
8.220000e-06	-4.746335e-03	-2.030024e+00
8.230000e-06	-4.014370e-03	-1.766969e+00
8.240000e-06	-5.426814e-03	-1.462109e+00
8.250000e-06	-7.504031e-03	-1.125268e+00
8.260000e-06	-7.639232e-03	-8.816815e-01
8.270000e-06	-6.465527e-03	-5.768957e-01
8.280000e-06	-3.445506e-03	-2.846618e-01
8.290000e-06	-1.982418e-03	-5.113149e-02
8.300000e-06	5.728528e-03	2.552145e-01
8.310000e-06	-3.169538e-03	5.178184e-01
8.320000e-06	2.210870e-03	7.483925e-01
8.330000e-06	-3.875512e-03	1.023533e+00
8.340000e-06	-2.313272e-03	1.347266e+00
8.350000e-06	-5.624154e-03	1.603608e+00
8.360000e-06	5.806118e-03	1.893237e+00
8.370000e-06	3.305800e-02	2.086216e+00
8.380000e-06	7.987192e-02	2.409474e+00
8.390000e-06	-4.599969e-02	2.769971e+00
8.400000e-06	-4.306376e-02	3.063082e+00
8.410000e-06	-3.653661e-02	3.304838e+00
8.420000e-06	-1.957631e-02	3.611096e+00
8.430000e-06	-8.000652e-02	3.820470e+00
8.440000e-06	2.816407e-02	4.020317e+00
8.450000e-06	7.813701e-02	4.336759e+00
8.460000e-06	-1.278991e-01	4.599895e+00
8.470000e-06	1.367530e-01	4.810471e+00
8.480000e-06	-1.672389e-02	5.198390e+00
8.490000e-06	-3.541672e-02	5.452523e+00
8.500000e-06	1.634777e-02	5.725732e+00
8.510000e-06	-6.413014e-02	5.989470e+00
8.520000e-06	4.083192e-02	6.219999e+00
8.530000e-06	-2.943200e-02	6.535281e+00
8.540000e-06	4.041614e-04	6.788386e+00
8.550000e-06	5.668170e-03	7.032498e+00
8.560000e-06	-2.618048e-02	7.326253e+00
8.570000e-06	2.573559e-02	7.578291e+00
8.580000e-06	-4.670174e-02	7.832547e+00
8.590000e-06	2.185376e-02	8.105629e+00
8.600000e-06	-2.922584e-02	8.365866e+00
8.610000e-06	-1.522974e-03	8.567911e+00
8.620000e-06	2.596407e-02	8.767915e+00
8.630000e-06	-4.784858e-02	9.018470e+00
8.640000e-06	1.043376e-02	9.241574e+00
8.650000e-06	-3.466042e-02	9.491051e+00
8.660000e-06	2.153023e-02	9.703727e+00
8.670000e-06	-2.803286e-02	9.924732e+00
8.680000e-06	1.161899e-03	1.013786e+01
8.690000e-06	-1.376819e-02	1.037626e+01
8.700000e-06	-8.710697e-03	1.060778e+01
8.710000e-06	-1.570014e-03	1.077681e+01
8.720000e-06	-2.992982e-02	1.096783e+01
8.730000e-06	-7.692917e-03	1.115623e+01
8.740000e-06	-2.416114e-02	1.134768e+01
8.750000e-06	4.668206e-03	1.159889e+01
8.760000e-06	-1.743687e-02	1.180631e+01
8.770000e-06	-7.415193e-03	1.195522e+01
8.780000e-06	-2.063611e-02	1.219475e+01
8.790000e-06	-1.072202e-02	1.231415e+01
8.800000e-06	-1.330431e-02	1.247167e+01
8.810000e-06	-2.139545e-02	1.260999e+01
8.820000e-06	-1.776372e-02	1.277631e+01
8.830000e-06	-2.119181e-02	1.295525e+01
8.840000e-06	-7.189688e-03	1.312204e+01
8.850000e-06	-1.761582e-02	1.320006e+01
8.860000e-06	-1.588097e-02	1.338685e+01
8.870000e-06	-2.467226e-02	1.351265e+01
8.880000e-06	-1.699472e-02	1.363037e+01
8.890000e-06	-1.883146e-02	1.379638e+01
8.900000e-06	-2.231283e-02	1.391204e+01
8.910000e-06	-2.516343e-02	1.402086e+01
8.920000e-06	-2.433106e-02	1.417467e+01
8.930000e-06	-1.768031e-02	1.432057e+01
8.940000e-06	-2.286192e-02	1.443735e+01
8.950000e-06	-2.333709e-02	1.452049e+01
8.960000e-06	-2.791620e-02	1.457580e+01
8.970000e-06	-2.378337e-02	1.468959e+01
8.980000e-06	-2.475294e-02	1.471330e+01
8.990000e-06	-2.735365e-02	1.479526e+01
9.000000e-06	-3.099288e-02	1.482044e+01
9.010000e-06	-3.343497e-02	1.492262e+01
9.020000e-06	-2.933850e-02	1.498430e+01
9.030000e-06	-3.226061e-02	1.500841e+01
9.040000e-06	-3.257577e-02	1.504951e+01
9.050000e-06	-3.636893e-02	1.505155e+01
9.060000e-06	-3.236024e-02	1.514365e+01
9.070000e-06	-3.381870e-02	1.513376e+01
9.080000e-06	-3.700551e-02	1.520385e+01
9.090000e-06	-4.179471e-02	1.524588e+01
9.100000e-06	-4.424216e-02	1.525841e+01
9.110000e-06	-4.258398e-02	1.525993e+01
9.120000e-06	-4.509495e-02	1.524896e+01
9.130000e-06	-4.676491e-02	1.526046e+01
9.140000e-06	-5.002675e-02	1.525691e+01
9.150000e-06	-4.911102e-02	1.519703e+01
9.160000e-06	-5.120027e-02	1.519535e+01
9.170000e-06	-5.425167e-02	1.512375e+01
9.180000e-06	-5.806169e-02	1.513160e+01
9.190000e-06	-5.909144e-02	1.510157e+01
9.200000e-06	-5.655702e-02	1.502886e+01
9.210000e-06	-5.669915e-02	1.495631e+01
9.220000e-06	-5.805252e-02	1.498428e+01
9.230000e-06	-5.947078e-02	1.493165e+01
9.240000e-06	-5.463575e-02	1.484791e+01
9.250000e-06	-5.117834e-02	1.478318e+01
9.260000e-06	-4.918057e-02	1.470114e+01
9.270000e-06	-4.887419e-02	1.462596e+01
9.280000e-06	-4.559082e-02	1.452313e+01
9.290000e-06	-4.000896e-02	1.445741e+01
9.300000e-06	-3.770951e-02	1.436515e+01
9.310000e-06	-3.662761e-02	1.425794e+01
9.320000e-06	-3.860169e-02	1.414374e+01
9.330000e-06	-3.252497e-02	1.399541e+01
9.340000e-06	-3.142188e-02	1.394207e+01
9.350000e-06	-2.762019e-02	1.378420e+01
9.360000e-06	-2.995132e-02	1.367796e+01
9.370000e-06	-2.684474e-02	1.348105e+01
9.380000e-06	-2.413740e-02	1.336480e+01
9.390000e-06	-2.141365e-02	1.322641e+01
9.400000e-06	-2.269000e-02	1.307057e+01
9.410000e-06	-2.338632e-02	1.295515e+01
9.420000e-06	-2.160168e-02	1.277431e+01
9.430000e-06	-1.929985e-02	1.261799e+01
9.440000e-06	-1.895233e-02	1.248159e+01
9.450000e-06	-1.937046e-02	1.234158e+01
9.460000e-06	-1.873214e-02	1.213450e+01
9.470000e-06	-1.621935e-02	1.195415e+01
9.480000e-06	-1.523059e-02	1.180428e+01
9.490000e-06	-1.607324e-02	1.155676e+01
9.500000e-06	-1.708507e-02	1.140474e+01
9.510000e-06	-1.651047e-02	1.117326e+01
9.520000e-06	-1.360613e-02	1.099733e+01
9.530000e-06	-1.328889e-02	1.080593e+01
9.540000e-06	-1.328712e-02	1.057473e+01
9.550000e-06	-1.430277e-02	1.037268e+01
9.560000e-06	-1.202989e-02	1.016418e+01
9.570000e-06	-1.193740e-02	9.973102e+00
9.580000e-06	-1.178580e-02	9.692076e+00
9.590000e-06	-1.263723e-02	9.502048e+00
9.600000e-06	-1.194829e-02	9.281000e+00
9.610000e-06	-1.086300e-02	9.059116e+00
9.620000e-06	-1.047459e-02	8.816337e+00
9.630000e-06	-1.148452e-02	8.616390e+00
9.640000e-06	-1.129579e-02	8.335283e+00
9.650000e-06	-1.061107e-02	8.101624e+00
9.660000e-06	-9.659583e-03	7.829999e+00
9.670000e-06	-9.343964e-03	7.589016e+00
9.680000e-06	-9.586924e-03	7.361757e+00
9.690000e-06	-9.834785e-03	7.081630e+00
9.700000e-06	-9.537891e-03	6.810050e+00
9.710000e-06	-9.138607e-03	6.574838e+00
9.720000e-06	-9.606383e-03	6.303257e+00
9.730000e-06	-9.796373e-03	6.082103e+00
9.740000e-06	-8.796099e-03	5.827865e+00
9.750000e-06	-8.550063e-03	5.534309e+00
9.760000e-06	-7.320544e-03	5.252576e+00
9.770000e-06	-7.596929e-03	4.955184e+00
9.780000e-06	-7.004039e-03	4.640524e+00
9.790000e-06	-7.733679e-03	4.375492e+00
9.800000e-06	-7.099166e-03	4.113086e+00
9.810000e-06	-7.182678e-03	3.818996e+00
9.820000e-06	-7.444176e-03	3.557842e+00
9.830000e-06	-7.428392e-03	3.292179e+00
9.840000e-06	-7.371647e-03	2.998972e+00
9.850000e-06	-6.263538e-03	2.745416e+00
9.860000e-06	-7.243197e-03	2.460099e+00
9.870000e-06	-6.765108e-03	2.166393e+00
9.880000e-06	-5.987181e-03	1.945289e+00
9.890000e-06	-5.795464e-03	1.588074e+00
9.900000e-06	-5.819722e-03	1.315741e+00
9.910000e-06	-5.260494e-03	9.970251e-01
9.920000e-06	-5.646250e-03	6.947656e-01
9.930000e-06	-5.283181e-03	4.511065e-01
9.940000e-06	-4.427948e-03	1.853621e-01
9.950000e-06	-2.731870e-03	-1.472909e-01
9.960000e-06	5.795593e-03	-3.893987e-01
9.970000e-06	-2.031738e-03	-6.642030e-01
9.980000e-06	2.443496e-03	-9.282647e-01
9.990000e-06	-4.966148e-03	-1.179444e+00
1.000000e-05	2.811293e-03	-1.486160e+00
1.001000e-05	-6.023155e-03	-1.747340e+00
1.002000e-05	2.626029e-02	-1.967391e+00
1.003000e-05	8.608294e-02	-2.213599e+00
1.004000e-05	1.238835e-02	-2.610890e+00
1.005000e-05	-6.235778e-02	-3.031523e+00
1.006000e-05	-1.483368e-02	-3.326283e+00
1.007000e-05	-4.860994e-02	-3.516313e+00
1.008000e-05	-7.078672e-02	-3.705360e+00
1.009000e-05	7.382691e-02	-3.925260e+00
1.010000e-05	4.574470e-02	-4.137816e+00
1.011000e-05	-1.186678e-01	-4.442598e+00
1.012000e-05	1.786003e-01	-4.674025e+00
1.013000e-05	-1.209652e-01	-4.968921e+00
1.014000e-05	8.887524e-02	-5.316179e+00
1.015000e-05	-2.626838e-02	-5.570389e+00
1.016000e-05	-1.075901e-01	-5.894156e+00
1.017000e-05	1.096838e-01	-6.083174e+00
1.018000e-05	-8.555701e-02	-6.420411e+00
1.019000e-05	1.022464e-01	-6.683148e+00
1.020000e-05	-2.290554e-02	-6.864699e+00
1.021000e-05	-2.776848e-02	-7.221443e+00
1.022000e-05	8.068711e-02	-7.432023e+00
1.023000e-05	-9.325832e-02	-7.718257e+00
1.024000e-05	1.061826e-01	-8.028466e+00
1.025000e-05	-1.117499e-01	-8.249921e+00
1.026000e-05	6.872620e-02	-8.484128e+00
1.027000e-05	2.254908e-02	-8.724177e+00
1.028000e-05	-2.365551e-02	-8.998857e+00
1.029000e-05	5.317439e-02	-9.156833e+00
1.030000e-05	-8.338999e-02	-9.410435e+00
1.031000e-05	9.497174e-02	-9.641044e+00
1.032000e-05	-5.373772e-02	-9.840071e+00
1.033000e-05	6.765730e-02	-1.008207e+01
1.034000e-05	-4.174202e-02	-1.029309e+01
1.035000e-05	2.269629e-02	-1.056565e+01
1.036000e-05	2.014159e-02	-1.071365e+01
1.037000e-05	-8.310430e-03	-1.095468e+01
1.038000e-05	2.524241e-02	-1.111410e+01
1.039000e-05	-3.794060e-02	-1.134320e+01
1.040000e-05	5.279224e-02	-1.150565e+01
1.041000e-05	-1.025572e-02	-1.170322e+01
1.042000e-05	4.303896e-02	-1.191412e+01
1.043000e-05	-2.475605e-02	-1.209270e+01
1.044000e-05	2.546261e-02	-1.228060e+01
1.045000e-05	5.681112e-03	-1.244156e+01
1.046000e-05	1.914374e-02	-1.267896e+01
1.047000e-05	4.638733e-03	-1.276776e+01
1.048000e-05	-1.315706e-03	-1.298525e+01
1.049000e-05	2.240605e-02	-1.308307e+01
1.050000e-05	1.716031e-02	-1.326049e+01
1.051000e-05	2.239131e-02	-1.339781e+01
1.052000e-05	-5.938235e-04	-1.355165e+01
1.053000e-05	1.573874e-02	-1.363954e+01
1.054000e-05	1.660645e-02	-1.378585e+01
1.055000e-05	2.330029e-02	-1.392265e+01
1.056000e-05	6.449823e-03	-1.404941e+01
1.057000e-05	1.080641e-02	-1.414685e+01
1.058000e-05	1.531579e-02	-1.431206e+01
1.059000e-05	2.819752e-02	-1.439830e+01
1.060000e-05	1.765624e-02	-1.452111e+01
1.061000e-05	1.715387e-02	-1.459683e+01
1.062000e-05	1.569697e-02	-1.464102e+01
1.063000e-05	2.640205e-02	-1.473617e+01
1.064000e-05	2.555192e-02	-1.483784e+01
1.065000e-05	1.831501e-02	-1.490164e+01
1.066000e-05	1.539552e-02	-1.495728e+01
1.067000e-05	2.101684e-02	-1.500890e+01
1.068000e-05	3.060203e-02	-1.508054e+01
1.069000e-05	2.718444e-02	-1.514264e+01
1.070000e-05	2.529353e-02	-1.517475e+01
1.071000e-05	2.552915e-02	-1.523836e+01
1.072000e-05	3.402221e-02	-1.523950e+01
1.073000e-05	3.503502e-02	-1.529164e+01
1.074000e-05	2.942663e-02	-1.530257e+01
1.075000e-05	2.790749e-02	-1.534169e+01
1.076000e-05	3.121699e-02	-1.533322e+01
1.077000e-05	4.070173e-02	-1.535464e+01
1.078000e-05	4.098568e-02	-1.532422e+01
1.079000e-05	4.016578e-02	-1.534267e+01
1.080000e-05	3.945816e-02	-1.527269e+01
1.081000e-05	4.535428e-02	-1.528309e+01
1.082000e-05	5.006081e-02	-1.530051e+01
1.083000e-05	4.721183e-02	-1.523699e+01
1.084000e-05	4.493762e-02	-1.521736e+01
1.085000e-05	4.712592e-02	-1.518523e+01
1.086000e-05	5.497907e-02	-1.512362e+01
1.087000e-05	5.310859e-02	-1.508059e+01
1.088000e-05	5.009145e-02	-1.503846e+01
1.089000e-05	4.523191e-02	-1.497778e+01
1.090000e-05	4.864052e-02	-1.493163e+01
1.091000e-05	4.784238e-02	-1.485749e+01
1.092000e-05	4.441781e-02	-1.474526e+01
1.093000e-05	3.748508e-02	-1.468256e+01
1.094000e-05	3.561256e-02	-1.460836e+01
1.095000e-05	3.622930e-02	-1.451417e+01
1.096000e-05	3.290338e-02	-1.441780e+01
1.097000e-05	2.817115e-02	-1.434204e+01
1.098000e-05	2.289925e-02	-1.417843e+01
1.099000e-05	2.484806e-02	-1.412204e+01
1.100000e-05	2.401095e-02	-1.397423e+01
1.101000e-05	2.347417e-02	-1.383899e+01
1.102000e-05	1.933381e-02	-1.369257e+01
1.103000e-05	1.738270e-02	-1.358625e+01
1.104000e-05	1.698744e-02	-1.347899e+01
1.105000e-05	1.591500e-02	-1.326405e+01
1.106000e-05	1.341159e-02	-1.318325e+01
1.107000e-05	1.091752e-02	-1.301741e+01
1.108000e-05	1.131226e-02	-1.288951e+01
1.109000e-05	1.271038e-02	-1.276315e+01
1.110000e-05	1.268901e-02	-1.255518e+01
1.111000e-05	9.775521e-03	-1.238578e+01
1.112000e-05	8.088873e-03	-1.224688e+01
1.113000e-05	7.100821e-03	-1.206894e+01
1.114000e-05	7.192586e-03	-1.181988e+01
1.115000e-05	5.690433e-03	-1.165841e+01
1.116000e-05	4.444637e-03	-1.142681e+01
1.117000e-05	4.439353e-03	-1.119533e+01
1.118000e-05	6.348054e-03	-1.099686e+01
1.119000e-05	6.760727e-03	-1.079583e+01
1.120000e-05	5.161536e-03	-1.061842e+01
1.121000e-05	3.427989e-03	-1.040494e+01
1.122000e-05	3.238536e-03	-1.023736e+01
1.123000e-05	3.623830e-03	-9.985334e+00
1.124000e-05	2.320645e-03	-9.766830e+00
1.125000e-05	7.894045e-04	-9.555306e+00
1.126000e-05	-3.767140e-05	-9.313207e+00
1.127000e-05	1.644639e-03	-9.092175e+00
1.128000e-05	2.056749e-03	-8.891723e+00
1.129000e-05	9.346853e-04	-8.670070e+00
1.130000e-05	3.525790e-04	-8.417811e+00
1.131000e-05	1.008642e-04	-8.175887e+00
1.132000e-05	4.946355e-04	-7.974351e+00
1.133000e-05	-7.570834e-04	-7.649919e+00
1.134000e-05	-2.193116e-03	-7.386365e+00
1.135000e-05	-2.503782e-03	-7.135383e+00
1.136000e-05	-9.438149e-04	-6.881050e+00
1.137000e-05	-9.002250e-04	-6.627920e+00
1.138000e-05	-1.419607e-03	-6.357417e+00
1.139000e-05	-2.488389e-03	-6.111653e+00
1.140000e-05	-1.837404e-03	-5.860500e+00
1.141000e-05	-1.709206e-03	-5.575916e+00
1.142000e-05	-2.546135e-03	-5.251598e+00
1.143000e-05	-4.198983e-03	-4.957213e+00
1.144000e-05	-4.535634e-03	-4.680000e+00
1.145000e-05	-3.718092e-03	-4.429447e+00
1.146000e-05	-3.751694e-03	-4.187271e+00
1.147000e-05	-3.622843e-03	-3.923759e+00
1.148000e-05	-5.230323e-03	-3.659524e+00
1.149000e-05	-5.544760e-03	-3.385293e+00
1.150000e-05	-3.438641e-03	-3.102155e+00
1.151000e-05	-4.354380e-03	-2.777492e+00
1.152000e-05	-4.197549e-03	-2.535209e+00
1.153000e-05	-5.153464e-03	-2.260105e+00
1.154000e-05	-4.345987e-03	-1.976792e+00
1.155000e-05	-4.710289e-03	-1.702180e+00
1.156000e-05	-6.786337e-03	-1.396970e+00
1.157000e-05	-7.365426e-03	-1.092179e+00
1.158000e-05	-5.850293e-03	-7.794487e-01
1.159000e-05	-4.942209e-03	-4.821867e-01
1.160000e-05	-5.156977e-03	-2.000526e-01
1.161000e-05	-1.184402e-03	1.155421e-02
1.162000e-05	7.197516e-03	3.387409e-01
1.163000e-05	-4.209172e-03	5.589724e-01
1.164000e-05	2.714230e-03	8.220988e-01
1.165000e-05	-7.723301e-03	1.077362e+00
1.166000e-05	-6.367165e-04	1.401496e+00
1.167000e-05	-5.612821e-03	1.697241e+00
1.168000e-05	1.450378e-02	1.936816e+00
1.169000e-05	4.346516e-02	2.167945e+00
1.170000e-05	7.110386e-02	2.506807e+00
1.171000e-05	-7.118846e-02	2.842150e+00
1.172000e-05	-2.618158e-02	3.116315e+00
1.173000e-05	-4.119749e-02	3.340472e+00
1.174000e-05	-2.570222e-02	3.653575e+00
1.175000e-05	-8.329673e-02	3.862202e+00
1.176000e-05	6.988907e-02	4.032799e+00
1.177000e-05	2.715699e-02	4.410993e+00
1.178000e-05	-1.009490e-01	4.619599e+00
1.179000e-05	1.669974e-01	4.885253e+00
1.180000e-05	-7.904835e-02	5.252697e+00
1.181000e-05	1.213357e-02	5.494713e+00
1.182000e-05	-2.391565e-02	5.798946e+00
1.183000e-05	-3.809187e-02	6.051049e+00
1.184000e-05	3.478652e-02	6.305176e+00
1.185000e-05	-4.047959e-02	6.559014e+00
1.186000e-05	2.153604e-02	6.851543e+00
1.187000e-05	-1.388012e-02	7.096178e+00
1.188000e-05	-3.494589e-03	7.327336e+00
1.189000e-05	5.321421e-03	7.680469e+00
1.190000e-05	-3.729486e-02	7.926256e+00
1.191000e-05	2.307805e-02	8.179015e+00
1.192000e-05	-4.228042e-02	8.368922e+00
1.193000e-05	2.009368e-02	8.622020e+00
1.194000e-05	6.349799e-04	8.819992e+00
1.195000e-05	-3.368138e-02	9.113604e+00
1.196000e-05	4.206190e-03	9.315102e+00
1.197000e-05	-2.669432e-02	9.494752e+00
1.198000e-05	1.500969e-02	9.767308e+00
1.199000e-05	-2.859830e-02	9.997335e+00
1.200000e-05	4.044932e-03	1.018839e+01
1.201000e-05	-1.720952e-02	1.038803e+01
1.202000e-05	-3.352561e-03	1.059836e+01
1.203000e-05	-9.725035e-03	1.077849e+01
1.204000e-05	-2.630212e-02	1.099947e+01
1.205000e-05	-1.004408e-02	1.119839e+01
1.206000e-05	-2.009580e-02	1.143051e+01
1.207000e-05	4.018088e-04	1.162944e+01
1.208000e-05	-1.589710e-02	1.182894e+01
1.209000e-05	-9.730194e-03	1.201783e+01
1.210000e-05	-1.685790e-02	1.220734e+01
1.211000e-05	-1.237400e-02	1.234568e+01
1.212000e-05	-1.434041e-02	1.254422e+01
1.213000e-05	-2.188063e-02	1.267055e+01
1.214000e-05	-1.698569e-02	1.283949e+01
1.215000e-05	-1.922085e-02	1.301676e+01
1.216000e-05	-9.593423e-03	1.313465e+01
1.217000e-05	-1.728273e-02	1.324212e+01
1.218000e-05	-1.840521e-02	1.339788e+01
1.219000e-05	-2.070346e-02	1.353472e+01
1.220000e-05	-1.860349e-02	1.368212e+01
1.221000e-05	-1.856292e-02	1.382838e+01
1.222000e-05	-2.454201e-02	1.394465e+01
1.223000e-05	-2.410044e-02	1.404001e+01
1.224000e-05	-2.434286e-02	1.420828e+01
1.225000e-05	-1.950365e-02	1.434067e+01
1.226000e-05	-2.233425e-02	1.442686e+01
1.227000e-05	-2.466895e-02	1.450252e+01
1.228000e-05	-2.498016e-02	1.460735e+01
1.229000e-05	-2.510606e-02	1.463052e+01
1.230000e-05	-2.417262e-02	1.476470e+01
1.231000e-05	-3.065027e-02	1.481842e+01
1.232000e-05	-2.982116e-02	1.491049e+01
1.233000e-05	-3.349830e-02	1.493375e+01
1.234000e-05	-2.852360e-02	1.500528e+01
1.235000e-05	-3.285684e-02	1.499738e+01
1.236000e-05	-3.327515e-02	1.506104e+01
1.237000e-05	-3.513163e-02	1.507317e+01
1.238000e-05	-3.474336e-02	1.515412e+01
1.239000e-05	-3.425746e-02	1.515580e+01
1.240000e-05	-3.910984e-02	1.522581e+01
1.241000e-05	-4.104549e-02	1.523733e+01
1.242000e-05	-4.418341e-02	1.524834e+01
1.243000e-05	-4.220572e-02	1.520989e+01
1.244000e-05	-4.593438e-02	1.525903e+01
1.245000e-05	-4.683908e-02	1.523846e+01
1.246000e-05	-5.048418e-02	1.524536e+01
1.247000e-05	-5.076790e-02	1.521728e+01
1.248000e-05	-5.181447e-02	1.520473e+01
1.249000e-05	-5.542354e-02	1.517363e+01
1.250000e-05	-5.769919e-02	1.513355e+01
1.251000e-05	-5.886939e-02	1.510109e+01
1.252000e-05	-5.649854e-02	1.500838e+01
1.253000e-05	-5.800069e-02	1.499481e+01
1.254000e-05	-5.723623e-02	1.494424e+01
1.255000e-05	-5.837968e-02	1.489152e+01
1.256000e-05	-5.551454e-02	1.481591e+01
1.257000e-05	-5.204952e-02	1.475375e+01
1.258000e-05	-4.931955e-02	1.470204e+01
1.259000e-05	-4.658280e-02	1.459683e+01
1.260000e-05	-4.533309e-02	1.453262e+01
1.261000e-05	-4.114569e-02	1.440693e+01
1.262000e-05	-3.824382e-02	1.434267e+01
1.263000e-05	-3.522692e-02	1.425733e+01
1.264000e-05	-3.636543e-02	1.411155e+01
1.265000e-05	-3.273998e-02	1.399528e+01
1.266000e-05	-3.071293e-02	1.390891e+01
1.267000e-05	-2.831574e-02	1.376265e+01
1.268000e-05	-2.725830e-02	1.362678e+01
1.269000e-05	-2.780189e-02	1.342852e+01
1.270000e-05	-2.424919e-02	1.336122e+01
1.271000e-05	-2.281883e-02	1.321633e+01
1.272000e-05	-2.059149e-02	1.303051e+01
1.273000e-05	-2.233417e-02	1.289102e+01
1.274000e-05	-2.088172e-02	1.274368e+01
1.275000e-05	-2.088275e-02	1.260586e+01
1.276000e-05	-1.833561e-02	1.243784e+01
1.277000e-05	-1.767349e-02	1.226904e+01
1.278000e-05	-1.797272e-02	1.212157e+01
1.279000e-05	-1.716200e-02	1.187215e+01
1.280000e-05	-1.560296e-02	1.173270e+01
1.281000e-05	-1.552636e-02	1.152105e+01
1.282000e-05	-1.674314e-02	1.135160e+01
1.283000e-05	-1.646959e-02	1.110263e+01
1.284000e-05	-1.432571e-02	1.095470e+01
1.285000e-05	-1.321375e-02	1.074418e+01
1.286000e-05	-1.284170e-02	1.054270e+01
1.287000e-05	-1.373685e-02	1.030163e+01
1.288000e-05	-1.329792e-02	1.010357e+01
1.289000e-05	-1.272301e-02	9.902093e+00
1.290000e-05	-1.171550e-02	9.656946e+00
1.291000e-05	-1.214605e-02	9.439419e+00
1.292000e-05	-1.182164e-02	9.218344e+00
1.293000e-05	-1.116179e-02	9.024886e+00
1.294000e-05	-9.756968e-03	8.735281e+00
1.295000e-05	-1.002447e-02	8.514731e+00
1.296000e-05	-1.175672e-02	8.334128e+00
1.297000e-05	-1.136602e-02	8.089921e+00
1.298000e-05	-1.088863e-02	7.788888e+00
1.299000e-05	-9.543362e-03	7.575708e+00
1.300000e-05	-9.548954e-03	7.239526e+00
1.301000e-05	-9.400870e-03	7.059968e+00
1.302000e-05	-8.688793e-03	6.784864e+00
1.303000e-05	-8.061492e-03	6.503183e+00
1.304000e-05	-8.860930e-03	6.250923e+00
1.305000e-05	-9.185044e-03	6.008945e+00
1.306000e-05	-9.473456e-03	5.775258e+00
1.307000e-05	-8.632198e-03	5.502704e+00
1.308000e-05	-6.510911e-03	5.166841e+00
1.309000e-05	-7.939893e-03	4.829000e+00
1.310000e-05	-7.663691e-03	4.585821e+00
1.311000e-05	-7.518385e-03	4.324733e+00
1.312000e-05	-6.825947e-03	4.059546e+00
1.313000e-05	-6.416748e-03	3.786842e+00
1.314000e-05	-7.514140e-03	3.504714e+00
1.315000e-05	-7.836189e-03	3.168452e+00
1.316000e-05	-7.348064e-03	2.965290e+00
1.317000e-05	-6.137137e-03	2.742684e+00
1.318000e-05	-6.888757e-03	2.398418e+00
1.319000e-05	-6.990906e-03	2.134261e+00
1.320000e-05	-6.356478e-03	1.852580e+00
1.321000e-05	-5.533813e-03	1.544767e+00
1.322000e-05	-5.434014e-03	1.253055e+00
1.323000e-05	-5.233406e-03	9.752619e-01
1.324000e-05	-5.478260e-03	6.305991e-01
1.325000e-05	-5.219926e-03	3.984449e-01
1.326000e-05	-3.863791e-03	7.360657e-02
1.327000e-05	-1.944268e-03	-1.700237e-01
1.328000e-05	6.500720e-03	-4.135788e-01
1.329000e-05	-5.036890e-03	-7.282907e-01
1.330000e-05	3.855444e-03	-9.789963e-01
1.331000e-05	-4.010559e-03	-1.243657e+00
1.332000e-05	2.688210e-03	-1.566818e+00
1.333000e-05	-2.588502e-03	-1.799991e+00
1.334000e-05	3.520311e-02	-2.010494e+00
1.335000e-05	9.532933e-02	-2.295708e+00
1.336000e-05	-3.424961e-02	-2.674732e+00
1.337000e-05	-3.723956e-02	-3.105178e+00
1.338000e-05	-2.977121e-02	-3.387869e+00
1.339000e-05	-4.032948e-02	-3.529391e+00
1.340000e-05	-7.321781e-02	-3.749966e+00
1.341000e-05	1.327615e-01	-3.978941e+00
1.342000e-05	-4.898638e-02	-4.230046e+00
1.343000e-05	-2.778232e-02	-4.503781e+00
1.344000e-05	1.377793e-01	-4.735355e+00
1.345000e-05	-1.359407e-01	-5.072703e+00
1.346000e-05	1.359072e-01	-5.398314e+00
1.347000e-05	-1.031229e-01	-5.653074e+00
1.348000e-05	-3.536996e-02	-5.917861e+00
1.349000e-05	7.838051e-02	-6.134311e+00
1.350000e-05	-8.219512e-02	-6.483600e+00
1.351000e-05	1.329889e-01	-6.734703e+00
1.352000e-05	-8.715674e-02	-7.008365e+00
1.353000e-05	4.131995e-02	-7.252673e+00
1.354000e-05	2.097052e-02	-7.503127e+00
1.355000e-05	-4.808350e-02	-7.830518e+00
1.356000e-05	8.938025e-02	-8.032124e+00
1.357000e-05	-1.262943e-01	-8.293128e+00
1.358000e-05	1.205333e-01	-8.526282e+00
1.359000e-05	-4.097803e-02	-8.777389e+00
1.360000e-05	3.252544e-02	-9.019469e+00
1.361000e-05	-3.440271e-03	-9.199962e+00
1.362000e-05	-4.039183e-02	-9.464069e+00
1.363000e-05	7.591919e-02	-9.692696e+00
1.364000e-05	-4.965729e-02	-9.913127e+00
1.365000e-05	7.823661e-02	-1.010570e+01
1.366000e-05	-6.724619e-02	-1.032530e+01
1.367000e-05	5.772908e-02	-1.055538e+01
1.368000e-05	-1.571887e-02	-1.074725e+01
1.369000e-05	2.256537e-02	-1.092581e+01
1.370000e-05	-5.007911e-03	-1.113527e+01
1.371000e-05	-1.212307e-02	-1.136583e+01
1.372000e-05	4.093309e-02	-1.158625e+01
1.373000e-05	-6.756761e-04	-1.177778e+01
1.374000e-05	3.591616e-02	-1.194673e+01
1.375000e-05	-2.604093e-02	-1.217573e+01
1.376000e-05	3.043749e-02	-1.229373e+01
1.377000e-05	-2.834849e-03	-1.250222e+01
1.378000e-05	2.674165e-02	-1.268149e+01
1.379000e-05	-8.795362e-03	-1.280791e+01
1.380000e-05	1.289564e-02	-1.299578e+01
1.381000e-05	1.682613e-02	-1.309415e+01
1.382000e-05	2.640596e-02	-1.327201e+01
1.383000e-05	1.415638e-02	-1.338736e+01
1.384000e-05	2.974671e-03	-1.351571e+01
1.385000e-05	1.305210e-02	-1.368056e+01
1.386000e-05	1.862897e-02	-1.383783e+01
1.387000e-05	1.973804e-02	-1.390520e+01
1.388000e-05	6.583110e-03	-1.408209e+01
1.389000e-05	1.119351e-02	-1.420728e+01
1.390000e-05	1.863418e-02	-1.429164e+01
1.391000e-05	2.971655e-02	-1.439938e+01
1.392000e-05	1.661553e-02	-1.448214e+01
1.393000e-05	1.542253e-02	-1.461830e+01
1.394000e-05	1.353118e-02	-1.469154e+01
1.395000e-05	2.837983e-02	-1.476573e+01
1.396000e-05	2.343094e-02	-1.483944e+01
1.397000e-05	1.922414e-02	-1.493117e+01
1.398000e-05	1.463781e-02	-1.497780e+01
1.399000e-05	2.469829e-02	-1.504988e+01
1.400000e-05	3.219514e-02	-1.510204e+01
1.401000e-05	2.701856e-02	-1.514365e+01
1.402000e-05	2.343381e-02	-1.516627e+01
1.403000e-05	2.553202e-02	-1.518638e+01
1.404000e-05	3.568855e-02	-1.528844e+01
1.405000e-05	3.376367e-02	-1.529954e+01
1.406000e-05	2.920709e-02	-1.531212e+01
1.407000e-05	2.679787e-02	-1.532314e+01
1.408000e-05	3.390275e-02	-1.532367e+01
1.409000e-05	4.181116e-02	-1.534372e+01
1.410000e-05	4.052239e-02	-1.535214e+01
1.411000e-05	3.827144e-02	-1.533272e+01
1.412000e-05	3.980302e-02	-1.530309e+01
1.413000e-05	4.906807e-02	-1.532211e+01
1.414000e-05	5.089839e-02	-1.526144e+01
1.415000e-05	4.669988e-02	-1.524891e+01
1.416000e-05	4.420714e-02	-1.521783e+01
1.417000e-05	4.969298e-02	-1.519378e+01
1.418000e-05	5.537594e-02	-1.515155e+01
1.419000e-05	5.307141e-02	-1.507046e+01
1.420000e-05	4.779940e-02	-1.500833e+01
1.421000e-05	4.518958e-02	-1.499676e+01
1.422000e-05	4.931055e-02	-1.495215e+01
1.423000e-05	4.824508e-02	-1.486686e+01
1.424000e-05	4.226445e-02	-1.474365e+01
1.425000e-05	3.587625e-02	-1.465999e+01
1.426000e-05	3.533969e-02	-1.458677e+01
1.427000e-05	3.662929e-02	-1.451159e+01
1.428000e-05	3.287664e-02	-1.442638e+01
1.429000e-05	2.639519e-02	-1.426249e+01
1.430000e-05	2.292702e-02	-1.419585e+01
1.431000e-05	2.594323e-02	-1.409046e+01
1.432000e-05	2.543532e-02	-1.394415e+01
1.433000e-05	2.155648e-02	-1.381633e+01
1.434000e-05	1.637955e-02	-1.366001e+01
1.435000e-05	1.637568e-02	-1.359312e+01
1.436000e-05	1.784743e-02	-1.341786e+01
1.437000e-05	1.746603e-02	-1.330794e+01
1.438000e-05	1.207435e-02	-1.312207e+01
1.439000e-05	9.352313e-03	-1.299681e+01
1.440000e-05	1.136319e-02	-1.281739e+01
1.441000e-05	1.324047e-02	-1.270007e+01
1.442000e-05	1.168312e-02	-1.250270e+01
1.443000e-05	8.030365e-03	-1.232373e+01
1.444000e-05	7.472032e-03	-1.215584e+01
1.445000e-05	8.056498e-03	-1.201781e+01
1.446000e-05	9.258812e-03	-1.178681e+01
1.447000e-05	5.820530e-03	-1.159575e+01
1.448000e-05	2.890873e-03	-1.137330e+01
1.449000e-05	3.629588e-03	-1.117378e+01
1.450000e-05	6.582754e-03	-1.095621e+01
1.451000e-05	7.203850e-03	-1.077528e+01
1.452000e-05	3.495568e-03	-1.061628e+01
1.453000e-05	1.519046e-03	-1.037526e+01
1.454000e-05	2.882219e-03	-1.014471e+01
1.455000e-05	4.366526e-03	-9.943248e+00
1.456000e-05	2.648622e-03	-9.693252e+00
1.457000e-05	-3.061481e-04	-9.521678e+00
1.458000e-05	7.288085e-04	-9.258548e+00
1.459000e-05	2.040580e-03	-9.059024e+00
1.460000e-05	2.727440e-03	-8.857443e+00
1.461000e-05	6.505107e-05	-8.607461e+00
1.462000e-05	-1.306338e-03	-8.384282e+00
1.463000e-05	2.546674e-04	-8.114152e+00
1.464000e-05	1.675620e-03	-7.900575e+00
1.465000e-05	1.176471e-04	-7.586388e+00
1.466000e-05	-2.223524e-03	-7.384683e+00
1.467000e-05	-2.307143e-03	-7.081149e+00
1.468000e-05	-3.686495e-04	-6.788414e+00
1.469000e-05	-1.290243e-03	-6.586762e+00
1.470000e-05	-2.497714e-03	-6.313704e+00
1.471000e-05	-4.061072e-03	-6.039996e+00
1.472000e-05	-2.324851e-03	-5.795885e+00
1.473000e-05	-9.763888e-04	-5.482608e+00
1.474000e-05	-1.742291e-03	-5.208420e+00
1.475000e-05	-3.740948e-03	-4.933586e+00
1.476000e-05	-4.636182e-03	-4.608966e+00
1.477000e-05	-2.877227e-03	-4.366914e+00
1.478000e-05	-2.688780e-03	-4.134783e+00
1.479000e-05	-5.100042e-03	-3.850625e+00
1.480000e-05	-6.141997e-03	-3.547390e+00
1.481000e-05	-5.862235e-03	-3.313658e+00
1.482000e-05	-2.665943e-03	-3.029521e+00
1.483000e-05	-4.376175e-03	-2.736241e+00
1.484000e-05	-3.417238e-03	-2.452707e+00
1.485000e-05	-4.697015e-03	-2.187496e+00
1.486000e-05	-4.542020e-03	-1.903659e+00
1.487000e-05	-5.539688e-03	-1.630075e+00
1.488000e-05	-5.640664e-03	-1.324232e+00
1.489000e-05	-6.339793e-03	-1.028873e+00
1.490000e-05	-6.727188e-03	-7.163181e-01
1.491000e-05	-5.539454e-03	-4.289991e-01
1.492000e-05	-3.326487e-03	-1.763483e-01
1.493000e-05	2.332779e-03	1.162597e-01
1.494000e-05	5.116723e-03	4.204751e-01
1.495000e-05	-3.670973e-03	6.021542e-01
1.496000e-05	2.583750e-03	8.747570e-01
1.497000e-05	-4.930968e-03	1.209525e+00
1.498000e-05	-9.305091e-04	1.465706e+00
1.499000e-05	-5.559305e-03	1.788894e+00
1.500000e-05	1.657965e-02	1.980446e+00
1.501000e-05	5.817411e-02	2.231579e+00
1.502000e-05	4.333563e-02	2.579469e+00
1.503000e-05	-7.718768e-02	2.886834e+00
1.504000e-05	-2.193117e-02	3.139971e+00
1.505000e-05	-3.504486e-02	3.442227e+00
1.506000e-05	-3.761182e-02	3.724238e+00
1.507000e-05	-6.338066e-02	3.875207e+00
1.508000e-05	9.900727e-02	4.105310e+00
1.509000e-05	-3.958078e-02	4.433727e+00
1.510000e-05	-4.023951e-02	4.743681e+00
1.511000e-05	1.461428e-01	4.949440e+00
1.512000e-05	-1.069452e-01	5.307235e+00
1.513000e-05	4.443123e-02	5.567961e+00
1.514000e-05	-5.553504e-02	5.853501e+00
1.515000e-05	-3.096019e-03	6.104686e+00
1.516000e-05	1.923307e-02	6.345861e+00
1.517000e-05	-3.996005e-02	6.651547e+00
1.518000e-05	3.001631e-02	6.903728e+00
1.519000e-05	-3.433122e-02	7.198760e+00
1.520000e-05	1.765499e-02	7.460995e+00
1.521000e-05	-2.039392e-02	7.693753e+00
1.522000e-05	-1.774223e-02	7.999814e+00
1.523000e-05	1.418538e-02	8.241071e+00
1.524000e-05	-4.078817e-02	8.471524e+00
1.525000e-05	4.000775e-02	8.671098e+00
1.526000e-05	-2.645398e-02	8.884177e+00
1.527000e-05	-1.509979e-02	9.124729e+00
1.528000e-05	-1.428675e-02	9.356808e+00
1.529000e-05	-8.488400e-03	9.586857e+00
1.530000e-05	3.888342e-04	9.848870e+00
1.531000e-05	-2.091067e-02	1.002002e+01
1.532000e-05	9.190433e-04	1.025050e+01
1.533000e-05	-1.558236e-02	1.047854e+01
1.534000e-05	2.766402e-03	1.069049e+01
1.535000e-05	-1.778013e-02	1.087062e+01
1.536000e-05	-1.937467e-02	1.107109e+01
1.537000e-05	-1.624949e-02	1.127002e+01
1.538000e-05	-1.034544e-02	1.147249e+01
1.539000e-05	-6.673418e-03	1.169257e+01
1.540000e-05	-1.393880e-02	1.184105e+01
1.541000e-05	-1.654388e-02	1.203006e+01
1.542000e-05	-1.173404e-02	1.221844e+01
1.543000e-05	-1.081748e-02	1.237733e+01
1.544000e-05	-1.504446e-02	1.253576e+01
1.545000e-05	-2.148716e-02	1.268515e+01
1.546000e-05	-1.923342e-02	1.288112e+01
1.547000e-05	-1.410168e-02	1.301791e+01
1.548000e-05	-1.422768e-02	1.319575e+01
1.549000e-05	-1.706631e-02	1.336460e+01
1.550000e-05	-2.282318e-02	1.344844e+01
1.551000e-05	-1.577120e-02	1.358680e+01
1.552000e-05	-1.788075e-02	1.369322e+01
1.553000e-05	-1.815593e-02	1.386936e+01
1.554000e-05	-2.738741e-02	1.395417e+01
1.555000e-05	-2.492094e-02	1.412007e+01
1.556000e-05	-2.231893e-02	1.422886e+01
1.557000e-05	-2.031262e-02	1.433380e+01
1.558000e-05	-2.215671e-02	1.443889e+01
1.559000e-05	-2.648605e-02	1.451217e+01
1.560000e-05	-2.145018e-02	1.460988e+01
1.561000e-05	-2.438415e-02	1.468057e+01
1.562000e-05	-2.435339e-02	1.480470e+01
1.563000e-05	-3.339750e-02	1.488001e+01
1.564000e-05	-3.227864e-02	1.489908e+01
1.565000e-05	-3.309772e-02	1.494472e+01
1.566000e-05	-2.858252e-02	1.502723e+01
1.567000e-05	-3.210253e-02	1.504841e+01
1.568000e-05	-3.355729e-02	1.505944e+01
1.569000e-05	-3.225073e-02	1.510222e+01
1.570000e-05	-3.293379e-02	1.512618e+01
1.571000e-05	-3.443339e-02	1.520433e+01
1.572000e-05	-4.269341e-02	1.519788e+01
1.573000e-05	-4.404055e-02	1.523576e+01
1.574000e-05	-4.566590e-02	1.525644e+01
1.575000e-05	-4.323994e-02	1.526846e+01
1.576000e-05	-4.578521e-02	1.526739e+01
1.577000e-05	-4.811298e-02	1.523941e+01
1.578000e-05	-4.734361e-02	1.521541e+01
1.579000e-05	-4.933796e-02	1.519730e+01
1.580000e-05	-5.200235e-02	1.522530e+01
1.581000e-05	-5.706354e-02	1.509210e+01
1.582000e-05	-6.213696e-02	1.514310e+01
1.583000e-05	-5.974976e-02	1.502149e+01
1.584000e-05	-5.853247e-02	1.503839e+01
1.585000e-05	-5.457325e-02	1.497680e+01
1.586000e-05	-5.839250e-02	1.493170e+01
1.587000e-05	-5.311992e-02	1.487104e+01
1.588000e-05	-5.273593e-02	1.478681e+01
1.589000e-05	-5.129351e-02	1.473320e+01
1.590000e-05	-5.089179e-02	1.467957e+01
1.591000e-05	-5.082933e-02	1.461623e+01
1.592000e-05	-4.590615e-02	1.451105e+01
1.593000e-05	-4.028646e-02	1.442783e+01
1.594000e-05	-3.692160e-02	1.427004e+01
1.595000e-05	-3.281495e-02	1.422621e+01
1.596000e-05	-3.285215e-02	1.409201e+01
1.597000e-05	-2.993709e-02	1.397465e+01
1.598000e-05	-3.009116e-02	1.385836e+01
1.599000e-05	-3.151099e-02	1.370947e+01
1.600000e-05	-2.902512e-02	1.356423e+01
1.601000e-05	-2.870984e-02	1.346839e+01
1.602000e-05	-2.239039e-02	1.333205e+01
1.603000e-05	-2.250722e-02	1.316530e+01
1.604000e-05	-1.952975e-02	1.303789e+01
1.605000e-05	-2.047599e-02	1.286004e+01
1.606000e-05	-1.985152e-02	1.270312e+01
1.607000e-05	-1.987346e-02	1.256423e+01
1.608000e-05	-2.004469e-02	1.238628e+01
1.609000e-05	-1.997622e-02	1.222744e+01
1.610000e-05	-1.872430e-02	1.205894e+01
1.611000e-05	-1.621811e-02	1.183999e+01
1.612000e-05	-1.476710e-02	1.167959e+01
1.613000e-05	-1.509391e-02	1.148247e+01
1.614000e-05	-1.548648e-02	1.130994e+01
1.615000e-05	-1.425758e-02	1.105947e+01
1.616000e-05	-1.374735e-02	1.089108e+01
1.617000e-05	-1.330769e-02	1.069105e+01
1.618000e-05	-1.454693e-02	1.048192e+01
1.619000e-05	-1.397638e-02	1.026047e+01
1.620000e-05	-1.291320e-02	1.005954e+01
1.621000e-05	-1.087818e-02	9.819891e+00
1.622000e-05	-1.203016e-02	9.586834e+00
1.623000e-05	-1.240634e-02	9.386786e+00
1.624000e-05	-1.201345e-02	9.165810e+00
1.625000e-05	-1.002697e-02	8.962208e+00
1.626000e-05	-1.015969e-02	8.712155e+00
1.627000e-05	-1.076723e-02	8.482627e+00
1.628000e-05	-1.141787e-02	8.280469e+00
1.629000e-05	-1.075465e-02	7.995836e+00
1.630000e-05	-9.191734e-03	7.764183e+00
1.631000e-05	-9.895909e-03	7.450975e+00
1.632000e-05	-1.021778e-02	7.198390e+00
1.633000e-05	-1.018792e-02	6.985711e+00
1.634000e-05	-8.295908e-03	6.684233e+00
1.635000e-05	-7.994049e-03	6.458470e+00
1.636000e-05	-8.976452e-03	6.206421e+00
1.637000e-05	-1.028550e-02	5.956367e+00
1.638000e-05	-8.701215e-03	5.740924e+00
1.639000e-05	-8.777247e-03	5.429995e+00
1.640000e-05	-7.584097e-03	5.132133e+00
1.641000e-05	-7.897374e-03	4.836863e+00
1.642000e-05	-7.622675e-03	4.523256e+00
1.643000e-05	-7.192377e-03	4.263554e+00
1.644000e-05	-6.881695e-03	3.977842e+00
1.645000e-05	-7.477194e-03	3.754686e+00
1.646000e-05	-7.637957e-03	3.429982e+00
1.647000e-05	-6.458707e-03	3.166742e+00
1.648000e-05	-6.649724e-03	2.903157e+00
1.649000e-05	-6.380044e-03	2.669522e+00
1.650000e-05	-7.042310e-03	2.345289e+00
1.651000e-05	-6.821313e-03	2.039554e+00
1.652000e-05	-6.758923e-03	1.777495e+00
1.653000e-05	-6.458927e-03	1.462588e+00
1.654000e-05	-6.157282e-03	1.227424e+00
1.655000e-05	-5.925221e-03	8.725014e-01
1.656000e-05	-4.934658e-03	6.288461e-01
1.657000e-05	-4.816051e-03	3.362145e-01
1.658000e-05	-3.267479e-03	4.895019e-02
1.659000e-05	1.977305e-03	-2.531790e-01
1.660000e-05	5.864883e-03	-4.647571e-01
1.661000e-05	-4.967988e-03	-7.800449e-01
1.662000e-05	2.327535e-03	-1.042152e+00
1.663000e-05	-4.897794e-03	-1.268767e+00
1.664000e-05	1.064362e-03	-1.570951e+00
1.665000e-05	1.444725e-03	-1.813125e+00
1.666000e-05	4.920052e-02	-2.051624e+00
1.667000e-05	9.044033e-02	-2.369421e+00
1.668000e-05	-6.603450e-02	-2.749416e+00
1.669000e-05	-1.325122e-02	-3.160916e+00
1.670000e-05	-4.598128e-02	-3.390621e+00
1.671000e-05	-4.080115e-02	-3.599970e+00
1.672000e-05	-5.717895e-02	-3.822073e+00
1.673000e-05	1.601386e-01	-4.010021e+00
1.674000e-05	-1.254742e-01	-4.315806e+00
1.675000e-05	6.898821e-02	-4.498813e+00
1.676000e-05	5.109315e-02	-4.820518e+00
1.677000e-05	-9.069565e-02	-5.137289e+00
1.678000e-05	1.331981e-01	-5.449421e+00
1.679000e-05	-1.548252e-01	-5.717758e+00
1.680000e-05	4.033322e-02	-5.977390e+00
1.681000e-05	2.091527e-02	-6.229466e+00
1.682000e-05	-4.295217e-02	-6.526283e+00
1.683000e-05	1.190817e-01	-6.776812e+00
1.684000e-05	-1.186822e-01	-7.063470e+00
1.685000e-05	9.819335e-02	-7.314356e+00
1.686000e-05	-4.345643e-02	-7.537834e+00
1.687000e-05	1.824102e-02	-7.893149e+00
1.688000e-05	3.261980e-02	-8.094153e+00
1.689000e-05	-9.570330e-02	-8.356381e+00
1.690000e-05	1.314711e-01	-8.559388e+00
1.691000e-05	-7.868132e-02	-8.840566e+00
1.692000e-05	7.540849e-02	-9.062173e+00
1.693000e-05	-6.105498e-02	-9.271045e+00
1.694000e-05	1.896360e-02	-9.545180e+00
1.695000e-05	3.531795e-02	-9.744757e+00
1.696000e-05	-1.742745e-02	-9.926755e+00
1.697000e-05	5.691584e-02	-1.016678e+01
1.698000e-05	-6.507486e-02	-1.037696e+01
1.699000e-05	7.289282e-02	-1.060844e+01
1.700000e-05	-3.609759e-02	-1.078936e+01
1.701000e-05	4.469726e-02	-1.094831e+01
1.702000e-05	-3.504600e-02	-1.120678e+01
1.703000e-05	1.817323e-02	-1.141788e+01
1.704000e-05	2.131809e-02	-1.157834e+01
1.705000e-05	1.569659e-02	-1.182943e+01
1.706000e-05	1.934917e-02	-1.200730e+01
1.707000e-05	-1.734217e-02	-1.221786e+01
1.708000e-05	3.092473e-02	-1.236518e+01
1.709000e-05	-2.494575e-03	-1.252572e+01
1.710000e-05	2.730176e-02	-1.271259e+01
1.711000e-05	-1.436709e-02	-1.287956e+01
1.712000e-05	2.022132e-02	-1.298791e+01
1.713000e-05	1.291244e-02	-1.313515e+01
1.714000e-05	2.974764e-02	-1.331225e+01
1.715000e-05	4.969654e-03	-1.345194e+01
1.716000e-05	7.313747e-03	-1.359625e+01
1.717000e-05	1.215474e-02	-1.373312e+01
1.718000e-05	2.289748e-02	-1.382898e+01
1.719000e-05	1.571812e-02	-1.395620e+01
1.720000e-05	8.185790e-03	-1.411465e+01
1.721000e-05	1.161949e-02	-1.421788e+01
1.722000e-05	2.301272e-02	-1.434305e+01
1.723000e-05	2.683807e-02	-1.447789e+01
1.724000e-05	1.516887e-02	-1.455362e+01
1.725000e-05	1.440902e-02	-1.460746e+01
1.726000e-05	1.772845e-02	-1.465212e+01
1.727000e-05	3.029573e-02	-1.476530e+01
1.728000e-05	2.179209e-02	-1.490841e+01
1.729000e-05	1.737954e-02	-1.496423e+01
1.730000e-05	1.480570e-02	-1.498732e+01
1.731000e-05	2.798304e-02	-1.504048e+01
1.732000e-05	3.000707e-02	-1.512114e+01
1.733000e-05	2.652550e-02	-1.517467e+01
1.734000e-05	2.283692e-02	-1.517580e+01
1.735000e-05	2.738827e-02	-1.521841e+01
1.736000e-05	3.589799e-02	-1.530093e+01
1.737000e-05	3.371170e-02	-1.528009e+01
1.738000e-05	2.850569e-02	-1.530122e+01
1.739000e-05	2.745074e-02	-1.531212e+01
1.740000e-05	3.685453e-02	-1.534367e+01
1.741000e-05	4.209744e-02	-1.533372e+01
1.742000e-05	4.052923e-02	-1.531274e+01
1.743000e-05	3.759974e-02	-1.537367e+01
1.744000e-05	4.118795e-02	-1.530166e+01
1.745000e-05	4.906156e-02	-1.528054e+01
1.746000e-05	4.904007e-02	-1.524946e+01
1.747000e-05	4.576472e-02	-1.523838e+01
1.748000e-05	4.488096e-02	-1.520580e+01
1.749000e-05	5.240689e-02	-1.516428e+01
1.750000e-05	5.485246e-02	-1.512212e+01
1.751000e-05	5.318691e-02	-1.508099e+01
1.752000e-05	4.660111e-02	-1.499833e+01
1.753000e-05	4.671096e-02	-1.497720e+01
1.754000e-05	4.801897e-02	-1.491097e+01
1.755000e-05	4.733029e-02	-1.481636e+01
1.756000e-05	4.065373e-02	-1.469215e+01
1.757000e-05	3.456255e-02	-1.462996e+01
1.758000e-05	3.599897e-02	-1.454481e+01
1.759000e-05	3.618991e-02	-1.446861e+01
1.760000e-05	3.243215e-02	-1.436473e+01
1.761000e-05	2.514449e-02	-1.424049e+01
1.762000e-05	2.350658e-02	-1.414465e+01
1.763000e-05	2.466604e-02	-1.401739e+01
1.764000e-05	2.401116e-02	-1.393260e+01
1.765000e-05	1.990301e-02	-1.378728e+01
1.766000e-05	1.660405e-02	-1.366847e+01
1.767000e-05	1.675894e-02	-1.351262e+01
1.768000e-05	1.829004e-02	-1.340736e+01
1.769000e-05	1.726691e-02	-1.326901e+01
1.770000e-05	1.281062e-02	-1.310105e+01
1.771000e-05	1.012913e-02	-1.298422e+01
1.772000e-05	1.113076e-02	-1.278631e+01
1.773000e-05	1.322752e-02	-1.267749e+01
1.774000e-05	1.030905e-02	-1.246949e+01
1.775000e-05	6.332155e-03	-1.231250e+01
1.776000e-05	5.899108e-03	-1.209385e+01
1.777000e-05	8.941135e-03	-1.195369e+01
1.778000e-05	8.168592e-03	-1.178365e+01
1.779000e-05	6.249987e-03	-1.153417e+01
1.780000e-05	3.111958e-03	-1.135160e+01
1.781000e-05	5.033080e-03	-1.110162e+01
1.782000e-05	6.930958e-03	-1.089263e+01
1.783000e-05	6.162558e-03	-1.073366e+01
1.784000e-05	2.647912e-03	-1.054530e+01
1.785000e-05	1.135218e-03	-1.034315e+01
1.786000e-05	3.094776e-03	-1.009055e+01
1.787000e-05	3.650382e-03	-9.861049e+00
1.788000e-05	2.374042e-03	-9.651594e+00
1.789000e-05	-9.261350e-05	-9.450120e+00
1.790000e-05	1.804464e-03	-9.196913e+00
1.791000e-05	2.935447e-03	-9.016388e+00
1.792000e-05	2.417750e-03	-8.746932e+00
1.793000e-05	-2.082444e-04	-8.533632e+00
1.794000e-05	-2.024724e-03	-8.312152e+00
1.795000e-05	-2.615153e-04	-8.081146e+00
1.796000e-05	8.696809e-04	-7.827314e+00
1.797000e-05	-2.894777e-04	-7.492180e+00
1.798000e-05	-1.459837e-03	-7.249648e+00
1.799000e-05	-1.265248e-03	-7.016396e+00
1.800000e-05	3.815069e-04	-6.742759e+00
1.801000e-05	-1.340988e-03	-6.514256e+00
1.802000e-05	-2.129502e-03	-6.271051e+00
1.803000e-05	-4.743387e-03	-5.964938e+00
1.804000e-05	-3.217289e-03	-5.704804e+00
1.805000e-05	-2.032241e-03	-5.489516e+00
1.806000e-05	-2.897590e-03	-5.165256e+00
1.807000e-05	-4.132382e-03	-4.828945e+00
1.808000e-05	-2.883420e-03	-4.515236e+00
1.809000e-05	-2.475429e-03	-4.303786e+00
1.810000e-05	-1.578669e-03	-4.042044e+00
1.811000e-05	-5.719687e-03	-3.793917e+00
1.812000e-05	-4.955333e-03	-3.513683e+00
1.813000e-05	-5.933238e-03	-3.243128e+00
1.814000e-05	-5.166292e-03	-2.924836e+00
1.815000e-05	-3.225528e-03	-2.672103e+00
1.816000e-05	-6.640799e-03	-2.420423e+00
1.817000e-05	-1.568573e-03	-2.134233e+00
1.818000e-05	-3.121108e-03	-1.850550e+00
1.819000e-05	-2.755245e-03	-1.587817e+00
1.820000e-05	-5.924928e-03	-1.239023e+00
1.821000e-05	-9.955925e-03	-9.563384e-01
1.822000e-05	-7.835525e-03	-6.606850e-01
1.823000e-05	-6.592415e-03	-3.363723e-01
1.824000e-05	-4.294223e-03	-9.476308e-02
1.825000e-05	3.459856e-03	1.693463e-01
1.826000e-05	3.352209e-03	4.516067e-01
1.827000e-05	2.650445e-03	6.862356e-01
1.828000e-05	1.874403e-03	9.579188e-01
1.829000e-05	-3.236570e-03	1.262133e+00
1.830000e-05	-4.555616e-03	1.549318e+00
1.831000e-05	-2.861734e-03	1.781074e+00
1.832000e-05	2.106873e-02	2.023157e+00
1.833000e-05	7.164455e-02	2.315740e+00
1.834000e-05	3.750210e-03	2.714559e+00
1.835000e-05	-6.541040e-02	2.999367e+00
1.836000e-05	-2.417137e-02	3.193074e+00
1.837000e-05	-2.542192e-02	3.537764e+00
1.838000e-05	-6.021640e-02	3.738867e+00
1.839000e-05	-3.065596e-02	3.936284e+00
1.840000e-05	1.072375e-01	4.210449e+00
1.841000e-05	-9.905274e-02	4.513735e+00
1.842000e-05	4.486881e-02	4.738262e+00
1.843000e-05	8.382075e-02	5.093057e+00
1.844000e-05	-9.200916e-02	5.378365e+00
1.845000e-05	4.987538e-02	5.621071e+00
1.846000e-05	-7.233595e-02	5.955259e+00
1.847000e-05	2.452643e-02	6.157914e+00
1.848000e-05	-5.365984e-03	6.421018e+00
1.849000e-05	-2.739816e-02	6.725231e+00
1.850000e-05	2.795541e-02	6.957315e+00
1.851000e-05	-4.171152e-02	7.190916e+00
1.852000e-05	3.094832e-02	7.515224e+00
1.853000e-05	-4.033191e-02	7.735861e+00
1.854000e-05	4.503840e-03	8.061094e+00
1.855000e-05	-3.676695e-03	8.295151e+00
1.856000e-05	-2.988494e-02	8.494703e+00
1.857000e-05	4.207409e-02	8.703726e+00
1.858000e-05	-4.460595e-02	8.976763e+00
1.859000e-05	3.765740e-03	9.198810e+00
1.860000e-05	-2.942460e-02	9.399414e+00
1.861000e-05	1.086823e-02	9.641490e+00
1.862000e-05	-1.612617e-02	9.871043e+00
1.863000e-05	-9.125996e-03	1.008368e+01
1.864000e-05	-6.178055e-03	1.029410e+01
1.865000e-05	-1.446566e-02	1.047357e+01
1.866000e-05	2.748808e-03	1.071415e+01
1.867000e-05	-2.769523e-02	1.096616e+01
1.868000e-05	-1.230461e-02	1.110310e+01
1.869000e-05	-2.270412e-02	1.129222e+01
1.870000e-05	-2.553219e-05	1.153313e+01
1.871000e-05	-1.308114e-02	1.171368e+01
1.872000e-05	-7.410238e-03	1.186212e+01
1.873000e-05	-1.820788e-02	1.206412e+01
1.874000e-05	-1.132578e-02	1.227249e+01
1.875000e-05	-1.326589e-02	1.243942e+01
1.876000e-05	-1.929813e-02	1.262739e+01
1.877000e-05	-1.940896e-02	1.275368e+01
1.878000e-05	-2.035991e-02	1.290367e+01
1.879000e-05	-8.644563e-03	1.306899e+01
1.880000e-05	-1.605382e-02	1.320686e+01
1.881000e-05	-1.346893e-02	1.338418e+01
1.882000e-05	-2.553751e-02	1.346257e+01
1.883000e-05	-1.538142e-02	1.362654e+01
1.884000e-05	-2.064450e-02	1.375470e+01
1.885000e-05	-1.991431e-02	1.392099e+01
1.886000e-05	-2.710267e-02	1.400728e+01
1.887000e-05	-2.396375e-02	1.417117e+01
1.888000e-05	-1.901846e-02	1.424991e+01
1.889000e-05	-2.164176e-02	1.440673e+01
1.890000e-05	-2.107288e-02	1.440986e+01
1.891000e-05	-2.763595e-02	1.456565e+01
1.892000e-05	-2.203746e-02	1.464044e+01
1.893000e-05	-2.696966e-02	1.468262e+01
1.894000e-05	-2.545213e-02	1.476476e+01
1.895000e-05	-3.141207e-02	1.482094e+01
1.896000e-05	-3.251455e-02	1.486155e+01
1.897000e-05	-3.120533e-02	1.496623e+01
1.898000e-05	-3.085945e-02	1.497836e+01
1.899000e-05	-3.154236e-02	1.502946e+01
1.900000e-05	-3.505835e-02	1.504257e+01
1.901000e-05	-3.305635e-02	1.513210e+01
1.902000e-05	-3.515280e-02	1.511573e+01
1.903000e-05	-3.478239e-02	1.518578e+01
1.904000e-05	-4.154147e-02	1.517683e+01
1.905000e-05	-4.347690e-02	1.525636e+01
1.906000e-05	-4.480526e-02	1.521938e+01
1.907000e-05	-4.462172e-02	1.527999e+01
1.908000e-05	-4.551408e-02	1.525983e+01
1.909000e-05	-4.936114e-02	1.525789e+01
1.910000e-05	-4.838863e-02	1.520678e+01
1.911000e-05	-5.198423e-02	1.520523e+01
1.912000e-05	-5.244139e-02	1.514473e+01
1.913000e-05	-5.785825e-02	1.513212e+01
1.914000e-05	-5.905825e-02	1.508110e+01
1.915000e-05	-5.914783e-02	1.502887e+01
1.916000e-05	-5.864271e-02	1.501680e+01
1.917000e-05	-5.747252e-02	1.498523e+01
1.918000e-05	-5.835387e-02	1.491247e+01
1.919000e-05	-5.513164e-02	1.483848e+01
1.920000e-05	-5.300936e-02	1.483635e+01
1.921000e-05	-4.898891e-02	1.474107e+01
1.922000e-05	-4.818538e-02	1.461004e+01
1.923000e-05	-4.631791e-02	1.457680e+01
1.924000e-05	-4.411955e-02	1.449899e+01
1.925000e-05	-4.052347e-02	1.440533e+01
1.926000e-05	-3.765529e-02	1.426144e+01
1.927000e-05	-3.634935e-02	1.419572e+01
1.928000e-05	-3.287061e-02	1.403793e+01
1.929000e-05	-3.187111e-02	1.397407e+01
1.930000e-05	-2.809709e-02	1.378576e+01
1.931000e-05	-2.951911e-02	1.367044e+01
1.932000e-05	-2.592901e-02	1.356258e+01
1.933000e-05	-2.612882e-02	1.339738e+01
1.934000e-05	-2.303048e-02	1.325899e+01
1.935000e-05	-2.297709e-02	1.314267e+01
1.936000e-05	-2.215550e-02	1.297586e+01
1.937000e-05	-2.202500e-02	1.284684e+01
1.938000e-05	-1.995734e-02	1.265099e+01
1.939000e-05	-1.854662e-02	1.250360e+01
1.940000e-05	-1.842192e-02	1.236328e+01
1.941000e-05	-1.727149e-02	1.220626e+01
1.942000e-05	-1.748341e-02	1.201528e+01
1.943000e-05	-1.604351e-02	1.182736e+01
1.944000e-05	-1.683504e-02	1.165944e+01
1.945000e-05	-1.660444e-02	1.140786e+01
1.946000e-05	-1.726971e-02	1.123989e+01
1.947000e-05	-1.456670e-02	1.102949e+01
1.948000e-05	-1.301027e-02	1.087947e+01
1.949000e-05	-1.253066e-02	1.067944e+01
1.950000e-05	-1.236017e-02	1.044887e+01
1.951000e-05	-1.254681e-02	1.022541e+01
1.952000e-05	-1.178857e-02	9.986291e+00
1.953000e-05	-1.184686e-02	9.804838e+00
1.954000e-05	-1.239393e-02	9.522680e+00
1.955000e-05	-1.253330e-02	9.362730e+00
1.956000e-05	-1.204854e-02	9.112698e+00
1.957000e-05	-1.134685e-02	8.869975e+00
1.958000e-05	-1.054401e-02	8.659972e+00
1.959000e-05	-1.041363e-02	8.418448e+00
1.960000e-05	-1.050889e-02	8.227465e+00
1.961000e-05	-9.716133e-03	7.943708e+00
1.962000e-05	-9.379318e-03	7.682124e+00
1.963000e-05	-1.086462e-02	7.417970e+00
1.964000e-05	-7.905682e-03	7.165708e+00
1.965000e-05	-1.304343e-02	6.912204e+00
1.966000e-05	-7.621511e-03	6.661345e+00
1.967000e-05	-8.012962e-03	6.425866e+00
1.968000e-05	-6.199744e-03	6.165762e+00
1.969000e-05	-7.743986e-03	5.892660e+00
1.970000e-05	-1.135256e-02	5.600447e+00
1.971000e-05	-9.244148e-03	5.366783e+00
1.972000e-05	-9.344525e-03	5.057524e+00
1.973000e-05	-7.995010e-03	4.744236e+00
1.974000e-05	-9.103040e-03	4.451579e+00
1.975000e-05	-7.281077e-03	4.207969e+00
1.976000e-05	-4.633005e-03	3.932857e+00
1.977000e-05	-6.199886e-03	3.631655e+00
1.978000e-05	-8.150163e-03	3.355342e+00
1.979000e-05	-1.027337e-02	3.132685e+00
1.980000e-05	-7.809044e-03	2.841051e+00
1.981000e-05	-6.764294e-03	2.555788e+00
1.982000e-05	-6.026973e-03	2.240551e+00
1.983000e-05	-5.501090e-03	1.989029e+00
1.984000e-05	-4.533242e-03	1.776283e+00
1.985000e-05	-4.797611e-03	1.428501e+00
1.986000e-05	-5.204103e-03	1.133841e+00
1.987000e-05	-6.889205e-03	8.083974e-01
1.988000e-05	-7.316407e-03	5.138155e-01
1.989000e-05	-6.081064e-03	2.305053e-01
1.990000e-05	-3.481151e-03	-6.220671e-02
1.991000e-05	4.284310e-03	-3.362621e-01
1.992000e-05	3.028193e-03	-5.683963e-01
1.993000e-05	-1.251666e-03	-8.336516e-01
1.994000e-05	1.255826e-03	-1.114188e+00
1.995000e-05	-1.786832e-03	-1.402002e+00
1.996000e-05	-1.249306e-03	-1.654179e+00
1.997000e-05	8.308666e-03	-1.886211e+00
1.998000e-05	6.342334e-02	-2.087314e+00
1.999000e-05	6.471528e-02	-2.475106e+00
2.000000e-05	-7.640081e-02	-2.875675e+00
2.001000e-05	-1.196612e-03	-3.261648e+00
2.002000e-05	-5.195188e-02	-3.483575e+00
2.003000e-05	-4.936248e-02	-3.673175e+00
2.004000e-05	-1.181900e-02	-3.893254e+00
2.005000e-05	1.411887e-01	-4.043173e+00
2.006000e-05	-1.639905e-01	-4.368962e+00
2.007000e-05	1.440311e-01	-4.618871e+00
2.008000e-05	-4.002840e-02	-4.863227e+00
2.009000e-05	-1.108745e-02	-5.242543e+00
2.010000e-05	8.179701e-02	-5.483478e+00
2.011000e-05	-1.624958e-01	-5.789948e+00
2.012000e-05	9.625727e-02	-6.011544e+00
2.013000e-05	-3.780857e-02	-6.273150e+00
2.014000e-05	2.448891e-02	-6.600469e+00
2.015000e-05	7.006490e-02	-6.779493e+00
2.016000e-05	-1.035072e-01	-7.105779e+00
2.017000e-05	1.180845e-01	-7.386863e+00
2.018000e-05	-9.189512e-02	-7.621987e+00
2.019000e-05	7.538046e-02	-7.945777e+00
2.020000e-05	-4.155205e-02	-8.126858e+00
2.021000e-05	-2.833103e-02	-8.411464e+00
2.022000e-05	1.027223e-01	-8.649542e+00
2.023000e-05	-7.536850e-02	-8.874726e+00
2.024000e-05	9.046561e-02	-9.114175e+00
2.025000e-05	-9.413225e-02	-9.315703e+00
2.026000e-05	7.122216e-02	-9.596406e+00
2.027000e-05	-1.593924e-02	-9.798434e+00
2.028000e-05	2.408164e-02	-1.001993e+01
2.029000e-05	1.358210e-02	-1.021049e+01
2.030000e-05	-3.551610e-02	-1.044101e+01
2.031000e-05	6.215440e-02	-1.063999e+01
2.032000e-05	-3.486228e-02	-1.081049e+01
2.033000e-05	5.139765e-02	-1.102044e+01
2.034000e-05	-4.850658e-02	-1.128154e+01
2.035000e-05	4.405712e-02	-1.145051e+01
2.036000e-05	-1.067213e-04	-1.167149e+01
2.037000e-05	3.167446e-02	-1.188157e+01
2.038000e-05	-5.113572e-03	-1.207061e+01
2.039000e-05	-2.171813e-03	-1.222899e+01
2.040000e-05	2.067600e-02	-1.239740e+01
2.041000e-05	6.699210e-03	-1.257988e+01
2.042000e-05	2.227157e-02	-1.275372e+01
2.043000e-05	-9.081740e-03	-1.289217e+01
2.044000e-05	2.474358e-02	-1.304057e+01
2.045000e-05	1.356269e-02	-1.318678e+01
2.046000e-05	2.638688e-02	-1.336528e+01
2.047000e-05	-1.207853e-03	-1.349304e+01
2.048000e-05	8.832732e-03	-1.360738e+01
2.049000e-05	1.444280e-02	-1.373418e+01
2.050000e-05	2.491513e-02	-1.386147e+01
2.051000e-05	1.442497e-02	-1.403738e+01
2.052000e-05	1.171230e-02	-1.414625e+01
2.053000e-05	1.132477e-02	-1.429096e+01
2.054000e-05	2.655823e-02	-1.431522e+01
2.055000e-05	1.871022e-02	-1.447154e+01
2.056000e-05	1.456313e-02	-1.452472e+01
2.057000e-05	1.315701e-02	-1.463846e+01
2.058000e-05	2.280405e-02	-1.470322e+01
2.059000e-05	3.178105e-02	-1.477683e+01
2.060000e-05	2.191891e-02	-1.486006e+01
2.061000e-05	1.723095e-02	-1.495473e+01
2.062000e-05	1.584547e-02	-1.499788e+01
2.063000e-05	2.855067e-02	-1.505046e+01
2.064000e-05	2.817781e-02	-1.510362e+01
2.065000e-05	2.440490e-02	-1.515270e+01
2.066000e-05	2.394715e-02	-1.515528e+01
2.067000e-05	3.165181e-02	-1.522848e+01
2.068000e-05	3.821291e-02	-1.527896e+01
2.069000e-05	3.144379e-02	-1.533199e+01
2.070000e-05	2.674585e-02	-1.533212e+01
2.071000e-05	2.797350e-02	-1.530422e+01
2.072000e-05	3.841942e-02	-1.534312e+01
2.073000e-05	4.274593e-02	-1.535367e+01
2.074000e-05	4.040041e-02	-1.534070e+01
2.075000e-05	3.882419e-02	-1.532259e+01
2.076000e-05	4.328919e-02	-1.531309e+01
2.077000e-05	5.094029e-02	-1.528954e+01
2.078000e-05	4.807679e-02	-1.527099e+01
2.079000e-05	4.425413e-02	-1.522691e+01
2.080000e-05	4.538037e-02	-1.519583e+01
2.081000e-05	5.436893e-02	-1.517515e+01
2.082000e-05	5.501670e-02	-1.509059e+01
2.083000e-05	5.208543e-02	-1.505049e+01
2.084000e-05	4.511271e-02	-1.500680e+01
2.085000e-05	4.698494e-02	-1.494468e+01
2.086000e-05	4.844903e-02	-1.487004e+01
2.087000e-05	4.569074e-02	-1.479530e+01
2.088000e-05	3.839304e-02	-1.471155e+01
2.089000e-05	3.518762e-02	-1.462746e+01
2.090000e-05	3.586778e-02	-1.455477e+01
2.091000e-05	3.666016e-02	-1.443996e+01
2.092000e-05	3.161850e-02	-1.440272e+01
2.093000e-05	2.463335e-02	-1.421841e+01
2.094000e-05	2.275332e-02	-1.417314e+01
2.095000e-05	2.461012e-02	-1.401486e+01
2.096000e-05	2.390283e-02	-1.386959e+01
2.097000e-05	1.952190e-02	-1.374325e+01
2.098000e-05	1.602983e-02	-1.360781e+01
2.099000e-05	1.592243e-02	-1.351052e+01
2.100000e-05	1.760023e-02	-1.333463e+01
2.101000e-05	1.599461e-02	-1.320538e+01
2.102000e-05	1.147257e-02	-1.308101e+01
2.103000e-05	1.043767e-02	-1.293265e+01
2.104000e-05	1.203190e-02	-1.279568e+01
2.105000e-05	1.354489e-02	-1.262793e+01
2.106000e-05	1.005401e-02	-1.246941e+01
2.107000e-05	6.784623e-03	-1.230052e+01
2.108000e-05	5.491320e-03	-1.213061e+01
2.109000e-05	8.099877e-03	-1.192012e+01
2.110000e-05	7.503857e-03	-1.172049e+01
2.111000e-05	4.879480e-03	-1.147949e+01
2.112000e-05	3.885002e-03	-1.126852e+01
2.113000e-05	5.618920e-03	-1.107903e+01
2.114000e-05	7.404018e-03	-1.089050e+01
2.115000e-05	5.481772e-03	-1.069267e+01
2.116000e-05	2.139946e-03	-1.048167e+01
2.117000e-05	2.425482e-03	-1.029157e+01
2.118000e-05	2.978835e-03	-1.006686e+01
2.119000e-05	2.973883e-03	-9.828916e+00
2.120000e-05	1.457910e-03	-9.618965e+00
2.121000e-05	7.090250e-04	-9.388387e+00
2.122000e-05	2.015047e-03	-9.164831e+00
2.123000e-05	3.093976e-03	-8.955683e+00
2.124000e-05	2.307387e-03	-8.753753e+00
2.125000e-05	-4.095179e-05	-8.499548e+00
2.126000e-05	-1.334362e-03	-8.260019e+00
2.127000e-05	-1.292569e-03	-8.015487e+00
2.128000e-05	-2.901557e-05	-7.776208e+00
2.129000e-05	-1.703205e-03	-7.451099e+00
2.130000e-05	-1.982586e-03	-7.236917e+00
2.131000e-05	-1.000337e-03	-6.975760e+00
2.132000e-05	8.203401e-05	-6.713100e+00
2.133000e-05	-3.827074e-04	-6.429020e+00
2.134000e-05	-2.062725e-03	-6.216337e+00
2.135000e-05	-4.361576e-03	-5.893157e+00
2.136000e-05	-1.534267e-03	-5.670044e+00
2.137000e-05	-1.832949e-03	-5.396265e+00
2.138000e-05	-2.229370e-03	-5.052603e+00
2.139000e-05	-3.713937e-03	-4.794234e+00
2.140000e-05	-2.933867e-03	-4.531605e+00
2.141000e-05	-3.475922e-03	-4.281023e+00
2.142000e-05	-3.054266e-03	-4.008039e+00
2.143000e-05	-5.313695e-03	-3.743658e+00
2.144000e-05	-4.987477e-03	-3.452076e+00
2.145000e-05	-4.244916e-03	-3.149368e+00
2.146000e-05	-2.995017e-03	-2.841603e+00
2.147000e-05	-3.849645e-03	-2.598471e+00
2.148000e-05	-5.065390e-03	-2.345764e+00
2.149000e-05	-7.202228e-03	-2.040499e+00
2.150000e-05	-5.001787e-03	-1.828820e+00
2.151000e-05	-5.610021e-03	-1.472664e+00
2.152000e-05	-6.275916e-03	-1.136863e+00
2.153000e-05	-4.235456e-03	-8.721077e-01
2.154000e-05	-7.685269e-03	-6.064508e-01
2.155000e-05	-8.019854e-04	-3.052357e-01
2.156000e-05	-1.891233e-03	-4.105275e-02
2.157000e-05	4.378452e-03	2.146318e-01
2.158000e-05	-2.945389e-03	4.967621e-01
2.159000e-05	-1.767063e-03	7.378922e-01
2.160000e-05	-4.077247e-03	1.063080e+00
2.161000e-05	-1.015282e-03	1.317238e+00
2.162000e-05	-3.853607e-03	1.611126e+00
2.163000e-05	6.744740e-03	1.855187e+00
2.164000e-05	3.171296e-02	2.115787e+00
2.165000e-05	8.200635e-02	2.360465e+00
2.166000e-05	-3.687363e-02	2.748790e+00
2.167000e-05	-4.905450e-02	3.013123e+00
2.168000e-05	-3.665906e-02	3.295331e+00
2.169000e-05	-2.054097e-02	3.607943e+00
2.170000e-05	-7.864699e-02	3.789444e+00
2.171000e-05	1.625982e-02	3.959816e+00
2.172000e-05	9.121498e-02	4.305657e+00
2.173000e-05	-1.284560e-01	4.579491e+00
2.174000e-05	1.216151e-01	4.770921e+00
2.175000e-05	2.998061e-03	5.178340e+00
2.176000e-05	-5.103221e-02	5.431001e+00
2.177000e-05	2.467783e-02	5.675775e+00
2.178000e-05	-7.003517e-02	5.958913e+00
2.179000e-05	3.974000e-02	6.199445e+00
2.180000e-05	-2.475510e-02	6.464778e+00
2.181000e-05	-4.509761e-03	6.778985e+00
2.182000e-05	1.388393e-02	7.031045e+00
2.183000e-05	-3.121749e-02	7.293147e+00
2.184000e-05	2.942102e-02	7.576836e+00
2.185000e-05	-4.901640e-02	7.800045e+00
2.186000e-05	1.956876e-02	8.118754e+00
2.187000e-05	-2.622637e-02	8.356261e+00
2.188000e-05	-9.954767e-03	8.537285e+00
2.189000e-05	3.194858e-02	8.777334e+00
2.190000e-05	-4.931598e-02	9.028887e+00
2.191000e-05	1.225717e-02	9.252618e+00
2.192000e-05	-3.567529e-02	9.440022e+00
2.193000e-05	2.144203e-02	9.682574e+00
2.194000e-05	-2.703020e-02	9.893754e+00
2.195000e-05	-9.671458e-05	1.014530e+01
2.196000e-05	-1.305624e-02	1.032425e+01
2.197000e-05	-1.022012e-02	1.052683e+01
2.198000e-05	3.983681e-04	1.074633e+01
2.199000e-05	-3.044727e-02	1.095580e+01
2.200000e-05	-6.908427e-03	1.115528e+01
2.201000e-05	-2.527327e-02	1.132630e+01
2.202000e-05	4.896407e-03	1.154530e+01
2.203000e-05	-1.654969e-02	1.178725e+01
2.204000e-05	-7.764730e-03	1.195473e+01
2.205000e-05	-2.009853e-02	1.212423e+01
2.206000e-05	-1.078110e-02	1.229415e+01
2.207000e-05	-1.304558e-02	1.252204e+01
2.208000e-05	-2.153904e-02	1.261899e+01
2.209000e-05	-1.714580e-02	1.279688e+01
2.210000e-05	-2.143879e-02	1.294578e+01
2.211000e-05	-6.428605e-03	1.308094e+01
2.212000e-05	-1.757108e-02	1.317996e+01
2.213000e-05	-1.484296e-02	1.337583e+01
2.214000e-05	-2.471649e-02	1.346360e+01
2.215000e-05	-1.608907e-02	1.362094e+01
2.216000e-05	-1.907081e-02	1.381475e+01
2.217000e-05	-2.247320e-02	1.391154e+01
2.218000e-05	-2.443692e-02	1.399884e+01
2.219000e-05	-2.442718e-02	1.411473e+01
2.220000e-05	-1.774449e-02	1.427952e+01
2.221000e-05	-2.306843e-02	1.438667e+01
2.222000e-05	-2.261806e-02	1.451149e+01
2.223000e-05	-2.836631e-02	1.454435e+01
2.224000e-05	-2.252459e-02	1.464989e+01
2.225000e-05	-2.471253e-02	1.470220e+01
2.226000e-05	-2.774947e-02	1.481578e+01
2.227000e-05	-3.096037e-02	1.483999e+01
2.228000e-05	-3.265596e-02	1.489259e+01
2.229000e-05	-2.893511e-02	1.498728e+01
2.230000e-05	-3.231960e-02	1.501641e+01
2.231000e-05	-3.234111e-02	1.505934e+01
2.232000e-05	-3.573755e-02	1.509052e+01
2.233000e-05	-3.303503e-02	1.512205e+01
2.234000e-05	-3.502076e-02	1.517373e+01
2.235000e-05	-3.706853e-02	1.520626e+01
2.236000e-05	-4.223588e-02	1.521584e+01
2.237000e-05	-4.445495e-02	1.520783e+01
2.238000e-05	-4.266066e-02	1.523841e+01
2.239000e-05	-4.575702e-02	1.525791e+01
2.240000e-05	-4.657399e-02	1.529936e+01
2.241000e-05	-5.015918e-02	1.524838e+01
2.242000e-05	-4.942253e-02	1.523591e+01
2.243000e-05	-5.146790e-02	1.519576e+01
2.244000e-05	-5.310160e-02	1.516430e+01
2.245000e-05	-5.806254e-02	1.512310e+01
2.246000e-05	-5.962852e-02	1.509157e+01
2.247000e-05	-5.771651e-02	1.505841e+01
2.248000e-05	-5.793928e-02	1.499781e+01
2.249000e-05	-5.792155e-02	1.497321e+01
2.250000e-05	-5.948739e-02	1.490204e+01
2.251000e-05	-5.512581e-02	1.482891e+01
2.252000e-05	-5.186415e-02	1.476573e+01
2.253000e-05	-4.907161e-02	1.468210e+01
2.254000e-05	-4.852138e-02	1.464643e+01
2.255000e-05	-4.507173e-02	1.453315e+01
2.256000e-05	-4.163378e-02	1.444991e+01
2.257000e-05	-4.039220e-02	1.435382e+01
2.258000e-05	-3.704053e-02	1.423941e+01
2.259000e-05	-3.729469e-02	1.414273e+01
2.260000e-05	-3.094516e-02	1.400793e+01
2.261000e-05	-3.074961e-02	1.394301e+01
2.262000e-05	-3.010813e-02	1.375476e+01
2.263000e-05	-2.953362e-02	1.366886e+01
2.264000e-05	-2.462580e-02	1.352202e+01
2.265000e-05	-2.362861e-02	1.335626e+01
2.266000e-05	-2.519427e-02	1.323839e+01
2.267000e-05	-2.307402e-02	1.314105e+01
2.268000e-05	-2.196772e-02	1.296413e+01
2.269000e-05	-1.911272e-02	1.281431e+01
2.270000e-05	-2.106214e-02	1.263889e+01
2.271000e-05	-2.007993e-02	1.244107e+01
2.272000e-05	-1.811115e-02	1.232312e+01
2.273000e-05	-1.503796e-02	1.217363e+01
2.274000e-05	-1.618314e-02	1.195418e+01
2.275000e-05	-1.726103e-02	1.173633e+01
2.276000e-05	-1.699543e-02	1.159670e+01
2.277000e-05	-1.497959e-02	1.139479e+01
2.278000e-05	-1.433540e-02	1.118423e+01
2.279000e-05	-1.468699e-02	1.099679e+01
2.280000e-05	-1.485372e-02	1.078886e+01
2.281000e-05	-1.402325e-02	1.059781e+01
2.282000e-05	-1.257915e-02	1.035526e+01
2.283000e-05	-1.253642e-02	1.017626e+01
2.284000e-05	-1.229765e-02	9.955703e+00
2.285000e-05	-1.269237e-02	9.710529e+00
2.286000e-05	-1.106874e-02	9.481574e+00
2.287000e-05	-1.039125e-02	9.262000e+00
2.288000e-05	-1.142390e-02	9.070071e+00
2.289000e-05	-1.296384e-02	8.797962e+00
2.290000e-05	-1.206329e-02	8.606288e+00
2.291000e-05	-1.007451e-02	8.357814e+00
2.292000e-05	-8.692692e-03	8.143108e+00
2.293000e-05	-9.490893e-03	7.871127e+00
2.294000e-05	-1.014683e-02	7.608442e+00
2.295000e-05	-9.762169e-03	7.354767e+00
2.296000e-05	-8.898908e-03	7.084107e+00
2.297000e-05	-8.921820e-03	6.831549e+00
2.298000e-05	-1.061225e-02	6.596311e+00
2.299000e-05	-1.076264e-02	6.353754e+00
2.300000e-05	-8.548536e-03	6.082179e+00
2.301000e-05	-7.364794e-03	5.848924e+00
2.302000e-05	-7.541226e-03	5.546812e+00
2.303000e-05	-8.326664e-03	5.282154e+00
2.304000e-05	-8.063796e-03	4.964236e+00
2.305000e-05	-7.031415e-03	4.651104e+00
2.306000e-05	-7.058413e-03	4.429545e+00
2.307000e-05	-7.759417e-03	4.104787e+00
2.308000e-05	-9.156911e-03	3.851024e+00
2.309000e-05	-8.348133e-03	3.579399e+00
2.310000e-05	-6.792282e-03	3.303663e+00
2.311000e-05	-6.311642e-03	3.029475e+00
2.312000e-05	-7.637639e-03	2.778869e+00
2.313000e-05	-6.849982e-03	2.503059e+00
2.314000e-05	-5.988593e-03	2.188901e+00
2.315000e-05	-5.723143e-03	1.917363e+00
2.316000e-05	-6.488136e-03	1.649980e+00
2.317000e-05	-6.238398e-03	1.356268e+00
2.318000e-05	-5.579474e-03	1.010033e+00
2.319000e-05	-5.647648e-03	7.358182e-01
2.320000e-05	-5.195327e-03	4.826330e-01
2.321000e-05	-4.919273e-03	1.793223e-01
2.322000e-05	-2.798073e-03	-1.167632e-01
2.323000e-05	6.891254e-03	-3.688712e-01
2.324000e-05	-1.172462e-03	-6.341014e-01
2.325000e-05	1.383710e-03	-9.047617e-01
2.326000e-05	-2.832901e-03	-1.167942e+00
2.327000e-05	7.016316e-04	-1.445178e+00
2.328000e-05	-2.777639e-03	-1.716739e+00
2.329000e-05	1.896447e-02	-1.967317e+00
2.330000e-05	8.194658e-02	-2.189493e+00
2.331000e-05	2.463500e-02	-2.558438e+00
2.332000e-05	-6.725572e-02	-2.997892e+00
2.333000e-05	-8.063457e-03	-3.293734e+00
2.334000e-05	-4.867352e-02	-3.495308e+00
2.335000e-05	-6.482992e-02	-3.695828e+00
2.336000e-05	5.697768e-02	-3.914714e+00
2.337000e-05	7.260496e-02	-4.095757e+00
2.338000e-05	-1.404963e-01	-4.421999e+00
2.339000e-05	1.863209e-01	-4.672071e+00
2.340000e-05	-1.119282e-01	-4.936366e+00
2.341000e-05	7.282487e-02	-5.274703e+00
2.342000e-05	8.032113e-04	-5.557835e+00
2.343000e-05	-1.258380e-01	-5.863152e+00
2.344000e-05	1.151961e-01	-6.071698e+00
2.345000e-05	-8.119273e-02	-6.366860e+00
2.346000e-05	8.737556e-02	-6.651048e+00
2.347000e-05	-4.451918e-03	-6.863622e+00
2.348000e-05	-4.956805e-02	-7.190587e+00
2.349000e-05	9.601085e-02	-7.440470e+00
2.350000e-05	-9.846666e-02	-7.724702e+00
2.351000e-05	1.092374e-01	-7.988458e+00
2.352000e-05	-1.027862e-01	-8.219960e+00
2.353000e-05	5.033058e-02	-8.452193e+00
2.354000e-05	4.090215e-02	-8.673049e+00
2.355000e-05	-3.824734e-02	-8.965878e+00
2.356000e-05	6.474230e-02	-9.135783e+00
2.357000e-05	-9.347199e-02	-9.377835e+00
2.358000e-05	9.534807e-02	-9.669013e+00
2.359000e-05	-4.932156e-02	-9.840495e+00
2.360000e-05	6.313913e-02	-1.007009e+01
2.361000e-05	-3.132692e-02	-1.025199e+01
2.362000e-05	9.845626e-03	-1.051407e+01
2.363000e-05	3.129449e-02	-1.064155e+01
2.364000e-05	-1.665629e-02	-1.089220e+01
2.365000e-05	3.307013e-02	-1.110207e+01
2.366000e-05	-4.494223e-02	-1.129309e+01
2.367000e-05	5.297819e-02	-1.146402e+01
2.368000e-05	-8.212669e-03	-1.176512e+01
2.369000e-05	4.246700e-02	-1.193367e+01
2.370000e-05	-2.030986e-02	-1.211124e+01
2.371000e-05	1.760293e-02	-1.228159e+01
2.372000e-05	8.777752e-03	-1.240901e+01
2.373000e-05	1.660545e-02	-1.261989e+01
2.374000e-05	5.759359e-03	-1.278428e+01
2.375000e-05	-2.967340e-03	-1.293475e+01
2.376000e-05	2.106712e-02	-1.304212e+01
2.377000e-05	1.920346e-02	-1.321801e+01
2.378000e-05	2.578416e-02	-1.335636e+01
2.379000e-05	9.890538e-05	-1.350370e+01
2.380000e-05	1.369112e-02	-1.364949e+01
2.381000e-05	1.421967e-02	-1.377633e+01
2.382000e-05	2.336074e-02	-1.390160e+01
2.383000e-05	6.765637e-03	-1.403901e+01
2.384000e-05	1.025773e-02	-1.416623e+01
2.385000e-05	1.395974e-02	-1.426994e+01
2.386000e-05	2.983786e-02	-1.439473e+01
2.387000e-05	2.053218e-02	-1.450154e+01
2.388000e-05	1.840584e-02	-1.457390e+01
2.389000e-05	1.361484e-02	-1.464051e+01
2.390000e-05	2.474982e-02	-1.471422e+01
2.391000e-05	2.489481e-02	-1.482685e+01
2.392000e-05	1.859977e-02	-1.489112e+01
2.393000e-05	1.472660e-02	-1.497575e+01
2.394000e-05	2.064248e-02	-1.500841e+01
2.395000e-05	3.273786e-02	-1.507096e+01
2.396000e-05	3.037045e-02	-1.512112e+01
2.397000e-05	2.591234e-02	-1.513483e+01
2.398000e-05	2.388905e-02	-1.520588e+01
2.399000e-05	3.198730e-02	-1.522848e+01
2.400000e-05	3.477680e-02	-1.527854e+01
2.401000e-05	2.994021e-02	-1.534004e+01
2.402000e-05	2.715443e-02	-1.531164e+01
2.403000e-05	3.138155e-02	-1.531422e+01
2.404000e-05	4.170444e-02	-1.534275e+01
2.405000e-05	4.343757e-02	-1.536567e+01
2.406000e-05	4.051513e-02	-1.533317e+01
2.407000e-05	3.881894e-02	-1.533309e+01
2.408000e-05	4.512076e-02	-1.530112e+01
2.409000e-05	4.933239e-02	-1.532101e+01
2.410000e-05	4.769349e-02	-1.526854e+01
2.411000e-05	4.455184e-02	-1.521786e+01
2.412000e-05	4.850811e-02	-1.518578e+01
2.413000e-05	5.430139e-02	-1.517219e+01
2.414000e-05	5.526898e-02	-1.511149e+01
2.415000e-05	4.955371e-02	-1.502946e+01
2.416000e-05	4.666314e-02	-1.498588e+01
2.417000e-05	4.785139e-02	-1.493370e+01
2.418000e-05	4.781633e-02	-1.488646e+01
2.419000e-05	4.348658e-02	-1.478580e+01
2.420000e-05	3.667147e-02	-1.466259e+01
2.421000e-05	3.508161e-02	-1.460886e+01
2.422000e-05	3.568604e-02	-1.455424e+01
2.423000e-05	3.559461e-02	-1.445790e+01
2.424000e-05	2.958764e-02	-1.430217e+01
2.425000e-05	2.385920e-02	-1.423841e+01
2.426000e-05	2.449776e-02	-1.414261e+01
2.427000e-05	2.568691e-02	-1.401368e+01
2.428000e-05	2.260964e-02	-1.385949e+01
2.429000e-05	1.771789e-02	-1.369420e+01
2.430000e-05	1.524506e-02	-1.361418e+01
2.431000e-05	1.741248e-02	-1.347999e+01
2.432000e-05	1.770951e-02	-1.332315e+01
2.433000e-05	1.419152e-02	-1.316625e+01
2.434000e-05	1.101763e-02	-1.303794e+01
2.435000e-05	1.096358e-02	-1.288006e+01
2.436000e-05	1.330083e-02	-1.272225e+01
2.437000e-05	1.238579e-02	-1.256371e+01
2.438000e-05	8.213002e-03	-1.238581e+01
2.439000e-05	6.344812e-03	-1.223841e+01
2.440000e-05	7.343281e-03	-1.204841e+01
2.441000e-05	8.453397e-03	-1.188002e+01
2.442000e-05	6.499141e-03	-1.165744e+01
2.443000e-05	4.721307e-03	-1.143741e+01
2.444000e-05	5.241726e-03	-1.119787e+01
2.445000e-05	7.114230e-03	-1.101641e+01
2.446000e-05	6.060777e-03	-1.083791e+01
2.447000e-05	3.921072e-03	-1.065039e+01
2.448000e-05	1.346016e-03	-1.046684e+01
2.449000e-05	2.786822e-03	-1.022794e+01
2.450000e-05	3.615749e-03	-1.001529e+01
2.451000e-05	2.564210e-03	-9.786360e+00
2.452000e-05	-3.513453e-04	-9.594787e+00
2.453000e-05	1.329885e-03	-9.385182e+00
2.454000e-05	3.415052e-03	-9.153703e+00
2.455000e-05	3.201582e-03	-8.941200e+00
2.456000e-05	7.998594e-04	-8.679070e+00
2.457000e-05	-9.212059e-04	-8.439418e+00
2.458000e-05	5.166804e-06	-8.207914e+00
2.459000e-05	1.868944e-03	-7.954308e+00
2.460000e-05	1.259423e-03	-7.640043e+00
2.461000e-05	-1.635729e-03	-7.397416e+00
2.462000e-05	-1.663876e-03	-7.166363e+00
2.463000e-05	-2.618150e-04	-6.913198e+00
2.464000e-05	-6.494708e-05	-6.640621e+00
2.465000e-05	-2.393713e-03	-6.397340e+00
2.466000e-05	-2.932749e-03	-6.141732e+00
2.467000e-05	-3.347801e-03	-5.899553e+00
2.468000e-05	-9.318199e-04	-5.538464e+00
2.469000e-05	-2.777633e-03	-5.312156e+00
2.470000e-05	-3.002331e-03	-4.997917e+00
2.471000e-05	-4.190392e-03	-4.722530e+00
2.472000e-05	-1.027287e-03	-4.451546e+00
2.473000e-05	-2.757984e-03	-4.208866e+00
2.474000e-05	-3.154403e-03	-3.936809e+00
2.475000e-05	-5.952693e-03	-3.660600e+00
2.476000e-05	-4.995579e-03	-3.377396e+00
2.477000e-05	-4.322639e-03	-3.083788e+00
2.478000e-05	-3.744582e-03	-2.808496e+00
2.479000e-05	-4.987256e-03	-2.576866e+00
2.480000e-05	-4.905223e-03	-2.288159e+00
2.481000e-05	-3.463211e-03	-1.967417e+00
2.482000e-05	-3.559488e-03	-1.692684e+00
2.483000e-05	-7.473386e-03	-1.416103e+00
2.484000e-05	-7.224751e-03	-1.102735e+00
2.485000e-05	-8.031911e-03	-8.015226e-01
2.486000e-05	-2.451160e-03	-5.328379e-01
2.487000e-05	-4.341365e-03	-2.632079e-01
2.488000e-05	-1.036894e-04	3.360527e-02
2.489000e-05	5.461843e-03	2.867420e-01
2.490000e-05	-3.962792e-03	5.268185e-01
2.491000e-05	2.835358e-03	7.899738e-01
2.492000e-05	-6.433625e-03	1.074236e+00
2.493000e-05	-2.137346e-03	1.390369e+00
2.494000e-05	-5.540639e-03	1.686161e+00
2.495000e-05	1.269224e-02	1.937341e+00
2.496000e-05	4.126729e-02	2.117842e+00
2.497000e-05	7.502628e-02	2.484203e+00
2.498000e-05	-6.802297e-02	2.791049e+00
2.499000e-05	-3.238045e-02	3.076262e+00
2.500000e-05	-3.983555e-02	3.357466e+00
2.501000e-05	-2.193456e-02	3.621175e+00
2.502000e-05	-8.468849e-02	3.841600e+00
2.503000e-05	6.004017e-02	4.022568e+00
2.504000e-05	4.600979e-02	4.360390e+00
2.505000e-05	-1.175467e-01	4.630550e+00
2.506000e-05	1.641457e-01	4.854151e+00
2.507000e-05	-6.698591e-02	5.251677e+00
2.508000e-05	1.760676e-03	5.493181e+00
2.509000e-05	-1.340283e-02	5.747914e+00
2.510000e-05	-4.730974e-02	6.051095e+00
2.511000e-05	3.887220e-02	6.283078e+00
2.512000e-05	-3.784350e-02	6.558387e+00
2.513000e-05	1.574661e-02	6.810995e+00
2.514000e-05	-1.021286e-02	7.042601e+00
2.515000e-05	-1.185830e-02	7.348358e+00
2.516000e-05	1.379724e-02	7.590940e+00
2.517000e-05	-4.223504e-02	7.862699e+00
2.518000e-05	2.435808e-02	8.157886e+00
2.519000e-05	-4.054179e-02	8.389441e+00
2.520000e-05	1.522773e-02	8.599394e+00
2.521000e-05	9.634563e-03	8.791966e+00
2.522000e-05	-3.855640e-02	9.023045e+00
2.523000e-05	6.699493e-03	9.285123e+00
2.524000e-05	-2.956972e-02	9.482702e+00
2.525000e-05	1.920247e-02	9.748731e+00
2.526000e-05	-2.975019e-02	9.956360e+00
2.527000e-05	3.004051e-03	1.020731e+01
2.528000e-05	-1.673804e-02	1.035688e+01
2.529000e-05	-5.104776e-03	1.057786e+01
2.530000e-05	-6.102091e-03	1.078786e+01
2.531000e-05	-2.842257e-02	1.099891e+01
2.532000e-05	-8.418955e-03	1.116933e+01
2.533000e-05	-2.099343e-02	1.141689e+01
2.534000e-05	3.615965e-03	1.162049e+01
2.535000e-05	-1.619444e-02	1.178839e+01
2.536000e-05	-1.027841e-02	1.197726e+01
2.537000e-05	-1.865417e-02	1.216686e+01
2.538000e-05	-1.138347e-02	1.231618e+01
2.539000e-05	-1.403827e-02	1.251267e+01
2.540000e-05	-2.227162e-02	1.263004e+01
2.541000e-05	-1.756237e-02	1.283851e+01
2.542000e-05	-1.833259e-02	1.300781e+01
2.543000e-05	-7.845846e-03	1.310262e+01
2.544000e-05	-1.636845e-02	1.327056e+01
2.545000e-05	-1.845450e-02	1.339738e+01
2.546000e-05	-2.290450e-02	1.351420e+01
2.547000e-05	-1.815417e-02	1.362999e+01
2.548000e-05	-1.774948e-02	1.380886e+01
2.549000e-05	-2.504105e-02	1.395209e+01
2.550000e-05	-2.440281e-02	1.403046e+01
2.551000e-05	-2.344437e-02	1.420678e+01
2.552000e-05	-1.655363e-02	1.430207e+01
2.553000e-05	-2.182378e-02	1.439783e+01
2.554000e-05	-2.374230e-02	1.447162e+01
2.555000e-05	-2.694102e-02	1.459628e+01
2.556000e-05	-2.461838e-02	1.466146e+01
2.557000e-05	-2.416473e-02	1.473423e+01
2.558000e-05	-3.063634e-02	1.482986e+01
2.559000e-05	-3.128679e-02	1.485997e+01
2.560000e-05	-3.335372e-02	1.494373e+01
2.561000e-05	-2.735848e-02	1.494626e+01
2.562000e-05	-3.182977e-02	1.500881e+01
2.563000e-05	-3.373734e-02	1.505086e+01
2.564000e-05	-3.636978e-02	1.509215e+01
2.565000e-05	-3.385663e-02	1.511520e+01
2.566000e-05	-3.321941e-02	1.516588e+01
2.567000e-05	-3.960622e-02	1.516728e+01
2.568000e-05	-4.226879e-02	1.519623e+01
2.569000e-05	-4.551206e-02	1.524746e+01
2.570000e-05	-4.167264e-02	1.523943e+01
2.571000e-05	-4.502164e-02	1.525096e+01
2.572000e-05	-4.730677e-02	1.525833e+01
2.573000e-05	-5.091966e-02	1.521883e+01
2.574000e-05	-5.033074e-02	1.523628e+01
2.575000e-05	-5.109833e-02	1.520520e+01
2.576000e-05	-5.562923e-02	1.515272e+01
2.577000e-05	-5.952627e-02	1.512207e+01
2.578000e-05	-6.088514e-02	1.512145e+01
2.579000e-05	-5.659366e-02	1.503891e+01
2.580000e-05	-5.703762e-02	1.500578e+01
2.581000e-05	-5.769584e-02	1.495423e+01
2.582000e-05	-5.855250e-02	1.488199e+01
2.583000e-05	-5.520945e-02	1.479784e+01
2.584000e-05	-5.100461e-02	1.480570e+01
2.585000e-05	-4.909298e-02	1.470104e+01
2.586000e-05	-4.727775e-02	1.460628e+01
2.587000e-05	-4.549400e-02	1.453302e+01
2.588000e-05	-4.101419e-02	1.444689e+01
2.589000e-05	-3.843053e-02	1.433317e+01
2.590000e-05	-3.620544e-02	1.423788e+01
2.591000e-05	-3.679508e-02	1.411002e+01
2.592000e-05	-3.138776e-02	1.400520e+01
2.593000e-05	-3.037304e-02	1.389044e+01
2.594000e-05	-2.753532e-02	1.374317e+01
2.595000e-05	-2.801581e-02	1.361683e+01
2.596000e-05	-2.678291e-02	1.345942e+01
2.597000e-05	-2.408515e-02	1.336265e+01
2.598000e-05	-2.254166e-02	1.319581e+01
2.599000e-05	-2.165495e-02	1.303999e+01
2.600000e-05	-2.258973e-02	1.292155e+01
2.601000e-05	-2.119112e-02	1.277373e+01
2.602000e-05	-1.961675e-02	1.258633e+01
2.603000e-05	-1.841391e-02	1.244889e+01
2.604000e-05	-1.803313e-02	1.229909e+01
2.605000e-05	-1.817074e-02	1.214160e+01
2.606000e-05	-1.644062e-02	1.189210e+01
2.607000e-05	-1.577971e-02	1.172315e+01
2.608000e-05	-1.582036e-02	1.154368e+01
2.609000e-05	-1.726316e-02	1.133263e+01
2.610000e-05	-1.526055e-02	1.110315e+01
2.611000e-05	-1.379203e-02	1.097428e+01
2.612000e-05	-1.275205e-02	1.075475e+01
2.613000e-05	-1.265201e-02	1.052308e+01
2.614000e-05	-1.347392e-02	1.029318e+01
2.615000e-05	-1.232402e-02	1.011475e+01
2.616000e-05	-1.214464e-02	9.892594e+00
2.617000e-05	-1.192010e-02	9.678990e+00
2.618000e-05	-1.261919e-02	9.419397e+00
2.619000e-05	-1.244305e-02	9.220467e+00
2.620000e-05	-1.155479e-02	8.968365e+00
2.621000e-05	-1.066295e-02	8.735712e+00
2.622000e-05	-1.039078e-02	8.515257e+00
2.623000e-05	-1.084286e-02	8.354731e+00
2.624000e-05	-1.012222e-02	8.092505e+00
2.625000e-05	-9.514210e-03	7.828816e+00
2.626000e-05	-9.597525e-03	7.576811e+00
2.627000e-05	-1.012369e-02	7.310628e+00
2.628000e-05	-1.020456e-02	7.049949e+00
2.629000e-05	-9.456684e-03	6.817839e+00
2.630000e-05	-8.422527e-03	6.543213e+00
2.631000e-05	-8.285308e-03	6.281530e+00
2.632000e-05	-9.478432e-03	6.059021e+00
2.633000e-05	-8.698164e-03	5.794262e+00
2.634000e-05	-8.286576e-03	5.502232e+00
2.635000e-05	-6.875059e-03	5.205416e+00
2.636000e-05	-8.727443e-03	4.850078e+00
2.637000e-05	-8.626244e-03	4.588873e+00
2.638000e-05	-7.805215e-03	4.377238e+00
2.639000e-05	-7.123985e-03	4.079974e+00
2.640000e-05	-7.556394e-03	3.768841e+00
2.641000e-05	-7.785467e-03	3.535391e+00
2.642000e-05	-7.338293e-03	3.218998e+00
2.643000e-05	-6.516654e-03	2.987372e+00
2.644000e-05	-5.773989e-03	2.694741e+00
2.645000e-05	-7.444068e-03	2.387876e+00
2.646000e-05	-6.842107e-03	2.124269e+00
2.647000e-05	-6.352001e-03	1.887034e+00
2.648000e-05	-5.984337e-03	1.576344e+00
2.649000e-05	-7.181220e-03	1.251734e+00
2.650000e-05	-6.278419e-03	9.668669e-01
2.651000e-05	-4.729980e-03	6.626118e-01
2.652000e-05	-4.113941e-03	3.998999e-01
2.653000e-05	-4.778131e-03	1.033218e-01
2.654000e-05	-1.664698e-03	-1.599936e-01
2.655000e-05	7.609839e-03	-4.311277e-01
2.656000e-05	-3.126092e-03	-6.556605e-01
2.657000e-05	3.261282e-03	-9.304686e-01
2.658000e-05	-5.148534e-03	-1.192052e+00
2.659000e-05	1.611698e-03	-1.537336e+00
2.660000e-05	-3.562903e-03	-1.770444e+00
2.661000e-05	3.164333e-02	-1.980464e+00
2.662000e-05	9.522088e-02	-2.285099e+00
2.663000e-05	-2.312459e-02	-2.642674e+00
2.664000e-05	-4.437436e-02	-3.044628e+00
2.665000e-05	-2.329844e-02	-3.346315e+00
2.666000e-05	-4.064147e-02	-3.566914e+00
2.667000e-05	-7.634353e-02	-3.757891e+00
2.668000e-05	1.205107e-01	-3.956257e+00
2.669000e-05	-2.335802e-02	-4.169943e+00
2.670000e-05	-5.481334e-02	-4.473728e+00
2.671000e-05	1.604669e-01	-4.714755e+00
2.672000e-05	-1.415983e-01	-5.012144e+00
2.673000e-05	1.311408e-01	-5.345860e+00
2.674000e-05	-8.387669e-02	-5.619094e+00
2.675000e-05	-5.524386e-02	-5.885281e+00
2.676000e-05	9.377462e-02	-6.135257e+00
2.677000e-05	-9.009886e-02	-6.442195e+00
2.678000e-05	1.289818e-01	-6.715182e+00
2.679000e-05	-7.579757e-02	-6.916808e+00
2.680000e-05	2.152898e-02	-7.262596e+00
2.681000e-05	3.925525e-02	-7.472651e+00
2.682000e-05	-6.371219e-02	-7.788860e+00
2.683000e-05	1.015717e-01	-8.051042e+00
2.684000e-05	-1.293005e-01	-8.263597e+00
2.685000e-05	1.121955e-01	-8.486303e+00
2.686000e-05	-2.649103e-02	-8.757879e+00
2.687000e-05	1.790284e-02	-8.999566e+00
2.688000e-05	1.120489e-02	-9.179888e+00
2.689000e-05	-5.645282e-02	-9.421094e+00
2.690000e-05	8.517875e-02	-9.683142e+00
2.691000e-05	-5.382545e-02	-9.892599e+00
2.692000e-05	7.962027e-02	-1.010472e+01
2.693000e-05	-6.350299e-02	-1.032420e+01
2.694000e-05	5.067621e-02	-1.057470e+01
2.695000e-05	-6.224090e-03	-1.072525e+01
2.696000e-05	1.431982e-02	-1.093735e+01
2.697000e-05	2.443290e-03	-1.115373e+01
2.698000e-05	-2.245303e-02	-1.137622e+01
2.699000e-05	4.510682e-02	-1.153225e+01
2.700000e-05	-3.959674e-03	-1.172630e+01
2.701000e-05	3.904281e-02	-1.196535e+01
2.702000e-05	-2.723463e-02	-1.216528e+01
2.703000e-05	2.953349e-02	-1.230367e+01
2.704000e-05	-9.592365e-04	-1.249167e+01
2.705000e-05	2.578225e-02	-1.262999e+01
2.706000e-05	-5.857000e-03	-1.281740e+01
2.707000e-05	9.473592e-03	-1.294430e+01
2.708000e-05	1.796963e-02	-1.310155e+01
2.709000e-05	2.373935e-02	-1.324951e+01
2.710000e-05	1.512614e-02	-1.340686e+01
2.711000e-05	2.588467e-04	-1.355465e+01
2.712000e-05	1.263499e-02	-1.369209e+01
2.713000e-05	1.754804e-02	-1.380838e+01
2.714000e-05	2.096179e-02	-1.390518e+01
2.715000e-05	6.882801e-03	-1.409051e+01
2.716000e-05	1.199836e-02	-1.420733e+01
2.717000e-05	1.770860e-02	-1.430101e+01
2.718000e-05	2.953685e-02	-1.437585e+01
2.719000e-05	1.716745e-02	-1.453064e+01
2.720000e-05	1.593595e-02	-1.457633e+01
2.721000e-05	1.323929e-02	-1.465052e+01
2.722000e-05	2.793315e-02	-1.471420e+01
2.723000e-05	2.482025e-02	-1.481783e+01
2.724000e-05	1.986817e-02	-1.492264e+01
2.725000e-05	1.526883e-02	-1.501575e+01
2.726000e-05	2.466637e-02	-1.504941e+01
2.727000e-05	3.144195e-02	-1.507146e+01
2.728000e-05	2.761044e-02	-1.516265e+01
2.729000e-05	2.382679e-02	-1.517528e+01
2.730000e-05	2.304001e-02	-1.521831e+01
2.731000e-05	3.465994e-02	-1.524793e+01
2.732000e-05	3.459430e-02	-1.528894e+01
2.733000e-05	3.090850e-02	-1.533299e+01
2.734000e-05	2.728230e-02	-1.532256e+01
2.735000e-05	3.387436e-02	-1.528372e+01
2.736000e-05	4.136755e-02	-1.535320e+01
2.737000e-05	4.181894e-02	-1.531272e+01
2.738000e-05	3.872529e-02	-1.533162e+01
2.739000e-05	3.871704e-02	-1.531250e+01
2.740000e-05	4.697789e-02	-1.533904e+01
2.741000e-05	4.979971e-02	-1.528151e+01
2.742000e-05	4.758463e-02	-1.524889e+01
2.743000e-05	4.376352e-02	-1.521581e+01
2.744000e-05	5.012734e-02	-1.517425e+01
2.745000e-05	5.453919e-02	-1.514157e+01
2.746000e-05	5.449811e-02	-1.506057e+01
2.747000e-05	4.818377e-02	-1.503793e+01
2.748000e-05	4.609972e-02	-1.497720e+01
2.749000e-05	4.792458e-02	-1.491302e+01
2.750000e-05	4.785649e-02	-1.485748e+01
2.751000e-05	4.215677e-02	-1.474418e+01
2.752000e-05	3.645764e-02	-1.468949e+01
2.753000e-05	3.557629e-02	-1.460536e+01
2.754000e-05	3.590374e-02	-1.452312e+01
2.755000e-05	3.438407e-02	-1.440625e+01
2.756000e-05	2.691725e-02	-1.433954e+01
2.757000e-05	2.354790e-02	-1.416726e+01
2.758000e-05	2.417482e-02	-1.404904e+01
2.759000e-05	2.517412e-02	-1.399412e+01
2.760000e-05	2.051231e-02	-1.383741e+01
2.761000e-05	1.654076e-02	-1.369102e+01
2.762000e-05	1.572584e-02	-1.356570e+01
2.763000e-05	1.796529e-02	-1.347746e+01
2.764000e-05	1.790609e-02	-1.327002e+01
2.765000e-05	1.323495e-02	-1.314365e+01
2.766000e-05	1.014220e-02	-1.301789e+01
2.767000e-05	1.095108e-02	-1.284791e+01
2.768000e-05	1.378456e-02	-1.271102e+01
2.769000e-05	1.186518e-02	-1.251362e+01
2.770000e-05	6.761681e-03	-1.237370e+01
2.771000e-05	4.928391e-03	-1.220335e+01
2.772000e-05	7.938735e-03	-1.201686e+01
2.773000e-05	9.172320e-03	-1.179793e+01
2.774000e-05	7.825215e-03	-1.163428e+01
2.775000e-05	2.683721e-03	-1.139330e+01
2.776000e-05	4.276260e-03	-1.118371e+01
2.777000e-05	7.356351e-03	-1.096526e+01
2.778000e-05	7.470517e-03	-1.077435e+01
2.779000e-05	2.917217e-03	-1.059588e+01
2.780000e-05	1.092440e-03	-1.039580e+01
2.781000e-05	3.345536e-03	-1.015171e+01
2.782000e-05	5.849045e-03	-9.925805e+00
2.783000e-05	3.052935e-03	-9.774754e+00
2.784000e-05	2.622581e-05	-9.514178e+00
2.785000e-05	1.795962e-04	-9.289498e+00
2.786000e-05	2.619786e-03	-9.047946e+00
2.787000e-05	3.265981e-03	-8.851049e+00
2.788000e-05	1.507896e-04	-8.626261e+00
2.789000e-05	-1.671616e-03	-8.386312e+00
2.790000e-05	1.233986e-04	-8.135256e+00
2.791000e-05	2.072826e-03	-7.923101e+00
2.792000e-05	2.108699e-04	-7.586416e+00
2.793000e-05	-1.442501e-03	-7.344386e+00
2.794000e-05	-2.927321e-03	-7.114179e+00
2.795000e-05	1.820932e-04	-6.818019e+00
2.796000e-05	4.787450e-04	-6.585337e+00
2.797000e-05	-5.523636e-04	-6.314760e+00
2.798000e-05	-4.158762e-03	-6.069573e+00
2.799000e-05	-4.134923e-03	-5.796890e+00
2.800000e-05	-6.446550e-04	-5.564287e+00
2.801000e-05	-9.195528e-04	-5.248446e+00
2.802000e-05	-3.392175e-03	-4.933260e+00
2.803000e-05	-4.848857e-03	-4.648497e+00
2.804000e-05	-3.308013e-03	-4.367420e+00
2.805000e-05	-9.537612e-04	-4.155767e+00
2.806000e-05	-3.312391e-03	-3.872050e+00
2.807000e-05	-5.835805e-03	-3.597417e+00
2.808000e-05	-7.044011e-03	-3.333739e+00
2.809000e-05	-2.886490e-03	-3.041501e+00
2.810000e-05	-3.012747e-03	-2.745814e+00
2.811000e-05	-3.855670e-03	-2.480732e+00
2.812000e-05	-6.545446e-03	-2.247396e+00
2.813000e-05	-4.141761e-03	-1.924764e+00
2.814000e-05	-4.340501e-03	-1.652153e+00
2.815000e-05	-4.769063e-03	-1.354336e+00
2.816000e-05	-7.778662e-03	-1.039575e+00
2.817000e-05	-7.326516e-03	-7.667681e-01
2.818000e-05	-4.921950e-03	-5.021328e-01
2.819000e-05	-3.130938e-03	-1.980235e-01
2.820000e-05	1.270166e-03	5.421309e-02
2.821000e-05	3.117875e-03	3.888701e-01
2.822000e-05	-4.249583e-03	6.115213e-01
2.823000e-05	3.708743e-03	8.540779e-01
2.824000e-05	-4.298025e-03	1.179347e+00
2.825000e-05	-1.110956e-03	1.413133e+00
2.826000e-05	-6.540165e-03	1.757967e+00
2.827000e-05	1.758791e-02	1.928445e+00
2.828000e-05	5.569439e-02	2.211523e+00
2.829000e-05	5.156620e-02	2.556895e+00
2.830000e-05	-8.077712e-02	2.884252e+00
2.831000e-05	-2.239410e-02	3.158366e+00
2.832000e-05	-3.632015e-02	3.441447e+00
2.833000e-05	-3.225505e-02	3.694211e+00
2.834000e-05	-7.282476e-02	3.903129e+00
2.835000e-05	9.370357e-02	4.105286e+00
2.836000e-05	-1.960396e-02	4.462050e+00
2.837000e-05	-6.187131e-02	4.692675e+00
2.838000e-05	1.594315e-01	4.946891e+00
2.839000e-05	-1.064733e-01	5.303283e+00
2.840000e-05	4.049949e-02	5.547833e+00
2.841000e-05	-4.801481e-02	5.841475e+00
2.842000e-05	-1.321988e-02	6.103681e+00
2.843000e-05	2.394685e-02	6.335329e+00
2.844000e-05	-4.345533e-02	6.630919e+00
2.845000e-05	3.151844e-02	6.883652e+00
2.846000e-05	-2.981541e-02	7.126835e+00
2.847000e-05	1.321046e-02	7.378992e+00
2.848000e-05	-1.337991e-02	7.642149e+00
2.849000e-05	-2.421638e-02	7.957228e+00
2.850000e-05	1.793695e-02	8.210970e+00
2.851000e-05	-4.319553e-02	8.420547e+00
2.852000e-05	3.464014e-02	8.631549e+00
2.853000e-05	-1.996920e-02	8.853722e+00
2.854000e-05	-1.933948e-02	9.124625e+00
2.855000e-05	-6.545047e-03	9.345829e+00
2.856000e-05	-1.226145e-02	9.504387e+00
2.857000e-05	5.196284e-03	9.798861e+00
2.858000e-05	-2.284836e-02	1.000892e+01
2.859000e-05	1.699501e-03	1.022000e+01
2.860000e-05	-1.683615e-02	1.041992e+01
2.861000e-05	-1.215921e-03	1.063954e+01
2.862000e-05	-1.702745e-02	1.084004e+01
2.863000e-05	-2.154266e-02	1.103049e+01
2.864000e-05	-1.221771e-02	1.121959e+01
2.865000e-05	-1.150926e-02	1.145104e+01
2.866000e-05	-4.248744e-03	1.166954e+01
2.867000e-05	-1.363270e-02	1.185049e+01
2.868000e-05	-1.390659e-02	1.202793e+01
2.869000e-05	-1.379045e-02	1.220891e+01
2.870000e-05	-1.333670e-02	1.235735e+01
2.871000e-05	-1.702333e-02	1.258423e+01
2.872000e-05	-2.269706e-02	1.269412e+01
2.873000e-05	-1.731318e-02	1.284894e+01
2.874000e-05	-1.349819e-02	1.303938e+01
2.875000e-05	-1.178557e-02	1.318518e+01
2.876000e-05	-1.621652e-02	1.328304e+01
2.877000e-05	-2.230869e-02	1.339842e+01
2.878000e-05	-1.701146e-02	1.355633e+01
2.879000e-05	-1.966166e-02	1.371420e+01
2.880000e-05	-1.949105e-02	1.382991e+01
2.881000e-05	-2.728971e-02	1.397518e+01
2.882000e-05	-2.312292e-02	1.409999e+01
2.883000e-05	-2.162818e-02	1.422798e+01
2.884000e-05	-1.961565e-02	1.433460e+01
2.885000e-05	-2.269064e-02	1.438084e+01
2.886000e-05	-2.704054e-02	1.456367e+01
2.887000e-05	-2.239440e-02	1.457732e+01
2.888000e-05	-2.539561e-02	1.468257e+01
2.889000e-05	-2.482523e-02	1.474473e+01
2.890000e-05	-3.297499e-02	1.481041e+01
2.891000e-05	-3.107255e-02	1.487047e+01
2.892000e-05	-3.192409e-02	1.492668e+01
2.893000e-05	-2.938827e-02	1.495678e+01
2.894000e-05	-3.328010e-02	1.502836e+01
2.895000e-05	-3.476380e-02	1.507157e+01
2.896000e-05	-3.273515e-02	1.507219e+01
2.897000e-05	-3.407241e-02	1.518558e+01
2.898000e-05	-3.439042e-02	1.519573e+01
2.899000e-05	-4.146412e-02	1.518628e+01
2.900000e-05	-4.262641e-02	1.522833e+01
2.901000e-05	-4.457599e-02	1.523791e+01
2.902000e-05	-4.314983e-02	1.522849e+01
2.903000e-05	-4.686782e-02	1.526986e+01
2.904000e-05	-4.871708e-02	1.523884e+01
2.905000e-05	-4.861374e-02	1.519536e+01
2.906000e-05	-5.023795e-02	1.519628e+01
2.907000e-05	-5.034240e-02	1.513475e+01
2.908000e-05	-5.764393e-02	1.513513e+01
2.909000e-05	-5.901670e-02	1.511257e+01
2.910000e-05	-5.921651e-02	1.505894e+01
2.911000e-05	-5.753093e-02	1.502844e+01
2.912000e-05	-5.822540e-02	1.495678e+01
2.913000e-05	-5.939901e-02	1.496220e+01
2.914000e-05	-5.631358e-02	1.484957e+01
2.915000e-05	-5.351863e-02	1.480583e+01
2.916000e-05	-4.957412e-02	1.474268e+01
2.917000e-05	-4.869201e-02	1.467206e+01
2.918000e-05	-4.539284e-02	1.454536e+01
2.919000e-05	-4.419129e-02	1.453254e+01
2.920000e-05	-4.086608e-02	1.441681e+01
2.921000e-05	-3.959708e-02	1.429269e+01
2.922000e-05	-3.691141e-02	1.422738e+01
2.923000e-05	-3.471248e-02	1.407112e+01
2.924000e-05	-3.238875e-02	1.396375e+01
2.925000e-05	-2.950672e-02	1.384794e+01
2.926000e-05	-2.879397e-02	1.371362e+01
2.927000e-05	-2.561113e-02	1.355478e+01
2.928000e-05	-2.676829e-02	1.343842e+01
2.929000e-05	-2.284108e-02	1.330165e+01
2.930000e-05	-2.399782e-02	1.316420e+01
2.931000e-05	-2.110376e-02	1.301841e+01
2.932000e-05	-2.260828e-02	1.289109e+01
2.933000e-05	-2.101516e-02	1.272412e+01
2.934000e-05	-2.007448e-02	1.257523e+01
2.935000e-05	-1.883284e-02	1.240628e+01
2.936000e-05	-1.809653e-02	1.223949e+01
2.937000e-05	-1.696835e-02	1.206897e+01
2.938000e-05	-1.531680e-02	1.186154e+01
2.939000e-05	-1.582907e-02	1.172197e+01
2.940000e-05	-1.510361e-02	1.153210e+01
2.941000e-05	-1.656067e-02	1.128057e+01
2.942000e-05	-1.637135e-02	1.107152e+01
2.943000e-05	-1.439157e-02	1.088260e+01
2.944000e-05	-1.374890e-02	1.068205e+01
2.945000e-05	-1.255416e-02	1.048892e+01
2.946000e-05	-1.232684e-02	1.029042e+01
2.947000e-05	-1.122362e-02	1.007005e+01
2.948000e-05	-1.081928e-02	9.848441e+00
2.949000e-05	-1.192577e-02	9.586915e+00
2.950000e-05	-1.274050e-02	9.408387e+00
2.951000e-05	-1.287070e-02	9.175309e+00
2.952000e-05	-1.235268e-02	8.923813e+00
2.953000e-05	-1.181318e-02	8.712257e+00
2.954000e-05	-1.121720e-02	8.493104e+00
2.955000e-05	-1.022446e-02	8.261021e+00
2.956000e-05	-8.792199e-03	8.048416e+00
2.957000e-05	-9.359723e-03	7.745216e+00
2.958000e-05	-8.799264e-03	7.512106e+00
2.959000e-05	-9.696404e-03	7.239397e+00
2.960000e-05	-1.050942e-02	6.985739e+00
2.961000e-05	-1.047700e-02	6.734758e+00
2.962000e-05	-1.045807e-02	6.441025e+00
2.963000e-05	-9.672932e-03	6.219390e+00
2.964000e-05	-8.937782e-03	5.987286e+00
2.965000e-05	-7.876088e-03	5.681130e+00
2.966000e-05	-7.200974e-03	5.430426e+00
2.967000e-05	-6.297285e-03	5.134210e+00
2.968000e-05	-7.455202e-03	4.797421e+00
2.969000e-05	-8.254193e-03	4.575742e+00
2.970000e-05	-8.492027e-03	4.302184e+00
2.971000e-05	-9.062860e-03	3.997372e+00
2.972000e-05	-8.003215e-03	3.733713e+00
2.973000e-05	-7.974371e-03	3.481579e+00
2.974000e-05	-6.250888e-03	3.165845e+00
2.975000e-05	-5.495762e-03	2.924186e+00
2.976000e-05	-6.175124e-03	2.632526e+00
2.977000e-05	-5.821140e-03	2.304266e+00
2.978000e-05	-6.001896e-03	2.082584e+00
2.979000e-05	-5.968066e-03	1.808427e+00
2.980000e-05	-5.408502e-03	1.513692e+00
2.981000e-05	-6.442670e-03	1.198451e+00
2.982000e-05	-6.573751e-03	8.811604e-01
2.983000e-05	-5.837479e-03	5.894486e-01
2.984000e-05	-4.696532e-03	3.373470e-01
2.985000e-05	-3.326325e-03	3.002994e-02
2.986000e-05	9.215725e-04	-2.031726e-01
2.987000e-05	7.525692e-03	-4.456541e-01
2.988000e-05	-3.508720e-03	-7.989698e-01
2.989000e-05	3.850713e-03	-1.032573e+00
2.990000e-05	-4.435026e-03	-1.255762e+00
2.991000e-05	1.188701e-03	-1.609546e+00
2.992000e-05	-8.591514e-04	-1.823052e+00
2.993000e-05	4.381320e-02	-2.011050e+00
2.994000e-05	9.470863e-02	-2.378316e+00
2.995000e-05	-6.058778e-02	-2.728312e+00
2.996000e-05	-1.748707e-02	-3.110778e+00
2.997000e-05	-4.103467e-02	-3.418521e+00
2.998000e-05	-3.673496e-02	-3.589067e+00
2.999000e-05	-6.684630e-02	-3.856494e+00
3.000000e-05	1.614668e-01	-4.008935e+00
3.001000e-05	-1.096119e-01	-4.284604e+00
3.002000e-05	4.439553e-02	-4.546407e+00
3.003000e-05	7.650995e-02	-4.747464e+00
3.004000e-05	-1.119230e-01	-5.116909e+00
3.005000e-05	1.407469e-01	-5.441019e+00
3.006000e-05	-1.472204e-01	-5.683749e+00
3.007000e-05	2.352825e-02	-5.967837e+00
3.008000e-05	4.067699e-02	-6.199415e+00
3.009000e-05	-5.811223e-02	-6.515281e+00
3.010000e-05	1.301425e-01	-6.747306e+00
3.011000e-05	-1.153552e-01	-7.059921e+00
3.012000e-05	8.674151e-02	-7.292204e+00
3.013000e-05	-2.955877e-02	-7.546354e+00
3.014000e-05	-3.826088e-03	-7.882597e+00
3.015000e-05	5.153514e-02	-8.103174e+00
3.016000e-05	-1.092794e-01	-8.325206e+00
3.017000e-05	1.375253e-01	-8.587385e+00
3.018000e-05	-7.365504e-02	-8.798491e+00
3.019000e-05	6.824539e-02	-9.073522e+00
3.020000e-05	-4.710445e-02	-9.262538e+00
3.021000e-05	2.133952e-03	-9.494123e+00
3.022000e-05	4.616481e-02	-9.725750e+00
3.023000e-05	-3.110261e-02	-9.925777e+00
3.024000e-05	6.553325e-02	-1.011630e+01
3.025000e-05	-6.951798e-02	-1.036581e+01
3.026000e-05	7.377224e-02	-1.058786e+01
3.027000e-05	-3.241627e-02	-1.080788e+01
3.028000e-05	4.135080e-02	-1.097694e+01
3.029000e-05	-2.784209e-02	-1.114783e+01
3.030000e-05	1.149078e-02	-1.138791e+01
3.031000e-05	2.629175e-02	-1.162836e+01
3.032000e-05	8.573284e-03	-1.183838e+01
3.033000e-05	2.218914e-02	-1.196636e+01
3.034000e-05	-2.116190e-02	-1.221735e+01
3.035000e-05	3.261729e-02	-1.231325e+01
3.036000e-05	-2.821211e-03	-1.257422e+01
3.037000e-05	2.739934e-02	-1.266159e+01
3.038000e-05	-1.261569e-02	-1.286146e+01
3.039000e-05	2.064575e-02	-1.300888e+01
3.040000e-05	1.349037e-02	-1.310567e+01
3.041000e-05	2.677831e-02	-1.329259e+01
3.042000e-05	5.980045e-03	-1.341091e+01
3.043000e-05	6.586851e-03	-1.358835e+01
3.044000e-05	1.314661e-02	-1.368404e+01
3.045000e-05	2.079553e-02	-1.381838e+01
3.046000e-05	1.522617e-02	-1.396473e+01
3.047000e-05	8.623776e-03	-1.410357e+01
3.048000e-05	1.389830e-02	-1.421878e+01
3.049000e-05	2.337902e-02	-1.436307e+01
3.050000e-05	2.698885e-02	-1.440793e+01
3.051000e-05	1.551556e-02	-1.455367e+01
3.052000e-05	1.497731e-02	-1.461636e+01
3.053000e-05	1.620112e-02	-1.469154e+01
3.054000e-05	2.828415e-02	-1.477430e+01
3.055000e-05	2.062985e-02	-1.487943e+01
3.056000e-05	1.857424e-02	-1.489365e+01
3.057000e-05	1.697087e-02	-1.499785e+01
3.058000e-05	2.902092e-02	-1.502946e+01
3.059000e-05	3.085425e-02	-1.512109e+01
3.060000e-05	2.610384e-02	-1.514465e+01
3.061000e-05	2.345582e-02	-1.520680e+01
3.062000e-05	2.604670e-02	-1.519643e+01
3.063000e-05	3.463219e-02	-1.524888e+01
3.064000e-05	3.141965e-02	-1.529101e+01
3.065000e-05	2.871864e-02	-1.532271e+01
3.066000e-05	2.909803e-02	-1.534154e+01
3.067000e-05	3.760097e-02	-1.531322e+01
3.068000e-05	4.163795e-02	-1.531367e+01
3.069000e-05	4.033454e-02	-1.531272e+01
3.070000e-05	3.847022e-02	-1.532357e+01
3.071000e-05	4.161207e-02	-1.528259e+01
3.072000e-05	4.836262e-02	-1.529954e+01
3.073000e-05	4.721144e-02	-1.529099e+01
3.074000e-05	4.530010e-02	-1.526688e+01
3.075000e-05	4.687881e-02	-1.520620e+01
3.076000e-05	5.217327e-02	-1.515328e+01
3.077000e-05	5.489037e-02	-1.514164e+01
3.078000e-05	5.274521e-02	-1.507099e+01
3.079000e-05	4.869239e-02	-1.502884e+01
3.080000e-05	4.727103e-02	-1.497673e+01
3.081000e-05	4.780965e-02	-1.490952e+01
3.082000e-05	4.421598e-02	-1.482836e+01
3.083000e-05	3.837799e-02	-1.469262e+01
3.084000e-05	3.617935e-02	-1.466899e+01
3.085000e-05	3.662580e-02	-1.457480e+01
3.086000e-05	3.628315e-02	-1.448056e+01
3.087000e-05	3.162948e-02	-1.441525e+01
3.088000e-05	2.741917e-02	-1.425899e+01
3.089000e-05	2.572072e-02	-1.416610e+01
3.090000e-05	2.572375e-02	-1.403588e+01
3.091000e-05	2.121992e-02	-1.390313e+01
3.092000e-05	1.812778e-02	-1.380423e+01
3.093000e-05	1.617158e-02	-1.362836e+01
3.094000e-05	1.760753e-02	-1.353212e+01
3.095000e-05	1.731629e-02	-1.335733e+01
3.096000e-05	1.535060e-02	-1.323043e+01
3.097000e-05	1.335029e-02	-1.309214e+01
3.098000e-05	1.319187e-02	-1.297577e+01
3.099000e-05	1.355166e-02	-1.280681e+01
3.100000e-05	1.116687e-02	-1.265849e+01
3.101000e-05	8.585464e-03	-1.251152e+01
3.102000e-05	6.095436e-03	-1.230212e+01
3.103000e-05	6.703450e-03	-1.214468e+01
3.104000e-05	7.709256e-03	-1.195628e+01
3.105000e-05	7.419271e-03	-1.176523e+01
3.106000e-05	6.483150e-03	-1.157323e+01
3.107000e-05	6.870334e-03	-1.134413e+01
3.108000e-05	6.676143e-03	-1.114213e+01
3.109000e-05	5.468276e-03	-1.092165e+01
3.110000e-05	4.396790e-03	-1.072378e+01
3.111000e-05	2.880295e-03	-1.051431e+01
3.112000e-05	3.438579e-03	-1.034365e+01
3.113000e-05	3.230361e-03	-1.011060e+01
3.114000e-05	3.559706e-03	-9.851027e+00
3.115000e-05	1.488460e-03	-9.683124e+00
3.116000e-05	2.281500e-03	-9.461020e+00
3.117000e-05	2.326633e-03	-9.256916e+00
3.118000e-05	2.008287e-03	-9.007892e+00
3.119000e-05	8.830710e-04	-8.777342e+00
3.120000e-05	4.647664e-04	-8.584806e+00
3.121000e-05	-4.601016e-05	-8.304153e+00
3.122000e-05	6.413234e-04	-8.112574e+00
3.123000e-05	-1.277700e-05	-7.858897e+00
3.124000e-05	-2.299346e-03	-7.505231e+00
3.125000e-05	-1.007415e-03	-7.283680e+00
3.126000e-05	-1.372812e-03	-7.019992e+00
3.127000e-05	-2.264840e-04	-6.774811e+00
3.128000e-05	-2.283036e-03	-6.533634e+00
3.129000e-05	-1.091760e-03	-6.272152e+00
3.130000e-05	-1.841175e-03	-5.986941e+00
3.131000e-05	-9.168722e-04	-5.753310e+00
3.132000e-05	-2.721035e-03	-5.451027e+00
3.133000e-05	-4.045540e-03	-5.185890e+00
3.134000e-05	-4.182721e-03	-4.869949e+00
3.135000e-05	-2.706345e-03	-4.566716e+00
3.136000e-05	-3.846806e-03	-4.333738e+00
3.137000e-05	-2.506544e-03	-4.120630e+00
3.138000e-05	-4.593821e-03	-3.827018e+00
3.139000e-05	-3.275022e-03	-3.535333e+00
3.140000e-05	-4.518872e-03	-3.222627e+00
3.141000e-05	-3.547689e-03	-2.985865e+00
3.142000e-05	-5.148554e-03	-2.693684e+00
3.143000e-05	-4.446678e-03	-2.410499e+00
3.144000e-05	-5.050560e-03	-2.145215e+00
3.145000e-05	-4.754186e-03	-1.829080e+00
3.146000e-05	-6.282976e-03	-1.575967e+00
3.147000e-05	-6.152057e-03	-1.261102e+00
3.148000e-05	-6.084517e-03	-9.563694e-01
3.149000e-05	-6.295795e-03	-7.037357e-01
3.150000e-05	-4.574960e-03	-3.683472e-01
3.151000e-05	-4.225701e-03	-1.157431e-01
3.152000e-05	2.998884e-03	1.478938e-01
3.153000e-05	1.998863e-03	4.226039e-01
3.154000e-05	-1.958487e-03	6.567121e-01
3.155000e-05	-8.249979e-04	9.488446e-01
3.156000e-05	-4.671627e-03	1.192105e+00
3.157000e-05	-1.497108e-03	1.536339e+00
3.158000e-05	-1.627153e-03	1.811623e+00
3.159000e-05	2.234261e-02	2.031598e+00
3.160000e-05	6.881022e-02	2.285258e+00
3.161000e-05	1.532543e-02	2.653998e+00
3.162000e-05	-7.115489e-02	2.938291e+00
3.163000e-05	-2.505504e-02	3.220120e+00
3.164000e-05	-3.121108e-02	3.515707e+00
3.165000e-05	-5.555782e-02	3.736338e+00
3.166000e-05	-4.111316e-02	3.944763e+00
3.167000e-05	1.121613e-01	4.199399e+00
3.168000e-05	-8.455538e-02	4.494779e+00
3.169000e-05	2.272071e-02	4.714183e+00
3.170000e-05	1.057141e-01	5.052599e+00
3.171000e-05	-1.007526e-01	5.327865e+00
3.172000e-05	5.274109e-02	5.617442e+00
3.173000e-05	-7.307289e-02	5.955703e+00
3.174000e-05	1.682253e-02	6.147236e+00
3.175000e-05	2.621710e-03	6.427967e+00
3.176000e-05	-3.095427e-02	6.723675e+00
3.177000e-05	3.166841e-02	6.916337e+00
3.178000e-05	-4.060425e-02	7.218890e+00
3.179000e-05	2.994959e-02	7.491602e+00
3.180000e-05	-3.597874e-02	7.748208e+00
3.181000e-05	-5.076992e-05	7.988424e+00
3.182000e-05	-5.161952e-04	8.272676e+00
3.183000e-05	-3.617269e-02	8.503649e+00
3.184000e-05	4.356824e-02	8.724031e+00
3.185000e-05	-4.130926e-02	8.947381e+00
3.186000e-05	4.254887e-04	9.167835e+00
3.187000e-05	-2.556435e-02	9.408445e+00
3.188000e-05	7.389012e-03	9.598963e+00
3.189000e-05	-1.002334e-02	9.849470e+00
3.190000e-05	-1.122240e-02	1.006117e+01
3.191000e-05	-4.923221e-03	1.025060e+01
3.192000e-05	-1.666614e-02	1.048203e+01
3.193000e-05	2.673382e-03	1.067257e+01
3.194000e-05	-2.574647e-02	1.092263e+01
3.195000e-05	-1.377400e-02	1.109210e+01
3.196000e-05	-2.021968e-02	1.132312e+01
3.197000e-05	-1.272734e-03	1.153412e+01
3.198000e-05	-9.777929e-03	1.175407e+01
3.199000e-05	-8.755328e-03	1.186164e+01
3.200000e-05	-1.953241e-02	1.206259e+01
3.201000e-05	-1.218216e-02	1.226051e+01
3.202000e-05	-1.279326e-02	1.239741e+01
3.203000e-05	-1.899719e-02	1.259731e+01
3.204000e-05	-2.127944e-02	1.272467e+01
3.205000e-05	-1.970040e-02	1.289304e+01
3.206000e-05	-8.811620e-03	1.304039e+01
3.207000e-05	-1.385623e-02	1.319526e+01
3.208000e-05	-1.409419e-02	1.332517e+01
3.209000e-05	-2.531039e-02	1.346002e+01
3.210000e-05	-1.724523e-02	1.359639e+01
3.211000e-05	-2.049712e-02	1.375665e+01
3.212000e-05	-1.948092e-02	1.387094e+01
3.213000e-05	-2.690115e-02	1.396728e+01
3.214000e-05	-2.472969e-02	1.408319e+01
3.215000e-05	-1.913312e-02	1.427834e+01
3.216000e-05	-2.066535e-02	1.434570e+01
3.217000e-05	-2.188567e-02	1.449044e+01
3.218000e-05	-2.897485e-02	1.456258e+01
3.219000e-05	-2.312358e-02	1.465998e+01
3.220000e-05	-2.559270e-02	1.473354e+01
3.221000e-05	-2.450550e-02	1.478628e+01
3.222000e-05	-3.197087e-02	1.481944e+01
3.223000e-05	-3.168622e-02	1.491162e+01
3.224000e-05	-3.087464e-02	1.492515e+01
3.225000e-05	-3.079833e-02	1.498533e+01
3.226000e-05	-3.336250e-02	1.502834e+01
3.227000e-05	-3.682649e-02	1.506954e+01
3.228000e-05	-3.388389e-02	1.507308e+01
3.229000e-05	-3.489108e-02	1.514370e+01
3.230000e-05	-3.278706e-02	1.520525e+01
3.231000e-05	-4.173963e-02	1.523578e+01
3.232000e-05	-4.297433e-02	1.520824e+01
3.233000e-05	-4.468614e-02	1.525744e+01
3.234000e-05	-4.420134e-02	1.522841e+01
3.235000e-05	-4.722779e-02	1.523693e+01
3.236000e-05	-5.025294e-02	1.525688e+01
3.237000e-05	-4.918309e-02	1.523633e+01
3.238000e-05	-5.042607e-02	1.518681e+01
3.239000e-05	-5.064214e-02	1.516423e+01
3.240000e-05	-5.692828e-02	1.513170e+01
3.241000e-05	-5.892123e-02	1.508257e+01
3.242000e-05	-5.888189e-02	1.503899e+01
3.243000e-05	-5.722941e-02	1.501891e+01
3.244000e-05	-5.795331e-02	1.494480e+01
3.245000e-05	-5.949913e-02	1.490062e+01
3.246000e-05	-5.614967e-02	1.484947e+01
3.247000e-05	-5.383190e-02	1.480523e+01
3.248000e-05	-4.837693e-02	1.475159e+01
3.249000e-05	-4.863014e-02	1.465906e+01
3.250000e-05	-4.606888e-02	1.456626e+01
3.251000e-05	-4.332620e-02	1.446917e+01
3.252000e-05	-3.930807e-02	1.438636e+01
3.253000e-05	-3.724878e-02	1.429902e+01
3.254000e-05	-3.732408e-02	1.414573e+01
3.255000e-05	-3.450020e-02	1.405038e+01
3.256000e-05	-3.284494e-02	1.394165e+01
3.257000e-05	-2.772470e-02	1.380788e+01
3.258000e-05	-2.966872e-02	1.368944e+01
3.259000e-05	-2.577041e-02	1.352268e+01
3.260000e-05	-2.603291e-02	1.339739e+01
3.261000e-05	-2.152857e-02	1.327797e+01
3.262000e-05	-2.297217e-02	1.314312e+01
3.263000e-05	-2.092842e-02	1.300524e+01
3.264000e-05	-2.209763e-02	1.282794e+01
3.265000e-05	-2.124781e-02	1.270252e+01
3.266000e-05	-1.996626e-02	1.252273e+01
3.267000e-05	-1.873915e-02	1.237525e+01
3.268000e-05	-1.810046e-02	1.220631e+01
3.269000e-05	-1.633775e-02	1.200581e+01
3.270000e-05	-1.487970e-02	1.183792e+01
3.271000e-05	-1.643568e-02	1.162841e+01
3.272000e-05	-1.567472e-02	1.144739e+01
3.273000e-05	-1.550299e-02	1.122991e+01
3.274000e-05	-1.407459e-02	1.101095e+01
3.275000e-05	-1.569063e-02	1.085837e+01
3.276000e-05	-1.450140e-02	1.062002e+01
3.277000e-05	-1.330863e-02	1.047837e+01
3.278000e-05	-1.151987e-02	1.023936e+01
3.279000e-05	-1.154495e-02	1.002887e+01
3.280000e-05	-1.254881e-02	9.837741e+00
3.281000e-05	-1.223438e-02	9.556811e+00
3.282000e-05	-1.155738e-02	9.344231e+00
3.283000e-05	-1.153069e-02	9.121700e+00
3.284000e-05	-1.195551e-02	8.910550e+00
3.285000e-05	-1.176317e-02	8.670525e+00
3.286000e-05	-1.134786e-02	8.399423e+00
3.287000e-05	-1.018663e-02	8.256392e+00
3.288000e-05	-9.639090e-03	7.972831e+00
3.289000e-05	-8.831259e-03	7.722600e+00
3.290000e-05	-1.039641e-02	7.450394e+00
3.291000e-05	-9.326611e-03	7.176837e+00
3.292000e-05	-9.414913e-03	6.962660e+00
3.293000e-05	-8.409384e-03	6.660571e+00
3.294000e-05	-9.380126e-03	6.387866e+00
3.295000e-05	-1.002784e-02	6.155712e+00
3.296000e-05	-9.264715e-03	5.923258e+00
3.297000e-05	-8.723180e-03	5.649473e+00
3.298000e-05	-8.062603e-03	5.366815e+00
3.299000e-05	-7.792250e-03	5.069473e+00
3.300000e-05	-6.929425e-03	4.775361e+00
3.301000e-05	-6.945201e-03	4.502132e+00
3.302000e-05	-7.174186e-03	4.259472e+00
3.303000e-05	-7.451330e-03	3.943638e+00
3.304000e-05	-7.925031e-03	3.642108e+00
3.305000e-05	-7.937880e-03	3.397271e+00
3.306000e-05	-6.505933e-03	3.134663e+00
3.307000e-05	-6.500412e-03	2.851604e+00
3.308000e-05	-6.789952e-03	2.566271e+00
3.309000e-05	-6.163644e-03	2.283608e+00
3.310000e-05	-5.961123e-03	2.020528e+00
3.311000e-05	-5.311203e-03	1.774812e+00
3.312000e-05	-5.272097e-03	1.449530e+00
3.313000e-05	-5.744822e-03	1.104371e+00
3.314000e-05	-5.737129e-03	8.619051e-01
3.315000e-05	-5.067465e-03	5.147432e-01
3.316000e-05	-5.005872e-03	2.527066e-01
3.317000e-05	-2.904396e-03	-1.260139e-02
3.318000e-05	1.893271e-03	-2.962120e-01
3.319000e-05	4.462467e-03	-5.463673e-01
3.320000e-05	-1.468889e-03	-8.427037e-01
3.321000e-05	3.113588e-03	-1.096307e+00
3.322000e-05	-1.684948e-03	-1.359039e+00
3.323000e-05	-1.789081e-04	-1.653655e+00
3.324000e-05	6.399732e-03	-1.863708e+00
3.325000e-05	5.996839e-02	-2.105258e+00
3.326000e-05	7.565899e-02	-2.401700e+00
3.327000e-05	-7.845293e-02	-2.813670e+00
3.328000e-05	-3.039937e-03	-3.172095e+00
3.329000e-05	-5.125057e-02	-3.452624e+00
3.330000e-05	-4.422683e-02	-3.602698e+00
3.331000e-05	-2.861687e-02	-3.851699e+00
3.332000e-05	1.557708e-01	-4.032145e+00
3.333000e-05	-1.648456e-01	-4.346857e+00
3.334000e-05	1.274429e-01	-4.598943e+00
3.335000e-05	-1.837055e-02	-4.873050e+00
3.336000e-05	-3.559601e-02	-5.200918e+00
3.337000e-05	9.963723e-02	-5.501528e+00
3.338000e-05	-1.687874e-01	-5.778415e+00
3.339000e-05	8.629027e-02	-5.987944e+00
3.340000e-05	-2.293642e-02	-6.263547e+00
3.341000e-05	4.488901e-03	-6.556915e+00
3.342000e-05	8.828114e-02	-6.799917e+00
3.343000e-05	-1.128404e-01	-7.104078e+00
3.344000e-05	1.185791e-01	-7.368413e+00
3.345000e-05	-8.447115e-02	-7.599963e+00
3.346000e-05	6.141873e-02	-7.935648e+00
3.347000e-05	-2.174188e-02	-8.124233e+00
3.348000e-05	-4.937253e-02	-8.387888e+00
3.349000e-05	1.163061e-01	-8.590010e+00
3.350000e-05	-8.343403e-02	-8.874695e+00
3.351000e-05	9.125529e-02	-9.092700e+00
3.352000e-05	-9.078712e-02	-9.303672e+00
3.353000e-05	5.931476e-02	-9.556329e+00
3.354000e-05	-2.468777e-03	-9.787855e+00
3.355000e-05	1.241122e-02	-9.985310e+00
3.356000e-05	2.681520e-02	-1.018938e+01
3.357000e-05	-4.648617e-02	-1.042994e+01
3.358000e-05	6.798705e-02	-1.061847e+01
3.359000e-05	-3.857524e-02	-1.082906e+01
3.360000e-05	5.121632e-02	-1.102946e+01
3.361000e-05	-4.836517e-02	-1.121844e+01
3.362000e-05	3.877587e-02	-1.143048e+01
3.363000e-05	6.455564e-03	-1.166101e+01
3.364000e-05	2.875478e-02	-1.184994e+01
3.365000e-05	2.051519e-03	-1.205949e+01
3.366000e-05	-7.614391e-03	-1.221894e+01
3.367000e-05	2.474253e-02	-1.239646e+01
3.368000e-05	3.911792e-03	-1.258628e+01
3.369000e-05	2.312826e-02	-1.271407e+01
3.370000e-05	-1.350572e-02	-1.290094e+01
3.371000e-05	2.453150e-02	-1.300893e+01
3.372000e-05	1.381555e-02	-1.317575e+01
3.373000e-05	3.123370e-02	-1.336420e+01
3.374000e-05	7.176925e-04	-1.348041e+01
3.375000e-05	8.761734e-03	-1.360843e+01
3.376000e-05	1.157935e-02	-1.372265e+01
3.377000e-05	2.490871e-02	-1.385349e+01
3.378000e-05	1.161292e-02	-1.402833e+01
3.379000e-05	8.962367e-03	-1.414420e+01
3.380000e-05	1.217264e-02	-1.423988e+01
3.381000e-05	2.709198e-02	-1.435225e+01
3.382000e-05	2.539838e-02	-1.444951e+01
3.383000e-05	1.625694e-02	-1.457417e+01
3.384000e-05	1.325899e-02	-1.462941e+01
3.385000e-05	1.983656e-02	-1.469312e+01
3.386000e-05	2.821843e-02	-1.480478e+01
3.387000e-05	2.011733e-02	-1.490006e+01
3.388000e-05	1.645072e-02	-1.496370e+01
3.389000e-05	1.642233e-02	-1.502735e+01
3.390000e-05	3.177618e-02	-1.508084e+01
3.391000e-05	3.092369e-02	-1.512104e+01
3.392000e-05	2.674899e-02	-1.512275e+01
3.393000e-05	2.172539e-02	-1.520573e+01
3.394000e-05	2.899344e-02	-1.523796e+01
3.395000e-05	3.576652e-02	-1.528998e+01
3.396000e-05	3.213333e-02	-1.523104e+01
3.397000e-05	2.672946e-02	-1.531107e+01
3.398000e-05	2.800604e-02	-1.534259e+01
3.399000e-05	3.953600e-02	-1.533272e+01
3.400000e-05	4.333000e-02	-1.531377e+01
3.401000e-05	4.107945e-02	-1.532169e+01
3.402000e-05	3.750594e-02	-1.529362e+01
3.403000e-05	4.362033e-02	-1.529114e+01
3.404000e-05	5.004746e-02	-1.530204e+01
3.405000e-05	4.816754e-02	-1.529044e+01
3.406000e-05	4.352516e-02	-1.522636e+01
3.407000e-05	4.443870e-02	-1.523535e+01
3.408000e-05	5.280222e-02	-1.516462e+01
3.409000e-05	5.559805e-02	-1.509162e+01
3.410000e-05	5.146208e-02	-1.506994e+01
3.411000e-05	4.572602e-02	-1.501683e+01
3.412000e-05	4.711647e-02	-1.495425e+01
3.413000e-05	5.050446e-02	-1.486059e+01
3.414000e-05	4.604554e-02	-1.479730e+01
3.415000e-05	3.839454e-02	-1.468310e+01
3.416000e-05	3.374284e-02	-1.464893e+01
3.417000e-05	3.603500e-02	-1.456470e+01
3.418000e-05	3.566963e-02	-1.444211e+01
3.419000e-05	3.116975e-02	-1.439520e+01
3.420000e-05	2.465772e-02	-1.425789e+01
3.421000e-05	2.450810e-02	-1.414464e+01
3.422000e-05	2.643807e-02	-1.403638e+01
3.423000e-05	2.405136e-02	-1.389104e+01
3.424000e-05	1.863163e-02	-1.378475e+01
3.425000e-05	1.566523e-02	-1.360893e+01
3.426000e-05	1.623868e-02	-1.352162e+01
3.427000e-05	1.825884e-02	-1.337718e+01
3.428000e-05	1.502362e-02	-1.320539e+01
3.429000e-05	1.099861e-02	-1.304106e+01
3.430000e-05	1.072257e-02	-1.293230e+01
3.431000e-05	1.360959e-02	-1.279525e+01
3.432000e-05	1.325248e-02	-1.260843e+01
3.433000e-05	1.021393e-02	-1.245839e+01
3.434000e-05	6.465354e-03	-1.226149e+01
3.435000e-05	7.875772e-03	-1.211209e+01
3.436000e-05	9.313072e-03	-1.192209e+01
3.437000e-05	6.744871e-03	-1.173357e+01
3.438000e-05	3.899245e-03	-1.149150e+01
3.439000e-05	3.720187e-03	-1.126015e+01
3.440000e-05	6.508027e-03	-1.110997e+01
3.441000e-05	7.873014e-03	-1.088060e+01
3.442000e-05	5.023635e-03	-1.071255e+01
3.443000e-05	2.730876e-03	-1.052109e+01
3.444000e-05	3.125473e-03	-1.026160e+01
3.445000e-05	3.915887e-03	-1.005842e+01
3.446000e-05	3.128949e-03	-9.850393e+00
3.447000e-05	3.521362e-04	-9.648968e+00
3.448000e-05	5.857910e-04	-9.448940e+00
3.449000e-05	2.141727e-03	-9.205334e+00
3.450000e-05	3.192981e-03	-8.964832e+00
3.451000e-05	1.375397e-03	-8.764786e+00
3.452000e-05	2.911614e-04	-8.521498e+00
3.453000e-05	-5.416632e-04	-8.259995e+00
3.454000e-05	1.242266e-03	-8.018517e+00
3.455000e-05	1.359179e-03	-7.795313e+00
3.456000e-05	-2.623696e-03	-7.461051e+00
3.457000e-05	-2.377766e-03	-7.189415e+00
3.458000e-05	-2.266509e-03	-6.986362e+00
3.459000e-05	-5.173970e-04	-6.713728e+00
3.460000e-05	-1.863771e-03	-6.501075e+00
3.461000e-05	-9.910259e-04	-6.227394e+00
3.462000e-05	-3.871968e-03	-5.946236e+00
3.463000e-05	-3.269136e-04	-5.677651e+00
3.464000e-05	-2.921496e-03	-5.427842e+00
3.465000e-05	-2.420734e-03	-5.082703e+00
3.466000e-05	-4.908167e-03	-4.805367e+00
3.467000e-05	-2.326313e-03	-4.502734e+00
3.468000e-05	-3.632471e-03	-4.303132e+00
3.469000e-05	-3.323109e-03	-4.046496e+00
3.470000e-05	-6.257499e-03	-3.714208e+00
3.471000e-05	-4.384212e-03	-3.472630e+00
3.472000e-05	-4.023580e-03	-3.220467e+00
3.473000e-05	-2.798382e-03	-2.903184e+00
3.474000e-05	-5.198298e-03	-2.609526e+00
3.475000e-05	-5.259470e-03	-2.386441e+00
3.476000e-05	-3.463950e-03	-2.042180e+00
3.477000e-05	-5.015503e-03	-1.797794e+00
3.478000e-05	-6.206483e-03	-1.526236e+00
3.479000e-05	-7.683987e-03	-1.197421e+00
3.480000e-05	-6.719132e-03	-8.931831e-01
3.481000e-05	-4.942530e-03	-6.014462e-01
3.482000e-05	-2.680771e-03	-3.347420e-01
3.483000e-05	-4.143765e-03	-1.026840e-01
3.484000e-05	5.140747e-03	2.121038e-01
3.485000e-05	-1.469707e-03	4.741843e-01
3.486000e-05	1.491412e-03	7.269371e-01
3.487000e-05	-3.116458e-03	1.021445e+00
3.488000e-05	-3.607657e-03	1.295133e+00
3.489000e-05	-4.630431e-03	1.591021e+00
3.490000e-05	3.916273e-03	1.832180e+00
3.491000e-05	2.719732e-02	2.053634e+00
3.492000e-05	7.950820e-02	2.337962e+00
3.493000e-05	-2.690683e-02	2.727163e+00
3.494000e-05	-5.317194e-02	3.031603e+00
3.495000e-05	-3.099570e-02	3.274756e+00
3.496000e-05	-2.020109e-02	3.588867e+00
3.497000e-05	-7.628189e-02	3.798917e+00
3.498000e-05	1.251736e-03	3.987366e+00
3.499000e-05	1.013657e-01	4.272604e+00
3.500000e-05	-1.278800e-01	4.535792e+00
3.501000e-05	1.042346e-01	4.778494e+00
3.502000e-05	2.513413e-02	5.127787e+00
3.503000e-05	-6.305391e-02	5.399924e+00
3.504000e-05	3.678047e-02	5.643653e+00
3.505000e-05	-7.356510e-02	5.957862e+00
3.506000e-05	3.703508e-02	6.190441e+00
3.507000e-05	-2.130648e-02	6.472149e+00
3.508000e-05	-1.203628e-02	6.735685e+00
3.509000e-05	1.826816e-02	7.029941e+00
3.510000e-05	-3.637839e-02	7.263123e+00
3.511000e-05	3.167680e-02	7.525732e+00
3.512000e-05	-4.744945e-02	7.789969e+00
3.513000e-05	1.881845e-02	8.104127e+00
3.514000e-05	-1.952034e-02	8.306782e+00
3.515000e-05	-1.612880e-02	8.494809e+00
3.516000e-05	3.648747e-02	8.818405e+00
3.517000e-05	-5.078168e-02	9.007835e+00
3.518000e-05	1.215300e-02	9.210943e+00
3.519000e-05	-3.689152e-02	9.440994e+00
3.520000e-05	1.892406e-02	9.671495e+00
3.521000e-05	-2.551861e-02	9.894147e+00
3.522000e-05	-6.173884e-04	1.013468e+01
3.523000e-05	-1.048678e-02	1.031315e+01
3.524000e-05	-1.157567e-02	1.053683e+01
3.525000e-05	2.428460e-03	1.075470e+01
3.526000e-05	-2.970297e-02	1.093630e+01
3.527000e-05	-8.281184e-03	1.110523e+01
3.528000e-05	-2.626428e-02	1.131625e+01
3.529000e-05	2.910494e-03	1.157473e+01
3.530000e-05	-1.658821e-02	1.177511e+01
3.531000e-05	-6.835626e-03	1.193573e+01
3.532000e-05	-1.954480e-02	1.210421e+01
3.533000e-05	-1.007251e-02	1.228210e+01
3.534000e-05	-1.276486e-02	1.244159e+01
3.535000e-05	-2.084286e-02	1.263791e+01
3.536000e-05	-1.826574e-02	1.272626e+01
3.537000e-05	-2.218493e-02	1.290275e+01
3.538000e-05	-7.763647e-03	1.306247e+01
3.539000e-05	-1.769292e-02	1.321743e+01
3.540000e-05	-1.473201e-02	1.339627e+01
3.541000e-05	-2.559732e-02	1.348250e+01
3.542000e-05	-1.600465e-02	1.362894e+01
3.543000e-05	-1.923523e-02	1.379530e+01
3.544000e-05	-2.140079e-02	1.391054e+01
3.545000e-05	-2.478640e-02	1.398786e+01
3.546000e-05	-2.537483e-02	1.412367e+01
3.547000e-05	-1.812577e-02	1.432244e+01
3.548000e-05	-2.360115e-02	1.438773e+01
3.549000e-05	-2.387013e-02	1.447954e+01
3.550000e-05	-2.875998e-02	1.455675e+01
3.551000e-05	-2.219917e-02	1.463946e+01
3.552000e-05	-2.564230e-02	1.472215e+01
3.553000e-05	-2.779338e-02	1.481528e+01
3.554000e-05	-3.105661e-02	1.484045e+01
3.555000e-05	-3.230892e-02	1.494367e+01
3.556000e-05	-2.768625e-02	1.497468e+01
3.557000e-05	-3.310289e-02	1.502883e+01
3.558000e-05	-3.375422e-02	1.505036e+01
3.559000e-05	-3.737737e-02	1.505254e+01
3.560000e-05	-3.212853e-02	1.513277e+01
3.561000e-05	-3.432033e-02	1.512268e+01
3.562000e-05	-3.673438e-02	1.520683e+01
3.563000e-05	-4.291282e-02	1.523778e+01
3.564000e-05	-4.258569e-02	1.523736e+01
3.565000e-05	-4.159804e-02	1.521889e+01
3.566000e-05	-4.503467e-02	1.523694e+01
3.567000e-05	-4.730833e-02	1.526839e+01
3.568000e-05	-5.145293e-02	1.521636e+01
3.569000e-05	-4.913157e-02	1.522733e+01
3.570000e-05	-5.255798e-02	1.523535e+01
3.571000e-05	-5.383802e-02	1.516565e+01
3.572000e-05	-5.821012e-02	1.514315e+01
3.573000e-05	-5.841276e-02	1.510054e+01
3.574000e-05	-5.604278e-02	1.503988e+01
3.575000e-05	-5.666913e-02	1.501826e+01
3.576000e-05	-5.775040e-02	1.493420e+01
3.577000e-05	-6.026395e-02	1.491057e+01
3.578000e-05	-5.555807e-02	1.485841e+01
3.579000e-05	-5.188697e-02	1.478730e+01
3.580000e-05	-5.015039e-02	1.471154e+01
3.581000e-05	-4.986857e-02	1.463793e+01
3.582000e-05	-4.673328e-02	1.454375e+01
3.583000e-05	-4.004224e-02	1.447894e+01
3.584000e-05	-3.822522e-02	1.435672e+01
3.585000e-05	-3.621607e-02	1.426791e+01
3.586000e-05	-3.901256e-02	1.414365e+01
3.587000e-05	-3.244224e-02	1.401733e+01
3.588000e-05	-3.133582e-02	1.388159e+01
3.589000e-05	-2.804584e-02	1.380370e+01
3.590000e-05	-3.162021e-02	1.365836e+01
3.591000e-05	-2.704299e-02	1.353065e+01
3.592000e-05	-2.355830e-02	1.336579e+01
3.593000e-05	-2.135007e-02	1.323884e+01
3.594000e-05	-2.257925e-02	1.309248e+01
3.595000e-05	-2.348121e-02	1.295418e+01
3.596000e-05	-2.067400e-02	1.282684e+01
3.597000e-05	-1.969520e-02	1.263837e+01
3.598000e-05	-1.781693e-02	1.250912e+01
3.599000e-05	-2.142819e-02	1.236370e+01
3.600000e-05	-1.910616e-02	1.216623e+01
3.601000e-05	-1.662776e-02	1.195478e+01
3.602000e-05	-1.445014e-02	1.180636e+01
3.603000e-05	-1.554198e-02	1.157581e+01
3.604000e-05	-1.764698e-02	1.140419e+01
3.605000e-05	-1.490140e-02	1.118483e+01
3.606000e-05	-1.374467e-02	1.100736e+01
3.607000e-05	-1.250800e-02	1.080589e+01
3.608000e-05	-1.485256e-02	1.057734e+01
3.609000e-05	-1.446975e-02	1.038531e+01
3.610000e-05	-1.232675e-02	1.015681e+01
3.611000e-05	-1.138786e-02	9.964807e+00
3.612000e-05	-1.238130e-02	9.722631e+00
3.613000e-05	-1.330143e-02	9.511651e+00
3.614000e-05	-1.198423e-02	9.301579e+00
3.615000e-05	-9.682248e-03	9.102044e+00
3.616000e-05	-1.022204e-02	8.851970e+00
3.617000e-05	-1.223172e-02	8.598940e+00
3.618000e-05	-1.175302e-02	8.387314e+00
3.619000e-05	-1.030673e-02	8.214859e+00
3.620000e-05	-9.065705e-03	7.882601e+00
3.621000e-05	-9.793511e-03	7.679474e+00
3.622000e-05	-1.113892e-02	7.395791e+00
3.623000e-05	-9.343755e-03	7.121731e+00
3.624000e-05	-8.337259e-03	6.910024e+00
3.625000e-05	-7.870091e-03	6.617892e+00
3.626000e-05	-9.777694e-03	6.374237e+00
3.627000e-05	-9.837368e-03	6.113154e+00
3.628000e-05	-8.456576e-03	5.869651e+00
3.629000e-05	-7.550007e-03	5.574791e+00
3.630000e-05	-7.748576e-03	5.331682e+00
3.631000e-05	-8.719557e-03	4.964811e+00
3.632000e-05	-8.258934e-03	4.672082e+00
3.633000e-05	-6.798650e-03	4.419524e+00
3.634000e-05	-6.410919e-03	4.175737e+00
3.635000e-05	-7.343493e-03	3.860605e+00
3.636000e-05	-7.872465e-03	3.629971e+00
3.637000e-05	-7.382128e-03	3.345291e+00
3.638000e-05	-5.800790e-03	3.050556e+00
3.639000e-05	-6.554856e-03	2.768421e+00
3.640000e-05	-6.880863e-03	2.491585e+00
3.641000e-05	-7.138025e-03	2.229449e+00
3.642000e-05	-5.951717e-03	1.967421e+00
3.643000e-05	-5.089427e-03	1.682180e+00
3.644000e-05	-4.839061e-03	1.337869e+00
3.645000e-05	-6.112718e-03	1.021084e+00
3.646000e-05	-5.009832e-03	7.378210e-01
3.647000e-05	-4.732842e-03	4.731878e-01
3.648000e-05	-4.224061e-03	2.295061e-01
3.649000e-05	-4.105870e-03	-1.142342e-01
3.650000e-05	4.871110e-03	-3.264409e-01
3.651000e-05	2.895620e-04	-6.214998e-01
3.652000e-05	-5.390906e-06	-8.562067e-01
3.653000e-05	1.385207e-03	-1.138838e+00
3.654000e-05	-2.371690e-03	-1.474177e+00
3.655000e-05	8.659397e-04	-1.704781e+00
3.656000e-05	1.709600e-02	-1.926312e+00
3.657000e-05	7.787907e-02	-2.128949e+00
3.658000e-05	3.825866e-02	-2.505786e+00
3.659000e-05	-7.651682e-02	-2.977384e+00
3.660000e-05	-5.870747e-03	-3.274225e+00
3.661000e-05	-5.133336e-02	-3.493706e+00
3.662000e-05	-6.156833e-02	-3.684707e+00
3.663000e-05	3.775161e-02	-3.915255e+00
3.664000e-05	1.003183e-01	-4.085752e+00
3.665000e-05	-1.577049e-01	-4.400569e+00
3.666000e-05	1.849526e-01	-4.610591e+00
3.667000e-05	-1.006457e-01	-4.967278e+00
3.668000e-05	5.081470e-02	-5.252725e+00
3.669000e-05	2.224722e-02	-5.564783e+00
3.670000e-05	-1.437505e-01	-5.821545e+00
3.671000e-05	1.166533e-01	-6.051145e+00
3.672000e-05	-7.399932e-02	-6.295332e+00
3.673000e-05	7.603797e-02	-6.620544e+00
3.674000e-05	1.820767e-02	-6.822071e+00
3.675000e-05	-6.856606e-02	-7.187385e+00
3.676000e-05	1.057310e-01	-7.390887e+00
3.677000e-05	-1.060882e-01	-7.664175e+00
3.678000e-05	1.063974e-01	-7.957403e+00
3.679000e-05	-9.020072e-02	-8.198414e+00
3.680000e-05	2.907245e-02	-8.439043e+00
3.681000e-05	6.066943e-02	-8.663595e+00
3.682000e-05	-5.161218e-02	-8.956250e+00
3.683000e-05	7.524982e-02	-9.143754e+00
3.684000e-05	-9.794929e-02	-9.357827e+00
3.685000e-05	9.016569e-02	-9.619933e+00
3.686000e-05	-4.078642e-02	-9.770965e+00
3.687000e-05	5.731122e-02	-1.003049e+01
3.688000e-05	-2.061363e-02	-1.028136e+01
3.689000e-05	-1.475242e-03	-1.047159e+01
3.690000e-05	3.571142e-02	-1.062002e+01
3.691000e-05	-2.434873e-02	-1.089062e+01
3.692000e-05	3.741372e-02	-1.108204e+01
3.693000e-05	-4.816934e-02	-1.130062e+01
3.694000e-05	5.270186e-02	-1.144162e+01
3.695000e-05	-3.990882e-03	-1.174369e+01
3.696000e-05	4.440140e-02	-1.188407e+01
3.697000e-05	-1.489873e-02	-1.209117e+01
3.698000e-05	1.168696e-02	-1.227149e+01
3.699000e-05	8.262961e-03	-1.243944e+01
3.700000e-05	1.106179e-02	-1.261889e+01
3.701000e-05	8.668862e-03	-1.272615e+01
3.702000e-05	-5.803293e-03	-1.296314e+01
3.703000e-05	2.334266e-02	-1.304007e+01
3.704000e-05	1.974919e-02	-1.316838e+01
3.705000e-05	2.877242e-02	-1.334480e+01
3.706000e-05	2.168419e-04	-1.348354e+01
3.707000e-05	1.101049e-02	-1.365698e+01
3.708000e-05	1.060670e-02	-1.375575e+01
3.709000e-05	2.259803e-02	-1.389209e+01
3.710000e-05	6.686732e-03	-1.402993e+01
3.711000e-05	1.208889e-02	-1.414520e+01
3.712000e-05	1.417493e-02	-1.425143e+01
3.713000e-05	3.180670e-02	-1.437626e+01
3.714000e-05	2.222030e-02	-1.448104e+01
3.715000e-05	1.764334e-02	-1.454472e+01
3.716000e-05	1.196152e-02	-1.463998e+01
3.717000e-05	2.179218e-02	-1.469415e+01
3.718000e-05	2.533097e-02	-1.476530e+01
3.719000e-05	1.988750e-02	-1.490011e+01
3.720000e-05	1.585827e-02	-1.492425e+01
3.721000e-05	2.013643e-02	-1.498631e+01
3.722000e-05	3.172590e-02	-1.505039e+01
3.723000e-05	2.936299e-02	-1.511409e+01
3.724000e-05	2.574870e-02	-1.516423e+01
3.725000e-05	2.187169e-02	-1.520586e+01
3.726000e-05	3.080223e-02	-1.522898e+01
3.727000e-05	3.501993e-02	-1.523849e+01
3.728000e-05	3.178518e-02	-1.529159e+01
3.729000e-05	2.743951e-02	-1.533312e+01
3.730000e-05	3.017471e-02	-1.533361e+01
3.731000e-05	3.911338e-02	-1.534420e+01
3.732000e-05	4.288003e-02	-1.530469e+01
3.733000e-05	3.923560e-02	-1.530364e+01
3.734000e-05	3.781420e-02	-1.528264e+01
3.735000e-05	4.427081e-02	-1.531164e+01
3.736000e-05	5.032816e-02	-1.526004e+01
3.737000e-05	4.784926e-02	-1.524849e+01
3.738000e-05	4.488106e-02	-1.519685e+01
3.739000e-05	4.537080e-02	-1.518523e+01
3.740000e-05	5.430637e-02	-1.516370e+01
3.741000e-05	5.413081e-02	-1.511204e+01
3.742000e-05	5.051011e-02	-1.502891e+01
3.743000e-05	4.510305e-02	-1.500683e+01
3.744000e-05	4.808338e-02	-1.494370e+01
3.745000e-05	4.941490e-02	-1.483901e+01
3.746000e-05	4.515778e-02	-1.480427e+01
3.747000e-05	3.708272e-02	-1.472154e+01
3.748000e-05	3.504273e-02	-1.462731e+01
3.749000e-05	3.574969e-02	-1.450322e+01
3.750000e-05	3.408682e-02	-1.443636e+01
3.751000e-05	2.864857e-02	-1.432320e+01
3.752000e-05	2.338898e-02	-1.424739e+01
3.753000e-05	2.438508e-02	-1.411352e+01
3.754000e-05	2.538664e-02	-1.399325e+01
3.755000e-05	2.342328e-02	-1.384859e+01
3.756000e-05	1.791799e-02	-1.375223e+01
3.757000e-05	1.606665e-02	-1.359670e+01
3.758000e-05	1.739314e-02	-1.346152e+01
3.759000e-05	1.802542e-02	-1.333160e+01
3.760000e-05	1.365812e-02	-1.316578e+01
3.761000e-05	1.014651e-02	-1.301849e+01
3.762000e-05	1.136162e-02	-1.288207e+01
3.763000e-05	1.364723e-02	-1.272362e+01
3.764000e-05	1.259296e-02	-1.255483e+01
3.765000e-05	9.129375e-03	-1.238738e+01
3.766000e-05	6.576801e-03	-1.223894e+01
3.767000e-05	8.349128e-03	-1.206052e+01
3.768000e-05	8.702050e-03	-1.183194e+01
3.769000e-05	5.582845e-03	-1.167899e+01
3.770000e-05	3.352403e-03	-1.143037e+01
3.771000e-05	4.351482e-03	-1.121692e+01
3.772000e-05	6.679239e-03	-1.100889e+01
3.773000e-05	7.293335e-03	-1.084834e+01
3.774000e-05	4.501737e-03	-1.066742e+01
3.775000e-05	2.659067e-03	-1.042154e+01
3.776000e-05	3.552724e-03	-1.022744e+01
3.777000e-05	4.845644e-03	-1.000686e+01
3.778000e-05	2.727032e-03	-9.808364e+00
3.779000e-05	2.638471e-04	-9.596342e+00
3.780000e-05	9.884364e-04	-9.353661e+00
3.781000e-05	3.885300e-03	-9.114282e+00
3.782000e-05	2.106031e-03	-8.932229e+00
3.783000e-05	1.582366e-04	-8.671723e+00
3.784000e-05	-1.581675e-03	-8.447914e+00
3.785000e-05	5.230279e-04	-8.228414e+00
3.786000e-05	1.066018e-03	-7.955361e+00
3.787000e-05	-6.814762e-04	-7.680000e+00
3.788000e-05	-3.078261e-04	-7.428916e+00
3.789000e-05	-1.851581e-03	-7.176857e+00
3.790000e-05	6.655872e-04	-6.903682e+00
3.791000e-05	1.814264e-03	-6.660025e+00
3.792000e-05	-3.071804e-03	-6.398494e+00
3.793000e-05	-1.538904e-03	-6.132735e+00
3.794000e-05	-6.691732e-03	-5.882652e+00
3.795000e-05	-1.328573e-03	-5.610942e+00
3.796000e-05	-5.046629e-03	-5.345235e+00
3.797000e-05	-1.353229e-03	-5.018341e+00
3.798000e-05	-3.943953e-03	-4.691654e+00
3.799000e-05	-1.051179e-04	-4.450525e+00
3.800000e-05	-1.021042e-03	-4.201471e+00
3.801000e-05	-3.001392e-03	-3.936841e+00
3.802000e-05	-7.181604e-03	-3.640654e+00
3.803000e-05	-7.514498e-03	-3.429496e+00
3.804000e-05	-6.738834e-03	-3.137288e+00
3.805000e-05	-4.567246e-03	-2.809997e+00
3.806000e-05	-4.359613e-03	-2.577440e+00
3.807000e-05	-3.862851e-03	-2.282712e+00
3.808000e-05	-1.370558e-03	-1.978371e+00
3.809000e-05	-3.469077e-03	-1.724762e+00
3.810000e-05	-4.639064e-03	-1.418655e+00
3.811000e-05	-8.990262e-03	-1.084213e+00
3.812000e-05	-8.349691e-03	-8.505303e-01
3.813000e-05	-7.623836e-03	-5.553457e-01
3.814000e-05	-5.222518e-03	-2.706328e-01
3.815000e-05	-2.551129e-03	-9.978877e-03
3.816000e-05	8.084414e-03	2.862345e-01
3.817000e-05	-2.657914e-03	5.472898e-01
3.818000e-05	5.047375e-03	7.589188e-01
3.819000e-05	-4.205987e-03	1.096185e+00
3.820000e-05	-1.361830e-03	1.338840e+00
3.821000e-05	-7.842810e-03	1.675081e+00
3.822000e-05	7.875412e-03	1.925712e+00
3.823000e-05	3.535919e-02	2.136814e+00
3.824000e-05	7.921458e-02	2.412045e+00
3.825000e-05	-6.103233e-02	2.777544e+00
3.826000e-05	-3.266267e-02	3.084656e+00
3.827000e-05	-3.770787e-02	3.317843e+00
3.828000e-05	-1.690827e-02	3.612125e+00
3.829000e-05	-8.568761e-02	3.810578e+00
3.830000e-05	4.730493e-02	4.011419e+00
3.831000e-05	5.999323e-02	4.327362e+00
3.832000e-05	-1.301128e-01	4.619997e+00
3.833000e-05	1.609522e-01	4.842098e+00
3.834000e-05	-5.012575e-02	5.228966e+00
3.835000e-05	-9.272137e-03	5.443079e+00
3.836000e-05	8.363707e-04	5.786379e+00
3.837000e-05	-5.353799e-02	5.999994e+00
3.838000e-05	4.323941e-02	6.252101e+00
3.839000e-05	-3.678148e-02	6.516802e+00
3.840000e-05	1.056042e-02	6.799969e+00
3.841000e-05	-6.043704e-03	7.042072e+00
3.842000e-05	-1.838903e-02	7.296782e+00
3.843000e-05	1.928066e-02	7.589489e+00
3.844000e-05	-4.537120e-02	7.862546e+00
3.845000e-05	2.590258e-02	8.155828e+00
3.846000e-05	-3.662958e-02	8.378965e+00
3.847000e-05	1.030404e-02	8.557839e+00
3.848000e-05	1.775162e-02	8.829389e+00
3.849000e-05	-4.427711e-02	9.089571e+00
3.850000e-05	9.066342e-03	9.273072e+00
3.851000e-05	-3.420111e-02	9.472623e+00
3.852000e-05	2.060329e-02	9.714151e+00
3.853000e-05	-3.056588e-02	9.975328e+00
3.854000e-05	3.287053e-03	1.018678e+01
3.855000e-05	-1.485913e-02	1.040723e+01
3.856000e-05	-4.610362e-03	1.056538e+01
3.857000e-05	-2.682295e-03	1.075781e+01
3.858000e-05	-3.056324e-02	1.100836e+01
3.859000e-05	-7.388150e-03	1.117781e+01
3.860000e-05	-2.331235e-02	1.138796e+01
3.861000e-05	3.580857e-03	1.158881e+01
3.862000e-05	-2.073682e-02	1.179883e+01
3.863000e-05	-9.911135e-03	1.197528e+01
3.864000e-05	-1.682585e-02	1.218633e+01
3.865000e-05	-8.002151e-03	1.230510e+01
3.866000e-05	-1.315837e-02	1.252107e+01
3.867000e-05	-2.297889e-02	1.262952e+01
3.868000e-05	-1.719619e-02	1.279738e+01
3.869000e-05	-1.956727e-02	1.296578e+01
3.870000e-05	-8.004335e-03	1.309512e+01
3.871000e-05	-2.074582e-02	1.326157e+01
3.872000e-05	-1.922675e-02	1.339786e+01
3.873000e-05	-2.213525e-02	1.353372e+01
3.874000e-05	-1.426584e-02	1.366047e+01
3.875000e-05	-1.628395e-02	1.379533e+01
3.876000e-05	-2.452303e-02	1.395463e+01
3.877000e-05	-2.402142e-02	1.399736e+01
3.878000e-05	-2.409900e-02	1.419372e+01
3.879000e-05	-1.874502e-02	1.431247e+01
3.880000e-05	-2.584313e-02	1.438933e+01
3.881000e-05	-2.701686e-02	1.450097e+01
3.882000e-05	-2.719488e-02	1.458578e+01
3.883000e-05	-2.077451e-02	1.462944e+01
3.884000e-05	-2.247521e-02	1.472364e+01
3.885000e-05	-2.849052e-02	1.480939e+01
3.886000e-05	-3.064932e-02	1.490011e+01
3.887000e-05	-3.319192e-02	1.492270e+01
3.888000e-05	-2.932881e-02	1.497625e+01
3.889000e-05	-3.505187e-02	1.499688e+01
3.890000e-05	-3.585827e-02	1.505849e+01
3.891000e-05	-3.529923e-02	1.510360e+01
3.892000e-05	-3.080269e-02	1.516273e+01
3.893000e-05	-3.144418e-02	1.514478e+01
3.894000e-05	-3.811614e-02	1.519580e+01
3.895000e-05	-4.252357e-02	1.523633e+01
3.896000e-05	-4.507495e-02	1.522833e+01
3.897000e-05	-4.218865e-02	1.524896e+01
3.898000e-05	-4.770341e-02	1.525694e+01
3.899000e-05	-4.828660e-02	1.525841e+01
3.900000e-05	-4.978451e-02	1.521634e+01
3.901000e-05	-4.786850e-02	1.527628e+01
3.902000e-05	-5.084103e-02	1.523433e+01
3.903000e-05	-5.527418e-02	1.516517e+01
3.904000e-05	-5.921490e-02	1.513205e+01
3.905000e-05	-5.965364e-02	1.505850e+01
3.906000e-05	-5.627897e-02	1.502834e+01
3.907000e-05	-5.788679e-02	1.500631e+01
3.908000e-05	-5.883235e-02	1.494322e+01
3.909000e-05	-5.833852e-02	1.487052e+01
3.910000e-05	-5.367493e-02	1.482838e+01
3.911000e-05	-5.077984e-02	1.472580e+01
3.912000e-05	-5.009012e-02	1.471254e+01
3.913000e-05	-4.831082e-02	1.461678e+01
3.914000e-05	-4.571815e-02	1.455213e+01
3.915000e-05	-4.010670e-02	1.444788e+01
3.916000e-05	-3.934032e-02	1.433065e+01
3.917000e-05	-3.652442e-02	1.421786e+01
3.918000e-05	-3.705218e-02	1.411412e+01
3.919000e-05	-3.156781e-02	1.401636e+01
3.920000e-05	-3.023359e-02	1.387052e+01
3.921000e-05	-2.883633e-02	1.373215e+01
3.922000e-05	-2.864313e-02	1.362834e+01
3.923000e-05	-2.653168e-02	1.348047e+01
3.924000e-05	-2.232116e-02	1.336318e+01
3.925000e-05	-2.283551e-02	1.321531e+01
3.926000e-05	-2.281511e-02	1.314092e+01
3.927000e-05	-2.309010e-02	1.291213e+01
3.928000e-05	-2.119052e-02	1.273468e+01
3.929000e-05	-2.076750e-02	1.260743e+01
3.930000e-05	-2.015262e-02	1.245800e+01
3.931000e-05	-1.882681e-02	1.229255e+01
3.932000e-05	-1.725704e-02	1.214305e+01
3.933000e-05	-1.543543e-02	1.193315e+01
3.934000e-05	-1.514309e-02	1.172381e+01
3.935000e-05	-1.653178e-02	1.158318e+01
3.936000e-05	-1.836337e-02	1.132308e+01
3.937000e-05	-1.545570e-02	1.114363e+01
3.938000e-05	-1.477996e-02	1.096523e+01
3.939000e-05	-1.413944e-02	1.073520e+01
3.940000e-05	-1.369908e-02	1.059316e+01
3.941000e-05	-1.214947e-02	1.037371e+01
3.942000e-05	-1.117259e-02	1.013268e+01
3.943000e-05	-1.189494e-02	9.931624e+00
3.944000e-05	-1.194627e-02	9.699950e+00
3.945000e-05	-1.301107e-02	9.439975e+00
3.946000e-05	-1.229496e-02	9.258921e+00
3.947000e-05	-1.209752e-02	9.029465e+00
3.948000e-05	-1.172663e-02	8.775860e+00
3.949000e-05	-1.137031e-02	8.554735e+00
3.950000e-05	-1.110879e-02	8.343208e+00
3.951000e-05	-1.004090e-02	8.101055e+00
3.952000e-05	-9.332026e-03	7.819449e+00
3.953000e-05	-9.933734e-03	7.575913e+00
3.954000e-05	-1.017593e-02	7.322603e+00
3.955000e-05	-9.393276e-03	7.081951e+00
3.956000e-05	-9.283574e-03	6.818499e+00
3.957000e-05	-9.231966e-03	6.552711e+00
3.958000e-05	-9.618974e-03	6.271580e+00
3.959000e-05	-9.319677e-03	6.041474e+00
3.960000e-05	-8.060043e-03	5.756368e+00
3.961000e-05	-7.111379e-03	5.484237e+00
3.962000e-05	-7.059692e-03	5.229995e+00
3.963000e-05	-7.728645e-03	4.902633e+00
3.964000e-05	-8.063527e-03	4.629425e+00
3.965000e-05	-7.674361e-03	4.357367e+00
3.966000e-05	-7.373023e-03	4.110579e+00
3.967000e-05	-8.145158e-03	3.836920e+00
3.968000e-05	-8.300531e-03	3.545320e+00
3.969000e-05	-6.195042e-03	3.222057e+00
3.970000e-05	-6.382944e-03	2.997370e+00
3.971000e-05	-5.829800e-03	2.776815e+00
3.972000e-05	-6.857511e-03	2.389979e+00
3.973000e-05	-6.311980e-03	2.156818e+00
3.974000e-05	-6.042722e-03	1.894189e+00
3.975000e-05	-5.525330e-03	1.587399e+00
3.976000e-05	-6.173293e-03	1.293641e+00
3.977000e-05	-5.835320e-03	9.864737e-01
3.978000e-05	-4.917196e-03	7.036355e-01
3.979000e-05	-4.862345e-03	4.300289e-01
3.980000e-05	-3.445442e-03	1.342645e-01
3.981000e-05	-2.746156e-03	-1.379411e-01
3.982000e-05	8.423783e-03	-3.695236e-01
3.983000e-05	-3.396462e-03	-7.048018e-01
3.984000e-05	3.924025e-03	-9.478109e-01
3.985000e-05	-5.361325e-03	-1.230049e+00
3.986000e-05	1.695894e-03	-1.506785e+00
3.987000e-05	-2.942651e-03	-1.726890e+00
3.988000e-05	2.765565e-02	-1.979392e+00
3.989000e-05	9.278155e-02	-2.223575e+00
3.990000e-05	-1.031600e-02	-2.652050e+00
3.991000e-05	-4.996494e-02	-3.043074e+00
3.992000e-05	-1.905932e-02	-3.347838e+00
3.993000e-05	-4.279189e-02	-3.526261e+00
3.994000e-05	-7.704974e-02	-3.746360e+00
3.995000e-05	1.061989e-01	-3.926785e+00
3.996000e-05	-5.266370e-04	-4.168415e+00
3.997000e-05	-8.491776e-02	-4.443249e+00
3.998000e-05	1.785513e-01	-4.704752e+00
3.999000e-05	-1.432683e-01	-5.031045e+00
4.000000e-05	1.220887e-01	-5.306804e+00
4.001000e-05	-6.303460e-02	-5.601415e+00
4.002000e-05	-7.854817e-02	-5.924153e+00
4.003000e-05	1.054754e-01	-6.104201e+00
4.004000e-05	-9.435846e-02	-6.401464e+00
4.005000e-05	1.234579e-01	-6.675126e+00
4.006000e-05	-5.852791e-02	-6.957303e+00
4.007000e-05	3.669698e-03	-7.241065e+00
4.008000e-05	5.734054e-02	-7.463523e+00
4.009000e-05	-7.982399e-02	-7.777337e+00
4.010000e-05	1.097971e-01	-7.999988e+00
4.011000e-05	-1.286017e-01	-8.232023e+00
4.012000e-05	1.002370e-01	-8.494652e+00
4.013000e-05	-1.152156e-02	-8.735200e+00
4.014000e-05	1.881124e-04	-8.968387e+00
4.015000e-05	2.945949e-02	-9.206436e+00
4.016000e-05	-7.039054e-02	-9.419939e+00
4.017000e-05	9.317879e-02	-9.661619e+00
4.018000e-05	-5.711259e-02	-9.872123e+00
4.019000e-05	8.027372e-02	-1.005160e+01
4.020000e-05	-5.727883e-02	-1.030367e+01
4.021000e-05	4.205972e-02	-1.051575e+01
4.022000e-05	2.115806e-03	-1.067315e+01
4.023000e-05	4.607924e-03	-1.092422e+01
4.024000e-05	1.142602e-02	-1.110415e+01
4.025000e-05	-2.850228e-02	-1.136617e+01
4.026000e-05	5.071708e-02	-1.152570e+01
4.027000e-05	-6.273724e-03	-1.175678e+01
4.028000e-05	4.254378e-02	-1.190457e+01
4.029000e-05	-2.696207e-02	-1.215367e+01
4.030000e-05	2.732652e-02	-1.228307e+01
4.031000e-05	-7.220569e-04	-1.248059e+01
4.032000e-05	2.190385e-02	-1.265044e+01
4.033000e-05	-3.586867e-03	-1.279688e+01
4.034000e-05	6.536720e-03	-1.297628e+01
4.035000e-05	1.995965e-02	-1.311267e+01
4.036000e-05	2.315544e-02	-1.325002e+01
4.037000e-05	1.980941e-02	-1.338835e+01
4.038000e-05	9.227009e-04	-1.352315e+01
4.039000e-05	1.442300e-02	-1.363859e+01
4.040000e-05	1.580659e-02	-1.380836e+01
4.041000e-05	2.103282e-02	-1.392407e+01
4.042000e-05	5.777860e-03	-1.408204e+01
4.043000e-05	1.125135e-02	-1.418778e+01
4.044000e-05	1.683156e-02	-1.431202e+01
4.045000e-05	3.016782e-02	-1.437730e+01
4.046000e-05	1.837563e-02	-1.448369e+01
4.047000e-05	1.656796e-02	-1.460530e+01
4.048000e-05	1.482667e-02	-1.464057e+01
4.049000e-05	2.700494e-02	-1.474417e+01
4.050000e-05	2.433754e-02	-1.483888e+01
4.051000e-05	1.764111e-02	-1.493209e+01
4.052000e-05	1.346675e-02	-1.493625e+01
4.053000e-05	2.285708e-02	-1.500838e+01
4.054000e-05	3.222952e-02	-1.510152e+01
4.055000e-05	2.809504e-02	-1.515407e+01
4.056000e-05	2.532449e-02	-1.514375e+01
4.057000e-05	2.475978e-02	-1.521481e+01
4.058000e-05	3.473984e-02	-1.522786e+01
4.059000e-05	3.362712e-02	-1.524946e+01
4.060000e-05	2.928282e-02	-1.527359e+01
4.061000e-05	2.504964e-02	-1.531167e+01
4.062000e-05	3.265757e-02	-1.533220e+01
4.063000e-05	4.103409e-02	-1.536277e+01
4.064000e-05	4.223783e-02	-1.533472e+01
4.065000e-05	3.921380e-02	-1.533204e+01
4.066000e-05	3.986980e-02	-1.533317e+01
4.067000e-05	4.735075e-02	-1.529062e+01
4.068000e-05	5.100528e-02	-1.527106e+01
4.069000e-05	4.661989e-02	-1.525001e+01
4.070000e-05	4.431472e-02	-1.522793e+01
4.071000e-05	4.703727e-02	-1.517327e+01
4.072000e-05	5.452585e-02	-1.516262e+01
4.073000e-05	5.393470e-02	-1.511147e+01
4.074000e-05	4.890889e-02	-1.502838e+01
4.075000e-05	4.488792e-02	-1.500631e+01
4.076000e-05	4.923967e-02	-1.490350e+01
4.077000e-05	4.870516e-02	-1.490739e+01
4.078000e-05	4.231766e-02	-1.475470e+01
4.079000e-05	3.533575e-02	-1.467059e+01
4.080000e-05	3.557427e-02	-1.458825e+01
4.081000e-05	3.655590e-02	-1.450362e+01
4.082000e-05	3.272760e-02	-1.438828e+01
4.083000e-05	2.633716e-02	-1.433057e+01
4.084000e-05	2.360828e-02	-1.417681e+01
4.085000e-05	2.634838e-02	-1.408999e+01
4.086000e-05	2.672349e-02	-1.396462e+01
4.087000e-05	2.189546e-02	-1.382738e+01
4.088000e-05	1.712981e-02	-1.370404e+01
4.089000e-05	1.626208e-02	-1.360478e+01
4.090000e-05	1.777009e-02	-1.343794e+01
4.091000e-05	1.649878e-02	-1.330047e+01
4.092000e-05	1.214799e-02	-1.316362e+01
4.093000e-05	1.026143e-02	-1.297841e+01
4.094000e-05	1.297471e-02	-1.285049e+01
4.095000e-05	1.493323e-02	-1.274159e+01
4.096000e-05	1.234545e-02	-1.254462e+01
4.097000e-05	8.134887e-03	-1.237631e+01
4.098000e-05	7.272142e-03	-1.220628e+01
4.099000e-05	8.520833e-03	-1.204901e+01
4.100000e-05	8.476323e-03	-1.181884e+01
4.101000e-05	4.595284e-03	-1.157691e+01
4.102000e-05	3.580040e-03	-1.139476e+01
4.103000e-05	5.920662e-03	-1.119523e+01
4.104000e-05	7.697492e-03	-1.096481e+01
4.105000e-05	7.176495e-03	-1.080681e+01
4.106000e-05	3.000931e-03	-1.063791e+01
4.107000e-05	2.776113e-03	-1.038581e+01
4.108000e-05	4.087761e-03	-1.015623e+01
4.109000e-05	3.923064e-03	-9.953754e+00
4.110000e-05	8.178199e-04	-9.754306e+00
4.111000e-05	3.231096e-04	-9.563755e+00
4.112000e-05	1.211463e-03	-9.294579e+00
4.113000e-05	3.486179e-03	-9.072498e+00
4.114000e-05	2.569035e-03	-8.882073e+00
4.115000e-05	1.812620e-04	-8.638469e+00
4.116000e-05	1.236007e-05	-8.376312e+00
4.117000e-05	1.738247e-03	-8.125283e+00
4.118000e-05	1.093403e-03	-7.922654e+00
4.119000e-05	-6.900255e-04	-7.646842e+00
4.120000e-05	-2.634709e-03	-7.395362e+00
4.121000e-05	-1.820445e-03	-7.104284e+00
4.122000e-05	-3.321981e-04	-6.830923e+00
4.123000e-05	-4.675830e-04	-6.577865e+00
4.124000e-05	-3.083237e-03	-6.336861e+00
4.125000e-05	-2.388865e-03	-6.061552e+00
4.126000e-05	-2.508370e-03	-5.838894e+00
4.127000e-05	2.765876e-04	-5.536791e+00
4.128000e-05	-3.586882e-03	-5.270569e+00
4.129000e-05	-3.370121e-03	-4.947362e+00
4.130000e-05	-4.136196e-03	-4.609445e+00
4.131000e-05	-1.957529e-03	-4.399469e+00
4.132000e-05	-3.842514e-03	-4.175792e+00
4.133000e-05	-4.998032e-03	-3.923160e+00
4.134000e-05	-5.613859e-03	-3.587947e+00
4.135000e-05	-4.848489e-03	-3.346341e+00
4.136000e-05	-2.411385e-03	-3.039577e+00
4.137000e-05	-3.803146e-03	-2.767842e+00
4.138000e-05	-4.585017e-03	-2.513237e+00
4.139000e-05	-5.938195e-03	-2.250482e+00
4.140000e-05	-4.288661e-03	-1.966292e+00
4.141000e-05	-5.657314e-03	-1.654183e+00
4.142000e-05	-8.301357e-03	-1.335345e+00
4.143000e-05	-6.718271e-03	-1.040530e+00
4.144000e-05	-7.663857e-03	-7.888986e-01
4.145000e-05	-1.960162e-03	-4.821631e-01
4.146000e-05	-2.229882e-03	-2.084748e-01
4.147000e-05	-2.406488e-05	4.363284e-02
4.148000e-05	6.087771e-03	3.273922e-01
4.149000e-05	-6.137466e-03	6.099525e-01
4.150000e-05	2.461819e-03	8.230267e-01
4.151000e-05	-7.286452e-03	1.129291e+00
4.152000e-05	-1.621785e-03	1.390548e+00
4.153000e-05	-4.117617e-03	1.737317e+00
4.154000e-05	1.734953e-02	1.956843e+00
4.155000e-05	5.152916e-02	2.168945e+00
4.156000e-05	6.156036e-02	2.505839e+00
4.157000e-05	-7.885105e-02	2.823175e+00
4.158000e-05	-2.427003e-02	3.135337e+00
4.159000e-05	-4.034507e-02	3.441025e+00
4.160000e-05	-2.941840e-02	3.673159e+00
4.161000e-05	-7.818077e-02	3.873107e+00
4.162000e-05	8.846409e-02	4.053700e+00
4.163000e-05	7.940515e-04	4.441444e+00
4.164000e-05	-8.333088e-02	4.672551e+00
4.165000e-05	1.693514e-01	4.924808e+00
4.166000e-05	-1.026908e-01	5.252151e+00
4.167000e-05	3.472615e-02	5.484261e+00
4.168000e-05	-4.103260e-02	5.809446e+00
4.169000e-05	-2.342207e-02	6.043149e+00
4.170000e-05	3.120800e-02	6.313731e+00
4.171000e-05	-4.326126e-02	6.598446e+00
4.172000e-05	2.993981e-02	6.851073e+00
4.173000e-05	-2.655127e-02	7.114180e+00
4.174000e-05	6.463794e-03	7.378892e+00
4.175000e-05	-5.966974e-03	7.632121e+00
4.176000e-05	-2.971350e-02	7.944706e+00
4.177000e-05	2.092618e-02	8.199393e+00
4.178000e-05	-4.398982e-02	8.410073e+00
4.179000e-05	3.138904e-02	8.640497e+00
4.180000e-05	-1.064888e-02	8.882070e+00
4.181000e-05	-2.476993e-02	9.093173e+00
4.182000e-05	-3.679675e-03	9.326332e+00
4.183000e-05	-1.850198e-02	9.526780e+00
4.184000e-05	8.795531e-03	9.776786e+00
4.185000e-05	-2.547315e-02	9.949362e+00
4.186000e-05	2.765296e-03	1.022934e+01
4.187000e-05	-1.730040e-02	1.040951e+01
4.188000e-05	-6.885481e-04	1.061989e+01
4.189000e-05	-1.344506e-02	1.081999e+01
4.190000e-05	-2.350874e-02	1.104047e+01
4.191000e-05	-1.275173e-02	1.122891e+01
4.192000e-05	-1.542188e-02	1.147137e+01
4.193000e-05	-2.275443e-03	1.167151e+01
4.194000e-05	-1.461972e-02	1.182844e+01
4.195000e-05	-1.348040e-02	1.199841e+01
4.196000e-05	-1.489454e-02	1.220886e+01
4.197000e-05	-1.174572e-02	1.236667e+01
4.198000e-05	-1.456488e-02	1.255573e+01
4.199000e-05	-2.307717e-02	1.269212e+01
4.200000e-05	-1.804422e-02	1.284154e+01
4.201000e-05	-1.585497e-02	1.300836e+01
4.202000e-05	-1.058217e-02	1.313368e+01
4.203000e-05	-1.725412e-02	1.331254e+01
4.204000e-05	-2.151034e-02	1.341941e+01
4.205000e-05	-1.933349e-02	1.353528e+01
4.206000e-05	-1.927103e-02	1.369105e+01
4.207000e-05	-1.652230e-02	1.379638e+01
4.208000e-05	-2.604728e-02	1.397615e+01
4.209000e-05	-2.321034e-02	1.403111e+01
4.210000e-05	-2.293204e-02	1.424778e+01
4.211000e-05	-1.924055e-02	1.435414e+01
4.212000e-05	-2.311835e-02	1.442834e+01
4.213000e-05	-2.718202e-02	1.452264e+01
4.214000e-05	-2.465678e-02	1.460690e+01
4.215000e-05	-2.521490e-02	1.468152e+01
4.216000e-05	-2.299179e-02	1.473419e+01
4.217000e-05	-3.114175e-02	1.481886e+01
4.218000e-05	-3.027804e-02	1.486962e+01
4.219000e-05	-3.380332e-02	1.496512e+01
4.220000e-05	-2.757427e-02	1.499633e+01
4.221000e-05	-3.232245e-02	1.501836e+01
4.222000e-05	-3.422473e-02	1.508149e+01
4.223000e-05	-3.596205e-02	1.511362e+01
4.224000e-05	-3.497844e-02	1.513268e+01
4.225000e-05	-3.301162e-02	1.519618e+01
4.226000e-05	-3.932976e-02	1.515630e+01
4.227000e-05	-4.193632e-02	1.520686e+01
4.228000e-05	-4.522835e-02	1.521886e+01
4.229000e-05	-4.160379e-02	1.524989e+01
4.230000e-05	-4.507473e-02	1.522951e+01
4.231000e-05	-4.759766e-02	1.526886e+01
4.232000e-05	-5.045540e-02	1.521583e+01
4.233000e-05	-5.149464e-02	1.522673e+01
4.234000e-05	-5.099001e-02	1.521578e+01
4.235000e-05	-5.606053e-02	1.513470e+01
4.236000e-05	-5.909149e-02	1.509412e+01
4.237000e-05	-5.947964e-02	1.507049e+01
4.238000e-05	-5.577716e-02	1.504834e+01
4.239000e-05	-5.623322e-02	1.498631e+01
4.240000e-05	-5.707721e-02	1.495270e+01
4.241000e-05	-5.923558e-02	1.488054e+01
4.242000e-05	-5.537387e-02	1.478693e+01
4.243000e-05	-5.111970e-02	1.473367e+01
4.244000e-05	-4.910215e-02	1.467147e+01
4.245000e-05	-4.693257e-02	1.459686e+01
4.246000e-05	-4.405728e-02	1.451157e+01
4.247000e-05	-3.872474e-02	1.443679e+01
4.248000e-05	-3.772146e-02	1.428320e+01
4.249000e-05	-3.540368e-02	1.419731e+01
4.250000e-05	-3.672033e-02	1.403909e+01
4.251000e-05	-3.275019e-02	1.400423e+01
4.252000e-05	-3.017261e-02	1.385936e+01
4.253000e-05	-2.838279e-02	1.372353e+01
4.254000e-05	-2.862481e-02	1.356380e+01
4.255000e-05	-2.708685e-02	1.343942e+01
4.256000e-05	-2.357294e-02	1.332263e+01
4.257000e-05	-2.225681e-02	1.319426e+01
4.258000e-05	-2.076928e-02	1.305986e+01
4.259000e-05	-2.224815e-02	1.289849e+01
4.260000e-05	-2.129214e-02	1.272515e+01
4.261000e-05	-2.034476e-02	1.256679e+01
4.262000e-05	-1.855045e-02	1.241841e+01
4.263000e-05	-1.902772e-02	1.226892e+01
4.264000e-05	-1.974084e-02	1.206905e+01
4.265000e-05	-1.803374e-02	1.188207e+01
4.266000e-05	-1.453666e-02	1.169210e+01
4.267000e-05	-1.458213e-02	1.149157e+01
4.268000e-05	-1.572856e-02	1.131003e+01
4.269000e-05	-1.620719e-02	1.108155e+01
4.270000e-05	-1.376675e-02	1.094183e+01
4.271000e-05	-1.285610e-02	1.074415e+01
4.272000e-05	-1.342412e-02	1.050158e+01
4.273000e-05	-1.457255e-02	1.028198e+01
4.274000e-05	-1.374953e-02	1.008110e+01
4.275000e-05	-1.142797e-02	9.849996e+00
4.276000e-05	-1.078551e-02	9.586390e+00
4.277000e-05	-1.182285e-02	9.396845e+00
4.278000e-05	-1.258537e-02	9.197841e+00
4.279000e-05	-1.093065e-02	8.972716e+00
4.280000e-05	-9.706520e-03	8.704633e+00
4.281000e-05	-1.072599e-02	8.542678e+00
4.282000e-05	-1.155244e-02	8.251102e+00
4.283000e-05	-1.153309e-02	8.037973e+00
4.284000e-05	-9.328519e-03	7.785890e+00
4.285000e-05	-8.793458e-03	7.532132e+00
4.286000e-05	-9.137644e-03	7.238424e+00
4.287000e-05	-1.060424e-02	6.988420e+00
4.288000e-05	-9.341302e-03	6.755838e+00
4.289000e-05	-7.833899e-03	6.482554e+00
4.290000e-05	-7.616524e-03	6.221500e+00
4.291000e-05	-9.422006e-03	5.977372e+00
4.292000e-05	-9.833793e-03	5.732608e+00
4.293000e-05	-8.254029e-03	5.460121e+00
4.294000e-05	-7.471617e-03	5.163289e+00
4.295000e-05	-7.327450e-03	4.850396e+00
4.296000e-05	-7.729006e-03	4.564320e+00
4.297000e-05	-7.488080e-03	4.303734e+00
4.298000e-05	-6.268180e-03	4.008422e+00
4.299000e-05	-6.043162e-03	3.775291e+00
4.300000e-05	-7.456616e-03	3.502234e+00
4.301000e-05	-7.227154e-03	3.198396e+00
4.302000e-05	-6.613544e-03	2.945288e+00
4.303000e-05	-6.503276e-03	2.690559e+00
4.304000e-05	-6.260467e-03	2.336343e+00
4.305000e-05	-6.949764e-03	2.072108e+00
4.306000e-05	-6.354453e-03	1.839004e+00
4.307000e-05	-5.815740e-03	1.566321e+00
4.308000e-05	-5.080172e-03	1.210978e+00
4.309000e-05	-5.286760e-03	9.031870e-01
4.310000e-05	-5.417630e-03	6.194526e-01
4.311000e-05	-4.994602e-03	3.578459e-01
4.312000e-05	-3.491681e-03	4.063282e-02
4.313000e-05	1.462812e-04	-2.025989e-01
4.314000e-05	6.594437e-03	-4.421804e-01
4.315000e-05	-5.098144e-03	-7.379197e-01
4.316000e-05	4.066739e-03	-1.001121e+00
4.317000e-05	-3.642535e-03	-1.296678e+00
4.318000e-05	2.521994e-03	-1.579517e+00
4.319000e-05	-1.723021e-03	-1.802098e+00
4.320000e-05	3.990273e-02	-2.011571e+00
4.321000e-05	9.705789e-02	-2.337811e+00
4.322000e-05	-5.253349e-02	-2.737234e+00
4.323000e-05	-2.514023e-02	-3.115784e+00
4.324000e-05	-3.861298e-02	-3.379891e+00
4.325000e-05	-3.653881e-02	-3.559389e+00
4.326000e-05	-7.451100e-02	-3.809468e+00
4.327000e-05	1.583251e-01	-4.000414e+00
4.328000e-05	-9.050063e-02	-4.220551e+00
4.329000e-05	1.971220e-02	-4.506283e+00
4.330000e-05	1.057024e-01	-4.737811e+00
4.331000e-05	-1.284430e-01	-5.066252e+00
4.332000e-05	1.458830e-01	-5.389884e+00
4.333000e-05	-1.361174e-01	-5.694644e+00
4.334000e-05	1.332326e-03	-5.967330e+00
4.335000e-05	5.765091e-02	-6.158306e+00
4.336000e-05	-7.249424e-02	-6.512773e+00
4.337000e-05	1.360914e-01	-6.715733e+00
4.338000e-05	-1.101877e-01	-7.019965e+00
4.339000e-05	7.382692e-02	-7.314252e+00
4.340000e-05	-1.098982e-02	-7.517754e+00
4.341000e-05	-2.232516e-02	-7.820493e+00
4.342000e-05	6.909628e-02	-8.073124e+00
4.343000e-05	-1.220420e-01	-8.313655e+00
4.344000e-05	1.364630e-01	-8.578330e+00
4.345000e-05	-6.640665e-02	-8.799384e+00
4.346000e-05	5.750230e-02	-9.042068e+00
4.347000e-05	-3.144769e-02	-9.200515e+00
4.348000e-05	-1.313564e-02	-9.483570e+00
4.349000e-05	5.982382e-02	-9.714222e+00
4.350000e-05	-4.045719e-02	-9.895701e+00
4.351000e-05	7.327799e-02	-1.012673e+01
4.352000e-05	-7.211941e-02	-1.034568e+01
4.353000e-05	6.985010e-02	-1.060783e+01
4.354000e-05	-2.870118e-02	-1.075573e+01
4.355000e-05	3.520050e-02	-1.097633e+01
4.356000e-05	-1.938979e-02	-1.117588e+01
4.357000e-05	1.436099e-03	-1.142680e+01
4.358000e-05	3.126694e-02	-1.154680e+01
4.359000e-05	5.678100e-03	-1.178938e+01
4.360000e-05	3.100069e-02	-1.197528e+01
4.361000e-05	-2.364324e-02	-1.215683e+01
4.362000e-05	3.077598e-02	-1.232370e+01
4.363000e-05	-5.865157e-03	-1.251415e+01
4.364000e-05	2.809213e-02	-1.269199e+01
4.365000e-05	-1.038585e-02	-1.277944e+01
4.366000e-05	1.730909e-02	-1.300633e+01
4.367000e-05	1.337875e-02	-1.314365e+01
4.368000e-05	2.750839e-02	-1.329264e+01
4.369000e-05	1.081633e-02	-1.342933e+01
4.370000e-05	6.157053e-03	-1.356470e+01
4.371000e-05	1.162222e-02	-1.371006e+01
4.372000e-05	1.737266e-02	-1.382994e+01
4.373000e-05	1.770133e-02	-1.395572e+01
4.374000e-05	9.961974e-03	-1.408046e+01
4.375000e-05	1.275313e-02	-1.422725e+01
4.376000e-05	1.961477e-02	-1.430209e+01
4.377000e-05	2.765918e-02	-1.442783e+01
4.378000e-05	1.749497e-02	-1.451317e+01
4.379000e-05	1.696083e-02	-1.462686e+01
4.380000e-05	1.495033e-02	-1.465354e+01
4.381000e-05	2.696736e-02	-1.476573e+01
4.382000e-05	2.195889e-02	-1.487798e+01
4.383000e-05	1.958429e-02	-1.495307e+01
4.384000e-05	1.493688e-02	-1.500435e+01
4.385000e-05	2.476340e-02	-1.501893e+01
4.386000e-05	2.982825e-02	-1.510254e+01
4.387000e-05	2.771896e-02	-1.512360e+01
4.388000e-05	2.473585e-02	-1.515568e+01
4.389000e-05	2.662693e-02	-1.521685e+01
4.390000e-05	3.390917e-02	-1.524951e+01
4.391000e-05	3.303364e-02	-1.527111e+01
4.392000e-05	2.971709e-02	-1.529159e+01
4.393000e-05	2.784185e-02	-1.537167e+01
4.394000e-05	3.398810e-02	-1.534414e+01
4.395000e-05	4.051306e-02	-1.532472e+01
4.396000e-05	4.184554e-02	-1.533364e+01
4.397000e-05	3.915812e-02	-1.532309e+01
4.398000e-05	4.096460e-02	-1.532214e+01
4.399000e-05	4.753727e-02	-1.529197e+01
4.400000e-05	4.893098e-02	-1.526991e+01
4.401000e-05	4.625562e-02	-1.521888e+01
4.402000e-05	4.522656e-02	-1.514733e+01
4.403000e-05	4.913236e-02	-1.518330e+01
4.404000e-05	5.347031e-02	-1.514360e+01
4.405000e-05	5.350456e-02	-1.503089e+01
4.406000e-05	4.738362e-02	-1.499841e+01
4.407000e-05	4.654795e-02	-1.496568e+01
4.408000e-05	4.851203e-02	-1.492202e+01
4.409000e-05	4.757004e-02	-1.477743e+01
4.410000e-05	4.165845e-02	-1.475412e+01
4.411000e-05	3.640148e-02	-1.464144e+01
4.412000e-05	3.519894e-02	-1.455473e+01
4.413000e-05	3.534312e-02	-1.450204e+01
4.414000e-05	3.200089e-02	-1.438625e+01
4.415000e-05	2.568792e-02	-1.429150e+01
4.416000e-05	2.360660e-02	-1.416520e+01
4.417000e-05	2.586471e-02	-1.403936e+01
4.418000e-05	2.466757e-02	-1.392305e+01
4.419000e-05	2.015822e-02	-1.380688e+01
4.420000e-05	1.632123e-02	-1.366097e+01
4.421000e-05	1.744178e-02	-1.352512e+01
4.422000e-05	1.844882e-02	-1.338741e+01
4.423000e-05	1.575217e-02	-1.323647e+01
4.424000e-05	1.181214e-02	-1.311320e+01
4.425000e-05	1.047684e-02	-1.299725e+01
4.426000e-05	1.349730e-02	-1.283893e+01
4.427000e-05	1.349797e-02	-1.265152e+01
4.428000e-05	1.016883e-02	-1.250102e+01
4.429000e-05	7.906933e-03	-1.230317e+01
4.430000e-05	8.373035e-03	-1.215578e+01
4.431000e-05	9.694588e-03	-1.198585e+01
4.432000e-05	7.053238e-03	-1.176523e+01
4.433000e-05	4.806223e-03	-1.157330e+01
4.434000e-05	3.436978e-03	-1.135470e+01
4.435000e-05	5.759955e-03	-1.113115e+01
4.436000e-05	6.938600e-03	-1.093323e+01
4.437000e-05	5.291528e-03	-1.073576e+01
4.438000e-05	2.975219e-03	-1.055375e+01
4.439000e-05	3.403900e-03	-1.033370e+01
4.440000e-05	5.324519e-03	-1.012408e+01
4.441000e-05	4.313217e-03	-9.883099e+00
4.442000e-05	2.023177e-03	-9.703628e+00
4.443000e-05	-5.116747e-04	-9.523020e+00
4.444000e-05	1.468728e-03	-9.240019e+00
4.445000e-05	2.867553e-03	-9.029467e+00
4.446000e-05	1.315225e-03	-8.818437e+00
4.447000e-05	-1.058132e-03	-8.578185e+00
4.448000e-05	-8.052076e-04	-8.334181e+00
4.449000e-05	1.174395e-03	-8.083650e+00
4.450000e-05	1.515981e-03	-7.840496e+00
4.451000e-05	-1.305678e-03	-7.566262e+00
4.452000e-05	-1.594451e-03	-7.334654e+00
4.453000e-05	-1.788518e-03	-7.040996e+00
4.454000e-05	-4.013479e-05	-6.796391e+00
4.455000e-05	-1.984134e-03	-6.554736e+00
4.456000e-05	-2.848281e-03	-6.312556e+00
4.457000e-05	-4.319682e-03	-5.978967e+00
4.458000e-05	-1.414267e-03	-5.735836e+00
4.459000e-05	-1.290555e-03	-5.510705e+00
4.460000e-05	-2.216153e-03	-5.176812e+00
4.461000e-05	-3.622883e-03	-4.869028e+00
4.462000e-05	-2.138619e-03	-4.566320e+00
4.463000e-05	-2.254120e-03	-4.346813e+00
4.464000e-05	-3.526970e-03	-4.092784e+00
4.465000e-05	-6.329464e-03	-3.839020e+00
4.466000e-05	-6.343784e-03	-3.566814e+00
4.467000e-05	-5.970363e-03	-3.293154e+00
4.468000e-05	-2.631734e-03	-3.027822e+00
4.469000e-05	-4.512575e-03	-2.713686e+00
4.470000e-05	-4.123467e-03	-2.441553e+00
4.471000e-05	-3.781398e-03	-2.165870e+00
4.472000e-05	-2.953207e-03	-1.872682e+00
4.473000e-05	-4.669485e-03	-1.599499e+00
4.474000e-05	-7.139210e-03	-1.292008e+00
4.475000e-05	-9.190261e-03	-9.978959e-01
4.476000e-05	-7.416730e-03	-7.231895e-01
4.477000e-05	-4.389642e-03	-4.299737e-01
4.478000e-05	-3.980779e-03	-1.473421e-01
4.479000e-05	3.375829e-03	1.363659e-01
4.480000e-05	4.202504e-03	4.520503e-01
4.481000e-05	-1.169122e-03	6.432067e-01
4.482000e-05	1.728244e-03	8.973345e-01
4.483000e-05	-5.332178e-03	1.230974e+00
4.484000e-05	-3.165122e-03	1.506354e+00
4.485000e-05	-4.746735e-03	1.819041e+00
4.486000e-05	1.992256e-02	1.970899e+00
4.487000e-05	6.380426e-02	2.272557e+00
4.488000e-05	2.949704e-02	2.631023e+00
4.489000e-05	-7.772256e-02	2.946364e+00
4.490000e-05	-1.783176e-02	3.179443e+00
4.491000e-05	-3.004910e-02	3.507130e+00
4.492000e-05	-4.631337e-02	3.746312e+00
4.493000e-05	-5.373608e-02	3.905736e+00
4.494000e-05	1.073814e-01	4.147441e+00
4.495000e-05	-7.128756e-02	4.443755e+00
4.496000e-05	-4.054209e-03	4.704685e+00
4.497000e-05	1.255926e-01	5.051524e+00
4.498000e-05	-1.081608e-01	5.355286e+00
4.499000e-05	5.736409e-02	5.588341e+00
4.500000e-05	-6.329310e-02	5.933126e+00
4.501000e-05	1.251488e-02	6.113738e+00
4.502000e-05	7.804730e-03	6.369389e+00
4.503000e-05	-4.051987e-02	6.681578e+00
4.504000e-05	3.083554e-02	6.915804e+00
4.505000e-05	-4.183430e-02	7.206857e+00
4.506000e-05	2.610713e-02	7.439048e+00
4.507000e-05	-3.033459e-02	7.745148e+00
4.508000e-05	-3.600943e-03	8.007517e+00
4.509000e-05	9.652032e-03	8.292572e+00
4.510000e-05	-3.735793e-02	8.462574e+00
4.511000e-05	4.247847e-02	8.672577e+00
4.512000e-05	-3.936610e-02	8.924807e+00
4.513000e-05	-6.557771e-03	9.167229e+00
4.514000e-05	-2.309320e-02	9.388411e+00
4.515000e-05	1.662707e-03	9.587356e+00
4.516000e-05	-7.518867e-03	9.850443e+00
4.517000e-05	-1.265487e-02	1.003099e+01
4.518000e-05	-1.320344e-03	1.026055e+01
4.519000e-05	-1.540844e-02	1.048107e+01
4.520000e-05	1.712081e-03	1.064255e+01
4.521000e-05	-2.368378e-02	1.089260e+01
4.522000e-05	-1.636465e-02	1.106202e+01
4.523000e-05	-2.063850e-02	1.128202e+01
4.524000e-05	-6.080400e-03	1.151257e+01
4.525000e-05	-1.112545e-02	1.170370e+01
4.526000e-05	-9.441525e-03	1.188355e+01
4.527000e-05	-1.739722e-02	1.207054e+01
4.528000e-05	-1.088785e-02	1.223944e+01
4.529000e-05	-1.252906e-02	1.240693e+01
4.530000e-05	-1.760017e-02	1.259678e+01
4.531000e-05	-2.047718e-02	1.272410e+01
4.532000e-05	-1.988854e-02	1.286007e+01
4.533000e-05	-1.150660e-02	1.303991e+01
4.534000e-05	-1.551152e-02	1.318635e+01
4.535000e-05	-1.563471e-02	1.335470e+01
4.536000e-05	-2.445618e-02	1.342046e+01
4.537000e-05	-1.622336e-02	1.359683e+01
4.538000e-05	-2.019383e-02	1.374073e+01
4.539000e-05	-1.904729e-02	1.388941e+01
4.540000e-05	-2.640447e-02	1.396670e+01
4.541000e-05	-2.344936e-02	1.409957e+01
4.542000e-05	-2.034447e-02	1.431134e+01
4.543000e-05	-2.120212e-02	1.429525e+01
4.544000e-05	-2.201193e-02	1.443991e+01
4.545000e-05	-2.913043e-02	1.454362e+01
4.546000e-05	-2.238705e-02	1.462746e+01
4.547000e-05	-2.599550e-02	1.468212e+01
4.548000e-05	-2.453862e-02	1.476428e+01
4.549000e-05	-3.210352e-02	1.483852e+01
4.550000e-05	-3.126286e-02	1.487157e+01
4.551000e-05	-3.107586e-02	1.493420e+01
4.552000e-05	-2.885423e-02	1.498633e+01
4.553000e-05	-3.267334e-02	1.502944e+01
4.554000e-05	-3.621902e-02	1.504149e+01
4.555000e-05	-3.389002e-02	1.513310e+01
4.556000e-05	-3.470353e-02	1.515375e+01
4.557000e-05	-3.402681e-02	1.518528e+01
4.558000e-05	-4.215972e-02	1.524688e+01
4.559000e-05	-4.244761e-02	1.522586e+01
4.560000e-05	-4.309416e-02	1.523938e+01
4.561000e-05	-4.264815e-02	1.526889e+01
4.562000e-05	-4.591760e-02	1.522034e+01
4.563000e-05	-4.989147e-02	1.522786e+01
4.564000e-05	-5.018148e-02	1.521523e+01
4.565000e-05	-5.135762e-02	1.521681e+01
4.566000e-05	-5.155482e-02	1.514371e+01
4.567000e-05	-5.856490e-02	1.517265e+01
4.568000e-05	-5.942811e-02	1.511102e+01
4.569000e-05	-5.783586e-02	1.507994e+01
4.570000e-05	-5.535098e-02	1.500834e+01
4.571000e-05	-5.707028e-02	1.495473e+01
4.572000e-05	-5.921086e-02	1.493361e+01
4.573000e-05	-5.661388e-02	1.488004e+01
4.574000e-05	-5.326943e-02	1.480588e+01
4.575000e-05	-4.959093e-02	1.473417e+01
4.576000e-05	-5.050032e-02	1.467094e+01
4.577000e-05	-4.736995e-02	1.458675e+01
4.578000e-05	-4.301632e-02	1.448202e+01
4.579000e-05	-3.859576e-02	1.438573e+01
4.580000e-05	-3.734462e-02	1.427064e+01
4.581000e-05	-3.741268e-02	1.418318e+01
4.582000e-05	-3.438738e-02	1.402839e+01
4.583000e-05	-3.197397e-02	1.396313e+01
4.584000e-05	-2.799691e-02	1.379729e+01
4.585000e-05	-3.123381e-02	1.368007e+01
4.586000e-05	-2.714384e-02	1.351465e+01
4.587000e-05	-2.678518e-02	1.340736e+01
4.588000e-05	-2.177804e-02	1.328155e+01
4.589000e-05	-2.324235e-02	1.317520e+01
4.590000e-05	-2.193170e-02	1.298731e+01
4.591000e-05	-2.218502e-02	1.281537e+01
4.592000e-05	-2.019031e-02	1.267208e+01
4.593000e-05	-1.856587e-02	1.254470e+01
4.594000e-05	-2.007752e-02	1.234626e+01
4.595000e-05	-1.927170e-02	1.221789e+01
4.596000e-05	-1.847851e-02	1.203739e+01
4.597000e-05	-1.605475e-02	1.186942e+01
4.598000e-05	-1.622356e-02	1.166949e+01
4.599000e-05	-1.695124e-02	1.144002e+01
4.600000e-05	-1.613502e-02	1.127789e+01
4.601000e-05	-1.427464e-02	1.105997e+01
4.602000e-05	-1.291218e-02	1.083102e+01
4.603000e-05	-1.333725e-02	1.066159e+01
4.604000e-05	-1.419891e-02	1.046952e+01
4.605000e-05	-1.281246e-02	1.024895e+01
4.606000e-05	-1.209541e-02	1.002889e+01
4.607000e-05	-1.180597e-02	9.807312e+00
4.608000e-05	-1.269649e-02	9.594735e+00
4.609000e-05	-1.243606e-02	9.345332e+00
4.610000e-05	-1.067399e-02	9.154203e+00
4.611000e-05	-1.018129e-02	8.912528e+00
4.612000e-05	-1.133009e-02	8.681502e+00
4.613000e-05	-1.081667e-02	8.450524e+00
4.614000e-05	-1.039419e-02	8.258320e+00
4.615000e-05	-1.026902e-02	7.974239e+00
4.616000e-05	-1.106346e-02	7.753183e+00
4.617000e-05	-9.531771e-03	7.460570e+00
4.618000e-05	-9.241724e-03	7.178838e+00
4.619000e-05	-9.204888e-03	6.955284e+00
4.620000e-05	-8.506781e-03	6.722654e+00
4.621000e-05	-9.256794e-03	6.457892e+00
4.622000e-05	-8.631457e-03	6.166842e+00
4.623000e-05	-8.739739e-03	5.914685e+00
4.624000e-05	-8.664836e-03	5.661423e+00
4.625000e-05	-8.160037e-03	5.376840e+00
4.626000e-05	-8.622188e-03	5.051557e+00
4.627000e-05	-7.135032e-03	4.776316e+00
4.628000e-05	-7.900163e-03	4.513133e+00
4.629000e-05	-7.277586e-03	4.252003e+00
4.630000e-05	-7.693541e-03	3.955319e+00
4.631000e-05	-7.246354e-03	3.733080e+00
4.632000e-05	-6.570660e-03	3.437455e+00
4.633000e-05	-6.495582e-03	3.134714e+00
4.634000e-05	-7.289298e-03	2.892162e+00
4.635000e-05	-6.831881e-03	2.605849e+00
4.636000e-05	-6.466406e-03	2.294213e+00
4.637000e-05	-6.075015e-03	2.039950e+00
4.638000e-05	-6.046703e-03	1.785318e+00
4.639000e-05	-5.892410e-03	1.491532e+00
4.640000e-05	-4.990146e-03	1.176292e+00
4.641000e-05	-4.770650e-03	8.305049e-01
4.642000e-05	-5.507109e-03	5.473213e-01
4.643000e-05	-4.689098e-03	3.031680e-01
4.644000e-05	-3.499198e-03	-1.164881e-02
4.645000e-05	1.914840e-03	-2.347067e-01
4.646000e-05	4.135935e-03	-5.763334e-01
4.647000e-05	-4.511954e-03	-8.005713e-01
4.648000e-05	2.438418e-03	-1.063625e+00
4.649000e-05	-2.136528e-03	-1.327912e+00
4.650000e-05	7.946141e-04	-1.653124e+00
4.651000e-05	3.352182e-03	-1.854204e+00
4.652000e-05	5.485466e-02	-2.053654e+00
4.653000e-05	8.571118e-02	-2.382044e+00
4.654000e-05	-7.612284e-02	-2.799543e+00
4.655000e-05	-6.733314e-03	-3.198940e+00
4.656000e-05	-5.211891e-02	-3.422048e+00
4.657000e-05	-4.114773e-02	-3.619545e+00
4.658000e-05	-4.363285e-02	-3.852017e+00
4.659000e-05	1.661075e-01	-4.029544e+00
4.660000e-05	-1.553954e-01	-4.306282e+00
4.661000e-05	1.101117e-01	-4.569416e+00
4.662000e-05	5.862945e-03	-4.821493e+00
4.663000e-05	-5.847062e-02	-5.150462e+00
4.664000e-05	1.181292e-01	-5.511598e+00
4.665000e-05	-1.685728e-01	-5.748360e+00
4.666000e-05	7.205650e-02	-5.979362e+00
4.667000e-05	-5.895540e-03	-6.211120e+00
4.668000e-05	-1.582053e-02	-6.537336e+00
4.669000e-05	1.043351e-01	-6.788885e+00
4.670000e-05	-1.208094e-01	-7.104672e+00
4.671000e-05	1.164171e-01	-7.334833e+00
4.672000e-05	-7.236833e-02	-7.579838e+00
4.673000e-05	4.716564e-02	-7.915148e+00
4.674000e-05	-5.875584e-04	-8.144754e+00
4.675000e-05	-7.039351e-02	-8.387310e+00
4.676000e-05	1.279645e-01	-8.618489e+00
4.677000e-05	-8.654686e-02	-8.871044e+00
4.678000e-05	8.874083e-02	-9.093694e+00
4.679000e-05	-8.283918e-02	-9.264143e+00
4.680000e-05	4.645670e-02	-9.546227e+00
4.681000e-05	1.094212e-02	-9.756805e+00
4.682000e-05	2.347490e-04	-9.967777e+00
4.683000e-05	4.152231e-02	-1.015731e+01
4.684000e-05	-5.423364e-02	-1.038901e+01
4.685000e-05	7.226043e-02	-1.062796e+01
4.686000e-05	-4.266007e-02	-1.082936e+01
4.687000e-05	4.920294e-02	-1.100894e+01
4.688000e-05	-4.517260e-02	-1.124888e+01
4.689000e-05	3.222494e-02	-1.141801e+01
4.690000e-05	1.170686e-02	-1.160901e+01
4.691000e-05	2.514183e-02	-1.185891e+01
4.692000e-05	1.006326e-02	-1.201846e+01
4.693000e-05	-9.218140e-03	-1.222896e+01
4.694000e-05	2.672388e-02	-1.233586e+01
4.695000e-05	-9.728429e-04	-1.258783e+01
4.696000e-05	2.310827e-02	-1.271462e+01
4.697000e-05	-1.510847e-02	-1.289159e+01
4.698000e-05	2.321344e-02	-1.300839e+01
4.699000e-05	1.331221e-02	-1.317585e+01
4.700000e-05	3.130194e-02	-1.334317e+01
4.701000e-05	2.787143e-03	-1.345199e+01
4.702000e-05	1.103791e-02	-1.358888e+01
4.703000e-05	1.242363e-02	-1.369317e+01
4.704000e-05	2.262705e-02	-1.385053e+01
4.705000e-05	1.148643e-02	-1.397730e+01
4.706000e-05	8.164071e-03	-1.410262e+01
4.707000e-05	1.106690e-02	-1.417738e+01
4.708000e-05	2.514687e-02	-1.435362e+01
4.709000e-05	2.561795e-02	-1.444838e+01
4.710000e-05	1.655584e-02	-1.452420e+01
4.711000e-05	1.474463e-02	-1.461743e+01
4.712000e-05	2.031149e-02	-1.469257e+01
4.713000e-05	2.839231e-02	-1.477523e+01
4.714000e-05	2.000826e-02	-1.485053e+01
4.715000e-05	1.632534e-02	-1.495267e+01
4.716000e-05	1.632434e-02	-1.500536e+01
4.717000e-05	2.864278e-02	-1.505934e+01
4.718000e-05	3.007706e-02	-1.510109e+01
4.719000e-05	2.617862e-02	-1.514463e+01
4.720000e-05	2.380126e-02	-1.518288e+01
4.721000e-05	2.913591e-02	-1.522990e+01
4.722000e-05	3.613554e-02	-1.521896e+01
4.723000e-05	3.175220e-02	-1.528151e+01
4.724000e-05	2.727753e-02	-1.531314e+01
4.725000e-05	2.769983e-02	-1.535366e+01
4.726000e-05	3.781146e-02	-1.531315e+01
4.727000e-05	4.191326e-02	-1.532262e+01
4.728000e-05	4.009432e-02	-1.534409e+01
4.729000e-05	3.784013e-02	-1.531264e+01
4.730000e-05	4.266802e-02	-1.528211e+01
4.731000e-05	4.955736e-02	-1.529054e+01
4.732000e-05	4.937018e-02	-1.524944e+01
4.733000e-05	4.443183e-02	-1.520783e+01
4.734000e-05	4.544449e-02	-1.518577e+01
4.735000e-05	5.150481e-02	-1.513370e+01
4.736000e-05	5.440804e-02	-1.510165e+01
4.737000e-05	5.147950e-02	-1.506044e+01
4.738000e-05	4.662406e-02	-1.495636e+01
4.739000e-05	4.717043e-02	-1.495220e+01
4.740000e-05	4.931182e-02	-1.488994e+01
4.741000e-05	4.701217e-02	-1.477633e+01
4.742000e-05	3.814861e-02	-1.472257e+01
4.743000e-05	3.496766e-02	-1.462948e+01
4.744000e-05	3.539833e-02	-1.457418e+01
4.745000e-05	3.563166e-02	-1.448044e+01
4.746000e-05	3.054353e-02	-1.436265e+01
4.747000e-05	2.522507e-02	-1.427944e+01
4.748000e-05	2.435471e-02	-1.414115e+01
4.749000e-05	2.523458e-02	-1.402776e+01
4.750000e-05	2.381020e-02	-1.391949e+01
4.751000e-05	1.908898e-02	-1.377418e+01
4.752000e-05	1.547435e-02	-1.362946e+01
4.753000e-05	1.778492e-02	-1.353360e+01
4.754000e-05	1.856703e-02	-1.334473e+01
4.755000e-05	1.508102e-02	-1.326684e+01
4.756000e-05	1.108479e-02	-1.309102e+01
4.757000e-05	9.806674e-03	-1.293628e+01
4.758000e-05	1.262016e-02	-1.276625e+01
4.759000e-05	1.302102e-02	-1.263691e+01
4.760000e-05	1.036394e-02	-1.244841e+01
4.761000e-05	7.120639e-03	-1.228054e+01
4.762000e-05	8.467305e-03	-1.211367e+01
4.763000e-05	9.182984e-03	-1.194320e+01
4.764000e-05	6.896394e-03	-1.171462e+01
4.765000e-05	4.323234e-03	-1.151262e+01
4.766000e-05	3.181602e-03	-1.127152e+01
4.767000e-05	6.815118e-03	-1.108050e+01
4.768000e-05	6.850202e-03	-1.088197e+01
4.769000e-05	5.336830e-03	-1.070210e+01
4.770000e-05	2.707925e-03	-1.049315e+01
4.771000e-05	2.551265e-03	-1.029210e+01
4.772000e-05	3.709547e-03	-1.009150e+01
4.773000e-05	3.592523e-03	-9.880923e+00
4.774000e-05	9.993214e-04	-9.640996e+00
4.775000e-05	-3.783238e-04	-9.420439e+00
4.776000e-05	1.998817e-03	-9.176887e+00
4.777000e-05	2.962344e-03	-8.957311e+00
4.778000e-05	1.782856e-03	-8.767309e+00
4.779000e-05	-6.457436e-04	-8.501078e+00
4.780000e-05	-8.378705e-04	-8.262049e+00
4.781000e-05	1.104190e-04	-8.030520e+00
4.782000e-05	9.873395e-04	-7.856832e+00
4.783000e-05	-1.441796e-03	-7.502654e+00
4.784000e-05	-1.936942e-03	-7.280572e+00
4.785000e-05	-1.692884e-03	-7.017266e+00
4.786000e-05	-6.584286e-04	-6.735707e+00
4.787000e-05	-2.071938e-03	-6.551627e+00
4.788000e-05	-1.869980e-03	-6.237901e+00
4.789000e-05	-4.485892e-03	-5.975312e+00
4.790000e-05	-9.676888e-04	-5.732103e+00
4.791000e-05	-1.704199e-03	-5.389499e+00
4.792000e-05	-2.139181e-03	-5.125837e+00
4.793000e-05	-5.071910e-03	-4.766341e+00
4.794000e-05	-2.433611e-03	-4.534687e+00
4.795000e-05	-3.483590e-03	-4.291733e+00
4.796000e-05	-3.115247e-03	-4.020520e+00
4.797000e-05	-5.430949e-03	-3.766292e+00
4.798000e-05	-5.426447e-03	-3.484184e+00
4.799000e-05	-4.992415e-03	-3.219000e+00
4.800000e-05	-3.382762e-03	-2.883186e+00
4.801000e-05	-4.887146e-03	-2.653055e+00
4.802000e-05	-5.097137e-03	-2.399417e+00
4.803000e-05	-4.060140e-03	-2.102079e+00
4.804000e-05	-4.193396e-03	-1.858980e+00
4.805000e-05	-4.108766e-03	-1.515341e+00
4.806000e-05	-7.077023e-03	-1.189949e+00
4.807000e-05	-7.179744e-03	-9.142933e-01
4.808000e-05	-7.131273e-03	-6.497041e-01
4.809000e-05	-3.930043e-03	-3.257920e-01
4.810000e-05	-3.959275e-03	-8.320789e-02
4.811000e-05	5.641741e-03	2.014974e-01
4.812000e-05	1.192783e-05	4.736844e-01
4.813000e-05	1.428527e-03	7.257896e-01
4.814000e-05	-1.491460e-03	9.690397e-01
4.815000e-05	-2.800796e-03	1.281705e+00
4.816000e-05	-4.117316e-03	1.558001e+00
4.817000e-05	4.121850e-04	1.842654e+00
4.818000e-05	2.477047e-02	2.043654e+00
4.819000e-05	7.874179e-02	2.337311e+00
4.820000e-05	-1.463292e-02	2.706683e+00
4.821000e-05	-5.806935e-02	3.001472e+00
4.822000e-05	-2.897406e-02	3.244150e+00
4.823000e-05	-2.111970e-02	3.556886e+00
4.824000e-05	-7.086414e-02	3.766415e+00
4.825000e-05	-1.254010e-02	3.937794e+00
4.826000e-05	1.092638e-01	4.268602e+00
4.827000e-05	-1.224825e-01	4.538365e+00
4.828000e-05	8.489948e-02	4.776815e+00
4.829000e-05	4.719566e-02	5.094256e+00
4.830000e-05	-7.633157e-02	5.411419e+00
4.831000e-05	4.324835e-02	5.622621e+00
4.832000e-05	-7.632458e-02	5.977308e+00
4.833000e-05	3.403336e-02	6.188886e+00
4.834000e-05	-1.389775e-02	6.462125e+00
4.835000e-05	-1.744017e-02	6.726183e+00
4.836000e-05	2.368095e-02	6.999887e+00
4.837000e-05	-3.848594e-02	7.231095e+00
4.838000e-05	3.285837e-02	7.544654e+00
4.839000e-05	-4.715854e-02	7.776842e+00
4.840000e-05	1.414557e-02	8.082023e+00
4.841000e-05	-1.466006e-02	8.343752e+00
4.842000e-05	-2.384758e-02	8.545278e+00
4.843000e-05	4.123246e-02	8.754255e+00
4.844000e-05	-5.004005e-02	8.958888e+00
4.845000e-05	1.115774e-02	9.200412e+00
4.846000e-05	-3.469760e-02	9.430543e+00
4.847000e-05	1.855641e-02	9.622098e+00
4.848000e-05	-2.183388e-02	9.893046e+00
4.849000e-05	-3.891775e-03	1.008365e+01
4.850000e-05	-1.021387e-02	1.033362e+01
4.851000e-05	-1.408976e-02	1.050423e+01
4.852000e-05	2.235451e-03	1.068522e+01
4.853000e-05	-3.016474e-02	1.093465e+01
4.854000e-05	-7.950425e-03	1.111372e+01
4.855000e-05	-2.423502e-02	1.130520e+01
4.856000e-05	3.912976e-03	1.155365e+01
4.857000e-05	-1.437659e-02	1.173573e+01
4.858000e-05	-7.687704e-03	1.192467e+01
4.859000e-05	-2.221407e-02	1.211270e+01
4.860000e-05	-1.249983e-02	1.230347e+01
4.861000e-05	-1.285053e-02	1.242999e+01
4.862000e-05	-2.015124e-02	1.263734e+01
4.863000e-05	-1.813886e-02	1.274628e+01
4.864000e-05	-2.132808e-02	1.290420e+01
4.865000e-05	-6.196597e-03	1.304097e+01
4.866000e-05	-1.555262e-02	1.320801e+01
4.867000e-05	-1.477269e-02	1.336475e+01
4.868000e-05	-2.673705e-02	1.348114e+01
4.869000e-05	-1.664262e-02	1.360776e+01
4.870000e-05	-1.936291e-02	1.377570e+01
4.871000e-05	-2.037782e-02	1.389199e+01
4.872000e-05	-2.587217e-02	1.400681e+01
4.873000e-05	-2.547624e-02	1.411275e+01
4.874000e-05	-1.715711e-02	1.425994e+01
4.875000e-05	-2.175450e-02	1.435475e+01
4.876000e-05	-2.249848e-02	1.444991e+01
4.877000e-05	-3.017123e-02	1.454273e+01
4.878000e-05	-2.227638e-02	1.464894e+01
4.879000e-05	-2.468423e-02	1.472213e+01
4.880000e-05	-2.543867e-02	1.478576e+01
4.881000e-05	-3.172961e-02	1.486144e+01
4.882000e-05	-3.415325e-02	1.488362e+01
4.883000e-05	-2.852574e-02	1.492576e+01
4.884000e-05	-3.098863e-02	1.499686e+01
4.885000e-05	-3.145719e-02	1.502949e+01
4.886000e-05	-3.696533e-02	1.507099e+01
4.887000e-05	-3.265048e-02	1.511110e+01
4.888000e-05	-3.423012e-02	1.511565e+01
4.889000e-05	-3.502970e-02	1.514385e+01
4.890000e-05	-4.337135e-02	1.519536e+01
4.891000e-05	-4.556696e-02	1.523881e+01
4.892000e-05	-4.302883e-02	1.526751e+01
4.893000e-05	-4.371448e-02	1.522834e+01
4.894000e-05	-4.540269e-02	1.522891e+01
4.895000e-05	-5.069424e-02	1.524436e+01
4.896000e-05	-4.886157e-02	1.518586e+01
4.897000e-05	-5.147251e-02	1.515728e+01
4.898000e-05	-5.314293e-02	1.517418e+01
4.899000e-05	-5.937795e-02	1.513314e+01
4.900000e-05	-6.055162e-02	1.510100e+01
4.901000e-05	-5.788191e-02	1.503897e+01
4.902000e-05	-5.609903e-02	1.501628e+01
4.903000e-05	-5.780059e-02	1.494423e+01
4.904000e-05	-5.993098e-02	1.491212e+01
4.905000e-05	-5.524199e-02	1.485899e+01
4.906000e-05	-5.401949e-02	1.477583e+01
4.907000e-05	-4.923564e-02	1.470257e+01
4.908000e-05	-5.061333e-02	1.463844e+01
4.909000e-05	-4.443436e-02	1.454563e+01
4.910000e-05	-4.317187e-02	1.445749e+01
4.911000e-05	-3.811000e-02	1.437720e+01
4.912000e-05	-3.676765e-02	1.430902e+01
4.913000e-05	-3.885244e-02	1.414225e+01
4.914000e-05	-3.294603e-02	1.402733e+01
4.915000e-05	-3.384091e-02	1.394267e+01
4.916000e-05	-2.751282e-02	1.376421e+01
4.917000e-05	-3.148236e-02	1.366686e+01
4.918000e-05	-2.499387e-02	1.351310e+01
4.919000e-05	-2.400243e-02	1.338626e+01
4.920000e-05	-2.130290e-02	1.327992e+01
4.921000e-05	-2.238603e-02	1.311260e+01
4.922000e-05	-2.450891e-02	1.292474e+01
4.923000e-05	-2.319078e-02	1.281534e+01
4.924000e-05	-2.139362e-02	1.262894e+01
4.925000e-05	-1.922150e-02	1.250263e+01
4.926000e-05	-1.970869e-02	1.235420e+01
4.927000e-05	-1.825302e-02	1.216478e+01
4.928000e-05	-1.599384e-02	1.200733e+01
4.929000e-05	-1.319281e-02	1.178786e+01
4.930000e-05	-1.590742e-02	1.159693e+01
4.931000e-05	-1.607146e-02	1.145689e+01
4.932000e-05	-1.771489e-02	1.118536e+01
4.933000e-05	-1.519065e-02	1.098937e+01
4.934000e-05	-1.431977e-02	1.081939e+01
4.935000e-05	-1.262418e-02	1.060884e+01
4.936000e-05	-1.415139e-02	1.042534e+01
4.937000e-05	-1.288794e-02	1.021839e+01
4.938000e-05	-1.014960e-02	9.976386e+00
4.939000e-05	-9.976780e-03	9.742707e+00
4.940000e-05	-1.180484e-02	9.482629e+00
4.941000e-05	-1.441936e-02	9.313728e+00
4.942000e-05	-1.330671e-02	9.093050e+00
4.943000e-05	-1.047015e-02	8.829447e+00
4.944000e-05	-9.826126e-03	8.617943e+00
4.945000e-05	-1.099159e-02	8.406917e+00
4.946000e-05	-1.104201e-02	8.164786e+00
4.947000e-05	-9.674657e-03	7.921656e+00
4.948000e-05	-8.385595e-03	7.690551e+00
4.949000e-05	-9.452678e-03	7.396293e+00
4.950000e-05	-1.093678e-02	7.115310e+00
4.951000e-05	-1.079951e-02	6.893658e+00
4.952000e-05	-7.490152e-03	6.640496e+00
4.953000e-05	-8.509705e-03	6.386266e+00
4.954000e-05	-9.441397e-03	6.143182e+00
4.955000e-05	-9.963878e-03	5.869508e+00
4.956000e-05	-7.967685e-03	5.617392e+00
4.957000e-05	-6.739334e-03	5.354182e+00
4.958000e-05	-7.239677e-03	4.988871e+00
4.959000e-05	-7.886287e-03	4.693134e+00
4.960000e-05	-8.628272e-03	4.470503e+00
4.961000e-05	-6.913430e-03	4.175945e+00
4.962000e-05	-6.541451e-03	3.863734e+00
4.963000e-05	-8.098414e-03	3.610028e+00
4.964000e-05	-8.257150e-03	3.375825e+00
4.965000e-05	-6.487253e-03	3.051558e+00
4.966000e-05	-5.439452e-03	2.839524e+00
4.967000e-05	-5.530993e-03	2.502614e+00
4.968000e-05	-6.726779e-03	2.200525e+00
4.969000e-05	-7.183653e-03	1.969922e+00
4.970000e-05	-5.881070e-03	1.703588e+00
4.971000e-05	-5.670225e-03	1.369422e+00
4.972000e-05	-6.064604e-03	1.102234e+00
4.973000e-05	-6.474495e-03	7.789024e-01
4.974000e-05	-5.370231e-03	5.032157e-01
4.975000e-05	-3.200725e-03	2.090551e-01
4.976000e-05	-1.657255e-03	-7.267917e-02
4.977000e-05	5.940857e-03	-3.258120e-01
4.978000e-05	5.409657e-04	-5.719425e-01
4.979000e-05	-4.291445e-04	-8.732303e-01
4.980000e-05	-1.332960e-03	-1.097311e+00
4.981000e-05	-1.320016e-03	-1.452595e+00
4.982000e-05	-3.666182e-03	-1.664680e+00
4.983000e-05	1.338448e-02	-1.905711e+00
4.984000e-05	7.241495e-02	-2.116812e+00
4.985000e-05	5.157334e-02	-2.524802e+00
4.986000e-05	-7.585197e-02	-2.925307e+00
4.987000e-05	-2.376322e-03	-3.244225e+00
4.988000e-05	-5.136534e-02	-3.453155e+00
4.989000e-05	-5.698842e-02	-3.664674e+00
4.990000e-05	1.436821e-02	-3.903104e+00
4.991000e-05	1.205952e-01	-4.073248e+00
4.992000e-05	-1.709974e-01	-4.399964e+00
4.993000e-05	1.741022e-01	-4.632548e+00
4.994000e-05	-7.921987e-02	-4.895729e+00
4.995000e-05	3.094151e-02	-5.273519e+00
4.996000e-05	4.854639e-02	-5.545704e+00
4.997000e-05	-1.550122e-01	-5.810568e+00
4.998000e-05	1.138627e-01	-6.031489e+00
4.999000e-05	-6.418395e-02	-6.345632e+00
