# 260612_13:33:11.961880
t	CH1	CH2
0.000000e+00	1.396168e-04	-2.190563e-01
1.000000e-08	7.676912e-03	-4.436577e-01
2.000000e-08	-6.291014e-03	-7.577946e-01
3.000000e-08	4.798648e-03	-1.008525e+00
4.000000e-08	-4.921003e-03	-1.313809e+00
5.000000e-08	2.181299e-03	-1.607446e+00
6.000000e-08	-2.449321e-03	-1.829554e+00
7.000000e-08	4.098606e-02	-2.010626e+00
8.000000e-08	1.079910e-01	-2.346842e+00
9.000000e-08	-7.139963e-02	-2.704791e+00
1.000000e-07	-1.245629e-02	-3.095339e+00
1.100000e-07	-4.825926e-02	-3.398547e+00
1.200000e-07	-2.809603e-02	-3.567443e+00
1.300000e-07	-8.594009e-02	-3.819030e+00
1.400000e-07	1.858417e-01	-3.926846e+00
1.500000e-07	-1.347291e-01	-4.282080e+00
1.600000e-07	6.754779e-02	-4.505862e+00
1.700000e-07	8.639359e-02	-4.795392e+00
1.800000e-07	-1.227506e-01	-5.125812e+00
1.900000e-07	1.593783e-01	-5.379496e+00
2.000000e-07	-1.624621e-01	-5.702613e+00
2.100000e-07	2.839351e-02	-5.956842e+00
2.200000e-07	4.451100e-02	-6.156319e+00
2.300000e-07	-6.981692e-02	-6.474233e+00
2.400000e-07	1.434729e-01	-6.758239e+00
2.500000e-07	-1.348120e-01	-6.999971e+00
2.600000e-07	1.020116e-01	-7.294734e+00
2.700000e-07	-3.860620e-02	-7.516211e+00
2.800000e-07	2.290936e-04	-7.837627e+00
2.900000e-07	6.112126e-02	-8.054055e+00
3.000000e-07	-1.290600e-01	-8.324810e+00
3.100000e-07	1.584472e-01	-8.537793e+00
3.200000e-07	-9.466988e-02	-8.760946e+00
3.300000e-07	8.280325e-02	-9.052552e+00
3.400000e-07	-5.944953e-02	-9.220548e+00
3.500000e-07	7.712116e-03	-9.504256e+00
3.600000e-07	5.001235e-02	-9.685708e+00
3.700000e-07	-3.704451e-02	-9.945736e+00
3.800000e-07	7.634578e-02	-1.011576e+01
3.900000e-07	-8.203390e-02	-1.038781e+01
4.000000e-07	8.707004e-02	-1.056734e+01
4.100000e-07	-4.570713e-02	-1.074882e+01
4.200000e-07	4.739248e-02	-1.097947e+01
4.300000e-07	-3.644396e-02	-1.116734e+01
4.400000e-07	1.341422e-02	-1.134981e+01
4.500000e-07	2.788751e-02	-1.156785e+01
4.600000e-07	1.077447e-02	-1.181092e+01
4.700000e-07	2.697740e-02	-1.199682e+01
4.800000e-07	-2.621178e-02	-1.220987e+01
4.900000e-07	3.692930e-02	-1.232819e+01
5.000000e-07	-9.897424e-03	-1.249576e+01
5.100000e-07	3.036864e-02	-1.269308e+01
5.200000e-07	-1.894689e-02	-1.286145e+01
5.300000e-07	2.384843e-02	-1.301032e+01
5.400000e-07	1.360770e-02	-1.312573e+01
5.500000e-07	3.185631e-02	-1.329458e+01
5.600000e-07	5.836736e-03	-1.345202e+01
5.700000e-07	5.538059e-03	-1.354884e+01
5.800000e-07	1.222898e-02	-1.367355e+01
5.900000e-07	2.090607e-02	-1.381089e+01
6.000000e-07	1.620457e-02	-1.393724e+01
6.100000e-07	6.978608e-03	-1.406408e+01
6.200000e-07	1.359262e-02	-1.419082e+01
6.300000e-07	2.321266e-02	-1.433558e+01
6.400000e-07	2.865433e-02	-1.439089e+01
6.500000e-07	1.478401e-02	-1.448556e+01
6.600000e-07	1.471061e-02	-1.459037e+01
6.700000e-07	1.615231e-02	-1.468250e+01
6.800000e-07	2.962676e-02	-1.472929e+01
6.900000e-07	2.159162e-02	-1.477345e+01
7.000000e-07	1.789319e-02	-1.494808e+01
7.100000e-07	1.511259e-02	-1.500039e+01
7.200000e-07	2.810059e-02	-1.507240e+01
7.300000e-07	3.072914e-02	-1.510605e+01
7.400000e-07	2.604051e-02	-1.509721e+01
7.500000e-07	2.187259e-02	-1.513781e+01
7.600000e-07	2.682074e-02	-1.525084e+01
7.700000e-07	3.664158e-02	-1.524195e+01
7.800000e-07	3.357105e-02	-1.524403e+01
7.900000e-07	2.811513e-02	-1.530506e+01
8.000000e-07	2.587189e-02	-1.528523e+01
8.100000e-07	3.649288e-02	-1.531666e+01
8.200000e-07	4.343185e-02	-1.530671e+01
8.300000e-07	4.042916e-02	-1.531876e+01
8.400000e-07	3.660386e-02	-1.533863e+01
8.500000e-07	4.029511e-02	-1.529460e+01
8.600000e-07	5.055415e-02	-1.529550e+01
8.700000e-07	5.055127e-02	-1.527353e+01
8.800000e-07	4.387144e-02	-1.523142e+01
8.900000e-07	4.242851e-02	-1.518934e+01
9.000000e-07	5.156812e-02	-1.518026e+01
9.100000e-07	5.703383e-02	-1.512663e+01
9.200000e-07	5.266065e-02	-1.506502e+01
9.300000e-07	4.451802e-02	-1.504347e+01
9.400000e-07	4.482997e-02	-1.496923e+01
9.500000e-07	4.990327e-02	-1.490665e+01
9.600000e-07	4.887135e-02	-1.480087e+01
9.700000e-07	3.910459e-02	-1.472718e+01
9.800000e-07	3.345580e-02	-1.467447e+01
9.900000e-07	3.456916e-02	-1.457874e+01
1.000000e-06	3.751699e-02	-1.448563e+01
1.010000e-06	3.315034e-02	-1.440934e+01
1.020000e-06	2.398723e-02	-1.429607e+01
1.030000e-06	2.160775e-02	-1.416929e+01
1.040000e-06	2.531708e-02	-1.401347e+01
1.050000e-06	2.728940e-02	-1.394663e+01
1.060000e-06	2.006052e-02	-1.379134e+01
1.070000e-06	1.348270e-02	-1.367302e+01
1.080000e-06	1.507592e-02	-1.349768e+01
1.090000e-06	1.949831e-02	-1.340139e+01
1.100000e-06	1.847087e-02	-1.322292e+01
1.110000e-06	1.164814e-02	-1.312508e+01
1.120000e-06	7.700368e-03	-1.295784e+01
1.130000e-06	1.206887e-02	-1.283232e+01
1.140000e-06	1.568659e-02	-1.265448e+01
1.150000e-06	1.173935e-02	-1.249756e+01
1.160000e-06	5.852526e-03	-1.227666e+01
1.170000e-06	5.010268e-03	-1.214776e+01
1.180000e-06	1.036805e-02	-1.198929e+01
1.190000e-06	1.029378e-02	-1.178979e+01
1.200000e-06	5.830489e-03	-1.153971e+01
1.210000e-06	1.824269e-03	-1.133967e+01
1.220000e-06	4.924887e-03	-1.110811e+01
1.230000e-06	7.910493e-03	-1.092666e+01
1.240000e-06	6.611780e-03	-1.075929e+01
1.250000e-06	2.135575e-03	-1.057871e+01
1.260000e-06	2.081039e-03	-1.035781e+01
1.270000e-06	3.687833e-03	-1.008558e+01
1.280000e-06	5.450003e-03	-9.925133e+00
1.290000e-06	1.480723e-03	-9.665137e+00
1.300000e-06	-5.623516e-04	-9.505084e+00
1.310000e-06	5.823450e-04	-9.211972e+00
1.320000e-06	3.923844e-03	-9.022946e+00
1.330000e-06	2.365636e-03	-8.772421e+00
1.340000e-06	-1.027469e-03	-8.571862e+00
1.350000e-06	-1.660781e-03	-8.315738e+00
1.360000e-06	1.158002e-03	-8.084184e+00
1.370000e-06	1.656770e-03	-7.834029e+00
1.380000e-06	-1.071032e-03	-7.568739e+00
1.390000e-06	-2.407202e-03	-7.325707e+00
1.400000e-06	-2.249676e-03	-7.043056e+00
1.410000e-06	4.810048e-04	-6.760418e+00
1.420000e-06	-1.813827e-03	-6.536239e+00
1.430000e-06	-2.226808e-03	-6.255629e+00
1.440000e-06	-5.146750e-03	-5.991975e+00
1.450000e-06	-4.942446e-04	-5.729767e+00
1.460000e-06	-1.693971e-03	-5.444557e+00
1.470000e-06	-1.760281e-03	-5.209817e+00
1.480000e-06	-6.107386e-03	-4.875034e+00
1.490000e-06	-2.710871e-03	-4.589341e+00
1.500000e-06	-3.389507e-03	-4.349768e+00
1.510000e-06	-1.356908e-03	-4.136662e+00
1.520000e-06	-6.902295e-03	-3.791447e+00
1.530000e-06	-5.003125e-03	-3.548266e+00
1.540000e-06	-5.543247e-03	-3.262605e+00
1.550000e-06	-2.197182e-03	-3.010422e+00
1.560000e-06	-5.202024e-03	-2.695759e+00
1.570000e-06	-5.637950e-03	-2.403080e+00
1.580000e-06	-5.724428e-03	-2.146716e+00
1.590000e-06	-3.592661e-03	-1.853657e+00
1.600000e-06	-5.028235e-03	-1.630050e+00
1.610000e-06	-7.973494e-03	-1.276129e+00
1.620000e-06	-7.450389e-03	-9.998984e-01
1.630000e-06	-6.627780e-03	-6.846405e-01
1.640000e-06	-3.981814e-03	-3.899963e-01
1.650000e-06	-5.061200e-03	-1.362395e-01
1.660000e-06	2.115987e-03	1.359117e-01
1.670000e-06	2.151559e-03	4.200552e-01
1.680000e-06	9.156048e-05	6.426328e-01
1.690000e-06	7.860328e-04	9.247670e-01
1.700000e-06	-5.395055e-03	1.239002e+00
1.710000e-06	-3.488454e-03	1.494689e+00
1.720000e-06	-4.293342e-03	1.829451e+00
1.730000e-06	2.135285e-02	2.000076e+00
1.740000e-06	7.218100e-02	2.283710e+00
1.750000e-06	1.837049e-02	2.631525e+00
1.760000e-06	-7.208107e-02	2.926291e+00
1.770000e-06	-2.345114e-02	3.249453e+00
1.780000e-06	-2.849434e-02	3.513784e+00
1.790000e-06	-5.714283e-02	3.735788e+00
1.800000e-06	-4.657021e-02	3.905236e+00
1.810000e-06	1.235404e-01	4.156863e+00
1.820000e-06	-1.000075e-01	4.493708e+00
1.830000e-06	3.122095e-02	4.706134e+00
1.840000e-06	1.076422e-01	5.010479e+00
1.850000e-06	-1.064445e-01	5.335845e+00
1.860000e-06	6.279935e-02	5.599448e+00
1.870000e-06	-7.969787e-02	5.923178e+00
1.880000e-06	2.061090e-02	6.155839e+00
1.890000e-06	5.913590e-03	6.388446e+00
1.900000e-06	-3.814486e-02	6.695158e+00
1.910000e-06	3.740833e-02	6.936364e+00
1.920000e-06	-4.700828e-02	7.180967e+00
1.930000e-06	3.644151e-02	7.431505e+00
1.940000e-06	-4.312559e-02	7.735192e+00
1.950000e-06	3.721555e-03	8.039021e+00
1.960000e-06	2.838026e-03	8.254625e+00
1.970000e-06	-4.101055e-02	8.463707e+00
1.980000e-06	5.082465e-02	8.663154e+00
1.990000e-06	-4.933997e-02	8.904263e+00
2.000000e-06	7.223038e-03	9.158793e+00
2.010000e-06	-3.342937e-02	9.347369e+00
2.020000e-06	1.133083e-02	9.606920e+00
2.030000e-06	-1.548445e-02	9.832545e+00
2.040000e-06	-7.739215e-03	1.002360e+01
2.050000e-06	-4.048532e-03	1.025250e+01
2.060000e-06	-1.814476e-02	1.043208e+01
2.070000e-06	3.673401e-03	1.066358e+01
2.080000e-06	-2.641465e-02	1.090408e+01
2.090000e-06	-1.061086e-02	1.106158e+01
2.100000e-06	-2.497431e-02	1.129353e+01
2.110000e-06	-4.236322e-04	1.150460e+01
2.120000e-06	-1.280407e-02	1.172666e+01
2.130000e-06	-5.255981e-03	1.187413e+01
2.140000e-06	-1.930031e-02	1.202260e+01
2.150000e-06	-1.215117e-02	1.224202e+01
2.160000e-06	-1.401389e-02	1.237942e+01
2.170000e-06	-1.946902e-02	1.258032e+01
2.180000e-06	-1.902550e-02	1.268563e+01
2.190000e-06	-2.190151e-02	1.286263e+01
2.200000e-06	-9.359293e-03	1.301952e+01
2.210000e-06	-1.615301e-02	1.315837e+01
2.220000e-06	-1.182227e-02	1.333618e+01
2.230000e-06	-2.630554e-02	1.344152e+01
2.240000e-06	-1.714881e-02	1.356942e+01
2.250000e-06	-2.198802e-02	1.366576e+01
2.260000e-06	-1.856787e-02	1.386358e+01
2.270000e-06	-2.514922e-02	1.398826e+01
2.280000e-06	-2.420582e-02	1.412609e+01
2.290000e-06	-1.899592e-02	1.423397e+01
2.300000e-06	-2.230002e-02	1.435769e+01
2.310000e-06	-2.008716e-02	1.447197e+01
2.320000e-06	-3.032254e-02	1.454618e+01
2.330000e-06	-2.266875e-02	1.461187e+01
2.340000e-06	-2.749038e-02	1.467411e+01
2.350000e-06	-2.412550e-02	1.476981e+01
2.360000e-06	-3.045503e-02	1.482997e+01
2.370000e-06	-3.109026e-02	1.485618e+01
2.380000e-06	-3.089950e-02	1.491766e+01
2.390000e-06	-3.117165e-02	1.497036e+01
2.400000e-06	-3.067850e-02	1.502144e+01
2.410000e-06	-3.516786e-02	1.505305e+01
2.420000e-06	-3.336507e-02	1.511509e+01
2.430000e-06	-3.637796e-02	1.512771e+01
2.440000e-06	-3.387992e-02	1.512974e+01
2.450000e-06	-4.051555e-02	1.518127e+01
2.460000e-06	-4.275895e-02	1.516035e+01
2.470000e-06	-4.459335e-02	1.522392e+01
2.480000e-06	-4.497403e-02	1.520294e+01
2.490000e-06	-4.423268e-02	1.519237e+01
2.500000e-06	-4.848753e-02	1.519188e+01
2.510000e-06	-4.945510e-02	1.520192e+01
2.520000e-06	-5.348358e-02	1.516989e+01
2.530000e-06	-5.229885e-02	1.513866e+01
2.540000e-06	-5.660050e-02	1.513673e+01
2.550000e-06	-5.877335e-02	1.509665e+01
2.560000e-06	-5.834197e-02	1.502200e+01
2.570000e-06	-5.737719e-02	1.497037e+01
2.580000e-06	-5.609807e-02	1.493927e+01
2.590000e-06	-5.775617e-02	1.487718e+01
2.600000e-06	-5.634325e-02	1.487345e+01
2.610000e-06	-5.475260e-02	1.478982e+01
2.620000e-06	-5.049486e-02	1.471764e+01
2.630000e-06	-4.915964e-02	1.464208e+01
2.640000e-06	-4.613468e-02	1.455082e+01
2.650000e-06	-4.354043e-02	1.448400e+01
2.660000e-06	-3.990834e-02	1.442132e+01
2.670000e-06	-3.660177e-02	1.427558e+01
2.680000e-06	-3.606396e-02	1.414879e+01
2.690000e-06	-3.414679e-02	1.407247e+01
2.700000e-06	-3.338542e-02	1.392916e+01
2.710000e-06	-2.792296e-02	1.384042e+01
2.720000e-06	-3.008226e-02	1.368500e+01
2.730000e-06	-2.502193e-02	1.352623e+01
2.740000e-06	-2.684566e-02	1.340044e+01
2.750000e-06	-2.447151e-02	1.325458e+01
2.760000e-06	-2.266145e-02	1.312876e+01
2.770000e-06	-2.330976e-02	1.300035e+01
2.780000e-06	-1.842136e-02	1.285293e+01
2.790000e-06	-2.009429e-02	1.265563e+01
2.800000e-06	-1.897992e-02	1.254871e+01
2.810000e-06	-1.795027e-02	1.239026e+01
2.820000e-06	-2.123816e-02	1.220044e+01
2.830000e-06	-1.785050e-02	1.199089e+01
2.840000e-06	-2.079105e-02	1.185092e+01
2.850000e-06	-1.686899e-02	1.163291e+01
2.860000e-06	-1.524813e-02	1.143250e+01
2.870000e-06	-1.502906e-02	1.119140e+01
2.880000e-06	-1.244649e-02	1.104400e+01
2.890000e-06	-1.348671e-02	1.086308e+01
2.900000e-06	-1.280816e-02	1.065400e+01
2.910000e-06	-1.541251e-02	1.047252e+01
2.920000e-06	-1.403244e-02	1.022202e+01
2.930000e-06	-1.478750e-02	9.991498e+00
2.940000e-06	-1.347393e-02	9.751417e+00
2.950000e-06	-1.182206e-02	9.557638e+00
2.960000e-06	-1.043785e-02	9.359316e+00
2.970000e-06	-1.090477e-02	9.126739e+00
2.980000e-06	-1.132609e-02	8.895633e+00
2.990000e-06	-1.116564e-02	8.693583e+00
3.000000e-06	-1.006865e-02	8.484000e+00
3.010000e-06	-1.131384e-02	8.211476e+00
3.020000e-06	-1.360714e-02	7.938893e+00
3.030000e-06	-1.134592e-02	7.716183e+00
3.040000e-06	-9.814027e-03	7.423454e+00
3.050000e-06	-7.198650e-03	7.159391e+00
3.060000e-06	-8.847677e-03	6.966739e+00
3.070000e-06	-8.511656e-03	6.705160e+00
3.080000e-06	-8.835266e-03	6.402894e+00
3.090000e-06	-7.598576e-03	6.169792e+00
3.100000e-06	-8.783004e-03	5.887262e+00
3.110000e-06	-1.067484e-02	5.644004e+00
3.120000e-06	-1.040001e-02	5.389396e+00
3.130000e-06	-8.238823e-03	5.035058e+00
3.140000e-06	-6.849466e-03	4.759789e+00
3.150000e-06	-7.193916e-03	4.525184e+00
3.160000e-06	-6.998387e-03	4.232079e+00
3.170000e-06	-7.057819e-03	3.959270e+00
3.180000e-06	-5.573557e-03	3.703732e+00
3.190000e-06	-6.915232e-03	3.420551e+00
3.200000e-06	-7.762227e-03	3.106810e+00
3.210000e-06	-7.742600e-03	2.865656e+00
3.220000e-06	-6.980911e-03	2.590895e+00
3.230000e-06	-6.154776e-03	2.275683e+00
3.240000e-06	-6.223769e-03	2.033501e+00
3.250000e-06	-6.358747e-03	1.738745e+00
3.260000e-06	-5.627770e-03	1.442579e+00
3.270000e-06	-4.658494e-03	1.169870e+00
3.280000e-06	-4.920943e-03	8.225300e-01
3.290000e-06	-5.312620e-03	5.389422e-01
3.300000e-06	-6.320768e-03	3.252118e-01
3.310000e-06	-4.255876e-03	1.999631e-02
3.320000e-06	1.964866e-03	-2.826805e-01
3.330000e-06	3.801079e-03	-5.258696e-01
3.340000e-06	-3.587143e-03	-8.096564e-01
3.350000e-06	1.264480e-03	-1.042235e+00
3.360000e-06	-1.197432e-03	-1.367947e+00
3.370000e-06	1.038284e-03	-1.650106e+00
3.380000e-06	4.929511e-03	-1.902686e+00
3.390000e-06	5.371733e-02	-2.072138e+00
3.400000e-06	8.704303e-02	-2.379003e+00
3.410000e-06	-8.806217e-02	-2.789530e+00
3.420000e-06	3.259279e-03	-3.190581e+00
3.430000e-06	-5.873476e-02	-3.431530e+00
3.440000e-06	-3.965544e-02	-3.620529e+00
3.450000e-06	-4.191603e-02	-3.871051e+00
3.460000e-06	1.800630e-01	-4.031047e+00
3.470000e-06	-1.830778e-01	-4.325361e+00
3.480000e-06	1.472544e-01	-4.496521e+00
3.490000e-06	-3.732586e-02	-4.860551e+00
3.500000e-06	-3.248906e-02	-5.179446e+00
3.510000e-06	1.118388e-01	-5.463120e+00
3.520000e-06	-1.867514e-01	-5.777869e+00
3.530000e-06	9.789779e-02	-5.990498e+00
3.540000e-06	-2.791389e-02	-6.223104e+00
3.550000e-06	1.894709e-03	-6.556214e+00
3.560000e-06	9.621704e-02	-6.758895e+00
3.570000e-06	-1.280542e-01	-7.074681e+00
3.580000e-06	1.389132e-01	-7.326843e+00
3.590000e-06	-1.043590e-01	-7.600018e+00
3.600000e-06	7.723467e-02	-7.935735e+00
3.610000e-06	-2.542183e-02	-8.125808e+00
3.620000e-06	-5.838419e-02	-8.387919e+00
3.630000e-06	1.296899e-01	-8.609895e+00
3.640000e-06	-1.025645e-01	-8.872654e+00
3.650000e-06	1.118364e-01	-9.083207e+00
3.660000e-06	-1.061703e-01	-9.263684e+00
3.670000e-06	7.421734e-02	-9.526396e+00
3.680000e-06	-9.676509e-03	-9.738292e+00
3.690000e-06	1.351341e-02	-9.978867e+00
3.700000e-06	2.829584e-02	-1.018792e+01
3.710000e-06	-5.428349e-02	-1.039097e+01
3.720000e-06	7.774917e-02	-1.060947e+01
3.730000e-06	-4.961754e-02	-1.080997e+01
3.740000e-06	6.231425e-02	-1.102150e+01
3.750000e-06	-5.658791e-02	-1.122140e+01
3.760000e-06	4.548134e-02	-1.142140e+01
3.770000e-06	8.609889e-04	-1.161197e+01
3.780000e-06	3.082824e-02	-1.184150e+01
3.790000e-06	1.194146e-03	-1.203102e+01
3.800000e-06	-7.485147e-03	-1.221084e+01
3.810000e-06	2.601478e-02	-1.233785e+01
3.820000e-06	5.718026e-04	-1.254934e+01
3.830000e-06	2.668004e-02	-1.273666e+01
3.840000e-06	-1.591497e-02	-1.285408e+01
3.850000e-06	2.833590e-02	-1.303145e+01
3.860000e-06	1.125546e-02	-1.312781e+01
3.870000e-06	3.246387e-02	-1.332816e+01
3.880000e-06	-1.922062e-03	-1.344395e+01
3.890000e-06	1.023465e-02	-1.358987e+01
3.900000e-06	1.029465e-02	-1.372718e+01
3.910000e-06	2.423574e-02	-1.384255e+01
3.920000e-06	1.165394e-02	-1.391989e+01
3.930000e-06	1.071296e-02	-1.416656e+01
3.940000e-06	1.222269e-02	-1.420049e+01
3.950000e-06	2.686818e-02	-1.433724e+01
3.960000e-06	2.364056e-02	-1.443140e+01
3.970000e-06	1.462014e-02	-1.451624e+01
3.980000e-06	1.234268e-02	-1.462092e+01
3.990000e-06	2.003548e-02	-1.469456e+01
4.000000e-06	2.865719e-02	-1.473939e+01
4.010000e-06	2.108465e-02	-1.482600e+01
4.020000e-06	1.730435e-02	-1.493528e+01
4.030000e-06	1.674788e-02	-1.499989e+01
4.040000e-06	3.056921e-02	-1.506342e+01
4.050000e-06	2.893440e-02	-1.509613e+01
4.060000e-06	2.503345e-02	-1.514719e+01
4.070000e-06	2.172386e-02	-1.517882e+01
4.080000e-06	2.900913e-02	-1.521887e+01
4.090000e-06	3.604119e-02	-1.527592e+01
4.100000e-06	3.244166e-02	-1.529703e+01
4.110000e-06	2.795831e-02	-1.525561e+01
4.120000e-06	2.849805e-02	-1.529666e+01
4.130000e-06	3.839346e-02	-1.531626e+01
4.140000e-06	4.159046e-02	-1.531621e+01
4.150000e-06	3.960260e-02	-1.532764e+01
4.160000e-06	3.734820e-02	-1.529658e+01
4.170000e-06	4.217194e-02	-1.527811e+01
4.180000e-06	4.946432e-02	-1.523513e+01
4.190000e-06	4.805947e-02	-1.525200e+01
4.200000e-06	4.491657e-02	-1.522242e+01
4.210000e-06	4.535283e-02	-1.520129e+01
4.220000e-06	5.184853e-02	-1.518821e+01
4.230000e-06	5.486681e-02	-1.507410e+01
4.240000e-06	5.129179e-02	-1.503347e+01
4.250000e-06	4.567449e-02	-1.501189e+01
4.260000e-06	4.642709e-02	-1.497876e+01
4.270000e-06	4.766536e-02	-1.490403e+01
4.280000e-06	4.578822e-02	-1.477132e+01
4.290000e-06	3.909754e-02	-1.471511e+01
4.300000e-06	3.553182e-02	-1.464287e+01
4.310000e-06	3.584673e-02	-1.452874e+01
4.320000e-06	3.553399e-02	-1.443343e+01
4.330000e-06	3.049198e-02	-1.435024e+01
4.340000e-06	2.457761e-02	-1.425298e+01
4.350000e-06	2.301204e-02	-1.412971e+01
4.360000e-06	2.490017e-02	-1.401337e+01
4.370000e-06	2.369778e-02	-1.389653e+01
4.380000e-06	1.848462e-02	-1.373829e+01
4.390000e-06	1.563841e-02	-1.359395e+01
4.400000e-06	1.749216e-02	-1.351503e+01
4.410000e-06	1.836007e-02	-1.337931e+01
4.420000e-06	1.525883e-02	-1.321234e+01
4.430000e-06	1.104526e-02	-1.306455e+01
4.440000e-06	1.051009e-02	-1.291669e+01
4.450000e-06	1.282583e-02	-1.274882e+01
4.460000e-06	1.274612e-02	-1.262187e+01
4.470000e-06	9.732176e-03	-1.243350e+01
4.480000e-06	6.929298e-03	-1.228458e+01
4.490000e-06	7.968175e-03	-1.210718e+01
4.500000e-06	8.892448e-03	-1.192813e+01
4.510000e-06	7.638892e-03	-1.169768e+01
4.520000e-06	4.446759e-03	-1.150563e+01
4.530000e-06	3.602715e-03	-1.129606e+01
4.540000e-06	5.775736e-03	-1.107358e+01
4.550000e-06	6.850805e-03	-1.088358e+01
4.560000e-06	4.860867e-03	-1.067611e+01
4.570000e-06	2.955291e-03	-1.051651e+01
4.580000e-06	2.951105e-03	-1.029711e+01
4.590000e-06	3.881263e-03	-1.005347e+01
4.600000e-06	3.919276e-03	-9.823052e+00
4.610000e-06	1.176942e-03	-9.632522e+00
4.620000e-06	1.049648e-04	-9.373895e+00
4.630000e-06	1.238539e-03	-9.190842e+00
4.640000e-06	2.426908e-03	-9.001417e+00
4.650000e-06	8.079405e-04	-8.759288e+00
4.660000e-06	-2.744146e-04	-8.486129e+00
4.670000e-06	-8.435319e-04	-8.254581e+00
4.680000e-06	8.233040e-04	-8.020955e+00
4.690000e-06	1.142971e-03	-7.770818e+00
4.700000e-06	-1.371927e-03	-7.446609e+00
4.710000e-06	-3.201194e-03	-7.233427e+00
4.720000e-06	-1.692222e-03	-6.951397e+00
4.730000e-06	1.385894e-03	-6.707688e+00
4.740000e-06	-1.892724e-03	-6.474604e+00
4.750000e-06	-3.177585e-03	-6.232520e+00
4.760000e-06	-5.446880e-03	-5.978317e+00
4.770000e-06	-7.651169e-04	-5.705633e+00
4.780000e-06	-2.347586e-03	-5.443470e+00
4.790000e-06	-2.134018e-03	-5.136739e+00
4.800000e-06	-5.789393e-03	-4.768767e+00
4.810000e-06	-2.738465e-03	-4.527288e+00
4.820000e-06	-3.389173e-03	-4.294159e+00
4.830000e-06	-3.751014e-03	-4.031526e+00
4.840000e-06	-6.789184e-03	-3.740241e+00
4.850000e-06	-6.541159e-03	-3.486135e+00
4.860000e-06	-4.554343e-03	-3.191501e+00
4.870000e-06	-3.356129e-03	-2.905660e+00
4.880000e-06	-4.635381e-03	-2.633577e+00
4.890000e-06	-5.337427e-03	-2.386849e+00
4.900000e-06	-3.840218e-03	-2.074159e+00
4.910000e-06	-3.803505e-03	-1.850953e+00
4.920000e-06	-5.758571e-03	-1.517867e+00
4.930000e-06	-8.168741e-03	-1.158973e+00
4.940000e-06	-6.867071e-03	-8.967367e-01
4.950000e-06	-6.422952e-03	-6.310516e-01
4.960000e-06	-4.315160e-03	-3.677410e-01
4.970000e-06	-4.273368e-03	-8.463191e-02
4.980000e-06	5.820105e-03	2.505001e-01
4.990000e-06	-1.579056e-03	4.747117e-01
5.000000e-06	3.272837e-03	7.253632e-01
5.010000e-06	-3.730206e-03	1.009942e+00
5.020000e-06	-2.313744e-03	1.262234e+00
5.030000e-06	-4.501189e-03	1.578942e+00
5.040000e-06	2.005992e-03	1.810608e+00
5.050000e-06	2.318653e-02	2.073083e+00
5.060000e-06	8.688820e-02	2.367766e+00
5.070000e-06	-3.017296e-02	2.743332e+00
5.080000e-06	-4.881106e-02	3.038498e+00
5.090000e-06	-3.457881e-02	3.251634e+00
5.100000e-06	-1.494072e-02	3.576838e+00
5.110000e-06	-8.318214e-02	3.770392e+00
5.120000e-06	-9.839287e-04	3.976367e+00
5.130000e-06	1.155995e-01	4.273126e+00
5.140000e-06	-1.486665e-01	4.536369e+00
5.150000e-06	1.219856e-01	4.768391e+00
5.160000e-06	1.577336e-02	5.127483e+00
5.170000e-06	-5.951300e-02	5.389553e+00
5.180000e-06	3.945269e-02	5.632610e+00
5.190000e-06	-8.031500e-02	5.956864e+00
5.200000e-06	4.285167e-02	6.168450e+00
5.210000e-06	-1.849827e-02	6.444706e+00
5.220000e-06	-1.567493e-02	6.786338e+00
5.230000e-06	1.972708e-02	6.978972e+00
5.240000e-06	-4.041619e-02	7.312629e+00
5.250000e-06	3.676024e-02	7.526763e+00
5.260000e-06	-5.581890e-02	7.778996e+00
5.270000e-06	2.592998e-02	8.073176e+00
5.280000e-06	-2.176533e-02	8.315208e+00
5.290000e-06	-1.735529e-02	8.495265e+00
5.300000e-06	4.123574e-02	8.767760e+00
5.310000e-06	-6.000229e-02	9.017891e+00
5.320000e-06	1.711811e-02	9.181446e+00
5.330000e-06	-4.474507e-02	9.411475e+00
5.340000e-06	2.580101e-02	9.671604e+00
5.350000e-06	-2.574602e-02	9.894156e+00
5.360000e-06	2.434149e-03	1.010476e+01
5.370000e-06	-9.881541e-03	1.030416e+01
5.380000e-06	-1.294384e-02	1.052729e+01
5.390000e-06	2.521412e-03	1.071723e+01
5.400000e-06	-3.585890e-02	1.093781e+01
5.410000e-06	-6.400878e-03	1.112476e+01
5.420000e-06	-2.952226e-02	1.131621e+01
5.430000e-06	8.698681e-03	1.155726e+01
5.440000e-06	-1.685030e-02	1.174879e+01
5.450000e-06	-4.247483e-03	1.193668e+01
5.460000e-06	-2.130022e-02	1.205518e+01
5.470000e-06	-1.143438e-02	1.226560e+01
5.480000e-06	-1.456108e-02	1.244445e+01
5.490000e-06	-2.352164e-02	1.261942e+01
5.500000e-06	-1.866566e-02	1.274626e+01
5.510000e-06	-2.307344e-02	1.292671e+01
5.520000e-06	-4.154855e-03	1.305460e+01
5.530000e-06	-1.685907e-02	1.318937e+01
5.540000e-06	-1.101253e-02	1.332889e+01
5.550000e-06	-2.657430e-02	1.348558e+01
5.560000e-06	-1.681219e-02	1.358144e+01
5.570000e-06	-2.187445e-02	1.371881e+01
5.580000e-06	-2.225266e-02	1.390460e+01
5.590000e-06	-2.527836e-02	1.397040e+01
5.600000e-06	-2.524191e-02	1.409868e+01
5.610000e-06	-1.708308e-02	1.425398e+01
5.620000e-06	-2.215049e-02	1.437979e+01
5.630000e-06	-2.051300e-02	1.446297e+01
5.640000e-06	-2.864414e-02	1.456724e+01
5.650000e-06	-2.207197e-02	1.463142e+01
5.660000e-06	-2.654063e-02	1.470563e+01
5.670000e-06	-2.664596e-02	1.481982e+01
5.680000e-06	-3.051829e-02	1.484150e+01
5.690000e-06	-3.324164e-02	1.489713e+01
5.700000e-06	-2.859817e-02	1.496666e+01
5.710000e-06	-3.285257e-02	1.499089e+01
5.720000e-06	-3.149720e-02	1.501155e+01
5.730000e-06	-3.679937e-02	1.509610e+01
5.740000e-06	-3.138756e-02	1.510619e+01
5.750000e-06	-3.475946e-02	1.511921e+01
5.760000e-06	-3.621373e-02	1.517979e+01
5.770000e-06	-4.237831e-02	1.522129e+01
5.780000e-06	-4.485874e-02	1.522182e+01
5.790000e-06	-4.241764e-02	1.522150e+01
5.800000e-06	-4.530202e-02	1.519392e+01
5.810000e-06	-4.567797e-02	1.521137e+01
5.820000e-06	-4.959005e-02	1.523334e+01
5.830000e-06	-4.769301e-02	1.520234e+01
5.840000e-06	-5.118728e-02	1.519086e+01
5.850000e-06	-5.330005e-02	1.514026e+01
5.860000e-06	-5.847387e-02	1.509611e+01
5.870000e-06	-6.041520e-02	1.507608e+01
5.880000e-06	-5.731961e-02	1.501347e+01
5.890000e-06	-5.736812e-02	1.497984e+01
5.900000e-06	-5.718666e-02	1.493929e+01
5.910000e-06	-5.864915e-02	1.486498e+01
5.920000e-06	-5.479052e-02	1.484082e+01
5.930000e-06	-5.217649e-02	1.477922e+01
5.940000e-06	-4.968135e-02	1.467561e+01
5.950000e-06	-4.841969e-02	1.464287e+01
5.960000e-06	-4.570083e-02	1.455773e+01
5.970000e-06	-4.355144e-02	1.444395e+01
5.980000e-06	-4.094459e-02	1.434876e+01
5.990000e-06	-3.590596e-02	1.429305e+01
6.000000e-06	-3.622150e-02	1.416663e+01
6.010000e-06	-3.126695e-02	1.402387e+01
6.020000e-06	-3.370483e-02	1.392716e+01
6.030000e-06	-2.680127e-02	1.376934e+01
6.040000e-06	-2.908175e-02	1.361258e+01
6.050000e-06	-2.542483e-02	1.347658e+01
6.060000e-06	-2.798343e-02	1.338929e+01
6.070000e-06	-2.415813e-02	1.323305e+01
6.080000e-06	-2.365556e-02	1.310468e+01
6.090000e-06	-2.171412e-02	1.296924e+01
6.100000e-06	-2.132454e-02	1.276132e+01
6.110000e-06	-2.072553e-02	1.264205e+01
6.120000e-06	-1.698200e-02	1.248508e+01
6.130000e-06	-1.774936e-02	1.232814e+01
6.140000e-06	-1.852563e-02	1.218881e+01
6.150000e-06	-1.894907e-02	1.196024e+01
6.160000e-06	-1.779594e-02	1.180027e+01
6.170000e-06	-1.675501e-02	1.157087e+01
6.180000e-06	-1.633400e-02	1.138992e+01
6.190000e-06	-1.671602e-02	1.116084e+01
6.200000e-06	-1.496011e-02	1.101137e+01
6.210000e-06	-1.308020e-02	1.078190e+01
6.220000e-06	-1.216971e-02	1.062087e+01
6.230000e-06	-1.286964e-02	1.038127e+01
6.240000e-06	-1.274370e-02	1.019984e+01
6.250000e-06	-1.263243e-02	9.960335e+00
6.260000e-06	-1.179026e-02	9.748704e+00
6.270000e-06	-1.290864e-02	9.485156e+00
6.280000e-06	-1.353658e-02	9.256657e+00
6.290000e-06	-1.240303e-02	9.114660e+00
6.300000e-06	-1.045348e-02	8.822472e+00
6.310000e-06	-9.919546e-03	8.600393e+00
6.320000e-06	-9.677882e-03	8.390869e+00
6.330000e-06	-9.449432e-03	8.189364e+00
6.340000e-06	-9.620187e-03	7.905108e+00
6.350000e-06	-9.151061e-03	7.603031e+00
6.360000e-06	-1.127649e-02	7.399843e+00
6.370000e-06	-1.177605e-02	7.146714e+00
6.380000e-06	-1.156466e-02	6.885132e+00
6.390000e-06	-9.236765e-03	6.592525e+00
6.400000e-06	-7.949797e-03	6.388218e+00
6.410000e-06	-7.514991e-03	6.106210e+00
6.420000e-06	-6.873951e-03	5.875105e+00
6.430000e-06	-7.602983e-03	5.628793e+00
6.440000e-06	-7.990083e-03	5.335762e+00
6.450000e-06	-9.793903e-03	4.983941e+00
6.460000e-06	-1.010604e-02	4.695210e+00
6.470000e-06	-9.350195e-03	4.424654e+00
6.480000e-06	-8.137804e-03	4.170246e+00
6.490000e-06	-5.969902e-03	3.884130e+00
6.500000e-06	-6.197067e-03	3.611605e+00
6.510000e-06	-5.660397e-03	3.311342e+00
6.520000e-06	-5.861911e-03	3.024612e+00
6.530000e-06	-6.652423e-03	2.810430e+00
6.540000e-06	-7.735213e-03	2.486737e+00
6.550000e-06	-8.656938e-03	2.211496e+00
6.560000e-06	-7.816173e-03	1.959346e+00
6.570000e-06	-5.768074e-03	1.684208e+00
6.580000e-06	-5.356540e-03	1.369422e+00
6.590000e-06	-4.708261e-03	1.085604e+00
6.600000e-06	-4.891361e-03	7.199173e-01
6.610000e-06	-5.862754e-03	4.776608e-01
6.620000e-06	-4.818578e-03	2.219015e-01
6.630000e-06	-3.371907e-03	-1.222355e-01
6.640000e-06	5.308182e-03	-3.353708e-01
6.650000e-06	-1.885511e-03	-6.375012e-01
6.660000e-06	1.673586e-03	-8.831616e-01
6.670000e-06	-2.867758e-03	-1.116239e+00
6.680000e-06	1.807124e-03	-1.481176e+00
6.690000e-06	-4.194467e-03	-1.693760e+00
6.700000e-06	1.431661e-02	-1.915789e+00
6.710000e-06	7.601692e-02	-2.126268e+00
6.720000e-06	4.474406e-02	-2.505242e+00
6.730000e-06	-7.674297e-02	-2.863263e+00
6.740000e-06	-5.658823e-04	-3.282635e+00
6.750000e-06	-5.298751e-02	-3.473182e+00
6.760000e-06	-6.344688e-02	-3.612107e+00
6.770000e-06	3.467138e-02	-3.895731e+00
6.780000e-06	1.106489e-01	-4.102734e+00
6.790000e-06	-1.823905e-01	-4.407998e+00
6.800000e-06	1.931160e-01	-4.630472e+00
6.810000e-06	-1.244715e-01	-4.925889e+00
6.820000e-06	6.717256e-02	-5.252153e+00
6.830000e-06	2.827574e-02	-5.527210e+00
6.840000e-06	-1.584377e-01	-5.860575e+00
6.850000e-06	1.317165e-01	-6.050076e+00
6.860000e-06	-8.756877e-02	-6.305255e+00
6.870000e-06	8.063958e-02	-6.620978e+00
6.880000e-06	1.417518e-02	-6.800481e+00
6.890000e-06	-7.433251e-02	-7.169339e+00
6.900000e-06	1.219782e-01	-7.407396e+00
6.910000e-06	-1.231373e-01	-7.662657e+00
6.920000e-06	1.266010e-01	-7.967370e+00
6.930000e-06	-1.046098e-01	-8.158368e+00
6.940000e-06	3.466686e-02	-8.431075e+00
6.950000e-06	6.446762e-02	-8.663534e+00
6.960000e-06	-6.462502e-02	-8.903759e+00
6.970000e-06	9.045953e-02	-9.145838e+00
6.980000e-06	-1.181751e-01	-9.336315e+00
6.990000e-06	1.090744e-01	-9.618348e+00
7.000000e-06	-5.558070e-02	-9.788418e+00
7.010000e-06	6.605868e-02	-1.000100e+01
7.020000e-06	-2.520796e-02	-1.024107e+01
7.030000e-06	-1.156956e-03	-1.050413e+01
7.040000e-06	4.463009e-02	-1.063103e+01
7.050000e-06	-3.062944e-02	-1.085310e+01
7.060000e-06	4.760749e-02	-1.105305e+01
7.070000e-06	-5.912368e-02	-1.130458e+01
7.080000e-06	6.076906e-02	-1.144208e+01
7.090000e-06	-1.350809e-02	-1.163361e+01
7.100000e-06	4.890891e-02	-1.193513e+01
7.110000e-06	-2.060828e-02	-1.204313e+01
7.120000e-06	1.558164e-02	-1.224203e+01
7.130000e-06	1.037544e-02	-1.239087e+01
7.140000e-06	1.296666e-02	-1.260934e+01
7.150000e-06	1.062495e-02	-1.273826e+01
7.160000e-06	-7.243917e-03	-1.293663e+01
7.170000e-06	2.523205e-02	-1.306205e+01
7.180000e-06	1.504344e-02	-1.320187e+01
7.190000e-06	2.871040e-02	-1.330881e+01
7.200000e-06	-2.716363e-03	-1.351415e+01
7.210000e-06	1.335013e-02	-1.363142e+01
7.220000e-06	1.114088e-02	-1.372776e+01
7.230000e-06	2.470828e-02	-1.389460e+01
7.240000e-06	6.982640e-03	-1.398134e+01
7.250000e-06	1.136042e-02	-1.416523e+01
7.260000e-06	1.255791e-02	-1.424353e+01
7.270000e-06	3.020613e-02	-1.431826e+01
7.280000e-06	2.018632e-02	-1.449552e+01
7.290000e-06	1.712870e-02	-1.454881e+01
7.300000e-06	1.230386e-02	-1.463147e+01
7.310000e-06	2.412055e-02	-1.471666e+01
7.320000e-06	2.757697e-02	-1.474832e+01
7.330000e-06	1.949489e-02	-1.487410e+01
7.340000e-06	1.494177e-02	-1.493624e+01
7.350000e-06	1.852882e-02	-1.501045e+01
7.360000e-06	3.185160e-02	-1.507355e+01
7.370000e-06	2.837276e-02	-1.509610e+01
7.380000e-06	2.537136e-02	-1.514716e+01
7.390000e-06	2.227110e-02	-1.518180e+01
7.400000e-06	3.212181e-02	-1.524140e+01
7.410000e-06	3.586716e-02	-1.528205e+01
7.420000e-06	3.026136e-02	-1.525363e+01
7.430000e-06	2.605897e-02	-1.528561e+01
7.440000e-06	2.940496e-02	-1.528766e+01
7.450000e-06	4.030547e-02	-1.530871e+01
7.460000e-06	4.210973e-02	-1.532613e+01
7.470000e-06	3.944118e-02	-1.531714e+01
7.480000e-06	3.788467e-02	-1.531458e+01
7.490000e-06	4.528681e-02	-1.528513e+01
7.500000e-06	4.965658e-02	-1.525406e+01
7.510000e-06	4.771210e-02	-1.524392e+01
7.520000e-06	4.343635e-02	-1.520137e+01
7.530000e-06	4.671763e-02	-1.517882e+01
7.540000e-06	5.379428e-02	-1.514823e+01
7.550000e-06	5.568743e-02	-1.508558e+01
7.560000e-06	4.979181e-02	-1.504297e+01
7.570000e-06	4.520185e-02	-1.499089e+01
7.580000e-06	4.759213e-02	-1.492621e+01
7.590000e-06	4.856492e-02	-1.487445e+01
7.600000e-06	4.447877e-02	-1.476079e+01
7.610000e-06	3.687850e-02	-1.467608e+01
7.620000e-06	3.485095e-02	-1.463195e+01
7.630000e-06	3.707362e-02	-1.452418e+01
7.640000e-06	3.535169e-02	-1.444145e+01
7.650000e-06	2.889471e-02	-1.433861e+01
7.660000e-06	2.370357e-02	-1.424305e+01
7.670000e-06	2.339761e-02	-1.409808e+01
7.680000e-06	2.514267e-02	-1.395079e+01
7.690000e-06	2.328234e-02	-1.384198e+01
7.700000e-06	1.788534e-02	-1.370723e+01
7.710000e-06	1.487711e-02	-1.360032e+01
7.720000e-06	1.712624e-02	-1.348400e+01
7.730000e-06	1.860912e-02	-1.334671e+01
7.740000e-06	1.561292e-02	-1.317079e+01
7.750000e-06	1.086844e-02	-1.301350e+01
7.760000e-06	1.066494e-02	-1.287358e+01
7.770000e-06	1.285886e-02	-1.273911e+01
7.780000e-06	1.324120e-02	-1.257036e+01
7.790000e-06	8.326022e-03	-1.236089e+01
7.800000e-06	6.048547e-03	-1.224503e+01
7.810000e-06	7.452494e-03	-1.204301e+01
7.820000e-06	9.445157e-03	-1.189613e+01
7.830000e-06	8.141150e-03	-1.166405e+01
7.840000e-06	4.321290e-03	-1.144346e+01
7.850000e-06	3.612863e-03	-1.124243e+01
7.860000e-06	6.223537e-03	-1.103444e+01
7.870000e-06	7.012602e-03	-1.081245e+01
7.880000e-06	4.040341e-03	-1.065405e+01
7.890000e-06	1.726693e-03	-1.046303e+01
7.900000e-06	2.140914e-03	-1.024145e+01
7.910000e-06	4.188826e-03	-9.991867e+00
7.920000e-06	2.840580e-03	-9.800945e+00
7.930000e-06	1.411305e-03	-9.570448e+00
7.940000e-06	1.030890e-03	-9.358743e+00
7.950000e-06	2.611760e-03	-9.116717e+00
7.960000e-06	3.257875e-03	-8.938640e+00
7.970000e-06	5.540114e-04	-8.685136e+00
7.980000e-06	-1.616301e-03	-8.434497e+00
7.990000e-06	-1.407058e-03	-8.211898e+00
8.000000e-06	8.537881e-05	-7.988297e+00
8.010000e-06	6.662530e-04	-7.665611e+00
8.020000e-06	-2.124848e-03	-7.403576e+00
8.030000e-06	-1.511244e-03	-7.189420e+00
8.040000e-06	-1.446921e-03	-6.899259e+00
8.050000e-06	8.813339e-04	-6.684029e+00
8.060000e-06	-2.378548e-03	-6.420951e+00
8.070000e-06	-3.433511e-03	-6.159788e+00
8.080000e-06	-5.030012e-03	-5.875209e+00
8.090000e-06	-1.525882e-03	-5.642022e+00
8.100000e-06	-3.539436e-03	-5.319763e+00
8.110000e-06	-2.247725e-03	-4.993055e+00
8.120000e-06	-5.157843e-03	-4.707184e+00
8.130000e-06	-1.820876e-03	-4.463058e+00
8.140000e-06	-2.366669e-03	-4.221051e+00
8.150000e-06	-3.652429e-03	-3.957896e+00
8.160000e-06	-5.775713e-03	-3.655658e+00
8.170000e-06	-6.578687e-03	-3.421526e+00
8.180000e-06	-4.707210e-03	-3.147788e+00
8.190000e-06	-4.464513e-03	-2.824005e+00
8.200000e-06	-3.713906e-03	-2.569945e+00
8.210000e-06	-5.797574e-03	-2.297239e+00
8.220000e-06	-2.637317e-03	-2.021501e+00
8.230000e-06	-4.000719e-03	-1.748349e+00
8.240000e-06	-4.371341e-03	-1.463105e+00
8.250000e-06	-8.275202e-03	-1.116263e+00
8.260000e-06	-6.581962e-03	-8.640841e-01
8.270000e-06	-6.323277e-03	-5.288448e-01
8.280000e-06	-3.572275e-03	-2.742331e-01
8.290000e-06	-3.199121e-03	-4.255657e-02
8.300000e-06	6.986427e-03	2.827607e-01
8.310000e-06	-4.758477e-03	5.358909e-01
8.320000e-06	4.610544e-03	7.774196e-01
8.330000e-06	-4.893776e-03	1.051177e+00
8.340000e-06	4.843364e-04	1.357363e+00
8.350000e-06	-7.081208e-03	1.650180e+00
8.360000e-06	9.190306e-03	1.914662e+00
8.370000e-06	3.155290e-02	2.144311e+00
8.380000e-06	8.889360e-02	2.400474e+00
8.390000e-06	-6.979999e-02	2.768499e+00
8.400000e-06	-2.865319e-02	3.093154e+00
8.410000e-06	-4.302683e-02	3.285242e+00
8.420000e-06	-8.178816e-03	3.630555e+00
8.430000e-06	-9.320033e-02	3.801023e+00
8.440000e-06	4.630820e-02	4.031016e+00
8.450000e-06	7.140685e-02	4.336838e+00
8.460000e-06	-1.485950e-01	4.589995e+00
8.470000e-06	1.795377e-01	4.800524e+00
8.480000e-06	-6.783620e-02	5.229920e+00
8.490000e-06	-8.708356e-04	5.432626e+00
8.500000e-06	-3.982611e-03	5.716287e+00
8.510000e-06	-5.780651e-02	6.009474e+00
8.520000e-06	4.704160e-02	6.231000e+00
8.530000e-06	-3.937160e-02	6.576764e+00
8.540000e-06	1.092021e-02	6.799419e+00
8.550000e-06	-4.816592e-03	7.041625e+00
8.560000e-06	-1.860903e-02	7.296313e+00
8.570000e-06	2.068678e-02	7.598915e+00
8.580000e-06	-5.143509e-02	7.811627e+00
8.590000e-06	3.169269e-02	8.155281e+00
8.600000e-06	-4.186129e-02	8.348294e+00
8.610000e-06	1.102385e-02	8.558396e+00
8.620000e-06	1.979820e-02	8.768396e+00
8.630000e-06	-4.959243e-02	9.020923e+00
8.640000e-06	1.502169e-02	9.282079e+00
8.650000e-06	-3.773302e-02	9.514553e+00
8.660000e-06	2.437651e-02	9.715187e+00
8.670000e-06	-3.290164e-02	9.956237e+00
8.680000e-06	5.858095e-03	1.011689e+01
8.690000e-06	-1.608841e-02	1.037881e+01
8.700000e-06	-7.235535e-03	1.054039e+01
8.710000e-06	-4.478501e-03	1.076884e+01
8.720000e-06	-3.299649e-02	1.096839e+01
8.730000e-06	-4.384646e-03	1.114781e+01
8.740000e-06	-2.460806e-02	1.137738e+01
8.750000e-06	6.233411e-03	1.158994e+01
8.760000e-06	-1.837184e-02	1.179032e+01
8.770000e-06	-8.170760e-03	1.195776e+01
8.780000e-06	-1.833181e-02	1.216974e+01
8.790000e-06	-1.333610e-02	1.230571e+01
8.800000e-06	-1.386522e-02	1.252358e+01
8.810000e-06	-2.466977e-02	1.263050e+01
8.820000e-06	-1.548819e-02	1.278882e+01
8.830000e-06	-1.935959e-02	1.291776e+01
8.840000e-06	-5.559485e-03	1.311610e+01
8.850000e-06	-1.848079e-02	1.327000e+01
8.860000e-06	-1.679405e-02	1.337934e+01
8.870000e-06	-2.373361e-02	1.352563e+01
8.880000e-06	-1.904974e-02	1.365152e+01
8.890000e-06	-1.864157e-02	1.376982e+01
8.900000e-06	-2.601564e-02	1.389560e+01
8.910000e-06	-2.245817e-02	1.401104e+01
8.920000e-06	-2.421655e-02	1.414873e+01
8.930000e-06	-1.598402e-02	1.428603e+01
8.940000e-06	-2.314310e-02	1.439187e+01
8.950000e-06	-2.346686e-02	1.450602e+01
8.960000e-06	-2.729581e-02	1.457879e+01
8.970000e-06	-2.438917e-02	1.464448e+01
8.980000e-06	-2.493765e-02	1.472567e+01
8.990000e-06	-3.056768e-02	1.476976e+01
9.000000e-06	-2.934964e-02	1.487102e+01
9.010000e-06	-3.307175e-02	1.489613e+01
9.020000e-06	-2.626693e-02	1.493922e+01
9.030000e-06	-3.281303e-02	1.498042e+01
9.040000e-06	-3.272879e-02	1.507248e+01
9.050000e-06	-3.511845e-02	1.511258e+01
9.060000e-06	-3.371801e-02	1.511718e+01
9.070000e-06	-3.469094e-02	1.513669e+01
9.080000e-06	-3.945028e-02	1.516019e+01
9.090000e-06	-4.188974e-02	1.520229e+01
9.100000e-06	-4.401211e-02	1.519292e+01
9.110000e-06	-4.082920e-02	1.523300e+01
9.120000e-06	-4.595475e-02	1.524245e+01
9.130000e-06	-4.583825e-02	1.526302e+01
9.140000e-06	-5.040134e-02	1.521285e+01
9.150000e-06	-4.915555e-02	1.514985e+01
9.160000e-06	-5.206001e-02	1.518977e+01
9.170000e-06	-5.631259e-02	1.511619e+01
9.180000e-06	-5.860309e-02	1.511658e+01
9.190000e-06	-5.985457e-02	1.510508e+01
9.200000e-06	-5.582785e-02	1.503144e+01
9.210000e-06	-5.713496e-02	1.499782e+01
9.220000e-06	-5.760263e-02	1.495921e+01
9.230000e-06	-5.827354e-02	1.487658e+01
9.240000e-06	-5.403179e-02	1.481240e+01
9.250000e-06	-5.205892e-02	1.475916e+01
9.260000e-06	-5.095903e-02	1.465506e+01
9.270000e-06	-4.814371e-02	1.459130e+01
9.280000e-06	-4.537954e-02	1.454616e+01
9.290000e-06	-4.060045e-02	1.439287e+01
9.300000e-06	-3.968548e-02	1.434826e+01
9.310000e-06	-3.633138e-02	1.425290e+01
9.320000e-06	-3.733009e-02	1.412719e+01
9.330000e-06	-2.982625e-02	1.401977e+01
9.340000e-06	-3.107110e-02	1.386710e+01
9.350000e-06	-2.828101e-02	1.372921e+01
9.360000e-06	-2.939757e-02	1.361390e+01
9.370000e-06	-2.764224e-02	1.345405e+01
9.380000e-06	-2.440687e-02	1.330824e+01
9.390000e-06	-2.337068e-02	1.318132e+01
9.400000e-06	-2.173450e-02	1.309353e+01
9.410000e-06	-2.446932e-02	1.294776e+01
9.420000e-06	-2.088009e-02	1.277872e+01
9.430000e-06	-1.906499e-02	1.262090e+01
9.440000e-06	-1.754762e-02	1.244408e+01
9.450000e-06	-1.906852e-02	1.227708e+01
9.460000e-06	-1.933661e-02	1.210673e+01
9.470000e-06	-1.781097e-02	1.192771e+01
9.480000e-06	-1.566153e-02	1.175021e+01
9.490000e-06	-1.670366e-02	1.159784e+01
9.500000e-06	-1.765425e-02	1.132024e+01
9.510000e-06	-1.612552e-02	1.114866e+01
9.520000e-06	-1.268031e-02	1.096987e+01
9.530000e-06	-1.186444e-02	1.075030e+01
9.540000e-06	-1.386436e-02	1.056874e+01
9.550000e-06	-1.451514e-02	1.033863e+01
9.560000e-06	-1.310150e-02	1.014821e+01
9.570000e-06	-1.139687e-02	9.908655e+00
9.580000e-06	-1.228929e-02	9.674604e+00
9.590000e-06	-1.353186e-02	9.475103e+00
9.600000e-06	-1.269741e-02	9.294050e+00
9.610000e-06	-1.064315e-02	9.062956e+00
9.620000e-06	-9.823730e-03	8.780817e+00
9.630000e-06	-1.077423e-02	8.580820e+00
9.640000e-06	-1.116479e-02	8.336764e+00
9.650000e-06	-1.013055e-02	8.095081e+00
9.660000e-06	-8.982980e-03	7.841500e+00
9.670000e-06	-9.067198e-03	7.569451e+00
9.680000e-06	-1.087935e-02	7.358088e+00
9.690000e-06	-1.059174e-02	7.044082e+00
9.700000e-06	-9.376895e-03	6.830503e+00
9.710000e-06	-8.456931e-03	6.548742e+00
9.720000e-06	-8.880320e-03	6.275163e+00
9.730000e-06	-9.589819e-03	6.064105e+00
9.740000e-06	-8.439805e-03	5.771393e+00
9.750000e-06	-7.527503e-03	5.516716e+00
9.760000e-06	-6.866027e-03	5.232629e+00
9.770000e-06	-8.379847e-03	4.927759e+00
9.780000e-06	-8.650202e-03	4.622026e+00
9.790000e-06	-8.186684e-03	4.398775e+00
9.800000e-06	-7.054959e-03	4.075654e+00
9.810000e-06	-7.659134e-03	3.810950e+00
9.820000e-06	-8.772209e-03	3.557892e+00
9.830000e-06	-7.071420e-03	3.264609e+00
9.840000e-06	-6.168583e-03	2.979949e+00
9.850000e-06	-5.913177e-03	2.767271e+00
9.860000e-06	-6.862160e-03	2.403005e+00
9.870000e-06	-6.938256e-03	2.158320e+00
9.880000e-06	-6.899359e-03	1.897264e+00
9.890000e-06	-4.889773e-03	1.589404e+00
9.900000e-06	-6.390986e-03	1.285787e+00
9.910000e-06	-6.263025e-03	9.598513e-01
9.920000e-06	-5.982313e-03	6.747383e-01
9.930000e-06	-5.264159e-03	4.525553e-01
9.940000e-06	-3.421397e-03	9.926811e-02
9.950000e-06	-1.736594e-03	-1.673645e-01
9.960000e-06	8.889780e-03	-3.894699e-01
9.970000e-06	-6.101587e-03	-6.632102e-01
9.980000e-06	6.222175e-03	-9.464132e-01
9.990000e-06	-5.548308e-03	-1.218972e+00
1.000000e-05	2.840565e-03	-1.534308e+00
1.001000e-05	-8.101158e-03	-1.747367e+00
1.002000e-05	2.531302e-02	-1.968370e+00
1.003000e-05	9.940415e-02	-2.270680e+00
1.004000e-05	-1.158058e-02	-2.600545e+00
1.005000e-05	-4.951789e-02	-3.041576e+00
1.006000e-05	-1.994168e-02	-3.326314e+00
1.007000e-05	-3.733050e-02	-3.505816e+00
1.008000e-05	-8.813934e-02	-3.755268e+00
1.009000e-05	1.172913e-01	-3.926263e+00
1.010000e-05	-6.812765e-03	-4.146891e+00
1.011000e-05	-9.843339e-02	-4.452130e+00
1.012000e-05	1.992300e-01	-4.653701e+00
1.013000e-05	-1.650483e-01	-4.988446e+00
1.014000e-05	1.421438e-01	-5.315809e+00
1.015000e-05	-6.691342e-02	-5.598519e+00
1.016000e-05	-8.657951e-02	-5.904708e+00
1.017000e-05	1.183842e-01	-6.074159e+00
1.018000e-05	-1.123779e-01	-6.411021e+00
1.019000e-05	1.389123e-01	-6.674157e+00
1.020000e-05	-7.014528e-02	-6.903235e+00
1.021000e-05	6.111577e-03	-7.221072e+00
1.022000e-05	6.403436e-02	-7.481601e+00
1.023000e-05	-9.306292e-02	-7.795913e+00
1.024000e-05	1.310091e-01	-8.021423e+00
1.025000e-05	-1.519875e-01	-8.242496e+00
1.026000e-05	1.161363e-01	-8.494207e+00
1.027000e-05	-1.677255e-02	-8.736209e+00
1.028000e-05	3.817225e-03	-8.969943e+00
1.029000e-05	3.365872e-02	-9.137842e+00
1.030000e-05	-8.286950e-02	-9.410522e+00
1.031000e-05	1.057486e-01	-9.642053e+00
1.032000e-05	-7.128689e-02	-9.862004e+00
1.033000e-05	9.448287e-02	-1.008410e+01
1.034000e-05	-7.078710e-02	-1.025465e+01
1.035000e-05	4.993482e-02	-1.051828e+01
1.036000e-05	-1.092921e-03	-1.068568e+01
1.037000e-05	7.284479e-03	-1.083773e+01
1.038000e-05	1.326212e-02	-1.112570e+01
1.039000e-05	-3.639703e-02	-1.131716e+01
1.040000e-05	5.623961e-02	-1.151528e+01
1.041000e-05	-1.081279e-02	-1.172516e+01
1.042000e-05	4.935195e-02	-1.195571e+01
1.043000e-05	-3.453780e-02	-1.212463e+01
1.044000e-05	3.207313e-02	-1.228403e+01
1.045000e-05	-2.815945e-03	-1.246208e+01
1.046000e-05	2.735719e-02	-1.264395e+01
1.047000e-05	-5.668064e-03	-1.277839e+01
1.048000e-05	6.334215e-03	-1.295926e+01
1.049000e-05	1.812030e-02	-1.309415e+01
1.050000e-05	2.345802e-02	-1.325302e+01
1.051000e-05	1.961957e-02	-1.337989e+01
1.052000e-05	-2.929691e-03	-1.350758e+01
1.053000e-05	1.318694e-02	-1.365198e+01
1.054000e-05	1.553032e-02	-1.375929e+01
1.055000e-05	2.376502e-02	-1.390613e+01
1.056000e-05	6.722491e-03	-1.406247e+01
1.057000e-05	1.244032e-02	-1.420734e+01
1.058000e-05	1.546579e-02	-1.428560e+01
1.059000e-05	3.130988e-02	-1.439992e+01
1.060000e-05	1.718281e-02	-1.446606e+01
1.061000e-05	1.525769e-02	-1.454984e+01
1.062000e-05	1.068485e-02	-1.467205e+01
1.063000e-05	2.742010e-02	-1.470681e+01
1.064000e-05	2.517760e-02	-1.480189e+01
1.065000e-05	2.031575e-02	-1.489508e+01
1.066000e-05	1.336978e-02	-1.496786e+01
1.067000e-05	2.275084e-02	-1.501045e+01
1.068000e-05	3.163010e-02	-1.507403e+01
1.069000e-05	2.785922e-02	-1.514713e+01
1.070000e-05	2.286468e-02	-1.516874e+01
1.071000e-05	2.247646e-02	-1.518192e+01
1.072000e-05	3.410111e-02	-1.526198e+01
1.073000e-05	3.525175e-02	-1.525458e+01
1.074000e-05	3.027133e-02	-1.523513e+01
1.075000e-05	2.679538e-02	-1.528708e+01
1.076000e-05	3.286085e-02	-1.529666e+01
1.077000e-05	4.233509e-02	-1.529773e+01
1.078000e-05	4.174929e-02	-1.532621e+01
1.079000e-05	3.800829e-02	-1.531713e+01
1.080000e-05	3.657291e-02	-1.528363e+01
1.081000e-05	4.546772e-02	-1.526415e+01
1.082000e-05	5.010304e-02	-1.529503e+01
1.083000e-05	4.786059e-02	-1.526185e+01
1.084000e-05	4.374688e-02	-1.519087e+01
1.085000e-05	4.875630e-02	-1.517926e+01
1.086000e-05	5.504896e-02	-1.513618e+01
1.087000e-05	5.555543e-02	-1.508403e+01
1.088000e-05	4.840457e-02	-1.505192e+01
1.089000e-05	4.476160e-02	-1.495889e+01
1.090000e-05	4.733203e-02	-1.491658e+01
1.091000e-05	4.919212e-02	-1.481287e+01
1.092000e-05	4.282089e-02	-1.472726e+01
1.093000e-05	3.567426e-02	-1.469413e+01
1.094000e-05	3.518063e-02	-1.457042e+01
1.095000e-05	3.641147e-02	-1.451571e+01
1.096000e-05	3.464517e-02	-1.441089e+01
1.097000e-05	2.760856e-02	-1.430710e+01
1.098000e-05	2.394496e-02	-1.422892e+01
1.099000e-05	2.424240e-02	-1.410610e+01
1.100000e-05	2.480055e-02	-1.391871e+01
1.101000e-05	2.177371e-02	-1.383195e+01
1.102000e-05	1.696669e-02	-1.367463e+01
1.103000e-05	1.566914e-02	-1.353931e+01
1.104000e-05	1.784937e-02	-1.345395e+01
1.105000e-05	1.799575e-02	-1.329320e+01
1.106000e-05	1.497058e-02	-1.313916e+01
1.107000e-05	1.084588e-02	-1.302087e+01
1.108000e-05	1.156561e-02	-1.287448e+01
1.109000e-05	1.243552e-02	-1.271816e+01
1.110000e-05	1.083445e-02	-1.256776e+01
1.111000e-05	6.588776e-03	-1.236929e+01
1.112000e-05	5.704444e-03	-1.220234e+01
1.113000e-05	8.355041e-03	-1.202345e+01
1.114000e-05	8.459630e-03	-1.185099e+01
1.115000e-05	6.184522e-03	-1.161292e+01
1.116000e-05	4.322232e-03	-1.137134e+01
1.117000e-05	5.321968e-03	-1.119977e+01
1.118000e-05	6.717403e-03	-1.093984e+01
1.119000e-05	5.738037e-03	-1.079979e+01
1.120000e-05	2.958077e-03	-1.062092e+01
1.121000e-05	2.271400e-03	-1.038025e+01
1.122000e-05	3.061927e-03	-1.016187e+01
1.123000e-05	3.881192e-03	-9.959267e+00
1.124000e-05	2.316032e-03	-9.758342e+00
1.125000e-05	9.394703e-04	-9.547765e+00
1.126000e-05	1.298117e-03	-9.305660e+00
1.127000e-05	3.082232e-03	-9.044609e+00
1.128000e-05	2.002838e-03	-8.874586e+00
1.129000e-05	2.467343e-04	-8.643504e+00
1.130000e-05	-1.882371e-03	-8.370891e+00
1.131000e-05	-7.949568e-04	-8.148794e+00
1.132000e-05	3.247318e-04	-7.898718e+00
1.133000e-05	-9.378542e-04	-7.622496e+00
1.134000e-05	-2.409656e-03	-7.349318e+00
1.135000e-05	-1.625189e-03	-7.096769e+00
1.136000e-05	-2.471908e-04	-6.824053e+00
1.137000e-05	-2.450112e-04	-6.611396e+00
1.138000e-05	-2.170980e-03	-6.357871e+00
1.139000e-05	-3.324420e-03	-6.105583e+00
1.140000e-05	-3.791870e-03	-5.803025e+00
1.141000e-05	-1.885460e-03	-5.568796e+00
1.142000e-05	-3.927307e-03	-5.272580e+00
1.143000e-05	-3.909949e-03	-4.967861e+00
1.144000e-05	-3.926782e-03	-4.634000e+00
1.145000e-05	-4.185905e-03	-4.401472e+00
1.146000e-05	-3.875847e-04	-4.189364e+00
1.147000e-05	-6.081142e-03	-3.886188e+00
1.148000e-05	-1.461516e-03	-3.632976e+00
1.149000e-05	-5.777238e-03	-3.349265e+00
1.150000e-05	-2.271932e-03	-3.065108e+00
1.151000e-05	-4.417719e-03	-2.768875e+00
1.152000e-05	-6.609878e-03	-2.516761e+00
1.153000e-05	-6.457674e-03	-2.203005e+00
1.154000e-05	-6.217300e-03	-1.968840e+00
1.155000e-05	-5.335515e-03	-1.675109e+00
1.156000e-05	-4.939317e-03	-1.369849e+00
1.157000e-05	-4.868271e-03	-1.044609e+00
1.158000e-05	-3.792515e-03	-8.189724e-01
1.159000e-05	-5.547111e-03	-4.441093e-01
1.160000e-05	-4.457849e-03	-2.400026e-01
1.161000e-05	-8.592202e-04	3.057771e-02
1.162000e-05	4.859876e-03	3.869371e-01
1.163000e-05	-7.110459e-03	5.679486e-01
1.164000e-05	2.935712e-03	8.211050e-01
1.165000e-05	-4.486165e-03	1.153868e+00
1.166000e-05	3.368164e-03	1.410075e+00
1.167000e-05	-4.980641e-03	1.724862e+00
1.168000e-05	1.582519e-02	1.946841e+00
1.169000e-05	4.567326e-02	2.188397e+00
1.170000e-05	7.095520e-02	2.435340e+00
1.171000e-05	-8.795943e-02	2.852107e+00
1.172000e-05	-2.080908e-02	3.125816e+00
1.173000e-05	-4.515988e-02	3.417024e+00
1.174000e-05	-2.058511e-02	3.662679e+00
1.175000e-05	-8.366484e-02	3.853110e+00
1.176000e-05	9.249446e-02	4.051640e+00
1.177000e-05	1.757849e-03	4.440550e+00
1.178000e-05	-9.474745e-02	4.630980e+00
1.179000e-05	1.816499e-01	4.904263e+00
1.180000e-05	-1.166524e-01	5.272635e+00
1.181000e-05	4.700668e-02	5.494736e+00
1.182000e-05	-4.949579e-02	5.809947e+00
1.183000e-05	-2.540459e-02	6.062553e+00
1.184000e-05	3.713933e-02	6.315259e+00
1.185000e-05	-4.912398e-02	6.577951e+00
1.186000e-05	3.437680e-02	6.822577e+00
1.187000e-05	-2.779401e-02	7.124809e+00
1.188000e-05	8.925271e-03	7.336367e+00
1.189000e-05	-6.533929e-03	7.664023e+00
1.190000e-05	-3.346474e-02	7.916313e+00
1.191000e-05	2.515390e-02	8.218951e+00
1.192000e-05	-5.391402e-02	8.388447e+00
1.193000e-05	3.610469e-02	8.601101e+00
1.194000e-05	-1.216825e-02	8.811000e+00
1.195000e-05	-2.438407e-02	9.095680e+00
1.196000e-05	-1.289691e-03	9.295755e+00
1.197000e-05	-1.753472e-02	9.534738e+00
1.198000e-05	1.035049e-02	9.768366e+00
1.199000e-05	-2.772992e-02	9.979867e+00
1.200000e-05	2.502247e-03	1.019942e+01
1.201000e-05	-1.976048e-02	1.036940e+01
1.202000e-05	-3.676280e-04	1.059992e+01
1.203000e-05	-1.588625e-02	1.083892e+01
1.204000e-05	-2.141511e-02	1.100997e+01
1.205000e-05	-1.360220e-02	1.119992e+01
1.206000e-05	-1.100479e-02	1.142153e+01
1.207000e-05	-3.799097e-04	1.164147e+01
1.208000e-05	-1.329486e-02	1.188145e+01
1.209000e-05	-1.348651e-02	1.196089e+01
1.210000e-05	-1.814290e-02	1.221037e+01
1.211000e-05	-1.531870e-02	1.238728e+01
1.212000e-05	-1.771702e-02	1.250721e+01
1.213000e-05	-2.219403e-02	1.266353e+01
1.214000e-05	-1.584929e-02	1.281197e+01
1.215000e-05	-1.156104e-02	1.299084e+01
1.216000e-05	-6.879671e-03	1.314673e+01
1.217000e-05	-1.626414e-02	1.329211e+01
1.218000e-05	-2.332026e-02	1.342989e+01
1.219000e-05	-2.173517e-02	1.352674e+01
1.220000e-05	-2.313018e-02	1.364411e+01
1.221000e-05	-1.922815e-02	1.382142e+01
1.222000e-05	-2.812710e-02	1.394723e+01
1.223000e-05	-2.030502e-02	1.406200e+01
1.224000e-05	-1.731714e-02	1.419041e+01
1.225000e-05	-1.757518e-02	1.424703e+01
1.226000e-05	-2.021671e-02	1.442134e+01
1.227000e-05	-2.723345e-02	1.450513e+01
1.228000e-05	-2.494901e-02	1.461037e+01
1.229000e-05	-2.605530e-02	1.464153e+01
1.230000e-05	-2.840863e-02	1.473824e+01
1.231000e-05	-3.253252e-02	1.479092e+01
1.232000e-05	-2.879106e-02	1.489552e+01
1.233000e-05	-2.947492e-02	1.491669e+01
1.234000e-05	-2.572618e-02	1.498026e+01
1.235000e-05	-3.254284e-02	1.501987e+01
1.236000e-05	-3.496376e-02	1.505305e+01
1.237000e-05	-3.505658e-02	1.512366e+01
1.238000e-05	-3.723717e-02	1.516771e+01
1.239000e-05	-3.601287e-02	1.512779e+01
1.240000e-05	-4.095549e-02	1.517129e+01
1.241000e-05	-3.885228e-02	1.515187e+01
1.242000e-05	-4.220917e-02	1.516242e+01
1.243000e-05	-4.081029e-02	1.519049e+01
1.244000e-05	-4.679672e-02	1.526295e+01
1.245000e-05	-4.954196e-02	1.525192e+01
1.246000e-05	-5.162421e-02	1.521227e+01
1.247000e-05	-5.243840e-02	1.519086e+01
1.248000e-05	-5.259072e-02	1.515024e+01
1.249000e-05	-5.697118e-02	1.511868e+01
1.250000e-05	-5.708496e-02	1.510668e+01
1.251000e-05	-5.784347e-02	1.507505e+01
1.252000e-05	-5.592493e-02	1.501042e+01
1.253000e-05	-5.920004e-02	1.494974e+01
1.254000e-05	-5.936181e-02	1.491721e+01
1.255000e-05	-5.821899e-02	1.483458e+01
1.256000e-05	-5.337573e-02	1.480080e+01
1.257000e-05	-5.080248e-02	1.476769e+01
1.258000e-05	-5.016598e-02	1.466510e+01
1.259000e-05	-4.642914e-02	1.460984e+01
1.260000e-05	-4.296666e-02	1.452663e+01
1.261000e-05	-3.895729e-02	1.441035e+01
1.262000e-05	-3.971219e-02	1.431713e+01
1.263000e-05	-3.686135e-02	1.419287e+01
1.264000e-05	-3.621827e-02	1.405558e+01
1.265000e-05	-3.233700e-02	1.394976e+01
1.266000e-05	-3.113565e-02	1.384545e+01
1.267000e-05	-3.041579e-02	1.370813e+01
1.268000e-05	-2.606292e-02	1.355134e+01
1.269000e-05	-2.589010e-02	1.345143e+01
1.270000e-05	-2.211246e-02	1.331806e+01
1.271000e-05	-2.424094e-02	1.318082e+01
1.272000e-05	-2.202958e-02	1.302153e+01
1.273000e-05	-2.291671e-02	1.291455e+01
1.274000e-05	-2.024409e-02	1.270718e+01
1.275000e-05	-2.074414e-02	1.258029e+01
1.276000e-05	-1.901678e-02	1.239189e+01
1.277000e-05	-1.868368e-02	1.227345e+01
1.278000e-05	-1.679864e-02	1.206608e+01
1.279000e-05	-1.545810e-02	1.185361e+01
1.280000e-05	-1.588015e-02	1.167664e+01
1.281000e-05	-1.697632e-02	1.152605e+01
1.282000e-05	-1.713716e-02	1.132758e+01
1.283000e-05	-1.502348e-02	1.108513e+01
1.284000e-05	-1.371629e-02	1.091774e+01
1.285000e-05	-1.406069e-02	1.072721e+01
1.286000e-05	-1.354209e-02	1.052714e+01
1.287000e-05	-1.238684e-02	1.026508e+01
1.288000e-05	-1.116490e-02	1.011518e+01
1.289000e-05	-1.093615e-02	9.865105e+00
1.290000e-05	-1.238578e-02	9.672848e+00
1.291000e-05	-1.210730e-02	9.401971e+00
1.292000e-05	-1.199108e-02	9.180917e+00
1.293000e-05	-1.175809e-02	8.971244e+00
1.294000e-05	-1.198785e-02	8.736764e+00
1.295000e-05	-1.110122e-02	8.485737e+00
1.296000e-05	-1.068784e-02	8.286707e+00
1.297000e-05	-9.068301e-03	8.054496e+00
1.298000e-05	-8.544432e-03	7.809444e+00
1.299000e-05	-8.777168e-03	7.538785e+00
1.300000e-05	-9.677448e-03	7.241976e+00
1.301000e-05	-8.970044e-03	7.012998e+00
1.302000e-05	-9.234440e-03	6.759243e+00
1.303000e-05	-9.903075e-03	6.525159e+00
1.304000e-05	-9.743047e-03	6.212546e+00
1.305000e-05	-9.659253e-03	5.990447e+00
1.306000e-05	-7.773673e-03	5.728763e+00
1.307000e-05	-7.631610e-03	5.475135e+00
1.308000e-05	-7.525546e-03	5.148342e+00
1.309000e-05	-7.796995e-03	4.831450e+00
1.310000e-05	-7.883185e-03	4.559291e+00
1.311000e-05	-7.775920e-03	4.316237e+00
1.312000e-05	-8.241298e-03	4.022977e+00
1.313000e-05	-8.220838e-03	3.779342e+00
1.314000e-05	-7.775707e-03	3.525236e+00
1.315000e-05	-6.491810e-03	3.178423e+00
1.316000e-05	-6.167403e-03	2.918264e+00
1.317000e-05	-6.206857e-03	2.717134e+00
1.318000e-05	-6.444438e-03	2.369921e+00
1.319000e-05	-5.849545e-03	2.096713e+00
1.320000e-05	-5.317824e-03	1.852629e+00
1.321000e-05	-6.276691e-03	1.527238e+00
1.322000e-05	-6.371701e-03	1.252653e+00
1.323000e-05	-7.061671e-03	9.387631e-01
1.324000e-05	-5.873913e-03	6.115300e-01
1.325000e-05	-4.660996e-03	3.899222e-01
1.326000e-05	-3.893190e-03	4.368033e-02
1.327000e-05	-1.497213e-03	-1.885012e-01
1.328000e-05	9.225036e-03	-4.206789e-01
1.329000e-05	-6.051845e-03	-7.164146e-01
1.330000e-05	5.392772e-03	-1.018950e+00
1.331000e-05	-6.700528e-03	-1.262183e+00
1.332000e-05	2.134411e-03	-1.588341e+00
1.333000e-05	-4.329425e-03	-1.790000e+00
1.334000e-05	3.786016e-02	-2.020525e+00
1.335000e-05	1.091665e-01	-2.344785e+00
1.336000e-05	-6.191248e-02	-2.683737e+00
1.337000e-05	-1.886198e-02	-3.095259e+00
1.338000e-05	-4.198856e-02	-3.379394e+00
1.339000e-05	-2.801648e-02	-3.556470e+00
1.340000e-05	-9.336090e-02	-3.747498e+00
1.341000e-05	1.778381e-01	-3.968947e+00
1.342000e-05	-1.099493e-01	-4.261502e+00
1.343000e-05	3.271089e-02	-4.535189e+00
1.344000e-05	1.246890e-01	-4.716768e+00
1.345000e-05	-1.446970e-01	-5.083635e+00
1.346000e-05	1.662954e-01	-5.409916e+00
1.347000e-05	-1.462562e-01	-5.662654e+00
1.348000e-05	3.931503e-03	-5.925893e+00
1.349000e-05	6.761903e-02	-6.086716e+00
1.350000e-05	-8.780976e-02	-6.474180e+00
1.351000e-05	1.512494e-01	-6.716735e+00
1.352000e-05	-1.273578e-01	-6.950418e+00
1.353000e-05	8.336600e-02	-7.272634e+00
1.354000e-05	-1.505148e-02	-7.495156e+00
1.355000e-05	-2.590418e-02	-7.881526e+00
1.356000e-05	8.576902e-02	-8.041606e+00
1.357000e-05	-1.434147e-01	-8.314657e+00
1.358000e-05	1.579267e-01	-8.526315e+00
1.359000e-05	-8.304891e-02	-8.798870e+00
1.360000e-05	6.952628e-02	-9.050973e+00
1.361000e-05	-3.787202e-02	-9.219998e+00
1.362000e-05	-1.521959e-02	-9.463204e+00
1.363000e-05	6.659596e-02	-9.714635e+00
1.364000e-05	-5.038287e-02	-9.925656e+00
1.365000e-05	8.781183e-02	-1.010529e+01
1.366000e-05	-8.386231e-02	-1.034627e+01
1.367000e-05	8.358646e-02	-1.057777e+01
1.368000e-05	-3.838595e-02	-1.073736e+01
1.369000e-05	4.132827e-02	-1.091629e+01
1.370000e-05	-2.555040e-02	-1.115676e+01
1.371000e-05	1.293847e-03	-1.135829e+01
1.372000e-05	3.434666e-02	-1.156931e+01
1.373000e-05	3.466216e-03	-1.180889e+01
1.374000e-05	3.469581e-02	-1.194734e+01
1.375000e-05	-3.040205e-02	-1.216879e+01
1.376000e-05	3.682188e-02	-1.231469e+01
1.377000e-05	-1.034174e-02	-1.250511e+01
1.378000e-05	3.193708e-02	-1.266407e+01
1.379000e-05	-1.543977e-02	-1.281040e+01
1.380000e-05	2.024478e-02	-1.297979e+01
1.381000e-05	1.414131e-02	-1.310471e+01
1.382000e-05	3.052030e-02	-1.329360e+01
1.383000e-05	8.207819e-03	-1.343937e+01
1.384000e-05	2.448734e-03	-1.356579e+01
1.385000e-05	1.095261e-02	-1.370403e+01
1.386000e-05	1.873145e-02	-1.380189e+01
1.387000e-05	1.828690e-02	-1.393526e+01
1.388000e-05	7.829156e-03	-1.406410e+01
1.389000e-05	1.275968e-02	-1.419036e+01
1.390000e-05	2.043171e-02	-1.432458e+01
1.391000e-05	2.878583e-02	-1.443997e+01
1.392000e-05	1.453078e-02	-1.448411e+01
1.393000e-05	1.447113e-02	-1.460092e+01
1.394000e-05	1.357656e-02	-1.466458e+01
1.395000e-05	2.891899e-02	-1.474829e+01
1.396000e-05	2.247155e-02	-1.483197e+01
1.397000e-05	1.886121e-02	-1.486656e+01
1.398000e-05	1.453189e-02	-1.498889e+01
1.399000e-05	2.693492e-02	-1.504249e+01
1.400000e-05	3.110976e-02	-1.505510e+01
1.401000e-05	2.585093e-02	-1.512718e+01
1.402000e-05	2.237169e-02	-1.515831e+01
1.403000e-05	2.507660e-02	-1.518932e+01
1.404000e-05	3.518443e-02	-1.525442e+01
1.405000e-05	3.348819e-02	-1.528498e+01
1.406000e-05	2.896036e-02	-1.532561e+01
1.407000e-05	2.683989e-02	-1.532616e+01
1.408000e-05	3.639514e-02	-1.533618e+01
1.409000e-05	4.249056e-02	-1.534719e+01
1.410000e-05	4.142612e-02	-1.531761e+01
1.411000e-05	3.831357e-02	-1.532664e+01
1.412000e-05	4.019015e-02	-1.534515e+01
1.413000e-05	4.725341e-02	-1.524611e+01
1.414000e-05	4.814492e-02	-1.524307e+01
1.415000e-05	4.623500e-02	-1.521245e+01
1.416000e-05	4.511036e-02	-1.519089e+01
1.417000e-05	5.098465e-02	-1.516969e+01
1.418000e-05	5.476880e-02	-1.512758e+01
1.419000e-05	5.345357e-02	-1.507352e+01
1.420000e-05	4.818997e-02	-1.501042e+01
1.421000e-05	4.655948e-02	-1.500984e+01
1.422000e-05	4.876553e-02	-1.486761e+01
1.423000e-05	4.671226e-02	-1.480334e+01
1.424000e-05	4.101323e-02	-1.471718e+01
1.425000e-05	3.639381e-02	-1.466300e+01
1.426000e-05	3.546699e-02	-1.458934e+01
1.427000e-05	3.593147e-02	-1.444558e+01
1.428000e-05	3.254383e-02	-1.439132e+01
1.429000e-05	2.641976e-02	-1.428312e+01
1.430000e-05	2.494635e-02	-1.417979e+01
1.431000e-05	2.559716e-02	-1.401452e+01
1.432000e-05	2.397177e-02	-1.393721e+01
1.433000e-05	1.997783e-02	-1.380082e+01
1.434000e-05	1.621898e-02	-1.364300e+01
1.435000e-05	1.571878e-02	-1.350966e+01
1.436000e-05	1.729237e-02	-1.339089e+01
1.437000e-05	1.627330e-02	-1.326540e+01
1.438000e-05	1.290372e-02	-1.309610e+01
1.439000e-05	1.026762e-02	-1.296984e+01
1.440000e-05	1.226816e-02	-1.283087e+01
1.441000e-05	1.356202e-02	-1.267500e+01
1.442000e-05	1.058416e-02	-1.247514e+01
1.443000e-05	6.401519e-03	-1.231619e+01
1.444000e-05	6.473602e-03	-1.215779e+01
1.445000e-05	8.102825e-03	-1.196089e+01
1.446000e-05	6.962941e-03	-1.177934e+01
1.447000e-05	5.191027e-03	-1.152979e+01
1.448000e-05	4.244544e-03	-1.134867e+01
1.449000e-05	5.681480e-03	-1.114869e+01
1.450000e-05	6.429138e-03	-1.090781e+01
1.451000e-05	5.860193e-03	-1.071876e+01
1.452000e-05	3.074778e-03	-1.057081e+01
1.453000e-05	2.975952e-03	-1.039876e+01
1.454000e-05	3.244111e-03	-1.012724e+01
1.455000e-05	2.418326e-03	-9.907162e+00
1.456000e-05	1.732431e-03	-9.734663e+00
1.457000e-05	3.846926e-04	-9.496084e+00
1.458000e-05	1.736441e-03	-9.272927e+00
1.459000e-05	2.502029e-03	-9.042951e+00
1.460000e-05	2.436372e-03	-8.822872e+00
1.461000e-05	2.032526e-04	-8.580373e+00
1.462000e-05	-1.065317e-03	-8.339214e+00
1.463000e-05	1.127334e-04	-8.055707e+00
1.464000e-05	-4.162190e-04	-7.895029e+00
1.465000e-05	-1.694118e-03	-7.509319e+00
1.466000e-05	-1.711176e-03	-7.319234e+00
1.467000e-05	-2.115357e-03	-7.074058e+00
1.468000e-05	5.815676e-04	-6.759421e+00
1.469000e-05	-8.645122e-04	-6.589338e+00
1.470000e-05	-1.624886e-03	-6.345685e+00
1.471000e-05	-3.703054e-03	-6.012000e+00
1.472000e-05	-1.516243e-03	-5.789794e+00
1.473000e-05	-1.848819e-03	-5.514130e+00
1.474000e-05	-2.487115e-03	-5.210421e+00
1.475000e-05	-5.587048e-03	-4.906679e+00
1.476000e-05	-2.631809e-03	-4.580448e+00
1.477000e-05	-2.343861e-03	-4.368346e+00
1.478000e-05	-2.034439e-03	-4.136739e+00
1.479000e-05	-5.855002e-03	-3.802531e+00
1.480000e-05	-5.007100e-03	-3.547370e+00
1.481000e-05	-6.093112e-03	-3.305683e+00
1.482000e-05	-3.133297e-03	-2.991476e+00
1.483000e-05	-4.218809e-03	-2.706812e+00
1.484000e-05	-4.270862e-03	-2.472635e+00
1.485000e-05	-5.034851e-03	-2.169375e+00
1.486000e-05	-3.927101e-03	-1.895183e+00
1.487000e-05	-4.876985e-03	-1.631504e+00
1.488000e-05	-5.282033e-03	-1.296212e+00
1.489000e-05	-7.316990e-03	-9.814436e-01
1.490000e-05	-5.836360e-03	-7.258159e-01
1.491000e-05	-4.276973e-03	-4.314500e-01
1.492000e-05	-4.666324e-03	-1.688174e-01
1.493000e-05	1.816639e-03	1.158130e-01
1.494000e-05	3.355836e-03	4.110238e-01
1.495000e-05	-3.083549e-03	6.501077e-01
1.496000e-05	1.529188e-03	8.437379e-01
1.497000e-05	-5.246549e-03	1.190476e+00
1.498000e-05	-1.246526e-03	1.493285e+00
1.499000e-05	-5.077965e-03	1.789445e+00
1.500000e-05	1.902898e-02	1.979022e+00
1.501000e-05	6.600871e-02	2.241579e+00
1.502000e-05	3.386678e-02	2.588974e+00
1.503000e-05	-7.915939e-02	2.904342e+00
1.504000e-05	-2.079656e-02	3.186999e+00
1.505000e-05	-3.395224e-02	3.462111e+00
1.506000e-05	-4.748059e-02	3.696212e+00
1.507000e-05	-5.736904e-02	3.893760e+00
1.508000e-05	1.202504e-01	4.155266e+00
1.509000e-05	-7.807904e-02	4.461686e+00
1.510000e-05	-8.119753e-04	4.687184e+00
1.511000e-05	1.343071e-01	5.027472e+00
1.512000e-05	-1.168473e-01	5.325362e+00
1.513000e-05	6.502156e-02	5.558398e+00
1.514000e-05	-7.787676e-02	5.882675e+00
1.515000e-05	1.274520e-02	6.105234e+00
1.516000e-05	1.316165e-02	6.397293e+00
1.517000e-05	-4.239800e-02	6.682577e+00
1.518000e-05	3.900082e-02	6.925186e+00
1.519000e-05	-4.561656e-02	7.159938e+00
1.520000e-05	3.148275e-02	7.393050e+00
1.521000e-05	-3.531970e-02	7.704688e+00
1.522000e-05	-4.187112e-03	8.009991e+00
1.523000e-05	8.909269e-03	8.262054e+00
1.524000e-05	-4.663941e-02	8.433577e+00
1.525000e-05	5.010039e-02	8.703555e+00
1.526000e-05	-4.312270e-02	8.894209e+00
1.527000e-05	1.450112e-04	9.166236e+00
1.528000e-05	-2.681434e-02	9.367841e+00
1.529000e-05	5.275581e-03	9.559343e+00
1.530000e-05	-8.480559e-03	9.822444e+00
1.531000e-05	-1.364553e-02	1.003100e+01
1.532000e-05	-1.654048e-03	1.026252e+01
1.533000e-05	-1.807912e-02	1.048393e+01
1.534000e-05	4.338320e-03	1.066452e+01
1.535000e-05	-2.548901e-02	1.088353e+01
1.536000e-05	-1.436873e-02	1.103355e+01
1.537000e-05	-2.231248e-02	1.123350e+01
1.538000e-05	-3.017272e-03	1.145362e+01
1.539000e-05	-1.103367e-02	1.171463e+01
1.540000e-05	-7.196940e-03	1.187205e+01
1.541000e-05	-1.942719e-02	1.201150e+01
1.542000e-05	-1.068670e-02	1.221092e+01
1.543000e-05	-1.504087e-02	1.241887e+01
1.544000e-05	-1.925222e-02	1.254679e+01
1.545000e-05	-2.057436e-02	1.273426e+01
1.546000e-05	-2.126167e-02	1.287406e+01
1.547000e-05	-7.805084e-03	1.300090e+01
1.548000e-05	-1.351138e-02	1.316979e+01
1.549000e-05	-1.205332e-02	1.333823e+01
1.550000e-05	-2.534116e-02	1.345242e+01
1.551000e-05	-1.738856e-02	1.354934e+01
1.552000e-05	-2.229404e-02	1.369466e+01
1.553000e-05	-1.940780e-02	1.384347e+01
1.554000e-05	-2.686937e-02	1.397771e+01
1.555000e-05	-2.284605e-02	1.410600e+01
1.556000e-05	-1.601595e-02	1.421144e+01
1.557000e-05	-2.031563e-02	1.432669e+01
1.558000e-05	-2.140784e-02	1.443194e+01
1.559000e-05	-3.092430e-02	1.453561e+01
1.560000e-05	-2.197251e-02	1.462049e+01
1.561000e-05	-2.751921e-02	1.465403e+01
1.562000e-05	-2.531767e-02	1.478024e+01
1.563000e-05	-3.196988e-02	1.481400e+01
1.564000e-05	-2.931393e-02	1.487495e+01
1.565000e-05	-2.805489e-02	1.490724e+01
1.566000e-05	-2.972913e-02	1.496136e+01
1.567000e-05	-3.400513e-02	1.502242e+01
1.568000e-05	-3.767787e-02	1.506297e+01
1.569000e-05	-3.351254e-02	1.510511e+01
1.570000e-05	-3.544669e-02	1.510631e+01
1.571000e-05	-3.432167e-02	1.517022e+01
1.572000e-05	-4.143467e-02	1.518989e+01
1.573000e-05	-4.160203e-02	1.520179e+01
1.574000e-05	-4.258330e-02	1.523282e+01
1.575000e-05	-4.326200e-02	1.520342e+01
1.576000e-05	-4.728926e-02	1.521337e+01
1.577000e-05	-5.050565e-02	1.521197e+01
1.578000e-05	-4.906718e-02	1.519077e+01
1.579000e-05	-5.186690e-02	1.518987e+01
1.580000e-05	-5.130012e-02	1.515127e+01
1.581000e-05	-5.815318e-02	1.512461e+01
1.582000e-05	-5.840685e-02	1.509715e+01
1.583000e-05	-5.818749e-02	1.507107e+01
1.584000e-05	-5.652663e-02	1.499192e+01
1.585000e-05	-5.872866e-02	1.496884e+01
1.586000e-05	-5.991963e-02	1.488659e+01
1.587000e-05	-5.615600e-02	1.485355e+01
1.588000e-05	-5.413680e-02	1.476934e+01
1.589000e-05	-5.026468e-02	1.471666e+01
1.590000e-05	-5.064459e-02	1.467398e+01
1.591000e-05	-4.674147e-02	1.460081e+01
1.592000e-05	-4.209531e-02	1.449555e+01
1.593000e-05	-3.801433e-02	1.440139e+01
1.594000e-05	-3.834608e-02	1.429350e+01
1.595000e-05	-3.674075e-02	1.418131e+01
1.596000e-05	-3.444261e-02	1.403460e+01
1.597000e-05	-3.229686e-02	1.394873e+01
1.598000e-05	-2.970456e-02	1.382292e+01
1.599000e-05	-3.037555e-02	1.366547e+01
1.600000e-05	-2.535126e-02	1.354821e+01
1.601000e-05	-2.693549e-02	1.340342e+01
1.602000e-05	-2.261952e-02	1.329660e+01
1.603000e-05	-2.422536e-02	1.316827e+01
1.604000e-05	-2.137649e-02	1.300189e+01
1.605000e-05	-2.172380e-02	1.281300e+01
1.606000e-05	-1.989258e-02	1.268516e+01
1.607000e-05	-2.039367e-02	1.251821e+01
1.608000e-05	-1.920224e-02	1.237931e+01
1.609000e-05	-1.839881e-02	1.220137e+01
1.610000e-05	-1.573622e-02	1.200295e+01
1.611000e-05	-1.631091e-02	1.183200e+01
1.612000e-05	-1.513836e-02	1.168398e+01
1.613000e-05	-1.695470e-02	1.144412e+01
1.614000e-05	-1.577432e-02	1.123550e+01
1.615000e-05	-1.411288e-02	1.104297e+01
1.616000e-05	-1.408737e-02	1.087455e+01
1.617000e-05	-1.366538e-02	1.064455e+01
1.618000e-05	-1.352735e-02	1.047410e+01
1.619000e-05	-1.219882e-02	1.027302e+01
1.620000e-05	-1.174566e-02	1.002298e+01
1.621000e-05	-1.154391e-02	9.790995e+00
1.622000e-05	-1.230151e-02	9.589342e+00
1.623000e-05	-1.182032e-02	9.379340e+00
1.624000e-05	-1.110067e-02	9.128291e+00
1.625000e-05	-1.080135e-02	8.928110e+00
1.626000e-05	-1.050798e-02	8.645608e+00
1.627000e-05	-1.143836e-02	8.454132e+00
1.628000e-05	-1.017089e-02	8.234024e+00
1.629000e-05	-1.073773e-02	7.989792e+00
1.630000e-05	-9.959587e-03	7.698209e+00
1.631000e-05	-9.594796e-03	7.502549e+00
1.632000e-05	-9.310889e-03	7.189920e+00
1.633000e-05	-9.909396e-03	6.959286e+00
1.634000e-05	-8.514796e-03	6.694212e+00
1.635000e-05	-9.099703e-03	6.452924e+00
1.636000e-05	-1.004882e-02	6.190321e+00
1.637000e-05	-9.614275e-03	5.937818e+00
1.638000e-05	-8.635061e-03	5.637046e+00
1.639000e-05	-7.438863e-03	5.391500e+00
1.640000e-05	-7.579205e-03	5.066607e+00
1.641000e-05	-7.094869e-03	4.771843e+00
1.642000e-05	-8.081134e-03	4.496163e+00
1.643000e-05	-7.759619e-03	4.243178e+00
1.644000e-05	-7.844085e-03	3.988892e+00
1.645000e-05	-8.073860e-03	3.677734e+00
1.646000e-05	-6.881898e-03	3.441499e+00
1.647000e-05	-6.222936e-03	3.138337e+00
1.648000e-05	-6.432486e-03	2.885158e+00
1.649000e-05	-7.419003e-03	2.583476e+00
1.650000e-05	-6.952116e-03	2.317265e+00
1.651000e-05	-7.241066e-03	2.061978e+00
1.652000e-05	-6.537946e-03	1.738875e+00
1.653000e-05	-6.322947e-03	1.453129e+00
1.654000e-05	-5.807864e-03	1.201371e+00
1.655000e-05	-5.296261e-03	8.736251e-01
1.656000e-05	-5.146733e-03	5.914423e-01
1.657000e-05	-4.140803e-03	3.068107e-01
1.658000e-05	-4.363374e-03	5.244751e-02
1.659000e-05	9.886525e-05	-2.326590e-01
1.660000e-05	4.493244e-03	-4.832379e-01
1.661000e-05	-3.148400e-03	-8.090023e-01
1.662000e-05	4.616377e-03	-1.042108e+00
1.663000e-05	-3.144890e-03	-1.353438e+00
1.664000e-05	-8.467819e-04	-1.638548e+00
1.665000e-05	9.722363e-04	-1.850656e+00
1.666000e-05	5.126003e-02	-2.062581e+00
1.667000e-05	9.792202e-02	-2.378471e+00
1.668000e-05	-8.750173e-02	-2.787471e+00
1.669000e-05	-3.625612e-04	-3.188046e+00
1.670000e-05	-5.659907e-02	-3.419531e+00
1.671000e-05	-3.194006e-02	-3.619999e+00
1.672000e-05	-6.045895e-02	-3.871104e+00
1.673000e-05	1.892069e-01	-4.000501e+00
1.674000e-05	-1.737737e-01	-4.325790e+00
1.675000e-05	1.282494e-01	-4.574941e+00
1.676000e-05	1.546547e-04	-4.821026e+00
1.677000e-05	-6.493478e-02	-5.186865e+00
1.678000e-05	1.338599e-01	-5.422471e+00
1.679000e-05	-1.864413e-01	-5.715888e+00
1.680000e-05	8.251667e-02	-5.978870e+00
1.681000e-05	-5.454238e-03	-6.251473e+00
1.682000e-05	-2.384761e-02	-6.546314e+00
1.683000e-05	1.168541e-01	-6.778841e+00
1.684000e-05	-1.372341e-01	-7.083174e+00
1.685000e-05	1.320097e-01	-7.345718e+00
1.686000e-05	-8.547283e-02	-7.516892e+00
1.687000e-05	5.511205e-02	-7.934658e+00
1.688000e-05	4.530990e-03	-8.084708e+00
1.689000e-05	-8.418517e-02	-8.337819e+00
1.690000e-05	1.461736e-01	-8.587970e+00
1.691000e-05	-1.069341e-01	-8.862028e+00
1.692000e-05	1.083704e-01	-9.093109e+00
1.693000e-05	-9.745275e-02	-9.243552e+00
1.694000e-05	5.484818e-02	-9.517259e+00
1.695000e-05	8.465897e-03	-9.747238e+00
1.696000e-05	-2.171373e-03	-9.966338e+00
1.697000e-05	4.774579e-02	-1.018834e+01
1.698000e-05	-6.555375e-02	-1.041885e+01
1.699000e-05	8.514464e-02	-1.061042e+01
1.700000e-05	-5.270488e-02	-1.080947e+01
1.701000e-05	5.983487e-02	-1.104742e+01
1.702000e-05	-5.575230e-02	-1.118034e+01
1.703000e-05	3.730866e-02	-1.139089e+01
1.704000e-05	9.665905e-03	-1.159892e+01
1.705000e-05	2.668483e-02	-1.182147e+01
1.706000e-05	1.066746e-02	-1.201037e+01
1.707000e-05	-1.476711e-02	-1.221089e+01
1.708000e-05	3.004624e-02	-1.234826e+01
1.709000e-05	-5.324729e-03	-1.251629e+01
1.710000e-05	2.836509e-02	-1.271563e+01
1.711000e-05	-1.951836e-02	-1.290398e+01
1.712000e-05	2.731107e-02	-1.299940e+01
1.713000e-05	1.214562e-02	-1.314676e+01
1.714000e-05	3.448738e-02	-1.332561e+01
1.715000e-05	-1.515173e-04	-1.346260e+01
1.716000e-05	8.665688e-03	-1.356981e+01
1.717000e-05	9.107737e-03	-1.370666e+01
1.718000e-05	2.394487e-02	-1.384145e+01
1.719000e-05	1.288591e-02	-1.395781e+01
1.720000e-05	8.909290e-03	-1.413573e+01
1.721000e-05	1.198097e-02	-1.420089e+01
1.722000e-05	2.625064e-02	-1.431715e+01
1.723000e-05	2.654190e-02	-1.446389e+01
1.724000e-05	1.525844e-02	-1.452768e+01
1.725000e-05	1.212045e-02	-1.463037e+01
1.726000e-05	1.768642e-02	-1.472261e+01
1.727000e-05	3.011479e-02	-1.474827e+01
1.728000e-05	2.128961e-02	-1.483542e+01
1.729000e-05	1.736898e-02	-1.491821e+01
1.730000e-05	1.524029e-02	-1.501937e+01
1.731000e-05	2.979915e-02	-1.505202e+01
1.732000e-05	3.100035e-02	-1.509606e+01
1.733000e-05	2.662628e-02	-1.515873e+01
1.734000e-05	2.104185e-02	-1.518879e+01
1.735000e-05	2.806941e-02	-1.521092e+01
1.736000e-05	3.739490e-02	-1.529505e+01
1.737000e-05	3.388559e-02	-1.526400e+01
1.738000e-05	2.742529e-02	-1.528506e+01
1.739000e-05	2.627254e-02	-1.530561e+01
1.740000e-05	3.774273e-02	-1.533718e+01
1.741000e-05	4.300488e-02	-1.535669e+01
1.742000e-05	4.132646e-02	-1.529564e+01
1.743000e-05	3.687999e-02	-1.533868e+01
1.744000e-05	4.105940e-02	-1.531508e+01
1.745000e-05	4.985308e-02	-1.531403e+01
1.746000e-05	4.945201e-02	-1.527247e+01
1.747000e-05	4.488824e-02	-1.519192e+01
1.748000e-05	4.484405e-02	-1.519029e+01
1.749000e-05	5.202035e-02	-1.511821e+01
1.750000e-05	5.634262e-02	-1.511611e+01
1.751000e-05	5.265935e-02	-1.503405e+01
1.752000e-05	4.603006e-02	-1.500992e+01
1.753000e-05	4.653555e-02	-1.495886e+01
1.754000e-05	4.910095e-02	-1.486555e+01
1.755000e-05	4.736652e-02	-1.483082e+01
1.756000e-05	3.963269e-02	-1.468461e+01
1.757000e-05	3.422813e-02	-1.464150e+01
1.758000e-05	3.539995e-02	-1.456724e+01
1.759000e-05	3.570950e-02	-1.448343e+01
1.760000e-05	3.122161e-02	-1.435824e+01
1.761000e-05	2.405723e-02	-1.424202e+01
1.762000e-05	2.377533e-02	-1.416723e+01
1.763000e-05	2.553330e-02	-1.401087e+01
1.764000e-05	2.460056e-02	-1.391663e+01
1.765000e-05	1.879515e-02	-1.377936e+01
1.766000e-05	1.583020e-02	-1.363342e+01
1.767000e-05	1.613795e-02	-1.352563e+01
1.768000e-05	1.761450e-02	-1.341037e+01
1.769000e-05	1.606335e-02	-1.322345e+01
1.770000e-05	9.940531e-03	-1.305505e+01
1.771000e-05	1.010646e-02	-1.293921e+01
1.772000e-05	1.185654e-02	-1.278932e+01
1.773000e-05	1.506138e-02	-1.261387e+01
1.774000e-05	1.031545e-02	-1.248347e+01
1.775000e-05	7.816608e-03	-1.229563e+01
1.776000e-05	6.794956e-03	-1.211469e+01
1.777000e-05	8.947057e-03	-1.192768e+01
1.778000e-05	5.608430e-03	-1.170918e+01
1.779000e-05	2.912500e-03	-1.149671e+01
1.780000e-05	2.855598e-03	-1.134758e+01
1.781000e-05	6.651654e-03	-1.109508e+01
1.782000e-05	8.346548e-03	-1.087463e+01
1.783000e-05	6.808128e-03	-1.073668e+01
1.784000e-05	3.432396e-03	-1.048727e+01
1.785000e-05	2.656761e-03	-1.033716e+01
1.786000e-05	1.554739e-03	-1.004453e+01
1.787000e-05	2.582519e-03	-9.833053e+00
1.788000e-05	-1.812979e-04	-9.662580e+00
1.789000e-05	-1.904631e-03	-9.452506e+00
1.790000e-05	2.590223e-03	-9.209846e+00
1.791000e-05	5.246773e-03	-8.980819e+00
1.792000e-05	4.220888e-03	-8.737347e+00
1.793000e-05	-1.010412e-03	-8.556682e+00
1.794000e-05	-1.401236e-03	-8.305608e+00
1.795000e-05	3.869242e-04	-8.064057e+00
1.796000e-05	8.434840e-04	-7.841366e+00
1.797000e-05	-1.914474e-03	-7.454609e+00
1.798000e-05	-2.872992e-03	-7.242482e+00
1.799000e-05	-1.363262e-03	-7.000820e+00
1.800000e-05	1.719075e-03	-6.717138e+00
1.801000e-05	-1.670494e-04	-6.535713e+00
1.802000e-05	-2.606475e-03	-6.253553e+00
1.803000e-05	-4.737170e-03	-5.978247e+00
1.804000e-05	-5.608645e-04	-5.705240e+00
1.805000e-05	-2.501612e-03	-5.414476e+00
1.806000e-05	-2.344880e-03	-5.118263e+00
1.807000e-05	-6.706619e-03	-4.811447e+00
1.808000e-05	-3.144171e-03	-4.535762e+00
1.809000e-05	-1.523771e-03	-4.275189e+00
1.810000e-05	-1.278934e-03	-4.042102e+00
1.811000e-05	-6.585985e-03	-3.759696e+00
1.812000e-05	-6.147767e-03	-3.505684e+00
1.813000e-05	-4.196662e-03	-3.222156e+00
1.814000e-05	-2.058315e-03	-2.946242e+00
1.815000e-05	-4.061277e-03	-2.643605e+00
1.816000e-05	-7.232040e-03	-2.371021e+00
1.817000e-05	-4.178429e-03	-2.076712e+00
1.818000e-05	-2.856055e-03	-1.822528e+00
1.819000e-05	-3.137762e-03	-1.569391e+00
1.820000e-05	-8.196247e-03	-1.221951e+00
1.821000e-05	-8.997797e-03	-9.278169e-01
1.822000e-05	-6.391777e-03	-6.430343e-01
1.823000e-05	-2.629621e-03	-3.468186e-01
1.824000e-05	-3.814711e-03	-7.473816e-02
1.825000e-05	3.472993e-03	1.584673e-01
1.826000e-05	-1.432390e-03	4.725803e-01
1.827000e-05	2.232522e-03	7.043118e-01
1.828000e-05	-2.062799e-04	9.478960e-01
1.829000e-05	-3.761829e-03	1.313107e+00
1.830000e-05	-4.827781e-03	1.527466e+00
1.831000e-05	-1.243087e-03	1.859054e+00
1.832000e-05	2.385344e-02	2.001158e+00
1.833000e-05	8.358223e-02	2.355787e+00
1.834000e-05	-1.681249e-02	2.685728e+00
1.835000e-05	-5.717052e-02	2.989968e+00
1.836000e-05	-3.040857e-02	3.249654e+00
1.837000e-05	-1.717110e-02	3.546888e+00
1.838000e-05	-7.621082e-02	3.766943e+00
1.839000e-05	-1.643280e-02	3.946814e+00
1.840000e-05	1.218619e-01	4.250523e+00
1.841000e-05	-1.380526e-01	4.505687e+00
1.842000e-05	9.604344e-02	4.746913e+00
1.843000e-05	4.289104e-02	5.144653e+00
1.844000e-05	-7.910046e-02	5.388918e+00
1.845000e-05	5.039377e-02	5.651054e+00
1.846000e-05	-8.291680e-02	5.917763e+00
1.847000e-05	3.892632e-02	6.117896e+00
1.848000e-05	-1.306830e-02	6.421051e+00
1.849000e-05	-2.426991e-02	6.716262e+00
1.850000e-05	2.769777e-02	6.977866e+00
1.851000e-05	-4.528558e-02	7.199546e+00
1.852000e-05	3.844742e-02	7.505761e+00
1.853000e-05	-5.501660e-02	7.756793e+00
1.854000e-05	1.922519e-02	8.083055e+00
1.855000e-05	-1.338384e-02	8.274758e+00
1.856000e-05	-2.579425e-02	8.484736e+00
1.857000e-05	4.700371e-02	8.725187e+00
1.858000e-05	-5.853030e-02	8.968838e+00
1.859000e-05	1.778829e-02	9.169940e+00
1.860000e-05	-4.397123e-02	9.419971e+00
1.861000e-05	2.344341e-02	9.622075e+00
1.862000e-05	-2.760631e-02	9.893552e+00
1.863000e-05	-5.562997e-04	1.008418e+01
1.864000e-05	-5.708903e-03	1.029471e+01
1.865000e-05	-1.342328e-02	1.047368e+01
1.866000e-05	5.837441e-03	1.073571e+01
1.867000e-05	-3.608476e-02	1.090831e+01
1.868000e-05	-6.115231e-03	1.107515e+01
1.869000e-05	-3.013521e-02	1.127461e+01
1.870000e-05	5.698724e-03	1.151666e+01
1.871000e-05	-1.665406e-02	1.172568e+01
1.872000e-05	-2.570512e-03	1.188311e+01
1.873000e-05	-1.911039e-02	1.207321e+01
1.874000e-05	-1.056629e-02	1.227362e+01
1.875000e-05	-1.406330e-02	1.243197e+01
1.876000e-05	-2.356491e-02	1.262137e+01
1.877000e-05	-1.847045e-02	1.273768e+01
1.878000e-05	-2.301800e-02	1.286518e+01
1.879000e-05	-5.432228e-03	1.305345e+01
1.880000e-05	-1.780269e-02	1.318034e+01
1.881000e-05	-8.973447e-03	1.330921e+01
1.882000e-05	-2.517688e-02	1.349313e+01
1.883000e-05	-1.596907e-02	1.357133e+01
1.884000e-05	-2.183223e-02	1.376774e+01
1.885000e-05	-2.229572e-02	1.390605e+01
1.886000e-05	-2.425513e-02	1.400036e+01
1.887000e-05	-2.579819e-02	1.408856e+01
1.888000e-05	-1.715092e-02	1.424250e+01
1.889000e-05	-2.418209e-02	1.442034e+01
1.890000e-05	-1.915365e-02	1.443049e+01
1.891000e-05	-2.788180e-02	1.455828e+01
1.892000e-05	-2.150187e-02	1.463202e+01
1.893000e-05	-2.774848e-02	1.470413e+01
1.894000e-05	-2.677261e-02	1.475824e+01
1.895000e-05	-3.137060e-02	1.480105e+01
1.896000e-05	-3.332573e-02	1.489308e+01
1.897000e-05	-2.906027e-02	1.493831e+01
1.898000e-05	-3.324297e-02	1.501892e+01
1.899000e-05	-3.087712e-02	1.504147e+01
1.900000e-05	-3.585292e-02	1.507213e+01
1.901000e-05	-3.095282e-02	1.511660e+01
1.902000e-05	-3.485764e-02	1.512579e+01
1.903000e-05	-3.573912e-02	1.516929e+01
1.904000e-05	-4.247708e-02	1.520884e+01
1.905000e-05	-4.437385e-02	1.517282e+01
1.906000e-05	-4.384027e-02	1.524097e+01
1.907000e-05	-4.623109e-02	1.521400e+01
1.908000e-05	-4.567571e-02	1.524299e+01
1.909000e-05	-5.016806e-02	1.523289e+01
1.910000e-05	-4.721943e-02	1.520034e+01
1.911000e-05	-5.099921e-02	1.520026e+01
1.912000e-05	-5.342207e-02	1.514724e+01
1.913000e-05	-5.969291e-02	1.510661e+01
1.914000e-05	-6.065291e-02	1.509405e+01
1.915000e-05	-5.865739e-02	1.502144e+01
1.916000e-05	-5.803214e-02	1.500084e+01
1.917000e-05	-5.677363e-02	1.497926e+01
1.918000e-05	-5.761770e-02	1.487562e+01
1.919000e-05	-5.325658e-02	1.484192e+01
1.920000e-05	-5.255047e-02	1.478182e+01
1.921000e-05	-4.994945e-02	1.467705e+01
1.922000e-05	-4.980927e-02	1.463050e+01
1.923000e-05	-4.741590e-02	1.455884e+01
1.924000e-05	-4.370598e-02	1.444495e+01
1.925000e-05	-3.982618e-02	1.439027e+01
1.926000e-05	-3.608277e-02	1.423307e+01
1.927000e-05	-3.611747e-02	1.418979e+01
1.928000e-05	-3.064353e-02	1.403190e+01
1.929000e-05	-3.159356e-02	1.390870e+01
1.930000e-05	-2.780486e-02	1.377929e+01
1.931000e-05	-3.167596e-02	1.365352e+01
1.932000e-05	-2.639645e-02	1.352813e+01
1.933000e-05	-2.670644e-02	1.336987e+01
1.934000e-05	-2.215153e-02	1.321295e+01
1.935000e-05	-2.284886e-02	1.310713e+01
1.936000e-05	-2.090778e-02	1.295879e+01
1.937000e-05	-2.030125e-02	1.281234e+01
1.938000e-05	-2.019787e-02	1.264255e+01
1.939000e-05	-1.932733e-02	1.250518e+01
1.940000e-05	-1.922110e-02	1.233816e+01
1.941000e-05	-1.906358e-02	1.220031e+01
1.942000e-05	-1.687417e-02	1.197076e+01
1.943000e-05	-1.590218e-02	1.180137e+01
1.944000e-05	-1.514175e-02	1.160297e+01
1.945000e-05	-1.583022e-02	1.138039e+01
1.946000e-05	-1.496349e-02	1.121199e+01
1.947000e-05	-1.392834e-02	1.103147e+01
1.948000e-05	-1.285051e-02	1.083397e+01
1.949000e-05	-1.322653e-02	1.059397e+01
1.950000e-05	-1.331801e-02	1.039244e+01
1.951000e-05	-1.292734e-02	1.020127e+01
1.952000e-05	-1.218943e-02	9.989315e+00
1.953000e-05	-1.169234e-02	9.730242e+00
1.954000e-05	-1.221970e-02	9.486134e+00
1.955000e-05	-1.242667e-02	9.298137e+00
1.956000e-05	-1.130243e-02	9.065635e+00
1.957000e-05	-1.136734e-02	8.913499e+00
1.958000e-05	-1.042720e-02	8.612999e+00
1.959000e-05	-1.102068e-02	8.380923e+00
1.960000e-05	-1.032544e-02	8.151373e+00
1.961000e-05	-1.058581e-02	7.947185e+00
1.962000e-05	-9.668966e-03	7.674106e+00
1.963000e-05	-1.054323e-02	7.380899e+00
1.964000e-05	-7.895284e-03	7.148286e+00
1.965000e-05	-1.035217e-02	6.895610e+00
1.966000e-05	-8.481076e-03	6.663067e+00
1.967000e-05	-9.500648e-03	6.351293e+00
1.968000e-05	-8.609987e-03	6.138288e+00
1.969000e-05	-8.287200e-03	5.894633e+00
1.970000e-05	-8.967628e-03	5.600022e+00
1.971000e-05	-8.662208e-03	5.338339e+00
1.972000e-05	-8.667227e-03	4.982876e+00
1.973000e-05	-7.799751e-03	4.687212e+00
1.974000e-05	-7.555152e-03	4.432579e+00
1.975000e-05	-7.964054e-03	4.150399e+00
1.976000e-05	-7.631651e-03	3.876643e+00
1.977000e-05	-7.709995e-03	3.641583e+00
1.978000e-05	-7.207508e-03	3.357767e+00
1.979000e-05	-7.013669e-03	3.066634e+00
1.980000e-05	-6.490452e-03	2.822053e+00
1.981000e-05	-6.538215e-03	2.547789e+00
1.982000e-05	-7.201349e-03	2.252028e+00
1.983000e-05	-6.275055e-03	1.989451e+00
1.984000e-05	-6.826662e-03	1.698814e+00
1.985000e-05	-6.139881e-03	1.401425e+00
1.986000e-05	-6.460205e-03	1.066692e+00
1.987000e-05	-5.044460e-03	8.004199e-01
1.988000e-05	-5.165820e-03	4.956908e-01
1.989000e-05	-4.004053e-03	2.115253e-01
1.990000e-05	-3.374058e-03	-6.311034e-02
1.991000e-05	5.514216e-03	-3.368131e-01
1.992000e-05	-4.485904e-04	-5.584198e-01
1.993000e-05	-6.258321e-05	-8.716826e-01
1.994000e-05	-1.837209e-03	-1.115709e+00
1.995000e-05	-3.893416e-04	-1.400100e+00
1.996000e-05	-2.462465e-03	-1.662709e+00
1.997000e-05	1.211543e-02	-1.894311e+00
1.998000e-05	7.057117e-02	-2.114366e+00
1.999000e-05	5.963577e-02	-2.493755e+00
2.000000e-05	-8.332004e-02	-2.863784e+00
2.001000e-05	2.440170e-03	-3.273082e+00
2.002000e-05	-5.639760e-02	-3.504179e+00
2.003000e-05	-5.516813e-02	-3.663659e+00
2.004000e-05	7.709051e-03	-3.904663e+00
2.005000e-05	1.404594e-01	-4.052159e+00
2.006000e-05	-1.916995e-01	-4.378448e+00
2.007000e-05	1.825016e-01	-4.610944e+00
2.008000e-05	-1.025014e-01	-4.903161e+00
2.009000e-05	3.774563e-02	-5.222127e+00
2.010000e-05	5.658985e-02	-5.524174e+00
2.011000e-05	-1.733248e-01	-5.829497e+00
2.012000e-05	1.277129e-01	-6.030577e+00
2.013000e-05	-7.419043e-02	-6.293658e+00
2.014000e-05	5.752445e-02	-6.620023e+00
2.015000e-05	4.330325e-02	-6.848975e+00
2.016000e-05	-9.547537e-02	-7.165289e+00
2.017000e-05	1.330042e-01	-7.389343e+00
2.018000e-05	-1.225948e-01	-7.631099e+00
2.019000e-05	1.158690e-01	-7.987289e+00
2.020000e-05	-8.227761e-02	-8.186343e+00
2.021000e-05	6.783448e-03	-8.430574e+00
2.022000e-05	8.803612e-02	-8.642477e+00
2.023000e-05	-8.226843e-02	-8.943736e+00
2.024000e-05	1.020233e-01	-9.135709e+00
2.025000e-05	-1.205066e-01	-9.335785e+00
2.026000e-05	1.029611e-01	-9.589821e+00
2.027000e-05	-4.479696e-02	-9.779922e+00
2.028000e-05	5.200408e-02	-9.990997e+00
2.029000e-05	-8.120896e-03	-1.022052e+01
2.030000e-05	-1.957581e-02	-1.048205e+01
2.031000e-05	5.660772e-02	-1.063200e+01
2.032000e-05	-3.984312e-02	-1.083052e+01
2.033000e-05	5.486988e-02	-1.104102e+01
2.034000e-05	-6.102533e-02	-1.124408e+01
2.035000e-05	5.850286e-02	-1.145253e+01
2.036000e-05	-1.010534e-02	-1.163357e+01
2.037000e-05	4.458372e-02	-1.188408e+01
2.038000e-05	-1.505568e-02	-1.203353e+01
2.039000e-05	7.791410e-03	-1.223145e+01
2.040000e-05	1.513380e-02	-1.239987e+01
2.041000e-05	7.734961e-03	-1.260899e+01
2.042000e-05	1.581358e-02	-1.272769e+01
2.043000e-05	-1.095409e-02	-1.289461e+01
2.044000e-05	2.643718e-02	-1.306203e+01
2.045000e-05	1.387814e-02	-1.314934e+01
2.046000e-05	3.031935e-02	-1.335826e+01
2.047000e-05	-3.960393e-03	-1.349465e+01
2.048000e-05	1.344164e-02	-1.361037e+01
2.049000e-05	9.822140e-03	-1.373671e+01
2.050000e-05	2.544576e-02	-1.387307e+01
2.051000e-05	8.121249e-03	-1.401187e+01
2.052000e-05	1.118562e-02	-1.418731e+01
2.053000e-05	1.286624e-02	-1.426455e+01
2.054000e-05	2.942791e-02	-1.437576e+01
2.055000e-05	2.013551e-02	-1.445358e+01
2.056000e-05	1.542816e-02	-1.453624e+01
2.057000e-05	1.255785e-02	-1.462192e+01
2.058000e-05	2.284020e-02	-1.469516e+01
2.059000e-05	2.728905e-02	-1.478884e+01
2.060000e-05	1.929595e-02	-1.484300e+01
2.061000e-05	1.596155e-02	-1.492774e+01
2.062000e-05	1.929227e-02	-1.502989e+01
2.063000e-05	3.142753e-02	-1.505252e+01
2.064000e-05	2.830889e-02	-1.513518e+01
2.065000e-05	2.552025e-02	-1.515764e+01
2.066000e-05	2.239736e-02	-1.520776e+01
2.067000e-05	3.168259e-02	-1.525142e+01
2.068000e-05	3.601065e-02	-1.526395e+01
2.069000e-05	3.077219e-02	-1.527660e+01
2.070000e-05	2.653729e-02	-1.529661e+01
2.071000e-05	2.979868e-02	-1.529521e+01
2.072000e-05	4.092097e-02	-1.526716e+01
2.073000e-05	4.193730e-02	-1.533768e+01
2.074000e-05	4.022002e-02	-1.530704e+01
2.075000e-05	3.724121e-02	-1.531613e+01
2.076000e-05	4.406446e-02	-1.526565e+01
2.077000e-05	4.994702e-02	-1.529448e+01
2.078000e-05	4.690384e-02	-1.525355e+01
2.079000e-05	4.361271e-02	-1.523135e+01
2.080000e-05	4.666902e-02	-1.516979e+01
2.081000e-05	5.421845e-02	-1.515876e+01
2.082000e-05	5.545084e-02	-1.509453e+01
2.083000e-05	5.100427e-02	-1.502252e+01
2.084000e-05	4.595564e-02	-1.503034e+01
2.085000e-05	4.614925e-02	-1.494723e+01
2.086000e-05	4.722245e-02	-1.485350e+01
2.087000e-05	4.528454e-02	-1.477977e+01
2.088000e-05	3.841965e-02	-1.467558e+01
2.089000e-05	3.475938e-02	-1.463137e+01
2.090000e-05	3.559339e-02	-1.459774e+01
2.091000e-05	3.503301e-02	-1.442200e+01
2.092000e-05	3.048093e-02	-1.435014e+01
2.093000e-05	2.413167e-02	-1.422092e+01
2.094000e-05	2.363767e-02	-1.410866e+01
2.095000e-05	2.433051e-02	-1.402074e+01
2.096000e-05	2.319514e-02	-1.385348e+01
2.097000e-05	1.897610e-02	-1.378716e+01
2.098000e-05	1.560149e-02	-1.363039e+01
2.099000e-05	1.679612e-02	-1.347553e+01
2.100000e-05	1.818001e-02	-1.337673e+01
2.101000e-05	1.569973e-02	-1.319027e+01
2.102000e-05	1.117363e-02	-1.303405e+01
2.103000e-05	1.062188e-02	-1.290663e+01
2.104000e-05	1.180160e-02	-1.275978e+01
2.105000e-05	1.217724e-02	-1.262140e+01
2.106000e-05	8.902701e-03	-1.241347e+01
2.107000e-05	6.639231e-03	-1.226503e+01
2.108000e-05	6.874566e-03	-1.208653e+01
2.109000e-05	8.004994e-03	-1.192601e+01
2.110000e-05	6.675193e-03	-1.165602e+01
2.111000e-05	4.843974e-03	-1.146397e+01
2.112000e-05	4.194250e-03	-1.126343e+01
2.113000e-05	5.380946e-03	-1.105395e+01
2.114000e-05	6.170201e-03	-1.086452e+01
2.115000e-05	4.774089e-03	-1.066463e+01
2.116000e-05	2.706997e-03	-1.043408e+01
2.117000e-05	2.421274e-03	-1.022458e+01
2.118000e-05	3.348942e-03	-1.000334e+01
2.119000e-05	2.748694e-03	-9.861446e+00
2.120000e-05	1.572896e-03	-9.590948e+00
2.121000e-05	3.354513e-04	-9.369420e+00
2.122000e-05	1.400752e-03	-9.148242e+00
2.123000e-05	3.254699e-03	-8.917784e+00
2.124000e-05	9.153694e-04	-8.727688e+00
2.125000e-05	-1.102048e-03	-8.444978e+00
2.126000e-05	-8.667181e-04	-8.213001e+00
2.127000e-05	5.353716e-04	-7.990774e+00
2.128000e-05	1.198549e-03	-7.708810e+00
2.129000e-05	-8.851603e-04	-7.432555e+00
2.130000e-05	-1.299129e-03	-7.221846e+00
2.131000e-05	-8.500168e-04	-6.928788e+00
2.132000e-05	-9.589829e-05	-6.665655e+00
2.133000e-05	-2.419135e-03	-6.381451e+00
2.134000e-05	-2.703136e-03	-6.160817e+00
2.135000e-05	-4.718079e-03	-5.894658e+00
2.136000e-05	-8.767134e-04	-5.613502e+00
2.137000e-05	-2.591648e-03	-5.359813e+00
2.138000e-05	-2.411469e-03	-5.032630e+00
2.139000e-05	-3.785697e-03	-4.719712e+00
2.140000e-05	-2.446693e-03	-4.436580e+00
2.141000e-05	-3.073796e-03	-4.244051e+00
2.142000e-05	-4.052713e-03	-3.980402e+00
2.143000e-05	-4.965685e-03	-3.727183e+00
2.144000e-05	-5.749374e-03	-3.432604e+00
2.145000e-05	-3.612246e-03	-3.167468e+00
2.146000e-05	-3.949751e-03	-2.852080e+00
2.147000e-05	-4.492482e-03	-2.579924e+00
2.148000e-05	-5.053270e-03	-2.337288e+00
2.149000e-05	-2.660112e-03	-2.032025e+00
2.150000e-05	-3.750089e-03	-1.791441e+00
2.151000e-05	-5.280501e-03	-1.453633e+00
2.152000e-05	-8.313796e-03	-1.146843e+00
2.153000e-05	-7.611773e-03	-8.236054e-01
2.154000e-05	-6.884264e-03	-5.903226e-01
2.155000e-05	-4.240099e-03	-2.852618e-01
2.156000e-05	-3.294562e-03	-7.205264e-02
2.157000e-05	7.618923e-03	2.507316e-01
2.158000e-05	-3.647270e-03	5.048381e-01
2.159000e-05	5.011647e-03	7.568946e-01
2.160000e-05	-5.003863e-03	1.073154e+00
2.161000e-05	-8.507641e-04	1.295862e+00
2.162000e-05	-6.292681e-03	1.640556e+00
2.163000e-05	7.237237e-03	1.902759e+00
2.164000e-05	2.878565e-02	2.095789e+00
2.165000e-05	9.040032e-02	2.378023e+00
2.166000e-05	-6.054368e-02	2.777439e+00
2.167000e-05	-3.385273e-02	3.030656e+00
2.168000e-05	-4.193295e-02	3.254767e+00
2.169000e-05	-1.052705e-02	3.620397e+00
2.170000e-05	-9.373235e-02	3.849472e+00
2.171000e-05	3.271299e-02	3.987991e+00
2.172000e-05	8.906075e-02	4.305283e+00
2.173000e-05	-1.551228e-01	4.598975e+00
2.174000e-05	1.674808e-01	4.788546e+00
2.175000e-05	-4.535010e-02	5.188917e+00
2.176000e-05	-1.915161e-02	5.431550e+00
2.177000e-05	1.003389e-02	5.693789e+00
2.178000e-05	-6.800176e-02	6.027946e+00
2.179000e-05	4.758700e-02	6.199973e+00
2.180000e-05	-3.473776e-02	6.473239e+00
2.181000e-05	4.274512e-03	6.748949e+00
2.182000e-05	4.294197e-03	7.011552e+00
2.183000e-05	-2.626088e-02	7.264658e+00
2.184000e-05	2.777105e-02	7.578842e+00
2.185000e-05	-5.475082e-02	7.840002e+00
2.186000e-05	3.117844e-02	8.125938e+00
2.187000e-05	-3.761132e-02	8.357813e+00
2.188000e-05	-5.977384e-04	8.536865e+00
2.189000e-05	2.819743e-02	8.768867e+00
2.190000e-05	-5.276580e-02	9.011444e+00
2.191000e-05	1.891286e-02	9.272631e+00
2.192000e-05	-4.278377e-02	9.482001e+00
2.193000e-05	2.747210e-02	9.674129e+00
2.194000e-05	-3.145151e-02	9.924688e+00
2.195000e-05	5.595164e-03	1.011727e+01
2.196000e-05	-1.655281e-02	1.032621e+01
2.197000e-05	-1.051101e-02	1.055634e+01
2.198000e-05	-5.800816e-04	1.073732e+01
2.199000e-05	-3.292237e-02	1.098779e+01
2.200000e-05	-3.345421e-03	1.115776e+01
2.201000e-05	-2.766366e-02	1.136632e+01
2.202000e-05	8.044821e-03	1.155727e+01
2.203000e-05	-1.772749e-02	1.178936e+01
2.204000e-05	-6.088237e-03	1.198774e+01
2.205000e-05	-1.980493e-02	1.213621e+01
2.206000e-05	-1.213906e-02	1.230471e+01
2.207000e-05	-1.355228e-02	1.249610e+01
2.208000e-05	-2.337695e-02	1.266095e+01
2.209000e-05	-1.465729e-02	1.277984e+01
2.210000e-05	-2.197194e-02	1.292729e+01
2.211000e-05	-4.321430e-03	1.309405e+01
2.212000e-05	-1.747855e-02	1.324900e+01
2.213000e-05	-1.454215e-02	1.333879e+01
2.214000e-05	-2.523583e-02	1.351318e+01
2.215000e-05	-1.910445e-02	1.363105e+01
2.216000e-05	-2.005354e-02	1.376074e+01
2.217000e-05	-2.482366e-02	1.388558e+01
2.218000e-05	-2.332185e-02	1.402994e+01
2.219000e-05	-2.492136e-02	1.413574e+01
2.220000e-05	-1.568723e-02	1.423398e+01
2.221000e-05	-2.275342e-02	1.442933e+01
2.222000e-05	-2.123090e-02	1.445557e+01
2.223000e-05	-2.761832e-02	1.455722e+01
2.224000e-05	-2.472623e-02	1.463249e+01
2.225000e-05	-2.593563e-02	1.471511e+01
2.226000e-05	-2.918748e-02	1.481079e+01
2.227000e-05	-3.064802e-02	1.482200e+01
2.228000e-05	-3.403280e-02	1.487463e+01
2.229000e-05	-2.764676e-02	1.494936e+01
2.230000e-05	-3.251598e-02	1.501082e+01
2.231000e-05	-3.141706e-02	1.506297e+01
2.232000e-05	-3.638688e-02	1.505453e+01
2.233000e-05	-3.375175e-02	1.517610e+01
2.234000e-05	-3.495104e-02	1.513869e+01
2.235000e-05	-3.855343e-02	1.517031e+01
2.236000e-05	-4.151180e-02	1.519079e+01
2.237000e-05	-4.552275e-02	1.525039e+01
2.238000e-05	-4.203304e-02	1.522192e+01
2.239000e-05	-4.588785e-02	1.522290e+01
2.240000e-05	-4.612870e-02	1.521497e+01
2.241000e-05	-5.020796e-02	1.521242e+01
2.242000e-05	-5.007113e-02	1.518180e+01
2.243000e-05	-5.217340e-02	1.514979e+01
2.244000e-05	-5.485508e-02	1.512822e+01
2.245000e-05	-5.860313e-02	1.510615e+01
2.246000e-05	-6.098143e-02	1.505458e+01
2.247000e-05	-5.798583e-02	1.503292e+01
2.248000e-05	-5.759697e-02	1.497989e+01
2.249000e-05	-5.619608e-02	1.494866e+01
2.250000e-05	-5.777437e-02	1.490510e+01
2.251000e-05	-5.415629e-02	1.481145e+01
2.252000e-05	-5.209321e-02	1.478829e+01
2.253000e-05	-4.935358e-02	1.465410e+01
2.254000e-05	-4.792607e-02	1.462232e+01
2.255000e-05	-4.725359e-02	1.453666e+01
2.256000e-05	-4.338169e-02	1.445250e+01
2.257000e-05	-4.151961e-02	1.435769e+01
2.258000e-05	-3.545203e-02	1.431197e+01
2.259000e-05	-3.616474e-02	1.410714e+01
2.260000e-05	-3.004726e-02	1.398040e+01
2.261000e-05	-2.993748e-02	1.390715e+01
2.262000e-05	-2.750541e-02	1.374774e+01
2.263000e-05	-2.997668e-02	1.365344e+01
2.264000e-05	-2.733129e-02	1.349610e+01
2.265000e-05	-2.618143e-02	1.336781e+01
2.266000e-05	-2.465971e-02	1.321192e+01
2.267000e-05	-2.215370e-02	1.306705e+01
2.268000e-05	-2.089839e-02	1.296821e+01
2.269000e-05	-1.885564e-02	1.276072e+01
2.270000e-05	-1.765311e-02	1.264194e+01
2.271000e-05	-1.720400e-02	1.245205e+01
2.272000e-05	-1.860556e-02	1.233616e+01
2.273000e-05	-1.965190e-02	1.216868e+01
2.274000e-05	-1.930916e-02	1.196771e+01
2.275000e-05	-1.716305e-02	1.177682e+01
2.276000e-05	-1.664977e-02	1.157984e+01
2.277000e-05	-1.474898e-02	1.136974e+01
2.278000e-05	-1.441677e-02	1.116921e+01
2.279000e-05	-1.243435e-02	1.096984e+01
2.280000e-05	-1.334269e-02	1.075944e+01
2.281000e-05	-1.270116e-02	1.054989e+01
2.282000e-05	-1.422896e-02	1.035776e+01
2.283000e-05	-1.392682e-02	1.016881e+01
2.284000e-05	-1.401488e-02	9.947785e+00
2.285000e-05	-1.293462e-02	9.705527e+00
2.286000e-05	-1.125344e-02	9.434079e+00
2.287000e-05	-1.151956e-02	9.273100e+00
2.288000e-05	-1.087120e-02	9.053504e+00
2.289000e-05	-1.104819e-02	8.779898e+00
2.290000e-05	-1.070316e-02	8.590315e+00
2.291000e-05	-1.040373e-02	8.347891e+00
2.292000e-05	-1.073463e-02	8.097156e+00
2.293000e-05	-1.107454e-02	7.823556e+00
2.294000e-05	-1.070734e-02	7.590422e+00
2.295000e-05	-1.018811e-02	7.367738e+00
2.296000e-05	-9.444946e-03	7.064205e+00
2.297000e-05	-9.546091e-03	6.821578e+00
2.298000e-05	-8.230613e-03	6.599816e+00
2.299000e-05	-8.938132e-03	6.297688e+00
2.300000e-05	-8.327427e-03	6.024109e+00
2.301000e-05	-8.168240e-03	5.792446e+00
2.302000e-05	-8.777062e-03	5.557341e+00
2.303000e-05	-9.116334e-03	5.244108e+00
2.304000e-05	-9.803190e-03	4.958212e+00
2.305000e-05	-8.451571e-03	4.632555e+00
2.306000e-05	-8.052921e-03	4.401477e+00
2.307000e-05	-7.787971e-03	4.115239e+00
2.308000e-05	-7.457846e-03	3.792551e+00
2.309000e-05	-7.317407e-03	3.578970e+00
2.310000e-05	-6.239614e-03	3.275183e+00
2.311000e-05	-6.315582e-03	3.021474e+00
2.312000e-05	-6.481882e-03	2.808943e+00
2.313000e-05	-7.342499e-03	2.475153e+00
2.314000e-05	-7.099430e-03	2.209445e+00
2.315000e-05	-7.086157e-03	1.935868e+00
2.316000e-05	-5.924407e-03	1.642499e+00
2.317000e-05	-6.211920e-03	1.357813e+00
2.318000e-05	-5.778974e-03	9.805016e-01
2.319000e-05	-4.982382e-03	7.367909e-01
2.320000e-05	-5.059766e-03	4.541317e-01
2.321000e-05	-3.845964e-03	1.689661e-01
2.322000e-05	-3.439904e-03	-1.558382e-01
2.323000e-05	8.244563e-03	-3.884436e-01
2.324000e-05	-4.858623e-03	-6.217051e-01
2.325000e-05	3.969186e-03	-9.452381e-01
2.326000e-05	-5.241645e-03	-1.158397e+00
2.327000e-05	3.635082e-03	-1.502259e+00
2.328000e-05	-5.238882e-03	-1.725837e+00
2.329000e-05	2.304822e-02	-1.968366e+00
2.330000e-05	9.209733e-02	-2.179475e+00
2.331000e-05	4.731751e-03	-2.587922e+00
2.332000e-05	-5.796279e-02	-2.969895e+00
2.333000e-05	-1.230317e-02	-3.354687e+00
2.334000e-05	-4.223368e-02	-3.514766e+00
2.335000e-05	-8.174150e-02	-3.714791e+00
2.336000e-05	9.354889e-02	-3.945736e+00
2.337000e-05	3.093025e-02	-4.124788e+00
2.338000e-05	-1.348248e-01	-4.411100e+00
2.339000e-05	2.071160e-01	-4.643604e+00
2.340000e-05	-1.622964e-01	-4.976818e+00
2.341000e-05	1.250413e-01	-5.263735e+00
2.342000e-05	-3.925984e-02	-5.597892e+00
2.343000e-05	-1.115919e-01	-5.913158e+00
2.344000e-05	1.288598e-01	-6.073585e+00
2.345000e-05	-1.097596e-01	-6.368343e+00
2.346000e-05	1.259688e-01	-6.672552e+00
2.347000e-05	-4.542260e-02	-6.863181e+00
2.348000e-05	-2.007840e-02	-7.219530e+00
2.349000e-05	8.610055e-02	-7.402024e+00
2.350000e-05	-1.081233e-01	-7.736235e+00
2.351000e-05	1.354619e-01	-8.019423e+00
2.352000e-05	-1.448393e-01	-8.220998e+00
2.353000e-05	9.401653e-02	-8.462610e+00
2.354000e-05	6.645108e-03	-8.723653e+00
2.355000e-05	-1.751237e-02	-8.968294e+00
2.356000e-05	5.463712e-02	-9.166789e+00
2.357000e-05	-9.747360e-02	-9.398892e+00
2.358000e-05	1.114674e-01	-9.653451e+00
2.359000e-05	-7.016608e-02	-9.832025e+00
2.360000e-05	8.945696e-02	-1.002350e+01
2.361000e-05	-5.966635e-02	-1.030260e+01
2.362000e-05	3.429228e-02	-1.049570e+01
2.363000e-05	1.246473e-02	-1.070208e+01
2.364000e-05	-6.032814e-03	-1.084461e+01
2.365000e-05	2.625351e-02	-1.110510e+01
2.366000e-05	-4.584711e-02	-1.130465e+01
2.367000e-05	5.904891e-02	-1.146320e+01
2.368000e-05	-1.501063e-02	-1.173826e+01
2.369000e-05	5.142335e-02	-1.191668e+01
2.370000e-05	-3.101549e-02	-1.211556e+01
2.371000e-05	2.718015e-02	-1.228408e+01
2.372000e-05	-1.461112e-03	-1.242045e+01
2.373000e-05	2.283027e-02	-1.266099e+01
2.374000e-05	-1.203197e-05	-1.276921e+01
2.375000e-05	2.251633e-03	-1.295674e+01
2.376000e-05	2.205336e-02	-1.306211e+01
2.377000e-05	2.076017e-02	-1.321090e+01
2.378000e-05	2.248921e-02	-1.339782e+01
2.379000e-05	-2.695055e-03	-1.357519e+01
2.380000e-05	1.318456e-02	-1.363247e+01
2.381000e-05	1.231098e-02	-1.377882e+01
2.382000e-05	2.436804e-02	-1.392508e+01
2.383000e-05	6.638282e-03	-1.400195e+01
2.384000e-05	1.341289e-02	-1.417831e+01
2.385000e-05	1.419799e-02	-1.429350e+01
2.386000e-05	3.109189e-02	-1.437974e+01
2.387000e-05	1.772661e-02	-1.447508e+01
2.388000e-05	1.602029e-02	-1.455870e+01
2.389000e-05	1.128074e-02	-1.465203e+01
2.390000e-05	2.603749e-02	-1.472571e+01
2.391000e-05	2.584474e-02	-1.479134e+01
2.392000e-05	2.002999e-02	-1.487456e+01
2.393000e-05	1.433633e-02	-1.494879e+01
2.394000e-05	2.143212e-02	-1.503042e+01
2.395000e-05	3.183689e-02	-1.507355e+01
2.396000e-05	2.791852e-02	-1.512606e+01
2.397000e-05	2.419562e-02	-1.516674e+01
2.398000e-05	2.179445e-02	-1.519029e+01
2.399000e-05	3.349937e-02	-1.525142e+01
2.400000e-05	3.553884e-02	-1.525393e+01
2.401000e-05	3.159701e-02	-1.529700e+01
2.402000e-05	2.715772e-02	-1.531558e+01
2.403000e-05	3.146908e-02	-1.531571e+01
2.404000e-05	4.108522e-02	-1.531714e+01
2.405000e-05	4.177188e-02	-1.534828e+01
2.406000e-05	3.922576e-02	-1.531666e+01
2.407000e-05	3.814095e-02	-1.529665e+01
2.408000e-05	4.585604e-02	-1.530506e+01
2.409000e-05	4.966662e-02	-1.527605e+01
2.410000e-05	4.728468e-02	-1.526343e+01
2.411000e-05	4.412759e-02	-1.522089e+01
2.412000e-05	4.802541e-02	-1.518929e+01
2.413000e-05	5.401507e-02	-1.514861e+01
2.414000e-05	5.456345e-02	-1.506557e+01
2.415000e-05	4.897769e-02	-1.502147e+01
2.416000e-05	4.513316e-02	-1.500929e+01
2.417000e-05	4.739257e-02	-1.491668e+01
2.418000e-05	4.849082e-02	-1.483432e+01
2.419000e-05	4.357433e-02	-1.473929e+01
2.420000e-05	3.643358e-02	-1.470313e+01
2.421000e-05	3.545408e-02	-1.465044e+01
2.422000e-05	3.648430e-02	-1.451771e+01
2.423000e-05	3.467973e-02	-1.443290e+01
2.424000e-05	2.777938e-02	-1.430511e+01
2.425000e-05	2.239296e-02	-1.418192e+01
2.426000e-05	2.442489e-02	-1.412713e+01
2.427000e-05	2.528435e-02	-1.396068e+01
2.428000e-05	2.193048e-02	-1.387297e+01
2.429000e-05	1.628590e-02	-1.370471e+01
2.430000e-05	1.536225e-02	-1.355071e+01
2.431000e-05	1.817062e-02	-1.342400e+01
2.432000e-05	1.778548e-02	-1.332616e+01
2.433000e-05	1.420958e-02	-1.314831e+01
2.434000e-05	9.950882e-03	-1.302190e+01
2.435000e-05	1.104818e-02	-1.292400e+01
2.436000e-05	1.306504e-02	-1.270611e+01
2.437000e-05	1.161929e-02	-1.257819e+01
2.438000e-05	7.710650e-03	-1.236929e+01
2.439000e-05	5.717241e-03	-1.223192e+01
2.440000e-05	8.167164e-03	-1.202242e+01
2.441000e-05	8.022670e-03	-1.185400e+01
2.442000e-05	6.524957e-03	-1.163287e+01
2.443000e-05	3.336065e-03	-1.141187e+01
2.444000e-05	4.062086e-03	-1.121989e+01
2.445000e-05	6.155712e-03	-1.099082e+01
2.446000e-05	6.003039e-03	-1.082190e+01
2.447000e-05	3.196054e-03	-1.065252e+01
2.448000e-05	1.867301e-03	-1.037334e+01
2.449000e-05	2.439341e-03	-1.022140e+01
2.450000e-05	3.980788e-03	-9.980764e+00
2.451000e-05	2.828211e-03	-9.789318e+00
2.452000e-05	1.082433e-03	-9.539740e+00
2.453000e-05	1.066494e-03	-9.319259e+00
2.454000e-05	3.070753e-03	-9.117685e+00
2.455000e-05	1.660079e-03	-8.867060e+00
2.456000e-05	-2.600070e-04	-8.663954e+00
2.457000e-05	-8.460603e-04	-8.401971e+00
2.458000e-05	1.000258e-03	-8.160396e+00
2.459000e-05	4.934472e-04	-7.927715e+00
2.460000e-05	-4.370289e-04	-7.672002e+00
2.461000e-05	-1.481787e-03	-7.389871e+00
2.462000e-05	-3.831938e-04	-7.148318e+00
2.463000e-05	1.869092e-04	-6.805660e+00
2.464000e-05	-1.203247e-03	-6.582031e+00
2.465000e-05	-1.619686e-03	-6.409867e+00
2.466000e-05	-2.846638e-03	-6.107087e+00
2.467000e-05	-1.967390e-03	-5.824978e+00
2.468000e-05	-9.465910e-04	-5.556923e+00
2.469000e-05	-3.438882e-03	-5.275608e+00
2.470000e-05	-3.350117e-03	-4.979896e+00
2.471000e-05	-3.309520e-03	-4.666127e+00
2.472000e-05	-2.351364e-03	-4.412577e+00
2.473000e-05	-3.037899e-03	-4.170443e+00
2.474000e-05	-4.757720e-03	-3.946840e+00
2.475000e-05	-4.897635e-03	-3.643030e+00
2.476000e-05	-5.149779e-03	-3.378870e+00
2.477000e-05	-3.916132e-03	-3.104189e+00
2.478000e-05	-5.387229e-03	-2.820425e+00
2.479000e-05	-4.449363e-03	-2.528843e+00
2.480000e-05	-5.545261e-03	-2.274408e+00
2.481000e-05	-3.073161e-03	-1.938371e+00
2.482000e-05	-4.877975e-03	-1.684634e+00
2.483000e-05	-6.273669e-03	-1.400805e+00
2.484000e-05	-7.061238e-03	-1.075137e+00
2.485000e-05	-6.701596e-03	-8.100761e-01
2.486000e-05	-5.322558e-03	-5.066419e-01
2.487000e-05	-5.417068e-03	-2.431604e-01
2.488000e-05	-2.505185e-03	6.168026e-02
2.489000e-05	6.973092e-03	3.243371e-01
2.490000e-05	-5.298140e-03	5.763409e-01
2.491000e-05	4.841768e-03	7.894987e-01
2.492000e-05	-7.021681e-03	1.103712e+00
2.493000e-05	-6.867242e-06	1.339518e+00
2.494000e-05	-6.977032e-03	1.724308e+00
2.495000e-05	1.473461e-02	1.986867e+00
2.496000e-05	4.036337e-02	2.175892e+00
2.497000e-05	7.825132e-02	2.474210e+00
2.498000e-05	-8.520115e-02	2.829552e+00
2.499000e-05	-1.881902e-02	3.123813e+00
2.500000e-05	-4.409178e-02	3.387873e+00
2.501000e-05	-1.609673e-02	3.641059e+00
2.502000e-05	-9.133443e-02	3.872080e+00
2.503000e-05	7.900201e-02	4.001128e+00
2.504000e-05	2.370049e-02	4.388020e+00
2.505000e-05	-1.179773e-01	4.591527e+00
2.506000e-05	1.877073e-01	4.892708e+00
2.507000e-05	-1.069493e-01	5.262584e+00
2.508000e-05	3.668804e-02	5.434659e+00
2.509000e-05	-3.557014e-02	5.787396e+00
2.510000e-05	-3.396549e-02	6.012555e+00
2.511000e-05	4.014361e-02	6.284154e+00
2.512000e-05	-4.689218e-02	6.577919e+00
2.513000e-05	2.788733e-02	6.860550e+00
2.514000e-05	-2.291064e-02	7.092130e+00
2.515000e-05	7.070851e-04	7.337418e+00
2.516000e-05	1.689862e-03	7.619547e+00
2.517000e-05	-3.831175e-02	7.883135e+00
2.518000e-05	3.031791e-02	8.157894e+00
2.519000e-05	-4.992709e-02	8.419472e+00
2.520000e-05	2.946139e-02	8.599970e+00
2.521000e-05	-3.118272e-03	8.809598e+00
2.522000e-05	-3.272782e-02	9.101152e+00
2.523000e-05	2.834975e-03	9.304256e+00
2.524000e-05	-2.617849e-02	9.514135e+00
2.525000e-05	1.586012e-02	9.737437e+00
2.526000e-05	-2.818751e-02	9.987818e+00
2.527000e-05	4.550203e-03	1.020037e+01
2.528000e-05	-1.793690e-02	1.038784e+01
2.529000e-05	3.447613e-04	1.063889e+01
2.530000e-05	-9.405105e-03	1.080939e+01
2.531000e-05	-2.852113e-02	1.100995e+01
2.532000e-05	-1.042095e-02	1.119847e+01
2.533000e-05	-1.834967e-02	1.140084e+01
2.534000e-05	2.980798e-03	1.163102e+01
2.535000e-05	-1.520972e-02	1.181942e+01
2.536000e-05	-1.241392e-02	1.195886e+01
2.537000e-05	-1.553271e-02	1.216834e+01
2.538000e-05	-1.216917e-02	1.234581e+01
2.539000e-05	-1.400191e-02	1.253563e+01
2.540000e-05	-2.451358e-02	1.268150e+01
2.541000e-05	-1.767812e-02	1.278193e+01
2.542000e-05	-1.691663e-02	1.300039e+01
2.543000e-05	-6.992293e-03	1.311513e+01
2.544000e-05	-1.521842e-02	1.327353e+01
2.545000e-05	-2.042273e-02	1.337987e+01
2.546000e-05	-2.164523e-02	1.350571e+01
2.547000e-05	-2.010771e-02	1.368150e+01
2.548000e-05	-1.758747e-02	1.380044e+01
2.549000e-05	-2.675205e-02	1.393760e+01
2.550000e-05	-2.402014e-02	1.406152e+01
2.551000e-05	-2.297222e-02	1.415034e+01
2.552000e-05	-1.662768e-02	1.429510e+01
2.553000e-05	-2.259119e-02	1.443989e+01
2.554000e-05	-2.638712e-02	1.446358e+01
2.555000e-05	-2.564705e-02	1.460981e+01
2.556000e-05	-2.543092e-02	1.470307e+01
2.557000e-05	-2.350824e-02	1.469671e+01
2.558000e-05	-3.223182e-02	1.479149e+01
2.559000e-05	-2.966434e-02	1.485300e+01
2.560000e-05	-3.406769e-02	1.492719e+01
2.561000e-05	-2.636793e-02	1.497731e+01
2.562000e-05	-3.329149e-02	1.502044e+01
2.563000e-05	-3.448687e-02	1.507254e+01
2.564000e-05	-3.651849e-02	1.509461e+01
2.565000e-05	-3.519283e-02	1.511576e+01
2.566000e-05	-3.346097e-02	1.514829e+01
2.567000e-05	-4.048031e-02	1.516836e+01
2.568000e-05	-4.181344e-02	1.521981e+01
2.569000e-05	-4.477561e-02	1.520237e+01
2.570000e-05	-4.128364e-02	1.522197e+01
2.571000e-05	-4.605108e-02	1.522255e+01
2.572000e-05	-4.796534e-02	1.521292e+01
2.573000e-05	-5.034598e-02	1.518094e+01
2.574000e-05	-5.171654e-02	1.520181e+01
2.575000e-05	-5.075492e-02	1.516026e+01
2.576000e-05	-5.598146e-02	1.512764e+01
2.577000e-05	-5.827632e-02	1.510610e+01
2.578000e-05	-6.124426e-02	1.508607e+01
2.579000e-05	-5.652968e-02	1.501195e+01
2.580000e-05	-5.715188e-02	1.493029e+01
2.581000e-05	-5.718479e-02	1.494771e+01
2.582000e-05	-5.872763e-02	1.488410e+01
2.583000e-05	-5.546047e-02	1.480989e+01
2.584000e-05	-5.105023e-02	1.476029e+01
2.585000e-05	-4.885465e-02	1.469505e+01
2.586000e-05	-4.686389e-02	1.458031e+01
2.587000e-05	-4.607470e-02	1.454665e+01
2.588000e-05	-3.995071e-02	1.443234e+01
2.589000e-05	-3.812153e-02	1.430666e+01
2.590000e-05	-3.561027e-02	1.423189e+01
2.591000e-05	-3.653976e-02	1.408550e+01
2.592000e-05	-3.176939e-02	1.400026e+01
2.593000e-05	-2.951865e-02	1.387452e+01
2.594000e-05	-2.787677e-02	1.372716e+01
2.595000e-05	-2.820079e-02	1.360084e+01
2.596000e-05	-2.873915e-02	1.344297e+01
2.597000e-05	-2.310426e-02	1.333813e+01
2.598000e-05	-2.292708e-02	1.316979e+01
2.599000e-05	-1.958275e-02	1.304200e+01
2.600000e-05	-2.372949e-02	1.285608e+01
2.601000e-05	-2.025956e-02	1.271869e+01
2.602000e-05	-1.978084e-02	1.257932e+01
2.603000e-05	-1.832070e-02	1.240244e+01
2.604000e-05	-1.930166e-02	1.227495e+01
2.605000e-05	-1.710854e-02	1.211708e+01
2.606000e-05	-1.552203e-02	1.190461e+01
2.607000e-05	-1.458899e-02	1.167616e+01
2.608000e-05	-1.789102e-02	1.149718e+01
2.609000e-05	-1.726316e-02	1.127663e+01
2.610000e-05	-1.656303e-02	1.107516e+01
2.611000e-05	-1.338960e-02	1.093871e+01
2.612000e-05	-1.393760e-02	1.072774e+01
2.613000e-05	-1.363260e-02	1.052615e+01
2.614000e-05	-1.437370e-02	1.029466e+01
2.615000e-05	-1.111620e-02	1.010574e+01
2.616000e-05	-1.110723e-02	9.864630e+00
2.617000e-05	-1.109601e-02	9.613950e+00
2.618000e-05	-1.363096e-02	9.420970e+00
2.619000e-05	-1.262215e-02	9.211024e+00
2.620000e-05	-1.077774e-02	8.978418e+00
2.621000e-05	-1.223315e-02	8.716786e+00
2.622000e-05	-1.141954e-02	8.545763e+00
2.623000e-05	-1.184214e-02	8.297737e+00
2.624000e-05	-9.606111e-03	8.044625e+00
2.625000e-05	-9.375711e-03	7.791441e+00
2.626000e-05	-7.479876e-03	7.518841e+00
2.627000e-05	-1.000618e-02	7.275532e+00
2.628000e-05	-1.121023e-02	7.032498e+00
2.629000e-05	-1.127283e-02	6.750892e+00
2.630000e-05	-9.721127e-03	6.507161e+00
2.631000e-05	-9.714266e-03	6.224077e+00
2.632000e-05	-9.773922e-03	6.012951e+00
2.633000e-05	-8.434909e-03	5.749713e+00
2.634000e-05	-7.214329e-03	5.465112e+00
2.635000e-05	-6.143753e-03	5.160271e+00
2.636000e-05	-8.136372e-03	4.872504e+00
2.637000e-05	-9.131313e-03	4.579444e+00
2.638000e-05	-9.590261e-03	4.328862e+00
2.639000e-05	-8.156200e-03	4.023999e+00
2.640000e-05	-7.877820e-03	3.758442e+00
2.641000e-05	-8.789274e-03	3.526770e+00
2.642000e-05	-7.066915e-03	3.220950e+00
2.643000e-05	-6.225833e-03	2.959369e+00
2.644000e-05	-5.388700e-03	2.704737e+00
2.645000e-05	-6.772204e-03	2.379394e+00
2.646000e-05	-7.642106e-03	2.096213e+00
2.647000e-05	-6.917600e-03	1.854352e+00
2.648000e-05	-5.999217e-03	1.578817e+00
2.649000e-05	-5.659061e-03	1.262587e+00
2.650000e-05	-6.213921e-03	9.583434e-01
2.651000e-05	-5.336499e-03	6.131306e-01
2.652000e-05	-5.005697e-03	3.699950e-01
2.653000e-05	-2.438907e-03	7.516609e-02
2.654000e-05	-2.083235e-03	-1.779997e-01
2.655000e-05	8.680492e-03	-4.215564e-01
2.656000e-05	-6.356305e-03	-7.327830e-01
2.657000e-05	5.563064e-03	-9.565234e-01
2.658000e-05	-5.557427e-03	-1.279603e+00
2.659000e-05	2.880585e-03	-1.536867e+00
2.660000e-05	-5.378145e-03	-1.758522e+00
2.661000e-05	3.408217e-02	-1.989023e+00
2.662000e-05	1.088610e-01	-2.264255e+00
2.663000e-05	-4.885623e-02	-2.682134e+00
2.664000e-05	-2.771872e-02	-3.072231e+00
2.665000e-05	-3.586492e-02	-3.367316e+00
2.666000e-05	-2.963207e-02	-3.548346e+00
2.667000e-05	-9.421718e-02	-3.757895e+00
2.668000e-05	1.643255e-01	-3.987813e+00
2.669000e-05	-8.326790e-02	-4.228497e+00
2.670000e-05	-7.940666e-03	-4.503686e+00
2.671000e-05	1.542233e-01	-4.745738e+00
2.672000e-05	-1.581799e-01	-5.090607e+00
2.673000e-05	1.668570e-01	-5.377293e+00
2.674000e-05	-1.277938e-01	-5.670955e+00
2.675000e-05	-2.316219e-02	-5.934264e+00
2.676000e-05	8.598873e-02	-6.086763e+00
2.677000e-05	-1.004049e-01	-6.462110e+00
2.678000e-05	1.533491e-01	-6.755759e+00
2.679000e-05	-1.151899e-01	-6.925841e+00
2.680000e-05	6.227645e-02	-7.273130e+00
2.681000e-05	1.046276e-02	-7.493633e+00
2.682000e-05	-4.828561e-02	-7.829443e+00
2.683000e-05	1.033786e-01	-8.002552e+00
2.684000e-05	-1.536650e-01	-8.293180e+00
2.685000e-05	1.507098e-01	-8.504316e+00
2.686000e-05	-6.792455e-02	-8.787894e+00
2.687000e-05	5.139514e-02	-8.989978e+00
2.688000e-05	-1.733975e-02	-9.188994e+00
2.689000e-05	-3.792264e-02	-9.511055e+00
2.690000e-05	8.205894e-02	-9.674157e+00
2.691000e-05	-6.049127e-02	-9.904630e+00
2.692000e-05	9.358102e-02	-1.010524e+01
2.693000e-05	-8.377515e-02	-1.036621e+01
2.694000e-05	7.613381e-02	-1.053874e+01
2.695000e-05	-2.901121e-02	-1.073626e+01
2.696000e-05	2.951599e-02	-1.096687e+01
2.697000e-05	-1.457784e-02	-1.112769e+01
2.698000e-05	-1.102265e-02	-1.133881e+01
2.699000e-05	4.325534e-02	-1.155661e+01
2.700000e-05	-1.997984e-03	-1.177632e+01
2.701000e-05	4.125214e-02	-1.196827e+01
2.702000e-05	-3.346173e-02	-1.213826e+01
2.703000e-05	3.697668e-02	-1.230518e+01
2.704000e-05	-9.947962e-03	-1.245458e+01
2.705000e-05	3.018911e-02	-1.268150e+01
2.706000e-05	-1.499285e-02	-1.284087e+01
2.707000e-05	1.607368e-02	-1.295722e+01
2.708000e-05	1.589848e-02	-1.309508e+01
2.709000e-05	2.858697e-02	-1.324248e+01
2.710000e-05	1.245631e-02	-1.342034e+01
2.711000e-05	1.312942e-03	-1.353773e+01
2.712000e-05	1.163175e-02	-1.369460e+01
2.713000e-05	1.817740e-02	-1.382042e+01
2.714000e-05	1.984809e-02	-1.391526e+01
2.715000e-05	6.644140e-03	-1.405453e+01
2.716000e-05	1.239992e-02	-1.420037e+01
2.717000e-05	1.858543e-02	-1.433505e+01
2.718000e-05	3.037684e-02	-1.440879e+01
2.719000e-05	1.505837e-02	-1.450653e+01
2.720000e-05	1.599680e-02	-1.456882e+01
2.721000e-05	1.336197e-02	-1.465253e+01
2.722000e-05	2.959666e-02	-1.473571e+01
2.723000e-05	2.304101e-02	-1.482089e+01
2.724000e-05	1.959341e-02	-1.489613e+01
2.725000e-05	1.446344e-02	-1.498079e+01
2.726000e-05	2.563332e-02	-1.504247e+01
2.727000e-05	3.067210e-02	-1.509357e+01
2.728000e-05	2.698052e-02	-1.510813e+01
2.729000e-05	2.359134e-02	-1.517876e+01
2.730000e-05	2.495200e-02	-1.520092e+01
2.731000e-05	3.653300e-02	-1.524240e+01
2.732000e-05	3.412972e-02	-1.525445e+01
2.733000e-05	2.924543e-02	-1.526665e+01
2.734000e-05	2.636412e-02	-1.529613e+01
2.735000e-05	3.379372e-02	-1.533419e+01
2.736000e-05	4.196838e-02	-1.531766e+01
2.737000e-05	4.049095e-02	-1.531564e+01
2.738000e-05	3.833627e-02	-1.533658e+01
2.739000e-05	3.813585e-02	-1.527563e+01
2.740000e-05	4.854890e-02	-1.530695e+01
2.741000e-05	4.928999e-02	-1.525408e+01
2.742000e-05	4.587923e-02	-1.522244e+01
2.743000e-05	4.308818e-02	-1.520079e+01
2.744000e-05	5.190637e-02	-1.518871e+01
2.745000e-05	5.602696e-02	-1.514708e+01
2.746000e-05	5.412491e-02	-1.506303e+01
2.747000e-05	4.510919e-02	-1.502190e+01
2.748000e-05	4.490499e-02	-1.499886e+01
2.749000e-05	4.939623e-02	-1.492565e+01
2.750000e-05	4.459283e-02	-1.482287e+01
2.751000e-05	4.130784e-02	-1.470721e+01
2.752000e-05	3.532288e-02	-1.467447e+01
2.753000e-05	3.887882e-02	-1.457027e+01
2.754000e-05	3.989519e-02	-1.447616e+01
2.755000e-05	3.321920e-02	-1.438031e+01
2.756000e-05	2.314586e-02	-1.427698e+01
2.757000e-05	2.087740e-02	-1.419836e+01
2.758000e-05	2.380874e-02	-1.409245e+01
2.759000e-05	2.545871e-02	-1.394971e+01
2.760000e-05	1.942562e-02	-1.381187e+01
2.761000e-05	1.652704e-02	-1.365455e+01
2.762000e-05	1.758629e-02	-1.351829e+01
2.763000e-05	2.249827e-02	-1.344387e+01
2.764000e-05	1.709531e-02	-1.328350e+01
2.765000e-05	8.861748e-03	-1.310718e+01
2.766000e-05	5.807110e-03	-1.299089e+01
2.767000e-05	1.144755e-02	-1.285240e+01
2.768000e-05	1.488923e-02	-1.268555e+01
2.769000e-05	1.099326e-02	-1.251568e+01
2.770000e-05	5.938084e-03	-1.232869e+01
2.771000e-05	7.846420e-03	-1.221017e+01
2.772000e-05	1.209694e-02	-1.199084e+01
2.773000e-05	8.458616e-03	-1.183990e+01
2.774000e-05	3.091261e-03	-1.160171e+01
2.775000e-05	5.341860e-04	-1.132967e+01
2.776000e-05	6.113813e-03	-1.111919e+01
2.777000e-05	8.367818e-03	-1.095826e+01
2.778000e-05	5.673526e-03	-1.076872e+01
2.779000e-05	2.045861e-03	-1.055979e+01
2.780000e-05	1.854622e-03	-1.035979e+01
2.781000e-05	5.967277e-03	-1.015759e+01
2.782000e-05	4.792452e-03	-9.916290e+00
2.783000e-05	5.526468e-04	-9.738738e+00
2.784000e-05	-1.198689e-03	-9.525709e+00
2.785000e-05	1.808980e-03	-9.264475e+00
2.786000e-05	3.530989e-03	-9.032397e+00
2.787000e-05	2.163299e-03	-8.832553e+00
2.788000e-05	-8.924605e-04	-8.571313e+00
2.789000e-05	-6.835808e-04	-8.339316e+00
2.790000e-05	2.606170e-03	-8.136763e+00
2.791000e-05	2.603641e-03	-7.896155e+00
2.792000e-05	-1.689457e-03	-7.579321e+00
2.793000e-05	-3.072125e-03	-7.357219e+00
2.794000e-05	-2.746366e-03	-7.105709e+00
2.795000e-05	1.209105e-03	-6.810901e+00
2.796000e-05	-4.760628e-04	-6.559267e+00
2.797000e-05	-2.727618e-03	-6.335738e+00
2.798000e-05	-4.207938e-03	-6.063479e+00
2.799000e-05	-1.206746e-03	-5.789845e+00
2.800000e-05	-3.322327e-04	-5.528214e+00
2.801000e-05	-2.145978e-03	-5.242422e+00
2.802000e-05	-5.569609e-03	-4.926663e+00
2.803000e-05	-2.942443e-03	-4.592425e+00
2.804000e-05	-2.465401e-03	-4.388371e+00
2.805000e-05	-2.147688e-03	-4.117788e+00
2.806000e-05	-5.865620e-03	-3.883603e+00
2.807000e-05	-5.591790e-03	-3.569871e+00
2.808000e-05	-5.552201e-03	-3.316687e+00
2.809000e-05	-2.244325e-03	-3.042075e+00
2.810000e-05	-4.750637e-03	-2.697291e+00
2.811000e-05	-4.792784e-03	-2.484037e+00
2.812000e-05	-5.627272e-03	-2.152370e+00
2.813000e-05	-3.507088e-03	-1.916238e+00
2.814000e-05	-4.817025e-03	-1.672608e+00
2.815000e-05	-6.438453e-03	-1.347717e+00
2.816000e-05	-8.488933e-03	-1.001979e+00
2.817000e-05	-6.966326e-03	-7.483384e-01
2.818000e-05	-4.146098e-03	-4.351066e-01
2.819000e-05	-3.856547e-03	-1.899012e-01
2.820000e-05	1.663508e-03	1.127107e-01
2.821000e-05	4.655894e-03	3.694435e-01
2.822000e-05	-3.612479e-03	6.305761e-01
2.823000e-05	2.785437e-03	8.727039e-01
2.824000e-05	-5.914901e-03	1.188967e+00
2.825000e-05	-2.255548e-03	1.440657e+00
2.826000e-05	-7.627009e-03	1.717898e+00
2.827000e-05	1.847940e-02	1.996422e+00
2.828000e-05	5.888472e-02	2.220576e+00
2.829000e-05	4.567831e-02	2.607845e+00
2.830000e-05	-8.413886e-02	2.844213e+00
2.831000e-05	-1.881971e-02	3.177918e+00
2.832000e-05	-3.691601e-02	3.482072e+00
2.833000e-05	-3.811275e-02	3.704711e+00
2.834000e-05	-6.744124e-02	3.855156e+00
2.835000e-05	1.144852e-01	4.085264e+00
2.836000e-05	-5.718020e-02	4.433103e+00
2.837000e-05	-3.199357e-02	4.674634e+00
2.838000e-05	1.537716e-01	4.987345e+00
2.839000e-05	-1.206237e-01	5.315164e+00
2.840000e-05	6.332498e-02	5.557392e+00
2.841000e-05	-7.230074e-02	5.882074e+00
2.842000e-05	2.739006e-03	6.095184e+00
2.843000e-05	1.939734e-02	6.356767e+00
2.844000e-05	-4.527277e-02	6.681546e+00
2.845000e-05	3.607592e-02	6.894183e+00
2.846000e-05	-3.939077e-02	7.136342e+00
2.847000e-05	2.556052e-02	7.448950e+00
2.848000e-05	-2.476900e-02	7.682107e+00
2.849000e-05	-1.251082e-02	7.967861e+00
2.850000e-05	1.309685e-02	8.230548e+00
2.851000e-05	-5.185978e-02	8.411028e+00
2.852000e-05	4.733201e-02	8.661578e+00
2.853000e-05	-3.399846e-02	8.862686e+00
2.854000e-05	-4.466974e-03	9.126231e+00
2.855000e-05	-1.962725e-02	9.337292e+00
2.856000e-05	2.869276e-04	9.575220e+00
2.857000e-05	-1.640186e-03	9.829943e+00
2.858000e-05	-1.634242e-02	1.003045e+01
2.859000e-05	-2.515025e-03	1.022100e+01
2.860000e-05	-2.184181e-02	1.044100e+01
2.861000e-05	2.539204e-03	1.060198e+01
2.862000e-05	-1.915137e-02	1.086200e+01
2.863000e-05	-1.427713e-02	1.105152e+01
2.864000e-05	-1.841089e-02	1.123098e+01
2.865000e-05	-5.975464e-03	1.146255e+01
2.866000e-05	-6.512438e-03	1.169348e+01
2.867000e-05	-8.781635e-03	1.186252e+01
2.868000e-05	-1.939533e-02	1.201140e+01
2.869000e-05	-1.478952e-02	1.223045e+01
2.870000e-05	-1.566684e-02	1.236787e+01
2.871000e-05	-1.575117e-02	1.256921e+01
2.872000e-05	-2.013485e-02	1.266471e+01
2.873000e-05	-1.836566e-02	1.287245e+01
2.874000e-05	-1.197491e-02	1.302197e+01
2.875000e-05	-1.278928e-02	1.313926e+01
2.876000e-05	-1.261083e-02	1.330415e+01
2.877000e-05	-2.591544e-02	1.343992e+01
2.878000e-05	-1.915057e-02	1.354782e+01
2.879000e-05	-2.278308e-02	1.367571e+01
2.880000e-05	-1.707455e-02	1.383150e+01
2.881000e-05	-2.586449e-02	1.399876e+01
2.882000e-05	-2.215615e-02	1.407500e+01
2.883000e-05	-2.078141e-02	1.419140e+01
2.884000e-05	-1.948078e-02	1.432673e+01
2.885000e-05	-2.043453e-02	1.442904e+01
2.886000e-05	-2.885203e-02	1.448818e+01
2.887000e-05	-2.511972e-02	1.459887e+01
2.888000e-05	-2.836978e-02	1.467413e+01
2.889000e-05	-2.434126e-02	1.474724e+01
2.890000e-05	-3.184875e-02	1.479052e+01
2.891000e-05	-3.055363e-02	1.487352e+01
2.892000e-05	-3.179621e-02	1.491633e+01
2.893000e-05	-2.816941e-02	1.499784e+01
2.894000e-05	-3.106401e-02	1.506142e+01
2.895000e-05	-3.533819e-02	1.507358e+01
2.896000e-05	-3.483676e-02	1.510361e+01
2.897000e-05	-3.680362e-02	1.515928e+01
2.898000e-05	-3.421952e-02	1.514979e+01
2.899000e-05	-4.117321e-02	1.520931e+01
2.900000e-05	-4.273132e-02	1.518142e+01
2.901000e-05	-4.462880e-02	1.523190e+01
2.902000e-05	-4.275749e-02	1.522142e+01
2.903000e-05	-4.464339e-02	1.522349e+01
2.904000e-05	-4.833586e-02	1.519194e+01
2.905000e-05	-5.053069e-02	1.519977e+01
2.906000e-05	-5.321190e-02	1.519981e+01
2.907000e-05	-5.151712e-02	1.516674e+01
2.908000e-05	-5.728220e-02	1.515676e+01
2.909000e-05	-5.885084e-02	1.510563e+01
2.910000e-05	-5.916083e-02	1.509295e+01
2.911000e-05	-5.587655e-02	1.498142e+01
2.912000e-05	-5.561127e-02	1.495784e+01
2.913000e-05	-5.786995e-02	1.493811e+01
2.914000e-05	-5.681568e-02	1.486248e+01
2.915000e-05	-5.497593e-02	1.479029e+01
2.916000e-05	-4.997871e-02	1.471713e+01
2.917000e-05	-4.973460e-02	1.466360e+01
2.918000e-05	-4.746964e-02	1.460727e+01
2.919000e-05	-4.410957e-02	1.448663e+01
2.920000e-05	-3.854331e-02	1.442084e+01
2.921000e-05	-3.587986e-02	1.429464e+01
2.922000e-05	-3.614557e-02	1.421137e+01
2.923000e-05	-3.473563e-02	1.406356e+01
2.924000e-05	-3.231944e-02	1.400819e+01
2.925000e-05	-2.827534e-02	1.385240e+01
2.926000e-05	-2.973970e-02	1.367568e+01
2.927000e-05	-2.678056e-02	1.354774e+01
2.928000e-05	-2.833842e-02	1.343192e+01
2.929000e-05	-2.204206e-02	1.330508e+01
2.930000e-05	-2.259989e-02	1.313821e+01
2.931000e-05	-2.055519e-02	1.300092e+01
2.932000e-05	-2.263042e-02	1.283455e+01
2.933000e-05	-1.995076e-02	1.269621e+01
2.934000e-05	-2.000373e-02	1.252876e+01
2.935000e-05	-1.884164e-02	1.238031e+01
2.936000e-05	-1.900483e-02	1.224197e+01
2.937000e-05	-1.884842e-02	1.204345e+01
2.938000e-05	-1.566584e-02	1.186308e+01
2.939000e-05	-1.539145e-02	1.169610e+01
2.940000e-05	-1.565518e-02	1.147661e+01
2.941000e-05	-1.662803e-02	1.124403e+01
2.942000e-05	-1.331857e-02	1.107358e+01
2.943000e-05	-1.401958e-02	1.086413e+01
2.944000e-05	-1.228745e-02	1.070410e+01
2.945000e-05	-1.472771e-02	1.041445e+01
2.946000e-05	-1.361634e-02	1.022452e+01
2.947000e-05	-1.326118e-02	1.001350e+01
2.948000e-05	-1.214096e-02	9.812422e+00
2.949000e-05	-1.239629e-02	9.559346e+00
2.950000e-05	-1.193703e-02	9.380420e+00
2.951000e-05	-1.184354e-02	9.148765e+00
2.952000e-05	-9.717635e-03	8.886191e+00
2.953000e-05	-1.049066e-02	8.675613e+00
2.954000e-05	-1.106086e-02	8.494656e+00
2.955000e-05	-1.201122e-02	8.253051e+00
2.956000e-05	-1.113961e-02	8.012421e+00
2.957000e-05	-9.867986e-03	7.747261e+00
2.958000e-05	-1.033996e-02	7.465605e+00
2.959000e-05	-9.984820e-03	7.201970e+00
2.960000e-05	-9.425471e-03	6.979287e+00
2.961000e-05	-8.523850e-03	6.716738e+00
2.962000e-05	-8.822904e-03	6.432051e+00
2.963000e-05	-9.283647e-03	6.200970e+00
2.964000e-05	-1.004689e-02	5.969364e+00
2.965000e-05	-8.593805e-03	5.664057e+00
2.966000e-05	-8.160049e-03	5.401521e+00
2.967000e-05	-8.714865e-03	5.076711e+00
2.968000e-05	-7.972760e-03	4.799871e+00
2.969000e-05	-8.912710e-03	4.528787e+00
2.970000e-05	-7.124602e-03	4.295109e+00
2.971000e-05	-6.753143e-03	3.969869e+00
2.972000e-05	-6.500161e-03	3.706686e+00
2.973000e-05	-7.398719e-03	3.424079e+00
2.974000e-05	-7.012545e-03	3.168292e+00
2.975000e-05	-6.574788e-03	2.886209e+00
2.976000e-05	-6.008756e-03	2.631626e+00
2.977000e-05	-7.391057e-03	2.335213e+00
2.978000e-05	-7.600095e-03	2.064129e+00
2.979000e-05	-6.398403e-03	1.760421e+00
2.980000e-05	-5.170425e-03	1.505685e+00
2.981000e-05	-5.722134e-03	1.179923e+00
2.982000e-05	-5.728688e-03	8.740580e-01
2.983000e-05	-5.191874e-03	5.694724e-01
2.984000e-05	-4.434827e-03	3.368674e-01
2.985000e-05	-2.666316e-03	2.150150e-02
2.986000e-05	1.460787e-04	-2.601586e-01
2.987000e-05	7.076285e-03	-4.722827e-01
2.988000e-05	-5.275436e-03	-7.699485e-01
2.989000e-05	3.892536e-03	-1.061629e+00
2.990000e-05	-3.621751e-03	-1.342788e+00
2.991000e-05	2.159435e-03	-1.590477e+00
2.992000e-05	5.704244e-05	-1.841153e+00
2.993000e-05	4.639066e-02	-2.020553e+00
2.994000e-05	1.040354e-01	-2.398916e+00
2.995000e-05	-8.262939e-02	-2.756416e+00
2.996000e-05	-3.874354e-03	-3.155539e+00
2.997000e-05	-5.575174e-02	-3.420926e+00
2.998000e-05	-2.923675e-02	-3.589454e+00
2.999000e-05	-7.464232e-02	-3.832825e+00
3.000000e-05	1.922733e-01	-4.010447e+00
3.001000e-05	-1.604806e-01	-4.294230e+00
3.002000e-05	1.062198e-01	-4.557320e+00
3.003000e-05	3.892550e-02	-4.797373e+00
3.004000e-05	-9.309615e-02	-5.165846e+00
3.005000e-05	1.506374e-01	-5.412051e+00
3.006000e-05	-1.815610e-01	-5.734188e+00
3.007000e-05	6.187642e-02	-5.988392e+00
3.008000e-05	1.663385e-02	-6.229971e+00
3.009000e-05	-4.740561e-02	-6.525764e+00
3.010000e-05	1.315071e-01	-6.767365e+00
3.011000e-05	-1.410678e-01	-7.092996e+00
3.012000e-05	1.230371e-01	-7.344610e+00
3.013000e-05	-6.767794e-02	-7.557318e+00
3.014000e-05	3.240870e-02	-7.864130e+00
3.015000e-05	3.007676e-02	-8.115159e+00
3.016000e-05	-1.072640e-01	-8.316261e+00
3.017000e-05	1.555763e-01	-8.559370e+00
3.018000e-05	-1.069828e-01	-8.849925e+00
3.019000e-05	1.002123e-01	-9.063676e+00
3.020000e-05	-8.315523e-02	-9.273127e+00
3.021000e-05	3.490670e-02	-9.544706e+00
3.022000e-05	2.760824e-02	-9.736288e+00
3.023000e-05	-1.845513e-02	-9.956289e+00
3.024000e-05	6.277667e-02	-1.015582e+01
3.025000e-05	-7.577590e-02	-1.040829e+01
3.026000e-05	8.858862e-02	-1.057939e+01
3.027000e-05	-5.162082e-02	-1.078039e+01
3.028000e-05	5.566754e-02	-1.099885e+01
3.029000e-05	-4.949211e-02	-1.121739e+01
3.030000e-05	2.637454e-02	-1.141940e+01
3.031000e-05	1.661459e-02	-1.159142e+01
3.032000e-05	2.112867e-02	-1.183192e+01
3.033000e-05	1.780946e-02	-1.200832e+01
3.034000e-05	-1.915810e-02	-1.219087e+01
3.035000e-05	3.553087e-02	-1.234566e+01
3.036000e-05	-7.641061e-03	-1.252871e+01
3.037000e-05	3.166997e-02	-1.268308e+01
3.038000e-05	-2.283079e-02	-1.285307e+01
3.039000e-05	2.473229e-02	-1.304044e+01
3.040000e-05	9.474519e-03	-1.309528e+01
3.041000e-05	3.573892e-02	-1.331463e+01
3.042000e-05	2.899002e-03	-1.346055e+01
3.043000e-05	9.129343e-03	-1.358942e+01
3.044000e-05	1.155733e-02	-1.370420e+01
3.045000e-05	2.253978e-02	-1.383092e+01
3.046000e-05	1.476131e-02	-1.396824e+01
3.047000e-05	6.831189e-03	-1.412518e+01
3.048000e-05	1.089492e-02	-1.421094e+01
3.049000e-05	2.466895e-02	-1.433815e+01
3.050000e-05	2.694944e-02	-1.443040e+01
3.051000e-05	1.627578e-02	-1.452768e+01
3.052000e-05	1.534887e-02	-1.461082e+01
3.053000e-05	1.811006e-02	-1.470458e+01
3.054000e-05	3.071421e-02	-1.474872e+01
3.055000e-05	2.193149e-02	-1.481397e+01
3.056000e-05	1.672871e-02	-1.487468e+01
3.057000e-05	1.394854e-02	-1.499989e+01
3.058000e-05	2.885105e-02	-1.507147e+01
3.059000e-05	2.974271e-02	-1.508605e+01
3.060000e-05	2.580519e-02	-1.512723e+01
3.061000e-05	2.227279e-02	-1.521034e+01
3.062000e-05	2.730234e-02	-1.522982e+01
3.063000e-05	3.773161e-02	-1.526244e+01
3.064000e-05	3.427098e-02	-1.526455e+01
3.065000e-05	2.923593e-02	-1.531614e+01
3.066000e-05	2.545490e-02	-1.529708e+01
3.067000e-05	3.598005e-02	-1.534566e+01
3.068000e-05	4.128190e-02	-1.532568e+01
3.069000e-05	3.991673e-02	-1.530564e+01
3.070000e-05	3.772351e-02	-1.529618e+01
3.071000e-05	4.118061e-02	-1.524413e+01
3.072000e-05	5.071813e-02	-1.527498e+01
3.073000e-05	4.966057e-02	-1.526455e+01
3.074000e-05	4.566501e-02	-1.524334e+01
3.075000e-05	4.444394e-02	-1.520031e+01
3.076000e-05	5.080867e-02	-1.514766e+01
3.077000e-05	5.434452e-02	-1.507708e+01
3.078000e-05	5.253726e-02	-1.504355e+01
3.079000e-05	4.533462e-02	-1.501144e+01
3.080000e-05	4.626355e-02	-1.500884e+01
3.081000e-05	4.919048e-02	-1.485548e+01
3.082000e-05	4.771080e-02	-1.479142e+01
3.083000e-05	4.001890e-02	-1.472463e+01
3.084000e-05	3.500897e-02	-1.467345e+01
3.085000e-05	3.503129e-02	-1.458874e+01
3.086000e-05	3.471416e-02	-1.445403e+01
3.087000e-05	3.098148e-02	-1.435076e+01
3.088000e-05	2.397096e-02	-1.426295e+01
3.089000e-05	2.298604e-02	-1.413831e+01
3.090000e-05	2.518619e-02	-1.403179e+01
3.091000e-05	2.436100e-02	-1.389516e+01
3.092000e-05	2.020639e-02	-1.377021e+01
3.093000e-05	1.660858e-02	-1.358142e+01
3.094000e-05	1.638038e-02	-1.349661e+01
3.095000e-05	1.786582e-02	-1.337787e+01
3.096000e-05	1.616753e-02	-1.325152e+01
3.097000e-05	1.146752e-02	-1.307461e+01
3.098000e-05	9.759594e-03	-1.295879e+01
3.099000e-05	1.287758e-02	-1.280034e+01
3.100000e-05	1.275834e-02	-1.265292e+01
3.101000e-05	1.012927e-02	-1.247558e+01
3.102000e-05	7.204772e-03	-1.229511e+01
3.103000e-05	7.635173e-03	-1.212723e+01
3.104000e-05	8.885463e-03	-1.195781e+01
3.105000e-05	7.370964e-03	-1.173826e+01
3.106000e-05	4.824158e-03	-1.150866e+01
3.107000e-05	3.343517e-03	-1.133721e+01
3.108000e-05	6.233807e-03	-1.106711e+01
3.109000e-05	6.573414e-03	-1.091608e+01
3.110000e-05	5.619840e-03	-1.073619e+01
3.111000e-05	2.944015e-03	-1.053572e+01
3.112000e-05	3.071929e-03	-1.033718e+01
3.113000e-05	4.161518e-03	-1.010553e+01
3.114000e-05	4.377985e-03	-9.892551e+00
3.115000e-05	2.074423e-03	-9.664156e+00
3.116000e-05	6.140750e-04	-9.483051e+00
3.117000e-05	2.216332e-03	-9.212846e+00
3.118000e-05	2.300414e-03	-9.020395e+00
3.119000e-05	1.944154e-03	-8.748867e+00
3.120000e-05	-2.767617e-04	-8.549241e+00
3.121000e-05	-7.023005e-04	-8.315208e+00
3.122000e-05	1.032066e-03	-8.045629e+00
3.123000e-05	1.799361e-03	-7.842945e+00
3.124000e-05	-1.014967e-03	-7.525262e+00
3.125000e-05	-1.150371e-03	-7.274184e+00
3.126000e-05	-1.868641e-03	-7.051000e+00
3.127000e-05	9.886758e-04	-6.768741e+00
3.128000e-05	-2.314152e-03	-6.506682e+00
3.129000e-05	-2.454588e-03	-6.253608e+00
3.130000e-05	-4.392059e-03	-5.999347e+00
3.131000e-05	-1.245844e-03	-5.757666e+00
3.132000e-05	-2.436052e-03	-5.442551e+00
3.133000e-05	-2.102277e-03	-5.179295e+00
3.134000e-05	-4.709136e-03	-4.813498e+00
3.135000e-05	-2.835317e-03	-4.548336e+00
3.136000e-05	-3.392340e-03	-4.336687e+00
3.137000e-05	-1.625327e-03	-4.066032e+00
3.138000e-05	-5.629691e-03	-3.801351e+00
3.139000e-05	-6.463751e-03	-3.516767e+00
3.140000e-05	-6.225944e-03	-3.261131e+00
3.141000e-05	-2.677385e-03	-2.939293e+00
3.142000e-05	-4.357428e-03	-2.654684e+00
3.143000e-05	-4.922334e-03	-2.440525e+00
3.144000e-05	-5.152528e-03	-2.097261e+00
3.145000e-05	-3.937709e-03	-1.851454e+00
3.146000e-05	-3.214149e-03	-1.558798e+00
3.147000e-05	-6.807603e-03	-1.243055e+00
3.148000e-05	-9.804226e-03	-9.278185e-01
3.149000e-05	-9.514790e-03	-6.651868e-01
3.150000e-05	-5.328748e-03	-4.284174e-01
3.151000e-05	-4.711285e-03	-1.057872e-01
3.152000e-05	3.449944e-03	1.673947e-01
3.153000e-05	9.999433e-04	4.511302e-01
3.154000e-05	1.902076e-03	6.828356e-01
3.155000e-05	1.758750e-03	9.074422e-01
3.156000e-05	-2.633581e-03	1.229605e+00
3.157000e-05	-4.674855e-03	1.536817e+00
3.158000e-05	-4.581358e-03	1.800581e+00
3.159000e-05	2.031713e-02	2.011580e+00
3.160000e-05	7.784051e-02	2.284263e+00
3.161000e-05	-1.833729e-03	2.682700e+00
3.162000e-05	-6.405775e-02	2.936915e+00
3.163000e-05	-2.705275e-02	3.211006e+00
3.164000e-05	-2.146056e-02	3.545785e+00
3.165000e-05	-6.697789e-02	3.746817e+00
3.166000e-05	-3.005566e-02	3.917238e+00
3.167000e-05	1.241081e-01	4.229970e+00
3.168000e-05	-1.268278e-01	4.474739e+00
3.169000e-05	6.923604e-02	4.755709e+00
3.170000e-05	7.228571e-02	5.082630e+00
3.171000e-05	-9.263763e-02	5.376393e+00
3.172000e-05	5.883706e-02	5.600872e+00
3.173000e-05	-8.305365e-02	5.907785e+00
3.174000e-05	3.524113e-02	6.147362e+00
3.175000e-05	-5.068915e-03	6.411398e+00
3.176000e-05	-3.324771e-02	6.716184e+00
3.177000e-05	3.128342e-02	6.945817e+00
3.178000e-05	-4.573021e-02	7.190945e+00
3.179000e-05	3.909748e-02	7.494580e+00
3.180000e-05	-5.099894e-02	7.737410e+00
3.181000e-05	1.219746e-02	8.049421e+00
3.182000e-05	-6.425810e-03	8.283634e+00
3.183000e-05	-3.130864e-02	8.505183e+00
3.184000e-05	5.197841e-02	8.716202e+00
3.185000e-05	-5.676547e-02	8.937369e+00
3.186000e-05	1.332128e-02	9.148392e+00
3.187000e-05	-3.847822e-02	9.400423e+00
3.188000e-05	2.026945e-02	9.609948e+00
3.189000e-05	-2.280117e-02	9.892474e+00
3.190000e-05	-6.561120e-03	1.005306e+01
3.191000e-05	-7.146161e-03	1.028253e+01
3.192000e-05	-1.423331e-02	1.049410e+01
3.193000e-05	6.433669e-03	1.065363e+01
3.194000e-05	-3.128733e-02	1.092613e+01
3.195000e-05	-8.688701e-03	1.111460e+01
3.196000e-05	-2.671099e-02	1.127616e+01
3.197000e-05	5.236364e-03	1.151671e+01
3.198000e-05	-1.728890e-02	1.171770e+01
3.199000e-05	-6.337767e-03	1.191308e+01
3.200000e-05	-2.187662e-02	1.205313e+01
3.201000e-05	-9.909108e-03	1.224303e+01
3.202000e-05	-1.303966e-02	1.244987e+01
3.203000e-05	-2.044986e-02	1.259987e+01
3.204000e-05	-1.796397e-02	1.271623e+01
3.205000e-05	-2.148502e-02	1.289465e+01
3.206000e-05	-5.340581e-03	1.306202e+01
3.207000e-05	-1.759281e-02	1.317976e+01
3.208000e-05	-1.390471e-02	1.331626e+01
3.209000e-05	-2.886552e-02	1.348300e+01
3.210000e-05	-1.556226e-02	1.358982e+01
3.211000e-05	-2.092486e-02	1.373783e+01
3.212000e-05	-2.027405e-02	1.387355e+01
3.213000e-05	-2.564506e-02	1.400836e+01
3.214000e-05	-2.423649e-02	1.408416e+01
3.215000e-05	-1.595666e-02	1.427392e+01
3.216000e-05	-2.293327e-02	1.438729e+01
3.217000e-05	-2.219428e-02	1.444452e+01
3.218000e-05	-3.094874e-02	1.451813e+01
3.219000e-05	-2.205618e-02	1.460300e+01
3.220000e-05	-2.647964e-02	1.470668e+01
3.221000e-05	-2.542528e-02	1.475931e+01
3.222000e-05	-3.119854e-02	1.484097e+01
3.223000e-05	-3.168431e-02	1.488558e+01
3.224000e-05	-2.844373e-02	1.493626e+01
3.225000e-05	-3.063992e-02	1.498927e+01
3.226000e-05	-3.236813e-02	1.503142e+01
3.227000e-05	-3.714133e-02	1.506348e+01
3.228000e-05	-3.359420e-02	1.509365e+01
3.229000e-05	-3.594456e-02	1.512718e+01
3.230000e-05	-3.593935e-02	1.516026e+01
3.231000e-05	-4.258698e-02	1.516179e+01
3.232000e-05	-4.314872e-02	1.522041e+01
3.233000e-05	-4.193431e-02	1.527287e+01
3.234000e-05	-4.231007e-02	1.522142e+01
3.235000e-05	-4.466139e-02	1.522185e+01
3.236000e-05	-5.041265e-02	1.521284e+01
3.237000e-05	-4.965916e-02	1.515182e+01
3.238000e-05	-5.192131e-02	1.515934e+01
3.239000e-05	-5.303211e-02	1.515821e+01
3.240000e-05	-6.024642e-02	1.510659e+01
3.241000e-05	-6.044606e-02	1.506413e+01
3.242000e-05	-5.664410e-02	1.502195e+01
3.243000e-05	-5.436147e-02	1.502095e+01
3.244000e-05	-5.619767e-02	1.494724e+01
3.245000e-05	-5.957496e-02	1.491503e+01
3.246000e-05	-5.580748e-02	1.485247e+01
3.247000e-05	-5.299160e-02	1.479026e+01
3.248000e-05	-4.981885e-02	1.470758e+01
3.249000e-05	-5.043151e-02	1.467295e+01
3.250000e-05	-4.770345e-02	1.455831e+01
3.251000e-05	-4.266631e-02	1.446346e+01
3.252000e-05	-3.706541e-02	1.437932e+01
3.253000e-05	-3.606244e-02	1.425495e+01
3.254000e-05	-3.746621e-02	1.417729e+01
3.255000e-05	-3.222501e-02	1.403252e+01
3.256000e-05	-3.244225e-02	1.390708e+01
3.257000e-05	-2.818624e-02	1.383039e+01
3.258000e-05	-3.228344e-02	1.369447e+01
3.259000e-05	-2.578852e-02	1.351613e+01
3.260000e-05	-2.640165e-02	1.336987e+01
3.261000e-05	-2.207643e-02	1.323390e+01
3.262000e-05	-2.454861e-02	1.315716e+01
3.263000e-05	-2.204642e-02	1.300026e+01
3.264000e-05	-2.040488e-02	1.283140e+01
3.265000e-05	-1.856239e-02	1.269513e+01
3.266000e-05	-1.919831e-02	1.250614e+01
3.267000e-05	-1.993696e-02	1.235876e+01
3.268000e-05	-1.920502e-02	1.218032e+01
3.269000e-05	-1.641689e-02	1.200029e+01
3.270000e-05	-1.514399e-02	1.179190e+01
3.271000e-05	-1.692178e-02	1.166142e+01
3.272000e-05	-1.828374e-02	1.146237e+01
3.273000e-05	-1.617515e-02	1.120150e+01
3.274000e-05	-1.180373e-02	1.103055e+01
3.275000e-05	-1.298453e-02	1.079292e+01
3.276000e-05	-1.422507e-02	1.063100e+01
3.277000e-05	-1.526543e-02	1.042392e+01
3.278000e-05	-1.177599e-02	1.019197e+01
3.279000e-05	-1.107725e-02	1.002144e+01
3.280000e-05	-1.282744e-02	9.791887e+00
3.281000e-05	-1.481172e-02	9.517841e+00
3.282000e-05	-1.237787e-02	9.307212e+00
3.283000e-05	-1.047653e-02	9.106085e+00
3.284000e-05	-9.397776e-03	8.845528e+00
3.285000e-05	-1.198816e-02	8.623527e+00
3.286000e-05	-1.236739e-02	8.429971e+00
3.287000e-05	-1.030933e-02	8.152820e+00
3.288000e-05	-9.681955e-03	7.938642e+00
3.289000e-05	-1.034156e-02	7.656130e+00
3.290000e-05	-1.201982e-02	7.392520e+00
3.291000e-05	-1.066633e-02	7.148842e+00
3.292000e-05	-8.470746e-03	6.908133e+00
3.293000e-05	-7.520469e-03	6.653029e+00
3.294000e-05	-9.369007e-03	6.349393e+00
3.295000e-05	-9.501392e-03	6.167786e+00
3.296000e-05	-8.563236e-03	5.926163e+00
3.297000e-05	-6.636159e-03	5.632474e+00
3.298000e-05	-7.203130e-03	5.368341e+00
3.299000e-05	-8.889613e-03	5.033474e+00
3.300000e-05	-8.646472e-03	4.718768e+00
3.301000e-05	-7.747260e-03	4.465107e+00
3.302000e-05	-7.158710e-03	4.202974e+00
3.303000e-05	-8.272567e-03	3.937182e+00
3.304000e-05	-8.096252e-03	3.642105e+00
3.305000e-05	-6.396894e-03	3.349864e+00
3.306000e-05	-5.025297e-03	3.096733e+00
3.307000e-05	-6.225021e-03	2.812580e+00
3.308000e-05	-7.239498e-03	2.518314e+00
3.309000e-05	-6.608182e-03	2.264180e+00
3.310000e-05	-6.998056e-03	2.011026e+00
3.311000e-05	-5.565560e-03	1.708741e+00
3.312000e-05	-6.763605e-03	1.402477e+00
3.313000e-05	-6.387241e-03	1.135219e+00
3.314000e-05	-4.686857e-03	8.330953e-01
3.315000e-05	-4.053373e-03	5.257372e-01
3.316000e-05	-3.550294e-03	2.326353e-01
3.317000e-05	-2.545220e-03	-5.063007e-02
3.318000e-05	3.694664e-03	-3.048106e-01
3.319000e-05	1.923123e-03	-5.573184e-01
3.320000e-05	-9.734445e-04	-8.221352e-01
3.321000e-05	-1.244321e-03	-1.104815e+00
3.322000e-05	-1.584247e-03	-1.417952e+00
3.323000e-05	-1.908945e-03	-1.622683e+00
3.324000e-05	9.619987e-03	-1.903185e+00
3.325000e-05	6.399842e-02	-2.105263e+00
3.326000e-05	7.468295e-02	-2.450085e+00
3.327000e-05	-8.772265e-02	-2.840684e+00
3.328000e-05	4.648003e-03	-3.208605e+00
3.329000e-05	-5.906253e-02	-3.432631e+00
3.330000e-05	-4.711134e-02	-3.650135e+00
3.331000e-05	-1.683084e-02	-3.892585e+00
3.332000e-05	1.622885e-01	-4.031607e+00
3.333000e-05	-1.933423e-01	-4.367343e+00
3.334000e-05	1.735721e-01	-4.569947e+00
3.335000e-05	-7.681853e-02	-4.893653e+00
3.336000e-05	7.520202e-03	-5.210046e+00
3.337000e-05	8.358186e-02	-5.495076e+00
3.338000e-05	-1.838394e-01	-5.808921e+00
3.339000e-05	1.195145e-01	-5.989397e+00
3.340000e-05	-5.654682e-02	-6.303178e+00
3.341000e-05	3.252445e-02	-6.587846e+00
3.342000e-05	6.771406e-02	-6.799996e+00
3.343000e-05	-1.129420e-01	-7.095204e+00
3.344000e-05	1.384290e-01	-7.378421e+00
3.345000e-05	-1.176236e-01	-7.599998e+00
3.346000e-05	1.023709e-01	-7.926782e+00
3.347000e-05	-5.848710e-02	-8.126212e+00
3.348000e-05	-2.216863e-02	-8.399395e+00
3.349000e-05	1.095153e-01	-8.629501e+00
3.350000e-05	-9.577171e-02	-8.893735e+00
3.351000e-05	1.087628e-01	-9.104635e+00
3.352000e-05	-1.198394e-01	-9.255184e+00
3.353000e-05	9.166574e-02	-9.577817e+00
3.354000e-05	-3.052344e-02	-9.769393e+00
3.355000e-05	3.752056e-02	-9.979266e+00
3.356000e-05	9.740760e-03	-1.018947e+01
3.357000e-05	-3.502431e-02	-1.045150e+01
3.358000e-05	6.829936e-02	-1.063092e+01
3.359000e-05	-4.732876e-02	-1.082145e+01
3.360000e-05	5.896082e-02	-1.103147e+01
3.361000e-05	-6.321826e-02	-1.123092e+01
3.362000e-05	5.333879e-02	-1.143152e+01
3.363000e-05	-6.477222e-03	-1.162305e+01
3.364000e-05	4.093774e-02	-1.188250e+01
3.365000e-05	-6.397425e-03	-1.201297e+01
3.366000e-05	1.919280e-03	-1.222095e+01
3.367000e-05	2.033713e-02	-1.237982e+01
3.368000e-05	2.395590e-03	-1.253931e+01
3.369000e-05	2.105641e-02	-1.275570e+01
3.370000e-05	-1.287529e-02	-1.290505e+01
3.371000e-05	2.792658e-02	-1.304045e+01
3.372000e-05	1.039078e-02	-1.313879e+01
3.373000e-05	3.236169e-02	-1.334821e+01
3.374000e-05	-6.641154e-04	-1.350402e+01
3.375000e-05	1.303809e-02	-1.360042e+01
3.376000e-05	9.678968e-03	-1.372613e+01
3.377000e-05	2.414544e-02	-1.388267e+01
3.378000e-05	1.048065e-02	-1.398142e+01
3.379000e-05	1.214812e-02	-1.415721e+01
3.380000e-05	1.210863e-02	-1.425199e+01
3.381000e-05	2.715460e-02	-1.440761e+01
3.382000e-05	2.176992e-02	-1.441248e+01
3.383000e-05	1.661285e-02	-1.457871e+01
3.384000e-05	1.396295e-02	-1.461147e+01
3.385000e-05	2.139183e-02	-1.469466e+01
3.386000e-05	2.811092e-02	-1.475024e+01
3.387000e-05	2.170587e-02	-1.485500e+01
3.388000e-05	1.782254e-02	-1.491818e+01
3.389000e-05	1.732112e-02	-1.503137e+01
3.390000e-05	2.908881e-02	-1.507404e+01
3.391000e-05	2.684619e-02	-1.511605e+01
3.392000e-05	2.503745e-02	-1.514614e+01
3.393000e-05	2.098627e-02	-1.522029e+01
3.394000e-05	3.034967e-02	-1.523190e+01
3.395000e-05	3.688833e-02	-1.525450e+01
3.396000e-05	3.370667e-02	-1.530155e+01
3.397000e-05	2.833647e-02	-1.530555e+01
3.398000e-05	2.910030e-02	-1.529713e+01
3.399000e-05	3.947680e-02	-1.533664e+01
3.400000e-05	4.146650e-02	-1.531569e+01
3.401000e-05	3.875398e-02	-1.531608e+01
3.402000e-05	3.607530e-02	-1.531468e+01
3.403000e-05	4.248102e-02	-1.526456e+01
3.404000e-05	5.100237e-02	-1.525510e+01
3.405000e-05	4.970838e-02	-1.528452e+01
3.406000e-05	4.507626e-02	-1.526132e+01
3.407000e-05	4.632194e-02	-1.520177e+01
3.408000e-05	5.364011e-02	-1.516823e+01
3.409000e-05	5.457990e-02	-1.509458e+01
3.410000e-05	4.837311e-02	-1.504350e+01
3.411000e-05	4.318630e-02	-1.503084e+01
3.412000e-05	4.525583e-02	-1.493771e+01
3.413000e-05	4.852523e-02	-1.483303e+01
3.414000e-05	4.630228e-02	-1.481987e+01
3.415000e-05	3.911973e-02	-1.465416e+01
3.416000e-05	3.618714e-02	-1.462245e+01
3.417000e-05	3.690175e-02	-1.456824e+01
3.418000e-05	3.578348e-02	-1.448211e+01
3.419000e-05	2.895849e-02	-1.433976e+01
3.420000e-05	2.303289e-02	-1.428289e+01
3.421000e-05	2.192541e-02	-1.414723e+01
3.422000e-05	2.442190e-02	-1.399182e+01
3.423000e-05	2.290257e-02	-1.384455e+01
3.424000e-05	1.873158e-02	-1.374924e+01
3.425000e-05	1.578326e-02	-1.361045e+01
3.426000e-05	1.821194e-02	-1.344608e+01
3.427000e-05	1.911294e-02	-1.336886e+01
3.428000e-05	1.505118e-02	-1.318027e+01
3.429000e-05	1.124993e-02	-1.305205e+01
3.430000e-05	9.636129e-03	-1.290662e+01
3.431000e-05	1.178048e-02	-1.278976e+01
3.432000e-05	1.146262e-02	-1.264042e+01
3.433000e-05	8.410697e-03	-1.245292e+01
3.434000e-05	6.423268e-03	-1.223307e+01
3.435000e-05	8.793789e-03	-1.206560e+01
3.436000e-05	1.036565e-02	-1.193610e+01
3.437000e-05	7.537244e-03	-1.171668e+01
3.438000e-05	4.694962e-03	-1.147458e+01
3.439000e-05	3.286009e-03	-1.126301e+01
3.440000e-05	5.925402e-03	-1.104550e+01
3.441000e-05	5.793651e-03	-1.083403e+01
3.442000e-05	3.851182e-03	-1.066563e+01
3.443000e-05	2.236544e-03	-1.045605e+01
3.444000e-05	3.256274e-03	-1.026308e+01
3.445000e-05	6.095795e-03	-1.003292e+01
3.446000e-05	5.056448e-03	-9.812520e+00
3.447000e-05	1.817607e-03	-9.602449e+00
3.448000e-05	2.292896e-04	-9.422447e+00
3.449000e-05	2.207086e-03	-9.160267e+00
3.450000e-05	2.459649e-03	-8.948242e+00
3.451000e-05	3.687699e-04	-8.758240e+00
3.452000e-05	-2.085442e-03	-8.466075e+00
3.453000e-05	-6.270832e-04	-8.203000e+00
3.454000e-05	1.462113e-03	-8.000926e+00
3.455000e-05	1.967959e-03	-7.759766e+00
3.456000e-05	-1.631185e-03	-7.453053e+00
3.457000e-05	-1.018888e-03	-7.189471e+00
3.458000e-05	-1.413326e-03	-6.929318e+00
3.459000e-05	-5.258698e-04	-6.655686e+00
3.460000e-05	-2.593189e-03	-6.435054e+00
3.461000e-05	-2.949551e-03	-6.171370e+00
3.462000e-05	-3.793599e-03	-5.887312e+00
3.463000e-05	-1.416346e-03	-5.683883e+00
3.464000e-05	-3.446075e-03	-5.411392e+00
3.465000e-05	-2.021037e-03	-5.084135e+00
3.466000e-05	-3.445408e-03	-4.820268e+00
3.467000e-05	-1.416316e-03	-4.505137e+00
3.468000e-05	-4.381624e-03	-4.265157e+00
3.469000e-05	-4.466156e-03	-4.002325e+00
3.470000e-05	-6.212875e-03	-3.695710e+00
3.471000e-05	-3.619211e-03	-3.433632e+00
3.472000e-05	-6.001179e-03	-3.231023e+00
3.473000e-05	-5.339919e-03	-2.875159e+00
3.474000e-05	-5.859915e-03	-2.650476e+00
3.475000e-05	-3.562974e-03	-2.349322e+00
3.476000e-05	-3.073198e-03	-2.042109e+00
3.477000e-05	-4.250775e-03	-1.749890e+00
3.478000e-05	-7.010325e-03	-1.486312e+00
3.479000e-05	-7.484200e-03	-1.189871e+00
3.480000e-05	-6.735957e-03	-8.646592e-01
3.481000e-05	-5.847127e-03	-6.100723e-01
3.482000e-05	-6.034039e-03	-2.967371e-01
3.483000e-05	-5.007188e-03	-7.513420e-02
3.484000e-05	6.957038e-03	2.906052e-01
3.485000e-05	-2.373485e-03	5.037092e-01
3.486000e-05	3.374571e-03	7.563469e-01
3.487000e-05	-4.855823e-03	1.011072e+00
3.488000e-05	-8.803828e-04	1.304757e+00
3.489000e-05	-4.931522e-03	1.619551e+00
3.490000e-05	4.395814e-03	1.861609e+00
3.491000e-05	2.525987e-02	2.072682e+00
3.492000e-05	8.937541e-02	2.396898e+00
3.493000e-05	-4.854534e-02	2.766358e+00
3.494000e-05	-3.815860e-02	3.031580e+00
3.495000e-05	-3.854979e-02	3.273738e+00
3.496000e-05	-1.151006e-02	3.579443e+00
3.497000e-05	-9.031410e-02	3.789946e+00
3.498000e-05	1.926259e-02	3.969368e+00
3.499000e-05	1.032683e-01	4.283630e+00
3.500000e-05	-1.574940e-01	4.556790e+00
3.501000e-05	1.518117e-01	4.798925e+00
3.502000e-05	-2.194330e-02	5.176390e+00
3.503000e-05	-3.545270e-02	5.409996e+00
3.504000e-05	2.503902e-02	5.662183e+00
3.505000e-05	-7.617826e-02	5.987893e+00
3.506000e-05	4.815176e-02	6.229522e+00
3.507000e-05	-2.716533e-02	6.453608e+00
3.508000e-05	-3.801814e-03	6.786784e+00
3.509000e-05	1.161341e-02	6.991497e+00
3.510000e-05	-3.311892e-02	7.273156e+00
3.511000e-05	3.368384e-02	7.566287e+00
3.512000e-05	-5.687247e-02	7.809499e+00
3.513000e-05	2.944092e-02	8.135206e+00
3.514000e-05	-3.207602e-02	8.365339e+00
3.515000e-05	-7.106440e-03	8.554741e+00
3.516000e-05	3.742437e-02	8.780920e+00
3.517000e-05	-5.693909e-02	9.010392e+00
3.518000e-05	2.010765e-02	9.250547e+00
3.519000e-05	-4.424458e-02	9.472050e+00
3.520000e-05	2.744620e-02	9.663575e+00
3.521000e-05	-3.137593e-02	9.914707e+00
3.522000e-05	2.269131e-03	1.014673e+01
3.523000e-05	-1.472434e-02	1.031566e+01
3.524000e-05	-1.077878e-02	1.053684e+01
3.525000e-05	2.721423e-03	1.072774e+01
3.526000e-05	-3.328515e-02	1.095682e+01
3.527000e-05	-3.314059e-03	1.114526e+01
3.528000e-05	-2.871322e-02	1.126581e+01
3.529000e-05	8.745525e-03	1.154874e+01
3.530000e-05	-1.912941e-02	1.177876e+01
3.531000e-05	-6.541782e-03	1.192679e+01
3.532000e-05	-2.177724e-02	1.209521e+01
3.533000e-05	-1.120363e-02	1.233411e+01
3.534000e-05	-1.263824e-02	1.251208e+01
3.535000e-05	-2.274214e-02	1.261190e+01
3.536000e-05	-1.571329e-02	1.272631e+01
3.537000e-05	-2.200925e-02	1.293514e+01
3.538000e-05	-3.488182e-03	1.307312e+01
3.539000e-05	-1.778465e-02	1.323087e+01
3.540000e-05	-1.443660e-02	1.335981e+01
3.541000e-05	-2.637987e-02	1.352413e+01
3.542000e-05	-1.760023e-02	1.360145e+01
3.543000e-05	-1.936176e-02	1.373977e+01
3.544000e-05	-2.387004e-02	1.391553e+01
3.545000e-05	-2.463932e-02	1.400939e+01
3.546000e-05	-2.546874e-02	1.414618e+01
3.547000e-05	-1.530629e-02	1.430612e+01
3.548000e-05	-2.218006e-02	1.439939e+01
3.549000e-05	-2.179351e-02	1.444398e+01
3.550000e-05	-2.883800e-02	1.452784e+01
3.551000e-05	-2.420996e-02	1.465197e+01
3.552000e-05	-2.578212e-02	1.470611e+01
3.553000e-05	-2.818967e-02	1.476076e+01
3.554000e-05	-3.095283e-02	1.482202e+01
3.555000e-05	-3.301545e-02	1.488718e+01
3.556000e-05	-2.618431e-02	1.495873e+01
3.557000e-05	-3.185515e-02	1.498144e+01
3.558000e-05	-3.098771e-02	1.505252e+01
3.559000e-05	-3.726887e-02	1.508263e+01
3.560000e-05	-3.350643e-02	1.511664e+01
3.561000e-05	-3.451602e-02	1.515613e+01
3.562000e-05	-3.763672e-02	1.514034e+01
3.563000e-05	-4.244564e-02	1.519189e+01
3.564000e-05	-4.592929e-02	1.518187e+01
3.565000e-05	-4.107990e-02	1.524094e+01
3.566000e-05	-4.465174e-02	1.524185e+01
3.567000e-05	-4.446542e-02	1.526342e+01
3.568000e-05	-5.057265e-02	1.521082e+01
3.569000e-05	-4.905658e-02	1.518137e+01
3.570000e-05	-5.132790e-02	1.516177e+01
3.571000e-05	-5.379190e-02	1.512828e+01
3.572000e-05	-5.891051e-02	1.510716e+01
3.573000e-05	-6.102064e-02	1.507503e+01
3.574000e-05	-5.670214e-02	1.504199e+01
3.575000e-05	-5.733346e-02	1.497091e+01
3.576000e-05	-5.678752e-02	1.496671e+01
3.577000e-05	-5.891320e-02	1.488553e+01
3.578000e-05	-5.457790e-02	1.481292e+01
3.579000e-05	-5.209435e-02	1.476937e+01
3.580000e-05	-4.860752e-02	1.468558e+01
3.581000e-05	-4.849343e-02	1.462190e+01
3.582000e-05	-4.753667e-02	1.455719e+01
3.583000e-05	-4.290212e-02	1.443395e+01
3.584000e-05	-4.021126e-02	1.436784e+01
3.585000e-05	-3.531081e-02	1.421340e+01
3.586000e-05	-3.785063e-02	1.411718e+01
3.587000e-05	-3.072211e-02	1.402087e+01
3.588000e-05	-3.086679e-02	1.386408e+01
3.589000e-05	-2.700229e-02	1.379019e+01
3.590000e-05	-3.038101e-02	1.362292e+01
3.591000e-05	-2.655215e-02	1.346653e+01
3.592000e-05	-2.717792e-02	1.337829e+01
3.593000e-05	-2.346750e-02	1.320194e+01
3.594000e-05	-2.202896e-02	1.309462e+01
3.595000e-05	-2.287406e-02	1.295771e+01
3.596000e-05	-2.133370e-02	1.282134e+01
3.597000e-05	-1.938476e-02	1.264192e+01
3.598000e-05	-1.709085e-02	1.248546e+01
3.599000e-05	-1.897141e-02	1.234819e+01
3.600000e-05	-1.935531e-02	1.217831e+01
3.601000e-05	-1.843139e-02	1.197774e+01
3.602000e-05	-1.642251e-02	1.180032e+01
3.603000e-05	-1.667710e-02	1.155879e+01
3.604000e-05	-1.738235e-02	1.139021e+01
3.605000e-05	-1.624507e-02	1.113924e+01
3.606000e-05	-1.428723e-02	1.097037e+01
3.607000e-05	-1.302540e-02	1.076029e+01
3.608000e-05	-1.304263e-02	1.057887e+01
3.609000e-05	-1.372349e-02	1.034927e+01
3.610000e-05	-1.291634e-02	1.018784e+01
3.611000e-05	-1.226939e-02	9.948240e+00
3.612000e-05	-1.261907e-02	9.716132e+00
3.613000e-05	-1.266507e-02	9.495583e+00
3.614000e-05	-1.269921e-02	9.255079e+00
3.615000e-05	-1.108411e-02	9.115102e+00
3.616000e-05	-1.031110e-02	8.802599e+00
3.617000e-05	-1.011159e-02	8.589947e+00
3.618000e-05	-1.088765e-02	8.349366e+00
3.619000e-05	-1.011534e-02	8.120743e+00
3.620000e-05	-1.035329e-02	7.874130e+00
3.621000e-05	-9.389676e-03	7.603974e+00
3.622000e-05	-1.095695e-02	7.349790e+00
3.623000e-05	-1.086719e-02	7.076087e+00
3.624000e-05	-1.061686e-02	6.895501e+00
3.625000e-05	-8.193505e-03	6.610895e+00
3.626000e-05	-8.588885e-03	6.338712e+00
3.627000e-05	-8.691869e-03	6.085658e+00
3.628000e-05	-7.922829e-03	5.813483e+00
3.629000e-05	-8.477501e-03	5.578740e+00
3.630000e-05	-6.887429e-03	5.306584e+00
3.631000e-05	-7.935978e-03	4.948241e+00
3.632000e-05	-8.612947e-03	4.643604e+00
3.633000e-05	-9.139933e-03	4.410976e+00
3.634000e-05	-7.120546e-03	4.108787e+00
3.635000e-05	-7.367175e-03	3.823030e+00
3.636000e-05	-6.493623e-03	3.591499e+00
3.637000e-05	-7.269107e-03	3.317265e+00
3.638000e-05	-6.190040e-03	3.032528e+00
3.639000e-05	-5.027743e-03	2.788421e+00
3.640000e-05	-6.344043e-03	2.504579e+00
3.641000e-05	-7.456901e-03	2.191472e+00
3.642000e-05	-7.597586e-03	1.958371e+00
3.643000e-05	-4.854472e-03	1.674109e+00
3.644000e-05	-4.941953e-03	1.336893e+00
3.645000e-05	-6.305636e-03	1.021054e+00
3.646000e-05	-6.350492e-03	7.168911e-01
3.647000e-05	-4.436642e-03	4.536594e-01
3.648000e-05	-2.611203e-03	1.714753e-01
3.649000e-05	-2.205294e-03	-1.357117e-01
3.650000e-05	6.743556e-03	-3.563220e-01
3.651000e-05	-4.085522e-03	-6.510750e-01
3.652000e-05	2.899731e-03	-9.328103e-01
3.653000e-05	-4.230740e-03	-1.136942e+00
3.654000e-05	1.181416e-03	-1.493709e+00
3.655000e-05	-6.356703e-03	-1.725239e+00
3.656000e-05	2.005480e-02	-1.946316e+00
3.657000e-05	8.629396e-02	-2.166447e+00
3.658000e-05	2.421293e-02	-2.555289e+00
3.659000e-05	-6.762584e-02	-2.978869e+00
3.660000e-05	-6.793538e-03	-3.293711e+00
3.661000e-05	-4.816667e-02	-3.484685e+00
3.662000e-05	-7.467842e-02	-3.654235e+00
3.663000e-05	6.918758e-02	-3.935763e+00
3.664000e-05	6.761592e-02	-4.124288e+00
3.665000e-05	-1.630852e-01	-4.440029e+00
3.666000e-05	2.064476e-01	-4.640530e+00
3.667000e-05	-1.516323e-01	-4.958364e+00
3.668000e-05	1.042407e-01	-5.272636e+00
3.669000e-05	-1.298764e-02	-5.598239e+00
3.670000e-05	-1.354875e-01	-5.881077e+00
3.671000e-05	1.352327e-01	-6.042557e+00
3.672000e-05	-1.033000e-01	-6.344767e+00
3.673000e-05	1.071019e-01	-6.651027e+00
3.674000e-05	-2.068962e-02	-6.841104e+00
3.675000e-05	-4.572831e-02	-7.199369e+00
3.676000e-05	1.058866e-01	-7.419544e+00
3.677000e-05	-1.186044e-01	-7.703209e+00
3.678000e-05	1.355199e-01	-8.007870e+00
3.679000e-05	-1.314100e-01	-8.239921e+00
3.680000e-05	7.205363e-02	-8.471953e+00
3.681000e-05	3.363347e-02	-8.683180e+00
3.682000e-05	-4.138061e-02	-8.957813e+00
3.683000e-05	7.136249e-02	-9.167188e+00
3.684000e-05	-1.105975e-01	-9.387892e+00
3.685000e-05	1.153083e-01	-9.590997e+00
3.686000e-05	-6.653932e-02	-9.818548e+00
3.687000e-05	8.146556e-02	-1.004152e+01
3.688000e-05	-4.693068e-02	-1.026407e+01
3.689000e-05	2.042624e-02	-1.050358e+01
3.690000e-05	2.678557e-02	-1.067100e+01
3.691000e-05	-1.851744e-02	-1.089453e+01
3.692000e-05	3.517069e-02	-1.105410e+01
3.693000e-05	-5.340847e-02	-1.131503e+01
3.694000e-05	6.223510e-02	-1.150208e+01
3.695000e-05	-1.429954e-02	-1.168718e+01
3.696000e-05	5.092007e-02	-1.193420e+01
3.697000e-05	-2.794494e-02	-1.209456e+01
3.698000e-05	2.358435e-02	-1.225357e+01
3.699000e-05	4.713148e-03	-1.245197e+01
3.700000e-05	1.895309e-02	-1.263094e+01
3.701000e-05	4.133443e-03	-1.274631e+01
3.702000e-05	-2.390165e-03	-1.296816e+01
3.703000e-05	2.416713e-02	-1.309200e+01
3.704000e-05	1.938746e-02	-1.320842e+01
3.705000e-05	2.553862e-02	-1.333724e+01
3.706000e-05	-3.589158e-03	-1.350418e+01
3.707000e-05	1.415053e-02	-1.367285e+01
3.708000e-05	1.353034e-02	-1.373779e+01
3.709000e-05	2.572990e-02	-1.390460e+01
3.710000e-05	6.234337e-03	-1.401150e+01
3.711000e-05	1.310445e-02	-1.415726e+01
3.712000e-05	1.380875e-02	-1.425257e+01
3.713000e-05	3.149034e-02	-1.432881e+01
3.714000e-05	1.821102e-02	-1.450405e+01
3.715000e-05	1.548217e-02	-1.461724e+01
3.716000e-05	1.119808e-02	-1.464200e+01
3.717000e-05	2.578961e-02	-1.472471e+01
3.718000e-05	2.666655e-02	-1.478827e+01
3.719000e-05	2.029438e-02	-1.486501e+01
3.720000e-05	1.589291e-02	-1.493621e+01
3.721000e-05	2.120682e-02	-1.502932e+01
3.722000e-05	3.218630e-02	-1.508252e+01
3.723000e-05	2.766815e-02	-1.512570e+01
3.724000e-05	2.338744e-02	-1.512821e+01
3.725000e-05	2.119359e-02	-1.519029e+01
3.726000e-05	3.294011e-02	-1.521145e+01
3.727000e-05	3.625100e-02	-1.524192e+01
3.728000e-05	3.108926e-02	-1.530458e+01
3.729000e-05	2.747198e-02	-1.530666e+01
3.730000e-05	3.080874e-02	-1.533668e+01
3.731000e-05	4.105567e-02	-1.533721e+01
3.732000e-05	4.144400e-02	-1.533523e+01
3.733000e-05	3.806178e-02	-1.530518e+01
3.734000e-05	3.699071e-02	-1.531413e+01
3.735000e-05	4.531354e-02	-1.528558e+01
3.736000e-05	4.991641e-02	-1.530300e+01
3.737000e-05	4.749247e-02	-1.521242e+01
3.738000e-05	4.364406e-02	-1.521984e+01
3.739000e-05	4.786854e-02	-1.520926e+01
3.740000e-05	5.521532e-02	-1.513818e+01
3.741000e-05	5.510654e-02	-1.509560e+01
3.742000e-05	4.882551e-02	-1.507145e+01
3.743000e-05	4.385516e-02	-1.499034e+01
3.744000e-05	4.670417e-02	-1.493719e+01
3.745000e-05	4.817075e-02	-1.487195e+01
3.746000e-05	4.335789e-02	-1.477021e+01
3.747000e-05	3.675414e-02	-1.469608e+01
3.748000e-05	3.485214e-02	-1.462137e+01
3.749000e-05	3.698749e-02	-1.449516e+01
3.750000e-05	3.500434e-02	-1.441182e+01
3.751000e-05	2.783243e-02	-1.429616e+01
3.752000e-05	2.246945e-02	-1.420237e+01
3.753000e-05	2.441925e-02	-1.417568e+01
3.754000e-05	2.506933e-02	-1.394966e+01
3.755000e-05	2.217117e-02	-1.384243e+01
3.756000e-05	1.689590e-02	-1.372761e+01
3.757000e-05	1.610333e-02	-1.357984e+01
3.758000e-05	1.846966e-02	-1.346308e+01
3.759000e-05	1.760127e-02	-1.333658e+01
3.760000e-05	1.368291e-02	-1.316829e+01
3.761000e-05	9.807326e-03	-1.302092e+01
3.762000e-05	1.076808e-02	-1.286410e+01
3.763000e-05	1.358236e-02	-1.273618e+01
3.764000e-05	1.182965e-02	-1.256774e+01
3.765000e-05	7.256469e-03	-1.239937e+01
3.766000e-05	5.628840e-03	-1.221195e+01
3.767000e-05	8.617457e-03	-1.204303e+01
3.768000e-05	9.735103e-03	-1.187160e+01
3.769000e-05	7.079143e-03	-1.165395e+01
3.770000e-05	4.267620e-03	-1.142152e+01
3.771000e-05	4.617574e-03	-1.122085e+01
3.772000e-05	7.333962e-03	-1.097044e+01
3.773000e-05	6.364667e-03	-1.080242e+01
3.774000e-05	2.125087e-03	-1.062337e+01
3.775000e-05	1.432953e-03	-1.042108e+01
3.776000e-05	2.877636e-03	-1.022137e+01
3.777000e-05	4.142282e-03	-9.980343e+00
3.778000e-05	3.136352e-03	-9.800418e+00
3.779000e-05	2.413192e-03	-9.569817e+00
3.780000e-05	1.749422e-03	-9.347683e+00
3.781000e-05	2.094265e-03	-9.115714e+00
3.782000e-05	1.205302e-03	-8.896612e+00
3.783000e-05	4.079119e-04	-8.713586e+00
3.784000e-05	-1.479084e-03	-8.422396e+00
3.785000e-05	-1.073849e-03	-8.161421e+00
3.786000e-05	1.533009e-04	-7.927768e+00
3.787000e-05	3.659262e-04	-7.684000e+00
3.788000e-05	1.846087e-04	-7.411446e+00
3.789000e-05	-2.192579e-03	-7.168843e+00
3.790000e-05	-5.667206e-04	-6.915184e+00
3.791000e-05	-8.092869e-04	-6.623001e+00
3.792000e-05	-1.253590e-03	-6.419925e+00
3.793000e-05	-3.276945e-03	-6.136637e+00
3.794000e-05	-4.634587e-03	-5.834133e+00
3.795000e-05	-2.866429e-03	-5.610547e+00
3.796000e-05	-2.652332e-03	-5.307262e+00
3.797000e-05	-2.067661e-03	-5.020917e+00
3.798000e-05	-3.997198e-03	-4.674583e+00
3.799000e-05	-2.605256e-03	-4.422526e+00
3.800000e-05	-1.951052e-03	-4.220074e+00
3.801000e-05	-4.050070e-03	-3.946842e+00
3.802000e-05	-5.659080e-03	-3.672033e+00
3.803000e-05	-7.475725e-03	-3.381475e+00
3.804000e-05	-4.436942e-03	-3.126864e+00
3.805000e-05	-5.228362e-03	-2.800500e+00
3.806000e-05	-3.517981e-03	-2.548872e+00
3.807000e-05	-5.193143e-03	-2.294136e+00
3.808000e-05	-4.368528e-03	-1.978919e+00
3.809000e-05	-4.673454e-03	-1.716238e+00
3.810000e-05	-4.831953e-03	-1.430933e+00
3.811000e-05	-7.249513e-03	-1.064211e+00
3.812000e-05	-7.517485e-03	-8.525265e-01
3.813000e-05	-6.481192e-03	-5.177673e-01
3.814000e-05	-4.661126e-03	-2.735316e-01
3.815000e-05	-1.627556e-03	9.501056e-03
3.816000e-05	7.404221e-03	3.043117e-01
3.817000e-05	-5.932896e-03	5.673645e-01
3.818000e-05	5.452369e-03	7.779460e-01
3.819000e-05	-4.810299e-03	1.144809e+00
3.820000e-05	3.319086e-04	1.326942e+00
3.821000e-05	-7.992141e-03	1.673754e+00
3.822000e-05	1.089377e-02	1.936286e+00
3.823000e-05	3.566796e-02	2.136841e+00
3.824000e-05	8.426073e-02	2.460602e+00
3.825000e-05	-8.015162e-02	2.808877e+00
3.826000e-05	-2.243313e-02	3.084233e+00
3.827000e-05	-4.568540e-02	3.365892e+00
3.828000e-05	-1.054541e-02	3.620606e+00
3.829000e-05	-9.258439e-02	3.800529e+00
3.830000e-05	6.706525e-02	4.010571e+00
3.831000e-05	4.569966e-02	4.366368e+00
3.832000e-05	-1.354056e-01	4.611000e+00
3.833000e-05	1.898476e-01	4.842105e+00
3.834000e-05	-9.330629e-02	5.231448e+00
3.835000e-05	2.213639e-02	5.462154e+00
3.836000e-05	-2.245818e-02	5.739319e+00
3.837000e-05	-4.497690e-02	6.020000e+00
3.838000e-05	4.626197e-02	6.262605e+00
3.839000e-05	-4.383908e-02	6.535840e+00
3.840000e-05	2.042802e-02	6.799999e+00
3.841000e-05	-1.520219e-02	7.082104e+00
3.842000e-05	-8.319451e-03	7.304839e+00
3.843000e-05	1.206403e-02	7.609474e+00
3.844000e-05	-4.586856e-02	7.893127e+00
3.845000e-05	3.149513e-02	8.157791e+00
3.846000e-05	-4.813148e-02	8.408949e+00
3.847000e-05	2.301520e-02	8.567892e+00
3.848000e-05	7.887582e-03	8.821470e+00
3.849000e-05	-4.051386e-02	9.084478e+00
3.850000e-05	8.453318e-03	9.293654e+00
3.851000e-05	-3.211006e-02	9.493632e+00
3.852000e-05	2.113017e-02	9.705708e+00
3.853000e-05	-3.132830e-02	9.968766e+00
3.854000e-05	4.764353e-03	1.017934e+01
3.855000e-05	-1.814296e-02	1.037036e+01
3.856000e-05	-3.430518e-03	1.057827e+01
3.857000e-05	-6.234115e-03	1.079789e+01
3.858000e-05	-3.032816e-02	1.099042e+01
3.859000e-05	-7.369408e-03	1.118889e+01
3.860000e-05	-2.146562e-02	1.143940e+01
3.861000e-05	5.379043e-03	1.163944e+01
3.862000e-05	-1.703684e-02	1.180994e+01
3.863000e-05	-1.079556e-02	1.193876e+01
3.864000e-05	-1.804129e-02	1.218932e+01
3.865000e-05	-1.260011e-02	1.232526e+01
3.866000e-05	-1.325792e-02	1.249605e+01
3.867000e-05	-2.464895e-02	1.266148e+01
3.868000e-05	-1.615981e-02	1.278987e+01
3.869000e-05	-1.897836e-02	1.298829e+01
3.870000e-05	-5.900217e-03	1.309476e+01
3.871000e-05	-1.733729e-02	1.330308e+01
3.872000e-05	-1.996134e-02	1.337989e+01
3.873000e-05	-2.230676e-02	1.348669e+01
3.874000e-05	-1.941329e-02	1.359302e+01
3.875000e-05	-1.761420e-02	1.384977e+01
3.876000e-05	-2.702615e-02	1.392773e+01
3.877000e-05	-2.230107e-02	1.403987e+01
3.878000e-05	-2.400495e-02	1.417969e+01
3.879000e-05	-1.563725e-02	1.432562e+01
3.880000e-05	-2.249216e-02	1.441947e+01
3.881000e-05	-2.585084e-02	1.448505e+01
3.882000e-05	-2.595975e-02	1.458929e+01
3.883000e-05	-2.453873e-02	1.465147e+01
3.884000e-05	-2.452376e-02	1.472618e+01
3.885000e-05	-3.122453e-02	1.479047e+01
3.886000e-05	-3.023247e-02	1.486501e+01
3.887000e-05	-3.285960e-02	1.489614e+01
3.888000e-05	-2.576644e-02	1.496881e+01
3.889000e-05	-3.245259e-02	1.500984e+01
3.890000e-05	-3.319292e-02	1.505292e+01
3.891000e-05	-3.586496e-02	1.507518e+01
3.892000e-05	-3.354014e-02	1.512814e+01
3.893000e-05	-3.287221e-02	1.513724e+01
3.894000e-05	-3.960581e-02	1.517979e+01
3.895000e-05	-4.212618e-02	1.519182e+01
3.896000e-05	-4.485375e-02	1.520142e+01
3.897000e-05	-4.110944e-02	1.523245e+01
3.898000e-05	-4.458517e-02	1.523285e+01
3.899000e-05	-4.691433e-02	1.524292e+01
3.900000e-05	-5.068923e-02	1.518082e+01
3.901000e-05	-4.919343e-02	1.520381e+01
3.902000e-05	-4.974205e-02	1.513172e+01
3.903000e-05	-5.576371e-02	1.511826e+01
3.904000e-05	-5.906075e-02	1.510660e+01
3.905000e-05	-6.088268e-02	1.505292e+01
3.906000e-05	-5.501395e-02	1.500142e+01
3.907000e-05	-5.729434e-02	1.498032e+01
3.908000e-05	-5.754162e-02	1.490716e+01
3.909000e-05	-5.851693e-02	1.487353e+01
3.910000e-05	-5.378375e-02	1.480142e+01
3.911000e-05	-4.973899e-02	1.471629e+01
3.912000e-05	-5.020451e-02	1.470563e+01
3.913000e-05	-4.821554e-02	1.458084e+01
3.914000e-05	-4.728591e-02	1.449761e+01
3.915000e-05	-4.080534e-02	1.437239e+01
3.916000e-05	-3.906702e-02	1.432653e+01
3.917000e-05	-3.502622e-02	1.424089e+01
3.918000e-05	-3.725261e-02	1.407571e+01
3.919000e-05	-3.007839e-02	1.401082e+01
3.920000e-05	-2.951168e-02	1.385353e+01
3.921000e-05	-2.784182e-02	1.370661e+01
3.922000e-05	-2.913216e-02	1.359142e+01
3.923000e-05	-2.752658e-02	1.347402e+01
3.924000e-05	-2.361606e-02	1.331816e+01
3.925000e-05	-2.344178e-02	1.315077e+01
3.926000e-05	-2.134076e-02	1.307705e+01
3.927000e-05	-2.355451e-02	1.288561e+01
3.928000e-05	-2.065953e-02	1.272673e+01
3.929000e-05	-2.013838e-02	1.258037e+01
3.930000e-05	-1.830763e-02	1.242290e+01
3.931000e-05	-1.894134e-02	1.228463e+01
3.932000e-05	-1.776285e-02	1.209715e+01
3.933000e-05	-1.847177e-02	1.189666e+01
3.934000e-05	-1.665716e-02	1.174619e+01
3.935000e-05	-1.672659e-02	1.155916e+01
3.936000e-05	-1.661817e-02	1.130615e+01
3.937000e-05	-1.677279e-02	1.109718e+01
3.938000e-05	-1.303900e-02	1.093826e+01
3.939000e-05	-1.220697e-02	1.074676e+01
3.940000e-05	-1.218495e-02	1.057966e+01
3.941000e-05	-1.360747e-02	1.029869e+01
3.942000e-05	-1.355863e-02	1.013663e+01
3.943000e-05	-1.249475e-02	9.926581e+00
3.944000e-05	-1.219731e-02	9.644998e+00
3.945000e-05	-1.285055e-02	9.431999e+00
3.946000e-05	-1.321475e-02	9.202946e+00
3.947000e-05	-1.190488e-02	9.001473e+00
3.948000e-05	-1.038633e-02	8.748793e+00
3.949000e-05	-9.268516e-03	8.557737e+00
3.950000e-05	-1.165544e-02	8.317161e+00
3.951000e-05	-1.070205e-02	8.025053e+00
3.952000e-05	-9.366602e-03	7.820972e+00
3.953000e-05	-9.296687e-03	7.558796e+00
3.954000e-05	-1.040880e-02	7.276130e+00
3.955000e-05	-1.066966e-02	7.014098e+00
3.956000e-05	-1.026418e-02	6.800925e+00
3.957000e-05	-8.261599e-03	6.497636e+00
3.958000e-05	-8.680949e-03	6.223579e+00
3.959000e-05	-8.765984e-03	6.042074e+00
3.960000e-05	-8.403003e-03	5.717818e+00
3.961000e-05	-8.155569e-03	5.474212e+00
3.962000e-05	-6.552985e-03	5.201500e+00
3.963000e-05	-8.286432e-03	4.905132e+00
3.964000e-05	-8.903177e-03	4.591471e+00
3.965000e-05	-8.483718e-03	4.357868e+00
3.966000e-05	-7.568651e-03	4.045529e+00
3.967000e-05	-7.207258e-03	3.801846e+00
3.968000e-05	-6.615027e-03	3.537266e+00
3.969000e-05	-5.709752e-03	3.211103e+00
3.970000e-05	-6.019147e-03	2.969868e+00
3.971000e-05	-5.891490e-03	2.708841e+00
3.972000e-05	-6.242876e-03	2.399499e+00
3.973000e-05	-6.915599e-03	2.107841e+00
3.974000e-05	-7.302136e-03	1.884709e+00
3.975000e-05	-6.676267e-03	1.589370e+00
3.976000e-05	-6.308665e-03	1.284682e+00
3.977000e-05	-6.191766e-03	9.293237e-01
3.978000e-05	-5.545860e-03	6.551818e-01
3.979000e-05	-5.543117e-03	4.315015e-01
3.980000e-05	-3.072272e-03	6.671322e-02
3.981000e-05	-2.037308e-03	-1.968971e-01
3.982000e-05	8.921190e-03	-3.684762e-01
3.983000e-05	-6.969823e-03	-7.252401e-01
3.984000e-05	5.496202e-03	-9.573906e-01
3.985000e-05	-6.768066e-03	-1.251502e+00
3.986000e-05	3.484795e-03	-1.555339e+00
3.987000e-05	-5.647133e-03	-1.776345e+00
3.988000e-05	3.068278e-02	-2.008970e+00
3.989000e-05	1.047391e-01	-2.281179e+00
3.990000e-05	-3.381580e-02	-2.652603e+00
3.991000e-05	-3.699825e-02	-3.092154e+00
3.992000e-05	-2.925297e-02	-3.367392e+00
3.993000e-05	-3.363960e-02	-3.576313e+00
3.994000e-05	-9.515249e-02	-3.797318e+00
3.995000e-05	1.478099e-01	-3.976339e+00
3.996000e-05	-4.992633e-02	-4.188421e+00
3.997000e-05	-4.884589e-02	-4.482162e+00
3.998000e-05	1.818276e-01	-4.695238e+00
3.999000e-05	-1.680634e-01	-5.031552e+00
4.000000e-05	1.633044e-01	-5.375340e+00
4.001000e-05	-1.056517e-01	-5.640071e+00
4.002000e-05	-5.182741e-02	-5.916208e+00
4.003000e-05	1.035738e-01	-6.095210e+00
4.004000e-05	-1.095179e-01	-6.400073e+00
4.005000e-05	1.503729e-01	-6.713756e+00
4.006000e-05	-9.892640e-02	-6.907865e+00
4.007000e-05	3.868349e-02	-7.262053e+00
4.008000e-05	3.536703e-02	-7.453176e+00
4.009000e-05	-7.099120e-02	-7.838867e+00
4.010000e-05	1.191899e-01	-8.039999e+00
4.011000e-05	-1.578301e-01	-8.241601e+00
4.012000e-05	1.389119e-01	-8.504733e+00
4.013000e-05	-4.627608e-02	-8.776760e+00
4.014000e-05	2.880941e-02	-8.998419e+00
4.015000e-05	9.372975e-03	-9.230322e+00
4.016000e-05	-6.051953e-02	-9.480997e+00
4.017000e-05	9.665894e-02	-9.683081e+00
4.018000e-05	-6.835563e-02	-9.873606e+00
4.019000e-05	9.461369e-02	-1.004258e+01
4.020000e-05	-8.076395e-02	-1.033518e+01
4.021000e-05	6.540299e-02	-1.054579e+01
4.022000e-05	-1.809421e-02	-1.072366e+01
4.023000e-05	2.273040e-02	-1.089621e+01
4.024000e-05	-1.286994e-04	-1.113521e+01
4.025000e-05	-2.032512e-02	-1.135831e+01
4.026000e-05	4.943586e-02	-1.152629e+01
4.027000e-05	-8.313686e-03	-1.176784e+01
4.028000e-05	4.242719e-02	-1.193523e+01
4.029000e-05	-3.694811e-02	-1.213768e+01
4.030000e-05	3.716633e-02	-1.229415e+01
4.031000e-05	-5.636103e-03	-1.247403e+01
4.032000e-05	3.299519e-02	-1.266252e+01
4.033000e-05	-9.779344e-03	-1.280984e+01
4.034000e-05	1.362684e-02	-1.295881e+01
4.035000e-05	1.719798e-02	-1.311563e+01
4.036000e-05	2.445777e-02	-1.328250e+01
4.037000e-05	1.239047e-02	-1.340942e+01
4.038000e-05	-2.853865e-03	-1.358616e+01
4.039000e-05	1.382115e-02	-1.366193e+01
4.040000e-05	1.939033e-02	-1.381042e+01
4.041000e-05	2.455164e-02	-1.390620e+01
4.042000e-05	6.588893e-03	-1.409410e+01
4.043000e-05	1.306257e-02	-1.422939e+01
4.044000e-05	1.744158e-02	-1.429560e+01
4.045000e-05	3.000839e-02	-1.438887e+01
4.046000e-05	1.411878e-02	-1.449418e+01
4.047000e-05	1.372840e-02	-1.461027e+01
4.048000e-05	1.284133e-02	-1.464203e+01
4.049000e-05	3.015025e-02	-1.471721e+01
4.050000e-05	2.511688e-02	-1.482194e+01
4.051000e-05	1.938206e-02	-1.493660e+01
4.052000e-05	1.437334e-02	-1.499681e+01
4.053000e-05	2.484285e-02	-1.503042e+01
4.054000e-05	3.101148e-02	-1.510508e+01
4.055000e-05	2.640475e-02	-1.513770e+01
4.056000e-05	2.176623e-02	-1.516719e+01
4.057000e-05	2.313799e-02	-1.521074e+01
4.058000e-05	3.443699e-02	-1.522139e+01
4.059000e-05	3.508136e-02	-1.527247e+01
4.060000e-05	3.026414e-02	-1.526368e+01
4.061000e-05	2.715248e-02	-1.530558e+01
4.062000e-05	3.403288e-02	-1.532661e+01
4.063000e-05	4.275171e-02	-1.533814e+01
4.064000e-05	4.061189e-02	-1.533674e+01
4.065000e-05	3.676069e-02	-1.534660e+01
4.066000e-05	3.709349e-02	-1.529666e+01
4.067000e-05	4.696754e-02	-1.527453e+01
4.068000e-05	4.935027e-02	-1.531355e+01
4.069000e-05	4.613100e-02	-1.524250e+01
4.070000e-05	4.421574e-02	-1.522140e+01
4.071000e-05	5.055187e-02	-1.517866e+01
4.072000e-05	5.562629e-02	-1.513813e+01
4.073000e-05	5.389674e-02	-1.509557e+01
4.074000e-05	4.634545e-02	-1.503142e+01
4.075000e-05	4.494440e-02	-1.499032e+01
4.076000e-05	4.816199e-02	-1.492517e+01
4.077000e-05	4.803526e-02	-1.481537e+01
4.078000e-05	4.141589e-02	-1.473774e+01
4.079000e-05	3.496679e-02	-1.466353e+01
4.080000e-05	3.547872e-02	-1.457941e+01
4.081000e-05	3.712780e-02	-1.454518e+01
4.082000e-05	3.403638e-02	-1.441941e+01
4.083000e-05	2.661686e-02	-1.428653e+01
4.084000e-05	2.418042e-02	-1.421884e+01
4.085000e-05	2.521742e-02	-1.409450e+01
4.086000e-05	2.493618e-02	-1.393823e+01
4.087000e-05	1.899477e-02	-1.380137e+01
4.088000e-05	1.435649e-02	-1.369520e+01
4.089000e-05	1.611310e-02	-1.356024e+01
4.090000e-05	1.918851e-02	-1.342190e+01
4.091000e-05	1.862494e-02	-1.330502e+01
4.092000e-05	1.370740e-02	-1.309818e+01
4.093000e-05	1.171307e-02	-1.300892e+01
4.094000e-05	1.354874e-02	-1.286252e+01
4.095000e-05	1.364666e-02	-1.266708e+01
4.096000e-05	9.517273e-03	-1.257723e+01
4.097000e-05	5.306745e-03	-1.234882e+01
4.098000e-05	5.263607e-03	-1.219031e+01
4.099000e-05	9.226042e-03	-1.202245e+01
4.100000e-05	9.023817e-03	-1.181094e+01
4.101000e-05	6.829765e-03	-1.157885e+01
4.102000e-05	3.979002e-03	-1.135974e+01
4.103000e-05	6.296033e-03	-1.118976e+01
4.104000e-05	7.384875e-03	-1.098824e+01
4.105000e-05	6.558825e-03	-1.078034e+01
4.106000e-05	3.500466e-04	-1.060190e+01
4.107000e-05	1.038806e-03	-1.035929e+01
4.108000e-05	4.204388e-03	-1.017781e+01
4.109000e-05	5.296153e-03	-9.907688e+00
4.110000e-05	2.740891e-03	-9.767716e+00
4.111000e-05	-2.838446e-04	-9.548188e+00
4.112000e-05	4.605732e-04	-9.314729e+00
4.113000e-05	3.974309e-03	-9.063625e+00
4.114000e-05	3.028452e-03	-8.894104e+00
4.115000e-05	-1.390937e-03	-8.631924e+00
4.116000e-05	-3.499382e-03	-8.348816e+00
4.117000e-05	-2.130876e-04	-8.156264e+00
4.118000e-05	1.754670e-03	-7.926133e+00
4.119000e-05	-4.345014e-04	-7.632342e+00
4.120000e-05	-2.731736e-03	-7.369768e+00
4.121000e-05	-1.791022e-03	-7.105214e+00
4.122000e-05	2.483390e-03	-6.801546e+00
4.123000e-05	1.676621e-03	-6.608893e+00
4.124000e-05	-2.154162e-03	-6.346843e+00
4.125000e-05	-5.719443e-03	-6.073078e+00
4.126000e-05	-3.825419e-03	-5.811945e+00
4.127000e-05	-2.086171e-03	-5.526840e+00
4.128000e-05	-3.279344e-03	-5.253529e+00
4.129000e-05	-5.368506e-03	-4.937368e+00
4.130000e-05	-3.606810e-03	-4.650472e+00
4.131000e-05	-1.497876e-03	-4.389974e+00
4.132000e-05	-1.192126e-03	-4.158790e+00
4.133000e-05	-5.049902e-03	-3.886158e+00
4.134000e-05	-6.780693e-03	-3.599397e+00
4.135000e-05	-7.142425e-03	-3.327317e+00
4.136000e-05	-3.320569e-03	-3.071979e+00
4.137000e-05	-4.390157e-03	-2.768392e+00
4.138000e-05	-5.029251e-03	-2.475662e+00
4.139000e-05	-4.496910e-03	-2.202524e+00
4.140000e-05	-2.014433e-03	-1.938315e+00
4.141000e-05	-3.182866e-03	-1.642709e+00
4.142000e-05	-5.915068e-03	-1.316767e+00
4.143000e-05	-8.635914e-03	-1.052027e+00
4.144000e-05	-7.183193e-03	-7.694449e-01
4.145000e-05	-5.498008e-03	-4.741082e-01
4.146000e-05	-3.911494e-03	-1.904237e-01
4.147000e-05	-1.501203e-03	4.218164e-02
4.148000e-05	5.504389e-03	3.663696e-01
4.149000e-05	-4.306873e-03	5.804976e-01
4.150000e-05	5.523091e-03	8.311513e-01
4.151000e-05	-5.364323e-03	1.156465e+00
4.152000e-05	1.891079e-05	1.429527e+00
4.153000e-05	-8.405881e-03	1.736866e+00
4.154000e-05	1.796748e-02	1.977842e+00
4.155000e-05	5.327646e-02	2.218447e+00
4.156000e-05	5.767802e-02	2.515292e+00
4.157000e-05	-8.844256e-02	2.861159e+00
4.158000e-05	-1.721350e-02	3.156767e+00
4.159000e-05	-3.941726e-02	3.482051e+00
4.160000e-05	-2.887092e-02	3.693658e+00
4.161000e-05	-7.750904e-02	3.883655e+00
4.162000e-05	1.054232e-01	4.092685e+00
4.163000e-05	-3.036030e-02	4.442072e+00
4.164000e-05	-6.146655e-02	4.673628e+00
4.165000e-05	1.704676e-01	4.916241e+00
4.166000e-05	-1.264345e-01	5.342608e+00
4.167000e-05	6.053631e-02	5.524213e+00
4.168000e-05	-6.085163e-02	5.830472e+00
4.169000e-05	-7.271103e-03	6.062158e+00
4.170000e-05	2.746040e-02	6.325687e+00
4.171000e-05	-4.856307e-02	6.629922e+00
4.172000e-05	3.789699e-02	6.872554e+00
4.173000e-05	-3.732757e-02	7.155709e+00
4.174000e-05	1.692319e-02	7.428945e+00
4.175000e-05	-2.109835e-02	7.651606e+00
4.176000e-05	-2.188568e-02	7.957235e+00
4.177000e-05	2.074631e-02	8.189970e+00
4.178000e-05	-4.989949e-02	8.420504e+00
4.179000e-05	4.226945e-02	8.642025e+00
4.180000e-05	-2.423244e-02	8.844104e+00
4.181000e-05	-1.323850e-02	9.154659e+00
4.182000e-05	-1.188398e-02	9.336317e+00
4.183000e-05	-8.625099e-03	9.546339e+00
4.184000e-05	-1.660223e-03	9.768839e+00
4.185000e-05	-2.327366e-02	1.002747e+01
4.186000e-05	1.338265e-03	1.022147e+01
4.187000e-05	-1.736502e-02	1.040048e+01
4.188000e-05	2.465573e-03	1.065099e+01
4.189000e-05	-1.647225e-02	1.086100e+01
4.190000e-05	-1.887544e-02	1.102202e+01
4.191000e-05	-1.543759e-02	1.121145e+01
4.192000e-05	-1.137109e-02	1.145357e+01
4.193000e-05	-9.413773e-03	1.167358e+01
4.194000e-05	-1.413099e-02	1.185142e+01
4.195000e-05	-1.567402e-02	1.201992e+01
4.196000e-05	-1.134473e-02	1.219044e+01
4.197000e-05	-1.388729e-02	1.238833e+01
4.198000e-05	-1.552824e-02	1.252779e+01
4.199000e-05	-2.065386e-02	1.271461e+01
4.200000e-05	-1.650221e-02	1.284208e+01
4.201000e-05	-1.399275e-02	1.300042e+01
4.202000e-05	-1.422911e-02	1.312668e+01
4.203000e-05	-1.516271e-02	1.332563e+01
4.204000e-05	-2.397552e-02	1.340097e+01
4.205000e-05	-1.616668e-02	1.352676e+01
4.206000e-05	-2.286355e-02	1.366455e+01
4.207000e-05	-1.842612e-02	1.381982e+01
4.208000e-05	-2.680236e-02	1.391881e+01
4.209000e-05	-2.086052e-02	1.408156e+01
4.210000e-05	-2.114660e-02	1.416239e+01
4.211000e-05	-2.076203e-02	1.431771e+01
4.212000e-05	-2.245592e-02	1.443142e+01
4.213000e-05	-2.735910e-02	1.451613e+01
4.214000e-05	-2.213284e-02	1.459035e+01
4.215000e-05	-2.686075e-02	1.463408e+01
4.216000e-05	-2.514959e-02	1.474671e+01
4.217000e-05	-3.275709e-02	1.483094e+01
4.218000e-05	-2.801390e-02	1.486348e+01
4.219000e-05	-3.039017e-02	1.492826e+01
4.220000e-05	-2.927871e-02	1.498982e+01
4.221000e-05	-3.401612e-02	1.503092e+01
4.222000e-05	-3.411124e-02	1.506407e+01
4.223000e-05	-3.159810e-02	1.510568e+01
4.224000e-05	-3.544892e-02	1.512663e+01
4.225000e-05	-3.515058e-02	1.511981e+01
4.226000e-05	-4.246649e-02	1.516782e+01
4.227000e-05	-4.019682e-02	1.520034e+01
4.228000e-05	-4.296142e-02	1.520094e+01
4.229000e-05	-4.238019e-02	1.527249e+01
4.230000e-05	-4.695374e-02	1.522148e+01
4.231000e-05	-4.717989e-02	1.520344e+01
4.232000e-05	-4.792277e-02	1.522079e+01
4.233000e-05	-5.097473e-02	1.516134e+01
4.234000e-05	-5.274950e-02	1.514079e+01
4.235000e-05	-5.860303e-02	1.516674e+01
4.236000e-05	-5.805458e-02	1.509471e+01
4.237000e-05	-5.877398e-02	1.504352e+01
4.238000e-05	-5.658886e-02	1.500242e+01
4.239000e-05	-5.821166e-02	1.493932e+01
4.240000e-05	-5.855386e-02	1.490763e+01
4.241000e-05	-5.566178e-02	1.485403e+01
4.242000e-05	-5.386870e-02	1.481935e+01
4.243000e-05	-5.045599e-02	1.472668e+01
4.244000e-05	-5.095511e-02	1.463357e+01
4.245000e-05	-4.654663e-02	1.458984e+01
4.246000e-05	-4.330287e-02	1.447558e+01
4.247000e-05	-3.833624e-02	1.443184e+01
4.248000e-05	-3.868608e-02	1.428416e+01
4.249000e-05	-3.667019e-02	1.418987e+01
4.250000e-05	-3.493602e-02	1.408195e+01
4.251000e-05	-3.123751e-02	1.396021e+01
4.252000e-05	-2.840863e-02	1.385297e+01
4.253000e-05	-3.021914e-02	1.368618e+01
4.254000e-05	-2.683124e-02	1.354819e+01
4.255000e-05	-2.805434e-02	1.344197e+01
4.256000e-05	-2.237865e-02	1.328613e+01
4.257000e-05	-2.531284e-02	1.314971e+01
4.258000e-05	-2.143847e-02	1.306299e+01
4.259000e-05	-2.211241e-02	1.289492e+01
4.260000e-05	-1.946461e-02	1.269626e+01
4.261000e-05	-1.931724e-02	1.256834e+01
4.262000e-05	-1.872752e-02	1.238092e+01
4.263000e-05	-1.855139e-02	1.226345e+01
4.264000e-05	-1.778704e-02	1.208345e+01
4.265000e-05	-1.730169e-02	1.184410e+01
4.266000e-05	-1.662683e-02	1.168461e+01
4.267000e-05	-1.792911e-02	1.147458e+01
4.268000e-05	-1.588643e-02	1.124550e+01
4.269000e-05	-1.461036e-02	1.105408e+01
4.270000e-05	-1.278834e-02	1.093709e+01
4.271000e-05	-1.334281e-02	1.070721e+01
4.272000e-05	-1.297121e-02	1.045508e+01
4.273000e-05	-1.292863e-02	1.026410e+01
4.274000e-05	-1.258748e-02	1.007405e+01
4.275000e-05	-1.227140e-02	9.842500e+00
4.276000e-05	-1.283928e-02	9.559320e+00
4.277000e-05	-1.279114e-02	9.409843e+00
4.278000e-05	-1.232927e-02	9.139892e+00
4.279000e-05	-1.024653e-02	8.948636e+00
4.280000e-05	-1.018533e-02	8.655232e+00
4.281000e-05	-1.023630e-02	8.467134e+00
4.282000e-05	-1.007762e-02	8.282555e+00
4.283000e-05	-9.376655e-03	8.011899e+00
4.284000e-05	-1.016643e-02	7.769295e+00
4.285000e-05	-1.003967e-02	7.506607e+00
4.286000e-05	-1.115688e-02	7.221921e+00
4.287000e-05	-1.003021e-02	6.969421e+00
4.288000e-05	-8.467065e-03	6.737792e+00
4.289000e-05	-8.491695e-03	6.424128e+00
4.290000e-05	-7.480826e-03	6.211075e+00
4.291000e-05	-9.471101e-03	5.958869e+00
4.292000e-05	-6.391690e-03	5.656630e+00
4.293000e-05	-9.512702e-03	5.473006e+00
4.294000e-05	-3.873581e-03	5.168165e+00
4.295000e-05	-9.566373e-03	4.812520e+00
4.296000e-05	-6.486450e-03	4.568216e+00
4.297000e-05	-8.274404e-03	4.275187e+00
4.298000e-05	-9.113409e-03	3.990421e+00
4.299000e-05	-7.402158e-03	3.728765e+00
4.300000e-05	-9.172831e-03	3.455112e+00
4.301000e-05	-6.961358e-03	3.179920e+00
4.302000e-05	-6.030677e-03	2.897264e+00
4.303000e-05	-5.425164e-03	2.644528e+00
4.304000e-05	-3.813023e-03	2.326817e+00
4.305000e-05	-6.347488e-03	2.073605e+00
4.306000e-05	-5.917723e-03	1.801950e+00
4.307000e-05	-8.090787e-03	1.478316e+00
4.308000e-05	-7.254009e-03	1.200549e+00
4.309000e-05	-6.764338e-03	8.551594e-01
4.310000e-05	-5.370882e-03	5.709726e-01
4.311000e-05	-3.749730e-03	3.378923e-01
4.312000e-05	-1.774584e-03	5.203164e-02
4.313000e-05	1.007314e-03	-2.201300e-01
4.314000e-05	8.529722e-03	-4.421090e-01
4.315000e-05	-7.154907e-03	-7.568960e-01
4.316000e-05	3.403337e-03	-1.020056e+00
4.317000e-05	-7.182127e-03	-1.274834e+00
4.318000e-05	6.260997e-04	-1.588976e+00
4.319000e-05	-2.086151e-03	-1.790105e+00
4.320000e-05	4.329514e-02	-2.000579e+00
4.321000e-05	1.090529e-01	-2.356891e+00
4.322000e-05	-7.462668e-02	-2.766862e+00
4.323000e-05	-9.257012e-03	-3.165789e+00
4.324000e-05	-5.043065e-02	-3.408995e+00
4.325000e-05	-2.632694e-02	-3.607970e+00
4.326000e-05	-8.702555e-02	-3.810473e+00
4.327000e-05	1.899163e-01	-4.000021e+00
4.328000e-05	-1.439250e-01	-4.291028e+00
4.329000e-05	7.968561e-02	-4.555314e+00
4.330000e-05	8.048512e-02	-4.736891e+00
4.331000e-05	-1.213222e-01	-5.133313e+00
4.332000e-05	1.631942e-01	-5.419494e+00
4.333000e-05	-1.706059e-01	-5.684732e+00
4.334000e-05	4.006662e-02	-5.958367e+00
4.335000e-05	3.858255e-02	-6.167915e+00
4.336000e-05	-6.992471e-02	-6.505639e+00
4.337000e-05	1.430046e-01	-6.745787e+00
4.338000e-05	-1.384094e-01	-7.030998e+00
4.339000e-05	1.094914e-01	-7.365713e+00
4.340000e-05	-4.554949e-02	-7.545888e+00
4.341000e-05	6.183743e-03	-7.861025e+00
4.342000e-05	5.755482e-02	-8.053656e+00
4.343000e-05	-1.247021e-01	-8.335683e+00
4.344000e-05	1.619232e-01	-8.518917e+00
4.345000e-05	-1.027203e-01	-8.799969e+00
4.346000e-05	8.757512e-02	-9.072103e+00
4.347000e-05	-6.607239e-02	-9.250026e+00
4.348000e-05	1.314322e-02	-9.534179e+00
4.349000e-05	4.549119e-02	-9.705711e+00
4.350000e-05	-3.432286e-02	-9.944785e+00
4.351000e-05	7.756390e-02	-1.013634e+01
4.352000e-05	-8.030597e-02	-1.038728e+01
4.353000e-05	8.999251e-02	-1.055039e+01
4.354000e-05	-4.853506e-02	-1.075779e+01
4.355000e-05	4.976003e-02	-1.101882e+01
4.356000e-05	-4.006949e-02	-1.119879e+01
4.357000e-05	1.507181e-02	-1.138134e+01
4.358000e-05	2.496335e-02	-1.157734e+01
4.359000e-05	1.138391e-02	-1.182947e+01
4.360000e-05	2.795004e-02	-1.197876e+01
4.361000e-05	-2.368216e-02	-1.218784e+01
4.362000e-05	3.703880e-02	-1.234619e+01
4.363000e-05	-9.393258e-03	-1.253571e+01
4.364000e-05	3.100461e-02	-1.269460e+01
4.365000e-05	-1.901929e-02	-1.286897e+01
4.366000e-05	2.296546e-02	-1.299032e+01
4.367000e-05	1.156894e-02	-1.312718e+01
4.368000e-05	3.197542e-02	-1.329463e+01
4.369000e-05	5.740817e-03	-1.340147e+01
4.370000e-05	7.207853e-03	-1.358824e+01
4.371000e-05	1.128111e-02	-1.368550e+01
4.372000e-05	2.166863e-02	-1.383150e+01
4.373000e-05	1.538507e-02	-1.394779e+01
4.374000e-05	6.698099e-03	-1.408402e+01
4.375000e-05	1.233766e-02	-1.421136e+01
4.376000e-05	2.088074e-02	-1.435510e+01
4.377000e-05	2.788296e-02	-1.447139e+01
4.378000e-05	1.567475e-02	-1.453566e+01
4.379000e-05	1.564804e-02	-1.461134e+01
4.380000e-05	1.674752e-02	-1.468268e+01
4.381000e-05	2.794837e-02	-1.476829e+01
4.382000e-05	2.069795e-02	-1.483390e+01
4.383000e-05	1.657922e-02	-1.493765e+01
4.384000e-05	1.494684e-02	-1.500022e+01
4.385000e-05	2.743817e-02	-1.505095e+01
4.386000e-05	3.189141e-02	-1.510513e+01
4.387000e-05	2.768595e-02	-1.516618e+01
4.388000e-05	2.313679e-02	-1.516778e+01
4.389000e-05	2.563135e-02	-1.523084e+01
4.390000e-05	3.409546e-02	-1.523248e+01
4.391000e-05	3.205168e-02	-1.525356e+01
4.392000e-05	2.758586e-02	-1.533458e+01
4.393000e-05	2.789209e-02	-1.531858e+01
4.394000e-05	3.619941e-02	-1.532721e+01
4.395000e-05	4.392566e-02	-1.530624e+01
4.396000e-05	4.119228e-02	-1.534668e+01
4.397000e-05	3.795791e-02	-1.531615e+01
4.398000e-05	3.934823e-02	-1.530611e+01
4.399000e-05	4.667687e-02	-1.526460e+01
4.400000e-05	4.784655e-02	-1.525350e+01
4.401000e-05	4.531278e-02	-1.524094e+01
4.402000e-05	4.556133e-02	-1.520737e+01
4.403000e-05	5.225662e-02	-1.517917e+01
4.404000e-05	5.597352e-02	-1.513718e+01
4.405000e-05	5.317523e-02	-1.506154e+01
4.406000e-05	4.686918e-02	-1.503992e+01
4.407000e-05	4.462740e-02	-1.498828e+01
4.408000e-05	4.692560e-02	-1.491610e+01
4.409000e-05	4.577850e-02	-1.482887e+01
4.410000e-05	4.068293e-02	-1.472771e+01
4.411000e-05	3.642008e-02	-1.466207e+01
4.412000e-05	3.685995e-02	-1.460774e+01
4.413000e-05	3.726716e-02	-1.447510e+01
4.414000e-05	3.230005e-02	-1.437931e+01
4.415000e-05	2.568440e-02	-1.429458e+01
4.416000e-05	2.338033e-02	-1.418826e+01
4.417000e-05	2.409324e-02	-1.403197e+01
4.418000e-05	2.433338e-02	-1.390615e+01
4.419000e-05	2.100791e-02	-1.380034e+01
4.420000e-05	1.691606e-02	-1.365305e+01
4.421000e-05	1.677209e-02	-1.354626e+01
4.422000e-05	1.992244e-02	-1.338937e+01
4.423000e-05	1.678761e-02	-1.324182e+01
4.424000e-05	1.229061e-02	-1.307566e+01
4.425000e-05	8.723842e-03	-1.297986e+01
4.426000e-05	1.127487e-02	-1.282195e+01
4.427000e-05	1.267490e-02	-1.264258e+01
4.428000e-05	1.030844e-02	-1.249505e+01
4.429000e-05	6.695347e-03	-1.230516e+01
4.430000e-05	7.318652e-03	-1.215779e+01
4.431000e-05	1.018473e-02	-1.198929e+01
4.432000e-05	9.452662e-03	-1.173826e+01
4.433000e-05	5.740311e-03	-1.157867e+01
4.434000e-05	2.271849e-03	-1.136774e+01
4.435000e-05	4.387998e-03	-1.113656e+01
4.436000e-05	6.146930e-03	-1.094666e+01
4.437000e-05	4.764577e-03	-1.072679e+01
4.438000e-05	1.848761e-03	-1.054769e+01
4.439000e-05	2.870195e-03	-1.034669e+01
4.440000e-05	5.366226e-03	-1.010620e+01
4.441000e-05	3.815661e-03	-9.884155e+00
4.442000e-05	7.011588e-04	-9.705182e+00
4.443000e-05	1.744162e-04	-9.516151e+00
4.444000e-05	2.373436e-03	-9.272001e+00
4.445000e-05	3.143378e-03	-9.021473e+00
4.446000e-05	1.065761e-03	-8.770922e+00
4.447000e-05	-7.529066e-04	-8.568910e+00
4.448000e-05	-1.440260e-03	-8.306709e+00
4.449000e-05	9.587198e-04	-8.074183e+00
4.450000e-05	-1.242009e-04	-7.822025e+00
4.451000e-05	-8.652840e-04	-7.538313e+00
4.452000e-05	-2.479723e-03	-7.336733e+00
4.453000e-05	-6.894259e-04	-7.062050e+00
4.454000e-05	1.397993e-03	-6.779820e+00
4.455000e-05	-1.199207e-03	-6.537737e+00
4.456000e-05	-4.242414e-03	-6.235628e+00
4.457000e-05	-6.715984e-03	-5.998948e+00
4.458000e-05	-2.270713e-03	-5.746792e+00
4.459000e-05	-1.664528e-03	-5.465535e+00
4.460000e-05	-1.710808e-03	-5.178841e+00
4.461000e-05	-5.181144e-03	-4.833451e+00
4.462000e-05	-1.506931e-03	-4.568316e+00
4.463000e-05	-1.512706e-03	-4.327341e+00
4.464000e-05	-1.076349e-03	-4.074639e+00
4.465000e-05	-6.516473e-03	-3.791951e+00
4.466000e-05	-7.017189e-03	-3.538341e+00
4.467000e-05	-6.998518e-03	-3.264658e+00
4.468000e-05	-2.431587e-03	-2.951391e+00
4.469000e-05	-5.825629e-03	-2.705684e+00
4.470000e-05	-5.006174e-03	-2.462078e+00
4.471000e-05	-4.489070e-03	-2.138294e+00
4.472000e-05	-2.547660e-03	-1.883634e+00
4.473000e-05	-3.433474e-03	-1.639975e+00
4.474000e-05	-7.156961e-03	-1.294600e+00
4.475000e-05	-8.459513e-03	-9.698948e-01
4.476000e-05	-7.870837e-03	-7.061595e-01
4.477000e-05	-4.319482e-03	-4.114987e-01
4.478000e-05	-4.599039e-03	-1.273671e-01
4.479000e-05	2.768792e-03	1.468183e-01
4.480000e-05	2.110125e-03	3.926025e-01
4.481000e-05	1.141544e-03	6.621604e-01
4.482000e-05	1.986412e-03	9.048667e-01
4.483000e-05	-2.866609e-03	1.231549e+00
4.484000e-05	-3.258256e-03	1.515318e+00
4.485000e-05	-4.937337e-03	1.830952e+00
4.486000e-05	2.109613e-02	2.018545e+00
4.487000e-05	7.259022e-02	2.273628e+00
4.488000e-05	1.337485e-02	2.671551e+00
4.489000e-05	-7.268613e-02	2.927318e+00
4.490000e-05	-2.299159e-02	3.188972e+00
4.491000e-05	-2.680246e-02	3.525357e+00
4.492000e-05	-5.701567e-02	3.727316e+00
4.493000e-05	-4.168681e-02	3.885287e+00
4.494000e-05	1.254691e-01	4.177372e+00
4.495000e-05	-1.072644e-01	4.492188e+00
4.496000e-05	3.909729e-02	4.715234e+00
4.497000e-05	1.009796e-01	5.092576e+00
4.498000e-05	-1.080080e-01	5.367764e+00
4.499000e-05	6.476821e-02	5.629417e+00
4.500000e-05	-8.316466e-02	5.896656e+00
4.501000e-05	2.632574e-02	6.115687e+00
4.502000e-05	2.490237e-03	6.398470e+00
4.503000e-05	-3.692599e-02	6.684079e+00
4.504000e-05	3.704178e-02	6.955790e+00
4.505000e-05	-4.709172e-02	7.180343e+00
4.506000e-05	3.580536e-02	7.501952e+00
4.507000e-05	-4.631673e-02	7.737257e+00
4.508000e-05	6.019953e-03	8.030376e+00
4.509000e-05	1.826016e-04	8.284629e+00
4.510000e-05	-3.946790e-02	8.503129e+00
4.511000e-05	5.312393e-02	8.693629e+00
4.512000e-05	-5.146831e-02	8.926240e+00
4.513000e-05	1.057211e-02	9.188361e+00
4.514000e-05	-3.455466e-02	9.399421e+00
4.515000e-05	1.378314e-02	9.589368e+00
4.516000e-05	-1.817594e-02	9.842522e+00
4.517000e-05	-9.932744e-03	1.004155e+01
4.518000e-05	-5.766017e-03	1.024303e+01
4.519000e-05	-1.737042e-02	1.045405e+01
4.520000e-05	5.485604e-03	1.068213e+01
4.521000e-05	-2.788419e-02	1.087463e+01
4.522000e-05	-9.618233e-03	1.107310e+01
4.523000e-05	-2.423193e-02	1.125410e+01
4.524000e-05	1.795980e-03	1.152563e+01
4.525000e-05	-1.455627e-02	1.170519e+01
4.526000e-05	-6.972077e-03	1.188418e+01
4.527000e-05	-2.116986e-02	1.205353e+01
4.528000e-05	-1.164439e-02	1.226197e+01
4.529000e-05	-1.432645e-02	1.236035e+01
4.530000e-05	-1.958001e-02	1.258984e+01
4.531000e-05	-1.852386e-02	1.269621e+01
4.532000e-05	-2.069443e-02	1.287300e+01
4.533000e-05	-7.175330e-03	1.305200e+01
4.534000e-05	-1.657558e-02	1.317932e+01
4.535000e-05	-1.218174e-02	1.332774e+01
4.536000e-05	-2.782281e-02	1.344102e+01
4.537000e-05	-1.571117e-02	1.359984e+01
4.538000e-05	-2.240969e-02	1.370704e+01
4.539000e-05	-1.955237e-02	1.384447e+01
4.540000e-05	-2.622022e-02	1.394834e+01
4.541000e-05	-2.307247e-02	1.412498e+01
4.542000e-05	-1.671722e-02	1.423557e+01
4.543000e-05	-2.106011e-02	1.438476e+01
4.544000e-05	-2.060060e-02	1.441200e+01
4.545000e-05	-2.975652e-02	1.453718e+01
4.546000e-05	-2.201935e-02	1.462137e+01
4.547000e-05	-2.749978e-02	1.467411e+01
4.548000e-05	-2.592693e-02	1.474821e+01
4.549000e-05	-3.240518e-02	1.480193e+01
4.550000e-05	-3.126314e-02	1.487358e+01
4.551000e-05	-2.815379e-02	1.493671e+01
4.552000e-05	-2.904271e-02	1.497932e+01
4.553000e-05	-3.083367e-02	1.503147e+01
4.554000e-05	-3.641095e-02	1.507207e+01
4.555000e-05	-3.189450e-02	1.514665e+01
4.556000e-05	-3.603518e-02	1.512769e+01
4.557000e-05	-3.530134e-02	1.514926e+01
4.558000e-05	-4.300799e-02	1.517234e+01
4.559000e-05	-4.372238e-02	1.521129e+01
4.560000e-05	-4.355471e-02	1.518197e+01
4.561000e-05	-4.373241e-02	1.521344e+01
4.562000e-05	-4.519588e-02	1.523102e+01
4.563000e-05	-5.009458e-02	1.517139e+01
4.564000e-05	-4.790908e-02	1.517076e+01
4.565000e-05	-5.206788e-02	1.518084e+01
4.566000e-05	-5.217774e-02	1.509719e+01
4.567000e-05	-5.952825e-02	1.511863e+01
4.568000e-05	-5.997141e-02	1.507555e+01
4.569000e-05	-5.839180e-02	1.507400e+01
4.570000e-05	-5.656755e-02	1.500042e+01
4.571000e-05	-5.655352e-02	1.495774e+01
4.572000e-05	-5.836055e-02	1.489668e+01
4.573000e-05	-5.453070e-02	1.483400e+01
4.574000e-05	-5.326347e-02	1.478029e+01
4.575000e-05	-4.977955e-02	1.470671e+01
4.576000e-05	-5.042502e-02	1.463355e+01
4.577000e-05	-4.736850e-02	1.455934e+01
4.578000e-05	-4.535082e-02	1.448410e+01
4.579000e-05	-4.092979e-02	1.432929e+01
4.580000e-05	-3.706723e-02	1.428353e+01
4.581000e-05	-3.587064e-02	1.414916e+01
4.582000e-05	-3.241937e-02	1.402142e+01
4.583000e-05	-3.259870e-02	1.394816e+01
4.584000e-05	-2.749985e-02	1.379986e+01
4.585000e-05	-2.966169e-02	1.367400e+01
4.586000e-05	-2.615719e-02	1.351573e+01
4.587000e-05	-2.873926e-02	1.340037e+01
4.588000e-05	-2.418890e-02	1.325408e+01
4.589000e-05	-2.396212e-02	1.313876e+01
4.590000e-05	-2.089659e-02	1.300937e+01
4.591000e-05	-2.120925e-02	1.283077e+01
4.592000e-05	-2.000952e-02	1.266360e+01
4.593000e-05	-1.862829e-02	1.253724e+01
4.594000e-05	-1.830388e-02	1.236731e+01
4.595000e-05	-1.816359e-02	1.222089e+01
4.596000e-05	-1.822393e-02	1.201187e+01
4.597000e-05	-1.730274e-02	1.185347e+01
4.598000e-05	-1.661118e-02	1.164347e+01
4.599000e-05	-1.634756e-02	1.145200e+01
4.600000e-05	-1.650675e-02	1.123389e+01
4.601000e-05	-1.341373e-02	1.102300e+01
4.602000e-05	-1.314561e-02	1.081155e+01
4.603000e-05	-1.196686e-02	1.065308e+01
4.604000e-05	-1.250995e-02	1.045348e+01
4.605000e-05	-1.324062e-02	1.021245e+01
4.606000e-05	-1.290477e-02	9.981445e+00
4.607000e-05	-1.259030e-02	9.780366e+00
4.608000e-05	-1.293482e-02	9.539737e+00
4.609000e-05	-1.282180e-02	9.347267e+00
4.610000e-05	-1.213370e-02	9.117710e+00
4.611000e-05	-1.040906e-02	8.865627e+00
4.612000e-05	-8.566505e-03	8.634075e+00
4.613000e-05	-9.940834e-03	8.422527e+00
4.614000e-05	-1.011971e-02	8.232916e+00
4.615000e-05	-9.613452e-03	7.928712e+00
4.616000e-05	-9.153173e-03	7.737659e+00
4.617000e-05	-1.047659e-02	7.423029e+00
4.618000e-05	-1.096209e-02	7.178942e+00
4.619000e-05	-1.056024e-02	6.907764e+00
4.620000e-05	-8.525339e-03	6.696133e+00
4.621000e-05	-7.362840e-03	6.392895e+00
4.622000e-05	-8.031573e-03	6.168342e+00
4.623000e-05	-7.836987e-03	5.925734e+00
4.624000e-05	-7.433242e-03	5.633071e+00
4.625000e-05	-6.908002e-03	5.378842e+00
4.626000e-05	-8.231110e-03	5.012578e+00
4.627000e-05	-9.156752e-03	4.738816e+00
4.628000e-05	-9.495009e-03	4.465657e+00
4.629000e-05	-8.063879e-03	4.202600e+00
4.630000e-05	-7.384677e-03	3.917766e+00
4.631000e-05	-6.162318e-03	3.696654e+00
4.632000e-05	-6.728533e-03	3.371873e+00
4.633000e-05	-5.624779e-03	3.096736e+00
4.634000e-05	-5.064465e-03	2.864608e+00
4.635000e-05	-6.341594e-03	2.570293e+00
4.636000e-05	-7.623321e-03	2.264711e+00
4.637000e-05	-7.903751e-03	2.011998e+00
4.638000e-05	-7.602336e-03	1.739266e+00
4.639000e-05	-6.794621e-03	1.434577e+00
4.640000e-05	-6.249508e-03	1.148815e+00
4.641000e-05	-5.338533e-03	8.015253e-01
4.642000e-05	-4.275356e-03	5.373661e-01
4.643000e-05	-3.734455e-03	2.951584e-01
4.644000e-05	-1.674960e-03	-4.058244e-02
4.645000e-05	3.495742e-03	-3.117353e-01
4.646000e-05	2.906797e-03	-5.388167e-01
4.647000e-05	-4.325598e-03	-8.300286e-01
4.648000e-05	-1.778079e-03	-1.073181e+00
4.649000e-05	-2.906826e-03	-1.356396e+00
4.650000e-05	-1.560269e-03	-1.642656e+00
4.651000e-05	6.167609e-03	-1.872710e+00
4.652000e-05	5.914274e-02	-2.052683e+00
4.653000e-05	8.708556e-02	-2.409102e+00
4.654000e-05	-8.840615e-02	-2.809977e+00
4.655000e-05	5.563334e-03	-3.249947e+00
4.656000e-05	-6.050595e-02	-3.431102e+00
4.657000e-05	-4.205739e-02	-3.620977e+00
4.658000e-05	-4.048164e-02	-3.912601e+00
4.659000e-05	1.790054e-01	-4.021477e+00
4.660000e-05	-1.918698e-01	-4.355314e+00
4.661000e-05	1.605056e-01	-4.578471e+00
4.662000e-05	-4.460685e-02	-4.871075e+00
4.663000e-05	-2.282353e-02	-5.227523e+00
4.664000e-05	1.109065e-01	-5.475580e+00
4.665000e-05	-1.892286e-01	-5.787418e+00
4.666000e-05	1.064028e-01	-6.008968e+00
4.667000e-05	-3.739478e-02	-6.290556e+00
4.668000e-05	5.108973e-03	-6.596867e+00
4.669000e-05	9.121676e-02	-6.779444e+00
4.670000e-05	-1.274405e-01	-7.135234e+00
4.671000e-05	1.400209e-01	-7.356742e+00
4.672000e-05	-1.054184e-01	-7.608992e+00
4.673000e-05	8.555828e-02	-7.935757e+00
4.674000e-05	-2.972938e-02	-8.137238e+00
4.675000e-05	-5.071968e-02	-8.389366e+00
4.676000e-05	1.287982e-01	-8.620925e+00
4.677000e-05	-1.059273e-01	-8.903552e+00
4.678000e-05	1.116370e-01	-9.114685e+00
4.679000e-05	-1.132420e-01	-9.293207e+00
4.680000e-05	7.812284e-02	-9.577312e+00
4.681000e-05	-1.355289e-02	-9.787840e+00
4.682000e-05	2.101174e-02	-9.988389e+00
4.683000e-05	2.827612e-02	-1.018787e+01
4.684000e-05	-4.911168e-02	-1.043945e+01
4.685000e-05	7.761303e-02	-1.062140e+01
4.686000e-05	-5.203301e-02	-1.080147e+01
4.687000e-05	6.126015e-02	-1.104045e+01
4.688000e-05	-6.125863e-02	-1.128244e+01
4.689000e-05	4.661125e-02	-1.144090e+01
4.690000e-05	-8.146571e-04	-1.166045e+01
4.691000e-05	3.465709e-02	-1.185295e+01
4.692000e-05	2.503163e-03	-1.200092e+01
4.693000e-05	-4.560907e-03	-1.224145e+01
4.694000e-05	2.603620e-02	-1.236679e+01
4.695000e-05	-2.486420e-04	-1.258939e+01
4.696000e-05	2.435541e-02	-1.271573e+01
4.697000e-05	-1.785542e-02	-1.289458e+01
4.698000e-05	2.636067e-02	-1.303042e+01
4.699000e-05	1.026561e-02	-1.316879e+01
4.700000e-05	3.306510e-02	-1.334716e+01
4.701000e-05	-1.360643e-03	-1.349260e+01
4.702000e-05	1.185190e-02	-1.364944e+01
4.703000e-05	1.122118e-02	-1.373466e+01
4.704000e-05	2.483135e-02	-1.386253e+01
4.705000e-05	1.127432e-02	-1.396887e+01
4.706000e-05	1.020820e-02	-1.416513e+01
4.707000e-05	1.085335e-02	-1.420887e+01
4.708000e-05	2.635734e-02	-1.436768e+01
4.709000e-05	2.438090e-02	-1.446242e+01
4.710000e-05	1.432779e-02	-1.455621e+01
4.711000e-05	1.223723e-02	-1.464087e+01
4.712000e-05	2.031558e-02	-1.471463e+01
4.713000e-05	3.021962e-02	-1.476876e+01
4.714000e-05	2.130041e-02	-1.488253e+01
4.715000e-05	1.671627e-02	-1.494763e+01
4.716000e-05	1.551622e-02	-1.499027e+01
4.717000e-05	3.083214e-02	-1.506297e+01
4.718000e-05	2.860385e-02	-1.509505e+01
4.719000e-05	2.470893e-02	-1.512723e+01
4.720000e-05	2.019006e-02	-1.522914e+01
4.721000e-05	2.885680e-02	-1.523150e+01
4.722000e-05	3.750678e-02	-1.526095e+01
4.723000e-05	3.278761e-02	-1.529408e+01
4.724000e-05	2.856388e-02	-1.528566e+01
4.725000e-05	2.858499e-02	-1.533768e+01
4.726000e-05	3.899058e-02	-1.531566e+01
4.727000e-05	4.299567e-02	-1.536613e+01
4.728000e-05	3.850472e-02	-1.531721e+01
4.729000e-05	3.369201e-02	-1.529563e+01
4.730000e-05	4.283340e-02	-1.532411e+01
4.731000e-05	4.757787e-02	-1.528453e+01
4.732000e-05	5.196851e-02	-1.522247e+01
4.733000e-05	4.562159e-02	-1.522039e+01
4.734000e-05	4.687223e-02	-1.521929e+01
4.735000e-05	5.387524e-02	-1.514668e+01
4.736000e-05	5.452040e-02	-1.511508e+01
4.737000e-05	5.147398e-02	-1.506302e+01
4.738000e-05	4.283121e-02	-1.501782e+01
4.739000e-05	4.495852e-02	-1.497761e+01
4.740000e-05	4.666559e-02	-1.483450e+01
4.741000e-05	4.845061e-02	-1.477882e+01
4.742000e-05	4.150743e-02	-1.473613e+01
4.743000e-05	3.604838e-02	-1.464147e+01
4.744000e-05	3.486992e-02	-1.457871e+01
4.745000e-05	3.488158e-02	-1.445402e+01
4.746000e-05	3.182718e-02	-1.437813e+01
4.747000e-05	2.406125e-02	-1.428397e+01
4.748000e-05	2.221774e-02	-1.417706e+01
4.749000e-05	2.306173e-02	-1.401139e+01
4.750000e-05	2.479051e-02	-1.385597e+01
4.751000e-05	2.035445e-02	-1.379871e+01
4.752000e-05	1.577372e-02	-1.360147e+01
4.753000e-05	1.638925e-02	-1.348668e+01
4.754000e-05	1.842835e-02	-1.336724e+01
4.755000e-05	1.815405e-02	-1.318334e+01
4.756000e-05	1.145424e-02	-1.307455e+01
4.757000e-05	1.059033e-02	-1.291681e+01
4.758000e-05	9.731008e-03	-1.277831e+01
4.759000e-05	1.225105e-02	-1.265185e+01
4.760000e-05	8.418197e-03	-1.247242e+01
4.761000e-05	6.456032e-03	-1.225403e+01
4.762000e-05	6.623366e-03	-1.210568e+01
4.763000e-05	9.459150e-03	-1.193716e+01
4.764000e-05	9.344820e-03	-1.175573e+01
4.765000e-05	6.716162e-03	-1.146563e+01
4.766000e-05	3.559080e-03	-1.130358e+01
4.767000e-05	4.540756e-03	-1.108402e+01
4.768000e-05	5.042510e-03	-1.087410e+01
4.769000e-05	3.866842e-03	-1.069511e+01
4.770000e-05	1.935396e-03	-1.050466e+01
4.771000e-05	2.027563e-03	-1.027461e+01
4.772000e-05	3.985477e-03	-1.002457e+01
4.773000e-05	4.779626e-03	-9.814046e+00
4.774000e-05	4.049966e-03	-9.662050e+00
4.775000e-05	1.810838e-04	-9.421022e+00
4.776000e-05	1.299941e-03	-9.188844e+00
4.777000e-05	1.348117e-03	-8.957866e+00
4.778000e-05	3.891428e-04	-8.728366e+00
4.779000e-05	-2.632287e-03	-8.515054e+00
4.780000e-05	-1.941894e-03	-8.253103e+00
4.781000e-05	-7.944791e-04	-8.001526e+00
4.782000e-05	2.449367e-03	-7.742842e+00
4.783000e-05	3.279103e-04	-7.475133e+00
4.784000e-05	-1.968471e-04	-7.264029e+00
4.785000e-05	-1.084644e-03	-7.010863e+00
4.786000e-05	-3.292142e-05	-6.706785e+00
4.787000e-05	-2.903597e-03	-6.467581e+00
4.788000e-05	-2.793499e-03	-6.201895e+00
4.789000e-05	-4.924295e-03	-5.958766e+00
4.790000e-05	-2.248385e-03	-5.656605e+00
4.791000e-05	-2.685210e-03	-5.439475e+00
4.792000e-05	-1.506959e-03	-5.126292e+00
4.793000e-05	-4.053596e-03	-4.808317e+00
4.794000e-05	-2.021681e-03	-4.516734e+00
4.795000e-05	-3.074180e-03	-4.294587e+00
4.796000e-05	-2.755762e-03	-4.041026e+00
4.797000e-05	-4.971548e-03	-3.768315e+00
4.798000e-05	-5.771323e-03	-3.494209e+00
4.799000e-05	-5.849621e-03	-3.210950e+00
4.800000e-05	-4.369138e-03	-2.924159e+00
4.801000e-05	-5.444357e-03	-2.652653e+00
4.802000e-05	-4.754857e-03	-2.409971e+00
4.803000e-05	-3.203007e-03	-2.075104e+00
4.804000e-05	-3.409670e-03	-1.812949e+00
4.805000e-05	-3.905438e-03	-1.525767e+00
4.806000e-05	-6.753851e-03	-1.189497e+00
4.807000e-05	-6.558987e-03	-8.857147e-01
4.808000e-05	-7.656564e-03	-5.924852e-01
4.809000e-05	-5.096502e-03	-3.362896e-01
4.810000e-05	-4.397964e-03	-7.416040e-02
4.811000e-05	5.982087e-03	2.300749e-01
4.812000e-05	-1.999404e-03	5.036842e-01
4.813000e-05	3.671427e-03	7.362895e-01
4.814000e-05	-2.374573e-03	1.008452e+00
4.815000e-05	3.599602e-04	1.284085e+00
4.816000e-05	-4.805866e-03	1.567900e+00
4.817000e-05	1.820609e-03	1.832133e+00
4.818000e-05	2.393852e-02	2.072183e+00
4.819000e-05	8.743709e-02	2.356866e+00
4.820000e-05	-3.623165e-02	2.735334e+00
4.821000e-05	-4.780347e-02	3.050074e+00
4.822000e-05	-3.654870e-02	3.252208e+00
4.823000e-05	-1.355599e-02	3.607844e+00
4.824000e-05	-8.354321e-02	3.758321e+00
4.825000e-05	4.272996e-03	3.976890e+00
4.826000e-05	1.144632e-01	4.283430e+00
4.827000e-05	-1.532241e-01	4.556918e+00
4.828000e-05	1.319450e-01	4.768841e+00
4.829000e-05	5.159781e-03	5.144713e+00
4.830000e-05	-5.681658e-02	5.390571e+00
4.831000e-05	3.566242e-02	5.661131e+00
4.832000e-05	-8.181623e-02	5.958865e+00
4.833000e-05	4.680167e-02	6.179444e+00
4.834000e-05	-2.019489e-02	6.473106e+00
4.835000e-05	-1.287201e-02	6.776309e+00
4.836000e-05	1.978405e-02	6.959994e+00
4.837000e-05	-3.772430e-02	7.231555e+00
4.838000e-05	3.564292e-02	7.537233e+00
4.839000e-05	-5.945793e-02	7.778842e+00
4.840000e-05	2.410728e-02	8.074101e+00
4.841000e-05	-2.423300e-02	8.327188e+00
4.842000e-05	-1.639238e-02	8.497264e+00
4.843000e-05	4.236162e-02	8.737713e+00
4.844000e-05	-6.040200e-02	8.987944e+00
4.845000e-05	2.185789e-02	9.190021e+00
4.846000e-05	-4.383488e-02	9.411527e+00
4.847000e-05	2.732782e-02	9.641105e+00
4.848000e-05	-3.159170e-02	9.904652e+00
4.849000e-05	1.054112e-04	1.010418e+01
4.850000e-05	-1.271069e-02	1.032668e+01
4.851000e-05	-1.270449e-02	1.053521e+01
4.852000e-05	3.111773e-03	1.072426e+01
4.853000e-05	-3.450824e-02	1.094673e+01
4.854000e-05	-2.697521e-03	1.110569e+01
4.855000e-05	-2.611175e-02	1.132526e+01
4.856000e-05	8.095649e-03	1.155768e+01
4.857000e-05	-2.111883e-02	1.174679e+01
4.858000e-05	-6.184385e-03	1.192623e+01
4.859000e-05	-2.121070e-02	1.211564e+01
4.860000e-05	-1.102499e-02	1.228517e+01
4.861000e-05	-1.464253e-02	1.245150e+01
4.862000e-05	-2.370756e-02	1.259187e+01
4.863000e-05	-1.540694e-02	1.276731e+01
4.864000e-05	-2.016640e-02	1.288521e+01
4.865000e-05	-2.309830e-03	1.308205e+01
4.866000e-05	-1.887763e-02	1.319040e+01
4.867000e-05	-1.383864e-02	1.335824e+01
4.868000e-05	-2.693685e-02	1.348406e+01
4.869000e-05	-1.563213e-02	1.363039e+01
4.870000e-05	-2.156815e-02	1.378879e+01
4.871000e-05	-2.481889e-02	1.387460e+01
4.872000e-05	-2.429361e-02	1.398034e+01
4.873000e-05	-2.297381e-02	1.415564e+01
4.874000e-05	-1.385786e-02	1.427300e+01
4.875000e-05	-2.248773e-02	1.437774e+01
4.876000e-05	-2.222493e-02	1.445250e+01
4.877000e-05	-2.940856e-02	1.456714e+01
4.878000e-05	-2.211382e-02	1.462245e+01
4.879000e-05	-2.643421e-02	1.472611e+01
4.880000e-05	-2.997193e-02	1.475929e+01
4.881000e-05	-3.188648e-02	1.486307e+01
4.882000e-05	-3.220766e-02	1.487418e+01
4.883000e-05	-2.592629e-02	1.494629e+01
4.884000e-05	-3.134943e-02	1.497984e+01
4.885000e-05	-3.197286e-02	1.503147e+01
4.886000e-05	-3.654827e-02	1.509355e+01
4.887000e-05	-3.193253e-02	1.509555e+01
4.888000e-05	-3.541151e-02	1.513578e+01
4.889000e-05	-3.865149e-02	1.511719e+01
4.890000e-05	-4.346857e-02	1.519977e+01
4.891000e-05	-4.467835e-02	1.522194e+01
4.892000e-05	-4.165144e-02	1.521338e+01
4.893000e-05	-4.478573e-02	1.520142e+01
4.894000e-05	-4.577014e-02	1.522145e+01
4.895000e-05	-5.023471e-02	1.521222e+01
4.896000e-05	-4.614308e-02	1.515929e+01
4.897000e-05	-5.137363e-02	1.514786e+01
4.898000e-05	-5.435715e-02	1.513871e+01
4.899000e-05	-6.056890e-02	1.512666e+01
4.900000e-05	-6.092758e-02	1.508505e+01
4.901000e-05	-5.759410e-02	1.503195e+01
4.902000e-05	-5.790495e-02	1.502081e+01
4.903000e-05	-5.789003e-02	1.496721e+01
4.904000e-05	-5.839655e-02	1.492561e+01
4.905000e-05	-5.346210e-02	1.483295e+01
4.906000e-05	-5.130098e-02	1.476879e+01
4.907000e-05	-4.936178e-02	1.471513e+01
4.908000e-05	-4.963067e-02	1.460192e+01
4.909000e-05	-4.762172e-02	1.453728e+01
4.910000e-05	-4.335860e-02	1.445287e+01
4.911000e-05	-4.120550e-02	1.435886e+01
4.912000e-05	-3.673838e-02	1.426545e+01
4.913000e-05	-3.784262e-02	1.410711e+01
4.914000e-05	-3.044730e-02	1.400137e+01
4.915000e-05	-3.109205e-02	1.390713e+01
4.916000e-05	-2.677564e-02	1.378821e+01
4.917000e-05	-3.067412e-02	1.363334e+01
4.918000e-05	-2.674969e-02	1.347566e+01
4.919000e-05	-2.550012e-02	1.335931e+01
4.920000e-05	-2.326515e-02	1.321400e+01
4.921000e-05	-2.371930e-02	1.310563e+01
4.922000e-05	-2.282545e-02	1.296624e+01
4.923000e-05	-2.075954e-02	1.277077e+01
4.924000e-05	-1.906968e-02	1.263145e+01
4.925000e-05	-1.666108e-02	1.246513e+01
4.926000e-05	-1.838544e-02	1.234771e+01
4.927000e-05	-1.761265e-02	1.213824e+01
4.928000e-05	-1.709969e-02	1.197037e+01
4.929000e-05	-1.705964e-02	1.177939e+01
4.930000e-05	-1.749537e-02	1.157985e+01
4.931000e-05	-1.810357e-02	1.140284e+01
4.932000e-05	-1.698575e-02	1.118927e+01
4.933000e-05	-1.385953e-02	1.098947e+01
4.934000e-05	-1.231599e-02	1.081097e+01
4.935000e-05	-1.233121e-02	1.057044e+01
4.936000e-05	-1.240757e-02	1.041127e+01
4.937000e-05	-1.134440e-02	1.017092e+01
4.938000e-05	-1.220748e-02	9.968819e+00
4.939000e-05	-1.219884e-02	9.737136e+00
4.940000e-05	-1.319024e-02	9.484132e+00
4.941000e-05	-1.282097e-02	9.345687e+00
4.942000e-05	-1.186534e-02	9.064653e+00
4.943000e-05	-1.002351e-02	8.801473e+00
4.944000e-05	-9.691307e-03	8.600897e+00
4.945000e-05	-9.649580e-03	8.360346e+00
4.946000e-05	-9.052101e-03	8.158239e+00
4.947000e-05	-9.283733e-03	7.886083e+00
4.948000e-05	-9.719280e-03	7.634528e+00
4.949000e-05	-1.067263e-02	7.379815e+00
4.950000e-05	-1.124684e-02	7.105766e+00
4.951000e-05	-1.133998e-02	6.864683e+00
4.952000e-05	-9.274508e-03	6.622025e+00
4.953000e-05	-9.125486e-03	6.329313e+00
4.954000e-05	-8.772070e-03	6.087159e+00
4.955000e-05	-7.698194e-03	5.883475e+00
4.956000e-05	-6.098384e-03	5.580870e+00
4.957000e-05	-6.536967e-03	5.267709e+00
4.958000e-05	-9.461984e-03	4.959444e+00
4.959000e-05	-8.994315e-03	4.684657e+00
4.960000e-05	-8.531414e-03	4.423525e+00
4.961000e-05	-7.745672e-03	4.148797e+00
4.962000e-05	-9.927073e-03	3.843187e+00
4.963000e-05	-8.104921e-03	3.610501e+00
4.964000e-05	-6.612858e-03	3.358791e+00
4.965000e-05	-5.024363e-03	3.052578e+00
4.966000e-05	-6.071973e-03	2.811976e+00
4.967000e-05	-6.676550e-03	2.495131e+00
4.968000e-05	-7.736339e-03	2.200026e+00
4.969000e-05	-7.659183e-03	1.968496e+00
4.970000e-05	-6.794054e-03	1.705179e+00
4.971000e-05	-7.383512e-03	1.348471e+00
4.972000e-05	-6.603230e-03	1.035112e+00
4.973000e-05	-5.823725e-03	7.889451e-01
4.974000e-05	-4.568512e-03	4.551608e-01
4.975000e-05	-3.660036e-03	2.004528e-01
4.976000e-05	-1.682863e-03	-1.136340e-01
4.977000e-05	6.797043e-03	-3.562906e-01
4.978000e-05	-1.972952e-03	-6.485971e-01
4.979000e-05	1.378543e-03	-8.936615e-01
4.980000e-05	-4.966648e-03	-1.174866e+00
4.981000e-05	1.339992e-04	-1.492630e+00
4.982000e-05	-5.083309e-03	-1.683234e+00
4.983000e-05	1.616922e-02	-1.925286e+00
4.984000e-05	7.952075e-02	-2.165841e+00
4.985000e-05	4.107867e-02	-2.546240e+00
4.986000e-05	-7.599260e-02	-2.916265e+00
4.987000e-05	-1.188162e-04	-3.282211e+00
4.988000e-05	-5.216827e-02	-3.472658e+00
4.989000e-05	-6.554942e-02	-3.673234e+00
4.990000e-05	3.991841e-02	-3.895155e+00
4.991000e-05	1.041298e-01	-4.113663e+00
4.992000e-05	-1.827499e-01	-4.419998e+00
4.993000e-05	2.033051e-01	-4.601627e+00
4.994000e-05	-1.359610e-01	-4.924787e+00
4.995000e-05	7.874708e-02	-5.243676e+00
4.996000e-05	1.982732e-02	-5.527285e+00
4.997000e-05	-1.548506e-01	-5.870528e+00
4.998000e-05	1.368931e-01	-6.021574e+00
4.999000e-05	-9.410920e-02	-6.337282e+00
