# 260612_13:19:29.238528
t	CH1	CH2
0.000000e+00	-3.515303e-03	-7.673951e-01
1.000000e-08	-1.075584e-03	-8.668334e-01
2.000000e-08	-3.473049e-03	-1.031628e+00
3.000000e-08	5.555491e-03	-1.157997e+00
4.000000e-08	4.831503e-02	-1.337935e+00
5.000000e-08	5.658848e-02	-1.599173e+00
6.000000e-08	-5.812564e-02	-1.843706e+00
7.000000e-08	-2.735147e-02	-2.041227e+00
8.000000e-08	-1.264539e-01	-2.140941e+00
9.000000e-08	1.220977e-01	-2.226969e+00
1.000000e-07	3.852191e-02	-2.334316e+00
1.100000e-07	-1.668164e-01	-2.600149e+00
1.200000e-07	1.320153e-01	-2.692690e+00
1.300000e-07	3.230655e-02	-2.748541e+00
1.400000e-07	-1.313568e-01	-3.034732e+00
1.500000e-07	1.550199e-01	-3.209551e+00
1.600000e-07	-6.671059e-03	-3.316340e+00
1.700000e-07	-1.771909e-01	-3.516789e+00
1.800000e-07	1.538122e-01	-3.609003e+00
1.900000e-07	-3.455656e-03	-3.821094e+00
2.000000e-07	-1.734691e-02	-3.968553e+00
2.100000e-07	6.559465e-02	-4.052732e+00
2.200000e-07	-1.331012e-01	-4.264706e+00
2.300000e-07	9.130920e-02	-4.421001e+00
2.400000e-07	5.559573e-02	-4.474757e+00
2.500000e-07	-1.173524e-01	-4.724831e+00
2.600000e-07	6.682052e-02	-4.788578e+00
2.700000e-07	-3.442443e-02	-4.969046e+00
2.800000e-07	4.129272e-02	-5.136339e+00
2.900000e-07	3.400316e-02	-5.242229e+00
3.000000e-07	-7.223539e-02	-5.493705e+00
3.100000e-07	3.534079e-02	-5.599550e+00
3.200000e-07	-4.597195e-02	-5.753814e+00
3.300000e-07	8.084885e-02	-5.893183e+00
3.400000e-07	2.141787e-03	-5.978373e+00
3.500000e-07	-7.103190e-02	-6.093785e+00
3.600000e-07	6.088798e-02	-6.250071e+00
3.700000e-07	-2.161643e-02	-6.378497e+00
3.800000e-07	4.959806e-02	-6.514286e+00
3.900000e-07	-2.889372e-02	-6.597974e+00
4.000000e-07	-3.896364e-02	-6.755839e+00
4.100000e-07	5.582301e-02	-6.809054e+00
4.200000e-07	-6.630098e-03	-6.954337e+00
4.300000e-07	3.438325e-02	-7.072701e+00
4.400000e-07	-3.623032e-02	-7.228020e+00
4.500000e-07	-3.512438e-03	-7.293183e+00
4.600000e-07	3.932375e-02	-7.387424e+00
4.700000e-07	-2.770340e-03	-7.492732e+00
4.800000e-07	1.656358e-02	-7.576443e+00
4.900000e-07	-3.634366e-02	-7.681181e+00
5.000000e-07	2.828507e-02	-7.776049e+00
5.100000e-07	2.518455e-02	-7.932853e+00
5.200000e-07	1.089692e-03	-8.029096e+00
5.300000e-07	-4.673002e-04	-8.062030e+00
5.400000e-07	-1.745270e-02	-8.164367e+00
5.500000e-07	3.735835e-02	-8.219998e+00
5.600000e-07	1.346966e-02	-8.304733e+00
5.700000e-07	6.103312e-03	-8.356896e+00
5.800000e-07	-1.090422e-02	-8.397998e+00
5.900000e-07	6.150948e-03	-8.461605e+00
6.000000e-07	3.481322e-02	-8.512734e+00
6.100000e-07	6.059908e-03	-8.586468e+00
6.200000e-07	1.272080e-03	-8.670074e+00
6.300000e-07	-5.035689e-03	-8.724239e+00
6.400000e-07	2.644692e-02	-8.787446e+00
6.500000e-07	2.357175e-02	-8.800453e+00
6.600000e-07	3.742928e-03	-8.841130e+00
6.700000e-07	-1.620143e-03	-8.902707e+00
6.800000e-07	8.501078e-03	-8.913183e+00
6.900000e-07	2.859873e-02	-8.936391e+00
7.000000e-07	1.747261e-02	-8.965914e+00
7.100000e-07	5.323328e-03	-8.987948e+00
7.200000e-07	3.869896e-03	-9.019449e+00
7.300000e-07	2.231170e-02	-9.039979e+00
7.400000e-07	2.751922e-02	-9.062675e+00
7.500000e-07	1.270987e-02	-9.051560e+00
7.600000e-07	3.710208e-03	-9.090650e+00
7.700000e-07	1.118303e-02	-9.070636e+00
7.800000e-07	2.829089e-02	-9.101181e+00
7.900000e-07	2.526489e-02	-9.082612e+00
8.000000e-07	1.310492e-02	-9.062083e+00
8.100000e-07	9.148693e-03	-9.061102e+00
8.200000e-07	2.335554e-02	-9.071133e+00
8.300000e-07	2.875610e-02	-9.040580e+00
8.400000e-07	2.067047e-02	-9.011023e+00
8.500000e-07	1.205192e-02	-9.017520e+00
8.600000e-07	1.767058e-02	-8.987843e+00
8.700000e-07	3.104496e-02	-8.974868e+00
8.800000e-07	3.055761e-02	-8.985705e+00
8.900000e-07	1.978838e-02	-8.922606e+00
9.000000e-07	1.505982e-02	-8.881583e+00
9.100000e-07	2.451278e-02	-8.842075e+00
9.200000e-07	3.128850e-02	-8.809477e+00
9.300000e-07	2.584073e-02	-8.808469e+00
9.400000e-07	1.784997e-02	-8.734234e+00
9.500000e-07	1.930669e-02	-8.722033e+00
9.600000e-07	2.983732e-02	-8.575442e+00
9.700000e-07	3.051092e-02	-8.543159e+00
9.800000e-07	2.182749e-02	-8.460530e+00
9.900000e-07	1.538563e-02	-8.418974e+00
1.000000e-06	1.968692e-02	-8.365320e+00
1.010000e-06	2.683855e-02	-8.342159e+00
1.020000e-06	2.349360e-02	-8.219049e+00
1.030000e-06	1.442846e-02	-8.167339e+00
1.040000e-06	1.303944e-02	-8.073633e+00
1.050000e-06	2.020151e-02	-8.020049e+00
1.060000e-06	2.273867e-02	-7.957341e+00
1.070000e-06	1.557914e-02	-7.898975e+00
1.080000e-06	8.285997e-03	-7.702707e+00
1.090000e-06	1.184461e-02	-7.609894e+00
1.100000e-06	1.720521e-02	-7.502284e+00
1.110000e-06	1.603243e-02	-7.418924e+00
1.120000e-06	6.497369e-03	-7.320186e+00
1.130000e-06	6.518536e-03	-7.200053e+00
1.140000e-06	1.244248e-02	-7.196819e+00
1.150000e-06	1.481906e-02	-7.028898e+00
1.160000e-06	8.282615e-03	-6.882607e+00
1.170000e-06	2.637432e-03	-6.787394e+00
1.180000e-06	5.249311e-03	-6.652534e+00
1.190000e-06	1.094632e-02	-6.587320e+00
1.200000e-06	9.550292e-03	-6.421005e+00
1.210000e-06	2.860777e-03	-6.376415e+00
1.220000e-06	4.066872e-04	-6.246296e+00
1.230000e-06	5.253237e-03	-6.041049e+00
1.240000e-06	7.229031e-03	-5.946792e+00
1.250000e-06	3.782347e-03	-5.828877e+00
1.260000e-06	2.414597e-04	-5.672662e+00
1.270000e-06	5.412731e-04	-5.576747e+00
1.280000e-06	4.521675e-03	-5.408926e+00
1.290000e-06	4.046147e-03	-5.259925e+00
1.300000e-06	2.993828e-04	-5.103161e+00
1.310000e-06	-1.619517e-03	-4.987645e+00
1.320000e-06	6.127214e-04	-4.702687e+00
1.330000e-06	5.209055e-03	-4.608001e+00
1.340000e-06	2.580686e-03	-4.462136e+00
1.350000e-06	-9.226882e-04	-4.386847e+00
1.360000e-06	-2.165559e-03	-4.250504e+00
1.370000e-06	1.402269e-03	-4.072688e+00
1.380000e-06	-3.690818e-04	-3.966321e+00
1.390000e-06	-2.084011e-03	-3.796892e+00
1.400000e-06	-4.737459e-03	-3.599899e+00
1.410000e-06	-8.585106e-04	-3.521578e+00
1.420000e-06	1.682758e-03	-3.332218e+00
1.430000e-06	1.329582e-03	-3.188372e+00
1.440000e-06	-1.544298e-03	-3.038975e+00
1.450000e-06	-4.712980e-03	-2.841479e+00
1.460000e-06	-2.118801e-03	-2.702637e+00
1.470000e-06	-3.122266e-03	-2.525217e+00
1.480000e-06	-3.316220e-03	-2.408845e+00
1.490000e-06	-4.562314e-03	-2.227401e+00
1.500000e-06	-4.587203e-03	-2.010497e+00
1.510000e-06	-2.034717e-03	-1.882136e+00
1.520000e-06	1.101756e-03	-1.733238e+00
1.530000e-06	-2.287679e-03	-1.569397e+00
1.540000e-06	-5.256346e-03	-1.373746e+00
1.550000e-06	-6.643481e-03	-1.167773e+00
1.560000e-06	-4.540713e-03	-9.984999e-01
1.570000e-06	-5.582384e-03	-8.405540e-01
1.580000e-06	-5.446492e-03	-7.136128e-01
1.590000e-06	-5.528697e-03	-5.016065e-01
1.600000e-06	-2.291504e-03	-3.252682e-01
1.610000e-06	-1.322682e-03	-1.788680e-01
1.620000e-06	-2.900757e-04	-2.995364e-02
1.630000e-06	-7.318455e-04	1.579347e-01
1.640000e-06	-5.324000e-03	3.374448e-01
1.650000e-06	-2.396536e-03	4.426805e-01
1.660000e-06	-3.219720e-03	6.015515e-01
1.670000e-06	-2.894185e-03	7.188926e-01
1.680000e-06	-4.728240e-03	8.748033e-01
1.690000e-06	2.239622e-03	1.157219e+00
1.700000e-06	1.677785e-02	1.244181e+00
1.710000e-06	6.038343e-02	1.453809e+00
1.720000e-06	-6.989436e-04	1.738017e+00
1.730000e-06	-5.041056e-02	1.906885e+00
1.740000e-06	-5.639336e-02	2.021704e+00
1.750000e-06	-9.004416e-02	2.129335e+00
1.760000e-06	9.585940e-02	2.222629e+00
1.770000e-06	3.762540e-02	2.411650e+00
1.780000e-06	-1.562976e-01	2.566947e+00
1.790000e-06	1.311074e-01	2.718411e+00
1.800000e-06	8.685694e-03	2.897835e+00
1.810000e-06	-7.873457e-02	3.041555e+00
1.820000e-06	1.000178e-01	3.136918e+00
1.830000e-06	-3.160304e-02	3.347793e+00
1.840000e-06	-1.343481e-01	3.556419e+00
1.850000e-06	1.034982e-01	3.631628e+00
1.860000e-06	-4.925073e-03	3.830598e+00
1.870000e-06	-1.743429e-02	3.957468e+00
1.880000e-06	5.419241e-03	4.105862e+00
1.890000e-06	-6.737387e-02	4.355862e+00
1.900000e-06	5.135309e-02	4.421100e+00
1.910000e-06	1.255672e-02	4.558968e+00
1.920000e-06	-4.562322e-02	4.706841e+00
1.930000e-06	-1.539794e-02	4.875156e+00
1.940000e-06	9.532162e-03	5.095789e+00
1.950000e-06	1.623167e-02	5.240129e+00
1.960000e-06	-5.233939e-03	5.368443e+00
1.970000e-06	-2.645347e-02	5.494782e+00
1.980000e-06	-2.786424e-02	5.662006e+00
1.990000e-06	-2.285632e-03	5.745890e+00
2.000000e-06	4.544354e-02	5.896891e+00
2.010000e-06	-2.730369e-02	6.023075e+00
2.020000e-06	-3.955485e-02	6.177416e+00
2.030000e-06	8.230000e-03	6.294610e+00
2.040000e-06	9.126364e-04	6.388918e+00
2.050000e-06	1.059507e-02	6.451653e+00
2.060000e-06	-4.038141e-02	6.641601e+00
2.070000e-06	-2.420648e-02	6.798421e+00
2.080000e-06	1.093741e-02	6.831655e+00
2.090000e-06	1.192966e-02	6.957320e+00
2.100000e-06	-7.833214e-03	7.083581e+00
2.110000e-06	-3.890220e-02	7.167895e+00
2.120000e-06	-9.725345e-03	7.250630e+00
2.130000e-06	4.444276e-03	7.387990e+00
2.140000e-06	1.668983e-03	7.473705e+00
2.150000e-06	-2.684206e-02	7.620099e+00
2.160000e-06	-2.874240e-02	7.703184e+00
2.170000e-06	1.263396e-03	7.788844e+00
2.180000e-06	8.554075e-03	7.913631e+00
2.190000e-06	-1.332507e-02	7.958919e+00
2.200000e-06	-3.200314e-02	8.124833e+00
2.210000e-06	-2.014260e-02	8.167371e+00
2.220000e-06	1.653890e-03	8.272076e+00
2.230000e-06	-2.082480e-03	8.292779e+00
2.240000e-06	-2.517501e-02	8.336365e+00
2.250000e-06	-2.828522e-02	8.410524e+00
2.260000e-06	-1.069914e-02	8.451656e+00
2.270000e-06	3.050073e-03	8.504207e+00
2.280000e-06	-1.467157e-02	8.545336e+00
2.290000e-06	-3.053042e-02	8.567370e+00
2.300000e-06	-2.373764e-02	8.652631e+00
2.310000e-06	-6.001345e-03	8.683730e+00
2.320000e-06	-5.910406e-03	8.735286e+00
2.330000e-06	-2.666339e-02	8.757440e+00
2.340000e-06	-3.174398e-02	8.787944e+00
2.350000e-06	-1.900334e-02	8.818974e+00
2.360000e-06	-6.242919e-03	8.811077e+00
2.370000e-06	-1.663984e-02	8.851625e+00
2.380000e-06	-2.977757e-02	8.902683e+00
2.390000e-06	-2.729701e-02	8.934182e+00
2.400000e-06	-1.296818e-02	8.883188e+00
2.410000e-06	-1.144365e-02	8.913211e+00
2.420000e-06	-2.728025e-02	8.955342e+00
2.430000e-06	-3.485750e-02	8.995786e+00
2.440000e-06	-2.672156e-02	8.965815e+00
2.450000e-06	-1.563993e-02	9.005411e+00
2.460000e-06	-1.964279e-02	8.985236e+00
2.470000e-06	-3.395971e-02	9.005868e+00
2.480000e-06	-3.141160e-02	8.985315e+00
2.490000e-06	-2.224564e-02	8.934784e+00
2.500000e-06	-1.830556e-02	8.922685e+00
2.510000e-06	-2.973686e-02	8.922681e+00
2.520000e-06	-3.838933e-02	8.851684e+00
2.530000e-06	-3.363211e-02	8.841028e+00
2.540000e-06	-2.369196e-02	8.829000e+00
2.550000e-06	-2.490824e-02	8.789445e+00
2.560000e-06	-3.493912e-02	8.790345e+00
2.570000e-06	-3.811659e-02	8.766863e+00
2.580000e-06	-2.760311e-02	8.704083e+00
2.590000e-06	-2.297490e-02	8.671082e+00
2.600000e-06	-2.964073e-02	8.631497e+00
2.610000e-06	-3.871657e-02	8.606445e+00
2.620000e-06	-3.698403e-02	8.503187e+00
2.630000e-06	-2.788992e-02	8.472653e+00
2.640000e-06	-2.585305e-02	8.419977e+00
2.650000e-06	-3.260887e-02	8.398424e+00
2.660000e-06	-3.516854e-02	8.334761e+00
2.670000e-06	-2.720453e-02	8.251127e+00
2.680000e-06	-1.986396e-02	8.155764e+00
2.690000e-06	-2.354239e-02	8.084741e+00
2.700000e-06	-3.102396e-02	8.082102e+00
2.710000e-06	-3.091551e-02	7.944737e+00
2.720000e-06	-2.277923e-02	7.841153e+00
2.730000e-06	-1.882477e-02	7.786314e+00
2.740000e-06	-2.476305e-02	7.682132e+00
2.750000e-06	-2.541370e-02	7.629422e+00
2.760000e-06	-2.073133e-02	7.484182e+00
2.770000e-06	-1.442565e-02	7.345841e+00
2.780000e-06	-1.658573e-02	7.231054e+00
2.790000e-06	-2.201473e-02	7.145339e+00
2.800000e-06	-2.304041e-02	7.041552e+00
2.810000e-06	-1.661370e-02	6.966267e+00
2.820000e-06	-1.271452e-02	6.841529e+00
2.830000e-06	-1.656706e-02	6.785771e+00
2.840000e-06	-1.966074e-02	6.620577e+00
2.850000e-06	-1.630670e-02	6.491130e+00
2.860000e-06	-9.474857e-03	6.397820e+00
2.870000e-06	-1.052890e-02	6.260082e+00
2.880000e-06	-1.479369e-02	6.137239e+00
2.890000e-06	-1.687254e-02	6.021050e+00
2.900000e-06	-1.213831e-02	5.957267e+00
2.910000e-06	-9.002236e-03	5.766820e+00
2.920000e-06	-1.185290e-02	5.640401e+00
2.930000e-06	-1.516378e-02	5.492737e+00
2.940000e-06	-1.285691e-02	5.398841e+00
2.950000e-06	-8.453399e-03	5.231501e+00
2.960000e-06	-7.720952e-03	5.070026e+00
2.970000e-06	-1.084681e-02	4.891609e+00
2.980000e-06	-1.306380e-02	4.735266e+00
2.990000e-06	-8.277823e-03	4.617922e+00
3.000000e-06	-6.436965e-03	4.461580e+00
3.010000e-06	-8.211730e-03	4.376872e+00
3.020000e-06	-1.197597e-02	4.145339e+00
3.030000e-06	-9.570897e-03	3.999896e+00
3.040000e-06	-6.023347e-03	3.880606e+00
3.050000e-06	-6.418205e-03	3.714212e+00
3.060000e-06	-9.658687e-03	3.588398e+00
3.070000e-06	-8.885478e-03	3.428445e+00
3.080000e-06	-6.373712e-03	3.230980e+00
3.090000e-06	-5.778645e-03	3.104663e+00
3.100000e-06	-6.539755e-03	2.936263e+00
3.110000e-06	-9.312003e-03	2.818921e+00
3.120000e-06	-7.737489e-03	2.671502e+00
3.130000e-06	-6.066876e-03	2.419975e+00
3.140000e-06	-5.720152e-03	2.304013e+00
3.150000e-06	-6.949389e-03	2.144717e+00
3.160000e-06	-5.716790e-03	1.989421e+00
3.170000e-06	-4.969348e-03	1.841056e+00
3.180000e-06	-3.992502e-03	1.630952e+00
3.190000e-06	-5.876585e-03	1.453630e+00
3.200000e-06	-6.422890e-03	1.315217e+00
3.210000e-06	-6.420808e-03	1.144712e+00
3.220000e-06	-4.688558e-03	9.037142e-01
3.230000e-06	-4.717439e-03	7.568682e-01
3.240000e-06	-4.976140e-03	6.012971e-01
3.250000e-06	-6.037265e-03	4.405012e-01
3.260000e-06	-3.959841e-03	2.936626e-01
3.270000e-06	-2.623188e-03	7.210540e-02
3.280000e-06	-1.969480e-03	-6.320834e-02
3.290000e-06	6.627083e-04	-2.101516e-01
3.300000e-06	5.654084e-04	-3.894739e-01
3.310000e-06	6.399226e-04	-4.747861e-01
3.320000e-06	-2.341515e-04	-6.863136e-01
3.330000e-06	-3.119359e-03	-8.526318e-01
3.340000e-06	-4.133231e-03	-9.705489e-01
3.350000e-06	2.268086e-03	-1.126890e+00
3.360000e-06	3.057463e-02	-1.285207e+00
3.370000e-06	8.139342e-02	-1.546386e+00
3.380000e-06	-4.894138e-02	-1.748994e+00
3.390000e-06	-2.042112e-02	-1.998598e+00
3.400000e-06	-1.147570e-01	-2.178444e+00
3.410000e-06	2.952308e-02	-2.198497e+00
3.420000e-06	1.231592e-01	-2.271651e+00
3.430000e-06	-1.469140e-01	-2.506414e+00
3.440000e-06	1.614545e-02	-2.693663e+00
3.450000e-06	1.400618e-01	-2.724365e+00
3.460000e-06	-1.506626e-01	-2.937541e+00
3.470000e-06	7.337555e-02	-3.208496e+00
3.480000e-06	1.091629e-01	-3.273685e+00
3.490000e-06	-2.006841e-01	-3.464207e+00
3.500000e-06	6.685245e-02	-3.589050e+00
3.510000e-06	8.819838e-02	-3.685911e+00
3.520000e-06	-7.451429e-02	-3.948367e+00
3.530000e-06	9.310944e-02	-4.032155e+00
3.540000e-06	-9.907743e-02	-4.220071e+00
3.550000e-06	1.381336e-03	-4.389470e+00
3.560000e-06	1.308037e-01	-4.470654e+00
3.570000e-06	-1.249500e-01	-4.633081e+00
3.580000e-06	3.156171e-02	-4.777924e+00
3.590000e-06	1.578584e-03	-4.935313e+00
3.600000e-06	-4.704223e-03	-5.134286e+00
3.610000e-06	7.275515e-02	-5.220154e+00
3.620000e-06	-7.243629e-02	-5.401051e+00
3.630000e-06	1.913620e-02	-5.568921e+00
3.640000e-06	-2.577373e-02	-5.683778e+00
3.650000e-06	3.336212e-02	-5.852657e+00
3.660000e-06	6.232962e-02	-5.956492e+00
3.670000e-06	-9.167726e-02	-6.080627e+00
3.680000e-06	4.366657e-02	-6.196071e+00
3.690000e-06	2.244230e-03	-6.334865e+00
3.700000e-06	1.547538e-02	-6.503236e+00
3.710000e-06	2.007560e-02	-6.567367e+00
3.720000e-06	-7.538382e-02	-6.694265e+00
3.730000e-06	5.536564e-02	-6.808450e+00
3.740000e-06	6.256512e-03	-6.883238e+00
3.750000e-06	2.458111e-02	-7.073123e+00
3.760000e-06	-3.782750e-03	-7.156449e+00
3.770000e-06	-3.783991e-02	-7.251656e+00
3.780000e-06	5.078006e-02	-7.356444e+00
3.790000e-06	-8.845629e-03	-7.451153e+00
3.800000e-06	2.119589e-02	-7.535839e+00
3.810000e-06	-2.815022e-02	-7.672652e+00
3.820000e-06	5.693975e-03	-7.775366e+00
3.830000e-06	4.372886e-02	-7.893208e+00
3.840000e-06	-9.558451e-04	-7.957996e+00
3.850000e-06	9.797287e-03	-8.040628e+00
3.860000e-06	-2.471616e-02	-8.134261e+00
3.870000e-06	2.607441e-02	-8.208546e+00
3.880000e-06	2.005503e-02	-8.292702e+00
3.890000e-06	4.156226e-03	-8.375314e+00
3.900000e-06	-4.173440e-03	-8.398394e+00
3.910000e-06	-4.438453e-03	-8.419625e+00
3.920000e-06	3.675731e-02	-8.482154e+00
3.930000e-06	1.411742e-02	-8.554920e+00
3.940000e-06	2.910112e-03	-8.668571e+00
3.950000e-06	-6.666850e-03	-8.704238e+00
3.960000e-06	1.626397e-02	-8.755871e+00
3.970000e-06	2.910460e-02	-8.788024e+00
3.980000e-06	8.086577e-03	-8.840552e+00
3.990000e-06	-9.479381e-04	-8.882081e+00
4.000000e-06	3.871238e-03	-8.923235e+00
4.010000e-06	2.600063e-02	-8.913760e+00
4.020000e-06	2.208111e-02	-8.957391e+00
4.030000e-06	7.577017e-03	-8.978466e+00
4.040000e-06	1.142848e-03	-9.018878e+00
4.050000e-06	1.556963e-02	-9.021098e+00
4.060000e-06	2.804122e-02	-9.060553e+00
4.070000e-06	1.745232e-02	-9.061703e+00
4.080000e-06	4.365694e-03	-9.111649e+00
4.090000e-06	8.776988e-03	-9.092083e+00
4.100000e-06	2.511015e-02	-9.111157e+00
4.110000e-06	2.791360e-02	-9.093131e+00
4.120000e-06	1.536479e-02	-9.091130e+00
4.130000e-06	7.887337e-03	-9.072052e+00
4.140000e-06	1.887670e-02	-9.090578e+00
4.150000e-06	2.870052e-02	-9.080707e+00
4.160000e-06	2.361211e-02	-9.060029e+00
4.170000e-06	1.249583e-02	-9.010000e+00
4.180000e-06	1.445621e-02	-8.977948e+00
4.190000e-06	2.748380e-02	-8.976916e+00
4.200000e-06	3.177975e-02	-8.984816e+00
4.210000e-06	2.242939e-02	-8.913230e+00
4.220000e-06	1.401502e-02	-8.913057e+00
4.230000e-06	2.206632e-02	-8.891055e+00
4.240000e-06	3.089736e-02	-8.818025e+00
4.250000e-06	2.816436e-02	-8.788894e+00
4.260000e-06	1.838699e-02	-8.765242e+00
4.270000e-06	1.778790e-02	-8.763631e+00
4.280000e-06	2.742611e-02	-8.658576e+00
4.290000e-06	3.112954e-02	-8.563766e+00
4.300000e-06	2.251261e-02	-8.461633e+00
4.310000e-06	1.511002e-02	-8.419474e+00
4.320000e-06	2.112845e-02	-8.376823e+00
4.330000e-06	2.724552e-02	-8.352187e+00
4.340000e-06	2.403057e-02	-8.259555e+00
4.350000e-06	1.446036e-02	-8.197315e+00
4.360000e-06	1.292252e-02	-8.083711e+00
4.370000e-06	2.036028e-02	-8.050630e+00
4.380000e-06	2.324989e-02	-7.968470e+00
4.390000e-06	1.672877e-02	-7.922185e+00
4.400000e-06	1.012172e-02	-7.744313e+00
4.410000e-06	1.291094e-02	-7.620474e+00
4.420000e-06	1.786881e-02	-7.543239e+00
4.430000e-06	1.615421e-02	-7.449553e+00
4.440000e-06	7.702413e-03	-7.363816e+00
4.450000e-06	4.731043e-03	-7.240001e+00
4.460000e-06	1.045324e-02	-7.168446e+00
4.470000e-06	1.419376e-02	-7.030082e+00
4.480000e-06	9.317051e-03	-6.873190e+00
4.490000e-06	3.278771e-03	-6.789925e+00
4.500000e-06	5.250231e-03	-6.753758e+00
4.510000e-06	1.059339e-02	-6.628399e+00
4.520000e-06	1.057863e-02	-6.481601e+00
4.530000e-06	3.210764e-03	-6.388898e+00
4.540000e-06	2.107684e-04	-6.288953e+00
4.550000e-06	4.647520e-03	-6.082555e+00
4.560000e-06	8.008853e-03	-5.987896e+00
4.570000e-06	4.196600e-03	-5.861558e+00
4.580000e-06	-5.258914e-04	-5.754714e+00
4.590000e-06	9.677913e-04	-5.589970e+00
4.600000e-06	5.033694e-03	-5.522982e+00
4.610000e-06	5.569193e-03	-5.301130e+00
4.620000e-06	4.900208e-04	-5.106241e+00
4.630000e-06	-1.879459e-03	-5.026368e+00
4.640000e-06	-1.150516e-03	-4.828300e+00
4.650000e-06	4.330159e-03	-4.661076e+00
4.660000e-06	1.306037e-03	-4.544291e+00
4.670000e-06	-1.765368e-03	-4.397424e+00
4.680000e-06	-2.314923e-03	-4.262553e+00
4.690000e-06	3.240773e-03	-4.145845e+00
4.700000e-06	1.334180e-03	-3.999448e+00
4.710000e-06	-6.633628e-04	-3.882105e+00
4.720000e-06	-5.285293e-03	-3.650554e+00
4.730000e-06	-1.238538e-03	-3.553713e+00
4.740000e-06	4.161780e-04	-3.399321e+00
4.750000e-06	3.094966e-04	-3.219528e+00
4.760000e-06	-5.542866e-03	-3.081030e+00
4.770000e-06	-3.923593e-03	-2.872079e+00
4.780000e-06	-3.865484e-03	-2.746743e+00
4.790000e-06	-1.902869e-04	-2.567340e+00
4.800000e-06	-4.679274e-03	-2.420454e+00
4.810000e-06	-5.183789e-03	-2.302557e+00
4.820000e-06	-3.466310e-03	-2.062080e+00
4.830000e-06	1.053264e-04	-1.926264e+00
4.840000e-06	-1.975090e-03	-1.767297e+00
4.850000e-06	-5.175684e-03	-1.619925e+00
4.860000e-06	-7.497694e-03	-1.449930e+00
4.870000e-06	-5.244257e-03	-1.198897e+00
4.880000e-06	-4.215284e-03	-1.051454e+00
4.890000e-06	-6.238569e-03	-8.916102e-01
4.900000e-06	-4.469694e-03	-7.558695e-01
4.910000e-06	-3.253830e-03	-5.142968e-01
4.920000e-06	-1.661097e-03	-3.994196e-01
4.930000e-06	-4.546960e-03	-2.105250e-01
4.940000e-06	-5.580652e-03	-7.211145e-02
4.950000e-06	-2.635712e-03	1.022817e-01
4.960000e-06	-8.069894e-04	2.751882e-01
4.970000e-06	-2.426636e-03	4.211539e-01
4.980000e-06	-2.757836e-03	5.589938e-01
4.990000e-06	-3.559062e-03	6.767895e-01
5.000000e-06	-5.554761e-04	8.541317e-01
5.010000e-06	6.614835e-04	1.064174e+00
5.020000e-06	8.944458e-03	1.171079e+00
5.030000e-06	4.431123e-02	1.389973e+00
5.040000e-06	3.369153e-02	1.683331e+00
5.050000e-06	-5.112330e-02	1.824257e+00
5.060000e-06	-4.404653e-02	1.990524e+00
5.070000e-06	-9.390041e-02	2.125766e+00
5.080000e-06	2.627478e-02	2.189524e+00
5.090000e-06	1.146998e-01	2.357891e+00
5.100000e-06	-1.494771e-01	2.494817e+00
5.110000e-06	3.266876e-02	2.684676e+00
5.120000e-06	1.053718e-01	2.863231e+00
5.130000e-06	-1.011520e-01	3.020025e+00
5.140000e-06	5.140039e-02	3.115763e+00
5.150000e-06	5.700274e-02	3.243783e+00
5.160000e-06	-1.703089e-01	3.495213e+00
5.170000e-06	5.345308e-02	3.640000e+00
5.180000e-06	4.943419e-02	3.768423e+00
5.190000e-06	-3.391158e-02	3.896765e+00
5.200000e-06	2.283483e-02	4.062731e+00
5.210000e-06	-6.805787e-02	4.316260e+00
5.220000e-06	1.366969e-02	4.390498e+00
5.230000e-06	4.522620e-02	4.506237e+00
5.240000e-06	-4.069390e-02	4.684285e+00
5.250000e-06	-2.920229e-02	4.829674e+00
5.260000e-06	6.615851e-03	5.013070e+00
5.270000e-06	1.293676e-02	5.209574e+00
5.280000e-06	1.094314e-02	5.346386e+00
5.290000e-06	-3.049667e-02	5.454281e+00
5.300000e-06	-2.430194e-02	5.599521e+00
5.310000e-06	-2.370495e-02	5.737358e+00
5.320000e-06	4.982165e-02	5.873728e+00
5.330000e-06	-3.359490e-03	5.990500e+00
5.340000e-06	-4.892858e-02	6.095837e+00
5.350000e-06	1.231255e-03	6.283151e+00
5.360000e-06	1.176508e-03	6.338391e+00
5.370000e-06	1.479279e-02	6.430127e+00
5.380000e-06	-3.008164e-02	6.618514e+00
5.390000e-06	-3.850691e-02	6.758894e+00
5.400000e-06	1.036004e-03	6.810155e+00
5.410000e-06	1.813824e-02	6.955837e+00
5.420000e-06	9.592380e-04	7.010053e+00
5.430000e-06	-3.215482e-02	7.158314e+00
5.440000e-06	-2.355789e-02	7.199627e+00
5.450000e-06	4.772131e-03	7.354286e+00
5.460000e-06	5.880470e-03	7.462646e+00
5.470000e-06	-2.055017e-02	7.547391e+00
5.480000e-06	-3.417100e-02	7.692706e+00
5.490000e-06	-1.020745e-02	7.756395e+00
5.500000e-06	1.526695e-02	7.862129e+00
5.510000e-06	-6.918627e-03	7.967966e+00
5.520000e-06	-2.628954e-02	8.040603e+00
5.530000e-06	-3.105953e-02	8.219344e+00
5.540000e-06	-1.426140e-03	8.188023e+00
5.550000e-06	1.674187e-03	8.232631e+00
5.560000e-06	-1.986457e-02	8.345314e+00
5.570000e-06	-3.233917e-02	8.388398e+00
5.580000e-06	-1.929431e-02	8.441051e+00
5.590000e-06	5.173396e-03	8.483135e+00
5.600000e-06	-7.502756e-03	8.506710e+00
5.610000e-06	-2.633387e-02	8.537418e+00
5.620000e-06	-2.988855e-02	8.622027e+00
5.630000e-06	-9.522215e-03	8.702631e+00
5.640000e-06	-2.014678e-03	8.695712e+00
5.650000e-06	-2.122302e-02	8.776393e+00
5.660000e-06	-3.338712e-02	8.787421e+00
5.670000e-06	-2.495854e-02	8.800003e+00
5.680000e-06	-6.170416e-03	8.830624e+00
5.690000e-06	-1.143399e-02	8.831554e+00
5.700000e-06	-2.657846e-02	8.870660e+00
5.710000e-06	-3.233789e-02	8.873182e+00
5.720000e-06	-1.650676e-02	8.923181e+00
5.730000e-06	-8.881702e-03	8.885712e+00
5.740000e-06	-2.215045e-02	8.964290e+00
5.750000e-06	-3.503228e-02	9.037396e+00
5.760000e-06	-3.109184e-02	8.996838e+00
5.770000e-06	-1.578002e-02	9.025916e+00
5.780000e-06	-1.532768e-02	8.986242e+00
5.790000e-06	-2.845731e-02	9.007341e+00
5.800000e-06	-3.559511e-02	9.006317e+00
5.810000e-06	-2.502482e-02	8.954835e+00
5.820000e-06	-1.814092e-02	8.931632e+00
5.830000e-06	-2.676909e-02	8.892259e+00
5.840000e-06	-3.815424e-02	8.911182e+00
5.850000e-06	-3.601972e-02	8.871579e+00
5.860000e-06	-2.452385e-02	8.830501e+00
5.870000e-06	-2.257639e-02	8.799498e+00
5.880000e-06	-3.223739e-02	8.787394e+00
5.890000e-06	-3.954322e-02	8.757890e+00
5.900000e-06	-3.118519e-02	8.715287e+00
5.910000e-06	-2.311664e-02	8.690606e+00
5.920000e-06	-2.763177e-02	8.660979e+00
5.930000e-06	-3.652036e-02	8.608498e+00
5.940000e-06	-3.803517e-02	8.555712e+00
5.950000e-06	-2.773716e-02	8.492655e+00
5.960000e-06	-2.431080e-02	8.430576e+00
5.970000e-06	-3.093824e-02	8.409424e+00
5.980000e-06	-3.688790e-02	8.376817e+00
5.990000e-06	-3.020237e-02	8.292129e+00
6.000000e-06	-2.213700e-02	8.219447e+00
6.010000e-06	-2.252152e-02	8.082742e+00
6.020000e-06	-3.010031e-02	8.111152e+00
6.030000e-06	-3.129003e-02	7.964742e+00
6.040000e-06	-2.372512e-02	7.903056e+00
6.050000e-06	-1.770178e-02	7.808870e+00
6.060000e-06	-2.320166e-02	7.744712e+00
6.070000e-06	-2.699432e-02	7.609502e+00
6.080000e-06	-2.428270e-02	7.563611e+00
6.090000e-06	-1.436241e-02	7.376842e+00
6.100000e-06	-1.528348e-02	7.291106e+00
6.110000e-06	-2.135669e-02	7.177871e+00
6.120000e-06	-2.361736e-02	7.121653e+00
6.130000e-06	-1.608630e-02	6.976418e+00
6.140000e-06	-1.324733e-02	6.872182e+00
6.150000e-06	-1.599431e-02	6.789895e+00
6.160000e-06	-2.142017e-02	6.702080e+00
6.170000e-06	-1.797386e-02	6.524184e+00
6.180000e-06	-1.018941e-02	6.418971e+00
6.190000e-06	-9.422224e-03	6.273163e+00
6.200000e-06	-1.476845e-02	6.186395e+00
6.210000e-06	-1.775384e-02	6.062610e+00
6.220000e-06	-1.273010e-02	6.018368e+00
6.230000e-06	-8.923717e-03	5.889478e+00
6.240000e-06	-9.741712e-03	5.651479e+00
6.250000e-06	-1.577401e-02	5.575814e+00
6.260000e-06	-1.348051e-02	5.430422e+00
6.270000e-06	-8.010575e-03	5.251132e+00
6.280000e-06	-8.178625e-03	5.163160e+00
6.290000e-06	-1.049587e-02	4.927216e+00
6.300000e-06	-1.439432e-02	4.776421e+00
6.310000e-06	-8.561758e-03	4.642026e+00
6.320000e-06	-5.541490e-03	4.493710e+00
6.330000e-06	-6.669467e-03	4.378471e+00
6.340000e-06	-1.173244e-02	4.261917e+00
6.350000e-06	-1.279205e-02	4.030025e+00
6.360000e-06	-7.947069e-03	3.885238e+00
6.370000e-06	-5.668887e-03	3.766822e+00
6.380000e-06	-8.059240e-03	3.600424e+00
6.390000e-06	-1.046749e-02	3.454507e+00
6.400000e-06	-6.672566e-03	3.271554e+00
6.410000e-06	-2.542759e-03	3.157269e+00
6.420000e-06	-4.189015e-03	2.967425e+00
6.430000e-06	-8.891457e-03	2.822551e+00
6.440000e-06	-1.153101e-02	2.723692e+00
6.450000e-06	-7.409080e-03	2.514082e+00
6.460000e-06	-5.037826e-03	2.346266e+00
6.470000e-06	-5.995128e-03	2.188820e+00
6.480000e-06	-8.053602e-03	2.031500e+00
6.490000e-06	-4.678679e-03	1.883210e+00
6.500000e-06	-2.472755e-03	1.725088e+00
6.510000e-06	-2.421631e-03	1.524162e+00
6.520000e-06	-6.633426e-03	1.356772e+00
6.530000e-06	-8.043482e-03	1.248872e+00
6.540000e-06	-5.868228e-03	1.026874e+00
6.550000e-06	-3.463983e-03	8.509261e-01
6.560000e-06	-4.332864e-03	6.405826e-01
6.570000e-06	-6.110677e-03	4.931640e-01
6.580000e-06	-4.769744e-03	3.567691e-01
6.590000e-06	-2.373866e-03	2.062191e-01
6.600000e-06	-5.633566e-04	-3.315165e-02
6.610000e-06	4.351416e-04	-1.609987e-01
6.620000e-06	-3.375929e-04	-3.363424e-01
6.630000e-06	-3.059576e-03	-4.436821e-01
6.640000e-06	1.446297e-03	-6.121532e-01
6.650000e-06	-2.922918e-03	-8.006264e-01
6.660000e-06	-2.057309e-03	-9.174673e-01
6.670000e-06	-2.994516e-03	-1.096183e+00
6.680000e-06	1.653390e-02	-1.193705e+00
6.690000e-06	7.874561e-02	-1.452652e+00
6.700000e-06	-8.071563e-03	-1.664235e+00
6.710000e-06	-3.644839e-02	-1.927994e+00
6.720000e-06	-7.626647e-02	-2.114890e+00
6.730000e-06	-6.420973e-02	-2.217898e+00
6.740000e-06	1.701148e-01	-2.147969e+00
6.750000e-06	-8.745360e-02	-2.423253e+00
6.760000e-06	-1.012958e-01	-2.684788e+00
6.770000e-06	1.825665e-01	-2.703791e+00
6.780000e-06	-1.080509e-01	-2.822805e+00
6.790000e-06	-2.511176e-02	-3.137423e+00
6.800000e-06	1.728120e-01	-3.250629e+00
6.810000e-06	-1.552886e-01	-3.420551e+00
6.820000e-06	-5.776911e-02	-3.597474e+00
6.830000e-06	1.618374e-01	-3.652151e+00
6.840000e-06	-8.551531e-02	-3.875337e+00
6.850000e-06	7.034634e-02	-4.021127e+00
6.860000e-06	-3.011498e-02	-4.155919e+00
6.870000e-06	-8.649862e-02	-4.358396e+00
6.880000e-06	1.573012e-01	-4.430129e+00
6.890000e-06	-7.356310e-02	-4.549019e+00
6.900000e-06	-3.543828e-02	-4.768496e+00
6.910000e-06	4.551291e-02	-4.844227e+00
6.920000e-06	-3.771795e-02	-5.083230e+00
6.930000e-06	8.269432e-02	-5.168576e+00
6.940000e-06	-4.043710e-02	-5.346966e+00
6.950000e-06	-2.407993e-02	-5.546394e+00
6.960000e-06	1.075179e-02	-5.623180e+00
6.970000e-06	-1.754399e-02	-5.799098e+00
6.980000e-06	9.856278e-02	-5.925290e+00
6.990000e-06	-7.386745e-02	-5.999527e+00
7.000000e-06	-2.435232e-03	-6.165844e+00
7.010000e-06	4.095902e-02	-6.302285e+00
7.020000e-06	-1.720120e-02	-6.453129e+00
7.030000e-06	5.340931e-02	-6.525362e+00
7.040000e-06	-8.076058e-02	-6.682156e+00
7.050000e-06	2.692619e-02	-6.767894e+00
7.060000e-06	3.057358e-02	-6.841654e+00
7.070000e-06	4.981732e-03	-6.988025e+00
7.080000e-06	2.504154e-02	-7.135315e+00
7.090000e-06	-5.528150e-02	-7.230574e+00
7.100000e-06	4.394752e-02	-7.345341e+00
7.110000e-06	5.720588e-03	-7.390052e+00
7.120000e-06	1.362979e-02	-7.534716e+00
7.130000e-06	-1.101235e-02	-7.599500e+00
7.140000e-06	-2.060177e-02	-7.743339e+00
7.150000e-06	4.911719e-02	-7.858677e+00
7.160000e-06	5.932945e-03	-7.965815e+00
7.170000e-06	1.172418e-02	-8.030503e+00
7.180000e-06	-2.037603e-02	-8.103786e+00
7.190000e-06	7.739089e-03	-8.167872e+00
7.200000e-06	3.184549e-02	-8.270601e+00
7.210000e-06	5.613244e-03	-8.294737e+00
7.220000e-06	1.130403e-03	-8.387394e+00
7.230000e-06	-1.156684e-02	-8.410474e+00
7.240000e-06	2.822807e-02	-8.461680e+00
7.250000e-06	2.430245e-02	-8.494812e+00
7.260000e-06	3.394909e-03	-8.628953e+00
7.270000e-06	-5.085116e-03	-8.713731e+00
7.280000e-06	6.147020e-03	-8.775889e+00
7.290000e-06	3.138179e-02	-8.797452e+00
7.300000e-06	1.423968e-02	-8.809076e+00
7.310000e-06	-3.896824e-05	-8.831081e+00
7.320000e-06	4.125786e-04	-8.904207e+00
7.330000e-06	1.995021e-02	-8.923186e+00
7.340000e-06	2.759074e-02	-8.996362e+00
7.350000e-06	1.012728e-02	-8.987369e+00
7.360000e-06	6.011087e-04	-9.026478e+00
7.370000e-06	9.679168e-03	-9.059549e+00
7.380000e-06	2.721417e-02	-9.062553e+00
7.390000e-06	2.260309e-02	-9.080607e+00
7.400000e-06	5.752410e-03	-9.082154e+00
7.410000e-06	5.398633e-03	-9.073208e+00
7.420000e-06	2.031982e-02	-9.071078e+00
7.430000e-06	2.992008e-02	-9.091679e+00
7.440000e-06	1.902670e-02	-9.092659e+00
7.450000e-06	7.591888e-03	-9.061229e+00
7.460000e-06	1.502956e-02	-9.060629e+00
7.470000e-06	2.671666e-02	-9.071604e+00
7.480000e-06	2.715211e-02	-9.069598e+00
7.490000e-06	1.502450e-02	-9.027528e+00
7.500000e-06	1.351844e-02	-9.029400e+00
7.510000e-06	2.395036e-02	-9.006344e+00
7.520000e-06	3.268539e-02	-8.975315e+00
7.530000e-06	2.429950e-02	-8.913212e+00
7.540000e-06	1.487000e-02	-8.883208e+00
7.550000e-06	1.833807e-02	-8.862132e+00
7.560000e-06	2.901668e-02	-8.841103e+00
7.570000e-06	3.068938e-02	-8.808895e+00
7.580000e-06	2.143961e-02	-8.764796e+00
7.590000e-06	1.835204e-02	-8.753711e+00
7.600000e-06	2.509759e-02	-8.699003e+00
7.610000e-06	3.219713e-02	-8.594193e+00
7.620000e-06	2.487178e-02	-8.532182e+00
7.630000e-06	1.651313e-02	-8.410478e+00
7.640000e-06	1.584240e-02	-8.388022e+00
7.650000e-06	2.507885e-02	-8.344791e+00
7.660000e-06	2.710216e-02	-8.281182e+00
7.670000e-06	1.946239e-02	-8.207894e+00
7.680000e-06	1.416255e-02	-8.133185e+00
7.690000e-06	1.784196e-02	-8.062107e+00
7.700000e-06	2.327869e-02	-8.019999e+00
7.710000e-06	1.877626e-02	-7.954311e+00
7.720000e-06	9.887393e-03	-7.785772e+00
7.730000e-06	9.379697e-03	-7.641030e+00
7.740000e-06	1.581154e-02	-7.555293e+00
7.750000e-06	1.890892e-02	-7.472103e+00
7.760000e-06	1.254203e-02	-7.386868e+00
7.770000e-06	7.016786e-03	-7.282608e+00
7.780000e-06	8.641350e-03	-7.207949e+00
7.790000e-06	1.390478e-02	-7.102636e+00
7.800000e-06	1.134942e-02	-6.994641e+00
7.810000e-06	4.230255e-03	-6.850525e+00
7.820000e-06	2.488402e-03	-6.724291e+00
7.830000e-06	8.402991e-03	-6.638475e+00
7.840000e-06	1.238739e-02	-6.521663e+00
7.850000e-06	8.270252e-03	-6.430474e+00
7.860000e-06	2.176668e-03	-6.333731e+00
7.870000e-06	1.641167e-03	-6.122168e+00
7.880000e-06	5.738817e-03	-5.978974e+00
7.890000e-06	6.075529e-03	-5.941712e+00
7.900000e-06	2.167143e-03	-5.765745e+00
7.910000e-06	-1.833218e-04	-5.641603e+00
7.920000e-06	3.266450e-03	-5.525213e+00
7.930000e-06	7.069347e-03	-5.413742e+00
7.940000e-06	4.602708e-03	-5.177393e+00
7.950000e-06	-1.019174e-03	-5.020006e+00
7.960000e-06	-2.983849e-03	-4.857620e+00
7.970000e-06	1.938269e-03	-4.661654e+00
7.980000e-06	2.862580e-03	-4.585745e+00
7.990000e-06	1.919380e-04	-4.449478e+00
8.000000e-06	-4.415116e-03	-4.312762e+00
8.010000e-06	4.062390e-05	-4.195823e+00
8.020000e-06	1.829947e-03	-4.040524e+00
8.030000e-06	2.674790e-03	-3.875761e+00
8.040000e-06	-2.960555e-03	-3.722688e+00
8.050000e-06	-4.118286e-03	-3.589318e+00
8.060000e-06	-9.955470e-04	-3.439978e+00
8.070000e-06	1.763995e-03	-3.271603e+00
8.080000e-06	-2.155523e-03	-3.136192e+00
8.090000e-06	-5.289902e-03	-2.942684e+00
8.100000e-06	-5.805924e-03	-2.777397e+00
8.110000e-06	-1.125657e-03	-2.649026e+00
8.120000e-06	-2.414593e-03	-2.431555e+00
8.130000e-06	-3.524861e-03	-2.336213e+00
8.140000e-06	-5.561296e-03	-2.096216e+00
8.150000e-06	-1.459628e-03	-1.975921e+00
8.160000e-06	-7.094844e-04	-1.828901e+00
8.170000e-06	-3.060576e-03	-1.651609e+00
8.180000e-06	-8.371804e-03	-1.534160e+00
8.190000e-06	-8.061573e-03	-1.242631e+00
8.200000e-06	-4.755619e-03	-1.112236e+00
8.210000e-06	-2.595254e-03	-9.257419e-01
8.220000e-06	-3.207889e-03	-7.888972e-01
8.230000e-06	-4.054275e-03	-5.759773e-01
8.240000e-06	-2.202092e-03	-4.199262e-01
8.250000e-06	-2.905054e-03	-2.816326e-01
8.260000e-06	-3.871993e-03	-1.046632e-01
8.270000e-06	-4.910575e-03	3.112676e-02
8.280000e-06	-2.713472e-03	2.116067e-01
8.290000e-06	-3.846016e-03	3.995751e-01
8.300000e-06	2.345343e-03	5.068422e-01
8.310000e-06	-3.259577e-03	7.043056e-01
8.320000e-06	-2.743703e-03	8.020790e-01
8.330000e-06	-3.359695e-03	9.074974e-01
8.340000e-06	6.443673e-03	1.178498e+00
8.350000e-06	3.038982e-02	1.327440e+00
8.360000e-06	5.602245e-02	1.621999e+00
8.370000e-06	-4.311819e-02	1.832073e+00
8.380000e-06	-3.887918e-02	1.958946e+00
8.390000e-06	-7.642628e-02	2.083206e+00
8.400000e-06	-3.911689e-02	2.179942e+00
8.410000e-06	1.409434e-01	2.305812e+00
8.420000e-06	-9.208405e-02	2.464657e+00
8.430000e-06	-7.129603e-02	2.640568e+00
8.440000e-06	1.641082e-01	2.812548e+00
8.450000e-06	-8.678699e-02	2.990997e+00
8.460000e-06	-1.188397e-02	3.071681e+00
8.470000e-06	1.119922e-01	3.220554e+00
8.480000e-06	-1.432799e-01	3.462671e+00
8.490000e-06	-2.587609e-02	3.598950e+00
8.500000e-06	9.614609e-02	3.705307e+00
8.510000e-06	-3.981280e-02	3.895278e+00
8.520000e-06	1.546634e-02	4.030628e+00
8.530000e-06	-4.197184e-02	4.173054e+00
8.540000e-06	-2.911026e-02	4.358944e+00
8.550000e-06	6.499570e-02	4.483281e+00
8.560000e-06	-2.344685e-02	4.623229e+00
8.570000e-06	-3.878108e-02	4.770048e+00
8.580000e-06	-1.100170e-03	4.937988e+00
8.590000e-06	8.544991e-03	5.137495e+00
8.600000e-06	1.788166e-02	5.262660e+00
8.610000e-06	-2.497467e-02	5.442074e+00
8.620000e-06	-2.149299e-02	5.538866e+00
8.630000e-06	-3.321123e-02	5.643157e+00
8.640000e-06	3.290794e-02	5.862594e+00
8.650000e-06	2.113203e-02	5.959473e+00
8.660000e-06	-4.740186e-02	6.074706e+00
8.670000e-06	-1.460037e-02	6.191600e+00
8.680000e-06	4.327519e-03	6.327340e+00
8.690000e-06	1.022296e-02	6.399551e+00
8.700000e-06	-1.012028e-02	6.526361e+00
8.710000e-06	-4.403334e-02	6.706308e+00
8.720000e-06	-8.586429e-03	6.800604e+00
8.730000e-06	1.777191e-02	6.895232e+00
8.740000e-06	4.600417e-03	7.019946e+00
8.750000e-06	-2.127044e-02	7.106360e+00
8.760000e-06	-3.605084e-02	7.189972e+00
8.770000e-06	2.426778e-03	7.303736e+00
8.780000e-06	4.531456e-03	7.439068e+00
8.790000e-06	-9.017413e-03	7.537912e+00
8.800000e-06	-3.458653e-02	7.642630e+00
8.810000e-06	-2.045843e-02	7.767313e+00
8.820000e-06	1.280389e-02	7.821552e+00
8.830000e-06	-1.072007e-03	7.916811e+00
8.840000e-06	-1.979048e-02	8.023146e+00
8.850000e-06	-3.458246e-02	8.146290e+00
8.860000e-06	-7.628361e-03	8.179526e+00
8.870000e-06	3.209123e-03	8.270127e+00
8.880000e-06	-1.163680e-02	8.324785e+00
8.890000e-06	-3.079477e-02	8.386944e+00
8.900000e-06	-2.497010e-02	8.421102e+00
8.910000e-06	-2.054600e-04	8.481630e+00
8.920000e-06	-2.107461e-03	8.505835e+00
8.930000e-06	-2.139151e-02	8.567415e+00
8.940000e-06	-3.148993e-02	8.639547e+00
8.950000e-06	-1.415721e-02	8.662606e+00
8.960000e-06	-2.415056e-03	8.733735e+00
8.970000e-06	-1.236401e-02	8.727864e+00
8.980000e-06	-3.203829e-02	8.767893e+00
8.990000e-06	-2.790432e-02	8.809469e+00
9.000000e-06	-1.119551e-02	8.811003e+00
9.010000e-06	-6.960892e-03	8.841079e+00
9.020000e-06	-2.122152e-02	8.881578e+00
9.030000e-06	-3.260037e-02	8.864181e+00
9.040000e-06	-2.038409e-02	8.933687e+00
9.050000e-06	-9.722619e-03	8.972837e+00
9.060000e-06	-1.668632e-02	8.895891e+00
9.070000e-06	-3.339966e-02	8.985238e+00
9.080000e-06	-3.414505e-02	9.015418e+00
9.090000e-06	-2.092382e-02	8.965890e+00
9.100000e-06	-1.307795e-02	8.977365e+00
9.110000e-06	-2.373027e-02	9.016314e+00
9.120000e-06	-3.486125e-02	8.995885e+00
9.130000e-06	-2.783795e-02	8.935764e+00
9.140000e-06	-1.898081e-02	8.923290e+00
9.150000e-06	-2.174919e-02	8.914283e+00
9.160000e-06	-3.495002e-02	8.901609e+00
9.170000e-06	-3.787986e-02	8.832079e+00
9.180000e-06	-2.761121e-02	8.820028e+00
9.190000e-06	-2.176906e-02	8.779473e+00
9.200000e-06	-2.885833e-02	8.797924e+00
9.210000e-06	-3.740517e-02	8.776872e+00
9.220000e-06	-3.474293e-02	8.745291e+00
9.230000e-06	-2.608882e-02	8.692231e+00
9.240000e-06	-2.646971e-02	8.671104e+00
9.250000e-06	-3.438692e-02	8.638472e+00
9.260000e-06	-3.782821e-02	8.576345e+00
9.270000e-06	-3.067149e-02	8.503709e+00
9.280000e-06	-2.531040e-02	8.441103e+00
9.290000e-06	-2.806072e-02	8.409999e+00
9.300000e-06	-3.520357e-02	8.377390e+00
9.310000e-06	-3.175285e-02	8.313157e+00
9.320000e-06	-2.438703e-02	8.209820e+00
9.330000e-06	-2.228051e-02	8.137815e+00
9.340000e-06	-2.869004e-02	8.072206e+00
9.350000e-06	-3.143825e-02	8.017474e+00
9.360000e-06	-2.670319e-02	7.894680e+00
9.370000e-06	-1.929570e-02	7.847998e+00
9.380000e-06	-2.150783e-02	7.725237e+00
9.390000e-06	-2.572640e-02	7.650553e+00
9.400000e-06	-2.704619e-02	7.557716e+00
9.410000e-06	-1.838538e-02	7.458903e+00
9.420000e-06	-1.492602e-02	7.313133e+00
9.430000e-06	-1.720293e-02	7.199473e+00
9.440000e-06	-2.342047e-02	7.072738e+00
9.450000e-06	-2.113232e-02	7.009450e+00
9.460000e-06	-1.524805e-02	6.922634e+00
9.470000e-06	-1.268002e-02	6.808448e+00
9.480000e-06	-1.777745e-02	6.716185e+00
9.490000e-06	-1.984643e-02	6.575314e+00
9.500000e-06	-1.401463e-02	6.421026e+00
9.510000e-06	-8.655964e-03	6.343189e+00
9.520000e-06	-1.117233e-02	6.229421e+00
9.530000e-06	-1.670047e-02	6.102737e+00
9.540000e-06	-1.621957e-02	6.009449e+00
9.550000e-06	-1.114925e-02	5.934006e+00
9.560000e-06	-8.599820e-03	5.732684e+00
9.570000e-06	-1.186856e-02	5.578320e+00
9.580000e-06	-1.549538e-02	5.441028e+00
9.590000e-06	-1.176073e-02	5.343768e+00
9.600000e-06	-6.129933e-03	5.156249e+00
9.610000e-06	-6.841989e-03	4.996868e+00
9.620000e-06	-1.106340e-02	4.821870e+00
9.630000e-06	-1.113828e-02	4.713604e+00
9.640000e-06	-8.571655e-03	4.564791e+00
9.650000e-06	-5.585778e-03	4.419425e+00
9.660000e-06	-1.029767e-02	4.301175e+00
9.670000e-06	-1.204835e-02	4.071057e+00
9.680000e-06	-1.039019e-02	3.957817e+00
9.690000e-06	-4.712369e-03	3.777421e+00
9.700000e-06	-5.125622e-03	3.663026e+00
9.710000e-06	-6.939746e-03	3.566738e+00
9.720000e-06	-8.526981e-03	3.352683e+00
9.730000e-06	-6.488085e-03	3.177368e+00
9.740000e-06	-5.633597e-03	3.010525e+00
9.750000e-06	-7.868372e-03	2.892638e+00
9.760000e-06	-9.832331e-03	2.766368e+00
9.770000e-06	-7.722115e-03	2.524819e+00
9.780000e-06	-3.814762e-03	2.367845e+00
9.790000e-06	-3.173401e-03	2.230476e+00
9.800000e-06	-5.078098e-03	2.082605e+00
9.810000e-06	-6.751008e-03	1.954817e+00
9.820000e-06	-5.752694e-03	1.787798e+00
9.830000e-06	-4.600502e-03	1.607798e+00
9.840000e-06	-5.475500e-03	1.419975e+00
9.850000e-06	-7.251629e-03	1.252034e+00
9.860000e-06	-6.783478e-03	1.048512e+00
9.870000e-06	-3.083104e-03	8.410761e-01
9.880000e-06	-2.375816e-03	7.041627e-01
9.890000e-06	-4.504910e-03	5.362644e-01
9.900000e-06	-6.375712e-03	3.998210e-01
9.910000e-06	-4.406315e-03	2.179506e-01
9.920000e-06	-2.812642e-03	1.944855e-02
9.930000e-06	4.724507e-04	-1.459435e-01
9.940000e-06	1.421826e-03	-2.742622e-01
9.950000e-06	-3.869840e-03	-4.110779e-01
9.960000e-06	6.879742e-04	-5.800752e-01
9.970000e-06	-2.409695e-03	-7.690513e-01
9.980000e-06	-1.364034e-03	-9.057357e-01
9.990000e-06	-5.217269e-03	-1.022183e+00
1.000000e-05	6.636370e-03	-1.170995e+00
1.001000e-05	5.801313e-02	-1.316991e+00
1.002000e-05	4.198211e-02	-1.592102e+00
1.003000e-05	-5.689119e-02	-1.866331e+00
1.004000e-05	-3.832725e-02	-2.073256e+00
1.005000e-05	-1.210497e-01	-2.196419e+00
1.006000e-05	1.499506e-01	-2.177469e+00
1.007000e-05	1.302848e-03	-2.349467e+00
1.008000e-05	-1.637895e-01	-2.621953e+00
1.009000e-05	1.654378e-01	-2.684762e+00
1.010000e-05	-1.403389e-02	-2.788597e+00
1.011000e-05	-1.090001e-01	-3.105864e+00
1.012000e-05	1.760164e-01	-3.210078e+00
1.013000e-05	-5.328526e-02	-3.316894e+00
1.014000e-05	-1.597166e-01	-3.547442e+00
1.015000e-05	1.712884e-01	-3.610050e+00
1.016000e-05	-3.550269e-02	-3.811522e+00
1.017000e-05	8.722059e-03	-4.029054e+00
1.018000e-05	4.432585e-02	-4.084309e+00
1.019000e-05	-1.337118e-01	-4.317339e+00
1.020000e-05	1.221086e-01	-4.400024e+00
1.021000e-05	1.636934e-02	-4.486262e+00
1.022000e-05	-1.028786e-01	-4.767411e+00
1.023000e-05	6.928258e-02	-4.829549e+00
1.024000e-05	-4.227322e-02	-5.049644e+00
1.025000e-05	5.954116e-02	-5.138394e+00
1.026000e-05	1.316018e-02	-5.294360e+00
1.027000e-05	-6.466045e-02	-5.535715e+00
1.028000e-05	3.581211e-02	-5.610074e+00
1.029000e-05	-4.678913e-02	-5.747843e+00
1.030000e-05	9.561247e-02	-5.895208e+00
1.031000e-05	-2.162120e-02	-5.988571e+00
1.032000e-05	-5.534256e-02	-6.114215e+00
1.033000e-05	6.251963e-02	-6.230178e+00
1.034000e-05	-2.792114e-02	-6.429472e+00
1.035000e-05	5.756771e-02	-6.554266e+00
1.036000e-05	-4.971689e-02	-6.580577e+00
1.037000e-05	-2.003541e-02	-6.767390e+00
1.038000e-05	5.424190e-02	-6.810554e+00
1.039000e-05	-6.037880e-03	-6.963419e+00
1.040000e-05	3.857968e-02	-7.112682e+00
1.041000e-05	-4.672414e-02	-7.209525e+00
1.042000e-05	1.310899e-02	-7.324261e+00
1.043000e-05	3.011914e-02	-7.367973e+00
1.044000e-05	-1.656316e-03	-7.512711e+00
1.045000e-05	9.641001e-03	-7.547944e+00
1.046000e-05	-3.533324e-02	-7.681809e+00
1.047000e-05	3.970132e-02	-7.849571e+00
1.048000e-05	2.128276e-02	-7.945915e+00
1.049000e-05	5.282227e-03	-8.019554e+00
1.050000e-05	-7.345883e-03	-8.082106e+00
1.051000e-05	-1.205841e-02	-8.156869e+00
1.052000e-05	3.801788e-02	-8.228975e+00
1.053000e-05	8.483426e-03	-8.301684e+00
1.054000e-05	4.382860e-03	-8.335369e+00
1.055000e-05	-1.233644e-02	-8.398024e+00
1.056000e-05	1.500123e-02	-8.448605e+00
1.057000e-05	3.435280e-02	-8.462760e+00
1.058000e-05	3.251217e-03	-8.627994e+00
1.059000e-05	-1.536420e-03	-8.701576e+00
1.060000e-05	-3.253857e-03	-8.725820e+00
1.061000e-05	2.967876e-02	-8.747969e+00
1.062000e-05	2.087566e-02	-8.820974e+00
1.063000e-05	3.716022e-04	-8.881106e+00
1.064000e-05	-2.019228e-03	-8.913207e+00
1.065000e-05	1.199426e-02	-8.923237e+00
1.066000e-05	3.028290e-02	-8.946286e+00
1.067000e-05	1.331862e-02	-8.976342e+00
1.068000e-05	3.428601e-03	-9.008450e+00
1.069000e-05	3.973802e-03	-9.070100e+00
1.070000e-05	2.481478e-02	-9.027574e+00
1.071000e-05	2.597893e-02	-9.042154e+00
1.072000e-05	9.665665e-03	-9.050156e+00
1.073000e-05	3.162967e-03	-9.102134e+00
1.074000e-05	1.477229e-02	-9.090759e+00
1.075000e-05	2.953977e-02	-9.072657e+00
1.076000e-05	2.206753e-02	-9.082558e+00
1.077000e-05	8.950317e-03	-9.081654e+00
1.078000e-05	9.843739e-03	-9.102078e+00
1.079000e-05	2.525100e-02	-9.061084e+00
1.080000e-05	2.872606e-02	-9.071604e+00
1.081000e-05	1.873723e-02	-9.050020e+00
1.082000e-05	1.088044e-02	-9.038874e+00
1.083000e-05	2.034010e-02	-8.985945e+00
1.084000e-05	3.333008e-02	-8.977369e+00
1.085000e-05	2.785174e-02	-8.943289e+00
1.086000e-05	1.659920e-02	-8.912234e+00
1.087000e-05	1.522802e-02	-8.891608e+00
1.088000e-05	2.791056e-02	-8.800053e+00
1.089000e-05	3.262671e-02	-8.840476e+00
1.090000e-05	2.323395e-02	-8.786471e+00
1.091000e-05	1.577986e-02	-8.745716e+00
1.092000e-05	2.170009e-02	-8.711506e+00
1.093000e-05	3.230725e-02	-8.617400e+00
1.094000e-05	2.940771e-02	-8.492714e+00
1.095000e-05	1.788716e-02	-8.410527e+00
1.096000e-05	1.546595e-02	-8.399447e+00
1.097000e-05	2.400678e-02	-8.365814e+00
1.098000e-05	2.866520e-02	-8.323209e+00
1.099000e-05	2.138643e-02	-8.219553e+00
1.100000e-05	1.213299e-02	-8.176266e+00
1.101000e-05	1.575242e-02	-8.121604e+00
1.102000e-05	2.346868e-02	-7.989951e+00
1.103000e-05	2.289912e-02	-7.955370e+00
1.104000e-05	1.310237e-02	-7.860476e+00
1.105000e-05	7.930502e-03	-7.712111e+00
1.106000e-05	1.455193e-02	-7.577900e+00
1.107000e-05	1.940329e-02	-7.502638e+00
1.108000e-05	1.417951e-02	-7.418398e+00
1.109000e-05	5.970477e-03	-7.303112e+00
1.110000e-05	6.054712e-03	-7.200500e+00
1.111000e-05	1.400401e-02	-7.165295e+00
1.112000e-05	1.447847e-02	-7.015794e+00
1.113000e-05	7.492323e-03	-6.841053e+00
1.114000e-05	2.824265e-03	-6.766871e+00
1.115000e-05	7.030925e-03	-6.661555e+00
1.116000e-05	1.208832e-02	-6.554817e+00
1.117000e-05	8.084651e-03	-6.460003e+00
1.118000e-05	1.964623e-03	-6.344244e+00
1.119000e-05	4.835393e-04	-6.174871e+00
1.120000e-05	7.112757e-03	-6.050001e+00
1.121000e-05	8.100153e-03	-5.946317e+00
1.122000e-05	2.697606e-03	-5.838024e+00
1.123000e-05	-1.119918e-03	-5.682104e+00
1.124000e-05	2.578468e-03	-5.597321e+00
1.125000e-05	5.703877e-03	-5.446923e+00
1.126000e-05	3.810865e-03	-5.228971e+00
1.127000e-05	-8.602559e-04	-5.100084e+00
1.128000e-05	-2.267574e-03	-4.912387e+00
1.129000e-05	1.432253e-03	-4.715143e+00
1.130000e-05	2.992069e-03	-4.587471e+00
1.131000e-05	2.000478e-04	-4.432105e+00
1.132000e-05	-2.415528e-03	-4.355796e+00
1.133000e-05	-1.052445e-03	-4.239475e+00
1.134000e-05	2.077858e-03	-4.073110e+00
1.135000e-05	4.137205e-04	-3.957866e+00
1.136000e-05	-3.085057e-03	-3.755343e+00
1.137000e-05	-5.307123e-03	-3.598474e+00
1.138000e-05	-1.981877e-03	-3.451109e+00
1.139000e-05	4.195133e-04	-3.292636e+00
1.140000e-05	-7.110529e-04	-3.198297e+00
1.141000e-05	-4.970952e-03	-2.967773e+00
1.142000e-05	-4.387958e-03	-2.849975e+00
1.143000e-05	-1.657416e-03	-2.682609e+00
1.144000e-05	-1.638774e-03	-2.483612e+00
1.145000e-05	-3.166163e-03	-2.366896e+00
1.146000e-05	-5.897113e-03	-2.216898e+00
1.147000e-05	-3.303345e-03	-2.009451e+00
1.148000e-05	-2.131945e-03	-1.862110e+00
1.149000e-05	-1.754092e-03	-1.696742e+00
1.150000e-05	-5.484709e-03	-1.576866e+00
1.151000e-05	-5.594990e-03	-1.344634e+00
1.152000e-05	-5.293133e-03	-1.186821e+00
1.153000e-05	-2.563665e-03	-9.899259e-01
1.154000e-05	-4.996408e-03	-7.899998e-01
1.155000e-05	-4.817417e-03	-6.816914e-01
1.156000e-05	-5.433076e-03	-4.616812e-01
1.157000e-05	-2.505947e-03	-3.047656e-01
1.158000e-05	-3.195979e-03	-1.467920e-01
1.159000e-05	-2.435955e-03	-1.049981e-02
1.160000e-05	-1.602634e-03	1.279426e-01
1.161000e-05	-2.869317e-03	3.179449e-01
1.162000e-05	4.532197e-04	4.947608e-01
1.163000e-05	-2.415271e-03	6.121229e-01
1.164000e-05	-2.878155e-03	7.774211e-01
1.165000e-05	-4.521098e-03	8.937108e-01
1.166000e-05	3.038030e-03	1.086367e+00
1.167000e-05	1.950290e-02	1.274732e+00
1.168000e-05	6.289833e-02	1.484807e+00
1.169000e-05	-1.466511e-02	1.788973e+00
1.170000e-05	-4.613242e-02	1.936415e+00
1.171000e-05	-6.071274e-02	2.043131e+00
1.172000e-05	-8.246390e-02	2.158466e+00
1.173000e-05	1.176591e-01	2.252657e+00
1.174000e-05	8.876833e-04	2.420130e+00
1.175000e-05	-1.438102e-01	2.548495e+00
1.176000e-05	1.578854e-01	2.746914e+00
1.177000e-05	-2.411705e-02	2.936416e+00
1.178000e-05	-6.465160e-02	3.032177e+00
1.179000e-05	1.136712e-01	3.168518e+00
1.180000e-05	-6.776658e-02	3.368539e+00
1.181000e-05	-1.110159e-01	3.558440e+00
1.182000e-05	1.122441e-01	3.653180e+00
1.183000e-05	-1.987768e-02	3.840553e+00
1.184000e-05	-7.605675e-03	3.977498e+00
1.185000e-05	-8.172069e-03	4.176889e+00
1.186000e-05	-6.205281e-02	4.359466e+00
1.187000e-05	6.191278e-02	4.432127e+00
1.188000e-05	1.205605e-03	4.580496e+00
1.189000e-05	-4.602959e-02	4.748494e+00
1.190000e-05	-1.232583e-02	4.894284e+00
1.191000e-05	1.027714e-02	5.094789e+00
1.192000e-05	1.914156e-02	5.233228e+00
1.193000e-05	-1.206327e-02	5.367948e+00
1.194000e-05	-2.729887e-02	5.526363e+00
1.195000e-05	-3.150966e-02	5.610606e+00
1.196000e-05	7.855407e-03	5.807945e+00
1.197000e-05	4.262655e-02	5.927816e+00
1.198000e-05	-3.475323e-02	6.062129e+00
1.199000e-05	-3.504125e-02	6.168921e+00
1.200000e-05	7.159960e-03	6.293258e+00
1.201000e-05	3.857162e-03	6.378996e+00
1.202000e-05	5.074309e-03	6.472686e+00
1.203000e-05	-4.495401e-02	6.672232e+00
1.204000e-05	-2.117138e-02	6.790046e+00
1.205000e-05	1.427032e-02	6.855181e+00
1.206000e-05	1.079185e-02	6.968019e+00
1.207000e-05	-1.052324e-02	7.071706e+00
1.208000e-05	-4.109881e-02	7.208495e+00
1.209000e-05	-5.547013e-03	7.302107e+00
1.210000e-05	4.380411e-03	7.396963e+00
1.211000e-05	-1.222208e-03	7.546860e+00
1.212000e-05	-3.071267e-02	7.630575e+00
1.213000e-05	-2.811481e-02	7.713313e+00
1.214000e-05	5.790090e-03	7.808494e+00
1.215000e-05	6.601679e-03	7.874261e+00
1.216000e-05	-1.476104e-02	8.011491e+00
1.217000e-05	-3.424273e-02	8.116286e+00
1.218000e-05	-1.601457e-02	8.227967e+00
1.219000e-05	2.463774e-03	8.252627e+00
1.220000e-05	-4.435000e-03	8.311710e+00
1.221000e-05	-2.803556e-02	8.378339e+00
1.222000e-05	-2.803340e-02	8.410047e+00
1.223000e-05	-7.048945e-03	8.471580e+00
1.224000e-05	3.688081e-03	8.493234e+00
1.225000e-05	-1.533150e-02	8.556864e+00
1.226000e-05	-3.130698e-02	8.608398e+00
1.227000e-05	-2.168008e-02	8.652680e+00
1.228000e-05	-4.157762e-03	8.683731e+00
1.229000e-05	-6.503824e-03	8.735833e+00
1.230000e-05	-2.826423e-02	8.777341e+00
1.231000e-05	-3.191451e-02	8.789441e+00
1.232000e-05	-1.629426e-02	8.831049e+00
1.233000e-05	-4.281869e-03	8.820053e+00
1.234000e-05	-1.668991e-02	8.860002e+00
1.235000e-05	-3.086026e-02	8.863181e+00
1.236000e-05	-2.673906e-02	8.922757e+00
1.237000e-05	-1.085346e-02	8.904386e+00
1.238000e-05	-1.192540e-02	8.912185e+00
1.239000e-05	-2.766415e-02	8.956815e+00
1.240000e-05	-3.561357e-02	9.004814e+00
1.241000e-05	-2.613201e-02	9.006394e+00
1.242000e-05	-1.319063e-02	8.994943e+00
1.243000e-05	-2.017712e-02	8.975465e+00
1.244000e-05	-3.351233e-02	8.977364e+00
1.245000e-05	-3.203547e-02	9.002812e+00
1.246000e-05	-2.062562e-02	8.943286e+00
1.247000e-05	-1.787648e-02	8.903735e+00
1.248000e-05	-3.089652e-02	8.911732e+00
1.249000e-05	-3.870749e-02	8.883079e+00
1.250000e-05	-3.267924e-02	8.871557e+00
1.251000e-05	-2.281549e-02	8.809996e+00
1.252000e-05	-2.619020e-02	8.798949e+00
1.253000e-05	-3.682691e-02	8.789839e+00
1.254000e-05	-3.714996e-02	8.725312e+00
1.255000e-05	-2.671328e-02	8.733762e+00
1.256000e-05	-2.244090e-02	8.662579e+00
1.257000e-05	-3.234218e-02	8.598899e+00
1.258000e-05	-3.932794e-02	8.577816e+00
1.259000e-05	-3.608420e-02	8.554189e+00
1.260000e-05	-2.722155e-02	8.451632e+00
1.261000e-05	-2.668446e-02	8.430503e+00
1.262000e-05	-3.410351e-02	8.397872e+00
1.263000e-05	-3.436128e-02	8.363691e+00
1.264000e-05	-2.586034e-02	8.240499e+00
1.265000e-05	-1.957504e-02	8.148366e+00
1.266000e-05	-2.610180e-02	8.084137e+00
1.267000e-05	-3.261838e-02	8.019572e+00
1.268000e-05	-3.005673e-02	7.934213e+00
1.269000e-05	-2.261759e-02	7.812575e+00
1.270000e-05	-2.017026e-02	7.755889e+00
1.271000e-05	-2.560000e-02	7.723004e+00
1.272000e-05	-2.570495e-02	7.585899e+00
1.273000e-05	-1.912124e-02	7.472059e+00
1.274000e-05	-1.408838e-02	7.333211e+00
1.275000e-05	-1.710597e-02	7.199971e+00
1.276000e-05	-2.287600e-02	7.126265e+00
1.277000e-05	-2.249289e-02	7.071956e+00
1.278000e-05	-1.556519e-02	6.924662e+00
1.279000e-05	-1.301783e-02	6.840053e+00
1.280000e-05	-1.698814e-02	6.767820e+00
1.281000e-05	-1.919667e-02	6.658450e+00
1.282000e-05	-1.593132e-02	6.441054e+00
1.283000e-05	-8.871211e-03	6.377366e+00
1.284000e-05	-1.113646e-02	6.251505e+00
1.285000e-05	-1.467903e-02	6.154164e+00
1.286000e-05	-1.617203e-02	6.030978e+00
1.287000e-05	-1.151073e-02	5.976163e+00
1.288000e-05	-9.786544e-03	5.725289e+00
1.289000e-05	-1.160102e-02	5.608872e+00
1.290000e-05	-1.457115e-02	5.492104e+00
1.291000e-05	-1.219415e-02	5.385820e+00
1.292000e-05	-6.783372e-03	5.230549e+00
1.293000e-05	-7.212114e-03	5.048451e+00
1.294000e-05	-9.675725e-03	4.841030e+00
1.295000e-05	-1.231493e-02	4.723187e+00
1.296000e-05	-8.580462e-03	4.607872e+00
1.297000e-05	-6.864964e-03	4.431081e+00
1.298000e-05	-8.650945e-03	4.344815e+00
1.299000e-05	-1.141601e-02	4.124710e+00
1.300000e-05	-9.811805e-03	3.997824e+00
1.301000e-05	-6.168896e-03	3.870427e+00
1.302000e-05	-5.156697e-03	3.683584e+00
1.303000e-05	-7.122848e-03	3.578795e+00
1.304000e-05	-9.145101e-03	3.378848e+00
1.305000e-05	-7.000877e-03	3.210451e+00
1.306000e-05	-4.912193e-03	3.103085e+00
1.307000e-05	-5.655304e-03	2.944139e+00
1.308000e-05	-7.981462e-03	2.799372e+00
1.309000e-05	-8.458631e-03	2.639426e+00
1.310000e-05	-5.933678e-03	2.389427e+00
1.311000e-05	-4.092206e-03	2.283609e+00
1.312000e-05	-4.821838e-03	2.064164e+00
1.313000e-05	-6.145508e-03	1.998897e+00
1.314000e-05	-5.478936e-03	1.808427e+00
1.315000e-05	-4.169905e-03	1.632052e+00
1.316000e-05	-4.052261e-03	1.452603e+00
1.317000e-05	-7.393997e-03	1.323587e+00
1.318000e-05	-7.594102e-03	1.124164e+00
1.319000e-05	-6.338074e-03	9.026841e-01
1.320000e-05	-3.935335e-03	7.672392e-01
1.321000e-05	-3.821557e-03	5.678481e-01
1.322000e-05	-5.092123e-03	4.115037e-01
1.323000e-05	-4.301648e-03	2.420348e-01
1.324000e-05	-3.354325e-03	8.155395e-02
1.325000e-05	-5.700880e-04	-1.052858e-01
1.326000e-05	7.168217e-04	-2.406805e-01
1.327000e-05	-2.803242e-03	-3.790228e-01
1.328000e-05	-1.889327e-03	-4.868399e-01
1.329000e-05	-8.660264e-04	-7.283399e-01
1.330000e-05	-4.288811e-04	-8.837357e-01
1.331000e-05	-3.129292e-03	-9.991004e-01
1.332000e-05	1.336674e-03	-1.176840e+00
1.333000e-05	3.522260e-02	-1.294814e+00
1.334000e-05	7.590720e-02	-1.537391e+00
1.335000e-05	-5.840655e-02	-1.800074e+00
1.336000e-05	-2.075750e-02	-2.010624e+00
1.337000e-05	-1.279991e-01	-2.107446e+00
1.338000e-05	6.998782e-02	-2.128376e+00
1.339000e-05	9.608020e-02	-2.292780e+00
1.340000e-05	-1.640814e-01	-2.549447e+00
1.341000e-05	6.365564e-02	-2.733811e+00
1.342000e-05	1.006042e-01	-2.726887e+00
1.343000e-05	-1.533372e-01	-2.982527e+00
1.344000e-05	1.113040e-01	-3.199051e+00
1.345000e-05	6.650678e-02	-3.304286e+00
1.346000e-05	-2.022019e-01	-3.506761e+00
1.347000e-05	1.093424e-01	-3.578526e+00
1.348000e-05	5.120312e-02	-3.756864e+00
1.349000e-05	-5.675121e-02	-4.008973e+00
1.350000e-05	8.944135e-02	-4.041232e+00
1.351000e-05	-1.226286e-01	-4.253202e+00
1.352000e-05	3.978571e-02	-4.389499e+00
1.353000e-05	1.073083e-01	-4.462731e+00
1.354000e-05	-1.307172e-01	-4.672780e+00
1.355000e-05	5.248171e-02	-4.807477e+00
1.356000e-05	-1.640926e-02	-4.947442e+00
1.357000e-05	1.514481e-02	-5.147792e+00
1.358000e-05	6.213922e-02	-5.240652e+00
1.359000e-05	-7.915731e-02	-5.444155e+00
1.360000e-05	3.019759e-02	-5.569949e+00
1.361000e-05	-3.860659e-02	-5.705335e+00
1.362000e-05	5.621194e-02	-5.851228e+00
1.363000e-05	4.295318e-02	-5.968443e+00
1.364000e-05	-8.894839e-02	-6.073227e+00
1.365000e-05	5.518674e-02	-6.218575e+00
1.366000e-05	-1.228713e-02	-6.367966e+00
1.367000e-05	3.197635e-02	-6.472211e+00
1.368000e-05	1.714026e-03	-6.588896e+00
1.369000e-05	-6.557935e-02	-6.713239e+00
1.370000e-05	6.049881e-02	-6.809998e+00
1.371000e-05	-1.389382e-03	-6.924360e+00
1.372000e-05	3.345331e-02	-7.070626e+00
1.373000e-05	-1.713509e-02	-7.158948e+00
1.374000e-05	-2.487140e-02	-7.261731e+00
1.375000e-05	4.830027e-02	-7.356870e+00
1.376000e-05	-8.632264e-03	-7.452152e+00
1.377000e-05	2.279991e-02	-7.535291e+00
1.378000e-05	-3.429148e-02	-7.651229e+00
1.379000e-05	1.573738e-02	-7.817448e+00
1.380000e-05	3.759930e-02	-7.893753e+00
1.381000e-05	4.470289e-04	-7.988524e+00
1.382000e-05	6.235512e-03	-8.061129e+00
1.383000e-05	-2.493798e-02	-8.125336e+00
1.384000e-05	3.281343e-02	-8.229521e+00
1.385000e-05	1.716721e-02	-8.262706e+00
1.386000e-05	3.174011e-03	-8.366866e+00
1.387000e-05	-7.711606e-03	-8.407897e+00
1.388000e-05	3.700686e-04	-8.431028e+00
1.389000e-05	3.927206e-02	-8.513134e+00
1.390000e-05	9.500432e-03	-8.508370e+00
1.391000e-05	9.120317e-04	-8.620529e+00
1.392000e-05	-8.184808e-03	-8.765712e+00
1.393000e-05	2.211830e-02	-8.757896e+00
1.394000e-05	2.780347e-02	-8.809497e+00
1.395000e-05	4.655661e-03	-8.829629e+00
1.396000e-05	-2.595288e-03	-8.890133e+00
1.397000e-05	5.714153e-03	-8.933608e+00
1.398000e-05	2.846567e-02	-8.914262e+00
1.399000e-05	1.892538e-02	-8.957345e+00
1.400000e-05	4.484463e-03	-8.987019e+00
1.401000e-05	8.375078e-04	-9.019948e+00
1.402000e-05	1.955638e-02	-9.050525e+00
1.403000e-05	2.861761e-02	-9.080080e+00
1.404000e-05	1.447173e-02	-9.071604e+00
1.405000e-05	2.906176e-03	-9.091702e+00
1.406000e-05	9.240888e-03	-9.083633e+00
1.407000e-05	2.741357e-02	-9.072606e+00
1.408000e-05	2.627382e-02	-9.041659e+00
1.409000e-05	1.299008e-02	-9.083636e+00
1.410000e-05	6.620782e-03	-9.042154e+00
1.411000e-05	2.192242e-02	-9.051578e+00
1.412000e-05	2.966237e-02	-9.071501e+00
1.413000e-05	2.244703e-02	-9.030029e+00
1.414000e-05	1.161242e-02	-9.057445e+00
1.415000e-05	1.607934e-02	-8.985443e+00
1.416000e-05	3.005284e-02	-8.978496e+00
1.417000e-05	3.159889e-02	-8.946212e+00
1.418000e-05	2.048219e-02	-8.903185e+00
1.419000e-05	1.413397e-02	-8.893158e+00
1.420000e-05	2.391886e-02	-8.851052e+00
1.421000e-05	3.232078e-02	-8.821001e+00
1.422000e-05	2.730251e-02	-8.778423e+00
1.423000e-05	1.709618e-02	-8.746286e+00
1.424000e-05	1.909651e-02	-8.711705e+00
1.425000e-05	2.941989e-02	-8.620594e+00
1.426000e-05	3.219508e-02	-8.532789e+00
1.427000e-05	2.185971e-02	-8.491580e+00
1.428000e-05	1.598351e-02	-8.409426e+00
1.429000e-05	2.141298e-02	-8.377368e+00
1.430000e-05	2.768046e-02	-8.324186e+00
1.431000e-05	2.296305e-02	-8.248677e+00
1.432000e-05	1.434186e-02	-8.166821e+00
1.433000e-05	1.480104e-02	-8.131684e+00
1.434000e-05	2.199931e-02	-8.021001e+00
1.435000e-05	2.154669e-02	-7.997872e+00
1.436000e-05	1.724133e-02	-7.900103e+00
1.437000e-05	1.096251e-02	-7.751711e+00
1.438000e-05	1.455345e-02	-7.619500e+00
1.439000e-05	1.649173e-02	-7.554738e+00
1.440000e-05	1.536312e-02	-7.449553e+00
1.441000e-05	8.173572e-03	-7.364239e+00
1.442000e-05	7.627201e-03	-7.251079e+00
1.443000e-05	1.059574e-02	-7.197367e+00
1.444000e-05	1.327908e-02	-7.021027e+00
1.445000e-05	9.958059e-03	-6.901660e+00
1.446000e-05	5.390608e-03	-6.777945e+00
1.447000e-05	6.560360e-03	-6.693107e+00
1.448000e-05	8.131318e-03	-6.596920e+00
1.449000e-05	8.327272e-03	-6.492133e+00
1.450000e-05	2.934919e-03	-6.368395e+00
1.451000e-05	1.929900e-03	-6.278428e+00
1.452000e-05	4.068995e-03	-6.051559e+00
1.453000e-05	7.330632e-03	-5.978870e+00
1.454000e-05	3.993307e-03	-5.881054e+00
1.455000e-05	1.791912e-03	-5.732713e+00
1.456000e-05	1.364307e-03	-5.568922e+00
1.457000e-05	3.767619e-03	-5.521029e+00
1.458000e-05	3.708942e-03	-5.260952e+00
1.459000e-05	-1.173336e-04	-5.123182e+00
1.460000e-05	-1.646939e-03	-5.008369e+00
1.461000e-05	-5.619312e-04	-4.761319e+00
1.462000e-05	2.360570e-03	-4.661475e+00
1.463000e-05	4.608164e-04	-4.544138e+00
1.464000e-05	-1.170307e-03	-4.399322e+00
1.465000e-05	-2.563115e-03	-4.251605e+00
1.466000e-05	1.550324e-03	-4.112589e+00
1.467000e-05	2.302433e-04	-3.987345e+00
1.468000e-05	-7.665608e-04	-3.879954e+00
1.469000e-05	-4.771356e-03	-3.638454e+00
1.470000e-05	-2.294742e-03	-3.492712e+00
1.471000e-05	-1.579329e-03	-3.367816e+00
1.472000e-05	-3.714783e-04	-3.239422e+00
1.473000e-05	-4.334299e-03	-3.070586e+00
1.474000e-05	-4.645897e-03	-2.812578e+00
1.475000e-05	-3.147402e-03	-2.735167e+00
1.476000e-05	-1.327040e-03	-2.575345e+00
1.477000e-05	-4.026904e-03	-2.379951e+00
1.478000e-05	-4.574921e-03	-2.261455e+00
1.479000e-05	-3.339262e-03	-2.051081e+00
1.480000e-05	-1.974745e-03	-1.893687e+00
1.481000e-05	-1.429367e-03	-1.766268e+00
1.482000e-05	-4.841196e-03	-1.609427e+00
1.483000e-05	-5.690550e-03	-1.427575e+00
1.484000e-05	-5.651083e-03	-1.198400e+00
1.485000e-05	-4.051285e-03	-1.001451e+00
1.486000e-05	-4.898782e-03	-8.416379e-01
1.487000e-05	-4.858444e-03	-7.252180e-01
1.488000e-05	-4.511066e-03	-4.931643e-01
1.489000e-05	-2.828584e-03	-3.873709e-01
1.490000e-05	-3.623158e-03	-2.089986e-01
1.491000e-05	-2.730554e-03	-4.110407e-02
1.492000e-05	-1.368053e-03	8.330942e-02
1.493000e-05	-2.340722e-03	2.977608e-01
1.494000e-05	-1.354859e-03	4.231567e-01
1.495000e-05	-1.177942e-03	5.793737e-01
1.496000e-05	-2.810429e-03	7.054646e-01
1.497000e-05	-3.492919e-03	8.717790e-01
1.498000e-05	1.053948e-04	1.103680e+00
1.499000e-05	1.200919e-02	1.231649e+00
1.500000e-05	5.340786e-02	1.422175e+00
1.501000e-05	2.155635e-02	1.726391e+00
1.502000e-05	-5.276053e-02	1.883832e+00
1.503000e-05	-4.680349e-02	2.019103e+00
1.504000e-05	-9.498927e-02	2.117868e+00
1.505000e-05	5.629674e-02	2.179552e+00
1.506000e-05	8.936427e-02	2.399552e+00
1.507000e-05	-1.616001e-01	2.505787e+00
1.508000e-05	7.700306e-02	2.644237e+00
1.509000e-05	6.965909e-02	2.875785e+00
1.510000e-05	-9.792500e-02	3.032053e+00
1.511000e-05	7.402943e-02	3.116340e+00
1.512000e-05	2.564500e-02	3.275385e+00
1.513000e-05	-1.652195e-01	3.536761e+00
1.514000e-05	7.987031e-02	3.639729e+00
1.515000e-05	2.764054e-02	3.787519e+00
1.516000e-05	-2.995454e-02	3.905913e+00
1.517000e-05	1.815979e-02	4.053734e+00
1.518000e-05	-7.146598e-02	4.295213e+00
1.519000e-05	3.137356e-02	4.428626e+00
1.520000e-05	3.252636e-02	4.496338e+00
1.521000e-05	-4.495653e-02	4.694340e+00
1.522000e-05	-2.437111e-02	4.811253e+00
1.523000e-05	9.265756e-03	5.051752e+00
1.524000e-05	1.479351e-02	5.228622e+00
1.525000e-05	4.960768e-03	5.337888e+00
1.526000e-05	-3.180519e-02	5.473253e+00
1.527000e-05	-2.604414e-02	5.601573e+00
1.528000e-05	-1.760668e-02	5.743284e+00
1.529000e-05	5.032928e-02	5.923736e+00
1.530000e-05	-1.415432e-02	6.031104e+00
1.531000e-05	-4.852336e-02	6.145916e+00
1.532000e-05	6.273633e-03	6.261633e+00
1.533000e-05	-3.772762e-04	6.368396e+00
1.534000e-05	1.497357e-02	6.461104e+00
1.535000e-05	-3.762554e-02	6.590024e+00
1.536000e-05	-3.263718e-02	6.777946e+00
1.537000e-05	4.721023e-03	6.831581e+00
1.538000e-05	1.627531e-02	6.925887e+00
1.539000e-05	-2.851402e-03	7.031028e+00
1.540000e-05	-3.742058e-02	7.147443e+00
1.541000e-05	-1.879747e-02	7.211004e+00
1.542000e-05	4.960870e-03	7.354863e+00
1.543000e-05	4.451697e-03	7.494682e+00
1.544000e-05	-2.221643e-02	7.589449e+00
1.545000e-05	-3.313379e-02	7.684232e+00
1.546000e-05	-4.921638e-03	7.756366e+00
1.547000e-05	1.330556e-02	7.841652e+00
1.548000e-05	-9.818376e-03	8.006417e+00
1.549000e-05	-3.012122e-02	8.123235e+00
1.550000e-05	-2.634133e-02	8.147370e+00
1.551000e-05	7.906634e-04	8.239070e+00
1.552000e-05	2.041609e-03	8.290678e+00
1.553000e-05	-2.174027e-02	8.316341e+00
1.554000e-05	-3.101493e-02	8.417973e+00
1.555000e-05	-1.578069e-02	8.431152e+00
1.556000e-05	5.023642e-03	8.504205e+00
1.557000e-05	-1.002406e-02	8.535791e+00
1.558000e-05	-2.755923e-02	8.577423e+00
1.559000e-05	-2.743950e-02	8.660104e+00
1.560000e-05	-7.498672e-03	8.722710e+00
1.561000e-05	-2.320062e-03	8.724782e+00
1.562000e-05	-2.250272e-02	8.745867e+00
1.563000e-05	-3.220162e-02	8.777870e+00
1.564000e-05	-2.178085e-02	8.819922e+00
1.565000e-05	-5.196069e-03	8.860550e+00
1.566000e-05	-1.281738e-02	8.830029e+00
1.567000e-05	-2.772430e-02	8.892583e+00
1.568000e-05	-3.014243e-02	8.922208e+00
1.569000e-05	-1.389979e-02	8.902838e+00
1.570000e-05	-1.004111e-02	8.914215e+00
1.571000e-05	-2.361718e-02	9.004790e+00
1.572000e-05	-3.484850e-02	8.983937e+00
1.573000e-05	-2.891476e-02	8.996242e+00
1.574000e-05	-1.493255e-02	9.006894e+00
1.575000e-05	-1.664475e-02	8.984915e+00
1.576000e-05	-2.961184e-02	8.996335e+00
1.577000e-05	-3.379044e-02	8.965764e+00
1.578000e-05	-2.460763e-02	8.974336e+00
1.579000e-05	-1.900368e-02	8.913683e+00
1.580000e-05	-2.787062e-02	8.871708e+00
1.581000e-05	-3.735686e-02	8.869582e+00
1.582000e-05	-3.511845e-02	8.830553e+00
1.583000e-05	-2.366905e-02	8.789474e+00
1.584000e-05	-2.328843e-02	8.819500e+00
1.585000e-05	-3.240023e-02	8.786823e+00
1.586000e-05	-3.907655e-02	8.759316e+00
1.587000e-05	-3.128677e-02	8.743186e+00
1.588000e-05	-2.356859e-02	8.701106e+00
1.589000e-05	-2.888905e-02	8.610524e+00
1.590000e-05	-3.814033e-02	8.568420e+00
1.591000e-05	-3.735467e-02	8.564761e+00
1.592000e-05	-2.735637e-02	8.481605e+00
1.593000e-05	-2.433925e-02	8.419603e+00
1.594000e-05	-3.158516e-02	8.368445e+00
1.595000e-05	-3.738446e-02	8.385314e+00
1.596000e-05	-3.029287e-02	8.261004e+00
1.597000e-05	-2.291490e-02	8.187324e+00
1.598000e-05	-2.278650e-02	8.133236e+00
1.599000e-05	-3.142688e-02	8.083481e+00
1.600000e-05	-2.953946e-02	7.946819e+00
1.601000e-05	-2.393361e-02	7.881030e+00
1.602000e-05	-1.830915e-02	7.757821e+00
1.603000e-05	-2.415789e-02	7.724238e+00
1.604000e-05	-2.606641e-02	7.610473e+00
1.605000e-05	-2.349841e-02	7.553683e+00
1.606000e-05	-1.600747e-02	7.405239e+00
1.607000e-05	-1.577243e-02	7.249980e+00
1.608000e-05	-2.028866e-02	7.165917e+00
1.609000e-05	-2.260615e-02	7.052030e+00
1.610000e-05	-1.715780e-02	6.946792e+00
1.611000e-05	-1.308936e-02	6.852629e+00
1.612000e-05	-1.571211e-02	6.807870e+00
1.613000e-05	-1.998630e-02	6.650128e+00
1.614000e-05	-1.738782e-02	6.522609e+00
1.615000e-05	-1.105067e-02	6.418846e+00
1.616000e-05	-9.598876e-03	6.282162e+00
1.617000e-05	-1.372123e-02	6.158894e+00
1.618000e-05	-1.645250e-02	6.050080e+00
1.619000e-05	-1.295649e-02	5.978915e+00
1.620000e-05	-8.600993e-03	5.819852e+00
1.621000e-05	-9.967238e-03	5.660977e+00
1.622000e-05	-1.342460e-02	5.514762e+00
1.623000e-05	-1.373387e-02	5.399452e+00
1.624000e-05	-8.857329e-03	5.261083e+00
1.625000e-05	-7.240192e-03	5.114610e+00
1.626000e-05	-9.204505e-03	4.942680e+00
1.627000e-05	-1.239846e-02	4.786316e+00
1.628000e-05	-9.306884e-03	4.609975e+00
1.629000e-05	-6.599900e-03	4.493164e+00
1.630000e-05	-7.193980e-03	4.397845e+00
1.631000e-05	-1.021665e-02	4.189472e+00
1.632000e-05	-9.851934e-03	4.050426e+00
1.633000e-05	-7.120137e-03	3.903183e+00
1.634000e-05	-5.061179e-03	3.746315e+00
1.635000e-05	-7.077237e-03	3.618500e+00
1.636000e-05	-9.592258e-03	3.491161e+00
1.637000e-05	-8.058971e-03	3.242083e+00
1.638000e-05	-5.012086e-03	3.144742e+00
1.639000e-05	-4.513681e-03	2.967396e+00
1.640000e-05	-7.465417e-03	2.850504e+00
1.641000e-05	-8.237531e-03	2.722684e+00
1.642000e-05	-6.677024e-03	2.472031e+00
1.643000e-05	-4.775699e-03	2.344742e+00
1.644000e-05	-5.917603e-03	2.166295e+00
1.645000e-05	-7.931389e-03	2.019500e+00
1.646000e-05	-6.804172e-03	1.871588e+00
1.647000e-05	-4.670829e-03	1.655634e+00
1.648000e-05	-3.596772e-03	1.514737e+00
1.649000e-05	-5.817111e-03	1.336792e+00
1.650000e-05	-7.154579e-03	1.137794e+00
1.651000e-05	-5.405420e-03	9.768492e-01
1.652000e-05	-3.496890e-03	7.884221e-01
1.653000e-05	-4.575436e-03	6.220261e-01
1.654000e-05	-6.334276e-03	4.536575e-01
1.655000e-05	-5.538505e-03	3.462642e-01
1.656000e-05	-4.379229e-03	1.672617e-01
1.657000e-05	-1.644712e-03	-3.315309e-02
1.658000e-05	9.816545e-04	-2.115766e-01
1.659000e-05	-5.915457e-04	-3.574436e-01
1.660000e-05	-3.652492e-03	-4.562859e-01
1.661000e-05	1.223815e-04	-6.962309e-01
1.662000e-05	-2.291535e-03	-8.306043e-01
1.663000e-05	-2.480540e-03	-9.904462e-01
1.664000e-05	-2.953890e-03	-1.074762e+00
1.665000e-05	1.900815e-02	-1.232132e+00
1.666000e-05	8.299658e-02	-1.453656e+00
1.667000e-05	-2.835501e-02	-1.696389e+00
1.668000e-05	-2.715448e-02	-1.937921e+00
1.669000e-05	-9.496602e-02	-2.114261e+00
1.670000e-05	-3.041611e-02	-2.199474e+00
1.671000e-05	1.618706e-01	-2.201600e+00
1.672000e-05	-1.158111e-01	-2.464282e+00
1.673000e-05	-5.976381e-02	-2.675290e+00
1.674000e-05	1.747952e-01	-2.703787e+00
1.675000e-05	-1.357426e-01	-2.905463e+00
1.676000e-05	1.543938e-02	-3.188971e+00
1.677000e-05	1.571653e-01	-3.251656e+00
1.678000e-05	-1.844303e-01	-3.393178e+00
1.679000e-05	-4.540480e-03	-3.569900e+00
1.680000e-05	1.411549e-01	-3.680683e+00
1.681000e-05	-8.938163e-02	-3.935286e+00
1.682000e-05	8.633477e-02	-4.020632e+00
1.683000e-05	-6.246007e-02	-4.159445e+00
1.684000e-05	-5.519240e-02	-4.368995e+00
1.685000e-05	1.586603e-01	-4.419553e+00
1.686000e-05	-1.015430e-01	-4.571071e+00
1.687000e-05	-6.241235e-03	-4.769374e+00
1.688000e-05	2.950981e-02	-4.873830e+00
1.689000e-05	-2.595554e-02	-5.094732e+00
1.690000e-05	8.674548e-02	-5.208578e+00
1.691000e-05	-5.927828e-02	-5.371023e+00
1.692000e-05	-5.893259e-03	-5.567421e+00
1.693000e-05	-4.557501e-03	-5.672207e+00
1.694000e-05	3.298076e-03	-5.841025e+00
1.695000e-05	9.060245e-02	-5.945383e+00
1.696000e-05	-8.845544e-02	-6.020101e+00
1.697000e-05	1.769822e-02	-6.156867e+00
1.698000e-05	2.838952e-02	-6.305311e+00
1.699000e-05	-3.673907e-03	-6.462682e+00
1.700000e-05	4.413663e-02	-6.566365e+00
1.701000e-05	-8.511443e-02	-6.683606e+00
1.702000e-05	4.103718e-02	-6.758396e+00
1.703000e-05	2.222434e-02	-6.854231e+00
1.704000e-05	1.167377e-02	-7.050047e+00
1.705000e-05	1.411356e-02	-7.146943e+00
1.706000e-05	-5.394176e-02	-7.239703e+00
1.707000e-05	5.361545e-02	-7.356389e+00
1.708000e-05	-5.631325e-04	-7.419627e+00
1.709000e-05	1.916747e-02	-7.554286e+00
1.710000e-05	-2.145961e-02	-7.659578e+00
1.711000e-05	-1.261112e-02	-7.754764e+00
1.712000e-05	4.890724e-02	-7.851148e+00
1.713000e-05	1.151755e-03	-7.966919e+00
1.714000e-05	1.129706e-02	-8.022553e+00
1.715000e-05	-2.357472e-02	-8.115237e+00
1.716000e-05	1.874234e-02	-8.166942e+00
1.717000e-05	2.889629e-02	-8.249604e+00
1.718000e-05	3.279271e-03	-8.324735e+00
1.719000e-05	-4.060041e-03	-8.376871e+00
1.720000e-05	-1.154527e-02	-8.430628e+00
1.721000e-05	3.314136e-02	-8.492681e+00
1.722000e-05	2.060192e-02	-8.575764e+00
1.723000e-05	2.917910e-03	-8.641450e+00
1.724000e-05	-6.792626e-03	-8.723180e+00
1.725000e-05	1.132912e-02	-8.736289e+00
1.726000e-05	3.175813e-02	-8.789423e+00
1.727000e-05	1.065148e-02	-8.850529e+00
1.728000e-05	-3.789787e-03	-8.881653e+00
1.729000e-05	-4.307481e-04	-8.914206e+00
1.730000e-05	2.376763e-02	-8.883335e+00
1.731000e-05	2.700681e-02	-8.966346e+00
1.732000e-05	7.778120e-03	-9.017416e+00
1.733000e-05	5.816984e-04	-9.039075e+00
1.734000e-05	1.236515e-02	-9.059450e+00
1.735000e-05	2.871031e-02	-9.028978e+00
1.736000e-05	1.841529e-02	-9.060599e+00
1.737000e-05	2.213075e-03	-9.062155e+00
1.738000e-05	6.192445e-03	-9.111631e+00
1.739000e-05	2.435015e-02	-9.080082e+00
1.740000e-05	3.220584e-02	-9.072608e+00
1.741000e-05	1.706784e-02	-9.071157e+00
1.742000e-05	7.632900e-03	-9.062131e+00
1.743000e-05	1.682946e-02	-9.071132e+00
1.744000e-05	2.904845e-02	-9.061053e+00
1.745000e-05	2.367723e-02	-9.020079e+00
1.746000e-05	1.082393e-02	-9.058047e+00
1.747000e-05	1.326468e-02	-8.997371e+00
1.748000e-05	2.784361e-02	-8.946374e+00
1.749000e-05	3.557314e-02	-8.986767e+00
1.750000e-05	2.548520e-02	-8.925713e+00
1.751000e-05	1.463835e-02	-8.951681e+00
1.752000e-05	1.972013e-02	-8.861680e+00
1.753000e-05	2.966021e-02	-8.850030e+00
1.754000e-05	2.886997e-02	-8.808424e+00
1.755000e-05	1.821772e-02	-8.765369e+00
1.756000e-05	1.759887e-02	-8.700112e+00
1.757000e-05	2.727784e-02	-8.657027e+00
1.758000e-05	3.498925e-02	-8.545763e+00
1.759000e-05	2.604295e-02	-8.490583e+00
1.760000e-05	1.643042e-02	-8.421002e+00
1.761000e-05	1.742446e-02	-8.368820e+00
1.762000e-05	2.615638e-02	-8.353311e+00
1.763000e-05	2.681104e-02	-8.251154e+00
1.764000e-05	1.634217e-02	-8.185870e+00
1.765000e-05	1.286262e-02	-8.072734e+00
1.766000e-05	1.905943e-02	-8.041104e+00
1.767000e-05	2.568925e-02	-8.007950e+00
1.768000e-05	1.973697e-02	-7.933661e+00
1.769000e-05	9.538625e-03	-7.793271e+00
1.770000e-05	9.717215e-03	-7.631000e+00
1.771000e-05	1.714342e-02	-7.585267e+00
1.772000e-05	1.927833e-02	-7.500505e+00
1.773000e-05	8.876470e-03	-7.363321e+00
1.774000e-05	4.715399e-03	-7.232130e+00
1.775000e-05	9.380213e-03	-7.198370e+00
1.776000e-05	1.624451e-02	-7.090558e+00
1.777000e-05	1.051054e-02	-6.953791e+00
1.778000e-05	2.561925e-03	-6.819449e+00
1.779000e-05	3.700191e-03	-6.734738e+00
1.780000e-05	9.758038e-03	-6.609399e+00
1.781000e-05	1.265322e-02	-6.482108e+00
1.782000e-05	4.077477e-03	-6.388423e+00
1.783000e-05	3.000828e-04	-6.293109e+00
1.784000e-05	3.085789e-03	-6.121663e+00
1.785000e-05	8.336409e-03	-5.999925e+00
1.786000e-05	4.031495e-03	-5.902262e+00
1.787000e-05	-8.980368e-04	-5.754664e+00
1.788000e-05	-2.718509e-04	-5.640501e+00
1.789000e-05	4.094613e-03	-5.545737e+00
1.790000e-05	7.188744e-03	-5.294116e+00
1.791000e-05	2.194646e-03	-5.165795e+00
1.792000e-05	-2.286713e-03	-5.040895e+00
1.793000e-05	-1.257100e-03	-4.847505e+00
1.794000e-05	2.653309e-03	-4.662080e+00
1.795000e-05	9.760232e-04	-4.574313e+00
1.796000e-05	-2.253290e-03	-4.410450e+00
1.797000e-05	-3.974535e-03	-4.292236e+00
1.798000e-05	1.161096e-03	-4.165291e+00
1.799000e-05	2.185866e-03	-4.000500e+00
1.800000e-05	1.605007e-04	-3.953237e+00
1.801000e-05	-4.945592e-03	-3.692112e+00
1.802000e-05	-3.398698e-03	-3.576319e+00
1.803000e-05	1.640475e-04	-3.387923e+00
1.804000e-05	1.544463e-04	-3.250530e+00
1.805000e-05	-3.984688e-03	-3.114687e+00
1.806000e-05	-4.831584e-03	-2.942187e+00
1.807000e-05	-3.670819e-03	-2.757345e+00
1.808000e-05	2.119563e-04	-2.608901e+00
1.809000e-05	-3.310649e-03	-2.400576e+00
1.810000e-05	-4.374933e-03	-2.315662e+00
1.811000e-05	-4.669434e-03	-2.092740e+00
1.812000e-05	-8.772912e-04	-1.976342e+00
1.813000e-05	-2.249814e-03	-1.787951e+00
1.814000e-05	-3.918666e-03	-1.641480e+00
1.815000e-05	-6.606672e-03	-1.460685e+00
1.816000e-05	-4.295339e-03	-1.251999e+00
1.817000e-05	-3.721602e-03	-1.041661e+00
1.818000e-05	-4.508384e-03	-9.126878e-01
1.819000e-05	-4.813635e-03	-7.683986e-01
1.820000e-05	-4.152700e-03	-5.969233e-01
1.821000e-05	-1.690908e-03	-3.989211e-01
1.822000e-05	-2.721220e-03	-2.415562e-01
1.823000e-05	-3.440012e-03	-1.136367e-01
1.824000e-05	-3.331423e-03	6.162903e-02
1.825000e-05	-5.147489e-04	2.641531e-01
1.826000e-05	-2.865574e-03	4.105278e-01
1.827000e-05	3.867546e-04	5.163422e-01
1.828000e-05	-4.521073e-03	7.047360e-01
1.829000e-05	-2.130247e-03	8.110815e-01
1.830000e-05	-1.257372e-03	1.001600e+00
1.831000e-05	7.311787e-03	1.198999e+00
1.832000e-05	3.622247e-02	1.328441e+00
1.833000e-05	5.028829e-02	1.652574e+00
1.834000e-05	-4.752307e-02	1.812104e+00
1.835000e-05	-3.889781e-02	1.979994e+00
1.836000e-05	-8.616912e-02	2.093240e+00
1.837000e-05	-1.671064e-02	2.199474e+00
1.838000e-05	1.379405e-01	2.338366e+00
1.839000e-05	-1.217296e-01	2.515236e+00
1.840000e-05	-3.262306e-02	2.561523e+00
1.841000e-05	1.501476e-01	2.812599e+00
1.842000e-05	-1.004803e-01	3.001025e+00
1.843000e-05	1.316643e-02	3.064707e+00
1.844000e-05	9.861690e-02	3.232148e+00
1.845000e-05	-1.644662e-01	3.524281e+00
1.846000e-05	6.728479e-03	3.610000e+00
1.847000e-05	8.036400e-02	3.766390e+00
1.848000e-05	-4.092625e-02	3.933708e+00
1.849000e-05	2.093723e-02	4.011653e+00
1.850000e-05	-5.670363e-02	4.242579e+00
1.851000e-05	-1.383185e-02	4.378895e+00
1.852000e-05	6.134837e-02	4.494312e+00
1.853000e-05	-3.115830e-02	4.652731e+00
1.854000e-05	-3.586639e-02	4.798545e+00
1.855000e-05	1.038494e-03	4.977623e+00
1.856000e-05	8.964893e-03	5.179573e+00
1.857000e-05	1.559238e-02	5.305739e+00
1.858000e-05	-2.941631e-02	5.471156e+00
1.859000e-05	-2.422382e-02	5.557471e+00
1.860000e-05	-3.343707e-02	5.703183e+00
1.861000e-05	4.267051e-02	5.871057e+00
1.862000e-05	1.397718e-02	6.008524e+00
1.863000e-05	-4.894005e-02	6.102308e+00
1.864000e-05	-8.658896e-03	6.231127e+00
1.865000e-05	1.284981e-03	6.297336e+00
1.866000e-05	1.219275e-02	6.410078e+00
1.867000e-05	-1.972909e-02	6.588491e+00
1.868000e-05	-4.436578e-02	6.727941e+00
1.869000e-05	-5.591136e-03	6.840075e+00
1.870000e-05	2.004741e-02	6.955862e+00
1.871000e-05	5.322895e-03	7.018642e+00
1.872000e-05	-2.542234e-02	7.147816e+00
1.873000e-05	-3.361814e-02	7.209027e+00
1.874000e-05	3.510065e-03	7.293733e+00
1.875000e-05	5.008978e-03	7.441023e+00
1.876000e-05	-1.516304e-02	7.587441e+00
1.877000e-05	-3.649676e-02	7.694153e+00
1.878000e-05	-1.561888e-02	7.755309e+00
1.879000e-05	1.693296e-02	7.820629e+00
1.880000e-05	-2.048335e-03	7.936361e+00
1.881000e-05	-2.289577e-02	8.071627e+00
1.882000e-05	-3.378876e-02	8.147791e+00
1.883000e-05	-4.809621e-03	8.188970e+00
1.884000e-05	3.213224e-03	8.201127e+00
1.885000e-05	-1.474890e-02	8.346257e+00
1.886000e-05	-3.194243e-02	8.397998e+00
1.887000e-05	-2.212498e-02	8.430625e+00
1.888000e-05	3.669867e-03	8.522635e+00
1.889000e-05	-3.744246e-03	8.475260e+00
1.890000e-05	-2.268533e-02	8.558421e+00
1.891000e-05	-3.195914e-02	8.628498e+00
1.892000e-05	-1.180257e-02	8.712652e+00
1.893000e-05	-1.325677e-03	8.712736e+00
1.894000e-05	-1.465173e-02	8.736362e+00
1.895000e-05	-3.277530e-02	8.776915e+00
1.896000e-05	-2.730930e-02	8.789478e+00
1.897000e-05	-7.691351e-03	8.850003e+00
1.898000e-05	-8.159851e-03	8.861124e+00
1.899000e-05	-2.336209e-02	8.871155e+00
1.900000e-05	-3.404336e-02	8.922683e+00
1.901000e-05	-1.846859e-02	8.934257e+00
1.902000e-05	-7.266257e-03	8.943262e+00
1.903000e-05	-1.722779e-02	9.006811e+00
1.904000e-05	-3.474562e-02	8.965340e+00
1.905000e-05	-3.501163e-02	8.985318e+00
1.906000e-05	-1.738683e-02	8.967965e+00
1.907000e-05	-1.352605e-02	8.984390e+00
1.908000e-05	-2.621682e-02	9.005443e+00
1.909000e-05	-3.810461e-02	8.933818e+00
1.910000e-05	-2.698530e-02	9.007361e+00
1.911000e-05	-1.690413e-02	8.905685e+00
1.912000e-05	-2.228093e-02	8.902786e+00
1.913000e-05	-3.690345e-02	8.892637e+00
1.914000e-05	-3.863906e-02	8.820630e+00
1.915000e-05	-2.647031e-02	8.860050e+00
1.916000e-05	-2.170101e-02	8.859498e+00
1.917000e-05	-3.100155e-02	8.788973e+00
1.918000e-05	-4.140365e-02	8.786419e+00
1.919000e-05	-3.382305e-02	8.723737e+00
1.920000e-05	-2.381135e-02	8.703680e+00
1.921000e-05	-2.537849e-02	8.661555e+00
1.922000e-05	-3.639317e-02	8.629972e+00
1.923000e-05	-3.984179e-02	8.556216e+00
1.924000e-05	-2.921500e-02	8.482134e+00
1.925000e-05	-2.303087e-02	8.481557e+00
1.926000e-05	-2.920164e-02	8.429999e+00
1.927000e-05	-3.836624e-02	8.386919e+00
1.928000e-05	-3.345153e-02	8.271628e+00
1.929000e-05	-2.232529e-02	8.176472e+00
1.930000e-05	-2.051695e-02	8.166287e+00
1.931000e-05	-2.972683e-02	8.051079e+00
1.932000e-05	-3.243941e-02	8.007823e+00
1.933000e-05	-2.543054e-02	7.861762e+00
1.934000e-05	-1.739266e-02	7.818394e+00
1.935000e-05	-2.158788e-02	7.753287e+00
1.936000e-05	-2.736338e-02	7.630476e+00
1.937000e-05	-2.654002e-02	7.555746e+00
1.938000e-05	-1.594591e-02	7.439874e+00
1.939000e-05	-1.400348e-02	7.270684e+00
1.940000e-05	-1.961961e-02	7.197946e+00
1.941000e-05	-2.499372e-02	7.102662e+00
1.942000e-05	-1.845757e-02	7.008920e+00
1.943000e-05	-1.222124e-02	6.862633e+00
1.944000e-05	-1.253771e-02	6.809448e+00
1.945000e-05	-1.890657e-02	6.703186e+00
1.946000e-05	-1.790110e-02	6.524264e+00
1.947000e-05	-1.182738e-02	6.419923e+00
1.948000e-05	-8.737623e-03	6.314187e+00
1.949000e-05	-1.402314e-02	6.206925e+00
1.950000e-05	-1.858932e-02	6.081658e+00
1.951000e-05	-1.452603e-02	5.999924e+00
1.952000e-05	-7.280709e-03	5.910531e+00
1.953000e-05	-6.957970e-03	5.670609e+00
1.954000e-05	-1.232708e-02	5.555792e+00
1.955000e-05	-1.399523e-02	5.430476e+00
1.956000e-05	-9.769346e-03	5.323184e+00
1.957000e-05	-6.123022e-03	5.196288e+00
1.958000e-05	-9.587654e-03	4.974343e+00
1.959000e-05	-1.287359e-02	4.827869e+00
1.960000e-05	-1.142385e-02	4.683082e+00
1.961000e-05	-5.412604e-03	4.494212e+00
1.962000e-05	-4.226946e-03	4.399871e+00
1.963000e-05	-8.696068e-03	4.261975e+00
1.964000e-05	-1.128013e-02	4.040705e+00
1.965000e-05	-8.085529e-03	3.974764e+00
1.966000e-05	-4.958882e-03	3.797320e+00
1.967000e-05	-6.949409e-03	3.660603e+00
1.968000e-05	-1.038999e-02	3.514163e+00
1.969000e-05	-9.549101e-03	3.303637e+00
1.970000e-05	-5.536344e-03	3.195817e+00
1.971000e-05	-4.040337e-03	3.009432e+00
1.972000e-05	-6.795121e-03	2.833106e+00
1.973000e-05	-9.052355e-03	2.776692e+00
1.974000e-05	-6.329841e-03	2.544159e+00
1.975000e-05	-3.731432e-03	2.387823e+00
1.976000e-05	-4.697335e-03	2.199874e+00
1.977000e-05	-7.771964e-03	2.052081e+00
1.978000e-05	-8.843682e-03	1.935288e+00
1.979000e-05	-5.439543e-03	1.746219e+00
1.980000e-05	-3.743867e-03	1.547445e+00
1.981000e-05	-5.452345e-03	1.389996e+00
1.982000e-05	-6.814883e-03	1.190452e+00
1.983000e-05	-5.922739e-03	1.011929e+00
1.984000e-05	-2.814403e-03	8.009734e-01
1.985000e-05	-3.432468e-03	6.625828e-01
1.986000e-05	-6.615538e-03	5.562116e-01
1.987000e-05	-7.624310e-03	3.778208e-01
1.988000e-05	-5.101936e-03	1.473192e-01
1.989000e-05	-3.678649e-03	-1.160164e-02
1.990000e-05	9.522645e-04	-1.268962e-01
1.991000e-05	3.427459e-04	-3.262860e-01
1.992000e-05	-2.965017e-03	-4.416555e-01
1.993000e-05	2.685193e-03	-5.605781e-01
1.994000e-05	-1.947364e-03	-7.895028e-01
1.995000e-05	-2.303409e-03	-8.963672e-01
1.996000e-05	-4.905143e-03	-1.053734e+00
1.997000e-05	7.783097e-03	-1.211579e+00
1.998000e-05	6.655419e-02	-1.368978e+00
1.999000e-05	2.095705e-02	-1.633205e+00
2.000000e-05	-4.976662e-02	-1.894862e+00
2.001000e-05	-5.024926e-02	-2.083286e+00
2.002000e-05	-1.056138e-01	-2.206924e+00
2.003000e-05	1.695027e-01	-2.179974e+00
2.004000e-05	-3.624742e-02	-2.398970e+00
2.005000e-05	-1.500058e-01	-2.662733e+00
2.006000e-05	1.858417e-01	-2.683212e+00
2.007000e-05	-5.647687e-02	-2.790603e+00
2.008000e-05	-8.307891e-02	-3.126865e+00
2.009000e-05	1.823006e-01	-3.211553e+00
2.010000e-05	-9.616776e-02	-3.367998e+00
2.011000e-05	-1.272235e-01	-3.568395e+00
2.012000e-05	1.781061e-01	-3.619152e+00
2.013000e-05	-6.342994e-02	-3.833656e+00
2.014000e-05	3.850394e-02	-4.040528e+00
2.015000e-05	1.810005e-02	-4.104261e+00
2.016000e-05	-1.238930e-01	-4.337365e+00
2.017000e-05	1.444155e-01	-4.429524e+00
2.018000e-05	-2.421366e-02	-4.524345e+00
2.019000e-05	-7.770877e-02	-4.705912e+00
2.020000e-05	6.671691e-02	-4.862632e+00
2.021000e-05	-4.448978e-02	-5.012124e+00
2.022000e-05	7.341900e-02	-5.157448e+00
2.023000e-05	-8.896780e-03	-5.294836e+00
2.024000e-05	-4.878009e-02	-5.536342e+00
2.025000e-05	3.100669e-02	-5.628103e+00
2.026000e-05	-4.117699e-02	-5.758493e+00
2.027000e-05	1.019712e-01	-5.904307e+00
2.028000e-05	-4.700795e-02	-5.999548e+00
2.029000e-05	-3.508332e-02	-6.166286e+00
2.030000e-05	5.832148e-02	-6.262756e+00
2.031000e-05	-2.944813e-02	-6.419601e+00
2.032000e-05	6.250472e-02	-6.535342e+00
2.033000e-05	-6.678763e-02	-6.660578e+00
2.034000e-05	1.852793e-03	-6.756444e+00
2.035000e-05	4.701771e-02	-6.860104e+00
2.036000e-05	-5.982063e-03	-6.966044e+00
2.037000e-05	3.440430e-02	-7.134711e+00
2.038000e-05	-5.486921e-02	-7.208028e+00
2.039000e-05	2.979199e-02	-7.304357e+00
2.040000e-05	1.909926e-02	-7.437946e+00
2.041000e-05	4.116925e-03	-7.473712e+00
2.042000e-05	3.039952e-03	-7.607999e+00
2.043000e-05	-3.007544e-02	-7.714786e+00
2.044000e-05	4.628345e-02	-7.849597e+00
2.045000e-05	1.156442e-02	-7.975821e+00
2.046000e-05	6.815746e-03	-8.010050e+00
2.047000e-05	-1.359541e-02	-8.091157e+00
2.048000e-05	-3.786312e-03	-8.187915e+00
2.049000e-05	3.546158e-02	-8.209050e+00
2.050000e-05	5.225931e-03	-8.334212e+00
2.051000e-05	3.430248e-03	-8.366842e+00
2.052000e-05	-1.250392e-02	-8.399052e+00
2.053000e-05	2.033325e-02	-8.451080e+00
2.054000e-05	2.964761e-02	-8.534211e+00
2.055000e-05	1.167734e-03	-8.628547e+00
2.056000e-05	-2.736109e-03	-8.691681e+00
2.057000e-05	-5.938890e-04	-8.704811e+00
2.058000e-05	3.068540e-02	-8.769868e+00
2.059000e-05	1.689448e-02	-8.858579e+00
2.060000e-05	-2.276583e-05	-8.852579e+00
2.061000e-05	-1.371359e-03	-8.862729e+00
2.062000e-05	1.541175e-02	-8.922236e+00
2.063000e-05	2.894154e-02	-8.925790e+00
2.064000e-05	1.166007e-02	-9.007442e+00
2.065000e-05	3.392694e-03	-9.018994e+00
2.066000e-05	6.565236e-03	-9.000025e+00
2.067000e-05	2.522417e-02	-9.049028e+00
2.068000e-05	2.409498e-02	-9.040076e+00
2.069000e-05	7.687721e-03	-9.083182e+00
2.070000e-05	4.487796e-03	-9.092154e+00
2.071000e-05	1.720119e-02	-9.092183e+00
2.072000e-05	3.076710e-02	-9.081156e+00
2.073000e-05	2.114962e-02	-9.083103e+00
2.074000e-05	8.921719e-03	-9.091154e+00
2.075000e-05	1.287155e-02	-9.070554e+00
2.076000e-05	2.731295e-02	-9.059105e+00
2.077000e-05	2.757197e-02	-9.060054e+00
2.078000e-05	1.583025e-02	-9.048125e+00
2.079000e-05	1.181077e-02	-9.027929e+00
2.080000e-05	2.188100e-02	-9.006971e+00
2.081000e-05	3.395522e-02	-8.936316e+00
2.082000e-05	2.828333e-02	-8.906312e+00
2.083000e-05	1.743020e-02	-8.891760e+00
2.084000e-05	1.729010e-02	-8.891632e+00
2.085000e-05	2.849373e-02	-8.839557e+00
2.086000e-05	3.186889e-02	-8.799048e+00
2.087000e-05	2.252060e-02	-8.776368e+00
2.088000e-05	1.614665e-02	-8.732717e+00
2.089000e-05	2.263123e-02	-8.680702e+00
2.090000e-05	3.276177e-02	-8.617793e+00
2.091000e-05	2.855007e-02	-8.514636e+00
2.092000e-05	1.882814e-02	-8.472052e+00
2.093000e-05	1.746718e-02	-8.388473e+00
2.094000e-05	2.443156e-02	-8.364818e+00
2.095000e-05	2.842862e-02	-8.292087e+00
2.096000e-05	2.018405e-02	-8.229446e+00
2.097000e-05	1.291894e-02	-8.155786e+00
2.098000e-05	1.528142e-02	-8.071529e+00
2.099000e-05	2.357229e-02	-7.990400e+00
2.100000e-05	2.061696e-02	-7.962871e+00
2.101000e-05	1.261321e-02	-7.847844e+00
2.102000e-05	9.564991e-03	-7.662557e+00
2.103000e-05	1.522032e-02	-7.588316e+00
2.104000e-05	1.848667e-02	-7.501607e+00
2.105000e-05	1.340716e-02	-7.376875e+00
2.106000e-05	6.248870e-03	-7.312685e+00
2.107000e-05	6.946151e-03	-7.180000e+00
2.108000e-05	1.257961e-02	-7.184261e+00
2.109000e-05	1.234957e-02	-6.987747e+00
2.110000e-05	5.936545e-03	-6.840556e+00
2.111000e-05	2.910409e-03	-6.776419e+00
2.112000e-05	6.668785e-03	-6.621505e+00
2.113000e-05	1.170991e-02	-6.536767e+00
2.114000e-05	7.657297e-03	-6.410550e+00
2.115000e-05	1.815155e-03	-6.355696e+00
2.116000e-05	9.125595e-04	-6.176819e+00
2.117000e-05	5.189483e-03	-6.030550e+00
2.118000e-05	4.892206e-03	-5.953242e+00
2.119000e-05	1.480785e-03	-5.787772e+00
2.120000e-05	-1.305105e-03	-5.622033e+00
2.121000e-05	2.159352e-03	-5.547341e+00
2.122000e-05	6.016673e-03	-5.364767e+00
2.123000e-05	4.794300e-03	-5.158904e+00
2.124000e-05	-6.628460e-04	-5.060077e+00
2.125000e-05	-2.079052e-03	-4.900139e+00
2.126000e-05	1.473866e-03	-4.712582e+00
2.127000e-05	2.642494e-03	-4.587900e+00
2.128000e-05	-1.608862e-04	-4.470531e+00
2.129000e-05	-3.766340e-03	-4.333762e+00
2.130000e-05	-1.675333e-03	-4.188925e+00
2.131000e-05	2.410022e-03	-4.032030e+00
2.132000e-05	1.193811e-03	-3.964765e+00
2.133000e-05	-1.719280e-03	-3.774819e+00
2.134000e-05	-4.324125e-03	-3.568344e+00
2.135000e-05	-1.051687e-03	-3.441080e+00
2.136000e-05	1.888161e-05	-3.302134e+00
2.137000e-05	-8.842716e-04	-3.175819e+00
2.138000e-05	-4.508721e-03	-2.924721e+00
2.139000e-05	-4.815831e-03	-2.798972e+00
2.140000e-05	-1.500785e-03	-2.630633e+00
2.141000e-05	-1.540745e-03	-2.470111e+00
2.142000e-05	-3.193482e-03	-2.366320e+00
2.143000e-05	-4.483436e-03	-2.125815e+00
2.144000e-05	-2.013294e-03	-1.978897e+00
2.145000e-05	-6.146338e-04	-1.829979e+00
2.146000e-05	-1.281268e-03	-1.630187e+00
2.147000e-05	-5.832343e-03	-1.546195e+00
2.148000e-05	-5.639705e-03	-1.344236e+00
2.149000e-05	-4.889579e-03	-1.145191e+00
2.150000e-05	-3.493092e-03	-9.557459e-01
2.151000e-05	-5.584146e-03	-7.900012e-01
2.152000e-05	-4.669481e-03	-6.410327e-01
2.153000e-05	-3.746249e-03	-4.520589e-01
2.154000e-05	-1.869190e-03	-3.032391e-01
2.155000e-05	-1.647434e-03	-1.552931e-01
2.156000e-05	-1.716438e-03	1.002381e-02
2.157000e-05	-2.035400e-04	1.794909e-01
2.158000e-05	-3.566275e-03	3.795198e-01
2.159000e-05	6.058073e-05	5.143569e-01
2.160000e-05	-3.971371e-03	6.426279e-01
2.161000e-05	-2.454701e-03	7.710474e-01
2.162000e-05	-3.430471e-03	9.463611e-01
2.163000e-05	5.067794e-03	1.137947e+00
2.164000e-05	2.385625e-02	1.275788e+00
2.165000e-05	6.427486e-02	1.537864e+00
2.166000e-05	-2.700082e-02	1.820044e+00
2.167000e-05	-4.266789e-02	1.937416e+00
2.168000e-05	-6.918479e-02	2.064204e+00
2.169000e-05	-7.149288e-02	2.189442e+00
2.170000e-05	1.331578e-01	2.264253e+00
2.171000e-05	-3.714502e-02	2.464709e+00
2.172000e-05	-1.235001e-01	2.556943e+00
2.173000e-05	1.711824e-01	2.760093e+00
2.174000e-05	-5.504575e-02	2.958342e+00
2.175000e-05	-4.574518e-02	3.033629e+00
2.176000e-05	1.212044e-01	3.159495e+00
2.177000e-05	-1.039970e-01	3.390096e+00
2.178000e-05	-8.192829e-02	3.600023e+00
2.179000e-05	1.113937e-01	3.673704e+00
2.180000e-05	-3.366764e-02	3.833129e+00
2.181000e-05	1.904364e-03	3.989547e+00
2.182000e-05	-2.220119e-02	4.170565e+00
2.183000e-05	-5.151340e-02	4.367916e+00
2.184000e-05	6.778442e-02	4.462629e+00
2.185000e-05	-1.017601e-02	4.610151e+00
2.186000e-05	-4.403989e-02	4.778444e+00
2.187000e-05	-8.490028e-03	4.917390e+00
2.188000e-05	8.369149e-03	5.085861e+00
2.189000e-05	1.885657e-02	5.273208e+00
2.190000e-05	-1.960975e-02	5.439049e+00
2.191000e-05	-2.540742e-02	5.535861e+00
2.192000e-05	-3.364915e-02	5.652207e+00
2.193000e-05	1.972912e-02	5.837472e+00
2.194000e-05	3.606558e-02	5.917941e+00
2.195000e-05	-4.157434e-02	6.092655e+00
2.196000e-05	-2.513548e-02	6.179970e+00
2.197000e-05	6.907118e-03	6.348837e+00
2.198000e-05	4.541001e-03	6.389078e+00
2.199000e-05	-2.454619e-03	6.484757e+00
2.200000e-05	-4.761452e-02	6.724257e+00
2.201000e-05	-1.565244e-02	6.790050e+00
2.202000e-05	1.764648e-02	6.863754e+00
2.203000e-05	9.419353e-03	6.966973e+00
2.204000e-05	-1.365850e-02	7.064253e+00
2.205000e-05	-3.822808e-02	7.210470e+00
2.206000e-05	-6.879677e-05	7.293230e+00
2.207000e-05	4.160638e-03	7.387540e+00
2.208000e-05	-5.228118e-03	7.576308e+00
2.209000e-05	-3.377184e-02	7.650576e+00
2.210000e-05	-2.518665e-02	7.745287e+00
2.211000e-05	1.019442e-02	7.829497e+00
2.212000e-05	4.458594e-03	7.905358e+00
2.213000e-05	-1.537331e-02	8.013120e+00
2.214000e-05	-3.431139e-02	8.135312e+00
2.215000e-05	-1.143183e-02	8.178949e+00
2.216000e-05	3.107349e-03	8.251628e+00
2.217000e-05	-7.278872e-03	8.282761e+00
2.218000e-05	-3.026130e-02	8.357370e+00
2.219000e-05	-2.782449e-02	8.420026e+00
2.220000e-05	-2.855412e-03	8.462581e+00
2.221000e-05	2.330525e-03	8.463230e+00
2.222000e-05	-1.772859e-02	8.537863e+00
2.223000e-05	-3.176704e-02	8.578923e+00
2.224000e-05	-1.724200e-02	8.643629e+00
2.225000e-05	-2.581724e-03	8.732785e+00
2.226000e-05	-8.442319e-03	8.766762e+00
2.227000e-05	-3.042565e-02	8.786441e+00
2.228000e-05	-3.039260e-02	8.806945e+00
2.229000e-05	-1.370499e-02	8.820521e+00
2.230000e-05	-6.159335e-03	8.811052e+00
2.231000e-05	-1.969764e-02	8.871681e+00
2.232000e-05	-3.267128e-02	8.842157e+00
2.233000e-05	-2.317909e-02	8.935205e+00
2.234000e-05	-9.513033e-03	8.944732e+00
2.235000e-05	-1.365807e-02	8.944314e+00
2.236000e-05	-3.071785e-02	8.965264e+00
2.237000e-05	-3.513171e-02	9.018838e+00
2.238000e-05	-2.313225e-02	8.974394e+00
2.239000e-05	-1.276992e-02	9.017394e+00
2.240000e-05	-2.249355e-02	8.988868e+00
2.241000e-05	-3.539861e-02	8.953365e+00
2.242000e-05	-2.997408e-02	9.005814e+00
2.243000e-05	-2.056607e-02	8.914711e+00
2.244000e-05	-1.974159e-02	8.891236e+00
2.245000e-05	-3.532978e-02	8.892681e+00
2.246000e-05	-3.668713e-02	8.860579e+00
2.247000e-05	-2.965639e-02	8.841027e+00
2.248000e-05	-2.058408e-02	8.820024e+00
2.249000e-05	-2.811404e-02	8.798445e+00
2.250000e-05	-3.967299e-02	8.737419e+00
2.251000e-05	-3.735067e-02	8.745812e+00
2.252000e-05	-2.837902e-02	8.714183e+00
2.253000e-05	-2.395757e-02	8.651554e+00
2.254000e-05	-3.340875e-02	8.619524e+00
2.255000e-05	-3.760117e-02	8.597863e+00
2.256000e-05	-3.130238e-02	8.504214e+00
2.257000e-05	-2.470678e-02	8.482580e+00
2.258000e-05	-2.699581e-02	8.428998e+00
2.259000e-05	-3.700105e-02	8.378868e+00
2.260000e-05	-3.532029e-02	8.305287e+00
2.261000e-05	-2.745505e-02	8.230472e+00
2.262000e-05	-2.099937e-02	8.164820e+00
2.263000e-05	-2.612782e-02	8.051633e+00
2.264000e-05	-3.040968e-02	8.037522e+00
2.265000e-05	-2.657505e-02	7.914713e+00
2.266000e-05	-1.933855e-02	7.831029e+00
2.267000e-05	-1.961339e-02	7.747317e+00
2.268000e-05	-2.615765e-02	7.661554e+00
2.269000e-05	-2.718220e-02	7.567970e+00
2.270000e-05	-1.866566e-02	7.481926e+00
2.271000e-05	-1.501186e-02	7.283209e+00
2.272000e-05	-1.706399e-02	7.199476e+00
2.273000e-05	-2.316971e-02	7.134740e+00
2.274000e-05	-1.998390e-02	7.029979e+00
2.275000e-05	-1.381923e-02	6.944211e+00
2.276000e-05	-1.243296e-02	6.831026e+00
2.277000e-05	-1.735241e-02	6.745768e+00
2.278000e-05	-1.915039e-02	6.595290e+00
2.279000e-05	-1.461309e-02	6.422028e+00
2.280000e-05	-9.131127e-03	6.345788e+00
2.281000e-05	-1.177735e-02	6.251026e+00
2.282000e-05	-1.619788e-02	6.124687e+00
2.283000e-05	-1.514413e-02	5.999026e+00
2.284000e-05	-8.815997e-03	5.945888e+00
2.285000e-05	-7.313770e-03	5.722714e+00
2.286000e-05	-1.115301e-02	5.599897e+00
2.287000e-05	-1.361616e-02	5.471579e+00
2.288000e-05	-1.166393e-02	5.346767e+00
2.289000e-05	-7.109041e-03	5.258952e+00
2.290000e-05	-8.847342e-03	5.028500e+00
2.291000e-05	-1.129566e-02	4.811474e+00
2.292000e-05	-1.217969e-02	4.692760e+00
2.293000e-05	-6.852577e-03	4.566869e+00
2.294000e-05	-4.966752e-03	4.421076e+00
2.295000e-05	-8.185286e-03	4.322717e+00
2.296000e-05	-1.145561e-02	4.112659e+00
2.297000e-05	-8.953689e-03	3.997370e+00
2.298000e-05	-6.018929e-03	3.870001e+00
2.299000e-05	-6.126129e-03	3.722158e+00
2.300000e-05	-9.031132e-03	3.595841e+00
2.301000e-05	-9.955535e-03	3.396349e+00
2.302000e-05	-7.136028e-03	3.199397e+00
2.303000e-05	-4.428322e-03	3.051083e+00
2.304000e-05	-5.688693e-03	2.914135e+00
2.305000e-05	-8.934807e-03	2.788872e+00
2.306000e-05	-8.215706e-03	2.597398e+00
2.307000e-05	-4.287125e-03	2.398421e+00
2.308000e-05	-4.537081e-03	2.241104e+00
2.309000e-05	-7.833982e-03	2.084206e+00
2.310000e-05	-1.008148e-02	1.976917e+00
2.311000e-05	-6.473983e-03	1.757774e+00
2.312000e-05	-2.607775e-03	1.600502e+00
2.313000e-05	-3.342049e-03	1.421980e+00
2.314000e-05	-8.549332e-03	1.273610e+00
2.315000e-05	-8.223341e-03	1.114056e+00
2.316000e-05	-3.097187e-03	8.825100e-01
2.317000e-05	-2.577239e-03	7.162568e-01
2.318000e-05	-6.447797e-03	5.573194e-01
2.319000e-05	-9.405822e-03	3.899974e-01
2.320000e-05	-5.660889e-03	2.404588e-01
2.321000e-05	-1.384040e-03	5.152607e-02
2.322000e-05	7.432004e-04	-1.267911e-01
2.323000e-05	-2.424440e-04	-2.637345e-01
2.324000e-05	-4.569211e-03	-3.900501e-01
2.325000e-05	1.534819e-04	-4.963675e-01
2.326000e-05	-1.238536e-04	-7.589475e-01
2.327000e-05	-1.305983e-03	-8.832606e-01
2.328000e-05	-6.136748e-03	-1.000628e+00
2.329000e-05	3.530079e-03	-1.147396e+00
2.330000e-05	4.605309e-02	-1.296785e+00
2.331000e-05	6.771065e-02	-1.569073e+00
2.332000e-05	-6.232947e-02	-1.822577e+00
2.333000e-05	-2.540531e-02	-2.031079e+00
2.334000e-05	-1.336387e-01	-2.146826e+00
2.335000e-05	1.097393e-01	-2.217399e+00
2.336000e-05	6.046631e-02	-2.284384e+00
2.337000e-05	-1.750129e-01	-2.569548e+00
2.338000e-05	1.151262e-01	-2.725787e+00
2.339000e-05	6.068691e-02	-2.738445e+00
2.340000e-05	-1.436736e-01	-3.011280e+00
2.341000e-05	1.447188e-01	-3.220030e+00
2.342000e-05	1.704440e-02	-3.304862e+00
2.343000e-05	-1.930455e-01	-3.545786e+00
2.344000e-05	1.477681e-01	-3.578525e+00
2.345000e-05	1.474977e-02	-3.731522e+00
2.346000e-05	-3.255566e-02	-4.019525e+00
2.347000e-05	7.867886e-02	-4.053707e+00
2.348000e-05	-1.340389e-01	-4.293281e+00
2.349000e-05	7.915159e-02	-4.419500e+00
2.350000e-05	7.550521e-02	-4.472209e+00
2.351000e-05	-1.292893e-01	-4.693734e+00
2.352000e-05	6.571043e-02	-4.819973e+00
2.353000e-05	-2.993004e-02	-4.988949e+00
2.354000e-05	3.414996e-02	-5.115390e+00
2.355000e-05	4.524358e-02	-5.251630e+00
2.356000e-05	-7.836410e-02	-5.470232e+00
2.357000e-05	3.956818e-02	-5.590548e+00
2.358000e-05	-4.582490e-02	-5.724815e+00
2.359000e-05	7.663562e-02	-5.862207e+00
2.360000e-05	1.644574e-02	-5.977420e+00
2.361000e-05	-8.093194e-02	-6.031232e+00
2.362000e-05	6.424648e-02	-6.189047e+00
2.363000e-05	-2.325775e-02	-6.368947e+00
2.364000e-05	4.479895e-02	-6.453730e+00
2.365000e-05	-2.073230e-02	-6.588022e+00
2.366000e-05	-4.846759e-02	-6.705836e+00
2.367000e-05	6.244595e-02	-6.798078e+00
2.368000e-05	-6.967355e-03	-6.944908e+00
2.369000e-05	3.583102e-02	-7.073201e+00
2.370000e-05	-3.120802e-02	-7.196948e+00
2.371000e-05	-1.094030e-02	-7.302236e+00
2.372000e-05	4.304477e-02	-7.366945e+00
2.373000e-05	-9.129801e-03	-7.484185e+00
2.374000e-05	1.907018e-02	-7.555870e+00
2.375000e-05	-3.625616e-02	-7.640606e+00
2.376000e-05	2.741635e-02	-7.866949e+00
2.377000e-05	3.163751e-02	-7.923733e+00
2.378000e-05	-7.368701e-05	-8.040050e+00
2.379000e-05	1.417648e-03	-8.070104e+00
2.380000e-05	-2.255292e-02	-8.165812e+00
2.381000e-05	3.477655e-02	-8.239048e+00
2.382000e-05	1.078812e-02	-8.302706e+00
2.383000e-05	4.343353e-03	-8.326866e+00
2.384000e-05	-9.995784e-03	-8.377998e+00
2.385000e-05	5.586668e-03	-8.460575e+00
2.386000e-05	3.775473e-02	-8.483736e+00
2.387000e-05	6.072040e-03	-8.607911e+00
2.388000e-05	9.283784e-04	-8.661079e+00
2.389000e-05	-7.337551e-03	-8.745788e+00
2.390000e-05	2.351141e-02	-8.747341e+00
2.391000e-05	2.436614e-02	-8.829552e+00
2.392000e-05	3.365418e-03	-8.871602e+00
2.393000e-05	-1.255492e-03	-8.891661e+00
2.394000e-05	7.403937e-03	-8.925236e+00
2.395000e-05	2.986733e-02	-8.934764e+00
2.396000e-05	1.663162e-02	-8.956342e+00
2.397000e-05	5.503618e-03	-8.998421e+00
2.398000e-05	2.134141e-03	-9.028595e+00
2.399000e-05	2.100225e-02	-9.028550e+00
2.400000e-05	2.693391e-02	-9.060104e+00
2.401000e-05	1.300050e-02	-9.040555e+00
2.402000e-05	3.919220e-03	-9.100107e+00
2.403000e-05	1.166507e-02	-9.091657e+00
2.404000e-05	2.913950e-02	-9.102681e+00
2.405000e-05	2.586470e-02	-9.071660e+00
2.406000e-05	1.303078e-02	-9.091082e+00
2.407000e-05	8.431036e-03	-9.101154e+00
2.408000e-05	2.357461e-02	-9.099603e+00
2.409000e-05	2.933457e-02	-9.091157e+00
2.410000e-05	2.132130e-02	-9.000603e+00
2.411000e-05	1.156768e-02	-9.008924e+00
2.412000e-05	1.744341e-02	-8.987369e+00
2.413000e-05	3.111983e-02	-8.954843e+00
2.414000e-05	3.102701e-02	-8.934838e+00
2.415000e-05	2.007119e-02	-8.944208e+00
2.416000e-05	1.545782e-02	-8.872157e+00
2.417000e-05	2.543039e-02	-8.859608e+00
2.418000e-05	3.263501e-02	-8.800525e+00
2.419000e-05	2.802204e-02	-8.777970e+00
2.420000e-05	1.802622e-02	-8.764815e+00
2.421000e-05	1.871947e-02	-8.712130e+00
2.422000e-05	2.945241e-02	-8.646370e+00
2.423000e-05	3.127549e-02	-8.534791e+00
2.424000e-05	2.231616e-02	-8.451081e+00
2.425000e-05	1.526821e-02	-8.417951e+00
2.426000e-05	2.034003e-02	-8.374841e+00
2.427000e-05	2.801370e-02	-8.326214e+00
2.428000e-05	2.388993e-02	-8.239025e+00
2.429000e-05	1.495622e-02	-8.145342e+00
2.430000e-05	1.262529e-02	-8.082134e+00
2.431000e-05	2.043318e-02	-8.009502e+00
2.432000e-05	2.308835e-02	-7.944819e+00
2.433000e-05	1.596110e-02	-7.921560e+00
2.434000e-05	8.928105e-03	-7.702237e+00
2.435000e-05	1.280569e-02	-7.607874e+00
2.436000e-05	1.834788e-02	-7.503262e+00
2.437000e-05	1.676151e-02	-7.438451e+00
2.438000e-05	7.865710e-03	-7.323739e+00
2.439000e-05	4.892479e-03	-7.230577e+00
2.440000e-05	1.073027e-02	-7.135820e+00
2.441000e-05	1.391982e-02	-7.008525e+00
2.442000e-05	8.386238e-03	-6.882061e+00
2.443000e-05	2.221283e-03	-6.787871e+00
2.444000e-05	4.579907e-03	-6.682558e+00
2.445000e-05	9.853965e-03	-6.577322e+00
2.446000e-05	1.000936e-02	-6.461608e+00
2.447000e-05	3.016510e-03	-6.358420e+00
2.448000e-05	5.555235e-04	-6.258454e+00
2.449000e-05	3.564809e-03	-6.071029e+00
2.450000e-05	7.284211e-03	-5.938370e+00
2.451000e-05	4.167701e-03	-5.850504e+00
2.452000e-05	-6.195468e-04	-5.712209e+00
2.453000e-05	2.819002e-04	-5.598347e+00
2.454000e-05	4.461450e-03	-5.478004e+00
2.455000e-05	4.959811e-03	-5.230454e+00
2.456000e-05	5.127035e-04	-5.133158e+00
2.457000e-05	-2.524186e-03	-4.974720e+00
2.458000e-05	-6.209223e-04	-4.774721e+00
2.459000e-05	3.690233e-03	-4.617999e+00
2.460000e-05	1.741082e-03	-4.502134e+00
2.461000e-05	-2.951238e-03	-4.378845e+00
2.462000e-05	-3.100366e-03	-4.240029e+00
2.463000e-05	7.147670e-04	-4.083010e+00
2.464000e-05	1.693704e-03	-3.986946e+00
2.465000e-05	-6.492366e-05	-3.823849e+00
2.466000e-05	-4.341193e-03	-3.650006e+00
2.467000e-05	-1.660246e-03	-3.503189e+00
2.468000e-05	9.610832e-04	-3.344265e+00
2.469000e-05	2.254009e-04	-3.209421e+00
2.470000e-05	-3.986173e-03	-3.017475e+00
2.471000e-05	-5.265164e-03	-2.801499e+00
2.472000e-05	-2.329118e-03	-2.732164e+00
2.473000e-05	-9.841104e-04	-2.485220e+00
2.474000e-05	-2.367961e-03	-2.388393e+00
2.475000e-05	-4.923697e-03	-2.236980e+00
2.476000e-05	-4.317177e-03	-2.031480e+00
2.477000e-05	-1.166211e-03	-1.894687e+00
2.478000e-05	-2.066120e-04	-1.754263e+00
2.479000e-05	-3.704901e-03	-1.606420e+00
2.480000e-05	-6.403401e-03	-1.418348e+00
2.481000e-05	-5.610382e-03	-1.207950e+00
2.482000e-05	-2.641432e-03	-1.008470e+00
2.483000e-05	-4.180347e-03	-8.206326e-01
2.484000e-05	-4.993456e-03	-7.142418e-01
2.485000e-05	-5.109262e-03	-5.030853e-01
2.486000e-05	-2.798035e-03	-3.663185e-01
2.487000e-05	-3.229179e-03	-2.100025e-01
2.488000e-05	-1.744089e-03	2.506906e-05
2.489000e-05	-5.515152e-04	1.098420e-01
2.490000e-05	-3.125414e-03	3.268922e-01
2.491000e-05	-2.668263e-04	4.331055e-01
2.492000e-05	-3.177988e-03	5.905727e-01
2.493000e-05	-3.615093e-03	7.179387e-01
2.494000e-05	-4.524072e-03	8.567308e-01
2.495000e-05	1.380400e-03	1.046783e+00
2.496000e-05	1.437930e-02	1.233202e+00
2.497000e-05	5.874451e-02	1.484178e+00
2.498000e-05	7.410294e-03	1.677915e+00
2.499000e-05	-5.099900e-02	1.884313e+00
2.500000e-05	-5.152431e-02	2.020629e+00
2.501000e-05	-9.605348e-02	2.148366e+00
2.502000e-05	8.348295e-02	2.231127e+00
2.503000e-05	5.769697e-02	2.390495e+00
2.504000e-05	-1.660769e-01	2.546912e+00
2.505000e-05	1.164931e-01	2.696807e+00
2.506000e-05	2.948550e-02	2.915812e+00
2.507000e-05	-8.995612e-02	3.071577e+00
2.508000e-05	9.430827e-02	3.127468e+00
2.509000e-05	-1.106025e-02	3.327887e+00
2.510000e-05	-1.507659e-01	3.545912e+00
2.511000e-05	9.997920e-02	3.642653e+00
2.512000e-05	4.342567e-03	3.790973e+00
2.513000e-05	-2.370446e-02	3.938387e+00
2.514000e-05	1.015033e-02	4.076835e+00
2.515000e-05	-7.143141e-02	4.307338e+00
2.516000e-05	4.643950e-02	4.441600e+00
2.517000e-05	2.020915e-02	4.569564e+00
2.518000e-05	-4.703363e-02	4.736335e+00
2.519000e-05	-2.109816e-02	4.834107e+00
2.520000e-05	9.567085e-03	5.125127e+00
2.521000e-05	1.652073e-02	5.240079e+00
2.522000e-05	-3.172831e-03	5.357916e+00
2.523000e-05	-3.145629e-02	5.515708e+00
2.524000e-05	-2.769077e-02	5.610549e+00
2.525000e-05	-8.170068e-03	5.715365e+00
2.526000e-05	4.987901e-02	5.894735e+00
2.527000e-05	-2.278223e-02	6.001100e+00
2.528000e-05	-4.297996e-02	6.117317e+00
2.529000e-05	8.430114e-03	6.283731e+00
2.530000e-05	6.104775e-04	6.358441e+00
2.531000e-05	1.194334e-02	6.442132e+00
2.532000e-05	-4.171010e-02	6.660599e+00
2.533000e-05	-2.741395e-02	6.789493e+00
2.534000e-05	9.760089e-03	6.852129e+00
2.535000e-05	1.413571e-02	6.955442e+00
2.536000e-05	-5.562630e-03	7.012152e+00
2.537000e-05	-3.797621e-02	7.169870e+00
2.538000e-05	-1.134604e-02	7.221058e+00
2.539000e-05	4.829810e-03	7.365388e+00
2.540000e-05	2.319360e-03	7.454260e+00
2.541000e-05	-2.725680e-02	7.599000e+00
2.542000e-05	-2.988741e-02	7.705763e+00
2.543000e-05	3.189391e-04	7.768468e+00
2.544000e-05	1.158044e-02	7.874130e+00
2.545000e-05	-1.123255e-02	8.018444e+00
2.546000e-05	-3.049576e-02	8.103761e+00
2.547000e-05	-2.152823e-02	8.167440e+00
2.548000e-05	2.280294e-03	8.218972e+00
2.549000e-05	-9.177567e-04	8.312686e+00
2.550000e-05	-2.542578e-02	8.355343e+00
2.551000e-05	-2.962900e-02	8.380475e+00
2.552000e-05	-1.242397e-02	8.451181e+00
2.553000e-05	6.179541e-03	8.482656e+00
2.554000e-05	-1.289487e-02	8.525813e+00
2.555000e-05	-2.868539e-02	8.568940e+00
2.556000e-05	-2.501710e-02	8.621603e+00
2.557000e-05	-6.750256e-03	8.693682e+00
2.558000e-05	-3.556619e-03	8.744259e+00
2.559000e-05	-2.579704e-02	8.745894e+00
2.560000e-05	-3.106635e-02	8.789496e+00
2.561000e-05	-1.966703e-02	8.809499e+00
2.562000e-05	-4.553580e-03	8.849529e+00
2.563000e-05	-1.519868e-02	8.872101e+00
2.564000e-05	-2.923237e-02	8.891582e+00
2.565000e-05	-2.949559e-02	8.862730e+00
2.566000e-05	-1.322287e-02	8.915215e+00
2.567000e-05	-1.134736e-02	8.975760e+00
2.568000e-05	-2.573019e-02	8.945711e+00
2.569000e-05	-3.454386e-02	8.985939e+00
2.570000e-05	-2.741249e-02	9.016919e+00
2.571000e-05	-1.409977e-02	9.027369e+00
2.572000e-05	-1.915989e-02	8.976937e+00
2.573000e-05	-3.196626e-02	8.977389e+00
2.574000e-05	-3.359098e-02	8.975287e+00
2.575000e-05	-2.260255e-02	8.953207e+00
2.576000e-05	-1.886582e-02	8.933687e+00
2.577000e-05	-2.982234e-02	8.893731e+00
2.578000e-05	-3.837452e-02	8.882654e+00
2.579000e-05	-3.390045e-02	8.851527e+00
2.580000e-05	-2.278494e-02	8.820973e+00
2.581000e-05	-2.473243e-02	8.799898e+00
2.582000e-05	-3.490878e-02	8.796970e+00
2.583000e-05	-3.911817e-02	8.767865e+00
2.584000e-05	-2.989042e-02	8.704236e+00
2.585000e-05	-2.365113e-02	8.693107e+00
2.586000e-05	-3.097098e-02	8.629473e+00
2.587000e-05	-3.790669e-02	8.597944e+00
2.588000e-05	-3.634154e-02	8.575791e+00
2.589000e-05	-2.609762e-02	8.483655e+00
2.590000e-05	-2.520852e-02	8.420526e+00
2.591000e-05	-3.214322e-02	8.377999e+00
2.592000e-05	-3.634750e-02	8.355740e+00
2.593000e-05	-2.827513e-02	8.249658e+00
2.594000e-05	-2.189510e-02	8.165916e+00
2.595000e-05	-2.414655e-02	8.103663e+00
2.596000e-05	-3.105896e-02	8.071549e+00
2.597000e-05	-2.946154e-02	7.994739e+00
2.598000e-05	-2.176116e-02	7.851530e+00
2.599000e-05	-1.835716e-02	7.777864e+00
2.600000e-05	-2.451315e-02	7.671732e+00
2.601000e-05	-2.567519e-02	7.609874e+00
2.602000e-05	-2.142672e-02	7.511128e+00
2.603000e-05	-1.427145e-02	7.365312e+00
2.604000e-05	-1.703440e-02	7.230029e+00
2.605000e-05	-2.101526e-02	7.168319e+00
2.606000e-05	-2.095659e-02	7.091628e+00
2.607000e-05	-1.508894e-02	6.974765e+00
2.608000e-05	-1.283757e-02	6.850550e+00
2.609000e-05	-1.593443e-02	6.756791e+00
2.610000e-05	-1.913703e-02	6.701475e+00
2.611000e-05	-1.590179e-02	6.472553e+00
2.612000e-05	-9.503117e-03	6.394897e+00
2.613000e-05	-1.036356e-02	6.282508e+00
2.614000e-05	-1.416494e-02	6.155815e+00
2.615000e-05	-1.660294e-02	6.061579e+00
2.616000e-05	-1.166941e-02	5.988917e+00
2.617000e-05	-8.244731e-03	5.797750e+00
2.618000e-05	-9.824549e-03	5.630002e+00
2.619000e-05	-1.396949e-02	5.553160e+00
2.620000e-05	-1.210212e-02	5.377922e+00
2.621000e-05	-7.606167e-03	5.251954e+00
2.622000e-05	-6.852301e-03	5.088606e+00
2.623000e-05	-1.007953e-02	4.932533e+00
2.624000e-05	-1.244136e-02	4.716817e+00
2.625000e-05	-9.742865e-03	4.608923e+00
2.626000e-05	-6.259246e-03	4.462654e+00
2.627000e-05	-7.292781e-03	4.347896e+00
2.628000e-05	-1.123856e-02	4.166343e+00
2.629000e-05	-9.734271e-03	4.028951e+00
2.630000e-05	-7.949451e-03	3.873563e+00
2.631000e-05	-5.297508e-03	3.723738e+00
2.632000e-05	-6.958077e-03	3.589400e+00
2.633000e-05	-9.981853e-03	3.438030e+00
2.634000e-05	-8.721082e-03	3.240526e+00
2.635000e-05	-6.392427e-03	3.113733e+00
2.636000e-05	-4.686778e-03	2.956266e+00
2.637000e-05	-8.554047e-03	2.828551e+00
2.638000e-05	-8.502607e-03	2.651580e+00
2.639000e-05	-7.502934e-03	2.450505e+00
2.640000e-05	-4.339230e-03	2.282210e+00
2.641000e-05	-6.078868e-03	2.165813e+00
2.642000e-05	-7.554927e-03	1.999476e+00
2.643000e-05	-7.338999e-03	1.839479e+00
2.644000e-05	-5.436623e-03	1.663084e+00
2.645000e-05	-4.807913e-03	1.493661e+00
2.646000e-05	-6.898673e-03	1.345715e+00
2.647000e-05	-7.723269e-03	1.145294e+00
2.648000e-05	-5.864579e-03	9.247605e-01
2.649000e-05	-3.495530e-03	7.478457e-01
2.650000e-05	-4.609219e-03	6.099183e-01
2.651000e-05	-5.855979e-03	4.131027e-01
2.652000e-05	-5.645585e-03	3.351864e-01
2.653000e-05	-3.990425e-03	9.320765e-02
2.654000e-05	-8.084884e-04	-6.375334e-02
2.655000e-05	1.596986e-03	-2.501030e-01
2.656000e-05	-1.177088e-03	-3.394448e-01
2.657000e-05	-2.154891e-03	-4.542622e-01
2.658000e-05	-1.821323e-04	-6.853586e-01
2.659000e-05	-2.131227e-03	-8.216055e-01
2.660000e-05	-3.158626e-03	-9.795202e-01
2.661000e-05	-1.965331e-03	-1.126289e+00
2.662000e-05	2.473220e-02	-1.252738e+00
2.663000e-05	8.584610e-02	-1.515332e+00
2.664000e-05	-4.312987e-02	-1.718494e+00
2.665000e-05	-2.005493e-02	-1.979023e+00
2.666000e-05	-1.118904e-01	-2.136815e+00
2.667000e-05	8.461326e-03	-2.188380e+00
2.668000e-05	1.420210e-01	-2.211580e+00
2.669000e-05	-1.404668e-01	-2.535309e+00
2.670000e-05	-1.285237e-02	-2.694290e+00
2.671000e-05	1.585647e-01	-2.724314e+00
2.672000e-05	-1.526787e-01	-2.936964e+00
2.673000e-05	5.701763e-02	-3.189069e+00
2.674000e-05	1.306123e-01	-3.232234e+00
2.675000e-05	-2.011728e-01	-3.474707e+00
2.676000e-05	4.342696e-02	-3.577999e+00
2.677000e-05	1.105432e-01	-3.674359e+00
2.678000e-05	-8.361100e-02	-3.956447e+00
2.679000e-05	9.681108e-02	-4.051681e+00
2.680000e-05	-9.139034e-02	-4.161046e+00
2.681000e-05	-1.876891e-02	-4.389449e+00
2.682000e-05	1.480749e-01	-4.421653e+00
2.683000e-05	-1.209099e-01	-4.619651e+00
2.684000e-05	2.164592e-02	-4.780024e+00
2.685000e-05	9.770526e-03	-4.973316e+00
2.686000e-05	-1.337513e-02	-5.065262e+00
2.687000e-05	8.199988e-02	-5.210074e+00
2.688000e-05	-7.243419e-02	-5.439096e+00
2.689000e-05	1.211366e-02	-5.597469e+00
2.690000e-05	-2.018412e-02	-5.672682e+00
2.691000e-05	2.295976e-02	-5.812128e+00
2.692000e-05	7.692155e-02	-5.945914e+00
2.693000e-05	-9.459088e-02	-6.041578e+00
2.694000e-05	3.612655e-02	-6.206917e+00
2.695000e-05	9.227391e-03	-6.307343e+00
2.696000e-05	9.064995e-03	-6.454186e+00
2.697000e-05	3.155058e-02	-6.537424e+00
2.698000e-05	-8.286371e-02	-6.684756e+00
2.699000e-05	5.298010e-02	-6.797997e+00
2.700000e-05	9.500403e-03	-6.912160e+00
2.701000e-05	2.098705e-02	-7.039548e+00
2.702000e-05	2.615994e-03	-7.186945e+00
2.703000e-05	-4.676919e-02	-7.262153e+00
2.704000e-05	5.256720e-02	-7.336891e+00
2.705000e-05	-6.886104e-03	-7.462152e+00
2.706000e-05	2.369330e-02	-7.535342e+00
2.707000e-05	-2.828482e-02	-7.650602e+00
2.708000e-05	-2.689913e-03	-7.766365e+00
2.709000e-05	4.512439e-02	-7.870631e+00
2.710000e-05	8.791149e-05	-7.968445e+00
2.711000e-05	1.246000e-02	-8.031628e+00
2.712000e-05	-2.790918e-02	-8.153762e+00
2.713000e-05	2.321612e-02	-8.167924e+00
2.714000e-05	2.332126e-02	-8.262154e+00
2.715000e-05	5.439659e-03	-8.364813e+00
2.716000e-05	-3.985450e-03	-8.389393e+00
2.717000e-05	-9.742820e-03	-8.429526e+00
2.718000e-05	3.496801e-02	-8.510604e+00
2.719000e-05	1.603052e-02	-8.566890e+00
2.720000e-05	3.843568e-03	-8.638472e+00
2.721000e-05	-9.477428e-03	-8.705691e+00
2.722000e-05	1.401291e-02	-8.787491e+00
2.723000e-05	2.980255e-02	-8.807973e+00
2.724000e-05	1.114590e-02	-8.830554e+00
2.725000e-05	-1.495244e-03	-8.892128e+00
2.726000e-05	9.396803e-04	-8.882808e+00
2.727000e-05	2.484104e-02	-8.922736e+00
2.728000e-05	2.345132e-02	-8.984818e+00
2.729000e-05	9.379887e-03	-8.997971e+00
2.730000e-05	8.018135e-04	-8.997924e+00
2.731000e-05	1.486247e-02	-9.027403e+00
2.732000e-05	2.867180e-02	-9.019549e+00
2.733000e-05	1.961613e-02	-9.080582e+00
2.734000e-05	4.693081e-03	-9.063632e+00
2.735000e-05	6.449984e-03	-9.092058e+00
2.736000e-05	2.306057e-02	-9.071634e+00
2.737000e-05	2.904637e-02	-9.102234e+00
2.738000e-05	1.680408e-02	-9.052677e+00
2.739000e-05	6.797121e-03	-9.051707e+00
2.740000e-05	1.801177e-02	-9.091155e+00
2.741000e-05	2.956273e-02	-9.070128e+00
2.742000e-05	2.618025e-02	-9.060105e+00
2.743000e-05	1.434150e-02	-9.047525e+00
2.744000e-05	1.340925e-02	-9.017299e+00
2.745000e-05	2.764788e-02	-8.984943e+00
2.746000e-05	3.396834e-02	-8.964716e+00
2.747000e-05	2.469318e-02	-8.904262e+00
2.748000e-05	1.439177e-02	-8.914162e+00
2.749000e-05	2.051723e-02	-8.880578e+00
2.750000e-05	3.069358e-02	-8.810028e+00
2.751000e-05	3.103776e-02	-8.827473e+00
2.752000e-05	1.930315e-02	-8.746339e+00
2.753000e-05	1.758032e-02	-8.742681e+00
2.754000e-05	2.557079e-02	-8.630496e+00
2.755000e-05	3.195760e-02	-8.574344e+00
2.756000e-05	2.536366e-02	-8.491107e+00
2.757000e-05	1.632230e-02	-8.419502e+00
2.758000e-05	1.831295e-02	-8.387422e+00
2.759000e-05	2.615409e-02	-8.315266e+00
2.760000e-05	2.659065e-02	-8.241103e+00
2.761000e-05	1.679088e-02	-8.166849e+00
2.762000e-05	1.273620e-02	-8.102211e+00
2.763000e-05	1.763587e-02	-8.050029e+00
2.764000e-05	2.388235e-02	-8.018396e+00
2.765000e-05	1.855340e-02	-7.883536e+00
2.766000e-05	9.644730e-03	-7.793848e+00
2.767000e-05	9.669121e-03	-7.658501e+00
2.768000e-05	1.624635e-02	-7.534318e+00
2.769000e-05	1.636765e-02	-7.471581e+00
2.770000e-05	9.347760e-03	-7.384342e+00
2.771000e-05	5.012271e-03	-7.261557e+00
2.772000e-05	9.594523e-03	-7.186924e+00
2.773000e-05	1.471444e-02	-7.109006e+00
2.774000e-05	1.303853e-02	-6.904369e+00
2.775000e-05	4.100923e-03	-6.808950e+00
2.776000e-05	4.821001e-03	-6.722741e+00
2.777000e-05	7.069266e-03	-6.608894e+00
2.778000e-05	1.003624e-02	-6.521708e+00
2.779000e-05	3.198792e-03	-6.417951e+00
2.780000e-05	5.588693e-04	-6.291082e+00
2.781000e-05	3.275748e-03	-6.103211e+00
2.782000e-05	8.795370e-03	-5.978949e+00
2.783000e-05	7.458626e-03	-5.881083e+00
2.784000e-05	1.426087e-03	-5.733293e+00
2.785000e-05	-3.803242e-04	-5.608996e+00
2.786000e-05	2.318629e-03	-5.522084e+00
2.787000e-05	3.877266e-03	-5.282186e+00
2.788000e-05	8.781609e-04	-5.175790e+00
2.789000e-05	-1.723724e-03	-4.997925e+00
2.790000e-05	-1.118581e-03	-4.816502e+00
2.791000e-05	6.391504e-03	-4.661526e+00
2.792000e-05	3.231101e-03	-4.554317e+00
2.793000e-05	1.156967e-03	-4.408424e+00
2.794000e-05	-3.982120e-03	-4.313159e+00
2.795000e-05	-6.323010e-04	-4.125746e+00
2.796000e-05	8.290673e-05	-4.027925e+00
2.797000e-05	3.531604e-04	-3.890582e+00
2.798000e-05	-3.973386e-03	-3.651559e+00
2.799000e-05	-2.449957e-03	-3.535238e+00
2.800000e-05	2.405702e-04	-3.376426e+00
2.801000e-05	1.447469e-03	-3.241557e+00
2.802000e-05	-2.531895e-03	-3.102038e+00
2.803000e-05	-3.359905e-03	-2.891582e+00
2.804000e-05	-3.005176e-03	-2.765320e+00
2.805000e-05	-8.980544e-04	-2.599970e+00
2.806000e-05	-2.905928e-03	-2.411556e+00
2.807000e-05	-3.662666e-03	-2.303140e+00
2.808000e-05	-4.154622e-03	-2.101131e+00
2.809000e-05	-1.312152e-03	-1.934741e+00
2.810000e-05	-7.319162e-04	-1.788398e+00
2.811000e-05	-3.131647e-03	-1.631030e+00
2.812000e-05	-6.553073e-03	-1.431484e+00
2.813000e-05	-5.563752e-03	-1.208978e+00
2.814000e-05	-2.877688e-03	-1.063079e+00
2.815000e-05	-4.220533e-03	-9.040877e-01
2.816000e-05	-5.295891e-03	-7.967933e-01
2.817000e-05	-5.039499e-03	-5.467673e-01
2.818000e-05	-3.458587e-03	-3.788722e-01
2.819000e-05	-3.697688e-03	-2.495064e-01
2.820000e-05	-1.754438e-03	-6.311153e-02
2.821000e-05	-1.129950e-03	4.417921e-02
2.822000e-05	-1.165259e-05	2.841631e-01
2.823000e-05	-3.163653e-03	4.110753e-01
2.824000e-05	-5.202522e-04	5.379224e-01
2.825000e-05	-4.894090e-03	6.843085e-01
2.826000e-05	-3.608768e-03	8.425753e-01
2.827000e-05	-2.247185e-03	1.012554e+00
2.828000e-05	7.809126e-03	1.179999e+00
2.829000e-05	4.354530e-02	1.352523e+00
2.830000e-05	4.151586e-02	1.663053e+00
2.831000e-05	-5.167084e-02	1.862179e+00
2.832000e-05	-4.145607e-02	1.991023e+00
2.833000e-05	-9.289603e-02	2.106734e+00
2.834000e-05	1.078519e-02	2.209072e+00
2.835000e-05	1.267025e-01	2.329366e+00
2.836000e-05	-1.465439e-01	2.494786e+00
2.837000e-05	1.037830e-02	2.613651e+00
2.838000e-05	1.250908e-01	2.802629e+00
2.839000e-05	-1.041770e-01	3.020525e+00
2.840000e-05	3.796095e-02	3.084757e+00
2.841000e-05	7.487719e-02	3.231755e+00
2.842000e-05	-1.742826e-01	3.475358e+00
2.843000e-05	3.917447e-02	3.590075e+00
2.844000e-05	5.964370e-02	3.748909e+00
2.845000e-05	-4.075254e-02	3.914833e+00
2.846000e-05	2.349199e-02	4.042179e+00
2.847000e-05	-6.580761e-02	4.273725e+00
2.848000e-05	5.585192e-03	4.358974e+00
2.849000e-05	5.177706e-02	4.515812e+00
2.850000e-05	-3.867588e-02	4.705633e+00
2.851000e-05	-3.215325e-02	4.822546e+00
2.852000e-05	5.275614e-03	5.040098e+00
2.853000e-05	1.049468e-02	5.171067e+00
2.854000e-05	1.142855e-02	5.316339e+00
2.855000e-05	-3.043994e-02	5.442657e+00
2.856000e-05	-2.245398e-02	5.551974e+00
2.857000e-05	-2.757326e-02	5.724212e+00
2.858000e-05	4.643526e-02	5.865158e+00
2.859000e-05	1.479754e-03	5.970049e+00
2.860000e-05	-5.106285e-02	6.135359e+00
2.861000e-05	-7.382884e-04	6.271077e+00
2.862000e-05	7.853646e-04	6.345340e+00
2.863000e-05	1.450206e-02	6.409677e+00
2.864000e-05	-2.626580e-02	6.637869e+00
2.865000e-05	-3.992196e-02	6.755890e+00
2.866000e-05	-1.668343e-04	6.850578e+00
2.867000e-05	1.846264e-02	6.934813e+00
2.868000e-05	2.016216e-03	7.000574e+00
2.869000e-05	-3.048915e-02	7.176391e+00
2.870000e-05	-2.603726e-02	7.189524e+00
2.871000e-05	5.145734e-03	7.306210e+00
2.872000e-05	4.639316e-03	7.492620e+00
2.873000e-05	-1.782869e-02	7.556390e+00
2.874000e-05	-3.450521e-02	7.693581e+00
2.875000e-05	-1.256885e-02	7.767023e+00
2.876000e-05	1.567406e-02	7.861678e+00
2.877000e-05	-6.140005e-03	7.977412e+00
2.878000e-05	-2.465742e-02	8.060651e+00
2.879000e-05	-3.079220e-02	8.135891e+00
2.880000e-05	-1.852435e-03	8.239524e+00
2.881000e-05	2.517333e-03	8.253156e+00
2.882000e-05	-1.725116e-02	8.356759e+00
2.883000e-05	-3.145632e-02	8.359399e+00
2.884000e-05	-2.066186e-02	8.401548e+00
2.885000e-05	4.984103e-03	8.503157e+00
2.886000e-05	-6.687922e-03	8.505332e+00
2.887000e-05	-2.539651e-02	8.586968e+00
2.888000e-05	-3.015888e-02	8.660602e+00
2.889000e-05	-1.100127e-02	8.702685e+00
2.890000e-05	-2.189040e-03	8.704210e+00
2.891000e-05	-1.968318e-02	8.735389e+00
2.892000e-05	-3.312139e-02	8.788918e+00
2.893000e-05	-2.552406e-02	8.838550e+00
2.894000e-05	-6.850757e-03	8.841000e+00
2.895000e-05	-1.080317e-02	8.850052e+00
2.896000e-05	-2.522217e-02	8.861555e+00
2.897000e-05	-3.238676e-02	8.903733e+00
2.898000e-05	-1.662493e-02	8.914761e+00
2.899000e-05	-1.004079e-02	8.925285e+00
2.900000e-05	-2.123576e-02	8.975336e+00
2.901000e-05	-3.475156e-02	8.994837e+00
2.902000e-05	-3.228703e-02	8.996922e+00
2.903000e-05	-1.703971e-02	9.035845e+00
2.904000e-05	-1.595005e-02	8.997349e+00
2.905000e-05	-2.823738e-02	8.996819e+00
2.906000e-05	-3.626074e-02	8.965819e+00
2.907000e-05	-2.550093e-02	8.914260e+00
2.908000e-05	-1.847577e-02	8.923216e+00
2.909000e-05	-2.577850e-02	8.913108e+00
2.910000e-05	-3.801905e-02	8.873131e+00
2.911000e-05	-3.665884e-02	8.861079e+00
2.912000e-05	-2.504349e-02	8.830002e+00
2.913000e-05	-2.270613e-02	8.817971e+00
2.914000e-05	-3.176008e-02	8.796419e+00
2.915000e-05	-3.889377e-02	8.776894e+00
2.916000e-05	-3.227773e-02	8.715808e+00
2.917000e-05	-2.395885e-02	8.692632e+00
2.918000e-05	-2.753906e-02	8.631027e+00
2.919000e-05	-3.727794e-02	8.617423e+00
2.920000e-05	-3.824972e-02	8.555839e+00
2.921000e-05	-2.905421e-02	8.501683e+00
2.922000e-05	-2.481126e-02	8.431553e+00
2.923000e-05	-3.015769e-02	8.388974e+00
2.924000e-05	-3.602655e-02	8.345821e+00
2.925000e-05	-3.026951e-02	8.321654e+00
2.926000e-05	-2.257809e-02	8.218492e+00
2.927000e-05	-2.213973e-02	8.153288e+00
2.928000e-05	-2.991447e-02	8.074133e+00
2.929000e-05	-3.102789e-02	7.976346e+00
2.930000e-05	-2.354357e-02	7.839582e+00
2.931000e-05	-1.773148e-02	7.818424e+00
2.932000e-05	-2.279919e-02	7.694187e+00
2.933000e-05	-2.560854e-02	7.608501e+00
2.934000e-05	-2.410721e-02	7.555788e+00
2.935000e-05	-1.475837e-02	7.405844e+00
2.936000e-05	-1.584827e-02	7.262080e+00
2.937000e-05	-1.948302e-02	7.208294e+00
2.938000e-05	-2.297580e-02	7.112634e+00
2.939000e-05	-1.702267e-02	6.956896e+00
2.940000e-05	-1.280153e-02	6.851605e+00
2.941000e-05	-1.419517e-02	6.789346e+00
2.942000e-05	-1.916243e-02	6.741109e+00
2.943000e-05	-1.630937e-02	6.552685e+00
2.944000e-05	-1.054649e-02	6.408401e+00
2.945000e-05	-9.456689e-03	6.323186e+00
2.946000e-05	-1.339407e-02	6.177945e+00
2.947000e-05	-1.790241e-02	6.072557e+00
2.948000e-05	-1.212511e-02	5.999297e+00
2.949000e-05	-9.095151e-03	5.860503e+00
2.950000e-05	-8.780555e-03	5.692078e+00
2.951000e-05	-1.459979e-02	5.546792e+00
2.952000e-05	-1.324578e-02	5.409979e+00
2.953000e-05	-8.364983e-03	5.332587e+00
2.954000e-05	-7.392279e-03	5.124210e+00
2.955000e-05	-1.026216e-02	4.934292e+00
2.956000e-05	-1.235158e-02	4.787343e+00
2.957000e-05	-8.687219e-03	4.610555e+00
2.958000e-05	-6.721479e-03	4.543185e+00
2.959000e-05	-7.787557e-03	4.398895e+00
2.960000e-05	-1.152605e-02	4.230955e+00
2.961000e-05	-1.105506e-02	4.020031e+00
2.962000e-05	-6.033026e-03	3.894713e+00
2.963000e-05	-5.024681e-03	3.797314e+00
2.964000e-05	-8.615163e-03	3.650426e+00
2.965000e-05	-1.235468e-02	3.503612e+00
2.966000e-05	-8.310228e-03	3.282132e+00
2.967000e-05	-3.548533e-03	3.165744e+00
2.968000e-05	-5.563921e-03	3.020372e+00
2.969000e-05	-1.020036e-02	2.811103e+00
2.970000e-05	-1.034417e-02	2.705718e+00
2.971000e-05	-4.990687e-03	2.513132e+00
2.972000e-05	-3.433388e-03	2.354819e+00
2.973000e-05	-6.569123e-03	2.188397e+00
2.974000e-05	-1.012168e-02	2.031531e+00
2.975000e-05	-7.232455e-03	1.913184e+00
2.976000e-05	-2.922915e-03	1.733684e+00
2.977000e-05	-3.214312e-03	1.556793e+00
2.978000e-05	-7.722796e-03	1.378823e+00
2.979000e-05	-8.041285e-03	1.208325e+00
2.980000e-05	-4.448846e-03	1.018425e+00
2.981000e-05	-2.190986e-03	7.989535e-01
2.982000e-05	-6.008995e-03	6.340775e-01
2.983000e-05	-8.490885e-03	4.636602e-01
2.984000e-05	-6.268942e-03	3.467456e-01
2.985000e-05	-1.892787e-03	7.637178e-02
2.986000e-05	-1.444335e-03	-2.215189e-02
2.987000e-05	-1.081312e-03	-1.884711e-01
2.988000e-05	-6.125157e-05	-2.968397e-01
2.989000e-05	-2.026668e-03	-4.426282e-01
2.990000e-05	3.377396e-03	-6.311819e-01
2.991000e-05	-2.825049e-03	-8.215527e-01
2.992000e-05	-3.936366e-03	-9.373686e-01
2.993000e-05	-4.346940e-03	-1.054259e+00
2.994000e-05	1.306801e-02	-1.223128e+00
2.995000e-05	7.750618e-02	-1.359598e+00
2.996000e-05	-1.099964e-03	-1.653809e+00
2.997000e-05	-4.018030e-02	-1.917440e+00
2.998000e-05	-6.697141e-02	-2.075784e+00
2.999000e-05	-8.092241e-02	-2.216403e+00
3.000000e-05	1.759301e-01	-2.218577e+00
3.001000e-05	-7.043816e-02	-2.451098e+00
3.002000e-05	-1.235458e-01	-2.672607e+00
3.003000e-05	1.921954e-01	-2.722764e+00
3.004000e-05	-9.354752e-02	-2.822206e+00
3.005000e-05	-4.638369e-02	-3.117420e+00
3.006000e-05	1.843483e-01	-3.241728e+00
3.007000e-05	-1.404394e-01	-3.399998e+00
3.008000e-05	-8.466646e-02	-3.557920e+00
3.009000e-05	1.733393e-01	-3.622177e+00
3.010000e-05	-8.470301e-02	-3.875831e+00
3.011000e-05	6.122680e-02	-4.050580e+00
3.012000e-05	-1.141981e-02	-4.155365e+00
3.013000e-05	-1.017403e-01	-4.338393e+00
3.014000e-05	1.590929e-01	-4.420553e+00
3.015000e-05	-6.279053e-02	-4.578969e+00
3.016000e-05	-5.074737e-02	-4.795894e+00
3.017000e-05	5.676327e-02	-4.843778e+00
3.018000e-05	-4.245228e-02	-5.053702e+00
3.019000e-05	8.223157e-02	-5.236972e+00
3.020000e-05	-3.295628e-02	-5.296366e+00
3.021000e-05	-3.172389e-02	-5.556419e+00
3.022000e-05	1.997004e-02	-5.621603e+00
3.023000e-05	-2.957443e-02	-5.798970e+00
3.024000e-05	1.026043e-01	-5.925265e+00
3.025000e-05	-6.745837e-02	-5.980500e+00
3.026000e-05	-1.290617e-02	-6.175315e+00
3.027000e-05	4.836970e-02	-6.315256e+00
3.028000e-05	-2.555036e-02	-6.441153e+00
3.029000e-05	5.795073e-02	-6.557387e+00
3.030000e-05	-7.959806e-02	-6.629629e+00
3.031000e-05	1.992177e-02	-6.777870e+00
3.032000e-05	3.637850e-02	-6.872106e+00
3.033000e-05	2.087090e-04	-7.008924e+00
3.034000e-05	3.019158e-02	-7.095842e+00
3.035000e-05	-5.673535e-02	-7.260602e+00
3.036000e-05	3.967609e-02	-7.323810e+00
3.037000e-05	7.218591e-03	-7.437602e+00
3.038000e-05	8.591954e-03	-7.535812e+00
3.039000e-05	-6.470350e-03	-7.587952e+00
3.040000e-05	-2.464987e-02	-7.695315e+00
3.041000e-05	4.885119e-02	-7.880124e+00
3.042000e-05	5.878097e-03	-7.977894e+00
3.043000e-05	1.086771e-02	-8.020028e+00
3.044000e-05	-1.891722e-02	-8.102732e+00
3.045000e-05	3.506083e-03	-8.187414e+00
3.046000e-05	3.200608e-02	-8.240079e+00
3.047000e-05	3.893005e-03	-8.315287e+00
3.048000e-05	2.745449e-03	-8.388370e+00
3.049000e-05	-1.284550e-02	-8.420524e+00
3.050000e-05	2.624393e-02	-8.471156e+00
3.051000e-05	2.561941e-02	-8.523836e+00
3.052000e-05	3.371122e-03	-8.668996e+00
3.053000e-05	-4.057443e-03	-8.724236e+00
3.054000e-05	3.986428e-03	-8.776390e+00
3.055000e-05	3.130648e-02	-8.776975e+00
3.056000e-05	1.486242e-02	-8.820101e+00
3.057000e-05	-7.715300e-04	-8.880658e+00
3.058000e-05	-1.237448e-03	-8.902685e+00
3.059000e-05	1.823240e-02	-8.943689e+00
3.060000e-05	2.750513e-02	-8.945338e+00
3.061000e-05	1.111299e-02	-8.998399e+00
3.062000e-05	2.186013e-03	-9.009448e+00
3.063000e-05	8.941653e-03	-9.020003e+00
3.064000e-05	2.751996e-02	-9.059103e+00
3.065000e-05	2.351423e-02	-9.069603e+00
3.066000e-05	6.502783e-03	-9.081657e+00
3.067000e-05	4.774010e-03	-9.081606e+00
3.068000e-05	1.828877e-02	-9.092686e+00
3.069000e-05	3.126122e-02	-9.093682e+00
3.070000e-05	2.027335e-02	-9.072109e+00
3.071000e-05	8.793243e-03	-9.071632e+00
3.072000e-05	1.459951e-02	-9.031106e+00
3.073000e-05	2.803808e-02	-9.119080e+00
3.074000e-05	2.725876e-02	-9.071108e+00
3.075000e-05	1.574238e-02	-9.007399e+00
3.076000e-05	1.234198e-02	-8.998525e+00
3.077000e-05	2.280886e-02	-8.997920e+00
3.078000e-05	3.244064e-02	-8.966341e+00
3.079000e-05	2.637767e-02	-8.914210e+00
3.080000e-05	1.677175e-02	-8.893157e+00
3.081000e-05	1.764946e-02	-8.861055e+00
3.082000e-05	2.950898e-02	-8.850028e+00
3.083000e-05	3.172684e-02	-8.799053e+00
3.084000e-05	2.208772e-02	-8.776870e+00
3.085000e-05	1.687592e-02	-8.733685e+00
3.086000e-05	2.291486e-02	-8.660509e+00
3.087000e-05	3.152056e-02	-8.604466e+00
3.088000e-05	2.655696e-02	-8.491257e+00
3.089000e-05	1.763137e-02	-8.440003e+00
3.090000e-05	1.685283e-02	-8.388475e+00
3.091000e-05	2.457246e-02	-8.345294e+00
3.092000e-05	2.701868e-02	-8.261634e+00
3.093000e-05	1.849231e-02	-8.227420e+00
3.094000e-05	1.255494e-02	-8.166788e+00
3.095000e-05	1.598218e-02	-8.061129e+00
3.096000e-05	2.347925e-02	-7.998926e+00
3.097000e-05	2.014670e-02	-7.966762e+00
3.098000e-05	1.175440e-02	-7.837850e+00
3.099000e-05	1.000313e-02	-7.691106e+00
3.100000e-05	1.519044e-02	-7.595820e+00
3.101000e-05	1.882293e-02	-7.461158e+00
3.102000e-05	1.167017e-02	-7.418446e+00
3.103000e-05	5.990909e-03	-7.282632e+00
3.104000e-05	6.455586e-03	-7.198950e+00
3.105000e-05	1.249626e-02	-7.103661e+00
3.106000e-05	1.208820e-02	-6.996218e+00
3.107000e-05	5.337261e-03	-6.850551e+00
3.108000e-05	3.174089e-03	-6.766792e+00
3.109000e-05	7.724497e-03	-6.639955e+00
3.110000e-05	1.158637e-02	-6.533237e+00
3.111000e-05	6.515303e-03	-6.429979e+00
3.112000e-05	1.314056e-03	-6.344236e+00
3.113000e-05	2.131399e-03	-6.192265e+00
3.114000e-05	5.751600e-03	-6.000998e+00
3.115000e-05	6.007015e-03	-5.913214e+00
3.116000e-05	2.269334e-03	-5.786869e+00
3.117000e-05	2.525754e-04	-5.650080e+00
3.118000e-05	3.096547e-03	-5.586271e+00
3.119000e-05	5.273159e-03	-5.373682e+00
3.120000e-05	3.571829e-03	-5.198349e+00
3.121000e-05	-1.467226e-03	-5.070081e+00
3.122000e-05	-2.603706e-03	-4.902106e+00
3.123000e-05	2.360634e-03	-4.690613e+00
3.124000e-05	3.337154e-03	-4.585866e+00
3.125000e-05	1.359808e-04	-4.451053e+00
3.126000e-05	-2.605502e-03	-4.345716e+00
3.127000e-05	1.238438e-04	-4.216898e+00
3.128000e-05	2.247659e-03	-4.061551e+00
3.129000e-05	1.363729e-03	-3.943743e+00
3.130000e-05	-2.424794e-03	-3.724164e+00
3.131000e-05	-3.484340e-03	-3.607800e+00
3.132000e-05	2.546749e-04	-3.418975e+00
3.133000e-05	9.632555e-04	-3.240558e+00
3.134000e-05	-1.086518e-03	-3.175793e+00
3.135000e-05	-3.881092e-03	-2.973247e+00
3.136000e-05	-4.481994e-03	-2.786899e+00
3.137000e-05	-1.243192e-03	-2.640505e+00
3.138000e-05	-2.275929e-03	-2.462083e+00
3.139000e-05	-3.630685e-03	-2.326766e+00
3.140000e-05	-5.127298e-03	-2.125721e+00
3.141000e-05	-1.812037e-03	-1.978372e+00
3.142000e-05	-6.979152e-04	-1.838501e+00
3.143000e-05	-2.297183e-03	-1.660038e+00
3.144000e-05	-5.415770e-03	-1.525193e+00
3.145000e-05	-6.049897e-03	-1.272156e+00
3.146000e-05	-3.957521e-03	-1.094160e+00
3.147000e-05	-3.489077e-03	-9.472430e-01
3.148000e-05	-5.059144e-03	-7.804012e-01
3.149000e-05	-5.615675e-03	-6.300023e-01
3.150000e-05	-4.071417e-03	-4.194263e-01
3.151000e-05	-2.443367e-03	-2.726615e-01
3.152000e-05	-2.950114e-03	-1.242668e-01
3.153000e-05	-3.215663e-03	1.160244e-02
3.154000e-05	-2.525068e-04	1.535927e-01
3.155000e-05	-3.266136e-03	3.895251e-01
3.156000e-05	1.347704e-04	4.647610e-01
3.157000e-05	-6.111048e-03	6.341567e-01
3.158000e-05	-3.623887e-03	7.994738e-01
3.159000e-05	-2.533661e-03	9.174426e-01
3.160000e-05	6.243781e-03	1.148941e+00
3.161000e-05	2.694428e-02	1.287837e+00
3.162000e-05	6.094589e-02	1.510044e+00
3.163000e-05	-3.789974e-02	1.801072e+00
3.164000e-05	-3.950008e-02	1.987470e+00
3.165000e-05	-7.657639e-02	2.056311e+00
3.166000e-05	-5.486259e-02	2.187999e+00
3.167000e-05	1.420668e-01	2.275755e+00
3.168000e-05	-7.365112e-02	2.503228e+00
3.169000e-05	-9.285983e-02	2.590048e+00
3.170000e-05	1.707390e-01	2.779974e+00
3.171000e-05	-8.015810e-02	2.979945e+00
3.172000e-05	-2.531906e-02	3.043232e+00
3.173000e-05	1.191401e-01	3.200100e+00
3.174000e-05	-1.340053e-01	3.380173e+00
3.175000e-05	-4.736555e-02	3.578474e+00
3.176000e-05	1.052161e-01	3.674832e+00
3.177000e-05	-3.821657e-02	3.854275e+00
3.178000e-05	1.208671e-02	3.999494e+00
3.179000e-05	-3.699997e-02	4.170473e+00
3.180000e-05	-4.000853e-02	4.328921e+00
3.181000e-05	6.785722e-02	4.453183e+00
3.182000e-05	-1.919538e-02	4.671579e+00
3.183000e-05	-4.145580e-02	4.770043e+00
3.184000e-05	-3.855816e-03	4.967938e+00
3.185000e-05	9.205111e-03	5.157965e+00
3.186000e-05	2.015271e-02	5.273733e+00
3.187000e-05	-2.362174e-02	5.419603e+00
3.188000e-05	-2.275951e-02	5.537342e+00
3.189000e-05	-3.523071e-02	5.661756e+00
3.190000e-05	2.948245e-02	5.799621e+00
3.191000e-05	2.860377e-02	5.966970e+00
3.192000e-05	-4.582411e-02	6.091706e+00
3.193000e-05	-1.854710e-02	6.210497e+00
3.194000e-05	4.702030e-03	6.315834e+00
3.195000e-05	9.654772e-03	6.380449e+00
3.196000e-05	-6.530850e-03	6.515215e+00
3.197000e-05	-4.587520e-02	6.726415e+00
3.198000e-05	-1.192250e-02	6.789551e+00
3.199000e-05	1.809061e-02	6.903757e+00
3.200000e-05	7.033512e-03	7.018994e+00
3.201000e-05	-1.833540e-02	7.105307e+00
3.202000e-05	-3.761597e-02	7.201024e+00
3.203000e-05	1.286572e-03	7.272108e+00
3.204000e-05	5.406729e-03	7.398446e+00
3.205000e-05	-7.393564e-03	7.504917e+00
3.206000e-05	-3.424961e-02	7.660149e+00
3.207000e-05	-2.219402e-02	7.745362e+00
3.208000e-05	1.214059e-02	7.809578e+00
3.209000e-05	8.221279e-04	7.935836e+00
3.210000e-05	-1.807118e-02	8.040073e+00
3.211000e-05	-3.554275e-02	8.134392e+00
3.212000e-05	-9.458145e-03	8.157945e+00
3.213000e-05	3.447754e-03	8.263104e+00
3.214000e-05	-9.198982e-03	8.335286e+00
3.215000e-05	-3.104771e-02	8.368898e+00
3.216000e-05	-2.703241e-02	8.400976e+00
3.217000e-05	-7.164459e-04	8.492707e+00
3.218000e-05	-1.081107e-03	8.474159e+00
3.219000e-05	-2.014806e-02	8.536940e+00
3.220000e-05	-3.327049e-02	8.620519e+00
3.221000e-05	-1.665246e-02	8.672635e+00
3.222000e-05	-2.765327e-03	8.734735e+00
3.223000e-05	-1.024767e-02	8.775309e+00
3.224000e-05	-3.153981e-02	8.777894e+00
3.225000e-05	-2.943528e-02	8.808524e+00
3.226000e-05	-1.194446e-02	8.809524e+00
3.227000e-05	-7.141134e-03	8.850500e+00
3.228000e-05	-2.074273e-02	8.871631e+00
3.229000e-05	-3.412816e-02	8.903657e+00
3.230000e-05	-2.258606e-02	8.954761e+00
3.231000e-05	-1.078751e-02	8.924688e+00
3.232000e-05	-1.514068e-02	8.954735e+00
3.233000e-05	-3.310318e-02	8.944264e+00
3.234000e-05	-3.596576e-02	8.927885e+00
3.235000e-05	-2.121788e-02	8.983865e+00
3.236000e-05	-1.271568e-02	8.958787e+00
3.237000e-05	-2.279732e-02	8.987885e+00
3.238000e-05	-3.574796e-02	9.005365e+00
3.239000e-05	-2.937378e-02	8.965392e+00
3.240000e-05	-2.037980e-02	8.913284e+00
3.241000e-05	-2.189543e-02	8.914688e+00
3.242000e-05	-3.525065e-02	8.891678e+00
3.243000e-05	-3.831121e-02	8.902530e+00
3.244000e-05	-2.859076e-02	8.849954e+00
3.245000e-05	-2.071362e-02	8.819023e+00
3.246000e-05	-2.746924e-02	8.807346e+00
3.247000e-05	-3.870535e-02	8.756919e+00
3.248000e-05	-3.542396e-02	8.774761e+00
3.249000e-05	-2.709683e-02	8.691685e+00
3.250000e-05	-2.554089e-02	8.641603e+00
3.251000e-05	-3.547671e-02	8.618924e+00
3.252000e-05	-3.845213e-02	8.548293e+00
3.253000e-05	-3.049032e-02	8.543757e+00
3.254000e-05	-2.361474e-02	8.462082e+00
3.255000e-05	-2.778179e-02	8.409949e+00
3.256000e-05	-3.566805e-02	8.377449e+00
3.257000e-05	-3.230788e-02	8.323708e+00
3.258000e-05	-2.430362e-02	8.210470e+00
3.259000e-05	-2.268397e-02	8.154821e+00
3.260000e-05	-2.834499e-02	8.053609e+00
3.261000e-05	-3.192239e-02	8.008872e+00
3.262000e-05	-2.520847e-02	7.926261e+00
3.263000e-05	-1.770072e-02	7.839400e+00
3.264000e-05	-2.053300e-02	7.746285e+00
3.265000e-05	-2.586826e-02	7.671605e+00
3.266000e-05	-2.526205e-02	7.586343e+00
3.267000e-05	-1.690448e-02	7.472046e+00
3.268000e-05	-1.458689e-02	7.352586e+00
3.269000e-05	-1.859492e-02	7.208923e+00
3.270000e-05	-2.342190e-02	7.134662e+00
3.271000e-05	-1.892362e-02	7.028925e+00
3.272000e-05	-1.315141e-02	6.924111e+00
3.273000e-05	-1.395535e-02	6.810425e+00
3.274000e-05	-1.865388e-02	6.694188e+00
3.275000e-05	-1.831730e-02	6.564842e+00
3.276000e-05	-1.283521e-02	6.420978e+00
3.277000e-05	-9.200150e-03	6.343717e+00
3.278000e-05	-1.267131e-02	6.220376e+00
3.279000e-05	-1.675920e-02	6.105187e+00
3.280000e-05	-1.510606e-02	6.019997e+00
3.281000e-05	-9.483378e-03	5.896185e+00
3.282000e-05	-8.879609e-03	5.722684e+00
3.283000e-05	-1.307319e-02	5.619396e+00
3.284000e-05	-1.419423e-02	5.471054e+00
3.285000e-05	-1.000528e-02	5.345764e+00
3.286000e-05	-5.722766e-03	5.197801e+00
3.287000e-05	-8.570461e-03	4.977973e+00
3.288000e-05	-1.333151e-02	4.818429e+00
3.289000e-05	-1.306703e-02	4.682635e+00
3.290000e-05	-7.334413e-03	4.514269e+00
3.291000e-05	-5.624629e-03	4.450951e+00
3.292000e-05	-1.007100e-02	4.294680e+00
3.293000e-05	-1.195666e-02	4.062110e+00
3.294000e-05	-9.058746e-03	3.937868e+00
3.295000e-05	-4.261785e-03	3.800346e+00
3.296000e-05	-5.879606e-03	3.620555e+00
3.297000e-05	-1.009868e-02	3.547219e+00
3.298000e-05	-1.026970e-02	3.324668e+00
3.299000e-05	-6.067244e-03	3.177871e+00
3.300000e-05	-5.077712e-03	3.012480e+00
3.301000e-05	-7.066300e-03	2.873134e+00
3.302000e-05	-9.952022e-03	2.766896e+00
3.303000e-05	-6.757212e-03	2.567766e+00
3.304000e-05	-3.985084e-03	2.387873e+00
3.305000e-05	-4.932138e-03	2.241477e+00
3.306000e-05	-7.848208e-03	2.083609e+00
3.307000e-05	-8.675663e-03	1.958293e+00
3.308000e-05	-5.359832e-03	1.788421e+00
3.309000e-05	-3.400308e-03	1.638871e+00
3.310000e-05	-6.184864e-03	1.400956e+00
3.311000e-05	-7.742272e-03	1.262029e+00
3.312000e-05	-4.904042e-03	1.103131e+00
3.313000e-05	-2.690794e-03	8.715838e-01
3.314000e-05	-3.718184e-03	7.147129e-01
3.315000e-05	-6.558913e-03	5.252917e-01
3.316000e-05	-5.514221e-03	3.899247e-01
3.317000e-05	-3.609295e-03	2.208735e-01
3.318000e-05	-2.669713e-03	1.942606e-02
3.319000e-05	-6.952990e-04	-1.264174e-01
3.320000e-05	1.266800e-03	-2.542595e-01
3.321000e-05	-2.458974e-03	-4.005977e-01
3.322000e-05	2.383295e-03	-5.685128e-01
3.323000e-05	-2.109930e-03	-7.984726e-01
3.324000e-05	-1.747278e-03	-8.532872e-01
3.325000e-05	-4.443750e-03	-1.021653e+00
3.326000e-05	5.962610e-03	-1.208571e+00
3.327000e-05	5.471317e-02	-1.366515e+00
3.328000e-05	5.141244e-02	-1.591626e+00
3.329000e-05	-6.009095e-02	-1.845253e+00
3.330000e-05	-3.012729e-02	-2.052628e+00
3.331000e-05	-1.286807e-01	-2.158950e+00
3.332000e-05	1.403993e-01	-2.138497e+00
3.333000e-05	2.401835e-02	-2.337466e+00
3.334000e-05	-1.745975e-01	-2.600076e+00
3.335000e-05	1.544419e-01	-2.714258e+00
3.336000e-05	1.202945e-02	-2.738523e+00
3.337000e-05	-1.276686e-01	-3.065780e+00
3.338000e-05	1.695573e-01	-3.200074e+00
3.339000e-05	-2.649591e-02	-3.326991e+00
3.340000e-05	-1.790967e-01	-3.536392e+00
3.341000e-05	1.689792e-01	-3.590103e+00
3.342000e-05	-2.042317e-02	-3.800098e+00
3.343000e-05	-5.866642e-03	-3.990099e+00
3.344000e-05	5.960919e-02	-4.064806e+00
3.345000e-05	-1.388458e-01	-4.286281e+00
3.346000e-05	1.103660e-01	-4.400026e+00
3.347000e-05	3.665652e-02	-4.534861e+00
3.348000e-05	-1.144193e-01	-4.655339e+00
3.349000e-05	7.200046e-02	-4.799100e+00
3.350000e-05	-4.245440e-02	-4.968068e+00
3.351000e-05	5.187552e-02	-5.176870e+00
3.352000e-05	2.463314e-02	-5.294286e+00
3.353000e-05	-7.127256e-02	-5.483311e+00
3.354000e-05	3.965372e-02	-5.630025e+00
3.355000e-05	-5.129953e-02	-5.747945e+00
3.356000e-05	9.178490e-02	-5.884241e+00
3.357000e-05	-7.881086e-03	-5.978494e+00
3.358000e-05	-6.737472e-02	-6.135233e+00
3.359000e-05	6.457517e-02	-6.271656e+00
3.360000e-05	-3.051771e-02	-6.398593e+00
3.361000e-05	5.733625e-02	-6.494288e+00
3.362000e-05	-4.007221e-02	-6.597499e+00
3.363000e-05	-3.238522e-02	-6.736817e+00
3.364000e-05	5.620740e-02	-6.819522e+00
3.365000e-05	-8.570656e-03	-6.986968e+00
3.366000e-05	4.125768e-02	-7.113285e+00
3.367000e-05	-4.334097e-02	-7.209522e+00
3.368000e-05	4.319421e-03	-7.302812e+00
3.369000e-05	3.368463e-02	-7.378924e+00
3.370000e-05	-3.740229e-03	-7.503757e+00
3.371000e-05	1.522618e-02	-7.587542e+00
3.372000e-05	-3.928686e-02	-7.711607e+00
3.373000e-05	3.529674e-02	-7.826494e+00
3.374000e-05	2.426617e-02	-7.945287e+00
3.375000e-05	6.128502e-03	-8.010527e+00
3.376000e-05	-3.404065e-03	-8.083658e+00
3.377000e-05	-1.765427e-02	-8.145937e+00
3.378000e-05	3.607125e-02	-8.200549e+00
3.379000e-05	1.035206e-02	-8.322689e+00
3.380000e-05	6.615976e-03	-8.376368e+00
3.381000e-05	-1.275400e-02	-8.409024e+00
3.382000e-05	9.819898e-03	-8.420080e+00
3.383000e-05	3.508205e-02	-8.512159e+00
3.384000e-05	6.457248e-03	-8.585573e+00
3.385000e-05	9.665371e-04	-8.673707e+00
3.386000e-05	-5.933593e-03	-8.744813e+00
3.387000e-05	2.652157e-02	-8.786493e+00
3.388000e-05	2.353445e-02	-8.849002e+00
3.389000e-05	4.529898e-03	-8.880579e+00
3.390000e-05	-2.533338e-03	-8.881760e+00
3.391000e-05	8.635050e-03	-8.884260e+00
3.392000e-05	3.007635e-02	-8.916765e+00
3.393000e-05	1.636653e-02	-8.976445e+00
3.394000e-05	5.158912e-03	-9.007443e+00
3.395000e-05	2.567247e-03	-9.021478e+00
3.396000e-05	2.253864e-02	-9.019053e+00
3.397000e-05	2.790641e-02	-9.020559e+00
3.398000e-05	1.215568e-02	-9.049579e+00
3.399000e-05	3.580078e-03	-9.091133e+00
3.400000e-05	1.154475e-02	-9.061707e+00
3.401000e-05	2.912364e-02	-9.121706e+00
3.402000e-05	2.462457e-02	-9.103182e+00
3.403000e-05	1.136606e-02	-9.082157e+00
3.404000e-05	8.865896e-03	-9.061102e+00
3.405000e-05	2.325773e-02	-9.071630e+00
3.406000e-05	2.996050e-02	-9.060653e+00
3.407000e-05	2.066840e-02	-9.081077e+00
3.408000e-05	1.235796e-02	-9.016973e+00
3.409000e-05	1.835126e-02	-8.976819e+00
3.410000e-05	3.163530e-02	-8.936390e+00
3.411000e-05	3.042383e-02	-8.965760e+00
3.412000e-05	1.867754e-02	-8.914808e+00
3.413000e-05	1.344153e-02	-8.872511e+00
3.414000e-05	2.418059e-02	-8.840050e+00
3.415000e-05	3.220434e-02	-8.820025e+00
3.416000e-05	2.645283e-02	-8.768845e+00
3.417000e-05	1.824717e-02	-8.765743e+00
3.418000e-05	2.014602e-02	-8.722626e+00
3.419000e-05	2.983702e-02	-8.637368e+00
3.420000e-05	2.965902e-02	-8.503790e+00
3.421000e-05	1.912675e-02	-8.451006e+00
3.422000e-05	1.425869e-02	-8.399923e+00
3.423000e-05	1.982461e-02	-8.377320e+00
3.424000e-05	2.750920e-02	-8.292710e+00
3.425000e-05	2.424870e-02	-8.248623e+00
3.426000e-05	1.376821e-02	-8.173797e+00
3.427000e-05	1.433903e-02	-8.112584e+00
3.428000e-05	2.125243e-02	-8.030024e+00
3.429000e-05	2.422718e-02	-7.927842e+00
3.430000e-05	1.458089e-02	-7.868027e+00
3.431000e-05	8.226329e-03	-7.742541e+00
3.432000e-05	1.184514e-02	-7.628401e+00
3.433000e-05	1.763856e-02	-7.532688e+00
3.434000e-05	1.504108e-02	-7.419949e+00
3.435000e-05	6.191620e-03	-7.331237e+00
3.436000e-05	4.568997e-03	-7.210078e+00
3.437000e-05	1.247599e-02	-7.133746e+00
3.438000e-05	1.588662e-02	-7.027498e+00
3.439000e-05	1.057942e-02	-6.881030e+00
3.440000e-05	2.994739e-03	-6.796870e+00
3.441000e-05	4.811626e-03	-6.641104e+00
3.442000e-05	1.003707e-02	-6.586268e+00
3.443000e-05	7.936319e-03	-6.440979e+00
3.444000e-05	1.615258e-03	-6.345863e+00
3.445000e-05	-5.963305e-05	-6.165801e+00
3.446000e-05	6.675448e-03	-6.050551e+00
3.447000e-05	1.002710e-02	-5.964840e+00
3.448000e-05	5.549685e-03	-5.820500e+00
3.449000e-05	-3.987301e-04	-5.662610e+00
3.450000e-05	7.040965e-04	-5.608396e+00
3.451000e-05	3.416767e-03	-5.409347e+00
3.452000e-05	4.800496e-03	-5.229971e+00
3.453000e-05	-1.380829e-03	-5.072130e+00
3.454000e-05	-1.880235e-03	-4.954689e+00
3.455000e-05	1.583463e-03	-4.664669e+00
3.456000e-05	6.012748e-03	-4.608446e+00
3.457000e-05	2.754188e-03	-4.501179e+00
3.458000e-05	-1.733220e-03	-4.395869e+00
3.459000e-05	-2.487827e-03	-4.240949e+00
3.460000e-05	1.467229e-03	-4.070459e+00
3.461000e-05	8.191834e-04	-3.967895e+00
3.462000e-05	-1.239184e-03	-3.777772e+00
3.463000e-05	-4.517307e-03	-3.608471e+00
3.464000e-05	-2.901686e-03	-3.481579e+00
3.465000e-05	1.333012e-03	-3.284217e+00
3.466000e-05	1.876691e-03	-3.208296e+00
3.467000e-05	-1.936749e-03	-3.018324e+00
3.468000e-05	-5.769258e-03	-2.799950e+00
3.469000e-05	-2.922993e-03	-2.674161e+00
3.470000e-05	-2.894715e-03	-2.512737e+00
3.471000e-05	-2.443670e-03	-2.377972e+00
3.472000e-05	-5.238793e-03	-2.217901e+00
3.473000e-05	-3.810479e-03	-2.009425e+00
3.474000e-05	-2.082256e-03	-1.872108e+00
3.475000e-05	-3.762408e-04	-1.733642e+00
3.476000e-05	-3.644454e-03	-1.578799e+00
3.477000e-05	-5.635394e-03	-1.377164e+00
3.478000e-05	-5.818357e-03	-1.166791e+00
3.479000e-05	-4.122077e-03	-1.007374e+00
3.480000e-05	-4.627516e-03	-8.005312e-01
3.481000e-05	-5.913694e-03	-6.716378e-01
3.482000e-05	-5.730323e-03	-5.230313e-01
3.483000e-05	-3.344552e-03	-3.252131e-01
3.484000e-05	-2.673854e-03	-1.868958e-01
3.485000e-05	-1.663097e-03	-2.155375e-02
3.486000e-05	-4.273349e-04	1.374386e-01
3.487000e-05	-4.465483e-03	3.194473e-01
3.488000e-05	-3.193534e-04	4.732320e-01
3.489000e-05	-4.369826e-03	6.001015e-01
3.490000e-05	-2.830048e-03	7.590148e-01
3.491000e-05	-5.778663e-03	9.032611e-01
3.492000e-05	2.018678e-03	1.145287e+00
3.493000e-05	1.656451e-02	1.274232e+00
3.494000e-05	6.555492e-02	1.453310e+00
3.495000e-05	-5.692281e-03	1.767371e+00
3.496000e-05	-4.803026e-02	1.897287e+00
3.497000e-05	-5.976594e-02	2.012080e+00
3.498000e-05	-9.092018e-02	2.107966e+00
3.499000e-05	1.065195e-01	2.232104e+00
3.500000e-05	2.227199e-02	2.420077e+00
3.501000e-05	-1.587817e-01	2.538944e+00
3.502000e-05	1.492766e-01	2.717915e+00
3.503000e-05	-3.441930e-03	2.936915e+00
3.504000e-05	-7.488680e-02	3.042053e+00
3.505000e-05	1.096902e-01	3.176895e+00
3.506000e-05	-4.950900e-02	3.359496e+00
3.507000e-05	-1.308715e-01	3.507416e+00
3.508000e-05	1.113881e-01	3.642681e+00
3.509000e-05	-1.151299e-02	3.821174e+00
3.510000e-05	-1.322307e-02	3.956991e+00
3.511000e-05	7.487713e-04	4.095915e+00
3.512000e-05	-6.669612e-02	4.356442e+00
3.513000e-05	5.897083e-02	4.431104e+00
3.514000e-05	6.689369e-03	4.599465e+00
3.515000e-05	-4.784601e-02	4.716969e+00
3.516000e-05	-1.687433e-02	4.893633e+00
3.517000e-05	1.003927e-02	5.114184e+00
3.518000e-05	1.934565e-02	5.251603e+00
3.519000e-05	-9.205027e-03	5.379518e+00
3.520000e-05	-2.681589e-02	5.505910e+00
3.521000e-05	-3.032970e-02	5.640550e+00
3.522000e-05	3.254860e-03	5.777914e+00
3.523000e-05	4.523926e-02	5.925786e+00
3.524000e-05	-3.135229e-02	6.051603e+00
3.525000e-05	-3.930378e-02	6.147418e+00
3.526000e-05	8.424879e-03	6.322717e+00
3.527000e-05	2.617811e-03	6.369517e+00
3.528000e-05	9.060347e-03	6.485632e+00
3.529000e-05	-4.468122e-02	6.691677e+00
3.530000e-05	-2.329653e-02	6.790025e+00
3.531000e-05	1.335563e-02	6.864655e+00
3.532000e-05	1.271163e-02	6.976416e+00
3.533000e-05	-8.987057e-03	7.053604e+00
3.534000e-05	-4.152272e-02	7.197419e+00
3.535000e-05	-7.595093e-03	7.252102e+00
3.536000e-05	5.181842e-03	7.364864e+00
3.537000e-05	8.883146e-04	7.494336e+00
3.538000e-05	-2.991392e-02	7.639495e+00
3.539000e-05	-2.892828e-02	7.705286e+00
3.540000e-05	4.273143e-03	7.778473e+00
3.541000e-05	9.324790e-03	7.893057e+00
3.542000e-05	-1.465037e-02	7.969019e+00
3.543000e-05	-3.434724e-02	8.073331e+00
3.544000e-05	-1.913196e-02	8.197296e+00
3.545000e-05	2.317961e-03	8.251000e+00
3.546000e-05	-3.002007e-03	8.312757e+00
3.547000e-05	-2.719004e-02	8.366919e+00
3.548000e-05	-2.973810e-02	8.400523e+00
3.549000e-05	-8.795461e-03	8.471082e+00
3.550000e-05	4.347824e-03	8.543256e+00
3.551000e-05	-1.492568e-02	8.555816e+00
3.552000e-05	-3.231923e-02	8.577999e+00
3.553000e-05	-2.316374e-02	8.671178e+00
3.554000e-05	-4.808409e-03	8.683211e+00
3.555000e-05	-6.301283e-03	8.734837e+00
3.556000e-05	-2.776323e-02	8.789342e+00
3.557000e-05	-3.105292e-02	8.797976e+00
3.558000e-05	-1.707448e-02	8.818023e+00
3.559000e-05	-4.760715e-03	8.880000e+00
3.560000e-05	-1.740508e-02	8.831129e+00
3.561000e-05	-3.209972e-02	8.903106e+00
3.562000e-05	-2.842311e-02	8.883282e+00
3.563000e-05	-1.263232e-02	8.902836e+00
3.564000e-05	-1.104941e-02	8.953286e+00
3.565000e-05	-2.796235e-02	8.973290e+00
3.566000e-05	-3.445415e-02	9.023336e+00
3.567000e-05	-2.506162e-02	8.978742e+00
3.568000e-05	-1.320378e-02	8.975795e+00
3.569000e-05	-1.988560e-02	9.027812e+00
3.570000e-05	-3.398543e-02	9.005862e+00
3.571000e-05	-3.280300e-02	8.977287e+00
3.572000e-05	-2.154496e-02	8.944212e+00
3.573000e-05	-1.887224e-02	8.962835e+00
3.574000e-05	-3.192590e-02	8.871634e+00
3.575000e-05	-3.859074e-02	8.911607e+00
3.576000e-05	-3.171169e-02	8.840530e+00
3.577000e-05	-2.137172e-02	8.811474e+00
3.578000e-05	-2.521794e-02	8.808922e+00
3.579000e-05	-3.655909e-02	8.778395e+00
3.580000e-05	-3.722725e-02	8.745740e+00
3.581000e-05	-2.813319e-02	8.743212e+00
3.582000e-05	-2.340875e-02	8.682633e+00
3.583000e-05	-3.215099e-02	8.638947e+00
3.584000e-05	-3.833374e-02	8.576344e+00
3.585000e-05	-3.454395e-02	8.525714e+00
3.586000e-05	-2.446663e-02	8.481656e+00
3.587000e-05	-2.552693e-02	8.441003e+00
3.588000e-05	-3.328238e-02	8.368870e+00
3.589000e-05	-3.506783e-02	8.306290e+00
3.590000e-05	-2.746955e-02	8.260000e+00
3.591000e-05	-2.243633e-02	8.206845e+00
3.592000e-05	-2.509570e-02	8.102160e+00
3.593000e-05	-3.139673e-02	8.070026e+00
3.594000e-05	-2.911059e-02	7.924689e+00
3.595000e-05	-2.190945e-02	7.820499e+00
3.596000e-05	-1.684203e-02	7.754817e+00
3.597000e-05	-2.322420e-02	7.703133e+00
3.598000e-05	-2.597571e-02	7.608426e+00
3.599000e-05	-2.116697e-02	7.541732e+00
3.600000e-05	-1.435797e-02	7.343186e+00
3.601000e-05	-1.635376e-02	7.209478e+00
3.602000e-05	-2.256637e-02	7.185865e+00
3.603000e-05	-2.285880e-02	7.060532e+00
3.604000e-05	-1.603363e-02	6.955242e+00
3.605000e-05	-1.160027e-02	6.862028e+00
3.606000e-05	-1.516897e-02	6.747772e+00
3.607000e-05	-1.909126e-02	6.647522e+00
3.608000e-05	-1.599344e-02	6.491630e+00
3.609000e-05	-1.009278e-02	6.388870e+00
3.610000e-05	-1.106684e-02	6.252583e+00
3.611000e-05	-1.551256e-02	6.174286e+00
3.612000e-05	-1.734610e-02	6.040976e+00
3.613000e-05	-1.187287e-02	5.965293e+00
3.614000e-05	-9.209578e-03	5.724814e+00
3.615000e-05	-1.076864e-02	5.600450e+00
3.616000e-05	-1.337118e-02	5.503659e+00
3.617000e-05	-1.205667e-02	5.345871e+00
3.618000e-05	-7.785910e-03	5.208900e+00
3.619000e-05	-7.890240e-03	5.080525e+00
3.620000e-05	-1.027642e-02	4.852030e+00
3.621000e-05	-1.278188e-02	4.724816e+00
3.622000e-05	-1.008940e-02	4.610368e+00
3.623000e-05	-7.070376e-03	4.421582e+00
3.624000e-05	-7.293290e-03	4.345216e+00
3.625000e-05	-1.111857e-02	4.156214e+00
3.626000e-05	-1.011417e-02	4.009421e+00
3.627000e-05	-6.767804e-03	3.851555e+00
3.628000e-05	-6.933276e-03	3.704663e+00
3.629000e-05	-7.297366e-03	3.599322e+00
3.630000e-05	-9.831515e-03	3.398348e+00
3.631000e-05	-6.441251e-03	3.229549e+00
3.632000e-05	-5.294240e-03	3.094159e+00
3.633000e-05	-5.574851e-03	2.955292e+00
3.634000e-05	-8.156026e-03	2.809450e+00
3.635000e-05	-8.817665e-03	2.611976e+00
3.636000e-05	-6.245673e-03	2.429976e+00
3.637000e-05	-5.286329e-03	2.304133e+00
3.638000e-05	-5.712804e-03	2.134689e+00
3.639000e-05	-6.451263e-03	1.998897e+00
3.640000e-05	-4.234588e-03	1.870976e+00
3.641000e-05	-3.466163e-03	1.681554e+00
3.642000e-05	-4.899481e-03	1.513633e+00
3.643000e-05	-6.942063e-03	1.304213e+00
3.644000e-05	-8.249915e-03	1.126314e+00
3.645000e-05	-5.817266e-03	9.136941e-01
3.646000e-05	-2.792978e-03	7.668444e-01
3.647000e-05	-3.506118e-03	5.684008e-01
3.648000e-05	-4.728952e-03	4.415551e-01
3.649000e-05	-3.389481e-03	2.520588e-01
3.650000e-05	-2.802485e-03	4.252888e-02
3.651000e-05	-9.997627e-04	-9.378328e-02
3.652000e-05	-7.570475e-04	-2.410795e-01
3.653000e-05	-2.380092e-03	-3.785489e-01
3.654000e-05	-4.268172e-04	-4.948099e-01
3.655000e-05	-9.430197e-04	-7.053900e-01
3.656000e-05	-1.106831e-03	-8.227544e-01
3.657000e-05	-2.541921e-03	-1.011073e+00
3.658000e-05	2.745079e-03	-1.136913e+00
3.659000e-05	3.206368e-02	-1.254740e+00
3.660000e-05	8.266090e-02	-1.566889e+00
3.661000e-05	-5.680947e-02	-1.790074e+00
3.662000e-05	-1.985904e-02	-2.030099e+00
3.663000e-05	-1.244623e-01	-2.146388e+00
3.664000e-05	5.024714e-02	-2.197971e+00
3.665000e-05	1.159211e-01	-2.241277e+00
3.666000e-05	-1.617302e-01	-2.548366e+00
3.667000e-05	3.883512e-02	-2.703686e+00
3.668000e-05	1.248551e-01	-2.725361e+00
3.669000e-05	-1.585866e-01	-2.969450e+00
3.670000e-05	9.262994e-02	-3.200023e+00
3.671000e-05	9.208213e-02	-3.283211e+00
3.672000e-05	-2.092288e-01	-3.474755e+00
3.673000e-05	8.838813e-02	-3.599498e+00
3.674000e-05	7.326297e-02	-3.695335e+00
3.675000e-05	-7.017265e-02	-3.979498e+00
3.676000e-05	9.637423e-02	-4.061103e+00
3.677000e-05	-1.145475e-01	-4.210601e+00
3.678000e-05	1.979632e-02	-4.380023e+00
3.679000e-05	1.241104e-01	-4.491204e+00
3.680000e-05	-1.344093e-01	-4.622205e+00
3.681000e-05	4.422747e-02	-4.820052e+00
3.682000e-05	-8.206712e-03	-4.915718e+00
3.683000e-05	3.652848e-03	-5.136334e+00
3.684000e-05	7.133590e-02	-5.240205e+00
3.685000e-05	-8.090977e-02	-5.462551e+00
3.686000e-05	2.788083e-02	-5.548021e+00
3.687000e-05	-3.356020e-02	-5.714310e+00
3.688000e-05	4.485790e-02	-5.861177e+00
3.689000e-05	5.485988e-02	-5.967469e+00
3.690000e-05	-9.530758e-02	-6.051655e+00
3.691000e-05	5.140500e-02	-6.137094e+00
3.692000e-05	-5.919094e-03	-6.328443e+00
3.693000e-05	2.341153e-02	-6.462684e+00
3.694000e-05	1.181334e-02	-6.557845e+00
3.695000e-05	-7.408141e-02	-6.693257e+00
3.696000e-05	6.172086e-02	-6.829499e+00
3.697000e-05	1.595139e-03	-6.884284e+00
3.698000e-05	2.908401e-02	-7.113678e+00
3.699000e-05	-1.227862e-02	-7.166921e+00
3.700000e-05	-3.362542e-02	-7.262779e+00
3.701000e-05	5.207014e-02	-7.357444e+00
3.702000e-05	-1.062127e-02	-7.441731e+00
3.703000e-05	2.223909e-02	-7.545315e+00
3.704000e-05	-3.354766e-02	-7.651002e+00
3.705000e-05	1.190694e-02	-7.806948e+00
3.706000e-05	4.209195e-02	-7.913211e+00
3.707000e-05	-1.095422e-03	-7.999050e+00
3.708000e-05	8.930408e-03	-8.051053e+00
3.709000e-05	-2.731091e-02	-8.144785e+00
3.710000e-05	3.045765e-02	-8.188470e+00
3.711000e-05	1.879334e-02	-8.302705e+00
3.712000e-05	4.525260e-03	-8.364841e+00
3.713000e-05	-6.771740e-03	-8.347947e+00
3.714000e-05	-3.124184e-03	-8.441551e+00
3.715000e-05	3.771997e-02	-8.520633e+00
3.716000e-05	1.214829e-02	-8.583815e+00
3.717000e-05	2.983404e-03	-8.650672e+00
3.718000e-05	-7.687821e-03	-8.733734e+00
3.719000e-05	1.963393e-02	-8.776968e+00
3.720000e-05	2.869644e-02	-8.799549e+00
3.721000e-05	6.907784e-03	-8.841104e+00
3.722000e-05	-1.824643e-03	-8.882632e+00
3.723000e-05	4.044149e-03	-8.941257e+00
3.724000e-05	2.741468e-02	-8.942785e+00
3.725000e-05	2.056380e-02	-8.955770e+00
3.726000e-05	6.898462e-03	-8.966393e+00
3.727000e-05	1.638184e-03	-9.019028e+00
3.728000e-05	1.770193e-02	-9.030023e+00
3.729000e-05	2.889402e-02	-9.040601e+00
3.730000e-05	1.643622e-02	-9.052078e+00
3.731000e-05	3.133695e-03	-9.100632e+00
3.732000e-05	8.041301e-03	-9.061151e+00
3.733000e-05	2.569424e-02	-9.121155e+00
3.734000e-05	2.750707e-02	-9.090656e+00
3.735000e-05	1.490135e-02	-9.091157e+00
3.736000e-05	7.808479e-03	-9.092659e+00
3.737000e-05	2.113287e-02	-9.061127e+00
3.738000e-05	2.979968e-02	-9.070556e+00
3.739000e-05	2.300219e-02	-9.060650e+00
3.740000e-05	1.186001e-02	-8.999971e+00
3.741000e-05	1.447576e-02	-8.956349e+00
3.742000e-05	2.830415e-02	-8.988445e+00
3.743000e-05	3.177014e-02	-8.955813e+00
3.744000e-05	2.160767e-02	-8.933261e+00
3.745000e-05	1.300086e-02	-8.923131e+00
3.746000e-05	2.260750e-02	-8.850627e+00
3.747000e-05	3.121501e-02	-8.820029e+00
3.748000e-05	2.825092e-02	-8.787924e+00
3.749000e-05	1.791387e-02	-8.747819e+00
3.750000e-05	1.793028e-02	-8.734186e+00
3.751000e-05	2.796906e-02	-8.648028e+00
3.752000e-05	3.075501e-02	-8.544296e+00
3.753000e-05	2.271024e-02	-8.471560e+00
3.754000e-05	1.516234e-02	-8.439526e+00
3.755000e-05	1.930527e-02	-8.397872e+00
3.756000e-05	2.698617e-02	-8.315212e+00
3.757000e-05	2.512938e-02	-8.250550e+00
3.758000e-05	1.545698e-02	-8.196395e+00
3.759000e-05	1.312423e-02	-8.100737e+00
3.760000e-05	1.983812e-02	-8.059525e+00
3.761000e-05	2.307148e-02	-8.007846e+00
3.762000e-05	1.670190e-02	-7.921179e+00
3.763000e-05	8.825680e-03	-7.734293e+00
3.764000e-05	1.090695e-02	-7.679925e+00
3.765000e-05	1.792089e-02	-7.544242e+00
3.766000e-05	1.778955e-02	-7.450076e+00
3.767000e-05	8.945642e-03	-7.354792e+00
3.768000e-05	6.379416e-03	-7.242552e+00
3.769000e-05	1.054440e-02	-7.207868e+00
3.770000e-05	1.514601e-02	-7.100051e+00
3.771000e-05	9.901303e-03	-6.922736e+00
3.772000e-05	3.955394e-03	-6.807945e+00
3.773000e-05	4.900461e-03	-6.732183e+00
3.774000e-05	9.835258e-03	-6.617397e+00
3.775000e-05	1.032432e-02	-6.502633e+00
3.776000e-05	3.192571e-03	-6.376870e+00
3.777000e-05	1.738966e-03	-6.289152e+00
3.778000e-05	5.222791e-03	-6.061083e+00
3.779000e-05	8.032306e-03	-5.987821e+00
3.780000e-05	4.714467e-03	-5.892107e+00
3.781000e-05	-1.228198e-04	-5.773762e+00
3.782000e-05	5.249479e-04	-5.629927e+00
3.783000e-05	5.017030e-03	-5.493101e+00
3.784000e-05	5.571888e-03	-5.281705e+00
3.785000e-05	1.065304e-03	-5.115787e+00
3.786000e-05	-1.361479e-03	-5.018915e+00
3.787000e-05	3.908541e-04	-4.806496e+00
3.788000e-05	4.270196e-03	-4.640475e+00
3.789000e-05	2.568725e-03	-4.554212e+00
3.790000e-05	-1.920949e-03	-4.387921e+00
3.791000e-05	-3.275704e-03	-4.252632e+00
3.792000e-05	1.058658e-03	-4.146316e+00
3.793000e-05	7.423660e-04	-3.999371e+00
3.794000e-05	-1.969542e-04	-3.900510e+00
3.795000e-05	-4.218550e-03	-3.620056e+00
3.796000e-05	-2.697275e-03	-3.503187e+00
3.797000e-05	4.917440e-04	-3.397343e+00
3.798000e-05	7.483815e-04	-3.219475e+00
3.799000e-05	-3.189548e-03	-3.092558e+00
3.800000e-05	-3.850299e-03	-2.852106e+00
3.801000e-05	-2.199581e-03	-2.724742e+00
3.802000e-05	-1.069738e-03	-2.596272e+00
3.803000e-05	-3.590039e-03	-2.390500e+00
3.804000e-05	-5.564607e-03	-2.281533e+00
3.805000e-05	-3.834248e-03	-2.041580e+00
3.806000e-05	-2.361968e-03	-1.924737e+00
3.807000e-05	-8.258697e-04	-1.796896e+00
3.808000e-05	-4.240350e-03	-1.607999e+00
3.809000e-05	-6.439942e-03	-1.438473e+00
3.810000e-05	-4.967386e-03	-1.258425e+00
3.811000e-05	-3.453109e-03	-1.051579e+00
3.812000e-05	-4.906915e-03	-9.026341e-01
3.813000e-05	-6.129736e-03	-7.463918e-01
3.814000e-05	-5.452510e-03	-5.647143e-01
3.815000e-05	-2.701723e-03	-3.783673e-01
3.816000e-05	-2.956811e-03	-2.099524e-01
3.817000e-05	-2.874820e-03	-5.311239e-02
3.818000e-05	-1.953618e-03	5.478941e-02
3.819000e-05	-1.568341e-03	2.857572e-01
3.820000e-05	-1.403322e-03	4.326028e-01
3.821000e-05	-1.355862e-03	5.695498e-01
3.822000e-05	-4.674035e-03	6.938334e-01
3.823000e-05	-4.242650e-03	8.321805e-01
3.824000e-05	-9.492859e-04	1.065180e+00
3.825000e-05	1.040823e-02	1.201627e+00
3.826000e-05	4.960788e-02	1.382598e+00
3.827000e-05	2.896422e-02	1.624860e+00
3.828000e-05	-5.309999e-02	1.841734e+00
3.829000e-05	-4.309737e-02	1.990575e+00
3.830000e-05	-9.595383e-02	2.126241e+00
3.831000e-05	3.918905e-02	2.180575e+00
3.832000e-05	1.058277e-01	2.377494e+00
3.833000e-05	-1.617704e-01	2.503733e+00
3.834000e-05	5.457661e-02	2.685185e+00
3.835000e-05	9.251963e-02	2.853707e+00
3.836000e-05	-1.028792e-01	3.021027e+00
3.837000e-05	6.219544e-02	3.113313e+00
3.838000e-05	4.717912e-02	3.244758e+00
3.839000e-05	-1.716773e-01	3.545857e+00
3.840000e-05	6.765345e-02	3.611125e+00
3.841000e-05	3.936911e-02	3.788920e+00
3.842000e-05	-3.528648e-02	3.925840e+00
3.843000e-05	2.084390e-02	4.084157e+00
3.844000e-05	-7.068047e-02	4.324762e+00
3.845000e-05	2.396189e-02	4.400049e+00
3.846000e-05	3.998860e-02	4.547819e+00
3.847000e-05	-4.129222e-02	4.702738e+00
3.848000e-05	-2.696413e-02	4.842129e+00
3.849000e-05	7.902225e-03	5.023177e+00
3.850000e-05	1.381674e-02	5.210078e+00
3.851000e-05	7.268139e-03	5.336839e+00
3.852000e-05	-3.270877e-02	5.483255e+00
3.853000e-05	-2.401555e-02	5.579571e+00
3.854000e-05	-2.235718e-02	5.725260e+00
3.855000e-05	4.970770e-02	5.903708e+00
3.856000e-05	-6.857971e-03	6.030571e+00
3.857000e-05	-4.961252e-02	6.134839e+00
3.858000e-05	3.772586e-03	6.250628e+00
3.859000e-05	5.481899e-05	6.377918e+00
3.860000e-05	1.524475e-02	6.420129e+00
3.861000e-05	-3.296407e-02	6.628524e+00
3.862000e-05	-3.558712e-02	6.777466e+00
3.863000e-05	3.396188e-03	6.851054e+00
3.864000e-05	1.662403e-02	6.945814e+00
3.865000e-05	-8.536666e-04	7.000578e+00
3.866000e-05	-3.530315e-02	7.156794e+00
3.867000e-05	-2.105423e-02	7.239602e+00
3.868000e-05	5.234487e-03	7.344762e+00
3.869000e-05	4.499410e-03	7.483122e+00
3.870000e-05	-2.169914e-02	7.588970e+00
3.871000e-05	-3.415726e-02	7.652758e+00
3.872000e-05	-7.905004e-03	7.767394e+00
3.873000e-05	1.346531e-02	7.892656e+00
3.874000e-05	-8.583232e-03	7.968464e+00
3.875000e-05	-2.813817e-02	8.087237e+00
3.876000e-05	-2.893186e-02	8.185941e+00
3.877000e-05	-1.200702e-03	8.209448e+00
3.878000e-05	1.792026e-03	8.263632e+00
3.879000e-05	-1.996426e-02	8.346840e+00
3.880000e-05	-3.126584e-02	8.378999e+00
3.881000e-05	-1.837266e-02	8.420077e+00
3.882000e-05	4.741008e-03	8.483181e+00
3.883000e-05	-9.650238e-03	8.494810e+00
3.884000e-05	-2.736497e-02	8.586444e+00
3.885000e-05	-2.931604e-02	8.610577e+00
3.886000e-05	-9.307282e-03	8.674636e+00
3.887000e-05	-1.981808e-03	8.724258e+00
3.888000e-05	-2.191359e-02	8.716389e+00
3.889000e-05	-3.232571e-02	8.796969e+00
3.890000e-05	-2.344477e-02	8.800422e+00
3.891000e-05	-5.589614e-03	8.831553e+00
3.892000e-05	-1.317094e-02	8.831604e+00
3.893000e-05	-2.636546e-02	8.861607e+00
3.894000e-05	-3.190175e-02	8.931686e+00
3.895000e-05	-1.703366e-02	8.884236e+00
3.896000e-05	-1.016824e-02	8.914337e+00
3.897000e-05	-2.263023e-02	8.895267e+00
3.898000e-05	-3.318252e-02	9.015414e+00
3.899000e-05	-2.981861e-02	8.985395e+00
3.900000e-05	-1.617784e-02	8.984892e+00
3.901000e-05	-1.627913e-02	9.005869e+00
3.902000e-05	-2.783482e-02	8.987269e+00
3.903000e-05	-3.515726e-02	8.944911e+00
3.904000e-05	-2.647816e-02	8.936312e+00
3.905000e-05	-1.977283e-02	8.975260e+00
3.906000e-05	-2.600434e-02	8.871663e+00
3.907000e-05	-3.516634e-02	8.913129e+00
3.908000e-05	-3.430359e-02	8.860552e+00
3.909000e-05	-2.438775e-02	8.821501e+00
3.910000e-05	-2.311527e-02	8.789048e+00
3.911000e-05	-3.260187e-02	8.796918e+00
3.912000e-05	-3.952011e-02	8.785816e+00
3.913000e-05	-3.216457e-02	8.743160e+00
3.914000e-05	-2.469936e-02	8.713086e+00
3.915000e-05	-2.784111e-02	8.650023e+00
3.916000e-05	-3.592533e-02	8.608446e+00
3.917000e-05	-3.653578e-02	8.554816e+00
3.918000e-05	-2.771558e-02	8.502632e+00
3.919000e-05	-2.491973e-02	8.431052e+00
3.920000e-05	-3.035779e-02	8.418449e+00
3.921000e-05	-3.594106e-02	8.366316e+00
3.922000e-05	-2.968411e-02	8.282102e+00
3.923000e-05	-2.269984e-02	8.175919e+00
3.924000e-05	-2.278216e-02	8.124712e+00
3.925000e-05	-3.051858e-02	8.071529e+00
3.926000e-05	-3.053551e-02	7.997393e+00
3.927000e-05	-2.399126e-02	7.871560e+00
3.928000e-05	-1.747981e-02	7.807847e+00
3.929000e-05	-2.343813e-02	7.703188e+00
3.930000e-05	-2.491334e-02	7.617949e+00
3.931000e-05	-2.337798e-02	7.512738e+00
3.932000e-05	-1.647670e-02	7.386821e+00
3.933000e-05	-1.693536e-02	7.240530e+00
3.934000e-05	-2.143964e-02	7.165844e+00
3.935000e-05	-2.297259e-02	7.082630e+00
3.936000e-05	-1.702242e-02	6.959369e+00
3.937000e-05	-1.250910e-02	6.841104e+00
3.938000e-05	-1.428657e-02	6.787896e+00
3.939000e-05	-1.864478e-02	6.671105e+00
3.940000e-05	-1.687972e-02	6.475163e+00
3.941000e-05	-1.236786e-02	6.418949e+00
3.942000e-05	-1.123462e-02	6.294108e+00
3.943000e-05	-1.506785e-02	6.176347e+00
3.944000e-05	-1.739433e-02	6.041554e+00
3.945000e-05	-1.177962e-02	5.977321e+00
3.946000e-05	-9.305251e-03	5.858921e+00
3.947000e-05	-9.925446e-03	5.661603e+00
3.948000e-05	-1.238241e-02	5.524291e+00
3.949000e-05	-1.212580e-02	5.427901e+00
3.950000e-05	-9.445575e-03	5.281657e+00
3.951000e-05	-9.047904e-03	5.142133e+00
3.952000e-05	-9.931362e-03	4.933784e+00
3.953000e-05	-1.150616e-02	4.777346e+00
3.954000e-05	-9.450631e-03	4.627954e+00
3.955000e-05	-6.807140e-03	4.493638e+00
3.956000e-05	-6.661769e-03	4.379369e+00
3.957000e-05	-9.963090e-03	4.206321e+00
3.958000e-05	-1.009351e-02	4.020998e+00
3.959000e-05	-7.219317e-03	3.903634e+00
3.960000e-05	-6.769369e-03	3.775717e+00
3.961000e-05	-8.117657e-03	3.610425e+00
3.962000e-05	-8.910587e-03	3.451509e+00
3.963000e-05	-8.357456e-03	3.272108e+00
3.964000e-05	-5.771297e-03	3.125764e+00
3.965000e-05	-5.283300e-03	2.966847e+00
3.966000e-05	-7.131837e-03	2.830526e+00
3.967000e-05	-7.379945e-03	2.673160e+00
3.968000e-05	-5.627147e-03	2.470629e+00
3.969000e-05	-5.392758e-03	2.335664e+00
3.970000e-05	-5.188305e-03	2.187347e+00
3.971000e-05	-7.327488e-03	2.049978e+00
3.972000e-05	-6.162588e-03	1.884610e+00
3.973000e-05	-4.692589e-03	1.695062e+00
3.974000e-05	-3.864068e-03	1.545290e+00
3.975000e-05	-4.993141e-03	1.356341e+00
3.976000e-05	-5.541239e-03	1.188921e+00
3.977000e-05	-5.587839e-03	9.762667e-01
3.978000e-05	-3.970173e-03	8.003734e-01
3.979000e-05	-3.870707e-03	6.319760e-01
3.980000e-05	-4.815304e-03	4.721589e-01
3.981000e-05	-5.528657e-03	3.671668e-01
3.982000e-05	-4.455438e-03	1.542154e-01
3.983000e-05	-1.366508e-03	-1.072933e-02
3.984000e-05	1.503195e-03	-2.005729e-01
3.985000e-05	1.203316e-03	-3.273662e-01
3.986000e-05	-2.560185e-03	-4.321320e-01
3.987000e-05	1.440883e-03	-6.553372e-01
3.988000e-05	-2.843633e-03	-8.320766e-01
3.989000e-05	-1.561503e-03	-9.069200e-01
3.990000e-05	-3.204721e-03	-1.064816e+00
3.991000e-05	1.681227e-02	-1.232684e+00
3.992000e-05	8.199062e-02	-1.453185e+00
3.993000e-05	-1.946957e-02	-1.695810e+00
3.994000e-05	-3.222941e-02	-1.968466e+00
3.995000e-05	-8.413989e-02	-2.106833e+00
3.996000e-05	-5.072530e-02	-2.209427e+00
3.997000e-05	1.712416e-01	-2.209569e+00
3.998000e-05	-1.012048e-01	-2.454206e+00
3.999000e-05	-8.743725e-02	-2.724583e+00
4.000000e-05	1.894887e-01	-2.695311e+00
4.001000e-05	-1.243840e-01	-2.894833e+00
4.002000e-05	-1.052967e-02	-3.188494e+00
4.003000e-05	1.725167e-01	-3.261603e+00
4.004000e-05	-1.725964e-01	-3.411176e+00
4.005000e-05	-3.678445e-02	-3.587419e+00
4.006000e-05	1.552362e-01	-3.641782e+00
4.007000e-05	-9.155018e-02	-3.894885e+00
4.008000e-05	8.027221e-02	-4.000552e+00
4.009000e-05	-4.404015e-02	-4.147442e+00
4.010000e-05	-7.624330e-02	-4.349496e+00
4.011000e-05	1.624283e-01	-4.430104e+00
4.012000e-05	-9.044116e-02	-4.601026e+00
4.013000e-05	-2.005367e-02	-4.768019e+00
4.014000e-05	3.835177e-02	-4.893156e+00
4.015000e-05	-3.581808e-02	-5.084157e+00
4.016000e-05	8.741078e-02	-5.197949e+00
4.017000e-05	-5.127156e-02	-5.369024e+00
4.018000e-05	-1.416463e-02	-5.558494e+00
4.019000e-05	4.556508e-03	-5.643627e+00
4.020000e-05	-1.205917e-02	-5.809499e+00
4.021000e-05	9.838826e-02	-5.944839e+00
4.022000e-05	-8.174042e-02	-6.020603e+00
4.023000e-05	6.734772e-03	-6.166868e+00
4.024000e-05	3.329031e-02	-6.294210e+00
4.025000e-05	-1.384375e-02	-6.452078e+00
4.026000e-05	5.267527e-02	-6.576420e+00
4.027000e-05	-8.490281e-02	-6.662152e+00
4.028000e-05	3.549048e-02	-6.767549e+00
4.029000e-05	2.640602e-02	-6.860679e+00
4.030000e-05	8.708090e-03	-7.037051e+00
4.031000e-05	2.274107e-02	-7.155415e+00
4.032000e-05	-5.693276e-02	-7.211555e+00
4.033000e-05	4.834515e-02	-7.365864e+00
4.034000e-05	3.138060e-04	-7.380552e+00
4.035000e-05	1.682180e-02	-7.525362e+00
4.036000e-05	-1.521635e-02	-7.630024e+00
4.037000e-05	-1.617303e-02	-7.703886e+00
4.038000e-05	5.052054e-02	-7.832126e+00
4.039000e-05	2.251337e-03	-7.966441e+00
4.040000e-05	1.314497e-02	-8.031075e+00
4.041000e-05	-2.378036e-02	-8.085335e+00
4.042000e-05	1.241978e-02	-8.147417e+00
4.043000e-05	2.992946e-02	-8.251579e+00
4.044000e-05	4.825156e-03	-8.345816e+00
4.045000e-05	6.821768e-04	-8.358394e+00
4.046000e-05	-1.195349e-02	-8.429026e+00
4.047000e-05	2.999660e-02	-8.461105e+00
4.048000e-05	2.249809e-02	-8.564264e+00
4.049000e-05	2.897616e-03	-8.677530e+00
4.050000e-05	-5.530927e-03	-8.700755e+00
4.051000e-05	8.448048e-03	-8.744366e+00
4.052000e-05	3.037330e-02	-8.808997e+00
4.053000e-05	1.282805e-02	-8.810053e+00
4.054000e-05	-2.469438e-03	-8.842132e+00
4.055000e-05	1.289822e-03	-8.921686e+00
4.056000e-05	2.113501e-02	-8.923810e+00
4.057000e-05	2.688849e-02	-8.954866e+00
4.058000e-05	9.572275e-03	-8.977444e+00
4.059000e-05	2.618775e-04	-9.018896e+00
4.060000e-05	9.776224e-03	-9.030550e+00
4.061000e-05	2.717848e-02	-9.059103e+00
4.062000e-05	2.219037e-02	-9.080678e+00
4.063000e-05	5.746405e-03	-9.062103e+00
4.064000e-05	6.168923e-03	-9.101158e+00
4.065000e-05	2.221047e-02	-9.093757e+00
4.066000e-05	2.947640e-02	-9.053236e+00
4.067000e-05	1.726453e-02	-9.081636e+00
4.068000e-05	4.846976e-03	-9.081731e+00
4.069000e-05	1.359949e-02	-9.111582e+00
4.070000e-05	2.780109e-02	-9.079604e+00
4.071000e-05	2.741410e-02	-9.061005e+00
4.072000e-05	1.547798e-02	-9.028598e+00
4.073000e-05	1.435381e-02	-8.977373e+00
4.074000e-05	2.417705e-02	-8.986947e+00
4.075000e-05	3.302959e-02	-8.965312e+00
4.076000e-05	2.322104e-02	-8.944736e+00
4.077000e-05	1.386370e-02	-8.914132e+00
4.078000e-05	1.799381e-02	-8.890578e+00
4.079000e-05	3.039729e-02	-8.820554e+00
4.080000e-05	3.237708e-02	-8.799000e+00
4.081000e-05	2.172113e-02	-8.766871e+00
4.082000e-05	1.746714e-02	-8.731239e+00
4.083000e-05	2.447844e-02	-8.690977e+00
4.084000e-05	3.078182e-02	-8.626293e+00
4.085000e-05	2.446792e-02	-8.482185e+00
4.086000e-05	1.644028e-02	-8.420002e+00
4.087000e-05	1.802144e-02	-8.368447e+00
4.088000e-05	2.519864e-02	-8.344264e+00
4.089000e-05	2.725312e-02	-8.291633e+00
4.090000e-05	1.892236e-02	-8.216994e+00
4.091000e-05	1.426110e-02	-8.103686e+00
4.092000e-05	1.709837e-02	-8.051530e+00
4.093000e-05	2.331054e-02	-7.998447e+00
4.094000e-05	1.894038e-02	-7.951840e+00
4.095000e-05	1.093629e-02	-7.787370e+00
4.096000e-05	1.083044e-02	-7.690005e+00
4.097000e-05	1.529920e-02	-7.586787e+00
4.098000e-05	1.749528e-02	-7.472554e+00
4.099000e-05	1.144800e-02	-7.386815e+00
4.100000e-05	6.006795e-03	-7.253133e+00
4.101000e-05	9.269002e-03	-7.189400e+00
4.102000e-05	1.363395e-02	-7.133636e+00
4.103000e-05	1.243768e-02	-6.943316e+00
4.104000e-05	6.708095e-03	-6.829498e+00
4.105000e-05	3.645836e-03	-6.733766e+00
4.106000e-05	8.715958e-03	-6.650000e+00
4.107000e-05	8.692051e-03	-6.553161e+00
4.108000e-05	6.048329e-03	-6.419501e+00
4.109000e-05	2.470495e-03	-6.321582e+00
4.110000e-05	3.583673e-03	-6.162712e+00
4.111000e-05	8.247111e-03	-5.978976e+00
4.112000e-05	7.695832e-03	-5.912212e+00
4.113000e-05	2.801467e-03	-5.785819e+00
4.114000e-05	-9.390667e-04	-5.621554e+00
4.115000e-05	1.386259e-03	-5.541714e+00
4.116000e-05	3.107598e-03	-5.311391e+00
4.117000e-05	2.455379e-03	-5.187417e+00
4.118000e-05	-1.138683e-03	-5.079049e+00
4.119000e-05	-6.739378e-04	-4.878604e+00
4.120000e-05	4.386638e-03	-4.673060e+00
4.121000e-05	4.831460e-03	-4.576791e+00
4.122000e-05	9.225260e-04	-4.430526e+00
4.123000e-05	-4.079636e-03	-4.324663e+00
4.124000e-05	-1.458383e-03	-4.176366e+00
4.125000e-05	-9.931165e-04	-4.031479e+00
4.126000e-05	7.925507e-04	-3.943162e+00
4.127000e-05	-3.839730e-03	-3.691684e+00
4.128000e-05	-2.332969e-03	-3.564245e+00
4.129000e-05	-2.247771e-04	-3.418475e+00
4.130000e-05	2.759957e-03	-3.271055e+00
4.131000e-05	-2.798937e-03	-3.145766e+00
4.132000e-05	-4.614995e-03	-2.932665e+00
4.133000e-05	-5.663634e-03	-2.788296e+00
4.134000e-05	-1.865505e-03	-2.599426e+00
4.135000e-05	-3.101420e-03	-2.410607e+00
4.136000e-05	-3.827108e-03	-2.346689e+00
4.137000e-05	-4.355847e-03	-2.085835e+00
4.138000e-05	-1.784699e-03	-1.988367e+00
4.139000e-05	-7.368890e-04	-1.789397e+00
4.140000e-05	-2.702688e-03	-1.651034e+00
4.141000e-05	-6.016198e-03	-1.534185e+00
4.142000e-05	-6.627791e-03	-1.241051e+00
4.143000e-05	-4.529022e-03	-1.062685e+00
4.144000e-05	-4.405069e-03	-9.048132e-01
4.145000e-05	-5.037299e-03	-7.978486e-01
4.146000e-05	-5.913768e-03	-5.899522e-01
4.147000e-05	-3.404978e-03	-4.100013e-01
4.148000e-05	-2.643103e-03	-2.515578e-01
4.149000e-05	-2.554299e-03	-1.037392e-01
4.150000e-05	-1.372057e-03	1.165408e-02
4.151000e-05	-6.780539e-04	2.536031e-01
4.152000e-05	-3.030132e-03	3.910738e-01
4.153000e-05	9.297739e-04	4.869197e-01
4.154000e-05	-4.595914e-03	6.847356e-01
4.155000e-05	-4.008007e-03	7.800752e-01
4.156000e-05	-3.129227e-03	9.899940e-01
4.157000e-05	7.419117e-03	1.169449e+00
4.158000e-05	3.295675e-02	1.335941e+00
4.159000e-05	5.704669e-02	1.579998e+00
4.160000e-05	-4.540163e-02	1.800103e+00
4.161000e-05	-3.859277e-02	1.969443e+00
4.162000e-05	-8.294646e-02	2.074682e+00
4.163000e-05	-3.157532e-02	2.147396e+00
4.164000e-05	1.428404e-01	2.305787e+00
4.165000e-05	-1.057095e-01	2.454308e+00
4.166000e-05	-5.649551e-02	2.652549e+00
4.167000e-05	1.646640e-01	2.801174e+00
4.168000e-05	-9.357205e-02	2.970449e+00
4.169000e-05	-1.748077e-03	3.102733e+00
4.170000e-05	1.095978e-01	3.211628e+00
4.171000e-05	-1.545424e-01	3.443700e+00
4.172000e-05	-1.253730e-02	3.609452e+00
4.173000e-05	9.120179e-02	3.715339e+00
4.174000e-05	-4.174757e-02	3.834233e+00
4.175000e-05	1.862243e-02	4.031004e+00
4.176000e-05	-4.921299e-02	4.221626e+00
4.177000e-05	-2.172165e-02	4.377495e+00
4.178000e-05	6.359026e-02	4.473732e+00
4.179000e-05	-2.742384e-02	4.662055e+00
4.180000e-05	-3.778787e-02	4.829573e+00
4.181000e-05	3.885966e-04	4.999989e+00
4.182000e-05	9.678523e-03	5.149996e+00
4.183000e-05	1.908561e-02	5.253759e+00
4.184000e-05	-2.752134e-02	5.421126e+00
4.185000e-05	-2.135252e-02	5.547394e+00
4.186000e-05	-3.432363e-02	5.683732e+00
4.187000e-05	3.608095e-02	5.840198e+00
4.188000e-05	1.856767e-02	5.998445e+00
4.189000e-05	-4.825623e-02	6.085733e+00
4.190000e-05	-1.112617e-02	6.210052e+00
4.191000e-05	2.545319e-03	6.305862e+00
4.192000e-05	1.195836e-02	6.399526e+00
4.193000e-05	-1.482299e-02	6.546339e+00
4.194000e-05	-4.516793e-02	6.746811e+00
4.195000e-05	-8.579070e-03	6.862075e+00
4.196000e-05	1.749658e-02	6.934262e+00
4.197000e-05	4.377757e-03	6.969444e+00
4.198000e-05	-2.318395e-02	7.105737e+00
4.199000e-05	-3.371590e-02	7.210525e+00
4.200000e-05	2.782612e-03	7.291682e+00
4.201000e-05	4.713159e-03	7.462052e+00
4.202000e-05	-1.102570e-02	7.536892e+00
4.203000e-05	-3.468125e-02	7.683153e+00
4.204000e-05	-1.888409e-02	7.734815e+00
4.205000e-05	1.272088e-02	7.869625e+00
4.206000e-05	-2.879685e-03	7.955891e+00
4.207000e-05	-2.067017e-02	8.062605e+00
4.208000e-05	-3.438937e-02	8.135866e+00
4.209000e-05	-6.919082e-03	8.190026e+00
4.210000e-05	3.051103e-03	8.232078e+00
4.211000e-05	-1.212435e-02	8.304213e+00
4.212000e-05	-3.047914e-02	8.388424e+00
4.213000e-05	-2.481974e-02	8.461056e+00
4.214000e-05	5.245897e-04	8.482157e+00
4.215000e-05	-3.180533e-03	8.514736e+00
4.216000e-05	-2.131376e-02	8.569270e+00
4.217000e-05	-3.211774e-02	8.619004e+00
4.218000e-05	-1.462880e-02	8.722155e+00
4.219000e-05	-2.453881e-03	8.713661e+00
4.220000e-05	-1.326360e-02	8.736815e+00
4.221000e-05	-3.103975e-02	8.778394e+00
4.222000e-05	-2.818268e-02	8.777923e+00
4.223000e-05	-1.012139e-02	8.811527e+00
4.224000e-05	-8.767866e-03	8.830529e+00
4.225000e-05	-2.280774e-02	8.942131e+00
4.226000e-05	-3.375519e-02	8.904231e+00
4.227000e-05	-2.044611e-02	8.924784e+00
4.228000e-05	-1.005737e-02	8.943757e+00
4.229000e-05	-1.580358e-02	8.945340e+00
4.230000e-05	-3.220615e-02	8.975365e+00
4.231000e-05	-3.396874e-02	9.015891e+00
4.232000e-05	-1.967419e-02	8.988839e+00
4.233000e-05	-1.420758e-02	9.016314e+00
4.234000e-05	-2.499011e-02	9.045368e+00
4.235000e-05	-3.629129e-02	8.987294e+00
4.236000e-05	-2.779348e-02	8.955762e+00
4.237000e-05	-1.892011e-02	8.946211e+00
4.238000e-05	-2.159268e-02	8.942208e+00
4.239000e-05	-3.507940e-02	8.921154e+00
4.240000e-05	-3.837672e-02	8.861154e+00
4.241000e-05	-2.763074e-02	8.830525e+00
4.242000e-05	-2.067092e-02	8.830474e+00
4.243000e-05	-2.856025e-02	8.797946e+00
4.244000e-05	-3.924153e-02	8.777393e+00
4.245000e-05	-3.533064e-02	8.735187e+00
4.246000e-05	-2.650046e-02	8.712234e+00
4.247000e-05	-2.526454e-02	8.650156e+00
4.248000e-05	-3.493939e-02	8.629447e+00
4.249000e-05	-3.802760e-02	8.565368e+00
4.250000e-05	-3.053561e-02	8.483282e+00
4.251000e-05	-2.430488e-02	8.470556e+00
4.252000e-05	-2.753871e-02	8.409453e+00
4.253000e-05	-3.619987e-02	8.385846e+00
4.254000e-05	-3.227491e-02	8.313632e+00
4.255000e-05	-2.505019e-02	8.188997e+00
4.256000e-05	-2.050240e-02	8.165309e+00
4.257000e-05	-2.891714e-02	8.052133e+00
4.258000e-05	-3.195760e-02	8.067907e+00
4.259000e-05	-2.698477e-02	7.874136e+00
4.260000e-05	-1.827169e-02	7.818950e+00
4.261000e-05	-2.021902e-02	7.764813e+00
4.262000e-05	-2.448563e-02	7.641579e+00
4.263000e-05	-2.741707e-02	7.586817e+00
4.264000e-05	-1.845763e-02	7.499975e+00
4.265000e-05	-1.548116e-02	7.273554e+00
4.266000e-05	-1.822211e-02	7.189396e+00
4.267000e-05	-2.415480e-02	7.075688e+00
4.268000e-05	-2.068201e-02	7.020375e+00
4.269000e-05	-1.422373e-02	6.893209e+00
4.270000e-05	-1.238149e-02	6.830449e+00
4.271000e-05	-1.779295e-02	6.724613e+00
4.272000e-05	-1.927819e-02	6.535213e+00
4.273000e-05	-1.364466e-02	6.429975e+00
4.274000e-05	-9.335727e-03	6.305738e+00
4.275000e-05	-1.227915e-02	6.219401e+00
4.276000e-05	-1.785433e-02	6.085236e+00
4.277000e-05	-1.588468e-02	5.978925e+00
4.278000e-05	-9.565252e-03	5.862955e+00
4.279000e-05	-7.553472e-03	5.661583e+00
4.280000e-05	-1.171593e-02	5.557716e+00
4.281000e-05	-1.445776e-02	5.451081e+00
4.282000e-05	-1.082601e-02	5.344637e+00
4.283000e-05	-6.892706e-03	5.155818e+00
4.284000e-05	-8.882432e-03	4.995223e+00
4.285000e-05	-1.172873e-02	4.827397e+00
4.286000e-05	-1.195316e-02	4.682082e+00
4.287000e-05	-7.733703e-03	4.525714e+00
4.288000e-05	-5.427215e-03	4.428952e+00
4.289000e-05	-8.820470e-03	4.290554e+00
4.290000e-05	-1.062724e-02	4.062580e+00
4.291000e-05	-8.455039e-03	3.937266e+00
4.292000e-05	-5.004588e-03	3.808448e+00
4.293000e-05	-6.420877e-03	3.621559e+00
4.294000e-05	-8.582324e-03	3.534166e+00
4.295000e-05	-8.766307e-03	3.332110e+00
4.296000e-05	-6.910550e-03	3.185918e+00
4.297000e-05	-5.558083e-03	3.040024e+00
4.298000e-05	-6.103671e-03	2.872610e+00
4.299000e-05	-7.063665e-03	2.757344e+00
4.300000e-05	-6.532857e-03	2.504247e+00
4.301000e-05	-4.975018e-03	2.368845e+00
4.302000e-05	-4.937826e-03	2.209425e+00
4.303000e-05	-6.457214e-03	2.063081e+00
4.304000e-05	-6.478255e-03	1.926314e+00
4.305000e-05	-5.471860e-03	1.735291e+00
4.306000e-05	-4.115978e-03	1.627321e+00
4.307000e-05	-5.185120e-03	1.399376e+00
4.308000e-05	-5.484408e-03	1.231379e+00
4.309000e-05	-5.385289e-03	1.059460e+00
4.310000e-05	-4.594201e-03	8.209789e-01
4.311000e-05	-3.419664e-03	6.640851e-01
4.312000e-05	-4.848406e-03	5.247667e-01
4.313000e-05	-5.598012e-03	3.888710e-01
4.314000e-05	-4.462812e-03	2.093270e-01
4.315000e-05	-3.654286e-03	9.879687e-03
4.316000e-05	2.775758e-04	-1.773924e-01
4.317000e-05	1.883320e-03	-2.863359e-01
4.318000e-05	-3.284020e-03	-4.316053e-01
4.319000e-05	-3.307183e-05	-5.901029e-01
4.320000e-05	-2.325844e-03	-7.985988e-01
4.321000e-05	-8.793321e-05	-8.853623e-01
4.322000e-05	-3.291423e-03	-1.032781e+00
4.323000e-05	7.088306e-03	-1.190098e+00
4.324000e-05	6.155319e-02	-1.360019e+00
4.325000e-05	3.320208e-02	-1.611703e+00
4.326000e-05	-5.471737e-02	-1.875833e+00
4.327000e-05	-4.214311e-02	-2.034178e+00
4.328000e-05	-1.188553e-01	-2.219048e+00
4.329000e-05	1.618060e-01	-2.168498e+00
4.330000e-05	-1.185697e-02	-2.357966e+00
4.331000e-05	-1.618251e-01	-2.651629e+00
4.332000e-05	1.739187e-01	-2.703287e+00
4.333000e-05	-3.202437e-02	-2.800672e+00
4.334000e-05	-1.015301e-01	-3.115860e+00
4.335000e-05	1.824959e-01	-3.220078e+00
4.336000e-05	-7.234618e-02	-3.367395e+00
4.337000e-05	-1.487851e-01	-3.535865e+00
4.338000e-05	1.787202e-01	-3.629603e+00
4.339000e-05	-5.010533e-02	-3.852649e+00
4.340000e-05	2.282317e-02	-4.040102e+00
4.341000e-05	3.419815e-02	-4.084784e+00
4.342000e-05	-1.332734e-01	-4.326336e+00
4.343000e-05	1.361924e-01	-4.410078e+00
4.344000e-05	-1.543401e-03	-4.535940e+00
4.345000e-05	-9.250618e-02	-4.723890e+00
4.346000e-05	6.847642e-02	-4.861952e+00
4.347000e-05	-4.740674e-02	-5.021152e+00
4.348000e-05	6.778725e-02	-5.157396e+00
4.349000e-05	3.286135e-03	-5.334309e+00
4.350000e-05	-6.030416e-02	-5.543813e+00
4.351000e-05	3.647288e-02	-5.620475e+00
4.352000e-05	-4.676183e-02	-5.737465e+00
4.353000e-05	1.025286e-01	-5.923808e+00
4.354000e-05	-3.300792e-02	-5.987996e+00
4.355000e-05	-4.916732e-02	-6.155336e+00
4.356000e-05	6.240733e-02	-6.251176e+00
4.357000e-05	-3.171668e-02	-6.451575e+00
4.358000e-05	6.293198e-02	-6.514383e+00
4.359000e-05	-5.932889e-02	-6.660524e+00
4.360000e-05	-1.154303e-02	-6.766840e+00
4.361000e-05	5.166456e-02	-6.800128e+00
4.362000e-05	-6.375187e-03	-6.956389e+00
4.363000e-05	3.969373e-02	-7.094265e+00
4.364000e-05	-5.292080e-02	-7.209548e+00
4.365000e-05	2.102233e-02	-7.322285e+00
4.366000e-05	2.498963e-02	-7.380498e+00
4.367000e-05	1.820906e-03	-7.524233e+00
4.368000e-05	8.195001e-03	-7.567448e+00
4.369000e-05	-3.515997e-02	-7.723181e+00
4.370000e-05	4.347743e-02	-7.809573e+00
4.371000e-05	1.692620e-02	-7.923414e+00
4.372000e-05	8.400697e-03	-8.000102e+00
4.373000e-05	-9.919048e-03	-8.073756e+00
4.374000e-05	-9.985046e-03	-8.157442e+00
4.375000e-05	3.574944e-02	-8.219527e+00
4.376000e-05	6.880769e-03	-8.343284e+00
4.377000e-05	4.928778e-03	-8.355940e+00
4.378000e-05	-1.349451e-02	-8.408002e+00
4.379000e-05	1.607634e-02	-8.450630e+00
4.380000e-05	3.208213e-02	-8.504810e+00
4.381000e-05	4.566858e-03	-8.628921e+00
4.382000e-05	-5.842413e-04	-8.692136e+00
4.383000e-05	-3.468137e-03	-8.766264e+00
4.384000e-05	2.963281e-02	-8.788946e+00
4.385000e-05	1.974800e-02	-8.808078e+00
4.386000e-05	1.854505e-03	-8.882132e+00
4.387000e-05	-2.801777e-03	-8.881756e+00
4.388000e-05	1.186605e-02	-8.914287e+00
4.389000e-05	2.852594e-02	-8.936244e+00
4.390000e-05	1.412205e-02	-8.975916e+00
4.391000e-05	3.438551e-03	-9.016447e+00
4.392000e-05	4.558494e-03	-9.028551e+00
4.393000e-05	2.439808e-02	-9.028575e+00
4.394000e-05	2.491493e-02	-9.038104e+00
4.395000e-05	7.953761e-03	-9.101629e+00
4.396000e-05	3.090507e-03	-9.093079e+00
4.397000e-05	1.474208e-02	-9.082709e+00
4.398000e-05	2.897770e-02	-9.103182e+00
4.399000e-05	2.238628e-02	-9.103107e+00
4.400000e-05	9.441759e-03	-9.082705e+00
4.401000e-05	1.165617e-02	-9.052634e+00
4.402000e-05	2.560117e-02	-9.041029e+00
4.403000e-05	2.839960e-02	-9.060604e+00
4.404000e-05	1.699180e-02	-9.029004e+00
4.405000e-05	1.146216e-02	-8.988524e+00
4.406000e-05	1.930046e-02	-8.986944e+00
4.407000e-05	3.260551e-02	-8.966865e+00
4.408000e-05	2.643330e-02	-8.985766e+00
4.409000e-05	1.733586e-02	-8.913734e+00
4.410000e-05	1.662920e-02	-8.912133e+00
4.411000e-05	2.729177e-02	-8.862077e+00
4.412000e-05	3.192253e-02	-8.818051e+00
4.413000e-05	2.345195e-02	-8.798419e+00
4.414000e-05	1.659546e-02	-8.765234e+00
4.415000e-05	2.147245e-02	-8.672677e+00
4.416000e-05	3.152714e-02	-8.556892e+00
4.417000e-05	2.799484e-02	-8.552262e+00
4.418000e-05	1.899752e-02	-8.420553e+00
4.419000e-05	1.613294e-02	-8.408924e+00
4.420000e-05	2.438514e-02	-8.335320e+00
4.421000e-05	2.807673e-02	-8.262209e+00
4.422000e-05	2.067895e-02	-8.229973e+00
4.423000e-05	1.310049e-02	-8.155760e+00
4.424000e-05	1.522917e-02	-8.072108e+00
4.425000e-05	2.288156e-02	-8.029895e+00
4.426000e-05	2.139912e-02	-7.987260e+00
4.427000e-05	1.310757e-02	-7.877352e+00
4.428000e-05	9.828737e-03	-7.722607e+00
4.429000e-05	1.568647e-02	-7.605369e+00
4.430000e-05	1.937191e-02	-7.492660e+00
4.431000e-05	1.476802e-02	-7.398975e+00
4.432000e-05	6.977798e-03	-7.353162e+00
4.433000e-05	7.483590e-03	-7.220450e+00
4.434000e-05	1.358073e-02	-7.144366e+00
4.435000e-05	1.273520e-02	-6.955951e+00
4.436000e-05	6.509336e-03	-6.871578e+00
4.437000e-05	3.411856e-03	-6.765866e+00
4.438000e-05	6.892310e-03	-6.681530e+00
4.439000e-05	1.174346e-02	-6.545339e+00
4.440000e-05	8.593036e-03	-6.431051e+00
4.441000e-05	2.727097e-03	-6.336816e+00
4.442000e-05	1.832686e-03	-6.195294e+00
4.443000e-05	7.012128e-03	-6.061020e+00
4.444000e-05	6.523729e-03	-5.956764e+00
4.445000e-05	3.347058e-03	-5.818376e+00
4.446000e-05	-9.129199e-04	-5.651580e+00
4.447000e-05	2.764887e-03	-5.597771e+00
4.448000e-05	4.084870e-03	-5.407325e+00
4.449000e-05	4.259603e-03	-5.219950e+00
4.450000e-05	-8.428177e-04	-5.041083e+00
4.451000e-05	-1.241534e-03	-4.949639e+00
4.452000e-05	1.871204e-03	-4.694733e+00
4.453000e-05	2.831785e-03	-4.628423e+00
4.454000e-05	1.123667e-03	-4.460506e+00
4.455000e-05	-3.731130e-03	-4.355765e+00
4.456000e-05	-1.298252e-03	-4.199874e+00
4.457000e-05	9.166533e-04	-4.072608e+00
4.458000e-05	1.361110e-03	-3.985841e+00
4.459000e-05	-2.973012e-03	-3.774821e+00
4.460000e-05	-3.899017e-03	-3.598950e+00
4.461000e-05	-1.117478e-03	-3.432503e+00
4.462000e-05	1.477918e-03	-3.312663e+00
4.463000e-05	-1.519577e-03	-3.196345e+00
4.464000e-05	-3.508755e-03	-2.955298e+00
4.465000e-05	-5.153144e-03	-2.810449e+00
4.466000e-05	-1.875520e-03	-2.692076e+00
4.467000e-05	-4.013257e-03	-2.463616e+00
4.468000e-05	-4.245943e-03	-2.396396e+00
4.469000e-05	-5.795229e-03	-2.178275e+00
4.470000e-05	-1.444629e-03	-2.008925e+00
4.471000e-05	-1.250561e-03	-1.842583e+00
4.472000e-05	-6.436968e-04	-1.694685e+00
4.473000e-05	-4.831687e-03	-1.567695e+00
4.474000e-05	-6.385214e-03	-1.314712e+00
4.475000e-05	-4.920407e-03	-1.135242e+00
4.476000e-05	-4.676793e-03	-1.008845e+00
4.477000e-05	-6.110187e-03	-8.199513e-01
4.478000e-05	-7.312562e-03	-6.731598e-01
4.479000e-05	-2.727144e-03	-4.506326e-01
4.480000e-05	-2.167314e-03	-2.942378e-01
4.481000e-05	-1.534089e-03	-1.378434e-01
4.482000e-05	-1.612536e-03	1.047625e-03
4.483000e-05	4.104111e-04	1.498940e-01
4.484000e-05	-4.093231e-03	3.574161e-01
4.485000e-05	-1.601807e-05	4.947570e-01
4.486000e-05	-4.947804e-03	6.221291e-01
4.487000e-05	-4.441325e-03	7.589676e-01
4.488000e-05	-3.700884e-03	9.269396e-01
4.489000e-05	4.620297e-03	1.136460e+00
4.490000e-05	2.112217e-02	1.274308e+00
4.491000e-05	6.517161e-02	1.475460e+00
4.492000e-05	-1.875843e-02	1.780548e+00
4.493000e-05	-4.416517e-02	1.915912e+00
4.494000e-05	-6.422839e-02	2.052159e+00
4.495000e-05	-8.021582e-02	2.167870e+00
4.496000e-05	1.249324e-01	2.293255e+00
4.497000e-05	-1.316673e-02	2.452652e+00
4.498000e-05	-1.388290e-01	2.556002e+00
4.499000e-05	1.649520e-01	2.728469e+00
4.500000e-05	-3.635894e-02	2.957416e+00
4.501000e-05	-5.894459e-02	3.063156e+00
4.502000e-05	1.204912e-01	3.127998e+00
4.503000e-05	-8.211338e-02	3.419544e+00
4.504000e-05	-1.022307e-01	3.558966e+00
4.505000e-05	1.141428e-01	3.663210e+00
4.506000e-05	-2.497752e-02	3.841126e+00
4.507000e-05	-3.851331e-03	3.978971e+00
4.508000e-05	-1.386172e-02	4.169417e+00
4.509000e-05	-5.816024e-02	4.356339e+00
4.510000e-05	6.433950e-02	4.411154e+00
4.511000e-05	-2.591870e-03	4.619025e+00
4.512000e-05	-4.291800e-02	4.757443e+00
4.513000e-05	-1.096798e-02	4.893835e+00
4.514000e-05	8.646490e-03	5.104335e+00
4.515000e-05	2.021086e-02	5.273233e+00
4.516000e-05	-1.637703e-02	5.389096e+00
4.517000e-05	-2.716336e-02	5.505816e+00
4.518000e-05	-3.318104e-02	5.670603e+00
4.519000e-05	1.226499e-02	5.788519e+00
4.520000e-05	4.049238e-02	5.947892e+00
4.521000e-05	-3.669208e-02	6.081704e+00
4.522000e-05	-3.054018e-02	6.178568e+00
4.523000e-05	7.206155e-03	6.284235e+00
4.524000e-05	4.151121e-03	6.388948e+00
4.525000e-05	2.930034e-03	6.495210e+00
4.526000e-05	-4.829154e-02	6.724254e+00
4.527000e-05	-2.011988e-02	6.809548e+00
4.528000e-05	1.438059e-02	6.873185e+00
4.529000e-05	1.095284e-02	7.007442e+00
4.530000e-05	-1.071158e-02	7.083162e+00
4.531000e-05	-4.064314e-02	7.157994e+00
4.532000e-05	-3.801587e-03	7.312627e+00
4.533000e-05	4.816580e-03	7.367965e+00
4.534000e-05	-2.214514e-03	7.556861e+00
4.535000e-05	-3.322401e-02	7.611123e+00
4.536000e-05	-2.888533e-02	7.735386e+00
4.537000e-05	6.198828e-03	7.818925e+00
4.538000e-05	6.549319e-03	7.895785e+00
4.539000e-05	-1.530306e-02	7.990148e+00
4.540000e-05	-3.517010e-02	8.154313e+00
4.541000e-05	-1.669492e-02	8.178891e+00
4.542000e-05	4.708078e-03	8.229450e+00
4.543000e-05	-3.618207e-03	8.284782e+00
4.544000e-05	-2.751627e-02	8.367917e+00
4.545000e-05	-3.049757e-02	8.450027e+00
4.546000e-05	-6.942335e-03	8.491156e+00
4.547000e-05	3.534910e-03	8.493732e+00
4.548000e-05	-1.713429e-02	8.547891e+00
4.549000e-05	-3.549735e-02	8.588499e+00
4.550000e-05	-2.101972e-02	8.691653e+00
4.551000e-05	-4.122788e-04	8.703282e+00
4.552000e-05	-2.461800e-03	8.746281e+00
4.553000e-05	-2.809787e-02	8.745842e+00
4.554000e-05	-3.283249e-02	8.778445e+00
4.555000e-05	-1.695417e-02	8.799449e+00
4.556000e-05	-5.143781e-03	8.820077e+00
4.557000e-05	-1.927697e-02	8.861028e+00
4.558000e-05	-3.527442e-02	8.912658e+00
4.559000e-05	-2.646609e-02	8.912762e+00
4.560000e-05	-8.333665e-03	8.983238e+00
4.561000e-05	-8.139648e-03	8.952737e+00
4.562000e-05	-2.821430e-02	8.985363e+00
4.563000e-05	-3.700752e-02	9.005839e+00
4.564000e-05	-2.528270e-02	8.997389e+00
4.565000e-05	-1.331947e-02	8.993765e+00
4.566000e-05	-2.151065e-02	8.965440e+00
4.567000e-05	-3.717768e-02	9.012916e+00
4.568000e-05	-3.172078e-02	8.974317e+00
4.569000e-05	-1.914616e-02	8.982210e+00
4.570000e-05	-1.633933e-02	8.912683e+00
4.571000e-05	-3.177436e-02	8.903181e+00
4.572000e-05	-3.916563e-02	8.891580e+00
4.573000e-05	-3.223899e-02	8.809628e+00
4.574000e-05	-2.075120e-02	8.818472e+00
4.575000e-05	-2.624974e-02	8.798948e+00
4.576000e-05	-3.890834e-02	8.777417e+00
4.577000e-05	-3.972148e-02	8.755790e+00
4.578000e-05	-2.766355e-02	8.683158e+00
4.579000e-05	-2.182973e-02	8.672528e+00
4.580000e-05	-3.150980e-02	8.629970e+00
4.581000e-05	-3.923190e-02	8.588295e+00
4.582000e-05	-3.459886e-02	8.524209e+00
4.583000e-05	-2.419965e-02	8.501560e+00
4.584000e-05	-2.678457e-02	8.429976e+00
4.585000e-05	-3.575066e-02	8.378922e+00
4.586000e-05	-3.650651e-02	8.354757e+00
4.587000e-05	-2.699715e-02	8.261500e+00
4.588000e-05	-2.007798e-02	8.175292e+00
4.589000e-05	-2.615706e-02	8.064585e+00
4.590000e-05	-3.272989e-02	8.067499e+00
4.591000e-05	-2.840015e-02	7.943308e+00
4.592000e-05	-1.932353e-02	7.830525e+00
4.593000e-05	-1.963290e-02	7.764345e+00
4.594000e-05	-2.661796e-02	7.671604e+00
4.595000e-05	-2.850396e-02	7.597420e+00
4.596000e-05	-1.949911e-02	7.481529e+00
4.597000e-05	-1.463863e-02	7.305212e+00
4.598000e-05	-1.777381e-02	7.248949e+00
4.599000e-05	-2.418116e-02	7.146761e+00
4.600000e-05	-2.021684e-02	7.060499e+00
4.601000e-05	-1.343735e-02	6.944265e+00
4.602000e-05	-1.266566e-02	6.821000e+00
4.603000e-05	-2.020870e-02	6.726814e+00
4.604000e-05	-1.874739e-02	6.637395e+00
4.605000e-05	-1.346132e-02	6.471577e+00
4.606000e-05	-8.439940e-03	6.376818e+00
4.607000e-05	-1.371306e-02	6.260954e+00
4.608000e-05	-1.811428e-02	6.134712e+00
4.609000e-05	-1.445653e-02	6.030421e+00
4.610000e-05	-8.805003e-03	5.955686e+00
4.611000e-05	-8.757693e-03	5.765287e+00
4.612000e-05	-1.283142e-02	5.620373e+00
4.613000e-05	-1.436441e-02	5.522158e+00
4.614000e-05	-9.412086e-03	5.347193e+00
4.615000e-05	-4.735244e-03	5.239019e+00
4.616000e-05	-9.423511e-03	5.018429e+00
4.617000e-05	-1.265366e-02	4.820477e+00
4.618000e-05	-1.349627e-02	4.704635e+00
4.619000e-05	-7.219898e-03	4.566322e+00
4.620000e-05	-6.336803e-03	4.421031e+00
4.621000e-05	-9.404436e-03	4.333737e+00
4.622000e-05	-1.065018e-02	4.074137e+00
4.623000e-05	-6.422088e-03	3.987347e+00
4.624000e-05	-3.025642e-03	3.841529e+00
4.625000e-05	-6.405830e-03	3.714133e+00
4.626000e-05	-1.122296e-02	3.588318e+00
4.627000e-05	-1.082483e-02	3.367327e+00
4.628000e-05	-5.124451e-03	3.209921e+00
4.629000e-05	-4.077595e-03	3.093585e+00
4.630000e-05	-6.062809e-03	2.924189e+00
4.631000e-05	-8.844490e-03	2.809326e+00
4.632000e-05	-4.582666e-03	2.589817e+00
4.633000e-05	-3.171376e-03	2.409424e+00
4.634000e-05	-4.427546e-03	2.253131e+00
4.635000e-05	-9.150709e-03	2.084763e+00
4.636000e-05	-9.053137e-03	1.987372e+00
4.637000e-05	-5.046921e-03	1.787422e+00
4.638000e-05	-3.300714e-03	1.631999e+00
4.639000e-05	-5.294116e-03	1.443555e+00
4.640000e-05	-7.583458e-03	1.272710e+00
4.641000e-05	-5.045785e-03	1.084160e+00
4.642000e-05	-2.729905e-03	8.632127e-01
4.643000e-05	-2.878959e-03	7.452908e-01
4.644000e-05	-6.383612e-03	5.978468e-01
4.645000e-05	-6.445461e-03	4.109500e-01
4.646000e-05	-4.023764e-03	2.645560e-01
4.647000e-05	-2.792178e-03	5.105507e-02
4.648000e-05	-1.472916e-03	-7.631241e-02
4.649000e-05	-2.702211e-04	-2.117094e-01
4.650000e-05	-1.254515e-03	-3.786003e-01
4.651000e-05	9.333253e-04	-5.188928e-01
4.652000e-05	-7.428528e-04	-7.289150e-01
4.653000e-05	-2.595768e-03	-8.741833e-01
4.654000e-05	-5.015245e-03	-1.010678e+00
4.655000e-05	2.526996e-03	-1.158941e+00
4.656000e-05	3.885427e-02	-1.355794e+00
4.657000e-05	7.323257e-02	-1.557518e+00
4.658000e-05	-6.220246e-02	-1.802076e+00
4.659000e-05	-1.962757e-02	-2.031073e+00
4.660000e-05	-1.311221e-01	-2.157019e+00
4.661000e-05	8.765679e-02	-2.176576e+00
4.662000e-05	8.300632e-02	-2.286307e+00
4.663000e-05	-1.738999e-01	-2.546469e+00
4.664000e-05	8.922467e-02	-2.703762e+00
4.665000e-05	8.615157e-02	-2.754890e+00
4.666000e-05	-1.537998e-01	-3.022153e+00
4.667000e-05	1.270979e-01	-3.229999e+00
4.668000e-05	4.841858e-02	-3.314811e+00
4.669000e-05	-2.048129e-01	-3.526761e+00
4.670000e-05	1.276052e-01	-3.589526e+00
4.671000e-05	3.615615e-02	-3.739446e+00
4.672000e-05	-4.843693e-02	-3.989521e+00
4.673000e-05	8.788990e-02	-4.042732e+00
4.674000e-05	-1.297835e-01	-4.251182e+00
4.675000e-05	5.748997e-02	-4.400498e+00
4.676000e-05	9.387522e-02	-4.463206e+00
4.677000e-05	-1.338057e-01	-4.704832e+00
4.678000e-05	6.032514e-02	-4.810453e+00
4.679000e-05	-2.272473e-02	-4.938943e+00
4.680000e-05	2.360574e-02	-5.137365e+00
4.681000e-05	5.618537e-02	-5.270052e+00
4.682000e-05	-8.199185e-02	-5.453256e+00
4.683000e-05	3.802296e-02	-5.599474e+00
4.684000e-05	-4.323930e-02	-5.715785e+00
4.685000e-05	6.460085e-02	-5.873234e+00
4.686000e-05	3.158782e-02	-5.986442e+00
4.687000e-05	-8.856819e-02	-6.072680e+00
4.688000e-05	6.191325e-02	-6.209447e+00
4.689000e-05	-1.704807e-02	-6.329443e+00
4.690000e-05	3.913900e-02	-6.513285e+00
4.691000e-05	-7.541942e-03	-6.577969e+00
4.692000e-05	-5.976290e-02	-6.717264e+00
4.693000e-05	6.477648e-02	-6.809674e+00
4.694000e-05	-3.868680e-03	-6.915863e+00
4.695000e-05	3.496939e-02	-7.073151e+00
4.696000e-05	-2.673917e-02	-7.187423e+00
4.697000e-05	-1.971087e-02	-7.283110e+00
4.698000e-05	4.773132e-02	-7.377972e+00
4.699000e-05	-9.882667e-03	-7.482230e+00
4.700000e-05	2.182962e-02	-7.556965e+00
4.701000e-05	-3.600171e-02	-7.671152e+00
4.702000e-05	2.214645e-02	-7.778418e+00
4.703000e-05	3.628433e-02	-7.873810e+00
4.704000e-05	1.642458e-04	-8.028969e+00
4.705000e-05	3.830042e-03	-8.072605e+00
4.706000e-05	-2.565409e-02	-8.145317e+00
4.707000e-05	3.394290e-02	-8.188975e+00
4.708000e-05	1.433701e-02	-8.294156e+00
4.709000e-05	5.365284e-03	-8.356393e+00
4.710000e-05	-9.250772e-03	-8.387948e+00
4.711000e-05	1.795566e-03	-8.429603e+00
4.712000e-05	3.799755e-02	-8.473255e+00
4.713000e-05	8.875256e-03	-8.545867e+00
4.714000e-05	8.649288e-04	-8.699076e+00
4.715000e-05	-8.973761e-03	-8.735287e+00
4.716000e-05	2.099262e-02	-8.786473e+00
4.717000e-05	2.637286e-02	-8.830475e+00
4.718000e-05	4.649699e-03	-8.830579e+00
4.719000e-05	-2.333706e-03	-8.873178e+00
4.720000e-05	5.388449e-03	-8.884210e+00
4.721000e-05	2.882138e-02	-8.924835e+00
4.722000e-05	1.832916e-02	-8.996289e+00
4.723000e-05	5.420411e-03	-8.998944e+00
4.724000e-05	8.479208e-04	-9.029953e+00
4.725000e-05	1.936180e-02	-9.029549e+00
4.726000e-05	2.696171e-02	-9.050602e+00
4.727000e-05	1.405512e-02	-9.052180e+00
4.728000e-05	2.673360e-03	-9.081634e+00
4.729000e-05	9.296865e-03	-9.081182e+00
4.730000e-05	2.705760e-02	-9.080632e+00
4.731000e-05	2.614519e-02	-9.130657e+00
4.732000e-05	1.336714e-02	-9.082154e+00
4.733000e-05	7.836300e-03	-9.040657e+00
4.734000e-05	2.267596e-02	-9.112130e+00
4.735000e-05	2.984375e-02	-9.080625e+00
4.736000e-05	1.997612e-02	-9.050504e+00
4.737000e-05	1.030708e-02	-9.007975e+00
4.738000e-05	1.655103e-02	-8.989392e+00
4.739000e-05	3.024560e-02	-8.986323e+00
4.740000e-05	3.059071e-02	-8.944813e+00
4.741000e-05	1.924220e-02	-8.924736e+00
4.742000e-05	1.500405e-02	-8.872106e+00
4.743000e-05	2.582380e-02	-8.891125e+00
4.744000e-05	3.258638e-02	-8.820050e+00
4.745000e-05	2.616539e-02	-8.819422e+00
4.746000e-05	1.712810e-02	-8.764690e+00
4.747000e-05	1.879019e-02	-8.742108e+00
4.748000e-05	2.979629e-02	-8.597519e+00
4.749000e-05	3.015589e-02	-8.532735e+00
4.750000e-05	2.165483e-02	-8.490577e+00
4.751000e-05	1.565435e-02	-8.408975e+00
4.752000e-05	2.234599e-02	-8.384340e+00
4.753000e-05	2.860797e-02	-8.333688e+00
4.754000e-05	2.390664e-02	-8.260102e+00
4.755000e-05	1.385912e-02	-8.185793e+00
4.756000e-05	1.350348e-02	-8.083184e+00
4.757000e-05	2.097497e-02	-8.040525e+00
4.758000e-05	2.286064e-02	-7.987345e+00
4.759000e-05	1.555947e-02	-7.912557e+00
4.760000e-05	9.023572e-03	-7.743335e+00
4.761000e-05	1.320777e-02	-7.657375e+00
4.762000e-05	1.920438e-02	-7.542788e+00
4.763000e-05	1.657609e-02	-7.420529e+00
4.764000e-05	7.623841e-03	-7.343691e+00
4.765000e-05	5.631641e-03	-7.220552e+00
4.766000e-05	1.182645e-02	-7.186766e+00
4.767000e-05	1.416036e-02	-7.069902e+00
4.768000e-05	9.164688e-03	-6.841663e+00
4.769000e-05	2.023872e-03	-6.798398e+00
4.770000e-05	4.834236e-03	-6.682637e+00
4.771000e-05	1.068140e-02	-6.595848e+00
4.772000e-05	1.044476e-02	-6.481605e+00
4.773000e-05	4.036007e-03	-6.427317e+00
4.774000e-05	4.426979e-04	-6.237379e+00
4.775000e-05	5.069263e-03	-6.071630e+00
4.776000e-05	7.315396e-03	-5.975846e+00
4.777000e-05	4.225307e-03	-5.842453e+00
4.778000e-05	-1.315414e-03	-5.732710e+00
4.779000e-05	4.186301e-04	-5.618451e+00
4.780000e-05	4.397036e-03	-5.499599e+00
4.781000e-05	5.939944e-03	-5.230532e+00
4.782000e-05	7.882019e-04	-5.094687e+00
4.783000e-05	-1.856102e-03	-4.977772e+00
4.784000e-05	-9.630776e-04	-4.791842e+00
4.785000e-05	3.594545e-03	-4.619503e+00
4.786000e-05	7.037252e-04	-4.493662e+00
4.787000e-05	-3.201482e-03	-4.387399e+00
4.788000e-05	-3.728274e-03	-4.250032e+00
4.789000e-05	1.163890e-03	-4.135241e+00
4.790000e-05	8.566584e-04	-3.988374e+00
4.791000e-05	1.107529e-04	-3.867899e+00
4.792000e-05	-4.958827e-03	-3.640456e+00
4.793000e-05	-2.178945e-03	-3.523713e+00
4.794000e-05	3.477117e-04	-3.366842e+00
4.795000e-05	-7.808003e-04	-3.220000e+00
4.796000e-05	-4.283766e-03	-3.030480e+00
4.797000e-05	-6.014391e-03	-2.851508e+00
4.798000e-05	-1.831373e-03	-2.692214e+00
4.799000e-05	-2.774472e-03	-2.587790e+00
4.800000e-05	-2.738323e-03	-2.419449e+00
4.801000e-05	-6.405624e-03	-2.269957e+00
4.802000e-05	-1.918388e-03	-2.031604e+00
4.803000e-05	-2.105064e-03	-1.902685e+00
4.804000e-05	1.230732e-04	-1.756768e+00
4.805000e-05	-5.402581e-03	-1.567397e+00
4.806000e-05	-6.383248e-03	-1.438928e+00
4.807000e-05	-5.496415e-03	-1.198347e+00
4.808000e-05	-3.717158e-03	-1.008551e+00
4.809000e-05	-4.457046e-03	-8.615090e-01
4.810000e-05	-6.277484e-03	-7.342092e-01
4.811000e-05	-4.690830e-03	-5.327152e-01
4.812000e-05	-2.537931e-03	-3.678708e-01
4.813000e-05	-1.507664e-03	-1.884760e-01
4.814000e-05	-2.282725e-03	-4.105763e-02
4.815000e-05	-6.474680e-04	8.623723e-02
4.816000e-05	-2.580866e-03	3.268597e-01
4.817000e-05	-1.886470e-04	4.336290e-01
4.818000e-05	-1.871998e-03	5.905227e-01
4.819000e-05	-4.264499e-03	7.288371e-01
4.820000e-05	-4.035512e-03	8.347368e-01
4.821000e-05	1.145792e-03	1.074282e+00
4.822000e-05	1.436086e-02	1.231129e+00
4.823000e-05	5.591276e-02	1.463649e+00
4.824000e-05	1.611538e-02	1.726782e+00
4.825000e-05	-5.150880e-02	1.896234e+00
4.826000e-05	-4.663727e-02	2.010050e+00
4.827000e-05	-9.540491e-02	2.126313e+00
4.828000e-05	6.619601e-02	2.201128e+00
4.829000e-05	7.739620e-02	2.369491e+00
4.830000e-05	-1.663514e-01	2.534838e+00
4.831000e-05	9.555543e-02	2.704311e+00
4.832000e-05	5.454278e-02	2.906311e+00
4.833000e-05	-9.682453e-02	3.052103e+00
4.834000e-05	8.351021e-02	3.117290e+00
4.835000e-05	1.360953e-02	3.306959e+00
4.836000e-05	-1.619868e-01	3.536886e+00
4.837000e-05	8.788629e-02	3.631128e+00
4.838000e-05	1.983262e-02	3.790020e+00
4.839000e-05	-2.780787e-02	3.925841e+00
4.840000e-05	1.504154e-02	4.135186e+00
4.841000e-05	-7.317299e-02	4.323761e+00
4.842000e-05	3.869677e-02	4.399054e+00
4.843000e-05	2.856404e-02	4.566916e+00
4.844000e-05	-4.319261e-02	4.696764e+00
4.845000e-05	-2.356305e-02	4.832230e+00
4.846000e-05	6.823532e-03	5.093153e+00
4.847000e-05	1.613153e-02	5.220629e+00
4.848000e-05	1.776882e-03	5.387866e+00
4.849000e-05	-3.333589e-02	5.483709e+00
4.850000e-05	-2.736418e-02	5.610025e+00
4.851000e-05	-1.422559e-02	5.768364e+00
4.852000e-05	5.079024e-02	5.905782e+00
4.853000e-05	-1.673004e-02	6.011075e+00
4.854000e-05	-4.680382e-02	6.156365e+00
4.855000e-05	5.658119e-03	6.263731e+00
4.856000e-05	6.135623e-04	6.367892e+00
4.857000e-05	1.482908e-02	6.471682e+00
4.858000e-05	-4.023209e-02	6.622099e+00
4.859000e-05	-3.171465e-02	6.778947e+00
4.860000e-05	5.721678e-03	6.853132e+00
4.861000e-05	1.483437e-02	6.956365e+00
4.862000e-05	-3.202371e-03	7.022052e+00
4.863000e-05	-3.787165e-02	7.169438e+00
4.864000e-05	-1.592904e-02	7.253077e+00
4.865000e-05	5.914505e-03	7.346313e+00
4.866000e-05	4.052788e-03	7.532234e+00
4.867000e-05	-2.620440e-02	7.580449e+00
4.868000e-05	-3.381584e-02	7.703678e+00
4.869000e-05	-4.519469e-03	7.779970e+00
4.870000e-05	1.303596e-02	7.904606e+00
4.871000e-05	-1.013831e-02	7.985468e+00
4.872000e-05	-3.070955e-02	8.093185e+00
4.873000e-05	-2.453776e-02	8.157917e+00
4.874000e-05	2.244991e-03	8.219621e+00
4.875000e-05	1.272110e-03	8.293629e+00
4.876000e-05	-2.387952e-02	8.327866e+00
4.877000e-05	-3.144583e-02	8.407973e+00
4.878000e-05	-1.334997e-02	8.451054e+00
4.879000e-05	6.129421e-03	8.512232e+00
4.880000e-05	-1.245146e-02	8.514789e+00
4.881000e-05	-3.009997e-02	8.587945e+00
4.882000e-05	-2.578279e-02	8.661033e+00
4.883000e-05	-5.445040e-03	8.664706e+00
4.884000e-05	-1.035070e-03	8.735236e+00
4.885000e-05	-2.462174e-02	8.746815e+00
4.886000e-05	-3.205086e-02	8.757469e+00
4.887000e-05	-2.047993e-02	8.819995e+00
4.888000e-05	-4.223374e-03	8.850079e+00
4.889000e-05	-1.436584e-02	8.810082e+00
4.890000e-05	-2.936446e-02	8.832627e+00
4.891000e-05	-2.993921e-02	8.922607e+00
4.892000e-05	-1.290129e-02	8.974310e+00
4.893000e-05	-8.926184e-03	8.953711e+00
4.894000e-05	-2.523386e-02	8.923240e+00
4.895000e-05	-3.562253e-02	8.985916e+00
4.896000e-05	-2.790317e-02	8.987365e+00
4.897000e-05	-1.275393e-02	8.967816e+00
4.898000e-05	-1.802551e-02	9.007964e+00
4.899000e-05	-3.348516e-02	8.987366e+00
4.900000e-05	-3.464885e-02	8.946890e+00
4.901000e-05	-2.228399e-02	8.975812e+00
4.902000e-05	-1.738933e-02	8.926157e+00
4.903000e-05	-3.063894e-02	8.883108e+00
4.904000e-05	-3.890421e-02	8.902632e+00
4.905000e-05	-3.268338e-02	8.871005e+00
4.906000e-05	-2.116606e-02	8.840474e+00
4.907000e-05	-2.411330e-02	8.808920e+00
4.908000e-05	-3.725392e-02	8.777421e+00
4.909000e-05	-3.973498e-02	8.776367e+00
4.910000e-05	-2.961641e-02	8.724657e+00
4.911000e-05	-2.304586e-02	8.702106e+00
4.912000e-05	-3.152155e-02	8.610954e+00
4.913000e-05	-3.878594e-02	8.608448e+00
4.914000e-05	-3.597542e-02	8.553715e+00
4.915000e-05	-2.487340e-02	8.492182e+00
4.916000e-05	-2.553490e-02	8.441006e+00
4.917000e-05	-3.438084e-02	8.398897e+00
4.918000e-05	-3.704989e-02	8.345841e+00
4.919000e-05	-2.886179e-02	8.253106e+00
4.920000e-05	-2.192016e-02	8.167364e+00
4.921000e-05	-2.555020e-02	8.094289e+00
4.922000e-05	-3.243423e-02	8.031101e+00
4.923000e-05	-2.971826e-02	8.026770e+00
4.924000e-05	-2.100793e-02	7.862557e+00
4.925000e-05	-1.794343e-02	7.777371e+00
4.926000e-05	-2.451557e-02	7.712185e+00
4.927000e-05	-2.751579e-02	7.639447e+00
4.928000e-05	-2.146556e-02	7.533582e+00
4.929000e-05	-1.581828e-02	7.374815e+00
4.930000e-05	-1.744584e-02	7.250030e+00
4.931000e-05	-2.272480e-02	7.155316e+00
4.932000e-05	-2.222407e-02	7.061557e+00
4.933000e-05	-1.538579e-02	6.956814e+00
4.934000e-05	-1.243034e-02	6.821079e+00
4.935000e-05	-1.576466e-02	6.756846e+00
4.936000e-05	-1.992729e-02	6.651002e+00
4.937000e-05	-1.647023e-02	6.493580e+00
4.938000e-05	-9.265113e-03	6.397798e+00
4.939000e-05	-1.042914e-02	6.292633e+00
4.940000e-05	-1.605986e-02	6.167319e+00
4.941000e-05	-1.849125e-02	6.052053e+00
4.942000e-05	-1.050908e-02	5.977270e+00
4.943000e-05	-7.819474e-03	5.866398e+00
4.944000e-05	-1.023315e-02	5.630979e+00
4.945000e-05	-1.517247e-02	5.564187e+00
4.946000e-05	-1.210525e-02	5.397346e+00
4.947000e-05	-6.361052e-03	5.281531e+00
4.948000e-05	-7.041749e-03	5.100613e+00
4.949000e-05	-1.081605e-02	4.913111e+00
4.950000e-05	-1.374579e-02	4.776818e+00
4.951000e-05	-8.787019e-03	4.630376e+00
4.952000e-05	-4.912250e-03	4.471608e+00
4.953000e-05	-6.498686e-03	4.386843e+00
4.954000e-05	-1.218100e-02	4.177821e+00
4.955000e-05	-1.051386e-02	3.989500e+00
4.956000e-05	-5.133781e-03	3.842559e+00
4.957000e-05	-3.663684e-03	3.715214e+00
4.958000e-05	-8.079595e-03	3.609999e+00
4.959000e-05	-1.100270e-02	3.420479e+00
4.960000e-05	-8.091036e-03	3.252028e+00
4.961000e-05	-3.643363e-03	3.115189e+00
4.962000e-05	-4.596797e-03	2.956845e+00
4.963000e-05	-9.118287e-03	2.830450e+00
4.964000e-05	-9.211584e-03	2.661559e+00
4.965000e-05	-4.477093e-03	2.442504e+00
4.966000e-05	-2.110851e-03	2.303713e+00
4.967000e-05	-5.764930e-03	2.146869e+00
4.968000e-05	-9.212900e-03	2.029028e+00
4.969000e-05	-7.457376e-03	1.874058e+00
4.970000e-05	-4.031298e-03	1.664133e+00
4.971000e-05	-3.759217e-03	1.504140e+00
4.972000e-05	-6.906377e-03	1.367793e+00
4.973000e-05	-7.214054e-03	1.195822e+00
4.974000e-05	-4.650381e-03	9.237130e-01
4.975000e-05	-2.386914e-03	8.174169e-01
4.976000e-05	-4.464266e-03	5.999223e-01
4.977000e-05	-7.213943e-03	4.715076e-01
4.978000e-05	-6.568484e-03	3.241878e-01
4.979000e-05	-3.978933e-03	9.673777e-02
4.980000e-05	-9.913967e-04	-1.037332e-01
4.981000e-05	8.412998e-04	-1.820978e-01
4.982000e-05	-1.420311e-03	-3.693949e-01
4.983000e-05	-2.799406e-03	-4.641597e-01
4.984000e-05	1.308678e-03	-6.831622e-01
4.985000e-05	-2.176857e-03	-7.916780e-01
4.986000e-05	-3.718533e-03	-9.584464e-01
4.987000e-05	-2.515970e-03	-1.106861e+00
4.988000e-05	2.177661e-02	-1.262205e+00
4.989000e-05	8.564704e-02	-1.454780e+00
4.990000e-05	-3.613175e-02	-1.717392e+00
4.991000e-05	-2.686657e-02	-1.968547e+00
4.992000e-05	-1.030962e-01	-2.134870e+00
4.993000e-05	-1.384134e-02	-2.219444e+00
4.994000e-05	1.565901e-01	-2.210107e+00
4.995000e-05	-1.281153e-01	-2.486834e+00
4.996000e-05	-4.424167e-02	-2.682259e+00
4.997000e-05	1.727041e-01	-2.684310e+00
4.998000e-05	-1.438472e-01	-2.896338e+00
4.999000e-05	2.882419e-02	-3.219495e+00
