# 260612_13:12:18.487372
t	CH1	CH2
0.000000e+00	-2.977867e-03	-3.253069e-01
1.000000e-08	-2.071139e-03	-3.989489e-01
2.000000e-08	-1.889919e-03	-4.316805e-01
3.000000e-08	-1.180391e-03	-5.900715e-01
4.000000e-08	-6.980939e-04	-7.459384e-01
5.000000e-08	1.483993e-02	-8.095751e-01
6.000000e-08	5.137164e-02	-8.927330e-01
7.000000e-08	-3.211772e-03	-1.090025e+00
8.000000e-08	-7.728011e-02	-1.310100e+00
9.000000e-08	-6.805790e-02	-1.395896e+00
1.000000e-07	1.007193e-01	-1.255763e+00
1.100000e-07	2.103112e-02	-1.367417e+00
1.200000e-07	-7.216643e-02	-1.636475e+00
1.300000e-07	-5.775937e-03	-1.723443e+00
1.400000e-07	8.589482e-02	-1.686841e+00
1.500000e-07	-9.345273e-02	-1.870099e+00
1.600000e-07	-1.516022e-02	-1.998498e+00
1.700000e-07	1.207354e-01	-2.012052e+00
1.800000e-07	-1.069551e-01	-2.086189e+00
1.900000e-07	-9.084376e-02	-2.322737e+00
2.000000e-07	1.754194e-01	-2.400494e+00
2.100000e-07	4.724233e-03	-2.483136e+00
2.200000e-07	-1.315729e-01	-2.597021e+00
2.300000e-07	6.801132e-02	-2.662156e+00
2.400000e-07	1.890349e-02	-2.756790e+00
2.500000e-07	-2.510930e-02	-2.809604e+00
2.600000e-07	3.522959e-02	-2.861712e+00
2.700000e-07	-4.692162e-02	-3.069474e+00
2.800000e-07	-2.263588e-02	-3.187447e+00
2.900000e-07	1.030134e-01	-3.200051e+00
3.000000e-07	-5.202353e-02	-3.313336e+00
3.100000e-07	-1.783068e-02	-3.429024e+00
3.200000e-07	3.213865e-02	-3.473156e+00
3.300000e-07	-5.383726e-02	-3.566340e+00
3.400000e-07	5.516893e-02	-3.611500e+00
3.500000e-07	4.249591e-02	-3.692307e+00
3.600000e-07	-8.136157e-02	-3.827999e+00
3.700000e-07	1.465114e-02	-3.925838e+00
3.800000e-07	4.865587e-02	-3.978921e+00
3.900000e-07	-1.178395e-02	-4.041653e+00
4.000000e-07	-4.672832e-03	-4.124762e+00
4.100000e-07	-2.274336e-02	-4.208942e+00
4.200000e-07	7.329250e-03	-4.251656e+00
4.300000e-07	4.380531e-02	-4.355363e+00
4.400000e-07	-1.031872e-02	-4.367972e+00
4.500000e-07	-5.626789e-03	-4.420499e+00
4.600000e-07	-1.284329e-02	-4.464159e+00
4.700000e-07	2.018818e-02	-4.576967e+00
4.800000e-07	2.313162e-02	-4.649527e+00
4.900000e-07	-1.598419e-02	-4.713233e+00
5.000000e-07	-8.935978e-03	-4.736792e+00
5.100000e-07	4.829192e-03	-4.748471e+00
5.200000e-07	2.631155e-02	-4.833607e+00
5.300000e-07	1.356546e-02	-4.926765e+00
5.400000e-07	-1.880377e-02	-4.968549e+00
5.500000e-07	-4.798579e-03	-5.009627e+00
5.600000e-07	2.129202e-02	-5.083207e+00
5.700000e-07	1.152285e-02	-5.146393e+00
5.800000e-07	5.430769e-03	-5.229946e+00
5.900000e-07	-1.554963e-02	-5.210603e+00
6.000000e-07	4.867438e-03	-5.244184e+00
6.100000e-07	2.666032e-02	-5.315336e+00
6.200000e-07	6.932964e-03	-5.399373e+00
6.300000e-07	-3.943676e-03	-5.443229e+00
6.400000e-07	-8.965644e-03	-5.536241e+00
6.500000e-07	1.810971e-02	-5.575915e+00
6.600000e-07	2.136618e-02	-5.559446e+00
6.700000e-07	2.943619e-04	-5.610547e+00
6.800000e-07	-4.977412e-03	-5.600026e+00
6.900000e-07	3.815487e-03	-5.610500e+00
7.000000e-07	1.795320e-02	-5.631650e+00
7.100000e-07	1.334430e-02	-5.632157e+00
7.200000e-07	-8.759735e-04	-5.643734e+00
7.300000e-07	-1.288289e-03	-5.642709e+00
7.400000e-07	1.302447e-02	-5.736664e+00
7.500000e-07	1.772606e-02	-5.695891e+00
7.600000e-07	8.433236e-03	-5.747241e+00
7.700000e-07	-3.507777e-03	-5.726443e+00
7.800000e-07	4.277502e-03	-5.787419e+00
7.900000e-07	1.749048e-02	-5.726867e+00
8.000000e-07	1.423772e-02	-5.767397e+00
8.100000e-07	5.224362e-03	-5.746867e+00
8.200000e-07	1.157729e-03	-5.757966e+00
8.300000e-07	1.344584e-02	-5.755792e+00
8.400000e-07	1.668960e-02	-5.765841e+00
8.500000e-07	1.040920e-02	-5.747836e+00
8.600000e-07	2.376861e-03	-5.704736e+00
8.700000e-07	6.968881e-03	-5.745861e+00
8.800000e-07	1.646276e-02	-5.683733e+00
8.900000e-07	1.585407e-02	-5.651608e+00
9.000000e-07	7.861513e-03	-5.643099e+00
9.100000e-07	3.092058e-03	-5.632050e+00
9.200000e-07	1.228451e-02	-5.611025e+00
9.300000e-07	1.796608e-02	-5.610499e+00
9.400000e-07	1.308005e-02	-5.599974e+00
9.500000e-07	5.592950e-03	-5.548497e+00
9.600000e-07	8.080430e-03	-5.558917e+00
9.700000e-07	1.581595e-02	-5.526342e+00
9.800000e-07	1.723078e-02	-5.523709e+00
9.900000e-07	1.074897e-02	-5.371596e+00
1.000000e-06	6.208098e-03	-5.326890e+00
1.010000e-06	1.201011e-02	-5.254789e+00
1.020000e-06	1.672714e-02	-5.250653e+00
1.030000e-06	1.508308e-02	-5.168501e+00
1.040000e-06	7.328288e-03	-5.117867e+00
1.050000e-06	7.420927e-03	-5.074310e+00
1.060000e-06	1.486655e-02	-5.073205e+00
1.070000e-06	1.664943e-02	-5.010049e+00
1.080000e-06	1.187867e-02	-4.926442e+00
1.090000e-06	6.616321e-03	-4.881582e+00
1.100000e-06	1.027400e-02	-4.726941e+00
1.110000e-06	1.523235e-02	-4.675663e+00
1.120000e-06	1.419421e-02	-4.633655e+00
1.130000e-06	7.509791e-03	-4.619103e+00
1.140000e-06	7.045290e-03	-4.526446e+00
1.150000e-06	1.090529e-02	-4.504235e+00
1.160000e-06	1.455001e-02	-4.401578e+00
1.170000e-06	9.959446e-03	-4.380025e+00
1.180000e-06	6.323727e-03	-4.327391e+00
1.190000e-06	6.789407e-03	-4.262766e+00
1.200000e-06	1.158707e-02	-4.190096e+00
1.210000e-06	1.060508e-02	-4.137421e+00
1.220000e-06	6.174977e-03	-4.032733e+00
1.230000e-06	3.848846e-03	-3.981026e+00
1.240000e-06	7.956072e-03	-3.968447e+00
1.250000e-06	9.521289e-03	-3.793684e+00
1.260000e-06	7.756527e-03	-3.696837e+00
1.270000e-06	3.171695e-03	-3.641580e+00
1.280000e-06	4.164815e-03	-3.558974e+00
1.290000e-06	6.466193e-03	-3.495841e+00
1.300000e-06	7.402908e-03	-3.400554e+00
1.310000e-06	3.562360e-03	-3.349320e+00
1.320000e-06	1.006169e-03	-3.233156e+00
1.330000e-06	3.539566e-03	-3.179496e+00
1.340000e-06	5.355957e-03	-3.076868e+00
1.350000e-06	4.230207e-03	-2.969396e+00
1.360000e-06	-2.003400e-04	-2.804159e+00
1.370000e-06	1.333999e-03	-2.778500e+00
1.380000e-06	3.116776e-03	-2.664788e+00
1.390000e-06	4.362215e-03	-2.590480e+00
1.400000e-06	1.200607e-03	-2.468788e+00
1.410000e-06	-2.930458e-04	-2.411103e+00
1.420000e-06	1.525902e-05	-2.338495e+00
1.430000e-06	2.306518e-03	-2.224177e+00
1.440000e-06	5.900612e-04	-2.076788e+00
1.450000e-06	-2.194895e-03	-1.981550e+00
1.460000e-06	-3.011082e-03	-1.916892e+00
1.470000e-06	6.983341e-04	-1.801553e+00
1.480000e-06	1.842616e-03	-1.707369e+00
1.490000e-06	4.400616e-04	-1.611106e+00
1.500000e-06	-2.171530e-03	-1.568976e+00
1.510000e-06	-2.071616e-03	-1.414579e+00
1.520000e-06	-8.758133e-04	-1.255262e+00
1.530000e-06	-3.825125e-03	-1.117995e+00
1.540000e-06	-5.872928e-03	-1.044156e+00
1.550000e-06	-4.488095e-03	-9.374510e-01
1.560000e-06	-1.402913e-03	-8.437067e-01
1.570000e-06	5.715231e-05	-7.885509e-01
1.580000e-06	-5.638898e-05	-6.444406e-01
1.590000e-06	-3.108158e-03	-5.168182e-01
1.600000e-06	-2.886838e-03	-3.995789e-01
1.610000e-06	-4.347231e-03	-3.384459e-01
1.620000e-06	-4.145254e-03	-2.231078e-01
1.630000e-06	-5.759471e-03	-1.473933e-01
1.640000e-06	-3.476487e-03	-1.203027e-02
1.650000e-06	3.393308e-04	5.057513e-02
1.660000e-06	4.628401e-04	1.847396e-01
1.670000e-06	1.201077e-04	2.926332e-01
1.680000e-06	-3.523350e-03	3.999212e-01
1.690000e-06	-3.949795e-03	4.525528e-01
1.700000e-06	-3.657177e-03	5.568933e-01
1.710000e-06	4.002516e-03	6.505040e-01
1.720000e-06	2.963579e-02	7.788636e-01
1.730000e-06	2.799137e-02	8.321503e-01
1.740000e-06	-4.316151e-02	1.040135e+00
1.750000e-06	-9.207001e-02	1.206396e+00
1.760000e-06	3.759601e-03	1.221525e+00
1.770000e-06	9.797632e-02	1.334236e+00
1.780000e-06	-3.537918e-02	1.481583e+00
1.790000e-06	-1.132120e-01	1.536302e+00
1.800000e-06	1.043071e-01	1.641182e+00
1.810000e-06	-1.765472e-02	1.830499e+00
1.820000e-06	-5.995002e-02	1.902229e+00
1.830000e-06	4.209834e-02	1.925238e+00
1.840000e-06	4.254522e-02	2.060054e+00
1.850000e-06	-1.519674e-01	2.145367e+00
1.860000e-06	4.199967e-02	2.229950e+00
1.870000e-06	1.158298e-01	2.283584e+00
1.880000e-06	-8.685847e-02	2.399399e+00
1.890000e-06	-5.421456e-02	2.503683e+00
1.900000e-06	4.798542e-02	2.638450e+00
1.910000e-06	-6.070435e-03	2.765740e+00
1.920000e-06	-5.291787e-03	2.819950e+00
1.930000e-06	5.000977e-03	2.884184e+00
1.940000e-06	-6.721415e-02	2.989446e+00
1.950000e-06	4.295362e-02	3.043154e+00
1.960000e-06	1.372146e-02	3.138741e+00
1.970000e-06	-2.284569e-02	3.210478e+00
1.980000e-06	-2.402458e-02	3.272579e+00
1.990000e-06	-1.567428e-02	3.396966e+00
2.000000e-06	-1.015387e-02	3.544193e+00
2.010000e-06	4.869664e-02	3.579898e+00
2.020000e-06	-2.363648e-02	3.672555e+00
2.030000e-06	-6.492260e-02	3.735837e+00
2.040000e-06	3.096986e-02	3.819903e+00
2.050000e-06	1.287160e-02	3.883708e+00
2.060000e-06	-9.619842e-03	3.956365e+00
2.070000e-06	-3.970728e-02	4.019924e+00
2.080000e-06	-1.193417e-02	4.081607e+00
2.090000e-06	3.757885e-03	4.156734e+00
2.100000e-06	2.024188e-02	4.273104e+00
2.110000e-06	-2.099945e-02	4.366392e+00
2.120000e-06	-3.663918e-02	4.399946e+00
2.130000e-06	-3.084043e-03	4.432581e+00
2.140000e-06	1.041296e-02	4.515208e+00
2.150000e-06	2.946047e-03	4.586872e+00
2.160000e-06	-3.726910e-02	4.633050e+00
2.170000e-06	-2.025124e-02	4.704133e+00
2.180000e-06	6.360627e-04	4.765846e+00
2.190000e-06	1.660212e-02	4.779898e+00
2.200000e-06	-2.139392e-02	4.833049e+00
2.210000e-06	-3.161153e-02	4.974260e+00
2.220000e-06	-8.877233e-03	5.028874e+00
2.230000e-06	4.848909e-03	5.044624e+00
2.240000e-06	1.847437e-03	5.146731e+00
2.250000e-06	-2.818995e-02	5.168795e+00
2.260000e-06	-2.473022e-02	5.210630e+00
2.270000e-06	-5.894463e-03	5.242623e+00
2.280000e-06	9.522743e-03	5.294735e+00
2.290000e-06	-1.541631e-02	5.345363e+00
2.300000e-06	-2.923577e-02	5.388866e+00
2.310000e-06	-1.712069e-02	5.390473e+00
2.320000e-06	1.597758e-03	5.430999e+00
2.330000e-06	-7.948402e-04	5.441052e+00
2.340000e-06	-2.563050e-02	5.480682e+00
2.350000e-06	-2.426792e-02	5.533679e+00
2.360000e-06	-1.075832e-02	5.544263e+00
2.370000e-06	3.116799e-03	5.589418e+00
2.380000e-06	-1.321020e-02	5.577319e+00
2.390000e-06	-2.632658e-02	5.577972e+00
2.400000e-06	-1.958573e-02	5.588399e+00
2.410000e-06	-5.508323e-03	5.588524e+00
2.420000e-06	-2.886539e-03	5.589472e+00
2.430000e-06	-2.138321e-02	5.590022e+00
2.440000e-06	-2.546203e-02	5.609500e+00
2.450000e-06	-1.602661e-02	5.610475e+00
2.460000e-06	-2.309742e-03	5.600474e+00
2.470000e-06	-1.345778e-02	5.599499e+00
2.480000e-06	-2.557894e-02	5.600000e+00
2.490000e-06	-2.341899e-02	5.600524e+00
2.500000e-06	-9.138837e-03	5.600474e+00
2.510000e-06	-6.462070e-03	5.579472e+00
2.520000e-06	-1.993332e-02	5.588924e+00
2.530000e-06	-2.583436e-02	5.588447e+00
2.540000e-06	-1.842715e-02	5.577916e+00
2.550000e-06	-6.937378e-03	5.556791e+00
2.560000e-06	-1.384145e-02	5.526292e+00
2.570000e-06	-2.641513e-02	5.513711e+00
2.580000e-06	-2.637403e-02	5.492666e+00
2.590000e-06	-1.348728e-02	5.485109e+00
2.600000e-06	-8.890726e-03	5.443103e+00
2.610000e-06	-1.923353e-02	5.421476e+00
2.620000e-06	-2.665610e-02	5.400520e+00
2.630000e-06	-2.221694e-02	5.407871e+00
2.640000e-06	-1.210601e-02	5.316216e+00
2.650000e-06	-1.517316e-02	5.293104e+00
2.660000e-06	-2.564520e-02	5.222057e+00
2.670000e-06	-2.533404e-02	5.190071e+00
2.680000e-06	-1.630215e-02	5.119445e+00
2.690000e-06	-9.900956e-03	5.126290e+00
2.700000e-06	-1.799773e-02	5.021480e+00
2.710000e-06	-2.547774e-02	4.967293e+00
2.720000e-06	-2.356415e-02	4.874683e+00
2.730000e-06	-1.537574e-02	4.812500e+00
2.740000e-06	-1.641825e-02	4.769946e+00
2.750000e-06	-2.196399e-02	4.757366e+00
2.760000e-06	-2.380622e-02	4.714211e+00
2.770000e-06	-1.739569e-02	4.631079e+00
2.780000e-06	-1.073562e-02	4.579921e+00
2.790000e-06	-1.698798e-02	4.516259e+00
2.800000e-06	-2.270383e-02	4.442580e+00
2.810000e-06	-2.244592e-02	4.411528e+00
2.820000e-06	-1.469502e-02	4.378971e+00
2.830000e-06	-1.388156e-02	4.305790e+00
2.840000e-06	-1.803250e-02	4.169520e+00
2.850000e-06	-2.093806e-02	4.124788e+00
2.860000e-06	-1.498992e-02	3.990525e+00
2.870000e-06	-1.031107e-02	3.957896e+00
2.880000e-06	-1.285189e-02	3.894334e+00
2.890000e-06	-1.964369e-02	3.812001e+00
2.900000e-06	-1.938183e-02	3.767869e+00
2.910000e-06	-1.307328e-02	3.644184e+00
2.920000e-06	-1.074486e-02	3.611001e+00
2.930000e-06	-1.397804e-02	3.587945e+00
2.940000e-06	-1.800650e-02	3.424186e+00
2.950000e-06	-1.364123e-02	3.358368e+00
2.960000e-06	-9.672746e-03	3.212081e+00
2.970000e-06	-9.922579e-03	3.159422e+00
2.980000e-06	-1.416837e-02	3.105682e+00
2.990000e-06	-1.420205e-02	3.000555e+00
3.000000e-06	-9.422684e-03	2.926717e+00
3.010000e-06	-7.351471e-03	2.833106e+00
3.020000e-06	-9.994604e-03	2.788897e+00
3.030000e-06	-1.375830e-02	2.686788e+00
3.040000e-06	-1.185014e-02	2.538822e+00
3.050000e-06	-7.823956e-03	2.413102e+00
3.060000e-06	-7.816853e-03	2.338895e+00
3.070000e-06	-1.052844e-02	2.243708e+00
3.080000e-06	-1.133315e-02	2.190417e+00
3.090000e-06	-7.587155e-03	2.084208e+00
3.100000e-06	-4.553140e-03	1.970501e+00
3.110000e-06	-7.492705e-03	1.946791e+00
3.120000e-06	-1.110543e-02	1.791026e+00
3.130000e-06	-1.009368e-02	1.697289e+00
3.140000e-06	-5.851282e-03	1.581003e+00
3.150000e-06	-4.748648e-03	1.485209e+00
3.160000e-06	-7.017568e-03	1.379873e+00
3.170000e-06	-8.711617e-03	1.285185e+00
3.180000e-06	-5.972347e-03	1.169525e+00
3.190000e-06	-3.751871e-03	1.053080e+00
3.200000e-06	-5.303445e-03	8.562594e-01
3.210000e-06	-7.774156e-03	7.909748e-01
3.220000e-06	-8.139956e-03	6.951408e-01
3.230000e-06	-5.183370e-03	5.905536e-01
3.240000e-06	-3.600224e-03	4.861655e-01
3.250000e-06	-5.322067e-03	4.320264e-01
3.260000e-06	-6.479500e-03	3.488132e-01
3.270000e-06	-5.679812e-03	1.909489e-01
3.280000e-06	-1.923942e-03	8.360540e-02
3.290000e-06	-2.278237e-03	-3.107520e-02
3.300000e-06	-2.969179e-03	-1.338095e-01
3.310000e-06	-2.400788e-03	-2.500527e-01
3.320000e-06	-1.473545e-03	-3.152882e-01
3.330000e-06	-1.217608e-03	-3.889962e-01
3.340000e-06	-2.183898e-03	-4.321779e-01
3.350000e-06	-4.029108e-03	-5.970689e-01
3.360000e-06	-2.682134e-03	-7.553671e-01
3.370000e-06	1.320017e-02	-8.185001e-01
3.380000e-06	5.176263e-02	-8.736832e-01
3.390000e-06	-2.127162e-03	-1.050028e+00
3.400000e-06	-7.551097e-02	-1.280128e+00
3.410000e-06	-6.897825e-02	-1.315443e+00
3.420000e-06	1.018057e-01	-1.294737e+00
3.430000e-06	2.070319e-02	-1.334873e+00
3.440000e-06	-7.417695e-02	-1.649600e+00
3.450000e-06	-9.357784e-03	-1.735867e+00
3.460000e-06	8.873099e-02	-1.737267e+00
3.470000e-06	-9.137161e-02	-1.848555e+00
3.480000e-06	-1.598665e-02	-1.999471e+00
3.490000e-06	1.212993e-01	-2.030603e+00
3.500000e-06	-1.036375e-01	-2.103688e+00
3.510000e-06	-9.383321e-02	-2.342706e+00
3.520000e-06	1.741967e-01	-2.400473e+00
3.530000e-06	6.525212e-03	-2.462609e+00
3.540000e-06	-1.337913e-01	-2.586449e+00
3.550000e-06	6.732372e-02	-2.641108e+00
3.560000e-06	2.086853e-02	-2.726365e+00
3.570000e-06	-2.563184e-02	-2.830101e+00
3.580000e-06	3.512288e-02	-2.833558e+00
3.590000e-06	-4.578244e-02	-3.079029e+00
3.600000e-06	-2.430446e-02	-3.186997e+00
3.610000e-06	1.038366e-01	-3.210498e+00
3.620000e-06	-5.150605e-02	-3.342761e+00
3.630000e-06	-1.939959e-02	-3.419450e+00
3.640000e-06	3.249491e-02	-3.482581e+00
3.650000e-06	-5.252657e-02	-3.526313e+00
3.660000e-06	5.414207e-02	-3.621000e+00
3.670000e-06	4.379376e-02	-3.682236e+00
3.680000e-06	-8.231031e-02	-3.797998e+00
3.690000e-06	1.357646e-02	-3.885235e+00
3.700000e-06	4.967325e-02	-3.979467e+00
3.710000e-06	-1.130388e-02	-4.071659e+00
3.720000e-06	-3.789088e-03	-4.094736e+00
3.730000e-06	-2.256261e-02	-4.197395e+00
3.740000e-06	7.201186e-03	-4.272181e+00
3.750000e-06	4.367852e-02	-4.366790e+00
3.760000e-06	-1.024226e-02	-4.386474e+00
3.770000e-06	-6.858787e-03	-4.441501e+00
3.780000e-06	-1.292287e-02	-4.484258e+00
3.790000e-06	2.024677e-02	-4.576524e+00
3.800000e-06	2.449239e-02	-4.599605e+00
3.810000e-06	-1.490089e-02	-4.722162e+00
3.820000e-06	-9.127007e-03	-4.717314e+00
3.830000e-06	4.180845e-03	-4.795469e+00
3.840000e-06	2.546450e-02	-4.891628e+00
3.850000e-06	1.350099e-02	-4.966840e+00
3.860000e-06	-1.950825e-02	-5.008424e+00
3.870000e-06	-5.004640e-03	-5.030604e+00
3.880000e-06	2.163528e-02	-5.104731e+00
3.890000e-06	1.169883e-02	-5.167919e+00
3.900000e-06	6.603033e-03	-5.198973e+00
3.910000e-06	-1.552742e-02	-5.251029e+00
3.920000e-06	3.898653e-03	-5.311206e+00
3.930000e-06	2.666167e-02	-5.316443e+00
3.940000e-06	7.789575e-03	-5.398500e+00
3.950000e-06	-3.775036e-03	-5.471754e+00
3.960000e-06	-8.968911e-03	-5.535188e+00
3.970000e-06	1.709500e-02	-5.557422e+00
3.980000e-06	2.203288e-02	-5.589424e+00
3.990000e-06	5.497919e-04	-5.599497e+00
4.000000e-06	-6.250446e-03	-5.620000e+00
4.010000e-06	3.714518e-03	-5.611526e+00
4.020000e-06	1.868317e-02	-5.591629e+00
4.030000e-06	1.464207e-02	-5.603155e+00
4.040000e-06	-1.592647e-03	-5.673212e+00
4.050000e-06	-2.060799e-03	-5.673179e+00
4.060000e-06	1.269298e-02	-5.656262e+00
4.070000e-06	1.928427e-02	-5.734416e+00
4.080000e-06	9.365038e-03	-5.653767e+00
4.090000e-06	-3.454180e-03	-5.757767e+00
4.100000e-06	4.211243e-03	-5.725393e+00
4.110000e-06	1.818802e-02	-5.746344e+00
4.120000e-06	1.635991e-02	-5.766943e+00
4.130000e-06	4.541415e-03	-5.756874e+00
4.140000e-06	-6.946937e-04	-5.765398e+00
4.150000e-06	1.216745e-02	-5.765869e+00
4.160000e-06	1.845424e-02	-5.726467e+00
4.170000e-06	1.110696e-02	-5.717436e+00
4.180000e-06	1.248997e-03	-5.683787e+00
4.190000e-06	5.517385e-03	-5.713842e+00
4.200000e-06	1.699896e-02	-5.674158e+00
4.210000e-06	1.751853e-02	-5.633732e+00
4.220000e-06	9.188320e-03	-5.642629e+00
4.230000e-06	2.042176e-03	-5.600501e+00
4.240000e-06	1.117578e-02	-5.610575e+00
4.250000e-06	1.912276e-02	-5.620501e+00
4.260000e-06	1.430777e-02	-5.590024e+00
4.270000e-06	4.852497e-03	-5.598896e+00
4.280000e-06	6.829729e-03	-5.546396e+00
4.290000e-06	1.640992e-02	-5.485813e+00
4.300000e-06	1.859417e-02	-5.462689e+00
4.310000e-06	1.135502e-02	-5.371600e+00
4.320000e-06	4.859782e-03	-5.355842e+00
4.330000e-06	1.122889e-02	-5.214658e+00
4.340000e-06	1.846601e-02	-5.231078e+00
4.350000e-06	1.531436e-02	-5.180025e+00
4.360000e-06	7.227720e-03	-5.147894e+00
4.370000e-06	7.571359e-03	-5.085760e+00
4.380000e-06	1.479054e-02	-5.034183e+00
4.390000e-06	1.823276e-02	-5.000026e+00
4.400000e-06	1.224385e-02	-4.956968e+00
4.410000e-06	6.474947e-03	-4.822333e+00
4.420000e-06	1.040356e-02	-4.739342e+00
4.430000e-06	1.614008e-02	-4.686311e+00
4.440000e-06	1.403311e-02	-4.671059e+00
4.450000e-06	6.988478e-03	-4.610551e+00
4.460000e-06	7.319280e-03	-4.527944e+00
4.470000e-06	1.225103e-02	-4.514238e+00
4.480000e-06	1.377840e-02	-4.421604e+00
4.490000e-06	9.985248e-03	-4.399499e+00
4.500000e-06	5.125493e-03	-4.327919e+00
4.510000e-06	7.980862e-03	-4.253732e+00
4.520000e-06	1.238072e-02	-4.210554e+00
4.530000e-06	1.117251e-02	-4.128371e+00
4.540000e-06	5.678132e-03	-4.063634e+00
4.550000e-06	4.600877e-03	-4.020954e+00
4.560000e-06	7.615111e-03	-3.957947e+00
4.570000e-06	9.737565e-03	-3.882706e+00
4.580000e-06	7.115191e-03	-3.707366e+00
4.590000e-06	3.620190e-03	-3.644133e+00
4.600000e-06	4.527789e-03	-3.580503e+00
4.610000e-06	6.781224e-03	-3.485866e+00
4.620000e-06	6.888446e-03	-3.420554e+00
4.630000e-06	3.537824e-03	-3.344891e+00
4.640000e-06	7.747947e-04	-3.263684e+00
4.650000e-06	3.010680e-03	-3.189951e+00
4.660000e-06	5.072561e-03	-3.067264e+00
4.670000e-06	4.562056e-03	-2.950054e+00
4.680000e-06	6.776082e-04	-2.843658e+00
4.690000e-06	2.016760e-03	-2.769501e+00
4.700000e-06	3.589330e-03	-2.674813e+00
4.710000e-06	4.419407e-03	-2.571030e+00
4.720000e-06	7.191361e-04	-2.503813e+00
4.730000e-06	1.758381e-04	-2.441978e+00
4.740000e-06	-1.198980e-04	-2.339470e+00
4.750000e-06	2.024309e-03	-2.202579e+00
4.760000e-06	-1.211760e-03	-2.046266e+00
4.770000e-06	-2.503550e-03	-2.010053e+00
4.780000e-06	-1.725934e-03	-1.906895e+00
4.790000e-06	1.192131e-03	-1.791055e+00
4.800000e-06	1.088713e-03	-1.706870e+00
4.810000e-06	-8.877595e-05	-1.603604e+00
4.820000e-06	-2.779932e-03	-1.537424e+00
4.830000e-06	-1.274545e-03	-1.482580e+00
4.840000e-06	-6.266357e-04	-1.263736e+00
4.850000e-06	-2.486402e-03	-1.127925e+00
4.860000e-06	-4.058442e-03	-1.024208e+00
4.870000e-06	-4.200671e-03	-9.573972e-01
4.880000e-06	-2.006479e-03	-8.042328e-01
4.890000e-06	-6.675689e-04	-7.995487e-01
4.900000e-06	-1.523539e-03	-6.748395e-01
4.910000e-06	-3.831223e-03	-5.069221e-01
4.920000e-06	-2.993185e-03	-4.006040e-01
4.930000e-06	-3.161504e-03	-3.269182e-01
4.940000e-06	-3.253416e-03	-2.321289e-01
4.950000e-06	-4.698054e-03	-1.168684e-01
4.960000e-06	-3.759501e-03	-1.255783e-02
4.970000e-06	-4.412165e-04	2.150257e-02
4.980000e-06	1.493155e-04	2.042632e-01
4.990000e-06	-3.052668e-04	2.906531e-01
5.000000e-06	-2.506223e-03	3.994711e-01
5.010000e-06	-2.617435e-03	4.616253e-01
5.020000e-06	-2.578102e-03	5.572409e-01
5.030000e-06	4.841732e-03	6.611043e-01
5.040000e-06	2.977826e-02	7.157647e-01
5.050000e-06	2.839161e-02	8.910580e-01
5.060000e-06	-4.392603e-02	1.081128e+00
5.070000e-06	-9.303592e-02	1.186920e+00
5.080000e-06	1.550666e-03	1.241025e+00
5.090000e-06	9.854603e-02	1.335712e+00
5.100000e-06	-3.427774e-02	1.451051e+00
5.110000e-06	-1.139407e-01	1.618319e+00
5.120000e-06	1.037485e-01	1.690101e+00
5.130000e-06	-1.638284e-02	1.809974e+00
5.140000e-06	-6.113160e-02	1.924712e+00
5.150000e-06	3.936646e-02	1.927238e+00
5.160000e-06	4.580381e-02	2.039503e+00
5.170000e-06	-1.524057e-01	2.156294e+00
5.180000e-06	3.980818e-02	2.209951e+00
5.190000e-06	1.171217e-01	2.284658e+00
5.200000e-06	-8.537498e-02	2.407999e+00
5.210000e-06	-5.612514e-02	2.523083e+00
5.220000e-06	4.828019e-02	2.638966e+00
5.230000e-06	-6.641396e-03	2.755783e+00
5.240000e-06	-6.560653e-03	2.800974e+00
5.250000e-06	5.446168e-03	2.933609e+00
5.260000e-06	-6.681113e-02	2.988945e+00
5.270000e-06	4.075424e-02	3.042579e+00
5.280000e-06	1.466655e-02	3.157439e+00
5.290000e-06	-2.260336e-02	3.200425e+00
5.300000e-06	-2.372873e-02	3.272079e+00
5.310000e-06	-1.439045e-02	3.448894e+00
5.320000e-06	-1.123284e-02	3.514785e+00
5.330000e-06	4.837595e-02	3.599398e+00
5.340000e-06	-2.387675e-02	3.671555e+00
5.350000e-06	-6.350324e-02	3.776815e+00
5.360000e-06	3.058940e-02	3.829998e+00
5.370000e-06	1.232550e-02	3.873129e+00
5.380000e-06	-1.072161e-02	3.957341e+00
5.390000e-06	-4.007910e-02	4.019924e+00
5.400000e-06	-1.153134e-02	4.051581e+00
5.410000e-06	3.154283e-03	4.125759e+00
5.420000e-06	1.934766e-02	4.278897e+00
5.430000e-06	-1.998973e-02	4.367342e+00
5.440000e-06	-3.506933e-02	4.409373e+00
5.450000e-06	-3.566054e-03	4.432533e+00
5.460000e-06	9.127236e-03	4.504734e+00
5.470000e-06	2.197634e-03	4.587844e+00
5.480000e-06	-3.732102e-02	4.650503e+00
5.490000e-06	-1.887994e-02	4.675208e+00
5.500000e-06	4.211754e-04	4.787245e+00
5.510000e-06	1.685668e-02	4.799499e+00
5.520000e-06	-2.028317e-02	4.850527e+00
5.530000e-06	-3.034140e-02	4.862712e+00
5.540000e-06	-9.663648e-03	5.038395e+00
5.550000e-06	4.113195e-03	5.053153e+00
5.560000e-06	3.941654e-04	5.123688e+00
5.570000e-06	-2.868048e-02	5.198874e+00
5.580000e-06	-2.435211e-02	5.240476e+00
5.590000e-06	-5.764252e-03	5.242559e+00
5.600000e-06	9.294214e-03	5.334184e+00
5.610000e-06	-1.500813e-02	5.356813e+00
5.620000e-06	-2.775689e-02	5.378467e+00
5.630000e-06	-1.580980e-02	5.380496e+00
5.640000e-06	2.629443e-03	5.409978e+00
5.650000e-06	-1.490196e-03	5.412602e+00
5.660000e-06	-2.562024e-02	5.490632e+00
5.670000e-06	-2.401250e-02	5.514187e+00
5.680000e-06	-1.114875e-02	5.545761e+00
5.690000e-06	1.691893e-03	5.526317e+00
5.700000e-06	-1.436410e-02	5.588393e+00
5.710000e-06	-2.490684e-02	5.586842e+00
5.720000e-06	-1.895001e-02	5.599970e+00
5.730000e-06	-4.061189e-03	5.589475e+00
5.740000e-06	-4.000424e-03	5.599948e+00
5.750000e-06	-2.249924e-02	5.579449e+00
5.760000e-06	-2.671586e-02	5.610000e+00
5.770000e-06	-1.608124e-02	5.620474e+00
5.780000e-06	-1.702072e-03	5.590050e+00
5.790000e-06	-1.272611e-02	5.600499e+00
5.800000e-06	-2.368993e-02	5.589997e+00
5.810000e-06	-2.194018e-02	5.589974e+00
5.820000e-06	-8.926632e-03	5.619975e+00
5.830000e-06	-7.382167e-03	5.600495e+00
5.840000e-06	-2.078653e-02	5.599997e+00
5.850000e-06	-2.598885e-02	5.589468e+00
5.860000e-06	-1.989728e-02	5.589866e+00
5.870000e-06	-8.211073e-03	5.547368e+00
5.880000e-06	-1.415372e-02	5.526868e+00
5.890000e-06	-2.442222e-02	5.494141e+00
5.900000e-06	-2.518559e-02	5.497658e+00
5.910000e-06	-1.379848e-02	5.444505e+00
5.920000e-06	-9.690892e-03	5.431101e+00
5.930000e-06	-2.003746e-02	5.421000e+00
5.940000e-06	-2.655285e-02	5.379949e+00
5.950000e-06	-2.218250e-02	5.348423e+00
5.960000e-06	-1.179364e-02	5.348337e+00
5.970000e-06	-1.589923e-02	5.262636e+00
5.980000e-06	-2.410616e-02	5.211054e+00
5.990000e-06	-2.559008e-02	5.189549e+00
6.000000e-06	-1.689922e-02	5.197891e+00
6.010000e-06	-1.244107e-02	5.114685e+00
6.020000e-06	-1.887289e-02	4.994511e+00
6.030000e-06	-2.538893e-02	4.926842e+00
6.040000e-06	-2.256074e-02	4.834682e+00
6.050000e-06	-1.442686e-02	4.821550e+00
6.060000e-06	-1.560575e-02	4.789474e+00
6.070000e-06	-2.257947e-02	4.758841e+00
6.080000e-06	-2.433221e-02	4.674688e+00
6.090000e-06	-1.825430e-02	4.622553e+00
6.100000e-06	-1.116948e-02	4.569420e+00
6.110000e-06	-1.766494e-02	4.506659e+00
6.120000e-06	-2.104690e-02	4.443579e+00
6.130000e-06	-2.130247e-02	4.411526e+00
6.140000e-06	-1.285077e-02	4.387897e+00
6.150000e-06	-1.378326e-02	4.287666e+00
6.160000e-06	-1.868185e-02	4.178374e+00
6.170000e-06	-2.278542e-02	4.106260e+00
6.180000e-06	-1.716363e-02	4.021481e+00
6.190000e-06	-1.044375e-02	3.958970e+00
6.200000e-06	-1.281930e-02	3.906287e+00
6.210000e-06	-1.793809e-02	3.842128e+00
6.220000e-06	-1.849583e-02	3.758868e+00
6.230000e-06	-1.197435e-02	3.654162e+00
6.240000e-06	-1.083161e-02	3.609526e+00
6.250000e-06	-1.376342e-02	3.547371e+00
6.260000e-06	-1.855670e-02	3.454210e+00
6.270000e-06	-1.342783e-02	3.318292e+00
6.280000e-06	-9.354486e-03	3.224157e+00
6.290000e-06	-8.660942e-03	3.177950e+00
6.300000e-06	-1.353886e-02	3.105215e+00
6.310000e-06	-1.431707e-02	3.010526e+00
6.320000e-06	-1.010450e-02	2.947290e+00
6.330000e-06	-8.355051e-03	2.831606e+00
6.340000e-06	-9.397261e-03	2.767976e+00
6.350000e-06	-1.403053e-02	2.676262e+00
6.360000e-06	-1.170097e-02	2.568446e+00
6.370000e-06	-8.455525e-03	2.422528e+00
6.380000e-06	-6.175881e-03	2.348845e+00
6.390000e-06	-8.878666e-03	2.264105e+00
6.400000e-06	-1.041507e-02	2.168870e+00
6.410000e-06	-9.184480e-03	2.075310e+00
6.420000e-06	-5.040569e-03	2.009999e+00
6.430000e-06	-6.300658e-03	1.947263e+00
6.440000e-06	-9.392724e-03	1.790526e+00
6.450000e-06	-9.910203e-03	1.726212e+00
6.460000e-06	-7.273140e-03	1.629550e+00
6.470000e-06	-5.287286e-03	1.475160e+00
6.480000e-06	-6.320270e-03	1.398416e+00
6.490000e-06	-9.313910e-03	1.274662e+00
6.500000e-06	-7.098545e-03	1.160026e+00
6.510000e-06	-4.603295e-03	1.062205e+00
6.520000e-06	-4.708632e-03	9.061842e-01
6.530000e-06	-6.882891e-03	7.694473e-01
6.540000e-06	-7.464664e-03	7.257895e-01
6.550000e-06	-4.966083e-03	5.705263e-01
6.560000e-06	-3.374688e-03	4.872857e-01
6.570000e-06	-5.119414e-03	4.005251e-01
6.580000e-06	-6.436589e-03	3.173183e-01
6.590000e-06	-6.724050e-03	1.315249e-01
6.600000e-06	-2.831625e-03	5.465776e-02
6.610000e-06	-2.378597e-03	-1.055538e-02
6.620000e-06	-2.949754e-03	-1.348359e-01
6.630000e-06	-2.885351e-03	-2.300803e-01
6.640000e-06	-1.525331e-03	-2.952859e-01
6.650000e-06	-1.402084e-03	-3.989737e-01
6.660000e-06	-1.755090e-03	-5.116556e-01
6.670000e-06	-4.084492e-03	-6.295703e-01
6.680000e-06	-3.991747e-03	-7.438647e-01
6.690000e-06	1.275494e-02	-8.105026e-01
6.700000e-06	5.211594e-02	-8.732344e-01
6.710000e-06	-9.480562e-04	-1.090577e+00
6.720000e-06	-7.503669e-02	-1.259675e+00
6.730000e-06	-7.024694e-02	-1.355046e+00
6.740000e-06	1.013350e-01	-1.295316e+00
6.750000e-06	2.262317e-02	-1.337469e+00
6.760000e-06	-7.440235e-02	-1.649500e+00
6.770000e-06	-1.249009e-02	-1.745842e+00
6.780000e-06	9.056395e-02	-1.676736e+00
6.790000e-06	-9.227231e-02	-1.850102e+00
6.800000e-06	-1.817586e-02	-1.998999e+00
6.810000e-06	1.229540e-01	-2.041027e+00
6.820000e-06	-1.008795e-01	-2.092687e+00
6.830000e-06	-9.721840e-02	-2.333188e+00
6.840000e-06	1.736777e-01	-2.409475e+00
6.850000e-06	1.004081e-02	-2.472182e+00
6.860000e-06	-1.350203e-01	-2.617945e+00
6.870000e-06	6.480880e-02	-2.652578e+00
6.880000e-06	2.246546e-02	-2.734341e+00
6.890000e-06	-2.674195e-02	-2.822025e+00
6.900000e-06	3.636636e-02	-2.891683e+00
6.910000e-06	-4.465266e-02	-3.058475e+00
6.920000e-06	-2.571526e-02	-3.187424e+00
6.930000e-06	1.043915e-01	-3.211498e+00
6.940000e-06	-4.982533e-02	-3.323812e+00
6.950000e-06	-2.045027e-02	-3.429499e+00
6.960000e-06	3.265827e-02	-3.451106e+00
6.970000e-06	-5.237572e-02	-3.556291e+00
6.980000e-06	5.308912e-02	-3.620025e+00
6.990000e-06	4.468378e-02	-3.671236e+00
7.000000e-06	-8.269227e-02	-3.807997e+00
7.010000e-06	1.187895e-02	-3.976289e+00
7.020000e-06	5.155608e-02	-4.008970e+00
7.030000e-06	-1.043301e-02	-4.021679e+00
7.040000e-06	-3.586266e-03	-4.117786e+00
7.050000e-06	-2.345172e-02	-4.188548e+00
7.060000e-06	6.936577e-03	-4.282082e+00
7.070000e-06	4.417830e-02	-4.336386e+00
7.080000e-06	-1.040409e-02	-4.379421e+00
7.090000e-06	-7.561434e-03	-4.400502e+00
7.100000e-06	-1.309330e-02	-4.493057e+00
7.110000e-06	2.051316e-02	-4.587967e+00
7.120000e-06	2.522703e-02	-4.661602e+00
7.130000e-06	-1.578137e-02	-4.713808e+00
7.140000e-06	-9.957662e-03	-4.745314e+00
7.150000e-06	4.690635e-03	-4.809345e+00
7.160000e-06	2.608820e-02	-4.842626e+00
7.170000e-06	1.368213e-02	-4.977365e+00
7.180000e-06	-1.965968e-02	-4.999499e+00
7.190000e-06	-5.360821e-03	-5.040528e+00
7.200000e-06	2.214720e-02	-5.082232e+00
7.210000e-06	1.219298e-02	-5.186819e+00
7.220000e-06	6.226197e-03	-5.198469e+00
7.230000e-06	-1.641647e-02	-5.211098e+00
7.240000e-06	4.061726e-03	-5.283132e+00
7.250000e-06	2.732559e-02	-5.355860e+00
7.260000e-06	8.056697e-03	-5.410349e+00
7.270000e-06	-4.564360e-03	-5.482629e+00
7.280000e-06	-9.236125e-03	-5.493786e+00
7.290000e-06	1.714867e-02	-5.577911e+00
7.300000e-06	2.277859e-02	-5.577472e+00
7.310000e-06	2.342931e-04	-5.588945e+00
7.320000e-06	-6.268112e-03	-5.610497e+00
7.330000e-06	4.237824e-03	-5.621077e+00
7.340000e-06	2.015647e-02	-5.630100e+00
7.350000e-06	1.459780e-02	-5.640631e+00
7.360000e-06	-2.073490e-03	-5.654284e+00
7.370000e-06	-3.663924e-03	-5.701709e+00
7.380000e-06	1.219554e-02	-5.724336e+00
7.390000e-06	1.818498e-02	-5.704841e+00
7.400000e-06	8.912594e-03	-5.714356e+00
7.410000e-06	-5.272700e-03	-5.757840e+00
7.420000e-06	3.981772e-03	-5.755340e+00
7.430000e-06	1.887424e-02	-5.747419e+00
7.440000e-06	1.660563e-02	-5.735367e+00
7.450000e-06	4.660976e-03	-5.746365e+00
7.460000e-06	-1.379231e-03	-5.747791e+00
7.470000e-06	1.272233e-02	-5.746895e+00
7.480000e-06	1.877835e-02	-5.736912e+00
7.490000e-06	1.137785e-02	-5.724918e+00
7.500000e-06	1.158164e-03	-5.714765e+00
7.510000e-06	4.960213e-03	-5.695386e+00
7.520000e-06	1.784274e-02	-5.674210e+00
7.530000e-06	1.808715e-02	-5.643559e+00
7.540000e-06	8.488223e-03	-5.652181e+00
7.550000e-06	9.328944e-04	-5.622053e+00
7.560000e-06	1.146765e-02	-5.590550e+00
7.570000e-06	1.906450e-02	-5.620450e+00
7.580000e-06	1.460617e-02	-5.599499e+00
7.590000e-06	4.728365e-03	-5.589472e+00
7.600000e-06	6.730752e-03	-5.536921e+00
7.610000e-06	1.667574e-02	-5.506887e+00
7.620000e-06	1.907998e-02	-5.422231e+00
7.630000e-06	1.143697e-02	-5.421571e+00
7.640000e-06	4.910263e-03	-5.315734e+00
7.650000e-06	1.212947e-02	-5.285312e+00
7.660000e-06	1.803761e-02	-5.251129e+00
7.670000e-06	1.602856e-02	-5.178021e+00
7.680000e-06	6.594706e-03	-5.116970e+00
7.690000e-06	6.287828e-03	-5.114285e+00
7.700000e-06	1.430655e-02	-5.032655e+00
7.710000e-06	1.823609e-02	-4.989975e+00
7.720000e-06	1.166289e-02	-4.925921e+00
7.730000e-06	6.367433e-03	-4.792704e+00
7.740000e-06	1.000164e-02	-4.806366e+00
7.750000e-06	1.557158e-02	-4.663141e+00
7.760000e-06	1.396443e-02	-4.642653e+00
7.770000e-06	8.087935e-03	-4.600526e+00
7.780000e-06	6.960803e-03	-4.568422e+00
7.790000e-06	1.117304e-02	-4.494342e+00
7.800000e-06	1.406841e-02	-4.421105e+00
7.810000e-06	9.358762e-03	-4.391025e+00
7.820000e-06	5.512013e-03	-4.336345e+00
7.830000e-06	8.664256e-03	-4.266157e+00
7.840000e-06	1.289436e-02	-4.209529e+00
7.850000e-06	9.468695e-03	-4.136394e+00
7.860000e-06	5.578021e-03	-4.082682e+00
7.870000e-06	5.710170e-03	-4.000025e+00
7.880000e-06	8.436370e-03	-3.917346e+00
7.890000e-06	8.280731e-03	-3.803208e+00
7.900000e-06	4.814532e-03	-3.708916e+00
7.910000e-06	3.556663e-03	-3.612082e+00
7.920000e-06	6.452663e-03	-3.597949e+00
7.930000e-06	7.976814e-03	-3.514888e+00
7.940000e-06	6.097041e-03	-3.402079e+00
7.950000e-06	3.072130e-03	-3.317938e+00
7.960000e-06	2.248772e-03	-3.222688e+00
7.970000e-06	4.636308e-03	-3.189501e+00
7.980000e-06	4.582216e-03	-3.065790e+00
7.990000e-06	2.338856e-03	-2.969004e+00
8.000000e-06	-9.633509e-05	-2.824130e+00
8.010000e-06	2.170700e-03	-2.769972e+00
8.020000e-06	3.404845e-03	-2.684366e+00
8.030000e-06	2.759063e-03	-2.590151e+00
8.040000e-06	1.915335e-04	-2.507817e+00
8.050000e-06	1.074193e-04	-2.421578e+00
8.060000e-06	1.523848e-03	-2.368947e+00
8.070000e-06	1.902521e-03	-2.261584e+00
8.080000e-06	-8.455692e-04	-2.095287e+00
8.090000e-06	-2.787176e-03	-2.001528e+00
8.100000e-06	-1.846805e-03	-1.896395e+00
8.110000e-06	1.602446e-03	-1.822084e+00
8.120000e-06	1.135354e-03	-1.716918e+00
8.130000e-06	-8.867626e-04	-1.611034e+00
8.140000e-06	-1.587807e-03	-1.558447e+00
8.150000e-06	-4.945346e-04	-1.394159e+00
8.160000e-06	-6.336819e-04	-1.244755e+00
8.170000e-06	-3.823350e-03	-1.137454e+00
8.180000e-06	-5.676172e-03	-1.063657e+00
8.190000e-06	-4.175568e-03	-9.579972e-01
8.200000e-06	-1.240251e-03	-8.342068e-01
8.210000e-06	-1.140220e-03	-7.794762e-01
8.220000e-06	-1.960574e-03	-6.448869e-01
8.230000e-06	-4.366873e-03	-4.989709e-01
8.240000e-06	-1.737433e-03	-3.916288e-01
8.250000e-06	-1.667851e-03	-3.364184e-01
8.260000e-06	-2.191976e-03	-1.911802e-01
8.270000e-06	-5.852415e-03	-1.178185e-01
8.280000e-06	-4.270197e-03	-2.263157e-02
8.290000e-06	1.499100e-03	2.055138e-02
8.300000e-06	5.207968e-04	1.956584e-01
8.310000e-06	-2.372911e-03	3.251080e-01
8.320000e-06	-4.689820e-03	3.984462e-01
8.330000e-06	-2.564953e-03	4.515303e-01
8.340000e-06	-1.673601e-03	5.568184e-01
8.350000e-06	5.383824e-03	6.710279e-01
8.360000e-06	2.892433e-02	7.562697e-01
8.370000e-06	2.819169e-02	8.725841e-01
8.380000e-06	-4.182301e-02	1.100049e+00
8.390000e-06	-9.174604e-02	1.188949e+00
8.400000e-06	-2.046792e-03	1.240000e+00
8.410000e-06	9.899277e-02	1.345790e+00
8.420000e-06	-3.179314e-02	1.452102e+00
8.430000e-06	-1.138774e-01	1.508433e+00
8.440000e-06	1.016775e-01	1.680008e+00
8.450000e-06	-1.536346e-02	1.860498e+00
8.460000e-06	-6.221910e-02	1.873708e+00
8.470000e-06	3.848671e-02	1.945770e+00
8.480000e-06	4.782676e-02	2.031049e+00
8.490000e-06	-1.544063e-01	2.166842e+00
8.500000e-06	3.575411e-02	2.210974e+00
8.510000e-06	1.182830e-01	2.293131e+00
8.520000e-06	-8.317015e-02	2.408946e+00
8.530000e-06	-5.836374e-02	2.493158e+00
8.540000e-06	4.821584e-02	2.638394e+00
8.550000e-06	-7.116914e-03	2.746266e+00
8.560000e-06	-6.655584e-03	2.809472e+00
8.570000e-06	7.298879e-03	2.892713e+00
8.580000e-06	-6.721405e-02	2.967967e+00
8.590000e-06	3.982613e-02	3.072578e+00
8.600000e-06	1.481513e-02	3.195265e+00
8.610000e-06	-2.237746e-02	3.210474e+00
8.620000e-06	-2.458931e-02	3.242607e+00
8.630000e-06	-1.500615e-02	3.419921e+00
8.640000e-06	-1.342467e-02	3.553211e+00
8.650000e-06	4.904456e-02	3.597448e+00
8.660000e-06	-2.307480e-02	3.651078e+00
8.670000e-06	-6.357027e-02	3.746816e+00
8.680000e-06	2.941438e-02	3.800430e+00
8.690000e-06	1.177028e-02	3.874578e+00
8.700000e-06	-9.925774e-03	3.996344e+00
8.710000e-06	-3.925433e-02	3.999973e+00
8.720000e-06	-1.200787e-02	4.041556e+00
8.730000e-06	3.184623e-03	4.176333e+00
8.740000e-06	1.832788e-02	4.191028e+00
8.750000e-06	-1.734459e-02	4.386292e+00
8.760000e-06	-3.361970e-02	4.390474e+00
8.770000e-06	-2.908375e-03	4.463105e+00
8.780000e-06	8.884389e-03	4.483684e+00
8.790000e-06	1.358468e-03	4.588941e+00
8.800000e-06	-3.813523e-02	4.612100e+00
8.810000e-06	-2.022801e-02	4.746232e+00
8.820000e-06	-1.010252e-03	4.765843e+00
8.830000e-06	1.561530e-02	4.789949e+00
8.840000e-06	-1.912678e-02	4.838974e+00
8.850000e-06	-2.828318e-02	4.861809e+00
8.860000e-06	-8.899501e-03	4.990373e+00
8.870000e-06	3.310859e-03	5.083153e+00
8.880000e-06	-3.376232e-04	5.144358e+00
8.890000e-06	-2.778934e-02	5.188896e+00
8.900000e-06	-2.376843e-02	5.209523e+00
8.910000e-06	-7.802397e-03	5.272608e+00
8.920000e-06	9.141869e-03	5.254729e+00
8.930000e-06	-1.373297e-02	5.366190e+00
8.940000e-06	-2.634767e-02	5.407371e+00
8.950000e-06	-1.570186e-02	5.380473e+00
8.960000e-06	4.363970e-04	5.410999e+00
8.970000e-06	-2.531229e-03	5.440600e+00
8.980000e-06	-2.517578e-02	5.472606e+00
8.990000e-06	-2.392403e-02	5.484734e+00
9.000000e-06	-1.214724e-02	5.528787e+00
9.010000e-06	1.422322e-03	5.567370e+00
9.020000e-06	-1.197877e-02	5.579815e+00
9.030000e-06	-2.253841e-02	5.598421e+00
9.040000e-06	-1.886112e-02	5.589425e+00
9.050000e-06	-6.189078e-03	5.598999e+00
9.060000e-06	-4.359444e-03	5.579971e+00
9.070000e-06	-2.005746e-02	5.599924e+00
9.080000e-06	-2.599676e-02	5.599974e+00
9.090000e-06	-1.760008e-02	5.610497e+00
9.100000e-06	-4.259611e-03	5.600500e+00
9.110000e-06	-1.278412e-02	5.599501e+00
9.120000e-06	-2.289259e-02	5.600475e+00
9.130000e-06	-2.253563e-02	5.609470e+00
9.140000e-06	-1.099619e-02	5.599475e+00
9.150000e-06	-8.235739e-03	5.569972e+00
9.160000e-06	-1.937640e-02	5.578972e+00
9.170000e-06	-2.472850e-02	5.579421e+00
9.180000e-06	-1.964531e-02	5.557468e+00
9.190000e-06	-8.626981e-03	5.527920e+00
9.200000e-06	-1.343944e-02	5.525768e+00
9.210000e-06	-2.283094e-02	5.495714e+00
9.220000e-06	-2.545097e-02	5.504629e+00
9.230000e-06	-1.517802e-02	5.452712e+00
9.240000e-06	-1.079438e-02	5.451500e+00
9.250000e-06	-1.949989e-02	5.380000e+00
9.260000e-06	-2.577755e-02	5.379897e+00
9.270000e-06	-2.246307e-02	5.369366e+00
9.280000e-06	-1.329411e-02	5.335841e+00
9.290000e-06	-1.564521e-02	5.274612e+00
9.300000e-06	-2.321521e-02	5.252508e+00
9.310000e-06	-2.552441e-02	5.171974e+00
9.320000e-06	-1.845475e-02	5.148823e+00
9.330000e-06	-1.267655e-02	5.074258e+00
9.340000e-06	-1.813366e-02	5.072126e+00
9.350000e-06	-2.398270e-02	4.937894e+00
9.360000e-06	-2.312165e-02	4.864132e+00
9.370000e-06	-1.465697e-02	4.810528e+00
9.380000e-06	-1.470468e-02	4.798975e+00
9.390000e-06	-2.081342e-02	4.717344e+00
9.400000e-06	-2.460609e-02	4.693761e+00
9.410000e-06	-1.957358e-02	4.622604e+00
9.420000e-06	-1.379935e-02	4.559925e+00
9.430000e-06	-1.793363e-02	4.487369e+00
9.440000e-06	-2.139319e-02	4.433654e+00
9.450000e-06	-2.117055e-02	4.401025e+00
9.460000e-06	-1.301241e-02	4.389446e+00
9.470000e-06	-1.379786e-02	4.304788e+00
9.480000e-06	-1.681457e-02	4.171528e+00
9.490000e-06	-2.212404e-02	4.087259e+00
9.500000e-06	-1.715381e-02	3.992032e+00
9.510000e-06	-1.160926e-02	3.978968e+00
9.520000e-06	-1.257506e-02	3.884287e+00
9.530000e-06	-1.794684e-02	3.822605e+00
9.540000e-06	-1.761312e-02	3.748420e+00
9.550000e-06	-1.185438e-02	3.644211e+00
9.560000e-06	-1.050110e-02	3.601053e+00
9.570000e-06	-1.398689e-02	3.557894e+00
9.580000e-06	-1.731571e-02	3.415163e+00
9.590000e-06	-1.412111e-02	3.318343e+00
9.600000e-06	-1.013108e-02	3.220630e+00
9.610000e-06	-1.028373e-02	3.178972e+00
9.620000e-06	-1.290208e-02	3.065737e+00
9.630000e-06	-1.415178e-02	3.019552e+00
9.640000e-06	-9.849030e-03	2.927791e+00
9.650000e-06	-7.159829e-03	2.842104e+00
9.660000e-06	-8.947882e-03	2.798474e+00
9.670000e-06	-1.254032e-02	2.704760e+00
9.680000e-06	-1.118902e-02	2.536890e+00
9.690000e-06	-8.236090e-03	2.393635e+00
9.700000e-06	-7.267408e-03	2.367892e+00
9.710000e-06	-1.045545e-02	2.275157e+00
9.720000e-06	-1.143318e-02	2.189918e+00
9.730000e-06	-9.197484e-03	2.054184e+00
9.740000e-06	-4.956578e-03	1.990525e+00
9.750000e-06	-6.691796e-03	1.934762e+00
9.760000e-06	-9.290958e-03	1.821503e+00
9.770000e-06	-9.979629e-03	1.705812e+00
9.780000e-06	-6.566865e-03	1.643532e+00
9.790000e-06	-5.178593e-03	1.474261e+00
9.800000e-06	-7.331517e-03	1.410951e+00
9.810000e-06	-8.897644e-03	1.274182e+00
9.820000e-06	-6.074108e-03	1.158945e+00
9.830000e-06	-4.171195e-03	1.002080e+00
9.840000e-06	-5.276533e-03	8.872632e-01
9.850000e-06	-7.958556e-03	7.904761e-01
9.860000e-06	-7.113183e-03	6.968645e-01
9.870000e-06	-4.627562e-03	6.205548e-01
9.880000e-06	-4.403612e-03	4.658618e-01
9.890000e-06	-6.061000e-03	4.005263e-01
9.900000e-06	-6.865386e-03	3.378446e-01
9.910000e-06	-5.374299e-03	1.815264e-01
9.920000e-06	-3.137860e-03	2.371164e-02
9.930000e-06	-3.610910e-03	-3.055152e-02
9.940000e-06	-4.073289e-03	-1.052371e-01
9.950000e-06	-1.256726e-03	-2.510789e-01
9.960000e-06	-1.788948e-04	-3.257631e-01
9.970000e-06	-8.540787e-04	-4.094463e-01
9.980000e-06	-2.966663e-03	-4.946529e-01
9.990000e-06	-4.748786e-03	-5.589490e-01
1.000000e-05	-3.295952e-03	-7.573922e-01
1.001000e-05	1.250421e-02	-7.804753e-01
1.002000e-05	5.129667e-02	-8.536569e-01
1.003000e-05	-1.433315e-03	-1.050553e+00
1.004000e-05	-7.487121e-02	-1.310575e+00
1.005000e-05	-7.115875e-02	-1.387970e+00
1.006000e-05	1.006539e-01	-1.285837e+00
1.007000e-05	2.289873e-02	-1.378365e+00
1.008000e-05	-7.332969e-02	-1.649524e+00
1.009000e-05	-1.515453e-02	-1.734917e+00
1.010000e-05	9.469293e-02	-1.726765e+00
1.011000e-05	-9.261052e-02	-1.840078e+00
1.012000e-05	-2.009284e-02	-2.007922e+00
1.013000e-05	1.230391e-01	-2.020553e+00
1.014000e-05	-9.826677e-02	-2.094684e+00
1.015000e-05	-9.948341e-02	-2.330186e+00
1.016000e-05	1.719865e-01	-2.409976e+00
1.017000e-05	1.215601e-02	-2.483134e+00
1.018000e-05	-1.359519e-01	-2.596969e+00
1.019000e-05	6.422140e-02	-2.662078e+00
1.020000e-05	2.382003e-02	-2.746818e+00
1.021000e-05	-2.783875e-02	-2.850025e+00
1.022000e-05	3.528739e-02	-2.861604e+00
1.023000e-05	-4.317638e-02	-3.060601e+00
1.024000e-05	-2.762363e-02	-3.157946e+00
1.025000e-05	1.057215e-01	-3.199475e+00
1.026000e-05	-4.860576e-02	-3.315209e+00
1.027000e-05	-2.109130e-02	-3.408998e+00
1.028000e-05	3.419015e-02	-3.462158e+00
1.029000e-05	-5.200719e-02	-3.536866e+00
1.030000e-05	5.098256e-02	-3.620500e+00
1.031000e-05	4.643947e-02	-3.705131e+00
1.032000e-05	-8.212541e-02	-3.797473e+00
1.033000e-05	1.094338e-02	-3.895289e+00
1.034000e-05	5.065513e-02	-3.998967e+00
1.035000e-05	-1.196163e-02	-4.052631e+00
1.036000e-05	-3.410928e-03	-4.145265e+00
1.037000e-05	-2.175982e-02	-4.188943e+00
1.038000e-05	6.035451e-03	-4.221056e+00
1.039000e-05	4.352309e-02	-4.336890e+00
1.040000e-05	-9.288746e-03	-4.378446e+00
1.041000e-05	-7.608909e-03	-4.420500e+00
1.042000e-05	-1.232340e-02	-4.463204e+00
1.043000e-05	1.962639e-02	-4.555468e+00
1.044000e-05	2.391671e-02	-4.629049e+00
1.045000e-05	-1.478005e-02	-4.703764e+00
1.046000e-05	-9.210737e-03	-4.746763e+00
1.047000e-05	4.854783e-03	-4.776544e+00
1.048000e-05	2.594320e-02	-4.862028e+00
1.049000e-05	1.410150e-02	-4.976910e+00
1.050000e-05	-1.926872e-02	-4.985974e+00
1.051000e-05	-6.534287e-03	-5.010652e+00
1.052000e-05	2.026423e-02	-5.074682e+00
1.053000e-05	1.110308e-02	-5.165294e+00
1.054000e-05	6.720106e-03	-5.198497e+00
1.055000e-05	-1.595278e-02	-5.232000e+00
1.056000e-05	4.016779e-03	-5.272156e+00
1.057000e-05	2.729696e-02	-5.316368e+00
1.058000e-05	8.687035e-03	-5.395426e+00
1.059000e-05	-3.994354e-03	-5.482053e+00
1.060000e-05	-9.452261e-03	-5.513286e+00
1.061000e-05	1.657485e-02	-5.587345e+00
1.062000e-05	2.109769e-02	-5.578946e+00
1.063000e-05	2.641343e-04	-5.600000e+00
1.064000e-05	-7.829822e-03	-5.620001e+00
1.065000e-05	4.065975e-03	-5.620124e+00
1.066000e-05	1.913427e-02	-5.620531e+00
1.067000e-05	1.552752e-02	-5.671179e+00
1.068000e-05	-1.568955e-03	-5.642678e+00
1.069000e-05	-2.477856e-03	-5.662308e+00
1.070000e-05	1.232900e-02	-5.693234e+00
1.071000e-05	1.879364e-02	-5.705320e+00
1.072000e-05	9.668482e-03	-5.743766e+00
1.073000e-05	-4.983334e-03	-5.704387e+00
1.074000e-05	3.337959e-03	-5.765417e+00
1.075000e-05	1.905117e-02	-5.788423e+00
1.076000e-05	1.693297e-02	-5.747841e+00
1.077000e-05	4.751394e-03	-5.716395e+00
1.078000e-05	-6.310604e-04	-5.737338e+00
1.079000e-05	1.196100e-02	-5.726868e+00
1.080000e-05	1.879181e-02	-5.726887e+00
1.081000e-05	1.142388e-02	-5.705767e+00
1.082000e-05	4.468907e-04	-5.704837e+00
1.083000e-05	4.846427e-03	-5.734736e+00
1.084000e-05	1.783903e-02	-5.674756e+00
1.085000e-05	1.880028e-02	-5.682473e+00
1.086000e-05	8.798563e-03	-5.621626e+00
1.087000e-05	2.795127e-03	-5.622630e+00
1.088000e-05	1.196872e-02	-5.610525e+00
1.089000e-05	1.949251e-02	-5.630475e+00
1.090000e-05	1.571005e-02	-5.598474e+00
1.091000e-05	4.531574e-03	-5.568497e+00
1.092000e-05	6.945967e-03	-5.575947e+00
1.093000e-05	1.566346e-02	-5.535315e+00
1.094000e-05	1.861728e-02	-5.482313e+00
1.095000e-05	1.110034e-02	-5.391229e+00
1.096000e-05	5.696475e-03	-5.285319e+00
1.097000e-05	1.151843e-02	-5.232729e+00
1.098000e-05	1.839342e-02	-5.231054e+00
1.099000e-05	1.632170e-02	-5.190450e+00
1.100000e-05	8.197531e-03	-5.147896e+00
1.101000e-05	6.213832e-03	-5.135212e+00
1.102000e-05	1.420399e-02	-5.043204e+00
1.103000e-05	1.740864e-02	-4.989976e+00
1.104000e-05	1.242913e-02	-4.918441e+00
1.105000e-05	6.086381e-03	-4.811504e+00
1.106000e-05	1.103501e-02	-4.728419e+00
1.107000e-05	1.509738e-02	-4.686239e+00
1.108000e-05	1.567473e-02	-4.663683e+00
1.109000e-05	7.168231e-03	-4.601501e+00
1.110000e-05	6.882963e-03	-4.528521e+00
1.111000e-05	1.061767e-02	-4.476218e+00
1.112000e-05	1.428083e-02	-4.433580e+00
1.113000e-05	9.155447e-03	-4.379476e+00
1.114000e-05	5.554998e-03	-4.337364e+00
1.115000e-05	7.455681e-03	-4.274730e+00
1.116000e-05	1.218660e-02	-4.180075e+00
1.117000e-05	1.092603e-02	-4.127872e+00
1.118000e-05	6.425531e-03	-4.095184e+00
1.119000e-05	4.917746e-03	-4.000526e+00
1.120000e-05	7.313288e-03	-3.978420e+00
1.121000e-05	9.859176e-03	-3.844084e+00
1.122000e-05	6.677963e-03	-3.745920e+00
1.123000e-05	2.350685e-03	-3.652701e+00
1.124000e-05	4.696292e-03	-3.579524e+00
1.125000e-05	6.662150e-03	-3.545240e+00
1.126000e-05	7.072225e-03	-3.383528e+00
1.127000e-05	3.719207e-03	-3.306392e+00
1.128000e-05	1.517946e-03	-3.223633e+00
1.129000e-05	2.931868e-03	-3.180552e+00
1.130000e-05	5.367082e-03	-3.105793e+00
1.131000e-05	3.117173e-03	-2.939476e+00
1.132000e-05	2.848481e-04	-2.844134e+00
1.133000e-05	1.041089e-03	-2.798474e+00
1.134000e-05	4.440732e-03	-2.705264e+00
1.135000e-05	3.310995e-03	-2.589078e+00
1.136000e-05	1.676023e-03	-2.486841e+00
1.137000e-05	-5.203094e-04	-2.381606e+00
1.138000e-05	1.072721e-03	-2.328472e+00
1.139000e-05	2.086954e-03	-2.203258e+00
1.140000e-05	3.541898e-04	-2.085742e+00
1.141000e-05	-2.810910e-03	-1.981526e+00
1.142000e-05	-3.192778e-03	-1.936442e+00
1.143000e-05	7.346363e-04	-1.822130e+00
1.144000e-05	1.590439e-03	-1.716871e+00
1.145000e-05	-1.724355e-04	-1.632635e+00
1.146000e-05	-1.453453e-03	-1.588897e+00
1.147000e-05	-2.159740e-04	-1.422585e+00
1.148000e-05	2.631779e-04	-1.223687e+00
1.149000e-05	-1.407619e-03	-1.138525e+00
1.150000e-05	-4.879939e-03	-1.054232e+00
1.151000e-05	-3.451835e-03	-9.790196e-01
1.152000e-05	-1.811221e-03	-8.346841e-01
1.153000e-05	-3.166292e-04	-7.584248e-01
1.154000e-05	-1.652708e-03	-6.557892e-01
1.155000e-05	-4.382603e-03	-4.974418e-01
1.156000e-05	-3.909024e-03	-4.110278e-01
1.157000e-05	-3.536688e-03	-3.368209e-01
1.158000e-05	-3.621098e-03	-2.426277e-01
1.159000e-05	-2.790214e-03	-9.751954e-02
1.160000e-05	-2.599399e-03	-3.656635e-03
1.161000e-05	-6.021450e-04	1.548994e-03
1.162000e-05	5.787913e-05	1.273183e-01
1.163000e-05	7.256784e-04	3.222045e-01
1.164000e-05	-3.293803e-03	4.088711e-01
1.165000e-05	-5.348412e-03	4.521303e-01
1.166000e-05	-4.073948e-03	5.247908e-01
1.167000e-05	6.008724e-03	6.715254e-01
1.168000e-05	3.174205e-02	7.667859e-01
1.169000e-05	3.022859e-02	8.715267e-01
1.170000e-05	-4.303208e-02	1.048578e+00
1.171000e-05	-9.259108e-02	1.177492e+00
1.172000e-05	-4.459052e-03	1.220001e+00
1.173000e-05	1.014463e-01	1.364785e+00
1.174000e-05	-3.287535e-02	1.472125e+00
1.175000e-05	-1.147021e-01	1.574939e+00
1.176000e-05	1.005777e-01	1.641108e+00
1.177000e-05	-1.085685e-02	1.817445e+00
1.178000e-05	-6.173822e-02	1.864185e+00
1.179000e-05	3.602206e-02	1.934787e+00
1.180000e-05	4.914234e-02	2.040499e+00
1.181000e-05	-1.527103e-01	2.195844e+00
1.182000e-05	3.495906e-02	2.221974e+00
1.183000e-05	1.208444e-01	2.273608e+00
1.184000e-05	-8.310322e-02	2.408419e+00
1.185000e-05	-6.127656e-02	2.483562e+00
1.186000e-05	4.933215e-02	2.648446e+00
1.187000e-05	-7.279345e-03	2.743236e+00
1.188000e-05	-7.922180e-03	2.799022e+00
1.189000e-05	6.932509e-03	2.954086e+00
1.190000e-05	-6.636563e-02	2.987970e+00
1.191000e-05	4.033545e-02	3.051979e+00
1.192000e-05	1.635085e-02	3.155890e+00
1.193000e-05	-2.338894e-02	3.208971e+00
1.194000e-05	-2.692933e-02	3.251602e+00
1.195000e-05	-1.427272e-02	3.396464e+00
1.196000e-05	-1.348722e-02	3.556185e+00
1.197000e-05	4.946933e-02	3.607946e+00
1.198000e-05	-2.208015e-02	3.631629e+00
1.199000e-05	-6.335971e-02	3.735240e+00
1.200000e-05	3.070658e-02	3.848023e+00
1.201000e-05	1.350830e-02	3.863635e+00
1.202000e-05	-1.020999e-02	3.937866e+00
1.203000e-05	-4.191647e-02	4.020076e+00
1.204000e-05	-1.253270e-02	4.080582e+00
1.205000e-05	1.943319e-03	4.125242e+00
1.206000e-05	2.020855e-02	4.274152e+00
1.207000e-05	-1.933523e-02	4.376342e+00
1.208000e-05	-3.421038e-02	4.409024e+00
1.209000e-05	-4.210392e-03	4.441578e+00
1.210000e-05	1.096111e-02	4.495210e+00
1.211000e-05	2.969867e-03	4.588396e+00
1.212000e-05	-3.737863e-02	4.611076e+00
1.213000e-05	-1.976368e-02	4.684207e+00
1.214000e-05	-2.689533e-04	4.777890e+00
1.215000e-05	1.765746e-02	4.798471e+00
1.216000e-05	-2.034091e-02	4.810076e+00
1.217000e-05	-3.056604e-02	4.933656e+00
1.218000e-05	-9.769543e-03	4.998918e+00
1.219000e-05	4.762066e-03	5.069581e+00
1.220000e-05	1.278522e-03	5.074361e+00
1.221000e-05	-2.768464e-02	5.198894e+00
1.222000e-05	-2.383342e-02	5.211077e+00
1.223000e-05	-6.451461e-03	5.262128e+00
1.224000e-05	9.215670e-03	5.303158e+00
1.225000e-05	-1.501062e-02	5.345840e+00
1.226000e-05	-2.798998e-02	5.388342e+00
1.227000e-05	-1.648244e-02	5.409495e+00
1.228000e-05	2.236513e-03	5.432000e+00
1.229000e-05	-1.541226e-04	5.439577e+00
1.230000e-05	-2.519038e-02	5.425155e+00
1.231000e-05	-2.401586e-02	5.522637e+00
1.232000e-05	-1.132652e-02	5.514339e+00
1.233000e-05	2.329191e-03	5.568316e+00
1.234000e-05	-1.450348e-02	5.576318e+00
1.235000e-05	-2.455633e-02	5.568473e+00
1.236000e-05	-2.042071e-02	5.589472e+00
1.237000e-05	-3.441875e-03	5.599500e+00
1.238000e-05	-3.998026e-03	5.599946e+00
1.239000e-05	-2.065886e-02	5.599472e+00
1.240000e-05	-2.694303e-02	5.579971e+00
1.241000e-05	-1.653731e-02	5.600024e+00
1.242000e-05	-2.271168e-03	5.630499e+00
1.243000e-05	-1.213057e-02	5.600975e+00
1.244000e-05	-2.392693e-02	5.609499e+00
1.245000e-05	-2.248192e-02	5.599997e+00
1.246000e-05	-9.784505e-03	5.599971e+00
1.247000e-05	-7.855403e-03	5.579550e+00
1.248000e-05	-2.058091e-02	5.579947e+00
1.249000e-05	-2.697480e-02	5.599971e+00
1.250000e-05	-1.918854e-02	5.598371e+00
1.251000e-05	-8.011609e-03	5.559841e+00
1.252000e-05	-1.313412e-02	5.567366e+00
1.253000e-05	-2.472266e-02	5.486684e+00
1.254000e-05	-2.611718e-02	5.515131e+00
1.255000e-05	-1.548304e-02	5.451106e+00
1.256000e-05	-1.080932e-02	5.433578e+00
1.257000e-05	-2.030595e-02	5.412051e+00
1.258000e-05	-2.592439e-02	5.387946e+00
1.259000e-05	-2.167486e-02	5.348447e+00
1.260000e-05	-1.170356e-02	5.337287e+00
1.261000e-05	-1.522799e-02	5.274731e+00
1.262000e-05	-2.371652e-02	5.232078e+00
1.263000e-05	-2.590218e-02	5.200949e+00
1.264000e-05	-1.843215e-02	5.148417e+00
1.265000e-05	-1.282972e-02	5.095367e+00
1.266000e-05	-1.865810e-02	5.033074e+00
1.267000e-05	-2.471081e-02	4.975914e+00
1.268000e-05	-2.208541e-02	4.926631e+00
1.269000e-05	-1.385438e-02	4.802600e+00
1.270000e-05	-1.491455e-02	4.799950e+00
1.271000e-05	-2.185498e-02	4.758392e+00
1.272000e-05	-2.477747e-02	4.705762e+00
1.273000e-05	-1.873025e-02	4.653681e+00
1.274000e-05	-1.227678e-02	4.588946e+00
1.275000e-05	-1.701348e-02	4.506241e+00
1.276000e-05	-2.191372e-02	4.413602e+00
1.277000e-05	-2.167942e-02	4.430500e+00
1.278000e-05	-1.405601e-02	4.369472e+00
1.279000e-05	-1.381693e-02	4.334885e+00
1.280000e-05	-1.853116e-02	4.213502e+00
1.281000e-05	-2.147036e-02	4.106634e+00
1.282000e-05	-1.613895e-02	3.992025e+00
1.283000e-05	-1.058346e-02	3.948446e+00
1.284000e-05	-1.343068e-02	3.926235e+00
1.285000e-05	-1.814945e-02	3.822558e+00
1.286000e-05	-1.797326e-02	3.778396e+00
1.287000e-05	-1.199226e-02	3.665658e+00
1.288000e-05	-1.042135e-02	3.610554e+00
1.289000e-05	-1.364355e-02	3.578919e+00
1.290000e-05	-1.665858e-02	3.484632e+00
1.291000e-05	-1.330079e-02	3.319322e+00
1.292000e-05	-9.218953e-03	3.221634e+00
1.293000e-05	-9.706983e-03	3.159947e+00
1.294000e-05	-1.320894e-02	3.083287e+00
1.295000e-05	-1.504227e-02	3.001053e+00
1.296000e-05	-1.034267e-02	2.916338e+00
1.297000e-05	-8.190520e-03	2.832579e+00
1.298000e-05	-9.889562e-03	2.798925e+00
1.299000e-05	-1.253309e-02	2.705287e+00
1.300000e-05	-1.075826e-02	2.497945e+00
1.301000e-05	-6.763475e-03	2.402628e+00
1.302000e-05	-6.986143e-03	2.336871e+00
1.303000e-05	-1.063141e-02	2.224178e+00
1.304000e-05	-1.158020e-02	2.178450e+00
1.305000e-05	-8.723729e-03	2.054132e+00
1.306000e-05	-6.096316e-03	1.989949e+00
1.307000e-05	-7.330679e-03	1.906291e+00
1.308000e-05	-1.045957e-02	1.831523e+00
1.309000e-05	-8.840677e-03	1.705342e+00
1.310000e-05	-5.690003e-03	1.610078e+00
1.311000e-05	-5.442122e-03	1.495159e+00
1.312000e-05	-7.894018e-03	1.339472e+00
1.313000e-05	-8.900621e-03	1.264710e+00
1.314000e-05	-7.179416e-03	1.158473e+00
1.315000e-05	-4.938077e-03	1.043684e+00
1.316000e-05	-5.425640e-03	8.462408e-01
1.317000e-05	-7.132518e-03	7.809501e-01
1.318000e-05	-7.041723e-03	7.053382e-01
1.319000e-05	-4.521162e-03	5.919736e-01
1.320000e-05	-4.105698e-03	4.767882e-01
1.321000e-05	-5.458860e-03	4.025249e-01
1.322000e-05	-6.512866e-03	3.278383e-01
1.323000e-05	-6.361177e-03	2.095752e-01
1.324000e-05	-3.796741e-03	2.418157e-02
1.325000e-05	-4.083277e-03	-2.057519e-02
1.326000e-05	-3.264388e-03	-1.053372e-01
1.327000e-05	-1.120580e-03	-2.090288e-01
1.328000e-05	-6.167830e-04	-3.442657e-01
1.329000e-05	-9.211362e-04	-3.989988e-01
1.330000e-05	-2.883889e-03	-4.725803e-01
1.331000e-05	-4.668139e-03	-6.079750e-01
1.332000e-05	-2.864476e-03	-7.648171e-01
1.333000e-05	1.219453e-02	-7.984974e-01
1.334000e-05	5.131193e-02	-8.911594e-01
1.335000e-05	8.027728e-04	-1.090078e+00
1.336000e-05	-7.296722e-02	-1.227603e+00
1.337000e-05	-7.269791e-02	-1.406821e+00
1.338000e-05	9.954072e-02	-1.266289e+00
1.339000e-05	2.406165e-02	-1.327863e+00
1.340000e-05	-7.281571e-02	-1.637975e+00
1.341000e-05	-1.786657e-02	-1.725370e+00
1.342000e-05	9.758151e-02	-1.695716e+00
1.343000e-05	-9.190232e-02	-1.870078e+00
1.344000e-05	-2.094250e-02	-2.026996e+00
1.345000e-05	1.245124e-01	-2.051052e+00
1.346000e-05	-9.636707e-02	-2.084264e+00
1.347000e-05	-1.043994e-01	-2.352738e+00
1.348000e-05	1.705908e-01	-2.389998e+00
1.349000e-05	1.462571e-02	-2.471604e+00
1.350000e-05	-1.355736e-01	-2.605971e+00
1.351000e-05	6.332578e-02	-2.672579e+00
1.352000e-05	2.620084e-02	-2.735841e+00
1.353000e-05	-2.748429e-02	-2.881551e+00
1.354000e-05	3.724221e-02	-2.822732e+00
1.355000e-05	-4.149451e-02	-3.060574e+00
1.356000e-05	-3.175433e-02	-3.183920e+00
1.357000e-05	1.039478e-01	-3.220526e+00
1.358000e-05	-4.951577e-02	-3.333260e+00
1.359000e-05	-2.300120e-02	-3.399499e+00
1.360000e-05	3.482127e-02	-3.452653e+00
1.361000e-05	-5.024262e-02	-3.554916e+00
1.362000e-05	5.089237e-02	-3.629499e+00
1.363000e-05	4.981883e-02	-3.692682e+00
1.364000e-05	-8.127854e-02	-3.810494e+00
1.365000e-05	8.069034e-03	-3.916813e+00
1.366000e-05	4.915489e-02	-4.008922e+00
1.367000e-05	-1.272335e-02	-4.051632e+00
1.368000e-05	-2.412763e-03	-4.124283e+00
1.369000e-05	-2.079788e-02	-4.180471e+00
1.370000e-05	6.816360e-03	-4.270655e+00
1.371000e-05	4.555335e-02	-4.304837e+00
1.372000e-05	-9.263938e-03	-4.386992e+00
1.373000e-05	-7.776868e-03	-4.430974e+00
1.374000e-05	-1.516498e-02	-4.482758e+00
1.375000e-05	1.724158e-02	-4.597396e+00
1.376000e-05	2.393371e-02	-4.650576e+00
1.377000e-05	-1.408247e-02	-4.683213e+00
1.378000e-05	-9.220810e-03	-4.736889e+00
1.379000e-05	5.293033e-03	-4.727403e+00
1.380000e-05	2.580337e-02	-4.891653e+00
1.381000e-05	1.452326e-02	-4.925317e+00
1.382000e-05	-1.933858e-02	-4.968022e+00
1.383000e-05	-6.549112e-03	-5.020526e+00
1.384000e-05	2.097600e-02	-5.112258e+00
1.385000e-05	1.118103e-02	-5.117820e+00
1.386000e-05	7.058280e-03	-5.197470e+00
1.387000e-05	-1.493393e-02	-5.220502e+00
1.388000e-05	3.085070e-03	-5.272781e+00
1.389000e-05	2.625704e-02	-5.324289e+00
1.390000e-05	7.687495e-03	-5.348422e+00
1.391000e-05	-4.026033e-03	-5.430774e+00
1.392000e-05	-9.814650e-03	-5.524706e+00
1.393000e-05	1.676286e-02	-5.556892e+00
1.394000e-05	2.171634e-02	-5.597920e+00
1.395000e-05	4.821322e-04	-5.599999e+00
1.396000e-05	-6.511326e-03	-5.600000e+00
1.397000e-05	3.591027e-03	-5.631051e+00
1.398000e-05	1.810554e-02	-5.630026e+00
1.399000e-05	1.494521e-02	-5.642704e+00
1.400000e-05	-1.648446e-03	-5.703179e+00
1.401000e-05	-1.759491e-03	-5.695211e+00
1.402000e-05	1.249952e-02	-5.723812e+00
1.403000e-05	1.886200e-02	-5.715763e+00
1.404000e-05	9.835062e-03	-5.716847e+00
1.405000e-05	-4.848343e-03	-5.764795e+00
1.406000e-05	3.501187e-03	-5.725919e+00
1.407000e-05	1.742564e-02	-5.755890e+00
1.408000e-05	1.577199e-02	-5.757395e+00
1.409000e-05	4.595889e-03	-5.747918e+00
1.410000e-05	-1.058451e-04	-5.734891e+00
1.411000e-05	1.436539e-02	-5.735388e+00
1.412000e-05	1.913445e-02	-5.747867e+00
1.413000e-05	1.206251e-02	-5.744391e+00
1.414000e-05	1.252894e-03	-5.717262e+00
1.415000e-05	5.211250e-03	-5.705410e+00
1.416000e-05	1.713522e-02	-5.692682e+00
1.417000e-05	1.840045e-02	-5.703687e+00
1.418000e-05	8.360959e-03	-5.671608e+00
1.419000e-05	2.413169e-03	-5.621099e+00
1.420000e-05	1.147377e-02	-5.621576e+00
1.421000e-05	1.982599e-02	-5.600976e+00
1.422000e-05	1.479150e-02	-5.589000e+00
1.423000e-05	5.801957e-03	-5.568970e+00
1.424000e-05	7.621563e-03	-5.567920e+00
1.425000e-05	1.616451e-02	-5.514839e+00
1.426000e-05	1.809491e-02	-5.481286e+00
1.427000e-05	1.132077e-02	-5.403472e+00
1.428000e-05	5.853749e-03	-5.326914e+00
1.429000e-05	1.194041e-02	-5.233737e+00
1.430000e-05	1.847608e-02	-5.252600e+00
1.431000e-05	1.638828e-02	-5.209478e+00
1.432000e-05	8.382717e-03	-5.166969e+00
1.433000e-05	7.746578e-03	-5.085267e+00
1.434000e-05	1.397165e-02	-5.032654e+00
1.435000e-05	1.705438e-02	-4.999997e+00
1.436000e-05	1.098317e-02	-4.965919e+00
1.437000e-05	6.420881e-03	-4.841104e+00
1.438000e-05	1.001685e-02	-4.733976e+00
1.439000e-05	1.628882e-02	-4.716708e+00
1.440000e-05	1.450309e-02	-4.612731e+00
1.441000e-05	8.087227e-03	-4.571050e+00
1.442000e-05	6.430529e-03	-4.517495e+00
1.443000e-05	1.149078e-02	-4.475790e+00
1.444000e-05	1.376552e-02	-4.433130e+00
1.445000e-05	1.008416e-02	-4.390500e+00
1.446000e-05	4.962551e-03	-4.326344e+00
1.447000e-05	7.194468e-03	-4.264733e+00
1.448000e-05	1.130948e-02	-4.161504e+00
1.449000e-05	1.153645e-02	-4.139945e+00
1.450000e-05	5.623092e-03	-4.044212e+00
1.451000e-05	4.300841e-03	-3.999004e+00
1.452000e-05	7.751054e-03	-3.958920e+00
1.453000e-05	8.679412e-03	-3.872662e+00
1.454000e-05	6.703984e-03	-3.718367e+00
1.455000e-05	2.083036e-03	-3.642085e+00
1.456000e-05	4.444623e-03	-3.579973e+00
1.457000e-05	7.451942e-03	-3.496863e+00
1.458000e-05	8.450859e-03	-3.410658e+00
1.459000e-05	4.088275e-03	-3.279468e+00
1.460000e-05	6.467544e-04	-3.263633e+00
1.461000e-05	2.571044e-03	-3.179024e+00
1.462000e-05	5.016866e-03	-3.155316e+00
1.463000e-05	4.328183e-03	-2.932501e+00
1.464000e-05	-1.780262e-04	-2.823108e+00
1.465000e-05	1.889611e-03	-2.779497e+00
1.466000e-05	3.043809e-03	-2.695261e+00
1.467000e-05	4.209172e-03	-2.601506e+00
1.468000e-05	5.994067e-05	-2.527368e+00
1.469000e-05	-5.869859e-04	-2.402553e+00
1.470000e-05	4.802562e-04	-2.357501e+00
1.471000e-05	2.686528e-03	-2.242259e+00
1.472000e-05	3.033214e-04	-2.044338e+00
1.473000e-05	-1.761362e-03	-2.001079e+00
1.474000e-05	-8.903800e-04	-1.945818e+00
1.475000e-05	1.400977e-03	-1.811182e+00
1.476000e-05	5.451563e-04	-1.717318e+00
1.477000e-05	-1.513475e-03	-1.621607e+00
1.478000e-05	-1.231495e-03	-1.579020e+00
1.479000e-05	2.742291e-04	-1.402584e+00
1.480000e-05	-1.488283e-04	-1.236732e+00
1.481000e-05	-2.793669e-03	-1.168419e+00
1.482000e-05	-3.843199e-03	-1.075157e+00
1.483000e-05	-3.385745e-03	-9.269461e-01
1.484000e-05	-1.606110e-03	-8.641878e-01
1.485000e-05	-1.661794e-03	-7.894960e-01
1.486000e-05	-2.321879e-03	-7.047630e-01
1.487000e-05	-2.568105e-03	-5.284261e-01
1.488000e-05	-2.120454e-03	-4.220564e-01
1.489000e-05	-3.053959e-03	-3.373684e-01
1.490000e-05	-3.481653e-03	-1.922078e-01
1.491000e-05	-4.570206e-03	-1.188960e-01
1.492000e-05	-2.315674e-03	-4.213151e-02
1.493000e-05	1.211403e-03	5.202627e-02
1.494000e-05	-3.417536e-04	9.581586e-02
1.495000e-05	-1.705870e-03	3.006054e-01
1.496000e-05	-3.055230e-03	3.979226e-01
1.497000e-05	-3.386480e-03	4.616052e-01
1.498000e-05	-3.303891e-03	5.463163e-01
1.499000e-05	3.999686e-03	6.415250e-01
1.500000e-05	2.950677e-02	7.667383e-01
1.501000e-05	2.971342e-02	8.616292e-01
1.502000e-05	-4.112908e-02	1.081029e+00
1.503000e-05	-9.100998e-02	1.188390e+00
1.504000e-05	-5.527081e-03	1.201498e+00
1.505000e-05	1.018567e-01	1.295188e+00
1.506000e-05	-3.077223e-02	1.451053e+00
1.507000e-05	-1.163070e-01	1.556260e+00
1.508000e-05	9.999395e-02	1.681136e+00
1.509000e-05	-1.078129e-02	1.839978e+00
1.510000e-05	-6.305253e-02	1.933331e+00
1.511000e-05	3.480768e-02	1.917266e+00
1.512000e-05	5.316399e-02	2.069574e+00
1.513000e-05	-1.530270e-01	2.175320e+00
1.514000e-05	3.089014e-02	2.249473e+00
1.515000e-05	1.211488e-01	2.282658e+00
1.516000e-05	-8.058827e-02	2.447976e+00
1.517000e-05	-6.298893e-02	2.513631e+00
1.518000e-05	4.937319e-02	2.627476e+00
1.519000e-05	-6.751485e-03	2.766737e+00
1.520000e-05	-7.540827e-03	2.799025e+00
1.521000e-05	8.658544e-03	2.883205e+00
1.522000e-05	-6.694935e-02	3.008425e+00
1.523000e-05	3.748397e-02	3.062607e+00
1.524000e-05	1.724045e-02	3.137840e+00
1.525000e-05	-2.174531e-02	3.180449e+00
1.526000e-05	-2.554139e-02	3.222605e+00
1.527000e-05	-1.443050e-02	3.378822e+00
1.528000e-05	-1.587327e-02	3.565132e+00
1.529000e-05	5.017271e-02	3.599473e+00
1.530000e-05	-1.991959e-02	3.633157e+00
1.531000e-05	-6.526445e-02	3.715861e+00
1.532000e-05	2.697472e-02	3.809497e+00
1.533000e-05	1.308304e-02	3.891607e+00
1.534000e-05	-7.594815e-03	3.947888e+00
1.535000e-05	-3.975962e-02	4.010476e+00
1.536000e-05	-1.289253e-02	4.051102e+00
1.537000e-05	1.442623e-04	4.116245e+00
1.538000e-05	2.104293e-02	4.271528e+00
1.539000e-05	-1.760004e-02	4.357867e+00
1.540000e-05	-3.464194e-02	4.430449e+00
1.541000e-05	-5.263512e-03	4.442154e+00
1.542000e-05	9.804990e-03	4.506683e+00
1.543000e-05	4.217348e-03	4.578469e+00
1.544000e-05	-3.588410e-02	4.631076e+00
1.545000e-05	-2.009075e-02	4.705662e+00
1.546000e-05	-2.312269e-03	4.786917e+00
1.547000e-05	1.704339e-02	4.777973e+00
1.548000e-05	-1.952701e-02	4.870499e+00
1.549000e-05	-2.957237e-02	4.873705e+00
1.550000e-05	-1.065620e-02	4.978016e+00
1.551000e-05	4.473056e-03	5.012656e+00
1.552000e-05	2.111600e-03	5.174106e+00
1.553000e-05	-2.641089e-02	5.218921e+00
1.554000e-05	-2.418926e-02	5.220025e+00
1.555000e-05	-7.653475e-03	5.261629e+00
1.556000e-05	9.689544e-03	5.253635e+00
1.557000e-05	-1.439108e-02	5.335267e+00
1.558000e-05	-2.732777e-02	5.378941e+00
1.559000e-05	-1.715407e-02	5.399923e+00
1.560000e-05	1.568152e-03	5.431026e+00
1.561000e-05	-1.860347e-04	5.413150e+00
1.562000e-05	-2.489660e-02	5.494081e+00
1.563000e-05	-2.473461e-02	5.512312e+00
1.564000e-05	-1.225771e-02	5.506709e+00
1.565000e-05	2.414553e-03	5.537391e+00
1.566000e-05	-1.269729e-02	5.579368e+00
1.567000e-05	-2.394677e-02	5.589922e+00
1.568000e-05	-2.035095e-02	5.589472e+00
1.569000e-05	-4.857233e-03	5.599449e+00
1.570000e-05	-3.291629e-03	5.589999e+00
1.571000e-05	-2.087417e-02	5.589975e+00
1.572000e-05	-2.653418e-02	5.599999e+00
1.573000e-05	-1.716251e-02	5.590001e+00
1.574000e-05	-2.767304e-03	5.590522e+00
1.575000e-05	-1.183461e-02	5.609975e+00
1.576000e-05	-2.395563e-02	5.599475e+00
1.577000e-05	-2.344187e-02	5.601000e+00
1.578000e-05	-9.955586e-03	5.619499e+00
1.579000e-05	-8.062919e-03	5.579999e+00
1.580000e-05	-2.050579e-02	5.599947e+00
1.581000e-05	-2.586706e-02	5.549467e+00
1.582000e-05	-1.991534e-02	5.568445e+00
1.583000e-05	-7.801311e-03	5.567391e+00
1.584000e-05	-1.326415e-02	5.538271e+00
1.585000e-05	-2.344401e-02	5.506787e+00
1.586000e-05	-2.567094e-02	5.485283e+00
1.587000e-05	-1.567714e-02	5.473159e+00
1.588000e-05	-1.067005e-02	5.411527e+00
1.589000e-05	-1.960472e-02	5.410525e+00
1.590000e-05	-2.614430e-02	5.420999e+00
1.591000e-05	-2.241936e-02	5.367892e+00
1.592000e-05	-1.220178e-02	5.306812e+00
1.593000e-05	-1.500330e-02	5.294187e+00
1.594000e-05	-2.325283e-02	5.212030e+00
1.595000e-05	-2.602066e-02	5.198999e+00
1.596000e-05	-1.748265e-02	5.138846e+00
1.597000e-05	-1.308606e-02	5.134263e+00
1.598000e-05	-1.804771e-02	5.001127e+00
1.599000e-05	-2.377490e-02	4.936446e+00
1.600000e-05	-2.277067e-02	4.854262e+00
1.601000e-05	-1.472875e-02	4.802602e+00
1.602000e-05	-1.411706e-02	4.771001e+00
1.603000e-05	-2.026351e-02	4.777419e+00
1.604000e-05	-2.430011e-02	4.715810e+00
1.605000e-05	-1.838854e-02	4.621600e+00
1.606000e-05	-1.301351e-02	4.568946e+00
1.607000e-05	-1.676449e-02	4.536361e+00
1.608000e-05	-2.121284e-02	4.443103e+00
1.609000e-05	-2.171891e-02	4.410550e+00
1.610000e-05	-1.363775e-02	4.379422e+00
1.611000e-05	-1.406328e-02	4.345297e+00
1.612000e-05	-1.634843e-02	4.232082e+00
1.613000e-05	-2.193851e-02	4.076238e+00
1.614000e-05	-1.631460e-02	3.991580e+00
1.615000e-05	-1.144380e-02	3.957944e+00
1.616000e-05	-1.165989e-02	3.906739e+00
1.617000e-05	-1.824866e-02	3.821581e+00
1.618000e-05	-1.789271e-02	3.738920e+00
1.619000e-05	-1.405505e-02	3.664159e+00
1.620000e-05	-9.396734e-03	3.610500e+00
1.621000e-05	-1.297569e-02	3.567400e+00
1.622000e-05	-1.665273e-02	3.434206e+00
1.623000e-05	-1.377617e-02	3.326871e+00
1.624000e-05	-1.053688e-02	3.222655e+00
1.625000e-05	-9.457547e-03	3.157922e+00
1.626000e-05	-1.364112e-02	3.074260e+00
1.627000e-05	-1.498717e-02	2.972074e+00
1.628000e-05	-9.788750e-03	2.917915e+00
1.629000e-05	-7.513808e-03	2.831581e+00
1.630000e-05	-8.577719e-03	2.790474e+00
1.631000e-05	-1.354360e-02	2.685741e+00
1.632000e-05	-1.192427e-02	2.558920e+00
1.633000e-05	-7.971991e-03	2.454054e+00
1.634000e-05	-7.382453e-03	2.348869e+00
1.635000e-05	-1.036124e-02	2.233130e+00
1.636000e-05	-1.084292e-02	2.189399e+00
1.637000e-05	-7.821909e-03	2.044784e+00
1.638000e-05	-5.094258e-03	1.990474e+00
1.639000e-05	-7.371839e-03	1.897365e+00
1.640000e-05	-1.042660e-02	1.822027e+00
1.641000e-05	-9.460785e-03	1.697788e+00
1.642000e-05	-6.123610e-03	1.582530e+00
1.643000e-05	-5.818835e-03	1.486206e+00
1.644000e-05	-8.064896e-03	1.371025e+00
1.645000e-05	-7.805362e-03	1.265635e+00
1.646000e-05	-5.310009e-03	1.160945e+00
1.647000e-05	-3.899594e-03	1.013110e+00
1.648000e-05	-6.161153e-03	8.947618e-01
1.649000e-05	-8.315186e-03	7.990011e-01
1.650000e-05	-7.766343e-03	7.257444e-01
1.651000e-05	-5.471013e-03	5.915986e-01
1.652000e-05	-3.724928e-03	5.052393e-01
1.653000e-05	-4.889807e-03	4.020538e-01
1.654000e-05	-6.973793e-03	2.673145e-01
1.655000e-05	-5.806791e-03	1.715563e-01
1.656000e-05	-2.919726e-03	5.418152e-02
1.657000e-05	-2.367018e-03	-2.157640e-02
1.658000e-05	-4.068406e-03	-1.448395e-01
1.659000e-05	-3.187202e-03	-2.015251e-01
1.660000e-05	-1.666971e-03	-3.137381e-01
1.661000e-05	1.378153e-04	-3.879999e-01
1.662000e-05	-6.527582e-04	-4.925830e-01
1.663000e-05	-4.505961e-03	-5.779526e-01
1.664000e-05	-4.943975e-03	-7.352910e-01
1.665000e-05	1.230144e-02	-7.989526e-01
1.666000e-05	5.286231e-02	-8.832055e-01
1.667000e-05	2.556605e-03	-1.040080e+00
1.668000e-05	-7.611992e-02	-1.250527e+00
1.669000e-05	-7.507174e-02	-1.346341e+00
1.670000e-05	9.955580e-02	-1.274809e+00
1.671000e-05	2.773677e-02	-1.405867e+00
1.672000e-05	-7.151570e-02	-1.657599e+00
1.673000e-05	-2.285140e-02	-1.734840e+00
1.674000e-05	1.013544e-01	-1.694341e+00
1.675000e-05	-9.003404e-02	-1.859556e+00
1.676000e-05	-2.269816e-02	-1.998474e+00
1.677000e-05	1.227099e-01	-2.000578e+00
1.678000e-05	-9.380865e-02	-2.084217e+00
1.679000e-05	-1.060441e-01	-2.332761e+00
1.680000e-05	1.694744e-01	-2.408899e+00
1.681000e-05	1.938181e-02	-2.472137e+00
1.682000e-05	-1.375975e-01	-2.596871e+00
1.683000e-05	5.935106e-02	-2.651608e+00
1.684000e-05	2.888029e-02	-2.776316e+00
1.685000e-05	-2.906109e-02	-2.799053e+00
1.686000e-05	3.598036e-02	-2.851134e+00
1.687000e-05	-4.203320e-02	-3.039581e+00
1.688000e-05	-3.219504e-02	-3.197970e+00
1.689000e-05	1.079099e-01	-3.211503e+00
1.690000e-05	-4.670228e-02	-3.313234e+00
1.691000e-05	-2.383221e-02	-3.398999e+00
1.692000e-05	3.400276e-02	-3.452631e+00
1.693000e-05	-5.170136e-02	-3.555364e+00
1.694000e-05	4.975108e-02	-3.641499e+00
1.695000e-05	4.979879e-02	-3.663606e+00
1.696000e-05	-8.197720e-02	-3.857470e+00
1.697000e-05	6.920013e-03	-3.914286e+00
1.698000e-05	5.278489e-02	-3.997846e+00
1.699000e-05	-1.039310e-02	-4.061558e+00
1.700000e-05	-3.485347e-03	-4.093815e+00
1.701000e-05	-2.381162e-02	-4.186895e+00
1.702000e-05	4.266715e-03	-4.291707e+00
1.703000e-05	4.540988e-02	-4.345812e+00
1.704000e-05	-9.399239e-03	-4.387945e+00
1.705000e-05	-7.265386e-03	-4.419550e+00
1.706000e-05	-1.337590e-02	-4.483184e+00
1.707000e-05	1.930390e-02	-4.586943e+00
1.708000e-05	2.559546e-02	-4.631023e+00
1.709000e-05	-1.434848e-02	-4.702688e+00
1.710000e-05	-1.152682e-02	-4.725265e+00
1.711000e-05	4.302327e-03	-4.777899e+00
1.712000e-05	2.610475e-02	-4.869607e+00
1.713000e-05	1.539073e-02	-4.922894e+00
1.714000e-05	-1.945588e-02	-4.989847e+00
1.715000e-05	-8.318851e-03	-5.040528e+00
1.716000e-05	2.228390e-02	-5.083157e+00
1.717000e-05	1.236239e-02	-5.175764e+00
1.718000e-05	7.571902e-03	-5.189499e+00
1.719000e-05	-1.672191e-02	-5.210028e+00
1.720000e-05	2.023042e-03	-5.282706e+00
1.721000e-05	2.735946e-02	-5.285835e+00
1.722000e-05	9.155466e-03	-5.397073e+00
1.723000e-05	-3.656152e-03	-5.451180e+00
1.724000e-05	-9.919538e-03	-5.545758e+00
1.725000e-05	1.612065e-02	-5.566866e+00
1.726000e-05	2.211647e-02	-5.588996e+00
1.727000e-05	1.468442e-03	-5.599999e+00
1.728000e-05	-7.778369e-03	-5.600024e+00
1.729000e-05	3.254449e-03	-5.620553e+00
1.730000e-05	1.908698e-02	-5.620526e+00
1.731000e-05	1.521627e-02	-5.642628e+00
1.732000e-05	-1.359770e-03	-5.682736e+00
1.733000e-05	-2.220163e-03	-5.673683e+00
1.734000e-05	1.316505e-02	-5.714762e+00
1.735000e-05	1.839280e-02	-5.693816e+00
1.736000e-05	1.010738e-02	-5.706391e+00
1.737000e-05	-4.945703e-03	-5.765840e+00
1.738000e-05	3.807256e-03	-5.777767e+00
1.739000e-05	1.869613e-02	-5.727369e+00
1.740000e-05	1.659624e-02	-5.768420e+00
1.741000e-05	5.464635e-03	-5.746867e+00
1.742000e-05	-1.274600e-03	-5.718470e+00
1.743000e-05	1.275395e-02	-5.727344e+00
1.744000e-05	1.858607e-02	-5.713368e+00
1.745000e-05	1.159947e-02	-5.726336e+00
1.746000e-05	1.884732e-03	-5.734713e+00
1.747000e-05	5.368947e-03	-5.762841e+00
1.748000e-05	1.713198e-02	-5.724283e+00
1.749000e-05	1.843888e-02	-5.634733e+00
1.750000e-05	8.737540e-03	-5.681707e+00
1.751000e-05	2.378983e-03	-5.602000e+00
1.752000e-05	1.188869e-02	-5.611100e+00
1.753000e-05	1.949568e-02	-5.599976e+00
1.754000e-05	1.543434e-02	-5.579500e+00
1.755000e-05	5.268368e-03	-5.579471e+00
1.756000e-05	7.319499e-03	-5.566922e+00
1.757000e-05	1.609556e-02	-5.544743e+00
1.758000e-05	1.880241e-02	-5.482879e+00
1.759000e-05	1.084096e-02	-5.429524e+00
1.760000e-05	4.898644e-03	-5.346848e+00
1.761000e-05	1.135932e-02	-5.243157e+00
1.762000e-05	1.803184e-02	-5.250582e+00
1.763000e-05	1.629812e-02	-5.199549e+00
1.764000e-05	7.589455e-03	-5.178417e+00
1.765000e-05	7.441819e-03	-5.076841e+00
1.766000e-05	1.437133e-02	-5.042609e+00
1.767000e-05	1.821875e-02	-5.000520e+00
1.768000e-05	1.124369e-02	-4.927448e+00
1.769000e-05	6.089601e-03	-4.832237e+00
1.770000e-05	1.011453e-02	-4.788841e+00
1.771000e-05	1.555982e-02	-4.653236e+00
1.772000e-05	1.521906e-02	-4.662081e+00
1.773000e-05	7.489896e-03	-4.601025e+00
1.774000e-05	6.335191e-03	-4.527497e+00
1.775000e-05	1.058614e-02	-4.445264e+00
1.776000e-05	1.418546e-02	-4.402105e+00
1.777000e-05	1.018454e-02	-4.389975e+00
1.778000e-05	4.543993e-03	-4.347471e+00
1.779000e-05	6.623667e-03	-4.253238e+00
1.780000e-05	1.224680e-02	-4.189577e+00
1.781000e-05	1.307893e-02	-4.148470e+00
1.782000e-05	6.487869e-03	-4.053634e+00
1.783000e-05	3.784628e-03	-4.021049e+00
1.784000e-05	7.422522e-03	-3.978444e+00
1.785000e-05	9.674927e-03	-3.833140e+00
1.786000e-05	7.087147e-03	-3.726941e+00
1.787000e-05	2.718529e-03	-3.642104e+00
1.788000e-05	4.588625e-03	-3.568924e+00
1.789000e-05	7.723753e-03	-3.496287e+00
1.790000e-05	7.284385e-03	-3.403058e+00
1.791000e-05	2.715547e-03	-3.327421e+00
1.792000e-05	3.886824e-04	-3.223105e+00
1.793000e-05	3.707490e-03	-3.197972e+00
1.794000e-05	5.649444e-03	-3.126743e+00
1.795000e-05	4.437094e-03	-2.939930e+00
1.796000e-05	-2.218612e-04	-2.833213e+00
1.797000e-05	1.991272e-03	-2.769500e+00
1.798000e-05	3.977546e-03	-2.675838e+00
1.799000e-05	4.476992e-03	-2.601525e+00
1.800000e-05	3.139730e-04	-2.466818e+00
1.801000e-05	-4.203978e-04	-2.391576e+00
1.802000e-05	8.346159e-04	-2.338472e+00
1.803000e-05	2.542673e-03	-2.262737e+00
1.804000e-05	1.241632e-03	-2.116187e+00
1.805000e-05	-3.376954e-03	-2.001529e+00
1.806000e-05	-2.748507e-03	-1.936368e+00
1.807000e-05	1.535861e-03	-1.822080e+00
1.808000e-05	2.460759e-03	-1.705894e+00
1.809000e-05	-1.187358e-03	-1.622055e+00
1.810000e-05	-2.677243e-03	-1.567898e+00
1.811000e-05	-2.699619e-04	-1.434158e+00
1.812000e-05	6.056685e-04	-1.264763e+00
1.813000e-05	-2.059772e-03	-1.137972e+00
1.814000e-05	-5.864457e-03	-1.033660e+00
1.815000e-05	-4.131208e-03	-9.589273e-01
1.816000e-05	-1.030945e-03	-8.153105e-01
1.817000e-05	7.516836e-04	-7.894737e-01
1.818000e-05	-1.514826e-03	-6.253378e-01
1.819000e-05	-4.541213e-03	-4.993656e-01
1.820000e-05	-3.033843e-03	-3.926038e-01
1.821000e-05	-1.562495e-03	-3.273435e-01
1.822000e-05	-3.150062e-03	-2.320565e-01
1.823000e-05	-5.742589e-03	-1.479233e-01
1.824000e-05	-4.736778e-03	-3.315533e-02
1.825000e-05	1.346466e-04	2.007638e-02
1.826000e-05	9.015468e-04	1.262133e-01
1.827000e-05	-4.415121e-04	3.029542e-01
1.828000e-05	-4.310786e-03	4.173937e-01
1.829000e-05	-2.770106e-03	4.616540e-01
1.830000e-05	-2.306085e-03	5.266661e-01
1.831000e-05	4.021944e-03	6.710277e-01
1.832000e-05	2.812966e-02	7.563898e-01
1.833000e-05	2.991581e-02	8.835267e-01
1.834000e-05	-3.985767e-02	1.043151e+00
1.835000e-05	-9.151784e-02	1.188395e+00
1.836000e-05	-9.363307e-03	1.201003e+00
1.837000e-05	1.025975e-01	1.334239e+00
1.838000e-05	-2.911587e-02	1.462626e+00
1.839000e-05	-1.151351e-01	1.526285e+00
1.840000e-05	9.809425e-02	1.701500e+00
1.841000e-05	-9.251692e-03	1.820072e+00
1.842000e-05	-6.454586e-02	1.913758e+00
1.843000e-05	3.274439e-02	1.905816e+00
1.844000e-05	5.684862e-02	2.042023e+00
1.845000e-05	-1.544737e-01	2.166364e+00
1.846000e-05	2.796113e-02	2.211049e+00
1.847000e-05	1.230483e-01	2.303213e+00
1.848000e-05	-7.857652e-02	2.408420e+00
1.849000e-05	-6.549495e-02	2.503607e+00
1.850000e-05	4.947784e-02	2.606945e+00
1.851000e-05	-5.864989e-03	2.754288e+00
1.852000e-05	-7.481889e-03	2.810472e+00
1.853000e-05	8.190129e-03	2.933587e+00
1.854000e-05	-6.744322e-02	2.977421e+00
1.855000e-05	3.585379e-02	3.093080e+00
1.856000e-05	1.862200e-02	3.166312e+00
1.857000e-05	-2.165327e-02	3.200971e+00
1.858000e-05	-2.673731e-02	3.271581e+00
1.859000e-05	-1.385751e-02	3.369015e+00
1.860000e-05	-1.543472e-02	3.544161e+00
1.861000e-05	5.131436e-02	3.608448e+00
1.862000e-05	-1.988258e-02	3.631479e+00
1.863000e-05	-6.578159e-02	3.745338e+00
1.864000e-05	2.707974e-02	3.810946e+00
1.865000e-05	1.530092e-02	3.863282e+00
1.866000e-05	-7.540028e-03	3.926813e+00
1.867000e-05	-4.065466e-02	4.028974e+00
1.868000e-05	-1.219433e-02	4.062607e+00
1.869000e-05	6.538948e-04	4.155336e+00
1.870000e-05	2.169926e-02	4.302550e+00
1.871000e-05	-1.913105e-02	4.396361e+00
1.872000e-05	-3.500632e-02	4.410478e+00
1.873000e-05	-5.336330e-03	4.461032e+00
1.874000e-05	1.149767e-02	4.533358e+00
1.875000e-05	4.661428e-03	4.578369e+00
1.876000e-05	-3.667419e-02	4.600475e+00
1.877000e-05	-2.054027e-02	4.704631e+00
1.878000e-05	-1.652974e-03	4.746415e+00
1.879000e-05	1.842353e-02	4.788971e+00
1.880000e-05	-2.028163e-02	4.830999e+00
1.881000e-05	-3.009063e-02	4.883154e+00
1.882000e-05	-1.096846e-02	5.018466e+00
1.883000e-05	5.269390e-03	5.082678e+00
1.884000e-05	2.118949e-03	5.165680e+00
1.885000e-05	-2.759461e-02	5.168366e+00
1.886000e-05	-2.513122e-02	5.200496e+00
1.887000e-05	-7.688740e-03	5.273054e+00
1.888000e-05	9.866841e-03	5.292707e+00
1.889000e-05	-1.425953e-02	5.346863e+00
1.890000e-05	-2.802237e-02	5.367367e+00
1.891000e-05	-1.753974e-02	5.399419e+00
1.892000e-05	2.889277e-03	5.411053e+00
1.893000e-05	1.698050e-04	5.461026e+00
1.894000e-05	-2.517491e-02	5.462128e+00
1.895000e-05	-2.499434e-02	5.503782e+00
1.896000e-05	-1.169401e-02	5.506792e+00
1.897000e-05	2.570540e-03	5.568365e+00
1.898000e-05	-1.304506e-02	5.547445e+00
1.899000e-05	-2.519334e-02	5.579445e+00
1.900000e-05	-2.035309e-02	5.579922e+00
1.901000e-05	-4.358513e-03	5.590024e+00
1.902000e-05	-3.362186e-03	5.599521e+00
1.903000e-05	-2.185109e-02	5.589950e+00
1.904000e-05	-2.718904e-02	5.589997e+00
1.905000e-05	-1.678847e-02	5.600499e+00
1.906000e-05	-2.689626e-03	5.600051e+00
1.907000e-05	-1.244601e-02	5.599949e+00
1.908000e-05	-2.444999e-02	5.609449e+00
1.909000e-05	-2.268665e-02	5.609975e+00
1.910000e-05	-8.922089e-03	5.579997e+00
1.911000e-05	-7.978947e-03	5.598972e+00
1.912000e-05	-2.108458e-02	5.589972e+00
1.913000e-05	-2.602538e-02	5.578420e+00
1.914000e-05	-1.935294e-02	5.579444e+00
1.915000e-05	-8.062298e-03	5.578393e+00
1.916000e-05	-1.434607e-02	5.527363e+00
1.917000e-05	-2.462371e-02	5.495188e+00
1.918000e-05	-2.589274e-02	5.505259e+00
1.919000e-05	-1.448274e-02	5.503130e+00
1.920000e-05	-1.008644e-02	5.432183e+00
1.921000e-05	-1.930640e-02	5.401976e+00
1.922000e-05	-2.584457e-02	5.408472e+00
1.923000e-05	-2.248557e-02	5.378943e+00
1.924000e-05	-1.211100e-02	5.275815e+00
1.925000e-05	-1.519707e-02	5.303207e+00
1.926000e-05	-2.313629e-02	5.241551e+00
1.927000e-05	-2.581614e-02	5.199977e+00
1.928000e-05	-1.809818e-02	5.168294e+00
1.929000e-05	-1.250545e-02	5.128735e+00
1.930000e-05	-1.826971e-02	5.070479e+00
1.931000e-05	-2.432498e-02	4.929944e+00
1.932000e-05	-2.281306e-02	4.856659e+00
1.933000e-05	-1.371385e-02	4.841076e+00
1.934000e-05	-1.413924e-02	4.800001e+00
1.935000e-05	-2.143440e-02	4.747946e+00
1.936000e-05	-2.513643e-02	4.706762e+00
1.937000e-05	-1.863941e-02	4.612128e+00
1.938000e-05	-1.181882e-02	4.558445e+00
1.939000e-05	-1.648860e-02	4.507813e+00
1.940000e-05	-2.163812e-02	4.482104e+00
1.941000e-05	-2.137500e-02	4.420526e+00
1.942000e-05	-1.380678e-02	4.368472e+00
1.943000e-05	-1.338948e-02	4.305760e+00
1.944000e-05	-1.748196e-02	4.183546e+00
1.945000e-05	-2.298982e-02	4.116661e+00
1.946000e-05	-1.626844e-02	4.023055e+00
1.947000e-05	-1.038114e-02	3.978422e+00
1.948000e-05	-1.150813e-02	3.896309e+00
1.949000e-05	-1.762496e-02	3.852006e+00
1.950000e-05	-1.872499e-02	3.748417e+00
1.951000e-05	-1.229803e-02	3.654106e+00
1.952000e-05	-9.827427e-03	3.602050e+00
1.953000e-05	-1.379234e-02	3.557946e+00
1.954000e-05	-1.723807e-02	3.455080e+00
1.955000e-05	-1.406609e-02	3.368695e+00
1.956000e-05	-9.582917e-03	3.221608e+00
1.957000e-05	-8.789757e-03	3.169947e+00
1.958000e-05	-1.345034e-02	3.085209e+00
1.959000e-05	-1.571872e-02	2.990551e+00
1.960000e-05	-1.008538e-02	2.916815e+00
1.961000e-05	-6.718476e-03	2.822529e+00
1.962000e-05	-9.283027e-03	2.799397e+00
1.963000e-05	-1.408277e-02	2.684291e+00
1.964000e-05	-1.206049e-02	2.543515e+00
1.965000e-05	-9.110092e-03	2.413082e+00
1.966000e-05	-7.295273e-03	2.369346e+00
1.967000e-05	-1.032380e-02	2.253682e+00
1.968000e-05	-1.115932e-02	2.138920e+00
1.969000e-05	-8.202907e-03	2.075608e+00
1.970000e-05	-4.877268e-03	1.990979e+00
1.971000e-05	-6.766361e-03	1.917343e+00
1.972000e-05	-1.058129e-02	1.831054e+00
1.973000e-05	-1.011887e-02	1.687339e+00
1.974000e-05	-6.693442e-03	1.610955e+00
1.975000e-05	-5.873172e-03	1.515292e+00
1.976000e-05	-7.515775e-03	1.400952e+00
1.977000e-05	-8.242784e-03	1.274712e+00
1.978000e-05	-6.220877e-03	1.169397e+00
1.979000e-05	-3.722548e-03	1.003202e+00
1.980000e-05	-5.768867e-03	8.952356e-01
1.981000e-05	-7.466370e-03	8.014749e-01
1.982000e-05	-8.127596e-03	7.058196e-01
1.983000e-05	-5.315611e-03	5.919999e-01
1.984000e-05	-4.197666e-03	5.148146e-01
1.985000e-05	-5.291792e-03	3.805537e-01
1.986000e-05	-7.207106e-03	3.688432e-01
1.987000e-05	-4.650893e-03	1.824028e-01
1.988000e-05	-2.955427e-03	4.560895e-02
1.989000e-05	-2.079380e-03	-3.002771e-02
1.990000e-05	-3.981391e-03	-1.342369e-01
1.991000e-05	-2.691725e-03	-2.210263e-01
1.992000e-05	-1.692117e-03	-3.241395e-01
1.993000e-05	-1.072649e-03	-3.979188e-01
1.994000e-05	-2.378974e-03	-4.826804e-01
1.995000e-05	-3.221338e-03	-6.274774e-01
1.996000e-05	-2.619052e-03	-7.742943e-01
1.997000e-05	1.185603e-02	-8.089738e-01
1.998000e-05	5.144687e-02	-8.641580e-01
1.999000e-05	3.793790e-03	-1.038550e+00
2.000000e-05	-7.342946e-02	-1.280579e+00
2.001000e-05	-7.578078e-02	-1.362943e+00
2.002000e-05	9.684216e-02	-1.286289e+00
2.003000e-05	2.718398e-02	-1.379446e+00
2.004000e-05	-6.850355e-02	-1.646999e+00
2.005000e-05	-2.460506e-02	-1.702868e+00
2.006000e-05	1.043654e-01	-1.715761e+00
2.007000e-05	-9.210910e-02	-1.819052e+00
2.008000e-05	-2.459380e-02	-2.027999e+00
2.009000e-05	1.229650e-01	-2.020554e+00
2.010000e-05	-8.965687e-02	-2.114236e+00
2.011000e-05	-1.111115e-01	-2.302260e+00
2.012000e-05	1.687210e-01	-2.400474e+00
2.013000e-05	2.255521e-02	-2.462107e+00
2.014000e-05	-1.370157e-01	-2.586949e+00
2.015000e-05	6.038832e-02	-2.661683e+00
2.016000e-05	3.058828e-02	-2.745341e+00
2.017000e-05	-3.150619e-02	-2.810076e+00
2.018000e-05	3.391321e-02	-2.834131e+00
2.019000e-05	-4.020879e-02	-3.008500e+00
2.020000e-05	-3.433305e-02	-3.205897e+00
2.021000e-05	1.066181e-01	-3.201026e+00
2.022000e-05	-4.572889e-02	-3.314787e+00
2.023000e-05	-2.371717e-02	-3.409030e+00
2.024000e-05	3.703558e-02	-3.453604e+00
2.025000e-05	-5.135989e-02	-3.555865e+00
2.026000e-05	4.482808e-02	-3.620029e+00
2.027000e-05	5.017505e-02	-3.643659e+00
2.028000e-05	-8.145756e-02	-3.789049e+00
2.029000e-05	5.858966e-03	-3.985708e+00
2.030000e-05	5.302416e-02	-4.007874e+00
2.031000e-05	-1.114715e-02	-4.050128e+00
2.032000e-05	-1.440754e-03	-4.105815e+00
2.033000e-05	-2.122619e-02	-4.197971e+00
2.034000e-05	4.046531e-03	-4.222158e+00
2.035000e-05	4.428845e-02	-4.335765e+00
2.036000e-05	-1.041883e-02	-4.378494e+00
2.037000e-05	-7.808180e-03	-4.409550e+00
2.038000e-05	-1.357710e-02	-4.433162e+00
2.039000e-05	1.804393e-02	-4.587945e+00
2.040000e-05	2.490806e-02	-4.589629e+00
2.041000e-05	-1.343388e-02	-4.693084e+00
2.042000e-05	-1.045144e-02	-4.715886e+00
2.043000e-05	5.240639e-03	-4.738794e+00
2.044000e-05	2.474137e-02	-4.882136e+00
2.045000e-05	1.533881e-02	-4.974336e+00
2.046000e-05	-1.935961e-02	-4.989449e+00
2.047000e-05	-7.151408e-03	-5.020529e+00
2.048000e-05	2.085560e-02	-5.122636e+00
2.049000e-05	1.134373e-02	-5.167888e+00
2.050000e-05	7.344757e-03	-5.168920e+00
2.051000e-05	-1.533717e-02	-5.219505e+00
2.052000e-05	2.236763e-03	-5.304208e+00
2.053000e-05	2.620392e-02	-5.314762e+00
2.054000e-05	8.855462e-03	-5.370379e+00
2.055000e-05	-3.580274e-03	-5.431084e+00
2.056000e-05	-9.141763e-03	-5.525266e+00
2.057000e-05	1.560883e-02	-5.537891e+00
2.058000e-05	2.156857e-02	-5.578497e+00
2.059000e-05	1.869988e-03	-5.589524e+00
2.060000e-05	-6.207190e-03	-5.609977e+00
2.061000e-05	3.902326e-03	-5.630025e+00
2.062000e-05	1.885914e-02	-5.620626e+00
2.063000e-05	1.558136e-02	-5.681678e+00
2.064000e-05	-7.840169e-04	-5.662159e+00
2.065000e-05	-1.984052e-03	-5.711657e+00
2.066000e-05	1.231494e-02	-5.724690e+00
2.067000e-05	1.871682e-02	-5.653291e+00
2.068000e-05	9.774322e-03	-5.726294e+00
2.069000e-05	-4.360957e-03	-5.727317e+00
2.070000e-05	2.936008e-03	-5.768321e+00
2.071000e-05	1.826487e-02	-5.707942e+00
2.072000e-05	1.669768e-02	-5.747366e+00
2.073000e-05	6.144027e-03	-5.749841e+00
2.074000e-05	-7.990608e-04	-5.707896e+00
2.075000e-05	1.160308e-02	-5.755897e+00
2.076000e-05	1.947117e-02	-5.737796e+00
2.077000e-05	1.147559e-02	-5.735765e+00
2.078000e-05	1.739137e-03	-5.735318e+00
2.079000e-05	5.380253e-03	-5.646312e+00
2.080000e-05	1.723572e-02	-5.672637e+00
2.081000e-05	1.826168e-02	-5.702106e+00
2.082000e-05	9.260236e-03	-5.612633e+00
2.083000e-05	2.243273e-03	-5.642080e+00
2.084000e-05	1.109205e-02	-5.592029e+00
2.085000e-05	1.945383e-02	-5.620522e+00
2.086000e-05	1.470642e-02	-5.599999e+00
2.087000e-05	4.839110e-03	-5.599446e+00
2.088000e-05	6.517035e-03	-5.568945e+00
2.089000e-05	1.620192e-02	-5.504365e+00
2.090000e-05	1.855485e-02	-5.483257e+00
2.091000e-05	1.106532e-02	-5.411629e+00
2.092000e-05	4.892685e-03	-5.364292e+00
2.093000e-05	1.138314e-02	-5.233733e+00
2.094000e-05	1.818118e-02	-5.252084e+00
2.095000e-05	1.661642e-02	-5.199052e+00
2.096000e-05	7.893349e-03	-5.166870e+00
2.097000e-05	7.553043e-03	-5.115791e+00
2.098000e-05	1.456290e-02	-5.052604e+00
2.099000e-05	1.791318e-02	-5.000026e+00
2.100000e-05	1.167359e-02	-4.937945e+00
2.101000e-05	5.407793e-03	-4.854628e+00
2.102000e-05	9.767115e-03	-4.731322e+00
2.103000e-05	1.520052e-02	-4.726315e+00
2.104000e-05	1.490305e-02	-4.643058e+00
2.105000e-05	8.346291e-03	-4.600051e+00
2.106000e-05	6.073451e-03	-4.517446e+00
2.107000e-05	1.037027e-02	-4.475786e+00
2.108000e-05	1.403030e-02	-4.442058e+00
2.109000e-05	1.053819e-02	-4.399503e+00
2.110000e-05	5.063063e-03	-4.357944e+00
2.111000e-05	6.640267e-03	-4.233710e+00
2.112000e-05	1.193731e-02	-4.211203e+00
2.113000e-05	1.237675e-02	-4.126416e+00
2.114000e-05	5.674297e-03	-4.034709e+00
2.115000e-05	3.616725e-03	-4.010529e+00
2.116000e-05	7.003297e-03	-3.927974e+00
2.117000e-05	1.007068e-02	-3.862862e+00
2.118000e-05	7.485493e-03	-3.756845e+00
2.119000e-05	3.204726e-03	-3.653606e+00
2.120000e-05	3.229819e-03	-3.599501e+00
2.121000e-05	7.019199e-03	-3.495812e+00
2.122000e-05	8.234667e-03	-3.451630e+00
2.123000e-05	4.333809e-03	-3.296445e+00
2.124000e-05	1.005963e-03	-3.225731e+00
2.125000e-05	3.462730e-03	-3.190026e+00
2.126000e-05	5.004155e-03	-3.077363e+00
2.127000e-05	5.502182e-03	-2.979997e+00
2.128000e-05	-1.333618e-03	-2.834258e+00
2.129000e-05	2.689997e-03	-2.799475e+00
2.130000e-05	3.422633e-03	-2.705890e+00
2.131000e-05	5.648556e-03	-2.571655e+00
2.132000e-05	1.022213e-03	-2.534968e+00
2.133000e-05	-1.114245e-03	-2.419030e+00
2.134000e-05	4.246960e-05	-2.377894e+00
2.135000e-05	1.748964e-03	-2.243212e+00
2.136000e-05	1.146869e-03	-2.109764e+00
2.137000e-05	-2.332776e-03	-1.991053e+00
2.138000e-05	-4.365576e-04	-1.937917e+00
2.139000e-05	1.707762e-03	-1.832107e+00
2.140000e-05	3.651588e-03	-1.728350e+00
2.141000e-05	-8.793842e-04	-1.631558e+00
2.142000e-05	-2.625205e-03	-1.578451e+00
2.143000e-05	-1.853608e-03	-1.454284e+00
2.144000e-05	-7.571520e-04	-1.264714e+00
2.145000e-05	-1.267459e-03	-1.189974e+00
2.146000e-05	-3.477277e-03	-1.043082e+00
2.147000e-05	-2.511818e-03	-9.284997e-01
2.148000e-05	-1.574557e-03	-8.537578e-01
2.149000e-05	-1.894550e-04	-7.915236e-01
2.150000e-05	-2.624356e-03	-6.853141e-01
2.151000e-05	-3.826581e-03	-5.374669e-01
2.152000e-05	-3.956758e-03	-4.011276e-01
2.153000e-05	-2.841202e-03	-3.079184e-01
2.154000e-05	-2.636163e-03	-2.127077e-01
2.155000e-05	-3.964510e-03	-1.669284e-01
2.156000e-05	-2.490677e-03	-1.213664e-02
2.157000e-05	2.099552e-04	2.100020e-02
2.158000e-05	5.721463e-04	1.552557e-01
2.159000e-05	-1.697242e-03	2.730853e-01
2.160000e-05	-3.828780e-03	3.868975e-01
2.161000e-05	-3.785925e-03	4.100765e-01
2.162000e-05	-2.613137e-03	5.358134e-01
2.163000e-05	3.749439e-03	6.500480e-01
2.164000e-05	2.789715e-02	7.657896e-01
2.165000e-05	3.164716e-02	8.510791e-01
2.166000e-05	-4.006258e-02	1.063004e+00
2.167000e-05	-9.155185e-02	1.197866e+00
2.168000e-05	-1.215037e-02	1.221001e+00
2.169000e-05	1.033883e-01	1.314188e+00
2.170000e-05	-2.906932e-02	1.469500e+00
2.171000e-05	-1.146692e-01	1.585207e+00
2.172000e-05	9.649676e-02	1.670723e+00
2.173000e-05	-4.737419e-03	1.840397e+00
2.174000e-05	-6.378247e-02	1.874233e+00
2.175000e-05	3.188694e-02	1.904786e+00
2.176000e-05	5.880890e-02	2.040523e+00
2.177000e-05	-1.541305e-01	2.185890e+00
2.178000e-05	2.509959e-02	2.209451e+00
2.179000e-05	1.233468e-01	2.283634e+00
2.180000e-05	-7.699573e-02	2.427949e+00
2.181000e-05	-6.756412e-02	2.473584e+00
2.182000e-05	4.915937e-02	2.638374e+00
2.183000e-05	-5.409620e-03	2.714765e+00
2.184000e-05	-6.829243e-03	2.820399e+00
2.185000e-05	8.518993e-03	2.894129e+00
2.186000e-05	-6.697157e-02	3.005924e+00
2.187000e-05	3.544019e-02	3.083003e+00
2.188000e-05	1.869560e-02	3.156767e+00
2.189000e-05	-2.187962e-02	3.188995e+00
2.190000e-05	-2.679294e-02	3.243529e+00
2.191000e-05	-1.206582e-02	3.408367e+00
2.192000e-05	-1.747428e-02	3.506181e+00
2.193000e-05	5.190309e-02	3.599972e+00
2.194000e-05	-2.005542e-02	3.642078e+00
2.195000e-05	-6.532165e-02	3.784818e+00
2.196000e-05	2.608443e-02	3.810924e+00
2.197000e-05	1.501974e-02	3.873679e+00
2.198000e-05	-8.211396e-03	3.966840e+00
2.199000e-05	-4.068097e-02	4.010450e+00
2.200000e-05	-1.245873e-02	4.052105e+00
2.201000e-05	1.798028e-04	4.126688e+00
2.202000e-05	2.217759e-02	4.261497e+00
2.203000e-05	-1.923908e-02	4.385837e+00
2.204000e-05	-3.361073e-02	4.399473e+00
2.205000e-05	-6.278320e-03	4.454079e+00
2.206000e-05	1.115550e-02	4.554211e+00
2.207000e-05	4.613555e-03	4.578394e+00
2.208000e-05	-3.606519e-02	4.650975e+00
2.209000e-05	-2.136218e-02	4.692203e+00
2.210000e-05	-2.817444e-03	4.758366e+00
2.211000e-05	1.767851e-02	4.798444e+00
2.212000e-05	-1.952680e-02	4.809530e+00
2.213000e-05	-3.019748e-02	4.912656e+00
2.214000e-05	-1.072414e-02	5.017369e+00
2.215000e-05	4.932976e-03	5.114023e+00
2.216000e-05	1.942815e-03	5.125205e+00
2.217000e-05	-2.719974e-02	5.167390e+00
2.218000e-05	-2.523648e-02	5.249977e+00
2.219000e-05	-8.354179e-03	5.252080e+00
2.220000e-05	9.863386e-03	5.285678e+00
2.221000e-05	-1.440282e-02	5.345737e+00
2.222000e-05	-2.686003e-02	5.358916e+00
2.223000e-05	-1.774577e-02	5.429503e+00
2.224000e-05	1.199649e-03	5.420575e+00
2.225000e-05	-1.506927e-03	5.452505e+00
2.226000e-05	-2.378346e-02	5.461614e+00
2.227000e-05	-2.423618e-02	5.535710e+00
2.228000e-05	-1.191002e-02	5.558239e+00
2.229000e-05	1.624253e-03	5.578866e+00
2.230000e-05	-1.403800e-02	5.577392e+00
2.231000e-05	-2.410812e-02	5.568945e+00
2.232000e-05	-2.097000e-02	5.589472e+00
2.233000e-05	-5.956379e-03	5.599975e+00
2.234000e-05	-3.917622e-03	5.609475e+00
2.235000e-05	-1.939001e-02	5.588975e+00
2.236000e-05	-2.543859e-02	5.589974e+00
2.237000e-05	-1.635739e-02	5.599503e+00
2.238000e-05	-3.142839e-03	5.609474e+00
2.239000e-05	-1.405943e-02	5.599000e+00
2.240000e-05	-2.471816e-02	5.609971e+00
2.241000e-05	-2.424734e-02	5.598949e+00
2.242000e-05	-1.060669e-02	5.600497e+00
2.243000e-05	-7.627837e-03	5.588973e+00
2.244000e-05	-1.884699e-02	5.599895e+00
2.245000e-05	-2.420590e-02	5.588919e+00
2.246000e-05	-1.924362e-02	5.579446e+00
2.247000e-05	-8.361115e-03	5.527397e+00
2.248000e-05	-1.395757e-02	5.567313e+00
2.249000e-05	-2.533265e-02	5.514788e+00
2.250000e-05	-2.634168e-02	5.505112e+00
2.251000e-05	-1.614010e-02	5.453634e+00
2.252000e-05	-1.081171e-02	5.410525e+00
2.253000e-05	-1.837243e-02	5.379526e+00
2.254000e-05	-2.421719e-02	5.369974e+00
2.255000e-05	-2.111783e-02	5.388391e+00
2.256000e-05	-1.190754e-02	5.344315e+00
2.257000e-05	-1.527442e-02	5.276659e+00
2.258000e-05	-2.334986e-02	5.241675e+00
2.259000e-05	-2.642730e-02	5.210526e+00
2.260000e-05	-1.923835e-02	5.139296e+00
2.261000e-05	-1.346681e-02	5.095290e+00
2.262000e-05	-1.825605e-02	5.042531e+00
2.263000e-05	-2.309722e-02	4.946873e+00
2.264000e-05	-2.147718e-02	4.904134e+00
2.265000e-05	-1.377949e-02	4.821581e+00
2.266000e-05	-1.393176e-02	4.800524e+00
2.267000e-05	-2.115280e-02	4.728446e+00
2.268000e-05	-2.495723e-02	4.684211e+00
2.269000e-05	-1.975548e-02	4.623153e+00
2.270000e-05	-1.357896e-02	4.588496e+00
2.271000e-05	-1.738692e-02	4.505211e+00
2.272000e-05	-2.002113e-02	4.462129e+00
2.273000e-05	-2.066293e-02	4.391551e+00
2.274000e-05	-1.286768e-02	4.358421e+00
2.275000e-05	-1.322120e-02	4.295237e+00
2.276000e-05	-1.738564e-02	4.172450e+00
2.277000e-05	-2.221558e-02	4.074260e+00
2.278000e-05	-1.750552e-02	4.020575e+00
2.279000e-05	-1.211991e-02	3.967924e+00
2.280000e-05	-1.351315e-02	3.875234e+00
2.281000e-05	-1.775946e-02	3.811576e+00
2.282000e-05	-1.782170e-02	3.767897e+00
2.283000e-05	-1.134781e-02	3.684708e+00
2.284000e-05	-1.067612e-02	3.601549e+00
2.285000e-05	-1.332192e-02	3.568396e+00
2.286000e-05	-1.756714e-02	3.475709e+00
2.287000e-05	-1.413924e-02	3.348346e+00
2.288000e-05	-1.118750e-02	3.243128e+00
2.289000e-05	-9.470485e-03	3.169399e+00
2.290000e-05	-1.211928e-02	3.076741e+00
2.291000e-05	-1.350053e-02	3.031556e+00
2.292000e-05	-1.024271e-02	2.936345e+00
2.293000e-05	-8.631787e-03	2.832579e+00
2.294000e-05	-1.040448e-02	2.767950e+00
2.295000e-05	-1.305192e-02	2.693186e+00
2.296000e-05	-1.147757e-02	2.540071e+00
2.297000e-05	-8.055673e-03	2.444157e+00
2.298000e-05	-6.760959e-03	2.347344e+00
2.299000e-05	-9.352768e-03	2.263159e+00
2.300000e-05	-1.083388e-02	2.158969e+00
2.301000e-05	-9.150484e-03	2.054237e+00
2.302000e-05	-6.434268e-03	1.980974e+00
2.303000e-05	-7.943380e-03	1.917871e+00
2.304000e-05	-9.920818e-03	1.813531e+00
2.305000e-05	-9.382045e-03	1.664816e+00
2.306000e-05	-7.272015e-03	1.651611e+00
2.307000e-05	-5.187085e-03	1.486233e+00
2.308000e-05	-6.411424e-03	1.379946e+00
2.309000e-05	-8.371166e-03	1.273739e+00
2.310000e-05	-6.760223e-03	1.180952e+00
2.311000e-05	-5.486526e-03	1.040740e+00
2.312000e-05	-5.767998e-03	8.757658e-01
2.313000e-05	-7.924542e-03	7.694986e-01
2.314000e-05	-7.169814e-03	6.957909e-01
2.315000e-05	-4.804137e-03	5.605525e-01
2.316000e-05	-3.741791e-03	4.542646e-01
2.317000e-05	-4.973415e-03	4.115289e-01
2.318000e-05	-6.531085e-03	2.988397e-01
2.319000e-05	-6.098065e-03	2.020750e-01
2.320000e-05	-3.040919e-03	6.463782e-02
2.321000e-05	-2.477489e-03	-3.010527e-02
2.322000e-05	-3.463117e-03	-1.062933e-01
2.323000e-05	-2.321437e-03	-2.195013e-01
2.324000e-05	-5.078538e-04	-3.143382e-01
2.325000e-05	-1.363703e-04	-3.894499e-01
2.326000e-05	-1.825083e-03	-4.621567e-01
2.327000e-05	-3.324078e-03	-6.298927e-01
2.328000e-05	-2.788289e-03	-7.553397e-01
2.329000e-05	1.118171e-02	-8.000275e-01
2.330000e-05	5.194997e-02	-8.826104e-01
2.331000e-05	4.796721e-03	-1.049028e+00
2.332000e-05	-7.316446e-02	-1.259052e+00
2.333000e-05	-7.642821e-02	-1.335471e+00
2.334000e-05	9.758619e-02	-1.306368e+00
2.335000e-05	2.867127e-02	-1.355971e+00
2.336000e-05	-6.594835e-02	-1.647974e+00
2.337000e-05	-3.073262e-02	-1.694340e+00
2.338000e-05	1.068751e-01	-1.715364e+00
2.339000e-05	-9.102284e-02	-1.830052e+00
2.340000e-05	-2.430622e-02	-2.008976e+00
2.341000e-05	1.224686e-01	-2.010528e+00
2.342000e-05	-8.667765e-02	-2.113636e+00
2.343000e-05	-1.132972e-01	-2.343758e+00
2.344000e-05	1.676601e-01	-2.408999e+00
2.345000e-05	2.424339e-02	-2.472683e+00
2.346000e-05	-1.384760e-01	-2.567446e+00
2.347000e-05	5.626448e-02	-2.630503e+00
2.348000e-05	3.189348e-02	-2.735789e+00
2.349000e-05	-3.026924e-02	-2.839578e+00
2.350000e-05	3.525743e-02	-2.892108e+00
2.351000e-05	-3.962039e-02	-2.990021e+00
2.352000e-05	-3.513309e-02	-3.206946e+00
2.353000e-05	1.084961e-01	-3.221505e+00
2.354000e-05	-4.455541e-02	-3.284734e+00
2.355000e-05	-2.718092e-02	-3.410025e+00
2.356000e-05	3.535860e-02	-3.472655e+00
2.357000e-05	-5.128386e-02	-3.556265e+00
2.358000e-05	4.514061e-02	-3.600000e+00
2.359000e-05	5.260378e-02	-3.642160e+00
2.360000e-05	-8.126578e-02	-3.828373e+00
2.361000e-05	5.353141e-03	-3.925240e+00
2.362000e-05	5.588694e-02	-3.998896e+00
2.363000e-05	-1.172242e-02	-4.071629e+00
2.364000e-05	-3.909773e-03	-4.144860e+00
2.365000e-05	-2.448831e-02	-4.144446e+00
2.366000e-05	2.948348e-03	-4.272654e+00
2.367000e-05	4.627768e-02	-4.334840e+00
2.368000e-05	-7.875446e-03	-4.389447e+00
2.369000e-05	-8.446559e-03	-4.420975e+00
2.370000e-05	-1.343720e-02	-4.482585e+00
2.371000e-05	1.952562e-02	-4.586975e+00
2.372000e-05	2.574046e-02	-4.618580e+00
2.373000e-05	-1.703164e-02	-4.705112e+00
2.374000e-05	-1.319331e-02	-4.704310e+00
2.375000e-05	5.336665e-03	-4.766873e+00
2.376000e-05	2.817575e-02	-4.842129e+00
2.377000e-05	1.666149e-02	-4.984838e+00
2.378000e-05	-1.981011e-02	-5.009450e+00
2.379000e-05	-9.657746e-03	-5.030501e+00
2.380000e-05	2.330292e-02	-5.094186e+00
2.381000e-05	1.095204e-02	-5.153890e+00
2.382000e-05	6.067029e-03	-5.179421e+00
2.383000e-05	-1.715858e-02	-5.220474e+00
2.384000e-05	3.747275e-03	-5.280683e+00
2.385000e-05	2.906437e-02	-5.284760e+00
2.386000e-05	9.911292e-03	-5.449499e+00
2.387000e-05	-4.730512e-03	-5.472687e+00
2.388000e-05	-1.052909e-02	-5.473234e+00
2.389000e-05	1.603372e-02	-5.587867e+00
2.390000e-05	2.240841e-02	-5.578472e+00
2.391000e-05	1.546450e-03	-5.599999e+00
2.392000e-05	-7.037692e-03	-5.589475e+00
2.393000e-05	4.873817e-03	-5.661553e+00
2.394000e-05	2.016515e-02	-5.612154e+00
2.395000e-05	1.672707e-02	-5.683128e+00
2.396000e-05	-2.461751e-03	-5.683657e+00
2.397000e-05	-4.196433e-03	-5.704711e+00
2.398000e-05	1.232505e-02	-5.734765e+00
2.399000e-05	1.988187e-02	-5.696262e+00
2.400000e-05	1.018613e-02	-5.757339e+00
2.401000e-05	-5.074930e-03	-5.737416e+00
2.402000e-05	3.930279e-03	-5.737945e+00
2.403000e-05	1.947523e-02	-5.726845e+00
2.404000e-05	1.742223e-02	-5.756942e+00
2.405000e-05	4.149717e-03	-5.745869e+00
2.406000e-05	-2.461126e-03	-5.737965e+00
2.407000e-05	1.280769e-02	-5.787972e+00
2.408000e-05	2.008925e-02	-5.737263e+00
2.409000e-05	1.213895e-02	-5.706347e+00
2.410000e-05	1.674889e-03	-5.726358e+00
2.411000e-05	5.131652e-03	-5.764235e+00
2.412000e-05	1.685109e-02	-5.652686e+00
2.413000e-05	1.780146e-02	-5.712734e+00
2.414000e-05	9.028334e-03	-5.652479e+00
2.415000e-05	1.767497e-03	-5.623051e+00
2.416000e-05	1.187621e-02	-5.589550e+00
2.417000e-05	1.933975e-02	-5.600028e+00
2.418000e-05	1.595305e-02	-5.589524e+00
2.419000e-05	4.574479e-03	-5.578949e+00
2.420000e-05	7.733895e-03	-5.566397e+00
2.421000e-05	1.618102e-02	-5.506337e+00
2.422000e-05	1.877168e-02	-5.485668e+00
2.423000e-05	1.109132e-02	-5.364128e+00
2.424000e-05	4.617149e-03	-5.335720e+00
2.425000e-05	1.135173e-02	-5.254261e+00
2.426000e-05	1.727135e-02	-5.231608e+00
2.427000e-05	1.616885e-02	-5.189479e+00
2.428000e-05	7.483607e-03	-5.147444e+00
2.429000e-05	7.177894e-03	-5.094758e+00
2.430000e-05	1.403249e-02	-5.062106e+00
2.431000e-05	1.835902e-02	-5.010026e+00
2.432000e-05	1.133811e-02	-4.926417e+00
2.433000e-05	5.801600e-03	-4.880582e+00
2.434000e-05	9.521487e-03	-4.788773e+00
2.435000e-05	1.561637e-02	-4.726291e+00
2.436000e-05	1.596307e-02	-4.642560e+00
2.437000e-05	8.662415e-03	-4.630554e+00
2.438000e-05	6.637560e-03	-4.558972e+00
2.439000e-05	1.076847e-02	-4.473736e+00
2.440000e-05	1.467750e-02	-4.432578e+00
2.441000e-05	9.792612e-03	-4.410475e+00
2.442000e-05	4.319022e-03	-4.357369e+00
2.443000e-05	5.955191e-03	-4.244287e+00
2.444000e-05	1.120879e-02	-4.231553e+00
2.445000e-05	1.222005e-02	-4.157397e+00
2.446000e-05	5.687364e-03	-4.075208e+00
2.447000e-05	4.371836e-03	-3.992051e+00
2.448000e-05	6.594244e-03	-3.977444e+00
2.449000e-05	1.023304e-02	-3.863662e+00
2.450000e-05	8.053479e-03	-3.749996e+00
2.451000e-05	4.407014e-03	-3.652109e+00
2.452000e-05	3.306950e-03	-3.579499e+00
2.453000e-05	6.171984e-03	-3.507740e+00
2.454000e-05	7.594727e-03	-3.412150e+00
2.455000e-05	5.043027e-03	-3.317949e+00
2.456000e-05	1.715307e-03	-3.254160e+00
2.457000e-05	2.519464e-03	-3.149052e+00
2.458000e-05	5.656201e-03	-3.094889e+00
2.459000e-05	5.932032e-03	-2.989949e+00
2.460000e-05	2.633263e-04	-2.843635e+00
2.461000e-05	1.084841e-03	-2.797977e+00
2.462000e-05	2.396514e-03	-2.737812e+00
2.463000e-05	3.877150e-03	-2.589552e+00
2.464000e-05	1.892021e-03	-2.515795e+00
2.465000e-05	4.647466e-04	-2.432599e+00
2.466000e-05	1.810996e-04	-2.356924e+00
2.467000e-05	1.461683e-03	-2.245757e+00
2.468000e-05	1.937674e-03	-2.118367e+00
2.469000e-05	1.353943e-04	-1.999606e+00
2.470000e-05	-1.802763e-03	-1.927895e+00
2.471000e-05	-7.099481e-04	-1.813707e+00
2.472000e-05	1.931424e-03	-1.716316e+00
2.473000e-05	3.139919e-06	-1.623630e+00
2.474000e-05	-8.564375e-04	-1.548949e+00
2.475000e-05	-2.780732e-03	-1.444234e+00
2.476000e-05	-1.077999e-03	-1.257714e+00
2.477000e-05	-1.259928e-03	-1.171449e+00
2.478000e-05	-2.714671e-03	-1.044730e+00
2.479000e-05	-4.263240e-03	-9.395231e-01
2.480000e-05	-2.184882e-03	-8.636591e-01
2.481000e-05	-8.306799e-04	-7.870001e-01
2.482000e-05	-2.123475e-04	-6.848381e-01
2.483000e-05	-2.263909e-03	-5.073197e-01
2.484000e-05	-3.974251e-03	-4.210788e-01
2.485000e-05	-4.123806e-03	-3.378697e-01
2.486000e-05	-3.173591e-03	-2.036564e-01
2.487000e-05	-3.075692e-03	-2.010000e-01
2.488000e-05	-2.521670e-03	2.000006e-02
2.489000e-05	-8.358811e-04	4.157395e-02
2.490000e-05	-3.100968e-04	1.156896e-01
2.491000e-05	-7.586659e-04	3.241807e-01
2.492000e-05	-2.790935e-03	3.559188e-01
2.493000e-05	-3.577129e-03	4.514765e-01
2.494000e-05	-4.147519e-03	5.678648e-01
2.495000e-05	2.893882e-03	6.720251e-01
2.496000e-05	2.868457e-02	7.663685e-01
2.497000e-05	3.223780e-02	8.620017e-01
2.498000e-05	-3.898653e-02	1.061546e+00
2.499000e-05	-9.124823e-02	1.158871e+00
2.500000e-05	-1.326248e-02	1.220527e+00
2.501000e-05	1.059315e-01	1.313731e+00
2.502000e-05	-2.797352e-02	1.439625e+00
2.503000e-05	-1.148258e-01	1.579267e+00
2.504000e-05	9.409553e-02	1.723131e+00
2.505000e-05	-2.394521e-03	1.820049e+00
2.506000e-05	-6.528363e-02	1.912712e+00
2.507000e-05	2.855609e-02	1.947313e+00
2.508000e-05	6.109170e-02	2.061050e+00
2.509000e-05	-1.547136e-01	2.177791e+00
2.510000e-05	2.302933e-02	2.209474e+00
2.511000e-05	1.259419e-01	2.274133e+00
2.512000e-05	-7.496360e-02	2.388422e+00
2.513000e-05	-6.919452e-02	2.472680e+00
2.514000e-05	5.064544e-02	2.598995e+00
2.515000e-05	-4.999275e-03	2.725861e+00
2.516000e-05	-7.250645e-03	2.789496e+00
2.517000e-05	8.905903e-03	2.884108e+00
2.518000e-05	-6.771808e-02	2.987945e+00
2.519000e-05	3.511674e-02	3.062058e+00
2.520000e-05	2.134766e-02	3.127792e+00
2.521000e-05	-2.097557e-02	3.198997e+00
2.522000e-05	-2.763203e-02	3.250554e+00
2.523000e-05	-1.271298e-02	3.406820e+00
2.524000e-05	-1.830621e-02	3.543711e+00
2.525000e-05	5.220958e-02	3.587921e+00
2.526000e-05	-1.906252e-02	3.641007e+00
2.527000e-05	-6.592653e-02	3.756263e+00
2.528000e-05	2.551173e-02	3.809949e+00
2.529000e-05	1.611573e-02	3.883203e+00
2.530000e-05	-6.739129e-03	3.967416e+00
2.531000e-05	-4.071023e-02	3.999446e+00
2.532000e-05	-1.297248e-02	4.112579e+00
2.533000e-05	1.115691e-04	4.115236e+00
2.534000e-05	2.246635e-02	4.291972e+00
2.535000e-05	-1.906253e-02	4.375267e+00
2.536000e-05	-3.467695e-02	4.389974e+00
2.537000e-05	-7.505691e-03	4.461527e+00
2.538000e-05	1.201237e-02	4.533738e+00
2.539000e-05	5.244824e-03	4.568370e+00
2.540000e-05	-3.614287e-02	4.640098e+00
2.541000e-05	-2.119104e-02	4.684709e+00
2.542000e-05	-2.003702e-03	4.746790e+00
2.543000e-05	1.957750e-02	4.777949e+00
2.544000e-05	-1.983225e-02	4.831552e+00
2.545000e-05	-3.050346e-02	4.942607e+00
2.546000e-05	-1.311427e-02	4.926986e+00
2.547000e-05	5.782535e-03	5.074559e+00
2.548000e-05	2.744968e-03	5.144133e+00
2.549000e-05	-2.646385e-02	5.207894e+00
2.550000e-05	-2.631703e-02	5.209503e+00
2.551000e-05	-7.825492e-03	5.261606e+00
2.552000e-05	1.034132e-02	5.304683e+00
2.553000e-05	-1.435851e-02	5.347687e+00
2.554000e-05	-2.884493e-02	5.376892e+00
2.555000e-05	-1.900901e-02	5.398973e+00
2.556000e-05	2.550491e-03	5.410525e+00
2.557000e-05	-5.564246e-04	5.452577e+00
2.558000e-05	-2.475465e-02	5.442102e+00
2.559000e-05	-2.599690e-02	5.536187e+00
2.560000e-05	-1.131481e-02	5.556263e+00
2.561000e-05	3.249757e-03	5.578842e+00
2.562000e-05	-1.322948e-02	5.567896e+00
2.563000e-05	-2.530589e-02	5.579322e+00
2.564000e-05	-2.099796e-02	5.608424e+00
2.565000e-05	-5.480574e-03	5.589449e+00
2.566000e-05	-3.808399e-03	5.579999e+00
2.567000e-05	-2.120595e-02	5.579976e+00
2.568000e-05	-2.708161e-02	5.599997e+00
2.569000e-05	-1.735262e-02	5.609975e+00
2.570000e-05	-3.086383e-03	5.601024e+00
2.571000e-05	-1.171874e-02	5.599524e+00
2.572000e-05	-2.385519e-02	5.599999e+00
2.573000e-05	-2.319716e-02	5.590026e+00
2.574000e-05	-1.071160e-02	5.599924e+00
2.575000e-05	-8.438150e-03	5.579999e+00
2.576000e-05	-2.029509e-02	5.598947e+00
2.577000e-05	-2.543721e-02	5.570496e+00
2.578000e-05	-2.023112e-02	5.568396e+00
2.579000e-05	-8.319571e-03	5.536841e+00
2.580000e-05	-1.283370e-02	5.525941e+00
2.581000e-05	-2.273499e-02	5.524737e+00
2.582000e-05	-2.534763e-02	5.465283e+00
2.583000e-05	-1.583230e-02	5.442186e+00
2.584000e-05	-1.051969e-02	5.452002e+00
2.585000e-05	-1.942828e-02	5.460049e+00
2.586000e-05	-2.556102e-02	5.378548e+00
2.587000e-05	-2.267123e-02	5.346922e+00
2.588000e-05	-1.187996e-02	5.317210e+00
2.589000e-05	-1.386645e-02	5.285684e+00
2.590000e-05	-2.213600e-02	5.211053e+00
2.591000e-05	-2.571337e-02	5.180549e+00
2.592000e-05	-1.771853e-02	5.178394e+00
2.593000e-05	-1.208333e-02	5.135242e+00
2.594000e-05	-1.855616e-02	5.073586e+00
2.595000e-05	-2.488227e-02	4.955814e+00
2.596000e-05	-2.425412e-02	4.905156e+00
2.597000e-05	-1.440098e-02	4.831028e+00
2.598000e-05	-1.418699e-02	4.789949e+00
2.599000e-05	-2.037004e-02	4.767372e+00
2.600000e-05	-2.442918e-02	4.676688e+00
2.601000e-05	-1.824077e-02	4.632006e+00
2.602000e-05	-1.163807e-02	4.569947e+00
2.603000e-05	-1.620477e-02	4.495717e+00
2.604000e-05	-2.130210e-02	4.432079e+00
2.605000e-05	-2.120022e-02	4.401600e+00
2.606000e-05	-1.433917e-02	4.378473e+00
2.607000e-05	-1.401746e-02	4.276315e+00
2.608000e-05	-1.768079e-02	4.172079e+00
2.609000e-05	-2.179404e-02	4.088137e+00
2.610000e-05	-1.579533e-02	4.021975e+00
2.611000e-05	-1.064708e-02	3.948970e+00
2.612000e-05	-1.231617e-02	3.894212e+00
2.613000e-05	-1.843572e-02	3.852680e+00
2.614000e-05	-1.907700e-02	3.737371e+00
2.615000e-05	-1.334023e-02	3.656657e+00
2.616000e-05	-1.114482e-02	3.621528e+00
2.617000e-05	-1.373738e-02	3.578417e+00
2.618000e-05	-1.755867e-02	3.475606e+00
2.619000e-05	-1.408592e-02	3.367371e+00
2.620000e-05	-9.347891e-03	3.274129e+00
2.621000e-05	-8.636978e-03	3.159472e+00
2.622000e-05	-1.251400e-02	3.086737e+00
2.623000e-05	-1.494296e-02	2.991551e+00
2.624000e-05	-1.180814e-02	2.896791e+00
2.625000e-05	-8.365761e-03	2.823103e+00
2.626000e-05	-1.037623e-02	2.779500e+00
2.627000e-05	-1.376444e-02	2.693768e+00
2.628000e-05	-1.136747e-02	2.531421e+00
2.629000e-05	-7.847675e-03	2.424030e+00
2.630000e-05	-6.466369e-03	2.339447e+00
2.631000e-05	-9.707229e-03	2.254134e+00
2.632000e-05	-1.142452e-02	2.198047e+00
2.633000e-05	-8.761565e-03	2.075634e+00
2.634000e-05	-6.272848e-03	2.011075e+00
2.635000e-05	-7.254601e-03	1.918339e+00
2.636000e-05	-1.060903e-02	1.820528e+00
2.637000e-05	-9.981556e-03	1.708814e+00
2.638000e-05	-6.456517e-03	1.613078e+00
2.639000e-05	-4.494158e-03	1.504287e+00
2.640000e-05	-6.736814e-03	1.359925e+00
2.641000e-05	-8.451694e-03	1.254712e+00
2.642000e-05	-6.797603e-03	1.169522e+00
2.643000e-05	-4.719686e-03	1.046630e+00
2.644000e-05	-4.855191e-03	8.552380e-01
2.645000e-05	-8.176695e-03	7.800726e-01
2.646000e-05	-7.706149e-03	7.073156e-01
2.647000e-05	-5.180238e-03	5.720263e-01
2.648000e-05	-2.939575e-03	5.157883e-01
2.649000e-05	-4.370585e-03	3.920015e-01
2.650000e-05	-6.583443e-03	3.494244e-01
2.651000e-05	-5.352755e-03	2.010213e-01
2.652000e-05	-2.920976e-03	5.415932e-02
2.653000e-05	-2.556810e-03	-4.955138e-02
2.654000e-05	-3.716881e-03	-1.237372e-01
2.655000e-05	-2.594338e-03	-1.995740e-01
2.656000e-05	-1.125252e-03	-2.933106e-01
2.657000e-05	-1.284245e-03	-3.994485e-01
2.658000e-05	-2.123246e-03	-4.420530e-01
2.659000e-05	-2.846993e-03	-5.983966e-01
2.660000e-05	-2.407397e-03	-7.448132e-01
2.661000e-05	1.134054e-02	-7.994239e-01
2.662000e-05	5.103047e-02	-8.526819e-01
2.663000e-05	5.535569e-03	-1.010051e+00
2.664000e-05	-7.242638e-02	-1.272052e+00
2.665000e-05	-7.731153e-02	-1.366967e+00
2.666000e-05	9.539702e-02	-1.275339e+00
2.667000e-05	2.931534e-02	-1.366422e+00
2.668000e-05	-6.288315e-02	-1.637944e+00
2.669000e-05	-3.400455e-02	-1.766840e+00
2.670000e-05	1.100127e-01	-1.687265e+00
2.671000e-05	-9.142131e-02	-1.859501e+00
2.672000e-05	-2.624915e-02	-1.997474e+00
2.673000e-05	1.216504e-01	-2.010578e+00
2.674000e-05	-8.410314e-02	-2.092660e+00
2.675000e-05	-1.170364e-01	-2.352733e+00
2.676000e-05	1.663852e-01	-2.398475e+00
2.677000e-05	2.802787e-02	-2.513158e+00
2.678000e-05	-1.373986e-01	-2.607969e+00
2.679000e-05	5.475584e-02	-2.652580e+00
2.680000e-05	3.209383e-02	-2.774842e+00
2.681000e-05	-3.182523e-02	-2.849103e+00
2.682000e-05	3.686488e-02	-2.861708e+00
2.683000e-05	-3.685876e-02	-3.059495e+00
2.684000e-05	-3.780834e-02	-3.177245e+00
2.685000e-05	1.067652e-01	-3.220526e+00
2.686000e-05	-4.264034e-02	-3.282736e+00
2.687000e-05	-2.698956e-02	-3.409998e+00
2.688000e-05	3.478331e-02	-3.464156e+00
2.689000e-05	-5.189386e-02	-3.525315e+00
2.690000e-05	4.269438e-02	-3.639002e+00
2.691000e-05	5.602818e-02	-3.672132e+00
2.692000e-05	-7.923069e-02	-3.797974e+00
2.693000e-05	3.030727e-03	-3.913363e+00
2.694000e-05	5.384609e-02	-3.998020e+00
2.695000e-05	-1.204484e-02	-4.052732e+00
2.696000e-05	-3.396178e-03	-4.116767e+00
2.697000e-05	-2.249679e-02	-4.195950e+00
2.698000e-05	2.327065e-03	-4.250583e+00
2.699000e-05	4.431014e-02	-4.314864e+00
2.700000e-05	-7.991660e-03	-4.359370e+00
2.701000e-05	-5.011339e-03	-4.420025e+00
2.702000e-05	-1.299227e-02	-4.484159e+00
2.703000e-05	1.664634e-02	-4.526392e+00
2.704000e-05	2.263892e-02	-4.609053e+00
2.705000e-05	-1.357167e-02	-4.674732e+00
2.706000e-05	-1.126103e-02	-4.723768e+00
2.707000e-05	4.512802e-03	-4.797898e+00
2.708000e-05	2.408680e-02	-4.862481e+00
2.709000e-05	1.651745e-02	-4.946793e+00
2.710000e-05	-1.691879e-02	-4.988419e+00
2.711000e-05	-7.849324e-03	-5.020050e+00
2.712000e-05	2.117722e-02	-5.113112e+00
2.713000e-05	1.035517e-02	-5.155410e+00
2.714000e-05	8.262259e-03	-5.188396e+00
2.715000e-05	-1.417120e-02	-5.230104e+00
2.716000e-05	2.905084e-03	-5.243658e+00
2.717000e-05	2.620614e-02	-5.274943e+00
2.718000e-05	9.219758e-03	-5.379450e+00
2.719000e-05	-2.718724e-03	-5.471633e+00
2.720000e-05	-1.004402e-02	-5.525734e+00
2.721000e-05	1.442823e-02	-5.538395e+00
2.722000e-05	2.196236e-02	-5.598897e+00
2.723000e-05	2.584944e-03	-5.589999e+00
2.724000e-05	-5.546866e-03	-5.589999e+00
2.725000e-05	4.287629e-03	-5.630549e+00
2.726000e-05	1.741768e-02	-5.661503e+00
2.727000e-05	1.466489e-02	-5.641606e+00
2.728000e-05	-8.627020e-04	-5.652711e+00
2.729000e-05	-2.667537e-03	-5.683190e+00
2.730000e-05	1.236038e-02	-5.713238e+00
2.731000e-05	1.835797e-02	-5.715912e+00
2.732000e-05	1.197715e-02	-5.734338e+00
2.733000e-05	-2.944331e-03	-5.717242e+00
2.734000e-05	3.458063e-03	-5.728368e+00
2.735000e-05	1.662323e-02	-5.737372e+00
2.736000e-05	1.578398e-02	-5.725368e+00
2.737000e-05	3.659699e-03	-5.756973e+00
2.738000e-05	-1.058114e-03	-5.735895e+00
2.739000e-05	1.423664e-02	-5.707418e+00
2.740000e-05	1.871346e-02	-5.746946e+00
2.741000e-05	1.154129e-02	-5.726770e+00
2.742000e-05	1.183018e-03	-5.733783e+00
2.743000e-05	6.747256e-03	-5.706762e+00
2.744000e-05	1.701401e-02	-5.662784e+00
2.745000e-05	1.745815e-02	-5.662613e+00
2.746000e-05	6.803138e-03	-5.650655e+00
2.747000e-05	2.671269e-03	-5.611024e+00
2.748000e-05	1.270269e-02	-5.610053e+00
2.749000e-05	2.004182e-02	-5.610526e+00
2.750000e-05	1.455161e-02	-5.609501e+00
2.751000e-05	4.275631e-03	-5.568448e+00
2.752000e-05	7.475294e-03	-5.566843e+00
2.753000e-05	1.648924e-02	-5.545762e+00
2.754000e-05	1.769464e-02	-5.413237e+00
2.755000e-05	9.821387e-03	-5.400101e+00
2.756000e-05	4.945398e-03	-5.326399e+00
2.757000e-05	1.216365e-02	-5.242241e+00
2.758000e-05	1.865700e-02	-5.233055e+00
2.759000e-05	1.554713e-02	-5.190475e+00
2.760000e-05	6.097142e-03	-5.167396e+00
2.761000e-05	6.827575e-03	-5.093711e+00
2.762000e-05	1.480999e-02	-5.032130e+00
2.763000e-05	1.804304e-02	-5.012524e+00
2.764000e-05	1.154872e-02	-4.927346e+00
2.765000e-05	5.690119e-03	-4.882132e+00
2.766000e-05	1.050871e-02	-4.730395e+00
2.767000e-05	1.574722e-02	-4.675641e+00
2.768000e-05	1.404459e-02	-4.650257e+00
2.769000e-05	7.706942e-03	-4.611025e+00
2.770000e-05	5.704205e-03	-4.547942e+00
2.771000e-05	1.107951e-02	-4.515737e+00
2.772000e-05	1.589209e-02	-4.422057e+00
2.773000e-05	1.022329e-02	-4.380047e+00
2.774000e-05	4.912507e-03	-4.358400e+00
2.775000e-05	6.993508e-03	-4.293212e+00
2.776000e-05	1.312151e-02	-4.210005e+00
2.777000e-05	1.206371e-02	-4.117796e+00
2.778000e-05	5.865349e-03	-4.044208e+00
2.779000e-05	2.907901e-03	-4.000578e+00
2.780000e-05	6.919589e-03	-3.929444e+00
2.781000e-05	1.070106e-02	-3.895235e+00
2.782000e-05	7.413406e-03	-3.717398e+00
2.783000e-05	3.193105e-03	-3.612653e+00
2.784000e-05	3.355580e-03	-3.599949e+00
2.785000e-05	7.306352e-03	-3.507866e+00
2.786000e-05	8.245291e-03	-3.442680e+00
2.787000e-05	4.660129e-03	-3.356865e+00
2.788000e-05	4.556224e-04	-3.253132e+00
2.789000e-05	3.312098e-03	-3.190498e+00
2.790000e-05	5.263428e-03	-3.107393e+00
2.791000e-05	5.036181e-03	-2.970446e+00
2.792000e-05	-4.736948e-04	-2.833687e+00
2.793000e-05	1.531323e-03	-2.789550e+00
2.794000e-05	3.904806e-03	-2.675762e+00
2.795000e-05	5.920903e-03	-2.590605e+00
2.796000e-05	5.785625e-04	-2.496868e+00
2.797000e-05	-1.136678e-03	-2.432606e+00
2.798000e-05	-9.458492e-04	-2.357446e+00
2.799000e-05	2.097358e-03	-2.223182e+00
2.800000e-05	9.960374e-04	-2.096768e+00
2.801000e-05	-1.333909e-03	-2.022078e+00
2.802000e-05	-1.458293e-03	-1.905844e+00
2.803000e-05	1.657455e-03	-1.793157e+00
2.804000e-05	2.378651e-03	-1.706422e+00
2.805000e-05	3.177383e-04	-1.623759e+00
2.806000e-05	-2.777503e-03	-1.587501e+00
2.807000e-05	-2.039286e-03	-1.421660e+00
2.808000e-05	-6.207304e-04	-1.284784e+00
2.809000e-05	-1.374401e-03	-1.151076e+00
2.810000e-05	-3.881929e-03	-1.054158e+00
2.811000e-05	-4.525135e-03	-9.479735e-01
2.812000e-05	-1.953965e-03	-8.337591e-01
2.813000e-05	-6.623654e-06	-7.710012e-01
2.814000e-05	-1.892368e-03	-6.843604e-01
2.815000e-05	-3.539243e-03	-5.163711e-01
2.816000e-05	-4.097147e-03	-3.925800e-01
2.817000e-05	-3.156456e-03	-3.468922e-01
2.818000e-05	-2.717483e-03	-2.220878e-01
2.819000e-05	-4.564073e-03	-1.374974e-01
2.820000e-05	-4.003888e-03	-4.263007e-02
2.821000e-05	-6.517825e-05	1.947263e-02
2.822000e-05	1.219837e-04	1.342122e-01
2.823000e-05	8.096315e-05	2.841568e-01
2.824000e-05	-2.988279e-03	3.889212e-01
2.825000e-05	-2.978334e-03	4.415041e-01
2.826000e-05	-3.233824e-03	5.463384e-01
2.827000e-05	3.516036e-03	6.205465e-01
2.828000e-05	2.778837e-02	7.272660e-01
2.829000e-05	3.150579e-02	8.645280e-01
2.830000e-05	-3.955541e-02	1.068479e+00
2.831000e-05	-9.035330e-02	1.187969e+00
2.832000e-05	-1.507035e-02	1.221005e+00
2.833000e-05	1.062642e-01	1.324710e+00
2.834000e-05	-2.671851e-02	1.420501e+00
2.835000e-05	-1.146307e-01	1.524832e+00
2.836000e-05	9.320888e-02	1.723076e+00
2.837000e-05	1.286288e-03	1.798471e+00
2.838000e-05	-6.700619e-02	1.913707e+00
2.839000e-05	2.724109e-02	1.935285e+00
2.840000e-05	6.338364e-02	2.079923e+00
2.841000e-05	-1.531653e-01	2.156366e+00
2.842000e-05	1.982974e-02	2.210498e+00
2.843000e-05	1.264953e-01	2.263132e+00
2.844000e-05	-7.354772e-02	2.397449e+00
2.845000e-05	-7.030725e-02	2.472608e+00
2.846000e-05	5.074487e-02	2.568421e+00
2.847000e-05	-5.193740e-03	2.722788e+00
2.848000e-05	-7.668497e-03	2.819475e+00
2.849000e-05	9.075287e-03	2.874085e+00
2.850000e-05	-6.623458e-02	2.988292e+00
2.851000e-05	3.316376e-02	3.062182e+00
2.852000e-05	2.137398e-02	3.145265e+00
2.853000e-05	-2.039671e-02	3.199000e+00
2.854000e-05	-2.660527e-02	3.261105e+00
2.855000e-05	-1.094709e-02	3.410818e+00
2.856000e-05	-1.952173e-02	3.553215e+00
2.857000e-05	5.198840e-02	3.589395e+00
2.858000e-05	-1.820010e-02	3.642056e+00
2.859000e-05	-6.492835e-02	3.756240e+00
2.860000e-05	2.422986e-02	3.809024e+00
2.861000e-05	1.592920e-02	3.923154e+00
2.862000e-05	-7.724449e-03	3.956841e+00
2.863000e-05	-4.030063e-02	3.988923e+00
2.864000e-05	-1.358794e-02	4.092056e+00
2.865000e-05	8.310821e-04	4.115764e+00
2.866000e-05	2.341324e-02	4.249499e+00
2.867000e-05	-1.736988e-02	4.355838e+00
2.868000e-05	-3.383731e-02	4.409448e+00
2.869000e-05	-9.348816e-03	4.451527e+00
2.870000e-05	1.012066e-02	4.535687e+00
2.871000e-05	3.859778e-03	4.588846e+00
2.872000e-05	-3.549704e-02	4.642153e+00
2.873000e-05	-2.158009e-02	4.683583e+00
2.874000e-05	-3.153654e-03	4.758861e+00
2.875000e-05	2.039104e-02	4.788395e+00
2.876000e-05	-1.887437e-02	4.841025e+00
2.877000e-05	-2.937130e-02	4.896182e+00
2.878000e-05	-1.407432e-02	4.997541e+00
2.879000e-05	3.519384e-03	5.059080e+00
2.880000e-05	6.571429e-04	5.136684e+00
2.881000e-05	-2.632086e-02	5.166919e+00
2.882000e-05	-2.530245e-02	5.230527e+00
2.883000e-05	-7.508452e-03	5.254052e+00
2.884000e-05	1.156799e-02	5.292205e+00
2.885000e-05	-1.351281e-02	5.356239e+00
2.886000e-05	-2.787434e-02	5.357872e+00
2.887000e-05	-1.966984e-02	5.359973e+00
2.888000e-05	1.116423e-03	5.420977e+00
2.889000e-05	-1.494410e-03	5.423574e+00
2.890000e-05	-2.450365e-02	5.461183e+00
2.891000e-05	-2.645815e-02	5.526656e+00
2.892000e-05	-1.258125e-02	5.536738e+00
2.893000e-05	3.139164e-03	5.578420e+00
2.894000e-05	-1.225897e-02	5.608890e+00
2.895000e-05	-2.438975e-02	5.598871e+00
2.896000e-05	-2.183501e-02	5.610447e+00
2.897000e-05	-5.617143e-03	5.579972e+00
2.898000e-05	-3.593777e-03	5.589949e+00
2.899000e-05	-2.065504e-02	5.600000e+00
2.900000e-05	-2.751020e-02	5.599999e+00
2.901000e-05	-1.813558e-02	5.600026e+00
2.902000e-05	-2.507454e-03	5.600499e+00
2.903000e-05	-1.167612e-02	5.600000e+00
2.904000e-05	-2.369429e-02	5.599999e+00
2.905000e-05	-2.346998e-02	5.610500e+00
2.906000e-05	-1.024993e-02	5.599972e+00
2.907000e-05	-7.086205e-03	5.579996e+00
2.908000e-05	-1.917393e-02	5.599970e+00
2.909000e-05	-2.623779e-02	5.588449e+00
2.910000e-05	-2.047651e-02	5.588916e+00
2.911000e-05	-8.446253e-03	5.567367e+00
2.912000e-05	-1.193120e-02	5.526336e+00
2.913000e-05	-2.338281e-02	5.516112e+00
2.914000e-05	-2.544566e-02	5.455159e+00
2.915000e-05	-1.509649e-02	5.452629e+00
2.916000e-05	-9.534727e-03	5.423102e+00
2.917000e-05	-1.871441e-02	5.400524e+00
2.918000e-05	-2.640619e-02	5.390971e+00
2.919000e-05	-2.385141e-02	5.378820e+00
2.920000e-05	-1.283704e-02	5.307309e+00
2.921000e-05	-1.427575e-02	5.274212e+00
2.922000e-05	-2.232200e-02	5.231528e+00
2.923000e-05	-2.610605e-02	5.200025e+00
2.924000e-05	-1.750510e-02	5.168474e+00
2.925000e-05	-1.160176e-02	5.126815e+00
2.926000e-05	-1.776973e-02	5.032054e+00
2.927000e-05	-2.453058e-02	4.957846e+00
2.928000e-05	-2.327547e-02	4.854182e+00
2.929000e-05	-1.499175e-02	4.801505e+00
2.930000e-05	-1.418342e-02	4.780453e+00
2.931000e-05	-2.109866e-02	4.777821e+00
2.932000e-05	-2.391929e-02	4.705212e+00
2.933000e-05	-1.887954e-02	4.660581e+00
2.934000e-05	-1.234195e-02	4.549972e+00
2.935000e-05	-1.644476e-02	4.497317e+00
2.936000e-05	-2.068978e-02	4.463079e+00
2.937000e-05	-2.205290e-02	4.400500e+00
2.938000e-05	-1.413004e-02	4.368470e+00
2.939000e-05	-1.420064e-02	4.316312e+00
2.940000e-05	-1.701579e-02	4.201053e+00
2.941000e-05	-2.121107e-02	4.067163e+00
2.942000e-05	-1.699781e-02	4.011076e+00
2.943000e-05	-1.096900e-02	3.968871e+00
2.944000e-05	-1.173587e-02	3.906288e+00
2.945000e-05	-1.765377e-02	3.812084e+00
2.946000e-05	-1.867379e-02	3.760366e+00
2.947000e-05	-1.262576e-02	3.703612e+00
2.948000e-05	-1.091818e-02	3.611528e+00
2.949000e-05	-1.360672e-02	3.588447e+00
2.950000e-05	-1.858022e-02	3.456184e+00
2.951000e-05	-1.506336e-02	3.359951e+00
2.952000e-05	-9.641063e-03	3.245004e+00
2.953000e-05	-8.469795e-03	3.168950e+00
2.954000e-05	-1.322012e-02	3.077163e+00
2.955000e-05	-1.437272e-02	3.001030e+00
2.956000e-05	-1.038064e-02	2.917796e+00
2.957000e-05	-7.704975e-03	2.824105e+00
2.958000e-05	-9.266953e-03	2.789474e+00
2.959000e-05	-1.357975e-02	2.726815e+00
2.960000e-05	-1.181446e-02	2.579921e+00
2.961000e-05	-8.063937e-03	2.423074e+00
2.962000e-05	-7.351078e-03	2.346922e+00
2.963000e-05	-9.865019e-03	2.232107e+00
2.964000e-05	-1.107458e-02	2.178921e+00
2.965000e-05	-9.031230e-03	2.065138e+00
2.966000e-05	-6.239209e-03	1.991000e+00
2.967000e-05	-6.473147e-03	1.940345e+00
2.968000e-05	-1.019485e-02	1.810484e+00
2.969000e-05	-9.645820e-03	1.695738e+00
2.970000e-05	-6.965441e-03	1.631259e+00
2.971000e-05	-5.679632e-03	1.445637e+00
2.972000e-05	-6.666529e-03	1.369426e+00
2.973000e-05	-7.832264e-03	1.264262e+00
2.974000e-05	-6.885591e-03	1.149972e+00
2.975000e-05	-4.847485e-03	1.084587e+00
2.976000e-05	-4.364489e-03	9.082904e-01
2.977000e-05	-6.790360e-03	7.915238e-01
2.978000e-05	-7.724106e-03	6.773418e-01
2.979000e-05	-5.504497e-03	6.025763e-01
2.980000e-05	-4.274050e-03	5.047130e-01
2.981000e-05	-4.871706e-03	4.009775e-01
2.982000e-05	-5.786307e-03	3.178673e-01
2.983000e-05	-6.279817e-03	1.621287e-01
2.984000e-05	-3.419720e-03	4.515902e-02
2.985000e-05	-2.446099e-03	-1.002769e-02
2.986000e-05	-2.576023e-03	-1.337907e-01
2.987000e-05	-2.015142e-03	-2.305501e-01
2.988000e-05	-1.522983e-03	-3.427883e-01
2.989000e-05	-1.478313e-03	-4.089711e-01
2.990000e-05	-2.037836e-03	-4.716292e-01
2.991000e-05	-3.745105e-03	-5.579038e-01
2.992000e-05	-3.458028e-03	-7.143910e-01
2.993000e-05	1.045705e-02	-8.004765e-01
2.994000e-05	5.155207e-02	-8.931304e-01
2.995000e-05	7.625918e-03	-1.049079e+00
2.996000e-05	-7.210989e-02	-1.209525e+00
2.997000e-05	-7.809231e-02	-1.405417e+00
2.998000e-05	9.430406e-02	-1.315767e+00
2.999000e-05	3.127250e-02	-1.326864e+00
3.000000e-05	-6.224449e-02	-1.647447e+00
3.001000e-05	-3.847624e-02	-1.745942e+00
3.002000e-05	1.112878e-01	-1.705764e+00
3.003000e-05	-9.051855e-02	-1.849529e+00
3.004000e-05	-2.752602e-02	-1.999474e+00
3.005000e-05	1.218797e-01	-2.010080e+00
3.006000e-05	-8.045617e-02	-2.095229e+00
3.007000e-05	-1.197526e-01	-2.332761e+00
3.008000e-05	1.662241e-01	-2.418975e+00
3.009000e-05	2.968560e-02	-2.462154e+00
3.010000e-05	-1.382345e-01	-2.577446e+00
3.011000e-05	5.077652e-02	-2.642032e+00
3.012000e-05	3.462219e-02	-2.754817e+00
3.013000e-05	-3.315293e-02	-2.820975e+00
3.014000e-05	3.621882e-02	-2.823156e+00
3.015000e-05	-3.658346e-02	-3.071450e+00
3.016000e-05	-3.914950e-02	-3.184396e+00
3.017000e-05	1.075952e-01	-3.200529e+00
3.018000e-05	-4.166579e-02	-3.305209e+00
3.019000e-05	-2.814790e-02	-3.408004e+00
3.020000e-05	3.591761e-02	-3.454137e+00
3.021000e-05	-5.094795e-02	-3.557335e+00
3.022000e-05	4.146345e-02	-3.621001e+00
3.023000e-05	5.543087e-02	-3.673107e+00
3.024000e-05	-7.956679e-02	-3.766948e+00
3.025000e-05	1.222885e-03	-3.923309e+00
3.026000e-05	5.498963e-02	-3.978447e+00
3.027000e-05	-1.023130e-02	-4.070577e+00
3.028000e-05	-2.653392e-03	-4.113839e+00
3.029000e-05	-2.320953e-02	-4.197394e+00
3.030000e-05	1.075838e-03	-4.252107e+00
3.031000e-05	4.564954e-02	-4.355736e+00
3.032000e-05	-8.081417e-03	-4.389495e+00
3.033000e-05	-6.611483e-03	-4.408978e+00
3.034000e-05	-1.430073e-02	-4.482132e+00
3.035000e-05	1.832093e-02	-4.545917e+00
3.036000e-05	2.657328e-02	-4.630080e+00
3.037000e-05	-1.256015e-02	-4.674636e+00
3.038000e-05	-1.213053e-02	-4.725340e+00
3.039000e-05	4.342185e-03	-4.778021e+00
3.040000e-05	2.395066e-02	-4.863508e+00
3.041000e-05	1.732069e-02	-4.945271e+00
3.042000e-05	-1.788306e-02	-5.018953e+00
3.043000e-05	-9.082361e-03	-5.000102e+00
3.044000e-05	2.189594e-02	-5.082612e+00
3.045000e-05	1.239476e-02	-5.145866e+00
3.046000e-05	9.163005e-03	-5.208900e+00
3.047000e-05	-1.532167e-02	-5.209025e+00
3.048000e-05	1.227981e-03	-5.314184e+00
3.049000e-05	2.634108e-02	-5.344788e+00
3.050000e-05	1.108177e-02	-5.408949e+00
3.051000e-05	-2.368765e-03	-5.471504e+00
3.052000e-05	-1.121432e-02	-5.483784e+00
3.053000e-05	1.348216e-02	-5.555846e+00
3.054000e-05	2.293475e-02	-5.589471e+00
3.055000e-05	4.315056e-03	-5.609447e+00
3.056000e-05	-6.604822e-03	-5.599500e+00
3.057000e-05	6.194288e-04	-5.620528e+00
3.058000e-05	1.723288e-02	-5.631526e+00
3.059000e-05	1.799068e-02	-5.692133e+00
3.060000e-05	-3.014538e-06	-5.653657e+00
3.061000e-05	-4.065850e-03	-5.732787e+00
3.062000e-05	9.462288e-03	-5.715191e+00
3.063000e-05	1.845160e-02	-5.745362e+00
3.064000e-05	1.354695e-02	-5.684815e+00
3.065000e-05	-4.506684e-03	-5.728347e+00
3.066000e-05	1.072464e-03	-5.714869e+00
3.067000e-05	1.798632e-02	-5.748920e+00
3.068000e-05	1.900807e-02	-5.755922e+00
3.069000e-05	7.213481e-03	-5.737470e+00
3.070000e-05	-2.134618e-03	-5.768794e+00
3.071000e-05	9.543917e-03	-5.754446e+00
3.072000e-05	1.814035e-02	-5.746917e+00
3.073000e-05	1.349799e-02	-5.695945e+00
3.074000e-05	1.732220e-03	-5.685687e+00
3.075000e-05	4.101157e-03	-5.725266e+00
3.076000e-05	1.641349e-02	-5.662788e+00
3.077000e-05	1.943339e-02	-5.695181e+00
3.078000e-05	9.977610e-03	-5.610658e+00
3.079000e-05	1.180353e-03	-5.631579e+00
3.080000e-05	9.634010e-03	-5.620527e+00
3.081000e-05	1.895151e-02	-5.610501e+00
3.082000e-05	1.601380e-02	-5.600525e+00
3.083000e-05	5.108354e-03	-5.578420e+00
3.084000e-05	5.645608e-03	-5.547467e+00
3.085000e-05	1.521216e-02	-5.546337e+00
3.086000e-05	1.977234e-02	-5.462210e+00
3.087000e-05	1.250977e-02	-5.411553e+00
3.088000e-05	4.422792e-03	-5.326844e+00
3.089000e-05	1.020802e-02	-5.283637e+00
3.090000e-05	1.836031e-02	-5.200557e+00
3.091000e-05	1.725591e-02	-5.210528e+00
3.092000e-05	7.694702e-03	-5.157421e+00
3.093000e-05	4.808972e-03	-5.104766e+00
3.094000e-05	1.217807e-02	-5.073154e+00
3.095000e-05	1.865771e-02	-5.010579e+00
3.096000e-05	1.349335e-02	-4.948821e+00
3.097000e-05	7.176919e-03	-4.840154e+00
3.098000e-05	9.653682e-03	-4.747418e+00
3.099000e-05	1.700821e-02	-4.703262e+00
3.100000e-05	1.548094e-02	-4.642704e+00
3.101000e-05	7.210706e-03	-4.600500e+00
3.102000e-05	3.595663e-03	-4.547475e+00
3.103000e-05	9.250563e-03	-4.494810e+00
3.104000e-05	1.508750e-02	-4.421632e+00
3.105000e-05	1.200261e-02	-4.380554e+00
3.106000e-05	5.489893e-03	-4.356870e+00
3.107000e-05	7.151165e-03	-4.264686e+00
3.108000e-05	1.301953e-02	-4.230575e+00
3.109000e-05	1.310429e-02	-4.166944e+00
3.110000e-05	5.415942e-03	-4.074263e+00
3.111000e-05	1.290146e-03	-4.020000e+00
3.112000e-05	5.972218e-03	-3.959447e+00
3.113000e-05	1.058849e-02	-3.853638e+00
3.114000e-05	8.399116e-03	-3.717871e+00
3.115000e-05	3.615071e-03	-3.602686e+00
3.116000e-05	4.311524e-03	-3.578023e+00
3.117000e-05	8.577249e-03	-3.515267e+00
3.118000e-05	8.371352e-03	-3.415084e+00
3.119000e-05	3.384460e-03	-3.328297e+00
3.120000e-05	-1.136115e-03	-3.274184e+00
3.121000e-05	2.215256e-03	-3.190450e+00
3.122000e-05	5.995820e-03	-3.104717e+00
3.123000e-05	6.416985e-03	-2.940451e+00
3.124000e-05	-4.754529e-04	-2.823138e+00
3.125000e-05	1.595038e-03	-2.799976e+00
3.126000e-05	2.948852e-03	-2.695791e+00
3.127000e-05	5.473174e-03	-2.618105e+00
3.128000e-05	8.530824e-04	-2.487892e+00
3.129000e-05	-1.202286e-03	-2.422153e+00
3.130000e-05	-9.519123e-04	-2.358446e+00
3.131000e-05	3.316575e-03	-2.274160e+00
3.132000e-05	1.744882e-03	-2.045289e+00
3.133000e-05	-1.955601e-03	-2.000575e+00
3.134000e-05	-3.920851e-03	-1.937392e+00
3.135000e-05	-3.937965e-04	-1.821134e+00
3.136000e-05	2.765388e-03	-1.696291e+00
3.137000e-05	7.631562e-04	-1.644055e+00
3.138000e-05	-1.758824e-03	-1.576925e+00
3.139000e-05	-1.888456e-03	-1.403336e+00
3.140000e-05	2.407986e-04	-1.244637e+00
3.141000e-05	-1.794086e-03	-1.148449e+00
3.142000e-05	-4.139292e-03	-1.075185e+00
3.143000e-05	-6.419592e-03	-9.590011e-01
3.144000e-05	-2.963421e-03	-8.521592e-01
3.145000e-05	-4.129058e-04	-7.990488e-01
3.146000e-05	-2.699024e-04	-7.057152e-01
3.147000e-05	-3.434542e-03	-5.099672e-01
3.148000e-05	-3.840101e-03	-4.116551e-01
3.149000e-05	-2.707987e-03	-3.369697e-01
3.150000e-05	-2.372957e-03	-2.336315e-01
3.151000e-05	-4.739525e-03	-1.483221e-01
3.152000e-05	-4.647965e-03	-4.211165e-02
3.153000e-05	-9.971111e-04	1.154913e-02
3.154000e-05	2.043999e-04	1.146858e-01
3.155000e-05	6.961798e-04	2.636081e-01
3.156000e-05	-3.205949e-03	3.789199e-01
3.157000e-05	-3.938162e-03	4.415515e-01
3.158000e-05	-2.735991e-03	5.867884e-01
3.159000e-05	4.174663e-03	6.309801e-01
3.160000e-05	2.770956e-02	7.453385e-01
3.161000e-05	3.189547e-02	8.320741e-01
3.162000e-05	-3.789623e-02	1.090130e+00
3.163000e-05	-9.058399e-02	1.198420e+00
3.164000e-05	-1.752323e-02	1.201523e+00
3.165000e-05	1.067927e-01	1.305783e+00
3.166000e-05	-2.683576e-02	1.421002e+00
3.167000e-05	-1.143207e-01	1.545285e+00
3.168000e-05	9.243342e-02	1.644173e+00
3.169000e-05	3.998401e-03	1.821523e+00
3.170000e-05	-6.721158e-02	1.903560e+00
3.171000e-05	2.638662e-02	1.905263e+00
3.172000e-05	6.619104e-02	1.989480e+00
3.173000e-05	-1.530538e-01	2.196366e+00
3.174000e-05	1.708608e-02	2.218921e+00
3.175000e-05	1.268775e-01	2.274184e+00
3.176000e-05	-7.157129e-02	2.408919e+00
3.177000e-05	-7.155823e-02	2.473157e+00
3.178000e-05	5.148013e-02	2.606445e+00
3.179000e-05	-4.547147e-03	2.723681e+00
3.180000e-05	-7.792509e-03	2.799946e+00
3.181000e-05	9.340524e-03	2.875107e+00
3.182000e-05	-6.659725e-02	2.987994e+00
3.183000e-05	3.204472e-02	3.091580e+00
3.184000e-05	2.199373e-02	3.166388e+00
3.185000e-05	-2.057329e-02	3.199971e+00
3.186000e-05	-2.710882e-02	3.263556e+00
3.187000e-05	-1.061324e-02	3.397366e+00
3.188000e-05	-2.004156e-02	3.535306e+00
3.189000e-05	5.201431e-02	3.599392e+00
3.190000e-05	-1.779239e-02	3.632554e+00
3.191000e-05	-6.482297e-02	3.724762e+00
3.192000e-05	2.298940e-02	3.810425e+00
3.193000e-05	1.624807e-02	3.873709e+00
3.194000e-05	-7.692725e-03	3.966210e+00
3.195000e-05	-4.141240e-02	3.989999e+00
3.196000e-05	-1.295448e-02	4.062625e+00
3.197000e-05	-8.003500e-04	4.135760e+00
3.198000e-05	2.359432e-02	4.281102e+00
3.199000e-05	-1.784584e-02	4.386766e+00
3.200000e-05	-3.369920e-02	4.439999e+00
3.201000e-05	-7.977974e-03	4.412529e+00
3.202000e-05	1.016310e-02	4.494659e+00
3.203000e-05	3.723122e-03	4.607917e+00
3.204000e-05	-3.523152e-02	4.649528e+00
3.205000e-05	-2.149018e-02	4.716184e+00
3.206000e-05	-3.374728e-03	4.697844e+00
3.207000e-05	1.917668e-02	4.780975e+00
3.208000e-05	-2.006165e-02	4.810002e+00
3.209000e-05	-2.979729e-02	4.894207e+00
3.210000e-05	-1.283038e-02	5.008418e+00
3.211000e-05	4.281624e-03	5.064105e+00
3.212000e-05	1.745876e-03	5.104287e+00
3.213000e-05	-2.625977e-02	5.188493e+00
3.214000e-05	-2.366131e-02	5.231450e+00
3.215000e-05	-8.402691e-03	5.284007e+00
3.216000e-05	9.204693e-03	5.314636e+00
3.217000e-05	-1.540902e-02	5.354238e+00
3.218000e-05	-2.694750e-02	5.377295e+00
3.219000e-05	-1.852735e-02	5.418945e+00
3.220000e-05	1.167259e-03	5.460997e+00
3.221000e-05	-8.020416e-04	5.420078e+00
3.222000e-05	-2.364294e-02	5.462553e+00
3.223000e-05	-2.362549e-02	5.494758e+00
3.224000e-05	-1.292700e-02	5.557265e+00
3.225000e-05	7.697899e-04	5.567442e+00
3.226000e-05	-1.513392e-02	5.548341e+00
3.227000e-05	-2.522295e-02	5.578947e+00
3.228000e-05	-2.074554e-02	5.588999e+00
3.229000e-05	-4.766461e-03	5.599497e+00
3.230000e-05	-3.616738e-03	5.609497e+00
3.231000e-05	-1.930485e-02	5.599925e+00
3.232000e-05	-2.538070e-02	5.599522e+00
3.233000e-05	-1.764784e-02	5.590497e+00
3.234000e-05	-4.750509e-03	5.610025e+00
3.235000e-05	-1.337938e-02	5.580499e+00
3.236000e-05	-2.349471e-02	5.600000e+00
3.237000e-05	-2.276208e-02	5.609946e+00
3.238000e-05	-1.050005e-02	5.610973e+00
3.239000e-05	-7.414110e-03	5.599974e+00
3.240000e-05	-1.870316e-02	5.599450e+00
3.241000e-05	-2.544283e-02	5.588398e+00
3.242000e-05	-2.092721e-02	5.568847e+00
3.243000e-05	-1.010723e-02	5.578468e+00
3.244000e-05	-1.332300e-02	5.555213e+00
3.245000e-05	-2.307115e-02	5.506842e+00
3.246000e-05	-2.537301e-02	5.543731e+00
3.247000e-05	-1.546373e-02	5.463653e+00
3.248000e-05	-8.083238e-03	5.431579e+00
3.249000e-05	-1.813586e-02	5.392499e+00
3.250000e-05	-2.560218e-02	5.389448e+00
3.251000e-05	-2.375962e-02	5.378966e+00
3.252000e-05	-1.234194e-02	5.374740e+00
3.253000e-05	-1.542395e-02	5.275633e+00
3.254000e-05	-2.193570e-02	5.242627e+00
3.255000e-05	-2.701857e-02	5.180975e+00
3.256000e-05	-1.806826e-02	5.198940e+00
3.257000e-05	-1.257068e-02	5.165263e+00
3.258000e-05	-1.738504e-02	5.053187e+00
3.259000e-05	-2.428697e-02	5.009516e+00
3.260000e-05	-2.299719e-02	4.884180e+00
3.261000e-05	-1.530122e-02	4.801027e+00
3.262000e-05	-1.306419e-02	4.807976e+00
3.263000e-05	-2.023932e-02	4.748896e+00
3.264000e-05	-2.403458e-02	4.715160e+00
3.265000e-05	-2.005930e-02	4.641052e+00
3.266000e-05	-1.200776e-02	4.579000e+00
3.267000e-05	-1.671730e-02	4.466286e+00
3.268000e-05	-2.090978e-02	4.432708e+00
3.269000e-05	-2.193811e-02	4.410498e+00
3.270000e-05	-1.378104e-02	4.370399e+00
3.271000e-05	-1.371761e-02	4.306887e+00
3.272000e-05	-1.674170e-02	4.201523e+00
3.273000e-05	-2.221917e-02	4.076716e+00
3.274000e-05	-1.740440e-02	4.011029e+00
3.275000e-05	-1.254604e-02	3.969921e+00
3.276000e-05	-1.229675e-02	3.915791e+00
3.277000e-05	-1.760732e-02	3.832628e+00
3.278000e-05	-1.790807e-02	3.828870e+00
3.279000e-05	-1.273749e-02	3.685111e+00
3.280000e-05	-1.045436e-02	3.611028e+00
3.281000e-05	-1.332592e-02	3.557921e+00
3.282000e-05	-1.820938e-02	3.474706e+00
3.283000e-05	-1.461375e-02	3.349824e+00
3.284000e-05	-1.075028e-02	3.223078e+00
3.285000e-05	-9.510958e-03	3.147949e+00
3.286000e-05	-1.310282e-02	3.115310e+00
3.287000e-05	-1.452283e-02	3.011603e+00
3.288000e-05	-1.121373e-02	2.907791e+00
3.289000e-05	-7.849244e-03	2.863655e+00
3.290000e-05	-9.475907e-03	2.790026e+00
3.291000e-05	-1.311865e-02	2.686787e+00
3.292000e-05	-1.158157e-02	2.579472e+00
3.293000e-05	-7.810859e-03	2.413658e+00
3.294000e-05	-6.875596e-03	2.348893e+00
3.295000e-05	-9.937004e-03	2.244183e+00
3.296000e-05	-1.115519e-02	2.169924e+00
3.297000e-05	-8.534449e-03	2.125113e+00
3.298000e-05	-5.511767e-03	2.012553e+00
3.299000e-05	-6.586534e-03	1.917316e+00
3.300000e-05	-9.782488e-03	1.820954e+00
3.301000e-05	-9.384311e-03	1.727288e+00
3.302000e-05	-6.346507e-03	1.631534e+00
3.303000e-05	-5.271961e-03	1.496809e+00
3.304000e-05	-7.777096e-03	1.391022e+00
3.305000e-05	-8.349898e-03	1.245759e+00
3.306000e-05	-7.260957e-03	1.189445e+00
3.307000e-05	-4.546664e-03	1.084158e+00
3.308000e-05	-5.027123e-03	8.753145e-01
3.309000e-05	-6.806843e-03	8.005261e-01
3.310000e-05	-7.483426e-03	7.352882e-01
3.311000e-05	-4.961901e-03	6.024961e-01
3.312000e-05	-4.014513e-03	4.852619e-01
3.313000e-05	-5.381915e-03	4.130275e-01
3.314000e-05	-6.552105e-03	3.578457e-01
3.315000e-05	-5.107350e-03	1.729498e-01
3.316000e-05	-3.314280e-03	6.513544e-02
3.317000e-05	-4.098847e-03	-4.050263e-02
3.318000e-05	-3.205423e-03	-1.042919e-01
3.319000e-05	-1.537534e-03	-2.314526e-01
3.320000e-05	-3.901924e-04	-3.352844e-01
3.321000e-05	-1.100885e-03	-3.899688e-01
3.322000e-05	-1.972671e-03	-4.505854e-01
3.323000e-05	-3.897303e-03	-6.054964e-01
3.324000e-05	-2.879727e-03	-7.642634e-01
3.325000e-05	9.634386e-03	-8.105263e-01
3.326000e-05	4.890508e-02	-8.831879e-01
3.327000e-05	7.211960e-03	-1.010004e+00
3.328000e-05	-7.105560e-02	-1.250474e+00
3.329000e-05	-7.767906e-02	-1.415397e+00
3.330000e-05	9.385017e-02	-1.275308e+00
3.331000e-05	3.258550e-02	-1.378216e+00
3.332000e-05	-6.141406e-02	-1.637425e+00
3.333000e-05	-4.241306e-02	-1.764817e+00
3.334000e-05	1.117514e-01	-1.694761e+00
3.335000e-05	-9.133373e-02	-1.819001e+00
3.336000e-05	-2.869791e-02	-2.007470e+00
3.337000e-05	1.218101e-01	-2.030580e+00
3.338000e-05	-7.585981e-02	-2.084184e+00
3.339000e-05	-1.226258e-01	-2.291759e+00
3.340000e-05	1.645119e-01	-2.419924e+00
3.341000e-05	3.228519e-02	-2.482607e+00
3.342000e-05	-1.397556e-01	-2.567424e+00
3.343000e-05	4.825038e-02	-2.631008e+00
3.344000e-05	3.562798e-02	-2.776342e+00
3.345000e-05	-3.301305e-02	-2.820629e+00
3.346000e-05	3.760558e-02	-2.884159e+00
3.347000e-05	-3.449418e-02	-3.066475e+00
3.348000e-05	-4.149947e-02	-3.186371e+00
3.349000e-05	1.066318e-01	-3.199500e+00
3.350000e-05	-4.116543e-02	-3.284184e+00
3.351000e-05	-2.968776e-02	-3.419528e+00
3.352000e-05	3.575709e-02	-3.432607e+00
3.353000e-05	-5.073947e-02	-3.545367e+00
3.354000e-05	4.052107e-02	-3.619999e+00
3.355000e-05	5.795873e-02	-3.671157e+00
3.356000e-05	-7.945288e-02	-3.837973e+00
3.357000e-05	-9.784495e-04	-3.954806e+00
3.358000e-05	5.496934e-02	-3.988449e+00
3.359000e-05	-1.103918e-02	-4.061103e+00
3.360000e-05	-2.519680e-03	-4.153315e+00
3.361000e-05	-2.257316e-02	-4.177368e+00
3.362000e-05	2.622129e-03	-4.232109e+00
3.363000e-05	4.588043e-02	-4.315314e+00
3.364000e-05	-5.769446e-03	-4.397420e+00
3.365000e-05	-6.330638e-03	-4.419977e+00
3.366000e-05	-1.501027e-02	-4.502258e+00
3.367000e-05	1.432994e-02	-4.517374e+00
3.368000e-05	2.480048e-02	-4.628957e+00
3.369000e-05	-1.216243e-02	-4.704682e+00
3.370000e-05	-1.072178e-02	-4.704782e+00
3.371000e-05	4.378774e-03	-4.766820e+00
3.372000e-05	2.468608e-02	-4.853287e+00
3.373000e-05	1.921590e-02	-4.942265e+00
3.374000e-05	-1.609398e-02	-4.986895e+00
3.375000e-05	-1.075150e-02	-5.001054e+00
3.376000e-05	1.979246e-02	-5.033129e+00
3.377000e-05	9.715474e-03	-5.135315e+00
3.378000e-05	8.569944e-03	-5.218398e+00
3.379000e-05	-1.507936e-02	-5.181100e+00
3.380000e-05	1.700615e-03	-5.253708e+00
3.381000e-05	2.696238e-02	-5.304166e+00
3.382000e-05	1.104819e-02	-5.356847e+00
3.383000e-05	-1.650134e-03	-5.483109e+00
3.384000e-05	-1.015329e-02	-5.494792e+00
3.385000e-05	1.377632e-02	-5.556442e+00
3.386000e-05	2.031517e-02	-5.589474e+00
3.387000e-05	1.668645e-03	-5.599496e+00
3.388000e-05	-6.157366e-03	-5.610000e+00
3.389000e-05	4.064082e-03	-5.620001e+00
3.390000e-05	1.831086e-02	-5.651076e+00
3.391000e-05	1.607484e-02	-5.601628e+00
3.392000e-05	-5.921688e-04	-5.693184e+00
3.393000e-05	-2.570272e-03	-5.722183e+00
3.394000e-05	1.065922e-02	-5.695342e+00
3.395000e-05	1.695440e-02	-5.755366e+00
3.396000e-05	1.011688e-02	-5.715288e+00
3.397000e-05	-4.577380e-03	-5.723867e+00
3.398000e-05	3.375288e-03	-5.756792e+00
3.399000e-05	1.742672e-02	-5.747396e+00
3.400000e-05	1.747047e-02	-5.755394e+00
3.401000e-05	5.738506e-03	-5.736843e+00
3.402000e-05	-2.706197e-04	-5.766816e+00
3.403000e-05	1.157611e-02	-5.757372e+00
3.404000e-05	1.748468e-02	-5.766916e+00
3.405000e-05	1.171391e-02	-5.715386e+00
3.406000e-05	1.541131e-03	-5.715313e+00
3.407000e-05	4.871968e-03	-5.724315e+00
3.408000e-05	1.534185e-02	-5.645234e+00
3.409000e-05	1.830158e-02	-5.642158e+00
3.410000e-05	9.361361e-03	-5.662030e+00
3.411000e-05	2.763131e-03	-5.630553e+00
3.412000e-05	1.084533e-02	-5.640051e+00
3.413000e-05	1.859983e-02	-5.600526e+00
3.414000e-05	1.491469e-02	-5.579496e+00
3.415000e-05	5.148605e-03	-5.569471e+00
3.416000e-05	6.688631e-03	-5.547799e+00
3.417000e-05	1.542149e-02	-5.536841e+00
3.418000e-05	1.865102e-02	-5.484638e+00
3.419000e-05	1.178038e-02	-5.398572e+00
3.420000e-05	6.020501e-03	-5.347922e+00
3.421000e-05	1.055249e-02	-5.274708e+00
3.422000e-05	1.773791e-02	-5.231030e+00
3.423000e-05	1.561506e-02	-5.230502e+00
3.424000e-05	8.246895e-03	-5.186447e+00
3.425000e-05	6.760795e-03	-5.144341e+00
3.426000e-05	1.398004e-02	-5.043610e+00
3.427000e-05	1.722761e-02	-5.000054e+00
3.428000e-05	1.196441e-02	-4.956717e+00
3.429000e-05	6.628408e-03	-4.882710e+00
3.430000e-05	9.890655e-03	-4.809026e+00
3.431000e-05	1.609485e-02	-4.665635e+00
3.432000e-05	1.514668e-02	-4.643161e+00
3.433000e-05	8.806378e-03	-4.619601e+00
3.434000e-05	7.365192e-03	-4.568397e+00
3.435000e-05	1.125942e-02	-4.524791e+00
3.436000e-05	1.413592e-02	-4.433579e+00
3.437000e-05	1.069115e-02	-4.409500e+00
3.438000e-05	5.083792e-03	-4.337846e+00
3.439000e-05	6.987749e-03	-4.263636e+00
3.440000e-05	1.184489e-02	-4.220025e+00
3.441000e-05	1.113237e-02	-4.158846e+00
3.442000e-05	7.120944e-03	-4.064708e+00
3.443000e-05	4.730162e-03	-4.012028e+00
3.444000e-05	8.139753e-03	-3.967948e+00
3.445000e-05	9.883652e-03	-3.885215e+00
3.446000e-05	7.216291e-03	-3.768918e+00
3.447000e-05	3.193243e-03	-3.634155e+00
3.448000e-05	3.431071e-03	-3.598974e+00
3.449000e-05	6.548029e-03	-3.533740e+00
3.450000e-05	8.335840e-03	-3.442582e+00
3.451000e-05	5.019138e-03	-3.356420e+00
3.452000e-05	2.289346e-03	-3.263108e+00
3.453000e-05	3.682345e-03	-3.202000e+00
3.454000e-05	5.592836e-03	-3.087368e+00
3.455000e-05	4.454629e-03	-2.970547e+00
3.456000e-05	-1.132383e-03	-2.842607e+00
3.457000e-05	-6.165117e-04	-2.760999e+00
3.458000e-05	1.951832e-03	-2.665912e+00
3.459000e-05	4.615854e-03	-2.600508e+00
3.460000e-05	2.781530e-03	-2.505295e+00
3.461000e-05	1.053680e-03	-2.423506e+00
3.462000e-05	1.660230e-03	-2.378499e+00
3.463000e-05	3.398763e-03	-2.292682e+00
3.464000e-05	8.766646e-04	-2.096267e+00
3.465000e-05	-3.008165e-03	-1.981526e+00
3.466000e-05	-4.473705e-03	-1.946397e+00
3.467000e-05	-2.383171e-04	-1.831108e+00
3.468000e-05	2.216392e-03	-1.737847e+00
3.469000e-05	9.596296e-04	-1.612207e+00
3.470000e-05	-1.604552e-03	-1.589051e+00
3.471000e-05	-9.039981e-04	-1.473159e+00
3.472000e-05	-4.881054e-04	-1.255214e+00
3.473000e-05	-2.114116e-03	-1.189449e+00
3.474000e-05	-5.131228e-03	-1.073686e+00
3.475000e-05	-5.991836e-03	-9.879722e-01
3.476000e-05	-3.723443e-03	-8.750844e-01
3.477000e-05	2.183559e-04	-7.810451e-01
3.478000e-05	-5.847862e-04	-6.852907e-01
3.479000e-05	-2.778648e-03	-5.083182e-01
3.480000e-05	-2.505178e-03	-3.926064e-01
3.481000e-05	-3.185420e-03	-3.679172e-01
3.482000e-05	-3.635341e-03	-2.215551e-01
3.483000e-05	-5.336366e-03	-1.593459e-01
3.484000e-05	-4.719562e-03	-1.416014e-02
3.485000e-05	-8.432230e-04	5.104888e-02
3.486000e-05	-2.010844e-04	1.438134e-01
3.487000e-05	-1.347590e-03	3.110567e-01
3.488000e-05	-2.608208e-03	3.788212e-01
3.489000e-05	-2.698904e-03	4.510540e-01
3.490000e-05	-2.973406e-03	5.377120e-01
3.491000e-05	3.375376e-03	6.315488e-01
3.492000e-05	2.727275e-02	7.872886e-01
3.493000e-05	3.345375e-02	8.626002e-01
3.494000e-05	-3.705851e-02	1.020549e+00
3.495000e-05	-8.939096e-02	1.209424e+00
3.496000e-05	-2.017247e-02	1.189948e+00
3.497000e-05	1.068811e-01	1.313183e+00
3.498000e-05	-2.497135e-02	1.450079e+00
3.499000e-05	-1.143080e-01	1.566291e+00
3.500000e-05	9.067815e-02	1.663202e+00
3.501000e-05	4.987300e-03	1.849494e+00
3.502000e-05	-6.705474e-02	1.882684e+00
3.503000e-05	2.473150e-02	1.926712e+00
3.504000e-05	6.805330e-02	2.029473e+00
3.505000e-05	-1.531893e-01	2.167843e+00
3.506000e-05	1.581046e-02	2.210499e+00
3.507000e-05	1.276981e-01	2.284159e+00
3.508000e-05	-6.929906e-02	2.388395e+00
3.509000e-05	-7.394126e-02	2.472558e+00
3.510000e-05	5.171644e-02	2.637845e+00
3.511000e-05	-3.726057e-03	2.727336e+00
3.512000e-05	-7.172605e-03	2.788997e+00
3.513000e-05	9.490686e-03	2.891633e+00
3.514000e-05	-6.666150e-02	2.997394e+00
3.515000e-05	3.098539e-02	3.032156e+00
3.516000e-05	2.216682e-02	3.136361e+00
3.517000e-05	-2.091349e-02	3.218924e+00
3.518000e-05	-2.810324e-02	3.242054e+00
3.519000e-05	-1.089649e-02	3.406446e+00
3.520000e-05	-1.986335e-02	3.555731e+00
3.521000e-05	5.261775e-02	3.609397e+00
3.522000e-05	-1.738528e-02	3.632526e+00
3.523000e-05	-6.585664e-02	3.725339e+00
3.524000e-05	2.242865e-02	3.788421e+00
3.525000e-05	1.778133e-02	3.853633e+00
3.526000e-05	-7.185793e-03	3.966865e+00
3.527000e-05	-4.089694e-02	4.018998e+00
3.528000e-05	-1.301876e-02	4.041104e+00
3.529000e-05	-1.694369e-03	4.104314e+00
3.530000e-05	2.347448e-02	4.211569e+00
3.531000e-05	-1.898316e-02	4.366315e+00
3.532000e-05	-3.387294e-02	4.398924e+00
3.533000e-05	-8.600543e-03	4.460554e+00
3.534000e-05	1.089946e-02	4.465762e+00
3.535000e-05	4.294630e-03	4.587347e+00
3.536000e-05	-3.557958e-02	4.632550e+00
3.537000e-05	-2.214391e-02	4.724157e+00
3.538000e-05	-4.270859e-03	4.746743e+00
3.539000e-05	1.971126e-02	4.789973e+00
3.540000e-05	-1.795809e-02	4.841100e+00
3.541000e-05	-2.979204e-02	4.923630e+00
3.542000e-05	-1.374678e-02	4.991293e+00
3.543000e-05	4.758107e-03	5.014032e+00
3.544000e-05	1.994920e-03	5.156161e+00
3.545000e-05	-2.634110e-02	5.177892e+00
3.546000e-05	-2.647969e-02	5.209999e+00
3.547000e-05	-1.053339e-02	5.263030e+00
3.548000e-05	1.088652e-02	5.273234e+00
3.549000e-05	-1.348232e-02	5.285761e+00
3.550000e-05	-2.640753e-02	5.347891e+00
3.551000e-05	-1.889732e-02	5.409950e+00
3.552000e-05	1.631225e-03	5.410550e+00
3.553000e-05	-1.171604e-05	5.413626e+00
3.554000e-05	-2.515248e-02	5.472075e+00
3.555000e-05	-2.615806e-02	5.483687e+00
3.556000e-05	-1.305759e-02	5.537241e+00
3.557000e-05	3.409851e-03	5.577869e+00
3.558000e-05	-1.172711e-02	5.557764e+00
3.559000e-05	-2.321611e-02	5.548399e+00
3.560000e-05	-2.134503e-02	5.608997e+00
3.561000e-05	-5.696826e-03	5.599000e+00
3.562000e-05	-3.777278e-03	5.599975e+00
3.563000e-05	-2.110682e-02	5.589997e+00
3.564000e-05	-2.824547e-02	5.600001e+00
3.565000e-05	-1.789614e-02	5.599999e+00
3.566000e-05	-1.355790e-03	5.599974e+00
3.567000e-05	-1.049857e-02	5.599975e+00
3.568000e-05	-2.217738e-02	5.610472e+00
3.569000e-05	-2.425158e-02	5.590000e+00
3.570000e-05	-1.058472e-02	5.589500e+00
3.571000e-05	-8.076599e-03	5.560422e+00
3.572000e-05	-1.989285e-02	5.589474e+00
3.573000e-05	-2.631686e-02	5.589896e+00
3.574000e-05	-2.069113e-02	5.587946e+00
3.575000e-05	-7.237348e-03	5.548922e+00
3.576000e-05	-1.220083e-02	5.515363e+00
3.577000e-05	-2.312688e-02	5.496789e+00
3.578000e-05	-2.719608e-02	5.503579e+00
3.579000e-05	-1.575476e-02	5.443132e+00
3.580000e-05	-1.074121e-02	5.412102e+00
3.581000e-05	-1.930395e-02	5.421999e+00
3.582000e-05	-2.618152e-02	5.399400e+00
3.583000e-05	-2.318700e-02	5.339394e+00
3.584000e-05	-1.092903e-02	5.317266e+00
3.585000e-05	-1.450409e-02	5.283784e+00
3.586000e-05	-2.238118e-02	5.214153e+00
3.587000e-05	-2.633185e-02	5.200498e+00
3.588000e-05	-1.789902e-02	5.167923e+00
3.589000e-05	-1.277269e-02	5.135291e+00
3.590000e-05	-1.863228e-02	5.002178e+00
3.591000e-05	-2.506027e-02	4.996396e+00
3.592000e-05	-2.281420e-02	4.885709e+00
3.593000e-05	-1.434049e-02	4.811554e+00
3.594000e-05	-1.368907e-02	4.759976e+00
3.595000e-05	-2.170892e-02	4.738370e+00
3.596000e-05	-2.520159e-02	4.674262e+00
3.597000e-05	-1.917597e-02	4.632152e+00
3.598000e-05	-1.270338e-02	4.560372e+00
3.599000e-05	-1.656806e-02	4.526889e+00
3.600000e-05	-2.123781e-02	4.464581e+00
3.601000e-05	-2.181786e-02	4.410978e+00
3.602000e-05	-1.587382e-02	4.358970e+00
3.603000e-05	-1.327686e-02	4.296291e+00
3.604000e-05	-1.611380e-02	4.242421e+00
3.605000e-05	-2.125132e-02	4.125182e+00
3.606000e-05	-1.724484e-02	4.002104e+00
3.607000e-05	-1.267550e-02	3.989394e+00
3.608000e-05	-1.259743e-02	3.905289e+00
3.609000e-05	-1.795787e-02	3.852531e+00
3.610000e-05	-1.878789e-02	3.760992e+00
3.611000e-05	-1.336972e-02	3.693186e+00
3.612000e-05	-1.097792e-02	3.612528e+00
3.613000e-05	-1.185680e-02	3.558470e+00
3.614000e-05	-1.621766e-02	3.476257e+00
3.615000e-05	-1.410162e-02	3.338871e+00
3.616000e-05	-1.065843e-02	3.233630e+00
3.617000e-05	-9.360757e-03	3.179996e+00
3.618000e-05	-1.297154e-02	3.106238e+00
3.619000e-05	-1.508254e-02	3.002578e+00
3.620000e-05	-1.075273e-02	2.918891e+00
3.621000e-05	-7.382422e-03	2.864084e+00
3.622000e-05	-8.776701e-03	2.768500e+00
3.623000e-05	-1.284719e-02	2.705233e+00
3.624000e-05	-1.127439e-02	2.549974e+00
3.625000e-05	-8.919649e-03	2.433159e+00
3.626000e-05	-6.396169e-03	2.338420e+00
3.627000e-05	-9.562930e-03	2.284087e+00
3.628000e-05	-1.048418e-02	2.169475e+00
3.629000e-05	-8.604280e-03	2.064159e+00
3.630000e-05	-6.156877e-03	1.991050e+00
3.631000e-05	-6.427812e-03	1.935841e+00
3.632000e-05	-9.139339e-03	1.801551e+00
3.633000e-05	-9.194043e-03	1.706362e+00
3.634000e-05	-6.861952e-03	1.639629e+00
3.635000e-05	-4.687524e-03	1.515232e+00
3.636000e-05	-6.635897e-03	1.340020e+00
3.637000e-05	-8.850002e-03	1.265137e+00
3.638000e-05	-7.492762e-03	1.158421e+00
3.639000e-05	-5.477596e-03	1.025205e+00
3.640000e-05	-4.842852e-03	8.867180e-01
3.641000e-05	-7.272634e-03	7.910526e-01
3.642000e-05	-7.129531e-03	7.252671e-01
3.643000e-05	-5.004292e-03	5.920513e-01
3.644000e-05	-3.520890e-03	4.843420e-01
3.645000e-05	-4.531734e-03	4.005775e-01
3.646000e-05	-5.864425e-03	3.273933e-01
3.647000e-05	-6.374794e-03	1.610986e-01
3.648000e-05	-3.273870e-03	3.408283e-02
3.649000e-05	-2.659510e-03	-1.200132e-02
3.650000e-05	-2.591754e-03	-1.537909e-01
3.651000e-05	-2.362281e-03	-2.004763e-01
3.652000e-05	-1.317111e-03	-3.442120e-01
3.653000e-05	-1.375288e-03	-3.879476e-01
3.654000e-05	-9.033283e-04	-5.116805e-01
3.655000e-05	-3.458401e-03	-5.989176e-01
3.656000e-05	-3.823475e-03	-7.636634e-01
3.657000e-05	9.137545e-03	-7.804751e-01
3.658000e-05	5.074925e-02	-8.726555e-01
3.659000e-05	9.399979e-03	-1.000003e+00
3.660000e-05	-7.055956e-02	-1.238920e+00
3.661000e-05	-8.073537e-02	-1.376572e+00
3.662000e-05	9.144094e-02	-1.294809e+00
3.663000e-05	3.379178e-02	-1.335819e+00
3.664000e-05	-5.825584e-02	-1.627418e+00
3.665000e-05	-4.588335e-02	-1.744870e+00
3.666000e-05	1.126661e-01	-1.716340e+00
3.667000e-05	-9.058607e-02	-1.841529e+00
3.668000e-05	-2.953087e-02	-2.007899e+00
3.669000e-05	1.202207e-01	-2.000500e+00
3.670000e-05	-7.416874e-02	-2.063684e+00
3.671000e-05	-1.261508e-01	-2.291757e+00
3.672000e-05	1.632916e-01	-2.399925e+00
3.673000e-05	3.566313e-02	-2.490607e+00
3.674000e-05	-1.392558e-01	-2.586894e+00
3.675000e-05	4.771814e-02	-2.631029e+00
3.676000e-05	3.864585e-02	-2.755840e+00
3.677000e-05	-3.304863e-02	-2.819526e+00
3.678000e-05	3.632993e-02	-2.835179e+00
3.679000e-05	-3.429073e-02	-3.028452e+00
3.680000e-05	-4.311049e-02	-3.188472e+00
3.681000e-05	1.067416e-01	-3.210524e+00
3.682000e-05	-3.879767e-02	-3.322687e+00
3.683000e-05	-2.930044e-02	-3.409421e+00
3.684000e-05	3.591544e-02	-3.472132e+00
3.685000e-05	-4.991231e-02	-3.546820e+00
3.686000e-05	3.837349e-02	-3.609525e+00
3.687000e-05	5.935113e-02	-3.661159e+00
3.688000e-05	-7.905437e-02	-3.757424e+00
3.689000e-05	-2.106918e-03	-3.915266e+00
3.690000e-05	5.641442e-02	-4.007449e+00
3.691000e-05	-9.795932e-03	-4.051658e+00
3.692000e-05	-2.550944e-03	-4.123288e+00
3.693000e-05	-2.268347e-02	-4.208323e+00
3.694000e-05	7.099891e-04	-4.252656e+00
3.695000e-05	4.605060e-02	-4.355265e+00
3.696000e-05	-6.221924e-03	-4.387943e+00
3.697000e-05	-6.710320e-03	-4.409001e+00
3.698000e-05	-1.465751e-02	-4.492184e+00
3.699000e-05	1.650321e-02	-4.575416e+00
3.700000e-05	2.564964e-02	-4.640584e+00
3.701000e-05	-1.172569e-02	-4.694162e+00
3.702000e-05	-1.290320e-02	-4.698284e+00
3.703000e-05	4.544633e-03	-4.788849e+00
3.704000e-05	2.356140e-02	-4.900058e+00
3.705000e-05	1.916883e-02	-4.885414e+00
3.706000e-05	-1.756353e-02	-4.979022e+00
3.707000e-05	-9.385720e-03	-5.041078e+00
3.708000e-05	2.190030e-02	-5.091233e+00
3.709000e-05	1.208189e-02	-5.146844e+00
3.710000e-05	8.536456e-03	-5.198948e+00
3.711000e-05	-1.590560e-02	-5.231074e+00
3.712000e-05	6.867091e-04	-5.283707e+00
3.713000e-05	2.626145e-02	-5.296706e+00
3.714000e-05	1.100470e-02	-5.456553e+00
3.715000e-05	-2.360611e-03	-5.441133e+00
3.716000e-05	-1.042063e-02	-5.504711e+00
3.717000e-05	1.449622e-02	-5.547918e+00
3.718000e-05	2.326405e-02	-5.578924e+00
3.719000e-05	2.911427e-03	-5.578949e+00
3.720000e-05	-7.163360e-03	-5.600499e+00
3.721000e-05	2.173525e-03	-5.620603e+00
3.722000e-05	1.713418e-02	-5.641054e+00
3.723000e-05	1.741088e-02	-5.661579e+00
3.724000e-05	-1.138655e-03	-5.672713e+00
3.725000e-05	-2.998713e-03	-5.683709e+00
3.726000e-05	1.128250e-02	-5.713337e+00
3.727000e-05	1.873216e-02	-5.744766e+00
3.728000e-05	1.153726e-02	-5.725314e+00
3.729000e-05	-5.434124e-03	-5.715342e+00
3.730000e-05	1.986606e-03	-5.747816e+00
3.731000e-05	1.654859e-02	-5.727418e+00
3.732000e-05	1.784689e-02	-5.746419e+00
3.733000e-05	5.890594e-03	-5.747896e+00
3.734000e-05	-2.215008e-03	-5.734819e+00
3.735000e-05	1.115976e-02	-5.767322e+00
3.736000e-05	1.878533e-02	-5.727369e+00
3.737000e-05	1.325771e-02	-5.685892e+00
3.738000e-05	1.091554e-03	-5.704267e+00
3.739000e-05	4.025773e-03	-5.724712e+00
3.740000e-05	1.535545e-02	-5.634737e+00
3.741000e-05	1.864310e-02	-5.691133e+00
3.742000e-05	9.360456e-03	-5.632129e+00
3.743000e-05	1.603841e-03	-5.621551e+00
3.744000e-05	1.028720e-02	-5.619976e+00
3.745000e-05	1.954427e-02	-5.610052e+00
3.746000e-05	1.551930e-02	-5.599000e+00
3.747000e-05	5.169614e-03	-5.569424e+00
3.748000e-05	5.957970e-03	-5.566921e+00
3.749000e-05	1.445484e-02	-5.533864e+00
3.750000e-05	1.861848e-02	-5.472683e+00
3.751000e-05	1.137747e-02	-5.423479e+00
3.752000e-05	4.842642e-03	-5.338441e+00
3.753000e-05	1.121951e-02	-5.243785e+00
3.754000e-05	1.967677e-02	-5.231579e+00
3.755000e-05	1.819915e-02	-5.159076e+00
3.756000e-05	8.346825e-03	-5.167398e+00
3.757000e-05	5.944814e-03	-5.135788e+00
3.758000e-05	1.204180e-02	-5.032682e+00
3.759000e-05	1.672928e-02	-4.959974e+00
3.760000e-05	1.236647e-02	-4.916341e+00
3.761000e-05	6.460963e-03	-4.895078e+00
3.762000e-05	1.028035e-02	-4.691475e+00
3.763000e-05	1.656581e-02	-4.675184e+00
3.764000e-05	1.712603e-02	-4.632660e+00
3.765000e-05	8.369885e-03	-4.611050e+00
3.766000e-05	6.159615e-03	-4.547500e+00
3.767000e-05	8.906296e-03	-4.476239e+00
3.768000e-05	1.425991e-02	-4.443179e+00
3.769000e-05	1.130674e-02	-4.388975e+00
3.770000e-05	5.799187e-03	-4.378419e+00
3.771000e-05	6.939035e-03	-4.253213e+00
3.772000e-05	1.229539e-02	-4.221502e+00
3.773000e-05	1.322904e-02	-4.158374e+00
3.774000e-05	6.649810e-03	-4.074737e+00
3.775000e-05	3.565130e-03	-4.001001e+00
3.776000e-05	5.693688e-03	-3.967922e+00
3.777000e-05	9.640040e-03	-3.853737e+00
3.778000e-05	7.431659e-03	-3.707370e+00
3.779000e-05	2.805082e-03	-3.623084e+00
3.780000e-05	2.416112e-03	-3.570524e+00
3.781000e-05	6.839576e-03	-3.477341e+00
3.782000e-05	8.586419e-03	-3.443082e+00
3.783000e-05	4.806898e-03	-3.367973e+00
3.784000e-05	1.025873e-03	-3.273134e+00
3.785000e-05	3.739245e-03	-3.180550e+00
3.786000e-05	5.299485e-03	-3.118344e+00
3.787000e-05	5.520028e-03	-3.030026e+00
3.788000e-05	-4.594425e-04	-2.854182e+00
3.789000e-05	-1.183373e-04	-2.798975e+00
3.790000e-05	2.731391e-03	-2.686291e+00
3.791000e-05	5.069183e-03	-2.601106e+00
3.792000e-05	6.837242e-04	-2.516865e+00
3.793000e-05	-8.911415e-04	-2.423080e+00
3.794000e-05	-1.272747e-03	-2.387972e+00
3.795000e-05	3.666405e-03	-2.244311e+00
3.796000e-05	1.560599e-03	-2.115341e+00
3.797000e-05	-1.748793e-03	-1.990579e+00
3.798000e-05	-4.009421e-03	-1.946415e+00
3.799000e-05	1.107771e-03	-1.843128e+00
3.800000e-05	2.165515e-03	-1.708371e+00
3.801000e-05	8.260173e-04	-1.642658e+00
3.802000e-05	-2.698247e-03	-1.577499e+00
3.803000e-05	-1.371527e-03	-1.485131e+00
3.804000e-05	-2.197015e-04	-1.277189e+00
3.805000e-05	-1.782697e-03	-1.198001e+00
3.806000e-05	-4.254453e-03	-1.094308e+00
3.807000e-05	-4.911654e-03	-9.894724e-01
3.808000e-05	-2.598589e-03	-8.352342e-01
3.809000e-05	-1.568335e-03	-7.590260e-01
3.810000e-05	-1.944627e-03	-7.057144e-01
3.811000e-05	-4.214538e-03	-5.659245e-01
3.812000e-05	-2.040237e-03	-4.221301e-01
3.813000e-05	-2.159681e-03	-3.178196e-01
3.814000e-05	-2.801130e-03	-2.621539e-01
3.815000e-05	-4.447692e-03	-1.389221e-01
3.816000e-05	-3.386057e-03	-3.255657e-02
3.817000e-05	7.113914e-05	9.977697e-03
3.818000e-05	4.773559e-05	1.452845e-01
3.819000e-05	-7.006007e-04	2.801078e-01
3.820000e-05	-3.341147e-03	3.879213e-01
3.821000e-05	-2.987993e-03	4.220539e-01
3.822000e-05	-2.947655e-03	5.443122e-01
3.823000e-05	3.456104e-03	6.200015e-01
3.824000e-05	2.629373e-02	7.247646e-01
3.825000e-05	3.338184e-02	8.520766e-01
3.826000e-05	-3.695874e-02	1.030049e+00
3.827000e-05	-8.944451e-02	1.189292e+00
3.828000e-05	-2.133830e-02	1.220451e+00
3.829000e-05	1.075717e-01	1.324233e+00
3.830000e-05	-2.358593e-02	1.459049e+00
3.831000e-05	-1.142729e-01	1.636740e+00
3.832000e-05	8.950538e-02	1.659200e+00
3.833000e-05	8.021815e-03	1.810820e+00
3.834000e-05	-6.751257e-02	1.902811e+00
3.835000e-05	2.255222e-02	1.926211e+00
3.836000e-05	6.938951e-02	2.029969e+00
3.837000e-05	-1.526055e-01	2.165290e+00
3.838000e-05	1.225458e-02	2.209998e+00
3.839000e-05	1.291590e-01	2.303154e+00
3.840000e-05	-6.749760e-02	2.397446e+00
3.841000e-05	-7.540254e-02	2.483207e+00
3.842000e-05	5.062575e-02	2.558920e+00
3.843000e-05	-4.242162e-03	2.726738e+00
3.844000e-05	-7.598695e-03	2.788449e+00
3.845000e-05	1.036474e-02	2.893631e+00
3.846000e-05	-6.594683e-02	2.997370e+00
3.847000e-05	3.035693e-02	3.063055e+00
3.848000e-05	2.377528e-02	3.175712e+00
3.849000e-05	-1.987956e-02	3.200945e+00
3.850000e-05	-2.879823e-02	3.272054e+00
3.851000e-05	-1.006818e-02	3.379897e+00
3.852000e-05	-2.172417e-02	3.534607e+00
3.853000e-05	5.295817e-02	3.580443e+00
3.854000e-05	-1.662572e-02	3.652528e+00
3.855000e-05	-6.590159e-02	3.765788e+00
3.856000e-05	2.082210e-02	3.780026e+00
3.857000e-05	1.774859e-02	3.853108e+00
3.858000e-05	-6.698814e-03	3.967338e+00
3.859000e-05	-4.037862e-02	4.009945e+00
3.860000e-05	-1.306271e-02	4.101608e+00
3.861000e-05	-1.485285e-03	4.116737e+00
3.862000e-05	2.465434e-02	4.272526e+00
3.863000e-05	-1.806947e-02	4.386841e+00
3.864000e-05	-3.457982e-02	4.389548e+00
3.865000e-05	-9.880110e-03	4.430058e+00
3.866000e-05	1.178220e-02	4.493657e+00
3.867000e-05	5.390170e-03	4.578370e+00
3.868000e-05	-3.554017e-02	4.631075e+00
3.869000e-05	-2.260705e-02	4.673157e+00
3.870000e-05	-3.533451e-03	4.746867e+00
3.871000e-05	1.963046e-02	4.780445e+00
3.872000e-05	-1.891951e-02	4.790052e+00
3.873000e-05	-3.121918e-02	4.894232e+00
3.874000e-05	-1.461119e-02	4.974921e+00
3.875000e-05	6.178897e-03	5.102130e+00
3.876000e-05	2.886166e-03	5.145260e+00
3.877000e-05	-2.636967e-02	5.179369e+00
3.878000e-05	-2.613805e-02	5.218971e+00
3.879000e-05	-8.413519e-03	5.253104e+00
3.880000e-05	1.138299e-02	5.284663e+00
3.881000e-05	-1.329918e-02	5.344313e+00
3.882000e-05	-2.752564e-02	5.359343e+00
3.883000e-05	-1.995658e-02	5.429943e+00
3.884000e-05	2.178667e-03	5.420025e+00
3.885000e-05	1.976772e-04	5.421528e+00
3.886000e-05	-2.368536e-02	5.483082e+00
3.887000e-05	-2.639050e-02	5.495682e+00
3.888000e-05	-1.319567e-02	5.555158e+00
3.889000e-05	3.501996e-03	5.537340e+00
3.890000e-05	-1.176502e-02	5.588839e+00
3.891000e-05	-2.466722e-02	5.599395e+00
3.892000e-05	-2.175466e-02	5.578446e+00
3.893000e-05	-5.280117e-03	5.589999e+00
3.894000e-05	-2.272129e-03	5.599996e+00
3.895000e-05	-2.006010e-02	5.589447e+00
3.896000e-05	-2.780802e-02	5.600471e+00
3.897000e-05	-1.804481e-02	5.590001e+00
3.898000e-05	-1.854770e-03	5.610475e+00
3.899000e-05	-1.008746e-02	5.598974e+00
3.900000e-05	-2.342794e-02	5.599474e+00
3.901000e-05	-2.394461e-02	5.609475e+00
3.902000e-05	-1.141636e-02	5.610949e+00
3.903000e-05	-8.073175e-03	5.598970e+00
3.904000e-05	-2.028030e-02	5.579971e+00
3.905000e-05	-2.712237e-02	5.579896e+00
3.906000e-05	-1.990833e-02	5.577875e+00
3.907000e-05	-6.014455e-03	5.529392e+00
3.908000e-05	-1.007644e-02	5.516264e+00
3.909000e-05	-2.226202e-02	5.486788e+00
3.910000e-05	-2.762931e-02	5.454136e+00
3.911000e-05	-1.716719e-02	5.502206e+00
3.912000e-05	-1.242988e-02	5.430610e+00
3.913000e-05	-1.899084e-02	5.419451e+00
3.914000e-05	-2.654083e-02	5.399973e+00
3.915000e-05	-2.150563e-02	5.378920e+00
3.916000e-05	-1.057399e-02	5.326341e+00
3.917000e-05	-1.311240e-02	5.285706e+00
3.918000e-05	-2.247702e-02	5.223553e+00
3.919000e-05	-2.767606e-02	5.170998e+00
3.920000e-05	-2.001846e-02	5.168946e+00
3.921000e-05	-1.293190e-02	5.126235e+00
3.922000e-05	-1.755635e-02	5.013057e+00
3.923000e-05	-2.443777e-02	4.958323e+00
3.924000e-05	-2.304070e-02	4.874080e+00
3.925000e-05	-1.431972e-02	4.811550e+00
3.926000e-05	-1.320657e-02	4.799474e+00
3.927000e-05	-2.087829e-02	4.727918e+00
3.928000e-05	-2.542895e-02	4.705712e+00
3.929000e-05	-2.043490e-02	4.613105e+00
3.930000e-05	-1.314187e-02	4.559968e+00
3.931000e-05	-1.659415e-02	4.524763e+00
3.932000e-05	-2.159214e-02	4.452606e+00
3.933000e-05	-2.328001e-02	4.401051e+00
3.934000e-05	-1.459666e-02	4.359424e+00
3.935000e-05	-1.237941e-02	4.306236e+00
3.936000e-05	-1.687748e-02	4.191504e+00
3.937000e-05	-2.248827e-02	4.076112e+00
3.938000e-05	-1.859565e-02	4.022603e+00
3.939000e-05	-1.082577e-02	3.958446e+00
3.940000e-05	-1.093054e-02	3.885812e+00
3.941000e-05	-1.756322e-02	3.810482e+00
3.942000e-05	-2.038474e-02	3.768420e+00
3.943000e-05	-1.329579e-02	3.664609e+00
3.944000e-05	-1.078950e-02	3.602025e+00
3.945000e-05	-1.296760e-02	3.577947e+00
3.946000e-05	-1.929657e-02	3.483708e+00
3.947000e-05	-1.465997e-02	3.308447e+00
3.948000e-05	-9.043456e-03	3.243104e+00
3.949000e-05	-6.520439e-03	3.188901e+00
3.950000e-05	-1.284208e-02	3.085309e+00
3.951000e-05	-1.521594e-02	3.021551e+00
3.952000e-05	-1.172552e-02	2.927337e+00
3.953000e-05	-7.382329e-03	2.833079e+00
3.954000e-05	-1.037065e-02	2.799949e+00
3.955000e-05	-1.442188e-02	2.706714e+00
3.956000e-05	-1.185303e-02	2.569017e+00
3.957000e-05	-5.460478e-03	2.414105e+00
3.958000e-05	-4.756998e-03	2.389394e+00
3.959000e-05	-9.652963e-03	2.241233e+00
3.960000e-05	-1.211799e-02	2.170447e+00
3.961000e-05	-9.841427e-03	2.084737e+00
3.962000e-05	-5.786224e-03	2.001053e+00
3.963000e-05	-7.111989e-03	1.937821e+00
3.964000e-05	-1.003374e-02	1.813049e+00
3.965000e-05	-1.064301e-02	1.686812e+00
3.966000e-05	-5.101252e-03	1.672125e+00
3.967000e-05	-3.598772e-03	1.485686e+00
3.968000e-05	-5.838263e-03	1.371002e+00
3.969000e-05	-9.739389e-03	1.285259e+00
3.970000e-05	-7.801252e-03	1.179899e+00
3.971000e-05	-4.862898e-03	1.074159e+00
3.972000e-05	-4.292144e-03	8.863156e-01
3.973000e-05	-7.958316e-03	8.015014e-01
3.974000e-05	-8.403022e-03	7.052620e-01
3.975000e-05	-5.193647e-03	6.206538e-01
3.976000e-05	-2.065151e-03	5.072632e-01
3.977000e-05	-4.377301e-03	4.110276e-01
3.978000e-05	-7.265836e-03	3.573946e-01
3.979000e-05	-6.669482e-03	1.725027e-01
3.980000e-05	-3.080177e-03	9.418309e-02
3.981000e-05	-1.858389e-03	-2.047632e-02
3.982000e-05	-3.484727e-03	-1.158147e-01
3.983000e-05	-2.932342e-03	-1.990262e-01
3.984000e-05	-1.073432e-03	-3.152346e-01
3.985000e-05	1.429479e-04	-3.984463e-01
3.986000e-05	-5.149363e-04	-4.630790e-01
3.987000e-05	-4.039488e-03	-5.964175e-01
3.988000e-05	-4.037168e-03	-7.537682e-01
3.989000e-05	1.025889e-02	-7.999976e-01
3.990000e-05	4.980503e-02	-8.821792e-01
3.991000e-05	9.357438e-03	-1.001026e+00
3.992000e-05	-7.100146e-02	-1.288054e+00
3.993000e-05	-8.103544e-02	-1.395123e+00
3.994000e-05	9.035042e-02	-1.326737e+00
3.995000e-05	3.418680e-02	-1.407347e+00
3.996000e-05	-5.718418e-02	-1.616448e+00
3.997000e-05	-4.834031e-02	-1.735840e+00
3.998000e-05	1.135735e-01	-1.684191e+00
3.999000e-05	-8.984058e-02	-1.881049e+00
4.000000e-05	-3.034480e-02	-1.997001e+00
4.001000e-05	1.194634e-01	-2.021076e+00
4.002000e-05	-7.069505e-02	-2.103734e+00
4.003000e-05	-1.291247e-01	-2.310734e+00
4.004000e-05	1.625321e-01	-2.409425e+00
4.005000e-05	3.747713e-02	-2.472604e+00
4.006000e-05	-1.385701e-01	-2.557920e+00
4.007000e-05	4.587808e-02	-2.661603e+00
4.008000e-05	4.013603e-02	-2.763766e+00
4.009000e-05	-3.518609e-02	-2.820580e+00
4.010000e-05	3.540698e-02	-2.894682e+00
4.011000e-05	-3.169409e-02	-3.017953e+00
4.012000e-05	-4.421908e-02	-3.205396e+00
4.013000e-05	1.070296e-01	-3.211551e+00
4.014000e-05	-3.662836e-02	-3.303207e+00
4.015000e-05	-3.041626e-02	-3.399475e+00
4.016000e-05	3.756226e-02	-3.462655e+00
4.017000e-05	-4.778502e-02	-3.525767e+00
4.018000e-05	3.653051e-02	-3.588999e+00
4.019000e-05	6.026499e-02	-3.671634e+00
4.020000e-05	-7.832648e-02	-3.828895e+00
4.021000e-05	-3.918254e-03	-3.942138e+00
4.022000e-05	5.662495e-02	-3.988996e+00
4.023000e-05	-9.464736e-03	-4.011583e+00
4.024000e-05	-2.218083e-03	-4.065687e+00
4.025000e-05	-2.221132e-02	-4.177946e+00
4.026000e-05	1.821257e-04	-4.272654e+00
4.027000e-05	4.578791e-02	-4.315185e+00
4.028000e-05	-6.031152e-03	-4.389396e+00
4.029000e-05	-7.088501e-03	-4.411025e+00
4.030000e-05	-1.380415e-02	-4.492759e+00
4.031000e-05	1.762190e-02	-4.536892e+00
4.032000e-05	2.696808e-02	-4.671980e+00
4.033000e-05	-1.095378e-02	-4.661684e+00
4.034000e-05	-1.374249e-02	-4.756818e+00
4.035000e-05	3.976109e-03	-4.799475e+00
4.036000e-05	2.294645e-02	-4.840980e+00
4.037000e-05	1.896278e-02	-4.945868e+00
4.038000e-05	-1.718866e-02	-5.010100e+00
4.039000e-05	-1.052137e-02	-5.032028e+00
4.040000e-05	2.069087e-02	-5.083658e+00
4.041000e-05	1.183140e-02	-5.147840e+00
4.042000e-05	1.030205e-02	-5.208973e+00
4.043000e-05	-1.492110e-02	-5.210480e+00
4.044000e-05	-2.347295e-04	-5.242683e+00
4.045000e-05	2.501934e-02	-5.347213e+00
4.046000e-05	1.156273e-02	-5.378016e+00
4.047000e-05	-1.729615e-03	-5.443109e+00
4.048000e-05	-1.037367e-02	-5.503885e+00
4.049000e-05	1.303159e-02	-5.547816e+00
4.050000e-05	2.218022e-02	-5.589419e+00
4.051000e-05	4.661679e-03	-5.589474e+00
4.052000e-05	-6.574963e-03	-5.601001e+00
4.053000e-05	1.593026e-04	-5.630550e+00
4.054000e-05	1.564423e-02	-5.631653e+00
4.055000e-05	1.795602e-02	-5.632158e+00
4.056000e-05	1.827081e-03	-5.653636e+00
4.057000e-05	-4.026513e-03	-5.683758e+00
4.058000e-05	9.240680e-03	-5.715286e+00
4.059000e-05	1.921310e-02	-5.725362e+00
4.060000e-05	1.326331e-02	-5.754742e+00
4.061000e-05	-3.965625e-03	-5.695838e+00
4.062000e-05	3.037574e-04	-5.774839e+00
4.063000e-05	1.565318e-02	-5.778415e+00
4.064000e-05	1.826052e-02	-5.737896e+00
4.065000e-05	7.117036e-03	-5.737345e+00
4.066000e-05	-1.758983e-03	-5.776892e+00
4.067000e-05	9.913081e-03	-5.756818e+00
4.068000e-05	1.874950e-02	-5.738340e+00
4.069000e-05	1.402702e-02	-5.726338e+00
4.070000e-05	1.678532e-03	-5.686290e+00
4.071000e-05	3.108309e-03	-5.693263e+00
4.072000e-05	1.442970e-02	-5.734687e+00
4.073000e-05	1.922285e-02	-5.641104e+00
4.074000e-05	1.065620e-02	-5.683055e+00
4.075000e-05	1.855729e-03	-5.642578e+00
4.076000e-05	9.223396e-03	-5.620626e+00
4.077000e-05	1.895823e-02	-5.600526e+00
4.078000e-05	1.679688e-02	-5.599950e+00
4.079000e-05	6.573888e-03	-5.549445e+00
4.080000e-05	6.333090e-03	-5.558421e+00
4.081000e-05	1.412846e-02	-5.517393e+00
4.082000e-05	1.937304e-02	-5.434760e+00
4.083000e-05	1.279659e-02	-5.421003e+00
4.084000e-05	4.429586e-03	-5.309941e+00
4.085000e-05	9.665391e-03	-5.292760e+00
4.086000e-05	1.753145e-02	-5.221029e+00
4.087000e-05	1.740921e-02	-5.200049e+00
4.088000e-05	9.341479e-03	-5.178946e+00
4.089000e-05	5.862019e-03	-5.106242e+00
4.090000e-05	1.218973e-02	-5.031602e+00
4.091000e-05	1.854291e-02	-5.029500e+00
4.092000e-05	1.383099e-02	-4.937999e+00
4.093000e-05	6.461300e-03	-4.812536e+00
4.094000e-05	8.475758e-03	-4.777976e+00
4.095000e-05	1.512156e-02	-4.704208e+00
4.096000e-05	1.612461e-02	-4.640584e+00
4.097000e-05	9.809496e-03	-4.622527e+00
4.098000e-05	5.283980e-03	-4.568923e+00
4.099000e-05	9.852158e-03	-4.506366e+00
4.100000e-05	1.486010e-02	-4.442579e+00
4.101000e-05	1.232905e-02	-4.400028e+00
4.102000e-05	5.164478e-03	-4.338970e+00
4.103000e-05	5.093619e-03	-4.293708e+00
4.104000e-05	1.057998e-02	-4.211104e+00
4.105000e-05	1.297614e-02	-4.178874e+00
4.106000e-05	7.292249e-03	-4.095311e+00
4.107000e-05	3.909713e-03	-4.001001e+00
4.108000e-05	6.359022e-03	-3.969424e+00
4.109000e-05	1.029104e-02	-3.833784e+00
4.110000e-05	8.826361e-03	-3.706950e+00
4.111000e-05	3.558747e-03	-3.622608e+00
4.112000e-05	2.771251e-03	-3.590501e+00
4.113000e-05	5.505427e-03	-3.495892e+00
4.114000e-05	8.018990e-03	-3.411575e+00
4.115000e-05	4.557939e-03	-3.367421e+00
4.116000e-05	4.384398e-04	-3.234161e+00
4.117000e-05	2.300876e-03	-3.169531e+00
4.118000e-05	5.331938e-03	-3.097816e+00
4.119000e-05	6.184544e-03	-2.979105e+00
4.120000e-05	1.312059e-04	-2.844659e+00
4.121000e-05	-4.274230e-06	-2.770004e+00
4.122000e-05	2.019917e-03	-2.695891e+00
4.123000e-05	4.976541e-03	-2.589577e+00
4.124000e-05	1.324497e-03	-2.516815e+00
4.125000e-05	-3.861013e-04	-2.421659e+00
4.126000e-05	-6.503600e-04	-2.358472e+00
4.127000e-05	2.356826e-03	-2.243160e+00
4.128000e-05	1.307979e-03	-2.095867e+00
4.129000e-05	-1.554029e-03	-2.011103e+00
4.130000e-05	-3.513947e-03	-1.937918e+00
4.131000e-05	-3.156138e-05	-1.813082e+00
4.132000e-05	2.328668e-03	-1.727369e+00
4.133000e-05	1.058883e-03	-1.621681e+00
4.134000e-05	-2.544497e-03	-1.578999e+00
4.135000e-05	-2.411010e-03	-1.464209e+00
4.136000e-05	-7.716106e-04	-1.273217e+00
4.137000e-05	-1.766325e-03	-1.158574e+00
4.138000e-05	-3.662382e-03	-1.055262e+00
4.139000e-05	-5.016839e-03	-9.589736e-01
4.140000e-05	-2.312930e-03	-8.541855e-01
4.141000e-05	1.628712e-04	-7.804986e-01
4.142000e-05	-2.119560e-04	-6.453396e-01
4.143000e-05	-2.621615e-03	-5.484746e-01
4.144000e-05	-4.114283e-03	-4.421039e-01
4.145000e-05	-3.563236e-03	-3.284472e-01
4.146000e-05	-2.925260e-03	-2.526564e-01
4.147000e-05	-3.758395e-03	-1.383685e-01
4.148000e-05	-3.620711e-03	-6.413533e-02
4.149000e-05	-8.488216e-04	4.000020e-02
4.150000e-05	-1.972435e-04	1.752608e-01
4.151000e-05	6.919919e-04	2.926581e-01
4.152000e-05	-2.495575e-03	3.764673e-01
4.153000e-05	-3.790776e-03	4.229528e-01
4.154000e-05	-4.761983e-03	5.057922e-01
4.155000e-05	3.395432e-03	6.219503e-01
4.156000e-05	2.774469e-02	7.363383e-01
4.157000e-05	3.483010e-02	8.425255e-01
4.158000e-05	-3.694507e-02	1.071004e+00
4.159000e-05	-8.947945e-02	1.176921e+00
4.160000e-05	-2.229579e-02	1.211526e+00
4.161000e-05	1.089079e-01	1.294161e+00
4.162000e-05	-2.408775e-02	1.422075e+00
4.163000e-05	-1.158195e-01	1.539238e+00
4.164000e-05	8.882142e-02	1.632004e+00
4.165000e-05	1.183941e-02	1.799475e+00
4.166000e-05	-6.827315e-02	1.934234e+00
4.167000e-05	1.988610e-02	1.915735e+00
4.168000e-05	7.090096e-02	2.059550e+00
4.169000e-05	-1.509493e-01	2.155316e+00
4.170000e-05	1.160278e-02	2.199925e+00
4.171000e-05	1.292963e-01	2.283158e+00
4.172000e-05	-6.614919e-02	2.409471e+00
4.173000e-05	-7.693667e-02	2.431604e+00
4.174000e-05	5.276221e-02	2.636494e+00
4.175000e-05	-4.574096e-03	2.734288e+00
4.176000e-05	-8.826789e-03	2.809971e+00
4.177000e-05	1.072270e-02	2.863184e+00
4.178000e-05	-6.461594e-02	2.988847e+00
4.179000e-05	2.909378e-02	3.042052e+00
4.180000e-05	2.365999e-02	3.154841e+00
4.181000e-05	-2.033579e-02	3.179949e+00
4.182000e-05	-2.993103e-02	3.274080e+00
4.183000e-05	-8.963343e-03	3.349369e+00
4.184000e-05	-2.226124e-02	3.543709e+00
4.185000e-05	5.196188e-02	3.598820e+00
4.186000e-05	-1.683153e-02	3.650528e+00
4.187000e-05	-6.532053e-02	3.756232e+00
4.188000e-05	2.045083e-02	3.790922e+00
4.189000e-05	1.860191e-02	3.873031e+00
4.190000e-05	-6.940037e-03	3.977292e+00
4.191000e-05	-4.062101e-02	4.000447e+00
4.192000e-05	-1.255639e-02	4.062079e+00
4.193000e-05	-1.785674e-03	4.124288e+00
4.194000e-05	2.393184e-02	4.260050e+00
4.195000e-05	-1.865456e-02	4.363815e+00
4.196000e-05	-3.338222e-02	4.400026e+00
4.197000e-05	-1.035211e-02	4.451602e+00
4.198000e-05	1.138871e-02	4.484803e+00
4.199000e-05	5.000647e-03	4.585865e+00
4.200000e-05	-3.422570e-02	4.651974e+00
4.201000e-05	-2.213563e-02	4.684684e+00
4.202000e-05	-4.131838e-03	4.777362e+00
4.203000e-05	1.882003e-02	4.789469e+00
4.204000e-05	-1.791886e-02	4.861052e+00
4.205000e-05	-2.915550e-02	4.872704e+00
4.206000e-05	-1.463630e-02	4.947242e+00
4.207000e-05	4.603091e-03	5.083049e+00
4.208000e-05	2.608318e-03	5.144183e+00
4.209000e-05	-2.503493e-02	5.167842e+00
4.210000e-05	-2.624070e-02	5.208500e+00
4.211000e-05	-9.115527e-03	5.283054e+00
4.212000e-05	1.046624e-02	5.325178e+00
4.213000e-05	-1.275286e-02	5.295661e+00
4.214000e-05	-2.690122e-02	5.366319e+00
4.215000e-05	-1.987274e-02	5.389474e+00
4.216000e-05	1.634107e-03	5.399500e+00
4.217000e-05	1.345556e-04	5.423025e+00
4.218000e-05	-2.267534e-02	5.422584e+00
4.219000e-05	-2.546581e-02	5.544184e+00
4.220000e-05	-1.356853e-02	5.544241e+00
4.221000e-05	2.704800e-03	5.547816e+00
4.222000e-05	-1.218441e-02	5.537391e+00
4.223000e-05	-2.349588e-02	5.568822e+00
4.224000e-05	-2.216088e-02	5.598471e+00
4.225000e-05	-5.015334e-03	5.599497e+00
4.226000e-05	-3.391752e-03	5.589446e+00
4.227000e-05	-1.995170e-02	5.599971e+00
4.228000e-05	-2.725970e-02	5.589500e+00
4.229000e-05	-1.871165e-02	5.598449e+00
4.230000e-05	-2.921889e-03	5.610050e+00
4.231000e-05	-1.124072e-02	5.600000e+00
4.232000e-05	-2.327224e-02	5.610474e+00
4.233000e-05	-2.394340e-02	5.610524e+00
4.234000e-05	-1.028971e-02	5.589999e+00
4.235000e-05	-7.245971e-03	5.580474e+00
4.236000e-05	-1.920286e-02	5.599447e+00
4.237000e-05	-2.651722e-02	5.579421e+00
4.238000e-05	-2.073024e-02	5.568967e+00
4.239000e-05	-8.287983e-03	5.547341e+00
4.240000e-05	-1.228427e-02	5.557817e+00
4.241000e-05	-2.307589e-02	5.496763e+00
4.242000e-05	-2.651403e-02	5.484611e+00
4.243000e-05	-1.550780e-02	5.465606e+00
4.244000e-05	-1.049480e-02	5.491056e+00
4.245000e-05	-1.857384e-02	5.421528e+00
4.246000e-05	-2.602322e-02	5.389448e+00
4.247000e-05	-2.309631e-02	5.369392e+00
4.248000e-05	-1.274788e-02	5.345786e+00
4.249000e-05	-1.413991e-02	5.276204e+00
4.250000e-05	-2.239832e-02	5.251554e+00
4.251000e-05	-2.659016e-02	5.211448e+00
4.252000e-05	-1.808975e-02	5.167917e+00
4.253000e-05	-1.320061e-02	5.105263e+00
4.254000e-05	-1.829205e-02	4.990507e+00
4.255000e-05	-2.498336e-02	4.999340e+00
4.256000e-05	-2.370061e-02	4.895686e+00
4.257000e-05	-1.599416e-02	4.811002e+00
4.258000e-05	-1.381993e-02	4.800550e+00
4.259000e-05	-2.072936e-02	4.758870e+00
4.260000e-05	-2.407091e-02	4.694159e+00
4.261000e-05	-1.959537e-02	4.641579e+00
4.262000e-05	-1.258219e-02	4.599495e+00
4.263000e-05	-1.638661e-02	4.515816e+00
4.264000e-05	-2.155141e-02	4.444585e+00
4.265000e-05	-2.186732e-02	4.390000e+00
4.266000e-05	-1.511070e-02	4.379472e+00
4.267000e-05	-1.367288e-02	4.286215e+00
4.268000e-05	-1.740380e-02	4.190901e+00
4.269000e-05	-2.118827e-02	4.095182e+00
4.270000e-05	-1.750155e-02	4.022054e+00
4.271000e-05	-1.184540e-02	3.958971e+00
4.272000e-05	-1.167963e-02	3.875206e+00
4.273000e-05	-1.734318e-02	3.833503e+00
4.274000e-05	-1.927868e-02	3.719345e+00
4.275000e-05	-1.432510e-02	3.663709e+00
4.276000e-05	-1.088134e-02	3.590950e+00
4.277000e-05	-1.328088e-02	3.579446e+00
4.278000e-05	-1.634512e-02	3.474660e+00
4.279000e-05	-1.428653e-02	3.408737e+00
4.280000e-05	-1.004396e-02	3.253557e+00
4.281000e-05	-8.446495e-03	3.169449e+00
4.282000e-05	-1.175777e-02	3.106263e+00
4.283000e-05	-1.529217e-02	3.041453e+00
4.284000e-05	-1.154750e-02	2.947295e+00
4.285000e-05	-7.780750e-03	2.833581e+00
4.286000e-05	-9.173434e-03	2.779450e+00
4.287000e-05	-1.259234e-02	2.724291e+00
4.288000e-05	-1.166235e-02	2.559871e+00
4.289000e-05	-8.194217e-03	2.433080e+00
4.290000e-05	-6.361189e-03	2.318420e+00
4.291000e-05	-9.279036e-03	2.242630e+00
4.292000e-05	-1.123365e-02	2.168472e+00
4.293000e-05	-9.108717e-03	2.096233e+00
4.294000e-05	-5.850834e-03	2.000524e+00
4.295000e-05	-5.947317e-03	1.897292e+00
4.296000e-05	-9.428834e-03	1.853524e+00
4.297000e-05	-9.623832e-03	1.677315e+00
4.298000e-05	-6.801879e-03	1.621031e+00
4.299000e-05	-5.107059e-03	1.475890e+00
4.300000e-05	-6.397234e-03	1.379471e+00
4.301000e-05	-8.106744e-03	1.285688e+00
4.302000e-05	-7.468667e-03	1.179002e+00
4.303000e-05	-4.683119e-03	1.044634e+00
4.304000e-05	-5.342840e-03	8.767145e-01
4.305000e-05	-7.205628e-03	7.824974e-01
4.306000e-05	-7.579578e-03	7.247945e-01
4.307000e-05	-6.039457e-03	6.010512e-01
4.308000e-05	-3.792734e-03	5.063108e-01
4.309000e-05	-4.701308e-03	3.920276e-01
4.310000e-05	-6.528670e-03	3.363207e-01
4.311000e-05	-6.186257e-03	1.714499e-01
4.312000e-05	-3.310765e-03	5.371052e-02
4.313000e-05	-2.157367e-03	-2.002520e-02
4.314000e-05	-2.734304e-03	-1.237632e-01
4.315000e-05	-3.031384e-03	-2.200501e-01
4.316000e-05	-1.788763e-03	-2.942145e-01
4.317000e-05	-1.081843e-03	-3.979736e-01
4.318000e-05	-1.738649e-03	-4.625830e-01
4.319000e-05	-4.002576e-03	-6.078713e-01
4.320000e-05	-3.310096e-03	-7.453434e-01
4.321000e-05	8.732615e-03	-8.194238e-01
4.322000e-05	5.053093e-02	-8.832342e-01
4.323000e-05	9.865883e-03	-1.049573e+00
4.324000e-05	-6.954772e-02	-1.268625e+00
4.325000e-05	-8.152092e-02	-1.418020e+00
4.326000e-05	8.819547e-02	-1.307388e+00
4.327000e-05	3.545364e-02	-1.365768e+00
4.328000e-05	-5.402604e-02	-1.644900e+00
4.329000e-05	-4.990319e-02	-1.765319e+00
4.330000e-05	1.132400e-01	-1.677762e+00
4.331000e-05	-8.898675e-02	-1.830549e+00
4.332000e-05	-3.143332e-02	-1.986922e+00
4.333000e-05	1.198777e-01	-1.999529e+00
4.334000e-05	-6.863099e-02	-2.092707e+00
4.335000e-05	-1.305779e-01	-2.322658e+00
4.336000e-05	1.602800e-01	-2.398949e+00
4.337000e-05	4.057001e-02	-2.461133e+00
4.338000e-05	-1.387161e-01	-2.577393e+00
4.339000e-05	4.240401e-02	-2.632078e+00
4.340000e-05	4.104255e-02	-2.735842e+00
4.341000e-05	-3.424712e-02	-2.839503e+00
4.342000e-05	3.673722e-02	-2.862657e+00
4.343000e-05	-2.994816e-02	-3.049499e+00
4.344000e-05	-4.711715e-02	-3.205369e+00
4.345000e-05	1.067744e-01	-3.220551e+00
4.346000e-05	-3.557845e-02	-3.303712e+00
4.347000e-05	-3.042119e-02	-3.397924e+00
4.348000e-05	3.674968e-02	-3.420602e+00
4.349000e-05	-4.796497e-02	-3.554865e+00
4.350000e-05	3.511799e-02	-3.599525e+00
4.351000e-05	6.205915e-02	-3.653132e+00
4.352000e-05	-7.729247e-02	-3.818553e+00
4.353000e-05	-4.918779e-03	-3.943213e+00
4.354000e-05	5.669329e-02	-3.998922e+00
4.355000e-05	-1.041465e-02	-4.041154e+00
4.356000e-05	-1.398749e-03	-4.054840e+00
4.357000e-05	-2.162981e-02	-4.187466e+00
4.358000e-05	-3.569909e-04	-4.230661e+00
4.359000e-05	4.661530e-02	-4.356212e+00
4.360000e-05	-4.393200e-03	-4.378946e+00
4.361000e-05	-6.609838e-03	-4.431025e+00
4.362000e-05	-1.434471e-02	-4.472083e+00
4.363000e-05	1.542721e-02	-4.577946e+00
4.364000e-05	2.606209e-02	-4.629054e+00
4.365000e-05	-1.006398e-02	-4.683143e+00
4.366000e-05	-1.387386e-02	-4.765237e+00
4.367000e-05	4.193813e-03	-4.747424e+00
4.368000e-05	2.258140e-02	-4.832077e+00
4.369000e-05	1.958734e-02	-4.892917e+00
4.370000e-05	-1.700753e-02	-4.998999e+00
4.371000e-05	-1.043332e-02	-5.011025e+00
4.372000e-05	2.160584e-02	-5.074657e+00
4.373000e-05	1.229630e-02	-5.114894e+00
4.374000e-05	9.502272e-03	-5.197448e+00
4.375000e-05	-1.589768e-02	-5.219546e+00
4.376000e-05	-4.188573e-04	-5.241729e+00
4.377000e-05	2.632471e-02	-5.315764e+00
4.378000e-05	1.104910e-02	-5.367496e+00
4.379000e-05	-2.289015e-03	-5.461709e+00
4.380000e-05	-1.067448e-02	-5.493181e+00
4.381000e-05	1.356014e-02	-5.567892e+00
4.382000e-05	2.247626e-02	-5.588371e+00
4.383000e-05	2.782086e-03	-5.599949e+00
4.384000e-05	-7.030151e-03	-5.600500e+00
4.385000e-05	1.366682e-03	-5.640528e+00
4.386000e-05	1.747567e-02	-5.650528e+00
4.387000e-05	1.795446e-02	-5.651554e+00
4.388000e-05	8.423774e-05	-5.692233e+00
4.389000e-05	-4.024135e-03	-5.714736e+00
4.390000e-05	1.033402e-02	-5.704787e+00
4.391000e-05	1.940507e-02	-5.725717e+00
4.392000e-05	1.235521e-02	-5.727767e+00
4.393000e-05	-4.207750e-03	-5.736816e+00
4.394000e-05	1.449824e-03	-5.778920e+00
4.395000e-05	1.696421e-02	-5.757446e+00
4.396000e-05	1.736544e-02	-5.756346e+00
4.397000e-05	6.182299e-03	-5.768270e+00
4.398000e-05	-1.494668e-03	-5.746346e+00
4.399000e-05	1.050227e-02	-5.776943e+00
4.400000e-05	1.846130e-02	-5.755842e+00
4.401000e-05	1.360231e-02	-5.724820e+00
4.402000e-05	2.701096e-03	-5.705712e+00
4.403000e-05	4.128150e-03	-5.695241e+00
4.404000e-05	1.566397e-02	-5.704708e+00
4.405000e-05	1.892338e-02	-5.663712e+00
4.406000e-05	1.043463e-02	-5.641629e+00
4.407000e-05	2.416193e-03	-5.610104e+00
4.408000e-05	9.472458e-03	-5.650576e+00
4.409000e-05	1.796965e-02	-5.610001e+00
4.410000e-05	1.656313e-02	-5.590000e+00
4.411000e-05	6.252923e-03	-5.598472e+00
4.412000e-05	5.503690e-03	-5.537949e+00
4.413000e-05	1.463623e-02	-5.515321e+00
4.414000e-05	1.901722e-02	-5.443332e+00
4.415000e-05	1.246492e-02	-5.431528e+00
4.416000e-05	5.961146e-03	-5.318420e+00
4.417000e-05	1.086733e-02	-5.314789e+00
4.418000e-05	1.732983e-02	-5.214052e+00
4.419000e-05	1.753445e-02	-5.211100e+00
4.420000e-05	8.761999e-03	-5.156371e+00
4.421000e-05	6.387478e-03	-5.085865e+00
4.422000e-05	1.298247e-02	-5.081108e+00
4.423000e-05	1.775268e-02	-5.000099e+00
4.424000e-05	1.387478e-02	-4.937970e+00
4.425000e-05	6.958127e-03	-4.883689e+00
4.426000e-05	9.064524e-03	-4.750791e+00
4.427000e-05	1.468278e-02	-4.714437e+00
4.428000e-05	1.500838e-02	-4.643107e+00
4.429000e-05	8.561516e-03	-4.600550e+00
4.430000e-05	6.179281e-03	-4.547399e+00
4.431000e-05	1.003773e-02	-4.535760e+00
4.432000e-05	1.522331e-02	-4.432058e+00
4.433000e-05	1.237357e-02	-4.410501e+00
4.434000e-05	6.701039e-03	-4.337417e+00
4.435000e-05	6.070177e-03	-4.273312e+00
4.436000e-05	1.104929e-02	-4.212079e+00
4.437000e-05	1.254074e-02	-4.156866e+00
4.438000e-05	6.838161e-03	-4.105662e+00
4.439000e-05	3.660455e-03	-4.012026e+00
4.440000e-05	6.042471e-03	-3.957418e+00
4.441000e-05	9.555298e-03	-3.904111e+00
4.442000e-05	7.676332e-03	-3.728945e+00
4.443000e-05	2.906483e-03	-3.633107e+00
4.444000e-05	3.018154e-03	-3.579999e+00
4.445000e-05	6.374352e-03	-3.516318e+00
4.446000e-05	8.898678e-03	-3.421628e+00
4.447000e-05	5.767186e-03	-3.348996e+00
4.448000e-05	1.767905e-03	-3.262630e+00
4.449000e-05	2.106573e-03	-3.180476e+00
4.450000e-05	3.947075e-03	-3.065716e+00
4.451000e-05	3.784770e-03	-2.970526e+00
4.452000e-05	-1.483112e-04	-2.834158e+00
4.453000e-05	-3.626898e-04	-2.767977e+00
4.454000e-05	3.226436e-03	-2.705817e+00
4.455000e-05	6.008993e-03	-2.619051e+00
4.456000e-05	2.969913e-03	-2.517316e+00
4.457000e-05	-3.198603e-04	-2.411082e+00
4.458000e-05	-1.439197e-03	-2.357967e+00
4.459000e-05	1.249773e-03	-2.215162e+00
4.460000e-05	-3.509187e-04	-2.116290e+00
4.461000e-05	-2.174083e-03	-2.001549e+00
4.462000e-05	-3.080948e-03	-1.936868e+00
4.463000e-05	1.864884e-03	-1.803609e+00
4.464000e-05	3.093876e-03	-1.717969e+00
4.465000e-05	2.463122e-03	-1.613185e+00
4.466000e-05	-2.438135e-03	-1.568474e+00
4.467000e-05	-2.826701e-03	-1.411333e+00
4.468000e-05	-1.663202e-03	-1.255661e+00
4.469000e-05	-2.292909e-03	-1.159496e+00
4.470000e-05	-4.565278e-03	-1.084714e+00
4.471000e-05	-4.305765e-03	-9.705212e-01
4.472000e-05	-2.068271e-03	-8.642404e-01
4.473000e-05	5.282001e-04	-7.904999e-01
4.474000e-05	-4.316531e-04	-6.847680e-01
4.475000e-05	-3.237841e-03	-4.874936e-01
4.476000e-05	-4.375909e-03	-4.231802e-01
4.477000e-05	-3.899990e-03	-3.489222e-01
4.478000e-05	-2.447304e-03	-2.336089e-01
4.479000e-05	-3.567008e-03	-1.469223e-01
4.480000e-05	-3.554833e-03	6.868612e-03
4.481000e-05	-9.737196e-05	1.147619e-02
4.482000e-05	8.760222e-04	1.287357e-01
4.483000e-05	1.030223e-03	2.421055e-01
4.484000e-05	-2.295223e-03	3.784460e-01
4.485000e-05	-4.160725e-03	4.615264e-01
4.486000e-05	-3.694386e-03	5.357370e-01
4.487000e-05	3.056388e-03	5.995000e-01
4.488000e-05	2.584757e-02	7.452884e-01
4.489000e-05	3.464101e-02	8.414802e-01
4.490000e-05	-3.524755e-02	1.050044e+00
4.491000e-05	-8.846201e-02	1.178398e+00
4.492000e-05	-2.378558e-02	1.219998e+00
4.493000e-05	1.085787e-01	1.292709e+00
4.494000e-05	-2.176512e-02	1.419946e+00
4.495000e-05	-1.155054e-01	1.534714e+00
4.496000e-05	8.762933e-02	1.670530e+00
4.497000e-05	1.303842e-02	1.809500e+00
4.498000e-05	-6.773990e-02	1.912130e+00
4.499000e-05	1.928675e-02	1.916190e+00
4.500000e-05	7.437512e-02	2.039949e+00
4.501000e-05	-1.507201e-01	2.164814e+00
4.502000e-05	7.670241e-03	2.209949e+00
4.503000e-05	1.293064e-01	2.282608e+00
4.504000e-05	-6.411717e-02	2.418471e+00
4.505000e-05	-7.860477e-02	2.483559e+00
4.506000e-05	5.125356e-02	2.566948e+00
4.507000e-05	-3.797057e-03	2.715209e+00
4.508000e-05	-8.684763e-03	2.797947e+00
4.509000e-05	1.108845e-02	2.873129e+00
4.510000e-05	-6.450431e-02	2.986920e+00
4.511000e-05	2.764798e-02	3.041529e+00
4.512000e-05	2.376927e-02	3.147315e+00
4.513000e-05	-1.966338e-02	3.230499e+00
4.514000e-05	-2.973973e-02	3.261104e+00
4.515000e-05	-9.339694e-03	3.387871e+00
4.516000e-05	-2.295842e-02	3.524260e+00
4.517000e-05	5.290347e-02	3.598944e+00
4.518000e-05	-1.640814e-02	3.641577e+00
4.519000e-05	-6.566405e-02	3.745262e+00
4.520000e-05	1.961734e-02	3.789424e+00
4.521000e-05	1.816725e-02	3.852605e+00
4.522000e-05	-6.087562e-03	3.956815e+00
4.523000e-05	-4.124835e-02	4.008971e+00
4.524000e-05	-1.347266e-02	4.061552e+00
4.525000e-05	-2.281854e-03	4.114637e+00
4.526000e-05	2.462217e-02	4.280972e+00
4.527000e-05	-1.773352e-02	4.387342e+00
4.528000e-05	-3.316615e-02	4.390001e+00
4.529000e-05	-1.097143e-02	4.441604e+00
4.530000e-05	1.168117e-02	4.495130e+00
4.531000e-05	5.621179e-03	4.596295e+00
4.532000e-05	-3.389871e-02	4.621075e+00
4.533000e-05	-2.271909e-02	4.684158e+00
4.534000e-05	-5.001506e-03	4.756790e+00
4.535000e-05	1.904976e-02	4.797421e+00
4.536000e-05	-1.800189e-02	4.820476e+00
4.537000e-05	-2.986328e-02	4.913186e+00
4.538000e-05	-1.401601e-02	4.999270e+00
4.539000e-05	4.880014e-03	5.089652e+00
4.540000e-05	3.069181e-03	5.104681e+00
4.541000e-05	-2.514575e-02	5.168819e+00
4.542000e-05	-2.550043e-02	5.189025e+00
4.543000e-05	-9.634309e-03	5.273153e+00
4.544000e-05	1.083244e-02	5.294235e+00
4.545000e-05	-1.181587e-02	5.285411e+00
4.546000e-05	-2.710935e-02	5.377292e+00
4.547000e-05	-2.106947e-02	5.389973e+00
4.548000e-05	8.577690e-04	5.400027e+00
4.549000e-05	4.294719e-04	5.400578e+00
4.550000e-05	-2.250530e-02	5.461629e+00
4.551000e-05	-2.585092e-02	5.502182e+00
4.552000e-05	-1.434570e-02	5.465287e+00
4.553000e-05	3.371406e-03	5.557366e+00
4.554000e-05	-1.140332e-02	5.555819e+00
4.555000e-05	-2.314056e-02	5.587966e+00
4.556000e-05	-2.356004e-02	5.589974e+00
4.557000e-05	-5.800125e-03	5.599974e+00
4.558000e-05	-3.162414e-03	5.579946e+00
4.559000e-05	-1.863804e-02	5.600471e+00
4.560000e-05	-2.669708e-02	5.589920e+00
4.561000e-05	-1.828957e-02	5.599500e+00
4.562000e-05	-2.961176e-03	5.599525e+00
4.563000e-05	-1.122181e-02	5.599474e+00
4.564000e-05	-2.316832e-02	5.590000e+00
4.565000e-05	-2.493945e-02	5.598970e+00
4.566000e-05	-1.119262e-02	5.609497e+00
4.567000e-05	-7.075385e-03	5.598495e+00
4.568000e-05	-1.819495e-02	5.598947e+00
4.569000e-05	-2.571550e-02	5.538422e+00
4.570000e-05	-2.145421e-02	5.587968e+00
4.571000e-05	-9.259236e-03	5.567891e+00
4.572000e-05	-1.241362e-02	5.527716e+00
4.573000e-05	-2.227693e-02	5.536261e+00
4.574000e-05	-2.653476e-02	5.455211e+00
4.575000e-05	-1.582804e-02	5.493629e+00
4.576000e-05	-9.754254e-03	5.442076e+00
4.577000e-05	-1.870050e-02	5.410998e+00
4.578000e-05	-2.620109e-02	5.379468e+00
4.579000e-05	-2.416399e-02	5.368870e+00
4.580000e-05	-1.327341e-02	5.325235e+00
4.581000e-05	-1.515417e-02	5.244729e+00
4.582000e-05	-2.217577e-02	5.204078e+00
4.583000e-05	-2.632940e-02	5.200525e+00
4.584000e-05	-1.832357e-02	5.127892e+00
4.585000e-05	-1.263410e-02	5.107215e+00
4.586000e-05	-1.748895e-02	5.030977e+00
4.587000e-05	-2.481228e-02	4.989425e+00
4.588000e-05	-2.355387e-02	4.875657e+00
4.589000e-05	-1.537470e-02	4.812050e+00
4.590000e-05	-1.408996e-02	4.788499e+00
4.591000e-05	-1.971465e-02	4.747917e+00
4.592000e-05	-2.460872e-02	4.695686e+00
4.593000e-05	-1.984866e-02	4.631559e+00
4.594000e-05	-1.328783e-02	4.599471e+00
4.595000e-05	-1.660124e-02	4.486688e+00
4.596000e-05	-2.157534e-02	4.453130e+00
4.597000e-05	-2.227517e-02	4.421027e+00
4.598000e-05	-1.516403e-02	4.359445e+00
4.599000e-05	-1.317998e-02	4.326816e+00
4.600000e-05	-1.763975e-02	4.200470e+00
4.601000e-05	-2.194723e-02	4.098211e+00
4.602000e-05	-1.674297e-02	4.010075e+00
4.603000e-05	-1.071437e-02	3.988449e+00
4.604000e-05	-1.109974e-02	3.915738e+00
4.605000e-05	-1.720187e-02	3.842554e+00
4.606000e-05	-1.866817e-02	3.740447e+00
4.607000e-05	-1.345494e-02	3.684684e+00
4.608000e-05	-1.141434e-02	3.601502e+00
4.609000e-05	-1.361489e-02	3.558922e+00
4.610000e-05	-1.745675e-02	3.484608e+00
4.611000e-05	-1.407087e-02	3.349314e+00
4.612000e-05	-9.960414e-03	3.224104e+00
4.613000e-05	-9.077266e-03	3.179397e+00
4.614000e-05	-1.199957e-02	3.116314e+00
4.615000e-05	-1.488057e-02	3.022524e+00
4.616000e-05	-1.116444e-02	2.918392e+00
4.617000e-05	-8.516750e-03	2.864052e+00
4.618000e-05	-9.712692e-03	2.788922e+00
4.619000e-05	-1.247752e-02	2.686339e+00
4.620000e-05	-1.116715e-02	2.579395e+00
4.621000e-05	-7.850240e-03	2.412105e+00
4.622000e-05	-6.936052e-03	2.369422e+00
4.623000e-05	-1.003922e-02	2.243180e+00
4.624000e-05	-1.162894e-02	2.200420e+00
4.625000e-05	-8.468320e-03	2.065261e+00
4.626000e-05	-6.226391e-03	2.021552e+00
4.627000e-05	-6.663096e-03	1.915892e+00
4.628000e-05	-1.005980e-02	1.800507e+00
4.629000e-05	-9.443395e-03	1.676364e+00
4.630000e-05	-7.920529e-03	1.622028e+00
4.631000e-05	-6.442867e-03	1.517266e+00
4.632000e-05	-6.460334e-03	1.381949e+00
4.633000e-05	-7.692184e-03	1.264717e+00
4.634000e-05	-6.192849e-03	1.179446e+00
4.635000e-05	-3.857869e-03	1.073108e+00
4.636000e-05	-4.464341e-03	9.067633e-01
4.637000e-05	-7.897719e-03	7.895026e-01
4.638000e-05	-8.062870e-03	6.968160e-01
4.639000e-05	-6.683485e-03	6.109277e-01
4.640000e-05	-4.500210e-03	5.368133e-01
4.641000e-05	-5.362447e-03	4.220502e-01
4.642000e-05	-6.103586e-03	3.288233e-01
4.643000e-05	-5.749830e-03	1.915513e-01
4.644000e-05	-3.079138e-03	6.428770e-02
4.645000e-05	-2.013778e-03	-3.003007e-02
4.646000e-05	-3.563199e-03	-1.048632e-01
4.647000e-05	-3.495919e-03	-2.189761e-01
4.648000e-05	-2.387880e-03	-2.843118e-01
4.649000e-05	-1.469145e-03	-4.084701e-01
4.650000e-05	-9.087437e-04	-4.825578e-01
4.651000e-05	-3.027577e-03	-6.185700e-01
4.652000e-05	-2.232721e-03	-7.748146e-01
4.653000e-05	9.518151e-03	-7.795001e-01
4.654000e-05	4.971623e-02	-8.827592e-01
4.655000e-05	1.129760e-02	-1.049576e+00
4.656000e-05	-7.047386e-02	-1.248602e+00
4.657000e-05	-8.313137e-02	-1.405898e+00
4.658000e-05	8.763924e-02	-1.248809e+00
4.659000e-05	3.577303e-02	-1.367345e+00
4.660000e-05	-5.399509e-02	-1.626448e+00
4.661000e-05	-5.438596e-02	-1.764838e+00
4.662000e-05	1.164393e-01	-1.686290e+00
4.663000e-05	-8.705541e-02	-1.798554e+00
4.664000e-05	-3.278569e-02	-2.017421e+00
4.665000e-05	1.180028e-01	-2.010001e+00
4.666000e-05	-6.566261e-02	-2.084185e+00
4.667000e-05	-1.319333e-01	-2.312232e+00
4.668000e-05	1.617955e-01	-2.409000e+00
4.669000e-05	4.384008e-02	-2.453129e+00
4.670000e-05	-1.405163e-01	-2.585894e+00
4.671000e-05	4.099465e-02	-2.651102e+00
4.672000e-05	4.447469e-02	-2.735296e+00
4.673000e-05	-3.553867e-02	-2.832124e+00
4.674000e-05	3.390971e-02	-2.841632e+00
4.675000e-05	-3.119546e-02	-3.039021e+00
4.676000e-05	-4.634235e-02	-3.165397e+00
4.677000e-05	1.091448e-01	-3.210500e+00
4.678000e-05	-3.484606e-02	-3.323681e+00
4.679000e-05	-3.311517e-02	-3.437948e+00
4.680000e-05	3.594697e-02	-3.442156e+00
4.681000e-05	-4.572736e-02	-3.544890e+00
4.682000e-05	3.411320e-02	-3.619002e+00
4.683000e-05	6.181658e-02	-3.682658e+00
4.684000e-05	-7.740149e-02	-3.808824e+00
4.685000e-05	-4.479203e-03	-3.935237e+00
4.686000e-05	5.880631e-02	-3.967846e+00
4.687000e-05	-1.103028e-02	-4.062153e+00
4.688000e-05	-4.266836e-03	-4.135215e+00
4.689000e-05	-2.174016e-02	-4.138998e+00
4.690000e-05	4.394904e-04	-4.242556e+00
4.691000e-05	4.657245e-02	-4.304811e+00
4.692000e-05	-6.393895e-03	-4.398423e+00
4.693000e-05	-8.118747e-03	-4.399553e+00
4.694000e-05	-1.336873e-02	-4.491155e+00
4.695000e-05	1.747157e-02	-4.546892e+00
4.696000e-05	2.618003e-02	-4.641575e+00
4.697000e-05	-1.185334e-02	-4.694666e+00
4.698000e-05	-1.404509e-02	-4.724311e+00
4.699000e-05	5.437188e-03	-4.760370e+00
4.700000e-05	2.355348e-02	-4.832130e+00
4.701000e-05	1.758926e-02	-4.926360e+00
4.702000e-05	-1.800119e-02	-4.969977e+00
4.703000e-05	-1.074337e-02	-5.031100e+00
4.704000e-05	2.253472e-02	-5.082206e+00
4.705000e-05	1.172681e-02	-5.146894e+00
4.706000e-05	7.941219e-03	-5.186425e+00
4.707000e-05	-1.655193e-02	-5.250049e+00
4.708000e-05	4.069244e-04	-5.242082e+00
4.709000e-05	2.674324e-02	-5.315408e+00
4.710000e-05	1.047857e-02	-5.368466e+00
4.711000e-05	-3.189211e-03	-5.482175e+00
4.712000e-05	-1.090250e-02	-5.505785e+00
4.713000e-05	1.451080e-02	-5.566891e+00
4.714000e-05	2.391222e-02	-5.577420e+00
4.715000e-05	2.542012e-03	-5.589000e+00
4.716000e-05	-7.470636e-03	-5.599501e+00
4.717000e-05	2.472588e-03	-5.622053e+00
4.718000e-05	1.805181e-02	-5.621675e+00
4.719000e-05	1.642910e-02	-5.641628e+00
4.720000e-05	-1.362967e-03	-5.702762e+00
4.721000e-05	-3.690440e-03	-5.682737e+00
4.722000e-05	1.168974e-02	-5.694238e+00
4.723000e-05	1.916967e-02	-5.725262e+00
4.724000e-05	1.208241e-02	-5.735312e+00
4.725000e-05	-5.242383e-03	-5.735738e+00
4.726000e-05	2.413250e-03	-5.697866e+00
4.727000e-05	1.796413e-02	-5.737442e+00
4.728000e-05	1.714379e-02	-5.766344e+00
4.729000e-05	5.650451e-03	-5.758920e+00
4.730000e-05	-1.263650e-03	-5.746969e+00
4.731000e-05	1.174440e-02	-5.747896e+00
4.732000e-05	1.934738e-02	-5.736343e+00
4.733000e-05	1.331603e-02	-5.726362e+00
4.734000e-05	8.511781e-04	-5.724659e+00
4.735000e-05	5.024436e-03	-5.683340e+00
4.736000e-05	1.661384e-02	-5.673283e+00
4.737000e-05	1.897709e-02	-5.652708e+00
4.738000e-05	9.667925e-03	-5.652609e+00
4.739000e-05	1.194219e-03	-5.622600e+00
4.740000e-05	1.023598e-02	-5.611528e+00
4.741000e-05	1.968765e-02	-5.591026e+00
4.742000e-05	1.563916e-02	-5.590024e+00
4.743000e-05	5.511169e-03	-5.559495e+00
4.744000e-05	6.949939e-03	-5.557420e+00
4.745000e-05	1.582474e-02	-5.525370e+00
4.746000e-05	1.890992e-02	-5.456706e+00
4.747000e-05	1.235247e-02	-5.382156e+00
4.748000e-05	5.209266e-03	-5.329990e+00
4.749000e-05	1.066636e-02	-5.293763e+00
4.750000e-05	1.716103e-02	-5.252550e+00
4.751000e-05	1.724138e-02	-5.189549e+00
4.752000e-05	8.236251e-03	-5.148444e+00
4.753000e-05	7.065989e-03	-5.118290e+00
4.754000e-05	1.378604e-02	-5.062630e+00
4.755000e-05	1.860872e-02	-5.002046e+00
4.756000e-05	1.298629e-02	-4.938948e+00
4.757000e-05	6.499420e-03	-4.885162e+00
4.758000e-05	9.063469e-03	-4.840972e+00
4.759000e-05	1.552996e-02	-4.684208e+00
4.760000e-05	1.546062e-02	-4.634138e+00
4.761000e-05	8.670734e-03	-4.619525e+00
4.762000e-05	5.646964e-03	-4.607946e+00
4.763000e-05	1.004585e-02	-4.503714e+00
4.764000e-05	1.470255e-02	-4.433159e+00
4.765000e-05	1.139653e-02	-4.399999e+00
4.766000e-05	5.057090e-03	-4.345920e+00
4.767000e-05	6.388243e-03	-4.264138e+00
4.768000e-05	1.126673e-02	-4.191600e+00
4.769000e-05	1.260098e-02	-4.186469e+00
4.770000e-05	6.196433e-03	-4.054760e+00
4.771000e-05	3.067202e-03	-4.012026e+00
4.772000e-05	6.292473e-03	-3.957473e+00
4.773000e-05	1.038333e-02	-3.856757e+00
4.774000e-05	8.128057e-03	-3.727441e+00
4.775000e-05	2.946259e-03	-3.624282e+00
4.776000e-05	2.958005e-03	-3.589499e+00
4.777000e-05	6.386212e-03	-3.517412e+00
4.778000e-05	7.927950e-03	-3.422578e+00
4.779000e-05	3.849580e-03	-3.338917e+00
4.780000e-05	4.043575e-04	-3.234736e+00
4.781000e-05	2.691613e-03	-3.190023e+00
4.782000e-05	5.055740e-03	-3.106841e+00
4.783000e-05	5.455550e-03	-3.050975e+00
4.784000e-05	3.603057e-04	-2.842714e+00
4.785000e-05	7.530599e-04	-2.800054e+00
4.786000e-05	2.633900e-03	-2.685742e+00
4.787000e-05	4.403739e-03	-2.610579e+00
4.788000e-05	1.629471e-03	-2.517819e+00
4.789000e-05	-1.144640e-04	-2.412580e+00
4.790000e-05	-4.748908e-04	-2.379522e+00
4.791000e-05	1.840393e-03	-2.253665e+00
4.792000e-05	9.069841e-04	-2.067388e+00
4.793000e-05	-1.059229e-03	-1.992078e+00
4.794000e-05	-3.234118e-03	-1.936895e+00
4.795000e-05	7.001002e-04	-1.823657e+00
4.796000e-05	2.067717e-03	-1.757996e+00
4.797000e-05	4.414526e-04	-1.663159e+00
4.798000e-05	-2.619652e-03	-1.559496e+00
4.799000e-05	-1.522347e-03	-1.423306e+00
4.800000e-05	2.132928e-04	-1.305313e+00
4.801000e-05	-1.384191e-03	-1.189104e+00
4.802000e-05	-4.386130e-03	-1.085264e+00
4.803000e-05	-3.928410e-03	-9.290235e-01
4.804000e-05	-1.052052e-03	-8.747091e-01
4.805000e-05	4.233406e-04	-7.495212e-01
4.806000e-05	-1.833195e-03	-6.663607e-01
4.807000e-05	-3.630952e-03	-5.293710e-01
4.808000e-05	-2.796208e-03	-4.125826e-01
4.809000e-05	-3.311974e-03	-3.179423e-01
4.810000e-05	-3.190129e-03	-2.436315e-01
4.811000e-05	-5.601656e-03	-1.179724e-01
4.812000e-05	-3.605236e-03	-3.273652e-02
4.813000e-05	-1.795980e-07	2.002763e-02
4.814000e-05	4.898754e-04	9.518703e-02
4.815000e-05	-1.234250e-03	3.015753e-01
4.816000e-05	-3.283175e-03	3.873926e-01
4.817000e-05	-3.305750e-03	4.521038e-01
4.818000e-05	-2.190724e-03	5.762409e-01
4.819000e-05	2.077625e-03	6.190014e-01
4.820000e-05	2.563242e-02	7.852910e-01
4.821000e-05	3.527390e-02	8.625829e-01
4.822000e-05	-3.399663e-02	1.048551e+00
4.823000e-05	-8.906960e-02	1.146895e+00
4.824000e-05	-2.808520e-02	1.200000e+00
4.825000e-05	1.091683e-01	1.275287e+00
4.826000e-05	-1.923933e-02	1.410974e+00
4.827000e-05	-1.139124e-01	1.555317e+00
4.828000e-05	8.520551e-02	1.664052e+00
4.829000e-05	1.445368e-02	1.809497e+00
4.830000e-05	-6.806513e-02	1.913682e+00
4.831000e-05	1.771398e-02	1.895215e+00
4.832000e-05	7.548549e-02	2.020024e+00
4.833000e-05	-1.517900e-01	2.196816e+00
4.834000e-05	5.120503e-03	2.200025e+00
4.835000e-05	1.328483e-01	2.282057e+00
4.836000e-05	-6.065184e-02	2.388369e+00
4.837000e-05	-8.101212e-02	2.473656e+00
4.838000e-05	5.036642e-02	2.588449e+00
4.839000e-05	-3.490803e-03	2.747161e+00
4.840000e-05	-7.508614e-03	2.808949e+00
4.841000e-05	1.070250e-02	2.853630e+00
4.842000e-05	-6.523725e-02	2.996919e+00
4.843000e-05	2.645157e-02	3.081604e+00
4.844000e-05	2.519551e-02	3.146786e+00
4.845000e-05	-1.767386e-02	3.188423e+00
4.846000e-05	-3.046623e-02	3.241506e+00
4.847000e-05	-9.076094e-03	3.368291e+00
4.848000e-05	-2.445662e-02	3.552106e+00
4.849000e-05	5.352002e-02	3.586924e+00
4.850000e-05	-1.470169e-02	3.631477e+00
4.851000e-05	-6.614806e-02	3.756267e+00
4.852000e-05	1.788092e-02	3.789975e+00
4.853000e-05	1.966191e-02	3.873081e+00
4.854000e-05	-4.832394e-03	3.947760e+00
4.855000e-05	-4.111182e-02	4.009945e+00
4.856000e-05	-1.380997e-02	4.052601e+00
4.857000e-05	-2.742491e-03	4.124711e+00
4.858000e-05	2.591917e-02	4.219993e+00
4.859000e-05	-1.748077e-02	4.397740e+00
4.860000e-05	-3.387762e-02	4.409499e+00
4.861000e-05	-1.236105e-02	4.473529e+00
4.862000e-05	1.218655e-02	4.494208e+00
4.863000e-05	7.362244e-03	4.588320e+00
4.864000e-05	-3.360591e-02	4.640003e+00
4.865000e-05	-2.252617e-02	4.693211e+00
4.866000e-05	-4.727367e-03	4.767790e+00
4.867000e-05	2.071106e-02	4.800449e+00
4.868000e-05	-1.718562e-02	4.850499e+00
4.869000e-05	-3.029043e-02	4.883690e+00
4.870000e-05	-1.560377e-02	4.998889e+00
4.871000e-05	4.984316e-03	5.091502e+00
4.872000e-05	3.832364e-03	5.134585e+00
4.873000e-05	-2.465185e-02	5.198392e+00
4.874000e-05	-2.584188e-02	5.209952e+00
4.875000e-05	-1.018378e-02	5.261553e+00
4.876000e-05	1.138072e-02	5.274706e+00
4.877000e-05	-1.194941e-02	5.285235e+00
4.878000e-05	-2.707780e-02	5.337891e+00
4.879000e-05	-2.090687e-02	5.428424e+00
4.880000e-05	1.904953e-03	5.401000e+00
4.881000e-05	1.019385e-03	5.411101e+00
4.882000e-05	-2.274527e-02	5.453132e+00
4.883000e-05	-2.598741e-02	5.505132e+00
4.884000e-05	-1.386067e-02	5.525811e+00
4.885000e-05	3.501197e-03	5.525346e+00
4.886000e-05	-1.138095e-02	5.588719e+00
4.887000e-05	-2.418230e-02	5.567391e+00
4.888000e-05	-2.272857e-02	5.599946e+00
4.889000e-05	-5.599527e-03	5.599999e+00
4.890000e-05	-2.947098e-03	5.589472e+00
4.891000e-05	-1.908409e-02	5.589999e+00
4.892000e-05	-2.812014e-02	5.599999e+00
4.893000e-05	-1.888937e-02	5.599975e+00
4.894000e-05	-1.584402e-03	5.599999e+00
4.895000e-05	-1.179539e-02	5.599477e+00
4.896000e-05	-2.300809e-02	5.608525e+00
4.897000e-05	-2.460858e-02	5.609499e+00
4.898000e-05	-1.039693e-02	5.589500e+00
4.899000e-05	-7.943344e-03	5.590947e+00
4.900000e-05	-1.925957e-02	5.599972e+00
4.901000e-05	-2.645822e-02	5.588397e+00
4.902000e-05	-2.119212e-02	5.558347e+00
4.903000e-05	-8.689899e-03	5.567367e+00
4.904000e-05	-1.255430e-02	5.537269e+00
4.905000e-05	-2.338661e-02	5.563862e+00
4.906000e-05	-2.639633e-02	5.486762e+00
4.907000e-05	-1.575695e-02	5.454133e+00
4.908000e-05	-9.742528e-03	5.452602e+00
4.909000e-05	-1.883907e-02	5.430525e+00
4.910000e-05	-2.545145e-02	5.380974e+00
4.911000e-05	-2.380282e-02	5.347845e+00
4.912000e-05	-1.230460e-02	5.296839e+00
4.913000e-05	-1.613946e-02	5.293134e+00
4.914000e-05	-2.248790e-02	5.204104e+00
4.915000e-05	-2.611446e-02	5.211425e+00
4.916000e-05	-1.796395e-02	5.179345e+00
4.917000e-05	-1.320889e-02	5.087765e+00
4.918000e-05	-1.765728e-02	5.070427e+00
4.919000e-05	-2.454035e-02	4.968374e+00
4.920000e-05	-2.363073e-02	4.913662e+00
4.921000e-05	-1.570465e-02	4.832483e+00
4.922000e-05	-1.502427e-02	4.808495e+00
4.923000e-05	-2.057868e-02	4.778466e+00
4.924000e-05	-2.317383e-02	4.705187e+00
4.925000e-05	-1.844790e-02	4.671527e+00
4.926000e-05	-1.261247e-02	4.588424e+00
4.927000e-05	-1.647484e-02	4.544340e+00
4.928000e-05	-2.123777e-02	4.453733e+00
4.929000e-05	-2.120276e-02	4.430576e+00
4.930000e-05	-1.543729e-02	4.348972e+00
4.931000e-05	-1.402137e-02	4.324791e+00
4.932000e-05	-1.833495e-02	4.240002e+00
4.933000e-05	-2.191488e-02	4.115760e+00
4.934000e-05	-1.644845e-02	4.002583e+00
4.935000e-05	-1.085022e-02	3.988474e+00
4.936000e-05	-1.298421e-02	3.854238e+00
4.937000e-05	-1.748736e-02	3.854133e+00
4.938000e-05	-1.831189e-02	3.787945e+00
4.939000e-05	-1.276823e-02	3.674684e+00
4.940000e-05	-1.076368e-02	3.621477e+00
4.941000e-05	-1.408233e-02	3.569472e+00
4.942000e-05	-1.760262e-02	3.465207e+00
4.943000e-05	-1.347293e-02	3.319045e+00
4.944000e-05	-9.077092e-03	3.244082e+00
4.945000e-05	-9.263099e-03	3.179921e+00
4.946000e-05	-1.340153e-02	3.107712e+00
4.947000e-05	-1.461732e-02	3.020504e+00
4.948000e-05	-1.070815e-02	2.948869e+00
4.949000e-05	-8.593515e-03	2.844106e+00
4.950000e-05	-9.581652e-03	2.789447e+00
4.951000e-05	-1.261810e-02	2.735814e+00
4.952000e-05	-1.214849e-02	2.549949e+00
4.953000e-05	-9.121351e-03	2.473705e+00
4.954000e-05	-7.036137e-03	2.377974e+00
4.955000e-05	-8.177910e-03	2.244158e+00
4.956000e-05	-1.100768e-02	2.169922e+00
4.957000e-05	-9.968645e-03	2.095187e+00
4.958000e-05	-6.651446e-03	2.000526e+00
4.959000e-05	-6.452573e-03	1.936841e+00
4.960000e-05	-9.472554e-03	1.813605e+00
4.961000e-05	-1.040073e-02	1.707763e+00
4.962000e-05	-7.263153e-03	1.644053e+00
4.963000e-05	-5.377960e-03	1.454734e+00
4.964000e-05	-6.066643e-03	1.370024e+00
4.965000e-05	-8.875702e-03	1.266715e+00
4.966000e-05	-7.801998e-03	1.159474e+00
4.967000e-05	-5.762413e-03	1.074662e+00
4.968000e-05	-4.442593e-03	8.877908e-01
4.969000e-05	-6.712567e-03	8.004999e-01
4.970000e-05	-7.640421e-03	6.872932e-01
4.971000e-05	-6.094164e-03	6.030288e-01
4.972000e-05	-3.889075e-03	5.062681e-01
4.973000e-05	-4.791367e-03	4.016026e-01
4.974000e-05	-5.975624e-03	3.298460e-01
4.975000e-05	-6.289614e-03	1.814502e-01
4.976000e-05	-4.004203e-03	6.418559e-02
4.977000e-05	-2.472048e-03	-2.904902e-02
4.978000e-05	-2.961099e-03	-8.478686e-02
4.979000e-05	-1.525779e-03	-2.289989e-01
4.980000e-05	-1.891330e-03	-3.137382e-01
4.981000e-05	-3.273544e-03	-3.874999e-01
4.982000e-05	-2.080019e-03	-4.325817e-01
4.983000e-05	-2.507385e-03	-5.380197e-01
4.984000e-05	-1.935185e-03	-7.527907e-01
4.985000e-05	8.778861e-03	-7.780201e-01
4.986000e-05	4.838792e-02	-8.726081e-01
4.987000e-05	1.314409e-02	-1.049500e+00
4.988000e-05	-6.841101e-02	-1.241579e+00
4.989000e-05	-8.409780e-02	-1.395448e+00
4.990000e-05	8.518482e-02	-1.305293e+00
4.991000e-05	3.693244e-02	-1.357869e+00
4.992000e-05	-5.081042e-02	-1.575425e+00
4.993000e-05	-5.501163e-02	-1.775292e+00
4.994000e-05	1.164771e-01	-1.726813e+00
4.995000e-05	-8.751974e-02	-1.808996e+00
4.996000e-05	-3.450075e-02	-2.007921e+00
4.997000e-05	1.181105e-01	-2.031080e+00
4.998000e-05	-6.338733e-02	-2.103133e+00
4.999000e-05	-1.355952e-01	-2.341708e+00
