# 260612_13:13:15.622451
t	CH1	CH2
0.000000e+00	-3.973902e-04	-3.588673e-01
1.000000e-08	-5.308407e-04	-4.115529e-01
2.000000e-08	-7.234125e-04	-5.583461e-01
3.000000e-08	-4.304201e-03	-6.952685e-01
4.000000e-08	-7.423488e-04	-8.099988e-01
5.000000e-08	1.885424e-02	-8.647843e-01
6.000000e-08	4.810226e-02	-9.710477e-01
7.000000e-08	-1.334271e-02	-1.181495e+00
8.000000e-08	-6.559106e-02	-1.423654e+00
9.000000e-08	-5.308336e-02	-1.556346e+00
1.000000e-07	6.245092e-02	-1.465288e+00
1.100000e-07	5.140576e-02	-1.550576e+00
1.200000e-07	-1.197126e-01	-1.769619e+00
1.300000e-07	4.748908e-02	-1.840581e+00
1.400000e-07	1.472889e-02	-1.864658e+00
1.500000e-07	-5.476497e-02	-2.023658e+00
1.600000e-07	2.311221e-02	-2.202653e+00
1.700000e-07	6.282204e-02	-2.316159e+00
1.800000e-07	-9.475957e-02	-2.359498e+00
1.900000e-07	-1.527441e-02	-2.495336e+00
2.000000e-07	1.043326e-01	-2.571924e+00
2.100000e-07	-2.146315e-02	-2.715362e+00
2.200000e-07	-5.865608e-02	-2.759449e+00
2.300000e-07	3.179261e-02	-2.813183e+00
2.400000e-07	-9.352139e-03	-3.054733e+00
2.500000e-07	2.777018e-02	-3.177819e+00
2.600000e-07	6.278829e-03	-3.210553e+00
2.700000e-07	-7.048335e-02	-3.346866e+00
2.800000e-07	4.628784e-02	-3.421529e+00
2.900000e-07	2.797636e-02	-3.476736e+00
3.000000e-07	-2.248706e-02	-3.568500e+00
3.100000e-07	1.169922e-02	-3.642603e+00
3.200000e-07	-1.873856e-02	-3.721446e+00
3.300000e-07	-1.699622e-02	-3.927292e+00
3.400000e-07	6.237810e-02	-4.001025e+00
3.500000e-07	-3.325875e-03	-4.083737e+00
3.600000e-07	-3.836997e-02	-4.128473e+00
3.700000e-07	1.265374e-02	-4.213106e+00
3.800000e-07	1.087008e-02	-4.325869e+00
3.900000e-07	2.212998e-02	-4.398999e+00
4.000000e-07	-2.348480e-02	-4.411158e+00
4.100000e-07	-1.500357e-02	-4.505911e+00
4.200000e-07	2.073163e-02	-4.631479e+00
4.300000e-07	2.161357e-02	-4.684836e+00
4.400000e-07	1.448430e-02	-4.726891e+00
4.500000e-07	-2.192720e-02	-4.801602e+00
4.600000e-07	-3.789828e-03	-4.927446e+00
4.700000e-07	1.706640e-02	-5.010049e+00
4.800000e-07	1.214165e-02	-5.014207e+00
4.900000e-07	-5.380883e-03	-5.147320e+00
5.000000e-07	-9.542902e-03	-5.170970e+00
5.100000e-07	7.358775e-03	-5.275208e+00
5.200000e-07	3.178172e-02	-5.318470e+00
5.300000e-07	5.810564e-03	-5.445256e+00
5.400000e-07	-1.161966e-02	-5.527447e+00
5.500000e-07	-2.393284e-03	-5.599496e+00
5.600000e-07	7.142889e-03	-5.610053e+00
5.700000e-07	2.220663e-02	-5.672607e+00
5.800000e-07	-3.768803e-03	-5.694338e+00
5.900000e-07	-4.102830e-03	-5.729442e+00
6.000000e-07	6.540482e-03	-5.809500e+00
6.100000e-07	2.188690e-02	-5.861604e+00
6.200000e-07	1.542532e-02	-5.833257e+00
6.300000e-07	-8.930934e-03	-5.915838e+00
6.400000e-07	-2.008674e-03	-5.958394e+00
6.500000e-07	1.300878e-02	-5.948997e+00
6.600000e-07	1.968135e-02	-6.000025e+00
6.700000e-07	2.948578e-03	-6.000025e+00
6.800000e-07	-4.779848e-03	-6.040180e+00
6.900000e-07	6.191476e-03	-6.061107e+00
7.000000e-07	2.003113e-02	-6.093686e+00
7.100000e-07	1.405138e-02	-6.155840e+00
7.200000e-07	1.134546e-03	-6.096422e+00
7.300000e-07	7.845806e-04	-6.138495e+00
7.400000e-07	1.251434e-02	-6.202546e+00
7.500000e-07	2.032479e-02	-6.276111e+00
7.600000e-07	7.499710e-03	-6.201133e+00
7.700000e-07	-5.220181e-04	-6.242130e+00
7.800000e-07	5.117352e-03	-6.244158e+00
7.900000e-07	1.893801e-02	-6.293211e+00
8.000000e-07	1.626631e-02	-6.301783e+00
8.100000e-07	5.300197e-03	-6.243254e+00
8.200000e-07	4.402622e-03	-6.234733e+00
8.300000e-07	1.335068e-02	-6.273156e+00
8.400000e-07	1.962306e-02	-6.232608e+00
8.500000e-07	1.032212e-02	-6.229557e+00
8.600000e-07	3.397332e-03	-6.217102e+00
8.700000e-07	8.383463e-03	-6.190524e+00
8.800000e-07	1.759035e-02	-6.128870e+00
8.900000e-07	1.870733e-02	-6.105345e+00
9.000000e-07	9.126716e-03	-6.084238e+00
9.100000e-07	7.283199e-03	-6.043162e+00
9.200000e-07	1.427850e-02	-6.011180e+00
9.300000e-07	2.110037e-02	-6.032028e+00
9.400000e-07	1.483221e-02	-6.000027e+00
9.500000e-07	8.389514e-03	-5.999425e+00
9.600000e-07	9.410294e-03	-5.989473e+00
9.700000e-07	1.697850e-02	-5.936346e+00
9.800000e-07	1.848005e-02	-5.896791e+00
9.900000e-07	1.165259e-02	-5.862632e+00
1.000000e-06	9.693659e-03	-5.851079e+00
1.010000e-06	1.388756e-02	-5.779048e+00
1.020000e-06	2.060767e-02	-5.775818e+00
1.030000e-06	1.594173e-02	-5.625287e+00
1.040000e-06	1.040355e-02	-5.620053e+00
1.050000e-06	8.748129e-03	-5.590526e+00
1.060000e-06	1.558129e-02	-5.577446e+00
1.070000e-06	1.774591e-02	-5.553742e+00
1.080000e-06	1.240387e-02	-5.452056e+00
1.090000e-06	9.820141e-03	-5.295886e+00
1.100000e-06	1.269373e-02	-5.261134e+00
1.110000e-06	1.785459e-02	-5.180027e+00
1.120000e-06	1.376052e-02	-5.106262e+00
1.130000e-06	8.754622e-03	-5.051132e+00
1.140000e-06	6.663836e-03	-4.969997e+00
1.150000e-06	1.161478e-02	-4.864689e+00
1.160000e-06	1.337942e-02	-4.807821e+00
1.170000e-06	1.053044e-02	-4.632734e+00
1.180000e-06	6.358577e-03	-4.630580e+00
1.190000e-06	1.027868e-02	-4.576898e+00
1.200000e-06	1.271337e-02	-4.524683e+00
1.210000e-06	1.043146e-02	-4.401103e+00
1.220000e-06	5.937305e-03	-4.368446e+00
1.230000e-06	4.094839e-03	-4.324164e+00
1.240000e-06	7.961297e-03	-4.201028e+00
1.250000e-06	9.145238e-03	-4.106840e+00
1.260000e-06	5.842799e-03	-4.031155e+00
1.270000e-06	3.147752e-03	-3.969476e+00
1.280000e-06	5.275745e-03	-3.915363e+00
1.290000e-06	7.664399e-03	-3.756974e+00
1.300000e-06	6.886273e-03	-3.651108e+00
1.310000e-06	1.822696e-03	-3.557495e+00
1.320000e-06	1.331544e-03	-3.493237e+00
1.330000e-06	3.562717e-03	-3.408974e+00
1.340000e-06	5.234204e-03	-3.284238e+00
1.350000e-06	3.424276e-03	-3.191049e+00
1.360000e-06	1.915865e-03	-3.116814e+00
1.370000e-06	1.227302e-03	-2.999020e+00
1.380000e-06	3.608715e-03	-2.852654e+00
1.390000e-06	1.224421e-03	-2.789470e+00
1.400000e-06	8.206875e-04	-2.704188e+00
1.410000e-06	-8.063365e-04	-2.577447e+00
1.420000e-06	1.829659e-03	-2.471135e+00
1.430000e-06	2.109048e-03	-2.408925e+00
1.440000e-06	1.061669e-03	-2.303731e+00
1.450000e-06	-1.925950e-03	-2.156768e+00
1.460000e-06	-1.974644e-03	-2.051053e+00
1.470000e-06	-1.498598e-04	-1.946864e+00
1.480000e-06	1.020579e-04	-1.861578e+00
1.490000e-06	-1.041270e-03	-1.704712e+00
1.500000e-06	-1.857967e-03	-1.640579e+00
1.510000e-06	-6.064924e-04	-1.535292e+00
1.520000e-06	-1.023508e-03	-1.347824e+00
1.530000e-06	-1.607543e-03	-1.240525e+00
1.540000e-06	-4.861041e-03	-1.114189e+00
1.550000e-06	-3.785932e-03	-9.989759e-01
1.560000e-06	-2.964564e-03	-8.827116e-01
1.570000e-06	-1.299543e-03	-7.879962e-01
1.580000e-06	-3.090459e-03	-7.142363e-01
1.590000e-06	-3.682198e-03	-5.153115e-01
1.600000e-06	-3.220254e-03	-4.399765e-01
1.610000e-06	-3.178860e-03	-3.148118e-01
1.620000e-06	-3.568100e-03	-2.404510e-01
1.630000e-06	-4.020490e-03	-8.276153e-02
1.640000e-06	-2.685125e-03	-1.954999e-02
1.650000e-06	-5.567316e-04	9.625941e-02
1.660000e-06	2.312986e-04	2.221556e-01
1.670000e-06	-2.360896e-03	3.598724e-01
1.680000e-06	-2.843880e-03	4.326292e-01
1.690000e-06	-4.019017e-03	5.358174e-01
1.700000e-06	-1.423166e-03	6.236067e-01
1.710000e-06	6.497518e-03	7.368700e-01
1.720000e-06	3.573099e-02	8.636820e-01
1.730000e-06	1.676001e-02	1.025211e+00
1.740000e-06	-3.202935e-02	1.159978e+00
1.750000e-06	-9.858911e-02	1.317865e+00
1.760000e-06	9.943156e-03	1.409048e+00
1.770000e-06	5.854143e-02	1.527863e+00
1.780000e-06	-3.915161e-03	1.654783e+00
1.790000e-06	-1.039990e-01	1.769370e+00
1.800000e-06	6.984319e-02	1.832103e+00
1.810000e-06	-6.755653e-03	1.948949e+00
1.820000e-06	-7.006200e-02	2.030601e+00
1.830000e-06	7.985167e-02	2.065783e+00
1.840000e-06	-1.860020e-02	2.273135e+00
1.850000e-06	-1.009283e-01	2.369949e+00
1.860000e-06	4.039619e-02	2.410999e+00
1.870000e-06	6.621626e-02	2.496868e+00
1.880000e-06	-6.102442e-02	2.705863e+00
1.890000e-06	-1.628252e-02	2.810025e+00
1.900000e-06	-7.368080e-03	2.866788e+00
1.910000e-06	1.001767e-02	2.978946e+00
1.920000e-06	1.533983e-02	3.093207e+00
1.930000e-06	-2.701413e-02	3.160423e+00
1.940000e-06	-3.767314e-02	3.242129e+00
1.950000e-06	2.730312e-02	3.376849e+00
1.960000e-06	8.758497e-03	3.502715e+00
1.970000e-06	-1.967103e-02	3.569924e+00
1.980000e-06	-7.477348e-03	3.624738e+00
1.990000e-06	-4.404227e-02	3.729873e+00
2.000000e-06	2.010963e-02	3.874181e+00
2.010000e-06	2.073864e-02	3.907420e+00
2.020000e-06	-1.633255e-02	3.999601e+00
2.030000e-06	-4.361196e-02	4.044132e+00
2.040000e-06	8.830056e-03	4.210020e+00
2.050000e-06	1.679390e-02	4.305165e+00
2.060000e-06	-1.291127e-02	4.369975e+00
2.070000e-06	-2.677175e-02	4.424106e+00
2.080000e-06	-2.750412e-02	4.518367e+00
2.090000e-06	1.348956e-02	4.590574e+00
2.100000e-06	5.739440e-03	4.674738e+00
2.110000e-06	-8.424513e-03	4.737371e+00
2.120000e-06	-3.753482e-02	4.801524e+00
2.130000e-06	-3.815777e-03	4.864182e+00
2.140000e-06	8.255048e-03	4.960980e+00
2.150000e-06	-1.967923e-03	5.075341e+00
2.160000e-06	-2.511033e-02	5.130473e+00
2.170000e-06	-2.904164e-02	5.242631e+00
2.180000e-06	5.952222e-03	5.294790e+00
2.190000e-06	3.066817e-03	5.348970e+00
2.200000e-06	-1.030423e-02	5.401604e+00
2.210000e-06	-3.298074e-02	5.455213e+00
2.220000e-06	-9.983581e-03	5.465871e+00
2.230000e-06	2.382904e-03	5.578897e+00
2.240000e-06	-1.374926e-03	5.609526e+00
2.250000e-06	-2.412385e-02	5.603026e+00
2.260000e-06	-2.756275e-02	5.631682e+00
2.270000e-06	-3.605684e-03	5.726891e+00
2.280000e-06	1.046818e-03	5.730045e+00
2.290000e-06	-9.948299e-03	5.833153e+00
2.300000e-06	-3.116634e-02	5.886310e+00
2.310000e-06	-1.459599e-02	5.948921e+00
2.320000e-06	-1.054677e-03	5.989499e+00
2.330000e-06	-3.249736e-03	5.990025e+00
2.340000e-06	-2.317161e-02	6.020526e+00
2.350000e-06	-2.640757e-02	6.040028e+00
2.360000e-06	-1.013492e-02	6.023234e+00
2.370000e-06	-4.419368e-03	6.043658e+00
2.380000e-06	-1.241357e-02	6.083261e+00
2.390000e-06	-2.790870e-02	6.094816e+00
2.400000e-06	-1.797331e-02	6.145842e+00
2.410000e-06	-8.003208e-03	6.147794e+00
2.420000e-06	-4.756956e-03	6.147920e+00
2.430000e-06	-2.136339e-02	6.197445e+00
2.440000e-06	-2.842741e-02	6.148420e+00
2.450000e-06	-1.531660e-02	6.167449e+00
2.460000e-06	-7.073235e-03	6.157498e+00
2.470000e-06	-1.237557e-02	6.157891e+00
2.480000e-06	-2.653208e-02	6.157373e+00
2.490000e-06	-2.213792e-02	6.167345e+00
2.500000e-06	-1.319585e-02	6.186846e+00
2.510000e-06	-9.462300e-03	6.116944e+00
2.520000e-06	-2.185279e-02	6.116819e+00
2.530000e-06	-2.732944e-02	6.104264e+00
2.540000e-06	-2.009281e-02	6.084715e+00
2.550000e-06	-1.105456e-02	6.112659e+00
2.560000e-06	-1.426954e-02	6.052082e+00
2.570000e-06	-2.655257e-02	6.031106e+00
2.580000e-06	-2.605209e-02	5.990504e+00
2.590000e-06	-1.838142e-02	6.020024e+00
2.600000e-06	-1.205871e-02	5.980025e+00
2.610000e-06	-2.080799e-02	5.977496e+00
2.620000e-06	-2.734128e-02	5.917821e+00
2.630000e-06	-2.339717e-02	5.864159e+00
2.640000e-06	-1.527474e-02	5.820051e+00
2.650000e-06	-1.635821e-02	5.746291e+00
2.660000e-06	-2.542141e-02	5.674184e+00
2.670000e-06	-2.677189e-02	5.641629e+00
2.680000e-06	-2.119748e-02	5.629525e+00
2.690000e-06	-1.460491e-02	5.598922e+00
2.700000e-06	-2.043988e-02	5.547343e+00
2.710000e-06	-2.621258e-02	5.482209e+00
2.720000e-06	-2.367895e-02	5.421604e+00
2.730000e-06	-1.651493e-02	5.398497e+00
2.740000e-06	-1.636630e-02	5.326816e+00
2.750000e-06	-2.269389e-02	5.234686e+00
2.760000e-06	-2.593915e-02	5.229053e+00
2.770000e-06	-1.957510e-02	5.166939e+00
2.780000e-06	-1.415218e-02	5.021553e+00
2.790000e-06	-1.734726e-02	4.854239e+00
2.800000e-06	-2.348277e-02	4.820655e+00
2.810000e-06	-2.211678e-02	4.769999e+00
2.820000e-06	-1.637220e-02	4.695365e+00
2.830000e-06	-1.354943e-02	4.672181e+00
2.840000e-06	-1.908923e-02	4.600523e+00
2.850000e-06	-2.123985e-02	4.473710e+00
2.860000e-06	-1.779011e-02	4.421575e+00
2.870000e-06	-1.246270e-02	4.368948e+00
2.880000e-06	-1.305273e-02	4.304718e+00
2.890000e-06	-1.833137e-02	4.140049e+00
2.900000e-06	-1.820962e-02	4.062158e+00
2.910000e-06	-1.398488e-02	3.999572e+00
2.920000e-06	-9.951344e-03	3.924716e+00
2.930000e-06	-1.406509e-02	3.830577e+00
2.940000e-06	-1.725487e-02	3.757867e+00
2.950000e-06	-1.558221e-02	3.642133e+00
2.960000e-06	-8.738908e-03	3.590000e+00
2.970000e-06	-9.689227e-03	3.495312e+00
2.980000e-06	-1.308192e-02	3.377873e+00
2.990000e-06	-1.539296e-02	3.250685e+00
3.000000e-06	-1.089554e-02	3.168374e+00
3.010000e-06	-7.430986e-03	3.091761e+00
3.020000e-06	-9.748451e-03	3.000475e+00
3.030000e-06	-1.330603e-02	2.873239e+00
3.040000e-06	-1.154551e-02	2.821049e+00
3.050000e-06	-6.313136e-03	2.707287e+00
3.060000e-06	-6.548033e-03	2.577872e+00
3.070000e-06	-9.155493e-03	2.453103e+00
3.080000e-06	-1.180516e-02	2.336346e+00
3.090000e-06	-7.924892e-03	2.250654e+00
3.100000e-06	-5.324471e-03	2.166392e+00
3.110000e-06	-7.243631e-03	2.082108e+00
3.120000e-06	-9.938636e-03	1.998947e+00
3.130000e-06	-9.781855e-03	1.851612e+00
3.140000e-06	-5.040467e-03	1.726365e+00
3.150000e-06	-4.589335e-03	1.611102e+00
3.160000e-06	-7.819424e-03	1.527187e+00
3.170000e-06	-8.781252e-03	1.368920e+00
3.180000e-06	-6.629868e-03	1.262109e+00
3.190000e-06	-3.880687e-03	1.146922e+00
3.200000e-06	-4.638898e-03	9.895296e-01
3.210000e-06	-7.398623e-03	8.711313e-01
3.220000e-06	-7.242268e-03	7.674171e-01
3.230000e-06	-4.708884e-03	6.526040e-01
3.240000e-06	-2.731855e-03	5.468194e-01
3.250000e-06	-4.078099e-03	4.415550e-01
3.260000e-06	-6.540778e-03	3.673184e-01
3.270000e-06	-5.785492e-03	2.690023e-01
3.280000e-06	-2.299176e-03	8.111015e-02
3.290000e-06	-3.076645e-03	-3.420796e-02
3.300000e-06	-3.624089e-03	-1.377924e-01
3.310000e-06	-2.401509e-03	-2.031591e-01
3.320000e-06	-1.136862e-03	-3.468884e-01
3.330000e-06	4.057341e-04	-4.111001e-01
3.340000e-06	-1.355447e-03	-4.888149e-01
3.350000e-06	-3.837382e-03	-6.942134e-01
3.360000e-06	-2.370825e-03	-7.795262e-01
3.370000e-06	1.563014e-02	-8.527080e-01
3.380000e-06	5.142365e-02	-9.699226e-01
3.390000e-06	-8.870928e-03	-1.140970e+00
3.400000e-06	-5.655289e-02	-1.371598e+00
3.410000e-06	-7.544303e-02	-1.546342e+00
3.420000e-06	6.823419e-02	-1.555739e+00
3.430000e-06	5.117192e-02	-1.529965e+00
3.440000e-06	-1.095123e-01	-1.730470e+00
3.450000e-06	3.899029e-02	-1.831605e+00
3.460000e-06	1.764556e-02	-1.852183e+00
3.470000e-06	-4.245126e-02	-1.972125e+00
3.480000e-06	-1.268853e-03	-2.241530e+00
3.490000e-06	7.873444e-02	-2.311079e+00
3.500000e-06	-8.209950e-02	-2.378923e+00
3.510000e-06	-4.270688e-02	-2.494766e+00
3.520000e-06	1.076297e-01	-2.569998e+00
3.530000e-06	-4.171954e-03	-2.705765e+00
3.540000e-06	-7.141941e-02	-2.769475e+00
3.550000e-06	3.442725e-02	-2.831676e+00
3.560000e-06	-7.957829e-03	-2.981653e+00
3.570000e-06	2.307574e-02	-3.149368e+00
3.580000e-06	1.433478e-02	-3.221551e+00
3.590000e-06	-6.921984e-02	-3.307816e+00
3.600000e-06	3.098263e-02	-3.409529e+00
3.610000e-06	4.112157e-02	-3.475285e+00
3.620000e-06	-2.331455e-02	-3.559423e+00
3.630000e-06	9.411719e-03	-3.622105e+00
3.640000e-06	-9.013538e-03	-3.746349e+00
3.650000e-06	-2.954588e-02	-3.904866e+00
3.660000e-06	6.176461e-02	-3.990501e+00
3.670000e-06	3.635460e-03	-4.073708e+00
3.680000e-06	-4.017693e-02	-4.148369e+00
3.690000e-06	1.008521e-02	-4.213104e+00
3.700000e-06	1.174164e-02	-4.326865e+00
3.710000e-06	2.654380e-02	-4.379424e+00
3.720000e-06	-1.855752e-02	-4.441054e+00
3.730000e-06	-1.870216e-02	-4.504238e+00
3.740000e-06	1.466170e-02	-4.571652e+00
3.750000e-06	2.078433e-02	-4.676217e+00
3.760000e-06	1.313936e-02	-4.726466e+00
3.770000e-06	-1.807358e-02	-4.832629e+00
3.780000e-06	-8.084277e-03	-4.907894e+00
3.790000e-06	1.845297e-02	-4.991576e+00
3.800000e-06	1.697813e-02	-5.064663e+00
3.810000e-06	-4.599363e-03	-5.125889e+00
3.820000e-06	-8.496312e-03	-5.198998e+00
3.830000e-06	1.493240e-04	-5.224661e+00
3.840000e-06	3.115878e-02	-5.296289e+00
3.850000e-06	7.581510e-03	-5.464658e+00
3.860000e-06	-1.062816e-02	-5.538443e+00
3.870000e-06	-2.318816e-03	-5.559999e+00
3.880000e-06	7.445043e-03	-5.610052e+00
3.890000e-06	2.378224e-02	-5.652130e+00
3.900000e-06	-1.489996e-03	-5.684163e+00
3.910000e-06	-6.863157e-03	-5.748872e+00
3.920000e-06	1.786080e-03	-5.790500e+00
3.930000e-06	1.972516e-02	-5.811154e+00
3.940000e-06	1.636263e-02	-5.855731e+00
3.950000e-06	-6.197193e-03	-5.866391e+00
3.960000e-06	-3.434063e-03	-5.948370e+00
3.970000e-06	1.285296e-02	-5.989496e+00
3.980000e-06	2.050613e-02	-6.009549e+00
3.990000e-06	5.595498e-03	-6.001501e+00
4.000000e-06	-4.294772e-03	-6.030604e+00
4.010000e-06	3.115709e-03	-6.034204e+00
4.020000e-06	1.872254e-02	-6.043709e+00
4.030000e-06	1.381464e-02	-6.115361e+00
4.040000e-06	2.568715e-03	-6.135468e+00
4.050000e-06	-3.701888e-04	-6.169470e+00
4.060000e-06	1.063465e-02	-6.189522e+00
4.070000e-06	2.016720e-02	-6.231553e+00
4.080000e-06	9.626801e-03	-6.270129e+00
4.090000e-06	1.081639e-03	-6.221778e+00
4.100000e-06	2.607044e-03	-6.243282e+00
4.110000e-06	1.748188e-02	-6.272712e+00
4.120000e-06	1.760993e-02	-6.263711e+00
4.130000e-06	7.502566e-03	-6.283758e+00
4.140000e-06	2.570385e-03	-6.245333e+00
4.150000e-06	1.127193e-02	-6.293184e+00
4.160000e-06	2.004326e-02	-6.192755e+00
4.170000e-06	1.342181e-02	-6.170128e+00
4.180000e-06	4.794764e-03	-6.161508e+00
4.190000e-06	5.932418e-03	-6.149724e+00
4.200000e-06	1.685048e-02	-6.117899e+00
4.210000e-06	1.865898e-02	-6.134941e+00
4.220000e-06	1.137474e-02	-6.085613e+00
4.230000e-06	4.970167e-03	-6.042685e+00
4.240000e-06	1.230967e-02	-6.024130e+00
4.250000e-06	1.947421e-02	-6.011104e+00
4.260000e-06	1.650670e-02	-6.010026e+00
4.270000e-06	8.663096e-03	-5.999923e+00
4.280000e-06	8.674524e-03	-5.999972e+00
4.290000e-06	1.657066e-02	-5.947420e+00
4.300000e-06	2.097186e-02	-5.884691e+00
4.310000e-06	1.394312e-02	-5.882705e+00
4.320000e-06	7.473564e-03	-5.830123e+00
4.330000e-06	1.241351e-02	-5.788997e+00
4.340000e-06	1.991180e-02	-5.727441e+00
4.350000e-06	1.849511e-02	-5.665211e+00
4.360000e-06	1.091037e-02	-5.641631e+00
4.370000e-06	8.063895e-03	-5.610075e+00
4.380000e-06	1.493928e-02	-5.548447e+00
4.390000e-06	1.893536e-02	-5.514815e+00
4.400000e-06	1.400523e-02	-5.380051e+00
4.410000e-06	8.304061e-03	-5.326808e+00
4.420000e-06	1.049634e-02	-5.241630e+00
4.430000e-06	1.718413e-02	-5.170975e+00
4.440000e-06	1.651051e-02	-5.095916e+00
4.450000e-06	1.050357e-02	-5.051128e+00
4.460000e-06	6.243720e-03	-4.991050e+00
4.470000e-06	1.225309e-02	-4.853665e+00
4.480000e-06	1.525598e-02	-4.759023e+00
4.490000e-06	1.239726e-02	-4.683634e+00
4.500000e-06	4.747556e-03	-4.651179e+00
4.510000e-06	5.929902e-03	-4.546947e+00
4.520000e-06	1.219713e-02	-4.465761e+00
4.530000e-06	1.326273e-02	-4.430601e+00
4.540000e-06	6.957804e-03	-4.397946e+00
4.550000e-06	3.370599e-03	-4.285834e+00
4.560000e-06	7.026835e-03	-4.220007e+00
4.570000e-06	1.072710e-02	-4.146843e+00
4.580000e-06	7.723122e-03	-4.061655e+00
4.590000e-06	3.110537e-03	-3.999500e+00
4.600000e-06	2.501734e-03	-3.885212e+00
4.610000e-06	6.827341e-03	-3.740023e+00
4.620000e-06	8.992126e-03	-3.682630e+00
4.630000e-06	4.207472e-03	-3.597951e+00
4.640000e-06	2.382896e-04	-3.525735e+00
4.650000e-06	3.129363e-03	-3.430026e+00
4.660000e-06	5.907823e-03	-3.283714e+00
4.670000e-06	5.351282e-03	-3.241076e+00
4.680000e-06	-4.393538e-04	-3.167343e+00
4.690000e-06	-1.149925e-03	-3.038630e+00
4.700000e-06	2.611841e-03	-2.873185e+00
4.710000e-06	4.383524e-03	-2.788972e+00
4.720000e-06	2.065076e-03	-2.733236e+00
4.730000e-06	-2.110086e-03	-2.569496e+00
4.740000e-06	7.195675e-04	-2.461657e+00
4.750000e-06	2.199434e-03	-2.390524e+00
4.760000e-06	2.338830e-03	-2.294289e+00
4.770000e-06	-2.964669e-03	-2.117266e+00
4.780000e-06	-3.620278e-03	-2.062554e+00
4.790000e-06	-6.748726e-04	-1.896313e+00
4.800000e-06	1.850521e-03	-1.850078e+00
4.810000e-06	-6.578409e-04	-1.775293e+00
4.820000e-06	-2.905535e-03	-1.610580e+00
4.830000e-06	-2.113014e-03	-1.554411e+00
4.840000e-06	-1.377254e-04	-1.427845e+00
4.850000e-06	-8.905297e-04	-1.221127e+00
4.860000e-06	-5.273220e-03	-1.115793e+00
4.870000e-06	-5.380111e-03	-1.020502e+00
4.880000e-06	-3.417730e-03	-8.952352e-01
4.890000e-06	2.321570e-04	-8.095724e-01
4.900000e-06	-1.634876e-03	-7.037402e-01
4.910000e-06	-3.463796e-03	-5.353667e-01
4.920000e-06	-4.289485e-03	-4.205763e-01
4.930000e-06	-2.623085e-03	-3.347615e-01
4.940000e-06	-2.683655e-03	-1.994999e-01
4.950000e-06	-4.382466e-03	-9.571284e-02
4.960000e-06	-3.763113e-03	8.446309e-03
4.970000e-06	-1.480202e-03	7.378841e-02
4.980000e-06	7.985554e-04	2.120478e-01
4.990000e-06	-1.093054e-03	3.683949e-01
5.000000e-06	-2.835578e-03	4.211290e-01
5.010000e-06	-4.399524e-03	5.468449e-01
5.020000e-06	-3.119118e-03	6.525542e-01
5.030000e-06	6.304190e-03	7.468949e-01
5.040000e-06	3.248975e-02	8.345794e-01
5.050000e-06	2.237575e-02	1.012102e+00
5.060000e-06	-2.914170e-02	1.171605e+00
5.070000e-06	-9.294255e-02	1.305241e+00
5.080000e-06	-6.726962e-03	1.369446e+00
5.090000e-06	6.588893e-02	1.475684e+00
5.100000e-06	9.263739e-03	1.614736e+00
5.110000e-06	-1.191969e-01	1.777897e+00
5.120000e-06	6.610517e-02	1.843153e+00
5.130000e-06	1.226280e-05	1.948923e+00
5.140000e-06	-6.491809e-02	2.001083e+00
5.150000e-06	6.379748e-02	2.085262e+00
5.160000e-06	-3.065733e-04	2.193532e+00
5.170000e-06	-1.009684e-01	2.358921e+00
5.180000e-06	2.354878e-02	2.391078e+00
5.190000e-06	7.562323e-02	2.508411e+00
5.200000e-06	-5.150011e-02	2.655293e+00
5.210000e-06	-2.674056e-02	2.770024e+00
5.220000e-06	-5.666507e-03	2.894241e+00
5.230000e-06	1.049505e-02	2.957997e+00
5.240000e-06	1.182130e-02	3.043711e+00
5.250000e-06	-1.620873e-02	3.148422e+00
5.260000e-06	-4.570987e-02	3.233625e+00
5.270000e-06	2.718958e-02	3.327942e+00
5.280000e-06	8.513822e-03	3.454635e+00
5.290000e-06	-1.715311e-02	3.569449e+00
5.300000e-06	-1.001138e-02	3.624607e+00
5.310000e-06	-4.218348e-02	3.739442e+00
5.320000e-06	1.125245e-02	3.792109e+00
5.330000e-06	2.328522e-02	3.896835e+00
5.340000e-06	-7.934248e-03	3.970025e+00
5.350000e-06	-4.819744e-02	4.064283e+00
5.360000e-06	8.477288e-03	4.158495e+00
5.370000e-06	1.441930e-02	4.263286e+00
5.380000e-06	-7.306210e-03	4.379949e+00
5.390000e-06	-2.910945e-02	4.452708e+00
5.400000e-06	-2.715431e-02	4.526842e+00
5.410000e-06	9.302855e-03	4.549425e+00
5.420000e-06	8.091291e-03	4.642208e+00
5.430000e-06	-4.280620e-03	4.736946e+00
5.440000e-06	-3.883833e-02	4.790030e+00
5.450000e-06	-5.536580e-03	4.873684e+00
5.460000e-06	4.581274e-03	4.978928e+00
5.470000e-06	1.772582e-03	5.065242e+00
5.480000e-06	-2.578140e-02	5.140020e+00
5.490000e-06	-2.879253e-02	5.240185e+00
5.500000e-06	1.512761e-03	5.274234e+00
5.510000e-06	6.301620e-03	5.358469e+00
5.520000e-06	-7.298728e-03	5.411553e+00
5.530000e-06	-3.248976e-02	5.442731e+00
5.540000e-06	-1.234406e-02	5.516218e+00
5.550000e-06	-1.794212e-03	5.537445e+00
5.560000e-06	2.317314e-03	5.591499e+00
5.570000e-06	-2.197549e-02	5.630553e+00
5.580000e-06	-2.710981e-02	5.664684e+00
5.590000e-06	-8.583075e-03	5.706390e+00
5.600000e-06	1.370473e-03	5.789520e+00
5.610000e-06	-6.964781e-03	5.870278e+00
5.620000e-06	-2.935802e-02	5.855283e+00
5.630000e-06	-1.667505e-02	5.919446e+00
5.640000e-06	-5.133224e-03	5.999472e+00
5.650000e-06	-8.460547e-04	6.000502e+00
5.660000e-06	-2.050681e-02	6.000551e+00
5.670000e-06	-2.582193e-02	6.023052e+00
5.680000e-06	-1.354386e-02	6.042583e+00
5.690000e-06	-3.569551e-03	6.063708e+00
5.700000e-06	-9.483557e-03	6.094284e+00
5.710000e-06	-2.588260e-02	6.115238e+00
5.720000e-06	-1.960330e-02	6.136395e+00
5.730000e-06	-1.027008e-02	6.157420e+00
5.740000e-06	-3.604806e-03	6.137945e+00
5.750000e-06	-1.964717e-02	6.168393e+00
5.760000e-06	-2.645575e-02	6.157919e+00
5.770000e-06	-1.978496e-02	6.167399e+00
5.780000e-06	-8.265554e-03	6.178949e+00
5.790000e-06	-1.035781e-02	6.157874e+00
5.800000e-06	-2.499401e-02	6.138970e+00
5.810000e-06	-2.365263e-02	6.148820e+00
5.820000e-06	-1.560704e-02	6.157445e+00
5.830000e-06	-8.180672e-03	6.158469e+00
5.840000e-06	-1.891397e-02	6.126242e+00
5.850000e-06	-2.555716e-02	6.115840e+00
5.860000e-06	-2.258342e-02	6.094688e+00
5.870000e-06	-1.252187e-02	6.073633e+00
5.880000e-06	-1.468354e-02	6.042580e+00
5.890000e-06	-2.572453e-02	6.021528e+00
5.900000e-06	-2.773548e-02	5.990501e+00
5.910000e-06	-2.002944e-02	6.010000e+00
5.920000e-06	-1.163416e-02	5.999974e+00
5.930000e-06	-1.859246e-02	5.987422e+00
5.940000e-06	-2.556143e-02	5.905869e+00
5.950000e-06	-2.421936e-02	5.916162e+00
5.960000e-06	-1.738030e-02	5.799528e+00
5.970000e-06	-1.718150e-02	5.727888e+00
5.980000e-06	-2.540684e-02	5.673686e+00
5.990000e-06	-2.763221e-02	5.631130e+00
6.000000e-06	-2.153434e-02	5.611550e+00
6.010000e-06	-1.478886e-02	5.559950e+00
6.020000e-06	-1.802520e-02	5.536870e+00
6.030000e-06	-2.445849e-02	5.497213e+00
6.040000e-06	-2.503724e-02	5.411655e+00
6.050000e-06	-1.831830e-02	5.409529e+00
6.060000e-06	-1.702126e-02	5.319320e+00
6.070000e-06	-2.194879e-02	5.264134e+00
6.080000e-06	-2.590598e-02	5.210082e+00
6.090000e-06	-2.020584e-02	5.125420e+00
6.100000e-06	-1.579471e-02	5.059182e+00
6.110000e-06	-1.649312e-02	4.946845e+00
6.120000e-06	-2.192004e-02	4.841087e+00
6.130000e-06	-2.127179e-02	4.778950e+00
6.140000e-06	-1.711081e-02	4.725762e+00
6.150000e-06	-1.382743e-02	4.631631e+00
6.160000e-06	-1.807099e-02	4.568423e+00
6.170000e-06	-2.093142e-02	4.506261e+00
6.180000e-06	-1.823209e-02	4.420578e+00
6.190000e-06	-1.301377e-02	4.409525e+00
6.200000e-06	-1.320485e-02	4.326816e+00
6.210000e-06	-1.719550e-02	4.197525e+00
6.220000e-06	-1.823684e-02	4.083664e+00
6.230000e-06	-1.486821e-02	3.999475e+00
6.240000e-06	-1.114558e-02	3.933816e+00
6.250000e-06	-1.346214e-02	3.841580e+00
6.260000e-06	-1.523031e-02	3.748372e+00
6.270000e-06	-1.449931e-02	3.682136e+00
6.280000e-06	-1.018346e-02	3.610976e+00
6.290000e-06	-9.651955e-03	3.535243e+00
6.300000e-06	-1.234217e-02	3.368422e+00
6.310000e-06	-1.446703e-02	3.214159e+00
6.320000e-06	-1.118813e-02	3.167874e+00
6.330000e-06	-7.809221e-03	3.074685e+00
6.340000e-06	-8.774230e-03	2.990475e+00
6.350000e-06	-1.160736e-02	2.915215e+00
6.360000e-06	-1.195015e-02	2.831601e+00
6.370000e-06	-8.449181e-03	2.775796e+00
6.380000e-06	-6.318338e-03	2.568924e+00
6.390000e-06	-9.194938e-03	2.492189e+00
6.400000e-06	-1.214944e-02	2.358347e+00
6.410000e-06	-9.707801e-03	2.271581e+00
6.420000e-06	-5.015460e-03	2.147897e+00
6.430000e-06	-6.014975e-03	2.042605e+00
6.440000e-06	-8.154174e-03	1.977873e+00
6.450000e-06	-1.027989e-02	1.834159e+00
6.460000e-06	-6.035933e-03	1.755893e+00
6.470000e-06	-4.259124e-03	1.619587e+00
6.480000e-06	-6.737566e-03	1.515740e+00
6.490000e-06	-9.324253e-03	1.418495e+00
6.500000e-06	-7.855285e-03	1.292684e+00
6.510000e-06	-4.718865e-03	1.178020e+00
6.520000e-06	-4.887871e-03	1.050529e+00
6.530000e-06	-6.215040e-03	8.717102e-01
6.540000e-06	-7.464655e-03	7.873469e-01
6.550000e-06	-5.283801e-03	6.820352e-01
6.560000e-06	-3.270352e-03	5.658719e-01
6.570000e-06	-4.522824e-03	4.621326e-01
6.580000e-06	-6.094068e-03	3.988459e-01
6.590000e-06	-6.651610e-03	2.100773e-01
6.600000e-06	-3.235474e-03	9.270527e-02
6.610000e-06	-1.506779e-03	-5.202752e-02
6.620000e-06	-2.601377e-03	-1.278636e-01
6.630000e-06	-2.605484e-03	-2.325526e-01
6.640000e-06	-2.430120e-03	-2.978411e-01
6.650000e-06	1.012073e-03	-3.815524e-01
6.660000e-06	-9.817397e-04	-4.962361e-01
6.670000e-06	-3.361115e-03	-6.747047e-01
6.680000e-06	-3.322864e-03	-7.883975e-01
6.690000e-06	1.199151e-02	-8.626540e-01
6.700000e-06	5.068038e-02	-9.473674e-01
6.710000e-06	-2.712833e-03	-1.117918e+00
6.720000e-06	-4.762998e-02	-1.379074e+00
6.730000e-06	-9.229530e-02	-1.544840e+00
6.740000e-06	7.085418e-02	-1.443309e+00
6.750000e-06	5.168940e-02	-1.589366e+00
6.760000e-06	-9.712647e-02	-1.699016e+00
6.770000e-06	2.810950e-02	-1.842658e+00
6.780000e-06	2.654386e-02	-1.842680e+00
6.790000e-06	-3.045156e-02	-1.981550e+00
6.800000e-06	-2.553847e-02	-2.179573e+00
6.810000e-06	9.203340e-02	-2.274708e+00
6.820000e-06	-7.042810e-02	-2.349420e+00
6.830000e-06	-6.857389e-02	-2.465315e+00
6.840000e-06	1.071975e-01	-2.569446e+00
6.850000e-06	1.234241e-02	-2.694582e+00
6.860000e-06	-8.252427e-02	-2.778946e+00
6.870000e-06	3.214966e-02	-2.821107e+00
6.880000e-06	-7.129953e-03	-2.961472e+00
6.890000e-06	1.963929e-02	-3.146823e+00
6.900000e-06	2.266188e-02	-3.190024e+00
6.910000e-06	-6.320946e-02	-3.326887e+00
6.920000e-06	1.657114e-02	-3.391049e+00
6.930000e-06	5.294831e-02	-3.444234e+00
6.940000e-06	-2.464892e-02	-3.548470e+00
6.950000e-06	2.412520e-03	-3.653577e+00
6.960000e-06	-2.312987e-03	-3.687866e+00
6.970000e-06	-3.989081e-02	-3.856263e+00
6.980000e-06	6.287366e-02	-3.949496e+00
6.990000e-06	1.331944e-02	-4.074160e+00
7.000000e-06	-3.873586e-02	-4.129444e+00
7.010000e-06	5.110235e-03	-4.190622e+00
7.020000e-06	1.137224e-02	-4.304765e+00
7.030000e-06	2.553819e-02	-4.359925e+00
7.040000e-06	-1.596220e-02	-4.391553e+00
7.050000e-06	-2.280441e-02	-4.516365e+00
7.060000e-06	1.183686e-02	-4.552024e+00
7.070000e-06	2.527843e-02	-4.704261e+00
7.080000e-06	1.605923e-02	-4.787342e+00
7.090000e-06	-1.248839e-02	-4.701699e+00
7.100000e-06	-1.329124e-02	-4.895839e+00
7.110000e-06	1.742861e-02	-4.990524e+00
7.120000e-06	1.756601e-02	-5.043734e+00
7.130000e-06	-3.502896e-03	-5.136368e+00
7.140000e-06	-8.610944e-03	-5.128574e+00
7.150000e-06	-6.465567e-03	-5.262157e+00
7.160000e-06	3.460191e-02	-5.326872e+00
7.170000e-06	1.217962e-02	-5.423627e+00
7.180000e-06	-9.647080e-03	-5.536893e+00
7.190000e-06	-6.778299e-03	-5.579472e+00
7.200000e-06	6.351469e-03	-5.601026e+00
7.210000e-06	2.598110e-02	-5.652130e+00
7.220000e-06	2.449881e-03	-5.664792e+00
7.230000e-06	-9.694227e-03	-5.758447e+00
7.240000e-06	-4.672407e-04	-5.759974e+00
7.250000e-06	2.203630e-02	-5.822553e+00
7.260000e-06	2.056639e-02	-5.880631e+00
7.270000e-06	-3.243389e-03	-5.904717e+00
7.280000e-06	-9.227991e-03	-5.958470e+00
7.290000e-06	1.186667e-02	-5.999974e+00
7.300000e-06	2.136600e-02	-5.990022e+00
7.310000e-06	8.836845e-03	-6.000025e+00
7.320000e-06	-6.882741e-03	-6.032076e+00
7.330000e-06	-7.763979e-04	-6.032153e+00
7.340000e-06	1.990955e-02	-6.043684e+00
7.350000e-06	1.842845e-02	-6.106318e+00
7.360000e-06	4.971537e-03	-6.135317e+00
7.370000e-06	-4.007132e-03	-6.166442e+00
7.380000e-06	7.925175e-03	-6.217576e+00
7.390000e-06	2.260854e-02	-6.219033e+00
7.400000e-06	1.267097e-02	-6.210155e+00
7.410000e-06	-7.074342e-05	-6.214128e+00
7.420000e-06	-1.849486e-03	-6.254761e+00
7.430000e-06	1.656796e-02	-6.292208e+00
7.440000e-06	2.134840e-02	-6.293688e+00
7.450000e-06	1.040645e-02	-6.251182e+00
7.460000e-06	-1.591802e-04	-6.312761e+00
7.470000e-06	7.320459e-03	-6.285204e+00
7.480000e-06	2.149507e-02	-6.264202e+00
7.490000e-06	1.679521e-02	-6.282656e+00
7.500000e-06	5.136388e-03	-6.181977e+00
7.510000e-06	2.163938e-03	-6.172548e+00
7.520000e-06	1.570579e-02	-6.157469e+00
7.530000e-06	2.135528e-02	-6.107043e+00
7.540000e-06	1.428695e-02	-6.085313e+00
7.550000e-06	4.284192e-03	-6.064607e+00
7.560000e-06	9.736993e-03	-6.061580e+00
7.570000e-06	2.079117e-02	-6.020555e+00
7.580000e-06	1.996533e-02	-6.010526e+00
7.590000e-06	1.062177e-02	-5.979451e+00
7.600000e-06	5.747265e-03	-5.959420e+00
7.610000e-06	1.415928e-02	-5.947396e+00
7.620000e-06	1.916361e-02	-5.886863e+00
7.630000e-06	1.642796e-02	-5.852761e+00
7.640000e-06	9.132120e-03	-5.841078e+00
7.650000e-06	1.066346e-02	-5.790397e+00
7.660000e-06	1.766368e-02	-5.726872e+00
7.670000e-06	1.964594e-02	-5.713208e+00
7.680000e-06	1.358026e-02	-5.621076e+00
7.690000e-06	8.310766e-03	-5.630077e+00
7.700000e-06	1.277763e-02	-5.577945e+00
7.710000e-06	1.789427e-02	-5.523818e+00
7.720000e-06	1.670179e-02	-5.371154e+00
7.730000e-06	9.627380e-03	-5.386289e+00
7.740000e-06	9.089197e-03	-5.252610e+00
7.750000e-06	1.505271e-02	-5.169525e+00
7.760000e-06	1.743388e-02	-5.106292e+00
7.770000e-06	1.235395e-02	-5.043181e+00
7.780000e-06	7.135341e-03	-5.009446e+00
7.790000e-06	9.873648e-03	-4.873218e+00
7.800000e-06	1.402221e-02	-4.837274e+00
7.810000e-06	1.357559e-02	-4.656308e+00
7.820000e-06	6.820678e-03	-4.661130e+00
7.830000e-06	6.608933e-03	-4.587945e+00
7.840000e-06	1.071383e-02	-4.484739e+00
7.850000e-06	1.376780e-02	-4.462105e+00
7.860000e-06	8.934705e-03	-4.388996e+00
7.870000e-06	4.400770e-03	-4.315312e+00
7.880000e-06	5.992331e-03	-4.211627e+00
7.890000e-06	9.788778e-03	-4.126892e+00
7.900000e-06	8.552953e-03	-4.083209e+00
7.910000e-06	4.018865e-03	-4.000047e+00
7.920000e-06	2.194391e-03	-3.936814e+00
7.930000e-06	4.551905e-03	-3.779901e+00
7.940000e-06	8.271450e-03	-3.652680e+00
7.950000e-06	4.903089e-03	-3.569501e+00
7.960000e-06	1.812437e-03	-3.515259e+00
7.970000e-06	1.556459e-03	-3.409522e+00
7.980000e-06	5.043759e-03	-3.334286e+00
7.990000e-06	4.981807e-03	-3.221105e+00
8.000000e-06	1.334419e-03	-3.157195e+00
8.010000e-06	-4.469555e-04	-3.081053e+00
8.020000e-06	1.248158e-03	-2.902259e+00
8.030000e-06	3.346811e-03	-2.808451e+00
8.040000e-06	3.089975e-03	-2.713316e+00
8.050000e-06	-6.297723e-04	-2.600026e+00
8.060000e-06	-6.776966e-05	-2.492264e+00
8.070000e-06	6.756006e-04	-2.410079e+00
8.080000e-06	1.732910e-03	-2.346269e+00
8.090000e-06	-2.038224e-03	-2.206868e+00
8.100000e-06	-3.125195e-03	-2.043154e+00
8.110000e-06	-1.501386e-03	-1.957446e+00
8.120000e-06	7.945026e-04	-1.833108e+00
8.130000e-06	7.488454e-04	-1.746872e+00
8.140000e-06	-1.386945e-03	-1.652080e+00
8.150000e-06	-3.012814e-03	-1.567418e+00
8.160000e-06	-2.240152e-03	-1.420519e+00
8.170000e-06	-8.242569e-04	-1.322084e+00
8.180000e-06	-2.521218e-03	-1.145291e+00
8.190000e-06	-3.539707e-03	-1.040579e+00
8.200000e-06	-4.656764e-03	-9.047889e-01
8.210000e-06	-1.953070e-03	-8.305273e-01
8.220000e-06	-1.113046e-03	-7.342379e-01
8.230000e-06	-2.146752e-03	-5.879169e-01
8.240000e-06	-4.771297e-03	-4.620800e-01
8.250000e-06	-5.180259e-03	-3.062666e-01
8.260000e-06	-2.269587e-03	-2.309561e-01
8.270000e-06	-2.526264e-03	-8.423915e-02
8.280000e-06	-2.040938e-03	-1.102863e-02
8.290000e-06	-1.629280e-03	1.022319e-01
8.300000e-06	1.897563e-04	1.530543e-01
8.310000e-06	-1.444282e-04	3.379199e-01
8.320000e-06	-1.352669e-03	4.110552e-01
8.330000e-06	-4.466236e-03	4.863659e-01
8.340000e-06	-3.932899e-03	6.011029e-01
8.350000e-06	3.738434e-03	7.293409e-01
8.360000e-06	2.964358e-02	8.216031e-01
8.370000e-06	2.718889e-02	9.925741e-01
8.380000e-06	-2.470210e-02	1.179397e+00
8.390000e-06	-8.485316e-02	1.317792e+00
8.400000e-06	-2.568073e-02	1.378949e+00
8.410000e-06	7.084180e-02	1.463312e+00
8.420000e-06	1.781152e-02	1.695735e+00
8.430000e-06	-1.273077e-01	1.738895e+00
8.440000e-06	5.786267e-02	1.791052e+00
8.450000e-06	1.096162e-02	1.957920e+00
8.460000e-06	-5.381791e-02	2.032054e+00
8.470000e-06	4.409354e-02	2.064208e+00
8.480000e-06	1.860451e-02	2.162102e+00
8.490000e-06	-1.002024e-01	2.358820e+00
8.500000e-06	3.861796e-03	2.380050e+00
8.510000e-06	8.341079e-02	2.517215e+00
8.520000e-06	-3.838110e-02	2.674762e+00
8.530000e-06	-3.998984e-02	2.789974e+00
8.540000e-06	-3.722695e-03	2.884811e+00
8.550000e-06	8.760221e-03	2.948422e+00
8.560000e-06	8.781741e-03	3.043158e+00
8.570000e-06	-6.155998e-03	3.137450e+00
8.580000e-06	-5.337729e-02	3.232102e+00
8.590000e-06	2.588924e-02	3.318295e+00
8.600000e-06	1.086306e-02	3.486212e+00
8.610000e-06	-1.239907e-02	3.538924e+00
8.620000e-06	-1.296031e-02	3.663581e+00
8.630000e-06	-3.687747e-02	3.747370e+00
8.640000e-06	2.217305e-03	3.801605e+00
8.650000e-06	2.641490e-02	3.905292e+00
8.660000e-06	-2.007606e-03	4.000471e+00
8.670000e-06	-5.285479e-02	4.031106e+00
8.680000e-06	6.968963e-03	4.109424e+00
8.690000e-06	1.223491e-02	4.244211e+00
8.700000e-06	-8.958751e-04	4.358474e+00
8.710000e-06	-3.069342e-02	4.433058e+00
8.720000e-06	-2.730439e-02	4.526312e+00
8.730000e-06	3.011343e-03	4.599021e+00
8.740000e-06	1.099740e-02	4.633184e+00
8.750000e-06	-1.629791e-03	4.727395e+00
8.760000e-06	-3.857265e-02	4.831024e+00
8.770000e-06	-7.801837e-03	4.854728e+00
8.780000e-06	3.193201e-03	4.960444e+00
8.790000e-06	5.761031e-03	5.123856e+00
8.800000e-06	-2.577753e-02	5.168449e+00
8.810000e-06	-2.724647e-02	5.209554e+00
8.820000e-06	-3.572176e-03	5.304258e+00
8.830000e-06	8.810784e-03	5.348422e+00
8.840000e-06	-7.595605e-03	5.390528e+00
8.850000e-06	-3.206339e-02	5.417185e+00
8.860000e-06	-1.450693e-02	5.488293e+00
8.870000e-06	-1.834889e-03	5.579395e+00
8.880000e-06	4.858802e-03	5.599975e+00
8.890000e-06	-2.110537e-02	5.610551e+00
8.900000e-06	-2.665191e-02	5.651659e+00
8.910000e-06	-1.155834e-02	5.683766e+00
8.920000e-06	3.051335e-03	5.789544e+00
8.930000e-06	-6.509001e-03	5.812582e+00
8.940000e-06	-2.838826e-02	5.863812e+00
8.950000e-06	-1.901183e-02	5.958446e+00
8.960000e-06	-5.708193e-03	5.989949e+00
8.970000e-06	2.052477e-03	5.999975e+00
8.980000e-06	-1.961635e-02	6.000075e+00
8.990000e-06	-2.684544e-02	6.021576e+00
9.000000e-06	-1.628989e-02	6.002582e+00
9.010000e-06	-2.616488e-03	6.081133e+00
9.020000e-06	-8.053616e-03	6.103184e+00
9.030000e-06	-2.496134e-02	6.093765e+00
9.040000e-06	-2.162117e-02	6.094872e+00
9.050000e-06	-1.145458e-02	6.156420e+00
9.060000e-06	-2.673698e-03	6.177365e+00
9.070000e-06	-1.697658e-02	6.166846e+00
9.080000e-06	-2.630503e-02	6.098396e+00
9.090000e-06	-2.057172e-02	6.169420e+00
9.100000e-06	-7.434386e-03	6.179921e+00
9.110000e-06	-1.061692e-02	6.169495e+00
9.120000e-06	-2.381479e-02	6.178344e+00
9.130000e-06	-2.463747e-02	6.139421e+00
9.140000e-06	-1.622624e-02	6.126421e+00
9.150000e-06	-8.996901e-03	6.107493e+00
9.160000e-06	-1.946263e-02	6.125815e+00
9.170000e-06	-2.565913e-02	6.154336e+00
9.180000e-06	-2.320912e-02	6.083711e+00
9.190000e-06	-1.257439e-02	6.082662e+00
9.200000e-06	-1.313216e-02	6.022183e+00
9.210000e-06	-2.292134e-02	6.011605e+00
9.220000e-06	-2.699128e-02	6.011026e+00
9.230000e-06	-2.119089e-02	6.010031e+00
9.240000e-06	-1.298321e-02	5.999450e+00
9.250000e-06	-1.944341e-02	5.987950e+00
9.260000e-06	-2.642093e-02	5.957420e+00
9.270000e-06	-2.560311e-02	5.895762e+00
9.280000e-06	-1.657966e-02	5.872603e+00
9.290000e-06	-1.560623e-02	5.687900e+00
9.300000e-06	-2.358224e-02	5.671664e+00
9.310000e-06	-2.731940e-02	5.632156e+00
9.320000e-06	-2.265321e-02	5.600977e+00
9.330000e-06	-1.582968e-02	5.588925e+00
9.340000e-06	-1.962647e-02	5.537970e+00
9.350000e-06	-2.497334e-02	5.513767e+00
9.360000e-06	-2.610720e-02	5.441103e+00
9.370000e-06	-1.742071e-02	5.409526e+00
9.380000e-06	-1.620237e-02	5.347846e+00
9.390000e-06	-1.993762e-02	5.294082e+00
9.400000e-06	-2.602565e-02	5.251504e+00
9.410000e-06	-2.048106e-02	5.136396e+00
9.420000e-06	-1.623229e-02	5.044130e+00
9.430000e-06	-1.715889e-02	4.965845e+00
9.440000e-06	-2.286571e-02	4.851705e+00
9.450000e-06	-2.317819e-02	4.789475e+00
9.460000e-06	-1.681234e-02	4.746820e+00
9.470000e-06	-1.299567e-02	4.662683e+00
9.480000e-06	-1.724890e-02	4.600100e+00
9.490000e-06	-2.248472e-02	4.503813e+00
9.500000e-06	-1.919323e-02	4.441054e+00
9.510000e-06	-1.187858e-02	4.390019e+00
9.520000e-06	-1.137877e-02	4.284867e+00
9.530000e-06	-1.682179e-02	4.230050e+00
9.540000e-06	-1.949346e-02	4.122688e+00
9.550000e-06	-1.431996e-02	4.010524e+00
9.560000e-06	-9.801811e-03	3.955341e+00
9.570000e-06	-1.342086e-02	3.852105e+00
9.580000e-06	-1.712312e-02	3.756947e+00
9.590000e-06	-1.633929e-02	3.693212e+00
9.600000e-06	-9.804875e-03	3.600475e+00
9.610000e-06	-8.101065e-03	3.526341e+00
9.620000e-06	-1.133889e-02	3.400453e+00
9.630000e-06	-1.442339e-02	3.283182e+00
9.640000e-06	-1.151533e-02	3.208972e+00
9.650000e-06	-7.483070e-03	3.095214e+00
9.660000e-06	-9.480456e-03	3.030024e+00
9.670000e-06	-1.340887e-02	2.955239e+00
9.680000e-06	-1.325262e-02	2.841051e+00
9.690000e-06	-7.570404e-03	2.769873e+00
9.700000e-06	-4.860294e-03	2.571002e+00
9.710000e-06	-7.773963e-03	2.502179e+00
9.720000e-06	-1.045761e-02	2.389048e+00
9.730000e-06	-8.927053e-03	2.311687e+00
9.740000e-06	-6.586812e-03	2.159443e+00
9.750000e-06	-7.516332e-03	2.082631e+00
9.760000e-06	-1.124646e-02	1.979947e+00
9.770000e-06	-9.936125e-03	1.914684e+00
9.780000e-06	-6.110463e-03	1.797823e+00
9.790000e-06	-3.444791e-03	1.671637e+00
9.800000e-06	-5.139609e-03	1.575341e+00
9.810000e-06	-8.128590e-03	1.399424e+00
9.820000e-06	-7.461581e-03	1.345239e+00
9.830000e-06	-5.430762e-03	1.176347e+00
9.840000e-06	-5.616121e-03	1.061105e+00
9.850000e-06	-7.746225e-03	8.936614e-01
9.860000e-06	-7.539416e-03	7.874736e-01
9.870000e-06	-4.331805e-03	6.836854e-01
9.880000e-06	-2.560196e-03	5.683934e-01
9.890000e-06	-3.630516e-03	4.520788e-01
9.900000e-06	-7.083028e-03	3.478982e-01
9.910000e-06	-6.289867e-03	2.395298e-01
9.920000e-06	-3.941117e-03	7.368528e-02
9.930000e-06	-2.812082e-03	-1.202770e-02
9.940000e-06	-3.768699e-03	-1.157621e-01
9.950000e-06	-2.174317e-03	-2.111028e-01
9.960000e-06	-1.971431e-03	-3.073410e-01
9.970000e-06	3.639679e-04	-3.705263e-01
9.980000e-06	-1.389408e-03	-5.242570e-01
9.990000e-06	-3.076289e-03	-6.126507e-01
1.000000e-05	-3.678589e-03	-7.394499e-01
1.001000e-05	9.165731e-03	-8.220555e-01
1.002000e-05	4.944520e-02	-9.573161e-01
1.003000e-05	4.293070e-03	-1.116340e+00
1.004000e-05	-4.047688e-02	-1.280463e+00
1.005000e-05	-1.010886e-01	-1.496820e+00
1.006000e-05	6.959559e-02	-1.523838e+00
1.007000e-05	4.911668e-02	-1.524790e+00
1.008000e-05	-7.779698e-02	-1.727416e+00
1.009000e-05	7.218685e-03	-1.862084e+00
1.010000e-05	4.121672e-02	-1.803605e+00
1.011000e-05	-2.163008e-02	-1.989545e+00
1.012000e-05	-4.704379e-02	-2.180499e+00
1.013000e-05	1.001209e-01	-2.224211e+00
1.014000e-05	-5.526825e-02	-2.336842e+00
1.015000e-05	-9.263516e-02	-2.475161e+00
1.016000e-05	9.889841e-02	-2.546946e+00
1.017000e-05	3.198717e-02	-2.664208e+00
1.018000e-05	-8.775736e-02	-2.738920e+00
1.019000e-05	3.000937e-02	-2.811553e+00
1.020000e-05	-2.775104e-03	-2.968997e+00
1.021000e-05	1.354502e-02	-3.127294e+00
1.022000e-05	2.805912e-02	-3.169476e+00
1.023000e-05	-5.555311e-02	-3.294736e+00
1.024000e-05	-3.399764e-03	-3.390925e+00
1.025000e-05	6.296895e-02	-3.434180e+00
1.026000e-05	-2.401040e-02	-3.548495e+00
1.027000e-05	-2.620895e-04	-3.611053e+00
1.028000e-05	6.470710e-03	-3.727761e+00
1.029000e-05	-4.581340e-02	-3.865756e+00
1.030000e-05	5.590766e-02	-3.979474e+00
1.031000e-05	2.257950e-02	-4.033182e+00
1.032000e-05	-3.635396e-02	-4.138870e+00
1.033000e-05	-1.186032e-03	-4.210052e+00
1.034000e-05	1.106181e-02	-4.305737e+00
1.035000e-05	2.649914e-02	-4.368498e+00
1.036000e-05	-9.221935e-03	-4.400599e+00
1.037000e-05	-2.377552e-02	-4.474308e+00
1.038000e-05	7.093251e-03	-4.531924e+00
1.039000e-05	2.558281e-02	-4.684259e+00
1.040000e-05	1.452272e-02	-4.716415e+00
1.041000e-05	-6.405450e-03	-4.801068e+00
1.042000e-05	-1.757433e-02	-4.905322e+00
1.043000e-05	1.670581e-02	-4.989075e+00
1.044000e-05	1.824331e-02	-5.063132e+00
1.045000e-05	-2.351024e-03	-5.117317e+00
1.046000e-05	-6.997417e-03	-5.189523e+00
1.047000e-05	-9.171489e-03	-5.242128e+00
1.048000e-05	3.232451e-02	-5.307735e+00
1.049000e-05	1.404983e-02	-5.412257e+00
1.050000e-05	-6.197419e-03	-5.477838e+00
1.051000e-05	-5.287353e-03	-5.579397e+00
1.052000e-05	3.701353e-03	-5.590476e+00
1.053000e-05	2.219104e-02	-5.621605e+00
1.054000e-05	4.066014e-03	-5.673734e+00
1.055000e-05	-7.982512e-03	-5.747416e+00
1.056000e-05	-1.495273e-03	-5.800001e+00
1.057000e-05	1.850727e-02	-5.811550e+00
1.058000e-05	1.942837e-02	-5.832232e+00
1.059000e-05	5.374342e-04	-5.856312e+00
1.060000e-05	-7.952158e-03	-5.926869e+00
1.061000e-05	1.021332e-02	-5.979474e+00
1.062000e-05	1.853930e-02	-5.999974e+00
1.063000e-05	8.651230e-03	-6.000501e+00
1.064000e-05	-4.157256e-03	-6.011026e+00
1.065000e-05	-1.101257e-03	-6.043182e+00
1.066000e-05	1.839281e-02	-6.073285e+00
1.067000e-05	1.637862e-02	-6.093416e+00
1.068000e-05	7.087776e-03	-6.086767e+00
1.069000e-05	-2.657286e-03	-6.115446e+00
1.070000e-05	7.275041e-03	-6.180050e+00
1.071000e-05	1.901771e-02	-6.161055e+00
1.072000e-05	1.279812e-02	-6.232985e+00
1.073000e-05	1.042054e-03	-6.224259e+00
1.074000e-05	6.573642e-04	-6.325729e+00
1.075000e-05	1.479501e-02	-6.242759e+00
1.076000e-05	1.918804e-02	-6.271687e+00
1.077000e-05	1.068500e-02	-6.283192e+00
1.078000e-05	1.712761e-03	-6.254184e+00
1.079000e-05	8.569566e-03	-6.255139e+00
1.080000e-05	1.878914e-02	-6.262658e+00
1.081000e-05	1.546221e-02	-6.282035e+00
1.082000e-05	6.298465e-03	-6.182947e+00
1.083000e-05	5.136126e-03	-6.168949e+00
1.084000e-05	1.484616e-02	-6.169545e+00
1.085000e-05	2.021207e-02	-6.125866e+00
1.086000e-05	1.387046e-02	-6.055863e+00
1.087000e-05	5.318948e-03	-6.112733e+00
1.088000e-05	1.033781e-02	-6.031608e+00
1.089000e-05	1.892885e-02	-6.020579e+00
1.090000e-05	1.886699e-02	-6.010978e+00
1.091000e-05	1.124867e-02	-6.010022e+00
1.092000e-05	7.666770e-03	-5.988398e+00
1.093000e-05	1.594272e-02	-5.997421e+00
1.094000e-05	1.945774e-02	-5.926791e+00
1.095000e-05	1.580096e-02	-5.893209e+00
1.096000e-05	9.061979e-03	-5.831603e+00
1.097000e-05	1.071274e-02	-5.809077e+00
1.098000e-05	1.817116e-02	-5.736422e+00
1.099000e-05	1.819854e-02	-5.704710e+00
1.100000e-05	1.203724e-02	-5.652630e+00
1.101000e-05	8.732105e-03	-5.590979e+00
1.102000e-05	1.486255e-02	-5.588945e+00
1.103000e-05	1.823873e-02	-5.504818e+00
1.104000e-05	1.655224e-02	-5.464055e+00
1.105000e-05	8.805664e-03	-5.307468e+00
1.106000e-05	9.919352e-03	-5.293656e+00
1.107000e-05	1.471903e-02	-5.199475e+00
1.108000e-05	1.654874e-02	-5.145867e+00
1.109000e-05	1.094795e-02	-5.093133e+00
1.110000e-05	7.574245e-03	-4.967999e+00
1.111000e-05	1.086711e-02	-4.962842e+00
1.112000e-05	1.463329e-02	-4.811600e+00
1.113000e-05	1.428339e-02	-4.746764e+00
1.114000e-05	7.072528e-03	-4.632105e+00
1.115000e-05	5.642875e-03	-4.619499e+00
1.116000e-05	9.088074e-03	-4.534333e+00
1.117000e-05	1.213517e-02	-4.461604e+00
1.118000e-05	7.538015e-03	-4.388975e+00
1.119000e-05	4.230984e-03	-4.323268e+00
1.120000e-05	5.251994e-03	-4.251580e+00
1.121000e-05	9.646767e-03	-4.127846e+00
1.122000e-05	1.071416e-02	-4.053209e+00
1.123000e-05	5.651766e-03	-4.000051e+00
1.124000e-05	2.642984e-03	-3.938789e+00
1.125000e-05	4.494428e-03	-3.830149e+00
1.126000e-05	7.312069e-03	-3.672211e+00
1.127000e-05	4.857910e-03	-3.620025e+00
1.128000e-05	7.661276e-04	-3.515363e+00
1.129000e-05	1.120775e-03	-3.420477e+00
1.130000e-05	4.950385e-03	-3.307771e+00
1.131000e-05	6.586597e-03	-3.230104e+00
1.132000e-05	1.936107e-03	-3.167393e+00
1.133000e-05	-1.019678e-04	-3.050607e+00
1.134000e-05	1.003119e-03	-2.914288e+00
1.135000e-05	3.708036e-03	-2.809976e+00
1.136000e-05	2.305057e-03	-2.713813e+00
1.137000e-05	-3.426061e-04	-2.621072e+00
1.138000e-05	-1.405652e-03	-2.473692e+00
1.139000e-05	1.053436e-03	-2.418553e+00
1.140000e-05	3.073137e-03	-2.347844e+00
1.141000e-05	-1.229625e-03	-2.169921e+00
1.142000e-05	-2.125687e-03	-2.071631e+00
1.143000e-05	-2.178775e-03	-1.985895e+00
1.144000e-05	1.194501e-03	-1.851630e+00
1.145000e-05	4.080998e-04	-1.716846e+00
1.146000e-05	-1.781823e-03	-1.662078e+00
1.147000e-05	-2.647616e-03	-1.577947e+00
1.148000e-05	-1.473475e-03	-1.447971e+00
1.149000e-05	-1.667660e-03	-1.251781e+00
1.150000e-05	-2.967240e-03	-1.166796e+00
1.151000e-05	-4.369194e-03	-1.052501e+00
1.152000e-05	-4.168903e-03	-9.162177e-01
1.153000e-05	-5.873207e-04	-8.000762e-01
1.154000e-05	-6.873601e-04	-7.252605e-01
1.155000e-05	-1.360417e-03	-5.763680e-01
1.156000e-05	-4.199615e-03	-4.610788e-01
1.157000e-05	-4.374779e-03	-3.463404e-01
1.158000e-05	-3.039378e-03	-2.315538e-01
1.159000e-05	-2.907227e-03	-9.374172e-02
1.160000e-05	-2.946169e-03	-7.210244e-02
1.161000e-05	-1.977088e-03	6.318434e-02
1.162000e-05	-1.342099e-04	1.515979e-01
1.163000e-05	5.618194e-04	3.463662e-01
1.164000e-05	-6.623705e-04	4.210516e-01
1.165000e-05	-4.113473e-03	4.763634e-01
1.166000e-05	-4.020484e-03	6.416240e-01
1.167000e-05	2.646526e-03	7.068399e-01
1.168000e-05	2.501449e-02	8.290251e-01
1.169000e-05	3.091743e-02	9.489993e-01
1.170000e-05	-1.986319e-02	1.138949e+00
1.171000e-05	-7.520736e-02	1.243811e+00
1.172000e-05	-4.379193e-02	1.347947e+00
1.173000e-05	7.351750e-02	1.453737e+00
1.174000e-05	2.369028e-02	1.625705e+00
1.175000e-05	-1.219351e-01	1.727316e+00
1.176000e-05	5.170361e-02	1.777974e+00
1.177000e-05	1.842374e-02	1.917367e+00
1.178000e-05	-4.368775e-02	2.021503e+00
1.179000e-05	1.998199e-02	2.053757e+00
1.180000e-05	3.730506e-02	2.203048e+00
1.181000e-05	-9.527065e-02	2.347871e+00
1.182000e-05	-1.558514e-02	2.409474e+00
1.183000e-05	8.997812e-02	2.456287e+00
1.184000e-05	-2.482502e-02	2.614581e+00
1.185000e-05	-5.139928e-02	2.779024e+00
1.186000e-05	-3.731271e-04	2.872212e+00
1.187000e-05	6.821489e-03	2.959395e+00
1.188000e-05	5.376533e-03	3.003007e+00
1.189000e-05	2.753148e-03	3.149416e+00
1.190000e-05	-5.807429e-02	3.230054e+00
1.191000e-05	2.205063e-02	3.285415e+00
1.192000e-05	1.320125e-02	3.433561e+00
1.193000e-05	-8.245142e-03	3.558419e+00
1.194000e-05	-1.681453e-02	3.642129e+00
1.195000e-05	-3.191987e-02	3.737395e+00
1.196000e-05	-9.088876e-03	3.801525e+00
1.197000e-05	2.933841e-02	3.894268e+00
1.198000e-05	3.714071e-03	3.959475e+00
1.199000e-05	-5.389067e-02	4.042156e+00
1.200000e-05	2.974382e-03	4.138869e+00
1.201000e-05	1.092749e-02	4.213108e+00
1.202000e-05	5.889216e-03	4.339899e+00
1.203000e-05	-3.218474e-02	4.433632e+00
1.204000e-05	-2.519307e-02	4.465341e+00
1.205000e-05	-2.411912e-03	4.570025e+00
1.206000e-05	1.415263e-02	4.653104e+00
1.207000e-05	-1.430658e-03	4.667992e+00
1.208000e-05	-3.822853e-02	4.809924e+00
1.209000e-05	-1.113495e-02	4.823577e+00
1.210000e-05	1.225919e-03	4.926493e+00
1.211000e-05	9.885018e-03	5.053260e+00
1.212000e-05	-2.436459e-02	5.136266e+00
1.213000e-05	-2.697715e-02	5.191053e+00
1.214000e-05	-8.214841e-03	5.274237e+00
1.215000e-05	1.117562e-02	5.337844e+00
1.216000e-05	-6.135635e-03	5.400470e+00
1.217000e-05	-3.077025e-02	5.463158e+00
1.218000e-05	-1.601370e-02	5.486342e+00
1.219000e-05	-2.785555e-03	5.569445e+00
1.220000e-05	7.861621e-03	5.600971e+00
1.221000e-05	-2.000600e-02	5.591026e+00
1.222000e-05	-2.601938e-02	5.652134e+00
1.223000e-05	-1.559448e-02	5.687236e+00
1.224000e-05	3.410237e-03	5.728448e+00
1.225000e-05	-6.218085e-03	5.823579e+00
1.226000e-05	-2.653441e-02	5.834816e+00
1.227000e-05	-2.019507e-02	5.948942e+00
1.228000e-05	-6.427113e-03	5.979975e+00
1.229000e-05	3.185860e-03	5.999998e+00
1.230000e-05	-1.868707e-02	5.980527e+00
1.231000e-05	-2.589403e-02	6.020103e+00
1.232000e-05	-1.922517e-02	6.022054e+00
1.233000e-05	-2.821410e-03	6.043107e+00
1.234000e-05	-8.587934e-03	6.095709e+00
1.235000e-05	-2.270712e-02	6.105187e+00
1.236000e-05	-2.172273e-02	6.116369e+00
1.237000e-05	-1.226108e-02	6.117344e+00
1.238000e-05	-3.142086e-03	6.157317e+00
1.239000e-05	-1.765385e-02	6.148346e+00
1.240000e-05	-2.654183e-02	6.117896e+00
1.241000e-05	-2.256127e-02	6.148921e+00
1.242000e-05	-7.743697e-03	6.168448e+00
1.243000e-05	-9.747114e-03	6.147346e+00
1.244000e-05	-2.143456e-02	6.149415e+00
1.245000e-05	-2.493578e-02	6.187369e+00
1.246000e-05	-1.622843e-02	6.146325e+00
1.247000e-05	-8.558623e-03	6.146816e+00
1.248000e-05	-1.780594e-02	6.115716e+00
1.249000e-05	-2.582063e-02	6.075286e+00
1.250000e-05	-2.431148e-02	6.066290e+00
1.251000e-05	-1.377312e-02	6.072662e+00
1.252000e-05	-1.263308e-02	6.042609e+00
1.253000e-05	-2.189434e-02	6.032029e+00
1.254000e-05	-2.774442e-02	6.022003e+00
1.255000e-05	-2.124448e-02	6.000501e+00
1.256000e-05	-1.357540e-02	5.999499e+00
1.257000e-05	-1.900156e-02	5.979474e+00
1.258000e-05	-2.639445e-02	5.918420e+00
1.259000e-05	-2.682247e-02	5.873263e+00
1.260000e-05	-1.700214e-02	5.832208e+00
1.261000e-05	-1.463948e-02	5.736899e+00
1.262000e-05	-2.254222e-02	5.693790e+00
1.263000e-05	-2.682263e-02	5.650530e+00
1.264000e-05	-2.236148e-02	5.621001e+00
1.265000e-05	-1.492775e-02	5.588424e+00
1.266000e-05	-1.852030e-02	5.557845e+00
1.267000e-05	-2.544768e-02	5.485687e+00
1.268000e-05	-2.690689e-02	5.443132e+00
1.269000e-05	-1.836848e-02	5.390001e+00
1.270000e-05	-1.635821e-02	5.347392e+00
1.271000e-05	-1.991709e-02	5.292661e+00
1.272000e-05	-2.615699e-02	5.200605e+00
1.273000e-05	-2.107219e-02	5.156347e+00
1.274000e-05	-1.636187e-02	5.094655e+00
1.275000e-05	-1.579337e-02	5.004866e+00
1.276000e-05	-2.200171e-02	4.852132e+00
1.277000e-05	-2.173874e-02	4.780474e+00
1.278000e-05	-1.777011e-02	4.753892e+00
1.279000e-05	-1.359729e-02	4.663160e+00
1.280000e-05	-1.856996e-02	4.601000e+00
1.281000e-05	-2.098022e-02	4.546290e+00
1.282000e-05	-1.830160e-02	4.450630e+00
1.283000e-05	-1.239636e-02	4.400019e+00
1.284000e-05	-1.242253e-02	4.327890e+00
1.285000e-05	-1.624048e-02	4.261006e+00
1.286000e-05	-1.856006e-02	4.064738e+00
1.287000e-05	-1.471696e-02	4.021029e+00
1.288000e-05	-1.199736e-02	3.953817e+00
1.289000e-05	-1.365284e-02	3.842708e+00
1.290000e-05	-1.579779e-02	3.778522e+00
1.291000e-05	-1.445564e-02	3.702180e+00
1.292000e-05	-1.008077e-02	3.601525e+00
1.293000e-05	-9.350822e-03	3.546845e+00
1.294000e-05	-1.133631e-02	3.441956e+00
1.295000e-05	-1.346278e-02	3.264634e+00
1.296000e-05	-1.155254e-02	3.189502e+00
1.297000e-05	-9.208540e-03	3.084788e+00
1.298000e-05	-9.414899e-03	2.990527e+00
1.299000e-05	-1.148933e-02	2.915716e+00
1.300000e-05	-1.176151e-02	2.842080e+00
1.301000e-05	-8.388503e-03	2.758370e+00
1.302000e-05	-7.257451e-03	2.653109e+00
1.303000e-05	-8.663481e-03	2.514183e+00
1.304000e-05	-1.027652e-02	2.388521e+00
1.305000e-05	-8.651204e-03	2.263160e+00
1.306000e-05	-6.550391e-03	2.169470e+00
1.307000e-05	-6.715919e-03	2.083712e+00
1.308000e-05	-8.542619e-03	2.009046e+00
1.309000e-05	-9.054238e-03	1.914689e+00
1.310000e-05	-6.542870e-03	1.788974e+00
1.311000e-05	-5.342726e-03	1.664134e+00
1.312000e-05	-6.275730e-03	1.565393e+00
1.313000e-05	-7.829937e-03	1.441526e+00
1.314000e-05	-7.168108e-03	1.335709e+00
1.315000e-05	-4.733312e-03	1.220970e+00
1.316000e-05	-5.317948e-03	1.032132e+00
1.317000e-05	-6.432817e-03	9.037729e-01
1.318000e-05	-8.068790e-03	7.989736e-01
1.319000e-05	-5.560660e-03	7.037129e-01
1.320000e-05	-4.171844e-03	5.773721e-01
1.321000e-05	-4.695986e-03	4.436588e-01
1.322000e-05	-5.497421e-03	3.988985e-01
1.323000e-05	-5.589446e-03	2.821098e-01
1.324000e-05	-2.983954e-03	1.247652e-01
1.325000e-05	-3.137186e-03	3.052375e-02
1.326000e-05	-2.937873e-03	-9.728853e-02
1.327000e-05	-2.291162e-03	-1.900752e-01
1.328000e-05	-9.658059e-04	-3.053397e-01
1.329000e-05	-7.773445e-04	-4.099999e-01
1.330000e-05	-1.971559e-03	-4.542106e-01
1.331000e-05	-3.050577e-03	-6.310604e-01
1.332000e-05	-3.036603e-03	-7.487948e-01
1.333000e-05	6.845508e-03	-8.306501e-01
1.334000e-05	4.546335e-02	-9.368473e-01
1.335000e-05	1.279547e-02	-1.104810e+00
1.336000e-05	-3.507046e-02	-1.337368e+00
1.337000e-05	-1.042982e-01	-1.476817e+00
1.338000e-05	5.903934e-02	-1.496791e+00
1.339000e-05	4.535972e-02	-1.556909e+00
1.340000e-05	-5.245291e-02	-1.726365e+00
1.341000e-05	-2.591959e-02	-1.823105e+00
1.342000e-05	5.719478e-02	-1.831576e+00
1.343000e-05	-2.059831e-02	-1.938945e+00
1.344000e-05	-6.394934e-02	-2.168045e+00
1.345000e-05	1.034492e-01	-2.233582e+00
1.346000e-05	-3.881644e-02	-2.337340e+00
1.347000e-05	-1.124955e-01	-2.444637e+00
1.348000e-05	8.720203e-02	-2.539371e+00
1.349000e-05	5.125583e-02	-2.623132e+00
1.350000e-05	-8.780539e-02	-2.758949e+00
1.351000e-05	2.231652e-02	-2.840006e+00
1.352000e-05	3.427480e-03	-2.948919e+00
1.353000e-05	7.120262e-03	-3.097339e+00
1.354000e-05	3.381790e-02	-3.199900e+00
1.355000e-05	-4.755298e-02	-3.255335e+00
1.356000e-05	-1.941180e-02	-3.419501e+00
1.357000e-05	7.111971e-02	-3.452657e+00
1.358000e-05	-2.216746e-02	-3.547368e+00
1.359000e-05	-5.474082e-03	-3.622604e+00
1.360000e-05	1.265833e-02	-3.715811e+00
1.361000e-05	-4.870200e-02	-3.865186e+00
1.362000e-05	4.755520e-02	-3.998971e+00
1.363000e-05	3.118474e-02	-4.022656e+00
1.364000e-05	-3.492263e-02	-4.117890e+00
1.365000e-05	-7.787174e-03	-4.190002e+00
1.366000e-05	1.265749e-02	-4.274786e+00
1.367000e-05	2.526909e-02	-4.358895e+00
1.368000e-05	-3.986225e-03	-4.400050e+00
1.369000e-05	-2.671469e-02	-4.453262e+00
1.370000e-05	2.938218e-03	-4.598048e+00
1.371000e-05	2.747586e-02	-4.644164e+00
1.372000e-05	1.460227e-02	-4.755786e+00
1.373000e-05	-3.952260e-03	-4.769472e+00
1.374000e-05	-2.243538e-02	-4.894736e+00
1.375000e-05	1.744561e-02	-4.969471e+00
1.376000e-05	2.108232e-02	-5.022134e+00
1.377000e-05	-2.046066e-03	-5.126314e+00
1.378000e-05	-7.808430e-03	-5.157449e+00
1.379000e-05	-1.131694e-02	-5.222678e+00
1.380000e-05	3.022766e-02	-5.325289e+00
1.381000e-05	1.504982e-02	-5.411548e+00
1.382000e-05	-7.907546e-03	-5.524340e+00
1.383000e-05	-8.346741e-03	-5.589450e+00
1.384000e-05	4.618245e-03	-5.600025e+00
1.385000e-05	2.450292e-02	-5.631651e+00
1.386000e-05	7.797964e-03	-5.694262e+00
1.387000e-05	-9.530941e-03	-5.767945e+00
1.388000e-05	-3.479641e-03	-5.790498e+00
1.389000e-05	1.885529e-02	-5.800603e+00
1.390000e-05	1.977118e-02	-5.903161e+00
1.391000e-05	3.357017e-04	-5.905312e+00
1.392000e-05	-1.216380e-02	-5.948367e+00
1.393000e-05	1.049496e-02	-5.979995e+00
1.394000e-05	2.109448e-02	-5.989999e+00
1.395000e-05	1.124880e-02	-6.001000e+00
1.396000e-05	-5.501340e-03	-6.020105e+00
1.397000e-05	-2.694093e-03	-6.031154e+00
1.398000e-05	1.836902e-02	-6.051713e+00
1.399000e-05	1.694740e-02	-6.095287e+00
1.400000e-05	5.958925e-03	-6.127848e+00
1.401000e-05	-4.404153e-03	-6.168891e+00
1.402000e-05	8.321779e-03	-6.188521e+00
1.403000e-05	2.048034e-02	-6.240476e+00
1.404000e-05	1.453049e-02	-6.239028e+00
1.405000e-05	8.716005e-04	-6.241029e+00
1.406000e-05	-2.962312e-04	-6.243562e+00
1.407000e-05	1.552543e-02	-6.241282e+00
1.408000e-05	1.955411e-02	-6.236238e+00
1.409000e-05	9.656190e-03	-6.244230e+00
1.410000e-05	5.745479e-04	-6.264235e+00
1.411000e-05	8.213390e-03	-6.254208e+00
1.412000e-05	1.942000e-02	-6.232283e+00
1.413000e-05	1.711109e-02	-6.211701e+00
1.414000e-05	6.249034e-03	-6.280587e+00
1.415000e-05	4.319326e-03	-6.189575e+00
1.416000e-05	1.519916e-02	-6.150526e+00
1.417000e-05	2.063968e-02	-6.178364e+00
1.418000e-05	1.434296e-02	-6.114795e+00
1.419000e-05	4.468492e-03	-6.035165e+00
1.420000e-05	9.339434e-03	-6.081679e+00
1.421000e-05	1.911425e-02	-6.001575e+00
1.422000e-05	1.932545e-02	-6.020001e+00
1.423000e-05	1.077999e-02	-5.999975e+00
1.424000e-05	6.547403e-03	-5.937925e+00
1.425000e-05	1.590591e-02	-5.998371e+00
1.426000e-05	2.008918e-02	-5.926290e+00
1.427000e-05	1.704198e-02	-5.854188e+00
1.428000e-05	6.723973e-03	-5.811128e+00
1.429000e-05	1.046930e-02	-5.801045e+00
1.430000e-05	1.813640e-02	-5.766945e+00
1.431000e-05	1.997333e-02	-5.683287e+00
1.432000e-05	1.259775e-02	-5.620656e+00
1.433000e-05	8.421131e-03	-5.610529e+00
1.434000e-05	1.372072e-02	-5.599422e+00
1.435000e-05	1.891074e-02	-5.535791e+00
1.436000e-05	1.675722e-02	-5.431132e+00
1.437000e-05	8.840185e-03	-5.396418e+00
1.438000e-05	9.010426e-03	-5.223137e+00
1.439000e-05	1.510880e-02	-5.220078e+00
1.440000e-05	1.695226e-02	-5.127396e+00
1.441000e-05	1.229761e-02	-5.082159e+00
1.442000e-05	6.702523e-03	-4.998996e+00
1.443000e-05	9.650323e-03	-4.953816e+00
1.444000e-05	1.411098e-02	-4.831447e+00
1.445000e-05	1.342533e-02	-4.725242e+00
1.446000e-05	7.168545e-03	-4.642681e+00
1.447000e-05	5.101726e-03	-4.609450e+00
1.448000e-05	1.052339e-02	-4.544367e+00
1.449000e-05	1.290797e-02	-4.444103e+00
1.450000e-05	8.641047e-03	-4.399474e+00
1.451000e-05	4.249168e-03	-4.335791e+00
1.452000e-05	5.436771e-03	-4.251607e+00
1.453000e-05	9.428528e-03	-4.188396e+00
1.454000e-05	9.116903e-03	-4.103209e+00
1.455000e-05	4.113174e-03	-4.030529e+00
1.456000e-05	2.041500e-03	-3.925370e+00
1.457000e-05	4.959508e-03	-3.790551e+00
1.458000e-05	7.804072e-03	-3.723711e+00
1.459000e-05	5.147656e-03	-3.610575e+00
1.460000e-05	7.768003e-04	-3.524442e+00
1.461000e-05	1.938496e-03	-3.441581e+00
1.462000e-05	5.249120e-03	-3.325795e+00
1.463000e-05	5.565746e-03	-3.262106e+00
1.464000e-05	6.582456e-04	-3.138947e+00
1.465000e-05	2.002082e-04	-3.081733e+00
1.466000e-05	1.944498e-03	-2.946833e+00
1.467000e-05	4.850319e-03	-2.790552e+00
1.468000e-05	1.579557e-03	-2.726867e+00
1.469000e-05	-1.212612e-03	-2.621029e+00
1.470000e-05	-1.688447e-03	-2.504314e+00
1.471000e-05	1.250439e-03	-2.421004e+00
1.472000e-05	2.194780e-03	-2.316391e+00
1.473000e-05	-1.288193e-03	-2.198001e+00
1.474000e-05	-2.702890e-03	-2.093608e+00
1.475000e-05	-1.412981e-03	-1.967346e+00
1.476000e-05	1.942583e-03	-1.873156e+00
1.477000e-05	5.708306e-04	-1.797901e+00
1.478000e-05	-1.800416e-03	-1.681159e+00
1.479000e-05	-3.087714e-03	-1.588921e+00
1.480000e-05	-8.313549e-04	-1.392380e+00
1.481000e-05	-6.335916e-04	-1.313706e+00
1.482000e-05	-2.783001e-03	-1.167896e+00
1.483000e-05	-5.637978e-03	-1.042076e+00
1.484000e-05	-3.524765e-03	-9.042617e-01
1.485000e-05	-1.149460e-03	-8.600786e-01
1.486000e-05	-6.071924e-04	-7.348144e-01
1.487000e-05	-3.149338e-03	-6.079220e-01
1.488000e-05	-4.632442e-03	-4.706564e-01
1.489000e-05	-3.495608e-03	-3.878182e-01
1.490000e-05	-3.053483e-03	-2.710564e-01
1.491000e-05	-3.649854e-03	-1.458943e-01
1.492000e-05	-3.946563e-03	-3.065257e-02
1.493000e-05	-1.127415e-03	5.113271e-02
1.494000e-05	4.083373e-04	1.500465e-01
1.495000e-05	3.824963e-04	3.173386e-01
1.496000e-05	-2.649785e-03	3.994752e-01
1.497000e-05	-3.923381e-03	5.072334e-01
1.498000e-05	-3.465456e-03	5.905003e-01
1.499000e-05	1.719158e-03	6.683435e-01
1.500000e-05	2.028493e-02	8.000251e-01
1.501000e-05	3.403957e-02	9.210207e-01
1.502000e-05	-1.504869e-02	1.118945e+00
1.503000e-05	-6.495865e-02	1.276262e+00
1.504000e-05	-6.272508e-02	1.368869e+00
1.505000e-05	7.221578e-02	1.463133e+00
1.506000e-05	2.942719e-02	1.643658e+00
1.507000e-05	-1.103481e-01	1.748364e+00
1.508000e-05	3.743965e-02	1.778523e+00
1.509000e-05	2.096765e-02	1.917345e+00
1.510000e-05	-3.459012e-02	2.001978e+00
1.511000e-05	-3.649536e-03	2.022132e+00
1.512000e-05	5.622807e-02	2.142018e+00
1.513000e-05	-8.868412e-02	2.318347e+00
1.514000e-05	-3.676433e-02	2.409500e+00
1.515000e-05	9.277190e-02	2.463660e+00
1.516000e-05	-9.320838e-03	2.602626e+00
1.517000e-05	-6.170831e-02	2.748948e+00
1.518000e-05	2.141197e-03	2.853260e+00
1.519000e-05	3.552423e-03	2.948921e+00
1.520000e-05	3.994512e-03	2.982127e+00
1.521000e-05	9.404925e-03	3.147366e+00
1.522000e-05	-6.041375e-02	3.221600e+00
1.523000e-05	1.479305e-02	3.327760e+00
1.524000e-05	1.699702e-02	3.400608e+00
1.525000e-05	-3.380552e-03	3.538420e+00
1.526000e-05	-2.082700e-02	3.630627e+00
1.527000e-05	-2.629925e-02	3.706342e+00
1.528000e-05	-1.953260e-02	3.811474e+00
1.529000e-05	3.267955e-02	3.856261e+00
1.530000e-05	8.736951e-03	3.959473e+00
1.531000e-05	-5.306081e-02	4.022154e+00
1.532000e-05	-3.327625e-03	4.105420e+00
1.533000e-05	9.139691e-03	4.210603e+00
1.534000e-05	1.074781e-02	4.347393e+00
1.535000e-05	-3.274458e-02	4.440628e+00
1.536000e-05	-2.500729e-02	4.536687e+00
1.537000e-05	-7.810836e-03	4.568346e+00
1.538000e-05	1.763980e-02	4.632604e+00
1.539000e-05	8.990279e-04	4.717841e+00
1.540000e-05	-3.402644e-02	4.809974e+00
1.541000e-05	-1.545685e-02	4.852654e+00
1.542000e-05	-8.637516e-04	4.926438e+00
1.543000e-05	1.229053e-02	5.013058e+00
1.544000e-05	-2.248518e-02	5.078264e+00
1.545000e-05	-2.629609e-02	5.191575e+00
1.546000e-05	-1.309355e-02	5.254282e+00
1.547000e-05	1.301812e-02	5.326869e+00
1.548000e-05	-4.344747e-03	5.380446e+00
1.549000e-05	-2.801837e-02	5.422631e+00
1.550000e-05	-2.025395e-02	5.475788e+00
1.551000e-05	-4.954644e-03	5.548470e+00
1.552000e-05	8.267317e-03	5.579000e+00
1.553000e-05	-1.769624e-02	5.591075e+00
1.554000e-05	-2.473516e-02	5.653659e+00
1.555000e-05	-1.836604e-02	5.663764e+00
1.556000e-05	4.488718e-03	5.790396e+00
1.557000e-05	-3.529647e-03	5.819078e+00
1.558000e-05	-2.397765e-02	5.884732e+00
1.559000e-05	-2.339793e-02	5.917319e+00
1.560000e-05	-7.270968e-03	5.969450e+00
1.561000e-05	2.905469e-03	6.009528e+00
1.562000e-05	-1.699551e-02	5.990501e+00
1.563000e-05	-2.480977e-02	6.001577e+00
1.564000e-05	-2.097564e-02	6.020604e+00
1.565000e-05	-2.755579e-03	6.043632e+00
1.566000e-05	-6.919462e-03	6.063629e+00
1.567000e-05	-2.040716e-02	6.093732e+00
1.568000e-05	-2.475742e-02	6.076890e+00
1.569000e-05	-1.316361e-02	6.107394e+00
1.570000e-05	-2.796209e-03	6.136917e+00
1.571000e-05	-1.497257e-02	6.138419e+00
1.572000e-05	-2.562083e-02	6.157794e+00
1.573000e-05	-2.436586e-02	6.148442e+00
1.574000e-05	-8.633968e-03	6.170921e+00
1.575000e-05	-8.776950e-03	6.128944e+00
1.576000e-05	-2.017168e-02	6.129946e+00
1.577000e-05	-2.668886e-02	6.187895e+00
1.578000e-05	-1.732126e-02	6.128424e+00
1.579000e-05	-8.820643e-03	6.136844e+00
1.580000e-05	-1.732580e-02	6.118339e+00
1.581000e-05	-2.599386e-02	6.095288e+00
1.582000e-05	-2.527101e-02	6.094814e+00
1.583000e-05	-1.417065e-02	6.044182e+00
1.584000e-05	-1.192346e-02	6.053756e+00
1.585000e-05	-2.087851e-02	6.032104e+00
1.586000e-05	-2.740313e-02	6.021103e+00
1.587000e-05	-2.212234e-02	6.010000e+00
1.588000e-05	-1.278728e-02	5.998949e+00
1.589000e-05	-1.765187e-02	5.969474e+00
1.590000e-05	-2.560840e-02	5.967315e+00
1.591000e-05	-2.748576e-02	5.916265e+00
1.592000e-05	-1.768810e-02	5.882059e+00
1.593000e-05	-1.519258e-02	5.748473e+00
1.594000e-05	-2.193679e-02	5.716337e+00
1.595000e-05	-2.684361e-02	5.632108e+00
1.596000e-05	-2.404727e-02	5.641053e+00
1.597000e-05	-1.628365e-02	5.597975e+00
1.598000e-05	-1.764686e-02	5.569393e+00
1.599000e-05	-2.359024e-02	5.524764e+00
1.600000e-05	-2.765094e-02	5.473656e+00
1.601000e-05	-2.079943e-02	5.439526e+00
1.602000e-05	-1.538821e-02	5.329470e+00
1.603000e-05	-1.748875e-02	5.272709e+00
1.604000e-05	-2.518904e-02	5.211030e+00
1.605000e-05	-2.314790e-02	5.169945e+00
1.606000e-05	-1.741374e-02	5.064737e+00
1.607000e-05	-1.386799e-02	4.978922e+00
1.608000e-05	-2.018576e-02	4.872659e+00
1.609000e-05	-2.334635e-02	4.799553e+00
1.610000e-05	-1.939072e-02	4.738895e+00
1.611000e-05	-1.400536e-02	4.684686e+00
1.612000e-05	-1.502966e-02	4.610552e+00
1.613000e-05	-1.985016e-02	4.495797e+00
1.614000e-05	-2.001098e-02	4.441679e+00
1.615000e-05	-1.353591e-02	4.409973e+00
1.616000e-05	-1.134359e-02	4.386369e+00
1.617000e-05	-1.557316e-02	4.243483e+00
1.618000e-05	-1.957774e-02	4.136270e+00
1.619000e-05	-1.645302e-02	4.011528e+00
1.620000e-05	-1.124250e-02	3.926846e+00
1.621000e-05	-1.049257e-02	3.873135e+00
1.622000e-05	-1.480174e-02	3.809426e+00
1.623000e-05	-1.557669e-02	3.695138e+00
1.624000e-05	-1.158505e-02	3.599525e+00
1.625000e-05	-8.835988e-03	3.528843e+00
1.626000e-05	-1.040581e-02	3.440003e+00
1.627000e-05	-1.424025e-02	3.333737e+00
1.628000e-05	-1.329744e-02	3.229502e+00
1.629000e-05	-8.914084e-03	3.126738e+00
1.630000e-05	-7.734644e-03	3.022106e+00
1.631000e-05	-1.189623e-02	2.964789e+00
1.632000e-05	-1.252359e-02	2.860579e+00
1.633000e-05	-8.574232e-03	2.815972e+00
1.634000e-05	-7.232811e-03	2.700536e+00
1.635000e-05	-7.353692e-03	2.513140e+00
1.636000e-05	-1.074385e-02	2.438479e+00
1.637000e-05	-1.004659e-02	2.313184e+00
1.638000e-05	-7.291355e-03	2.228025e+00
1.639000e-05	-6.427886e-03	2.104712e+00
1.640000e-05	-8.468879e-03	1.989501e+00
1.641000e-05	-9.661817e-03	1.906738e+00
1.642000e-05	-7.915033e-03	1.819474e+00
1.643000e-05	-5.412574e-03	1.695683e+00
1.644000e-05	-5.284362e-03	1.536249e+00
1.645000e-05	-8.000301e-03	1.440608e+00
1.646000e-05	-7.567659e-03	1.304838e+00
1.647000e-05	-5.840927e-03	1.220002e+00
1.648000e-05	-4.902140e-03	1.113208e+00
1.649000e-05	-6.362849e-03	9.133416e-01
1.650000e-05	-7.717117e-03	7.804975e-01
1.651000e-05	-6.381922e-03	6.846404e-01
1.652000e-05	-4.130714e-03	6.278235e-01
1.653000e-05	-3.477480e-03	5.346842e-01
1.654000e-05	-5.056784e-03	3.789474e-01
1.655000e-05	-6.425967e-03	2.927378e-01
1.656000e-05	-5.242770e-03	1.442928e-01
1.657000e-05	-3.681966e-03	2.057876e-02
1.658000e-05	-2.271138e-03	-8.426197e-02
1.659000e-05	-2.670005e-03	-2.305002e-01
1.660000e-05	-2.443691e-03	-2.762633e-01
1.661000e-05	-1.825546e-03	-3.789512e-01
1.662000e-05	-1.756184e-03	-4.837407e-01
1.663000e-05	-2.283362e-03	-6.616318e-01
1.664000e-05	-2.867596e-03	-7.773199e-01
1.665000e-05	3.865900e-03	-8.111515e-01
1.666000e-05	4.217165e-02	-8.963148e-01
1.667000e-05	2.232604e-02	-1.094660e+00
1.668000e-05	-3.130816e-02	-1.257886e+00
1.669000e-05	-1.031493e-01	-1.496741e+00
1.670000e-05	4.477052e-02	-1.493338e+00
1.671000e-05	4.650276e-02	-1.557386e+00
1.672000e-05	-2.514532e-02	-1.644310e+00
1.673000e-05	-6.555544e-02	-1.831654e+00
1.674000e-05	6.859944e-02	-1.842579e+00
1.675000e-05	-1.983948e-02	-1.906888e+00
1.676000e-05	-7.481781e-02	-2.170441e+00
1.677000e-05	1.003786e-01	-2.243655e+00
1.678000e-05	-1.983325e-02	-2.306209e+00
1.679000e-05	-1.256872e-01	-2.413181e+00
1.680000e-05	7.713565e-02	-2.537349e+00
1.681000e-05	7.111682e-02	-2.623181e+00
1.682000e-05	-8.467655e-02	-2.758897e+00
1.683000e-05	1.106375e-02	-2.809528e+00
1.684000e-05	1.034632e-02	-2.887792e+00
1.685000e-05	5.216686e-04	-3.066292e+00
1.686000e-05	3.548013e-02	-3.199499e+00
1.687000e-05	-3.706645e-02	-3.233656e+00
1.688000e-05	-3.603571e-02	-3.369424e+00
1.689000e-05	7.584125e-02	-3.431129e+00
1.690000e-05	-1.839250e-02	-3.527869e+00
1.691000e-05	-1.056217e-02	-3.610578e+00
1.692000e-05	1.716499e-02	-3.684288e+00
1.693000e-05	-4.804971e-02	-3.783731e+00
1.694000e-05	3.681085e-02	-3.978421e+00
1.695000e-05	4.046313e-02	-4.022203e+00
1.696000e-05	-3.123177e-02	-4.116842e+00
1.697000e-05	-1.313660e-02	-4.180473e+00
1.698000e-05	1.522109e-02	-4.274210e+00
1.699000e-05	2.157708e-02	-4.346894e+00
1.700000e-05	2.538452e-03	-4.400576e+00
1.701000e-05	-2.783979e-02	-4.473832e+00
1.702000e-05	-4.567848e-04	-4.598969e+00
1.703000e-05	2.571110e-02	-4.684687e+00
1.704000e-05	1.375896e-02	-4.694792e+00
1.705000e-05	2.577172e-03	-4.768921e+00
1.706000e-05	-2.404646e-02	-4.905761e+00
1.707000e-05	1.351905e-02	-4.978349e+00
1.708000e-05	1.893159e-02	-5.011629e+00
1.709000e-05	5.949240e-04	-5.085808e+00
1.710000e-05	-4.471074e-03	-5.178375e+00
1.711000e-05	-1.229812e-02	-5.202653e+00
1.712000e-05	2.587947e-02	-5.264733e+00
1.713000e-05	1.730996e-02	-5.358647e+00
1.714000e-05	-4.151115e-03	-5.515767e+00
1.715000e-05	-8.287771e-03	-5.568475e+00
1.716000e-05	3.702752e-03	-5.590074e+00
1.717000e-05	1.933249e-02	-5.632175e+00
1.718000e-05	1.125510e-02	-5.646211e+00
1.719000e-05	-8.656352e-03	-5.737895e+00
1.720000e-05	-3.146374e-03	-5.779449e+00
1.721000e-05	1.368643e-02	-5.820052e+00
1.722000e-05	1.841947e-02	-5.823129e+00
1.723000e-05	4.561687e-03	-5.945761e+00
1.724000e-05	-1.121795e-02	-5.956941e+00
1.725000e-05	8.939530e-03	-5.969973e+00
1.726000e-05	1.779997e-02	-6.000000e+00
1.727000e-05	1.324447e-02	-6.010001e+00
1.728000e-05	-2.345387e-03	-6.001526e+00
1.729000e-05	-3.237158e-03	-6.033155e+00
1.730000e-05	1.489669e-02	-6.063205e+00
1.731000e-05	1.644163e-02	-6.076389e+00
1.732000e-05	8.932663e-03	-6.124295e+00
1.733000e-05	-2.365519e-03	-6.147970e+00
1.734000e-05	6.248865e-03	-6.179445e+00
1.735000e-05	1.817125e-02	-6.250200e+00
1.736000e-05	1.535028e-02	-6.232579e+00
1.737000e-05	3.789624e-03	-6.220582e+00
1.738000e-05	1.520513e-04	-6.252654e+00
1.739000e-05	1.294058e-02	-6.222185e+00
1.740000e-05	1.874540e-02	-6.325755e+00
1.741000e-05	1.296080e-02	-6.262131e+00
1.742000e-05	2.150716e-03	-6.282780e+00
1.743000e-05	8.225867e-03	-6.282686e+00
1.744000e-05	1.699103e-02	-6.243206e+00
1.745000e-05	1.771105e-02	-6.251629e+00
1.746000e-05	7.225831e-03	-6.201630e+00
1.747000e-05	4.297153e-03	-6.210573e+00
1.748000e-05	1.385631e-02	-6.177047e+00
1.749000e-05	1.962389e-02	-6.165395e+00
1.750000e-05	1.636850e-02	-6.113861e+00
1.751000e-05	5.512341e-03	-6.103212e+00
1.752000e-05	9.831540e-03	-6.003680e+00
1.753000e-05	1.701609e-02	-6.031057e+00
1.754000e-05	1.947965e-02	-6.002000e+00
1.755000e-05	1.158415e-02	-5.980501e+00
1.756000e-05	7.866817e-03	-5.989048e+00
1.757000e-05	1.317002e-02	-5.968420e+00
1.758000e-05	2.031034e-02	-5.956863e+00
1.759000e-05	1.743903e-02	-5.904838e+00
1.760000e-05	9.859625e-03	-5.832128e+00
1.761000e-05	1.125230e-02	-5.801000e+00
1.762000e-05	1.614696e-02	-5.767395e+00
1.763000e-05	1.942958e-02	-5.706262e+00
1.764000e-05	1.280800e-02	-5.642076e+00
1.765000e-05	7.851335e-03	-5.629075e+00
1.766000e-05	1.260063e-02	-5.569471e+00
1.767000e-05	1.846636e-02	-5.547820e+00
1.768000e-05	1.806947e-02	-5.474135e+00
1.769000e-05	1.049220e-02	-5.356866e+00
1.770000e-05	9.950461e-03	-5.282763e+00
1.771000e-05	1.412491e-02	-5.210578e+00
1.772000e-05	1.567314e-02	-5.106395e+00
1.773000e-05	1.081328e-02	-5.103189e+00
1.774000e-05	7.242630e-03	-5.009054e+00
1.775000e-05	8.979673e-03	-4.926891e+00
1.776000e-05	1.497410e-02	-4.861606e+00
1.777000e-05	1.423759e-02	-4.734187e+00
1.778000e-05	9.597682e-03	-4.644686e+00
1.779000e-05	6.168260e-03	-4.628500e+00
1.780000e-05	9.738764e-03	-4.544864e+00
1.781000e-05	9.871130e-03	-4.451556e+00
1.782000e-05	7.733188e-03	-4.419998e+00
1.783000e-05	4.291386e-03	-4.334818e+00
1.784000e-05	5.524453e-03	-4.283628e+00
1.785000e-05	9.443441e-03	-4.207499e+00
1.786000e-05	1.015234e-02	-4.113638e+00
1.787000e-05	5.891622e-03	-4.021054e+00
1.788000e-05	3.589373e-03	-3.987368e+00
1.789000e-05	3.857597e-03	-3.871529e+00
1.790000e-05	6.279953e-03	-3.704161e+00
1.791000e-05	3.553453e-03	-3.620075e+00
1.792000e-05	1.736918e-03	-3.526367e+00
1.793000e-05	1.807960e-03	-3.442104e+00
1.794000e-05	5.050260e-03	-3.337793e+00
1.795000e-05	5.526421e-03	-3.252055e+00
1.796000e-05	2.312683e-03	-3.179022e+00
1.797000e-05	6.596939e-04	-3.092180e+00
1.798000e-05	5.464630e-04	-2.904285e+00
1.799000e-05	3.201695e-03	-2.810023e+00
1.800000e-05	1.870100e-03	-2.715869e+00
1.801000e-05	6.657239e-04	-2.641578e+00
1.802000e-05	-4.783860e-04	-2.545287e+00
1.803000e-05	1.898139e-03	-2.430453e+00
1.804000e-05	9.551973e-05	-2.367892e+00
1.805000e-05	-9.275565e-04	-2.206478e+00
1.806000e-05	-2.315710e-03	-2.082130e+00
1.807000e-05	-7.295460e-05	-1.987422e+00
1.808000e-05	5.689036e-04	-1.865261e+00
1.809000e-05	6.761523e-04	-1.796895e+00
1.810000e-05	-8.274594e-04	-1.683180e+00
1.811000e-05	-1.272768e-03	-1.607997e+00
1.812000e-05	-1.883203e-03	-1.422029e+00
1.813000e-05	-2.678480e-03	-1.303784e+00
1.814000e-05	-3.953655e-03	-1.178972e+00
1.815000e-05	-5.247606e-03	-1.032009e+00
1.816000e-05	-1.548386e-03	-9.228682e-01
1.817000e-05	-1.736630e-03	-8.520287e-01
1.818000e-05	-2.531303e-04	-7.968719e-01
1.819000e-05	-2.461060e-03	-6.394520e-01
1.820000e-05	-1.220216e-03	-4.726276e-01
1.821000e-05	-3.716503e-03	-3.558433e-01
1.822000e-05	-4.576404e-03	-2.535826e-01
1.823000e-05	-5.369216e-03	-1.858895e-01
1.824000e-05	-4.254494e-03	-8.158119e-02
1.825000e-05	-4.820999e-04	3.057783e-02
1.826000e-05	2.037385e-04	1.804489e-01
1.827000e-05	2.767704e-04	2.653135e-01
1.828000e-05	-1.856781e-03	3.999777e-01
1.829000e-05	-1.613699e-03	4.757384e-01
1.830000e-05	-2.808483e-03	5.800000e-01
1.831000e-05	-5.696410e-04	6.967385e-01
1.832000e-05	1.497120e-02	7.909725e-01
1.833000e-05	3.570694e-02	9.474927e-01
1.834000e-05	-8.390597e-03	1.107870e+00
1.835000e-05	-5.684456e-02	1.266213e+00
1.836000e-05	-7.720588e-02	1.349299e+00
1.837000e-05	6.748734e-02	1.452127e+00
1.838000e-05	3.481379e-02	1.611635e+00
1.839000e-05	-9.257804e-02	1.736290e+00
1.840000e-05	1.922892e-02	1.808474e+00
1.841000e-05	2.817960e-02	1.885889e+00
1.842000e-05	-2.693921e-02	2.020503e+00
1.843000e-05	-2.671014e-02	2.032579e+00
1.844000e-05	7.147514e-02	2.158944e+00
1.845000e-05	-8.174710e-02	2.318814e+00
1.846000e-05	-5.584695e-02	2.390000e+00
1.847000e-05	9.367913e-02	2.473706e+00
1.848000e-05	6.893829e-03	2.622174e+00
1.849000e-05	-7.095109e-02	2.768447e+00
1.850000e-05	3.338061e-03	2.813081e+00
1.851000e-05	1.171609e-03	2.906370e+00
1.852000e-05	4.474524e-03	3.000578e+00
1.853000e-05	1.542341e-02	3.126864e+00
1.854000e-05	-5.873163e-02	3.190551e+00
1.855000e-05	6.615778e-03	3.265241e+00
1.856000e-05	2.190829e-02	3.381629e+00
1.857000e-05	-7.607988e-05	3.567916e+00
1.858000e-05	-2.243950e-02	3.602102e+00
1.859000e-05	-2.096550e-02	3.715791e+00
1.860000e-05	-2.809552e-02	3.790978e+00
1.861000e-05	3.447722e-02	3.893309e+00
1.862000e-05	1.192826e-02	3.958421e+00
1.863000e-05	-4.986348e-02	3.981101e+00
1.864000e-05	-9.683891e-03	4.104718e+00
1.865000e-05	9.352335e-03	4.223183e+00
1.866000e-05	1.485783e-02	4.338419e+00
1.867000e-05	-3.106057e-02	4.411627e+00
1.868000e-05	-2.422931e-02	4.475763e+00
1.869000e-05	-1.342054e-02	4.519020e+00
1.870000e-05	1.950372e-02	4.632679e+00
1.871000e-05	2.178238e-03	4.686341e+00
1.872000e-05	-3.127819e-02	4.749524e+00
1.873000e-05	-2.089467e-02	4.811581e+00
1.874000e-05	-3.814265e-04	4.938341e+00
1.875000e-05	1.385409e-02	5.042601e+00
1.876000e-05	-2.112856e-02	5.125846e+00
1.877000e-05	-2.620159e-02	5.200028e+00
1.878000e-05	-1.647282e-02	5.264810e+00
1.879000e-05	1.537880e-02	5.326320e+00
1.880000e-05	-3.384117e-03	5.371499e+00
1.881000e-05	-2.557093e-02	5.431129e+00
1.882000e-05	-2.341925e-02	5.544715e+00
1.883000e-05	-5.379017e-03	5.548366e+00
1.884000e-05	7.961389e-03	5.559974e+00
1.885000e-05	-1.633902e-02	5.591000e+00
1.886000e-05	-2.497564e-02	5.661159e+00
1.887000e-05	-2.043207e-02	5.745166e+00
1.888000e-05	6.755269e-03	5.720424e+00
1.889000e-05	-2.884085e-03	5.810104e+00
1.890000e-05	-2.265527e-02	5.874216e+00
1.891000e-05	-2.618021e-02	5.896420e+00
1.892000e-05	-9.531631e-03	5.989445e+00
1.893000e-05	2.833805e-03	6.000001e+00
1.894000e-05	-1.503516e-02	6.001000e+00
1.895000e-05	-2.538154e-02	6.001550e+00
1.896000e-05	-2.219282e-02	6.021107e+00
1.897000e-05	-9.027514e-04	6.072655e+00
1.898000e-05	-5.673736e-03	6.051633e+00
1.899000e-05	-1.952328e-02	6.064712e+00
1.900000e-05	-2.691071e-02	6.064845e+00
1.901000e-05	-1.403848e-02	6.136241e+00
1.902000e-05	-3.339982e-03	6.136917e+00
1.903000e-05	-1.396876e-02	6.136294e+00
1.904000e-05	-2.531490e-02	6.098394e+00
1.905000e-05	-2.551048e-02	6.169423e+00
1.906000e-05	-9.004019e-03	6.178893e+00
1.907000e-05	-8.539241e-03	6.167319e+00
1.908000e-05	-1.940417e-02	6.127922e+00
1.909000e-05	-2.736826e-02	6.167996e+00
1.910000e-05	-1.801118e-02	6.157845e+00
1.911000e-05	-9.368136e-03	6.124371e+00
1.912000e-05	-1.555384e-02	6.146791e+00
1.913000e-05	-2.541330e-02	6.084217e+00
1.914000e-05	-2.726275e-02	6.095712e+00
1.915000e-05	-1.438853e-02	6.064713e+00
1.916000e-05	-1.165284e-02	6.034106e+00
1.917000e-05	-1.854846e-02	6.051053e+00
1.918000e-05	-2.850193e-02	6.030077e+00
1.919000e-05	-2.283679e-02	6.001526e+00
1.920000e-05	-1.427018e-02	5.999949e+00
1.921000e-05	-1.699727e-02	5.967971e+00
1.922000e-05	-2.561721e-02	5.958448e+00
1.923000e-05	-2.816744e-02	5.946388e+00
1.924000e-05	-1.840196e-02	5.831633e+00
1.925000e-05	-1.497682e-02	5.758494e+00
1.926000e-05	-2.022409e-02	5.714265e+00
1.927000e-05	-2.692558e-02	5.650604e+00
1.928000e-05	-2.444528e-02	5.611076e+00
1.929000e-05	-1.583233e-02	5.599976e+00
1.930000e-05	-1.741747e-02	5.577919e+00
1.931000e-05	-2.404058e-02	5.526765e+00
1.932000e-05	-2.731184e-02	5.452081e+00
1.933000e-05	-2.039328e-02	5.419551e+00
1.934000e-05	-1.538205e-02	5.360371e+00
1.935000e-05	-1.777766e-02	5.285265e+00
1.936000e-05	-2.487766e-02	5.201578e+00
1.937000e-05	-2.300813e-02	5.169420e+00
1.938000e-05	-1.712397e-02	5.114091e+00
1.939000e-05	-1.434273e-02	4.997916e+00
1.940000e-05	-2.023559e-02	4.864153e+00
1.941000e-05	-2.345205e-02	4.800001e+00
1.942000e-05	-1.998585e-02	4.778869e+00
1.943000e-05	-1.424372e-02	4.682685e+00
1.944000e-05	-1.594790e-02	4.600527e+00
1.945000e-05	-2.063643e-02	4.525317e+00
1.946000e-05	-1.975746e-02	4.462658e+00
1.947000e-05	-1.340074e-02	4.400004e+00
1.948000e-05	-1.115687e-02	4.388348e+00
1.949000e-05	-1.466497e-02	4.243081e+00
1.950000e-05	-1.933598e-02	4.114842e+00
1.951000e-05	-1.594892e-02	4.020629e+00
1.952000e-05	-1.170145e-02	3.967946e+00
1.953000e-05	-1.209346e-02	3.884108e+00
1.954000e-05	-1.600843e-02	3.790504e+00
1.955000e-05	-1.607486e-02	3.703742e+00
1.956000e-05	-1.101239e-02	3.630554e+00
1.957000e-05	-9.204956e-03	3.566820e+00
1.958000e-05	-1.057382e-02	3.452209e+00
1.959000e-05	-1.406568e-02	3.293741e+00
1.960000e-05	-1.199749e-02	3.231054e+00
1.961000e-05	-9.488329e-03	3.183743e+00
1.962000e-05	-7.929445e-03	3.042078e+00
1.963000e-05	-1.196001e-02	2.956371e+00
1.964000e-05	-1.255904e-02	2.852083e+00
1.965000e-05	-9.582916e-03	2.798499e+00
1.966000e-05	-6.762367e-03	2.660659e+00
1.967000e-05	-7.666434e-03	2.515255e+00
1.968000e-05	-1.066060e-02	2.410024e+00
1.969000e-05	-1.034662e-02	2.274162e+00
1.970000e-05	-6.834039e-03	2.188949e+00
1.971000e-05	-6.147748e-03	2.072739e+00
1.972000e-05	-9.613341e-03	2.011054e+00
1.973000e-05	-1.017235e-02	1.936917e+00
1.974000e-05	-8.432920e-03	1.828375e+00
1.975000e-05	-5.390069e-03	1.694238e+00
1.976000e-05	-5.590138e-03	1.597494e+00
1.977000e-05	-7.600280e-03	1.462531e+00
1.978000e-05	-7.883018e-03	1.305214e+00
1.979000e-05	-5.649408e-03	1.200526e+00
1.980000e-05	-3.926802e-03	1.096590e+00
1.981000e-05	-6.651569e-03	9.168192e-01
1.982000e-05	-8.168223e-03	8.099487e-01
1.983000e-05	-7.299200e-03	7.252115e-01
1.984000e-05	-4.471110e-03	5.790047e-01
1.985000e-05	-3.926173e-03	5.131352e-01
1.986000e-05	-5.997598e-03	3.905224e-01
1.987000e-05	-5.921076e-03	3.442643e-01
1.988000e-05	-4.291797e-03	1.263442e-01
1.989000e-05	-2.028779e-03	4.107376e-02
1.990000e-05	-2.861177e-03	-7.576209e-02
1.991000e-05	-2.136007e-03	-2.084512e-01
1.992000e-05	-2.750000e-03	-2.952360e-01
1.993000e-05	-6.171597e-04	-3.884725e-01
1.994000e-05	-1.767684e-03	-4.530815e-01
1.995000e-05	-2.460051e-03	-6.126254e-01
1.996000e-05	-3.781034e-03	-7.183923e-01
1.997000e-05	3.306543e-03	-8.215527e-01
1.998000e-05	3.749440e-02	-9.266908e-01
1.999000e-05	3.111366e-02	-1.063152e+00
2.000000e-05	-2.760559e-02	-1.273731e+00
2.001000e-05	-9.729429e-02	-1.486163e+00
2.002000e-05	2.460320e-02	-1.553242e+00
2.003000e-05	4.704885e-02	-1.516859e+00
2.004000e-05	5.270455e-04	-1.623256e+00
2.005000e-05	-9.386263e-02	-1.789654e+00
2.006000e-05	7.884550e-02	-1.821655e+00
2.007000e-05	-1.616687e-02	-1.936330e+00
2.008000e-05	-7.869846e-02	-2.065438e+00
2.009000e-05	9.230382e-02	-2.253681e+00
2.010000e-05	1.184785e-03	-2.306338e+00
2.011000e-05	-1.301967e-01	-2.412728e+00
2.012000e-05	6.497507e-02	-2.505866e+00
2.013000e-05	8.798139e-02	-2.612154e+00
2.014000e-05	-7.584973e-02	-2.738395e+00
2.015000e-05	-5.593972e-03	-2.809525e+00
2.016000e-05	1.685573e-02	-2.876341e+00
2.017000e-05	-4.837023e-03	-3.094766e+00
2.018000e-05	3.819432e-02	-3.159422e+00
2.019000e-05	-2.601093e-02	-3.222678e+00
2.020000e-05	-5.044949e-02	-3.378896e+00
2.021000e-05	7.706468e-02	-3.420655e+00
2.022000e-05	-9.576447e-03	-3.526916e+00
2.023000e-05	-1.482082e-02	-3.599949e+00
2.024000e-05	1.705575e-02	-3.684730e+00
2.025000e-05	-4.639378e-02	-3.842604e+00
2.026000e-05	2.647216e-02	-3.938422e+00
2.027000e-05	5.109927e-02	-4.011078e+00
2.028000e-05	-2.862836e-02	-4.094313e+00
2.029000e-05	-2.244474e-02	-4.168973e+00
2.030000e-05	1.734942e-02	-4.263708e+00
2.031000e-05	2.281290e-02	-4.337899e+00
2.032000e-05	7.804459e-03	-4.400023e+00
2.033000e-05	-3.134873e-02	-4.473738e+00
2.034000e-05	-6.265052e-03	-4.569994e+00
2.035000e-05	2.719340e-02	-4.662632e+00
2.036000e-05	1.682057e-02	-4.734913e+00
2.037000e-05	5.004002e-03	-4.758394e+00
2.038000e-05	-2.822670e-02	-4.894283e+00
2.039000e-05	1.115251e-02	-4.969471e+00
2.040000e-05	2.242056e-02	-4.980631e+00
2.041000e-05	5.176244e-03	-5.105312e+00
2.042000e-05	-6.872854e-03	-5.157370e+00
2.043000e-05	-1.622914e-02	-5.230175e+00
2.044000e-05	2.193100e-02	-5.275815e+00
2.045000e-05	2.272899e-02	-5.370521e+00
2.046000e-05	-2.338641e-03	-5.506810e+00
2.047000e-05	-1.158946e-02	-5.528447e+00
2.048000e-05	2.607764e-03	-5.609501e+00
2.049000e-05	1.993998e-02	-5.622655e+00
2.050000e-05	1.666858e-02	-5.694663e+00
2.051000e-05	-9.926200e-03	-5.695893e+00
2.052000e-05	-6.674772e-03	-5.779028e+00
2.053000e-05	1.216554e-02	-5.800501e+00
2.054000e-05	2.123055e-02	-5.831729e+00
2.055000e-05	7.755656e-03	-5.894887e+00
2.056000e-05	-1.291182e-02	-5.917842e+00
2.057000e-05	6.410296e-03	-5.958970e+00
2.058000e-05	1.964028e-02	-5.979576e+00
2.059000e-05	1.683814e-02	-6.010000e+00
2.060000e-05	-2.565232e-03	-6.011053e+00
2.061000e-05	-5.593518e-03	-6.021033e+00
2.062000e-05	1.283952e-02	-6.042106e+00
2.063000e-05	1.860153e-02	-6.084787e+00
2.064000e-05	1.034391e-02	-6.115313e+00
2.065000e-05	-2.621413e-03	-6.159950e+00
2.066000e-05	4.517425e-03	-6.208473e+00
2.067000e-05	1.743724e-02	-6.190550e+00
2.068000e-05	1.852353e-02	-6.182578e+00
2.069000e-05	3.913475e-03	-6.241060e+00
2.070000e-05	-8.331900e-04	-6.253584e+00
2.071000e-05	1.053310e-02	-6.273691e+00
2.072000e-05	2.017872e-02	-6.254131e+00
2.073000e-05	1.376678e-02	-6.283789e+00
2.074000e-05	1.329801e-03	-6.293785e+00
2.075000e-05	5.493771e-03	-6.302658e+00
2.076000e-05	1.629087e-02	-6.274183e+00
2.077000e-05	1.945878e-02	-6.225082e+00
2.078000e-05	8.182657e-03	-6.212125e+00
2.079000e-05	3.829759e-03	-6.192550e+00
2.080000e-05	1.225826e-02	-6.138370e+00
2.081000e-05	2.041169e-02	-6.126819e+00
2.082000e-05	1.771431e-02	-6.105867e+00
2.083000e-05	5.708844e-03	-6.063709e+00
2.084000e-05	6.662123e-03	-6.022207e+00
2.085000e-05	1.675504e-02	-6.020576e+00
2.086000e-05	2.113624e-02	-6.041501e+00
2.087000e-05	1.349235e-02	-5.980000e+00
2.088000e-05	7.347358e-03	-5.968472e+00
2.089000e-05	1.307608e-02	-5.948945e+00
2.090000e-05	2.041796e-02	-5.926467e+00
2.091000e-05	1.895247e-02	-5.893809e+00
2.092000e-05	9.091368e-03	-5.821679e+00
2.093000e-05	7.968778e-03	-5.790976e+00
2.094000e-05	1.605153e-02	-5.779072e+00
2.095000e-05	2.014639e-02	-5.714867e+00
2.096000e-05	1.362800e-02	-5.693632e+00
2.097000e-05	7.598301e-03	-5.651001e+00
2.098000e-05	1.176394e-02	-5.588524e+00
2.099000e-05	1.928315e-02	-5.515892e+00
2.100000e-05	1.794550e-02	-5.538690e+00
2.101000e-05	9.334453e-03	-5.388490e+00
2.102000e-05	7.625445e-03	-5.284164e+00
2.103000e-05	1.411297e-02	-5.239574e+00
2.104000e-05	1.770901e-02	-5.167422e+00
2.105000e-05	1.161046e-02	-5.084208e+00
2.106000e-05	6.763496e-03	-5.029480e+00
2.107000e-05	8.906537e-03	-4.948343e+00
2.108000e-05	1.447231e-02	-4.832611e+00
2.109000e-05	1.492908e-02	-4.714367e+00
2.110000e-05	8.361501e-03	-4.674610e+00
2.111000e-05	5.577631e-03	-4.619595e+00
2.112000e-05	9.249370e-03	-4.545293e+00
2.113000e-05	1.314290e-02	-4.462105e+00
2.114000e-05	8.925252e-03	-4.400530e+00
2.115000e-05	4.225819e-03	-4.334846e+00
2.116000e-05	4.683878e-03	-4.261183e+00
2.117000e-05	9.013183e-03	-4.218925e+00
2.118000e-05	1.043699e-02	-4.134811e+00
2.119000e-05	5.135413e-03	-4.010604e+00
2.120000e-05	3.453598e-03	-3.968395e+00
2.121000e-05	4.189392e-03	-3.842234e+00
2.122000e-05	7.517012e-03	-3.684138e+00
2.123000e-05	5.734776e-03	-3.610555e+00
2.124000e-05	1.289165e-03	-3.547268e+00
2.125000e-05	1.498145e-03	-3.483108e+00
2.126000e-05	3.678525e-03	-3.378943e+00
2.127000e-05	5.837279e-03	-3.273132e+00
2.128000e-05	2.275400e-03	-3.168525e+00
2.129000e-05	9.347277e-04	-3.122660e+00
2.130000e-05	1.335387e-03	-2.966192e+00
2.131000e-05	5.256295e-03	-2.840551e+00
2.132000e-05	2.871613e-03	-2.756922e+00
2.133000e-05	2.373869e-04	-2.641106e+00
2.134000e-05	-2.235787e-03	-2.556316e+00
2.135000e-05	7.619231e-04	-2.452555e+00
2.136000e-05	1.856468e-03	-2.367919e+00
2.137000e-05	5.300817e-04	-2.250628e+00
2.138000e-05	-3.597145e-03	-2.103239e+00
2.139000e-05	-1.156369e-03	-1.989397e+00
2.140000e-05	3.049447e-03	-1.894160e+00
2.141000e-05	1.923767e-03	-1.789496e+00
2.142000e-05	-2.083026e-03	-1.683260e+00
2.143000e-05	-3.054801e-03	-1.600024e+00
2.144000e-05	-9.814820e-04	-1.461080e+00
2.145000e-05	-6.835966e-04	-1.264735e+00
2.146000e-05	-2.731080e-03	-1.187895e+00
2.147000e-05	-6.012633e-03	-1.062634e+00
2.148000e-05	-3.441668e-03	-9.263219e-01
2.149000e-05	3.523750e-04	-8.516312e-01
2.150000e-05	-2.489508e-04	-7.289234e-01
2.151000e-05	-3.528308e-03	-6.325008e-01
2.152000e-05	-4.084965e-03	-5.046103e-01
2.153000e-05	-2.786222e-03	-3.774459e-01
2.154000e-05	-2.790164e-03	-2.826089e-01
2.155000e-05	-4.298967e-03	-1.878157e-01
2.156000e-05	-4.884258e-03	-5.263139e-02
2.157000e-05	-1.216373e-03	1.080191e-03
2.158000e-05	9.760124e-04	1.093937e-01
2.159000e-05	9.330909e-04	2.867871e-01
2.160000e-05	-1.986734e-03	3.604276e-01
2.161000e-05	-3.044034e-03	4.952581e-01
2.162000e-05	-3.306611e-03	5.489175e-01
2.163000e-05	3.152478e-04	6.647359e-01
2.164000e-05	1.358570e-02	7.990976e-01
2.165000e-05	3.749152e-02	9.663926e-01
2.166000e-05	-4.068062e-03	1.137218e+00
2.167000e-05	-5.014194e-02	1.264259e+00
2.168000e-05	-8.855923e-02	1.338920e+00
2.169000e-05	5.929366e-02	1.392627e+00
2.170000e-05	3.893695e-02	1.601605e+00
2.171000e-05	-7.111425e-02	1.716741e+00
2.172000e-05	-4.887941e-03	1.790019e+00
2.173000e-05	4.302309e-02	1.865311e+00
2.174000e-05	-2.055201e-02	2.001001e+00
2.175000e-05	-4.705462e-02	2.021558e+00
2.176000e-05	8.416297e-02	2.137488e+00
2.177000e-05	-6.920018e-02	2.306817e+00
2.178000e-05	-7.342705e-02	2.361074e+00
2.179000e-05	8.829311e-02	2.423129e+00
2.180000e-05	2.215170e-02	2.590558e+00
2.181000e-05	-7.481444e-02	2.747371e+00
2.182000e-05	5.131325e-03	2.822132e+00
2.183000e-05	-3.179000e-03	2.926872e+00
2.184000e-05	3.814694e-03	3.001502e+00
2.185000e-05	1.732300e-02	3.135815e+00
2.186000e-05	-5.395178e-02	3.179525e+00
2.187000e-05	-3.025202e-03	3.253632e+00
2.188000e-05	2.435782e-02	3.380629e+00
2.189000e-05	2.520930e-03	3.517369e+00
2.190000e-05	-2.268828e-02	3.590051e+00
2.191000e-05	-1.274683e-02	3.687286e+00
2.192000e-05	-3.653287e-02	3.778524e+00
2.193000e-05	3.405137e-02	3.884757e+00
2.194000e-05	1.435105e-02	3.928449e+00
2.195000e-05	-4.317236e-02	4.031678e+00
2.196000e-05	-1.847867e-02	4.084815e+00
2.197000e-05	9.589446e-03	4.213257e+00
2.198000e-05	1.585650e-02	4.336868e+00
2.199000e-05	-2.838212e-02	4.401600e+00
2.200000e-05	-2.361547e-02	4.484184e+00
2.201000e-05	-1.765259e-02	4.577447e+00
2.202000e-05	1.996345e-02	4.591530e+00
2.203000e-05	2.458135e-03	4.644237e+00
2.204000e-05	-2.478171e-02	4.749498e+00
2.205000e-05	-2.529052e-02	4.820530e+00
2.206000e-05	-2.078111e-03	4.895842e+00
2.207000e-05	1.283051e-02	5.032054e+00
2.208000e-05	-1.626795e-02	5.107844e+00
2.209000e-05	-2.488816e-02	5.170002e+00
2.210000e-05	-2.115154e-02	5.273061e+00
2.211000e-05	1.488434e-02	5.317344e+00
2.212000e-05	-1.685045e-03	5.368478e+00
2.213000e-05	-2.129138e-02	5.413573e+00
2.214000e-05	-2.640331e-02	5.455291e+00
2.215000e-05	-7.260833e-03	5.527892e+00
2.216000e-05	6.937281e-03	5.569527e+00
2.217000e-05	-1.219707e-02	5.591528e+00
2.218000e-05	-2.475818e-02	5.611129e+00
2.219000e-05	-2.301601e-02	5.725211e+00
2.220000e-05	4.238098e-03	5.726391e+00
2.221000e-05	-1.756025e-03	5.771048e+00
2.222000e-05	-1.792411e-02	5.883157e+00
2.223000e-05	-2.716066e-02	5.915369e+00
2.224000e-05	-1.050883e-02	5.959922e+00
2.225000e-05	7.712280e-04	5.999974e+00
2.226000e-05	-1.230057e-02	6.000000e+00
2.227000e-05	-2.367471e-02	6.020026e+00
2.228000e-05	-2.440972e-02	6.022053e+00
2.229000e-05	-4.720050e-03	6.052109e+00
2.230000e-05	-6.298287e-03	6.054129e+00
2.231000e-05	-1.624208e-02	6.065739e+00
2.232000e-05	-2.580222e-02	6.105810e+00
2.233000e-05	-1.558670e-02	6.097692e+00
2.234000e-05	-5.361527e-03	6.145817e+00
2.235000e-05	-1.139709e-02	6.158438e+00
2.236000e-05	-2.371359e-02	6.167395e+00
2.237000e-05	-2.671928e-02	6.126865e+00
2.238000e-05	-1.122800e-02	6.159349e+00
2.239000e-05	-8.915287e-03	6.188900e+00
2.240000e-05	-1.638894e-02	6.138919e+00
2.241000e-05	-2.651947e-02	6.128420e+00
2.242000e-05	-1.949211e-02	6.158446e+00
2.243000e-05	-9.948428e-03	6.148871e+00
2.244000e-05	-1.428512e-02	6.118891e+00
2.245000e-05	-2.361125e-02	6.125290e+00
2.246000e-05	-2.782827e-02	6.075735e+00
2.247000e-05	-1.710625e-02	6.085609e+00
2.248000e-05	-1.273346e-02	6.024105e+00
2.249000e-05	-1.823586e-02	6.030078e+00
2.250000e-05	-2.705053e-02	6.020553e+00
2.251000e-05	-2.355746e-02	6.011078e+00
2.252000e-05	-1.559647e-02	5.989501e+00
2.253000e-05	-1.562512e-02	5.969422e+00
2.254000e-05	-2.332988e-02	5.967942e+00
2.255000e-05	-2.839012e-02	5.917265e+00
2.256000e-05	-2.042178e-02	5.863159e+00
2.257000e-05	-1.620800e-02	5.817096e+00
2.258000e-05	-1.891109e-02	5.685864e+00
2.259000e-05	-2.668891e-02	5.651233e+00
2.260000e-05	-2.438054e-02	5.620530e+00
2.261000e-05	-1.762738e-02	5.599524e+00
2.262000e-05	-1.619917e-02	5.607920e+00
2.263000e-05	-2.244174e-02	5.475739e+00
2.264000e-05	-2.652266e-02	5.494633e+00
2.265000e-05	-2.162221e-02	5.410076e+00
2.266000e-05	-1.688839e-02	5.379421e+00
2.267000e-05	-1.855623e-02	5.295211e+00
2.268000e-05	-2.457408e-02	5.220605e+00
2.269000e-05	-2.327966e-02	5.169423e+00
2.270000e-05	-1.722744e-02	5.086286e+00
2.271000e-05	-1.410884e-02	5.008325e+00
2.272000e-05	-1.938315e-02	4.902205e+00
2.273000e-05	-2.230558e-02	4.809975e+00
2.274000e-05	-1.968062e-02	4.766870e+00
2.275000e-05	-1.501359e-02	4.693684e+00
2.276000e-05	-1.574606e-02	4.600527e+00
2.277000e-05	-2.016060e-02	4.567346e+00
2.278000e-05	-2.041677e-02	4.462658e+00
2.279000e-05	-1.557611e-02	4.400526e+00
2.280000e-05	-1.148966e-02	4.388442e+00
2.281000e-05	-1.362445e-02	4.242137e+00
2.282000e-05	-1.851528e-02	4.146367e+00
2.283000e-05	-1.575250e-02	4.023054e+00
2.284000e-05	-1.324249e-02	3.968496e+00
2.285000e-05	-1.233477e-02	3.884163e+00
2.286000e-05	-1.566515e-02	3.809927e+00
2.287000e-05	-1.587658e-02	3.735193e+00
2.288000e-05	-1.140374e-02	3.652076e+00
2.289000e-05	-8.474877e-03	3.549370e+00
2.290000e-05	-1.061708e-02	3.483105e+00
2.291000e-05	-1.440317e-02	3.344863e+00
2.292000e-05	-1.247556e-02	3.220055e+00
2.293000e-05	-9.123419e-03	3.135896e+00
2.294000e-05	-7.873307e-03	3.071609e+00
2.295000e-05	-1.314874e-02	2.966400e+00
2.296000e-05	-1.275835e-02	2.872630e+00
2.297000e-05	-1.018296e-02	2.779999e+00
2.298000e-05	-6.463578e-03	2.673713e+00
2.299000e-05	-7.957969e-03	2.526291e+00
2.300000e-05	-1.027987e-02	2.409979e+00
2.301000e-05	-1.001792e-02	2.325863e+00
2.302000e-05	-7.127801e-03	2.250025e+00
2.303000e-05	-6.706882e-03	2.143716e+00
2.304000e-05	-8.546697e-03	2.011553e+00
2.305000e-05	-9.960865e-03	1.908292e+00
2.306000e-05	-8.417428e-03	1.851574e+00
2.307000e-05	-5.554402e-03	1.733236e+00
2.308000e-05	-6.825412e-03	1.587022e+00
2.309000e-05	-8.003562e-03	1.453109e+00
2.310000e-05	-7.366939e-03	1.355843e+00
2.311000e-05	-5.979694e-03	1.201052e+00
2.312000e-05	-5.381882e-03	1.094713e+00
2.313000e-05	-6.177339e-03	9.858242e-01
2.314000e-05	-7.097425e-03	8.410500e-01
2.315000e-05	-6.494014e-03	7.147941e-01
2.316000e-05	-5.721757e-03	6.109475e-01
2.317000e-05	-3.544576e-03	4.927629e-01
2.318000e-05	-4.789177e-03	4.105249e-01
2.319000e-05	-5.813007e-03	3.332393e-01
2.320000e-05	-5.711690e-03	1.377669e-01
2.321000e-05	-3.479314e-03	2.052644e-02
2.322000e-05	-2.160252e-03	-6.470934e-02
2.323000e-05	-1.087386e-03	-1.684224e-01
2.324000e-05	-2.073761e-03	-2.847568e-01
2.325000e-05	-1.636984e-03	-3.593999e-01
2.326000e-05	-1.221770e-03	-4.236592e-01
2.327000e-05	-1.483040e-03	-5.305003e-01
2.328000e-05	-4.799286e-03	-7.673174e-01
2.329000e-05	-7.362652e-06	-7.915515e-01
2.330000e-05	3.195460e-02	-9.162870e-01
2.331000e-05	3.970313e-02	-9.916028e-01
2.332000e-05	-2.355746e-02	-1.244678e+00
2.333000e-05	-8.769939e-02	-1.445211e+00
2.334000e-05	3.256292e-04	-1.545267e+00
2.335000e-05	5.159300e-02	-1.474763e+00
2.336000e-05	2.099843e-02	-1.623131e+00
2.337000e-05	-1.131178e-01	-1.792028e+00
2.338000e-05	7.420587e-02	-1.811554e+00
2.339000e-05	-9.506903e-03	-1.854813e+00
2.340000e-05	-7.643285e-02	-2.056657e+00
2.341000e-05	7.719941e-02	-2.221179e+00
2.342000e-05	2.211520e-02	-2.295212e+00
2.343000e-05	-1.286720e-01	-2.421129e+00
2.344000e-05	4.826132e-02	-2.506889e+00
2.345000e-05	9.655847e-02	-2.612602e+00
2.346000e-05	-6.526616e-02	-2.746819e+00
2.347000e-05	-2.281445e-02	-2.810975e+00
2.348000e-05	2.568951e-02	-2.878206e+00
2.349000e-05	-8.989552e-03	-3.084811e+00
2.350000e-05	3.782240e-02	-3.158847e+00
2.351000e-05	-1.621268e-02	-3.242728e+00
2.352000e-05	-6.143747e-02	-3.349400e+00
2.353000e-05	7.255265e-02	-3.401078e+00
2.354000e-05	2.484717e-03	-3.506891e+00
2.355000e-05	-1.948182e-02	-3.630524e+00
2.356000e-05	1.752765e-02	-3.645111e+00
2.357000e-05	-4.090112e-02	-3.819649e+00
2.358000e-05	1.290817e-02	-3.908371e+00
2.359000e-05	5.846772e-02	-4.030654e+00
2.360000e-05	-2.422611e-02	-4.105705e+00
2.361000e-05	-2.895502e-02	-4.179445e+00
2.362000e-05	1.902841e-02	-4.262633e+00
2.363000e-05	2.011458e-02	-4.316970e+00
2.364000e-05	1.290538e-02	-4.389526e+00
2.365000e-05	-3.020296e-02	-4.444129e+00
2.366000e-05	-9.097560e-03	-4.545297e+00
2.367000e-05	2.649241e-02	-4.662654e+00
2.368000e-05	1.548120e-02	-4.684844e+00
2.369000e-05	7.479711e-03	-4.778366e+00
2.370000e-05	-2.885037e-02	-4.844132e+00
2.371000e-05	8.920896e-03	-4.958925e+00
2.372000e-05	2.208011e-02	-5.022103e+00
2.373000e-05	7.249075e-03	-5.083262e+00
2.374000e-05	-6.154030e-03	-5.128796e+00
2.375000e-05	-1.519446e-02	-5.201531e+00
2.376000e-05	1.707395e-02	-5.306703e+00
2.377000e-05	2.633705e-02	-5.350020e+00
2.378000e-05	-1.938399e-03	-5.456260e+00
2.379000e-05	-1.234133e-02	-5.588847e+00
2.380000e-05	1.800732e-03	-5.599501e+00
2.381000e-05	1.748744e-02	-5.601629e+00
2.382000e-05	1.998387e-02	-5.651807e+00
2.383000e-05	-9.029408e-03	-5.716266e+00
2.384000e-05	-4.973960e-03	-5.768875e+00
2.385000e-05	1.050626e-02	-5.820553e+00
2.386000e-05	2.126372e-02	-5.831655e+00
2.387000e-05	9.490180e-03	-5.876287e+00
2.388000e-05	-1.353406e-02	-5.926295e+00
2.389000e-05	4.238742e-03	-5.969449e+00
2.390000e-05	1.804954e-02	-5.999549e+00
2.391000e-05	1.776207e-02	-6.000504e+00
2.392000e-05	-1.151093e-03	-6.030050e+00
2.393000e-05	-5.112078e-03	-6.032105e+00
2.394000e-05	1.210660e-02	-6.063160e+00
2.395000e-05	1.999504e-02	-6.085262e+00
2.396000e-05	1.126932e-02	-6.146789e+00
2.397000e-05	-3.019498e-03	-6.116894e+00
2.398000e-05	2.056780e-03	-6.128544e+00
2.399000e-05	1.617352e-02	-6.220654e+00
2.400000e-05	1.882418e-02	-6.210127e+00
2.401000e-05	5.462694e-03	-6.223705e+00
2.402000e-05	-1.121470e-04	-6.252227e+00
2.403000e-05	1.008147e-02	-6.281684e+00
2.404000e-05	2.004145e-02	-6.274241e+00
2.405000e-05	1.445970e-02	-6.211732e+00
2.406000e-05	1.874409e-03	-6.284180e+00
2.407000e-05	5.175132e-03	-6.283184e+00
2.408000e-05	1.536749e-02	-6.233687e+00
2.409000e-05	1.996204e-02	-6.212133e+00
2.410000e-05	9.522832e-03	-6.203025e+00
2.411000e-05	4.673249e-03	-6.208603e+00
2.412000e-05	1.133914e-02	-6.147869e+00
2.413000e-05	1.854192e-02	-6.187389e+00
2.414000e-05	1.744165e-02	-6.144317e+00
2.415000e-05	7.016287e-03	-6.074787e+00
2.416000e-05	7.741290e-03	-6.052132e+00
2.417000e-05	1.545253e-02	-6.051584e+00
2.418000e-05	2.052463e-02	-6.000550e+00
2.419000e-05	1.318669e-02	-6.011003e+00
2.420000e-05	8.063581e-03	-5.999000e+00
2.421000e-05	1.168047e-02	-5.957973e+00
2.422000e-05	1.950881e-02	-5.956745e+00
2.423000e-05	1.840380e-02	-5.875238e+00
2.424000e-05	1.123981e-02	-5.853129e+00
2.425000e-05	9.941254e-03	-5.780053e+00
2.426000e-05	1.477053e-02	-5.768420e+00
2.427000e-05	1.979708e-02	-5.736239e+00
2.428000e-05	1.506039e-02	-5.654137e+00
2.429000e-05	8.537905e-03	-5.650526e+00
2.430000e-05	1.085742e-02	-5.588923e+00
2.431000e-05	1.743441e-02	-5.547395e+00
2.432000e-05	1.860771e-02	-5.485164e+00
2.433000e-05	1.106671e-02	-5.377927e+00
2.434000e-05	8.409359e-03	-5.324781e+00
2.435000e-05	1.329916e-02	-5.241005e+00
2.436000e-05	1.712686e-02	-5.178520e+00
2.437000e-05	1.308066e-02	-5.115241e+00
2.438000e-05	8.135400e-03	-5.031126e+00
2.439000e-05	8.035321e-03	-4.965872e+00
2.440000e-05	1.409015e-02	-4.844108e+00
2.441000e-05	1.443422e-02	-4.724442e+00
2.442000e-05	8.556946e-03	-4.681638e+00
2.443000e-05	5.787303e-03	-4.611525e+00
2.444000e-05	8.518801e-03	-4.566221e+00
2.445000e-05	1.196553e-02	-4.452158e+00
2.446000e-05	1.030980e-02	-4.421026e+00
2.447000e-05	5.347844e-03	-4.357870e+00
2.448000e-05	4.422527e-03	-4.284157e+00
2.449000e-05	8.191781e-03	-4.189924e+00
2.450000e-05	9.137178e-03	-4.114267e+00
2.451000e-05	5.636566e-03	-4.031554e+00
2.452000e-05	3.655597e-03	-3.989424e+00
2.453000e-05	4.486074e-03	-3.902110e+00
2.454000e-05	8.204129e-03	-3.734864e+00
2.455000e-05	6.889046e-03	-3.622053e+00
2.456000e-05	2.080321e-03	-3.548370e+00
2.457000e-05	1.868919e-03	-3.463660e+00
2.458000e-05	2.572941e-03	-3.337920e+00
2.459000e-05	5.540062e-03	-3.283180e+00
2.460000e-05	3.035545e-03	-3.210426e+00
2.461000e-05	1.480848e-03	-3.114290e+00
2.462000e-05	1.453099e-03	-2.916872e+00
2.463000e-05	4.265703e-03	-2.861579e+00
2.464000e-05	2.581555e-03	-2.767372e+00
2.465000e-05	8.110907e-04	-2.692156e+00
2.466000e-05	-1.966132e-03	-2.567921e+00
2.467000e-05	9.245626e-04	-2.462154e+00
2.468000e-05	1.758652e-03	-2.367942e+00
2.469000e-05	9.294650e-04	-2.260180e+00
2.470000e-05	-2.805229e-03	-2.116184e+00
2.471000e-05	-1.550245e-03	-2.029997e+00
2.472000e-05	3.916263e-04	-1.922687e+00
2.473000e-05	1.649404e-03	-1.779527e+00
2.474000e-05	-8.079840e-04	-1.694663e+00
2.475000e-05	-2.360679e-03	-1.619102e+00
2.476000e-05	-2.003187e-03	-1.521086e+00
2.477000e-05	-9.366564e-04	-1.325864e+00
2.478000e-05	-2.121268e-03	-1.247475e+00
2.479000e-05	-4.631914e-03	-1.092658e+00
2.480000e-05	-4.560878e-03	-9.479193e-01
2.481000e-05	-2.168802e-03	-8.516076e-01
2.482000e-05	-3.525933e-04	-7.889722e-01
2.483000e-05	-1.195947e-03	-5.999775e-01
2.484000e-05	-3.334116e-03	-5.241352e-01
2.485000e-05	-4.188669e-03	-4.184473e-01
2.486000e-05	-3.778658e-03	-2.852103e-01
2.487000e-05	-3.170050e-03	-2.210526e-01
2.488000e-05	-3.984218e-03	1.282992e-07
2.489000e-05	-2.438584e-03	2.203038e-02
2.490000e-05	-1.201511e-03	1.272661e-01
2.491000e-05	2.523452e-04	2.552147e-01
2.492000e-05	-8.689215e-04	3.689476e-01
2.493000e-05	-3.247617e-03	4.921580e-01
2.494000e-05	-4.412324e-03	5.593700e-01
2.495000e-05	-1.235424e-03	6.732320e-01
2.496000e-05	1.163110e-02	7.798963e-01
2.497000e-05	3.917462e-02	8.652861e-01
2.498000e-05	2.091513e-03	1.077785e+00
2.499000e-05	-4.567024e-02	1.273183e+00
2.500000e-05	-9.644449e-02	1.328345e+00
2.501000e-05	4.784813e-02	1.410076e+00
2.502000e-05	4.638899e-02	1.568447e+00
2.503000e-05	-5.090925e-02	1.717341e+00
2.504000e-05	-3.821239e-02	1.758394e+00
2.505000e-05	5.623772e-02	1.844759e+00
2.506000e-05	-1.597927e-02	1.991503e+00
2.507000e-05	-6.122538e-02	2.051131e+00
2.508000e-05	8.982185e-02	2.087369e+00
2.509000e-05	-5.750893e-02	2.335667e+00
2.510000e-05	-8.636458e-02	2.379525e+00
2.511000e-05	8.011085e-02	2.423128e+00
2.512000e-05	3.597727e-02	2.568097e+00
2.513000e-05	-7.750776e-02	2.717845e+00
2.514000e-05	2.177951e-03	2.852057e+00
2.515000e-05	-4.518198e-03	2.926815e+00
2.516000e-05	6.455388e-03	2.980530e+00
2.517000e-05	1.754937e-02	3.097762e+00
2.518000e-05	-4.688765e-02	3.188998e+00
2.519000e-05	-1.386080e-02	3.233638e+00
2.520000e-05	2.819397e-02	3.391504e+00
2.521000e-05	3.527242e-03	3.506320e+00
2.522000e-05	-2.375318e-02	3.599451e+00
2.523000e-05	-1.104042e-02	3.704687e+00
2.524000e-05	-4.066864e-02	3.809974e+00
2.525000e-05	3.263556e-02	3.863136e+00
2.526000e-05	1.713766e-02	3.927947e+00
2.527000e-05	-3.630878e-02	4.041554e+00
2.528000e-05	-2.761691e-02	4.105810e+00
2.529000e-05	1.046546e-02	4.181504e+00
2.530000e-05	1.788720e-02	4.287462e+00
2.531000e-05	-2.466946e-02	4.390500e+00
2.532000e-05	-2.502502e-02	4.474687e+00
2.533000e-05	-2.172864e-02	4.537945e+00
2.534000e-05	2.099915e-02	4.581624e+00
2.535000e-05	4.279171e-03	4.705762e+00
2.536000e-05	-1.893615e-02	4.777974e+00
2.537000e-05	-3.181993e-02	4.811551e+00
2.538000e-05	-1.536062e-03	4.886387e+00
2.539000e-05	1.211229e-02	4.992656e+00
2.540000e-05	-1.187354e-02	5.107292e+00
2.541000e-05	-2.688815e-02	5.188975e+00
2.542000e-05	-2.385771e-02	5.242154e+00
2.543000e-05	1.364386e-02	5.317396e+00
2.544000e-05	3.559496e-04	5.358971e+00
2.545000e-05	-1.843116e-02	5.420081e+00
2.546000e-05	-3.041757e-02	5.475763e+00
2.547000e-05	-7.681978e-03	5.536891e+00
2.548000e-05	6.490645e-03	5.570025e+00
2.549000e-05	-7.675659e-03	5.579476e+00
2.550000e-05	-2.394641e-02	5.641607e+00
2.551000e-05	-2.536836e-02	5.654884e+00
2.552000e-05	2.546165e-03	5.766416e+00
2.553000e-05	-1.339483e-03	5.790925e+00
2.554000e-05	-1.612235e-02	5.822063e+00
2.555000e-05	-3.090458e-02	5.896791e+00
2.556000e-05	-1.145913e-02	5.959972e+00
2.557000e-05	2.216456e-03	5.999475e+00
2.558000e-05	-8.663299e-03	5.990500e+00
2.559000e-05	-2.373479e-02	6.000026e+00
2.560000e-05	-2.644412e-02	6.020526e+00
2.561000e-05	-5.819155e-03	6.023135e+00
2.562000e-05	-4.912892e-03	6.052688e+00
2.563000e-05	-1.550149e-02	6.094161e+00
2.564000e-05	-2.814696e-02	6.086315e+00
2.565000e-05	-1.627755e-02	6.167419e+00
2.566000e-05	-4.544980e-03	6.137845e+00
2.567000e-05	-8.321527e-03	6.117470e+00
2.568000e-05	-2.370251e-02	6.156916e+00
2.569000e-05	-2.829861e-02	6.150471e+00
2.570000e-05	-1.277450e-02	6.178921e+00
2.571000e-05	-7.923301e-03	6.158895e+00
2.572000e-05	-1.571923e-02	6.167771e+00
2.573000e-05	-2.770579e-02	6.136419e+00
2.574000e-05	-2.083577e-02	6.168894e+00
2.575000e-05	-1.018053e-02	6.176898e+00
2.576000e-05	-1.216774e-02	6.126442e+00
2.577000e-05	-2.420611e-02	6.114215e+00
2.578000e-05	-2.806700e-02	6.085713e+00
2.579000e-05	-1.694693e-02	6.043636e+00
2.580000e-05	-1.165100e-02	6.062157e+00
2.581000e-05	-1.653792e-02	6.031077e+00
2.582000e-05	-2.813451e-02	6.000578e+00
2.583000e-05	-2.414535e-02	6.010000e+00
2.584000e-05	-1.548987e-02	6.020000e+00
2.585000e-05	-1.431388e-02	5.989450e+00
2.586000e-05	-2.297126e-02	5.959946e+00
2.587000e-05	-2.890335e-02	5.895368e+00
2.588000e-05	-2.046842e-02	5.875664e+00
2.589000e-05	-1.475005e-02	5.810021e+00
2.590000e-05	-1.773555e-02	5.696441e+00
2.591000e-05	-2.740339e-02	5.644604e+00
2.592000e-05	-2.523700e-02	5.621626e+00
2.593000e-05	-1.884176e-02	5.600025e+00
2.594000e-05	-1.490983e-02	5.568921e+00
2.595000e-05	-2.215810e-02	5.507319e+00
2.596000e-05	-2.715610e-02	5.432684e+00
2.597000e-05	-2.152629e-02	5.481528e+00
2.598000e-05	-1.612483e-02	5.377974e+00
2.599000e-05	-1.703170e-02	5.265766e+00
2.600000e-05	-2.463560e-02	5.232105e+00
2.601000e-05	-2.470395e-02	5.197902e+00
2.602000e-05	-1.763163e-02	5.087342e+00
2.603000e-05	-1.442374e-02	5.001522e+00
2.604000e-05	-1.878360e-02	4.864288e+00
2.605000e-05	-2.307316e-02	4.811506e+00
2.606000e-05	-2.065873e-02	4.778421e+00
2.607000e-05	-1.464156e-02	4.694210e+00
2.608000e-05	-1.373988e-02	4.651579e+00
2.609000e-05	-2.096553e-02	4.597872e+00
2.610000e-05	-2.248966e-02	4.432660e+00
2.611000e-05	-1.610098e-02	4.409529e+00
2.612000e-05	-9.529026e-03	4.398894e+00
2.613000e-05	-1.251785e-02	4.272234e+00
2.614000e-05	-1.918678e-02	4.146298e+00
2.615000e-05	-1.676355e-02	4.041680e+00
2.616000e-05	-1.305039e-02	3.989372e+00
2.617000e-05	-1.011864e-02	3.893737e+00
2.618000e-05	-1.563461e-02	3.830026e+00
2.619000e-05	-1.663873e-02	3.726269e+00
2.620000e-05	-1.311161e-02	3.642103e+00
2.621000e-05	-8.227899e-03	3.559499e+00
2.622000e-05	-1.010226e-02	3.423660e+00
2.623000e-05	-1.415386e-02	3.376315e+00
2.624000e-05	-1.419668e-02	3.210583e+00
2.625000e-05	-9.527176e-03	3.166363e+00
2.626000e-05	-6.916549e-03	3.052131e+00
2.627000e-05	-1.112329e-02	2.967419e+00
2.628000e-05	-1.285974e-02	2.872705e+00
2.629000e-05	-1.107386e-02	2.779400e+00
2.630000e-05	-6.619686e-03	2.656184e+00
2.631000e-05	-7.140493e-03	2.586794e+00
2.632000e-05	-1.058549e-02	2.421106e+00
2.633000e-05	-1.087310e-02	2.306264e+00
2.634000e-05	-7.678448e-03	2.230551e+00
2.635000e-05	-5.430784e-03	2.125368e+00
2.636000e-05	-8.156954e-03	2.011526e+00
2.637000e-05	-1.065549e-02	1.936395e+00
2.638000e-05	-9.505863e-03	1.840080e+00
2.639000e-05	-5.172936e-03	1.743737e+00
2.640000e-05	-5.180443e-03	1.638523e+00
2.641000e-05	-7.471854e-03	1.463680e+00
2.642000e-05	-8.680329e-03	1.376369e+00
2.643000e-05	-5.881515e-03	1.241079e+00
2.644000e-05	-3.336766e-03	1.113188e+00
2.645000e-05	-5.235198e-03	9.558616e-01
2.646000e-05	-7.906608e-03	8.705514e-01
2.647000e-05	-7.871666e-03	7.452904e-01
2.648000e-05	-4.814370e-03	6.319763e-01
2.649000e-05	-3.515039e-03	5.047131e-01
2.650000e-05	-5.067638e-03	4.204763e-01
2.651000e-05	-6.907622e-03	2.958418e-01
2.652000e-05	-4.924870e-03	1.573467e-01
2.653000e-05	-2.553799e-03	1.108133e-02
2.654000e-05	-2.462743e-03	-4.518172e-02
2.655000e-05	-2.437165e-03	-1.574212e-01
2.656000e-05	-1.989211e-03	-2.737356e-01
2.657000e-05	-5.501535e-04	-3.483687e-01
2.658000e-05	-5.608261e-04	-4.131304e-01
2.659000e-05	-2.523048e-03	-5.599703e-01
2.660000e-05	-3.370470e-03	-7.363135e-01
2.661000e-05	2.384429e-04	-8.205252e-01
2.662000e-05	2.738567e-02	-8.747107e-01
2.663000e-05	4.401967e-02	-1.022049e+00
2.664000e-05	-2.069268e-02	-1.251653e+00
2.665000e-05	-7.791065e-02	-1.434261e+00
2.666000e-05	-2.365368e-02	-1.508268e+00
2.667000e-05	6.140728e-02	-1.523884e+00
2.668000e-05	3.448671e-02	-1.632128e+00
2.669000e-05	-1.228491e-01	-1.781554e+00
2.670000e-05	6.584953e-02	-1.811108e+00
2.671000e-05	4.483032e-03	-1.865207e+00
2.672000e-05	-6.940406e-02	-2.045811e+00
2.673000e-05	5.716329e-02	-2.242483e+00
2.674000e-05	4.410342e-02	-2.276283e+00
2.675000e-05	-1.187966e-01	-2.413102e+00
2.676000e-05	2.443648e-02	-2.527369e+00
2.677000e-05	1.018103e-01	-2.579127e+00
2.678000e-05	-5.027995e-02	-2.707869e+00
2.679000e-05	-3.892131e-02	-2.789476e+00
2.680000e-05	3.211361e-02	-2.863682e+00
2.681000e-05	-1.223262e-02	-3.055235e+00
2.682000e-05	3.590499e-02	-3.168972e+00
2.683000e-05	-4.598364e-03	-3.233079e+00
2.684000e-05	-6.866685e-02	-3.348868e+00
2.685000e-05	6.354015e-02	-3.422105e+00
2.686000e-05	1.211670e-02	-3.485740e+00
2.687000e-05	-2.360030e-02	-3.610049e+00
2.688000e-05	1.850355e-02	-3.623582e+00
2.689000e-05	-3.141712e-02	-3.811027e+00
2.690000e-05	-1.666941e-03	-3.938394e+00
2.691000e-05	6.295804e-02	-4.000576e+00
2.692000e-05	-1.767176e-02	-4.116287e+00
2.693000e-05	-3.274749e-02	-4.169474e+00
2.694000e-05	1.824270e-02	-4.241577e+00
2.695000e-05	1.506323e-02	-4.347370e+00
2.696000e-05	1.753273e-02	-4.400001e+00
2.697000e-05	-2.723816e-02	-4.432631e+00
2.698000e-05	-1.126766e-02	-4.515818e+00
2.699000e-05	2.364251e-02	-4.633159e+00
2.700000e-05	1.657341e-02	-4.684736e+00
2.701000e-05	1.013109e-02	-4.799442e+00
2.702000e-05	-2.651007e-02	-4.844133e+00
2.703000e-05	3.999998e-03	-4.928844e+00
2.704000e-05	2.113807e-02	-5.000549e+00
2.705000e-05	8.322525e-03	-5.096308e+00
2.706000e-05	-6.795492e-03	-5.148869e+00
2.707000e-05	-1.206562e-02	-5.211078e+00
2.708000e-05	1.315062e-02	-5.305686e+00
2.709000e-05	2.878160e-02	-5.408970e+00
2.710000e-05	-6.181810e-04	-5.464689e+00
2.711000e-05	-1.217370e-02	-5.547468e+00
2.712000e-05	1.218407e-03	-5.570424e+00
2.713000e-05	1.349474e-02	-5.610150e+00
2.714000e-05	2.099149e-02	-5.675787e+00
2.715000e-05	-8.201025e-03	-5.706391e+00
2.716000e-05	-4.867416e-03	-5.769945e+00
2.717000e-05	9.595713e-03	-5.779526e+00
2.718000e-05	2.130283e-02	-5.842633e+00
2.719000e-05	1.170100e-02	-5.875735e+00
2.720000e-05	-1.176355e-02	-5.918320e+00
2.721000e-05	3.583128e-03	-5.958421e+00
2.722000e-05	1.557877e-02	-5.980023e+00
2.723000e-05	1.826208e-02	-5.989525e+00
2.724000e-05	-4.211041e-04	-6.031054e+00
2.725000e-05	-3.884025e-03	-6.020577e+00
2.726000e-05	9.470860e-03	-6.052582e+00
2.727000e-05	2.073038e-02	-6.094709e+00
2.728000e-05	1.190032e-02	-6.096344e+00
2.729000e-05	-1.050906e-03	-6.148867e+00
2.730000e-05	1.870449e-03	-6.117945e+00
2.731000e-05	1.388171e-02	-6.161050e+00
2.732000e-05	1.815423e-02	-6.190579e+00
2.733000e-05	5.656968e-03	-6.212109e+00
2.734000e-05	-8.700341e-04	-6.243582e+00
2.735000e-05	8.913440e-03	-6.262764e+00
2.736000e-05	2.073545e-02	-6.243259e+00
2.737000e-05	1.779863e-02	-6.304714e+00
2.738000e-05	2.999719e-03	-6.253661e+00
2.739000e-05	2.896855e-03	-6.243634e+00
2.740000e-05	1.343102e-02	-6.265161e+00
2.741000e-05	2.062680e-02	-6.222103e+00
2.742000e-05	9.388076e-03	-6.231575e+00
2.743000e-05	4.046625e-03	-6.212955e+00
2.744000e-05	9.258748e-03	-6.180550e+00
2.745000e-05	2.072909e-02	-6.199318e+00
2.746000e-05	1.960154e-02	-6.066817e+00
2.747000e-05	7.711492e-03	-6.044216e+00
2.748000e-05	5.199474e-03	-6.072712e+00
2.749000e-05	1.371824e-02	-6.021556e+00
2.750000e-05	2.086126e-02	-6.020029e+00
2.751000e-05	1.418874e-02	-5.990026e+00
2.752000e-05	7.559091e-03	-5.998949e+00
2.753000e-05	9.998578e-03	-5.968943e+00
2.754000e-05	1.999308e-02	-5.947917e+00
2.755000e-05	1.914304e-02	-5.896293e+00
2.756000e-05	1.199781e-02	-5.842132e+00
2.757000e-05	7.847897e-03	-5.790976e+00
2.758000e-05	1.366061e-02	-5.758973e+00
2.759000e-05	2.012610e-02	-5.716815e+00
2.760000e-05	1.543718e-02	-5.713708e+00
2.761000e-05	9.770281e-03	-5.642579e+00
2.762000e-05	9.855303e-03	-5.590026e+00
2.763000e-05	1.697773e-02	-5.596343e+00
2.764000e-05	1.880788e-02	-5.495266e+00
2.765000e-05	1.265542e-02	-5.390051e+00
2.766000e-05	7.641430e-03	-5.302287e+00
2.767000e-05	1.145187e-02	-5.242107e+00
2.768000e-05	1.694875e-02	-5.209895e+00
2.769000e-05	1.377208e-02	-5.085766e+00
2.770000e-05	8.619246e-03	-5.020603e+00
2.771000e-05	6.172600e-03	-4.957397e+00
2.772000e-05	1.319993e-02	-4.873232e+00
2.773000e-05	1.490157e-02	-4.748826e+00
2.774000e-05	1.087809e-02	-4.654185e+00
2.775000e-05	5.956328e-03	-4.629480e+00
2.776000e-05	7.692743e-03	-4.577943e+00
2.777000e-05	1.200138e-02	-4.513613e+00
2.778000e-05	1.048092e-02	-4.422051e+00
2.779000e-05	5.681434e-03	-4.386895e+00
2.780000e-05	3.532795e-03	-4.294212e+00
2.781000e-05	8.315044e-03	-4.150451e+00
2.782000e-05	1.068396e-02	-4.136264e+00
2.783000e-05	7.983521e-03	-4.019603e+00
2.784000e-05	3.041753e-03	-3.988974e+00
2.785000e-05	3.593996e-03	-3.902635e+00
2.786000e-05	6.758436e-03	-3.735463e+00
2.787000e-05	7.219949e-03	-3.632633e+00
2.788000e-05	2.687604e-03	-3.597393e+00
2.789000e-05	5.665615e-04	-3.503159e+00
2.790000e-05	3.167726e-03	-3.379349e+00
2.791000e-05	5.985016e-03	-3.314234e+00
2.792000e-05	4.413442e-03	-3.210052e+00
2.793000e-05	7.999734e-04	-3.104188e+00
2.794000e-05	5.718712e-04	-2.985374e+00
2.795000e-05	3.321012e-03	-2.862131e+00
2.796000e-05	3.492798e-03	-2.777894e+00
2.797000e-05	7.314011e-04	-2.692161e+00
2.798000e-05	-1.579149e-03	-2.596895e+00
2.799000e-05	8.133503e-04	-2.462632e+00
2.800000e-05	2.069627e-03	-2.387919e+00
2.801000e-05	1.703111e-03	-2.301134e+00
2.802000e-05	-2.808573e-03	-2.135864e+00
2.803000e-05	-2.048122e-03	-2.007550e+00
2.804000e-05	-1.131222e-03	-1.906212e+00
2.805000e-05	1.857511e-03	-1.840551e+00
2.806000e-05	-1.452589e-03	-1.684116e+00
2.807000e-05	-1.796508e-03	-1.611477e+00
2.808000e-05	-2.238886e-03	-1.481209e+00
2.809000e-05	-8.266974e-04	-1.335869e+00
2.810000e-05	-2.858354e-03	-1.209952e+00
2.811000e-05	-4.344144e-03	-1.083737e+00
2.812000e-05	-5.163991e-03	-1.019471e+00
2.813000e-05	-2.560586e-03	-8.616339e-01
2.814000e-05	-6.403484e-04	-7.893984e-01
2.815000e-05	-1.836096e-03	-7.014296e-01
2.816000e-05	-3.153545e-03	-5.227102e-01
2.817000e-05	-4.165866e-03	-4.099973e-01
2.818000e-05	-3.437557e-03	-3.337640e-01
2.819000e-05	-3.497486e-03	-2.099498e-01
2.820000e-05	-3.991115e-03	-8.266021e-02
2.821000e-05	-2.988244e-03	1.100004e-03
2.822000e-05	-9.908954e-04	5.486373e-02
2.823000e-05	3.679632e-04	2.732594e-01
2.824000e-05	-9.268029e-04	3.598950e-01
2.825000e-05	-3.185982e-03	4.626818e-01
2.826000e-05	-3.982143e-03	5.688961e-01
2.827000e-05	-2.207059e-03	6.846582e-01
2.828000e-05	1.030699e-02	7.163963e-01
2.829000e-05	3.854992e-02	8.642322e-01
2.830000e-05	9.220027e-03	1.083284e+00
2.831000e-05	-4.119924e-02	1.222132e+00
2.832000e-05	-9.879255e-02	1.287366e+00
2.833000e-05	3.230274e-02	1.389979e+00
2.834000e-05	5.360834e-02	1.519342e+00
2.835000e-05	-3.066521e-02	1.685893e+00
2.836000e-05	-7.144845e-02	1.767866e+00
2.837000e-05	6.935183e-02	1.844132e+00
2.838000e-05	-1.857899e-02	1.981524e+00
2.839000e-05	-6.772921e-02	2.040653e+00
2.840000e-05	9.110982e-02	2.107387e+00
2.841000e-05	-4.200455e-02	2.265709e+00
2.842000e-05	-9.675192e-02	2.379446e+00
2.843000e-05	6.774737e-02	2.402578e+00
2.844000e-05	5.135827e-02	2.560441e+00
2.845000e-05	-7.493819e-02	2.727421e+00
2.846000e-05	-1.711987e-03	2.792079e+00
2.847000e-05	-5.595439e-03	2.886839e+00
2.848000e-05	7.255114e-03	2.999996e+00
2.849000e-05	1.724242e-02	3.055187e+00
2.850000e-05	-3.895369e-02	3.160948e+00
2.851000e-05	-2.636960e-02	3.223681e+00
2.852000e-05	3.042845e-02	3.330947e+00
2.853000e-05	5.595587e-03	3.476266e+00
2.854000e-05	-2.185482e-02	3.590049e+00
2.855000e-05	-8.604680e-03	3.674336e+00
2.856000e-05	-4.407895e-02	3.758971e+00
2.857000e-05	2.725335e-02	3.824662e+00
2.858000e-05	1.835845e-02	3.917896e+00
2.859000e-05	-2.780720e-02	4.011549e+00
2.860000e-05	-3.455314e-02	4.075261e+00
2.861000e-05	1.275244e-02	4.189000e+00
2.862000e-05	1.700034e-02	4.296315e+00
2.863000e-05	-1.916222e-02	4.370028e+00
2.864000e-05	-2.601296e-02	4.475210e+00
2.865000e-05	-2.443575e-02	4.577945e+00
2.866000e-05	1.663711e-02	4.582525e+00
2.867000e-05	4.262053e-03	4.695211e+00
2.868000e-05	-1.476406e-02	4.758970e+00
2.869000e-05	-3.411196e-02	4.772474e+00
2.870000e-05	-1.454951e-03	4.883817e+00
2.871000e-05	1.051305e-02	4.983053e+00
2.872000e-05	-8.288411e-03	5.086291e+00
2.873000e-05	-2.563943e-02	5.198949e+00
2.874000e-05	-2.519361e-02	5.252604e+00
2.875000e-05	9.758692e-03	5.327787e+00
2.876000e-05	4.304487e-04	5.369471e+00
2.877000e-05	-1.440777e-02	5.431076e+00
2.878000e-05	-2.927534e-02	5.462761e+00
2.879000e-05	-8.445811e-03	5.499297e+00
2.880000e-05	3.857213e-03	5.598048e+00
2.881000e-05	-6.673984e-03	5.570500e+00
2.882000e-05	-2.316112e-02	5.641579e+00
2.883000e-05	-2.573346e-02	5.654787e+00
2.884000e-05	-8.070940e-04	5.729323e+00
2.885000e-05	-1.601170e-03	5.750002e+00
2.886000e-05	-1.253962e-02	5.872162e+00
2.887000e-05	-2.969070e-02	5.873336e+00
2.888000e-05	-1.217784e-02	5.959970e+00
2.889000e-05	-1.436011e-03	5.979525e+00
2.890000e-05	-6.777716e-03	6.019975e+00
2.891000e-05	-2.329773e-02	6.020551e+00
2.892000e-05	-2.522480e-02	6.001026e+00
2.893000e-05	-7.516204e-03	6.073129e+00
2.894000e-05	-5.647455e-03	6.102186e+00
2.895000e-05	-1.328535e-02	6.073682e+00
2.896000e-05	-2.771834e-02	6.127332e+00
2.897000e-05	-1.689203e-02	6.128417e+00
2.898000e-05	-7.550159e-03	6.137917e+00
2.899000e-05	-6.666878e-03	6.117317e+00
2.900000e-05	-2.192305e-02	6.138349e+00
2.901000e-05	-2.696296e-02	6.137946e+00
2.902000e-05	-1.487078e-02	6.146420e+00
2.903000e-05	-1.009343e-02	6.169971e+00
2.904000e-05	-1.390377e-02	6.157962e+00
2.905000e-05	-2.764327e-02	6.137449e+00
2.906000e-05	-1.939668e-02	6.157920e+00
2.907000e-05	-1.223991e-02	6.097871e+00
2.908000e-05	-1.042368e-02	6.117314e+00
2.909000e-05	-2.108695e-02	6.106316e+00
2.910000e-05	-2.718224e-02	6.104811e+00
2.911000e-05	-1.994768e-02	6.052284e+00
2.912000e-05	-1.339772e-02	6.043657e+00
2.913000e-05	-1.617780e-02	6.011628e+00
2.914000e-05	-2.746624e-02	6.041551e+00
2.915000e-05	-2.409417e-02	6.010026e+00
2.916000e-05	-1.638322e-02	6.000074e+00
2.917000e-05	-1.316924e-02	5.988975e+00
2.918000e-05	-2.157045e-02	5.949347e+00
2.919000e-05	-2.822933e-02	5.937796e+00
2.920000e-05	-2.263500e-02	5.903162e+00
2.921000e-05	-1.616745e-02	5.779973e+00
2.922000e-05	-1.846058e-02	5.766365e+00
2.923000e-05	-2.536184e-02	5.674683e+00
2.924000e-05	-2.492359e-02	5.631575e+00
2.925000e-05	-1.878739e-02	5.609550e+00
2.926000e-05	-1.517522e-02	5.568946e+00
2.927000e-05	-2.137145e-02	5.577368e+00
2.928000e-05	-2.589117e-02	5.453714e+00
2.929000e-05	-2.400488e-02	5.421008e+00
2.930000e-05	-1.776932e-02	5.369949e+00
2.931000e-05	-1.814575e-02	5.317786e+00
2.932000e-05	-2.340601e-02	5.243084e+00
2.933000e-05	-2.348515e-02	5.190074e+00
2.934000e-05	-1.794658e-02	5.154216e+00
2.935000e-05	-1.404212e-02	4.990999e+00
2.936000e-05	-1.874474e-02	4.913766e+00
2.937000e-05	-2.278029e-02	4.842051e+00
2.938000e-05	-2.177380e-02	4.777420e+00
2.939000e-05	-1.608365e-02	4.715712e+00
2.940000e-05	-1.458736e-02	4.621080e+00
2.941000e-05	-1.940225e-02	4.557922e+00
2.942000e-05	-2.002148e-02	4.504160e+00
2.943000e-05	-1.635477e-02	4.420576e+00
2.944000e-05	-1.188388e-02	4.377922e+00
2.945000e-05	-1.323730e-02	4.314190e+00
2.946000e-05	-1.794959e-02	4.167893e+00
2.947000e-05	-1.760171e-02	4.043078e+00
2.948000e-05	-1.441676e-02	3.998950e+00
2.949000e-05	-1.198826e-02	3.894240e+00
2.950000e-05	-1.467892e-02	3.799554e+00
2.951000e-05	-1.585629e-02	3.765818e+00
2.952000e-05	-1.284535e-02	3.622604e+00
2.953000e-05	-8.218046e-03	3.599524e+00
2.954000e-05	-1.050078e-02	3.491210e+00
2.955000e-05	-1.359796e-02	3.347842e+00
2.956000e-05	-1.366239e-02	3.250630e+00
2.957000e-05	-1.043752e-02	3.186821e+00
2.958000e-05	-8.941440e-03	3.033110e+00
2.959000e-05	-1.179300e-02	2.958872e+00
2.960000e-05	-1.289166e-02	2.893109e+00
2.961000e-05	-9.551304e-03	2.789050e+00
2.962000e-05	-7.174537e-03	2.715817e+00
2.963000e-05	-7.674327e-03	2.527919e+00
2.964000e-05	-1.106526e-02	2.440180e+00
2.965000e-05	-1.054971e-02	2.346294e+00
2.966000e-05	-7.914555e-03	2.240576e+00
2.967000e-05	-6.207253e-03	2.147293e+00
2.968000e-05	-8.643891e-03	2.011603e+00
2.969000e-05	-1.017780e-02	1.948371e+00
2.970000e-05	-7.964171e-03	1.811526e+00
2.971000e-05	-4.052718e-03	1.715391e+00
2.972000e-05	-6.009163e-03	1.609152e+00
2.973000e-05	-8.143859e-03	1.452138e+00
2.974000e-05	-9.115658e-03	1.377392e+00
2.975000e-05	-4.927084e-03	1.272708e+00
2.976000e-05	-4.487340e-03	1.167814e+00
2.977000e-05	-6.325450e-03	9.983718e-01
2.978000e-05	-8.631454e-03	8.306038e-01
2.979000e-05	-5.900288e-03	7.458894e-01
2.980000e-05	-3.056502e-03	6.115838e-01
2.981000e-05	-3.805404e-03	5.348429e-01
2.982000e-05	-5.993871e-03	4.300525e-01
2.983000e-05	-6.491872e-03	3.257654e-01
2.984000e-05	-4.712753e-03	1.973496e-01
2.985000e-05	-1.405375e-03	5.160139e-02
2.986000e-05	-3.186103e-03	-2.060951e-02
2.987000e-05	-2.860096e-03	-1.674150e-01
2.988000e-05	-1.775730e-03	-2.531542e-01
2.989000e-05	-5.323666e-04	-3.578662e-01
2.990000e-05	-1.153514e-03	-4.331052e-01
2.991000e-05	-2.746780e-03	-4.893451e-01
2.992000e-05	-3.394943e-03	-7.057411e-01
2.993000e-05	-4.404050e-04	-7.895001e-01
2.994000e-05	2.294899e-02	-8.426369e-01
2.995000e-05	4.913135e-02	-9.705480e-01
2.996000e-05	-1.775044e-02	-1.181098e+00
2.997000e-05	-6.724466e-02	-1.414557e+00
2.998000e-05	-4.898912e-02	-1.536295e+00
2.999000e-05	6.928491e-02	-1.495334e+00
3.000000e-05	4.132928e-02	-1.572502e+00
3.001000e-05	-1.211538e-01	-1.788973e+00
3.002000e-05	5.408162e-02	-1.832628e+00
3.003000e-05	2.315600e-02	-1.873706e+00
3.004000e-05	-5.915127e-02	-2.025155e+00
3.005000e-05	3.318405e-02	-2.233184e+00
3.006000e-05	6.215144e-02	-2.285291e+00
3.007000e-05	-1.077825e-01	-2.339028e+00
3.008000e-05	-4.267007e-03	-2.525840e+00
3.009000e-05	1.070963e-01	-2.590026e+00
3.010000e-05	-3.284810e-02	-2.697365e+00
3.011000e-05	-5.488615e-02	-2.790500e+00
3.012000e-05	3.779581e-02	-2.843782e+00
3.013000e-05	-1.380231e-02	-3.022661e+00
3.014000e-05	3.199934e-02	-3.188345e+00
3.015000e-05	4.742825e-03	-3.230553e+00
3.016000e-05	-7.133904e-02	-3.338419e+00
3.017000e-05	5.260502e-02	-3.401101e+00
3.018000e-05	2.557158e-02	-3.495313e+00
3.019000e-05	-2.692411e-02	-3.569024e+00
3.020000e-05	1.607792e-02	-3.672127e+00
3.021000e-05	-2.151160e-02	-3.750428e+00
3.022000e-05	-1.660708e-02	-3.947819e+00
3.023000e-05	6.596084e-02	-3.990554e+00
3.024000e-05	-9.676537e-03	-4.075287e+00
3.025000e-05	-3.556368e-02	-4.187921e+00
3.026000e-05	1.626181e-02	-4.222649e+00
3.027000e-05	1.246033e-02	-4.347895e+00
3.028000e-05	2.179437e-02	-4.389525e+00
3.029000e-05	-2.526093e-02	-4.422129e+00
3.030000e-05	-1.461423e-02	-4.516394e+00
3.031000e-05	2.083233e-02	-4.665080e+00
3.032000e-05	1.835815e-02	-4.663862e+00
3.033000e-05	1.238787e-02	-4.726820e+00
3.034000e-05	-2.137720e-02	-4.811709e+00
3.035000e-05	-1.358329e-03	-4.947397e+00
3.036000e-05	2.015768e-02	-5.000525e+00
3.037000e-05	1.027580e-02	-5.064185e+00
3.038000e-05	-4.864356e-03	-5.107895e+00
3.039000e-05	-1.077038e-02	-5.210550e+00
3.040000e-05	6.217288e-03	-5.262210e+00
3.041000e-05	3.100694e-02	-5.329449e+00
3.042000e-05	3.219437e-03	-5.425838e+00
3.043000e-05	-1.035046e-02	-5.569470e+00
3.044000e-05	7.632414e-04	-5.588975e+00
3.045000e-05	1.053404e-02	-5.610551e+00
3.046000e-05	2.327953e-02	-5.683684e+00
3.047000e-05	-5.757107e-03	-5.726232e+00
3.048000e-05	-5.827842e-03	-5.738399e+00
3.049000e-05	5.463277e-03	-5.810524e+00
3.050000e-05	2.053462e-02	-5.853133e+00
3.051000e-05	1.295310e-02	-5.872682e+00
3.052000e-05	-8.642204e-03	-5.936318e+00
3.053000e-05	2.013408e-04	-5.979972e+00
3.054000e-05	1.558983e-02	-5.999974e+00
3.055000e-05	1.850804e-02	-6.010503e+00
3.056000e-05	2.524546e-03	-6.010500e+00
3.057000e-05	-5.644496e-03	-6.041130e+00
3.058000e-05	6.845953e-03	-6.023735e+00
3.059000e-05	1.898222e-02	-6.065682e+00
3.060000e-05	1.235818e-02	-6.123766e+00
3.061000e-05	1.365202e-03	-6.127466e+00
3.062000e-05	1.387443e-03	-6.177874e+00
3.063000e-05	1.424241e-02	-6.210578e+00
3.064000e-05	2.043375e-02	-6.179104e+00
3.065000e-05	6.542356e-03	-6.190649e+00
3.066000e-05	-5.635158e-04	-6.234657e+00
3.067000e-05	4.273421e-03	-6.243805e+00
3.068000e-05	1.892174e-02	-6.283363e+00
3.069000e-05	1.691422e-02	-6.243782e+00
3.070000e-05	5.184171e-03	-6.294234e+00
3.071000e-05	4.627486e-03	-6.263186e+00
3.072000e-05	1.327660e-02	-6.314155e+00
3.073000e-05	2.005694e-02	-6.242307e+00
3.074000e-05	1.067642e-02	-6.209107e+00
3.075000e-05	4.284331e-03	-6.229028e+00
3.076000e-05	8.250972e-03	-6.150120e+00
3.077000e-05	1.803590e-02	-6.118048e+00
3.078000e-05	1.936827e-02	-6.113267e+00
3.079000e-05	1.008011e-02	-6.094264e+00
3.080000e-05	6.320809e-03	-6.073285e+00
3.081000e-05	1.354733e-02	-6.051233e+00
3.082000e-05	1.944474e-02	-6.011528e+00
3.083000e-05	1.377196e-02	-6.000026e+00
3.084000e-05	8.855918e-03	-5.990500e+00
3.085000e-05	8.857652e-03	-5.988874e+00
3.086000e-05	1.890191e-02	-5.935942e+00
3.087000e-05	1.921529e-02	-5.896291e+00
3.088000e-05	1.252945e-02	-5.812633e+00
3.089000e-05	8.536421e-03	-5.830628e+00
3.090000e-05	1.343157e-02	-5.778996e+00
3.091000e-05	1.910356e-02	-5.746317e+00
3.092000e-05	1.626039e-02	-5.674161e+00
3.093000e-05	1.058017e-02	-5.652051e+00
3.094000e-05	9.475347e-03	-5.600525e+00
3.095000e-05	1.644462e-02	-5.587894e+00
3.096000e-05	1.868856e-02	-5.485263e+00
3.097000e-05	1.266449e-02	-5.451479e+00
3.098000e-05	8.082325e-03	-5.323790e+00
3.099000e-05	1.083373e-02	-5.282651e+00
3.100000e-05	1.676082e-02	-5.209449e+00
3.101000e-05	1.475993e-02	-5.115288e+00
3.102000e-05	9.156090e-03	-5.053080e+00
3.103000e-05	7.906052e-03	-4.918971e+00
3.104000e-05	1.337714e-02	-4.915714e+00
3.105000e-05	1.551119e-02	-4.775340e+00
3.106000e-05	1.077399e-02	-4.655107e+00
3.107000e-05	5.555347e-03	-4.630553e+00
3.108000e-05	7.412797e-03	-4.556418e+00
3.109000e-05	1.221065e-02	-4.503710e+00
3.110000e-05	1.070538e-02	-4.431030e+00
3.111000e-05	5.753280e-03	-4.378396e+00
3.112000e-05	4.013015e-03	-4.305158e+00
3.113000e-05	8.317700e-03	-4.231500e+00
3.114000e-05	9.976345e-03	-4.155293e+00
3.115000e-05	7.504398e-03	-4.073081e+00
3.116000e-05	2.127562e-03	-4.017497e+00
3.117000e-05	3.806355e-03	-3.875785e+00
3.118000e-05	6.733495e-03	-3.795371e+00
3.119000e-05	7.831614e-03	-3.631653e+00
3.120000e-05	3.740665e-03	-3.569946e+00
3.121000e-05	1.561265e-03	-3.511709e+00
3.122000e-05	3.674124e-03	-3.378497e+00
3.123000e-05	5.874477e-03	-3.304211e+00
3.124000e-05	4.465485e-03	-3.209026e+00
3.125000e-05	-2.296781e-04	-3.097265e+00
3.126000e-05	5.278502e-04	-2.996446e+00
3.127000e-05	2.872822e-03	-2.842653e+00
3.128000e-05	3.151943e-03	-2.818972e+00
3.129000e-05	1.073907e-03	-2.693584e+00
3.130000e-05	-9.817977e-04	-2.588422e+00
3.131000e-05	3.822238e-04	-2.472683e+00
3.132000e-05	1.108379e-03	-2.398925e+00
3.133000e-05	1.465437e-03	-2.302639e+00
3.134000e-05	-2.651577e-03	-2.117288e+00
3.135000e-05	-1.099020e-03	-2.010583e+00
3.136000e-05	-6.755474e-04	-1.945763e+00
3.137000e-05	2.798966e-03	-1.821580e+00
3.138000e-05	-2.378718e-04	-1.715287e+00
3.139000e-05	-2.821214e-03	-1.631079e+00
3.140000e-05	-2.672738e-03	-1.515793e+00
3.141000e-05	-6.329814e-04	-1.407364e+00
3.142000e-05	-1.997284e-03	-1.200602e+00
3.143000e-05	-4.152060e-03	-1.123163e+00
3.144000e-05	-4.196162e-03	-9.580486e-01
3.145000e-05	-3.310478e-03	-9.026578e-01
3.146000e-05	-6.271000e-04	-7.688974e-01
3.147000e-05	-2.186768e-03	-6.811352e-01
3.148000e-05	-3.977510e-03	-5.347366e-01
3.149000e-05	-4.784677e-03	-4.300736e-01
3.150000e-05	-3.446417e-03	-3.131865e-01
3.151000e-05	-2.751583e-03	-2.289772e-01
3.152000e-05	-3.822041e-03	-1.035840e-01
3.153000e-05	-2.664529e-03	-8.473685e-03
3.154000e-05	-1.410307e-04	9.528591e-02
3.155000e-05	6.555484e-04	2.226570e-01
3.156000e-05	-9.117263e-04	3.779712e-01
3.157000e-05	-3.519782e-03	4.206830e-01
3.158000e-05	-4.824250e-03	5.488961e-01
3.159000e-05	-2.374000e-03	6.236255e-01
3.160000e-05	7.069857e-03	7.283976e-01
3.161000e-05	3.638814e-02	8.236305e-01
3.162000e-05	1.356637e-02	1.045692e+00
3.163000e-05	-3.712888e-02	1.171054e+00
3.164000e-05	-9.658953e-02	1.326291e+00
3.165000e-05	1.680613e-02	1.388525e+00
3.166000e-05	6.251181e-02	1.517996e+00
3.167000e-05	-1.431978e-02	1.685311e+00
3.168000e-05	-9.908173e-02	1.746868e+00
3.169000e-05	7.661257e-02	1.844680e+00
3.170000e-05	-1.774077e-02	1.980023e+00
3.171000e-05	-6.987284e-02	2.041578e+00
3.172000e-05	8.348343e-02	2.124260e+00
3.173000e-05	-2.402192e-02	2.244183e+00
3.174000e-05	-1.024745e-01	2.358970e+00
3.175000e-05	5.233436e-02	2.411579e+00
3.176000e-05	6.289879e-02	2.566988e+00
3.177000e-05	-6.902258e-02	2.706267e+00
3.178000e-05	-1.152801e-02	2.800553e+00
3.179000e-05	-5.621137e-03	2.895321e+00
3.180000e-05	6.384186e-03	3.009473e+00
3.181000e-05	1.560199e-02	3.075737e+00
3.182000e-05	-2.810055e-02	3.158423e+00
3.183000e-05	-3.607939e-02	3.220654e+00
3.184000e-05	3.261648e-02	3.337969e+00
3.185000e-05	5.539260e-03	3.505259e+00
3.186000e-05	-2.130095e-02	3.579424e+00
3.187000e-05	-7.931876e-03	3.664734e+00
3.188000e-05	-4.338059e-02	3.748469e+00
3.189000e-05	2.035335e-02	3.882658e+00
3.190000e-05	2.065666e-02	3.976369e+00
3.191000e-05	-1.854891e-02	3.982975e+00
3.192000e-05	-4.185343e-02	4.033135e+00
3.193000e-05	1.157739e-02	4.179898e+00
3.194000e-05	1.436015e-02	4.316267e+00
3.195000e-05	-1.372304e-02	4.389551e+00
3.196000e-05	-2.713586e-02	4.443709e+00
3.197000e-05	-2.504570e-02	4.566393e+00
3.198000e-05	1.407214e-02	4.599928e+00
3.199000e-05	5.823568e-03	4.674286e+00
3.200000e-05	-9.658796e-03	4.777473e+00
3.201000e-05	-3.642569e-02	4.801025e+00
3.202000e-05	-2.456556e-03	4.866286e+00
3.203000e-05	7.093605e-03	4.950474e+00
3.204000e-05	-3.523443e-03	5.066667e+00
3.205000e-05	-2.607525e-02	5.149399e+00
3.206000e-05	-2.661544e-02	5.231656e+00
3.207000e-05	7.160287e-03	5.337291e+00
3.208000e-05	3.314968e-03	5.367900e+00
3.209000e-05	-1.233535e-02	5.399550e+00
3.210000e-05	-3.240000e-02	5.423758e+00
3.211000e-05	-9.308188e-03	5.549320e+00
3.212000e-05	1.953054e-03	5.568450e+00
3.213000e-05	-1.878661e-03	5.620051e+00
3.214000e-05	-2.361994e-02	5.632630e+00
3.215000e-05	-2.572939e-02	5.674661e+00
3.216000e-05	-3.613503e-03	5.687416e+00
3.217000e-05	1.221516e-03	5.809574e+00
3.218000e-05	-1.098440e-02	5.891658e+00
3.219000e-05	-2.978584e-02	5.896411e+00
3.220000e-05	-1.452922e-02	5.947974e+00
3.221000e-05	-2.299737e-03	5.998500e+00
3.222000e-05	-4.047125e-03	6.009499e+00
3.223000e-05	-2.277921e-02	6.010525e+00
3.224000e-05	-2.635001e-02	6.011055e+00
3.225000e-05	-9.826431e-03	6.031132e+00
3.226000e-05	-4.043101e-03	6.063159e+00
3.227000e-05	-1.206483e-02	6.036212e+00
3.228000e-05	-2.741641e-02	6.125715e+00
3.229000e-05	-1.866695e-02	6.116841e+00
3.230000e-05	-8.060790e-03	6.148892e+00
3.231000e-05	-6.183353e-03	6.135394e+00
3.232000e-05	-2.211589e-02	6.127921e+00
3.233000e-05	-2.667651e-02	6.148846e+00
3.234000e-05	-1.585845e-02	6.159022e+00
3.235000e-05	-7.275633e-03	6.188898e+00
3.236000e-05	-1.316918e-02	6.147896e+00
3.237000e-05	-2.662771e-02	6.146969e+00
3.238000e-05	-2.212289e-02	6.156824e+00
3.239000e-05	-1.282875e-02	6.137944e+00
3.240000e-05	-1.012366e-02	6.156345e+00
3.241000e-05	-2.250257e-02	6.116895e+00
3.242000e-05	-2.660716e-02	6.064262e+00
3.243000e-05	-2.020940e-02	6.082687e+00
3.244000e-05	-1.154923e-02	6.072208e+00
3.245000e-05	-1.521035e-02	6.013155e+00
3.246000e-05	-2.601286e-02	6.030103e+00
3.247000e-05	-2.523893e-02	6.011553e+00
3.248000e-05	-1.759119e-02	6.010001e+00
3.249000e-05	-1.261442e-02	5.980500e+00
3.250000e-05	-2.147900e-02	5.967974e+00
3.251000e-05	-2.881324e-02	5.956822e+00
3.252000e-05	-2.349417e-02	5.842191e+00
3.253000e-05	-1.492463e-02	5.891009e+00
3.254000e-05	-1.595532e-02	5.755916e+00
3.255000e-05	-2.490195e-02	5.672734e+00
3.256000e-05	-2.667213e-02	5.630580e+00
3.257000e-05	-2.012567e-02	5.600050e+00
3.258000e-05	-1.497361e-02	5.559447e+00
3.259000e-05	-2.150920e-02	5.536318e+00
3.260000e-05	-2.686979e-02	5.463764e+00
3.261000e-05	-2.443705e-02	5.420654e+00
3.262000e-05	-1.613513e-02	5.389922e+00
3.263000e-05	-1.620298e-02	5.326795e+00
3.264000e-05	-2.298508e-02	5.272685e+00
3.265000e-05	-2.495489e-02	5.179525e+00
3.266000e-05	-1.900492e-02	5.177340e+00
3.267000e-05	-1.489718e-02	5.073580e+00
3.268000e-05	-1.880382e-02	4.904734e+00
3.269000e-05	-2.387446e-02	4.831601e+00
3.270000e-05	-2.212951e-02	4.778473e+00
3.271000e-05	-1.530739e-02	4.696290e+00
3.272000e-05	-1.370290e-02	4.642128e+00
3.273000e-05	-1.880101e-02	4.568497e+00
3.274000e-05	-2.104057e-02	4.493212e+00
3.275000e-05	-1.708282e-02	4.431576e+00
3.276000e-05	-1.159444e-02	4.368947e+00
3.277000e-05	-1.369674e-02	4.295213e+00
3.278000e-05	-1.853728e-02	4.149423e+00
3.279000e-05	-1.827152e-02	4.031606e+00
3.280000e-05	-1.422409e-02	4.017900e+00
3.281000e-05	-1.075371e-02	3.883763e+00
3.282000e-05	-1.423347e-02	3.852076e+00
3.283000e-05	-1.640508e-02	3.747768e+00
3.284000e-05	-1.541257e-02	3.632184e+00
3.285000e-05	-8.412860e-03	3.589523e+00
3.286000e-05	-9.532900e-03	3.505307e+00
3.287000e-05	-1.268316e-02	3.377471e+00
3.288000e-05	-1.610735e-02	3.232631e+00
3.289000e-05	-1.151440e-02	3.156871e+00
3.290000e-05	-8.419772e-03	3.074685e+00
3.291000e-05	-1.024704e-02	2.988397e+00
3.292000e-05	-1.241490e-02	2.923712e+00
3.293000e-05	-1.142282e-02	2.809576e+00
3.294000e-05	-6.941309e-03	2.712166e+00
3.295000e-05	-6.291403e-03	2.636820e+00
3.296000e-05	-9.326854e-03	2.432560e+00
3.297000e-05	-1.185238e-02	2.307393e+00
3.298000e-05	-8.972466e-03	2.241630e+00
3.299000e-05	-6.305526e-03	2.147420e+00
3.300000e-05	-7.614580e-03	2.041053e+00
3.301000e-05	-9.500336e-03	1.988895e+00
3.302000e-05	-1.005520e-02	1.883156e+00
3.303000e-05	-5.286818e-03	1.733716e+00
3.304000e-05	-4.663524e-03	1.620579e+00
3.305000e-05	-6.338456e-03	1.503211e+00
3.306000e-05	-9.320525e-03	1.396924e+00
3.307000e-05	-6.883948e-03	1.271582e+00
3.308000e-05	-4.562616e-03	1.158898e+00
3.309000e-05	-4.216113e-03	1.058574e+00
3.310000e-05	-8.106047e-03	8.712300e-01
3.311000e-05	-7.860119e-03	7.769908e-01
3.312000e-05	-5.016201e-03	6.411051e-01
3.313000e-05	-2.755411e-03	5.447919e-01
3.314000e-05	-4.549119e-03	4.416063e-01
3.315000e-05	-6.485571e-03	3.673220e-01
3.316000e-05	-6.077588e-03	1.986035e-01
3.317000e-05	-2.323289e-03	5.165383e-02
3.318000e-05	-2.974833e-03	-6.312795e-02
3.319000e-05	-3.096320e-03	-1.179424e-01
3.320000e-05	-2.394790e-03	-2.226331e-01
3.321000e-05	-1.228357e-03	-3.388699e-01
3.322000e-05	-3.632689e-04	-4.131028e-01
3.323000e-05	-1.565961e-03	-5.364899e-01
3.324000e-05	-4.114663e-03	-6.952397e-01
3.325000e-05	-1.426195e-03	-8.004487e-01
3.326000e-05	1.894102e-02	-8.416795e-01
3.327000e-05	5.229510e-02	-9.889488e-01
3.328000e-05	-1.281041e-02	-1.160419e+00
3.329000e-05	-5.987602e-02	-1.413623e+00
3.330000e-05	-7.104936e-02	-1.527891e+00
3.331000e-05	7.529540e-02	-1.514241e+00
3.332000e-05	4.320807e-02	-1.569522e+00
3.333000e-05	-1.121696e-01	-1.779920e+00
3.334000e-05	4.063283e-02	-1.851558e+00
3.335000e-05	2.813185e-02	-1.864184e+00
3.336000e-05	-4.971923e-02	-1.982604e+00
3.337000e-05	6.975157e-03	-2.183578e+00
3.338000e-05	7.910500e-02	-2.283266e+00
3.339000e-05	-9.405404e-02	-2.389448e+00
3.340000e-05	-3.643996e-02	-2.475812e+00
3.341000e-05	1.094005e-01	-2.579474e+00
3.342000e-05	-1.534724e-02	-2.685840e+00
3.343000e-05	-7.066568e-02	-2.769497e+00
3.344000e-05	4.051991e-02	-2.834628e+00
3.345000e-05	-1.273493e-02	-3.022648e+00
3.346000e-05	2.543411e-02	-3.147921e+00
3.347000e-05	1.240241e-02	-3.201051e+00
3.348000e-05	-7.092315e-02	-3.315867e+00
3.349000e-05	3.797831e-02	-3.400075e+00
3.350000e-05	4.127711e-02	-3.505261e+00
3.351000e-05	-2.971500e-02	-3.559449e+00
3.352000e-05	1.217187e-02	-3.662584e+00
3.353000e-05	-1.332135e-02	-3.749969e+00
3.354000e-05	-2.824406e-02	-3.888741e+00
3.355000e-05	6.714113e-02	-4.000550e+00
3.356000e-05	-1.564124e-03	-4.114685e+00
3.357000e-05	-3.884965e-02	-4.098947e+00
3.358000e-05	1.332765e-02	-4.210128e+00
3.359000e-05	1.151341e-02	-4.296390e+00
3.360000e-05	2.391361e-02	-4.389999e+00
3.361000e-05	-2.241547e-02	-4.442056e+00
3.362000e-05	-1.896913e-02	-4.516965e+00
3.363000e-05	1.813561e-02	-4.593000e+00
3.364000e-05	2.126704e-02	-4.705366e+00
3.365000e-05	1.379596e-02	-4.728914e+00
3.366000e-05	-1.933133e-02	-4.852953e+00
3.367000e-05	-5.838538e-03	-4.946917e+00
3.368000e-05	2.094629e-02	-4.990028e+00
3.369000e-05	1.386264e-02	-5.063681e+00
3.370000e-05	-4.833649e-03	-5.147740e+00
3.371000e-05	-9.878555e-03	-5.220098e+00
3.372000e-05	1.047944e-03	-5.285633e+00
3.373000e-05	3.256440e-02	-5.357895e+00
3.374000e-05	4.722770e-03	-5.505182e+00
3.375000e-05	-1.115513e-02	-5.548847e+00
3.376000e-05	-7.981228e-04	-5.589945e+00
3.377000e-05	9.873782e-03	-5.621029e+00
3.378000e-05	2.447530e-02	-5.654109e+00
3.379000e-05	-4.087397e-03	-5.725265e+00
3.380000e-05	-7.536598e-03	-5.768947e+00
3.381000e-05	3.664878e-03	-5.770574e+00
3.382000e-05	2.136620e-02	-5.812079e+00
3.383000e-05	1.621330e-02	-5.892732e+00
3.384000e-05	-7.816529e-03	-5.916289e+00
3.385000e-05	-3.356547e-03	-5.977445e+00
3.386000e-05	1.609528e-02	-5.968924e+00
3.387000e-05	2.065056e-02	-5.999526e+00
3.388000e-05	4.393471e-03	-6.031524e+00
3.389000e-05	-6.378496e-03	-6.012551e+00
3.390000e-05	3.219936e-03	-6.022611e+00
3.391000e-05	1.985190e-02	-6.033234e+00
3.392000e-05	1.399477e-02	-6.095840e+00
3.393000e-05	1.702025e-03	-6.135315e+00
3.394000e-05	-9.199740e-04	-6.148391e+00
3.395000e-05	1.257656e-02	-6.140005e+00
3.396000e-05	2.219549e-02	-6.241106e+00
3.397000e-05	9.240644e-03	-6.232653e+00
3.398000e-05	-1.811329e-04	-6.230683e+00
3.399000e-05	2.985398e-03	-6.254761e+00
3.400000e-05	1.931710e-02	-6.263161e+00
3.401000e-05	1.750550e-02	-6.291731e+00
3.402000e-05	6.382698e-03	-6.222161e+00
3.403000e-05	2.061269e-03	-6.263555e+00
3.404000e-05	1.185977e-02	-6.242204e+00
3.405000e-05	2.091565e-02	-6.233105e+00
3.406000e-05	1.275485e-02	-6.240630e+00
3.407000e-05	4.344673e-03	-6.189598e+00
3.408000e-05	6.319663e-03	-6.159477e+00
3.409000e-05	1.826482e-02	-6.167875e+00
3.410000e-05	1.929716e-02	-6.147400e+00
3.411000e-05	9.628287e-03	-6.055813e+00
3.412000e-05	4.471115e-03	-6.072585e+00
3.413000e-05	1.246622e-02	-6.051683e+00
3.414000e-05	2.162815e-02	-6.020981e+00
3.415000e-05	1.737781e-02	-6.010005e+00
3.416000e-05	8.556214e-03	-5.990453e+00
3.417000e-05	8.849789e-03	-5.986476e+00
3.418000e-05	1.776648e-02	-5.947922e+00
3.419000e-05	1.944769e-02	-5.884238e+00
3.420000e-05	1.190428e-02	-5.843659e+00
3.421000e-05	6.912116e-03	-5.830499e+00
3.422000e-05	1.249386e-02	-5.778500e+00
3.423000e-05	1.946624e-02	-5.756313e+00
3.424000e-05	1.756571e-02	-5.704639e+00
3.425000e-05	9.746036e-03	-5.632559e+00
3.426000e-05	8.643466e-03	-5.600476e+00
3.427000e-05	1.615677e-02	-5.558423e+00
3.428000e-05	1.903458e-02	-5.535740e+00
3.429000e-05	1.347146e-02	-5.421053e+00
3.430000e-05	7.335886e-03	-5.307713e+00
3.431000e-05	1.105032e-02	-5.231657e+00
3.432000e-05	1.641374e-02	-5.179972e+00
3.433000e-05	1.569250e-02	-5.114241e+00
3.434000e-05	1.003951e-02	-5.052657e+00
3.435000e-05	7.117925e-03	-5.000500e+00
3.436000e-05	1.340626e-02	-4.894605e+00
3.437000e-05	1.454588e-02	-4.786351e+00
3.438000e-05	1.146133e-02	-4.705209e+00
3.439000e-05	4.623273e-03	-4.580079e+00
3.440000e-05	6.957812e-03	-4.538450e+00
3.441000e-05	1.119393e-02	-4.484212e+00
3.442000e-05	1.183469e-02	-4.411551e+00
3.443000e-05	7.235361e-03	-4.386897e+00
3.444000e-05	4.816488e-03	-4.284690e+00
3.445000e-05	7.234242e-03	-4.249003e+00
3.446000e-05	1.141375e-02	-4.175817e+00
3.447000e-05	7.681301e-03	-4.043055e+00
3.448000e-05	3.373600e-03	-4.000951e+00
3.449000e-05	2.749549e-03	-3.895810e+00
3.450000e-05	6.621958e-03	-3.777868e+00
3.451000e-05	7.493106e-03	-3.682135e+00
3.452000e-05	3.022430e-03	-3.578524e+00
3.453000e-05	4.774028e-04	-3.504160e+00
3.454000e-05	2.831958e-03	-3.419975e+00
3.455000e-05	5.770112e-03	-3.315213e+00
3.456000e-05	5.133872e-03	-3.220579e+00
3.457000e-05	9.244561e-04	-3.127844e+00
3.458000e-05	5.156236e-04	-3.011530e+00
3.459000e-05	2.971046e-03	-2.873609e+00
3.460000e-05	5.027748e-03	-2.769444e+00
3.461000e-05	3.737948e-04	-2.684162e+00
3.462000e-05	-2.104196e-03	-2.609042e+00
3.463000e-05	3.180818e-05	-2.453133e+00
3.464000e-05	2.488565e-03	-2.399476e+00
3.465000e-05	8.942026e-04	-2.293261e+00
3.466000e-05	-2.696992e-03	-2.165443e+00
3.467000e-05	-1.448768e-03	-2.031478e+00
3.468000e-05	4.870048e-04	-1.936669e+00
3.469000e-05	1.949484e-03	-1.831554e+00
3.470000e-05	-1.665610e-03	-1.716819e+00
3.471000e-05	-4.100847e-03	-1.650028e+00
3.472000e-05	-2.028958e-03	-1.524888e+00
3.473000e-05	9.072098e-05	-1.396873e+00
3.474000e-05	-2.020157e-03	-1.201700e+00
3.475000e-05	-4.672507e-03	-1.144741e+00
3.476000e-05	-3.901532e-03	-1.020001e+00
3.477000e-05	-2.116467e-03	-8.842364e-01
3.478000e-05	-1.295294e-04	-8.008488e-01
3.479000e-05	-2.228328e-03	-7.046652e-01
3.480000e-05	-3.877238e-03	-5.248417e-01
3.481000e-05	-4.611708e-03	-4.094762e-01
3.482000e-05	-3.379658e-03	-3.263154e-01
3.483000e-05	-3.689645e-03	-1.909962e-01
3.484000e-05	-4.811280e-03	-9.563785e-02
3.485000e-05	-3.190263e-03	-1.905006e-02
3.486000e-05	-4.143283e-05	9.425591e-02
3.487000e-05	6.220263e-04	2.410332e-01
3.488000e-05	-8.664423e-04	3.673937e-01
3.489000e-05	-3.558775e-03	4.420817e-01
3.490000e-05	-3.766032e-03	5.268161e-01
3.491000e-05	-2.210068e-03	6.221568e-01
3.492000e-05	6.467027e-03	7.473673e-01
3.493000e-05	3.258249e-02	8.131808e-01
3.494000e-05	1.972108e-02	1.042133e+00
3.495000e-05	-3.241612e-02	1.210054e+00
3.496000e-05	-9.094509e-02	1.295810e+00
3.497000e-05	-1.612304e-03	1.368549e+00
3.498000e-05	6.936817e-02	1.513916e+00
3.499000e-05	-8.675509e-04	1.685710e+00
3.500000e-05	-1.174603e-01	1.757817e+00
3.501000e-05	7.511788e-02	1.842127e+00
3.502000e-05	-1.259341e-02	1.937923e+00
3.503000e-05	-6.536000e-02	2.021032e+00
3.504000e-05	6.980718e-02	2.073764e+00
3.505000e-05	-4.978108e-03	2.235132e+00
3.506000e-05	-1.061372e-01	2.358946e+00
3.507000e-05	3.378382e-02	2.411104e+00
3.508000e-05	7.487541e-02	2.526943e+00
3.509000e-05	-5.733208e-02	2.684786e+00
3.510000e-05	-2.254961e-02	2.791525e+00
3.511000e-05	-4.632147e-03	2.896287e+00
3.512000e-05	5.934965e-03	2.978945e+00
3.513000e-05	1.315594e-02	3.043782e+00
3.514000e-05	-1.834226e-02	3.148420e+00
3.515000e-05	-4.719741e-02	3.252534e+00
3.516000e-05	3.177466e-02	3.346371e+00
3.517000e-05	7.492403e-03	3.484738e+00
3.518000e-05	-1.610242e-02	3.578949e+00
3.519000e-05	-9.935380e-03	3.673656e+00
3.520000e-05	-4.237008e-02	3.738398e+00
3.521000e-05	1.233255e-02	3.843106e+00
3.522000e-05	2.378651e-02	3.936895e+00
3.523000e-05	-1.111994e-02	4.020000e+00
3.524000e-05	-4.795941e-02	4.032657e+00
3.525000e-05	1.073795e-02	4.158469e+00
3.526000e-05	1.395178e-02	4.295291e+00
3.527000e-05	-7.730568e-03	4.379999e+00
3.528000e-05	-2.919450e-02	4.442183e+00
3.529000e-05	-2.667632e-02	4.527845e+00
3.530000e-05	9.887999e-03	4.580999e+00
3.531000e-05	8.703609e-03	4.692737e+00
3.532000e-05	-6.672375e-03	4.717871e+00
3.533000e-05	-3.946292e-02	4.820500e+00
3.534000e-05	-5.005183e-03	4.863735e+00
3.535000e-05	5.249247e-03	4.980399e+00
3.536000e-05	1.168256e-03	5.073767e+00
3.537000e-05	-2.611883e-02	5.139976e+00
3.538000e-05	-2.653612e-02	5.243732e+00
3.539000e-05	3.233279e-03	5.314865e+00
3.540000e-05	7.157035e-03	5.377546e+00
3.541000e-05	-1.022312e-02	5.410626e+00
3.542000e-05	-3.333795e-02	5.432635e+00
3.543000e-05	-1.196914e-02	5.524793e+00
3.544000e-05	-4.589344e-04	5.558470e+00
3.545000e-05	1.342429e-03	5.590449e+00
3.546000e-05	-2.321302e-02	5.610626e+00
3.547000e-05	-2.645123e-02	5.653209e+00
3.548000e-05	-7.039862e-03	5.706363e+00
3.549000e-05	2.371444e-03	5.769071e+00
3.550000e-05	-7.986659e-03	5.844154e+00
3.551000e-05	-3.019444e-02	5.906261e+00
3.552000e-05	-1.672062e-02	5.938921e+00
3.553000e-05	-4.229608e-03	5.979474e+00
3.554000e-05	-1.460875e-03	6.000551e+00
3.555000e-05	-2.184867e-02	5.990528e+00
3.556000e-05	-2.577618e-02	6.001578e+00
3.557000e-05	-1.264641e-02	6.042080e+00
3.558000e-05	-2.632766e-03	6.052104e+00
3.559000e-05	-1.012417e-02	6.053657e+00
3.560000e-05	-2.675199e-02	6.084688e+00
3.561000e-05	-1.993311e-02	6.127936e+00
3.562000e-05	-1.038800e-02	6.137395e+00
3.563000e-05	-4.760220e-03	6.135965e+00
3.564000e-05	-2.039571e-02	6.187445e+00
3.565000e-05	-2.658042e-02	6.138471e+00
3.566000e-05	-1.788830e-02	6.158471e+00
3.567000e-05	-7.180058e-03	6.177896e+00
3.568000e-05	-1.144465e-02	6.186974e+00
3.569000e-05	-2.517719e-02	6.158346e+00
3.570000e-05	-2.230857e-02	6.167421e+00
3.571000e-05	-1.424038e-02	6.158397e+00
3.572000e-05	-9.053762e-03	6.147366e+00
3.573000e-05	-2.135098e-02	6.127370e+00
3.574000e-05	-2.677876e-02	6.135211e+00
3.575000e-05	-2.131485e-02	6.066286e+00
3.576000e-05	-1.215746e-02	6.082636e+00
3.577000e-05	-1.430242e-02	6.062083e+00
3.578000e-05	-2.526644e-02	6.051104e+00
3.579000e-05	-2.563487e-02	6.010528e+00
3.580000e-05	-1.830853e-02	6.019999e+00
3.581000e-05	-1.266355e-02	5.989999e+00
3.582000e-05	-2.148294e-02	5.988974e+00
3.583000e-05	-2.740609e-02	5.926820e+00
3.584000e-05	-2.405464e-02	5.883663e+00
3.585000e-05	-1.623454e-02	5.802549e+00
3.586000e-05	-1.659216e-02	5.745893e+00
3.587000e-05	-2.445100e-02	5.685212e+00
3.588000e-05	-2.577082e-02	5.650603e+00
3.589000e-05	-2.048838e-02	5.590050e+00
3.590000e-05	-1.482334e-02	5.579922e+00
3.591000e-05	-2.062984e-02	5.546940e+00
3.592000e-05	-2.624109e-02	5.495682e+00
3.593000e-05	-2.575900e-02	5.441528e+00
3.594000e-05	-1.760609e-02	5.398999e+00
3.595000e-05	-1.677729e-02	5.328845e+00
3.596000e-05	-2.248333e-02	5.253185e+00
3.597000e-05	-2.514078e-02	5.209499e+00
3.598000e-05	-1.892211e-02	5.167311e+00
3.599000e-05	-1.455690e-02	5.030656e+00
3.600000e-05	-1.796658e-02	4.986843e+00
3.601000e-05	-2.387198e-02	4.831580e+00
3.602000e-05	-2.180248e-02	4.788996e+00
3.603000e-05	-1.588929e-02	4.685841e+00
3.604000e-05	-1.389466e-02	4.721733e+00
3.605000e-05	-1.993751e-02	4.589499e+00
3.606000e-05	-2.130161e-02	4.493288e+00
3.607000e-05	-1.722080e-02	4.401526e+00
3.608000e-05	-1.116345e-02	4.389975e+00
3.609000e-05	-1.366849e-02	4.294289e+00
3.610000e-05	-1.872127e-02	4.212395e+00
3.611000e-05	-1.849853e-02	4.073257e+00
3.612000e-05	-1.340818e-02	4.010025e+00
3.613000e-05	-1.072348e-02	3.946267e+00
3.614000e-05	-1.548628e-02	3.831104e+00
3.615000e-05	-1.627520e-02	3.757344e+00
3.616000e-05	-1.370943e-02	3.653086e+00
3.617000e-05	-9.073393e-03	3.579000e+00
3.618000e-05	-9.439482e-03	3.515763e+00
3.619000e-05	-1.284323e-02	3.418892e+00
3.620000e-05	-1.444957e-02	3.272607e+00
3.621000e-05	-1.194533e-02	3.198375e+00
3.622000e-05	-8.503768e-03	3.083637e+00
3.623000e-05	-9.782834e-03	3.009000e+00
3.624000e-05	-1.339552e-02	2.883710e+00
3.625000e-05	-1.185736e-02	2.830576e+00
3.626000e-05	-7.439235e-03	2.754868e+00
3.627000e-05	-5.877899e-03	2.607502e+00
3.628000e-05	-8.756829e-03	2.451606e+00
3.629000e-05	-1.153142e-02	2.387397e+00
3.630000e-05	-8.336437e-03	2.262683e+00
3.631000e-05	-6.383134e-03	2.156322e+00
3.632000e-05	-7.373694e-03	2.052604e+00
3.633000e-05	-9.678459e-03	2.008470e+00
3.634000e-05	-1.046794e-02	1.893159e+00
3.635000e-05	-5.724434e-03	1.747216e+00
3.636000e-05	-3.993442e-03	1.661555e+00
3.637000e-05	-6.126829e-03	1.555267e+00
3.638000e-05	-7.902268e-03	1.408971e+00
3.639000e-05	-7.333323e-03	1.274163e+00
3.640000e-05	-5.680910e-03	1.218923e+00
3.641000e-05	-6.548583e-03	1.101525e+00
3.642000e-05	-8.249082e-03	8.616550e-01
3.643000e-05	-7.688276e-03	7.789484e-01
3.644000e-05	-4.691978e-03	6.311076e-01
3.645000e-05	-2.523948e-03	5.358682e-01
3.646000e-05	-3.337751e-03	4.621051e-01
3.647000e-05	-5.456296e-03	3.678183e-01
3.648000e-05	-6.346704e-03	2.315760e-01
3.649000e-05	-3.958057e-03	6.260891e-02
3.650000e-05	-3.340637e-03	-4.160282e-02
3.651000e-05	-3.106528e-03	-1.378135e-01
3.652000e-05	-2.338906e-03	-2.221541e-01
3.653000e-05	-1.298668e-03	-3.268411e-01
3.654000e-05	1.200560e-04	-4.400777e-01
3.655000e-05	-1.467609e-03	-5.169162e-01
3.656000e-05	-3.621764e-03	-6.952058e-01
3.657000e-05	-2.950499e-03	-7.988486e-01
3.658000e-05	1.446376e-02	-8.536055e-01
3.659000e-05	5.161300e-02	-9.584476e-01
3.660000e-05	-6.335350e-03	-1.176393e+00
3.661000e-05	-5.130479e-02	-1.382078e+00
3.662000e-05	-8.782155e-02	-1.536191e+00
3.663000e-05	7.832903e-02	-1.504786e+00
3.664000e-05	4.345206e-02	-1.577976e+00
3.665000e-05	-1.002891e-01	-1.759444e+00
3.666000e-05	2.706095e-02	-1.853056e+00
3.667000e-05	3.294551e-02	-1.845632e+00
3.668000e-05	-3.832543e-02	-1.991576e+00
3.669000e-05	-1.807876e-02	-2.200620e+00
3.670000e-05	9.282848e-02	-2.282090e+00
3.671000e-05	-7.805255e-02	-2.348995e+00
3.672000e-05	-6.373394e-02	-2.506213e+00
3.673000e-05	1.122241e-01	-2.569976e+00
3.674000e-05	6.774242e-04	-2.705857e+00
3.675000e-05	-8.206183e-02	-2.769422e+00
3.676000e-05	3.966236e-02	-2.841079e+00
3.677000e-05	-9.384492e-03	-2.992598e+00
3.678000e-05	1.964626e-02	-3.127921e+00
3.679000e-05	2.100039e-02	-3.200578e+00
3.680000e-05	-6.748503e-02	-3.267365e+00
3.681000e-05	2.202919e-02	-3.430527e+00
3.682000e-05	5.421875e-02	-3.474185e+00
3.683000e-05	-3.130162e-02	-3.559945e+00
3.684000e-05	6.342494e-03	-3.633703e+00
3.685000e-05	-3.602999e-03	-3.717924e+00
3.686000e-05	-3.780052e-02	-3.906785e+00
3.687000e-05	6.481391e-02	-3.948949e+00
3.688000e-05	7.518497e-03	-4.054208e+00
3.689000e-05	-3.960347e-02	-4.147867e+00
3.690000e-05	8.630390e-03	-4.200053e+00
3.691000e-05	1.185651e-02	-4.306764e+00
3.692000e-05	2.655628e-02	-4.389997e+00
3.693000e-05	-1.737446e-02	-4.431102e+00
3.694000e-05	-2.149392e-02	-4.475367e+00
3.695000e-05	1.523641e-02	-4.591029e+00
3.696000e-05	2.272703e-02	-4.704767e+00
3.697000e-05	1.345824e-02	-4.758767e+00
3.698000e-05	-1.529135e-02	-4.799624e+00
3.699000e-05	-1.275721e-02	-4.915897e+00
3.700000e-05	2.096756e-02	-4.990475e+00
3.701000e-05	1.539831e-02	-5.081607e+00
3.702000e-05	-4.674592e-03	-5.125870e+00
3.703000e-05	-8.277276e-03	-5.160523e+00
3.704000e-05	-3.410776e-03	-5.232707e+00
3.705000e-05	3.261581e-02	-5.309323e+00
3.706000e-05	8.152717e-03	-5.475127e+00
3.707000e-05	-9.491506e-03	-5.548973e+00
3.708000e-05	-1.925889e-03	-5.579941e+00
3.709000e-05	6.970532e-03	-5.599526e+00
3.710000e-05	2.390657e-02	-5.653661e+00
3.711000e-05	-1.452303e-03	-5.696763e+00
3.712000e-05	-8.278293e-03	-5.738417e+00
3.713000e-05	2.341931e-03	-5.809526e+00
3.714000e-05	2.054507e-02	-5.811553e+00
3.715000e-05	1.792238e-02	-5.855186e+00
3.716000e-05	-3.371591e-03	-5.895817e+00
3.717000e-05	-5.054680e-03	-5.957872e+00
3.718000e-05	1.304522e-02	-5.979924e+00
3.719000e-05	1.878460e-02	-6.000500e+00
3.720000e-05	5.229846e-03	-6.010001e+00
3.721000e-05	-6.696973e-03	-6.020604e+00
3.722000e-05	1.808755e-03	-6.021629e+00
3.723000e-05	2.125060e-02	-6.093163e+00
3.724000e-05	1.669077e-02	-6.104791e+00
3.725000e-05	4.553597e-03	-6.116293e+00
3.726000e-05	-2.033169e-03	-6.140894e+00
3.727000e-05	9.202516e-03	-6.169553e+00
3.728000e-05	1.959121e-02	-6.248554e+00
3.729000e-05	9.295000e-03	-6.242228e+00
3.730000e-05	-1.384668e-03	-6.229604e+00
3.731000e-05	2.092127e-03	-6.252628e+00
3.732000e-05	1.898441e-02	-6.236209e+00
3.733000e-05	2.002976e-02	-6.275780e+00
3.734000e-05	8.540221e-03	-6.214232e+00
3.735000e-05	7.209952e-04	-6.304291e+00
3.736000e-05	9.177340e-03	-6.243688e+00
3.737000e-05	1.840415e-02	-6.225107e+00
3.738000e-05	1.261048e-02	-6.200628e+00
3.739000e-05	5.926884e-03	-6.191597e+00
3.740000e-05	6.703380e-03	-6.176929e+00
3.741000e-05	1.876429e-02	-6.149449e+00
3.742000e-05	2.074151e-02	-6.107816e+00
3.743000e-05	1.296648e-02	-6.075739e+00
3.744000e-05	3.810372e-03	-6.064258e+00
3.745000e-05	9.963784e-03	-6.043029e+00
3.746000e-05	1.861485e-02	-6.030578e+00
3.747000e-05	1.713459e-02	-6.000003e+00
3.748000e-05	9.672604e-03	-6.000001e+00
3.749000e-05	8.488641e-03	-5.988397e+00
3.750000e-05	1.755616e-02	-5.947396e+00
3.751000e-05	2.048264e-02	-5.894713e+00
3.752000e-05	1.519876e-02	-5.884161e+00
3.753000e-05	7.826724e-03	-5.861533e+00
3.754000e-05	1.125457e-02	-5.778996e+00
3.755000e-05	1.787292e-02	-5.754941e+00
3.756000e-05	1.801954e-02	-5.675234e+00
3.757000e-05	1.136232e-02	-5.660603e+00
3.758000e-05	9.112309e-03	-5.631053e+00
3.759000e-05	1.516122e-02	-5.599425e+00
3.760000e-05	1.831192e-02	-5.505842e+00
3.761000e-05	1.508804e-02	-5.412106e+00
3.762000e-05	9.013829e-03	-5.376915e+00
3.763000e-05	1.013754e-02	-5.240658e+00
3.764000e-05	1.555544e-02	-5.190399e+00
3.765000e-05	1.585919e-02	-5.135818e+00
3.766000e-05	1.068453e-02	-5.041083e+00
3.767000e-05	7.277201e-03	-5.030950e+00
3.768000e-05	1.077216e-02	-4.864767e+00
3.769000e-05	1.561538e-02	-4.779429e+00
3.770000e-05	1.358083e-02	-4.695213e+00
3.771000e-05	6.781293e-03	-4.641004e+00
3.772000e-05	7.430504e-03	-4.548446e+00
3.773000e-05	1.065535e-02	-4.464263e+00
3.774000e-05	1.210669e-02	-4.432051e+00
3.775000e-05	6.571419e-03	-4.378923e+00
3.776000e-05	3.026839e-03	-4.305766e+00
3.777000e-05	6.616918e-03	-4.241104e+00
3.778000e-05	9.697596e-03	-4.127893e+00
3.779000e-05	8.696103e-03	-4.111708e+00
3.780000e-05	5.106470e-03	-4.000526e+00
3.781000e-05	3.667403e-03	-3.895837e+00
3.782000e-05	6.638712e-03	-3.776976e+00
3.783000e-05	7.357553e-03	-3.673157e+00
3.784000e-05	4.297827e-03	-3.579475e+00
3.785000e-05	3.849042e-04	-3.494287e+00
3.786000e-05	1.980374e-03	-3.441526e+00
3.787000e-05	4.788913e-03	-3.264741e+00
3.788000e-05	5.462624e-03	-3.231579e+00
3.789000e-05	2.770728e-04	-3.169321e+00
3.790000e-05	5.535326e-04	-3.000106e+00
3.791000e-05	1.973244e-03	-2.883188e+00
3.792000e-05	4.144483e-03	-2.779947e+00
3.793000e-05	1.260961e-03	-2.705663e+00
3.794000e-05	-1.727526e-03	-2.630027e+00
3.795000e-05	-1.782344e-03	-2.494234e+00
3.796000e-05	1.079892e-03	-2.389976e+00
3.797000e-05	2.216508e-03	-2.286320e+00
3.798000e-05	-1.582872e-03	-2.166972e+00
3.799000e-05	-1.682340e-03	-2.041082e+00
3.800000e-05	-1.169868e-03	-1.936368e+00
3.801000e-05	1.365941e-03	-1.832630e+00
3.802000e-05	-3.873144e-04	-1.736393e+00
3.803000e-05	-2.214514e-03	-1.631553e+00
3.804000e-05	-2.977837e-03	-1.585819e+00
3.805000e-05	-1.120906e-03	-1.407978e+00
3.806000e-05	-3.538430e-03	-1.271654e+00
3.807000e-05	-3.766216e-03	-1.134764e+00
3.808000e-05	-4.325089e-03	-1.040000e+00
3.809000e-05	-2.759058e-03	-8.952378e-01
3.810000e-05	-1.811738e-03	-8.195513e-01
3.811000e-05	-2.865454e-03	-6.937678e-01
3.812000e-05	-2.298207e-03	-5.657917e-01
3.813000e-05	-3.422377e-03	-4.520788e-01
3.814000e-05	-3.536487e-03	-3.347680e-01
3.815000e-05	-3.948418e-03	-2.610775e-01
3.816000e-05	-4.816138e-03	-7.518666e-02
3.817000e-05	-2.479932e-03	-4.057626e-02
3.818000e-05	-6.010376e-04	8.370966e-02
3.819000e-05	1.545291e-04	2.006755e-01
3.820000e-05	-5.890828e-04	3.683437e-01
3.821000e-05	-2.157019e-03	4.320517e-01
3.822000e-05	-2.417375e-03	5.153161e-01
3.823000e-05	-3.003887e-03	6.526017e-01
3.824000e-05	3.802478e-03	7.278397e-01
3.825000e-05	2.870525e-02	8.541042e-01
3.826000e-05	2.579978e-02	1.043156e+00
3.827000e-05	-2.910469e-02	1.219455e+00
3.828000e-05	-8.442488e-02	1.325240e+00
3.829000e-05	-2.122939e-02	1.378924e+00
3.830000e-05	7.580181e-02	1.474315e+00
3.831000e-05	1.032226e-02	1.674181e+00
3.832000e-05	-1.251778e-01	1.767869e+00
3.833000e-05	6.772115e-02	1.811128e+00
3.834000e-05	8.666104e-04	1.949944e+00
3.835000e-05	-5.720657e-02	2.022506e+00
3.836000e-05	4.987486e-02	2.095207e+00
3.837000e-05	1.383206e-02	2.201629e+00
3.838000e-05	-1.063108e-01	2.367391e+00
3.839000e-05	1.319062e-02	2.401525e+00
3.840000e-05	8.487953e-02	2.516311e+00
3.841000e-05	-4.490483e-02	2.675237e+00
3.842000e-05	-3.519739e-02	2.800525e+00
3.843000e-05	-1.190871e-03	2.895790e+00
3.844000e-05	5.797610e-03	2.969445e+00
3.845000e-05	1.003908e-02	3.053705e+00
3.846000e-05	-9.504058e-03	3.137474e+00
3.847000e-05	-5.465964e-02	3.201154e+00
3.848000e-05	2.933352e-02	3.337362e+00
3.849000e-05	1.065476e-02	3.504165e+00
3.850000e-05	-1.141739e-02	3.568399e+00
3.851000e-05	-1.304308e-02	3.633679e+00
3.852000e-05	-3.738355e-02	3.717895e+00
3.853000e-05	2.242520e-03	3.861129e+00
3.854000e-05	2.563068e-02	3.925796e+00
3.855000e-05	-4.960791e-03	3.979975e+00
3.856000e-05	-5.245177e-02	4.023755e+00
3.857000e-05	8.738979e-03	4.206924e+00
3.858000e-05	1.367231e-02	4.263616e+00
3.859000e-05	-1.553019e-03	4.349975e+00
3.860000e-05	-3.170377e-02	4.442083e+00
3.861000e-05	-2.659148e-02	4.507317e+00
3.862000e-05	3.800849e-03	4.598450e+00
3.863000e-05	1.113612e-02	4.654132e+00
3.864000e-05	-3.355194e-03	4.728867e+00
3.865000e-05	-3.819203e-02	4.820024e+00
3.866000e-05	-6.354715e-03	4.895237e+00
3.867000e-05	3.591546e-03	4.946423e+00
3.868000e-05	3.850551e-03	5.094711e+00
3.869000e-05	-2.769357e-02	5.148496e+00
3.870000e-05	-2.792302e-02	5.210254e+00
3.871000e-05	-1.818381e-03	5.307763e+00
3.872000e-05	9.180671e-03	5.358420e+00
3.873000e-05	-6.590746e-03	5.421024e+00
3.874000e-05	-3.098956e-02	5.464107e+00
3.875000e-05	-1.395948e-02	5.505338e+00
3.876000e-05	-2.020750e-03	5.546942e+00
3.877000e-05	3.525266e-03	5.568496e+00
3.878000e-05	-2.422575e-02	5.621103e+00
3.879000e-05	-2.841580e-02	5.653205e+00
3.880000e-05	-9.103694e-03	5.725391e+00
3.881000e-05	5.320849e-03	5.767420e+00
3.882000e-05	-4.870202e-03	5.823605e+00
3.883000e-05	-2.866346e-02	5.885292e+00
3.884000e-05	-1.980171e-02	5.947444e+00
3.885000e-05	-6.029175e-03	5.978446e+00
3.886000e-05	-1.374105e-04	6.009526e+00
3.887000e-05	-2.187787e-02	6.012025e+00
3.888000e-05	-2.783702e-02	6.021103e+00
3.889000e-05	-1.443322e-02	6.072130e+00
3.890000e-05	-9.136579e-04	6.051582e+00
3.891000e-05	-6.557828e-03	6.053232e+00
3.892000e-05	-2.433808e-02	6.114317e+00
3.893000e-05	-2.087557e-02	6.087369e+00
3.894000e-05	-1.230261e-02	6.145870e+00
3.895000e-05	-3.895008e-03	6.167316e+00
3.896000e-05	-1.959345e-02	6.166870e+00
3.897000e-05	-2.717573e-02	6.178896e+00
3.898000e-05	-2.120295e-02	6.166867e+00
3.899000e-05	-7.359019e-03	6.148998e+00
3.900000e-05	-8.446621e-03	6.158497e+00
3.901000e-05	-2.257477e-02	6.148469e+00
3.902000e-05	-2.402409e-02	6.157921e+00
3.903000e-05	-1.663497e-02	6.147446e+00
3.904000e-05	-9.355676e-03	6.156840e+00
3.905000e-05	-1.934223e-02	6.157364e+00
3.906000e-05	-2.596492e-02	6.086263e+00
3.907000e-05	-2.479240e-02	6.082815e+00
3.908000e-05	-1.234689e-02	6.063659e+00
3.909000e-05	-1.226199e-02	6.061629e+00
3.910000e-05	-2.185897e-02	6.022030e+00
3.911000e-05	-2.535260e-02	6.041025e+00
3.912000e-05	-1.974632e-02	6.010026e+00
3.913000e-05	-1.419390e-02	5.999474e+00
3.914000e-05	-2.009896e-02	5.968971e+00
3.915000e-05	-2.655744e-02	5.938443e+00
3.916000e-05	-2.595263e-02	5.904786e+00
3.917000e-05	-1.846688e-02	5.869555e+00
3.918000e-05	-1.627878e-02	5.768371e+00
3.919000e-05	-2.290232e-02	5.694262e+00
3.920000e-05	-2.557040e-02	5.650553e+00
3.921000e-05	-2.197059e-02	5.610525e+00
3.922000e-05	-1.540743e-02	5.579473e+00
3.923000e-05	-1.906718e-02	5.557467e+00
3.924000e-05	-2.447282e-02	5.494760e+00
3.925000e-05	-2.590053e-02	5.431078e+00
3.926000e-05	-1.804638e-02	5.410500e+00
3.927000e-05	-1.760392e-02	5.327341e+00
3.928000e-05	-2.258176e-02	5.313734e+00
3.929000e-05	-2.531187e-02	5.230455e+00
3.930000e-05	-1.995675e-02	5.135841e+00
3.931000e-05	-1.493767e-02	5.052062e+00
3.932000e-05	-1.591260e-02	4.945809e+00
3.933000e-05	-2.234258e-02	4.861132e+00
3.934000e-05	-2.150068e-02	4.798996e+00
3.935000e-05	-1.780101e-02	4.726314e+00
3.936000e-05	-1.628491e-02	4.663630e+00
3.937000e-05	-2.031263e-02	4.599547e+00
3.938000e-05	-2.156624e-02	4.503763e+00
3.939000e-05	-1.702621e-02	4.431131e+00
3.940000e-05	-1.041447e-02	4.389447e+00
3.941000e-05	-1.134757e-02	4.336341e+00
3.942000e-05	-1.768904e-02	4.249450e+00
3.943000e-05	-1.864946e-02	4.093264e+00
3.944000e-05	-1.488247e-02	3.980450e+00
3.945000e-05	-1.372283e-02	3.936892e+00
3.946000e-05	-1.542615e-02	3.861080e+00
3.947000e-05	-1.534450e-02	3.767495e+00
3.948000e-05	-1.264620e-02	3.705633e+00
3.949000e-05	-8.145670e-03	3.598500e+00
3.950000e-05	-1.042066e-02	3.515867e+00
3.951000e-05	-1.265357e-02	3.409500e+00
3.952000e-05	-1.321010e-02	3.292633e+00
3.953000e-05	-1.111387e-02	3.218475e+00
3.954000e-05	-9.389498e-03	3.114192e+00
3.955000e-05	-1.077865e-02	2.999976e+00
3.956000e-05	-1.242292e-02	2.913813e+00
3.957000e-05	-1.038286e-02	2.820551e+00
3.958000e-05	-8.003873e-03	2.785318e+00
3.959000e-05	-7.958746e-03	2.660480e+00
3.960000e-05	-9.000015e-03	2.463610e+00
3.961000e-05	-1.045443e-02	2.338371e+00
3.962000e-05	-7.819094e-03	2.292632e+00
3.963000e-05	-7.410225e-03	2.178448e+00
3.964000e-05	-8.355600e-03	2.052084e+00
3.965000e-05	-9.266514e-03	1.948447e+00
3.966000e-05	-8.767366e-03	1.893757e+00
3.967000e-05	-5.836657e-03	1.776446e+00
3.968000e-05	-5.368072e-03	1.641557e+00
3.969000e-05	-7.167148e-03	1.566789e+00
3.970000e-05	-8.142792e-03	1.390447e+00
3.971000e-05	-6.545674e-03	1.303660e+00
3.972000e-05	-4.831136e-03	1.179371e+00
3.973000e-05	-5.520114e-03	1.050670e+00
3.974000e-05	-7.433435e-03	8.631826e-01
3.975000e-05	-7.149330e-03	7.794235e-01
3.976000e-05	-4.885102e-03	6.826615e-01
3.977000e-05	-3.804629e-03	5.779434e-01
3.978000e-05	-4.847048e-03	4.516051e-01
3.979000e-05	-7.006292e-03	3.678933e-01
3.980000e-05	-5.966521e-03	2.391051e-01
3.981000e-05	-2.238651e-03	6.118408e-02
3.982000e-05	-1.691121e-03	-1.302632e-02
3.983000e-05	-3.299362e-03	-1.268410e-01
3.984000e-05	-2.399298e-03	-2.120789e-01
3.985000e-05	-8.329053e-04	-3.068161e-01
3.986000e-05	5.744961e-04	-4.100277e-01
3.987000e-05	-1.817759e-03	-4.952672e-01
3.988000e-05	-4.595428e-03	-6.536534e-01
3.989000e-05	-4.371638e-03	-7.783738e-01
3.990000e-05	1.169977e-02	-8.326538e-01
3.991000e-05	5.031926e-02	-9.778674e-01
3.992000e-05	1.934684e-03	-1.117364e+00
3.993000e-05	-4.432123e-02	-1.361496e+00
3.994000e-05	-9.751216e-02	-1.538313e+00
3.995000e-05	7.455501e-02	-1.482690e+00
3.996000e-05	4.249267e-02	-1.577941e+00
3.997000e-05	-8.112088e-02	-1.698344e+00
3.998000e-05	5.595292e-03	-1.862604e+00
3.999000e-05	4.377596e-02	-1.832205e+00
4.000000e-05	-2.757705e-02	-1.970069e+00
4.001000e-05	-3.849741e-02	-2.200949e+00
4.002000e-05	1.023670e-01	-2.235659e+00
4.003000e-05	-6.378414e-02	-2.348943e+00
4.004000e-05	-8.796019e-02	-2.455712e+00
4.005000e-05	1.062691e-01	-2.559999e+00
4.006000e-05	1.920154e-02	-2.673761e+00
4.007000e-05	-9.039748e-02	-2.779424e+00
4.008000e-05	3.596336e-02	-2.831153e+00
4.009000e-05	-4.736634e-03	-2.991499e+00
4.010000e-05	1.372350e-02	-3.127294e+00
4.011000e-05	2.922884e-02	-3.190501e+00
4.012000e-05	-5.986717e-02	-3.297341e+00
4.013000e-05	2.919930e-03	-3.410576e+00
4.014000e-05	6.575634e-02	-3.444685e+00
4.015000e-05	-3.032192e-02	-3.559420e+00
4.016000e-05	1.576024e-03	-3.631054e+00
4.017000e-05	3.804306e-03	-3.706336e+00
4.018000e-05	-4.570661e-02	-3.864362e+00
4.019000e-05	5.996447e-02	-3.981025e+00
4.020000e-05	1.745162e-02	-4.054156e+00
4.021000e-05	-3.832255e-02	-4.118869e+00
4.022000e-05	2.984985e-03	-4.212049e+00
4.023000e-05	1.317832e-02	-4.296286e+00
4.024000e-05	2.586207e-02	-4.398976e+00
4.025000e-05	-1.204518e-02	-4.421104e+00
4.026000e-05	-2.624227e-02	-4.484962e+00
4.027000e-05	1.044153e-02	-4.599996e+00
4.028000e-05	2.518227e-02	-4.684213e+00
4.029000e-05	1.408044e-02	-4.706292e+00
4.030000e-05	-9.116099e-03	-4.800050e+00
4.031000e-05	-1.617553e-02	-4.916290e+00
4.032000e-05	2.058983e-02	-4.981050e+00
4.033000e-05	1.758293e-02	-5.042607e+00
4.034000e-05	-3.025680e-03	-5.097790e+00
4.035000e-05	-8.083619e-03	-5.169023e+00
4.036000e-05	-7.799847e-03	-5.212729e+00
4.037000e-05	3.148394e-02	-5.337365e+00
4.038000e-05	1.018052e-02	-5.412503e+00
4.039000e-05	-8.630570e-03	-5.547913e+00
4.040000e-05	-4.665255e-03	-5.559419e+00
4.041000e-05	6.770815e-03	-5.610525e+00
4.042000e-05	2.435732e-02	-5.602628e+00
4.043000e-05	3.459599e-03	-5.676761e+00
4.044000e-05	-7.908838e-03	-5.767897e+00
4.045000e-05	-1.368458e-04	-5.780049e+00
4.046000e-05	1.913594e-02	-5.803554e+00
4.047000e-05	1.754375e-02	-5.832704e+00
4.048000e-05	-1.777541e-03	-5.946291e+00
4.049000e-05	-7.752917e-03	-5.959895e+00
4.050000e-05	1.237025e-02	-5.988897e+00
4.051000e-05	1.947190e-02	-5.980499e+00
4.052000e-05	8.285907e-03	-6.000503e+00
4.053000e-05	-4.101189e-03	-6.011031e+00
4.054000e-05	-2.662113e-05	-6.102209e+00
4.055000e-05	1.921669e-02	-6.085284e+00
4.056000e-05	1.435901e-02	-6.045784e+00
4.057000e-05	5.166324e-03	-6.087367e+00
4.058000e-05	-3.446574e-03	-6.149494e+00
4.059000e-05	9.244295e-03	-6.199477e+00
4.060000e-05	2.006095e-02	-6.249478e+00
4.061000e-05	1.260997e-02	-6.211525e+00
4.062000e-05	1.243868e-03	-6.250086e+00
4.063000e-05	1.663135e-03	-6.272184e+00
4.064000e-05	1.634859e-02	-6.303661e+00
4.065000e-05	1.811120e-02	-6.293759e+00
4.066000e-05	8.636679e-03	-6.261184e+00
4.067000e-05	7.805316e-04	-6.281709e+00
4.068000e-05	9.058425e-03	-6.242159e+00
4.069000e-05	1.891016e-02	-6.283080e+00
4.070000e-05	1.584554e-02	-6.211008e+00
4.071000e-05	5.936490e-03	-6.219983e+00
4.072000e-05	4.513326e-03	-6.180474e+00
4.073000e-05	1.610752e-02	-6.170426e+00
4.074000e-05	1.980510e-02	-6.195817e+00
4.075000e-05	1.346231e-02	-6.073892e+00
4.076000e-05	4.700652e-03	-6.043204e+00
4.077000e-05	1.010541e-02	-6.023557e+00
4.078000e-05	1.868338e-02	-6.042576e+00
4.079000e-05	1.730013e-02	-6.020004e+00
4.080000e-05	1.031801e-02	-5.990003e+00
4.081000e-05	7.422604e-03	-5.988975e+00
4.082000e-05	1.701996e-02	-5.967896e+00
4.083000e-05	2.078567e-02	-5.947793e+00
4.084000e-05	1.557505e-02	-5.914784e+00
4.085000e-05	7.179408e-03	-5.821679e+00
4.086000e-05	9.755924e-03	-5.790000e+00
4.087000e-05	1.714897e-02	-5.767422e+00
4.088000e-05	1.869918e-02	-5.705264e+00
4.089000e-05	1.225830e-02	-5.662580e+00
4.090000e-05	9.276232e-03	-5.620526e+00
4.091000e-05	1.517322e-02	-5.567946e+00
4.092000e-05	1.973721e-02	-5.565294e+00
4.093000e-05	1.610160e-02	-5.433110e+00
4.094000e-05	8.196492e-03	-5.358817e+00
4.095000e-05	8.946681e-03	-5.303088e+00
4.096000e-05	1.403004e-02	-5.190526e+00
4.097000e-05	1.656764e-02	-5.136391e+00
4.098000e-05	1.169415e-02	-5.052658e+00
4.099000e-05	7.766194e-03	-4.989599e+00
4.100000e-05	1.113083e-02	-4.897692e+00
4.101000e-05	1.482342e-02	-4.829427e+00
4.102000e-05	1.275953e-02	-4.706762e+00
4.103000e-05	7.060610e-03	-4.671058e+00
4.104000e-05	6.449012e-03	-4.598397e+00
4.105000e-05	9.057364e-03	-4.504665e+00
4.106000e-05	1.178658e-02	-4.411630e+00
4.107000e-05	8.554281e-03	-4.390449e+00
4.108000e-05	5.655235e-03	-4.316238e+00
4.109000e-05	6.521040e-03	-4.231105e+00
4.110000e-05	8.892506e-03	-4.197969e+00
4.111000e-05	8.465386e-03	-4.113134e+00
4.112000e-05	5.006760e-03	-4.001024e+00
4.113000e-05	3.358770e-03	-3.945838e+00
4.114000e-05	4.734953e-03	-3.791527e+00
4.115000e-05	6.627171e-03	-3.663734e+00
4.116000e-05	5.781490e-03	-3.588974e+00
4.117000e-05	1.657394e-03	-3.554263e+00
4.118000e-05	1.240033e-03	-3.430603e+00
4.119000e-05	4.437393e-03	-3.336789e+00
4.120000e-05	5.557492e-03	-3.232054e+00
4.121000e-05	1.539159e-03	-3.175896e+00
4.122000e-05	6.559685e-04	-3.071030e+00
4.123000e-05	1.495433e-03	-2.926687e+00
4.124000e-05	4.058799e-03	-2.800028e+00
4.125000e-05	1.324989e-03	-2.706163e+00
4.126000e-05	6.472684e-04	-2.628529e+00
4.127000e-05	-3.207005e-04	-2.475214e+00
4.128000e-05	7.774647e-05	-2.430550e+00
4.129000e-05	1.071483e-03	-2.317290e+00
4.130000e-05	-7.350607e-04	-2.248467e+00
4.131000e-05	-1.595587e-03	-2.021154e+00
4.132000e-05	-2.025132e-03	-1.966943e+00
4.133000e-05	9.141586e-04	-1.882105e+00
4.134000e-05	-1.085713e-03	-1.756868e+00
4.135000e-05	-1.818180e-03	-1.632085e+00
4.136000e-05	-2.035930e-03	-1.617945e+00
4.137000e-05	-1.496719e-03	-1.399531e+00
4.138000e-05	-2.383914e-03	-1.274657e+00
4.139000e-05	-3.378686e-03	-1.146738e+00
4.140000e-05	-4.051110e-03	-1.041104e+00
4.141000e-05	-2.961730e-03	-9.151904e-01
4.142000e-05	-1.485200e-03	-8.200773e-01
4.143000e-05	-1.468566e-03	-7.058168e-01
4.144000e-05	-2.696215e-03	-6.064153e-01
4.145000e-05	-3.505538e-03	-4.515764e-01
4.146000e-05	-3.905974e-03	-3.467444e-01
4.147000e-05	-3.129371e-03	-2.210788e-01
4.148000e-05	-3.815202e-03	-1.357742e-01
4.149000e-05	-2.546153e-03	-3.105245e-02
4.150000e-05	-1.060893e-03	2.363334e-02
4.151000e-05	-3.452492e-04	1.600519e-01
4.152000e-05	-2.968090e-04	3.373421e-01
4.153000e-05	-2.097832e-03	4.201015e-01
4.154000e-05	-3.584008e-03	5.253148e-01
4.155000e-05	-2.907205e-03	6.110028e-01
4.156000e-05	3.606095e-03	7.277647e-01
4.157000e-05	2.590986e-02	8.220765e-01
4.158000e-05	2.974953e-02	9.695980e-01
4.159000e-05	-2.450662e-02	1.181529e+00
4.160000e-05	-7.689337e-02	1.306770e+00
4.161000e-05	-3.973770e-02	1.369424e+00
4.162000e-05	7.701167e-02	1.404182e+00
4.163000e-05	1.631493e-02	1.663681e+00
4.164000e-05	-1.227591e-01	1.698347e+00
4.165000e-05	5.769402e-02	1.790576e+00
4.166000e-05	1.977815e-02	1.948373e+00
4.167000e-05	-4.752609e-02	2.050050e+00
4.168000e-05	2.713579e-02	2.073734e+00
4.169000e-05	3.367388e-02	2.210078e+00
4.170000e-05	-1.009715e-01	2.357895e+00
4.171000e-05	-7.522026e-03	2.409975e+00
4.172000e-05	8.978150e-02	2.444761e+00
4.173000e-05	-3.326900e-02	2.625183e+00
4.174000e-05	-4.858273e-02	2.798996e+00
4.175000e-05	2.530261e-03	2.864812e+00
4.176000e-05	5.910975e-03	2.947971e+00
4.177000e-05	8.786044e-03	3.052678e+00
4.178000e-05	1.420616e-03	3.128394e+00
4.179000e-05	-5.881291e-02	3.232053e+00
4.180000e-05	2.325576e-02	3.316710e+00
4.181000e-05	1.161834e-02	3.434657e+00
4.182000e-05	-1.098768e-02	3.538970e+00
4.183000e-05	-1.721808e-02	3.631654e+00
4.184000e-05	-3.128092e-02	3.747339e+00
4.185000e-05	-5.209903e-03	3.820027e+00
4.186000e-05	3.209633e-02	3.885816e+00
4.187000e-05	7.591545e-04	3.979424e+00
4.188000e-05	-5.335638e-02	4.023731e+00
4.189000e-05	2.946599e-03	4.087463e+00
4.190000e-05	8.791936e-03	4.254228e+00
4.191000e-05	2.685549e-03	4.347396e+00
4.192000e-05	-3.284765e-02	4.442579e+00
4.193000e-05	-2.288339e-02	4.485315e+00
4.194000e-05	1.454955e-05	4.570921e+00
4.195000e-05	1.491253e-02	4.642209e+00
4.196000e-05	-2.018542e-03	4.696869e+00
4.197000e-05	-3.645606e-02	4.790526e+00
4.198000e-05	-1.174041e-02	4.872132e+00
4.199000e-05	6.789124e-04	4.946473e+00
4.200000e-05	7.558649e-03	5.022662e+00
4.201000e-05	-2.529279e-02	5.135851e+00
4.202000e-05	-2.541198e-02	5.210582e+00
4.203000e-05	-6.471753e-03	5.284340e+00
4.204000e-05	1.148135e-02	5.367370e+00
4.205000e-05	-7.757793e-03	5.400024e+00
4.206000e-05	-3.041086e-02	5.421583e+00
4.207000e-05	-1.619944e-02	5.486285e+00
4.208000e-05	-3.718481e-03	5.547395e+00
4.209000e-05	5.559960e-03	5.569500e+00
4.210000e-05	-2.033817e-02	5.631126e+00
4.211000e-05	-2.514246e-02	5.611629e+00
4.212000e-05	-1.385826e-02	5.705314e+00
4.213000e-05	4.539465e-03	5.828967e+00
4.214000e-05	-5.521737e-03	5.830080e+00
4.215000e-05	-2.611076e-02	5.825286e+00
4.216000e-05	-2.063624e-02	5.926895e+00
4.217000e-05	-7.056155e-03	5.989424e+00
4.218000e-05	1.222710e-03	5.979997e+00
4.219000e-05	-1.958079e-02	6.020501e+00
4.220000e-05	-2.598372e-02	6.020600e+00
4.221000e-05	-1.723048e-02	6.022604e+00
4.222000e-05	-2.065676e-03	6.072707e+00
4.223000e-05	-8.722376e-03	6.094187e+00
4.224000e-05	-2.227463e-02	6.096784e+00
4.225000e-05	-2.212187e-02	6.086867e+00
4.226000e-05	-1.211458e-02	6.118417e+00
4.227000e-05	-3.343499e-03	6.136896e+00
4.228000e-05	-1.805086e-02	6.167818e+00
4.229000e-05	-2.590220e-02	6.148373e+00
4.230000e-05	-2.152784e-02	6.167394e+00
4.231000e-05	-8.038043e-03	6.178974e+00
4.232000e-05	-1.026206e-02	6.178919e+00
4.233000e-05	-2.185280e-02	6.138872e+00
4.234000e-05	-2.447402e-02	6.167996e+00
4.235000e-05	-1.607072e-02	6.168350e+00
4.236000e-05	-9.267249e-03	6.158844e+00
4.237000e-05	-1.880512e-02	6.096768e+00
4.238000e-05	-2.604668e-02	6.085267e+00
4.239000e-05	-2.466741e-02	6.105209e+00
4.240000e-05	-1.279068e-02	6.103709e+00
4.241000e-05	-1.291163e-02	6.012634e+00
4.242000e-05	-2.221697e-02	6.061604e+00
4.243000e-05	-2.743612e-02	6.021555e+00
4.244000e-05	-2.030784e-02	6.000550e+00
4.245000e-05	-1.305134e-02	6.009474e+00
4.246000e-05	-1.904111e-02	5.988921e+00
4.247000e-05	-2.593251e-02	5.959865e+00
4.248000e-05	-2.566149e-02	5.875741e+00
4.249000e-05	-1.699407e-02	5.810578e+00
4.250000e-05	-1.592003e-02	5.729022e+00
4.251000e-05	-2.352537e-02	5.726335e+00
4.252000e-05	-2.756258e-02	5.641578e+00
4.253000e-05	-2.276380e-02	5.610025e+00
4.254000e-05	-1.489738e-02	5.578972e+00
4.255000e-05	-1.882010e-02	5.567922e+00
4.256000e-05	-2.536951e-02	5.487264e+00
4.257000e-05	-2.539475e-02	5.472005e+00
4.258000e-05	-1.847447e-02	5.409947e+00
4.259000e-05	-1.618903e-02	5.356344e+00
4.260000e-05	-2.102011e-02	5.295238e+00
4.261000e-05	-2.644396e-02	5.230576e+00
4.262000e-05	-2.205248e-02	5.157894e+00
4.263000e-05	-1.624530e-02	5.072233e+00
4.264000e-05	-1.578021e-02	4.926323e+00
4.265000e-05	-2.073656e-02	4.853179e+00
4.266000e-05	-2.210972e-02	4.788049e+00
4.267000e-05	-1.811225e-02	4.726843e+00
4.268000e-05	-1.458829e-02	4.642181e+00
4.269000e-05	-1.833159e-02	4.599472e+00
4.270000e-05	-2.140257e-02	4.506314e+00
4.271000e-05	-1.907065e-02	4.452105e+00
4.272000e-05	-1.200784e-02	4.409949e+00
4.273000e-05	-1.132740e-02	4.354743e+00
4.274000e-05	-1.643385e-02	4.230027e+00
4.275000e-05	-1.911193e-02	4.125190e+00
4.276000e-05	-1.438013e-02	3.980050e+00
4.277000e-05	-1.096560e-02	3.957817e+00
4.278000e-05	-1.347556e-02	3.872080e+00
4.279000e-05	-1.635295e-02	3.798923e+00
4.280000e-05	-1.579589e-02	3.664713e+00
4.281000e-05	-9.847703e-03	3.630554e+00
4.282000e-05	-9.162012e-03	3.545794e+00
4.283000e-05	-1.119678e-02	3.428074e+00
4.284000e-05	-1.493271e-02	3.261785e+00
4.285000e-05	-1.158297e-02	3.199954e+00
4.286000e-05	-8.004743e-03	3.115291e+00
4.287000e-05	-9.234229e-03	3.020549e+00
4.288000e-05	-1.291787e-02	2.926218e+00
4.289000e-05	-1.148554e-02	2.840578e+00
4.290000e-05	-7.643453e-03	2.727894e+00
4.291000e-05	-6.692215e-03	2.579509e+00
4.292000e-05	-9.503945e-03	2.482160e+00
4.293000e-05	-1.177879e-02	2.358421e+00
4.294000e-05	-8.505890e-03	2.293187e+00
4.295000e-05	-5.132383e-03	2.199867e+00
4.296000e-05	-6.845453e-03	2.074110e+00
4.297000e-05	-9.519806e-03	2.018923e+00
4.298000e-05	-9.384838e-03	1.883761e+00
4.299000e-05	-6.493731e-03	1.727343e+00
4.300000e-05	-5.266963e-03	1.655059e+00
4.301000e-05	-7.176941e-03	1.515747e+00
4.302000e-05	-9.521380e-03	1.440028e+00
4.303000e-05	-6.481623e-03	1.313192e+00
4.304000e-05	-4.160315e-03	1.190394e+00
4.305000e-05	-4.528449e-03	1.050606e+00
4.306000e-05	-7.831274e-03	8.822152e-01
4.307000e-05	-8.594400e-03	7.988735e-01
4.308000e-05	-5.035554e-03	6.831865e-01
4.309000e-05	-3.837816e-03	5.779709e-01
4.310000e-05	-4.945130e-03	4.316363e-01
4.311000e-05	-6.176047e-03	4.104499e-01
4.312000e-05	-5.202409e-03	2.201299e-01
4.313000e-05	-3.033863e-03	9.428403e-02
4.314000e-05	-2.599284e-03	-2.050032e-02
4.315000e-05	-3.365319e-03	-1.253121e-01
4.316000e-05	-2.308069e-03	-2.020776e-01
4.317000e-05	-1.601705e-03	-2.968147e-01
4.318000e-05	-7.190275e-04	-3.799738e-01
4.319000e-05	-1.628498e-03	-4.758122e-01
4.320000e-05	-3.564639e-03	-6.532531e-01
4.321000e-05	-2.361815e-03	-7.689463e-01
4.322000e-05	8.782830e-03	-8.626040e-01
4.323000e-05	4.667085e-02	-9.378161e-01
4.324000e-05	1.032040e-02	-1.065837e+00
4.325000e-05	-3.986981e-02	-1.361348e+00
4.326000e-05	-1.007533e-01	-1.516794e+00
4.327000e-05	6.537481e-02	-1.505238e+00
4.328000e-05	4.318351e-02	-1.546889e+00
4.329000e-05	-5.712115e-02	-1.715893e+00
4.330000e-05	-2.170197e-02	-1.822582e+00
4.331000e-05	5.536391e-02	-1.843655e+00
4.332000e-05	-2.333676e-02	-1.929470e+00
4.333000e-05	-5.965661e-02	-2.140542e+00
4.334000e-05	1.054901e-01	-2.255216e+00
4.335000e-05	-4.722998e-02	-2.357915e+00
4.336000e-05	-1.085395e-01	-2.445236e+00
4.337000e-05	9.734276e-02	-2.528396e+00
4.338000e-05	4.052733e-02	-2.662708e+00
4.339000e-05	-9.124996e-02	-2.768997e+00
4.340000e-05	2.904536e-02	-2.811554e+00
4.341000e-05	1.731713e-03	-2.958468e+00
4.342000e-05	5.700864e-03	-3.138369e+00
4.343000e-05	3.333208e-02	-3.208999e+00
4.344000e-05	-5.056818e-02	-3.295287e+00
4.345000e-05	-1.527103e-02	-3.380024e+00
4.346000e-05	7.281197e-02	-3.433158e+00
4.347000e-05	-2.727599e-02	-3.557421e+00
4.348000e-05	-2.909658e-03	-3.601103e+00
4.349000e-05	1.180086e-02	-3.745885e+00
4.350000e-05	-4.966682e-02	-3.874162e+00
4.351000e-05	5.117679e-02	-3.969999e+00
4.352000e-05	2.721057e-02	-4.053182e+00
4.353000e-05	-3.679263e-02	-4.136869e+00
4.354000e-05	-3.142678e-03	-4.211100e+00
4.355000e-05	1.452290e-02	-4.315786e+00
4.356000e-05	2.518704e-02	-4.369423e+00
4.357000e-05	-6.197794e-03	-4.422575e+00
4.358000e-05	-2.690012e-02	-4.504262e+00
4.359000e-05	7.138962e-03	-4.601100e+00
4.360000e-05	2.641898e-02	-4.673684e+00
4.361000e-05	1.245848e-02	-4.725745e+00
4.362000e-05	-3.803713e-03	-4.789673e+00
4.363000e-05	-2.025093e-02	-4.918191e+00
4.364000e-05	1.775381e-02	-4.999050e+00
4.365000e-05	1.858914e-02	-5.053102e+00
4.366000e-05	-1.640034e-03	-5.116288e+00
4.367000e-05	-4.411174e-03	-5.178471e+00
4.368000e-05	-1.064278e-02	-5.231634e+00
4.369000e-05	3.071606e-02	-5.316824e+00
4.370000e-05	1.358750e-02	-5.392182e+00
4.371000e-05	-6.635403e-03	-5.545866e+00
4.372000e-05	-5.938342e-03	-5.558972e+00
4.373000e-05	5.333398e-03	-5.600451e+00
4.374000e-05	2.202996e-02	-5.622653e+00
4.375000e-05	6.956119e-03	-5.684186e+00
4.376000e-05	-8.649241e-03	-5.738292e+00
4.377000e-05	-1.086394e-03	-5.779573e+00
4.378000e-05	1.712858e-02	-5.830030e+00
4.379000e-05	1.812456e-02	-5.823708e+00
4.380000e-05	9.490781e-04	-5.876390e+00
4.381000e-05	-9.704838e-03	-5.977446e+00
4.382000e-05	1.144657e-02	-6.009472e+00
4.383000e-05	1.845475e-02	-6.020000e+00
4.384000e-05	1.091708e-02	-6.000528e+00
4.385000e-05	-4.415132e-03	-6.010575e+00
4.386000e-05	-1.442876e-03	-6.013107e+00
4.387000e-05	1.744415e-02	-6.064609e+00
4.388000e-05	1.500802e-02	-6.054214e+00
4.389000e-05	7.373238e-03	-6.146815e+00
4.390000e-05	-2.674160e-03	-6.160018e+00
4.391000e-05	8.411885e-03	-6.221596e+00
4.392000e-05	1.874134e-02	-6.202027e+00
4.393000e-05	1.313922e-02	-6.235105e+00
4.394000e-05	2.377878e-03	-6.271086e+00
4.395000e-05	1.105693e-03	-6.274734e+00
4.396000e-05	1.488889e-02	-6.223658e+00
4.397000e-05	1.811192e-02	-6.324788e+00
4.398000e-05	1.008888e-02	-6.274182e+00
4.399000e-05	2.386177e-03	-6.282709e+00
4.400000e-05	9.429573e-03	-6.232786e+00
4.401000e-05	1.729007e-02	-6.292106e+00
4.402000e-05	1.657666e-02	-6.212059e+00
4.403000e-05	6.400203e-03	-6.200075e+00
4.404000e-05	5.453637e-03	-6.230478e+00
4.405000e-05	1.490317e-02	-6.160021e+00
4.406000e-05	1.991168e-02	-6.117465e+00
4.407000e-05	1.521180e-02	-6.084766e+00
4.408000e-05	5.266858e-03	-6.083763e+00
4.409000e-05	1.035164e-02	-6.032582e+00
4.410000e-05	1.894902e-02	-6.032028e+00
4.411000e-05	1.842455e-02	-6.032050e+00
4.412000e-05	1.067351e-02	-5.999501e+00
4.413000e-05	7.482452e-03	-5.990475e+00
4.414000e-05	1.602722e-02	-5.977448e+00
4.415000e-05	1.997369e-02	-5.926791e+00
4.416000e-05	1.618947e-02	-5.893159e+00
4.417000e-05	8.658497e-03	-5.842131e+00
4.418000e-05	1.137270e-02	-5.800529e+00
4.419000e-05	1.832450e-02	-5.737370e+00
4.420000e-05	1.857485e-02	-5.674736e+00
4.421000e-05	1.317706e-02	-5.662133e+00
4.422000e-05	8.939310e-03	-5.611076e+00
4.423000e-05	1.382578e-02	-5.599001e+00
4.424000e-05	1.840069e-02	-5.537342e+00
4.425000e-05	1.597428e-02	-5.433129e+00
4.426000e-05	9.613606e-03	-5.357841e+00
4.427000e-05	1.010395e-02	-5.272713e+00
4.428000e-05	1.504563e-02	-5.210501e+00
4.429000e-05	1.668911e-02	-5.174843e+00
4.430000e-05	1.101016e-02	-5.063687e+00
4.431000e-05	7.665143e-03	-5.029577e+00
4.432000e-05	1.099461e-02	-4.915818e+00
4.433000e-05	1.457204e-02	-4.841484e+00
4.434000e-05	1.314417e-02	-4.655313e+00
4.435000e-05	7.414905e-03	-4.642132e+00
4.436000e-05	7.323216e-03	-4.618479e+00
4.437000e-05	1.014329e-02	-4.505737e+00
4.438000e-05	1.139958e-02	-4.441157e+00
4.439000e-05	8.086259e-03	-4.408950e+00
4.440000e-05	4.989547e-03	-4.314315e+00
4.441000e-05	6.206986e-03	-4.261608e+00
4.442000e-05	9.623459e-03	-4.187969e+00
4.443000e-05	8.925605e-03	-4.083160e+00
4.444000e-05	4.373041e-03	-4.030976e+00
4.445000e-05	3.440553e-03	-3.946867e+00
4.446000e-05	5.561691e-03	-3.830476e+00
4.447000e-05	7.166206e-03	-3.691685e+00
4.448000e-05	4.469295e-03	-3.590525e+00
4.449000e-05	1.215372e-03	-3.526216e+00
4.450000e-05	1.796222e-03	-3.459603e+00
4.451000e-05	4.664208e-03	-3.328344e+00
4.452000e-05	4.789813e-03	-3.272103e+00
4.453000e-05	8.521021e-04	-3.169021e+00
4.454000e-05	6.015549e-04	-3.070581e+00
4.455000e-05	1.838360e-03	-2.933213e+00
4.456000e-05	3.000314e-03	-2.819475e+00
4.457000e-05	1.012617e-03	-2.726795e+00
4.458000e-05	1.620059e-04	-2.631501e+00
4.459000e-05	-4.566031e-04	-2.504238e+00
4.460000e-05	3.028527e-04	-2.401530e+00
4.461000e-05	7.009155e-04	-2.344813e+00
4.462000e-05	-4.608918e-04	-2.276976e+00
4.463000e-05	-1.818580e-03	-2.062656e+00
4.464000e-05	-1.166538e-03	-1.997351e+00
4.465000e-05	-5.761693e-05	-1.892629e+00
4.466000e-05	-5.882763e-04	-1.766893e+00
4.467000e-05	-6.662929e-04	-1.673633e+00
4.468000e-05	-1.656829e-03	-1.629419e+00
4.469000e-05	-2.009446e-03	-1.442931e+00
4.470000e-05	-2.667481e-03	-1.293210e+00
4.471000e-05	-3.592715e-03	-1.145842e+00
4.472000e-05	-4.320072e-03	-1.052653e+00
4.473000e-05	-3.483310e-03	-9.353169e-01
4.474000e-05	-1.327425e-03	-8.115778e-01
4.475000e-05	-1.565264e-03	-7.548916e-01
4.476000e-05	-2.469709e-03	-5.983472e-01
4.477000e-05	-3.907732e-03	-4.706038e-01
4.478000e-05	-3.624126e-03	-3.478419e-01
4.479000e-05	-4.135210e-03	-2.411326e-01
4.480000e-05	-3.726221e-03	-1.662892e-01
4.481000e-05	-3.220207e-03	-4.260369e-02
4.482000e-05	1.011796e-06	1.115390e-02
4.483000e-05	4.237258e-06	1.784913e-01
4.484000e-05	-2.924826e-04	3.068411e-01
4.485000e-05	-2.180664e-03	3.910253e-01
4.486000e-05	-3.291733e-03	4.947397e-01
4.487000e-05	-3.332462e-03	6.225479e-01
4.488000e-05	1.622207e-03	7.068410e-01
4.489000e-05	2.206278e-02	7.600502e-01
4.490000e-05	3.400690e-02	9.385193e-01
4.491000e-05	-1.785487e-02	1.128969e+00
4.492000e-05	-6.776414e-02	1.314836e+00
4.493000e-05	-5.727028e-02	1.368372e+00
4.494000e-05	7.659253e-02	1.455656e+00
4.495000e-05	2.228562e-02	1.643157e+00
4.496000e-05	-1.114884e-01	1.767320e+00
4.497000e-05	4.246702e-02	1.749549e+00
4.498000e-05	2.754429e-02	1.947866e+00
4.499000e-05	-3.739892e-02	2.021030e+00
4.500000e-05	3.442748e-03	2.063107e+00
4.501000e-05	5.284308e-02	2.201023e+00
4.502000e-05	-9.614451e-02	2.317240e+00
4.503000e-05	-2.930059e-02	2.410975e+00
4.504000e-05	9.629874e-02	2.485161e+00
4.505000e-05	-1.665850e-02	2.612555e+00
4.506000e-05	-6.030638e-02	2.748547e+00
4.507000e-05	4.956830e-03	2.813208e+00
4.508000e-05	2.298274e-03	2.958371e+00
4.509000e-05	6.165398e-03	3.011578e+00
4.510000e-05	7.721815e-03	3.147919e+00
4.511000e-05	-6.154214e-02	3.201000e+00
4.512000e-05	1.721945e-02	3.304789e+00
4.513000e-05	1.831625e-02	3.411686e+00
4.514000e-05	-5.331608e-03	3.567921e+00
4.515000e-05	-1.990285e-02	3.603653e+00
4.516000e-05	-2.650153e-02	3.716794e+00
4.517000e-05	-1.763225e-02	3.780075e+00
4.518000e-05	3.299518e-02	3.894691e+00
4.519000e-05	5.591850e-03	3.969971e+00
4.520000e-05	-5.222168e-02	4.022580e+00
4.521000e-05	-7.158361e-04	4.129369e+00
4.522000e-05	1.114858e-02	4.192257e+00
4.523000e-05	9.649253e-03	4.328368e+00
4.524000e-05	-3.375421e-02	4.442528e+00
4.525000e-05	-2.485910e-02	4.525691e+00
4.526000e-05	-7.415377e-03	4.548472e+00
4.527000e-05	1.653099e-02	4.653207e+00
4.528000e-05	-1.633048e-03	4.748396e+00
4.529000e-05	-3.457947e-02	4.769971e+00
4.530000e-05	-1.369534e-02	4.861656e+00
4.531000e-05	1.758949e-03	4.887894e+00
4.532000e-05	1.058003e-02	5.022757e+00
4.533000e-05	-2.374623e-02	5.147845e+00
4.534000e-05	-2.653306e-02	5.211554e+00
4.535000e-05	-1.213009e-02	5.294237e+00
4.536000e-05	1.280354e-02	5.307396e+00
4.537000e-05	-6.024585e-03	5.388549e+00
4.538000e-05	-2.697741e-02	5.422107e+00
4.539000e-05	-1.915250e-02	5.485287e+00
4.540000e-05	-3.347455e-03	5.558442e+00
4.541000e-05	7.253204e-03	5.599422e+00
4.542000e-05	-1.860040e-02	5.600527e+00
4.543000e-05	-2.712151e-02	5.642658e+00
4.544000e-05	-1.691210e-02	5.674288e+00
4.545000e-05	5.713957e-03	5.746468e+00
4.546000e-05	-3.896947e-03	5.763203e+00
4.547000e-05	-2.541846e-02	5.883312e+00
4.548000e-05	-2.422999e-02	5.927920e+00
4.549000e-05	-7.090584e-03	5.989971e+00
4.550000e-05	4.575927e-03	6.010000e+00
4.551000e-05	-1.717120e-02	6.000001e+00
4.552000e-05	-2.710062e-02	6.011050e+00
4.553000e-05	-2.002054e-02	6.022078e+00
4.554000e-05	-1.764028e-03	6.032610e+00
4.555000e-05	-6.826726e-03	6.094234e+00
4.556000e-05	-2.121074e-02	6.094711e+00
4.557000e-05	-2.470151e-02	6.084868e+00
4.558000e-05	-1.319215e-02	6.135917e+00
4.559000e-05	-3.008082e-03	6.166367e+00
4.560000e-05	-1.544463e-02	6.177371e+00
4.561000e-05	-2.638692e-02	6.158951e+00
4.562000e-05	-2.402338e-02	6.169468e+00
4.563000e-05	-8.218304e-03	6.156446e+00
4.564000e-05	-8.457338e-03	6.167970e+00
4.565000e-05	-2.095564e-02	6.178394e+00
4.566000e-05	-2.594109e-02	6.147421e+00
4.567000e-05	-1.760602e-02	6.167966e+00
4.568000e-05	-8.047893e-03	6.158369e+00
4.569000e-05	-1.654608e-02	6.145891e+00
4.570000e-05	-2.630919e-02	6.117217e+00
4.571000e-05	-2.639838e-02	6.124290e+00
4.572000e-05	-1.387739e-02	6.051185e+00
4.573000e-05	-1.180346e-02	6.032133e+00
4.574000e-05	-2.124788e-02	6.031130e+00
4.575000e-05	-2.858772e-02	6.020526e+00
4.576000e-05	-2.289474e-02	6.001051e+00
4.577000e-05	-1.245390e-02	6.009474e+00
4.578000e-05	-1.714224e-02	5.978399e+00
4.579000e-05	-2.587985e-02	5.946842e+00
4.580000e-05	-2.788084e-02	5.925284e+00
4.581000e-05	-1.794162e-02	5.872630e+00
4.582000e-05	-1.507681e-02	5.767925e+00
4.583000e-05	-2.100299e-02	5.704788e+00
4.584000e-05	-2.831420e-02	5.641233e+00
4.585000e-05	-2.392438e-02	5.631552e+00
4.586000e-05	-1.579896e-02	5.589899e+00
4.587000e-05	-1.661624e-02	5.518446e+00
4.588000e-05	-2.465192e-02	5.515763e+00
4.589000e-05	-2.794851e-02	5.471631e+00
4.590000e-05	-1.995194e-02	5.430576e+00
4.591000e-05	-1.519069e-02	5.367350e+00
4.592000e-05	-1.929903e-02	5.292759e+00
4.593000e-05	-2.583760e-02	5.210601e+00
4.594000e-05	-2.345871e-02	5.166421e+00
4.595000e-05	-1.657258e-02	5.011765e+00
4.596000e-05	-1.434159e-02	4.976315e+00
4.597000e-05	-2.041319e-02	4.872234e+00
4.598000e-05	-2.380536e-02	4.810025e+00
4.599000e-05	-1.961108e-02	4.756919e+00
4.600000e-05	-1.466990e-02	4.692631e+00
4.601000e-05	-1.549852e-02	4.600477e+00
4.602000e-05	-2.018959e-02	4.536267e+00
4.603000e-05	-1.982135e-02	4.461678e+00
4.604000e-05	-1.333208e-02	4.398976e+00
4.605000e-05	-1.126812e-02	4.335342e+00
4.606000e-05	-1.522875e-02	4.230103e+00
4.607000e-05	-1.929548e-02	4.134788e+00
4.608000e-05	-1.568655e-02	4.041100e+00
4.609000e-05	-1.134209e-02	3.925366e+00
4.610000e-05	-1.159700e-02	3.892105e+00
4.611000e-05	-1.576219e-02	3.768950e+00
4.612000e-05	-1.601434e-02	3.693691e+00
4.613000e-05	-1.098460e-02	3.630551e+00
4.614000e-05	-9.019722e-03	3.516370e+00
4.615000e-05	-1.081818e-02	3.458029e+00
4.616000e-05	-1.430410e-02	3.253739e+00
4.617000e-05	-1.228848e-02	3.240051e+00
4.618000e-05	-8.758639e-03	3.156266e+00
4.619000e-05	-8.607855e-03	3.050555e+00
4.620000e-05	-1.107323e-02	2.957816e+00
4.621000e-05	-1.202994e-02	2.852080e+00
4.622000e-05	-9.658325e-03	2.738975e+00
4.623000e-05	-6.358846e-03	2.633101e+00
4.624000e-05	-7.610768e-03	2.502739e+00
4.625000e-05	-1.040609e-02	2.399475e+00
4.626000e-05	-1.020155e-02	2.312665e+00
4.627000e-05	-6.988316e-03	2.178975e+00
4.628000e-05	-5.690453e-03	2.072731e+00
4.629000e-05	-8.600594e-03	1.998975e+00
4.630000e-05	-1.028785e-02	1.933265e+00
4.631000e-05	-7.985117e-03	1.807493e+00
4.632000e-05	-4.455197e-03	1.663165e+00
4.633000e-05	-5.579381e-03	1.597846e+00
4.634000e-05	-7.779991e-03	1.450626e+00
4.635000e-05	-8.068677e-03	1.345317e+00
4.636000e-05	-5.358669e-03	1.201077e+00
4.637000e-05	-4.432589e-03	1.091534e+00
4.638000e-05	-6.708199e-03	9.527631e-01
4.639000e-05	-7.816080e-03	8.094513e-01
4.640000e-05	-7.018958e-03	6.726603e-01
4.641000e-05	-3.753946e-03	5.984021e-01
4.642000e-05	-3.944618e-03	4.530814e-01
4.643000e-05	-5.436417e-03	3.994248e-01
4.644000e-05	-6.416019e-03	2.826112e-01
4.645000e-05	-4.619768e-03	1.457617e-01
4.646000e-05	-2.907699e-03	1.047493e-02
4.647000e-05	-2.431803e-03	-1.042647e-01
4.648000e-05	-2.182246e-03	-2.009975e-01
4.649000e-05	-2.377646e-03	-2.962120e-01
4.650000e-05	-5.541210e-04	-4.089224e-01
4.651000e-05	-2.238463e-03	-4.938107e-01
4.652000e-05	-2.937795e-03	-6.436041e-01
4.653000e-05	-3.307756e-03	-7.294211e-01
4.654000e-05	5.304594e-03	-8.110517e-01
4.655000e-05	4.252653e-02	-9.188648e-01
4.656000e-05	1.961577e-02	-1.085235e+00
4.657000e-05	-3.571132e-02	-1.287868e+00
4.658000e-05	-1.000400e-01	-1.506788e+00
4.659000e-05	4.945390e-02	-1.486737e+00
4.660000e-05	4.604560e-02	-1.497364e+00
4.661000e-05	-3.215439e-02	-1.674786e+00
4.662000e-05	-5.324527e-02	-1.841554e+00
4.663000e-05	6.470818e-02	-1.831631e+00
4.664000e-05	-2.590645e-02	-1.957391e+00
4.665000e-05	-6.996315e-02	-2.119523e+00
4.666000e-05	1.029261e-01	-2.276657e+00
4.667000e-05	-2.658992e-02	-2.307364e+00
4.668000e-05	-1.226537e-01	-2.433306e+00
4.669000e-05	8.656849e-02	-2.578325e+00
4.670000e-05	6.166647e-02	-2.641682e+00
4.671000e-05	-8.866999e-02	-2.728895e+00
4.672000e-05	1.572936e-02	-2.830551e+00
4.673000e-05	8.637029e-03	-2.939419e+00
4.674000e-05	-1.080416e-04	-3.116265e+00
4.675000e-05	3.681760e-02	-3.170025e+00
4.676000e-05	-4.119923e-02	-3.285260e+00
4.677000e-05	-3.275833e-02	-3.398424e+00
4.678000e-05	7.799026e-02	-3.443157e+00
4.679000e-05	-2.090076e-02	-3.557316e+00
4.680000e-05	-8.978464e-03	-3.611029e+00
4.681000e-05	1.612746e-02	-3.676966e+00
4.682000e-05	-5.024134e-02	-3.886607e+00
4.683000e-05	4.146955e-02	-3.958974e+00
4.684000e-05	3.912111e-02	-4.032184e+00
4.685000e-05	-3.512569e-02	-4.127868e+00
4.686000e-05	-1.089164e-02	-4.169499e+00
4.687000e-05	1.669616e-02	-4.274257e+00
4.688000e-05	2.330727e-02	-4.338924e+00
4.689000e-05	1.055021e-03	-4.422003e+00
4.690000e-05	-2.946815e-02	-4.464261e+00
4.691000e-05	1.322991e-03	-4.587451e+00
4.692000e-05	2.650019e-02	-4.664708e+00
4.693000e-05	1.316881e-02	-4.707863e+00
4.694000e-05	1.175631e-03	-4.757475e+00
4.695000e-05	-2.403857e-02	-4.896235e+00
4.696000e-05	1.665883e-02	-4.959949e+00
4.697000e-05	2.006174e-02	-5.001105e+00
4.698000e-05	2.795775e-04	-5.104840e+00
4.699000e-05	-5.153726e-03	-5.168446e+00
4.700000e-05	-1.312088e-02	-5.212631e+00
4.701000e-05	2.687009e-02	-5.329866e+00
4.702000e-05	1.753008e-02	-5.391678e+00
4.703000e-05	-5.400839e-03	-5.536241e+00
4.704000e-05	-8.357930e-03	-5.569447e+00
4.705000e-05	4.029044e-03	-5.600499e+00
4.706000e-05	2.114993e-02	-5.631580e+00
4.707000e-05	1.071208e-02	-5.665264e+00
4.708000e-05	-1.016784e-02	-5.748865e+00
4.709000e-05	-2.131151e-03	-5.789525e+00
4.710000e-05	1.532212e-02	-5.822005e+00
4.711000e-05	1.973829e-02	-5.843605e+00
4.712000e-05	3.288817e-03	-5.913336e+00
4.713000e-05	-1.144950e-02	-5.969890e+00
4.714000e-05	9.870913e-03	-5.987425e+00
4.715000e-05	1.872444e-02	-5.990449e+00
4.716000e-05	1.295105e-02	-5.990000e+00
4.717000e-05	-3.085516e-03	-6.020578e+00
4.718000e-05	-3.937663e-03	-6.071581e+00
4.719000e-05	1.629717e-02	-6.104682e+00
4.720000e-05	1.558493e-02	-6.084766e+00
4.721000e-05	7.331630e-03	-6.137492e+00
4.722000e-05	-4.085539e-03	-6.149046e+00
4.723000e-05	6.527522e-03	-6.139921e+00
4.724000e-05	1.778638e-02	-6.211549e+00
4.725000e-05	1.641363e-02	-6.213598e+00
4.726000e-05	2.578651e-03	-6.212154e+00
4.727000e-05	-2.109763e-04	-6.243132e+00
4.728000e-05	1.299467e-02	-6.315637e+00
4.729000e-05	1.999999e-02	-6.263662e+00
4.730000e-05	1.109641e-02	-6.293739e+00
4.731000e-05	1.653598e-03	-6.233682e+00
4.732000e-05	7.380340e-03	-6.296201e+00
4.733000e-05	1.734375e-02	-6.273137e+00
4.734000e-05	1.847607e-02	-6.223005e+00
4.735000e-05	6.825542e-03	-6.241733e+00
4.736000e-05	5.041036e-03	-6.250923e+00
4.737000e-05	1.327629e-02	-6.167551e+00
4.738000e-05	2.032255e-02	-6.178315e+00
4.739000e-05	1.579251e-02	-6.056789e+00
4.740000e-05	5.440766e-03	-6.084709e+00
4.741000e-05	8.953929e-03	-6.101704e+00
4.742000e-05	1.776332e-02	-6.032059e+00
4.743000e-05	1.981114e-02	-6.010525e+00
4.744000e-05	1.135607e-02	-5.980475e+00
4.745000e-05	8.251424e-03	-5.969450e+00
4.746000e-05	1.448020e-02	-5.969371e+00
4.747000e-05	2.035697e-02	-5.936893e+00
4.748000e-05	1.702391e-02	-5.904660e+00
4.749000e-05	8.724704e-03	-5.853129e+00
4.750000e-05	1.000517e-02	-5.799975e+00
4.751000e-05	1.692821e-02	-5.778371e+00
4.752000e-05	1.977212e-02	-5.674814e+00
4.753000e-05	1.227036e-02	-5.663079e+00
4.754000e-05	8.362723e-03	-5.611075e+00
4.755000e-05	1.296615e-02	-5.567922e+00
4.756000e-05	1.907600e-02	-5.528341e+00
4.757000e-05	1.705045e-02	-5.435134e+00
4.758000e-05	9.357154e-03	-5.396748e+00
4.759000e-05	9.023935e-03	-5.253657e+00
4.760000e-05	1.479317e-02	-5.200576e+00
4.761000e-05	1.673708e-02	-5.157418e+00
4.762000e-05	1.243357e-02	-5.074785e+00
4.763000e-05	8.051865e-03	-5.010449e+00
4.764000e-05	8.939835e-03	-4.885871e+00
4.765000e-05	1.349545e-02	-4.838607e+00
4.766000e-05	1.390670e-02	-4.708792e+00
4.767000e-05	9.962518e-03	-4.639631e+00
4.768000e-05	5.897741e-03	-4.578501e+00
4.769000e-05	9.077334e-03	-4.506288e+00
4.770000e-05	1.151191e-02	-4.472604e+00
4.771000e-05	9.501699e-03	-4.410476e+00
4.772000e-05	5.920774e-03	-4.337447e+00
4.773000e-05	4.440053e-03	-4.263607e+00
4.774000e-05	8.637637e-03	-4.158895e+00
4.775000e-05	8.777610e-03	-4.083765e+00
4.776000e-05	7.076285e-03	-4.011075e+00
4.777000e-05	3.517607e-03	-3.968797e+00
4.778000e-05	6.373293e-03	-3.842999e+00
4.779000e-05	6.100256e-03	-3.664211e+00
4.780000e-05	5.395449e-03	-3.610526e+00
4.781000e-05	8.989359e-04	-3.525840e+00
4.782000e-05	5.610604e-04	-3.421104e+00
4.783000e-05	2.865408e-03	-3.337894e+00
4.784000e-05	5.764481e-03	-3.242631e+00
4.785000e-05	1.855267e-03	-3.200451e+00
4.786000e-05	2.144276e-03	-3.082687e+00
4.787000e-05	1.385656e-03	-2.925792e+00
4.788000e-05	3.770818e-03	-2.800526e+00
4.789000e-05	8.907344e-04	-2.737816e+00
4.790000e-05	-5.163530e-04	-2.660076e+00
4.791000e-05	-2.713821e-03	-2.526288e+00
4.792000e-05	1.862741e-04	-2.411528e+00
4.793000e-05	2.955869e-03	-2.346946e+00
4.794000e-05	3.921511e-04	-2.200050e+00
4.795000e-05	-2.219251e-03	-2.093188e+00
4.796000e-05	-2.010018e-03	-2.008400e+00
4.797000e-05	1.233964e-03	-1.873632e+00
4.798000e-05	4.994121e-04	-1.738347e+00
4.799000e-05	-1.333815e-03	-1.663708e+00
4.800000e-05	-2.626574e-03	-1.580020e+00
4.801000e-05	-4.525036e-04	-1.441630e+00
4.802000e-05	-1.008688e-03	-1.293662e+00
4.803000e-05	-2.120296e-03	-1.158522e+00
4.804000e-05	-4.865121e-03	-1.041080e+00
4.805000e-05	-4.161320e-03	-9.363417e-01
4.806000e-05	-1.596419e-03	-8.211040e-01
4.807000e-05	-1.160556e-03	-7.473168e-01
4.808000e-05	-3.193913e-03	-6.308971e-01
4.809000e-05	-3.925614e-03	-4.505826e-01
4.810000e-05	-2.621120e-03	-3.789182e-01
4.811000e-05	-2.115217e-03	-2.626026e-01
4.812000e-05	-3.275043e-03	-1.668680e-01
4.813000e-05	-3.906434e-03	-4.202757e-02
4.814000e-05	-2.084956e-03	2.205296e-02
4.815000e-05	-1.174496e-03	1.774701e-01
4.816000e-05	-4.383183e-05	3.057872e-01
4.817000e-05	-2.399622e-03	3.804753e-01
4.818000e-05	-3.059345e-03	4.757886e-01
4.819000e-05	-2.483338e-03	5.695214e-01
4.820000e-05	2.140578e-03	6.958857e-01
4.821000e-05	1.905088e-02	7.711288e-01
4.822000e-05	3.673856e-02	9.373931e-01
4.823000e-05	-1.377859e-02	1.117919e+00
4.824000e-05	-6.099307e-02	1.325712e+00
4.825000e-05	-7.278982e-02	1.348397e+00
4.826000e-05	7.093644e-02	1.380680e+00
4.827000e-05	2.827390e-02	1.644177e+00
4.828000e-05	-9.541554e-02	1.756870e+00
4.829000e-05	2.235911e-02	1.778949e+00
4.830000e-05	3.711934e-02	1.908866e+00
4.831000e-05	-3.168484e-02	2.010526e+00
4.832000e-05	-2.068525e-02	2.033655e+00
4.833000e-05	6.793096e-02	2.159448e+00
4.834000e-05	-8.635090e-02	2.336769e+00
4.835000e-05	-4.908337e-02	2.399949e+00
4.836000e-05	9.592463e-02	2.454236e+00
4.837000e-05	-2.345214e-03	2.643653e+00
4.838000e-05	-6.918499e-02	2.768449e+00
4.839000e-05	9.643242e-03	2.862704e+00
4.840000e-05	6.602044e-04	2.928422e+00
4.841000e-05	4.527062e-03	3.012053e+00
4.842000e-05	1.154786e-02	3.107817e+00
4.843000e-05	-5.933464e-02	3.201002e+00
4.844000e-05	9.782110e-03	3.273782e+00
4.845000e-05	2.136436e-02	3.431554e+00
4.846000e-05	-4.577789e-03	3.526920e+00
4.847000e-05	-2.350748e-02	3.611049e+00
4.848000e-05	-1.868359e-02	3.716361e+00
4.849000e-05	-2.372627e-02	3.792025e+00
4.850000e-05	3.464135e-02	3.914741e+00
4.851000e-05	7.884945e-03	3.969371e+00
4.852000e-05	-5.018091e-02	4.030575e+00
4.853000e-05	-8.558702e-03	4.086356e+00
4.854000e-05	1.040554e-02	4.200756e+00
4.855000e-05	1.092549e-02	4.347442e+00
4.856000e-05	-3.288421e-02	4.431553e+00
4.857000e-05	-2.241516e-02	4.505716e+00
4.858000e-05	-9.619764e-03	4.548969e+00
4.859000e-05	1.925876e-02	4.621678e+00
4.860000e-05	-9.574333e-04	4.717316e+00
4.861000e-05	-3.055712e-02	4.810471e+00
4.862000e-05	-1.947119e-02	4.822079e+00
4.863000e-05	7.161525e-04	4.956496e+00
4.864000e-05	1.059591e-02	5.090237e+00
4.865000e-05	-2.029159e-02	5.140419e+00
4.866000e-05	-2.674884e-02	5.240079e+00
4.867000e-05	-1.594611e-02	5.234706e+00
4.868000e-05	1.560275e-02	5.347890e+00
4.869000e-05	-4.375138e-03	5.398475e+00
4.870000e-05	-2.486223e-02	5.413578e+00
4.871000e-05	-2.193152e-02	5.474713e+00
4.872000e-05	-4.230289e-03	5.567367e+00
4.873000e-05	7.016382e-03	5.599474e+00
4.874000e-05	-1.747633e-02	5.610553e+00
4.875000e-05	-2.626406e-02	5.643652e+00
4.876000e-05	-2.019098e-02	5.665289e+00
4.877000e-05	5.619515e-03	5.748894e+00
4.878000e-05	-2.847622e-03	5.791100e+00
4.879000e-05	-2.148270e-02	5.894239e+00
4.880000e-05	-2.477268e-02	5.946345e+00
4.881000e-05	-8.110788e-03	5.989946e+00
4.882000e-05	2.510209e-03	5.999001e+00
4.883000e-05	-1.623536e-02	5.990550e+00
4.884000e-05	-2.597589e-02	6.001576e+00
4.885000e-05	-2.136333e-02	6.032656e+00
4.886000e-05	-1.654330e-03	6.043133e+00
4.887000e-05	-7.339888e-03	6.063113e+00
4.888000e-05	-1.904549e-02	6.105311e+00
4.889000e-05	-2.502395e-02	6.086219e+00
4.890000e-05	-1.276800e-02	6.137920e+00
4.891000e-05	-3.160143e-03	6.147419e+00
4.892000e-05	-1.443816e-02	6.148345e+00
4.893000e-05	-2.528000e-02	6.138416e+00
4.894000e-05	-2.547982e-02	6.168448e+00
4.895000e-05	-9.091825e-03	6.177899e+00
4.896000e-05	-9.294591e-03	6.158944e+00
4.897000e-05	-1.894473e-02	6.178924e+00
4.898000e-05	-2.618361e-02	6.138394e+00
4.899000e-05	-1.737866e-02	6.157916e+00
4.900000e-05	-8.618882e-03	6.126415e+00
4.901000e-05	-1.646454e-02	6.135867e+00
4.902000e-05	-2.630945e-02	6.107267e+00
4.903000e-05	-2.689150e-02	6.115713e+00
4.904000e-05	-1.445978e-02	6.044633e+00
4.905000e-05	-1.284420e-02	6.073607e+00
4.906000e-05	-1.995050e-02	6.040627e+00
4.907000e-05	-2.747792e-02	6.010580e+00
4.908000e-05	-2.224156e-02	6.010501e+00
4.909000e-05	-1.344869e-02	5.998526e+00
4.910000e-05	-1.727178e-02	5.989424e+00
4.911000e-05	-2.556262e-02	5.946344e+00
4.912000e-05	-2.800939e-02	5.927268e+00
4.913000e-05	-1.840398e-02	5.862584e+00
4.914000e-05	-1.517557e-02	5.778396e+00
4.915000e-05	-2.053043e-02	5.723716e+00
4.916000e-05	-2.783235e-02	5.692707e+00
4.917000e-05	-2.398362e-02	5.620501e+00
4.918000e-05	-1.607930e-02	5.609975e+00
4.919000e-05	-1.779531e-02	5.558922e+00
4.920000e-05	-2.392868e-02	5.504887e+00
4.921000e-05	-2.750927e-02	5.451609e+00
4.922000e-05	-1.973324e-02	5.390976e+00
4.923000e-05	-1.634043e-02	5.377946e+00
4.924000e-05	-1.864075e-02	5.304790e+00
4.925000e-05	-2.521696e-02	5.261153e+00
4.926000e-05	-2.214414e-02	5.186923e+00
4.927000e-05	-1.673484e-02	5.102759e+00
4.928000e-05	-1.529458e-02	5.017923e+00
4.929000e-05	-2.079813e-02	4.873184e+00
4.930000e-05	-2.371044e-02	4.809500e+00
4.931000e-05	-1.926993e-02	4.747368e+00
4.932000e-05	-1.384542e-02	4.694785e+00
4.933000e-05	-1.621086e-02	4.620501e+00
4.934000e-05	-1.989741e-02	4.567818e+00
4.935000e-05	-1.968908e-02	4.473158e+00
4.936000e-05	-1.367482e-02	4.408976e+00
4.937000e-05	-1.309102e-02	4.356367e+00
4.938000e-05	-1.655939e-02	4.271056e+00
4.939000e-05	-1.952716e-02	4.144268e+00
4.940000e-05	-1.494589e-02	4.020580e+00
4.941000e-05	-9.720162e-03	3.956818e+00
4.942000e-05	-1.126029e-02	3.894187e+00
4.943000e-05	-1.575892e-02	3.799472e+00
4.944000e-05	-1.564893e-02	3.686214e+00
4.945000e-05	-1.182495e-02	3.660030e+00
4.946000e-05	-9.409919e-03	3.595320e+00
4.947000e-05	-1.239723e-02	3.432578e+00
4.948000e-05	-1.463033e-02	3.295184e+00
4.949000e-05	-1.116657e-02	3.219578e+00
4.950000e-05	-7.708258e-03	3.107287e+00
4.951000e-05	-7.886865e-03	3.012130e+00
4.952000e-05	-1.193732e-02	2.977320e+00
4.953000e-05	-1.286033e-02	2.832054e+00
4.954000e-05	-1.001541e-02	2.777923e+00
4.955000e-05	-7.141887e-03	2.712509e+00
4.956000e-05	-8.451536e-03	2.473218e+00
4.957000e-05	-1.147599e-02	2.418950e+00
4.958000e-05	-8.570059e-03	2.313239e+00
4.959000e-05	-6.533445e-03	2.210001e+00
4.960000e-05	-5.724139e-03	2.103712e+00
4.961000e-05	-9.269760e-03	1.990026e+00
4.962000e-05	-9.893785e-03	1.935814e+00
4.963000e-05	-8.915676e-03	1.819422e+00
4.964000e-05	-6.124290e-03	1.673130e+00
4.965000e-05	-6.515490e-03	1.548221e+00
4.966000e-05	-8.239191e-03	1.440576e+00
4.967000e-05	-7.191051e-03	1.307241e+00
4.968000e-05	-5.505241e-03	1.219499e+00
4.969000e-05	-4.340904e-03	1.103761e+00
4.970000e-05	-7.108383e-03	9.128202e-01
4.971000e-05	-7.668752e-03	7.990987e-01
4.972000e-05	-6.847548e-03	7.067429e-01
4.973000e-05	-4.106384e-03	5.994025e-01
4.974000e-05	-4.018474e-03	4.531338e-01
4.975000e-05	-5.493436e-03	4.004987e-01
4.976000e-05	-6.470959e-03	3.222628e-01
4.977000e-05	-4.437330e-03	1.457666e-01
4.978000e-05	-3.068412e-03	4.761219e-04
4.979000e-05	-2.294100e-03	-8.478834e-02
4.980000e-05	-1.670156e-03	-1.904727e-01
4.981000e-05	-2.185516e-03	-2.748124e-01
4.982000e-05	-1.508714e-03	-3.894974e-01
4.983000e-05	-1.792695e-03	-4.532343e-01
4.984000e-05	-2.332857e-03	-5.911765e-01
4.985000e-05	-3.534582e-03	-7.063686e-01
4.986000e-05	3.205192e-03	-8.221040e-01
4.987000e-05	3.791307e-02	-8.862896e-01
4.988000e-05	2.872918e-02	-1.044681e+00
4.989000e-05	-3.106706e-02	-1.265812e+00
4.990000e-05	-9.474144e-02	-1.496290e+00
4.991000e-05	2.867339e-02	-1.546716e+00
4.992000e-05	4.953389e-02	-1.474888e+00
4.993000e-05	-9.785886e-03	-1.664153e+00
4.994000e-05	-8.295975e-02	-1.823057e+00
4.995000e-05	7.508931e-02	-1.832105e+00
4.996000e-05	-2.429120e-02	-1.906394e+00
4.997000e-05	-7.653530e-02	-2.107345e+00
4.998000e-05	9.576649e-02	-2.240604e+00
4.999000e-05	-6.285083e-03	-2.287315e+00
