# 260612_13:13:11.009546
t	CH1	CH2
0.000000e+00	-2.219408e-03	-3.783947e-01
1.000000e-08	-9.263510e-04	-4.326043e-01
2.000000e-08	-1.281905e-03	-5.979229e-01
3.000000e-08	-3.866281e-03	-7.257647e-01
4.000000e-08	-9.305189e-04	-8.199777e-01
5.000000e-08	2.475835e-02	-8.846583e-01
6.000000e-08	5.038870e-02	-1.011054e+00
7.000000e-08	-2.521537e-02	-1.209953e+00
8.000000e-08	-7.174996e-02	-1.501583e+00
9.000000e-08	-4.304149e-02	-1.526840e+00
1.000000e-07	8.443614e-02	-1.466822e+00
1.100000e-07	2.409377e-02	-1.620127e+00
1.200000e-07	-1.245235e-01	-1.807926e+00
1.300000e-07	7.182371e-02	-1.852658e+00
1.400000e-07	-2.781472e-03	-1.872758e+00
1.500000e-07	-7.911080e-02	-2.112705e+00
1.600000e-07	7.849784e-02	-2.252002e+00
1.700000e-07	5.836703e-02	-2.296316e+00
1.800000e-07	-1.584554e-01	-2.410052e+00
1.900000e-07	2.973607e-02	-2.545191e+00
2.000000e-07	1.367439e-01	-2.619477e+00
2.100000e-07	-6.110960e-02	-2.736836e+00
2.200000e-07	-5.546212e-02	-2.809450e+00
2.300000e-07	4.236126e-02	-2.892788e+00
2.400000e-07	-2.248651e-02	-3.074660e+00
2.500000e-07	5.282882e-02	-3.186422e+00
2.600000e-07	-5.872047e-03	-3.191554e+00
2.700000e-07	-8.900468e-02	-3.336821e+00
2.800000e-07	7.047693e-02	-3.401051e+00
2.900000e-07	2.118855e-02	-3.504815e+00
3.000000e-07	-2.779905e-02	-3.599002e+00
3.100000e-07	2.664889e-02	-3.702582e+00
3.200000e-07	-4.863763e-02	-3.790127e+00
3.300000e-07	-8.613464e-03	-3.977871e+00
3.400000e-07	9.004317e-02	-4.010551e+00
3.500000e-07	-2.647142e-02	-4.114789e+00
3.600000e-07	-3.984393e-02	-4.157423e+00
3.700000e-07	1.284419e-02	-4.220130e+00
3.800000e-07	2.009225e-02	-4.357370e+00
3.900000e-07	3.193433e-02	-4.409499e+00
4.000000e-07	-3.816057e-02	-4.444104e+00
4.100000e-07	-2.095795e-02	-4.588436e+00
4.200000e-07	2.529345e-02	-4.641110e+00
4.300000e-07	2.410534e-02	-4.716841e+00
4.400000e-07	1.516047e-02	-4.766999e+00
4.500000e-07	-3.239788e-02	-4.882707e+00
4.600000e-07	-3.959893e-03	-4.987849e+00
4.700000e-07	2.855814e-02	-5.021057e+00
4.800000e-07	1.137377e-02	-5.105287e+00
4.900000e-07	-5.293067e-03	-5.166871e+00
5.000000e-07	-2.072343e-02	-5.239999e+00
5.100000e-07	5.201880e-03	-5.262835e+00
5.200000e-07	3.883902e-02	-5.387999e+00
5.300000e-07	1.253747e-03	-5.455315e+00
5.400000e-07	-1.309202e-02	-5.578997e+00
5.500000e-07	-8.060582e-03	-5.589525e+00
5.600000e-07	1.272073e-02	-5.640554e+00
5.700000e-07	3.036752e-02	-5.691688e+00
5.800000e-07	-9.033959e-03	-5.715867e+00
5.900000e-07	-1.078026e-02	-5.758948e+00
6.000000e-07	2.058130e-03	-5.831550e+00
6.100000e-07	2.598142e-02	-5.834183e+00
6.200000e-07	1.714968e-02	-5.894712e+00
6.300000e-07	-1.452590e-02	-5.916794e+00
6.400000e-07	-5.023951e-03	-5.978392e+00
6.500000e-07	1.712259e-02	-5.990000e+00
6.600000e-07	2.259497e-02	-6.000601e+00
6.700000e-07	3.665406e-03	-6.040026e+00
6.800000e-07	-1.148145e-02	-6.072156e+00
6.900000e-07	4.461629e-03	-6.075188e+00
7.000000e-07	2.108168e-02	-6.135761e+00
7.100000e-07	1.465551e-02	-6.136970e+00
7.200000e-07	-3.081798e-04	-6.169562e+00
7.300000e-07	-5.198794e-03	-6.217426e+00
7.400000e-07	1.295141e-02	-6.212154e+00
7.500000e-07	2.326599e-02	-6.260078e+00
7.600000e-07	9.339348e-03	-6.243156e+00
7.700000e-07	-3.664442e-03	-6.292761e+00
7.800000e-07	8.189159e-04	-6.304137e+00
7.900000e-07	1.992327e-02	-6.294792e+00
8.000000e-07	1.887514e-02	-6.315710e+00
8.100000e-07	4.784536e-03	-6.258765e+00
8.200000e-07	-1.241924e-03	-6.312690e+00
8.300000e-07	1.086079e-02	-6.273132e+00
8.400000e-07	2.197910e-02	-6.284184e+00
8.500000e-07	1.373790e-02	-6.244683e+00
8.600000e-07	2.588911e-03	-6.201005e+00
8.700000e-07	4.294666e-03	-6.289631e+00
8.800000e-07	1.830478e-02	-6.200398e+00
8.900000e-07	2.081986e-02	-6.085817e+00
9.000000e-07	9.263125e-03	-6.115791e+00
9.100000e-07	2.229637e-03	-6.063233e+00
9.200000e-07	1.028696e-02	-6.032080e+00
9.300000e-07	2.169863e-02	-6.000050e+00
9.400000e-07	1.686417e-02	-6.010026e+00
9.500000e-07	7.082368e-03	-5.998975e+00
9.600000e-07	6.210935e-03	-5.949424e+00
9.700000e-07	1.657665e-02	-5.987345e+00
9.800000e-07	2.092539e-02	-5.914766e+00
9.900000e-07	1.294882e-02	-5.834137e+00
1.000000e-06	5.539920e-03	-5.811129e+00
1.010000e-06	9.103748e-03	-5.759900e+00
1.020000e-06	1.938331e-02	-5.746320e+00
1.030000e-06	1.765940e-02	-5.673709e+00
1.040000e-06	1.026603e-02	-5.613126e+00
1.050000e-06	6.208348e-03	-5.610500e+00
1.060000e-06	1.420672e-02	-5.557871e+00
1.070000e-06	1.933718e-02	-5.534790e+00
1.080000e-06	1.415644e-02	-5.420049e+00
1.090000e-06	6.773707e-03	-5.315413e+00
1.100000e-06	8.216684e-03	-5.231004e+00
1.110000e-06	1.554378e-02	-5.178450e+00
1.120000e-06	1.590925e-02	-5.134817e+00
1.130000e-06	9.736678e-03	-5.012130e+00
1.140000e-06	4.321493e-03	-4.999921e+00
1.150000e-06	1.030856e-02	-4.884768e+00
1.160000e-06	1.496844e-02	-4.728896e+00
1.170000e-06	1.228640e-02	-4.673759e+00
1.180000e-06	5.733269e-03	-4.631555e+00
1.190000e-06	4.997065e-03	-4.577846e+00
1.200000e-06	1.014373e-02	-4.495258e+00
1.210000e-06	1.183294e-02	-4.421534e+00
1.220000e-06	7.053706e-03	-4.368524e+00
1.230000e-06	2.226298e-03	-4.274764e+00
1.240000e-06	5.373297e-03	-4.209049e+00
1.250000e-06	8.549774e-03	-4.156314e+00
1.260000e-06	8.902448e-03	-4.042057e+00
1.270000e-06	3.631717e-03	-4.000027e+00
1.280000e-06	2.342104e-03	-3.903787e+00
1.290000e-06	4.619982e-03	-3.716375e+00
1.300000e-06	8.240054e-03	-3.632657e+00
1.310000e-06	4.004085e-03	-3.587922e+00
1.320000e-06	-3.181302e-05	-3.473663e+00
1.330000e-06	3.446672e-04	-3.380952e+00
1.340000e-06	4.848143e-03	-3.312283e+00
1.350000e-06	5.252444e-03	-3.209580e+00
1.360000e-06	1.610114e-03	-3.117868e+00
1.370000e-06	-5.586099e-04	-3.040579e+00
1.380000e-06	1.012972e-03	-2.893108e+00
1.390000e-06	3.818881e-03	-2.798972e+00
1.400000e-06	2.525207e-03	-2.653738e+00
1.410000e-06	-1.744412e-03	-2.588921e+00
1.420000e-06	-1.862423e-03	-2.505687e+00
1.430000e-06	6.579911e-05	-2.379876e+00
1.440000e-06	1.621865e-03	-2.305285e+00
1.450000e-06	-1.738898e-03	-2.137791e+00
1.460000e-06	-2.912378e-03	-2.002077e+00
1.470000e-06	-1.518450e-03	-1.926267e+00
1.480000e-06	1.904372e-03	-1.820601e+00
1.490000e-06	6.282256e-04	-1.705813e+00
1.500000e-06	-9.522612e-04	-1.610528e+00
1.510000e-06	-3.882352e-03	-1.547312e+00
1.520000e-06	-2.279073e-03	-1.339396e+00
1.530000e-06	-1.875154e-03	-1.201583e+00
1.540000e-06	-3.943018e-03	-1.083238e+00
1.550000e-06	-5.271377e-03	-9.393997e-01
1.560000e-06	-3.507719e-03	-8.941378e-01
1.570000e-06	-7.907584e-04	-7.804747e-01
1.580000e-06	-1.911938e-04	-6.836588e-01
1.590000e-06	-2.756284e-03	-4.963128e-01
1.600000e-06	-4.647494e-03	-4.000261e-01
1.610000e-06	-4.364900e-03	-3.247156e-01
1.620000e-06	-2.808304e-03	-1.914985e-01
1.630000e-06	-3.509340e-03	-9.471421e-02
1.640000e-06	-2.485393e-03	-1.047631e-02
1.650000e-06	-2.059682e-03	1.152832e-01
1.660000e-06	-4.472230e-05	2.326081e-01
1.670000e-06	1.706614e-04	3.989723e-01
1.680000e-06	-2.016683e-03	4.610605e-01
1.690000e-06	-4.038354e-03	5.358687e-01
1.700000e-06	-2.797182e-03	6.526582e-01
1.710000e-06	8.845003e-03	7.379209e-01
1.720000e-06	3.996583e-02	8.426582e-01
1.730000e-06	1.011115e-02	1.062657e+00
1.740000e-06	-4.286371e-02	1.251677e+00
1.750000e-06	-1.029022e-01	1.346740e+00
1.760000e-06	3.214689e-02	1.438472e+00
1.770000e-06	6.607441e-02	1.493739e+00
1.780000e-06	-3.647159e-02	1.724788e+00
1.790000e-06	-8.379205e-02	1.746845e+00
1.800000e-06	9.666229e-02	1.852681e+00
1.810000e-06	-4.072751e-02	1.988519e+00
1.820000e-06	-5.404668e-02	2.030054e+00
1.830000e-06	1.094126e-01	2.113738e+00
1.840000e-06	-4.865081e-02	2.283233e+00
1.850000e-06	-1.292021e-01	2.388949e+00
1.860000e-06	9.374435e-02	2.410079e+00
1.870000e-06	6.344729e-02	2.495445e+00
1.880000e-06	-9.111295e-02	2.754787e+00
1.890000e-06	-8.055905e-03	2.820031e+00
1.900000e-06	-9.051341e-03	2.936761e+00
1.910000e-06	1.793232e-02	2.989494e+00
1.920000e-06	2.799610e-02	3.094677e+00
1.930000e-06	-4.463716e-02	3.178943e+00
1.940000e-06	-4.369101e-02	3.221031e+00
1.950000e-06	4.511483e-02	3.337900e+00
1.960000e-06	3.507982e-03	3.494785e+00
1.970000e-06	-1.480890e-02	3.598471e+00
1.980000e-06	-1.994562e-02	3.673131e+00
1.990000e-06	-5.377919e-02	3.757970e+00
2.000000e-06	3.895996e-02	3.861558e+00
2.010000e-06	3.301745e-02	3.926292e+00
2.020000e-06	-3.503361e-02	4.010948e+00
2.030000e-06	-4.986456e-02	4.053713e+00
2.040000e-06	1.710964e-02	4.209943e+00
2.050000e-06	2.252438e-02	4.275688e+00
2.060000e-06	-1.109431e-02	4.368474e+00
2.070000e-06	-4.062679e-02	4.473706e+00
2.080000e-06	-2.758749e-02	4.547892e+00
2.090000e-06	2.395452e-02	4.628999e+00
2.100000e-06	1.665195e-02	4.655205e+00
2.110000e-06	-1.741934e-02	4.788394e+00
2.120000e-06	-4.655847e-02	4.809973e+00
2.130000e-06	-4.352920e-04	4.914757e+00
2.140000e-06	1.598025e-02	4.979549e+00
2.150000e-06	-1.762958e-04	5.054733e+00
2.160000e-06	-3.602160e-02	5.189950e+00
2.170000e-06	-3.016895e-02	5.251079e+00
2.180000e-06	1.337085e-02	5.305861e+00
2.190000e-06	1.222700e-02	5.348423e+00
2.200000e-06	-1.441103e-02	5.440523e+00
2.210000e-06	-3.832995e-02	5.463708e+00
2.220000e-06	-1.183530e-02	5.546837e+00
2.230000e-06	8.535625e-03	5.568947e+00
2.240000e-06	3.340178e-03	5.610024e+00
2.250000e-06	-2.954701e-02	5.620049e+00
2.260000e-06	-3.080391e-02	5.715163e+00
2.270000e-06	-7.550445e-04	5.715761e+00
2.280000e-06	9.517522e-03	5.767619e+00
2.290000e-06	-1.074583e-02	5.860577e+00
2.300000e-06	-3.476250e-02	5.946264e+00
2.310000e-06	-1.610640e-02	5.947895e+00
2.320000e-06	3.754500e-03	5.979495e+00
2.330000e-06	1.258645e-03	6.000000e+00
2.340000e-06	-2.611597e-02	6.001028e+00
2.350000e-06	-2.980870e-02	6.020999e+00
2.360000e-06	-9.449728e-03	6.051128e+00
2.370000e-06	2.118670e-03	6.032179e+00
2.380000e-06	-9.606083e-03	6.064183e+00
2.390000e-06	-2.892734e-02	6.095216e+00
2.400000e-06	-2.097931e-02	6.126791e+00
2.410000e-06	-4.155292e-03	6.145266e+00
2.420000e-06	-1.195638e-03	6.147442e+00
2.430000e-06	-2.211396e-02	6.156365e+00
2.440000e-06	-3.063872e-02	6.138445e+00
2.450000e-06	-1.587177e-02	6.157998e+00
2.460000e-06	-2.851751e-03	6.169419e+00
2.470000e-06	-1.006254e-02	6.136442e+00
2.480000e-06	-2.789687e-02	6.157389e+00
2.490000e-06	-2.347439e-02	6.147369e+00
2.500000e-06	-9.997816e-03	6.157892e+00
2.510000e-06	-6.508616e-03	6.167291e+00
2.520000e-06	-2.197000e-02	6.098311e+00
2.530000e-06	-2.961714e-02	6.083790e+00
2.540000e-06	-2.068123e-02	6.065713e+00
2.550000e-06	-7.757712e-03	6.054707e+00
2.560000e-06	-1.186776e-02	6.033108e+00
2.570000e-06	-2.677936e-02	6.022054e+00
2.580000e-06	-2.648208e-02	6.000576e+00
2.590000e-06	-1.646163e-02	6.019977e+00
2.600000e-06	-9.529493e-03	5.999446e+00
2.610000e-06	-1.969848e-02	5.979469e+00
2.620000e-06	-2.878973e-02	5.918391e+00
2.630000e-06	-2.418876e-02	5.854207e+00
2.640000e-06	-1.300411e-02	5.813630e+00
2.650000e-06	-1.376881e-02	5.710866e+00
2.660000e-06	-2.473862e-02	5.714683e+00
2.670000e-06	-2.630246e-02	5.632631e+00
2.680000e-06	-1.947578e-02	5.600001e+00
2.690000e-06	-1.256837e-02	5.578400e+00
2.700000e-06	-1.893737e-02	5.546312e+00
2.710000e-06	-2.646045e-02	5.444110e+00
2.720000e-06	-2.401779e-02	5.421603e+00
2.730000e-06	-1.500263e-02	5.389499e+00
2.740000e-06	-1.311114e-02	5.305845e+00
2.750000e-06	-2.121972e-02	5.243183e+00
2.760000e-06	-2.582536e-02	5.159099e+00
2.770000e-06	-1.950968e-02	5.135237e+00
2.780000e-06	-1.265898e-02	5.022627e+00
2.790000e-06	-1.625413e-02	4.876189e+00
2.800000e-06	-2.250251e-02	4.811053e+00
2.810000e-06	-2.193255e-02	4.767971e+00
2.820000e-06	-1.526536e-02	4.686317e+00
2.830000e-06	-1.226499e-02	4.633578e+00
2.840000e-06	-1.776841e-02	4.598997e+00
2.850000e-06	-2.207893e-02	4.484207e+00
2.860000e-06	-1.690739e-02	4.420551e+00
2.870000e-06	-1.013721e-02	4.378521e+00
2.880000e-06	-1.059272e-02	4.277259e+00
2.890000e-06	-1.696889e-02	4.128995e+00
2.900000e-06	-1.802848e-02	4.022129e+00
2.910000e-06	-1.300156e-02	3.968468e+00
2.920000e-06	-9.279911e-03	3.874388e+00
2.930000e-06	-1.332205e-02	3.852051e+00
2.940000e-06	-1.621945e-02	3.737816e+00
2.950000e-06	-1.450541e-02	3.652130e+00
2.960000e-06	-8.253592e-03	3.600424e+00
2.970000e-06	-8.624298e-03	3.445785e+00
2.980000e-06	-1.211329e-02	3.338913e+00
2.990000e-06	-1.468921e-02	3.222633e+00
3.000000e-06	-1.079289e-02	3.117920e+00
3.010000e-06	-7.373089e-03	3.062663e+00
3.020000e-06	-8.274782e-03	2.928495e+00
3.030000e-06	-1.254122e-02	2.884232e+00
3.040000e-06	-1.166632e-02	2.798997e+00
3.050000e-06	-6.778199e-03	2.705688e+00
3.060000e-06	-6.308410e-03	2.569317e+00
3.070000e-06	-8.917134e-03	2.422605e+00
3.080000e-06	-1.056704e-02	2.355317e+00
3.090000e-06	-8.732933e-03	2.241556e+00
3.100000e-06	-5.764831e-03	2.137812e+00
3.110000e-06	-6.146021e-03	2.012631e+00
3.120000e-06	-9.277662e-03	1.928371e+00
3.130000e-06	-9.744059e-03	1.852625e+00
3.140000e-06	-6.867635e-03	1.694793e+00
3.150000e-06	-5.025886e-03	1.602503e+00
3.160000e-06	-6.285098e-03	1.472158e+00
3.170000e-06	-7.914740e-03	1.378446e+00
3.180000e-06	-7.798787e-03	1.232080e+00
3.190000e-06	-5.132213e-03	1.146839e+00
3.200000e-06	-4.224083e-03	9.499458e-01
3.210000e-06	-5.857934e-03	8.325275e-01
3.220000e-06	-7.406512e-03	7.677933e-01
3.230000e-06	-6.241017e-03	6.210288e-01
3.240000e-06	-3.905388e-03	4.952394e-01
3.250000e-06	-4.141643e-03	4.115562e-01
3.260000e-06	-6.028286e-03	3.576904e-01
3.270000e-06	-7.016079e-03	1.889733e-01
3.280000e-06	-3.400262e-03	6.157894e-02
3.290000e-06	-1.951009e-03	-5.068171e-02
3.300000e-06	-1.050988e-03	-1.373961e-01
3.310000e-06	-2.617684e-03	-2.221805e-01
3.320000e-06	-3.004846e-03	-3.668424e-01
3.330000e-06	-9.473452e-04	-4.210265e-01
3.340000e-06	-1.737362e-03	-5.868714e-01
3.350000e-06	-3.115151e-03	-6.963111e-01
3.360000e-06	-1.930092e-03	-8.199989e-01
3.370000e-06	1.869992e-02	-8.922094e-01
3.380000e-06	5.384275e-02	-9.999491e-01
3.390000e-06	-1.973791e-02	-1.209873e+00
3.400000e-06	-6.316774e-02	-1.462656e+00
3.410000e-06	-6.615286e-02	-1.577812e+00
3.420000e-06	8.923163e-02	-1.494237e+00
3.430000e-06	3.217938e-02	-1.579047e+00
3.440000e-06	-1.174475e-01	-1.818000e+00
3.450000e-06	5.560615e-02	-1.853128e+00
3.460000e-06	1.566796e-02	-1.852712e+00
3.470000e-06	-7.743637e-02	-2.042183e+00
3.480000e-06	5.480675e-02	-2.232576e+00
3.490000e-06	8.245578e-02	-2.303840e+00
3.500000e-06	-1.461307e-01	-2.420023e+00
3.510000e-06	3.494857e-04	-2.556366e+00
3.520000e-06	1.492643e-01	-2.610500e+00
3.530000e-06	-3.887575e-02	-2.725788e+00
3.540000e-06	-7.530850e-02	-2.809474e+00
3.550000e-06	4.868267e-02	-2.842609e+00
3.560000e-06	-2.416028e-02	-3.072027e+00
3.570000e-06	4.689703e-02	-3.167921e+00
3.580000e-06	7.841696e-03	-3.210552e+00
3.590000e-06	-9.311907e-02	-3.335794e+00
3.600000e-06	5.482663e-02	-3.410504e+00
3.610000e-06	3.898940e-02	-3.505243e+00
3.620000e-06	-3.275253e-02	-3.629520e+00
3.630000e-06	2.700486e-02	-3.682106e+00
3.640000e-06	-3.725707e-02	-3.801427e+00
3.650000e-06	-2.570656e-02	-3.926892e+00
3.660000e-06	9.343616e-02	-4.000999e+00
3.670000e-06	-1.566816e-02	-4.084290e+00
3.680000e-06	-4.606007e-02	-4.178919e+00
3.690000e-06	1.066342e-02	-4.220079e+00
3.700000e-06	1.770926e-02	-4.327368e+00
3.710000e-06	3.605563e-02	-4.399975e+00
3.720000e-06	-3.156819e-02	-4.431181e+00
3.730000e-06	-2.757647e-02	-4.545391e+00
3.740000e-06	2.348306e-02	-4.641532e+00
3.750000e-06	2.486886e-02	-4.694289e+00
3.760000e-06	1.657721e-02	-4.726815e+00
3.770000e-06	-2.893501e-02	-4.832182e+00
3.780000e-06	-1.143767e-02	-4.938919e+00
3.790000e-06	2.834609e-02	-5.010579e+00
3.800000e-06	1.439623e-02	-5.054183e+00
3.810000e-06	-3.864244e-03	-5.145295e+00
3.820000e-06	-1.883313e-02	-5.190023e+00
3.830000e-06	-5.148940e-04	-5.292181e+00
3.840000e-06	4.159627e-02	-5.368969e+00
3.850000e-06	3.309360e-03	-5.465258e+00
3.860000e-06	-1.301648e-02	-5.527398e+00
3.870000e-06	-8.257562e-03	-5.599924e+00
3.880000e-06	9.435739e-03	-5.620526e+00
3.890000e-06	3.121473e-02	-5.656159e+00
3.900000e-06	-7.427986e-03	-5.735870e+00
3.910000e-06	-1.092562e-02	-5.788399e+00
3.920000e-06	1.083446e-03	-5.810024e+00
3.930000e-06	2.548738e-02	-5.811056e+00
3.940000e-06	1.837498e-02	-5.924259e+00
3.950000e-06	-1.231203e-02	-5.927268e+00
3.960000e-06	-8.041435e-03	-5.967471e+00
3.970000e-06	1.530428e-02	-5.988974e+00
3.980000e-06	2.167655e-02	-5.999977e+00
3.990000e-06	5.166680e-03	-6.009553e+00
4.000000e-06	-9.972850e-03	-6.032602e+00
4.010000e-06	3.196153e-03	-6.074158e+00
4.020000e-06	2.206632e-02	-6.114686e+00
4.030000e-06	1.538071e-02	-6.122894e+00
4.040000e-06	9.701927e-05	-6.138470e+00
4.050000e-06	-6.437964e-03	-6.179957e+00
4.060000e-06	1.060874e-02	-6.222053e+00
4.070000e-06	2.249278e-02	-6.221182e+00
4.080000e-06	1.100124e-02	-6.251579e+00
4.090000e-06	-2.540862e-03	-6.234687e+00
4.100000e-06	7.027854e-04	-6.284357e+00
4.110000e-06	1.924717e-02	-6.282210e+00
4.120000e-06	1.940133e-02	-6.365812e+00
4.130000e-06	6.091904e-03	-6.314645e+00
4.140000e-06	-1.399514e-03	-6.305311e+00
4.150000e-06	8.986758e-03	-6.285681e+00
4.160000e-06	2.126760e-02	-6.251181e+00
4.170000e-06	1.533476e-02	-6.271206e+00
4.180000e-06	3.658689e-03	-6.191133e+00
4.190000e-06	4.019174e-03	-6.189502e+00
4.200000e-06	1.605188e-02	-6.169449e+00
4.210000e-06	2.080643e-02	-6.135312e+00
4.220000e-06	1.098379e-02	-6.113737e+00
4.230000e-06	2.286455e-03	-6.091683e+00
4.240000e-06	1.015856e-02	-6.052004e+00
4.250000e-06	2.100735e-02	-6.021076e+00
4.260000e-06	1.709284e-02	-5.990575e+00
4.270000e-06	6.953026e-03	-5.989498e+00
4.280000e-06	5.898198e-03	-5.989397e+00
4.290000e-06	1.747726e-02	-5.956869e+00
4.300000e-06	1.990966e-02	-5.905336e+00
4.310000e-06	1.367068e-02	-5.891683e+00
4.320000e-06	5.522358e-03	-5.839099e+00
4.330000e-06	1.064851e-02	-5.819020e+00
4.340000e-06	1.973535e-02	-5.777343e+00
4.350000e-06	1.804258e-02	-5.654683e+00
4.360000e-06	8.611547e-03	-5.643134e+00
4.370000e-06	6.308375e-03	-5.620025e+00
4.380000e-06	1.414513e-02	-5.549447e+00
4.390000e-06	1.901629e-02	-5.497318e+00
4.400000e-06	1.367669e-02	-5.460978e+00
4.410000e-06	7.106767e-03	-5.346942e+00
4.420000e-06	9.767540e-03	-5.212131e+00
4.430000e-06	1.630585e-02	-5.219495e+00
4.440000e-06	1.590954e-02	-5.136817e+00
4.450000e-06	9.562710e-03	-5.042610e+00
4.460000e-06	4.559364e-03	-5.009924e+00
4.470000e-06	1.008291e-02	-4.935817e+00
4.480000e-06	1.541318e-02	-4.768396e+00
4.490000e-06	1.215392e-02	-4.684166e+00
4.500000e-06	4.871348e-03	-4.660578e+00
4.510000e-06	4.866809e-03	-4.557949e+00
4.520000e-06	1.082700e-02	-4.454736e+00
4.530000e-06	1.215005e-02	-4.421077e+00
4.540000e-06	6.431015e-03	-4.377922e+00
4.550000e-06	2.106770e-03	-4.265713e+00
4.560000e-06	6.436444e-03	-4.191053e+00
4.570000e-06	9.520957e-03	-4.136341e+00
4.580000e-06	8.191056e-03	-4.042504e+00
4.590000e-06	2.754002e-03	-3.968976e+00
4.600000e-06	1.826159e-03	-3.876289e+00
4.610000e-06	5.464069e-03	-3.777874e+00
4.620000e-06	9.148049e-03	-3.661678e+00
4.630000e-06	4.296468e-03	-3.598973e+00
4.640000e-06	-1.502838e-06	-3.492687e+00
4.650000e-06	7.674794e-04	-3.379999e+00
4.660000e-06	4.947340e-03	-3.286290e+00
4.670000e-06	5.117518e-03	-3.240554e+00
4.680000e-06	-3.078022e-04	-3.167919e+00
4.690000e-06	-6.613868e-04	-2.999673e+00
4.700000e-06	1.252928e-03	-2.895758e+00
4.710000e-06	4.681891e-03	-2.758472e+00
4.720000e-06	2.399901e-03	-2.665162e+00
4.730000e-06	-1.744152e-03	-2.608846e+00
4.740000e-06	-9.514793e-04	-2.494610e+00
4.750000e-06	1.834264e-03	-2.392500e+00
4.760000e-06	1.626591e-03	-2.323740e+00
4.770000e-06	-1.955344e-03	-2.138796e+00
4.780000e-06	-3.464361e-03	-2.041580e+00
4.790000e-06	-1.906673e-03	-1.936843e+00
4.800000e-06	2.315746e-03	-1.831606e+00
4.810000e-06	1.215832e-04	-1.728213e+00
4.820000e-06	-1.906172e-03	-1.611605e+00
4.830000e-06	-3.433945e-03	-1.567217e+00
4.840000e-06	-1.224287e-03	-1.429976e+00
4.850000e-06	-1.098845e-03	-1.222054e+00
4.860000e-06	-3.894322e-03	-1.126267e+00
4.870000e-06	-5.453110e-03	-1.020974e+00
4.880000e-06	-3.593687e-03	-8.842104e-01
4.890000e-06	1.947016e-04	-7.995236e-01
4.900000e-06	-5.821093e-04	-6.857154e-01
4.910000e-06	-2.692663e-03	-5.368192e-01
4.920000e-06	-4.767017e-03	-4.009511e-01
4.930000e-06	-3.888010e-03	-3.572680e-01
4.940000e-06	-1.522515e-03	-2.195023e-01
4.950000e-06	-3.478696e-03	-1.152367e-01
4.960000e-06	-2.755974e-03	-1.055244e-02
4.970000e-06	-2.429145e-03	7.428948e-02
4.980000e-06	2.009843e-04	2.306730e-01
4.990000e-06	-2.125930e-04	3.879200e-01
5.000000e-06	-3.050151e-03	4.211291e-01
5.010000e-06	-4.391421e-03	5.267884e-01
5.020000e-06	-3.214860e-03	6.316280e-01
5.030000e-06	7.501292e-03	7.164161e-01
5.040000e-06	3.848233e-02	8.921618e-01
5.050000e-06	1.708369e-02	1.020549e+00
5.060000e-06	-3.907396e-02	1.219998e+00
5.070000e-06	-9.939364e-02	1.317815e+00
5.080000e-06	1.137601e-02	1.368972e+00
5.090000e-06	7.757718e-02	1.525412e+00
5.100000e-06	-2.158343e-02	1.714231e+00
5.110000e-06	-1.076977e-01	1.765846e+00
5.120000e-06	9.901064e-02	1.842601e+00
5.130000e-06	-3.434121e-02	1.968370e+00
5.140000e-06	-6.500344e-02	2.000503e+00
5.150000e-06	1.021008e-01	2.044260e+00
5.160000e-06	-2.333108e-02	2.231683e+00
5.170000e-06	-1.401739e-01	2.388897e+00
5.180000e-06	7.368191e-02	2.401001e+00
5.190000e-06	8.079960e-02	2.535766e+00
5.200000e-06	-8.209290e-02	2.674788e+00
5.210000e-06	-1.804069e-02	2.799551e+00
5.220000e-06	-6.147254e-03	2.906312e+00
5.230000e-06	1.266450e-02	2.986872e+00
5.240000e-06	2.732217e-02	3.043658e+00
5.250000e-06	-3.181084e-02	3.167946e+00
5.260000e-06	-5.592612e-02	3.232182e+00
5.270000e-06	4.512428e-02	3.355794e+00
5.280000e-06	4.908494e-03	3.443233e+00
5.290000e-06	-1.094081e-02	3.598872e+00
5.300000e-06	-1.841747e-02	3.663208e+00
5.310000e-06	-5.469057e-02	3.768020e+00
5.320000e-06	2.653670e-02	3.821108e+00
5.330000e-06	3.937020e-02	3.926263e+00
5.340000e-06	-2.662631e-02	4.001527e+00
5.350000e-06	-5.506801e-02	4.053682e+00
5.360000e-06	1.527907e-02	4.179373e+00
5.370000e-06	2.117345e-02	4.295139e+00
5.380000e-06	-3.927872e-03	4.379494e+00
5.390000e-06	-4.018831e-02	4.442110e+00
5.400000e-06	-2.944267e-02	4.536792e+00
5.410000e-06	1.589290e-02	4.600500e+00
5.420000e-06	1.940043e-02	4.674108e+00
5.430000e-06	-1.170773e-02	4.787916e+00
5.440000e-06	-4.574535e-02	4.790076e+00
5.450000e-06	-3.695525e-03	4.882083e+00
5.460000e-06	1.339033e-02	4.979048e+00
5.470000e-06	4.941644e-03	5.105766e+00
5.480000e-06	-3.415251e-02	5.168898e+00
5.490000e-06	-3.238359e-02	5.221629e+00
5.500000e-06	8.387552e-03	5.302782e+00
5.510000e-06	1.486108e-02	5.368417e+00
5.520000e-06	-1.160559e-02	5.430000e+00
5.530000e-06	-3.724277e-02	5.463558e+00
5.540000e-06	-1.406644e-02	5.537369e+00
5.550000e-06	6.650659e-03	5.565967e+00
5.560000e-06	6.542550e-03	5.589922e+00
5.570000e-06	-2.773102e-02	5.612551e+00
5.580000e-06	-3.122862e-02	5.653607e+00
5.590000e-06	-4.512116e-03	5.737338e+00
5.600000e-06	1.081144e-02	5.787344e+00
5.610000e-06	-8.462630e-03	5.800608e+00
5.620000e-06	-3.405160e-02	5.926315e+00
5.630000e-06	-1.859544e-02	5.976871e+00
5.640000e-06	1.970570e-03	5.978947e+00
5.650000e-06	2.785504e-03	6.020001e+00
5.660000e-06	-2.307289e-02	6.000000e+00
5.670000e-06	-2.977936e-02	6.030532e+00
5.680000e-06	-1.237693e-02	6.041128e+00
5.690000e-06	1.269101e-03	6.071631e+00
5.700000e-06	-8.060515e-03	6.082681e+00
5.710000e-06	-2.782031e-02	6.107212e+00
5.720000e-06	-2.227579e-02	6.087790e+00
5.730000e-06	-7.045410e-03	6.136841e+00
5.740000e-06	2.037297e-04	6.136916e+00
5.750000e-06	-1.901528e-02	6.115966e+00
5.760000e-06	-3.042438e-02	6.139917e+00
5.770000e-06	-1.916939e-02	6.178399e+00
5.780000e-06	-4.139273e-03	6.159416e+00
5.790000e-06	-8.906609e-03	6.176924e+00
5.800000e-06	-2.623563e-02	6.107470e+00
5.810000e-06	-2.568094e-02	6.147948e+00
5.820000e-06	-1.316598e-02	6.139392e+00
5.830000e-06	-4.912025e-03	6.137866e+00
5.840000e-06	-1.776646e-02	6.136266e+00
5.850000e-06	-2.884456e-02	6.065761e+00
5.860000e-06	-2.266499e-02	6.075609e+00
5.870000e-06	-9.796790e-03	6.053663e+00
5.880000e-06	-1.080920e-02	6.032606e+00
5.890000e-06	-2.503600e-02	6.032130e+00
5.900000e-06	-2.866259e-02	6.010550e+00
5.910000e-06	-1.909336e-02	6.000475e+00
5.920000e-06	-9.026813e-03	5.990947e+00
5.930000e-06	-1.795518e-02	5.967944e+00
5.940000e-06	-2.769765e-02	5.946341e+00
5.950000e-06	-2.563122e-02	5.865791e+00
5.960000e-06	-1.357851e-02	5.852279e+00
5.970000e-06	-1.217501e-02	5.748964e+00
5.980000e-06	-2.349438e-02	5.693784e+00
5.990000e-06	-2.754761e-02	5.621579e+00
6.000000e-06	-2.130193e-02	5.620027e+00
6.010000e-06	-1.183207e-02	5.599022e+00
6.020000e-06	-1.742439e-02	5.547317e+00
6.030000e-06	-2.532436e-02	5.463233e+00
6.040000e-06	-2.634371e-02	5.442579e+00
6.050000e-06	-1.620215e-02	5.379499e+00
6.060000e-06	-1.224186e-02	5.346371e+00
6.070000e-06	-1.993816e-02	5.213656e+00
6.080000e-06	-2.670012e-02	5.210501e+00
6.090000e-06	-2.153805e-02	5.138287e+00
6.100000e-06	-1.361871e-02	5.012205e+00
6.110000e-06	-1.442711e-02	4.916287e+00
6.120000e-06	-2.143378e-02	4.840007e+00
6.130000e-06	-2.236875e-02	4.779525e+00
6.140000e-06	-1.640796e-02	4.755786e+00
6.150000e-06	-1.080191e-02	4.631676e+00
6.160000e-06	-1.600407e-02	4.559446e+00
6.170000e-06	-2.098866e-02	4.475160e+00
6.180000e-06	-1.870963e-02	4.431100e+00
6.190000e-06	-1.164119e-02	4.419973e+00
6.200000e-06	-1.091041e-02	4.336283e+00
6.210000e-06	-1.656864e-02	4.187544e+00
6.220000e-06	-1.956662e-02	4.052683e+00
6.230000e-06	-1.455464e-02	3.999422e+00
6.240000e-06	-8.739114e-03	3.884765e+00
6.250000e-06	-1.077398e-02	3.822031e+00
6.260000e-06	-1.538445e-02	3.757370e+00
6.270000e-06	-1.529845e-02	3.632159e+00
6.280000e-06	-9.275162e-03	3.589974e+00
6.290000e-06	-7.671804e-03	3.545766e+00
6.300000e-06	-1.148352e-02	3.420968e+00
6.310000e-06	-1.543332e-02	3.243105e+00
6.320000e-06	-1.265153e-02	3.179895e+00
6.330000e-06	-7.177319e-03	3.074684e+00
6.340000e-06	-8.851687e-03	3.022000e+00
6.350000e-06	-1.112510e-02	2.876710e+00
6.360000e-06	-1.215261e-02	2.799474e+00
6.370000e-06	-7.889075e-03	2.767813e+00
6.380000e-06	-5.469931e-03	2.628946e+00
6.390000e-06	-7.850341e-03	2.453505e+00
6.400000e-06	-1.146455e-02	2.308419e+00
6.410000e-06	-9.863133e-03	2.232109e+00
6.420000e-06	-7.148773e-03	2.146868e+00
6.430000e-06	-6.213032e-03	2.042131e+00
6.440000e-06	-8.604226e-03	1.977893e+00
6.450000e-06	-9.421622e-03	1.863236e+00
6.460000e-06	-6.035122e-03	1.707414e+00
6.470000e-06	-4.289072e-03	1.630023e+00
6.480000e-06	-5.053188e-03	1.496238e+00
6.490000e-06	-7.897912e-03	1.339472e+00
6.500000e-06	-7.809448e-03	1.243683e+00
6.510000e-06	-6.463150e-03	1.126467e+00
6.520000e-06	-6.454085e-03	9.289746e-01
6.530000e-06	-7.237300e-03	8.316813e-01
6.540000e-06	-7.142437e-03	7.378408e-01
6.550000e-06	-4.940233e-03	6.331814e-01
6.560000e-06	-3.070810e-03	5.763667e-01
6.570000e-06	-3.699368e-03	4.331288e-01
6.580000e-06	-5.469645e-03	3.473668e-01
6.590000e-06	-6.386171e-03	1.794236e-01
6.600000e-06	-4.554662e-03	5.313414e-02
6.610000e-06	-3.369471e-03	-6.157933e-02
6.620000e-06	-2.924926e-03	-1.578449e-01
6.630000e-06	-2.012457e-03	-2.421304e-01
6.640000e-06	-2.316161e-03	-3.479162e-01
6.650000e-06	-1.628174e-04	-4.105529e-01
6.660000e-06	-1.237557e-03	-5.269159e-01
6.670000e-06	-3.345177e-03	-7.032384e-01
6.680000e-06	-2.149405e-03	-7.894226e-01
6.690000e-06	1.475487e-02	-8.836332e-01
6.700000e-06	5.518460e-02	-9.694489e-01
6.710000e-06	-1.388142e-02	-1.187873e+00
6.720000e-06	-5.549703e-02	-1.449103e+00
6.730000e-06	-8.599237e-02	-1.566845e+00
6.740000e-06	9.203315e-02	-1.482821e+00
6.750000e-06	3.970389e-02	-1.557423e+00
6.760000e-06	-1.088149e-01	-1.798375e+00
6.770000e-06	4.411812e-02	-1.863532e+00
6.780000e-06	3.619341e-02	-1.831709e+00
6.790000e-06	-7.318631e-02	-2.030628e+00
6.800000e-06	2.918299e-02	-2.241052e+00
6.810000e-06	9.957518e-02	-2.284795e+00
6.820000e-06	-1.303427e-01	-2.399452e+00
6.830000e-06	-4.118814e-02	-2.503764e+00
6.840000e-06	1.556852e-01	-2.597927e+00
6.850000e-06	-1.621396e-02	-2.735265e+00
6.860000e-06	-9.171679e-02	-2.799971e+00
6.870000e-06	5.153414e-02	-2.852158e+00
6.880000e-06	-2.225365e-02	-3.052531e+00
6.890000e-06	3.769251e-02	-3.188897e+00
6.900000e-06	2.048531e-02	-3.221103e+00
6.910000e-06	-9.247505e-02	-3.347341e+00
6.920000e-06	3.711579e-02	-3.422001e+00
6.930000e-06	5.691185e-02	-3.484140e+00
6.940000e-06	-3.680026e-02	-3.589098e+00
6.950000e-06	2.481854e-02	-3.614059e+00
6.960000e-06	-2.648598e-02	-3.717424e+00
6.970000e-06	-4.176434e-02	-3.946339e+00
6.980000e-06	9.136639e-02	-3.999473e+00
6.990000e-06	-4.349071e-03	-4.105232e+00
7.000000e-06	-5.016554e-02	-4.168399e+00
7.010000e-06	7.003617e-03	-4.209578e+00
7.020000e-06	1.551114e-02	-4.346337e+00
7.030000e-06	3.738799e-02	-4.399450e+00
7.040000e-06	-2.406457e-02	-4.401056e+00
7.050000e-06	-3.303810e-02	-4.535794e+00
7.060000e-06	2.068114e-02	-4.661604e+00
7.070000e-06	2.656555e-02	-4.724795e+00
7.080000e-06	1.793876e-02	-4.736867e+00
7.090000e-06	-2.269859e-02	-4.822683e+00
7.100000e-06	-1.888349e-02	-4.986371e+00
7.110000e-06	2.842250e-02	-5.009551e+00
7.120000e-06	1.572539e-02	-5.093208e+00
7.130000e-06	-2.582812e-03	-5.107416e+00
7.140000e-06	-1.691863e-02	-5.179999e+00
7.150000e-06	-6.424934e-03	-5.273137e+00
7.160000e-06	4.123773e-02	-5.406969e+00
7.170000e-06	7.731885e-03	-5.485804e+00
7.180000e-06	-1.189647e-02	-5.567920e+00
7.190000e-06	-9.500713e-03	-5.598924e+00
7.200000e-06	6.594630e-03	-5.619551e+00
7.210000e-06	3.096308e-02	-5.703683e+00
7.220000e-06	-2.524804e-03	-5.706262e+00
7.230000e-06	-1.303192e-02	-5.777371e+00
7.240000e-06	-4.106134e-04	-5.800049e+00
7.250000e-06	2.209754e-02	-5.862108e+00
7.260000e-06	2.100781e-02	-5.905815e+00
7.270000e-06	-9.048914e-03	-5.936843e+00
7.280000e-06	-1.117330e-02	-5.969897e+00
7.290000e-06	1.427593e-02	-5.990021e+00
7.300000e-06	2.133652e-02	-6.001000e+00
7.310000e-06	8.464678e-03	-6.011553e+00
7.320000e-06	-1.034323e-02	-6.041255e+00
7.330000e-06	-1.053471e-03	-6.052660e+00
7.340000e-06	2.131468e-02	-6.064258e+00
7.350000e-06	1.652682e-02	-6.123816e+00
7.360000e-06	3.814008e-03	-6.129449e+00
7.370000e-06	-5.297279e-03	-6.170049e+00
7.380000e-06	9.153948e-03	-6.229532e+00
7.390000e-06	2.230334e-02	-6.240982e+00
7.400000e-06	1.223532e-02	-6.225158e+00
7.410000e-06	-2.750360e-03	-6.332684e+00
7.420000e-06	-2.024052e-03	-6.263712e+00
7.430000e-06	1.793296e-02	-6.295283e+00
7.440000e-06	2.130098e-02	-6.264711e+00
7.450000e-06	8.926305e-03	-6.316811e+00
7.460000e-06	-1.319113e-03	-6.256160e+00
7.470000e-06	7.722175e-03	-6.313786e+00
7.480000e-06	1.911515e-02	-6.242109e+00
7.490000e-06	1.619481e-02	-6.293253e+00
7.500000e-06	3.918513e-03	-6.232227e+00
7.510000e-06	3.291263e-03	-6.238505e+00
7.520000e-06	1.529445e-02	-6.238975e+00
7.530000e-06	2.355687e-02	-6.156347e+00
7.540000e-06	1.350578e-02	-6.096394e+00
7.550000e-06	2.372824e-03	-6.054136e+00
7.560000e-06	7.281739e-03	-6.052159e+00
7.570000e-06	1.858622e-02	-6.021080e+00
7.580000e-06	1.894702e-02	-6.010025e+00
7.590000e-06	9.731352e-03	-5.990524e+00
7.600000e-06	5.888208e-03	-5.968922e+00
7.610000e-06	1.527389e-02	-5.957846e+00
7.620000e-06	2.110604e-02	-5.945292e+00
7.630000e-06	1.536251e-02	-5.884737e+00
7.640000e-06	4.873234e-03	-5.821479e+00
7.650000e-06	6.308892e-03	-5.789523e+00
7.660000e-06	1.670256e-02	-5.777795e+00
7.670000e-06	1.971467e-02	-5.663713e+00
7.680000e-06	1.349306e-02	-5.681654e+00
7.690000e-06	7.519181e-03	-5.630075e+00
7.700000e-06	1.370768e-02	-5.577924e+00
7.710000e-06	1.946654e-02	-5.535838e+00
7.720000e-06	1.510849e-02	-5.402054e+00
7.730000e-06	4.877919e-03	-5.307846e+00
7.740000e-06	5.533138e-03	-5.232683e+00
7.750000e-06	1.253874e-02	-5.218999e+00
7.760000e-06	1.794487e-02	-5.146321e+00
7.770000e-06	1.256835e-02	-5.063687e+00
7.780000e-06	6.811146e-03	-5.009024e+00
7.790000e-06	9.059592e-03	-4.924189e+00
7.800000e-06	1.384332e-02	-4.788571e+00
7.810000e-06	1.319667e-02	-4.714258e+00
7.820000e-06	4.981397e-03	-4.651106e+00
7.830000e-06	2.673544e-03	-4.568550e+00
7.840000e-06	8.382423e-03	-4.475734e+00
7.850000e-06	1.326802e-02	-4.431106e+00
7.860000e-06	9.884677e-03	-4.399997e+00
7.870000e-06	4.216827e-03	-4.295263e+00
7.880000e-06	4.884635e-03	-4.221024e+00
7.890000e-06	8.945954e-03	-4.178367e+00
7.900000e-06	8.280969e-03	-4.032130e+00
7.910000e-06	3.389520e-03	-4.000027e+00
7.920000e-06	-4.469426e-04	-3.945711e+00
7.930000e-06	4.086669e-03	-3.780972e+00
7.940000e-06	7.907432e-03	-3.663185e+00
7.950000e-06	7.179532e-03	-3.578501e+00
7.960000e-06	7.630158e-04	-3.517187e+00
7.970000e-06	7.118096e-04	-3.400525e+00
7.980000e-06	4.688763e-03	-3.317363e+00
7.990000e-06	6.829810e-03	-3.241053e+00
8.000000e-06	2.114772e-03	-3.139397e+00
8.010000e-06	-1.480942e-04	-3.022055e+00
8.020000e-06	-4.431716e-04	-2.874211e+00
8.030000e-06	4.051952e-03	-2.778450e+00
8.040000e-06	2.017099e-03	-2.706210e+00
8.050000e-06	-1.983511e-03	-2.599551e+00
8.060000e-06	-1.751675e-03	-2.484158e+00
8.070000e-06	-6.294466e-04	-2.409526e+00
8.080000e-06	2.827876e-03	-2.305209e+00
8.090000e-06	1.463747e-03	-2.206770e+00
8.100000e-06	-1.587491e-03	-2.032055e+00
8.110000e-06	-3.759538e-03	-1.947866e+00
8.120000e-06	2.109784e-04	-1.854106e+00
8.130000e-06	1.646016e-03	-1.765842e+00
8.140000e-06	-1.495661e-03	-1.621553e+00
8.150000e-06	-4.246325e-03	-1.537321e+00
8.160000e-06	-2.506659e-03	-1.427506e+00
8.170000e-06	2.818341e-04	-1.271108e+00
8.180000e-06	9.139857e-04	-1.115812e+00
8.190000e-06	-3.493019e-03	-9.795563e-01
8.200000e-06	-5.591213e-03	-9.151602e-01
8.210000e-06	-3.406077e-03	-8.010249e-01
8.220000e-06	-1.357879e-03	-7.242403e-01
8.230000e-06	-1.701730e-03	-5.643981e-01
8.240000e-06	-4.423146e-03	-4.215289e-01
8.250000e-06	-6.012801e-03	-2.962419e-01
8.260000e-06	-3.127391e-03	-2.420763e-01
8.270000e-06	-8.149230e-04	-1.153156e-01
8.280000e-06	-4.714120e-04	-1.957994e-02
8.290000e-06	-1.903817e-03	6.363552e-02
8.300000e-06	-3.125318e-03	1.985479e-01
8.310000e-06	-6.065432e-04	3.478173e-01
8.320000e-06	-1.531553e-03	4.210553e-01
8.330000e-06	-3.029794e-03	5.162122e-01
8.340000e-06	-4.802033e-03	6.120805e-01
8.350000e-06	4.604624e-03	7.363899e-01
8.360000e-06	3.522187e-02	8.125593e-01
8.370000e-06	2.503735e-02	1.041650e+00
8.380000e-06	-3.592305e-02	1.239598e+00
8.390000e-06	-9.621301e-02	1.326288e+00
8.400000e-06	-1.175965e-02	1.388948e+00
8.410000e-06	8.843311e-02	1.483663e+00
8.420000e-06	-7.096124e-03	1.683648e+00
8.430000e-06	-1.238794e-01	1.738293e+00
8.440000e-06	9.114586e-02	1.811099e+00
8.450000e-06	-2.242390e-02	1.928443e+00
8.460000e-06	-6.659355e-02	2.030526e+00
8.470000e-06	8.850855e-02	2.044684e+00
8.480000e-06	1.839714e-03	2.231103e+00
8.490000e-06	-1.476674e-01	2.358469e+00
8.500000e-06	5.155804e-02	2.421025e+00
8.510000e-06	9.580719e-02	2.485261e+00
8.520000e-06	-7.147256e-02	2.663186e+00
8.530000e-06	-3.351411e-02	2.808948e+00
8.540000e-06	-2.386277e-03	2.904736e+00
8.550000e-06	8.230826e-03	2.966445e+00
8.560000e-06	2.721953e-02	3.062659e+00
8.570000e-06	-2.135558e-02	3.137418e+00
8.580000e-06	-6.667923e-02	3.220153e+00
8.590000e-06	4.418248e-02	3.377345e+00
8.600000e-06	9.458198e-03	3.415205e+00
8.610000e-06	-8.846964e-03	3.588970e+00
8.620000e-06	-1.973672e-02	3.641631e+00
8.630000e-06	-5.253826e-02	3.787396e+00
8.640000e-06	1.481124e-02	3.822106e+00
8.650000e-06	4.433714e-02	3.896785e+00
8.660000e-06	-1.880727e-02	3.979975e+00
8.670000e-06	-6.010539e-02	4.032206e+00
8.680000e-06	1.178261e-02	4.186950e+00
8.690000e-06	2.170283e-02	4.275730e+00
8.700000e-06	9.820019e-04	4.359520e+00
8.710000e-06	-4.212871e-02	4.471103e+00
8.720000e-06	-3.099986e-02	4.546441e+00
8.730000e-06	1.051266e-02	4.611024e+00
8.740000e-06	2.423417e-02	4.672130e+00
8.750000e-06	-8.719843e-03	4.758392e+00
8.760000e-06	-4.638840e-02	4.800001e+00
8.770000e-06	-7.637807e-03	4.892731e+00
8.780000e-06	1.268863e-02	4.997399e+00
8.790000e-06	8.120838e-03	5.043281e+00
8.800000e-06	-3.318358e-02	5.177470e+00
8.810000e-06	-3.250602e-02	5.220580e+00
8.820000e-06	2.414810e-03	5.315260e+00
8.830000e-06	1.799253e-02	5.368394e+00
8.840000e-06	-8.758246e-03	5.410070e+00
8.850000e-06	-3.666461e-02	5.443607e+00
8.860000e-06	-1.774679e-02	5.545737e+00
8.870000e-06	5.191109e-03	5.558370e+00
8.880000e-06	1.110443e-02	5.589495e+00
8.890000e-06	-2.471549e-02	5.631528e+00
8.900000e-06	-3.182733e-02	5.673183e+00
8.910000e-06	-1.080477e-02	5.704836e+00
8.920000e-06	1.211248e-02	5.785494e+00
8.930000e-06	-4.192251e-03	5.812652e+00
8.940000e-06	-3.286428e-02	5.896262e+00
8.950000e-06	-2.363938e-02	5.947965e+00
8.960000e-06	-6.958236e-04	5.969473e+00
8.970000e-06	5.617068e-03	5.989499e+00
8.980000e-06	-2.064479e-02	6.010024e+00
8.990000e-06	-3.084383e-02	6.010028e+00
9.000000e-06	-1.626762e-02	6.031579e+00
9.010000e-06	2.786914e-03	6.063132e+00
9.020000e-06	-5.697228e-03	6.085233e+00
9.030000e-06	-2.611166e-02	6.075756e+00
9.040000e-06	-2.612341e-02	6.096318e+00
9.050000e-06	-9.266155e-03	6.156990e+00
9.060000e-06	1.655825e-03	6.127791e+00
9.070000e-06	-1.610411e-02	6.166918e+00
9.080000e-06	-3.084932e-02	6.168420e+00
9.090000e-06	-2.158804e-02	6.169372e+00
9.100000e-06	-3.943957e-03	6.157969e+00
9.110000e-06	-6.150354e-03	6.178444e+00
9.120000e-06	-2.460135e-02	6.149445e+00
9.130000e-06	-2.799820e-02	6.158416e+00
9.140000e-06	-1.638036e-02	6.178892e+00
9.150000e-06	-5.528405e-03	6.117338e+00
9.160000e-06	-1.679163e-02	6.117363e+00
9.170000e-06	-2.819872e-02	6.125737e+00
9.180000e-06	-2.474087e-02	6.074765e+00
9.190000e-06	-9.947579e-03	6.076236e+00
9.200000e-06	-8.225951e-03	6.012654e+00
9.210000e-06	-2.259894e-02	6.020601e+00
9.220000e-06	-2.983908e-02	6.011001e+00
9.230000e-06	-2.110133e-02	6.001000e+00
9.240000e-06	-9.387818e-03	5.989974e+00
9.250000e-06	-1.572478e-02	5.968445e+00
9.260000e-06	-2.675050e-02	5.935790e+00
9.270000e-06	-2.697551e-02	5.894841e+00
9.280000e-06	-1.567406e-02	5.844229e+00
9.290000e-06	-1.148947e-02	5.729539e+00
9.300000e-06	-2.122259e-02	5.673760e+00
9.310000e-06	-2.811786e-02	5.632653e+00
9.320000e-06	-2.295175e-02	5.610604e+00
9.330000e-06	-1.268259e-02	5.568500e+00
9.340000e-06	-1.526918e-02	5.537394e+00
9.350000e-06	-2.446928e-02	5.486309e+00
9.360000e-06	-2.676455e-02	5.431153e+00
9.370000e-06	-1.674416e-02	5.388500e+00
9.380000e-06	-1.208900e-02	5.348368e+00
9.390000e-06	-1.786528e-02	5.265659e+00
9.400000e-06	-2.575307e-02	5.191128e+00
9.410000e-06	-2.185240e-02	5.107897e+00
9.420000e-06	-1.409765e-02	5.042082e+00
9.430000e-06	-1.322344e-02	4.885210e+00
9.440000e-06	-2.165894e-02	4.832079e+00
9.450000e-06	-2.420257e-02	4.798449e+00
9.460000e-06	-1.721413e-02	4.705813e+00
9.470000e-06	-1.067326e-02	4.641654e+00
9.480000e-06	-1.524260e-02	4.559949e+00
9.490000e-06	-2.080884e-02	4.507233e+00
9.500000e-06	-1.877254e-02	4.432526e+00
9.510000e-06	-1.089542e-02	4.389973e+00
9.520000e-06	-9.818378e-03	4.345340e+00
9.530000e-06	-1.581543e-02	4.169025e+00
9.540000e-06	-2.033762e-02	4.054609e+00
9.550000e-06	-1.453856e-02	3.989472e+00
9.560000e-06	-9.058769e-03	3.916288e+00
9.570000e-06	-1.115775e-02	3.821554e+00
9.580000e-06	-1.621122e-02	3.768372e+00
9.590000e-06	-1.602539e-02	3.663633e+00
9.600000e-06	-1.017144e-02	3.589996e+00
9.610000e-06	-7.478549e-03	3.506318e+00
9.620000e-06	-1.172021e-02	3.389896e+00
9.630000e-06	-1.570683e-02	3.213660e+00
9.640000e-06	-1.217243e-02	3.198919e+00
9.650000e-06	-7.487434e-03	3.063809e+00
9.660000e-06	-7.617231e-03	3.001002e+00
9.670000e-06	-1.232688e-02	2.885237e+00
9.680000e-06	-1.339985e-02	2.782000e+00
9.690000e-06	-7.613791e-03	2.747289e+00
9.700000e-06	-6.428516e-03	2.560971e+00
9.710000e-06	-7.027359e-03	2.425156e+00
9.720000e-06	-1.133997e-02	2.368971e+00
9.730000e-06	-9.820823e-03	2.244154e+00
9.740000e-06	-7.597693e-03	2.127938e+00
9.750000e-06	-6.774900e-03	2.062105e+00
9.760000e-06	-8.929279e-03	1.999821e+00
9.770000e-06	-1.075430e-02	1.824054e+00
9.780000e-06	-7.246866e-03	1.717366e+00
9.790000e-06	-3.983822e-03	1.624055e+00
9.800000e-06	-4.536320e-03	1.486237e+00
9.810000e-06	-7.511698e-03	1.339495e+00
9.820000e-06	-7.735117e-03	1.264159e+00
9.830000e-06	-5.490679e-03	1.157970e+00
9.840000e-06	-5.078837e-03	1.022024e+00
9.850000e-06	-7.297136e-03	8.736814e-01
9.860000e-06	-8.033227e-03	7.678947e-01
9.870000e-06	-5.812923e-03	6.821088e-01
9.880000e-06	-2.957092e-03	5.373394e-01
9.890000e-06	-2.326560e-03	4.416038e-01
9.900000e-06	-5.739356e-03	3.478443e-01
9.910000e-06	-6.289514e-03	2.204797e-01
9.920000e-06	-4.566438e-03	3.515896e-02
9.930000e-06	-2.910999e-03	-3.055276e-02
9.940000e-06	-3.053500e-03	-1.353961e-01
9.950000e-06	-1.820931e-03	-1.999802e-01
9.960000e-06	-2.761625e-03	-3.478687e-01
9.970000e-06	3.217270e-04	-4.100516e-01
9.980000e-06	3.075989e-05	-5.257650e-01
9.990000e-06	-2.501270e-03	-7.142384e-01
1.000000e-05	-3.087037e-03	-7.789501e-01
1.001000e-05	1.045431e-02	-8.517331e-01
1.002000e-05	5.435835e-02	-9.393737e-01
1.003000e-05	-5.712260e-03	-1.137340e+00
1.004000e-05	-5.003117e-02	-1.380452e+00
1.005000e-05	-9.897397e-02	-1.566818e+00
1.006000e-05	8.785504e-02	-1.505716e+00
1.007000e-05	4.378843e-02	-1.577895e+00
1.008000e-05	-9.661244e-02	-1.787393e+00
1.009000e-05	2.505533e-02	-1.863581e+00
1.010000e-05	5.866220e-02	-1.843104e+00
1.011000e-05	-6.608074e-02	-1.990500e+00
1.012000e-05	4.828680e-03	-2.231423e+00
1.013000e-05	1.167966e-01	-2.293185e+00
1.014000e-05	-1.115332e-01	-2.359922e+00
1.015000e-05	-8.231908e-02	-2.486715e+00
1.016000e-05	1.507008e-01	-2.598299e+00
1.017000e-05	2.984341e-03	-2.702712e+00
1.018000e-05	-1.050737e-01	-2.799422e+00
1.019000e-05	4.933228e-02	-2.832107e+00
1.020000e-05	-1.833241e-02	-3.042104e+00
1.021000e-05	2.835477e-02	-3.177870e+00
1.022000e-05	3.391584e-02	-3.199975e+00
1.023000e-05	-8.814570e-02	-3.337266e+00
1.024000e-05	1.602716e-02	-3.390525e+00
1.025000e-05	7.130486e-02	-3.481662e+00
1.026000e-05	-3.915195e-02	-3.578947e+00
1.027000e-05	2.127946e-02	-3.642675e+00
1.028000e-05	-1.391856e-02	-3.705418e+00
1.029000e-05	-5.396998e-02	-3.914766e+00
1.030000e-05	8.802109e-02	-3.999475e+00
1.031000e-05	1.100767e-02	-4.113685e+00
1.032000e-05	-5.281770e-02	-4.147948e+00
1.033000e-05	2.763946e-03	-4.221553e+00
1.034000e-05	1.316186e-02	-4.305317e+00
1.035000e-05	3.702079e-02	-4.398973e+00
1.036000e-05	-1.738821e-02	-4.410603e+00
1.037000e-05	-3.800388e-02	-4.525840e+00
1.038000e-05	1.695813e-02	-4.628002e+00
1.039000e-05	2.855100e-02	-4.704860e+00
1.040000e-05	1.787537e-02	-4.767923e+00
1.041000e-05	-1.663565e-02	-4.821602e+00
1.042000e-05	-2.485885e-02	-4.956295e+00
1.043000e-05	2.762442e-02	-5.008526e+00
1.044000e-05	1.749566e-02	-5.063182e+00
1.045000e-05	-2.010852e-03	-5.156871e+00
1.046000e-05	-1.506011e-02	-5.191025e+00
1.047000e-05	-1.164829e-02	-5.303636e+00
1.048000e-05	4.109685e-02	-5.386819e+00
1.049000e-05	1.062105e-02	-5.493811e+00
1.050000e-05	-1.096519e-02	-5.547896e+00
1.051000e-05	-1.090686e-02	-5.599974e+00
1.052000e-05	3.983813e-03	-5.600026e+00
1.053000e-05	3.045081e-02	-5.653209e+00
1.054000e-05	2.691838e-03	-5.766367e+00
1.055000e-05	-1.458923e-02	-5.768371e+00
1.056000e-05	-2.589778e-03	-5.799976e+00
1.057000e-05	2.056073e-02	-5.832129e+00
1.058000e-05	2.412556e-02	-5.904240e+00
1.059000e-05	-5.942604e-03	-5.978345e+00
1.060000e-05	-1.326920e-02	-5.948349e+00
1.061000e-05	1.321246e-02	-5.998999e+00
1.062000e-05	2.155893e-02	-5.991000e+00
1.063000e-05	1.172077e-02	-6.030079e+00
1.064000e-05	-1.000505e-02	-6.010632e+00
1.065000e-05	-3.923530e-03	-6.074184e+00
1.066000e-05	1.928103e-02	-6.064237e+00
1.067000e-05	1.747752e-02	-6.134845e+00
1.068000e-05	5.375456e-03	-6.197045e+00
1.069000e-05	-7.508294e-03	-6.187399e+00
1.070000e-05	6.864425e-03	-6.279932e+00
1.071000e-05	2.241852e-02	-6.241496e+00
1.072000e-05	1.481096e-02	-6.271076e+00
1.073000e-05	-2.111043e-04	-6.293227e+00
1.074000e-05	-3.277222e-03	-6.314036e+00
1.075000e-05	1.635226e-02	-6.294087e+00
1.076000e-05	2.063847e-02	-6.332714e+00
1.077000e-05	9.168283e-03	-6.273845e+00
1.078000e-05	-2.752337e-03	-6.301657e+00
1.079000e-05	5.731406e-03	-6.274711e+00
1.080000e-05	1.997958e-02	-6.303633e+00
1.081000e-05	1.854971e-02	-6.210704e+00
1.082000e-05	5.246280e-03	-6.229134e+00
1.083000e-05	1.670240e-03	-6.192533e+00
1.084000e-05	1.363314e-02	-6.179469e+00
1.085000e-05	2.145932e-02	-6.146895e+00
1.086000e-05	1.360341e-02	-6.138310e+00
1.087000e-05	1.687652e-03	-6.112785e+00
1.088000e-05	6.701917e-03	-6.063679e+00
1.089000e-05	2.025825e-02	-6.031628e+00
1.090000e-05	2.135492e-02	-6.020501e+00
1.091000e-05	1.023717e-02	-5.990474e+00
1.092000e-05	4.985490e-03	-5.987470e+00
1.093000e-05	1.320547e-02	-5.947420e+00
1.094000e-05	2.006628e-02	-5.933766e+00
1.095000e-05	1.538698e-02	-5.873663e+00
1.096000e-05	4.686320e-03	-5.831580e+00
1.097000e-05	7.220091e-03	-5.799453e+00
1.098000e-05	1.726110e-02	-5.767346e+00
1.099000e-05	2.050034e-02	-5.703315e+00
1.100000e-05	1.201038e-02	-5.641210e+00
1.101000e-05	5.792934e-03	-5.620079e+00
1.102000e-05	1.205480e-02	-5.579947e+00
1.103000e-05	1.835553e-02	-5.514791e+00
1.104000e-05	1.618207e-02	-5.462784e+00
1.105000e-05	6.785777e-03	-5.328018e+00
1.106000e-05	7.001641e-03	-5.262258e+00
1.107000e-05	1.375523e-02	-5.220053e+00
1.108000e-05	1.770635e-02	-5.137891e+00
1.109000e-05	1.223929e-02	-5.063157e+00
1.110000e-05	6.028290e-03	-5.000497e+00
1.111000e-05	8.308264e-03	-4.935736e+00
1.112000e-05	1.405746e-02	-4.800046e+00
1.113000e-05	1.372226e-02	-4.706688e+00
1.114000e-05	6.160274e-03	-4.641163e+00
1.115000e-05	3.700407e-03	-4.609000e+00
1.116000e-05	7.239703e-03	-4.493737e+00
1.117000e-05	1.350668e-02	-4.431081e+00
1.118000e-05	9.761730e-03	-4.388449e+00
1.119000e-05	3.304247e-03	-4.305739e+00
1.120000e-05	4.481338e-03	-4.213029e+00
1.121000e-05	8.926355e-03	-4.167444e+00
1.122000e-05	1.016757e-02	-4.084183e+00
1.123000e-05	4.288300e-03	-4.019526e+00
1.124000e-05	9.182404e-04	-3.964315e+00
1.125000e-05	3.415017e-03	-3.859945e+00
1.126000e-05	7.427447e-03	-3.682212e+00
1.127000e-05	6.467188e-03	-3.599975e+00
1.128000e-05	6.130364e-04	-3.515735e+00
1.129000e-05	4.121828e-04	-3.410104e+00
1.130000e-05	4.191189e-03	-3.336387e+00
1.131000e-05	6.575837e-03	-3.232104e+00
1.132000e-05	1.856394e-03	-3.180347e+00
1.133000e-05	-1.516497e-03	-3.082130e+00
1.134000e-05	-4.214891e-04	-2.914317e+00
1.135000e-05	4.074281e-03	-2.809979e+00
1.136000e-05	2.879270e-03	-2.723740e+00
1.137000e-05	-9.391439e-04	-2.631551e+00
1.138000e-05	-2.014963e-03	-2.496208e+00
1.139000e-05	6.375085e-04	-2.391553e+00
1.140000e-05	3.492755e-03	-2.335765e+00
1.141000e-05	-1.336749e-05	-2.178525e+00
1.142000e-05	-3.168866e-03	-2.023132e+00
1.143000e-05	-2.593131e-03	-1.977368e+00
1.144000e-05	1.051945e-03	-1.822583e+00
1.145000e-05	9.199990e-04	-1.766895e+00
1.146000e-05	-1.608367e-03	-1.634055e+00
1.147000e-05	-4.077640e-03	-1.607972e+00
1.148000e-05	-1.475727e-03	-1.420428e+00
1.149000e-05	-5.710869e-04	-1.261584e+00
1.150000e-05	-2.303852e-03	-1.128340e+00
1.151000e-05	-5.115770e-03	-1.020530e+00
1.152000e-05	-4.413803e-03	-9.268152e-01
1.153000e-05	-1.211023e-03	-8.115987e-01
1.154000e-05	-6.114633e-04	-7.372431e-01
1.155000e-05	-3.118273e-03	-5.793457e-01
1.156000e-05	-5.142128e-03	-4.221000e-01
1.157000e-05	-4.628903e-03	-3.569184e-01
1.158000e-05	-2.511709e-03	-2.115776e-01
1.159000e-05	-2.436024e-03	-1.053356e-01
1.160000e-05	-2.903717e-03	-3.117901e-02
1.161000e-05	-2.216307e-03	4.213183e-02
1.162000e-05	-1.427458e-03	1.904229e-01
1.163000e-05	1.195520e-04	3.268185e-01
1.164000e-05	-2.743816e-03	4.220267e-01
1.165000e-05	-4.926220e-03	5.258107e-01
1.166000e-05	-3.833078e-03	5.905291e-01
1.167000e-05	4.804941e-03	6.867634e-01
1.168000e-05	3.190484e-02	8.420291e-01
1.169000e-05	2.702893e-02	9.974715e-01
1.170000e-05	-3.144859e-02	1.231475e+00
1.171000e-05	-8.446707e-02	1.304792e+00
1.172000e-05	-3.132676e-02	1.379443e+00
1.173000e-05	9.169004e-02	1.452658e+00
1.174000e-05	1.599954e-03	1.652154e+00
1.175000e-05	-1.292834e-01	1.725770e+00
1.176000e-05	7.998431e-02	1.800052e+00
1.177000e-05	-7.636100e-03	1.947392e+00
1.178000e-05	-6.928143e-02	2.032003e+00
1.179000e-05	7.037083e-02	2.082709e+00
1.180000e-05	2.962352e-02	2.231074e+00
1.181000e-05	-1.482972e-01	2.347916e+00
1.182000e-05	2.359181e-02	2.389525e+00
1.183000e-05	1.078107e-01	2.477212e+00
1.184000e-05	-5.529550e-02	2.663602e+00
1.185000e-05	-4.650319e-02	2.789474e+00
1.186000e-05	2.844893e-03	2.864233e+00
1.187000e-05	3.097197e-03	3.019372e+00
1.188000e-05	2.605255e-02	3.012604e+00
1.189000e-05	-9.417382e-03	3.157917e+00
1.190000e-05	-7.471451e-02	3.221978e+00
1.191000e-05	3.694393e-02	3.325188e+00
1.192000e-05	1.279539e-02	3.435229e+00
1.193000e-05	-5.388795e-03	3.568920e+00
1.194000e-05	-1.771945e-02	3.631508e+00
1.195000e-05	-4.644673e-02	3.736417e+00
1.196000e-05	1.993090e-04	3.842525e+00
1.197000e-05	4.965256e-02	3.886263e+00
1.198000e-05	-1.114003e-02	3.979521e+00
1.199000e-05	-6.262034e-02	4.012608e+00
1.200000e-05	6.200233e-03	4.165895e+00
1.201000e-05	2.022874e-02	4.233056e+00
1.202000e-05	8.789093e-03	4.348895e+00
1.203000e-05	-3.958903e-02	4.431656e+00
1.204000e-05	-3.157877e-02	4.535716e+00
1.205000e-05	2.614247e-03	4.589026e+00
1.206000e-05	2.593686e-02	4.622154e+00
1.207000e-05	-4.938599e-03	4.756440e+00
1.208000e-05	-4.371630e-02	4.788998e+00
1.209000e-05	-1.213821e-02	4.831607e+00
1.210000e-05	1.045204e-02	4.968920e+00
1.211000e-05	1.264344e-02	5.065709e+00
1.212000e-05	-3.017334e-02	5.128939e+00
1.213000e-05	-3.360805e-02	5.211603e+00
1.214000e-05	-4.182696e-03	5.283733e+00
1.215000e-05	1.985388e-02	5.367419e+00
1.216000e-05	-6.012099e-03	5.400448e+00
1.217000e-05	-3.365156e-02	5.432106e+00
1.218000e-05	-2.055655e-02	5.545243e+00
1.219000e-05	1.635804e-03	5.558391e+00
1.220000e-05	1.103305e-02	5.589049e+00
1.221000e-05	-2.287664e-02	5.611526e+00
1.222000e-05	-3.181111e-02	5.634154e+00
1.223000e-05	-1.356735e-02	5.704736e+00
1.224000e-05	1.138493e-02	5.736869e+00
1.225000e-05	-3.150632e-03	5.790001e+00
1.226000e-05	-3.056836e-02	5.914782e+00
1.227000e-05	-2.417883e-02	5.937944e+00
1.228000e-05	-2.574118e-03	5.978947e+00
1.229000e-05	6.055247e-03	6.009973e+00
1.230000e-05	-1.908327e-02	6.019525e+00
1.231000e-05	-3.015728e-02	6.030554e+00
1.232000e-05	-1.826367e-02	6.033077e+00
1.233000e-05	1.604944e-03	6.043179e+00
1.234000e-05	-4.930345e-03	6.073711e+00
1.235000e-05	-2.471043e-02	6.066779e+00
1.236000e-05	-2.642749e-02	6.147266e+00
1.237000e-05	-1.006652e-02	6.146787e+00
1.238000e-05	6.633158e-04	6.146818e+00
1.239000e-05	-1.615114e-02	6.136841e+00
1.240000e-05	-2.940213e-02	6.168869e+00
1.241000e-05	-2.341209e-02	6.188944e+00
1.242000e-05	-5.239794e-03	6.158920e+00
1.243000e-05	-6.578709e-03	6.148394e+00
1.244000e-05	-2.227092e-02	6.138471e+00
1.245000e-05	-2.786686e-02	6.149894e+00
1.246000e-05	-1.586265e-02	6.147913e+00
1.247000e-05	-5.550200e-03	6.137794e+00
1.248000e-05	-1.583491e-02	6.156889e+00
1.249000e-05	-2.705547e-02	6.093256e+00
1.250000e-05	-2.611292e-02	6.096286e+00
1.251000e-05	-1.149113e-02	6.065729e+00
1.252000e-05	-9.837841e-03	6.032208e+00
1.253000e-05	-2.122404e-02	6.002104e+00
1.254000e-05	-2.831794e-02	6.021001e+00
1.255000e-05	-2.117958e-02	6.010500e+00
1.256000e-05	-1.023909e-02	6.000001e+00
1.257000e-05	-1.564976e-02	5.988996e+00
1.258000e-05	-2.590714e-02	5.948445e+00
1.259000e-05	-2.704506e-02	5.895863e+00
1.260000e-05	-1.612408e-02	5.832155e+00
1.261000e-05	-1.215697e-02	5.740498e+00
1.262000e-05	-2.015742e-02	5.694162e+00
1.263000e-05	-2.739469e-02	5.632630e+00
1.264000e-05	-2.332766e-02	5.601079e+00
1.265000e-05	-1.331784e-02	5.599947e+00
1.266000e-05	-1.580155e-02	5.548866e+00
1.267000e-05	-2.430850e-02	5.475289e+00
1.268000e-05	-2.692521e-02	5.452080e+00
1.269000e-05	-1.852382e-02	5.400499e+00
1.270000e-05	-1.286098e-02	5.299368e+00
1.271000e-05	-1.804319e-02	5.285733e+00
1.272000e-05	-2.477656e-02	5.201075e+00
1.273000e-05	-2.214979e-02	5.145940e+00
1.274000e-05	-1.349007e-02	5.054755e+00
1.275000e-05	-1.367849e-02	4.886866e+00
1.276000e-05	-1.977005e-02	4.861555e+00
1.277000e-05	-2.320886e-02	4.789922e+00
1.278000e-05	-1.691126e-02	4.736790e+00
1.279000e-05	-1.240122e-02	4.642653e+00
1.280000e-05	-1.489606e-02	4.570024e+00
1.281000e-05	-2.037877e-02	4.493234e+00
1.282000e-05	-2.024357e-02	4.431154e+00
1.283000e-05	-1.177565e-02	4.399921e+00
1.284000e-05	-1.138076e-02	4.298833e+00
1.285000e-05	-1.493037e-02	4.182551e+00
1.286000e-05	-1.838286e-02	4.083712e+00
1.287000e-05	-1.352063e-02	4.010500e+00
1.288000e-05	-1.091975e-02	3.936892e+00
1.289000e-05	-1.187388e-02	3.833104e+00
1.290000e-05	-1.555615e-02	3.769369e+00
1.291000e-05	-1.636485e-02	3.654184e+00
1.292000e-05	-1.086784e-02	3.619574e+00
1.293000e-05	-9.609234e-03	3.515768e+00
1.294000e-05	-1.066933e-02	3.400023e+00
1.295000e-05	-1.299825e-02	3.245179e+00
1.296000e-05	-1.017952e-02	3.178423e+00
1.297000e-05	-8.531113e-03	3.075737e+00
1.298000e-05	-9.522161e-03	2.992073e+00
1.299000e-05	-1.227226e-02	2.906192e+00
1.300000e-05	-1.233636e-02	2.811125e+00
1.301000e-05	-8.925907e-03	2.738414e+00
1.302000e-05	-7.641660e-03	2.582473e+00
1.303000e-05	-8.200804e-03	2.423210e+00
1.304000e-05	-9.790667e-03	2.377416e+00
1.305000e-05	-7.291838e-03	2.264183e+00
1.306000e-05	-6.981778e-03	2.179368e+00
1.307000e-05	-7.756697e-03	2.042608e+00
1.308000e-05	-9.721009e-03	1.969945e+00
1.309000e-05	-9.494040e-03	1.856189e+00
1.310000e-05	-6.926776e-03	1.757420e+00
1.311000e-05	-6.253590e-03	1.632655e+00
1.312000e-05	-6.522808e-03	1.516262e+00
1.313000e-05	-7.637525e-03	1.391006e+00
1.314000e-05	-6.010281e-03	1.266209e+00
1.315000e-05	-5.248682e-03	1.179894e+00
1.316000e-05	-5.342507e-03	1.013077e+00
1.317000e-05	-7.443437e-03	8.747365e-01
1.318000e-05	-7.439198e-03	7.788971e-01
1.319000e-05	-5.619787e-03	6.547025e-01
1.320000e-05	-3.765553e-03	5.388932e-01
1.321000e-05	-4.152068e-03	4.436575e-01
1.322000e-05	-5.621516e-03	3.479971e-01
1.323000e-05	-5.025188e-03	2.404837e-01
1.324000e-05	-3.043421e-03	9.376028e-02
1.325000e-05	-3.195748e-03	-5.670046e-05
1.326000e-05	-3.087466e-03	-8.529222e-02
1.327000e-05	-1.499861e-03	-2.125316e-01
1.328000e-05	-2.271445e-03	-3.273635e-01
1.329000e-05	-5.486221e-04	-4.099540e-01
1.330000e-05	-2.713649e-03	-5.157899e-01
1.331000e-05	-2.098539e-03	-6.937095e-01
1.332000e-05	-2.201980e-03	-7.684725e-01
1.333000e-05	8.586526e-03	-8.331319e-01
1.334000e-05	5.171720e-02	-9.473189e-01
1.335000e-05	2.725331e-03	-1.123791e+00
1.336000e-05	-4.419966e-02	-1.398420e+00
1.337000e-05	-1.057366e-01	-1.556370e+00
1.338000e-05	7.838856e-02	-1.505217e+00
1.339000e-05	4.709183e-02	-1.517371e+00
1.340000e-05	-7.761956e-02	-1.736266e+00
1.341000e-05	-3.931278e-03	-1.862682e+00
1.342000e-05	8.146743e-02	-1.831138e+00
1.343000e-05	-5.943269e-02	-1.988970e+00
1.344000e-05	-1.939902e-02	-2.239600e+00
1.345000e-05	1.289872e-01	-2.292189e+00
1.346000e-05	-9.075706e-02	-2.357995e+00
1.347000e-05	-1.216338e-01	-2.485263e+00
1.348000e-05	1.401295e-01	-2.588418e+00
1.349000e-05	2.543904e-02	-2.673788e+00
1.350000e-05	-1.137715e-01	-2.788021e+00
1.351000e-05	4.284400e-02	-2.791077e+00
1.352000e-05	-8.891715e-03	-2.987540e+00
1.353000e-05	1.787532e-02	-3.178867e+00
1.354000e-05	4.370084e-02	-3.180476e+00
1.355000e-05	-8.004996e-02	-3.325840e+00
1.356000e-05	-5.745398e-03	-3.410501e+00
1.357000e-05	8.355137e-02	-3.462160e+00
1.358000e-05	-3.924685e-02	-3.568393e+00
1.359000e-05	1.565307e-02	-3.662078e+00
1.360000e-05	-3.079369e-03	-3.755865e+00
1.361000e-05	-6.366897e-02	-3.915361e+00
1.362000e-05	8.006814e-02	-3.990000e+00
1.363000e-05	2.491490e-02	-4.072708e+00
1.364000e-05	-5.370157e-02	-4.167469e+00
1.365000e-05	-3.873426e-03	-4.199527e+00
1.366000e-05	1.342690e-02	-4.304790e+00
1.367000e-05	3.726530e-02	-4.389475e+00
1.368000e-05	-6.401919e-03	-4.430555e+00
1.369000e-05	-4.109207e-02	-4.486790e+00
1.370000e-05	1.256478e-02	-4.601134e+00
1.371000e-05	2.948645e-02	-4.694161e+00
1.372000e-05	1.767547e-02	-4.756897e+00
1.373000e-05	-1.205342e-02	-4.811478e+00
1.374000e-05	-3.182890e-02	-4.907845e+00
1.375000e-05	2.665275e-02	-5.021003e+00
1.376000e-05	2.063586e-02	-5.071633e+00
1.377000e-05	1.111994e-04	-5.177395e+00
1.378000e-05	-1.262763e-02	-5.189476e+00
1.379000e-05	-1.588542e-02	-5.233308e+00
1.380000e-05	3.812365e-02	-5.365836e+00
1.381000e-05	1.526663e-02	-5.421678e+00
1.382000e-05	-1.035915e-02	-5.567422e+00
1.383000e-05	-1.182806e-02	-5.588978e+00
1.384000e-05	1.961367e-03	-5.609025e+00
1.385000e-05	3.037998e-02	-5.683158e+00
1.386000e-05	9.031284e-03	-5.735766e+00
1.387000e-05	-1.503902e-02	-5.777941e+00
1.388000e-05	-4.937968e-03	-5.788951e+00
1.389000e-05	1.722800e-02	-5.802029e+00
1.390000e-05	2.650473e-02	-5.863712e+00
1.391000e-05	-2.292434e-03	-5.957341e+00
1.392000e-05	-1.635756e-02	-5.947970e+00
1.393000e-05	9.529905e-03	-5.968525e+00
1.394000e-05	2.155591e-02	-5.999499e+00
1.395000e-05	1.525989e-02	-6.010054e+00
1.396000e-05	-8.344285e-03	-6.021028e+00
1.397000e-05	-6.309424e-03	-6.064112e+00
1.398000e-05	1.800315e-02	-6.072188e+00
1.399000e-05	2.055624e-02	-6.114818e+00
1.400000e-05	8.463605e-03	-6.127447e+00
1.401000e-05	-7.631206e-03	-6.208928e+00
1.402000e-05	3.730691e-03	-6.210505e+00
1.403000e-05	2.082672e-02	-6.208682e+00
1.404000e-05	1.712775e-02	-6.271632e+00
1.405000e-05	4.895314e-04	-6.254733e+00
1.406000e-05	-4.811695e-03	-6.303210e+00
1.407000e-05	1.255134e-02	-6.314713e+00
1.408000e-05	2.231901e-02	-6.285911e+00
1.409000e-05	1.353690e-02	-6.324693e+00
1.410000e-05	-8.476198e-04	-6.321307e+00
1.411000e-05	2.965703e-03	-6.274712e+00
1.412000e-05	1.828986e-02	-6.273708e+00
1.413000e-05	1.855578e-02	-6.251704e+00
1.414000e-05	6.664682e-03	-6.251632e+00
1.415000e-05	8.416323e-04	-6.190073e+00
1.416000e-05	1.080882e-02	-6.179998e+00
1.417000e-05	2.162599e-02	-6.157392e+00
1.418000e-05	1.664836e-02	-6.226370e+00
1.419000e-05	3.430975e-03	-6.095184e+00
1.420000e-05	5.425176e-03	-6.063181e+00
1.421000e-05	1.673395e-02	-6.043551e+00
1.422000e-05	2.078098e-02	-6.020025e+00
1.423000e-05	1.122515e-02	-6.010025e+00
1.424000e-05	3.633051e-03	-5.979474e+00
1.425000e-05	1.104197e-02	-5.978345e+00
1.426000e-05	2.038880e-02	-5.946387e+00
1.427000e-05	1.788774e-02	-5.853687e+00
1.428000e-05	7.576890e-03	-5.861104e+00
1.429000e-05	7.349648e-03	-5.819574e+00
1.430000e-05	1.548439e-02	-5.788841e+00
1.431000e-05	2.047106e-02	-5.692236e+00
1.432000e-05	1.304476e-02	-5.663155e+00
1.433000e-05	6.184643e-03	-5.610975e+00
1.434000e-05	9.975181e-03	-5.589972e+00
1.435000e-05	1.700680e-02	-5.564812e+00
1.436000e-05	1.640412e-02	-5.482153e+00
1.437000e-05	9.382981e-03	-5.338891e+00
1.438000e-05	7.747530e-03	-5.272712e+00
1.439000e-05	1.261216e-02	-5.180025e+00
1.440000e-05	1.602062e-02	-5.147345e+00
1.441000e-05	1.260908e-02	-5.073210e+00
1.442000e-05	6.988113e-03	-4.990528e+00
1.443000e-05	7.574648e-03	-4.927841e+00
1.444000e-05	1.258017e-02	-4.848974e+00
1.445000e-05	1.314806e-02	-4.704783e+00
1.446000e-05	7.577260e-03	-4.673185e+00
1.447000e-05	4.812106e-03	-4.598922e+00
1.448000e-05	7.107177e-03	-4.536765e+00
1.449000e-05	1.303932e-02	-4.441629e+00
1.450000e-05	1.009634e-02	-4.409499e+00
1.451000e-05	5.648199e-03	-4.326791e+00
1.452000e-05	3.421218e-03	-4.262632e+00
1.453000e-05	8.490151e-03	-4.177368e+00
1.454000e-05	8.503121e-03	-4.074684e+00
1.455000e-05	6.019019e-03	-4.011951e+00
1.456000e-05	1.538509e-03	-3.947791e+00
1.457000e-05	2.469790e-03	-3.851095e+00
1.458000e-05	8.305179e-03	-3.663138e+00
1.459000e-05	6.370047e-03	-3.599024e+00
1.460000e-05	2.498480e-03	-3.526868e+00
1.461000e-05	6.607247e-04	-3.411104e+00
1.462000e-05	4.712864e-03	-3.365892e+00
1.463000e-05	7.536121e-03	-3.232604e+00
1.464000e-05	6.023637e-04	-3.169449e+00
1.465000e-05	-1.544155e-03	-3.042612e+00
1.466000e-05	-1.507617e-03	-2.917814e+00
1.467000e-05	3.629760e-03	-2.840000e+00
1.468000e-05	3.824262e-03	-2.746218e+00
1.469000e-05	8.783190e-04	-2.599528e+00
1.470000e-05	-6.106023e-04	-2.507716e+00
1.471000e-05	8.566203e-04	-2.430605e+00
1.472000e-05	2.483698e-03	-2.385369e+00
1.473000e-05	-1.071706e-03	-2.189925e+00
1.474000e-05	-3.986258e-03	-2.042161e+00
1.475000e-05	-3.204958e-03	-1.959971e+00
1.476000e-05	1.547471e-03	-1.852661e+00
1.477000e-05	2.746089e-03	-1.768849e+00
1.478000e-05	7.206424e-04	-1.673655e+00
1.479000e-05	-3.008531e-03	-1.549470e+00
1.480000e-05	-2.531868e-03	-1.370630e+00
1.481000e-05	-3.011184e-03	-1.292057e+00
1.482000e-05	-2.615813e-03	-1.146295e+00
1.483000e-05	-5.225093e-03	-1.030654e+00
1.484000e-05	-4.571810e-03	-9.276130e-01
1.485000e-05	-1.147581e-03	-8.490250e-01
1.486000e-05	3.860968e-04	-7.772943e-01
1.487000e-05	-2.338452e-03	-6.295184e-01
1.488000e-05	-4.866039e-03	-4.321351e-01
1.489000e-05	-5.475647e-03	-3.868445e-01
1.490000e-05	-3.279653e-03	-2.426276e-01
1.491000e-05	-2.648658e-03	-1.683433e-01
1.492000e-05	-2.322588e-03	-5.107600e-02
1.493000e-05	-1.663372e-03	3.258190e-02
1.494000e-05	-1.492486e-03	1.519688e-01
1.495000e-05	-3.555119e-04	3.068386e-01
1.496000e-05	-3.269685e-03	4.205276e-01
1.497000e-05	-3.942308e-03	4.668383e-01
1.498000e-05	-3.260975e-03	5.919490e-01
1.499000e-05	3.309120e-03	6.848672e-01
1.500000e-05	2.658803e-02	7.809991e-01
1.501000e-05	3.304823e-02	9.479164e-01
1.502000e-05	-2.779558e-02	1.159005e+00
1.503000e-05	-7.765438e-02	1.335687e+00
1.504000e-05	-5.257226e-02	1.378371e+00
1.505000e-05	9.663867e-02	1.446185e+00
1.506000e-05	1.273499e-02	1.730658e+00
1.507000e-05	-1.273566e-01	1.757320e+00
1.508000e-05	6.725166e-02	1.819998e+00
1.509000e-05	1.062987e-02	1.946890e+00
1.510000e-05	-6.863060e-02	2.030028e+00
1.511000e-05	4.896786e-02	2.053108e+00
1.512000e-05	5.400973e-02	2.169050e+00
1.513000e-05	-1.444772e-01	2.377316e+00
1.514000e-05	-2.898156e-03	2.409499e+00
1.515000e-05	1.188909e-01	2.522238e+00
1.516000e-05	-3.947642e-02	2.661577e+00
1.517000e-05	-6.211413e-02	2.788998e+00
1.518000e-05	7.706563e-03	2.882259e+00
1.519000e-05	-1.062328e-03	2.957341e+00
1.520000e-05	2.562411e-02	3.010633e+00
1.521000e-05	4.976157e-04	3.137819e+00
1.522000e-05	-7.751145e-02	3.210550e+00
1.523000e-05	2.946301e-02	3.316310e+00
1.524000e-05	1.704717e-02	3.461708e+00
1.525000e-05	-2.632564e-03	3.559373e+00
1.526000e-05	-1.766150e-02	3.630979e+00
1.527000e-05	-4.168120e-02	3.756788e+00
1.528000e-05	-1.162335e-02	3.810003e+00
1.529000e-05	5.390430e-02	3.886715e+00
1.530000e-05	-4.731546e-03	3.978906e+00
1.531000e-05	-6.434213e-02	4.061103e+00
1.532000e-05	-1.073478e-03	4.156964e+00
1.533000e-05	2.088254e-02	4.173236e+00
1.534000e-05	1.426725e-02	4.346896e+00
1.535000e-05	-3.780716e-02	4.412608e+00
1.536000e-05	-3.058594e-02	4.515235e+00
1.537000e-05	-3.552448e-03	4.578950e+00
1.538000e-05	2.860668e-02	4.615133e+00
1.539000e-05	-4.975810e-03	4.725940e+00
1.540000e-05	-4.311982e-02	4.770449e+00
1.541000e-05	-1.868514e-02	4.851183e+00
1.542000e-05	1.062974e-02	4.957348e+00
1.543000e-05	1.656228e-02	5.033032e+00
1.544000e-05	-2.478032e-02	5.127919e+00
1.545000e-05	-3.381848e-02	5.232028e+00
1.546000e-05	-1.041454e-02	5.286207e+00
1.547000e-05	1.901237e-02	5.337367e+00
1.548000e-05	-6.032134e-03	5.399473e+00
1.549000e-05	-3.240674e-02	5.420653e+00
1.550000e-05	-2.387066e-02	5.505663e+00
1.551000e-05	1.959241e-03	5.547969e+00
1.552000e-05	1.478816e-02	5.580499e+00
1.553000e-05	-1.845283e-02	5.600050e+00
1.554000e-05	-3.160372e-02	5.622632e+00
1.555000e-05	-1.875582e-02	5.645285e+00
1.556000e-05	9.548620e-03	5.748892e+00
1.557000e-05	-2.063580e-03	5.801521e+00
1.558000e-05	-2.827123e-02	5.855207e+00
1.559000e-05	-2.660224e-02	5.956866e+00
1.560000e-05	-3.100668e-03	5.979448e+00
1.561000e-05	8.050817e-03	5.989499e+00
1.562000e-05	-1.581409e-02	6.010975e+00
1.563000e-05	-3.065792e-02	6.020050e+00
1.564000e-05	-2.219169e-02	6.042579e+00
1.565000e-05	-2.969557e-04	6.063230e+00
1.566000e-05	-4.779636e-03	6.043184e+00
1.567000e-05	-2.205888e-02	6.093761e+00
1.568000e-05	-2.695906e-02	6.146339e+00
1.569000e-05	-1.155231e-02	6.106819e+00
1.570000e-05	1.846733e-03	6.156849e+00
1.571000e-05	-1.294589e-02	6.117894e+00
1.572000e-05	-2.876535e-02	6.138896e+00
1.573000e-05	-2.651506e-02	6.167893e+00
1.574000e-05	-7.163057e-03	6.189520e+00
1.575000e-05	-6.229297e-03	6.157994e+00
1.576000e-05	-2.082688e-02	6.137845e+00
1.577000e-05	-2.840723e-02	6.117440e+00
1.578000e-05	-1.734722e-02	6.138894e+00
1.579000e-05	-4.985618e-03	6.148392e+00
1.580000e-05	-1.384943e-02	6.146366e+00
1.581000e-05	-2.712836e-02	6.124837e+00
1.582000e-05	-2.733591e-02	6.074811e+00
1.583000e-05	-1.210971e-02	6.085111e+00
1.584000e-05	-8.907550e-03	6.033159e+00
1.585000e-05	-2.005759e-02	6.042553e+00
1.586000e-05	-2.965715e-02	5.991076e+00
1.587000e-05	-2.260431e-02	6.001025e+00
1.588000e-05	-9.743906e-03	6.000026e+00
1.589000e-05	-1.354292e-02	5.969445e+00
1.590000e-05	-2.482154e-02	5.937846e+00
1.591000e-05	-2.832231e-02	5.906838e+00
1.592000e-05	-1.713680e-02	5.874057e+00
1.593000e-05	-1.218812e-02	5.818969e+00
1.594000e-05	-1.955945e-02	5.666208e+00
1.595000e-05	-2.827093e-02	5.662106e+00
1.596000e-05	-2.493170e-02	5.610026e+00
1.597000e-05	-1.368561e-02	5.589522e+00
1.598000e-05	-1.350458e-02	5.528447e+00
1.599000e-05	-2.186734e-02	5.504734e+00
1.600000e-05	-2.667405e-02	5.412180e+00
1.601000e-05	-1.892135e-02	5.409551e+00
1.602000e-05	-1.328289e-02	5.359442e+00
1.603000e-05	-1.742599e-02	5.304811e+00
1.604000e-05	-2.602492e-02	5.200597e+00
1.605000e-05	-2.412664e-02	5.169420e+00
1.606000e-05	-1.529724e-02	4.973761e+00
1.607000e-05	-1.250617e-02	4.907896e+00
1.608000e-05	-1.836060e-02	4.841079e+00
1.609000e-05	-2.428485e-02	4.759926e+00
1.610000e-05	-1.910801e-02	4.748316e+00
1.611000e-05	-1.286249e-02	4.713732e+00
1.612000e-05	-1.425778e-02	4.600472e+00
1.613000e-05	-2.107664e-02	4.505763e+00
1.614000e-05	-1.997952e-02	4.482602e+00
1.615000e-05	-1.329598e-02	4.389945e+00
1.616000e-05	-9.363289e-03	4.325835e+00
1.617000e-05	-1.436803e-02	4.200650e+00
1.618000e-05	-1.896063e-02	4.085162e+00
1.619000e-05	-1.630570e-02	3.989500e+00
1.620000e-05	-1.090381e-02	3.927392e+00
1.621000e-05	-1.033895e-02	3.883129e+00
1.622000e-05	-1.564900e-02	3.768897e+00
1.623000e-05	-1.631054e-02	3.686135e+00
1.624000e-05	-1.186523e-02	3.609523e+00
1.625000e-05	-7.415565e-03	3.538318e+00
1.626000e-05	-9.780511e-03	3.360500e+00
1.627000e-05	-1.529552e-02	3.224185e+00
1.628000e-05	-1.295070e-02	3.211945e+00
1.629000e-05	-8.712176e-03	3.097214e+00
1.630000e-05	-6.710162e-03	2.992050e+00
1.631000e-05	-1.103806e-02	2.926286e+00
1.632000e-05	-1.287056e-02	2.831450e+00
1.633000e-05	-8.756315e-03	2.738342e+00
1.634000e-05	-5.288107e-03	2.661947e+00
1.635000e-05	-7.280274e-03	2.464155e+00
1.636000e-05	-1.134574e-02	2.379946e+00
1.637000e-05	-1.115272e-02	2.275160e+00
1.638000e-05	-6.926295e-03	2.188843e+00
1.639000e-05	-5.175902e-03	2.083658e+00
1.640000e-05	-7.583118e-03	1.998975e+00
1.641000e-05	-1.007633e-02	1.884689e+00
1.642000e-05	-7.397262e-03	1.758417e+00
1.643000e-05	-4.690961e-03	1.683558e+00
1.644000e-05	-5.249565e-03	1.535371e+00
1.645000e-05	-8.440349e-03	1.390576e+00
1.646000e-05	-8.637283e-03	1.253738e+00
1.647000e-05	-5.748989e-03	1.159945e+00
1.648000e-05	-4.397493e-03	1.044154e+00
1.649000e-05	-5.544299e-03	8.651839e-01
1.650000e-05	-7.358503e-03	7.894709e-01
1.651000e-05	-5.721506e-03	6.937315e-01
1.652000e-05	-3.867617e-03	5.994469e-01
1.653000e-05	-3.531076e-03	4.431327e-01
1.654000e-05	-5.633402e-03	3.889221e-01
1.655000e-05	-7.806767e-03	2.611299e-01
1.656000e-05	-4.879781e-03	6.466140e-02
1.657000e-05	-2.203699e-03	-1.004901e-02
1.658000e-05	-2.372454e-03	-1.163625e-01
1.659000e-05	-1.542837e-03	-2.210555e-01
1.660000e-05	-1.390217e-03	-3.247897e-01
1.661000e-05	6.659978e-04	-3.709753e-01
1.662000e-05	1.124299e-04	-5.043374e-01
1.663000e-05	-3.624011e-03	-6.841058e-01
1.664000e-05	-4.476277e-03	-7.479226e-01
1.665000e-05	3.429622e-03	-8.211292e-01
1.666000e-05	4.859897e-02	-9.653674e-01
1.667000e-05	1.331000e-02	-1.134367e+00
1.668000e-05	-4.080416e-02	-1.356920e+00
1.669000e-05	-1.057605e-01	-1.547366e+00
1.670000e-05	6.444937e-02	-1.535716e+00
1.671000e-05	5.397622e-02	-1.566445e+00
1.672000e-05	-5.672919e-02	-1.735316e+00
1.673000e-05	-4.348500e-02	-1.872055e+00
1.674000e-05	9.548999e-02	-1.852133e+00
1.675000e-05	-5.084721e-02	-1.957046e+00
1.676000e-05	-3.950495e-02	-2.144574e+00
1.677000e-05	1.331198e-01	-2.273085e+00
1.678000e-05	-6.667036e-02	-2.357418e+00
1.679000e-05	-1.498589e-01	-2.462763e+00
1.680000e-05	1.247001e-01	-2.586399e+00
1.681000e-05	4.772857e-02	-2.623235e+00
1.682000e-05	-1.181813e-01	-2.768946e+00
1.683000e-05	3.036027e-02	-2.820055e+00
1.684000e-05	-5.479254e-04	-2.976498e+00
1.685000e-05	6.908304e-03	-3.166845e+00
1.686000e-05	5.244839e-02	-3.199949e+00
1.687000e-05	-6.956990e-02	-3.293735e+00
1.688000e-05	-2.616207e-02	-3.370975e+00
1.689000e-05	9.338603e-02	-3.452583e+00
1.690000e-05	-3.512473e-02	-3.577921e+00
1.691000e-05	6.300293e-03	-3.600529e+00
1.692000e-05	4.954058e-03	-3.725839e+00
1.693000e-05	-7.005211e-02	-3.893288e+00
1.694000e-05	6.874157e-02	-3.949470e+00
1.695000e-05	4.048815e-02	-4.082107e+00
1.696000e-05	-5.335636e-02	-4.117368e+00
1.697000e-05	-1.057530e-02	-4.209978e+00
1.698000e-05	1.417051e-02	-4.273837e+00
1.699000e-05	3.476585e-02	-4.408970e+00
1.700000e-05	1.878692e-03	-4.410083e+00
1.701000e-05	-4.464006e-02	-4.524813e+00
1.702000e-05	5.342098e-03	-4.590147e+00
1.703000e-05	2.877842e-02	-4.704658e+00
1.704000e-05	1.921837e-02	-4.715917e+00
1.705000e-05	-4.130379e-03	-4.790452e+00
1.706000e-05	-3.556514e-02	-4.916865e+00
1.707000e-05	2.274512e-02	-5.030503e+00
1.708000e-05	2.345160e-02	-5.053108e+00
1.709000e-05	3.212085e-03	-5.146242e+00
1.710000e-05	-1.085494e-02	-5.179973e+00
1.711000e-05	-2.046811e-02	-5.211104e+00
1.712000e-05	3.253790e-02	-5.365243e+00
1.713000e-05	2.042523e-02	-5.393161e+00
1.714000e-05	-7.753504e-03	-5.547341e+00
1.715000e-05	-1.157201e-02	-5.588449e+00
1.716000e-05	-7.994149e-04	-5.610602e+00
1.717000e-05	2.732770e-02	-5.682633e+00
1.718000e-05	1.413111e-02	-5.724214e+00
1.719000e-05	-1.584303e-02	-5.767968e+00
1.720000e-05	-7.045577e-03	-5.808975e+00
1.721000e-05	1.362106e-02	-5.834008e+00
1.722000e-05	2.670007e-02	-5.862757e+00
1.723000e-05	3.344625e-03	-5.905762e+00
1.724000e-05	-1.669775e-02	-5.947897e+00
1.725000e-05	9.859029e-03	-5.978520e+00
1.726000e-05	1.976204e-02	-5.999526e+00
1.727000e-05	1.687981e-02	-6.020526e+00
1.728000e-05	-7.584848e-03	-6.060577e+00
1.729000e-05	-8.147494e-03	-6.111636e+00
1.730000e-05	1.500317e-02	-6.093636e+00
1.731000e-05	2.014451e-02	-6.115166e+00
1.732000e-05	1.097256e-02	-6.168897e+00
1.733000e-05	-5.239517e-03	-6.138494e+00
1.734000e-05	2.626885e-03	-6.241055e+00
1.735000e-05	1.873567e-02	-6.229185e+00
1.736000e-05	1.755289e-02	-6.220578e+00
1.737000e-05	2.218187e-04	-6.253162e+00
1.738000e-05	-5.572040e-03	-6.313734e+00
1.739000e-05	1.038076e-02	-6.302260e+00
1.740000e-05	2.216300e-02	-6.244287e+00
1.741000e-05	1.435501e-02	-6.264737e+00
1.742000e-05	6.266067e-05	-6.301816e+00
1.743000e-05	3.404554e-03	-6.272765e+00
1.744000e-05	1.748735e-02	-6.263584e+00
1.745000e-05	1.972653e-02	-6.212183e+00
1.746000e-05	6.765626e-03	-6.273557e+00
1.747000e-05	-3.842069e-04	-6.239904e+00
1.748000e-05	9.114816e-03	-6.220425e+00
1.749000e-05	2.083619e-02	-6.178340e+00
1.750000e-05	1.749937e-02	-6.136919e+00
1.751000e-05	3.486589e-03	-6.094231e+00
1.752000e-05	6.120230e-03	-6.032205e+00
1.753000e-05	1.662320e-02	-6.052130e+00
1.754000e-05	2.146490e-02	-6.021003e+00
1.755000e-05	1.169465e-02	-6.000498e+00
1.756000e-05	3.682571e-03	-5.989472e+00
1.757000e-05	9.338886e-03	-5.967922e+00
1.758000e-05	1.879745e-02	-5.955389e+00
1.759000e-05	1.803890e-02	-5.884185e+00
1.760000e-05	8.259000e-03	-5.854078e+00
1.761000e-05	7.011294e-03	-5.809528e+00
1.762000e-05	1.527861e-02	-5.766816e+00
1.763000e-05	2.097676e-02	-5.724265e+00
1.764000e-05	1.290623e-02	-5.643203e+00
1.765000e-05	6.850540e-03	-5.630551e+00
1.766000e-05	8.638767e-03	-5.589050e+00
1.767000e-05	1.639926e-02	-5.546393e+00
1.768000e-05	1.576899e-02	-5.502754e+00
1.769000e-05	1.041412e-02	-5.358824e+00
1.770000e-05	7.874082e-03	-5.302586e+00
1.771000e-05	1.241629e-02	-5.189551e+00
1.772000e-05	1.610696e-02	-5.135971e+00
1.773000e-05	1.336742e-02	-5.103232e+00
1.774000e-05	7.565239e-03	-5.010550e+00
1.775000e-05	7.200401e-03	-4.896272e+00
1.776000e-05	1.208554e-02	-4.851098e+00
1.777000e-05	1.319827e-02	-4.724269e+00
1.778000e-05	7.217414e-03	-4.664079e+00
1.779000e-05	4.748806e-03	-4.617994e+00
1.780000e-05	6.852207e-03	-4.525788e+00
1.781000e-05	1.264706e-02	-4.461630e+00
1.782000e-05	1.059317e-02	-4.399474e+00
1.783000e-05	5.779821e-03	-4.346869e+00
1.784000e-05	3.646603e-03	-4.272607e+00
1.785000e-05	6.574642e-03	-4.177849e+00
1.786000e-05	8.845404e-03	-4.062684e+00
1.787000e-05	4.788580e-03	-4.020051e+00
1.788000e-05	1.934926e-03	-3.957818e+00
1.789000e-05	2.600819e-03	-3.840126e+00
1.790000e-05	7.656014e-03	-3.692283e+00
1.791000e-05	7.310427e-03	-3.611103e+00
1.792000e-05	3.853837e-03	-3.516866e+00
1.793000e-05	7.231157e-04	-3.453128e+00
1.794000e-05	3.436503e-03	-3.376817e+00
1.795000e-05	5.639871e-03	-3.212130e+00
1.796000e-05	1.000068e-03	-3.188472e+00
1.797000e-05	-2.658862e-03	-3.024259e+00
1.798000e-05	-6.495877e-04	-2.885273e+00
1.799000e-05	5.223878e-03	-2.801650e+00
1.800000e-05	4.719254e-03	-2.726838e+00
1.801000e-05	1.926021e-03	-2.630107e+00
1.802000e-05	-1.933749e-03	-2.537292e+00
1.803000e-05	6.937808e-04	-2.430627e+00
1.804000e-05	1.998194e-03	-2.366317e+00
1.805000e-05	-9.556682e-04	-2.259426e+00
1.806000e-05	-4.960410e-03	-2.053710e+00
1.807000e-05	-3.915048e-03	-1.989346e+00
1.808000e-05	9.311267e-04	-1.873185e+00
1.809000e-05	2.521650e-03	-1.807870e+00
1.810000e-05	2.602803e-04	-1.642655e+00
1.811000e-05	-2.923064e-03	-1.588448e+00
1.812000e-05	-2.909423e-03	-1.472151e+00
1.813000e-05	-1.571206e-03	-1.296211e+00
1.814000e-05	-2.410512e-03	-1.167922e+00
1.815000e-05	-6.294688e-03	-1.011658e+00
1.816000e-05	-4.196841e-03	-9.453118e-01
1.817000e-05	-1.363858e-03	-8.316551e-01
1.818000e-05	2.725903e-04	-7.593169e-01
1.819000e-05	-2.359850e-03	-6.099723e-01
1.820000e-05	-4.211271e-03	-4.231326e-01
1.821000e-05	-4.802708e-03	-3.778684e-01
1.822000e-05	-2.355368e-03	-2.531864e-01
1.823000e-05	-3.272038e-03	-1.277669e-01
1.824000e-05	-3.616088e-03	-4.267906e-02
1.825000e-05	-2.402459e-03	5.200533e-02
1.826000e-05	-1.531110e-03	1.374952e-01
1.827000e-05	7.424576e-04	3.132385e-01
1.828000e-05	-2.473829e-03	4.104765e-01
1.829000e-05	-5.555051e-03	4.447858e-01
1.830000e-05	-4.951683e-03	5.800003e-01
1.831000e-05	1.928795e-03	6.937647e-01
1.832000e-05	2.438383e-02	8.004725e-01
1.833000e-05	3.731402e-02	9.489951e-01
1.834000e-05	-2.281687e-02	1.127871e+00
1.835000e-05	-6.799597e-02	1.294636e+00
1.836000e-05	-6.898328e-02	1.319396e+00
1.837000e-05	9.379835e-02	1.413108e+00
1.838000e-05	1.986225e-02	1.640630e+00
1.839000e-05	-1.202051e-01	1.718239e+00
1.840000e-05	5.036654e-02	1.781001e+00
1.841000e-05	3.459935e-02	1.895737e+00
1.842000e-05	-6.495587e-02	2.011500e+00
1.843000e-05	2.504323e-02	2.064159e+00
1.844000e-05	7.599724e-02	2.157895e+00
1.845000e-05	-1.347701e-01	2.337391e+00
1.846000e-05	-3.042028e-02	2.400075e+00
1.847000e-05	1.243875e-01	2.443231e+00
1.848000e-05	-2.162417e-02	2.640600e+00
1.849000e-05	-7.496019e-02	2.757496e+00
1.850000e-05	1.193154e-02	2.834108e+00
1.851000e-05	-5.766121e-03	2.968368e+00
1.852000e-05	2.448918e-02	3.021554e+00
1.853000e-05	9.170440e-03	3.115914e+00
1.854000e-05	-7.743698e-02	3.212002e+00
1.855000e-05	2.012052e-02	3.294735e+00
1.856000e-05	2.379042e-02	3.441500e+00
1.857000e-05	-2.113437e-03	3.566740e+00
1.858000e-05	-1.945399e-02	3.640557e+00
1.859000e-05	-3.633986e-02	3.706393e+00
1.860000e-05	-2.508744e-02	3.810525e+00
1.861000e-05	5.614711e-02	3.854741e+00
1.862000e-05	4.445539e-03	4.028448e+00
1.863000e-05	-6.100007e-02	4.011029e+00
1.864000e-05	-7.431833e-03	4.134790e+00
1.865000e-05	1.998719e-02	4.224128e+00
1.866000e-05	1.670831e-02	4.357944e+00
1.867000e-05	-3.727374e-02	4.421080e+00
1.868000e-05	-3.296983e-02	4.536836e+00
1.869000e-05	-1.010821e-02	4.568974e+00
1.870000e-05	3.044751e-02	4.622629e+00
1.871000e-05	7.954430e-04	4.697267e+00
1.872000e-05	-3.867954e-02	4.788970e+00
1.873000e-05	-2.320537e-02	4.841126e+00
1.874000e-05	7.676120e-03	4.918736e+00
1.875000e-05	1.691619e-02	5.022610e+00
1.876000e-05	-2.292360e-02	5.147921e+00
1.877000e-05	-3.377065e-02	5.231029e+00
1.878000e-05	-1.467382e-02	5.264811e+00
1.879000e-05	2.136759e-02	5.327317e+00
1.880000e-05	-2.541756e-03	5.348921e+00
1.881000e-05	-2.918132e-02	5.442605e+00
1.882000e-05	-2.765663e-02	5.494787e+00
1.883000e-05	-9.115878e-04	5.558871e+00
1.884000e-05	1.410579e-02	5.599451e+00
1.885000e-05	-1.527882e-02	5.600500e+00
1.886000e-05	-3.225667e-02	5.653108e+00
1.887000e-05	-2.162151e-02	5.703207e+00
1.888000e-05	1.024851e-02	5.747870e+00
1.889000e-05	6.861799e-04	5.748971e+00
1.890000e-05	-2.539724e-02	5.854705e+00
1.891000e-05	-3.119919e-02	5.896391e+00
1.892000e-05	-5.387289e-03	5.979474e+00
1.893000e-05	8.615655e-03	6.009449e+00
1.894000e-05	-1.203390e-02	6.010999e+00
1.895000e-05	-2.959139e-02	6.011025e+00
1.896000e-05	-2.423845e-02	6.051505e+00
1.897000e-05	8.865697e-04	6.071105e+00
1.898000e-05	-2.812064e-03	6.064159e+00
1.899000e-05	-2.082345e-02	6.103262e+00
1.900000e-05	-3.010768e-02	6.086765e+00
1.901000e-05	-1.304608e-02	6.185870e+00
1.902000e-05	1.423311e-03	6.167890e+00
1.903000e-05	-9.890349e-03	6.087894e+00
1.904000e-05	-2.786627e-02	6.159418e+00
1.905000e-05	-2.725836e-02	6.158471e+00
1.906000e-05	-6.962621e-03	6.167445e+00
1.907000e-05	-3.606470e-03	6.179921e+00
1.908000e-05	-1.863113e-02	6.147945e+00
1.909000e-05	-2.985309e-02	6.168441e+00
1.910000e-05	-1.927871e-02	6.157495e+00
1.911000e-05	-5.687282e-03	6.166938e+00
1.912000e-05	-1.205600e-02	6.105738e+00
1.913000e-05	-2.675873e-02	6.094820e+00
1.914000e-05	-2.798450e-02	6.115293e+00
1.915000e-05	-1.283486e-02	6.034758e+00
1.916000e-05	-7.018208e-03	6.033108e+00
1.917000e-05	-1.763424e-02	6.021552e+00
1.918000e-05	-2.987171e-02	6.022603e+00
1.919000e-05	-2.380044e-02	5.991000e+00
1.920000e-05	-1.175729e-02	5.990499e+00
1.921000e-05	-1.383692e-02	5.999449e+00
1.922000e-05	-2.487238e-02	5.937395e+00
1.923000e-05	-2.946017e-02	5.908391e+00
1.924000e-05	-1.771620e-02	5.844263e+00
1.925000e-05	-1.049648e-02	5.790498e+00
1.926000e-05	-1.642579e-02	5.677691e+00
1.927000e-05	-2.728332e-02	5.631056e+00
1.928000e-05	-2.492617e-02	5.651026e+00
1.929000e-05	-1.502728e-02	5.590500e+00
1.930000e-05	-1.488645e-02	5.558397e+00
1.931000e-05	-2.401358e-02	5.494233e+00
1.932000e-05	-2.853401e-02	5.453130e+00
1.933000e-05	-1.936586e-02	5.391499e+00
1.934000e-05	-1.172416e-02	5.337921e+00
1.935000e-05	-1.519290e-02	5.284233e+00
1.936000e-05	-2.478540e-02	5.252601e+00
1.937000e-05	-2.510360e-02	5.188001e+00
1.938000e-05	-1.672193e-02	5.044263e+00
1.939000e-05	-1.311748e-02	4.908517e+00
1.940000e-05	-1.980844e-02	4.834157e+00
1.941000e-05	-2.406165e-02	4.789550e+00
1.942000e-05	-1.939774e-02	4.748413e+00
1.943000e-05	-1.193738e-02	4.664232e+00
1.944000e-05	-1.355110e-02	4.581024e+00
1.945000e-05	-1.959843e-02	4.496390e+00
1.946000e-05	-2.033078e-02	4.431579e+00
1.947000e-05	-1.397865e-02	4.400053e+00
1.948000e-05	-1.101526e-02	4.316817e+00
1.949000e-05	-1.499705e-02	4.261500e+00
1.950000e-05	-2.047611e-02	4.094112e+00
1.951000e-05	-1.681152e-02	4.009526e+00
1.952000e-05	-1.064784e-02	3.947843e+00
1.953000e-05	-1.011878e-02	3.812680e+00
1.954000e-05	-1.488905e-02	3.759974e+00
1.955000e-05	-1.596679e-02	3.694207e+00
1.956000e-05	-1.160843e-02	3.601050e+00
1.957000e-05	-7.557941e-03	3.548818e+00
1.958000e-05	-1.039684e-02	3.442652e+00
1.959000e-05	-1.567472e-02	3.275232e+00
1.960000e-05	-1.455277e-02	3.199497e+00
1.961000e-05	-9.272601e-03	3.106310e+00
1.962000e-05	-6.509104e-03	3.042004e+00
1.963000e-05	-1.041284e-02	2.936243e+00
1.964000e-05	-1.226027e-02	2.803628e+00
1.965000e-05	-9.373874e-03	2.759846e+00
1.966000e-05	-5.032619e-03	2.651653e+00
1.967000e-05	-6.314027e-03	2.484732e+00
1.968000e-05	-1.124514e-02	2.390971e+00
1.969000e-05	-1.306186e-02	2.273283e+00
1.970000e-05	-9.204132e-03	2.209946e+00
1.971000e-05	-5.320464e-03	2.063134e+00
1.972000e-05	-7.531326e-03	2.001501e+00
1.973000e-05	-1.003152e-02	1.865212e+00
1.974000e-05	-7.459960e-03	1.769375e+00
1.975000e-05	-2.886976e-03	1.653607e+00
1.976000e-05	-3.285141e-03	1.536838e+00
1.977000e-05	-7.167612e-03	1.411104e+00
1.978000e-05	-1.038233e-02	1.317711e+00
1.979000e-05	-8.091234e-03	1.210000e+00
1.980000e-05	-5.182255e-03	1.066700e+00
1.981000e-05	-5.401996e-03	8.956590e-01
1.982000e-05	-6.990954e-03	8.094734e-01
1.983000e-05	-5.491385e-03	7.146015e-01
1.984000e-05	-2.160828e-03	5.584496e-01
1.985000e-05	-1.146871e-03	4.636804e-01
1.986000e-05	-4.719151e-03	3.894971e-01
1.987000e-05	-8.492619e-03	2.742589e-01
1.988000e-05	-6.941152e-03	1.177853e-01
1.989000e-05	-3.499889e-03	2.343187e-05
1.990000e-05	-1.314864e-03	-1.147359e-01
1.991000e-05	-1.718425e-03	-1.969752e-01
1.992000e-05	-1.598446e-03	-3.362871e-01
1.993000e-05	2.550857e-04	-3.895002e-01
1.994000e-05	1.269272e-03	-4.947622e-01
1.995000e-05	-1.522005e-03	-6.491506e-01
1.996000e-05	-4.844784e-03	-7.579437e-01
1.997000e-05	1.401713e-03	-8.411080e-01
1.998000e-05	4.310933e-02	-9.068160e-01
1.999000e-05	2.412306e-02	-1.093257e+00
2.000000e-05	-3.871656e-02	-1.335940e+00
2.001000e-05	-1.037278e-01	-1.533292e+00
2.002000e-05	4.602592e-02	-1.534191e+00
2.003000e-05	6.096755e-02	-1.484840e+00
2.004000e-05	-3.307109e-02	-1.703765e+00
2.005000e-05	-7.459716e-02	-1.872658e+00
2.006000e-05	1.004455e-01	-1.831133e+00
2.007000e-05	-4.490573e-02	-1.916891e+00
2.008000e-05	-5.706090e-02	-2.168945e+00
2.009000e-05	1.305388e-01	-2.293681e+00
2.010000e-05	-3.893067e-02	-2.327444e+00
2.011000e-05	-1.707985e-01	-2.484160e+00
2.012000e-05	1.099470e-01	-2.558445e+00
2.013000e-05	6.897483e-02	-2.680709e+00
2.014000e-05	-1.131185e-01	-2.768442e+00
2.015000e-05	1.641894e-02	-2.810604e+00
2.016000e-05	1.019134e-02	-2.966419e+00
2.017000e-05	-1.088345e-03	-3.136386e+00
2.018000e-05	5.715568e-02	-3.200001e+00
2.019000e-05	-5.965972e-02	-3.293310e+00
2.020000e-05	-4.790932e-02	-3.409950e+00
2.021000e-05	9.924001e-02	-3.453233e+00
2.022000e-05	-2.902887e-02	-3.557870e+00
2.023000e-05	-1.179534e-03	-3.642078e+00
2.024000e-05	1.316346e-02	-3.715270e+00
2.025000e-05	-7.020036e-02	-3.873681e+00
2.026000e-05	5.491196e-02	-3.989396e+00
2.027000e-05	5.531035e-02	-4.020105e+00
2.028000e-05	-5.344936e-02	-4.138391e+00
2.029000e-05	-1.701401e-02	-4.210474e+00
2.030000e-05	1.413928e-02	-4.274187e+00
2.031000e-05	3.202209e-02	-4.378446e+00
2.032000e-05	9.177489e-03	-4.400028e+00
2.033000e-05	-4.693031e-02	-4.493236e+00
2.034000e-05	1.712524e-03	-4.620026e+00
2.035000e-05	3.076706e-02	-4.693710e+00
2.036000e-05	2.074185e-02	-4.776367e+00
2.037000e-05	1.142740e-03	-4.778405e+00
2.038000e-05	-3.884792e-02	-4.894238e+00
2.039000e-05	1.764384e-02	-4.989025e+00
2.040000e-05	2.496905e-02	-5.061178e+00
2.041000e-05	4.282422e-03	-5.106870e+00
2.042000e-05	-9.925196e-03	-5.198970e+00
2.043000e-05	-2.131643e-02	-5.261133e+00
2.044000e-05	2.916778e-02	-5.365386e+00
2.045000e-05	2.676010e-02	-5.451608e+00
2.046000e-05	-6.480209e-03	-5.546366e+00
2.047000e-05	-1.287441e-02	-5.578501e+00
2.048000e-05	-2.787325e-03	-5.610525e+00
2.049000e-05	2.463660e-02	-5.650635e+00
2.050000e-05	1.865647e-02	-5.694712e+00
2.051000e-05	-1.631292e-02	-5.755921e+00
2.052000e-05	-7.703440e-03	-5.768974e+00
2.053000e-05	1.276780e-02	-5.842084e+00
2.054000e-05	2.870381e-02	-5.883736e+00
2.055000e-05	6.066546e-03	-5.935696e+00
2.056000e-05	-1.792618e-02	-5.947920e+00
2.057000e-05	5.983908e-03	-5.978925e+00
2.058000e-05	1.997542e-02	-6.009475e+00
2.059000e-05	1.875733e-02	-6.020078e+00
2.060000e-05	-5.923415e-03	-6.022079e+00
2.061000e-05	-1.002321e-02	-6.052586e+00
2.062000e-05	1.379519e-02	-6.104691e+00
2.063000e-05	2.138756e-02	-6.082342e+00
2.064000e-05	1.168383e-02	-6.145946e+00
2.065000e-05	-5.783123e-03	-6.227473e+00
2.066000e-05	1.787525e-04	-6.231577e+00
2.067000e-05	1.906879e-02	-6.221528e+00
2.068000e-05	1.945039e-02	-6.281632e+00
2.069000e-05	2.056814e-03	-6.314132e+00
2.070000e-05	-5.932812e-03	-6.272836e+00
2.071000e-05	8.601581e-03	-6.313738e+00
2.072000e-05	2.230944e-02	-6.253710e+00
2.073000e-05	1.531705e-02	-6.295187e+00
2.074000e-05	-3.063477e-04	-6.326820e+00
2.075000e-05	2.506241e-03	-6.312755e+00
2.076000e-05	1.655925e-02	-6.273735e+00
2.077000e-05	2.096286e-02	-6.266658e+00
2.078000e-05	7.383255e-03	-6.263157e+00
2.079000e-05	-2.360746e-04	-6.230148e+00
2.080000e-05	8.210436e-03	-6.201073e+00
2.081000e-05	2.096638e-02	-6.205843e+00
2.082000e-05	1.882280e-02	-6.127667e+00
2.083000e-05	4.272129e-03	-6.131739e+00
2.084000e-05	4.147183e-03	-6.073187e+00
2.085000e-05	1.527277e-02	-6.052628e+00
2.086000e-05	2.228820e-02	-6.010576e+00
2.087000e-05	1.305473e-02	-5.999976e+00
2.088000e-05	3.922856e-03	-5.998950e+00
2.089000e-05	8.802494e-03	-5.987919e+00
2.090000e-05	1.902345e-02	-5.944817e+00
2.091000e-05	1.931248e-02	-5.905258e+00
2.092000e-05	8.637588e-03	-5.882632e+00
2.093000e-05	5.863272e-03	-5.840525e+00
2.094000e-05	1.391657e-02	-5.768897e+00
2.095000e-05	2.175505e-02	-5.745836e+00
2.096000e-05	1.496155e-02	-5.682179e+00
2.097000e-05	6.747783e-03	-5.641001e+00
2.098000e-05	7.799349e-03	-5.599449e+00
2.099000e-05	1.646393e-02	-5.566192e+00
2.100000e-05	1.785059e-02	-5.503792e+00
2.101000e-05	9.873588e-03	-5.409530e+00
2.102000e-05	5.673164e-03	-5.323808e+00
2.103000e-05	1.160994e-02	-5.211580e+00
2.104000e-05	1.748493e-02	-5.136770e+00
2.105000e-05	1.402495e-02	-5.124686e+00
2.106000e-05	7.280367e-03	-5.022129e+00
2.107000e-05	6.073990e-03	-4.956367e+00
2.108000e-05	1.262719e-02	-4.870547e+00
2.109000e-05	1.518324e-02	-4.667316e+00
2.110000e-05	8.851774e-03	-4.663278e+00
2.111000e-05	3.575063e-03	-4.598947e+00
2.112000e-05	6.356075e-03	-4.546866e+00
2.113000e-05	1.219566e-02	-4.473632e+00
2.114000e-05	1.069699e-02	-4.399049e+00
2.115000e-05	5.104189e-03	-4.346793e+00
2.116000e-05	3.484786e-03	-4.242134e+00
2.117000e-05	7.505288e-03	-4.189440e+00
2.118000e-05	1.010758e-02	-4.064758e+00
2.119000e-05	5.758793e-03	-4.032051e+00
2.120000e-05	1.827732e-03	-3.956920e+00
2.121000e-05	3.259611e-03	-3.810154e+00
2.122000e-05	6.618026e-03	-3.715767e+00
2.123000e-05	6.971469e-03	-3.601000e+00
2.124000e-05	2.740867e-03	-3.566416e+00
2.125000e-05	7.565402e-04	-3.442157e+00
2.126000e-05	2.934100e-03	-3.386396e+00
2.127000e-05	7.603176e-03	-3.233106e+00
2.128000e-05	2.728635e-03	-3.209449e+00
2.129000e-05	1.011987e-04	-3.104760e+00
2.130000e-05	-1.952402e-03	-2.947422e+00
2.131000e-05	3.729931e-03	-2.841580e+00
2.132000e-05	2.824870e-03	-2.756819e+00
2.133000e-05	-6.067782e-05	-2.641704e+00
2.134000e-05	-1.910109e-03	-2.568316e+00
2.135000e-05	5.069773e-04	-2.410631e+00
2.136000e-05	3.336357e-03	-2.368941e+00
2.137000e-05	1.212215e-03	-2.220980e+00
2.138000e-05	-3.508029e-03	-2.033184e+00
2.139000e-05	-2.859890e-03	-1.978922e+00
2.140000e-05	-5.381211e-05	-1.875708e+00
2.141000e-05	1.056845e-03	-1.789521e+00
2.142000e-05	-1.150145e-03	-1.682659e+00
2.143000e-05	-3.002451e-03	-1.599524e+00
2.144000e-05	-2.594196e-03	-1.452655e+00
2.145000e-05	-1.267278e-03	-1.273708e+00
2.146000e-05	-1.850112e-03	-1.147902e+00
2.147000e-05	-4.407295e-03	-1.072134e+00
2.148000e-05	-4.190503e-03	-9.467657e-01
2.149000e-05	-2.465682e-03	-7.910562e-01
2.150000e-05	-7.874393e-04	-7.768670e-01
2.151000e-05	-3.294227e-03	-6.075035e-01
2.152000e-05	-4.585860e-03	-4.641590e-01
2.153000e-05	-4.811634e-03	-3.889209e-01
2.154000e-05	-3.006812e-03	-2.821103e-01
2.155000e-05	-2.504458e-03	-1.768931e-01
2.156000e-05	-2.490216e-03	-3.410032e-02
2.157000e-05	-1.419097e-03	5.255158e-02
2.158000e-05	-5.496268e-04	1.664434e-01
2.159000e-05	7.235603e-04	3.562580e-01
2.160000e-05	-2.575976e-03	3.989750e-01
2.161000e-05	-4.601974e-03	4.942607e-01
2.162000e-05	-5.442780e-03	5.600251e-01
2.163000e-05	5.760365e-04	6.937146e-01
2.164000e-05	1.806087e-02	7.993989e-01
2.165000e-05	4.097502e-02	9.254974e-01
2.166000e-05	-1.516873e-02	1.136843e+00
2.167000e-05	-5.847143e-02	1.252162e+00
2.168000e-05	-8.386775e-02	1.307445e+00
2.169000e-05	8.783716e-02	1.431106e+00
2.170000e-05	2.939438e-02	1.561503e+00
2.171000e-05	-1.065449e-01	1.738292e+00
2.172000e-05	2.658888e-02	1.769898e+00
2.173000e-05	5.693874e-02	1.916265e+00
2.174000e-05	-5.974461e-02	2.040501e+00
2.175000e-05	3.175333e-03	2.034103e+00
2.176000e-05	9.378921e-02	2.157470e+00
2.177000e-05	-1.225799e-01	2.356312e+00
2.178000e-05	-5.766167e-02	2.410474e+00
2.179000e-05	1.263127e-01	2.432208e+00
2.180000e-05	-2.668309e-03	2.600123e+00
2.181000e-05	-8.664382e-02	2.727394e+00
2.182000e-05	1.210909e-02	2.854082e+00
2.183000e-05	-9.980418e-03	2.927320e+00
2.184000e-05	2.396519e-02	3.000074e+00
2.185000e-05	1.775494e-02	3.106791e+00
2.186000e-05	-7.445605e-02	3.210053e+00
2.187000e-05	7.034535e-03	3.287191e+00
2.188000e-05	3.117593e-02	3.400155e+00
2.189000e-05	-2.459976e-04	3.527845e+00
2.190000e-05	-1.976274e-02	3.609998e+00
2.191000e-05	-3.120657e-02	3.686290e+00
2.192000e-05	-3.677316e-02	3.779076e+00
2.193000e-05	5.661954e-02	3.893282e+00
2.194000e-05	1.103498e-02	3.969994e+00
2.195000e-05	-5.772278e-02	4.001105e+00
2.196000e-05	-1.746168e-02	4.106816e+00
2.197000e-05	2.075973e-02	4.260104e+00
2.198000e-05	1.972383e-02	4.328342e+00
2.199000e-05	-3.250861e-02	4.410950e+00
2.200000e-05	-3.477798e-02	4.525784e+00
2.201000e-05	-1.622927e-02	4.568475e+00
2.202000e-05	3.106110e-02	4.631150e+00
2.203000e-05	3.714153e-03	4.686290e+00
2.204000e-05	-3.311321e-02	4.789924e+00
2.205000e-05	-2.974072e-02	4.840600e+00
2.206000e-05	7.316923e-03	4.946889e+00
2.207000e-05	1.695090e-02	5.001603e+00
2.208000e-05	-1.765648e-02	5.105261e+00
2.209000e-05	-3.466538e-02	5.209975e+00
2.210000e-05	-1.993349e-02	5.274136e+00
2.211000e-05	2.149749e-02	5.317915e+00
2.212000e-05	-3.411823e-04	5.379021e+00
2.213000e-05	-2.603896e-02	5.431078e+00
2.214000e-05	-3.076999e-02	5.505738e+00
2.215000e-05	-2.990170e-03	5.547418e+00
2.216000e-05	1.258966e-02	5.598450e+00
2.217000e-05	-1.048697e-02	5.601501e+00
2.218000e-05	-3.119784e-02	5.642604e+00
2.219000e-05	-2.342920e-02	5.685291e+00
2.220000e-05	8.421627e-03	5.717765e+00
2.221000e-05	1.656117e-03	5.769924e+00
2.222000e-05	-2.216913e-02	5.875227e+00
2.223000e-05	-3.194762e-02	5.948314e+00
2.224000e-05	-8.982376e-03	5.979471e+00
2.225000e-05	6.305153e-03	5.989450e+00
2.226000e-05	-1.000875e-02	5.990499e+00
2.227000e-05	-2.837745e-02	6.012125e+00
2.228000e-05	-2.513987e-02	6.021604e+00
2.229000e-05	-1.103538e-03	6.023178e+00
2.230000e-05	-2.311761e-03	6.034133e+00
2.231000e-05	-1.720750e-02	6.074186e+00
2.232000e-05	-2.970916e-02	6.137366e+00
2.233000e-05	-1.487891e-02	6.166862e+00
2.234000e-05	-1.120533e-03	6.148393e+00
2.235000e-05	-7.654064e-03	6.128441e+00
2.236000e-05	-2.623168e-02	6.148469e+00
2.237000e-05	-2.793216e-02	6.169470e+00
2.238000e-05	-8.933760e-03	6.179921e+00
2.239000e-05	-3.845034e-03	6.138419e+00
2.240000e-05	-1.599305e-02	6.118442e+00
2.241000e-05	-2.951125e-02	6.128466e+00
2.242000e-05	-2.032688e-02	6.168917e+00
2.243000e-05	-7.555960e-03	6.138845e+00
2.244000e-05	-1.081294e-02	6.066812e+00
2.245000e-05	-2.412095e-02	6.114712e+00
2.246000e-05	-2.800974e-02	6.086812e+00
2.247000e-05	-1.564064e-02	6.075181e+00
2.248000e-05	-7.724375e-03	6.044153e+00
2.249000e-05	-1.613685e-02	6.041078e+00
2.250000e-05	-2.843365e-02	6.010078e+00
2.251000e-05	-2.502839e-02	6.001551e+00
2.252000e-05	-1.302706e-02	6.009574e+00
2.253000e-05	-1.232108e-02	5.989399e+00
2.254000e-05	-2.313069e-02	5.975819e+00
2.255000e-05	-2.936377e-02	5.916866e+00
2.256000e-05	-2.030659e-02	5.873233e+00
2.257000e-05	-1.188872e-02	5.758558e+00
2.258000e-05	-1.636336e-02	5.715839e+00
2.259000e-05	-2.611426e-02	5.643105e+00
2.260000e-05	-2.526767e-02	5.613051e+00
2.261000e-05	-1.630814e-02	5.579475e+00
2.262000e-05	-1.441034e-02	5.597947e+00
2.263000e-05	-2.253520e-02	5.505888e+00
2.264000e-05	-2.810333e-02	5.452130e+00
2.265000e-05	-2.202244e-02	5.412550e+00
2.266000e-05	-1.282671e-02	5.380916e+00
2.267000e-05	-1.487038e-02	5.275239e+00
2.268000e-05	-2.361587e-02	5.252678e+00
2.269000e-05	-2.517276e-02	5.169024e+00
2.270000e-05	-1.817726e-02	5.073237e+00
2.271000e-05	-1.312340e-02	5.001045e+00
2.272000e-05	-1.843339e-02	4.853678e+00
2.273000e-05	-2.398019e-02	4.809475e+00
2.274000e-05	-2.039583e-02	4.767367e+00
2.275000e-05	-1.269182e-02	4.695713e+00
2.276000e-05	-1.255569e-02	4.590976e+00
2.277000e-05	-1.944921e-02	4.537866e+00
2.278000e-05	-2.024470e-02	4.442658e+00
2.279000e-05	-1.432810e-02	4.409999e+00
2.280000e-05	-1.019718e-02	4.357846e+00
2.281000e-05	-1.345634e-02	4.224201e+00
2.282000e-05	-1.856607e-02	4.147313e+00
2.283000e-05	-1.774929e-02	4.031026e+00
2.284000e-05	-1.126454e-02	3.967943e+00
2.285000e-05	-9.780615e-03	3.884104e+00
2.286000e-05	-1.527725e-02	3.768951e+00
2.287000e-05	-1.634386e-02	3.684784e+00
2.288000e-05	-1.217228e-02	3.641527e+00
2.289000e-05	-7.249651e-03	3.548370e+00
2.290000e-05	-9.580036e-03	3.473251e+00
2.291000e-05	-1.475797e-02	3.305767e+00
2.292000e-05	-1.454030e-02	3.190476e+00
2.293000e-05	-9.615058e-03	3.124767e+00
2.294000e-05	-6.785375e-03	3.043003e+00
2.295000e-05	-1.115512e-02	2.947888e+00
2.296000e-05	-1.213693e-02	2.862555e+00
2.297000e-05	-1.033828e-02	2.788468e+00
2.298000e-05	-5.606821e-03	2.662528e+00
2.299000e-05	-7.020689e-03	2.516763e+00
2.300000e-05	-7.793944e-03	2.390001e+00
2.301000e-05	-1.171059e-02	2.284790e+00
2.302000e-05	-8.126373e-03	2.187971e+00
2.303000e-05	-6.741384e-03	2.075210e+00
2.304000e-05	-7.117882e-03	1.990050e+00
2.305000e-05	-9.668873e-03	1.917213e+00
2.306000e-05	-9.731288e-03	1.807351e+00
2.307000e-05	-6.062938e-03	1.673789e+00
2.308000e-05	-3.239364e-03	1.538863e+00
2.309000e-05	-4.984279e-03	1.410505e+00
2.310000e-05	-7.244882e-03	1.326813e+00
2.311000e-05	-6.538153e-03	1.181097e+00
2.312000e-05	-4.685455e-03	1.084261e+00
2.313000e-05	-5.568829e-03	8.752403e-01
2.314000e-05	-8.623346e-03	8.005497e-01
2.315000e-05	-8.261324e-03	6.952354e-01
2.316000e-05	-4.608736e-03	5.899771e-01
2.317000e-05	-1.943884e-03	4.551564e-01
2.318000e-05	-2.786820e-03	3.994761e-01
2.319000e-05	-4.673622e-03	2.647091e-01
2.320000e-05	-5.923983e-03	1.168615e-01
2.321000e-05	-3.165064e-03	-1.850013e-02
2.322000e-05	-2.250338e-03	-1.251646e-01
2.323000e-05	-3.289537e-03	-1.980028e-01
2.324000e-05	-4.106936e-03	-3.057647e-01
2.325000e-05	-3.309773e-04	-3.799476e-01
2.326000e-05	1.444801e-03	-4.717346e-01
2.327000e-05	-2.002702e-03	-6.581005e-01
2.328000e-05	-5.166925e-03	-7.778686e-01
2.329000e-05	3.029679e-03	-8.110581e-01
2.330000e-05	4.031248e-02	-9.152661e-01
2.331000e-05	3.344879e-02	-1.092163e+00
2.332000e-05	-3.762183e-02	-1.304215e+00
2.333000e-05	-9.839767e-02	-1.526213e+00
2.334000e-05	2.261243e-02	-1.526817e+00
2.335000e-05	6.829971e-02	-1.556317e+00
2.336000e-05	-1.302159e-02	-1.712663e+00
2.337000e-05	-1.025297e-01	-1.851530e+00
2.338000e-05	1.006622e-01	-1.850608e+00
2.339000e-05	-3.703585e-02	-1.915369e+00
2.340000e-05	-6.881785e-02	-2.125890e+00
2.341000e-05	1.220218e-01	-2.274711e+00
2.342000e-05	-8.791896e-03	-2.348869e+00
2.343000e-05	-1.779631e-01	-2.461132e+00
2.344000e-05	9.357146e-02	-2.546891e+00
2.345000e-05	9.109184e-02	-2.621683e+00
2.346000e-05	-1.067117e-01	-2.748446e+00
2.347000e-05	-1.185815e-03	-2.800028e+00
2.348000e-05	2.245218e-02	-2.917444e+00
2.349000e-05	-1.034154e-02	-3.105338e+00
2.350000e-05	6.079071e-02	-3.179950e+00
2.351000e-05	-4.542399e-02	-3.281760e+00
2.352000e-05	-6.576435e-02	-3.389548e+00
2.353000e-05	9.764038e-02	-3.451709e+00
2.354000e-05	-1.853920e-02	-3.527892e+00
2.355000e-05	-1.138494e-02	-3.599553e+00
2.356000e-05	1.991731e-02	-3.695769e+00
2.357000e-05	-6.813635e-02	-3.831608e+00
2.358000e-05	3.784539e-02	-3.998421e+00
2.359000e-05	7.002359e-02	-4.010603e+00
2.360000e-05	-4.813895e-02	-4.097865e+00
2.361000e-05	-2.357724e-02	-4.188445e+00
2.362000e-05	1.509572e-02	-4.263709e+00
2.363000e-05	2.819383e-02	-4.379423e+00
2.364000e-05	1.704216e-02	-4.400026e+00
2.365000e-05	-4.776483e-02	-4.513260e+00
2.366000e-05	-4.921478e-03	-4.551426e+00
2.367000e-05	3.084092e-02	-4.714186e+00
2.368000e-05	2.163635e-02	-4.697317e+00
2.369000e-05	6.276551e-03	-4.807464e+00
2.370000e-05	-4.037022e-02	-4.893212e+00
2.371000e-05	1.368964e-02	-5.008974e+00
2.372000e-05	2.609062e-02	-5.041527e+00
2.373000e-05	6.476852e-03	-5.114288e+00
2.374000e-05	-9.336140e-03	-5.168391e+00
2.375000e-05	-2.194496e-02	-5.230654e+00
2.376000e-05	2.327921e-02	-5.295790e+00
2.377000e-05	3.146418e-02	-5.431526e+00
2.378000e-05	-5.176245e-03	-5.497810e+00
2.379000e-05	-1.297833e-02	-5.567924e+00
2.380000e-05	-4.464475e-03	-5.610499e+00
2.381000e-05	2.240095e-02	-5.620203e+00
2.382000e-05	2.282245e-02	-5.714736e+00
2.383000e-05	-1.553812e-02	-5.737343e+00
2.384000e-05	-8.307677e-03	-5.778994e+00
2.385000e-05	9.391827e-03	-5.802051e+00
2.386000e-05	2.868671e-02	-5.863257e+00
2.387000e-05	8.581185e-03	-5.875266e+00
2.388000e-05	-1.852861e-02	-5.948393e+00
2.389000e-05	2.847635e-03	-5.989498e+00
2.390000e-05	1.955061e-02	-5.989525e+00
2.391000e-05	2.055340e-02	-6.000550e+00
2.392000e-05	-4.119252e-03	-6.000079e+00
2.393000e-05	-1.000162e-02	-6.070155e+00
2.394000e-05	1.202345e-02	-6.074206e+00
2.395000e-05	2.077784e-02	-6.062337e+00
2.396000e-05	1.107309e-02	-6.138891e+00
2.397000e-05	-3.833813e-03	-6.138470e+00
2.398000e-05	-8.765221e-04	-6.229573e+00
2.399000e-05	1.835572e-02	-6.231601e+00
2.400000e-05	2.078509e-02	-6.223081e+00
2.401000e-05	4.249014e-03	-6.300683e+00
2.402000e-05	-5.144342e-03	-6.273285e+00
2.403000e-05	6.370723e-03	-6.283756e+00
2.404000e-05	2.110069e-02	-6.304628e+00
2.405000e-05	1.559862e-02	-6.315237e+00
2.406000e-05	5.380800e-04	-6.295713e+00
2.407000e-05	1.596571e-03	-6.313212e+00
2.408000e-05	1.552101e-02	-6.263655e+00
2.409000e-05	2.170831e-02	-6.272732e+00
2.410000e-05	7.819758e-03	-6.271136e+00
2.411000e-05	1.602848e-04	-6.222122e+00
2.412000e-05	7.326714e-03	-6.188949e+00
2.413000e-05	2.054291e-02	-6.197491e+00
2.414000e-05	1.829342e-02	-6.107391e+00
2.415000e-05	4.528223e-03	-6.082336e+00
2.416000e-05	3.292108e-03	-6.052133e+00
2.417000e-05	1.489876e-02	-6.031575e+00
2.418000e-05	2.200160e-02	-6.040028e+00
2.419000e-05	1.307896e-02	-5.990051e+00
2.420000e-05	4.330252e-03	-5.979000e+00
2.421000e-05	9.057335e-03	-5.988920e+00
2.422000e-05	1.931123e-02	-5.945368e+00
2.423000e-05	1.921505e-02	-5.915709e+00
2.424000e-05	8.228760e-03	-5.832057e+00
2.425000e-05	5.329875e-03	-5.811021e+00
2.426000e-05	1.280766e-02	-5.768417e+00
2.427000e-05	2.077832e-02	-5.755268e+00
2.428000e-05	1.513723e-02	-5.653159e+00
2.429000e-05	7.530551e-03	-5.609554e+00
2.430000e-05	8.565430e-03	-5.588975e+00
2.431000e-05	1.721344e-02	-5.598396e+00
2.432000e-05	1.905433e-02	-5.504232e+00
2.433000e-05	9.573294e-03	-5.369071e+00
2.434000e-05	5.782976e-03	-5.292788e+00
2.435000e-05	1.023858e-02	-5.241550e+00
2.436000e-05	1.710183e-02	-5.167845e+00
2.437000e-05	1.444559e-02	-5.074110e+00
2.438000e-05	7.006311e-03	-5.031080e+00
2.439000e-05	5.547379e-03	-4.967372e+00
2.440000e-05	1.317949e-02	-4.872031e+00
2.441000e-05	1.495474e-02	-4.735934e+00
2.442000e-05	9.342951e-03	-4.684205e+00
2.443000e-05	3.600020e-03	-4.609075e+00
2.444000e-05	5.755815e-03	-4.547368e+00
2.445000e-05	1.152783e-02	-4.471607e+00
2.446000e-05	9.905058e-03	-4.430029e+00
2.447000e-05	5.211247e-03	-4.356845e+00
2.448000e-05	3.562563e-03	-4.264158e+00
2.449000e-05	7.886122e-03	-4.228500e+00
2.450000e-05	1.094044e-02	-4.123763e+00
2.451000e-05	6.793815e-03	-4.022101e+00
2.452000e-05	2.446537e-03	-3.927392e+00
2.453000e-05	2.381070e-03	-3.881628e+00
2.454000e-05	6.610476e-03	-3.755788e+00
2.455000e-05	7.100013e-03	-3.609528e+00
2.456000e-05	2.613186e-03	-3.558920e+00
2.457000e-05	-7.580446e-04	-3.461633e+00
2.458000e-05	2.310305e-03	-3.366916e+00
2.459000e-05	5.844083e-03	-3.222634e+00
2.460000e-05	4.201318e-03	-3.189000e+00
2.461000e-05	1.302173e-04	-3.117292e+00
2.462000e-05	5.073596e-04	-2.929392e+00
2.463000e-05	3.981894e-03	-2.822106e+00
2.464000e-05	3.827487e-03	-2.776794e+00
2.465000e-05	-3.357817e-04	-2.631656e+00
2.466000e-05	-3.824231e-03	-2.527871e+00
2.467000e-05	-2.030275e-03	-2.413103e+00
2.468000e-05	1.194343e-03	-2.388821e+00
2.469000e-05	2.567251e-03	-2.279653e+00
2.470000e-05	-2.114771e-03	-2.084284e+00
2.471000e-05	-2.705517e-03	-1.969024e+00
2.472000e-05	4.156538e-04	-1.863161e+00
2.473000e-05	3.424522e-03	-1.808995e+00
2.474000e-05	-6.165382e-04	-1.704184e+00
2.475000e-05	-4.627579e-03	-1.570525e+00
2.476000e-05	-5.001859e-03	-1.533135e+00
2.477000e-05	-5.853368e-04	-1.347387e+00
2.478000e-05	-8.981640e-04	-1.198896e+00
2.479000e-05	-4.004570e-03	-1.064684e+00
2.480000e-05	-5.881773e-03	-9.748470e-01
2.481000e-05	-1.020265e-03	-8.515802e-01
2.482000e-05	1.876072e-03	-7.393958e-01
2.483000e-05	-1.165036e-03	-6.432073e-01
2.484000e-05	-6.076916e-03	-4.936852e-01
2.485000e-05	-6.599390e-03	-4.004210e-01
2.486000e-05	-3.047208e-03	-2.521604e-01
2.487000e-05	-1.834178e-03	-2.105000e-01
2.488000e-05	-3.989462e-03	1.000000e-02
2.489000e-05	-3.706934e-03	1.107901e-02
2.490000e-05	-1.043439e-03	1.183137e-01
2.491000e-05	2.966383e-03	3.148409e-01
2.492000e-05	3.797842e-04	3.994513e-01
2.493000e-05	-3.993190e-03	4.621332e-01
2.494000e-05	-5.334453e-03	6.084986e-01
2.495000e-05	-5.075482e-04	6.853084e-01
2.496000e-05	1.554583e-02	7.909239e-01
2.497000e-05	4.190510e-02	8.953196e-01
2.498000e-05	-1.041644e-02	1.103815e+00
2.499000e-05	-5.343358e-02	1.284156e+00
2.500000e-05	-9.335858e-02	1.368365e+00
2.501000e-05	7.837425e-02	1.391180e+00
2.502000e-05	3.988742e-02	1.580974e+00
2.503000e-05	-8.944950e-02	1.784315e+00
2.504000e-05	-3.355978e-03	1.748419e+00
2.505000e-05	7.956123e-02	1.923260e+00
2.506000e-05	-5.474155e-02	1.990525e+00
2.507000e-05	-2.070071e-02	2.031578e+00
2.508000e-05	1.054944e-01	2.157899e+00
2.509000e-05	-1.051894e-01	2.294738e+00
2.510000e-05	-8.094331e-02	2.422475e+00
2.511000e-05	1.247914e-01	2.423178e+00
2.512000e-05	1.701265e-02	2.560047e+00
2.513000e-05	-9.282892e-02	2.725391e+00
2.514000e-05	1.146139e-02	2.842654e+00
2.515000e-05	-1.187657e-02	2.888341e+00
2.516000e-05	2.024383e-02	3.010975e+00
2.517000e-05	2.216081e-02	3.114762e+00
2.518000e-05	-6.817542e-02	3.211503e+00
2.519000e-05	-6.148107e-03	3.233190e+00
2.520000e-05	3.872047e-02	3.379599e+00
2.521000e-05	-2.288420e-04	3.524891e+00
2.522000e-05	-1.828105e-02	3.611102e+00
2.523000e-05	-2.551265e-02	3.676766e+00
2.524000e-05	-4.589030e-02	3.811475e+00
2.525000e-05	5.366906e-02	3.862658e+00
2.526000e-05	1.769450e-02	3.958370e+00
2.527000e-05	-5.263357e-02	4.010575e+00
2.528000e-05	-2.782792e-02	4.135818e+00
2.529000e-05	2.028660e-02	4.209551e+00
2.530000e-05	2.244953e-02	4.355264e+00
2.531000e-05	-2.631570e-02	4.410080e+00
2.532000e-05	-3.683713e-02	4.505814e+00
2.533000e-05	-2.082429e-02	4.578422e+00
2.534000e-05	3.017201e-02	4.640104e+00
2.535000e-05	7.499318e-03	4.704215e+00
2.536000e-05	-2.908302e-02	4.778420e+00
2.537000e-05	-3.567997e-02	4.821154e+00
2.538000e-05	5.125540e-03	4.924312e+00
2.539000e-05	1.845386e-02	5.022623e+00
2.540000e-05	-1.306955e-02	5.154840e+00
2.541000e-05	-3.530942e-02	5.209976e+00
2.542000e-05	-2.334492e-02	5.273128e+00
2.543000e-05	2.014538e-02	5.346241e+00
2.544000e-05	3.210436e-03	5.399371e+00
2.545000e-05	-2.324189e-02	5.421024e+00
2.546000e-05	-3.491417e-02	5.485258e+00
2.547000e-05	-6.180188e-03	5.538845e+00
2.548000e-05	1.251915e-02	5.568971e+00
2.549000e-05	-6.733804e-03	5.599500e+00
2.550000e-05	-3.024760e-02	5.633157e+00
2.551000e-05	-2.720098e-02	5.695262e+00
2.552000e-05	6.621620e-03	5.766793e+00
2.553000e-05	4.731775e-03	5.781094e+00
2.554000e-05	-1.865530e-02	5.852610e+00
2.555000e-05	-3.355005e-02	5.946789e+00
2.556000e-05	-1.080775e-02	5.987423e+00
2.557000e-05	5.839383e-03	5.988998e+00
2.558000e-05	-6.115565e-03	5.979996e+00
2.559000e-05	-2.811522e-02	6.011003e+00
2.560000e-05	-2.725854e-02	6.020608e+00
2.561000e-05	-2.664027e-03	6.044079e+00
2.562000e-05	-6.191593e-05	6.094162e+00
2.563000e-05	-1.505481e-02	6.092686e+00
2.564000e-05	-3.019525e-02	6.075311e+00
2.565000e-05	-1.764964e-02	6.167893e+00
2.566000e-05	-1.492910e-03	6.127763e+00
2.567000e-05	-6.135836e-03	6.135872e+00
2.568000e-05	-2.524469e-02	6.157416e+00
2.569000e-05	-2.908045e-02	6.107997e+00
2.570000e-05	-1.073971e-02	6.158424e+00
2.571000e-05	-2.692921e-03	6.187370e+00
2.572000e-05	-1.397261e-02	6.147369e+00
2.573000e-05	-2.877038e-02	6.158394e+00
2.574000e-05	-2.190245e-02	6.169420e+00
2.575000e-05	-7.466772e-03	6.117421e+00
2.576000e-05	-8.611219e-03	6.097391e+00
2.577000e-05	-2.329355e-02	6.095762e+00
2.578000e-05	-2.981221e-02	6.083257e+00
2.579000e-05	-1.682330e-02	6.073207e+00
2.580000e-05	-7.563623e-03	6.063178e+00
2.581000e-05	-1.468665e-02	6.010604e+00
2.582000e-05	-2.869878e-02	6.021103e+00
2.583000e-05	-2.600139e-02	6.001049e+00
2.584000e-05	-1.389005e-02	6.001049e+00
2.585000e-05	-1.061845e-02	5.978971e+00
2.586000e-05	-2.234128e-02	5.977945e+00
2.587000e-05	-3.004544e-02	5.886741e+00
2.588000e-05	-2.076055e-02	5.867252e+00
2.589000e-05	-1.250415e-02	5.732570e+00
2.590000e-05	-1.512646e-02	5.707336e+00
2.591000e-05	-2.603851e-02	5.642654e+00
2.592000e-05	-2.649439e-02	5.620051e+00
2.593000e-05	-1.728936e-02	5.590524e+00
2.594000e-05	-1.348860e-02	5.578967e+00
2.595000e-05	-2.108297e-02	5.495788e+00
2.596000e-05	-2.737465e-02	5.502606e+00
2.597000e-05	-2.325032e-02	5.420625e+00
2.598000e-05	-1.498552e-02	5.379446e+00
2.599000e-05	-1.422310e-02	5.346214e+00
2.600000e-05	-2.322929e-02	5.211054e+00
2.601000e-05	-2.531355e-02	5.179448e+00
2.602000e-05	-1.797696e-02	5.076831e+00
2.603000e-05	-1.237026e-02	4.910042e+00
2.604000e-05	-1.700259e-02	4.854132e+00
2.605000e-05	-2.350549e-02	4.800501e+00
2.606000e-05	-2.116115e-02	4.769895e+00
2.607000e-05	-1.481980e-02	4.705187e+00
2.608000e-05	-1.315589e-02	4.651052e+00
2.609000e-05	-1.814844e-02	4.537790e+00
2.610000e-05	-2.146699e-02	4.444580e+00
2.611000e-05	-1.576239e-02	4.410026e+00
2.612000e-05	-1.029600e-02	4.356894e+00
2.613000e-05	-1.231096e-02	4.312104e+00
2.614000e-05	-1.862455e-02	4.105263e+00
2.615000e-05	-1.772153e-02	4.011576e+00
2.616000e-05	-1.296808e-02	3.936841e+00
2.617000e-05	-9.540451e-03	3.864236e+00
2.618000e-05	-1.406157e-02	3.791948e+00
2.619000e-05	-1.766718e-02	3.714714e+00
2.620000e-05	-1.320228e-02	3.612526e+00
2.621000e-05	-7.172984e-03	3.557916e+00
2.622000e-05	-7.988617e-03	3.442580e+00
2.623000e-05	-1.464593e-02	3.317235e+00
2.624000e-05	-1.521032e-02	3.220499e+00
2.625000e-05	-9.190424e-03	3.085338e+00
2.626000e-05	-5.360229e-03	3.011606e+00
2.627000e-05	-1.050499e-02	2.938468e+00
2.628000e-05	-1.394629e-02	2.852630e+00
2.629000e-05	-1.145533e-02	2.768446e+00
2.630000e-05	-5.570895e-03	2.663606e+00
2.631000e-05	-6.029740e-03	2.456233e+00
2.632000e-05	-1.078740e-02	2.381929e+00
2.633000e-05	-1.224525e-02	2.275262e+00
2.634000e-05	-7.112797e-03	2.210527e+00
2.635000e-05	-3.993370e-03	2.116258e+00
2.636000e-05	-6.858902e-03	2.002077e+00
2.637000e-05	-1.060621e-02	1.926311e+00
2.638000e-05	-8.784849e-03	1.800426e+00
2.639000e-05	-4.513494e-03	1.735182e+00
2.640000e-05	-4.013475e-03	1.559447e+00
2.641000e-05	-7.863511e-03	1.452102e+00
2.642000e-05	-9.646216e-03	1.327890e+00
2.643000e-05	-6.013064e-03	1.261999e+00
2.644000e-05	-2.834301e-03	1.107208e+00
2.645000e-05	-4.022139e-03	9.472132e-01
2.646000e-05	-7.247623e-03	8.210785e-01
2.647000e-05	-7.415602e-03	6.858104e-01
2.648000e-05	-4.836110e-03	5.885260e-01
2.649000e-05	-3.482506e-03	4.847604e-01
2.650000e-05	-6.222777e-03	3.804487e-01
2.651000e-05	-7.306012e-03	3.367603e-01
2.652000e-05	-5.434546e-03	1.162645e-01
2.653000e-05	-1.515776e-03	-9.495128e-03
2.654000e-05	-1.068317e-04	-8.373841e-02
2.655000e-05	-1.759024e-03	-1.894439e-01
2.656000e-05	-2.994272e-03	-3.137360e-01
2.657000e-05	-2.038075e-03	-3.984464e-01
2.658000e-05	-1.486829e-03	-4.921834e-01
2.659000e-05	-2.353605e-03	-6.195017e-01
2.660000e-05	-4.833614e-03	-7.163673e-01
2.661000e-05	1.165589e-04	-8.311081e-01
2.662000e-05	3.410448e-02	-8.847635e-01
2.663000e-05	4.234479e-02	-1.043681e+00
2.664000e-05	-3.233780e-02	-1.251131e+00
2.665000e-05	-8.873068e-02	-1.501787e+00
2.666000e-05	-4.003700e-03	-1.514292e+00
2.667000e-05	7.482824e-02	-1.546393e+00
2.668000e-05	3.531804e-03	-1.621610e+00
2.669000e-05	-1.182667e-01	-1.831628e+00
2.670000e-05	9.220873e-02	-1.842107e+00
2.671000e-05	-2.826146e-02	-1.896792e+00
2.672000e-05	-7.808801e-02	-2.106820e+00
2.673000e-05	1.097163e-01	-2.253715e+00
2.674000e-05	1.999502e-02	-2.315745e+00
2.675000e-05	-1.768246e-01	-2.431579e+00
2.676000e-05	7.363517e-02	-2.567417e+00
2.677000e-05	1.147387e-01	-2.621185e+00
2.678000e-05	-9.381088e-02	-2.746920e+00
2.679000e-05	-2.123232e-02	-2.809005e+00
2.680000e-05	3.298275e-02	-2.874866e+00
2.681000e-05	-1.909810e-02	-3.065813e+00
2.682000e-05	6.086126e-02	-3.199449e+00
2.683000e-05	-2.959194e-02	-3.261110e+00
2.684000e-05	-7.919855e-02	-3.388470e+00
2.685000e-05	9.214806e-02	-3.441130e+00
2.686000e-05	-4.396313e-03	-3.537367e+00
2.687000e-05	-1.878845e-02	-3.629476e+00
2.688000e-05	2.549367e-02	-3.672760e+00
2.689000e-05	-6.361081e-02	-3.850101e+00
2.690000e-05	1.885324e-02	-3.967949e+00
2.691000e-05	8.076438e-02	-4.041529e+00
2.692000e-05	-4.172259e-02	-4.135839e+00
2.693000e-05	-2.997319e-02	-4.129001e+00
2.694000e-05	1.536091e-02	-4.222660e+00
2.695000e-05	2.531632e-02	-4.347898e+00
2.696000e-05	2.376464e-02	-4.410025e+00
2.697000e-05	-4.561604e-02	-4.493683e+00
2.698000e-05	-1.222600e-02	-4.569445e+00
2.699000e-05	2.911259e-02	-4.713057e+00
2.700000e-05	2.172472e-02	-4.695817e+00
2.701000e-05	1.189364e-02	-4.767466e+00
2.702000e-05	-3.720217e-02	-4.882732e+00
2.703000e-05	7.593128e-03	-4.968875e+00
2.704000e-05	2.739266e-02	-5.023079e+00
2.705000e-05	6.963423e-03	-5.125787e+00
2.706000e-05	-8.017227e-03	-5.147921e+00
2.707000e-05	-2.322874e-02	-5.250608e+00
2.708000e-05	1.578629e-02	-5.282212e+00
2.709000e-05	3.637964e-02	-5.448579e+00
2.710000e-05	-2.054929e-03	-5.536213e+00
2.711000e-05	-1.064101e-02	-5.538973e+00
2.712000e-05	-4.548808e-03	-5.610002e+00
2.713000e-05	1.817723e-02	-5.631033e+00
2.714000e-05	2.465376e-02	-5.704285e+00
2.715000e-05	-1.560223e-02	-5.696320e+00
2.716000e-05	-1.074920e-02	-5.789045e+00
2.717000e-05	6.394394e-03	-5.811077e+00
2.718000e-05	2.855164e-02	-5.853155e+00
2.719000e-05	1.455336e-02	-5.885783e+00
2.720000e-05	-1.549344e-02	-5.937893e+00
2.721000e-05	3.024956e-04	-5.946896e+00
2.722000e-05	1.740828e-02	-5.999974e+00
2.723000e-05	2.031253e-02	-6.011026e+00
2.724000e-05	-2.685938e-03	-6.032050e+00
2.725000e-05	-1.170496e-02	-6.052608e+00
2.726000e-05	8.837650e-03	-6.103136e+00
2.727000e-05	2.205129e-02	-6.131707e+00
2.728000e-05	1.452356e-02	-6.166368e+00
2.729000e-05	-2.871383e-03	-6.130452e+00
2.730000e-05	-3.960353e-03	-6.181076e+00
2.731000e-05	1.460955e-02	-6.200104e+00
2.732000e-05	2.152149e-02	-6.240676e+00
2.733000e-05	5.579518e-03	-6.262782e+00
2.734000e-05	-4.388562e-03	-6.315263e+00
2.735000e-05	4.070949e-03	-6.315762e+00
2.736000e-05	2.106827e-02	-6.286285e+00
2.737000e-05	1.803165e-02	-6.323289e+00
2.738000e-05	1.060639e-03	-6.324160e+00
2.739000e-05	-2.735272e-04	-6.314311e+00
2.740000e-05	1.339916e-02	-6.264637e+00
2.741000e-05	2.230832e-02	-6.323277e+00
2.742000e-05	1.129273e-02	-6.262607e+00
2.743000e-05	2.221061e-03	-6.240107e+00
2.744000e-05	5.193130e-03	-6.179098e+00
2.745000e-05	1.938598e-02	-6.198452e+00
2.746000e-05	1.989194e-02	-6.175988e+00
2.747000e-05	6.966818e-03	-6.076189e+00
2.748000e-05	1.646628e-03	-6.063233e+00
2.749000e-05	1.256160e-02	-6.033105e+00
2.750000e-05	2.437444e-02	-6.000026e+00
2.751000e-05	1.523278e-02	-6.010525e+00
2.752000e-05	4.283338e-03	-5.988450e+00
2.753000e-05	6.323799e-03	-5.999471e+00
2.754000e-05	2.012467e-02	-5.938341e+00
2.755000e-05	2.038977e-02	-5.905787e+00
2.756000e-05	9.496025e-03	-5.852607e+00
2.757000e-05	3.753149e-03	-5.829975e+00
2.758000e-05	1.306259e-02	-5.738420e+00
2.759000e-05	2.287922e-02	-5.786315e+00
2.760000e-05	1.757585e-02	-5.672183e+00
2.761000e-05	6.359806e-03	-5.642478e+00
2.762000e-05	5.091242e-03	-5.608526e+00
2.763000e-05	1.671104e-02	-5.558294e+00
2.764000e-05	1.931691e-02	-5.533608e+00
2.765000e-05	1.075163e-02	-5.369050e+00
2.766000e-05	5.433305e-03	-5.305214e+00
2.767000e-05	1.080057e-02	-5.242130e+00
2.768000e-05	1.807435e-02	-5.198473e+00
2.769000e-05	1.550211e-02	-5.095211e+00
2.770000e-05	6.542079e-03	-5.032057e+00
2.771000e-05	3.918364e-03	-4.968470e+00
2.772000e-05	1.206825e-02	-4.903655e+00
2.773000e-05	1.543491e-02	-4.786519e+00
2.774000e-05	1.035700e-02	-4.654104e+00
2.775000e-05	3.699004e-03	-4.630575e+00
2.776000e-05	6.488733e-03	-4.577348e+00
2.777000e-05	1.250571e-02	-4.463134e+00
2.778000e-05	1.187170e-02	-4.410503e+00
2.779000e-05	3.891780e-03	-4.386372e+00
2.780000e-05	7.162054e-04	-4.253708e+00
2.781000e-05	7.378402e-03	-4.209520e+00
2.782000e-05	1.044261e-02	-4.115761e+00
2.783000e-05	7.836068e-03	-4.062028e+00
2.784000e-05	1.944208e-03	-3.967418e+00
2.785000e-05	2.478618e-03	-3.855207e+00
2.786000e-05	7.801241e-03	-3.744815e+00
2.787000e-05	7.606125e-03	-3.600054e+00
2.788000e-05	2.167676e-03	-3.556969e+00
2.789000e-05	-1.489144e-03	-3.483684e+00
2.790000e-05	1.116596e-03	-3.359470e+00
2.791000e-05	6.074503e-03	-3.294687e+00
2.792000e-05	4.414541e-03	-3.210025e+00
2.793000e-05	1.436618e-03	-3.154761e+00
2.794000e-05	-1.575971e-04	-2.959422e+00
2.795000e-05	3.816197e-03	-2.842055e+00
2.796000e-05	3.333965e-03	-2.768893e+00
2.797000e-05	4.747172e-04	-2.671635e+00
2.798000e-05	-3.750624e-03	-2.558392e+00
2.799000e-05	-1.066815e-03	-2.412630e+00
2.800000e-05	1.579211e-03	-2.388471e+00
2.801000e-05	2.195774e-03	-2.302134e+00
2.802000e-05	-2.579309e-03	-2.085759e+00
2.803000e-05	-3.186028e-03	-2.000525e+00
2.804000e-05	-5.511364e-04	-1.904761e+00
2.805000e-05	1.903526e-03	-1.808927e+00
2.806000e-05	-6.077098e-04	-1.685660e+00
2.807000e-05	-3.886932e-03	-1.621551e+00
2.808000e-05	-3.151164e-03	-1.515762e+00
2.809000e-05	-1.567921e-03	-1.364842e+00
2.810000e-05	-1.401190e-03	-1.218897e+00
2.811000e-05	-4.593792e-03	-1.043208e+00
2.812000e-05	-4.538926e-03	-9.669459e-01
2.813000e-05	-2.915197e-03	-8.630577e-01
2.814000e-05	6.345354e-04	-7.484946e-01
2.815000e-05	-1.063473e-03	-6.526311e-01
2.816000e-05	-3.661960e-03	-4.636329e-01
2.817000e-05	-4.564141e-03	-4.004734e-01
2.818000e-05	-3.691878e-03	-2.941578e-01
2.819000e-05	-2.984761e-03	-1.979482e-01
2.820000e-05	-3.903710e-03	-5.315895e-02
2.821000e-05	-2.374797e-03	-8.949672e-03
2.822000e-05	-9.985043e-04	1.168397e-01
2.823000e-05	1.408678e-03	2.842408e-01
2.824000e-05	-4.363355e-04	3.789501e-01
2.825000e-05	-3.121898e-03	4.416806e-01
2.826000e-05	-4.579820e-03	5.884425e-01
2.827000e-05	-1.220173e-03	6.537382e-01
2.828000e-05	1.242375e-02	8.199275e-01
2.829000e-05	4.258032e-02	9.148384e-01
2.830000e-05	-1.014940e-03	1.075690e+00
2.831000e-05	-4.865808e-02	1.281184e+00
2.832000e-05	-1.015153e-01	1.347399e+00
2.833000e-05	6.186510e-02	1.410525e+00
2.834000e-05	5.132033e-02	1.559494e+00
2.835000e-05	-7.047675e-02	1.715245e+00
2.836000e-05	-3.635810e-02	1.787945e+00
2.837000e-05	9.563223e-02	1.895786e+00
2.838000e-05	-4.854067e-02	2.029426e+00
2.839000e-05	-3.741664e-02	2.032130e+00
2.840000e-05	1.128980e-01	2.103841e+00
2.841000e-05	-8.563108e-02	2.284767e+00
2.842000e-05	-1.057779e-01	2.399497e+00
2.843000e-05	1.165415e-01	2.431580e+00
2.844000e-05	3.767786e-02	2.567976e+00
2.845000e-05	-9.445483e-02	2.725817e+00
2.846000e-05	1.015488e-02	2.830630e+00
2.847000e-05	-1.227657e-02	2.945340e+00
2.848000e-05	1.836753e-02	3.000549e+00
2.849000e-05	2.433815e-02	3.104261e+00
2.850000e-05	-6.141674e-02	3.209000e+00
2.851000e-05	-2.296851e-02	3.234132e+00
2.852000e-05	4.390747e-02	3.389471e+00
2.853000e-05	2.609389e-03	3.547762e+00
2.854000e-05	-1.682049e-02	3.579103e+00
2.855000e-05	-2.132075e-02	3.684786e+00
2.856000e-05	-5.093957e-02	3.790423e+00
2.857000e-05	4.952766e-02	3.843658e+00
2.858000e-05	2.350780e-02	3.977417e+00
2.859000e-05	-4.825089e-02	4.010104e+00
2.860000e-05	-3.736196e-02	4.096161e+00
2.861000e-05	2.077156e-02	4.180054e+00
2.862000e-05	2.324538e-02	4.306861e+00
2.863000e-05	-2.196482e-02	4.438977e+00
2.864000e-05	-3.786848e-02	4.472734e+00
2.865000e-05	-2.382784e-02	4.569896e+00
2.866000e-05	2.952209e-02	4.569526e+00
2.867000e-05	1.037299e-02	4.674713e+00
2.868000e-05	-2.473965e-02	4.788428e+00
2.869000e-05	-4.162216e-02	4.810029e+00
2.870000e-05	3.106829e-03	4.913282e+00
2.871000e-05	1.799274e-02	5.002053e+00
2.872000e-05	-7.640609e-03	5.106859e+00
2.873000e-05	-3.545814e-02	5.190029e+00
2.874000e-05	-2.583390e-02	5.222609e+00
2.875000e-05	1.910111e-02	5.286796e+00
2.876000e-05	7.748928e-03	5.398950e+00
2.877000e-05	-2.026844e-02	5.411056e+00
2.878000e-05	-3.714898e-02	5.503686e+00
2.879000e-05	-8.333131e-03	5.578341e+00
2.880000e-05	1.060236e-02	5.587918e+00
2.881000e-05	-3.074044e-03	5.579975e+00
2.882000e-05	-2.947644e-02	5.613153e+00
2.883000e-05	-2.809570e-02	5.674704e+00
2.884000e-05	5.990425e-03	5.757742e+00
2.885000e-05	8.245855e-03	5.790399e+00
2.886000e-05	-1.536234e-02	5.813152e+00
2.887000e-05	-3.717975e-02	5.924843e+00
2.888000e-05	-1.406677e-02	5.967423e+00
2.889000e-05	5.364258e-03	6.008999e+00
2.890000e-05	-1.804745e-03	5.989500e+00
2.891000e-05	-2.696517e-02	6.001078e+00
2.892000e-05	-2.802331e-02	6.012580e+00
2.893000e-05	-4.267479e-03	6.053557e+00
2.894000e-05	2.105746e-03	6.031633e+00
2.895000e-05	-1.288793e-02	6.043710e+00
2.896000e-05	-3.249515e-02	6.075683e+00
2.897000e-05	-1.962535e-02	6.126937e+00
2.898000e-05	-2.216459e-03	6.168896e+00
2.899000e-05	-2.268152e-03	6.137867e+00
2.900000e-05	-2.390617e-02	6.147420e+00
2.901000e-05	-2.985429e-02	6.149974e+00
2.902000e-05	-1.345574e-02	6.188445e+00
2.903000e-05	-1.839950e-03	6.138996e+00
2.904000e-05	-1.208195e-02	6.167943e+00
2.905000e-05	-2.912019e-02	6.167894e+00
2.906000e-05	-2.317577e-02	6.147917e+00
2.907000e-05	-8.756244e-03	6.117317e+00
2.908000e-05	-6.161601e-03	6.106816e+00
2.909000e-05	-2.216495e-02	6.095362e+00
2.910000e-05	-3.002991e-02	6.114742e+00
2.911000e-05	-1.932876e-02	6.075283e+00
2.912000e-05	-7.729056e-03	6.065183e+00
2.913000e-05	-1.331101e-02	6.053053e+00
2.914000e-05	-2.797771e-02	6.001026e+00
2.915000e-05	-2.742918e-02	6.001075e+00
2.916000e-05	-1.503075e-02	5.999999e+00
2.917000e-05	-9.003479e-03	5.958974e+00
2.918000e-05	-2.083666e-02	5.946942e+00
2.919000e-05	-2.982676e-02	5.936363e+00
2.920000e-05	-2.330674e-02	5.843383e+00
2.921000e-05	-1.315973e-02	5.813055e+00
2.922000e-05	-1.412892e-02	5.708391e+00
2.923000e-05	-2.547215e-02	5.632709e+00
2.924000e-05	-2.715881e-02	5.611101e+00
2.925000e-05	-1.857698e-02	5.590002e+00
2.926000e-05	-1.190367e-02	5.599420e+00
2.927000e-05	-1.933051e-02	5.515338e+00
2.928000e-05	-2.771332e-02	5.494179e+00
2.929000e-05	-2.416423e-02	5.400532e+00
2.930000e-05	-1.494223e-02	5.369998e+00
2.931000e-05	-1.355586e-02	5.296311e+00
2.932000e-05	-2.262727e-02	5.263675e+00
2.933000e-05	-2.635662e-02	5.160498e+00
2.934000e-05	-1.955592e-02	5.115286e+00
2.935000e-05	-1.259356e-02	5.001527e+00
2.936000e-05	-1.627411e-02	4.905680e+00
2.937000e-05	-2.349424e-02	4.789551e+00
2.938000e-05	-2.215916e-02	4.756897e+00
2.939000e-05	-1.439350e-02	4.683735e+00
2.940000e-05	-1.145368e-02	4.591551e+00
2.941000e-05	-1.852485e-02	4.547838e+00
2.942000e-05	-2.225815e-02	4.444154e+00
2.943000e-05	-1.714879e-02	4.420524e+00
2.944000e-05	-9.940890e-03	4.348368e+00
2.945000e-05	-1.192287e-02	4.254755e+00
2.946000e-05	-1.716076e-02	4.159363e+00
2.947000e-05	-1.803760e-02	4.051554e+00
2.948000e-05	-1.357599e-02	3.948394e+00
2.949000e-05	-9.915624e-03	3.885260e+00
2.950000e-05	-1.314722e-02	3.820475e+00
2.951000e-05	-1.577509e-02	3.697263e+00
2.952000e-05	-1.460218e-02	3.621604e+00
2.953000e-05	-9.629558e-03	3.568971e+00
2.954000e-05	-7.741141e-03	3.503256e+00
2.955000e-05	-1.163330e-02	3.297290e+00
2.956000e-05	-1.421621e-02	3.231054e+00
2.957000e-05	-1.081087e-02	3.137338e+00
2.958000e-05	-7.780077e-03	3.052654e+00
2.959000e-05	-8.951265e-03	2.997917e+00
2.960000e-05	-1.230644e-02	2.843204e+00
2.961000e-05	-1.233832e-02	2.757924e+00
2.962000e-05	-7.807474e-03	2.643655e+00
2.963000e-05	-6.021179e-03	2.508367e+00
2.964000e-05	-8.838177e-03	2.402925e+00
2.965000e-05	-1.064154e-02	2.295288e+00
2.966000e-05	-8.335623e-03	2.201072e+00
2.967000e-05	-5.034764e-03	2.096212e+00
2.968000e-05	-6.258197e-03	2.021001e+00
2.969000e-05	-9.170855e-03	1.917865e+00
2.970000e-05	-1.058449e-02	1.810026e+00
2.971000e-05	-6.827326e-03	1.705211e+00
2.972000e-05	-4.231692e-03	1.558901e+00
2.973000e-05	-5.425857e-03	1.444683e+00
2.974000e-05	-8.987650e-03	1.327866e+00
2.975000e-05	-6.719934e-03	1.232030e+00
2.976000e-05	-3.284622e-03	1.143634e+00
2.977000e-05	-3.963582e-03	9.463469e-01
2.978000e-05	-8.031080e-03	8.310760e-01
2.979000e-05	-8.734923e-03	7.373142e-01
2.980000e-05	-5.048602e-03	6.300248e-01
2.981000e-05	-2.509953e-03	4.862341e-01
2.982000e-05	-5.085636e-03	4.010024e-01
2.983000e-05	-5.914159e-03	2.967365e-01
2.984000e-05	-6.150149e-03	1.499456e-01
2.985000e-05	-1.834741e-03	5.152850e-02
2.986000e-05	-1.636459e-03	-7.368441e-02
2.987000e-05	-2.197889e-03	-1.580988e-01
2.988000e-05	-3.539742e-03	-2.932369e-01
2.989000e-05	-1.164289e-03	-3.584963e-01
2.990000e-05	-9.228684e-04	-4.516305e-01
2.991000e-05	-1.802271e-03	-5.799754e-01
2.992000e-05	-3.937199e-03	-7.152412e-01
2.993000e-05	-1.475807e-03	-8.104816e-01
2.994000e-05	2.784830e-02	-8.757647e-01
2.995000e-05	4.901984e-02	-1.012581e+00
2.996000e-05	-2.818473e-02	-1.220757e+00
2.997000e-05	-7.804389e-02	-1.504783e+00
2.998000e-05	-2.975720e-02	-1.575319e+00
2.999000e-05	8.388808e-02	-1.483362e+00
3.000000e-05	1.674723e-02	-1.611707e+00
3.001000e-05	-1.238134e-01	-1.831104e+00
3.002000e-05	8.825003e-02	-1.861557e+00
3.003000e-05	-1.592429e-02	-1.884313e+00
3.004000e-05	-8.405170e-02	-2.115291e+00
3.005000e-05	9.283252e-02	-2.261203e+00
3.006000e-05	4.958742e-02	-2.368894e+00
3.007000e-05	-1.708340e-01	-2.409501e+00
3.008000e-05	5.149140e-02	-2.536890e+00
3.009000e-05	1.361973e-01	-2.620652e+00
3.010000e-05	-7.704448e-02	-2.767395e+00
3.011000e-05	-4.297489e-02	-2.799979e+00
3.012000e-05	4.128060e-02	-2.883795e+00
3.013000e-05	-2.435973e-02	-3.064338e+00
3.014000e-05	5.912912e-02	-3.199475e+00
3.015000e-05	-1.183566e-02	-3.241157e+00
3.016000e-05	-8.913731e-02	-3.378421e+00
3.017000e-05	8.094910e-02	-3.472555e+00
3.018000e-05	1.110676e-02	-3.505869e+00
3.019000e-05	-2.642527e-02	-3.610427e+00
3.020000e-05	2.921505e-02	-3.683711e+00
3.021000e-05	-5.676788e-02	-3.849547e+00
3.022000e-05	5.981172e-06	-3.976371e+00
3.023000e-05	9.054318e-02	-4.010605e+00
3.024000e-05	-3.255039e-02	-4.114314e+00
3.025000e-05	-3.640034e-02	-4.169498e+00
3.026000e-05	1.433276e-02	-4.222181e+00
3.027000e-05	2.076529e-02	-4.367395e+00
3.028000e-05	2.970254e-02	-4.409525e+00
3.029000e-05	-4.106204e-02	-4.465181e+00
3.030000e-05	-1.628102e-02	-4.587992e+00
3.031000e-05	2.756782e-02	-4.672678e+00
3.032000e-05	2.255025e-02	-4.757419e+00
3.033000e-05	1.450321e-02	-4.778423e+00
3.034000e-05	-3.489774e-02	-4.863310e+00
3.035000e-05	3.095760e-04	-4.979419e+00
3.036000e-05	2.776302e-02	-5.031078e+00
3.037000e-05	9.187500e-03	-5.044214e+00
3.038000e-05	-5.174713e-03	-5.137448e+00
3.039000e-05	-2.055862e-02	-5.240051e+00
3.040000e-05	9.163779e-03	-5.305816e+00
3.041000e-05	3.822043e-02	-5.358477e+00
3.042000e-05	-1.455044e-03	-5.515387e+00
3.043000e-05	-1.154224e-02	-5.569440e+00
3.044000e-05	-6.232431e-03	-5.579546e+00
3.045000e-05	1.448574e-02	-5.600654e+00
3.046000e-05	2.866379e-02	-5.694260e+00
3.047000e-05	-1.175473e-02	-5.725392e+00
3.048000e-05	-1.006449e-02	-5.789448e+00
3.049000e-05	5.043845e-03	-5.851057e+00
3.050000e-05	2.658487e-02	-5.853683e+00
3.051000e-05	1.495136e-02	-5.895833e+00
3.052000e-05	-1.692976e-02	-5.948417e+00
3.053000e-05	-2.345497e-03	-5.969446e+00
3.054000e-05	1.806059e-02	-5.999973e+00
3.055000e-05	2.156491e-02	-6.000025e+00
3.056000e-05	1.098343e-03	-6.021054e+00
3.057000e-05	-1.176027e-02	-6.062658e+00
3.058000e-05	6.702931e-03	-6.061734e+00
3.059000e-05	2.104821e-02	-6.064315e+00
3.060000e-05	1.395942e-02	-6.165919e+00
3.061000e-05	-1.976366e-03	-6.147846e+00
3.062000e-05	-3.037310e-03	-6.200096e+00
3.063000e-05	1.440318e-02	-6.221679e+00
3.064000e-05	2.247866e-02	-6.320674e+00
3.065000e-05	6.861912e-03	-6.282383e+00
3.066000e-05	-4.161839e-03	-6.253808e+00
3.067000e-05	2.623766e-03	-6.264756e+00
3.068000e-05	1.986242e-02	-6.283658e+00
3.069000e-05	1.774932e-02	-6.306937e+00
3.070000e-05	3.689617e-03	-6.283710e+00
3.071000e-05	-3.974388e-04	-6.275786e+00
3.072000e-05	1.276039e-02	-6.306264e+00
3.073000e-05	2.198579e-02	-6.252583e+00
3.074000e-05	1.131331e-02	-6.241152e+00
3.075000e-05	1.517636e-03	-6.242483e+00
3.076000e-05	4.493281e-03	-6.209594e+00
3.077000e-05	1.825381e-02	-6.187970e+00
3.078000e-05	2.024964e-02	-6.115865e+00
3.079000e-05	7.487196e-03	-6.107813e+00
3.080000e-05	2.708463e-03	-6.093211e+00
3.081000e-05	1.216224e-02	-6.023127e+00
3.082000e-05	2.156627e-02	-6.031581e+00
3.083000e-05	1.626800e-02	-6.000550e+00
3.084000e-05	6.534979e-03	-5.989500e+00
3.085000e-05	6.707563e-03	-5.988920e+00
3.086000e-05	1.740963e-02	-5.937868e+00
3.087000e-05	1.971970e-02	-5.886787e+00
3.088000e-05	1.123810e-02	-5.862656e+00
3.089000e-05	6.015618e-03	-5.800502e+00
3.090000e-05	1.146555e-02	-5.789396e+00
3.091000e-05	1.952032e-02	-5.753318e+00
3.092000e-05	1.713224e-02	-5.663660e+00
3.093000e-05	9.142432e-03	-5.620556e+00
3.094000e-05	7.357492e-03	-5.600551e+00
3.095000e-05	1.445615e-02	-5.577966e+00
3.096000e-05	1.847212e-02	-5.515234e+00
3.097000e-05	1.267439e-02	-5.380045e+00
3.098000e-05	6.323995e-03	-5.316768e+00
3.099000e-05	9.377704e-03	-5.221628e+00
3.100000e-05	1.646958e-02	-5.168348e+00
3.101000e-05	1.577427e-02	-5.105262e+00
3.102000e-05	8.929590e-03	-5.041132e+00
3.103000e-05	5.217760e-03	-4.968347e+00
3.104000e-05	1.076282e-02	-4.893108e+00
3.105000e-05	1.417139e-02	-4.777950e+00
3.106000e-05	1.088317e-02	-4.693662e+00
3.107000e-05	4.597865e-03	-4.631626e+00
3.108000e-05	4.684292e-03	-4.556822e+00
3.109000e-05	1.131977e-02	-4.493160e+00
3.110000e-05	1.158209e-02	-4.420503e+00
3.111000e-05	6.802188e-03	-4.356919e+00
3.112000e-05	2.628700e-03	-4.295079e+00
3.113000e-05	6.184901e-03	-4.230524e+00
3.114000e-05	9.424778e-03	-4.125342e+00
3.115000e-05	7.198295e-03	-4.034126e+00
3.116000e-05	2.133424e-03	-3.988923e+00
3.117000e-05	1.931136e-03	-3.893613e+00
3.118000e-05	5.296597e-03	-3.747269e+00
3.119000e-05	7.170279e-03	-3.620609e+00
3.120000e-05	4.041969e-03	-3.567396e+00
3.121000e-05	5.302633e-04	-3.482657e+00
3.122000e-05	2.383051e-03	-3.399446e+00
3.123000e-05	5.661981e-03	-3.274235e+00
3.124000e-05	4.151594e-03	-3.210075e+00
3.125000e-05	2.423051e-04	-3.117263e+00
3.126000e-05	-9.295372e-04	-2.959075e+00
3.127000e-05	1.640301e-03	-2.842601e+00
3.128000e-05	2.887029e-03	-2.777846e+00
3.129000e-05	1.435190e-03	-2.704633e+00
3.130000e-05	-1.438517e-03	-2.528895e+00
3.131000e-05	-1.561606e-04	-2.453159e+00
3.132000e-05	9.583910e-04	-2.389421e+00
3.133000e-05	1.121013e-03	-2.263186e+00
3.134000e-05	-2.318154e-03	-2.115288e+00
3.135000e-05	-2.489814e-03	-1.991053e+00
3.136000e-05	-1.102466e-03	-1.946263e+00
3.137000e-05	1.438017e-03	-1.810073e+00
3.138000e-05	1.290766e-04	-1.695189e+00
3.139000e-05	-2.493569e-03	-1.600080e+00
3.140000e-05	-3.034655e-03	-1.546213e+00
3.141000e-05	-1.690892e-03	-1.347844e+00
3.142000e-05	-1.637505e-03	-1.200101e+00
3.143000e-05	-3.864307e-03	-1.093707e+00
3.144000e-05	-4.440519e-03	-9.989248e-01
3.145000e-05	-2.734733e-03	-8.627092e-01
3.146000e-05	-5.947274e-04	-7.984698e-01
3.147000e-05	-1.628463e-03	-6.341313e-01
3.148000e-05	-3.836122e-03	-5.162605e-01
3.149000e-05	-4.035106e-03	-3.895209e-01
3.150000e-05	-3.974892e-03	-3.057105e-01
3.151000e-05	-2.618325e-03	-1.899972e-01
3.152000e-05	-3.252108e-03	-9.421026e-02
3.153000e-05	-2.078219e-03	3.102513e-02
3.154000e-05	-1.273966e-03	1.257883e-01
3.155000e-05	5.491515e-04	2.316305e-01
3.156000e-05	-9.101812e-04	3.584199e-01
3.157000e-05	-3.271357e-03	4.241292e-01
3.158000e-05	-4.397376e-03	5.563699e-01
3.159000e-05	-2.245403e-03	6.616334e-01
3.160000e-05	1.023007e-02	8.003452e-01
3.161000e-05	4.208415e-02	8.928136e-01
3.162000e-05	6.566407e-03	1.085261e+00
3.163000e-05	-4.414371e-02	1.301632e+00
3.164000e-05	-1.042931e-01	1.307341e+00
3.165000e-05	4.367178e-02	1.398501e+00
3.166000e-05	6.333279e-02	1.566818e+00
3.167000e-05	-5.097477e-02	1.707291e+00
3.168000e-05	-6.983144e-02	1.767850e+00
3.169000e-05	9.959313e-02	1.863233e+00
3.170000e-05	-4.246514e-02	1.990452e+00
3.171000e-05	-5.194022e-02	2.051028e+00
3.172000e-05	1.149469e-01	2.135792e+00
3.173000e-05	-6.198418e-02	2.303761e+00
3.174000e-05	-1.241084e-01	2.388973e+00
3.175000e-05	1.044816e-01	2.411653e+00
3.176000e-05	5.589570e-02	2.564869e+00
3.177000e-05	-9.656052e-02	2.726288e+00
3.178000e-05	2.538564e-04	2.810703e+00
3.179000e-05	-1.151615e-02	2.934763e+00
3.180000e-05	1.629799e-02	2.969951e+00
3.181000e-05	2.815914e-02	3.095236e+00
3.182000e-05	-5.036897e-02	3.159975e+00
3.183000e-05	-3.760794e-02	3.232132e+00
3.184000e-05	4.767970e-02	3.340373e+00
3.185000e-05	2.954599e-03	3.515284e+00
3.186000e-05	-1.578301e-02	3.610503e+00
3.187000e-05	-2.039324e-02	3.693708e+00
3.188000e-05	-5.501060e-02	3.768522e+00
3.189000e-05	4.238069e-02	3.822608e+00
3.190000e-05	3.104631e-02	3.948917e+00
3.191000e-05	-4.066250e-02	4.020025e+00
3.192000e-05	-4.500666e-02	4.066186e+00
3.193000e-05	1.852560e-02	4.161974e+00
3.194000e-05	2.341891e-02	4.265839e+00
3.195000e-05	-1.519345e-02	4.398953e+00
3.196000e-05	-3.969578e-02	4.473656e+00
3.197000e-05	-2.688743e-02	4.567417e+00
3.198000e-05	2.538943e-02	4.621049e+00
3.199000e-05	1.376629e-02	4.713290e+00
3.200000e-05	-1.884367e-02	4.768900e+00
3.201000e-05	-4.445297e-02	4.820604e+00
3.202000e-05	1.687470e-03	4.895740e+00
3.203000e-05	1.627727e-02	4.981553e+00
3.204000e-05	-2.550444e-03	5.137166e+00
3.205000e-05	-3.568628e-02	5.180045e+00
3.206000e-05	-2.939474e-02	5.252079e+00
3.207000e-05	1.462337e-02	5.285191e+00
3.208000e-05	9.157980e-03	5.357470e+00
3.209000e-05	-1.644248e-02	5.429579e+00
3.210000e-05	-3.771834e-02	5.453186e+00
3.211000e-05	-9.966890e-03	5.557265e+00
3.212000e-05	9.608335e-03	5.578497e+00
3.213000e-05	2.262478e-03	5.590025e+00
3.214000e-05	-2.874182e-02	5.612003e+00
3.215000e-05	-3.001754e-02	5.676311e+00
3.216000e-05	8.464505e-04	5.745941e+00
3.217000e-05	8.159880e-03	5.728898e+00
3.218000e-05	-1.268395e-02	5.839627e+00
3.219000e-05	-3.570487e-02	5.884869e+00
3.220000e-05	-1.511972e-02	5.957449e+00
3.221000e-05	3.304598e-03	5.999499e+00
3.222000e-05	2.043423e-04	6.000526e+00
3.223000e-05	-2.618000e-02	6.029975e+00
3.224000e-05	-2.972101e-02	6.023101e+00
3.225000e-05	-7.053481e-03	6.012604e+00
3.226000e-05	1.393631e-03	6.023678e+00
3.227000e-05	-1.147756e-02	6.073739e+00
3.228000e-05	-3.044096e-02	6.056312e+00
3.229000e-05	-2.049906e-02	6.167788e+00
3.230000e-05	-3.378120e-03	6.106843e+00
3.231000e-05	-1.558902e-03	6.147847e+00
3.232000e-05	-2.238126e-02	6.156368e+00
3.233000e-05	-3.073165e-02	6.148392e+00
3.234000e-05	-1.461028e-02	6.147920e+00
3.235000e-05	-2.846156e-03	6.188975e+00
3.236000e-05	-1.038190e-02	6.139341e+00
3.237000e-05	-2.878246e-02	6.146397e+00
3.238000e-05	-2.441067e-02	6.158446e+00
3.239000e-05	-1.091343e-02	6.118391e+00
3.240000e-05	-5.748962e-03	6.156840e+00
3.241000e-05	-2.068960e-02	6.125260e+00
3.242000e-05	-3.050936e-02	6.115768e+00
3.243000e-05	-2.008925e-02	6.054361e+00
3.244000e-05	-8.317983e-03	6.055631e+00
3.245000e-05	-1.142376e-02	6.013559e+00
3.246000e-05	-2.678638e-02	6.031028e+00
3.247000e-05	-2.751328e-02	6.010553e+00
3.248000e-05	-1.685267e-02	6.000025e+00
3.249000e-05	-9.836986e-03	5.980474e+00
3.250000e-05	-2.025957e-02	5.947900e+00
3.251000e-05	-2.877981e-02	5.946892e+00
3.252000e-05	-2.373378e-02	5.884188e+00
3.253000e-05	-1.298012e-02	5.833004e+00
3.254000e-05	-1.351344e-02	5.748393e+00
3.255000e-05	-2.445159e-02	5.655087e+00
3.256000e-05	-2.785855e-02	5.612080e+00
3.257000e-05	-2.050524e-02	5.600524e+00
3.258000e-05	-1.253575e-02	5.569947e+00
3.259000e-05	-1.804796e-02	5.536340e+00
3.260000e-05	-2.741712e-02	5.472706e+00
3.261000e-05	-2.499152e-02	5.432080e+00
3.262000e-05	-1.559364e-02	5.369996e+00
3.263000e-05	-1.306281e-02	5.306314e+00
3.264000e-05	-2.166102e-02	5.264179e+00
3.265000e-05	-2.570469e-02	5.170498e+00
3.266000e-05	-2.038116e-02	5.117271e+00
3.267000e-05	-1.258170e-02	4.939571e+00
3.268000e-05	-1.504331e-02	4.855215e+00
3.269000e-05	-2.346480e-02	4.820052e+00
3.270000e-05	-2.338433e-02	4.747346e+00
3.271000e-05	-1.609456e-02	4.707312e+00
3.272000e-05	-1.096235e-02	4.611081e+00
3.273000e-05	-1.606843e-02	4.516422e+00
3.274000e-05	-2.061083e-02	4.494158e+00
3.275000e-05	-1.795231e-02	4.410000e+00
3.276000e-05	-1.042715e-02	4.368395e+00
3.277000e-05	-1.059739e-02	4.285092e+00
3.278000e-05	-1.824230e-02	4.166842e+00
3.279000e-05	-2.009149e-02	4.041580e+00
3.280000e-05	-1.467056e-02	3.958892e+00
3.281000e-05	-9.085007e-03	3.915234e+00
3.282000e-05	-1.119262e-02	3.809974e+00
3.283000e-05	-1.532073e-02	3.736838e+00
3.284000e-05	-1.400026e-02	3.623075e+00
3.285000e-05	-7.779079e-03	3.579449e+00
3.286000e-05	-8.020471e-03	3.476660e+00
3.287000e-05	-1.372605e-02	3.318742e+00
3.288000e-05	-1.754607e-02	3.231051e+00
3.289000e-05	-1.230922e-02	3.158418e+00
3.290000e-05	-7.203070e-03	3.043629e+00
3.291000e-05	-6.363894e-03	2.947973e+00
3.292000e-05	-1.095970e-02	2.863709e+00
3.293000e-05	-1.127239e-02	2.798948e+00
3.294000e-05	-7.508580e-03	2.746685e+00
3.295000e-05	-6.320076e-03	2.547288e+00
3.296000e-05	-9.933773e-03	2.442028e+00
3.297000e-05	-1.221409e-02	2.327242e+00
3.298000e-05	-1.040508e-02	2.221006e+00
3.299000e-05	-5.424213e-03	2.128337e+00
3.300000e-05	-4.870261e-03	2.020551e+00
3.301000e-05	-8.609407e-03	1.978293e+00
3.302000e-05	-1.020423e-02	1.821579e+00
3.303000e-05	-7.197099e-03	1.756182e+00
3.304000e-05	-4.993409e-03	1.601028e+00
3.305000e-05	-5.826630e-03	1.484155e+00
3.306000e-05	-8.313715e-03	1.338418e+00
3.307000e-05	-7.587213e-03	1.252131e+00
3.308000e-05	-4.275982e-03	1.115815e+00
3.309000e-05	-4.060351e-03	9.793406e-01
3.310000e-05	-6.725356e-03	8.811287e-01
3.311000e-05	-8.320945e-03	7.478895e-01
3.312000e-05	-6.315066e-03	6.219997e-01
3.313000e-05	-2.954938e-03	4.852890e-01
3.314000e-05	-3.987861e-03	4.105288e-01
3.315000e-05	-6.472068e-03	3.668642e-01
3.316000e-05	-7.017500e-03	1.383657e-01
3.317000e-05	-3.260662e-03	3.202874e-02
3.318000e-05	-1.881409e-03	-5.168321e-02
3.319000e-05	-2.127657e-03	-1.584249e-01
3.320000e-05	-3.099266e-03	-2.731608e-01
3.321000e-05	-3.408983e-03	-3.489712e-01
3.322000e-05	-7.407199e-04	-4.316317e-01
3.323000e-05	-1.089744e-03	-5.769227e-01
3.324000e-05	-2.959431e-03	-6.863173e-01
3.325000e-05	-2.098705e-03	-8.010751e-01
3.326000e-05	2.188708e-02	-9.032120e-01
3.327000e-05	5.407131e-02	-9.485518e-01
3.328000e-05	-2.307949e-02	-1.229602e+00
3.329000e-05	-6.998875e-02	-1.483235e+00
3.330000e-05	-5.660789e-02	-1.577366e+00
3.331000e-05	9.085977e-02	-1.486343e+00
3.332000e-05	2.897776e-02	-1.599077e+00
3.333000e-05	-1.248621e-01	-1.799175e+00
3.334000e-05	7.584281e-02	-1.873108e+00
3.335000e-05	2.162019e-03	-1.873315e+00
3.336000e-05	-8.415063e-02	-2.052762e+00
3.337000e-05	7.101494e-02	-2.262102e+00
3.338000e-05	7.296553e-02	-2.285865e+00
3.339000e-05	-1.621810e-01	-2.421050e+00
3.340000e-05	1.740871e-02	-2.504816e+00
3.341000e-05	1.537913e-01	-2.620074e+00
3.342000e-05	-5.540482e-02	-2.746342e+00
3.343000e-05	-6.405999e-02	-2.799500e+00
3.344000e-05	4.922766e-02	-2.853762e+00
3.345000e-05	-2.692719e-02	-3.054235e+00
3.346000e-05	5.320681e-02	-3.168422e+00
3.347000e-05	2.542378e-03	-3.220029e+00
3.348000e-05	-9.649305e-02	-3.337422e+00
3.349000e-05	6.629130e-02	-3.420604e+00
3.350000e-05	2.990183e-02	-3.496315e+00
3.351000e-05	-3.134094e-02	-3.609551e+00
3.352000e-05	3.063164e-02	-3.683112e+00
3.353000e-05	-4.582061e-02	-3.799898e+00
3.354000e-05	-1.909143e-02	-3.916342e+00
3.355000e-05	9.571321e-02	-4.011053e+00
3.356000e-05	-2.222453e-02	-4.135240e+00
3.357000e-05	-4.294461e-02	-4.177948e+00
3.358000e-05	1.196388e-02	-4.241682e+00
3.359000e-05	1.692373e-02	-4.336342e+00
3.360000e-05	3.459314e-02	-4.400002e+00
3.361000e-05	-3.507689e-02	-4.462054e+00
3.362000e-05	-2.457558e-02	-4.476845e+00
3.363000e-05	2.567035e-02	-4.672107e+00
3.364000e-05	2.474918e-02	-4.726946e+00
3.365000e-05	1.732377e-02	-4.786471e+00
3.366000e-05	-3.027539e-02	-4.814106e+00
3.367000e-05	-8.758991e-03	-4.997469e+00
3.368000e-05	2.894644e-02	-5.011054e+00
3.369000e-05	1.200095e-02	-5.074661e+00
3.370000e-05	-4.204701e-03	-5.166869e+00
3.371000e-05	-1.990179e-02	-5.201107e+00
3.372000e-05	2.647093e-03	-5.294152e+00
3.373000e-05	4.199086e-02	-5.391027e+00
3.374000e-05	1.640167e-03	-5.525387e+00
3.375000e-05	-1.118593e-02	-5.557447e+00
3.376000e-05	-7.981719e-03	-5.609525e+00
3.377000e-05	1.079913e-02	-5.611053e+00
3.378000e-05	3.047390e-02	-5.682684e+00
3.379000e-05	-6.940101e-03	-5.746867e+00
3.380000e-05	-1.194565e-02	-5.767996e+00
3.381000e-05	1.639475e-03	-5.771074e+00
3.382000e-05	2.445508e-02	-5.871605e+00
3.383000e-05	1.917405e-02	-5.965362e+00
3.384000e-05	-1.327750e-02	-5.965847e+00
3.385000e-05	-5.759308e-03	-5.978920e+00
3.386000e-05	1.496784e-02	-5.989500e+00
3.387000e-05	2.265937e-02	-5.990523e+00
3.388000e-05	4.667547e-03	-6.031056e+00
3.389000e-05	-1.127887e-02	-6.041657e+00
3.390000e-05	1.114430e-03	-6.044809e+00
3.391000e-05	2.061359e-02	-6.105265e+00
3.392000e-05	1.575889e-02	-6.166366e+00
3.393000e-05	1.640604e-03	-6.128919e+00
3.394000e-05	-5.567414e-03	-6.160020e+00
3.395000e-05	1.089869e-02	-6.191578e+00
3.396000e-05	2.321377e-02	-6.233657e+00
3.397000e-05	9.944336e-03	-6.253576e+00
3.398000e-05	-3.565625e-03	-6.263186e+00
3.399000e-05	-2.891984e-04	-6.254185e+00
3.400000e-05	1.836542e-02	-6.313183e+00
3.401000e-05	1.973632e-02	-6.295312e+00
3.402000e-05	5.620057e-03	-6.306190e+00
3.403000e-05	-1.222658e-03	-6.243283e+00
3.404000e-05	1.004639e-02	-6.292710e+00
3.405000e-05	2.209099e-02	-6.294630e+00
3.406000e-05	1.364527e-02	-6.271284e+00
3.407000e-05	3.193067e-03	-6.230125e+00
3.408000e-05	3.161342e-03	-6.210024e+00
3.409000e-05	1.718172e-02	-6.179945e+00
3.410000e-05	2.093908e-02	-6.175445e+00
3.411000e-05	1.043734e-02	-6.097887e+00
3.412000e-05	1.565601e-03	-6.093234e+00
3.413000e-05	1.051573e-02	-6.050581e+00
3.414000e-05	2.073206e-02	-6.021608e+00
3.415000e-05	1.856898e-02	-6.000999e+00
3.416000e-05	8.280682e-03	-5.989450e+00
3.417000e-05	5.414905e-03	-5.978420e+00
3.418000e-05	1.571389e-02	-5.957846e+00
3.419000e-05	2.074250e-02	-5.896693e+00
3.420000e-05	1.319826e-02	-5.851758e+00
3.421000e-05	5.400038e-03	-5.811076e+00
3.422000e-05	9.413372e-03	-5.818521e+00
3.423000e-05	1.914209e-02	-5.746766e+00
3.424000e-05	1.917125e-02	-5.733810e+00
3.425000e-05	1.114329e-02	-5.660124e+00
3.426000e-05	6.633678e-03	-5.610050e+00
3.427000e-05	1.367110e-02	-5.576972e+00
3.428000e-05	1.969158e-02	-5.494588e+00
3.429000e-05	1.411968e-02	-5.452651e+00
3.430000e-05	5.698855e-03	-5.346822e+00
3.431000e-05	6.980818e-03	-5.211682e+00
3.432000e-05	1.581045e-02	-5.218873e+00
3.433000e-05	1.686328e-02	-5.165290e+00
3.434000e-05	1.040249e-02	-5.042179e+00
3.435000e-05	4.900457e-03	-5.007972e+00
3.436000e-05	1.014712e-02	-4.874136e+00
3.437000e-05	1.421931e-02	-4.758922e+00
3.438000e-05	1.203824e-02	-4.732260e+00
3.439000e-05	4.626050e-03	-4.621551e+00
3.440000e-05	4.289580e-03	-4.567420e+00
3.441000e-05	9.336287e-03	-4.495207e+00
3.442000e-05	1.260759e-02	-4.411528e+00
3.443000e-05	6.688399e-03	-4.389422e+00
3.444000e-05	3.040179e-03	-4.315261e+00
3.445000e-05	4.798330e-03	-4.198475e+00
3.446000e-05	1.031052e-02	-4.137342e+00
3.447000e-05	9.349903e-03	-4.041579e+00
3.448000e-05	3.704762e-03	-3.967521e+00
3.449000e-05	7.348885e-04	-3.874215e+00
3.450000e-05	4.362056e-03	-3.778365e+00
3.451000e-05	7.242293e-03	-3.623055e+00
3.452000e-05	4.207768e-03	-3.568947e+00
3.453000e-05	-6.063582e-04	-3.494133e+00
3.454000e-05	7.047857e-04	-3.380546e+00
3.455000e-05	6.178674e-03	-3.304160e+00
3.456000e-05	5.798675e-03	-3.170551e+00
3.457000e-05	1.259762e-03	-3.154342e+00
3.458000e-05	-1.232770e-03	-3.009472e+00
3.459000e-05	1.066798e-03	-2.822235e+00
3.460000e-05	3.168499e-03	-2.798492e+00
3.461000e-05	2.118559e-03	-2.673184e+00
3.462000e-05	-2.155543e-03	-2.589921e+00
3.463000e-05	-1.583923e-03	-2.433632e+00
3.464000e-05	7.773496e-04	-2.409549e+00
3.465000e-05	2.550615e-03	-2.314714e+00
3.466000e-05	-1.570604e-03	-2.143818e+00
3.467000e-05	-2.310948e-03	-2.030551e+00
3.468000e-05	-1.904104e-03	-1.937286e+00
3.469000e-05	2.581589e-03	-1.850081e+00
3.470000e-05	1.031834e-03	-1.705812e+00
3.471000e-05	-2.885597e-03	-1.611126e+00
3.472000e-05	-5.245570e-03	-1.506836e+00
3.473000e-05	-2.971449e-03	-1.369822e+00
3.474000e-05	-7.633777e-04	-1.219081e+00
3.475000e-05	-1.539606e-03	-1.104635e+00
3.476000e-05	-4.633955e-03	-9.724436e-01
3.477000e-05	-3.733926e-03	-8.646816e-01
3.478000e-05	-6.764793e-05	-8.083987e-01
3.479000e-05	-5.631380e-06	-6.530829e-01
3.480000e-05	-3.578111e-03	-5.157368e-01
3.481000e-05	-7.263914e-03	-3.990498e-01
3.482000e-05	-5.522278e-03	-3.147867e-01
3.483000e-05	-2.489033e-03	-2.184722e-01
3.484000e-05	-1.602993e-03	-1.051878e-01
3.485000e-05	-1.755790e-03	2.897257e-02
3.486000e-05	-1.213085e-03	4.376073e-02
3.487000e-05	1.292571e-03	2.116307e-01
3.488000e-05	8.911526e-04	3.489236e-01
3.489000e-05	-3.221882e-03	4.220855e-01
3.490000e-05	-6.081028e-03	5.483689e-01
3.491000e-05	-4.097730e-03	6.421558e-01
3.492000e-05	7.881147e-03	7.773198e-01
3.493000e-05	4.061492e-02	8.826384e-01
3.494000e-05	1.461119e-02	1.043710e+00
3.495000e-05	-4.092907e-02	1.251083e+00
3.496000e-05	-1.027429e-01	1.305844e+00
3.497000e-05	2.410925e-02	1.380423e+00
3.498000e-05	7.520710e-02	1.505892e+00
3.499000e-05	-3.511726e-02	1.726762e+00
3.500000e-05	-9.877401e-02	1.746896e+00
3.501000e-05	9.652433e-02	1.822161e+00
3.502000e-05	-3.577309e-02	1.978923e+00
3.503000e-05	-6.136055e-02	2.022132e+00
3.504000e-05	1.087939e-01	2.113791e+00
3.505000e-05	-3.635497e-02	2.323158e+00
3.506000e-05	-1.378141e-01	2.371448e+00
3.507000e-05	8.927326e-02	2.410505e+00
3.508000e-05	7.380939e-02	2.547844e+00
3.509000e-05	-9.103788e-02	2.695263e+00
3.510000e-05	-1.116663e-02	2.811080e+00
3.511000e-05	-8.093536e-03	2.904836e+00
3.512000e-05	1.236591e-02	2.958473e+00
3.513000e-05	2.894765e-02	3.044233e+00
3.514000e-05	-3.968729e-02	3.188469e+00
3.515000e-05	-5.088088e-02	3.251628e+00
3.516000e-05	4.923591e-02	3.369369e+00
3.517000e-05	4.758198e-03	3.463207e+00
3.518000e-05	-1.327663e-02	3.609399e+00
3.519000e-05	-1.792988e-02	3.652258e+00
3.520000e-05	-5.616771e-02	3.769449e+00
3.521000e-05	3.213449e-02	3.813109e+00
3.522000e-05	3.628195e-02	3.957870e+00
3.523000e-05	-3.243177e-02	4.000506e+00
3.524000e-05	-5.179829e-02	4.054736e+00
3.525000e-05	1.805172e-02	4.160922e+00
3.526000e-05	2.239881e-02	4.354214e+00
3.527000e-05	-7.393648e-03	4.408474e+00
3.528000e-05	-4.069118e-02	4.453734e+00
3.529000e-05	-2.860258e-02	4.537367e+00
3.530000e-05	1.907268e-02	4.589980e+00
3.531000e-05	1.761349e-02	4.695133e+00
3.532000e-05	-1.466487e-02	4.758946e+00
3.533000e-05	-4.578509e-02	4.779979e+00
3.534000e-05	-1.001585e-03	4.852611e+00
3.535000e-05	1.479193e-02	4.992474e+00
3.536000e-05	3.059244e-03	5.066210e+00
3.537000e-05	-3.396328e-02	5.178390e+00
3.538000e-05	-3.063898e-02	5.223134e+00
3.539000e-05	1.026283e-02	5.286264e+00
3.540000e-05	1.235667e-02	5.378921e+00
3.541000e-05	-1.362882e-02	5.391074e+00
3.542000e-05	-3.841778e-02	5.443111e+00
3.543000e-05	-1.283227e-02	5.527840e+00
3.544000e-05	7.762638e-03	5.577445e+00
3.545000e-05	5.331054e-03	5.588977e+00
3.546000e-05	-2.791235e-02	5.663104e+00
3.547000e-05	-3.049842e-02	5.614183e+00
3.548000e-05	-2.476428e-03	5.716866e+00
3.549000e-05	9.723982e-03	5.748972e+00
3.550000e-05	-9.365768e-03	5.834180e+00
3.551000e-05	-3.496357e-02	5.914792e+00
3.552000e-05	-1.735931e-02	5.948967e+00
3.553000e-05	1.830555e-03	5.969471e+00
3.554000e-05	2.117650e-03	5.999025e+00
3.555000e-05	-2.412978e-02	6.001025e+00
3.556000e-05	-2.879182e-02	6.042078e+00
3.557000e-05	-1.033635e-02	6.063655e+00
3.558000e-05	2.385678e-03	6.042082e+00
3.559000e-05	-9.259460e-03	6.093711e+00
3.560000e-05	-2.905023e-02	6.074759e+00
3.561000e-05	-2.227155e-02	6.166914e+00
3.562000e-05	-6.453436e-03	6.137841e+00
3.563000e-05	-7.299192e-04	6.136846e+00
3.564000e-05	-1.993129e-02	6.168868e+00
3.565000e-05	-3.122838e-02	6.156471e+00
3.566000e-05	-1.772426e-02	6.170921e+00
3.567000e-05	-2.551702e-03	6.199423e+00
3.568000e-05	-8.476405e-03	6.157394e+00
3.569000e-05	-2.712194e-02	6.148438e+00
3.570000e-05	-2.630486e-02	6.147923e+00
3.571000e-05	-1.306254e-02	6.148919e+00
3.572000e-05	-5.405072e-03	6.148217e+00
3.573000e-05	-1.957995e-02	6.074212e+00
3.574000e-05	-3.023595e-02	6.065809e+00
3.575000e-05	-2.314023e-02	6.125241e+00
3.576000e-05	-8.335539e-03	6.034183e+00
3.577000e-05	-9.734355e-03	6.052055e+00
3.578000e-05	-2.444429e-02	6.011076e+00
3.579000e-05	-2.816489e-02	6.010000e+00
3.580000e-05	-1.833498e-02	6.010001e+00
3.581000e-05	-9.456657e-03	5.999974e+00
3.582000e-05	-1.866363e-02	5.968947e+00
3.583000e-05	-2.887566e-02	5.946866e+00
3.584000e-05	-2.605674e-02	5.855239e+00
3.585000e-05	-1.401416e-02	5.804003e+00
3.586000e-05	-1.206636e-02	5.776289e+00
3.587000e-05	-2.285972e-02	5.685639e+00
3.588000e-05	-2.867525e-02	5.661604e+00
3.589000e-05	-2.104458e-02	5.599024e+00
3.590000e-05	-1.193906e-02	5.569496e+00
3.591000e-05	-1.716421e-02	5.515843e+00
3.592000e-05	-2.706709e-02	5.464210e+00
3.593000e-05	-2.738381e-02	5.421530e+00
3.594000e-05	-1.651363e-02	5.379996e+00
3.595000e-05	-1.184291e-02	5.296844e+00
3.596000e-05	-1.924052e-02	5.243159e+00
3.597000e-05	-2.629130e-02	5.189498e+00
3.598000e-05	-2.067362e-02	5.127336e+00
3.599000e-05	-1.186242e-02	4.950025e+00
3.600000e-05	-1.324489e-02	4.898218e+00
3.601000e-05	-2.176664e-02	4.831503e+00
3.602000e-05	-2.523986e-02	4.769421e+00
3.603000e-05	-1.733524e-02	4.675767e+00
3.604000e-05	-1.145651e-02	4.610627e+00
3.605000e-05	-1.603267e-02	4.568923e+00
3.606000e-05	-2.174889e-02	4.475184e+00
3.607000e-05	-1.869586e-02	4.431051e+00
3.608000e-05	-9.681370e-03	4.368945e+00
3.609000e-05	-9.201926e-03	4.287638e+00
3.610000e-05	-1.648684e-02	4.138316e+00
3.611000e-05	-2.048656e-02	4.072576e+00
3.612000e-05	-1.476336e-02	3.979447e+00
3.613000e-05	-9.406637e-03	3.886138e+00
3.614000e-05	-1.221513e-02	3.833129e+00
3.615000e-05	-1.613830e-02	3.727416e+00
3.616000e-05	-1.557292e-02	3.661505e+00
3.617000e-05	-8.051566e-03	3.588843e+00
3.618000e-05	-6.821468e-03	3.495758e+00
3.619000e-05	-1.122027e-02	3.369271e+00
3.620000e-05	-1.631705e-02	3.211104e+00
3.621000e-05	-1.205018e-02	3.147368e+00
3.622000e-05	-7.522020e-03	3.074707e+00
3.623000e-05	-7.894556e-03	2.978893e+00
3.624000e-05	-1.263941e-02	2.884233e+00
3.625000e-05	-1.288271e-02	2.811446e+00
3.626000e-05	-7.079223e-03	2.736189e+00
3.627000e-05	-4.281741e-03	2.577396e+00
3.628000e-05	-7.304286e-03	2.452078e+00
3.629000e-05	-1.169053e-02	2.346741e+00
3.630000e-05	-1.016135e-02	2.241106e+00
3.631000e-05	-5.722391e-03	2.126369e+00
3.632000e-05	-6.097765e-03	2.062079e+00
3.633000e-05	-9.729497e-03	1.926870e+00
3.634000e-05	-1.116260e-02	1.813501e+00
3.635000e-05	-7.479653e-03	1.695761e+00
3.636000e-05	-4.159601e-03	1.580473e+00
3.637000e-05	-4.818192e-03	1.494158e+00
3.638000e-05	-9.309033e-03	1.328891e+00
3.639000e-05	-7.740435e-03	1.243604e+00
3.640000e-05	-4.219833e-03	1.147863e+00
3.641000e-05	-3.868403e-03	9.709195e-01
3.642000e-05	-7.444409e-03	8.415038e-01
3.643000e-05	-8.799798e-03	7.272944e-01
3.644000e-05	-6.897034e-03	6.411050e-01
3.645000e-05	-2.797667e-03	5.252880e-01
3.646000e-05	-3.702111e-03	4.225512e-01
3.647000e-05	-6.272943e-03	3.392903e-01
3.648000e-05	-6.582203e-03	2.298008e-01
3.649000e-05	-2.825336e-03	2.262869e-02
3.650000e-05	-1.298530e-03	-3.060571e-02
3.651000e-05	-2.214688e-03	-1.478711e-01
3.652000e-05	-3.544880e-03	-2.526357e-01
3.653000e-05	-4.221775e-03	-3.389223e-01
3.654000e-05	-8.945146e-04	-4.220555e-01
3.655000e-05	-1.309659e-03	-5.179400e-01
3.656000e-05	-3.240588e-03	-7.057134e-01
3.657000e-05	-2.971914e-03	-8.300003e-01
3.658000e-05	1.838951e-02	-8.732097e-01
3.659000e-05	5.695191e-02	-9.780779e-01
3.660000e-05	-1.728149e-02	-1.169580e+00
3.661000e-05	-6.172266e-02	-1.481609e+00
3.662000e-05	-7.824021e-02	-1.547341e+00
3.663000e-05	9.343110e-02	-1.466841e+00
3.664000e-05	3.560326e-02	-1.578602e+00
3.665000e-05	-1.209942e-01	-1.749997e+00
3.666000e-05	5.937974e-02	-1.862652e+00
3.667000e-05	2.535808e-02	-1.874237e+00
3.668000e-05	-8.052503e-02	-2.041233e+00
3.669000e-05	4.632195e-02	-2.242125e+00
3.670000e-05	9.521319e-02	-2.344287e+00
3.671000e-05	-1.487584e-01	-2.399002e+00
3.672000e-05	-2.090634e-02	-2.495311e+00
3.673000e-05	1.606482e-01	-2.609529e+00
3.674000e-05	-3.318250e-02	-2.745366e+00
3.675000e-05	-8.487390e-02	-2.799000e+00
3.676000e-05	5.369917e-02	-2.831236e+00
3.677000e-05	-2.461701e-02	-3.070683e+00
3.678000e-05	4.529899e-02	-3.198899e+00
3.679000e-05	1.598549e-02	-3.221077e+00
3.680000e-05	-9.681457e-02	-3.346392e+00
3.681000e-05	4.948805e-02	-3.410577e+00
3.682000e-05	4.928908e-02	-3.485816e+00
3.683000e-05	-3.885434e-02	-3.589500e+00
3.684000e-05	2.756992e-02	-3.660159e+00
3.685000e-05	-3.376439e-02	-3.778947e+00
3.686000e-05	-3.415325e-02	-3.955366e+00
3.687000e-05	9.785920e-02	-3.990029e+00
3.688000e-05	-1.003520e-02	-4.124714e+00
3.689000e-05	-4.844234e-02	-4.189447e+00
3.690000e-05	9.815230e-03	-4.231081e+00
3.691000e-05	1.659495e-02	-4.337342e+00
3.692000e-05	3.669778e-02	-4.409524e+00
3.693000e-05	-2.992921e-02	-4.432179e+00
3.694000e-05	-3.058780e-02	-4.536843e+00
3.695000e-05	2.273226e-02	-4.661182e+00
3.696000e-05	2.584636e-02	-4.736712e+00
3.697000e-05	1.946941e-02	-4.738897e+00
3.698000e-05	-2.630586e-02	-4.850057e+00
3.699000e-05	-1.467065e-02	-4.948869e+00
3.700000e-05	2.997122e-02	-5.029605e+00
3.701000e-05	1.488358e-02	-5.082783e+00
3.702000e-05	-3.753728e-03	-5.146844e+00
3.703000e-05	-1.951847e-02	-5.210479e+00
3.704000e-05	-4.528038e-03	-5.272311e+00
3.705000e-05	4.260317e-02	-5.350023e+00
3.706000e-05	5.260170e-03	-5.505236e+00
3.707000e-05	-1.145529e-02	-5.578971e+00
3.708000e-05	-8.698798e-03	-5.600000e+00
3.709000e-05	9.553369e-03	-5.610553e+00
3.710000e-05	3.266320e-02	-5.654786e+00
3.711000e-05	-3.658811e-03	-5.736888e+00
3.712000e-05	-1.491338e-02	-5.778971e+00
3.713000e-05	-1.297712e-03	-5.809002e+00
3.714000e-05	2.340558e-02	-5.891657e+00
3.715000e-05	2.227086e-02	-5.865238e+00
3.716000e-05	-1.185511e-02	-5.976416e+00
3.717000e-05	-9.667235e-03	-5.988444e+00
3.718000e-05	1.570989e-02	-6.009000e+00
3.719000e-05	2.424635e-02	-6.000050e+00
3.720000e-05	8.158632e-03	-6.040528e+00
3.721000e-05	-1.196667e-02	-6.051202e+00
3.722000e-05	-6.899568e-04	-6.102738e+00
3.723000e-05	2.145891e-02	-6.063690e+00
3.724000e-05	1.665846e-02	-6.116966e+00
3.725000e-05	1.612675e-03	-6.120573e+00
3.726000e-05	-8.115928e-03	-6.229995e+00
3.727000e-05	1.081742e-02	-6.202601e+00
3.728000e-05	2.445782e-02	-6.221148e+00
3.729000e-05	1.220686e-02	-6.271759e+00
3.730000e-05	-3.711889e-03	-6.281157e+00
3.731000e-05	-1.880305e-03	-6.274761e+00
3.732000e-05	1.763149e-02	-6.314684e+00
3.733000e-05	2.093086e-02	-6.224336e+00
3.734000e-05	5.988960e-03	-6.313711e+00
3.735000e-05	-3.101658e-03	-6.244687e+00
3.736000e-05	9.281392e-03	-6.293208e+00
3.737000e-05	2.236642e-02	-6.313611e+00
3.738000e-05	1.581497e-02	-6.281678e+00
3.739000e-05	2.451616e-03	-6.242575e+00
3.740000e-05	1.548279e-03	-6.239577e+00
3.741000e-05	1.717754e-02	-6.191319e+00
3.742000e-05	2.251775e-02	-6.144867e+00
3.743000e-05	1.077581e-02	-6.105886e+00
3.744000e-05	1.071126e-03	-6.083259e+00
3.745000e-05	9.071854e-03	-6.041207e+00
3.746000e-05	2.032481e-02	-6.011053e+00
3.747000e-05	1.873806e-02	-6.001000e+00
3.748000e-05	7.990743e-03	-5.989474e+00
3.749000e-05	5.407702e-03	-5.989422e+00
3.750000e-05	1.644741e-02	-5.967446e+00
3.751000e-05	2.163256e-02	-5.945264e+00
3.752000e-05	1.475970e-02	-5.884704e+00
3.753000e-05	4.671025e-03	-5.822125e+00
3.754000e-05	7.923197e-03	-5.780450e+00
3.755000e-05	1.877528e-02	-5.756938e+00
3.756000e-05	1.880224e-02	-5.723759e+00
3.757000e-05	1.059786e-02	-5.621629e+00
3.758000e-05	6.224269e-03	-5.611028e+00
3.759000e-05	1.387142e-02	-5.567870e+00
3.760000e-05	1.953914e-02	-5.516290e+00
3.761000e-05	1.486361e-02	-5.441529e+00
3.762000e-05	5.610697e-03	-5.349742e+00
3.763000e-05	8.377693e-03	-5.261656e+00
3.764000e-05	1.509560e-02	-5.200520e+00
3.765000e-05	1.617366e-02	-5.136317e+00
3.766000e-05	1.002532e-02	-5.022605e+00
3.767000e-05	4.923354e-03	-4.998821e+00
3.768000e-05	9.381826e-03	-4.905208e+00
3.769000e-05	1.547928e-02	-4.847443e+00
3.770000e-05	1.267093e-02	-4.686334e+00
3.771000e-05	5.155586e-03	-4.621056e+00
3.772000e-05	3.954458e-03	-4.556968e+00
3.773000e-05	1.009722e-02	-4.485335e+00
3.774000e-05	1.200571e-02	-4.421075e+00
3.775000e-05	6.914232e-03	-4.389000e+00
3.776000e-05	1.613826e-03	-4.305736e+00
3.777000e-05	4.720515e-03	-4.231578e+00
3.778000e-05	1.014860e-02	-4.157743e+00
3.779000e-05	8.830251e-03	-4.062604e+00
3.780000e-05	4.027721e-03	-4.000500e+00
3.781000e-05	1.858140e-03	-3.943837e+00
3.782000e-05	5.307296e-03	-3.808468e+00
3.783000e-05	7.370809e-03	-3.662656e+00
3.784000e-05	4.239869e-03	-3.577975e+00
3.785000e-05	-1.767293e-03	-3.475186e+00
3.786000e-05	1.042727e-03	-3.430477e+00
3.787000e-05	5.035772e-03	-3.315733e+00
3.788000e-05	5.999173e-03	-3.190080e+00
3.789000e-05	8.185626e-04	-3.137368e+00
3.790000e-05	-4.716082e-04	-3.011025e+00
3.791000e-05	9.197449e-04	-2.863610e+00
3.792000e-05	3.910049e-03	-2.788973e+00
3.793000e-05	2.007233e-03	-2.664684e+00
3.794000e-05	-1.731990e-03	-2.566869e+00
3.795000e-05	-1.658176e-03	-2.485707e+00
3.796000e-05	5.073721e-04	-2.400025e+00
3.797000e-05	2.347426e-03	-2.274737e+00
3.798000e-05	-7.940892e-04	-2.146820e+00
3.799000e-05	-2.935415e-03	-2.021026e+00
3.800000e-05	-1.121493e-03	-1.947818e+00
3.801000e-05	2.346400e-03	-1.823080e+00
3.802000e-05	4.556532e-04	-1.716315e+00
3.803000e-05	-2.596988e-03	-1.622053e+00
3.804000e-05	-3.942187e-03	-1.588442e+00
3.805000e-05	-1.412697e-03	-1.348941e+00
3.806000e-05	-1.873516e-03	-1.261082e+00
3.807000e-05	-3.533803e-03	-1.105212e+00
3.808000e-05	-5.321131e-03	-9.999699e-01
3.809000e-05	-2.335135e-03	-9.351142e-01
3.810000e-05	3.860394e-05	-7.800486e-01
3.811000e-05	1.380401e-04	-6.867591e-01
3.812000e-05	-3.257873e-03	-5.288180e-01
3.813000e-05	-5.271752e-03	-3.905249e-01
3.814000e-05	-4.455879e-03	-3.157391e-01
3.815000e-05	-2.879978e-03	-2.215474e-01
3.816000e-05	-3.991767e-03	-1.452628e-01
3.817000e-05	-2.880572e-03	-9.511877e-04
3.818000e-05	-1.689532e-03	7.220940e-02
3.819000e-05	4.928248e-04	2.120303e-01
3.820000e-05	1.327050e-03	3.373173e-01
3.821000e-05	-2.324687e-03	4.216566e-01
3.822000e-05	-4.383665e-03	5.468435e-01
3.823000e-05	-3.832233e-03	5.921344e-01
3.824000e-05	5.484269e-03	7.268661e-01
3.825000e-05	3.659293e-02	8.126857e-01
3.826000e-05	2.035741e-02	1.061588e+00
3.827000e-05	-3.815833e-02	1.222130e+00
3.828000e-05	-9.782896e-02	1.347820e+00
3.829000e-05	1.596395e-03	1.389525e+00
3.830000e-05	8.661056e-02	1.455241e+00
3.831000e-05	-1.798178e-02	1.713785e+00
3.832000e-05	-1.146420e-01	1.708891e+00
3.833000e-05	9.147100e-02	1.791661e+00
3.834000e-05	-3.000361e-02	1.947974e+00
3.835000e-05	-6.927105e-02	2.030525e+00
3.836000e-05	9.835235e-02	2.094737e+00
3.837000e-05	-1.108631e-02	2.222202e+00
3.838000e-05	-1.476927e-01	2.368925e+00
3.839000e-05	6.685138e-02	2.410503e+00
3.840000e-05	9.012464e-02	2.533814e+00
3.841000e-05	-8.092437e-02	2.684732e+00
3.842000e-05	-2.303092e-02	2.819104e+00
3.843000e-05	-3.196458e-03	2.884288e+00
3.844000e-05	7.792938e-03	2.989921e+00
3.845000e-05	2.854201e-02	3.024732e+00
3.846000e-05	-2.834723e-02	3.168899e+00
3.847000e-05	-6.331824e-02	3.230580e+00
3.848000e-05	4.727822e-02	3.397748e+00
3.849000e-05	6.477133e-03	3.476261e+00
3.850000e-05	-1.014206e-02	3.549975e+00
3.851000e-05	-1.741292e-02	3.663661e+00
3.852000e-05	-5.338700e-02	3.767922e+00
3.853000e-05	2.022198e-02	3.821679e+00
3.854000e-05	4.208519e-02	3.915420e+00
3.855000e-05	-2.428435e-02	3.999976e+00
3.856000e-05	-5.890178e-02	4.051111e+00
3.857000e-05	1.450133e-02	4.190976e+00
3.858000e-05	2.171333e-02	4.293711e+00
3.859000e-05	-1.358441e-04	4.388451e+00
3.860000e-05	-4.108305e-02	4.442657e+00
3.861000e-05	-2.839987e-02	4.547394e+00
3.862000e-05	1.306608e-02	4.590479e+00
3.863000e-05	2.193571e-02	4.713660e+00
3.864000e-05	-1.129002e-02	4.747920e+00
3.865000e-05	-4.716278e-02	4.800527e+00
3.866000e-05	-5.920130e-03	4.873711e+00
3.867000e-05	1.301387e-02	4.989119e+00
3.868000e-05	7.244214e-03	5.044786e+00
3.869000e-05	-3.248762e-02	5.168951e+00
3.870000e-05	-3.107986e-02	5.242657e+00
3.871000e-05	5.575478e-03	5.295810e+00
3.872000e-05	1.622825e-02	5.366441e+00
3.873000e-05	-1.008470e-02	5.389527e+00
3.874000e-05	-3.703396e-02	5.452582e+00
3.875000e-05	-1.676357e-02	5.548317e+00
3.876000e-05	5.403887e-03	5.538496e+00
3.877000e-05	7.302741e-03	5.588997e+00
3.878000e-05	-2.603014e-02	5.620029e+00
3.879000e-05	-3.093322e-02	5.664105e+00
3.880000e-05	-6.110030e-03	5.726720e+00
3.881000e-05	1.129747e-02	5.758444e+00
3.882000e-05	-6.893402e-03	5.830979e+00
3.883000e-05	-3.301327e-02	5.885160e+00
3.884000e-05	-2.070668e-02	5.967345e+00
3.885000e-05	5.060318e-04	5.978969e+00
3.886000e-05	3.762011e-03	6.000025e+00
3.887000e-05	-2.291324e-02	6.010501e+00
3.888000e-05	-3.102078e-02	6.011553e+00
3.889000e-05	-1.282219e-02	6.032608e+00
3.890000e-05	3.204920e-03	6.022630e+00
3.891000e-05	-6.865259e-03	6.063232e+00
3.892000e-05	-2.763317e-02	6.063712e+00
3.893000e-05	-2.356558e-02	6.127265e+00
3.894000e-05	-6.512966e-03	6.145842e+00
3.895000e-05	-3.336026e-04	6.128885e+00
3.896000e-05	-1.936550e-02	6.138371e+00
3.897000e-05	-3.127228e-02	6.158442e+00
3.898000e-05	-1.981866e-02	6.177370e+00
3.899000e-05	-2.865255e-03	6.179445e+00
3.900000e-05	-6.619008e-03	6.138413e+00
3.901000e-05	-2.600580e-02	6.157918e+00
3.902000e-05	-2.607935e-02	6.117866e+00
3.903000e-05	-1.263319e-02	6.158369e+00
3.904000e-05	-4.602828e-03	6.137915e+00
3.905000e-05	-1.988849e-02	6.105795e+00
3.906000e-05	-3.038277e-02	6.115731e+00
3.907000e-05	-2.389458e-02	6.075188e+00
3.908000e-05	-8.664415e-03	6.064632e+00
3.909000e-05	-8.794462e-03	6.042582e+00
3.910000e-05	-2.480358e-02	6.030100e+00
3.911000e-05	-2.932032e-02	6.011530e+00
3.912000e-05	-1.889200e-02	5.990500e+00
3.913000e-05	-7.933980e-03	5.959975e+00
3.914000e-05	-1.687920e-02	5.938444e+00
3.915000e-05	-2.937564e-02	5.956867e+00
3.916000e-05	-2.743894e-02	5.905691e+00
3.917000e-05	-1.393899e-02	5.824076e+00
3.918000e-05	-1.134782e-02	5.748340e+00
3.919000e-05	-2.305421e-02	5.654183e+00
3.920000e-05	-2.869545e-02	5.653053e+00
3.921000e-05	-2.066019e-02	5.591527e+00
3.922000e-05	-1.033884e-02	5.599447e+00
3.923000e-05	-1.614091e-02	5.556319e+00
3.924000e-05	-2.676473e-02	5.474634e+00
3.925000e-05	-2.802274e-02	5.422053e+00
3.926000e-05	-1.707720e-02	5.379025e+00
3.927000e-05	-1.222347e-02	5.316817e+00
3.928000e-05	-1.925558e-02	5.244681e+00
3.929000e-05	-2.684567e-02	5.219546e+00
3.930000e-05	-2.071382e-02	5.127791e+00
3.931000e-05	-1.157036e-02	5.042652e+00
3.932000e-05	-1.310809e-02	4.897338e+00
3.933000e-05	-2.251062e-02	4.811553e+00
3.934000e-05	-2.487827e-02	4.798929e+00
3.935000e-05	-1.695490e-02	4.676763e+00
3.936000e-05	-1.096063e-02	4.641605e+00
3.937000e-05	-1.613731e-02	4.579965e+00
3.938000e-05	-2.173796e-02	4.465233e+00
3.939000e-05	-1.943113e-02	4.431525e+00
3.940000e-05	-9.196347e-03	4.397367e+00
3.941000e-05	-8.887759e-03	4.305164e+00
3.942000e-05	-1.675802e-02	4.119370e+00
3.943000e-05	-2.017671e-02	4.022183e+00
3.944000e-05	-1.504654e-02	3.998973e+00
3.945000e-05	-8.837351e-03	3.896263e+00
3.946000e-05	-1.120097e-02	3.821551e+00
3.947000e-05	-1.682591e-02	3.707291e+00
3.948000e-05	-1.730888e-02	3.642582e+00
3.949000e-05	-8.280574e-03	3.578996e+00
3.950000e-05	-5.968570e-03	3.486337e+00
3.951000e-05	-9.965387e-03	3.348347e+00
3.952000e-05	-1.524698e-02	3.211555e+00
3.953000e-05	-1.253882e-02	3.188496e+00
3.954000e-05	-7.121259e-03	3.053633e+00
3.955000e-05	-7.985971e-03	2.969893e+00
3.956000e-05	-1.344879e-02	2.924284e+00
3.957000e-05	-1.461564e-02	2.800427e+00
3.958000e-05	-8.662603e-03	2.746186e+00
3.959000e-05	-4.228328e-03	2.570420e+00
3.960000e-05	-5.967946e-03	2.462653e+00
3.961000e-05	-1.076832e-02	2.337370e+00
3.962000e-05	-9.746333e-03	2.253102e+00
3.963000e-05	-5.759300e-03	2.105317e+00
3.964000e-05	-5.736612e-03	2.033104e+00
3.965000e-05	-1.078158e-02	1.937843e+00
3.966000e-05	-1.227627e-02	1.843125e+00
3.967000e-05	-7.756034e-03	1.726259e+00
3.968000e-05	-3.211462e-03	1.611476e+00
3.969000e-05	-4.547154e-03	1.445640e+00
3.970000e-05	-8.689486e-03	1.399321e+00
3.971000e-05	-8.228289e-03	1.243683e+00
3.972000e-05	-4.062995e-03	1.159791e+00
3.973000e-05	-4.608448e-03	1.030876e+00
3.974000e-05	-8.530667e-03	8.531325e-01
3.975000e-05	-1.031429e-02	7.783118e-01
3.976000e-05	-5.871602e-03	6.230838e-01
3.977000e-05	-2.938911e-03	5.143132e-01
3.978000e-05	-2.938203e-03	4.316289e-01
3.979000e-05	-6.656931e-03	3.468392e-01
3.980000e-05	-6.723567e-03	1.920397e-01
3.981000e-05	-2.449381e-03	4.310495e-02
3.982000e-05	-1.544826e-03	-1.580579e-03
3.983000e-05	-2.441358e-03	-1.673949e-01
3.984000e-05	-4.596623e-03	-2.316307e-01
3.985000e-05	-3.552466e-03	-3.283711e-01
3.986000e-05	-7.257074e-04	-4.300805e-01
3.987000e-05	-9.904540e-04	-5.264450e-01
3.988000e-05	-3.664252e-03	-7.242110e-01
3.989000e-05	-3.357021e-03	-8.095025e-01
3.990000e-05	1.454039e-02	-8.422083e-01
3.991000e-05	5.814795e-02	-9.784741e-01
3.992000e-05	-1.044148e-02	-1.167949e+00
3.993000e-05	-5.552256e-02	-1.452128e+00
3.994000e-05	-9.272401e-02	-1.547792e+00
3.995000e-05	9.307687e-02	-1.497391e+00
3.996000e-05	4.234357e-02	-1.568002e+00
3.997000e-05	-1.089141e-01	-1.767024e+00
3.998000e-05	3.723075e-02	-1.842185e+00
3.999000e-05	5.559537e-02	-1.873185e+00
4.000000e-05	-7.376147e-02	-2.009608e+00
4.001000e-05	1.904851e-02	-2.221002e+00
4.002000e-05	1.123892e-01	-2.266319e+00
4.003000e-05	-1.316200e-01	-2.340127e+00
4.004000e-05	-6.042544e-02	-2.525839e+00
4.005000e-05	1.583306e-01	-2.580053e+00
4.006000e-05	-9.240501e-03	-2.686262e+00
4.007000e-05	-1.008949e-01	-2.799500e+00
4.008000e-05	5.393871e-02	-2.841733e+00
4.009000e-05	-2.122720e-02	-3.032159e+00
4.010000e-05	3.505313e-02	-3.168423e+00
4.011000e-05	2.967399e-02	-3.220555e+00
4.012000e-05	-9.385683e-02	-3.317420e+00
4.013000e-05	2.982533e-02	-3.420054e+00
4.014000e-05	6.706718e-02	-3.464289e+00
4.015000e-05	-4.264733e-02	-3.579497e+00
4.016000e-05	2.321751e-02	-3.641085e+00
4.017000e-05	-2.157141e-02	-3.737473e+00
4.018000e-05	-4.856450e-02	-3.926413e+00
4.019000e-05	9.399142e-02	-4.000025e+00
4.020000e-05	3.001560e-03	-4.094265e+00
4.021000e-05	-5.195229e-02	-4.168970e+00
4.022000e-05	6.429951e-03	-4.230607e+00
4.023000e-05	1.498461e-02	-4.336817e+00
4.024000e-05	3.731786e-02	-4.390024e+00
4.025000e-05	-2.137915e-02	-4.422082e+00
4.026000e-05	-3.604802e-02	-4.507915e+00
4.027000e-05	1.900769e-02	-4.671082e+00
4.028000e-05	2.783223e-02	-4.704737e+00
4.029000e-05	1.885870e-02	-4.736994e+00
4.030000e-05	-2.109772e-02	-4.812160e+00
4.031000e-05	-2.200901e-02	-4.937945e+00
4.032000e-05	2.998927e-02	-5.009078e+00
4.033000e-05	1.721482e-02	-5.072163e+00
4.034000e-05	-2.185380e-03	-5.158369e+00
4.035000e-05	-1.615541e-02	-5.229500e+00
4.036000e-05	-9.680924e-03	-5.285782e+00
4.037000e-05	4.176143e-02	-5.338950e+00
4.038000e-05	7.859109e-03	-5.484262e+00
4.039000e-05	-1.101755e-02	-5.577290e+00
4.040000e-05	-9.667698e-03	-5.589000e+00
4.041000e-05	5.039986e-03	-5.620628e+00
4.042000e-05	3.180335e-02	-5.703112e+00
4.043000e-05	1.796923e-03	-5.736265e+00
4.044000e-05	-1.319104e-02	-5.756970e+00
4.045000e-05	-2.120442e-03	-5.789554e+00
4.046000e-05	2.040954e-02	-5.871656e+00
4.047000e-05	2.306760e-02	-5.904762e+00
4.048000e-05	-7.245468e-03	-5.946363e+00
4.049000e-05	-1.257460e-02	-5.976922e+00
4.050000e-05	1.363989e-02	-5.999974e+00
4.051000e-05	2.120772e-02	-6.000478e+00
4.052000e-05	1.166660e-02	-6.020078e+00
4.053000e-05	-8.819850e-03	-6.052153e+00
4.054000e-05	-1.200127e-03	-6.073261e+00
4.055000e-05	1.820153e-02	-6.085686e+00
4.056000e-05	1.754151e-02	-6.166338e+00
4.057000e-05	5.696514e-03	-6.127069e+00
4.058000e-05	-5.861970e-03	-6.149522e+00
4.059000e-05	7.205716e-03	-6.262105e+00
4.060000e-05	2.111670e-02	-6.172627e+00
4.061000e-05	1.414964e-02	-6.254712e+00
4.062000e-05	-1.629163e-04	-6.251760e+00
4.063000e-05	-1.806023e-03	-6.314803e+00
4.064000e-05	1.535932e-02	-6.324787e+00
4.065000e-05	2.096791e-02	-6.325261e+00
4.066000e-05	9.187463e-03	-6.314740e+00
4.067000e-05	-6.558520e-04	-6.253812e+00
4.068000e-05	6.360986e-03	-6.253758e+00
4.069000e-05	1.952118e-02	-6.293633e+00
4.070000e-05	1.623211e-02	-6.253811e+00
4.071000e-05	5.549650e-03	-6.302126e+00
4.072000e-05	3.653586e-03	-6.199677e+00
4.073000e-05	1.376354e-02	-6.206917e+00
4.074000e-05	2.149661e-02	-6.198969e+00
4.075000e-05	1.439150e-02	-6.144788e+00
4.076000e-05	3.357675e-03	-6.084159e+00
4.077000e-05	8.009805e-03	-6.063131e+00
4.078000e-05	1.807103e-02	-6.041530e+00
4.079000e-05	1.874507e-02	-6.019526e+00
4.080000e-05	1.000212e-02	-5.990500e+00
4.081000e-05	5.042886e-03	-5.978422e+00
4.082000e-05	1.412027e-02	-5.947393e+00
4.083000e-05	2.024537e-02	-5.944766e+00
4.084000e-05	1.676349e-02	-5.893632e+00
4.085000e-05	7.140002e-03	-5.841678e+00
4.086000e-05	7.900217e-03	-5.789573e+00
4.087000e-05	1.672616e-02	-5.786844e+00
4.088000e-05	1.874759e-02	-5.674205e+00
4.089000e-05	1.200233e-02	-5.642630e+00
4.090000e-05	6.106670e-03	-5.610074e+00
4.091000e-05	1.235775e-02	-5.558448e+00
4.092000e-05	1.784739e-02	-5.526744e+00
4.093000e-05	1.623089e-02	-5.472655e+00
4.094000e-05	8.612725e-03	-5.347472e+00
4.095000e-05	7.399192e-03	-5.282080e+00
4.096000e-05	1.332762e-02	-5.188524e+00
4.097000e-05	1.584388e-02	-5.156288e+00
4.098000e-05	1.096421e-02	-5.063155e+00
4.099000e-05	5.286040e-03	-4.999522e+00
4.100000e-05	8.339256e-03	-4.914837e+00
4.101000e-05	1.315823e-02	-4.799421e+00
4.102000e-05	1.343887e-02	-4.683234e+00
4.103000e-05	7.032847e-03	-4.653583e+00
4.104000e-05	4.769758e-03	-4.599473e+00
4.105000e-05	8.362793e-03	-4.497208e+00
4.106000e-05	1.163746e-02	-4.421578e+00
4.107000e-05	8.369245e-03	-4.379022e+00
4.108000e-05	2.309022e-03	-4.314813e+00
4.109000e-05	4.695888e-03	-4.231052e+00
4.110000e-05	8.406787e-03	-4.177318e+00
4.111000e-05	8.781200e-03	-4.072159e+00
4.112000e-05	3.870418e-03	-3.998998e+00
4.113000e-05	2.606085e-03	-3.925237e+00
4.114000e-05	5.231594e-03	-3.799923e+00
4.115000e-05	7.725367e-03	-3.662658e+00
4.116000e-05	4.137525e-03	-3.579000e+00
4.117000e-05	-4.508867e-04	-3.505237e+00
4.118000e-05	1.665071e-03	-3.419577e+00
4.119000e-05	3.687047e-03	-3.303317e+00
4.120000e-05	4.934686e-03	-3.221580e+00
4.121000e-05	6.421293e-04	-3.178817e+00
4.122000e-05	3.128787e-04	-3.043001e+00
4.123000e-05	1.982067e-03	-2.874687e+00
4.124000e-05	4.069957e-03	-2.769000e+00
4.125000e-05	1.804238e-03	-2.716212e+00
4.126000e-05	-1.613490e-03	-2.571897e+00
4.127000e-05	-1.578891e-03	-2.533761e+00
4.128000e-05	-3.171717e-04	-2.408449e+00
4.129000e-05	1.768599e-03	-2.325215e+00
4.130000e-05	-1.668753e-03	-2.157323e+00
4.131000e-05	-1.695103e-03	-2.012578e+00
4.132000e-05	-1.375011e-03	-1.936367e+00
4.133000e-05	2.219010e-03	-1.851154e+00
4.134000e-05	9.506913e-04	-1.756344e+00
4.135000e-05	-1.215098e-03	-1.651130e+00
4.136000e-05	-3.012758e-03	-1.525391e+00
4.137000e-05	-2.026514e-03	-1.369555e+00
4.138000e-05	-1.972487e-03	-1.241084e+00
4.139000e-05	-3.739402e-03	-1.165237e+00
4.140000e-05	-4.904022e-03	-1.010477e+00
4.141000e-05	-3.785466e-03	-8.746391e-01
4.142000e-05	-1.005502e-03	-8.100474e-01
4.143000e-05	-3.037960e-04	-6.946593e-01
4.144000e-05	-2.969941e-03	-5.478244e-01
4.145000e-05	-4.026757e-03	-4.310524e-01
4.146000e-05	-4.362190e-03	-3.277667e-01
4.147000e-05	-3.594496e-03	-2.310786e-01
4.148000e-05	-4.062284e-03	-1.252379e-01
4.149000e-05	-3.659210e-03	-1.026185e-03
4.150000e-05	-1.061051e-03	5.328441e-02
4.151000e-05	-9.051113e-04	2.510731e-01
4.152000e-05	2.849023e-04	3.688711e-01
4.153000e-05	-2.092215e-03	4.304791e-01
4.154000e-05	-3.858059e-03	4.958186e-01
4.155000e-05	-2.552997e-03	6.630518e-01
4.156000e-05	3.398755e-03	7.478661e-01
4.157000e-05	3.199806e-02	8.125556e-01
4.158000e-05	2.537665e-02	1.000629e+00
4.159000e-05	-3.437203e-02	1.200551e+00
4.160000e-05	-9.110029e-02	1.336713e+00
4.161000e-05	-2.121978e-02	1.377949e+00
4.162000e-05	9.336097e-02	1.475042e+00
4.163000e-05	-4.522573e-03	1.654705e+00
4.164000e-05	-1.248052e-01	1.707896e+00
4.165000e-05	8.814679e-02	1.791061e+00
4.166000e-05	-1.709734e-02	1.948446e+00
4.167000e-05	-7.084367e-02	2.012003e+00
4.168000e-05	8.139452e-02	2.054211e+00
4.169000e-05	1.689977e-02	2.191584e+00
4.170000e-05	-1.530781e-01	2.358919e+00
4.171000e-05	4.079516e-02	2.409977e+00
4.172000e-05	1.047896e-01	2.485840e+00
4.173000e-05	-6.732832e-02	2.654759e+00
4.174000e-05	-3.755957e-02	2.800926e+00
4.175000e-05	2.434724e-03	2.884212e+00
4.176000e-05	4.072438e-03	2.969375e+00
4.177000e-05	2.824785e-02	3.021708e+00
4.178000e-05	-1.579389e-02	3.138395e+00
4.179000e-05	-7.292052e-02	3.211108e+00
4.180000e-05	4.241706e-02	3.287443e+00
4.181000e-05	1.017146e-02	3.474286e+00
4.182000e-05	-6.982198e-03	3.547945e+00
4.183000e-05	-1.777180e-02	3.632234e+00
4.184000e-05	-4.917700e-02	3.737891e+00
4.185000e-05	7.918557e-03	3.831129e+00
4.186000e-05	4.922918e-02	3.937363e+00
4.187000e-05	-1.625377e-02	3.989447e+00
4.188000e-05	-6.253855e-02	4.044109e+00
4.189000e-05	8.052572e-03	4.125922e+00
4.190000e-05	2.131733e-02	4.276739e+00
4.191000e-05	5.337840e-03	4.369468e+00
4.192000e-05	-4.167152e-02	4.462233e+00
4.193000e-05	-2.953474e-02	4.515891e+00
4.194000e-05	6.958579e-03	4.578501e+00
4.195000e-05	2.647828e-02	4.693261e+00
4.196000e-05	-7.130600e-03	4.757342e+00
4.197000e-05	-4.605186e-02	4.790074e+00
4.198000e-05	-1.028413e-02	4.844806e+00
4.199000e-05	1.196234e-02	4.977500e+00
4.200000e-05	9.675420e-03	5.044736e+00
4.201000e-05	-3.115603e-02	5.158399e+00
4.202000e-05	-3.193143e-02	5.252206e+00
4.203000e-05	-2.057943e-04	5.254811e+00
4.204000e-05	1.944236e-02	5.327946e+00
4.205000e-05	-7.527952e-03	5.369527e+00
4.206000e-05	-3.476814e-02	5.441134e+00
4.207000e-05	-1.832330e-02	5.545792e+00
4.208000e-05	3.506417e-03	5.577893e+00
4.209000e-05	9.426201e-03	5.569000e+00
4.210000e-05	-2.400638e-02	5.610054e+00
4.211000e-05	-3.171641e-02	5.653655e+00
4.212000e-05	-1.112090e-02	5.703738e+00
4.213000e-05	1.215389e-02	5.769502e+00
4.214000e-05	-3.987838e-03	5.821050e+00
4.215000e-05	-3.119631e-02	5.875764e+00
4.216000e-05	-2.244081e-02	5.937395e+00
4.217000e-05	-9.919023e-04	5.989974e+00
4.218000e-05	4.996391e-03	5.988500e+00
4.219000e-05	-1.987979e-02	6.000025e+00
4.220000e-05	-3.120942e-02	6.032528e+00
4.221000e-05	-1.633679e-02	6.052052e+00
4.222000e-05	2.293996e-03	6.043154e+00
4.223000e-05	-5.344489e-03	6.084109e+00
4.224000e-05	-2.441093e-02	6.075688e+00
4.225000e-05	-2.526531e-02	6.115837e+00
4.226000e-05	-8.816872e-03	6.128842e+00
4.227000e-05	1.269674e-04	6.156891e+00
4.228000e-05	-1.690922e-02	6.164922e+00
4.229000e-05	-3.058139e-02	6.159894e+00
4.230000e-05	-2.268008e-02	6.156895e+00
4.231000e-05	-4.718495e-03	6.179495e+00
4.232000e-05	-6.635588e-03	6.146944e+00
4.233000e-05	-2.364899e-02	6.159446e+00
4.234000e-05	-2.651582e-02	6.137371e+00
4.235000e-05	-1.483182e-02	6.157817e+00
4.236000e-05	-5.610850e-03	6.117765e+00
4.237000e-05	-1.689722e-02	6.087863e+00
4.238000e-05	-2.830377e-02	6.106761e+00
4.239000e-05	-2.609365e-02	6.067736e+00
4.240000e-05	-1.062205e-02	6.034684e+00
4.241000e-05	-9.368630e-03	6.021654e+00
4.242000e-05	-2.234010e-02	5.991103e+00
4.243000e-05	-2.862399e-02	6.010026e+00
4.244000e-05	-1.981292e-02	6.001500e+00
4.245000e-05	-9.793661e-03	5.999974e+00
4.246000e-05	-1.556717e-02	5.958921e+00
4.247000e-05	-2.717923e-02	5.937866e+00
4.248000e-05	-2.751697e-02	5.885239e+00
4.249000e-05	-1.559459e-02	5.783127e+00
4.250000e-05	-1.245077e-02	5.777294e+00
4.251000e-05	-2.101259e-02	5.663633e+00
4.252000e-05	-2.796206e-02	5.661604e+00
4.253000e-05	-2.283862e-02	5.611501e+00
4.254000e-05	-1.230165e-02	5.588924e+00
4.255000e-05	-1.495336e-02	5.527815e+00
4.256000e-05	-2.459183e-02	5.465139e+00
4.257000e-05	-2.654804e-02	5.421055e+00
4.258000e-05	-1.771860e-02	5.431023e+00
4.259000e-05	-1.327662e-02	5.327391e+00
4.260000e-05	-1.854186e-02	5.243207e+00
4.261000e-05	-2.594192e-02	5.180449e+00
4.262000e-05	-2.209288e-02	5.128811e+00
4.263000e-05	-1.477933e-02	5.012221e+00
4.264000e-05	-1.375941e-02	4.925237e+00
4.265000e-05	-1.990386e-02	4.813102e+00
4.266000e-05	-2.269514e-02	4.758449e+00
4.267000e-05	-1.772984e-02	4.743762e+00
4.268000e-05	-1.208446e-02	4.653626e+00
4.269000e-05	-1.593510e-02	4.578947e+00
4.270000e-05	-2.068488e-02	4.504235e+00
4.271000e-05	-2.018570e-02	4.421026e+00
4.272000e-05	-1.237996e-02	4.359870e+00
4.273000e-05	-9.874941e-03	4.315817e+00
4.274000e-05	-1.487766e-02	4.178917e+00
4.275000e-05	-1.901237e-02	4.053108e+00
4.276000e-05	-1.494346e-02	3.998897e+00
4.277000e-05	-9.754006e-03	3.926209e+00
4.278000e-05	-1.209529e-02	3.851151e+00
4.279000e-05	-1.599705e-02	3.738893e+00
4.280000e-05	-1.649590e-02	3.682130e+00
4.281000e-05	-1.079271e-02	3.588397e+00
4.282000e-05	-8.214762e-03	3.526691e+00
4.283000e-05	-1.055805e-02	3.377921e+00
4.284000e-05	-1.480101e-02	3.223106e+00
4.285000e-05	-1.198754e-02	3.208445e+00
4.286000e-05	-6.717180e-03	3.095157e+00
4.287000e-05	-8.100575e-03	2.999004e+00
4.288000e-05	-1.256440e-02	2.916184e+00
4.289000e-05	-1.320053e-02	2.830025e+00
4.290000e-05	-8.517402e-03	2.736337e+00
4.291000e-05	-5.818712e-03	2.618494e+00
4.292000e-05	-7.923294e-03	2.443680e+00
4.293000e-05	-1.115688e-02	2.327912e+00
4.294000e-05	-9.691894e-03	2.263128e+00
4.295000e-05	-6.250883e-03	2.178269e+00
4.296000e-05	-5.666797e-03	2.031656e+00
4.297000e-05	-8.687264e-03	1.990392e+00
4.298000e-05	-1.052994e-02	1.844607e+00
4.299000e-05	-7.930266e-03	1.726843e+00
4.300000e-05	-4.596749e-03	1.682525e+00
4.301000e-05	-5.923815e-03	1.505238e+00
4.302000e-05	-8.673855e-03	1.390397e+00
4.303000e-05	-8.743395e-03	1.293657e+00
4.304000e-05	-5.617177e-03	1.157997e+00
4.305000e-05	-3.937399e-03	1.010975e+00
4.306000e-05	-5.995537e-03	8.647037e-01
4.307000e-05	-7.099949e-03	7.798157e-01
4.308000e-05	-6.560522e-03	6.641564e-01
4.309000e-05	-3.935837e-03	5.183182e-01
4.310000e-05	-4.233523e-03	4.401276e-01
4.311000e-05	-7.052173e-03	3.763169e-01
4.312000e-05	-7.304083e-03	2.020008e-01
4.313000e-05	-4.621212e-03	5.315264e-02
4.314000e-05	-1.683424e-03	-4.105689e-02
4.315000e-05	-2.163267e-03	-1.358461e-01
4.316000e-05	-1.794258e-03	-2.231542e-01
4.317000e-05	-2.739028e-03	-3.654187e-01
4.318000e-05	-6.332092e-04	-4.116066e-01
4.319000e-05	-9.793423e-04	-4.978174e-01
4.320000e-05	-3.430566e-03	-6.832860e-01
4.321000e-05	-3.654204e-03	-7.589489e-01
4.322000e-05	8.856812e-03	-8.736594e-01
4.323000e-05	5.516751e-02	-9.579524e-01
4.324000e-05	-1.108804e-03	-1.167424e+00
4.325000e-05	-4.852673e-02	-1.388577e+00
4.326000e-05	-1.027158e-01	-1.556791e+00
4.327000e-05	8.533103e-02	-1.495291e+00
4.328000e-05	4.862826e-02	-1.566971e+00
4.329000e-05	-9.116141e-02	-1.756920e+00
4.330000e-05	4.182849e-03	-1.853577e+00
4.331000e-05	7.910509e-02	-1.831612e+00
4.332000e-05	-6.733632e-02	-1.960224e+00
4.333000e-05	-6.596492e-03	-2.229604e+00
4.334000e-05	1.254425e-01	-2.334266e+00
4.335000e-05	-1.084462e-01	-2.360423e+00
4.336000e-05	-1.017673e-01	-2.494711e+00
4.337000e-05	1.489005e-01	-2.559028e+00
4.338000e-05	1.271046e-02	-2.725785e+00
4.339000e-05	-1.136922e-01	-2.789474e+00
4.340000e-05	4.734644e-02	-2.821608e+00
4.341000e-05	-1.379221e-02	-3.000603e+00
4.342000e-05	2.446811e-02	-3.188921e+00
4.343000e-05	3.981624e-02	-3.190454e+00
4.344000e-05	-8.950986e-02	-3.305842e+00
4.345000e-05	7.724698e-03	-3.409499e+00
4.346000e-05	8.313083e-02	-3.464812e+00
4.347000e-05	-4.197264e-02	-3.589521e+00
4.348000e-05	1.730136e-02	-3.621630e+00
4.349000e-05	-1.068043e-02	-3.769451e+00
4.350000e-05	-5.881939e-02	-3.924813e+00
4.351000e-05	8.742781e-02	-4.009499e+00
4.352000e-05	1.705861e-02	-4.102261e+00
4.353000e-05	-5.610984e-02	-4.168445e+00
4.354000e-05	7.996786e-04	-4.221031e+00
4.355000e-05	1.393834e-02	-4.307341e+00
4.356000e-05	3.849666e-02	-4.389424e+00
4.357000e-05	-1.296635e-02	-4.450105e+00
4.358000e-05	-4.170450e-02	-4.505287e+00
4.359000e-05	1.535683e-02	-4.631627e+00
4.360000e-05	2.931441e-02	-4.716181e+00
4.361000e-05	1.832583e-02	-4.706496e+00
4.362000e-05	-1.592465e-02	-4.802658e+00
4.363000e-05	-2.920927e-02	-4.955941e+00
4.364000e-05	2.811903e-02	-5.010528e+00
4.365000e-05	2.001927e-02	-5.063282e+00
4.366000e-05	-3.364251e-04	-5.134890e+00
4.367000e-05	-1.505167e-02	-5.209524e+00
4.368000e-05	-1.384253e-02	-5.252638e+00
4.369000e-05	4.084486e-02	-5.367798e+00
4.370000e-05	1.252133e-02	-5.404289e+00
4.371000e-05	-1.171540e-02	-5.536394e+00
4.372000e-05	-1.212400e-02	-5.558974e+00
4.373000e-05	3.418752e-03	-5.610526e+00
4.374000e-05	3.255276e-02	-5.632205e+00
4.375000e-05	6.373519e-03	-5.746765e+00
4.376000e-05	-1.543024e-02	-5.757870e+00
4.377000e-05	-2.973454e-03	-5.799998e+00
4.378000e-05	1.915013e-02	-5.843656e+00
4.379000e-05	2.554528e-02	-5.882238e+00
4.380000e-05	-5.047382e-03	-5.966919e+00
4.381000e-05	-1.581220e-02	-5.979425e+00
4.382000e-05	1.262619e-02	-5.988949e+00
4.383000e-05	2.336190e-02	-5.999500e+00
4.384000e-05	1.390272e-02	-6.010050e+00
4.385000e-05	-1.010190e-02	-6.021031e+00
4.386000e-05	-5.295007e-03	-6.113608e+00
4.387000e-05	2.018680e-02	-6.045239e+00
4.388000e-05	1.913342e-02	-6.095744e+00
4.389000e-05	6.600021e-03	-6.139393e+00
4.390000e-05	-7.429538e-03	-6.160020e+00
4.391000e-05	6.519155e-03	-6.213572e+00
4.392000e-05	2.215473e-02	-6.209059e+00
4.393000e-05	1.525950e-02	-6.263183e+00
4.394000e-05	-2.114651e-03	-6.294687e+00
4.395000e-05	-3.767981e-03	-6.304307e+00
4.396000e-05	1.536865e-02	-6.304283e+00
4.397000e-05	2.299714e-02	-6.284659e+00
4.398000e-05	1.113956e-02	-6.286637e+00
4.399000e-05	-1.612534e-03	-6.273636e+00
4.400000e-05	5.672756e-03	-6.313685e+00
4.401000e-05	1.966907e-02	-6.262208e+00
4.402000e-05	1.844931e-02	-6.281159e+00
4.403000e-05	4.370505e-03	-6.243108e+00
4.404000e-05	8.472166e-04	-6.211104e+00
4.405000e-05	1.361455e-02	-6.191973e+00
4.406000e-05	2.225032e-02	-6.166469e+00
4.407000e-05	1.513472e-02	-6.106842e+00
4.408000e-05	2.086632e-03	-6.094164e+00
4.409000e-05	6.896524e-03	-6.051587e+00
4.410000e-05	1.855594e-02	-6.030555e+00
4.411000e-05	2.118412e-02	-6.010550e+00
4.412000e-05	9.430435e-03	-6.000475e+00
4.413000e-05	3.653418e-03	-5.989474e+00
4.414000e-05	1.229835e-02	-5.967397e+00
4.415000e-05	2.124276e-02	-5.975791e+00
4.416000e-05	1.754183e-02	-5.884182e+00
4.417000e-05	6.768348e-03	-5.852126e+00
4.418000e-05	6.876678e-03	-5.797974e+00
4.419000e-05	1.607725e-02	-5.736392e+00
4.420000e-05	2.022775e-02	-5.713759e+00
4.421000e-05	1.245748e-02	-5.642655e+00
4.422000e-05	4.706460e-03	-5.630051e+00
4.423000e-05	1.013261e-02	-5.578947e+00
4.424000e-05	1.864450e-02	-5.524266e+00
4.425000e-05	1.738874e-02	-5.474078e+00
4.426000e-05	8.476019e-03	-5.388365e+00
4.427000e-05	7.078658e-03	-5.272134e+00
4.428000e-05	1.359629e-02	-5.199999e+00
4.429000e-05	1.754668e-02	-5.167318e+00
4.430000e-05	1.160446e-02	-5.052108e+00
4.431000e-05	4.560334e-03	-4.989400e+00
4.432000e-05	6.808118e-03	-4.947288e+00
4.433000e-05	1.344363e-02	-4.849427e+00
4.434000e-05	1.432810e-02	-4.684632e+00
4.435000e-05	7.314652e-03	-4.652577e+00
4.436000e-05	4.441536e-03	-4.589423e+00
4.437000e-05	8.997080e-03	-4.516738e+00
4.438000e-05	1.405037e-02	-4.431606e+00
4.439000e-05	8.335326e-03	-4.390001e+00
4.440000e-05	2.303533e-03	-4.335288e+00
4.441000e-05	3.995073e-03	-4.240605e+00
4.442000e-05	9.342268e-03	-4.178319e+00
4.443000e-05	9.151963e-03	-4.072605e+00
4.444000e-05	3.646506e-03	-3.980524e+00
4.445000e-05	1.685418e-03	-3.935761e+00
4.446000e-05	5.290849e-03	-3.790047e+00
4.447000e-05	8.240378e-03	-3.624083e+00
4.448000e-05	6.222609e-03	-3.588471e+00
4.449000e-05	1.235671e-03	-3.465736e+00
4.450000e-05	9.807453e-04	-3.422104e+00
4.451000e-05	4.015875e-03	-3.315862e+00
4.452000e-05	5.768979e-03	-3.242130e+00
4.453000e-05	-3.510399e-04	-3.178395e+00
4.454000e-05	-2.130368e-03	-3.110655e+00
4.455000e-05	3.882511e-04	-2.905737e+00
4.456000e-05	5.337368e-03	-2.779499e+00
4.457000e-05	4.289163e-03	-2.704710e+00
4.458000e-05	1.141923e-03	-2.600552e+00
4.459000e-05	-3.193936e-04	-2.535738e+00
4.460000e-05	4.612366e-04	-2.411025e+00
4.461000e-05	1.374379e-03	-2.337335e+00
4.462000e-05	-2.301074e-03	-2.146918e+00
4.463000e-05	-4.451077e-03	-2.022158e+00
4.464000e-05	-4.108630e-03	-1.967896e+00
4.465000e-05	2.393935e-03	-1.853083e+00
4.466000e-05	4.479223e-03	-1.757367e+00
4.467000e-05	1.108920e-03	-1.661108e+00
4.468000e-05	-3.095172e-03	-1.596792e+00
4.469000e-05	-2.029340e-03	-1.402151e+00
4.470000e-05	-2.156763e-03	-1.222155e+00
4.471000e-05	-4.367674e-03	-1.134291e+00
4.472000e-05	-7.289589e-03	-1.000555e+00
4.473000e-05	-4.997706e-03	-9.262354e-01
4.474000e-05	-9.223316e-04	-8.000511e-01
4.475000e-05	2.724949e-03	-7.267853e-01
4.476000e-05	-2.279016e-03	-5.879219e-01
4.477000e-05	-3.142315e-03	-4.421300e-01
4.478000e-05	-5.971154e-03	-3.673117e-01
4.479000e-05	-2.399499e-03	-2.520525e-01
4.480000e-05	-4.017738e-03	-1.467905e-01
4.481000e-05	-4.682382e-03	-2.262999e-02
4.482000e-05	-2.656718e-03	6.216071e-02
4.483000e-05	3.096224e-05	1.781202e-01
4.484000e-05	1.153960e-03	3.468436e-01
4.485000e-05	-1.420716e-03	4.015291e-01
4.486000e-05	-3.838461e-03	5.568172e-01
4.487000e-05	-4.039831e-03	6.016031e-01
4.488000e-05	2.637102e-03	7.272871e-01
4.489000e-05	2.790752e-02	8.010564e-01
4.490000e-05	2.985570e-02	1.001602e+00
4.491000e-05	-3.048146e-02	1.219474e+00
4.492000e-05	-8.313570e-02	1.305808e+00
4.493000e-05	-4.097790e-02	1.368949e+00
4.494000e-05	9.726969e-02	1.474737e+00
4.495000e-05	6.426066e-03	1.653706e+00
4.496000e-05	-1.288026e-01	1.747291e+00
4.497000e-05	8.217320e-02	1.812077e+00
4.498000e-05	2.006799e-03	1.938919e+00
4.499000e-05	-7.288955e-02	2.061104e+00
4.500000e-05	6.083014e-02	2.054762e+00
4.501000e-05	4.313609e-02	2.179577e+00
4.502000e-05	-1.506809e-01	2.338921e+00
4.503000e-05	1.355812e-02	2.401030e+00
4.504000e-05	1.161266e-01	2.533789e+00
4.505000e-05	-5.275559e-02	2.672160e+00
4.506000e-05	-5.362846e-02	2.789476e+00
4.507000e-05	6.881314e-03	2.874186e+00
4.508000e-05	-6.704498e-04	2.997896e+00
4.509000e-05	2.810676e-02	3.033158e+00
4.510000e-05	-4.768397e-03	3.148370e+00
4.511000e-05	-7.792352e-02	3.220053e+00
4.512000e-05	3.610171e-02	3.304314e+00
4.513000e-05	1.530156e-02	3.472734e+00
4.514000e-05	-5.519600e-03	3.548920e+00
4.515000e-05	-1.894660e-02	3.621582e+00
4.516000e-05	-4.468356e-02	3.775870e+00
4.517000e-05	-5.696898e-03	3.821079e+00
4.518000e-05	5.341280e-02	3.906790e+00
4.519000e-05	-7.692712e-03	3.968945e+00
4.520000e-05	-6.370211e-02	4.051231e+00
4.521000e-05	2.269850e-03	4.116365e+00
4.522000e-05	2.084063e-02	4.213659e+00
4.523000e-05	1.061927e-02	4.349448e+00
4.524000e-05	-4.029783e-02	4.422078e+00
4.525000e-05	-3.158989e-02	4.537817e+00
4.526000e-05	-6.714349e-04	4.568448e+00
4.527000e-05	2.953242e-02	4.652080e+00
4.528000e-05	-3.686827e-03	4.715895e+00
4.529000e-05	-4.465335e-02	4.779525e+00
4.530000e-05	-1.614628e-02	4.851630e+00
4.531000e-05	1.112701e-02	4.949845e+00
4.532000e-05	1.521575e-02	5.122563e+00
4.533000e-05	-2.882553e-02	5.128416e+00
4.534000e-05	-3.484210e-02	5.241557e+00
4.535000e-05	-6.983520e-03	5.326313e+00
4.536000e-05	2.172163e-02	5.357420e+00
4.537000e-05	-4.431020e-03	5.389502e+00
4.538000e-05	-3.354081e-02	5.422205e+00
4.539000e-05	-2.273665e-02	5.525287e+00
4.540000e-05	1.870404e-03	5.557921e+00
4.541000e-05	1.286124e-02	5.588497e+00
4.542000e-05	-2.114513e-02	5.621554e+00
4.543000e-05	-3.247326e-02	5.662654e+00
4.544000e-05	-1.647200e-02	5.705261e+00
4.545000e-05	1.256756e-02	5.756942e+00
4.546000e-05	-1.172243e-03	5.789998e+00
4.547000e-05	-2.960379e-02	5.883259e+00
4.548000e-05	-2.606237e-02	5.946866e+00
4.549000e-05	-3.296561e-03	5.979472e+00
4.550000e-05	7.369433e-03	5.999500e+00
4.551000e-05	-1.812020e-02	6.000501e+00
4.552000e-05	-3.039839e-02	6.010526e+00
4.553000e-05	-2.065852e-02	6.052657e+00
4.554000e-05	2.258201e-03	6.032580e+00
4.555000e-05	-4.025209e-03	6.073659e+00
4.556000e-05	-2.368581e-02	6.084791e+00
4.557000e-05	-2.727083e-02	6.116838e+00
4.558000e-05	-1.052215e-02	6.156316e+00
4.559000e-05	2.337829e-03	6.137341e+00
4.560000e-05	-1.336801e-02	6.168369e+00
4.561000e-05	-2.948031e-02	6.137442e+00
4.562000e-05	-2.503936e-02	6.138921e+00
4.563000e-05	-4.513847e-03	6.178373e+00
4.564000e-05	-5.857490e-03	6.177420e+00
4.565000e-05	-2.257706e-02	6.159396e+00
4.566000e-05	-2.920800e-02	6.146921e+00
4.567000e-05	-1.552302e-02	6.148293e+00
4.568000e-05	-3.367404e-03	6.136842e+00
4.569000e-05	-1.430847e-02	6.125315e+00
4.570000e-05	-2.857182e-02	6.095815e+00
4.571000e-05	-2.684989e-02	6.134757e+00
4.572000e-05	-9.909184e-03	6.035684e+00
4.573000e-05	-8.007257e-03	6.022630e+00
4.574000e-05	-2.165718e-02	6.001578e+00
4.575000e-05	-3.109202e-02	6.001026e+00
4.576000e-05	-2.082114e-02	6.001000e+00
4.577000e-05	-7.778075e-03	5.979999e+00
4.578000e-05	-1.432429e-02	5.988920e+00
4.579000e-05	-2.670240e-02	5.967941e+00
4.580000e-05	-2.825219e-02	5.896258e+00
4.581000e-05	-1.451020e-02	5.844052e+00
4.582000e-05	-1.102354e-02	5.768464e+00
4.583000e-05	-2.124142e-02	5.695185e+00
4.584000e-05	-3.004948e-02	5.631553e+00
4.585000e-05	-2.339680e-02	5.611001e+00
4.586000e-05	-1.120307e-02	5.599499e+00
4.587000e-05	-1.404725e-02	5.548418e+00
4.588000e-05	-2.571454e-02	5.495682e+00
4.589000e-05	-2.768386e-02	5.442603e+00
4.590000e-05	-1.857395e-02	5.401524e+00
4.591000e-05	-1.027880e-02	5.337842e+00
4.592000e-05	-1.778099e-02	5.274258e+00
4.593000e-05	-2.613765e-02	5.241024e+00
4.594000e-05	-2.304086e-02	5.148892e+00
4.595000e-05	-1.410328e-02	5.065054e+00
4.596000e-05	-1.261730e-02	4.918889e+00
4.597000e-05	-2.168866e-02	4.882083e+00
4.598000e-05	-2.481309e-02	4.780446e+00
4.599000e-05	-1.755442e-02	4.765262e+00
4.600000e-05	-9.969558e-03	4.653679e+00
4.601000e-05	-1.288422e-02	4.579445e+00
4.602000e-05	-2.083382e-02	4.524209e+00
4.603000e-05	-2.004120e-02	4.441551e+00
4.604000e-05	-1.219005e-02	4.399471e+00
4.605000e-05	-1.122089e-02	4.366334e+00
4.606000e-05	-1.769094e-02	4.242017e+00
4.607000e-05	-2.112201e-02	4.063130e+00
4.608000e-05	-1.391858e-02	4.019997e+00
4.609000e-05	-7.684754e-03	3.897738e+00
4.610000e-05	-9.528101e-03	3.864129e+00
4.611000e-05	-1.576612e-02	3.807868e+00
4.612000e-05	-1.599201e-02	3.644654e+00
4.613000e-05	-1.083130e-02	3.610495e+00
4.614000e-05	-9.557721e-03	3.548236e+00
4.615000e-05	-1.311433e-02	3.341495e+00
4.616000e-05	-1.621703e-02	3.293604e+00
4.617000e-05	-1.222267e-02	3.209448e+00
4.618000e-05	-6.421753e-03	3.103239e+00
4.619000e-05	-5.799619e-03	2.971498e+00
4.620000e-05	-1.006357e-02	2.897184e+00
4.621000e-05	-1.286140e-02	2.830453e+00
4.622000e-05	-9.937892e-03	2.737715e+00
4.623000e-05	-6.989247e-03	2.609518e+00
4.624000e-05	-8.145659e-03	2.453132e+00
4.625000e-05	-1.142176e-02	2.388392e+00
4.626000e-05	-1.062377e-02	2.283605e+00
4.627000e-05	-6.140885e-03	2.178363e+00
4.628000e-05	-4.284411e-03	2.063606e+00
4.629000e-05	-7.385033e-03	1.989446e+00
4.630000e-05	-1.020878e-02	1.893679e+00
4.631000e-05	-7.999199e-03	1.736820e+00
4.632000e-05	-4.776133e-03	1.641626e+00
4.633000e-05	-5.435476e-03	1.505868e+00
4.634000e-05	-9.210075e-03	1.410500e+00
4.635000e-05	-9.554765e-03	1.285210e+00
4.636000e-05	-6.078101e-03	1.230942e+00
4.637000e-05	-3.605150e-03	1.043027e+00
4.638000e-05	-5.604271e-03	8.736539e-01
4.639000e-05	-7.738532e-03	7.683957e-01
4.640000e-05	-5.458184e-03	6.726315e-01
4.641000e-05	-3.314437e-03	5.882919e-01
4.642000e-05	-3.303698e-03	4.420301e-01
4.643000e-05	-6.719324e-03	4.088680e-01
4.644000e-05	-8.044534e-03	2.114471e-01
4.645000e-05	-5.109578e-03	8.260646e-02
4.646000e-05	-1.933738e-03	-2.158045e-02
4.647000e-05	-1.496453e-03	-1.042648e-01
4.648000e-05	-1.894789e-03	-2.211117e-01
4.649000e-05	-2.157419e-03	-3.158412e-01
4.650000e-05	2.600437e-04	-4.114565e-01
4.651000e-05	-3.034403e-04	-5.142899e-01
4.652000e-05	-3.142212e-03	-7.043082e-01
4.653000e-05	-4.513953e-03	-7.584000e-01
4.654000e-05	6.282197e-03	-8.431332e-01
4.655000e-05	5.138982e-02	-9.593963e-01
4.656000e-05	8.981312e-03	-1.105845e+00
4.657000e-05	-4.408935e-02	-1.368575e+00
4.658000e-05	-1.064026e-01	-1.556838e+00
4.659000e-05	7.313130e-02	-1.517192e+00
4.660000e-05	5.323015e-02	-1.526921e+00
4.661000e-05	-7.081712e-02	-1.696921e+00
4.662000e-05	-3.161734e-02	-1.883106e+00
4.663000e-05	9.709908e-02	-1.841632e+00
4.664000e-05	-5.946233e-02	-1.938052e+00
4.665000e-05	-2.732005e-02	-2.221075e+00
4.666000e-05	1.323532e-01	-2.283817e+00
4.667000e-05	-8.084178e-02	-2.378450e+00
4.668000e-05	-1.387312e-01	-2.503786e+00
4.669000e-05	1.340391e-01	-2.588974e+00
4.670000e-05	3.443030e-02	-2.675237e+00
4.671000e-05	-1.175011e-01	-2.769949e+00
4.672000e-05	3.859689e-02	-2.811608e+00
4.673000e-05	-4.966297e-03	-2.979449e+00
4.674000e-05	1.115389e-02	-3.176845e+00
4.675000e-05	5.087431e-02	-3.189500e+00
4.676000e-05	-7.924480e-02	-3.304791e+00
4.677000e-05	-1.583914e-02	-3.401003e+00
4.678000e-05	9.211177e-02	-3.463261e+00
4.679000e-05	-3.918696e-02	-3.546970e+00
4.680000e-05	1.102145e-02	-3.642033e+00
4.681000e-05	1.030909e-03	-3.777900e+00
4.682000e-05	-6.773745e-02	-3.883792e+00
4.683000e-05	7.618427e-02	-3.999524e+00
4.684000e-05	3.358765e-02	-4.083760e+00
4.685000e-05	-5.573942e-02	-4.156845e+00
4.686000e-05	-5.576108e-03	-4.210053e+00
4.687000e-05	1.295227e-02	-4.313765e+00
4.688000e-05	3.638889e-02	-4.409476e+00
4.689000e-05	-3.772057e-03	-4.411530e+00
4.690000e-05	-4.446873e-02	-4.517813e+00
4.691000e-05	9.980006e-03	-4.631604e+00
4.692000e-05	2.951080e-02	-4.715762e+00
4.693000e-05	1.942553e-02	-4.715771e+00
4.694000e-05	-7.950299e-03	-4.842123e+00
4.695000e-05	-3.436310e-02	-4.946919e+00
4.696000e-05	2.399427e-02	-5.008978e+00
4.697000e-05	2.108483e-02	-5.052183e+00
4.698000e-05	1.560547e-03	-5.147769e+00
4.699000e-05	-1.126815e-02	-5.200001e+00
4.700000e-05	-1.777513e-02	-5.253232e+00
4.701000e-05	3.706650e-02	-5.347395e+00
4.702000e-05	1.833194e-02	-5.469633e+00
4.703000e-05	-9.582040e-03	-5.567869e+00
4.704000e-05	-1.228942e-02	-5.588975e+00
4.705000e-05	-5.910289e-04	-5.631074e+00
4.706000e-05	2.910988e-02	-5.682159e+00
4.707000e-05	1.201339e-02	-5.715342e+00
4.708000e-05	-1.520155e-02	-5.767973e+00
4.709000e-05	-4.921240e-03	-5.749050e+00
4.710000e-05	1.649388e-02	-5.813510e+00
4.711000e-05	2.741892e-02	-5.884233e+00
4.712000e-05	-4.320625e-04	-5.947316e+00
4.713000e-05	-1.708086e-02	-5.957898e+00
4.714000e-05	9.489140e-03	-6.008950e+00
4.715000e-05	2.089228e-02	-5.999475e+00
4.716000e-05	1.640423e-02	-6.020050e+00
4.717000e-05	-8.523907e-03	-6.041625e+00
4.718000e-05	-6.575960e-03	-6.062136e+00
4.719000e-05	1.757764e-02	-6.094283e+00
4.720000e-05	2.028015e-02	-6.115292e+00
4.721000e-05	9.094762e-03	-6.119864e+00
4.722000e-05	-6.776981e-03	-6.175600e+00
4.723000e-05	3.620655e-03	-6.237671e+00
4.724000e-05	2.087958e-02	-6.232732e+00
4.725000e-05	1.675362e-02	-6.270633e+00
4.726000e-05	5.238116e-04	-6.286761e+00
4.727000e-05	-4.512405e-03	-6.254366e+00
4.728000e-05	1.200360e-02	-6.294311e+00
4.729000e-05	2.231985e-02	-6.286337e+00
4.730000e-05	1.341751e-02	-6.325737e+00
4.731000e-05	-1.584552e-03	-6.332209e+00
4.732000e-05	4.586051e-03	-6.305262e+00
4.733000e-05	1.782670e-02	-6.273633e+00
4.734000e-05	1.967807e-02	-6.241253e+00
4.735000e-05	5.388879e-03	-6.242078e+00
4.736000e-05	6.626443e-04	-6.248952e+00
4.737000e-05	1.098524e-02	-6.200424e+00
4.738000e-05	2.224784e-02	-6.157820e+00
4.739000e-05	1.679545e-02	-6.145721e+00
4.740000e-05	3.068128e-03	-6.074159e+00
4.741000e-05	6.208881e-03	-6.042204e+00
4.742000e-05	1.750936e-02	-6.054580e+00
4.743000e-05	2.154337e-02	-6.020000e+00
4.744000e-05	1.081437e-02	-5.989975e+00
4.745000e-05	3.694072e-03	-5.998972e+00
4.746000e-05	1.028796e-02	-5.988421e+00
4.747000e-05	2.131982e-02	-5.945736e+00
4.748000e-05	1.813424e-02	-5.896683e+00
4.749000e-05	7.654922e-03	-5.851576e+00
4.750000e-05	7.041820e-03	-5.810025e+00
4.751000e-05	1.575660e-02	-5.718868e+00
4.752000e-05	2.096032e-02	-5.735259e+00
4.753000e-05	1.325503e-02	-5.662657e+00
4.754000e-05	4.923924e-03	-5.630574e+00
4.755000e-05	9.358278e-03	-5.579897e+00
4.756000e-05	1.794307e-02	-5.525341e+00
4.757000e-05	1.759189e-02	-5.443101e+00
4.758000e-05	8.513794e-03	-5.377020e+00
4.759000e-05	6.552704e-03	-5.273712e+00
4.760000e-05	1.315477e-02	-5.200000e+00
4.761000e-05	1.747299e-02	-5.167816e+00
4.762000e-05	1.323869e-02	-5.103632e+00
4.763000e-05	6.245641e-03	-5.009551e+00
4.764000e-05	5.843759e-03	-4.967739e+00
4.765000e-05	1.263925e-02	-4.843047e+00
4.766000e-05	1.472988e-02	-4.685221e+00
4.767000e-05	7.356439e-03	-4.632755e+00
4.768000e-05	3.880440e-03	-4.620022e+00
4.769000e-05	7.913210e-03	-4.536763e+00
4.770000e-05	1.317977e-02	-4.471630e+00
4.771000e-05	1.049921e-02	-4.399474e+00
4.772000e-05	4.665358e-03	-4.325737e+00
4.773000e-05	2.922032e-03	-4.241102e+00
4.774000e-05	7.221244e-03	-4.168871e+00
4.775000e-05	1.006153e-02	-4.072634e+00
4.776000e-05	4.871273e-03	-4.000501e+00
4.777000e-05	9.803423e-04	-3.977844e+00
4.778000e-05	2.936597e-03	-3.850521e+00
4.779000e-05	8.352474e-03	-3.653660e+00
4.780000e-05	7.253566e-03	-3.620049e+00
4.781000e-05	2.816000e-03	-3.507263e+00
4.782000e-05	6.019738e-04	-3.410553e+00
4.783000e-05	4.129966e-03	-3.336314e+00
4.784000e-05	5.541372e-03	-3.231558e+00
4.785000e-05	1.789244e-03	-3.178421e+00
4.786000e-05	-1.313013e-03	-3.093062e+00
4.787000e-05	-1.448104e-03	-2.857186e+00
4.788000e-05	3.720657e-03	-2.819005e+00
4.789000e-05	4.019855e-03	-2.725741e+00
4.790000e-05	1.649714e-03	-2.601451e+00
4.791000e-05	-1.909295e-03	-2.515239e+00
4.792000e-05	2.188436e-04	-2.421078e+00
4.793000e-05	1.964479e-03	-2.345865e+00
4.794000e-05	2.665542e-04	-2.227999e+00
4.795000e-05	-3.597982e-03	-2.064209e+00
4.796000e-05	-2.730297e-03	-1.967868e+00
4.797000e-05	6.866797e-05	-1.863182e+00
4.798000e-05	1.590956e-03	-1.757896e+00
4.799000e-05	1.776391e-05	-1.663108e+00
4.800000e-05	-2.873806e-03	-1.568466e+00
4.801000e-05	-2.039777e-03	-1.473501e+00
4.802000e-05	-1.678790e-03	-1.265624e+00
4.803000e-05	-2.476492e-03	-1.155916e+00
4.804000e-05	-5.168867e-03	-1.051578e+00
4.805000e-05	-4.690572e-03	-9.372368e-01
4.806000e-05	-2.565850e-03	-8.115787e-01
4.807000e-05	-7.215062e-04	-7.067904e-01
4.808000e-05	-2.237593e-03	-5.789171e-01
4.809000e-05	-4.258066e-03	-4.620788e-01
4.810000e-05	-4.685146e-03	-3.778143e-01
4.811000e-05	-2.909015e-03	-2.216299e-01
4.812000e-05	-2.746983e-03	-1.362905e-01
4.813000e-05	-3.324732e-03	-4.160619e-02
4.814000e-05	-1.903823e-03	5.158177e-02
4.815000e-05	-2.086026e-03	1.605476e-01
4.816000e-05	2.331430e-04	3.258172e-01
4.817000e-05	-2.564831e-03	4.005503e-01
4.818000e-05	-4.154970e-03	4.948597e-01
4.819000e-05	-3.924798e-03	6.100256e-01
4.820000e-05	1.880896e-03	6.848907e-01
4.821000e-05	2.424662e-02	7.706016e-01
4.822000e-05	3.579668e-02	9.695230e-01
4.823000e-05	-2.516229e-02	1.178446e+00
4.824000e-05	-7.339122e-02	1.285762e+00
4.825000e-05	-6.143769e-02	1.359896e+00
4.826000e-05	9.684269e-02	1.452660e+00
4.827000e-05	1.681217e-02	1.593659e+00
4.828000e-05	-1.239517e-01	1.735765e+00
4.829000e-05	6.241872e-02	1.790625e+00
4.830000e-05	2.369588e-02	1.957367e+00
4.831000e-05	-6.961359e-02	2.011603e+00
4.832000e-05	3.894698e-02	2.052633e+00
4.833000e-05	6.725711e-02	2.179632e+00
4.834000e-05	-1.443487e-01	2.348394e+00
4.835000e-05	-1.528798e-02	2.400027e+00
4.836000e-05	1.244826e-01	2.493164e+00
4.837000e-05	-3.410963e-02	2.662206e+00
4.838000e-05	-6.805961e-02	2.789924e+00
4.839000e-05	1.082687e-02	2.862759e+00
4.840000e-05	-4.610056e-03	2.968416e+00
4.841000e-05	2.666724e-02	3.033705e+00
4.842000e-05	4.862039e-03	3.146867e+00
4.843000e-05	-7.973900e-02	3.221553e+00
4.844000e-05	2.570170e-02	3.286345e+00
4.845000e-05	2.254533e-02	3.393630e+00
4.846000e-05	-4.031495e-03	3.589944e+00
4.847000e-05	-1.993161e-02	3.622157e+00
4.848000e-05	-3.934474e-02	3.746342e+00
4.849000e-05	-1.857950e-02	3.781579e+00
4.850000e-05	5.687655e-02	3.865761e+00
4.851000e-05	-2.751148e-06	3.989473e+00
4.852000e-05	-6.261696e-02	4.022179e+00
4.853000e-05	-4.700154e-03	4.137919e+00
4.854000e-05	2.149172e-02	4.174207e+00
4.855000e-05	1.484571e-02	4.365891e+00
4.856000e-05	-3.895722e-02	4.432603e+00
4.857000e-05	-3.275035e-02	4.513788e+00
4.858000e-05	-6.436523e-03	4.589996e+00
4.859000e-05	3.068119e-02	4.622604e+00
4.860000e-05	-4.765010e-04	4.755864e+00
4.861000e-05	-4.070832e-02	4.799501e+00
4.862000e-05	-2.131830e-02	4.820630e+00
4.863000e-05	9.793840e-03	4.946321e+00
4.864000e-05	1.586411e-02	5.073257e+00
4.865000e-05	-2.517219e-02	5.149470e+00
4.866000e-05	-3.460970e-02	5.209578e+00
4.867000e-05	-1.191601e-02	5.263685e+00
4.868000e-05	2.203238e-02	5.366869e+00
4.869000e-05	-3.636632e-03	5.409449e+00
4.870000e-05	-3.057725e-02	5.440659e+00
4.871000e-05	-2.588579e-02	5.524286e+00
4.872000e-05	4.051140e-04	5.608392e+00
4.873000e-05	1.331865e-02	5.588972e+00
4.874000e-05	-1.761264e-02	5.610576e+00
4.875000e-05	-3.236651e-02	5.642153e+00
4.876000e-05	-1.910237e-02	5.661787e+00
4.877000e-05	1.091394e-02	5.747792e+00
4.878000e-05	-2.776535e-04	5.831456e+00
4.879000e-05	-2.683011e-02	5.876731e+00
4.880000e-05	-2.887752e-02	5.967393e+00
4.881000e-05	-3.933360e-03	6.009971e+00
4.882000e-05	8.221858e-03	5.999975e+00
4.883000e-05	-1.440544e-02	6.011000e+00
4.884000e-05	-2.996610e-02	6.031528e+00
4.885000e-05	-2.219178e-02	6.021080e+00
4.886000e-05	1.222253e-03	6.063155e+00
4.887000e-05	-3.301228e-03	6.114662e+00
4.888000e-05	-2.189403e-02	6.073737e+00
4.889000e-05	-2.850995e-02	6.147340e+00
4.890000e-05	-1.245374e-02	6.147792e+00
4.891000e-05	1.571200e-03	6.167366e+00
4.892000e-05	-1.126216e-02	6.107266e+00
4.893000e-05	-2.784672e-02	6.127417e+00
4.894000e-05	-2.658994e-02	6.188919e+00
4.895000e-05	-6.070292e-03	6.168897e+00
4.896000e-05	-4.960194e-03	6.196919e+00
4.897000e-05	-1.984828e-02	6.158946e+00
4.898000e-05	-2.933448e-02	6.147374e+00
4.899000e-05	-1.812139e-02	6.168969e+00
4.900000e-05	-6.048496e-03	6.156895e+00
4.901000e-05	-1.245022e-02	6.116370e+00
4.902000e-05	-2.609647e-02	6.125814e+00
4.903000e-05	-2.663444e-02	6.054336e+00
4.904000e-05	-1.208629e-02	6.075154e+00
4.905000e-05	-7.200320e-03	6.033156e+00
4.906000e-05	-1.893044e-02	6.021528e+00
4.907000e-05	-3.075526e-02	6.021601e+00
4.908000e-05	-2.469223e-02	5.990475e+00
4.909000e-05	-1.193435e-02	5.979999e+00
4.910000e-05	-1.400119e-02	5.989942e+00
4.911000e-05	-2.437170e-02	5.968918e+00
4.912000e-05	-2.769612e-02	5.915836e+00
4.913000e-05	-1.579351e-02	5.854158e+00
4.914000e-05	-1.032923e-02	5.747892e+00
4.915000e-05	-1.822701e-02	5.705687e+00
4.916000e-05	-2.871882e-02	5.633076e+00
4.917000e-05	-2.623287e-02	5.601552e+00
4.918000e-05	-1.531323e-02	5.590499e+00
4.919000e-05	-1.411491e-02	5.557841e+00
4.920000e-05	-2.314409e-02	5.513783e+00
4.921000e-05	-2.624904e-02	5.413105e+00
4.922000e-05	-1.822617e-02	5.400999e+00
4.923000e-05	-1.161130e-02	5.327871e+00
4.924000e-05	-1.672205e-02	5.293180e+00
4.925000e-05	-2.544820e-02	5.221579e+00
4.926000e-05	-2.535514e-02	5.147914e+00
4.927000e-05	-1.683943e-02	5.093131e+00
4.928000e-05	-1.321512e-02	4.957263e+00
4.929000e-05	-1.854252e-02	4.862130e+00
4.930000e-05	-2.338270e-02	4.799450e+00
4.931000e-05	-1.896101e-02	4.715215e+00
4.932000e-05	-1.109414e-02	4.652704e+00
4.933000e-05	-1.313659e-02	4.612071e+00
4.934000e-05	-2.057687e-02	4.515691e+00
4.935000e-05	-2.203779e-02	4.462053e+00
4.936000e-05	-1.316307e-02	4.390418e+00
4.937000e-05	-1.016794e-02	4.327263e+00
4.938000e-05	-1.435563e-02	4.152547e+00
4.939000e-05	-2.024782e-02	4.124130e+00
4.940000e-05	-1.529248e-02	4.008974e+00
4.941000e-05	-9.741089e-03	3.957288e+00
4.942000e-05	-9.339485e-03	3.843578e+00
4.943000e-05	-1.572209e-02	3.768412e+00
4.944000e-05	-1.743079e-02	3.673158e+00
4.945000e-05	-1.191833e-02	3.590525e+00
4.946000e-05	-7.209192e-03	3.517368e+00
4.947000e-05	-1.005284e-02	3.370026e+00
4.948000e-05	-1.571270e-02	3.274085e+00
4.949000e-05	-1.409303e-02	3.208948e+00
4.950000e-05	-8.639388e-03	3.104659e+00
4.951000e-05	-6.147120e-03	3.011550e+00
4.952000e-05	-1.156452e-02	2.934713e+00
4.953000e-05	-1.309948e-02	2.830526e+00
4.954000e-05	-9.420799e-03	2.757293e+00
4.955000e-05	-6.126049e-03	2.611096e+00
4.956000e-05	-7.556420e-03	2.505684e+00
4.957000e-05	-1.209684e-02	2.357968e+00
4.958000e-05	-1.134777e-02	2.273160e+00
4.959000e-05	-7.208943e-03	2.169866e+00
4.960000e-05	-4.317024e-03	2.082132e+00
4.961000e-05	-7.126867e-03	1.999497e+00
4.962000e-05	-9.729494e-03	1.864659e+00
4.963000e-05	-8.111009e-03	1.798896e+00
4.964000e-05	-4.944457e-03	1.643554e+00
4.965000e-05	-5.440430e-03	1.525343e+00
4.966000e-05	-8.110889e-03	1.430526e+00
4.967000e-05	-8.831752e-03	1.284712e+00
4.968000e-05	-6.756224e-03	1.150372e+00
4.969000e-05	-3.846504e-03	1.062555e+00
4.970000e-05	-3.807944e-03	9.141866e-01
4.971000e-05	-7.098363e-03	7.709448e-01
4.972000e-05	-6.867566e-03	6.927327e-01
4.973000e-05	-4.895031e-03	5.574431e-01
4.974000e-05	-4.113485e-03	4.636340e-01
4.975000e-05	-4.790518e-03	3.999684e-01
4.976000e-05	-7.001790e-03	2.720249e-01
4.977000e-05	-5.437191e-03	1.061853e-01
4.978000e-05	-2.405867e-03	-1.005414e-02
4.979000e-05	-1.376604e-03	-1.043160e-01
4.980000e-05	-8.869695e-04	-2.000829e-01
4.981000e-05	-3.515265e-03	-3.063936e-01
4.982000e-05	-1.616243e-03	-4.105290e-01
4.983000e-05	-9.555188e-04	-4.747362e-01
4.984000e-05	-1.610190e-03	-6.616071e-01
4.985000e-05	-3.970049e-03	-7.678975e-01
4.986000e-05	3.620798e-03	-8.326555e-01
4.987000e-05	4.716924e-02	-9.268726e-01
4.988000e-05	1.916274e-02	-1.073263e+00
4.989000e-05	-4.064823e-02	-1.404318e+00
4.990000e-05	-1.063729e-01	-1.535895e+00
4.991000e-05	5.323879e-02	-1.537264e+00
4.992000e-05	6.050470e-02	-1.525921e+00
4.993000e-05	-4.667761e-02	-1.714819e+00
4.994000e-05	-6.216524e-02	-1.853579e+00
4.995000e-05	1.029697e-01	-1.812611e+00
4.996000e-05	-5.171648e-02	-1.947875e+00
4.997000e-05	-4.701410e-02	-2.169073e+00
4.998000e-05	1.326978e-01	-2.332784e+00
4.999000e-05	-5.168234e-02	-2.347395e+00
