# 260612_13:27:44.940334
t	CH1	CH2
0.000000e+00	-5.120788e-03	-6.146051e-01
1.000000e-08	4.144311e-03	-8.036577e-01
2.000000e-08	-6.568794e-03	-1.014230e+00
3.000000e-08	1.826108e-03	-1.265688e+00
4.000000e-08	-3.470128e-03	-1.507464e+00
5.000000e-08	2.288667e-02	-1.726842e+00
6.000000e-08	1.061111e-01	-1.926841e+00
7.000000e-08	-4.575213e-02	-2.237789e+00
8.000000e-08	-2.031512e-02	-2.612584e+00
9.000000e-08	-4.690395e-02	-2.802577e+00
1.000000e-07	-7.748228e-02	-3.020446e+00
1.100000e-07	1.968904e-02	-3.126871e+00
1.200000e-07	1.497001e-01	-3.233733e+00
1.300000e-07	-2.196823e-01	-3.569973e+00
1.400000e-07	2.043790e-01	-3.714758e+00
1.500000e-07	-5.855735e-02	-3.940996e+00
1.600000e-07	-4.540581e-02	-4.243605e+00
1.700000e-07	1.677842e-01	-4.360474e+00
1.800000e-07	-1.812050e-01	-4.634130e+00
1.900000e-07	2.667609e-03	-4.862759e+00
2.000000e-07	7.583061e-02	-5.012804e+00
2.100000e-07	-8.766098e-02	-5.420971e+00
2.200000e-07	1.769103e-01	-5.589947e+00
2.300000e-07	-1.594547e-01	-5.769997e+00
2.400000e-07	6.206788e-02	-5.980976e+00
2.500000e-07	3.981164e-02	-6.128469e+00
2.600000e-07	-6.787104e-02	-6.391604e+00
2.700000e-07	1.047812e-01	-6.609521e+00
2.800000e-07	-1.632003e-01	-6.791051e+00
2.900000e-07	1.539498e-01	-7.072152e+00
3.000000e-07	-4.166067e-02	-7.192080e+00
3.100000e-07	2.698593e-03	-7.441104e+00
3.200000e-07	4.364262e-02	-7.587917e+00
3.300000e-07	-1.203164e-01	-7.873684e+00
3.400000e-07	1.414151e-01	-8.029604e+00
3.500000e-07	-6.975281e-02	-8.200150e+00
3.600000e-07	7.028715e-02	-8.368521e+00
3.700000e-07	-4.546910e-02	-8.554391e+00
3.800000e-07	-2.549426e-03	-8.746972e+00
3.900000e-07	6.869218e-02	-8.904385e+00
4.000000e-07	-5.949392e-02	-9.073159e+00
4.100000e-07	5.897927e-02	-9.208548e+00
4.200000e-07	-7.716491e-02	-9.364963e+00
4.300000e-07	8.395719e-02	-9.576346e+00
4.400000e-07	-1.142110e-02	-9.723730e+00
4.500000e-07	2.287224e-02	-9.850601e+00
4.600000e-07	-1.144864e-02	-9.946392e+00
4.700000e-07	-9.198411e-03	-1.017386e+01
4.800000e-07	4.537975e-02	-1.030178e+01
4.900000e-07	-1.496196e-02	-1.043153e+01
5.000000e-07	2.446132e-02	-1.053637e+01
5.100000e-07	-2.831816e-02	-1.067168e+01
5.200000e-07	4.313122e-02	-1.075842e+01
5.300000e-07	1.209183e-02	-1.088071e+01
5.400000e-07	1.938579e-02	-1.103805e+01
5.500000e-07	-9.235164e-03	-1.110326e+01
5.600000e-07	5.682440e-03	-1.125970e+01
5.700000e-07	2.674449e-02	-1.136376e+01
5.800000e-07	1.388557e-02	-1.144020e+01
5.900000e-07	1.021192e-02	-1.155486e+01
6.000000e-07	-5.780573e-03	-1.169015e+01
6.100000e-07	2.431420e-02	-1.180302e+01
6.200000e-07	2.333086e-02	-1.191967e+01
6.300000e-07	2.036441e-02	-1.199686e+01
6.400000e-07	8.429743e-04	-1.205008e+01
6.500000e-07	1.211177e-02	-1.213118e+01
6.600000e-07	2.466700e-02	-1.218487e+01
6.700000e-07	2.743985e-02	-1.221800e+01
6.800000e-07	9.607986e-03	-1.229218e+01
6.900000e-07	6.957025e-03	-1.234536e+01
7.000000e-07	1.813583e-02	-1.239586e+01
7.100000e-07	3.130954e-02	-1.237842e+01
7.200000e-07	2.438335e-02	-1.248960e+01
7.300000e-07	1.319210e-02	-1.255168e+01
7.400000e-07	1.684574e-02	-1.253079e+01
7.500000e-07	2.973443e-02	-1.255089e+01
7.600000e-07	3.348521e-02	-1.260244e+01
7.700000e-07	1.964422e-02	-1.260449e+01
7.800000e-07	1.713858e-02	-1.260452e+01
7.900000e-07	2.343240e-02	-1.264505e+01
8.000000e-07	3.823493e-02	-1.269505e+01
8.100000e-07	3.369155e-02	-1.263497e+01
8.200000e-07	2.595315e-02	-1.263502e+01
8.300000e-07	2.597214e-02	-1.261504e+01
8.400000e-07	3.737609e-02	-1.265444e+01
8.500000e-07	4.231490e-02	-1.258186e+01
8.600000e-07	3.330080e-02	-1.254144e+01
8.700000e-07	2.989172e-02	-1.253113e+01
8.800000e-07	3.424166e-02	-1.249968e+01
8.900000e-07	4.568464e-02	-1.242962e+01
9.000000e-07	4.294977e-02	-1.238547e+01
9.100000e-07	3.541801e-02	-1.238279e+01
9.200000e-07	3.402903e-02	-1.229226e+01
9.300000e-07	3.899952e-02	-1.225003e+01
9.400000e-07	4.518302e-02	-1.219737e+01
9.500000e-07	3.630725e-02	-1.216181e+01
9.600000e-07	3.015985e-02	-1.207008e+01
9.700000e-07	3.063038e-02	-1.199750e+01
9.800000e-07	3.737390e-02	-1.193174e+01
9.900000e-07	3.417528e-02	-1.184712e+01
1.000000e-06	2.554622e-02	-1.175139e+01
1.010000e-06	2.061742e-02	-1.165657e+01
1.020000e-06	2.598775e-02	-1.156231e+01
1.030000e-06	2.825671e-02	-1.145805e+01
1.040000e-06	2.278009e-02	-1.130868e+01
1.050000e-06	1.561167e-02	-1.123491e+01
1.060000e-06	1.535353e-02	-1.108152e+01
1.070000e-06	2.062607e-02	-1.096486e+01
1.080000e-06	2.008088e-02	-1.087005e+01
1.090000e-06	1.296941e-02	-1.073431e+01
1.100000e-06	8.446180e-03	-1.064752e+01
1.110000e-06	1.172510e-02	-1.054171e+01
1.120000e-06	1.544021e-02	-1.039496e+01
1.130000e-06	1.242646e-02	-1.025594e+01
1.140000e-06	6.724984e-03	-1.007010e+01
1.150000e-06	5.627208e-03	-9.933339e+00
1.160000e-06	1.073063e-02	-9.817020e+00
1.170000e-06	1.066378e-02	-9.680628e+00
1.180000e-06	5.597515e-03	-9.553734e+00
1.190000e-06	2.748928e-03	-9.403814e+00
1.200000e-06	4.620683e-03	-9.196947e+00
1.210000e-06	8.710304e-03	-9.087047e+00
1.220000e-06	5.427007e-03	-8.890155e+00
1.230000e-06	2.080136e-03	-8.731205e+00
1.240000e-06	1.078119e-03	-8.552257e+00
1.250000e-06	4.455217e-03	-8.343817e+00
1.260000e-06	5.715697e-03	-8.206497e+00
1.270000e-06	1.933620e-03	-8.048570e+00
1.280000e-06	-8.500962e-04	-7.877024e+00
1.290000e-06	1.048330e-04	-7.595896e+00
1.300000e-06	3.804725e-03	-7.446946e+00
1.310000e-06	2.697742e-03	-7.230502e+00
1.320000e-06	-6.307196e-04	-7.046991e+00
1.330000e-06	-2.470305e-03	-6.787966e+00
1.340000e-06	1.381559e-03	-6.628970e+00
1.350000e-06	2.593165e-03	-6.419548e+00
1.360000e-06	1.239790e-03	-6.276550e+00
1.370000e-06	-3.998920e-03	-6.006967e+00
1.380000e-06	-1.473853e-03	-5.818890e+00
1.390000e-06	-5.980611e-04	-5.617974e+00
1.400000e-06	1.422691e-03	-5.415941e+00
1.410000e-06	-4.911841e-03	-5.133756e+00
1.420000e-06	-3.021126e-03	-4.910508e+00
1.430000e-06	-3.506496e-03	-4.699000e+00
1.440000e-06	1.728818e-03	-4.451502e+00
1.450000e-06	-3.374202e-03	-4.260630e+00
1.460000e-06	-2.526013e-03	-4.032654e+00
1.470000e-06	-5.431653e-03	-3.809525e+00
1.480000e-06	-1.555749e-03	-3.626999e+00
1.490000e-06	-3.645124e-03	-3.415895e+00
1.500000e-06	-4.300760e-03	-3.186944e+00
1.510000e-06	-6.866459e-03	-2.924684e+00
1.520000e-06	-4.584265e-03	-2.742758e+00
1.530000e-06	-2.457506e-03	-2.462709e+00
1.540000e-06	-2.407599e-03	-2.280030e+00
1.550000e-06	-4.474279e-03	-1.998025e+00
1.560000e-06	-4.988942e-03	-1.787996e+00
1.570000e-06	-5.035842e-03	-1.607921e+00
1.580000e-06	-4.831950e-03	-1.252731e+00
1.590000e-06	-5.403599e-03	-1.059529e+00
1.600000e-06	-7.645711e-03	-8.509990e-01
1.610000e-06	-5.630923e-03	-6.589198e-01
1.620000e-06	-3.839406e-03	-3.673147e-01
1.630000e-06	-3.190797e-03	-1.457859e-01
1.640000e-06	2.006577e-04	4.573671e-02
1.650000e-06	3.611135e-03	3.678721e-01
1.660000e-06	-4.823629e-03	5.168182e-01
1.670000e-06	2.560055e-03	7.193982e-01
1.680000e-06	-6.402623e-03	9.169483e-01
1.690000e-06	-2.210063e-03	1.192027e+00
1.700000e-06	-4.147757e-03	1.413634e+00
1.710000e-06	6.302065e-03	1.695288e+00
1.720000e-06	4.747636e-02	1.915268e+00
1.730000e-06	6.542083e-02	2.118849e+00
1.740000e-06	-7.692113e-02	2.400976e+00
1.750000e-06	-2.284831e-02	2.674764e+00
1.760000e-06	-4.453893e-02	2.904738e+00
1.770000e-06	-6.324136e-02	3.062106e+00
1.780000e-06	-1.988510e-02	3.181001e+00
1.790000e-06	1.535935e-01	3.421759e+00
1.800000e-06	-2.031240e-01	3.651679e+00
1.810000e-06	1.420831e-01	3.811055e+00
1.820000e-06	2.251787e-02	4.054238e+00
1.830000e-06	-6.766107e-02	4.335294e+00
1.840000e-06	8.222922e-02	4.514789e+00
1.850000e-06	-8.927869e-02	4.809425e+00
1.860000e-06	-2.336487e-02	5.028524e+00
1.870000e-06	3.843294e-02	5.223258e+00
1.880000e-06	-3.168711e-02	5.493317e+00
1.890000e-06	3.580496e-02	5.692733e+00
1.900000e-06	-4.409767e-02	5.906318e+00
1.910000e-06	-9.471599e-03	6.125863e+00
1.920000e-06	1.842041e-02	6.334267e+00
1.930000e-06	-2.651091e-02	6.492812e+00
1.940000e-06	2.357243e-02	6.746922e+00
1.950000e-06	-7.457343e-02	6.945473e+00
1.960000e-06	6.447292e-02	7.145292e+00
1.970000e-06	-2.681457e-02	7.304860e+00
1.980000e-06	-1.143070e-02	7.535264e+00
1.990000e-06	-6.491879e-03	7.726794e+00
2.000000e-06	-4.518354e-02	7.976542e+00
2.010000e-06	3.249746e-02	8.177870e+00
2.020000e-06	-1.887250e-02	8.355292e+00
2.030000e-06	4.141584e-03	8.502681e+00
2.040000e-06	-3.402854e-02	8.660150e+00
2.050000e-06	2.279795e-04	8.777396e+00
2.060000e-06	2.033566e-03	8.952965e+00
2.070000e-06	-2.085363e-02	9.126719e+00
2.080000e-06	-1.735576e-02	9.282210e+00
2.090000e-06	-2.757145e-02	9.460706e+00
2.100000e-06	1.114069e-02	9.587947e+00
2.110000e-06	-5.340343e-03	9.753412e+00
2.120000e-06	-1.284301e-02	9.901209e+00
2.130000e-06	-2.772260e-02	1.006017e+01
2.140000e-06	-1.140755e-02	1.020747e+01
2.150000e-06	-5.136087e-03	1.033329e+01
2.160000e-06	-1.225970e-02	1.040000e+01
2.170000e-06	-2.430446e-02	1.056544e+01
2.180000e-06	-2.079603e-02	1.068329e+01
2.190000e-06	-4.734573e-03	1.085120e+01
2.200000e-06	-6.721384e-03	1.094479e+01
2.210000e-06	-1.864388e-02	1.105063e+01
2.220000e-06	-2.914882e-02	1.111379e+01
2.230000e-06	-1.741279e-02	1.125058e+01
2.240000e-06	-1.192983e-02	1.139389e+01
2.250000e-06	-1.322417e-02	1.149863e+01
2.260000e-06	-2.726751e-02	1.160497e+01
2.270000e-06	-2.482098e-02	1.173173e+01
2.280000e-06	-1.539826e-02	1.175594e+01
2.290000e-06	-1.213492e-02	1.181862e+01
2.300000e-06	-2.200157e-02	1.191126e+01
2.310000e-06	-2.998253e-02	1.196539e+01
2.320000e-06	-2.358341e-02	1.204960e+01
2.330000e-06	-1.840813e-02	1.210025e+01
2.340000e-06	-1.855224e-02	1.220346e+01
2.350000e-06	-3.298093e-02	1.223852e+01
2.360000e-06	-3.063296e-02	1.228965e+01
2.370000e-06	-2.484592e-02	1.238129e+01
2.380000e-06	-2.153825e-02	1.237639e+01
2.390000e-06	-2.645590e-02	1.243855e+01
2.400000e-06	-3.517262e-02	1.242910e+01
2.410000e-06	-3.025536e-02	1.248968e+01
2.420000e-06	-2.772978e-02	1.251173e+01
2.430000e-06	-2.753089e-02	1.251323e+01
2.440000e-06	-3.738300e-02	1.257231e+01
2.450000e-06	-3.814906e-02	1.255321e+01
2.460000e-06	-3.701410e-02	1.256141e+01
2.470000e-06	-3.138072e-02	1.253326e+01
2.480000e-06	-3.598832e-02	1.257146e+01
2.490000e-06	-4.230265e-02	1.257221e+01
2.500000e-06	-4.283150e-02	1.251174e+01
2.510000e-06	-4.049328e-02	1.251119e+01
2.520000e-06	-3.941005e-02	1.250073e+01
2.530000e-06	-4.803092e-02	1.246955e+01
2.540000e-06	-4.874924e-02	1.242902e+01
2.550000e-06	-4.784793e-02	1.237746e+01
2.560000e-06	-4.194628e-02	1.233284e+01
2.570000e-06	-4.450307e-02	1.232715e+01
2.580000e-06	-4.803775e-02	1.223564e+01
2.590000e-06	-4.957287e-02	1.221239e+01
2.600000e-06	-4.530040e-02	1.212026e+01
2.610000e-06	-4.102228e-02	1.207960e+01
2.620000e-06	-4.508264e-02	1.199534e+01
2.630000e-06	-4.403548e-02	1.194176e+01
2.640000e-06	-4.167389e-02	1.186755e+01
2.650000e-06	-3.489176e-02	1.180482e+01
2.660000e-06	-3.476439e-02	1.167908e+01
2.670000e-06	-3.672059e-02	1.160299e+01
2.680000e-06	-3.393038e-02	1.149750e+01
2.690000e-06	-3.155326e-02	1.136171e+01
2.700000e-06	-2.630909e-02	1.123893e+01
2.710000e-06	-2.890942e-02	1.116319e+01
2.720000e-06	-2.865935e-02	1.103757e+01
2.730000e-06	-2.810413e-02	1.096279e+01
2.740000e-06	-2.224274e-02	1.084905e+01
2.750000e-06	-2.045900e-02	1.075079e+01
2.760000e-06	-2.162727e-02	1.060129e+01
2.770000e-06	-2.223574e-02	1.046895e+01
2.780000e-06	-2.080355e-02	1.030066e+01
2.790000e-06	-1.674064e-02	1.020436e+01
2.800000e-06	-1.924603e-02	1.006912e+01
2.810000e-06	-1.936495e-02	9.931030e+00
2.820000e-06	-1.879491e-02	9.753213e+00
2.830000e-06	-1.411038e-02	9.605394e+00
2.840000e-06	-1.465588e-02	9.457976e+00
2.850000e-06	-1.557011e-02	9.331734e+00
2.860000e-06	-1.696534e-02	9.185212e+00
2.870000e-06	-1.351528e-02	8.974863e+00
2.880000e-06	-1.176907e-02	8.815945e+00
2.890000e-06	-1.204646e-02	8.627496e+00
2.900000e-06	-1.451762e-02	8.480184e+00
2.910000e-06	-1.405644e-02	8.372110e+00
2.920000e-06	-1.101772e-02	8.181860e+00
2.930000e-06	-1.081803e-02	7.992337e+00
2.940000e-06	-1.134640e-02	7.782289e+00
2.950000e-06	-1.356251e-02	7.623816e+00
2.960000e-06	-1.119877e-02	7.364287e+00
2.970000e-06	-8.829407e-03	7.183791e+00
2.980000e-06	-8.959693e-03	7.014916e+00
2.990000e-06	-1.082005e-02	6.806944e+00
3.000000e-06	-1.126561e-02	6.594812e+00
3.010000e-06	-8.880985e-03	6.403363e+00
3.020000e-06	-9.205809e-03	6.196394e+00
3.030000e-06	-9.090962e-03	6.006996e+00
3.040000e-06	-1.072198e-02	5.815392e+00
3.050000e-06	-9.220563e-03	5.573842e+00
3.060000e-06	-7.359029e-03	5.343265e+00
3.070000e-06	-7.139682e-03	5.130657e+00
3.080000e-06	-8.818403e-03	4.878003e+00
3.090000e-06	-9.078336e-03	4.658950e+00
3.100000e-06	-7.927008e-03	4.449553e+00
3.110000e-06	-7.597936e-03	4.258392e+00
3.120000e-06	-7.467511e-03	3.985891e+00
3.130000e-06	-8.607516e-03	3.762837e+00
3.140000e-06	-7.137171e-03	3.555819e+00
3.150000e-06	-6.606427e-03	3.331106e+00
3.160000e-06	-6.389154e-03	3.102127e+00
3.170000e-06	-6.727382e-03	2.890082e+00
3.180000e-06	-6.790814e-03	2.708028e+00
3.190000e-06	-6.459533e-03	2.427396e+00
3.200000e-06	-6.043012e-03	2.164895e+00
3.210000e-06	-5.712513e-03	1.966823e+00
3.220000e-06	-6.946427e-03	1.754233e+00
3.230000e-06	-7.384317e-03	1.470609e+00
3.240000e-06	-5.458145e-03	1.279532e+00
3.250000e-06	-4.274236e-03	1.005469e+00
3.260000e-06	-5.516203e-03	7.347884e-01
3.270000e-06	-6.090844e-03	4.932359e-01
3.280000e-06	-5.491162e-03	3.241632e-01
3.290000e-06	-2.938410e-03	2.802638e-02
3.300000e-06	-3.273234e-04	-1.910486e-01
3.310000e-06	6.442156e-03	-3.804235e-01
3.320000e-06	-7.063150e-03	-5.739809e-01
3.330000e-06	4.488484e-03	-8.236326e-01
3.340000e-06	-4.492425e-03	-1.053680e+00
3.350000e-06	2.788069e-03	-1.234760e+00
3.360000e-06	-4.687043e-03	-1.518371e+00
3.370000e-06	1.970175e-02	-1.717389e+00
3.380000e-06	1.051542e-01	-1.906418e+00
3.390000e-06	-3.326622e-02	-2.225710e+00
3.400000e-06	-2.805559e-02	-2.612604e+00
3.410000e-06	-4.307025e-02	-2.791601e+00
3.420000e-06	-7.559442e-02	-2.988998e+00
3.430000e-06	1.771037e-03	-3.147817e+00
3.440000e-06	1.671209e-01	-3.224206e+00
3.450000e-06	-2.214725e-01	-3.539998e+00
3.460000e-06	1.866641e-01	-3.643205e+00
3.470000e-06	-2.781483e-02	-3.897919e+00
3.480000e-06	-7.043424e-02	-4.212629e+00
3.490000e-06	1.776793e-01	-4.380024e+00
3.500000e-06	-1.692118e-01	-4.602152e+00
3.510000e-06	-2.151136e-02	-4.882159e+00
3.520000e-06	9.448449e-02	-5.012149e+00
3.530000e-06	-1.009261e-01	-5.349973e+00
3.540000e-06	1.794203e-01	-5.568967e+00
3.550000e-06	-1.482240e-01	-5.768472e+00
3.560000e-06	4.096196e-02	-6.009500e+00
3.570000e-06	6.050943e-02	-6.156290e+00
3.580000e-06	-8.269318e-02	-6.430626e+00
3.590000e-06	1.124763e-01	-6.587945e+00
3.600000e-06	-1.629622e-01	-6.779448e+00
3.610000e-06	1.410863e-01	-7.068422e+00
3.620000e-06	-2.055179e-02	-7.201580e+00
3.630000e-06	-1.772087e-02	-7.441102e+00
3.640000e-06	6.090595e-02	-7.599498e+00
3.650000e-06	-1.309896e-01	-7.821657e+00
3.660000e-06	1.408917e-01	-8.052024e+00
3.670000e-06	-6.082941e-02	-8.201000e+00
3.680000e-06	5.749627e-02	-8.377996e+00
3.690000e-06	-3.230902e-02	-8.504361e+00
3.700000e-06	-1.665727e-02	-8.757844e+00
3.710000e-06	8.165125e-02	-8.903307e+00
3.720000e-06	-6.592305e-02	-9.063683e+00
3.730000e-06	5.848645e-02	-9.179022e+00
3.740000e-06	-7.556876e-02	-9.344967e+00
3.750000e-06	7.903466e-02	-9.575396e+00
3.760000e-06	-1.855498e-03	-9.692784e+00
3.770000e-06	1.374225e-02	-9.841054e+00
3.780000e-06	-3.467902e-03	-9.966918e+00
3.790000e-06	-1.492172e-02	-1.010434e+01
3.800000e-06	5.024285e-02	-1.028220e+01
3.810000e-06	-1.726946e-02	-1.045055e+01
3.820000e-06	2.330134e-02	-1.051484e+01
3.830000e-06	-2.716649e-02	-1.068023e+01
3.840000e-06	4.084703e-02	-1.076595e+01
3.850000e-06	1.546951e-02	-1.087171e+01
3.860000e-06	1.462906e-02	-1.105849e+01
3.870000e-06	-6.279523e-03	-1.106383e+01
3.880000e-06	3.139439e-03	-1.128807e+01
3.890000e-06	2.935374e-02	-1.128126e+01
3.900000e-06	1.199005e-02	-1.146865e+01
3.910000e-06	1.072638e-02	-1.156432e+01
3.920000e-06	-5.493621e-03	-1.166015e+01
3.930000e-06	2.417071e-02	-1.178397e+01
3.940000e-06	2.356091e-02	-1.189962e+01
3.950000e-06	1.858464e-02	-1.194392e+01
3.960000e-06	2.317689e-03	-1.203955e+01
3.970000e-06	1.291674e-02	-1.213226e+01
3.980000e-06	2.486683e-02	-1.218441e+01
3.990000e-06	2.543889e-02	-1.221900e+01
4.000000e-06	9.393142e-03	-1.227160e+01
4.010000e-06	8.632751e-03	-1.233331e+01
4.020000e-06	1.946207e-02	-1.234384e+01
4.030000e-06	3.023601e-02	-1.242797e+01
4.040000e-06	2.182311e-02	-1.246008e+01
4.050000e-06	1.399388e-02	-1.251210e+01
4.060000e-06	1.792550e-02	-1.251229e+01
4.070000e-06	3.020588e-02	-1.252291e+01
4.080000e-06	3.190496e-02	-1.260396e+01
4.090000e-06	1.968478e-02	-1.258101e+01
4.100000e-06	1.852915e-02	-1.263554e+01
4.110000e-06	2.490287e-02	-1.264652e+01
4.120000e-06	3.800443e-02	-1.263552e+01
4.130000e-06	3.272716e-02	-1.262405e+01
4.140000e-06	2.522652e-02	-1.263447e+01
4.150000e-06	2.670988e-02	-1.261444e+01
4.160000e-06	3.764701e-02	-1.263439e+01
4.170000e-06	4.113147e-02	-1.259449e+01
4.180000e-06	3.271493e-02	-1.257131e+01
4.190000e-06	2.994392e-02	-1.253126e+01
4.200000e-06	3.482967e-02	-1.250060e+01
4.210000e-06	4.591616e-02	-1.242810e+01
4.220000e-06	4.193274e-02	-1.240694e+01
4.230000e-06	3.505483e-02	-1.237434e+01
4.240000e-06	3.379688e-02	-1.235071e+01
4.250000e-06	4.054543e-02	-1.223805e+01
4.260000e-06	4.310414e-02	-1.221694e+01
4.270000e-06	3.713369e-02	-1.220181e+01
4.280000e-06	2.957015e-02	-1.209061e+01
4.290000e-06	3.243897e-02	-1.202755e+01
4.300000e-06	3.656852e-02	-1.195239e+01
4.310000e-06	3.411498e-02	-1.186562e+01
4.320000e-06	2.517320e-02	-1.179273e+01
4.330000e-06	2.128696e-02	-1.165862e+01
4.340000e-06	2.539806e-02	-1.153178e+01
4.350000e-06	2.713008e-02	-1.148802e+01
4.360000e-06	2.190139e-02	-1.136930e+01
4.370000e-06	1.584039e-02	-1.120434e+01
4.380000e-06	1.565631e-02	-1.107020e+01
4.390000e-06	2.057763e-02	-1.098482e+01
4.400000e-06	2.022869e-02	-1.088008e+01
4.410000e-06	1.316397e-02	-1.078236e+01
4.420000e-06	9.279443e-03	-1.062903e+01
4.430000e-06	1.229787e-02	-1.054183e+01
4.440000e-06	1.473230e-02	-1.043584e+01
4.450000e-06	1.191394e-02	-1.024645e+01
4.460000e-06	7.099260e-03	-1.008970e+01
4.470000e-06	5.834766e-03	-9.932839e+00
4.480000e-06	1.086032e-02	-9.837543e+00
4.490000e-06	1.038433e-02	-9.650178e+00
4.500000e-06	6.043701e-03	-9.573381e+00
4.510000e-06	2.942780e-03	-9.363838e+00
4.520000e-06	3.608368e-03	-9.207497e+00
4.530000e-06	7.718808e-03	-9.070074e+00
4.540000e-06	5.280430e-03	-8.890655e+00
4.550000e-06	2.496230e-03	-8.742184e+00
4.560000e-06	1.714572e-03	-8.542787e+00
4.570000e-06	4.650111e-03	-8.386342e+00
4.580000e-06	4.817393e-03	-8.226418e+00
4.590000e-06	2.734326e-03	-8.038499e+00
4.600000e-06	-1.540912e-04	-7.865122e+00
4.610000e-06	1.467698e-04	-7.617497e+00
4.620000e-06	1.755268e-03	-7.438497e+00
4.630000e-06	3.412755e-03	-7.260599e+00
4.640000e-06	2.545225e-04	-7.068047e+00
4.650000e-06	-2.101227e-03	-6.829020e+00
4.660000e-06	5.223010e-04	-6.679467e+00
4.670000e-06	1.006171e-03	-6.481128e+00
4.680000e-06	1.087939e-03	-6.289623e+00
4.690000e-06	-3.170480e-03	-6.068524e+00
4.700000e-06	-9.114749e-04	-5.838498e+00
4.710000e-06	-1.005150e-03	-5.648548e+00
4.720000e-06	1.722880e-03	-5.415966e+00
4.730000e-06	-4.870126e-03	-5.173766e+00
4.740000e-06	-1.629517e-03	-4.939728e+00
4.750000e-06	-3.992319e-03	-4.631002e+00
4.760000e-06	1.320521e-04	-4.461104e+00
4.770000e-06	-2.992163e-03	-4.300157e+00
4.780000e-06	-2.397345e-03	-4.081558e+00
4.790000e-06	-4.787594e-03	-3.879569e+00
4.800000e-06	-1.517207e-03	-3.617949e+00
4.810000e-06	-2.895235e-03	-3.436967e+00
4.820000e-06	-4.832393e-03	-3.187944e+00
4.830000e-06	-6.798345e-03	-2.973836e+00
4.840000e-06	-4.558833e-03	-2.713258e+00
4.850000e-06	-2.656553e-03	-2.534658e+00
4.860000e-06	-2.808847e-03	-2.301632e+00
4.870000e-06	-4.443325e-03	-1.998975e+00
4.880000e-06	-5.118389e-03	-1.809446e+00
4.890000e-06	-4.511425e-03	-1.595939e+00
4.900000e-06	-4.912540e-03	-1.320686e+00
4.910000e-06	-5.386952e-03	-1.070627e+00
4.920000e-06	-7.893069e-03	-8.406291e-01
4.930000e-06	-5.226234e-03	-6.384433e-01
4.940000e-06	-5.030975e-03	-3.578947e-01
4.950000e-06	-3.707352e-03	-1.568933e-01
4.960000e-06	-1.338957e-04	7.317896e-02
4.970000e-06	4.336129e-03	3.272945e-01
4.980000e-06	-5.009816e-03	5.368209e-01
4.990000e-06	2.878175e-03	7.168170e-01
5.000000e-06	-6.799098e-03	8.968408e-01
5.010000e-06	-2.291835e-03	1.191004e+00
5.020000e-06	-4.199888e-03	1.420602e+00
5.030000e-06	5.330502e-03	1.725285e+00
5.040000e-06	4.341635e-02	1.874290e+00
5.050000e-06	7.054472e-02	2.097413e+00
5.060000e-06	-7.405685e-02	2.349974e+00
5.070000e-06	-2.473334e-02	2.664639e+00
5.080000e-06	-4.485059e-02	2.882759e+00
5.090000e-06	-5.849017e-02	3.062551e+00
5.100000e-06	-3.444119e-02	3.190524e+00
5.110000e-06	1.628844e-01	3.421080e+00
5.120000e-06	-1.956110e-01	3.601629e+00
5.130000e-06	1.173656e-01	3.811501e+00
5.140000e-06	4.556507e-02	4.034260e+00
5.150000e-06	-7.708615e-02	4.335414e+00
5.160000e-06	8.152851e-02	4.485734e+00
5.170000e-06	-8.006561e-02	4.759398e+00
5.180000e-06	-3.620301e-02	4.946992e+00
5.190000e-06	4.661428e-02	5.222608e+00
5.200000e-06	-3.365864e-02	5.524707e+00
5.210000e-06	3.574057e-02	5.652232e+00
5.220000e-06	-4.082722e-02	5.905268e+00
5.230000e-06	-1.629354e-02	6.134313e+00
5.240000e-06	2.543692e-02	6.284288e+00
5.250000e-06	-3.258849e-02	6.493333e+00
5.260000e-06	2.706067e-02	6.714846e+00
5.270000e-06	-7.848878e-02	6.935367e+00
5.280000e-06	6.301344e-02	7.135916e+00
5.290000e-06	-2.043425e-02	7.293234e+00
5.300000e-06	-1.581552e-02	7.464334e+00
5.310000e-06	-2.199118e-03	7.746343e+00
5.320000e-06	-4.635736e-02	7.973890e+00
5.330000e-06	3.092720e-02	8.126319e+00
5.340000e-06	-1.626858e-02	8.353761e+00
5.350000e-06	1.583201e-03	8.442182e+00
5.360000e-06	-3.196439e-02	8.592105e+00
5.370000e-06	-2.846533e-03	8.777417e+00
5.380000e-06	3.635038e-03	8.894812e+00
5.390000e-06	-2.161489e-02	9.104865e+00
5.400000e-06	-1.719510e-02	9.271738e+00
5.410000e-06	-2.677697e-02	9.450105e+00
5.420000e-06	9.193927e-03	9.585967e+00
5.430000e-06	-3.024226e-03	9.743284e+00
5.440000e-06	-1.539125e-02	9.900238e+00
5.450000e-06	-2.691225e-02	1.004962e+01
5.460000e-06	-1.309352e-02	1.020745e+01
5.470000e-06	-4.161355e-03	1.029424e+01
5.480000e-06	-1.123780e-02	1.041800e+01
5.490000e-06	-2.456672e-02	1.058384e+01
5.500000e-06	-2.182993e-02	1.073524e+01
5.510000e-06	-5.292672e-03	1.084110e+01
5.520000e-06	-5.237692e-03	1.096439e+01
5.530000e-06	-1.895489e-02	1.104960e+01
5.540000e-06	-2.956328e-02	1.112241e+01
5.550000e-06	-1.831093e-02	1.124910e+01
5.560000e-06	-1.156813e-02	1.139279e+01
5.570000e-06	-1.299511e-02	1.144868e+01
5.580000e-06	-2.816748e-02	1.158537e+01
5.590000e-06	-2.502686e-02	1.170224e+01
5.600000e-06	-1.608315e-02	1.179489e+01
5.610000e-06	-1.024935e-02	1.183810e+01
5.620000e-06	-2.225281e-02	1.192284e+01
5.630000e-06	-2.989046e-02	1.196592e+01
5.640000e-06	-2.286331e-02	1.203945e+01
5.650000e-06	-1.869641e-02	1.215226e+01
5.660000e-06	-1.776721e-02	1.218486e+01
5.670000e-06	-3.309028e-02	1.226505e+01
5.680000e-06	-3.084664e-02	1.229121e+01
5.690000e-06	-2.547223e-02	1.234221e+01
5.700000e-06	-1.968595e-02	1.237639e+01
5.710000e-06	-2.745015e-02	1.242748e+01
5.720000e-06	-3.572155e-02	1.243926e+01
5.730000e-06	-3.135865e-02	1.250168e+01
5.740000e-06	-2.651399e-02	1.251121e+01
5.750000e-06	-2.654592e-02	1.250076e+01
5.760000e-06	-3.884792e-02	1.256179e+01
5.770000e-06	-3.903302e-02	1.257176e+01
5.780000e-06	-3.611949e-02	1.254232e+01
5.790000e-06	-2.937032e-02	1.257229e+01
5.800000e-06	-3.591381e-02	1.255379e+01
5.810000e-06	-4.319763e-02	1.255177e+01
5.820000e-06	-4.374519e-02	1.254216e+01
5.830000e-06	-3.847278e-02	1.251063e+01
5.840000e-06	-3.849961e-02	1.252016e+01
5.850000e-06	-4.797153e-02	1.245910e+01
5.860000e-06	-5.000656e-02	1.243755e+01
5.870000e-06	-4.754006e-02	1.234442e+01
5.880000e-06	-4.066139e-02	1.237424e+01
5.890000e-06	-4.419360e-02	1.228866e+01
5.900000e-06	-4.930726e-02	1.223755e+01
5.910000e-06	-5.009684e-02	1.219286e+01
5.920000e-06	-4.365449e-02	1.212066e+01
5.930000e-06	-4.045254e-02	1.209810e+01
5.940000e-06	-4.448039e-02	1.200739e+01
5.950000e-06	-4.535560e-02	1.191126e+01
5.960000e-06	-4.234310e-02	1.183850e+01
5.970000e-06	-3.462884e-02	1.178232e+01
5.980000e-06	-3.435942e-02	1.169808e+01
5.990000e-06	-3.640425e-02	1.160479e+01
6.000000e-06	-3.473660e-02	1.152710e+01
6.010000e-06	-3.136732e-02	1.141276e+01
6.020000e-06	-2.565761e-02	1.126857e+01
6.030000e-06	-2.951242e-02	1.117229e+01
6.040000e-06	-2.942215e-02	1.105860e+01
6.050000e-06	-2.856019e-02	1.094279e+01
6.060000e-06	-2.114358e-02	1.089905e+01
6.070000e-06	-2.049337e-02	1.075916e+01
6.080000e-06	-2.219497e-02	1.059297e+01
6.090000e-06	-2.302269e-02	1.047855e+01
6.100000e-06	-2.057609e-02	1.034018e+01
6.110000e-06	-1.589927e-02	1.020339e+01
6.120000e-06	-1.803328e-02	1.006958e+01
6.130000e-06	-2.022521e-02	9.930155e+00
6.140000e-06	-2.027466e-02	9.770838e+00
6.150000e-06	-1.475825e-02	9.604969e+00
6.160000e-06	-1.294114e-02	9.445999e+00
6.170000e-06	-1.558010e-02	9.331711e+00
6.180000e-06	-1.915814e-02	9.214819e+00
6.190000e-06	-1.460026e-02	8.984867e+00
6.200000e-06	-1.136286e-02	8.826421e+00
6.210000e-06	-1.131334e-02	8.650130e+00
6.220000e-06	-1.538292e-02	8.500636e+00
6.230000e-06	-1.498790e-02	8.371286e+00
6.240000e-06	-1.087469e-02	8.221738e+00
6.250000e-06	-9.454899e-03	7.971764e+00
6.260000e-06	-1.100372e-02	7.794863e+00
6.270000e-06	-1.398227e-02	7.628295e+00
6.280000e-06	-1.175224e-02	7.394336e+00
6.290000e-06	-9.030573e-03	7.184313e+00
6.300000e-06	-8.310924e-03	6.995292e+00
6.310000e-06	-1.170079e-02	6.816920e+00
6.320000e-06	-1.235793e-02	6.605814e+00
6.330000e-06	-8.542487e-03	6.375872e+00
6.340000e-06	-7.763225e-03	6.216347e+00
6.350000e-06	-1.022242e-02	6.018474e+00
6.360000e-06	-1.191108e-02	5.823391e+00
6.370000e-06	-8.603785e-03	5.575321e+00
6.380000e-06	-7.062775e-03	5.386319e+00
6.390000e-06	-7.145935e-03	5.141154e+00
6.400000e-06	-9.363783e-03	4.898953e+00
6.410000e-06	-8.614471e-03	4.639001e+00
6.420000e-06	-6.710302e-03	4.440052e+00
6.430000e-06	-6.182008e-03	4.245920e+00
6.440000e-06	-8.388283e-03	3.955945e+00
6.450000e-06	-9.880078e-03	3.746342e+00
6.460000e-06	-7.828305e-03	3.595920e+00
6.470000e-06	-6.386098e-03	3.332116e+00
6.480000e-06	-5.333177e-03	3.110787e+00
6.490000e-06	-6.537666e-03	2.891653e+00
6.500000e-06	-8.089450e-03	2.713154e+00
6.510000e-06	-5.236592e-03	2.425999e+00
6.520000e-06	-6.897699e-03	2.176920e+00
6.530000e-06	-6.609709e-03	1.998421e+00
6.540000e-06	-8.701264e-03	1.774339e+00
6.550000e-06	-6.640140e-03	1.512685e+00
6.560000e-06	-3.966290e-03	1.288558e+00
6.570000e-06	-3.063943e-03	1.017346e+00
6.580000e-06	-4.429283e-03	7.352421e-01
6.590000e-06	-5.286614e-03	5.432895e-01
6.600000e-06	-4.899855e-03	3.542159e-01
6.610000e-06	-3.613475e-03	2.905414e-02
6.620000e-06	-2.218317e-03	-1.890249e-01
6.630000e-06	5.405114e-03	-3.609498e-01
6.640000e-06	-6.485217e-03	-5.920522e-01
6.650000e-06	4.702500e-03	-7.936277e-01
6.660000e-06	-4.533997e-03	-9.816278e-01
6.670000e-06	2.381933e-03	-1.244234e+00
6.680000e-06	-4.750283e-03	-1.505867e+00
6.690000e-06	1.694025e-02	-1.674238e+00
6.700000e-06	1.021342e-01	-1.886333e+00
6.710000e-06	-2.201153e-02	-2.222631e+00
6.720000e-06	-3.653979e-02	-2.570946e+00
6.730000e-06	-3.696603e-02	-2.790550e+00
6.740000e-06	-7.413866e-02	-2.968895e+00
6.750000e-06	-1.461595e-02	-3.127317e+00
6.760000e-06	1.806993e-01	-3.223706e+00
6.770000e-06	-2.181450e-01	-3.538896e+00
6.780000e-06	1.679766e-01	-3.655333e+00
6.790000e-06	2.598082e-03	-3.897789e+00
6.800000e-06	-9.711979e-02	-4.211103e+00
6.810000e-06	1.850947e-01	-4.359472e+00
6.820000e-06	-1.534056e-01	-4.568600e+00
6.830000e-06	-4.363336e-02	-4.861160e+00
6.840000e-06	1.086336e-01	-4.970552e+00
6.850000e-06	-1.101556e-01	-5.338837e+00
6.860000e-06	1.799279e-01	-5.547287e+00
6.870000e-06	-1.316159e-01	-5.718369e+00
6.880000e-06	1.699837e-02	-5.999950e+00
6.890000e-06	7.889836e-02	-6.135987e+00
6.900000e-06	-9.527952e-02	-6.431054e+00
6.910000e-06	1.193993e-01	-6.588469e+00
6.920000e-06	-1.594206e-01	-6.759521e+00
6.930000e-06	1.243140e-01	-7.019527e+00
6.940000e-06	5.508860e-04	-7.200601e+00
6.950000e-06	-3.631275e-02	-7.419601e+00
6.960000e-06	7.519798e-02	-7.566418e+00
6.970000e-06	-1.372838e-01	-7.843652e+00
6.980000e-06	1.335230e-01	-8.041627e+00
6.990000e-06	-4.711456e-02	-8.190473e+00
7.000000e-06	4.479765e-02	-8.337371e+00
7.010000e-06	-1.596927e-02	-8.504435e+00
7.020000e-06	-3.221853e-02	-8.736292e+00
7.030000e-06	9.092439e-02	-8.883232e+00
7.040000e-06	-6.856189e-02	-9.062230e+00
7.050000e-06	5.833646e-02	-9.169548e+00
7.060000e-06	-7.445962e-02	-9.383439e+00
7.070000e-06	7.092336e-02	-9.567872e+00
7.080000e-06	8.612547e-03	-9.672705e+00
7.090000e-06	7.842972e-03	-9.852050e+00
7.100000e-06	4.170575e-03	-9.926816e+00
7.110000e-06	-2.237351e-02	-1.012228e+01
7.120000e-06	5.373752e-02	-1.025865e+01
7.130000e-06	-1.810097e-02	-1.040915e+01
7.140000e-06	2.274178e-02	-1.056534e+01
7.150000e-06	-2.794372e-02	-1.064913e+01
7.160000e-06	3.719792e-02	-1.078435e+01
7.170000e-06	2.192828e-02	-1.085158e+01
7.180000e-06	1.419277e-02	-1.105650e+01
7.190000e-06	-3.792642e-03	-1.109234e+01
7.200000e-06	-5.736740e-04	-1.124961e+01
7.210000e-06	3.148685e-02	-1.138081e+01
7.220000e-06	1.239817e-02	-1.141953e+01
7.230000e-06	1.108820e-02	-1.154337e+01
7.240000e-06	-8.158018e-03	-1.166910e+01
7.250000e-06	2.409364e-02	-1.176378e+01
7.260000e-06	2.556629e-02	-1.186057e+01
7.270000e-06	1.860081e-02	-1.194539e+01
7.280000e-06	1.179050e-03	-1.199855e+01
7.290000e-06	1.101632e-02	-1.213121e+01
7.300000e-06	2.644234e-02	-1.214336e+01
7.310000e-06	2.703356e-02	-1.220754e+01
7.320000e-06	9.263014e-03	-1.225961e+01
7.330000e-06	6.186666e-03	-1.231426e+01
7.340000e-06	1.884473e-02	-1.237389e+01
7.350000e-06	3.090579e-02	-1.240629e+01
7.360000e-06	2.316582e-02	-1.243803e+01
7.370000e-06	1.401742e-02	-1.247018e+01
7.380000e-06	1.685431e-02	-1.253184e+01
7.390000e-06	3.037537e-02	-1.256189e+01
7.400000e-06	3.398018e-02	-1.258489e+01
7.410000e-06	1.973142e-02	-1.261247e+01
7.420000e-06	1.746949e-02	-1.264539e+01
7.430000e-06	2.277036e-02	-1.265402e+01
7.440000e-06	3.776433e-02	-1.263502e+01
7.450000e-06	3.344655e-02	-1.264455e+01
7.460000e-06	2.552322e-02	-1.262554e+01
7.470000e-06	2.636518e-02	-1.265442e+01
7.480000e-06	3.702210e-02	-1.262349e+01
7.490000e-06	4.277871e-02	-1.260242e+01
7.500000e-06	3.308478e-02	-1.258281e+01
7.510000e-06	2.908587e-02	-1.254071e+01
7.520000e-06	3.472632e-02	-1.249865e+01
7.530000e-06	4.564399e-02	-1.244810e+01
7.540000e-06	4.249238e-02	-1.243697e+01
7.550000e-06	3.434465e-02	-1.235529e+01
7.560000e-06	3.406364e-02	-1.231225e+01
7.570000e-06	4.075897e-02	-1.225753e+01
7.580000e-06	4.311133e-02	-1.220647e+01
7.590000e-06	3.592978e-02	-1.218136e+01
7.600000e-06	3.132166e-02	-1.210058e+01
7.610000e-06	3.280915e-02	-1.204697e+01
7.620000e-06	3.703943e-02	-1.196178e+01
7.630000e-06	3.302905e-02	-1.189952e+01
7.640000e-06	2.583288e-02	-1.180079e+01
7.650000e-06	2.213770e-02	-1.165855e+01
7.660000e-06	2.532141e-02	-1.156226e+01
7.670000e-06	2.700132e-02	-1.146762e+01
7.680000e-06	2.229500e-02	-1.135169e+01
7.690000e-06	1.709839e-02	-1.124284e+01
7.700000e-06	1.587121e-02	-1.108056e+01
7.710000e-06	2.055390e-02	-1.097434e+01
7.720000e-06	1.846823e-02	-1.089013e+01
7.730000e-06	1.292374e-02	-1.075491e+01
7.740000e-06	9.081995e-03	-1.068060e+01
7.750000e-06	1.272383e-02	-1.055026e+01
7.760000e-06	1.538189e-02	-1.043544e+01
7.770000e-06	1.198511e-02	-1.028737e+01
7.780000e-06	6.723942e-03	-1.010065e+01
7.790000e-06	6.044734e-03	-9.974367e+00
7.800000e-06	9.733772e-03	-9.837049e+00
7.810000e-06	1.054527e-02	-9.711154e+00
7.820000e-06	6.071377e-03	-9.562337e+00
7.830000e-06	2.932655e-03	-9.392390e+00
7.840000e-06	4.860945e-03	-9.208996e+00
7.850000e-06	8.210855e-03	-9.089647e+00
7.860000e-06	5.775855e-03	-8.941729e+00
7.870000e-06	2.609526e-03	-8.742289e+00
7.880000e-06	3.764097e-04	-8.572362e+00
7.890000e-06	3.652061e-03	-8.364866e+00
7.900000e-06	4.740333e-03	-8.248492e+00
7.910000e-06	2.605452e-03	-8.038624e+00
7.920000e-06	5.847584e-04	-7.878978e+00
7.930000e-06	1.557179e-03	-7.658050e+00
7.940000e-06	2.943753e-03	-7.437547e+00
7.950000e-06	2.987851e-03	-7.271078e+00
7.960000e-06	-6.755801e-04	-7.107051e+00
7.970000e-06	-2.178291e-03	-6.858550e+00
7.980000e-06	8.811370e-04	-6.690025e+00
7.990000e-06	1.078407e-03	-6.460576e+00
8.000000e-06	2.027869e-06	-6.277576e+00
8.010000e-06	-3.322374e-03	-6.048448e+00
8.020000e-06	-7.648612e-04	-5.887474e+00
8.030000e-06	-9.900100e-04	-5.630100e+00
8.040000e-06	1.629390e-03	-5.456495e+00
8.050000e-06	-4.692999e-03	-5.143868e+00
8.060000e-06	-2.358789e-03	-4.953209e+00
8.070000e-06	-3.128421e-03	-4.700180e+00
8.080000e-06	-4.054708e-04	-4.452130e+00
8.090000e-06	-4.092417e-03	-4.312174e+00
8.100000e-06	-2.018849e-03	-4.032125e+00
8.110000e-06	-4.380293e-03	-3.901079e+00
8.120000e-06	-4.022065e-04	-3.649048e+00
8.130000e-06	-4.092857e-03	-3.416998e+00
8.140000e-06	-4.999222e-03	-3.208899e+00
8.150000e-06	-5.694384e-03	-2.954339e+00
8.160000e-06	-3.816313e-03	-2.754268e+00
8.170000e-06	-3.621884e-03	-2.513710e+00
8.180000e-06	-3.035556e-03	-2.321182e+00
8.190000e-06	-4.969504e-03	-2.028550e+00
8.200000e-06	-4.546130e-03	-1.839001e+00
8.210000e-06	-4.209803e-03	-1.638000e+00
8.220000e-06	-6.259191e-03	-1.322656e+00
8.230000e-06	-6.135011e-03	-1.102682e+00
8.240000e-06	-7.603662e-03	-8.416042e-01
8.250000e-06	-4.936749e-03	-6.399750e-01
8.260000e-06	-4.248959e-03	-3.869974e-01
8.270000e-06	-3.531772e-03	-1.868158e-01
8.280000e-06	-2.423818e-03	-7.765993e-03
8.290000e-06	4.165251e-03	3.292932e-01
8.300000e-06	-4.749652e-03	5.072919e-01
8.310000e-06	4.007810e-03	7.048168e-01
8.320000e-06	-7.294960e-03	8.657918e-01
8.330000e-06	-3.132673e-03	1.169526e+00
8.340000e-06	-4.826334e-03	1.410031e+00
8.350000e-06	6.594357e-03	1.656289e+00
8.360000e-06	4.042969e-02	1.873689e+00
8.370000e-06	7.427767e-02	2.066338e+00
8.380000e-06	-7.175670e-02	2.369449e+00
8.390000e-06	-2.696740e-02	2.642133e+00
8.400000e-06	-4.471150e-02	2.843185e+00
8.410000e-06	-5.399398e-02	3.041653e+00
8.420000e-06	-4.864393e-02	3.198476e+00
8.430000e-06	1.706171e-01	3.381107e+00
8.440000e-06	-1.833041e-01	3.661555e+00
8.450000e-06	9.254724e-02	3.780023e+00
8.460000e-06	6.934052e-02	4.033683e+00
8.470000e-06	-8.932291e-02	4.316791e+00
8.480000e-06	7.799928e-02	4.474234e+00
8.490000e-06	-7.136712e-02	4.756372e+00
8.500000e-06	-4.754044e-02	4.946891e+00
8.510000e-06	5.328315e-02	5.251208e+00
8.520000e-06	-3.280834e-02	5.474239e+00
8.530000e-06	3.625558e-02	5.621728e+00
8.540000e-06	-3.460616e-02	5.927795e+00
8.550000e-06	-2.360262e-02	6.125288e+00
8.560000e-06	2.899989e-02	6.323841e+00
8.570000e-06	-3.726444e-02	6.472211e+00
8.580000e-06	3.123688e-02	6.725890e+00
8.590000e-06	-7.928677e-02	6.925413e+00
8.600000e-06	5.889769e-02	7.125363e+00
8.610000e-06	-1.264463e-02	7.203237e+00
8.620000e-06	-2.133390e-02	7.505790e+00
8.630000e-06	1.531799e-03	7.714818e+00
8.640000e-06	-4.761941e-02	7.965412e+00
8.650000e-06	2.759337e-02	8.124818e+00
8.660000e-06	-1.217622e-02	8.302263e+00
8.670000e-06	-6.971727e-04	8.472206e+00
8.680000e-06	-3.013734e-02	8.659024e+00
8.690000e-06	-7.073336e-03	8.755996e+00
8.700000e-06	7.207298e-03	8.924337e+00
8.710000e-06	-1.954068e-02	9.095766e+00
8.720000e-06	-1.762026e-02	9.291754e+00
8.730000e-06	-2.624362e-02	9.421103e+00
8.740000e-06	6.901598e-03	9.567445e+00
8.750000e-06	1.451355e-03	9.721832e+00
8.760000e-06	-1.728732e-02	9.872284e+00
8.770000e-06	-2.678807e-02	1.001953e+01
8.780000e-06	-1.674815e-02	1.020639e+01
8.790000e-06	-3.655851e-03	1.033376e+01
8.800000e-06	-1.068606e-02	1.041900e+01
8.810000e-06	-2.501863e-02	1.060336e+01
8.820000e-06	-2.199350e-02	1.071120e+01
8.830000e-06	-6.046516e-03	1.082060e+01
8.840000e-06	-1.307509e-03	1.093389e+01
8.850000e-06	-1.958803e-02	1.103105e+01
8.860000e-06	-3.050532e-02	1.113379e+01
8.870000e-06	-2.022156e-02	1.124903e+01
8.880000e-06	-1.030959e-02	1.136241e+01
8.890000e-06	-1.193560e-02	1.148702e+01
8.900000e-06	-2.826607e-02	1.154384e+01
8.910000e-06	-2.608673e-02	1.172011e+01
8.920000e-06	-1.627339e-02	1.175489e+01
8.930000e-06	-7.801897e-03	1.187853e+01
8.940000e-06	-2.218474e-02	1.192231e+01
8.950000e-06	-3.092680e-02	1.198594e+01
8.960000e-06	-2.562133e-02	1.204903e+01
8.970000e-06	-1.757734e-02	1.216076e+01
8.980000e-06	-1.779029e-02	1.218349e+01
8.990000e-06	-3.241553e-02	1.226750e+01
9.000000e-06	-3.209449e-02	1.228063e+01
9.010000e-06	-2.512028e-02	1.234032e+01
9.020000e-06	-1.835957e-02	1.237529e+01
9.030000e-06	-2.620261e-02	1.241853e+01
9.040000e-06	-3.567704e-02	1.245960e+01
9.050000e-06	-3.227091e-02	1.250063e+01
9.060000e-06	-2.611945e-02	1.248216e+01
9.070000e-06	-2.569266e-02	1.255223e+01
9.080000e-06	-3.894374e-02	1.254126e+01
9.090000e-06	-4.105380e-02	1.251329e+01
9.100000e-06	-3.755326e-02	1.257126e+01
9.110000e-06	-2.841258e-02	1.256379e+01
9.120000e-06	-3.530854e-02	1.256179e+01
9.130000e-06	-4.205815e-02	1.256326e+01
9.140000e-06	-4.394646e-02	1.254076e+01
9.150000e-06	-3.772925e-02	1.249118e+01
9.160000e-06	-3.819157e-02	1.247018e+01
9.170000e-06	-4.732647e-02	1.246013e+01
9.180000e-06	-5.147149e-02	1.242805e+01
9.190000e-06	-4.756211e-02	1.241635e+01
9.200000e-06	-4.062165e-02	1.236183e+01
9.210000e-06	-4.371063e-02	1.230563e+01
9.220000e-06	-4.927121e-02	1.227595e+01
9.230000e-06	-5.025314e-02	1.224342e+01
9.240000e-06	-4.409991e-02	1.212176e+01
9.250000e-06	-3.934052e-02	1.204907e+01
9.260000e-06	-4.445382e-02	1.202644e+01
9.270000e-06	-4.578411e-02	1.193274e+01
9.280000e-06	-4.386492e-02	1.188705e+01
9.290000e-06	-3.574563e-02	1.179491e+01
9.300000e-06	-3.509025e-02	1.171171e+01
9.310000e-06	-3.648532e-02	1.160339e+01
9.320000e-06	-3.483187e-02	1.146815e+01
9.330000e-06	-3.049159e-02	1.141286e+01
9.340000e-06	-2.291461e-02	1.126965e+01
9.350000e-06	-2.935135e-02	1.119179e+01
9.360000e-06	-2.900345e-02	1.108858e+01
9.370000e-06	-3.149869e-02	1.093329e+01
9.380000e-06	-2.100297e-02	1.086007e+01
9.390000e-06	-2.155858e-02	1.078081e+01
9.400000e-06	-2.238103e-02	1.066394e+01
9.410000e-06	-2.348668e-02	1.048903e+01
9.420000e-06	-1.900134e-02	1.032269e+01
9.430000e-06	-1.503067e-02	1.020389e+01
9.440000e-06	-1.858442e-02	1.005908e+01
9.450000e-06	-2.083871e-02	9.892160e+00
9.460000e-06	-2.035885e-02	9.812737e+00
9.470000e-06	-1.579993e-02	9.605317e+00
9.480000e-06	-1.464939e-02	9.457998e+00
9.490000e-06	-1.522192e-02	9.351637e+00
9.500000e-06	-1.778328e-02	9.197818e+00
9.510000e-06	-1.338578e-02	9.043941e+00
9.520000e-06	-1.124589e-02	8.836926e+00
9.530000e-06	-1.141782e-02	8.667000e+00
9.540000e-06	-1.553304e-02	8.521783e+00
9.550000e-06	-1.489877e-02	8.365307e+00
9.560000e-06	-1.151127e-02	8.172261e+00
9.570000e-06	-1.093679e-02	8.013866e+00
9.580000e-06	-1.160656e-02	7.795946e+00
9.590000e-06	-1.459732e-02	7.626370e+00
9.600000e-06	-1.074518e-02	7.392466e+00
9.610000e-06	-9.431936e-03	7.165871e+00
9.620000e-06	-8.267739e-03	7.015417e+00
9.630000e-06	-1.155943e-02	6.836425e+00
9.640000e-06	-1.195411e-02	6.625322e+00
9.650000e-06	-9.545591e-03	6.405521e+00
9.660000e-06	-7.690548e-03	6.235995e+00
9.670000e-06	-8.486655e-03	6.036948e+00
9.680000e-06	-1.108124e-02	5.816942e+00
9.690000e-06	-1.014571e-02	5.606371e+00
9.700000e-06	-7.549464e-03	5.405416e+00
9.710000e-06	-7.366667e-03	5.192715e+00
9.720000e-06	-9.162993e-03	4.879680e+00
9.730000e-06	-1.075641e-02	4.679024e+00
9.740000e-06	-7.137670e-03	4.450129e+00
9.750000e-06	-5.240492e-03	4.258451e+00
9.760000e-06	-7.271615e-03	3.965867e+00
9.770000e-06	-7.755348e-03	3.786338e+00
9.780000e-06	-8.304115e-03	3.605845e+00
9.790000e-06	-6.191856e-03	3.341683e+00
9.800000e-06	-6.506075e-03	3.133258e+00
9.810000e-06	-6.963394e-03	2.913134e+00
9.820000e-06	-8.378528e-03	2.752254e+00
9.830000e-06	-6.436285e-03	2.428952e+00
9.840000e-06	-4.857653e-03	2.236870e+00
9.850000e-06	-4.179458e-03	2.007946e+00
9.860000e-06	-6.969091e-03	1.765766e+00
9.870000e-06	-6.545869e-03	1.502158e+00
9.880000e-06	-5.598946e-03	1.301678e+00
9.890000e-06	-4.768613e-03	1.045970e+00
9.900000e-06	-6.776966e-03	7.858884e-01
9.910000e-06	-6.708327e-03	5.432609e-01
9.920000e-06	-4.826097e-03	3.442634e-01
9.930000e-06	-1.860364e-03	9.017927e-02
9.940000e-06	-1.276051e-03	-1.509521e-01
9.950000e-06	7.391905e-03	-3.784172e-01
9.960000e-06	-6.364701e-03	-5.615525e-01
9.970000e-06	5.249040e-03	-8.016750e-01
9.980000e-06	-6.605005e-03	-9.805774e-01
9.990000e-06	1.380410e-03	-1.212779e+00
1.000000e-05	-5.669794e-03	-1.457128e+00
1.001000e-05	1.568784e-02	-1.675282e+00
1.002000e-05	9.867832e-02	-1.874759e+00
1.003000e-05	-8.946724e-03	-2.141127e+00
1.004000e-05	-4.371289e-02	-2.530446e+00
1.005000e-05	-3.169477e-02	-2.780499e+00
1.006000e-05	-7.388883e-02	-2.958468e+00
1.007000e-05	-3.233860e-02	-3.126796e+00
1.008000e-05	1.924308e-01	-3.212654e+00
1.009000e-05	-2.088777e-01	-3.506816e+00
1.010000e-05	1.459410e-01	-3.662207e+00
1.011000e-05	3.534013e-02	-3.885817e+00
1.012000e-05	-1.212496e-01	-4.191554e+00
1.013000e-05	1.889481e-01	-4.379971e+00
1.014000e-05	-1.354815e-01	-4.569549e+00
1.015000e-05	-6.854935e-02	-4.861151e+00
1.016000e-05	1.229532e-01	-4.950050e+00
1.017000e-05	-1.165264e-01	-5.316308e+00
1.018000e-05	1.770046e-01	-5.569339e+00
1.019000e-05	-1.128140e-01	-5.715913e+00
1.020000e-05	-7.186522e-03	-5.989472e+00
1.021000e-05	9.617608e-02	-6.074887e+00
1.022000e-05	-1.055133e-01	-6.390026e+00
1.023000e-05	1.212912e-01	-6.538968e+00
1.024000e-05	-1.525365e-01	-6.748445e+00
1.025000e-05	1.064151e-01	-7.018551e+00
1.026000e-05	2.447844e-02	-7.179025e+00
1.027000e-05	-5.307938e-02	-7.449126e+00
1.028000e-05	8.939688e-02	-7.545942e+00
1.029000e-05	-1.434143e-01	-7.749076e+00
1.030000e-05	1.278106e-01	-8.021050e+00
1.031000e-05	-3.623555e-02	-8.168419e+00
1.032000e-05	3.136156e-02	-8.366891e+00
1.033000e-05	-2.581392e-03	-8.482810e+00
1.034000e-05	-4.706928e-02	-8.717339e+00
1.035000e-05	1.013258e-01	-8.883206e+00
1.036000e-05	-6.811236e-02	-9.041204e+00
1.037000e-05	5.913448e-02	-9.189973e+00
1.038000e-05	-6.904150e-02	-9.344464e+00
1.039000e-05	5.746709e-02	-9.545890e+00
1.040000e-05	1.862620e-02	-9.672184e+00
1.041000e-05	-8.526008e-04	-9.859501e+00
1.042000e-05	1.308169e-02	-9.934935e+00
1.043000e-05	-2.951120e-02	-1.010316e+01
1.044000e-05	5.711772e-02	-1.027218e+01
1.045000e-05	-1.605928e-02	-1.037060e+01
1.046000e-05	2.357503e-02	-1.052379e+01
1.047000e-05	-2.513061e-02	-1.062915e+01
1.048000e-05	3.101970e-02	-1.074592e+01
1.049000e-05	2.498313e-02	-1.088113e+01
1.050000e-05	1.179601e-02	-1.097499e+01
1.051000e-05	-1.744742e-05	-1.113169e+01
1.052000e-05	-5.018672e-03	-1.122860e+01
1.053000e-05	3.159466e-02	-1.136283e+01
1.054000e-05	1.290684e-02	-1.144865e+01
1.055000e-05	1.364971e-02	-1.155331e+01
1.056000e-05	-6.448619e-03	-1.164005e+01
1.057000e-05	2.161896e-02	-1.177479e+01
1.058000e-05	2.680793e-02	-1.187067e+01
1.059000e-05	1.942180e-02	-1.194584e+01
1.060000e-05	3.048284e-03	-1.199855e+01
1.061000e-05	7.720965e-03	-1.210271e+01
1.062000e-05	2.465697e-02	-1.215436e+01
1.063000e-05	2.723397e-02	-1.219947e+01
1.064000e-05	1.165357e-02	-1.227165e+01
1.065000e-05	7.690503e-03	-1.230376e+01
1.066000e-05	1.862086e-02	-1.234484e+01
1.067000e-05	3.145021e-02	-1.239597e+01
1.068000e-05	2.415056e-02	-1.244763e+01
1.069000e-05	1.387387e-02	-1.248010e+01
1.070000e-05	1.458456e-02	-1.255024e+01
1.071000e-05	2.823107e-02	-1.259191e+01
1.072000e-05	3.298324e-02	-1.257389e+01
1.073000e-05	2.106992e-02	-1.261449e+01
1.074000e-05	1.848398e-02	-1.260347e+01
1.075000e-05	2.321840e-02	-1.261504e+01
1.076000e-05	3.781928e-02	-1.263757e+01
1.077000e-05	3.443663e-02	-1.265610e+01
1.078000e-05	2.480763e-02	-1.264602e+01
1.079000e-05	2.498738e-02	-1.264547e+01
1.080000e-05	3.536258e-02	-1.263399e+01
1.081000e-05	4.196579e-02	-1.260286e+01
1.082000e-05	3.346043e-02	-1.259281e+01
1.083000e-05	3.019716e-02	-1.256071e+01
1.084000e-05	3.412952e-02	-1.248120e+01
1.085000e-05	4.620323e-02	-1.245850e+01
1.086000e-05	4.377611e-02	-1.242650e+01
1.087000e-05	3.533645e-02	-1.239431e+01
1.088000e-05	3.226026e-02	-1.230025e+01
1.089000e-05	3.883652e-02	-1.227857e+01
1.090000e-05	4.389420e-02	-1.222749e+01
1.091000e-05	3.768644e-02	-1.218229e+01
1.092000e-05	3.012645e-02	-1.210066e+01
1.093000e-05	3.162165e-02	-1.202844e+01
1.094000e-05	3.749791e-02	-1.197487e+01
1.095000e-05	3.490726e-02	-1.190912e+01
1.096000e-05	2.623064e-02	-1.175228e+01
1.097000e-05	2.208764e-02	-1.166855e+01
1.098000e-05	2.530075e-02	-1.156181e+01
1.099000e-05	2.779234e-02	-1.147907e+01
1.100000e-05	2.290408e-02	-1.132868e+01
1.101000e-05	1.599018e-02	-1.124402e+01
1.102000e-05	1.545127e-02	-1.108058e+01
1.103000e-05	2.007125e-02	-1.100391e+01
1.104000e-05	2.018034e-02	-1.091015e+01
1.105000e-05	1.492370e-02	-1.079339e+01
1.106000e-05	9.991172e-03	-1.069870e+01
1.107000e-05	1.248400e-02	-1.057431e+01
1.108000e-05	1.512831e-02	-1.045642e+01
1.109000e-05	1.221861e-02	-1.025992e+01
1.110000e-05	5.946464e-03	-1.018123e+01
1.111000e-05	5.031550e-03	-9.974866e+00
1.112000e-05	9.799419e-03	-9.838526e+00
1.113000e-05	1.112534e-02	-9.721707e+00
1.114000e-05	6.925040e-03	-9.565390e+00
1.115000e-05	2.960119e-03	-9.404893e+00
1.116000e-05	5.041331e-03	-9.198526e+00
1.117000e-05	9.457255e-03	-9.110079e+00
1.118000e-05	6.202686e-03	-8.902207e+00
1.119000e-05	2.140935e-03	-8.774413e+00
1.120000e-05	3.582428e-04	-8.534812e+00
1.121000e-05	3.688144e-03	-8.396871e+00
1.122000e-05	5.471662e-03	-8.227572e+00
1.123000e-05	2.537097e-03	-8.101152e+00
1.124000e-05	-9.169026e-04	-7.919629e+00
1.125000e-05	1.097893e-03	-7.649521e+00
1.126000e-05	3.705288e-03	-7.448554e+00
1.127000e-05	3.385977e-03	-7.250505e+00
1.128000e-05	-3.132684e-04	-7.109121e+00
1.129000e-05	-2.399555e-03	-6.879550e+00
1.130000e-05	9.842867e-04	-6.658701e+00
1.131000e-05	1.463934e-03	-6.481653e+00
1.132000e-05	7.876218e-04	-6.290579e+00
1.133000e-05	-3.291737e-03	-6.070053e+00
1.134000e-05	-1.405929e-03	-5.859523e+00
1.135000e-05	-2.923233e-04	-5.661625e+00
1.136000e-05	2.549002e-03	-5.457974e+00
1.137000e-05	-4.552442e-03	-5.164342e+00
1.138000e-05	-3.668657e-03	-4.943237e+00
1.139000e-05	-4.027692e-03	-4.640480e+00
1.140000e-05	-4.756956e-04	-4.491608e+00
1.141000e-05	-2.674787e-03	-4.332681e+00
1.142000e-05	-3.065874e-03	-4.081684e+00
1.143000e-05	-5.992898e-03	-3.904077e+00
1.144000e-05	-1.473774e-03	-3.648548e+00
1.145000e-05	-2.723355e-03	-3.469571e+00
1.146000e-05	-3.477762e-03	-3.208450e+00
1.147000e-05	-7.025935e-03	-2.985841e+00
1.148000e-05	-3.896706e-03	-2.774387e+00
1.149000e-05	-3.108046e-03	-2.523739e+00
1.150000e-05	-2.789160e-03	-2.351706e+00
1.151000e-05	-5.248694e-03	-2.060552e+00
1.152000e-05	-5.647204e-03	-1.860550e+00
1.153000e-05	-5.380115e-03	-1.618078e+00
1.154000e-05	-4.618664e-03	-1.365188e+00
1.155000e-05	-6.134642e-03	-1.102634e+00
1.156000e-05	-7.542611e-03	-8.725055e-01
1.157000e-05	-5.663613e-03	-6.285552e-01
1.158000e-05	-4.136949e-03	-3.984213e-01
1.159000e-05	-3.532017e-03	-1.979174e-01
1.160000e-05	-2.323057e-03	1.360269e-02
1.161000e-05	4.305776e-03	3.057668e-01
1.162000e-05	-6.150895e-03	4.768667e-01
1.163000e-05	3.611188e-03	7.057393e-01
1.164000e-05	-7.076816e-03	8.253392e-01
1.165000e-05	-6.738424e-04	1.189445e+00
1.166000e-05	-5.119645e-03	1.380526e+00
1.167000e-05	5.214599e-03	1.703262e+00
1.168000e-05	3.664073e-02	1.823185e+00
1.169000e-05	7.768067e-02	2.074763e+00
1.170000e-05	-6.533744e-02	2.339368e+00
1.171000e-05	-3.007478e-02	2.644130e+00
1.172000e-05	-4.523102e-02	2.833659e+00
1.173000e-05	-5.017941e-02	3.022178e+00
1.174000e-05	-6.018169e-02	3.149524e+00
1.175000e-05	1.728493e-01	3.429598e+00
1.176000e-05	-1.690181e-01	3.611978e+00
1.177000e-05	6.400614e-02	3.771099e+00
1.178000e-05	9.413287e-02	4.072259e+00
1.179000e-05	-9.430373e-02	4.302787e+00
1.180000e-05	7.725668e-02	4.484210e+00
1.181000e-05	-5.935464e-02	4.714866e+00
1.182000e-05	-6.126008e-02	4.904388e+00
1.183000e-05	5.637393e-02	5.230130e+00
1.184000e-05	-3.318151e-02	5.491707e+00
1.185000e-05	3.460027e-02	5.612130e+00
1.186000e-05	-3.054178e-02	5.926210e+00
1.187000e-05	-3.128623e-02	6.094813e+00
1.188000e-05	3.616956e-02	6.322713e+00
1.189000e-05	-3.814857e-02	6.453733e+00
1.190000e-05	3.334421e-02	6.722243e+00
1.191000e-05	-8.068624e-02	6.944838e+00
1.192000e-05	5.208778e-02	7.125234e+00
1.193000e-05	-5.010798e-03	7.272260e+00
1.194000e-05	-2.552505e-02	7.481219e+00
1.195000e-05	4.627349e-03	7.713763e+00
1.196000e-05	-5.016566e-02	7.932971e+00
1.197000e-05	2.689605e-02	8.103768e+00
1.198000e-05	-7.217295e-03	8.313289e+00
1.199000e-05	-2.488082e-03	8.441083e+00
1.200000e-05	-2.753321e-02	8.639129e+00
1.201000e-05	-1.023709e-02	8.747417e+00
1.202000e-05	7.416146e-03	8.902207e+00
1.203000e-05	-2.065257e-02	9.091715e+00
1.204000e-05	-1.782354e-02	9.291706e+00
1.205000e-05	-2.595372e-02	9.390676e+00
1.206000e-05	4.682582e-03	9.605421e+00
1.207000e-05	3.925279e-03	9.783284e+00
1.208000e-05	-1.724051e-02	9.899632e+00
1.209000e-05	-2.390310e-02	1.000858e+01
1.210000e-05	-1.696645e-02	1.018544e+01
1.211000e-05	-3.387136e-03	1.028231e+01
1.212000e-05	-1.085241e-02	1.040848e+01
1.213000e-05	-2.579541e-02	1.054436e+01
1.214000e-05	-2.221794e-02	1.068016e+01
1.215000e-05	-7.827927e-03	1.083850e+01
1.216000e-05	-8.589544e-04	1.092226e+01
1.217000e-05	-1.886514e-02	1.101858e+01
1.218000e-05	-2.744442e-02	1.113379e+01
1.219000e-05	-2.074226e-02	1.121845e+01
1.220000e-05	-1.078008e-02	1.137234e+01
1.221000e-05	-1.172615e-02	1.148800e+01
1.222000e-05	-2.977629e-02	1.159690e+01
1.223000e-05	-2.484554e-02	1.170121e+01
1.224000e-05	-1.907548e-02	1.177586e+01
1.225000e-05	-6.264797e-03	1.183755e+01
1.226000e-05	-2.066632e-02	1.191123e+01
1.227000e-05	-2.782308e-02	1.195387e+01
1.228000e-05	-2.479101e-02	1.201748e+01
1.229000e-05	-2.020930e-02	1.211126e+01
1.230000e-05	-1.876739e-02	1.219432e+01
1.231000e-05	-3.439833e-02	1.224812e+01
1.232000e-05	-3.203956e-02	1.232020e+01
1.233000e-05	-2.615925e-02	1.234376e+01
1.234000e-05	-1.711745e-02	1.235639e+01
1.235000e-05	-2.401320e-02	1.243745e+01
1.236000e-05	-3.410261e-02	1.245908e+01
1.237000e-05	-3.290000e-02	1.248058e+01
1.238000e-05	-2.746120e-02	1.249066e+01
1.239000e-05	-2.697758e-02	1.251273e+01
1.240000e-05	-3.912324e-02	1.256223e+01
1.241000e-05	-4.024842e-02	1.255179e+01
1.242000e-05	-3.544482e-02	1.255276e+01
1.243000e-05	-2.933868e-02	1.257339e+01
1.244000e-05	-3.415056e-02	1.254234e+01
1.245000e-05	-4.379210e-02	1.254321e+01
1.246000e-05	-4.290775e-02	1.249116e+01
1.247000e-05	-3.933782e-02	1.253118e+01
1.248000e-05	-3.646737e-02	1.249858e+01
1.249000e-05	-4.714555e-02	1.248860e+01
1.250000e-05	-5.037706e-02	1.243853e+01
1.251000e-05	-4.952810e-02	1.240545e+01
1.252000e-05	-4.200124e-02	1.237230e+01
1.253000e-05	-4.591757e-02	1.232913e+01
1.254000e-05	-4.793467e-02	1.227602e+01
1.255000e-05	-4.925374e-02	1.223186e+01
1.256000e-05	-4.038616e-02	1.213876e+01
1.257000e-05	-3.865211e-02	1.204913e+01
1.258000e-05	-4.354839e-02	1.200494e+01
1.259000e-05	-4.775241e-02	1.199019e+01
1.260000e-05	-4.569918e-02	1.186905e+01
1.261000e-05	-3.689052e-02	1.180384e+01
1.262000e-05	-3.629742e-02	1.174016e+01
1.263000e-05	-3.546084e-02	1.159447e+01
1.264000e-05	-3.352193e-02	1.153863e+01
1.265000e-05	-2.730304e-02	1.142332e+01
1.266000e-05	-2.494331e-02	1.129808e+01
1.267000e-05	-3.070071e-02	1.115379e+01
1.268000e-05	-3.136194e-02	1.106913e+01
1.269000e-05	-3.152070e-02	1.096384e+01
1.270000e-05	-2.224983e-02	1.089908e+01
1.271000e-05	-2.069083e-02	1.073121e+01
1.272000e-05	-2.097936e-02	1.063539e+01
1.273000e-05	-2.310621e-02	1.047760e+01
1.274000e-05	-1.918583e-02	1.033179e+01
1.275000e-05	-1.639672e-02	1.022541e+01
1.276000e-05	-1.963908e-02	1.008005e+01
1.277000e-05	-2.148235e-02	9.951633e+00
1.278000e-05	-2.117522e-02	9.793392e+00
1.279000e-05	-1.424282e-02	9.606492e+00
1.280000e-05	-1.415410e-02	9.469130e+00
1.281000e-05	-1.350657e-02	9.321237e+00
1.282000e-05	-1.844123e-02	9.176893e+00
1.283000e-05	-1.463878e-02	9.086493e+00
1.284000e-05	-1.305109e-02	8.816971e+00
1.285000e-05	-1.246900e-02	8.649552e+00
1.286000e-05	-1.417369e-02	8.501133e+00
1.287000e-05	-1.555730e-02	8.382841e+00
1.288000e-05	-1.065442e-02	8.194812e+00
1.289000e-05	-9.203798e-03	8.023818e+00
1.290000e-05	-9.507507e-03	7.807392e+00
1.291000e-05	-1.479525e-02	7.607023e+00
1.292000e-05	-1.281128e-02	7.434890e+00
1.293000e-05	-1.085829e-02	7.193894e+00
1.294000e-05	-7.775364e-03	7.036969e+00
1.295000e-05	-1.161214e-02	6.847521e+00
1.296000e-05	-1.244859e-02	6.635996e+00
1.297000e-05	-8.957219e-03	6.406872e+00
1.298000e-05	-6.182045e-03	6.206994e+00
1.299000e-05	-7.560893e-03	6.018501e+00
1.300000e-05	-1.163325e-02	5.834395e+00
1.301000e-05	-1.118233e-02	5.627846e+00
1.302000e-05	-8.105540e-03	5.376944e+00
1.303000e-05	-6.115986e-03	5.201762e+00
1.304000e-05	-8.229107e-03	4.910555e+00
1.305000e-05	-1.030615e-02	4.688003e+00
1.306000e-05	-7.815337e-03	4.481128e+00
1.307000e-05	-5.585613e-03	4.339522e+00
1.308000e-05	-4.926856e-03	4.016967e+00
1.309000e-05	-7.992566e-03	3.807344e+00
1.310000e-05	-8.414351e-03	3.606923e+00
1.311000e-05	-6.995480e-03	3.363287e+00
1.312000e-05	-5.823039e-03	3.144261e+00
1.313000e-05	-8.018882e-03	2.911210e+00
1.314000e-05	-6.532588e-03	2.740732e+00
1.315000e-05	-8.632486e-03	2.459530e+00
1.316000e-05	-4.148951e-03	2.227973e+00
1.317000e-05	-5.014714e-03	2.008474e+00
1.318000e-05	-3.228680e-03	1.816870e+00
1.319000e-05	-8.125489e-03	1.523210e+00
1.320000e-05	-4.703812e-03	1.284081e+00
1.321000e-05	-4.209129e-03	1.058951e+00
1.322000e-05	-5.924763e-03	7.363697e-01
1.323000e-05	-7.342080e-03	5.662661e-01
1.324000e-05	-8.407165e-03	3.757634e-01
1.325000e-05	-3.773994e-03	8.205303e-02
1.326000e-05	-3.484510e-04	-1.409234e-01
1.327000e-05	9.784913e-03	-3.494221e-01
1.328000e-05	-4.402895e-03	-5.309458e-01
1.329000e-05	4.127674e-03	-8.025500e-01
1.330000e-05	-5.277005e-03	-1.002050e+00
1.331000e-05	1.903945e-03	-1.193153e+00
1.332000e-05	-7.949850e-03	-1.476265e+00
1.333000e-05	1.027737e-02	-1.644758e+00
1.334000e-05	9.171060e-02	-1.834236e+00
1.335000e-05	7.072642e-03	-2.160473e+00
1.336000e-05	-4.814681e-02	-2.559843e+00
1.337000e-05	-2.416141e-02	-2.769951e+00
1.338000e-05	-7.233890e-02	-2.907816e+00
1.339000e-05	-4.634766e-02	-3.137338e+00
1.340000e-05	1.990953e-01	-3.192154e+00
1.341000e-05	-1.979018e-01	-3.477287e+00
1.342000e-05	1.169256e-01	-3.692180e+00
1.343000e-05	6.542021e-02	-3.876264e+00
1.344000e-05	-1.410203e-01	-4.179475e+00
1.345000e-05	1.936075e-01	-4.338919e+00
1.346000e-05	-1.145174e-01	-4.559524e+00
1.347000e-05	-9.155644e-02	-4.882600e+00
1.348000e-05	1.339072e-01	-4.969023e+00
1.349000e-05	-1.195728e-01	-5.245390e+00
1.350000e-05	1.684989e-01	-5.587316e+00
1.351000e-05	-9.365442e-02	-5.714863e+00
1.352000e-05	-3.329547e-02	-5.958421e+00
1.353000e-05	1.141616e-01	-6.114308e+00
1.354000e-05	-1.101237e-01	-6.409997e+00
1.355000e-05	1.218109e-01	-6.557917e+00
1.356000e-05	-1.423759e-01	-6.747993e+00
1.357000e-05	8.382897e-02	-7.036049e+00
1.358000e-05	4.743114e-02	-7.178996e+00
1.359000e-05	-6.974442e-02	-7.408473e+00
1.360000e-05	1.008574e-01	-7.555492e+00
1.361000e-05	-1.464946e-01	-7.829497e+00
1.362000e-05	1.175231e-01	-8.020004e+00
1.363000e-05	-2.030850e-02	-8.159520e+00
1.364000e-05	1.738546e-02	-8.357893e+00
1.365000e-05	1.244011e-02	-8.472286e+00
1.366000e-05	-6.083678e-02	-8.726813e+00
1.367000e-05	1.084095e-01	-8.862210e+00
1.368000e-05	-6.701487e-02	-9.030652e+00
1.369000e-05	5.661971e-02	-9.155969e+00
1.370000e-05	-6.430177e-02	-9.333834e+00
1.371000e-05	4.670937e-02	-9.556313e+00
1.372000e-05	2.968289e-02	-9.661655e+00
1.373000e-05	-8.666587e-03	-9.808521e+00
1.374000e-05	1.859332e-02	-9.925810e+00
1.375000e-05	-3.533384e-02	-1.009278e+01
1.376000e-05	6.039394e-02	-1.028015e+01
1.377000e-05	-1.387842e-02	-1.038955e+01
1.378000e-05	2.286963e-02	-1.053534e+01
1.379000e-05	-2.392966e-02	-1.061107e+01
1.380000e-05	2.651388e-02	-1.076639e+01
1.381000e-05	3.001950e-02	-1.084063e+01
1.382000e-05	8.815985e-03	-1.102544e+01
1.383000e-05	1.972417e-03	-1.103528e+01
1.384000e-05	-9.046470e-03	-1.123597e+01
1.385000e-05	3.342690e-02	-1.133479e+01
1.386000e-05	1.391268e-02	-1.142953e+01
1.387000e-05	1.432369e-02	-1.153288e+01
1.388000e-05	-7.496743e-03	-1.168865e+01
1.389000e-05	2.014698e-02	-1.176431e+01
1.390000e-05	2.846148e-02	-1.184957e+01
1.391000e-05	1.916757e-02	-1.190481e+01
1.392000e-05	3.341791e-03	-1.201955e+01
1.393000e-05	5.835138e-03	-1.212073e+01
1.394000e-05	2.569826e-02	-1.215438e+01
1.395000e-05	2.887648e-02	-1.222755e+01
1.396000e-05	1.278685e-02	-1.225910e+01
1.397000e-05	6.260278e-03	-1.231183e+01
1.398000e-05	1.641546e-02	-1.237481e+01
1.399000e-05	3.215550e-02	-1.236744e+01
1.400000e-05	2.534848e-02	-1.244908e+01
1.401000e-05	1.273075e-02	-1.246960e+01
1.402000e-05	1.354734e-02	-1.254168e+01
1.403000e-05	2.778789e-02	-1.257181e+01
1.404000e-05	3.485259e-02	-1.260234e+01
1.405000e-05	2.149306e-02	-1.263299e+01
1.406000e-05	1.655262e-02	-1.260599e+01
1.407000e-05	2.125576e-02	-1.265442e+01
1.408000e-05	3.883304e-02	-1.264610e+01
1.409000e-05	3.534942e-02	-1.263402e+01
1.410000e-05	2.459054e-02	-1.261449e+01
1.411000e-05	2.389156e-02	-1.260397e+01
1.412000e-05	3.563281e-02	-1.259389e+01
1.413000e-05	4.347664e-02	-1.261194e+01
1.414000e-05	3.281122e-02	-1.256176e+01
1.415000e-05	2.761024e-02	-1.252126e+01
1.416000e-05	3.389191e-02	-1.247868e+01
1.417000e-05	4.723522e-02	-1.244900e+01
1.418000e-05	4.555820e-02	-1.238552e+01
1.419000e-05	3.422002e-02	-1.239586e+01
1.420000e-05	3.052771e-02	-1.233168e+01
1.421000e-05	3.977348e-02	-1.227866e+01
1.422000e-05	4.578376e-02	-1.221597e+01
1.423000e-05	3.800270e-02	-1.219486e+01
1.424000e-05	2.991311e-02	-1.207021e+01
1.425000e-05	2.989037e-02	-1.202887e+01
1.426000e-05	3.759186e-02	-1.196331e+01
1.427000e-05	3.680223e-02	-1.188760e+01
1.428000e-05	2.728891e-02	-1.185186e+01
1.429000e-05	2.007558e-02	-1.165760e+01
1.430000e-05	2.508946e-02	-1.160386e+01
1.431000e-05	2.896632e-02	-1.140905e+01
1.432000e-05	2.393052e-02	-1.138176e+01
1.433000e-05	1.590041e-02	-1.123354e+01
1.434000e-05	1.369350e-02	-1.109000e+01
1.435000e-05	2.034537e-02	-1.097581e+01
1.436000e-05	2.130392e-02	-1.090015e+01
1.437000e-05	1.450718e-02	-1.076539e+01
1.438000e-05	9.910735e-03	-1.067960e+01
1.439000e-05	1.126221e-02	-1.057281e+01
1.440000e-05	1.693225e-02	-1.045707e+01
1.441000e-05	1.438027e-02	-1.029608e+01
1.442000e-05	7.549311e-03	-1.015171e+01
1.443000e-05	3.697185e-03	-9.965892e+00
1.444000e-05	7.599508e-03	-9.848626e+00
1.445000e-05	1.153853e-02	-9.761235e+00
1.446000e-05	7.964024e-03	-9.574886e+00
1.447000e-05	3.425872e-03	-9.423840e+00
1.448000e-05	3.063400e-03	-9.278600e+00
1.449000e-05	8.973288e-03	-9.119653e+00
1.450000e-05	7.917528e-03	-8.952160e+00
1.451000e-05	4.116275e-03	-8.784786e+00
1.452000e-05	-1.195172e-04	-8.645238e+00
1.453000e-05	1.995021e-03	-8.377394e+00
1.454000e-05	5.712608e-03	-8.248071e+00
1.455000e-05	3.824642e-03	-8.071154e+00
1.456000e-05	-1.213365e-04	-7.929055e+00
1.457000e-05	-5.353451e-04	-7.659526e+00
1.458000e-05	3.578016e-03	-7.448079e+00
1.459000e-05	4.283900e-03	-7.279553e+00
1.460000e-05	9.999738e-04	-7.111556e+00
1.461000e-05	-3.285965e-03	-6.899571e+00
1.462000e-05	-1.257295e-03	-6.720178e+00
1.463000e-05	1.729295e-04	-6.492155e+00
1.464000e-05	1.195425e-03	-6.340109e+00
1.465000e-05	-2.583888e-03	-6.090602e+00
1.466000e-05	-1.890168e-03	-5.869979e+00
1.467000e-05	-1.496528e-03	-5.671674e+00
1.468000e-05	2.574387e-03	-5.508599e+00
1.469000e-05	-3.031709e-03	-5.186444e+00
1.470000e-05	-2.732819e-03	-4.963788e+00
1.471000e-05	-4.597806e-03	-4.680631e+00
1.472000e-05	-1.292806e-03	-4.513207e+00
1.473000e-05	-2.366728e-03	-4.323307e+00
1.474000e-05	-3.482719e-03	-4.083631e+00
1.475000e-05	-5.026614e-03	-3.962579e+00
1.476000e-05	-2.430567e-03	-3.619554e+00
1.477000e-05	-3.099152e-03	-3.469523e+00
1.478000e-05	-3.814501e-03	-3.228525e+00
1.479000e-05	-6.335234e-03	-3.016291e+00
1.480000e-05	-4.713444e-03	-2.766341e+00
1.481000e-05	-3.009261e-03	-2.556161e+00
1.482000e-05	-2.168927e-03	-2.364186e+00
1.483000e-05	-5.067607e-03	-2.050628e+00
1.484000e-05	-6.338196e-03	-1.849500e+00
1.485000e-05	-6.145389e-03	-1.630053e+00
1.486000e-05	-3.679243e-03	-1.354235e+00
1.487000e-05	-4.665558e-03	-1.123234e+00
1.488000e-05	-7.225931e-03	-8.511317e-01
1.489000e-05	-5.895853e-03	-6.815255e-01
1.490000e-05	-4.873467e-03	-4.089477e-01
1.491000e-05	-2.327456e-03	-2.064475e-01
1.492000e-05	-2.177315e-03	2.107624e-02
1.493000e-05	3.743143e-03	2.962393e-01
1.494000e-05	-6.847137e-03	4.847680e-01
1.495000e-05	3.161428e-03	6.547404e-01
1.496000e-05	-6.601057e-03	8.727340e-01
1.497000e-05	-4.707883e-04	1.117922e+00
1.498000e-05	-6.231136e-03	1.350497e+00
1.499000e-05	3.940724e-03	1.643535e+00
1.500000e-05	3.385504e-02	1.831680e+00
1.501000e-05	8.121069e-02	2.054313e+00
1.502000e-05	-5.733227e-02	2.328373e+00
1.503000e-05	-3.391347e-02	2.603606e+00
1.504000e-05	-4.459272e-02	2.831583e+00
1.505000e-05	-4.526457e-02	3.001576e+00
1.506000e-05	-7.027088e-02	3.147971e+00
1.507000e-05	1.711703e-01	3.349047e+00
1.508000e-05	-1.511095e-01	3.640604e+00
1.509000e-05	3.568585e-02	3.780024e+00
1.510000e-05	1.176227e-01	4.022080e+00
1.511000e-05	-1.012914e-01	4.285683e+00
1.512000e-05	7.250533e-02	4.443181e+00
1.513000e-05	-4.629414e-02	4.714865e+00
1.514000e-05	-7.306583e-02	4.926313e+00
1.515000e-05	6.076164e-02	5.199527e+00
1.516000e-05	-3.480041e-02	5.452131e+00
1.517000e-05	3.174048e-02	5.623107e+00
1.518000e-05	-2.429174e-02	5.883686e+00
1.519000e-05	-3.631380e-02	6.072708e+00
1.520000e-05	4.006402e-02	6.292168e+00
1.521000e-05	-4.050977e-02	6.462681e+00
1.522000e-05	3.573494e-02	6.703712e+00
1.523000e-05	-7.899602e-02	6.933787e+00
1.524000e-05	4.504154e-02	7.093343e+00
1.525000e-05	1.369494e-03	7.253255e+00
1.526000e-05	-3.070759e-02	7.490256e+00
1.527000e-05	8.214575e-03	7.714813e+00
1.528000e-05	-4.971561e-02	7.952359e+00
1.529000e-05	2.241020e-02	8.103736e+00
1.530000e-05	-3.013189e-03	8.313234e+00
1.531000e-05	-4.330004e-03	8.411105e+00
1.532000e-05	-2.384849e-02	8.626979e+00
1.533000e-05	-1.523119e-02	8.745897e+00
1.534000e-05	8.069811e-03	8.873358e+00
1.535000e-05	-1.819879e-02	9.112186e+00
1.536000e-05	-1.719471e-02	9.271704e+00
1.537000e-05	-2.513494e-02	9.409527e+00
1.538000e-05	-1.201159e-03	9.575348e+00
1.539000e-05	6.476522e-03	9.701788e+00
1.540000e-05	-1.666686e-02	9.899126e+00
1.541000e-05	-2.070945e-02	9.990924e+00
1.542000e-05	-2.154224e-02	1.015437e+01
1.543000e-05	-3.561869e-03	1.030321e+01
1.544000e-05	-1.024278e-02	1.043744e+01
1.545000e-05	-2.472185e-02	1.054329e+01
1.546000e-05	-2.274674e-02	1.067008e+01
1.547000e-05	-1.029630e-02	1.079845e+01
1.548000e-05	7.589751e-04	1.093228e+01
1.549000e-05	-1.846283e-02	1.103855e+01
1.550000e-05	-2.717913e-02	1.113284e+01
1.551000e-05	-2.181735e-02	1.123008e+01
1.552000e-05	-1.033073e-02	1.137334e+01
1.553000e-05	-1.170590e-02	1.148759e+01
1.554000e-05	-2.780646e-02	1.157637e+01
1.555000e-05	-2.703864e-02	1.167076e+01
1.556000e-05	-1.907878e-02	1.177634e+01
1.557000e-05	-7.248980e-03	1.183753e+01
1.558000e-05	-2.159009e-02	1.190171e+01
1.559000e-05	-2.874973e-02	1.199539e+01
1.560000e-05	-2.554675e-02	1.203753e+01
1.561000e-05	-1.659980e-02	1.213074e+01
1.562000e-05	-1.700187e-02	1.221283e+01
1.563000e-05	-3.195623e-02	1.222554e+01
1.564000e-05	-3.228923e-02	1.229860e+01
1.565000e-05	-2.705824e-02	1.235027e+01
1.566000e-05	-1.874162e-02	1.233589e+01
1.567000e-05	-2.636240e-02	1.241445e+01
1.568000e-05	-3.449897e-02	1.243853e+01
1.569000e-05	-3.228033e-02	1.246011e+01
1.570000e-05	-2.407894e-02	1.251076e+01
1.571000e-05	-2.567136e-02	1.253073e+01
1.572000e-05	-3.713809e-02	1.253374e+01
1.573000e-05	-4.157996e-02	1.255129e+01
1.574000e-05	-3.809125e-02	1.255379e+01
1.575000e-05	-2.951884e-02	1.256184e+01
1.576000e-05	-3.571997e-02	1.257239e+01
1.577000e-05	-4.213343e-02	1.254329e+01
1.578000e-05	-4.333623e-02	1.255084e+01
1.579000e-05	-3.770634e-02	1.249124e+01
1.580000e-05	-3.714091e-02	1.251061e+01
1.581000e-05	-4.637238e-02	1.248008e+01
1.582000e-05	-5.048972e-02	1.240700e+01
1.583000e-05	-4.785586e-02	1.238687e+01
1.584000e-05	-4.106338e-02	1.236127e+01
1.585000e-05	-4.484652e-02	1.230018e+01
1.586000e-05	-4.953977e-02	1.224705e+01
1.587000e-05	-5.152981e-02	1.221389e+01
1.588000e-05	-4.335918e-02	1.214179e+01
1.589000e-05	-3.984417e-02	1.208057e+01
1.590000e-05	-4.402581e-02	1.198544e+01
1.591000e-05	-4.545294e-02	1.193374e+01
1.592000e-05	-4.308887e-02	1.188803e+01
1.593000e-05	-3.589446e-02	1.180392e+01
1.594000e-05	-3.500945e-02	1.171968e+01
1.595000e-05	-3.785415e-02	1.159597e+01
1.596000e-05	-3.713502e-02	1.151755e+01
1.597000e-05	-3.090179e-02	1.139384e+01
1.598000e-05	-2.449913e-02	1.129853e+01
1.599000e-05	-2.843374e-02	1.117579e+01
1.600000e-05	-2.914141e-02	1.109760e+01
1.601000e-05	-3.050572e-02	1.100537e+01
1.602000e-05	-1.975369e-02	1.085963e+01
1.603000e-05	-2.198316e-02	1.076288e+01
1.604000e-05	-2.254805e-02	1.062395e+01
1.605000e-05	-2.620592e-02	1.049920e+01
1.606000e-05	-2.060298e-02	1.034176e+01
1.607000e-05	-1.635329e-02	1.022497e+01
1.608000e-05	-1.714765e-02	1.010858e+01
1.609000e-05	-2.031390e-02	9.942841e+00
1.610000e-05	-1.943891e-02	9.821390e+00
1.611000e-05	-1.424521e-02	9.586048e+00
1.612000e-05	-1.384850e-02	9.489055e+00
1.613000e-05	-1.609556e-02	9.353184e+00
1.614000e-05	-1.898227e-02	9.206367e+00
1.615000e-05	-1.438325e-02	9.045921e+00
1.616000e-05	-1.208275e-02	8.847449e+00
1.617000e-05	-1.231393e-02	8.679552e+00
1.618000e-05	-1.565074e-02	8.522713e+00
1.619000e-05	-1.336380e-02	8.374369e+00
1.620000e-05	-9.826458e-03	8.242287e+00
1.621000e-05	-1.023740e-02	8.045388e+00
1.622000e-05	-1.239927e-02	7.815920e+00
1.623000e-05	-1.409977e-02	7.616949e+00
1.624000e-05	-1.136487e-02	7.423471e+00
1.625000e-05	-1.027827e-02	7.216371e+00
1.626000e-05	-9.788810e-03	7.035925e+00
1.627000e-05	-1.108263e-02	6.828426e+00
1.628000e-05	-9.767935e-03	6.627924e+00
1.629000e-05	-7.341262e-03	6.456417e+00
1.630000e-05	-9.316322e-03	6.228949e+00
1.631000e-05	-9.589122e-03	6.069125e+00
1.632000e-05	-9.447184e-03	5.846446e+00
1.633000e-05	-8.750371e-03	5.638924e+00
1.634000e-05	-7.898855e-03	5.446920e+00
1.635000e-05	-8.379955e-03	5.144390e+00
1.636000e-05	-9.687433e-03	4.881628e+00
1.637000e-05	-8.145028e-03	4.691101e+00
1.638000e-05	-7.054198e-03	4.491602e+00
1.639000e-05	-6.361930e-03	4.307979e+00
1.640000e-05	-7.283554e-03	4.007996e+00
1.641000e-05	-7.425325e-03	3.807398e+00
1.642000e-05	-6.814275e-03	3.598425e+00
1.643000e-05	-6.515991e-03	3.393338e+00
1.644000e-05	-7.031728e-03	3.145213e+00
1.645000e-05	-8.102234e-03	2.944291e+00
1.646000e-05	-7.273116e-03	2.732660e+00
1.647000e-05	-6.447134e-03	2.469027e+00
1.648000e-05	-5.708643e-03	2.207524e+00
1.649000e-05	-6.483383e-03	2.019003e+00
1.650000e-05	-6.077698e-03	1.807898e+00
1.651000e-05	-6.626606e-03	1.494764e+00
1.652000e-05	-4.919928e-03	1.344659e+00
1.653000e-05	-5.447035e-03	1.060027e+00
1.654000e-05	-5.633966e-03	7.474212e-01
1.655000e-05	-6.044756e-03	5.958698e-01
1.656000e-05	-5.402171e-03	3.467936e-01
1.657000e-05	-3.602115e-03	8.116321e-02
1.658000e-05	-2.251712e-03	-1.393922e-01
1.659000e-05	7.120700e-03	-3.294171e-01
1.660000e-05	-4.669034e-03	-5.194659e-01
1.661000e-05	3.875087e-03	-7.920523e-01
1.662000e-05	-5.723469e-03	-1.010075e+00
1.663000e-05	1.966958e-03	-1.221029e+00
1.664000e-05	-6.227484e-03	-1.436163e+00
1.665000e-05	9.313532e-03	-1.644631e+00
1.666000e-05	8.637419e-02	-1.873683e+00
1.667000e-05	1.875461e-02	-2.089971e+00
1.668000e-05	-5.859043e-02	-2.515269e+00
1.669000e-05	-1.972463e-02	-2.777922e+00
1.670000e-05	-7.270968e-02	-2.934817e+00
1.671000e-05	-5.685763e-02	-3.145318e+00
1.672000e-05	2.031928e-01	-3.170626e+00
1.673000e-05	-1.830887e-01	-3.496786e+00
1.674000e-05	8.414016e-02	-3.692304e+00
1.675000e-05	9.790253e-02	-3.862210e+00
1.676000e-05	-1.615482e-01	-4.178872e+00
1.677000e-05	1.904299e-01	-4.387445e+00
1.678000e-05	-9.462759e-02	-4.558462e+00
1.679000e-05	-1.131551e-01	-4.861555e+00
1.680000e-05	1.433964e-01	-4.997041e+00
1.681000e-05	-1.187259e-01	-5.274260e+00
1.682000e-05	1.585601e-01	-5.578393e+00
1.683000e-05	-6.990623e-02	-5.694285e+00
1.684000e-05	-5.542181e-02	-5.959393e+00
1.685000e-05	1.271770e-01	-6.074305e+00
1.686000e-05	-1.159929e-01	-6.359947e+00
1.687000e-05	1.183708e-01	-6.566939e+00
1.688000e-05	-1.276800e-01	-6.726917e+00
1.689000e-05	6.175124e-02	-7.007466e+00
1.690000e-05	6.914462e-02	-7.157923e+00
1.691000e-05	-8.634229e-02	-7.360024e+00
1.692000e-05	1.096902e-01	-7.544341e+00
1.693000e-05	-1.446678e-01	-7.768542e+00
1.694000e-05	1.057986e-01	-7.999975e+00
1.695000e-05	-5.284277e-03	-8.136969e+00
1.696000e-05	7.529004e-04	-8.344320e+00
1.697000e-05	2.613286e-02	-8.480732e+00
1.698000e-05	-7.380926e-02	-8.695183e+00
1.699000e-05	1.127716e-01	-8.873183e+00
1.700000e-05	-6.473291e-02	-9.019552e+00
1.701000e-05	5.232232e-02	-9.167492e+00
1.702000e-05	-5.625953e-02	-9.343309e+00
1.703000e-05	3.567662e-02	-9.505814e+00
1.704000e-05	4.123124e-02	-9.651555e+00
1.705000e-05	-1.576115e-02	-9.800001e+00
1.706000e-05	2.452916e-02	-9.944810e+00
1.707000e-05	-4.101294e-02	-1.008223e+01
1.708000e-05	5.874377e-02	-1.029015e+01
1.709000e-05	-1.234420e-02	-1.037900e+01
1.710000e-05	2.038582e-02	-1.052483e+01
1.711000e-05	-1.833412e-02	-1.061950e+01
1.712000e-05	2.070235e-02	-1.079647e+01
1.713000e-05	3.636244e-02	-1.082020e+01
1.714000e-05	5.206897e-03	-1.102445e+01
1.715000e-05	5.653578e-03	-1.106270e+01
1.716000e-05	-1.355057e-02	-1.120912e+01
1.717000e-05	3.276831e-02	-1.132233e+01
1.718000e-05	1.268532e-02	-1.141755e+01
1.719000e-05	1.588904e-02	-1.151376e+01
1.720000e-05	-6.302589e-03	-1.164810e+01
1.721000e-05	2.086746e-02	-1.176287e+01
1.722000e-05	2.898793e-02	-1.183650e+01
1.723000e-05	1.899420e-02	-1.193680e+01
1.724000e-05	2.155637e-03	-1.197805e+01
1.725000e-05	2.810018e-03	-1.210223e+01
1.726000e-05	2.404427e-02	-1.218383e+01
1.727000e-05	2.688222e-02	-1.222742e+01
1.728000e-05	1.389206e-02	-1.229063e+01
1.729000e-05	6.726066e-03	-1.229328e+01
1.730000e-05	1.794050e-02	-1.235434e+01
1.731000e-05	3.211541e-02	-1.239747e+01
1.732000e-05	2.528811e-02	-1.246958e+01
1.733000e-05	1.365145e-02	-1.248018e+01
1.734000e-05	1.250626e-02	-1.252118e+01
1.735000e-05	2.665444e-02	-1.257129e+01
1.736000e-05	3.385110e-02	-1.258539e+01
1.737000e-05	2.178859e-02	-1.262202e+01
1.738000e-05	1.714873e-02	-1.263449e+01
1.739000e-05	2.190937e-02	-1.266642e+01
1.740000e-05	3.769535e-02	-1.266549e+01
1.741000e-05	3.519358e-02	-1.264499e+01
1.742000e-05	2.597926e-02	-1.262505e+01
1.743000e-05	2.390181e-02	-1.264502e+01
1.744000e-05	3.427541e-02	-1.260249e+01
1.745000e-05	4.207736e-02	-1.257586e+01
1.746000e-05	3.353760e-02	-1.258236e+01
1.747000e-05	2.925970e-02	-1.255078e+01
1.748000e-05	3.333650e-02	-1.250018e+01
1.749000e-05	4.554154e-02	-1.245855e+01
1.750000e-05	4.512040e-02	-1.240849e+01
1.751000e-05	3.582157e-02	-1.238392e+01
1.752000e-05	3.233231e-02	-1.232323e+01
1.753000e-05	3.880463e-02	-1.228002e+01
1.754000e-05	4.384550e-02	-1.223549e+01
1.755000e-05	3.776333e-02	-1.217484e+01
1.756000e-05	2.943037e-02	-1.211818e+01
1.757000e-05	2.986997e-02	-1.201850e+01
1.758000e-05	3.765243e-02	-1.197376e+01
1.759000e-05	3.721893e-02	-1.184804e+01
1.760000e-05	2.597836e-02	-1.182336e+01
1.761000e-05	2.049389e-02	-1.170812e+01
1.762000e-05	2.649913e-02	-1.155531e+01
1.763000e-05	3.078710e-02	-1.145717e+01
1.764000e-05	2.388011e-02	-1.136083e+01
1.765000e-05	1.439966e-02	-1.126494e+01
1.766000e-05	1.406303e-02	-1.109058e+01
1.767000e-05	2.172179e-02	-1.098576e+01
1.768000e-05	2.027903e-02	-1.089008e+01
1.769000e-05	1.388822e-02	-1.081542e+01
1.770000e-05	8.330130e-03	-1.066915e+01
1.771000e-05	1.291459e-02	-1.061474e+01
1.772000e-05	1.738701e-02	-1.043858e+01
1.773000e-05	1.324198e-02	-1.031910e+01
1.774000e-05	5.688250e-03	-1.012178e+01
1.775000e-05	5.332771e-03	-9.996437e+00
1.776000e-05	1.080711e-02	-9.867021e+00
1.777000e-05	1.062970e-02	-9.722734e+00
1.778000e-05	6.473972e-03	-9.604892e+00
1.779000e-05	1.653247e-03	-9.394967e+00
1.780000e-05	5.761891e-03	-9.230571e+00
1.781000e-05	9.767815e-03	-9.100676e+00
1.782000e-05	7.756144e-03	-8.952810e+00
1.783000e-05	2.592844e-03	-8.765862e+00
1.784000e-05	7.879711e-04	-8.605841e+00
1.785000e-05	4.548563e-03	-8.387943e+00
1.786000e-05	4.484120e-03	-8.249100e+00
1.787000e-05	1.792880e-03	-8.079654e+00
1.788000e-05	-1.824461e-03	-7.892651e+00
1.789000e-05	1.089279e-03	-7.689126e+00
1.790000e-05	4.771070e-03	-7.510572e+00
1.791000e-05	3.836005e-03	-7.281632e+00
1.792000e-05	-7.899810e-05	-7.129679e+00
1.793000e-05	-2.653720e-03	-6.850604e+00
1.794000e-05	1.993293e-04	-6.700632e+00
1.795000e-05	1.871276e-03	-6.471180e+00
1.796000e-05	3.417705e-07	-6.319205e+00
1.797000e-05	-4.225533e-03	-6.080577e+00
1.798000e-05	-2.285469e-03	-5.888526e+00
1.799000e-05	-3.061961e-04	-5.669603e+00
1.800000e-05	2.001223e-03	-5.459570e+00
1.801000e-05	-3.236816e-03	-5.196496e+00
1.802000e-05	-3.444080e-03	-4.982361e+00
1.803000e-05	-3.145647e-03	-4.723285e+00
1.804000e-05	-1.330162e-04	-4.481184e+00
1.805000e-05	-3.038031e-03	-4.333236e+00
1.806000e-05	-4.204843e-03	-4.143261e+00
1.807000e-05	-5.380405e-03	-3.921680e+00
1.808000e-05	-1.513537e-03	-3.671053e+00
1.809000e-05	-3.001497e-03	-3.470023e+00
1.810000e-05	-3.441362e-03	-3.239525e+00
1.811000e-05	-7.439076e-03	-3.046917e+00
1.812000e-05	-2.480050e-03	-2.776868e+00
1.813000e-05	-2.708460e-03	-2.576836e+00
1.814000e-05	-2.165283e-03	-2.374766e+00
1.815000e-05	-7.053842e-03	-2.091605e+00
1.816000e-05	-5.707306e-03	-1.851079e+00
1.817000e-05	-5.149993e-03	-1.661053e+00
1.818000e-05	-4.822161e-03	-1.447395e+00
1.819000e-05	-7.122286e-03	-1.103159e+00
1.820000e-05	-7.261244e-03	-8.841593e-01
1.821000e-05	-4.955374e-03	-7.130081e-01
1.822000e-05	-4.377228e-03	-3.785001e-01
1.823000e-05	-2.066070e-03	-2.064724e-01
1.824000e-05	-1.653645e-03	2.603807e-03
1.825000e-05	2.940044e-03	2.742879e-01
1.826000e-05	-6.436019e-03	4.846880e-01
1.827000e-05	1.643797e-03	6.952142e-01
1.828000e-05	-3.836246e-03	8.747090e-01
1.829000e-05	-1.652495e-03	1.149421e+00
1.830000e-05	-4.611284e-03	1.359474e+00
1.831000e-05	3.364211e-03	1.591558e+00
1.832000e-05	3.009858e-02	1.802184e+00
1.833000e-05	8.152409e-02	2.024685e+00
1.834000e-05	-5.124183e-02	2.326493e+00
1.835000e-05	-3.855063e-02	2.621001e+00
1.836000e-05	-4.161482e-02	2.831131e+00
1.837000e-05	-4.173361e-02	3.010550e+00
1.838000e-05	-7.676121e-02	3.137368e+00
1.839000e-05	1.672915e-01	3.337943e+00
1.840000e-05	-1.305299e-01	3.601453e+00
1.841000e-05	4.422387e-03	3.759995e+00
1.842000e-05	1.383532e-01	4.011081e+00
1.843000e-05	-1.080207e-01	4.262763e+00
1.844000e-05	6.774562e-02	4.472134e+00
1.845000e-05	-3.144976e-02	4.694814e+00
1.846000e-05	-8.188099e-02	4.873819e+00
1.847000e-05	6.335509e-02	5.150550e+00
1.848000e-05	-3.342599e-02	5.471080e+00
1.849000e-05	2.734380e-02	5.600078e+00
1.850000e-05	-1.953001e-02	5.893211e+00
1.851000e-05	-4.508387e-02	6.073709e+00
1.852000e-05	4.250239e-02	6.273181e+00
1.853000e-05	-4.141079e-02	6.451129e+00
1.854000e-05	3.709329e-02	6.692785e+00
1.855000e-05	-7.441119e-02	6.882208e+00
1.856000e-05	3.721728e-02	7.073261e+00
1.857000e-05	8.856903e-03	7.222179e+00
1.858000e-05	-3.624025e-02	7.461202e+00
1.859000e-05	9.931508e-03	7.692738e+00
1.860000e-05	-5.091999e-02	7.902236e+00
1.861000e-05	1.852035e-02	8.144236e+00
1.862000e-05	2.166909e-03	8.302707e+00
1.863000e-05	-6.960591e-03	8.441153e+00
1.864000e-05	-2.010691e-02	8.568529e+00
1.865000e-05	-1.859057e-02	8.766866e+00
1.866000e-05	9.440139e-03	8.863234e+00
1.867000e-05	-1.926493e-02	9.072731e+00
1.868000e-05	-1.898248e-02	9.251728e+00
1.869000e-05	-2.447976e-02	9.430025e+00
1.870000e-05	-4.393785e-03	9.534843e+00
1.871000e-05	9.108292e-03	9.702809e+00
1.872000e-05	-2.018145e-02	9.849575e+00
1.873000e-05	-1.850203e-02	1.002955e+01
1.874000e-05	-2.140728e-02	1.014439e+01
1.875000e-05	-1.179250e-03	1.034221e+01
1.876000e-05	-9.910203e-03	1.037802e+01
1.877000e-05	-2.314240e-02	1.052339e+01
1.878000e-05	-2.267665e-02	1.067865e+01
1.879000e-05	-1.331665e-02	1.081850e+01
1.880000e-05	-1.421760e-03	1.092323e+01
1.881000e-05	-1.999172e-02	1.101643e+01
1.882000e-05	-2.704333e-02	1.112379e+01
1.883000e-05	-2.287478e-02	1.121752e+01
1.884000e-05	-8.805192e-03	1.138179e+01
1.885000e-05	-8.444345e-03	1.146712e+01
1.886000e-05	-2.411936e-02	1.157494e+01
1.887000e-05	-2.567802e-02	1.168118e+01
1.888000e-05	-2.236712e-02	1.171276e+01
1.889000e-05	-9.986331e-03	1.186861e+01
1.890000e-05	-2.241233e-02	1.191321e+01
1.891000e-05	-2.852587e-02	1.194487e+01
1.892000e-05	-2.674747e-02	1.200752e+01
1.893000e-05	-1.725761e-02	1.214071e+01
1.894000e-05	-1.469101e-02	1.217187e+01
1.895000e-05	-2.777654e-02	1.225355e+01
1.896000e-05	-3.194866e-02	1.231016e+01
1.897000e-05	-2.957524e-02	1.231134e+01
1.898000e-05	-2.149812e-02	1.236541e+01
1.899000e-05	-2.736949e-02	1.238842e+01
1.900000e-05	-3.300475e-02	1.247960e+01
1.901000e-05	-3.342027e-02	1.250058e+01
1.902000e-05	-2.570656e-02	1.251071e+01
1.903000e-05	-2.453709e-02	1.251116e+01
1.904000e-05	-3.442088e-02	1.249271e+01
1.905000e-05	-3.838704e-02	1.252236e+01
1.906000e-05	-3.843707e-02	1.255176e+01
1.907000e-05	-3.111363e-02	1.257426e+01
1.908000e-05	-3.629412e-02	1.255229e+01
1.909000e-05	-4.227823e-02	1.253179e+01
1.910000e-05	-4.544814e-02	1.256181e+01
1.911000e-05	-3.997912e-02	1.251178e+01
1.912000e-05	-3.714883e-02	1.248018e+01
1.913000e-05	-4.394028e-02	1.246005e+01
1.914000e-05	-4.769414e-02	1.240957e+01
1.915000e-05	-4.726250e-02	1.239647e+01
1.916000e-05	-4.104412e-02	1.235434e+01
1.917000e-05	-4.484412e-02	1.229875e+01
1.918000e-05	-4.986159e-02	1.228712e+01
1.919000e-05	-5.270364e-02	1.219287e+01
1.920000e-05	-4.468112e-02	1.220123e+01
1.921000e-05	-4.143876e-02	1.207858e+01
1.922000e-05	-4.241400e-02	1.201397e+01
1.923000e-05	-4.316139e-02	1.194224e+01
1.924000e-05	-4.147637e-02	1.189807e+01
1.925000e-05	-3.525292e-02	1.181441e+01
1.926000e-05	-3.693472e-02	1.173016e+01
1.927000e-05	-3.983078e-02	1.161694e+01
1.928000e-05	-3.869884e-02	1.155808e+01
1.929000e-05	-3.252728e-02	1.142284e+01
1.930000e-05	-2.568882e-02	1.130868e+01
1.931000e-05	-2.825258e-02	1.116331e+01
1.932000e-05	-2.728283e-02	1.103863e+01
1.933000e-05	-2.875710e-02	1.096432e+01
1.934000e-05	-2.036439e-02	1.087960e+01
1.935000e-05	-2.220144e-02	1.077181e+01
1.936000e-05	-2.353331e-02	1.066407e+01
1.937000e-05	-2.692011e-02	1.049923e+01
1.938000e-05	-2.137583e-02	1.036344e+01
1.939000e-05	-1.670937e-02	1.022794e+01
1.940000e-05	-1.701934e-02	1.011066e+01
1.941000e-05	-1.913483e-02	9.983816e+00
1.942000e-05	-1.866886e-02	9.802837e+00
1.943000e-05	-1.439532e-02	9.646474e+00
1.944000e-05	-1.439157e-02	9.509153e+00
1.945000e-05	-1.560720e-02	9.332259e+00
1.946000e-05	-1.919883e-02	9.256471e+00
1.947000e-05	-1.371022e-02	9.036000e+00
1.948000e-05	-1.291177e-02	8.849025e+00
1.949000e-05	-1.171408e-02	8.720134e+00
1.950000e-05	-1.426450e-02	8.522735e+00
1.951000e-05	-1.440925e-02	8.384300e+00
1.952000e-05	-1.048115e-02	8.204896e+00
1.953000e-05	-1.022096e-02	8.036967e+00
1.954000e-05	-1.099045e-02	7.827472e+00
1.955000e-05	-1.387853e-02	7.657597e+00
1.956000e-05	-1.185819e-02	7.465442e+00
1.957000e-05	-1.034936e-02	7.265975e+00
1.958000e-05	-9.837210e-03	7.027472e+00
1.959000e-05	-1.156035e-02	6.849074e+00
1.960000e-05	-1.167096e-02	6.627126e+00
1.961000e-05	-8.685500e-03	6.418021e+00
1.962000e-05	-7.612664e-03	6.238044e+00
1.963000e-05	-9.185156e-03	6.028556e+00
1.964000e-05	-1.036090e-02	5.868499e+00
1.965000e-05	-9.088928e-03	5.596949e+00
1.966000e-05	-6.590585e-03	5.457920e+00
1.967000e-05	-8.646008e-03	5.194216e+00
1.968000e-05	-1.094822e-02	4.960133e+00
1.969000e-05	-1.018994e-02	4.690132e+00
1.970000e-05	-6.365041e-03	4.510109e+00
1.971000e-05	-5.934741e-03	4.299683e+00
1.972000e-05	-7.658802e-03	4.067523e+00
1.973000e-05	-8.403711e-03	3.828000e+00
1.974000e-05	-6.088412e-03	3.608502e+00
1.975000e-05	-5.831490e-03	3.425894e+00
1.976000e-05	-7.304577e-03	3.143783e+00
1.977000e-05	-8.188052e-03	2.924761e+00
1.978000e-05	-7.554182e-03	2.746370e+00
1.979000e-05	-5.652965e-03	2.470554e+00
1.980000e-05	-5.109309e-03	2.239472e+00
1.981000e-05	-6.479721e-03	2.009453e+00
1.982000e-05	-6.237918e-03	1.797448e+00
1.983000e-05	-6.364806e-03	1.545368e+00
1.984000e-05	-4.775423e-03	1.323788e+00
1.985000e-05	-5.049285e-03	1.080980e+00
1.986000e-05	-5.544683e-03	8.073949e-01
1.987000e-05	-6.477081e-03	5.563948e-01
1.988000e-05	-5.457553e-03	4.063186e-01
1.989000e-05	-4.071902e-03	8.363454e-02
1.990000e-05	-4.177783e-03	-9.681703e-02
1.991000e-05	6.375881e-03	-3.573420e-01
1.992000e-05	-4.267900e-03	-4.997945e-01
1.993000e-05	4.607579e-03	-7.615000e-01
1.994000e-05	-4.506978e-03	-9.599185e-01
1.995000e-05	2.190006e-03	-1.211551e+00
1.996000e-05	-5.936708e-03	-1.425233e+00
1.997000e-05	8.799997e-03	-1.673208e+00
1.998000e-05	8.031008e-02	-1.833632e+00
1.999000e-05	3.144600e-02	-2.107439e+00
2.000000e-05	-6.669527e-02	-2.497388e+00
2.001000e-05	-1.386228e-02	-2.769447e+00
2.002000e-05	-7.161160e-02	-2.935837e+00
2.003000e-05	-6.656744e-02	-3.096288e+00
2.004000e-05	2.017867e-01	-3.192074e+00
2.005000e-05	-1.649331e-01	-3.465762e+00
2.006000e-05	4.870720e-02	-3.642706e+00
2.007000e-05	1.277768e-01	-3.821697e+00
2.008000e-05	-1.777065e-01	-4.148443e+00
2.009000e-05	1.863576e-01	-4.347921e+00
2.010000e-05	-7.121346e-02	-4.518798e+00
2.011000e-05	-1.328877e-01	-4.832054e+00
2.012000e-05	1.477007e-01	-4.926914e+00
2.013000e-05	-1.151392e-01	-5.242236e+00
2.014000e-05	1.456182e-01	-5.537365e+00
2.015000e-05	-4.604417e-02	-5.683787e+00
2.016000e-05	-7.833819e-02	-5.916319e+00
2.017000e-05	1.383160e-01	-6.113157e+00
2.018000e-05	-1.181953e-01	-6.389942e+00
2.019000e-05	1.123288e-01	-6.536320e+00
2.020000e-05	-1.115235e-01	-6.696417e+00
2.021000e-05	3.705192e-02	-6.974948e+00
2.022000e-05	9.015779e-02	-7.157394e+00
2.023000e-05	-1.001138e-01	-7.379497e+00
2.024000e-05	1.172661e-01	-7.515813e+00
2.025000e-05	-1.388542e-01	-7.747917e+00
2.026000e-05	9.091493e-02	-8.000997e+00
2.027000e-05	1.204281e-02	-8.155888e+00
2.028000e-05	-1.363181e-02	-8.316846e+00
2.029000e-05	4.103845e-02	-8.511702e+00
2.030000e-05	-8.375407e-02	-8.664188e+00
2.031000e-05	1.142850e-01	-8.902180e+00
2.032000e-05	-6.041858e-02	-9.011150e+00
2.033000e-05	4.618244e-02	-9.178919e+00
2.034000e-05	-4.672329e-02	-9.333832e+00
2.035000e-05	2.189845e-02	-9.514309e+00
2.036000e-05	5.133407e-02	-9.631751e+00
2.037000e-05	-2.200617e-02	-9.799025e+00
2.038000e-05	3.226398e-02	-9.915787e+00
2.039000e-05	-4.575646e-02	-1.007118e+01
2.040000e-05	5.838114e-02	-1.022905e+01
2.041000e-05	-9.995368e-03	-1.038840e+01
2.042000e-05	1.991291e-02	-1.053331e+01
2.043000e-05	-1.617764e-02	-1.061905e+01
2.044000e-05	1.529579e-02	-1.075529e+01
2.045000e-05	3.808504e-02	-1.083110e+01
2.046000e-05	4.745414e-03	-1.099489e+01
2.047000e-05	9.824228e-03	-1.109021e+01
2.048000e-05	-1.609352e-02	-1.119790e+01
2.049000e-05	3.304177e-02	-1.136434e+01
2.050000e-05	1.282436e-02	-1.140647e+01
2.051000e-05	1.649669e-02	-1.152281e+01
2.052000e-05	-6.354475e-03	-1.165052e+01
2.053000e-05	1.545535e-02	-1.173286e+01
2.054000e-05	2.952911e-02	-1.184705e+01
2.055000e-05	2.053123e-02	-1.194331e+01
2.056000e-05	7.371887e-03	-1.200752e+01
2.057000e-05	3.662352e-03	-1.206118e+01
2.058000e-05	2.234380e-02	-1.216331e+01
2.059000e-05	2.784317e-02	-1.221752e+01
2.060000e-05	1.542296e-02	-1.223965e+01
2.061000e-05	6.181066e-03	-1.230321e+01
2.062000e-05	1.307098e-02	-1.237441e+01
2.063000e-05	2.966255e-02	-1.240742e+01
2.064000e-05	2.698446e-02	-1.245858e+01
2.065000e-05	1.691685e-02	-1.247961e+01
2.066000e-05	1.345702e-02	-1.250231e+01
2.067000e-05	2.468713e-02	-1.259228e+01
2.068000e-05	3.382033e-02	-1.260289e+01
2.069000e-05	2.296366e-02	-1.259394e+01
2.070000e-05	1.783514e-02	-1.264504e+01
2.071000e-05	1.934538e-02	-1.263599e+01
2.072000e-05	3.567188e-02	-1.263694e+01
2.073000e-05	3.673190e-02	-1.262599e+01
2.074000e-05	2.882281e-02	-1.265400e+01
2.075000e-05	2.438953e-02	-1.260637e+01
2.076000e-05	3.320995e-02	-1.263289e+01
2.077000e-05	4.133549e-02	-1.261236e+01
2.078000e-05	3.550374e-02	-1.256331e+01
2.079000e-05	2.893900e-02	-1.258178e+01
2.080000e-05	3.097505e-02	-1.248973e+01
2.081000e-05	4.293950e-02	-1.246909e+01
2.082000e-05	4.573958e-02	-1.241852e+01
2.083000e-05	3.798753e-02	-1.236386e+01
2.084000e-05	3.347894e-02	-1.233021e+01
2.085000e-05	3.802627e-02	-1.227913e+01
2.086000e-05	4.433882e-02	-1.221649e+01
2.087000e-05	4.051960e-02	-1.220332e+01
2.088000e-05	3.111213e-02	-1.212123e+01
2.089000e-05	2.979719e-02	-1.201908e+01
2.090000e-05	3.572628e-02	-1.196281e+01
2.091000e-05	3.610420e-02	-1.187868e+01
2.092000e-05	2.878801e-02	-1.182331e+01
2.093000e-05	2.171488e-02	-1.171860e+01
2.094000e-05	2.363269e-02	-1.158327e+01
2.095000e-05	2.794410e-02	-1.148965e+01
2.096000e-05	2.562260e-02	-1.134028e+01
2.097000e-05	1.859742e-02	-1.123510e+01
2.098000e-05	1.492160e-02	-1.110218e+01
2.099000e-05	1.946923e-02	-1.098494e+01
2.100000e-05	2.012461e-02	-1.091116e+01
2.101000e-05	1.522964e-02	-1.079644e+01
2.102000e-05	8.709398e-03	-1.068963e+01
2.103000e-05	1.116141e-02	-1.059489e+01
2.104000e-05	1.591573e-02	-1.048807e+01
2.105000e-05	1.520797e-02	-1.026023e+01
2.106000e-05	9.062987e-03	-1.015176e+01
2.107000e-05	5.202868e-03	-9.986491e+00
2.108000e-05	9.271423e-03	-9.849100e+00
2.109000e-05	1.012941e-02	-9.742334e+00
2.110000e-05	7.101207e-03	-9.596967e+00
2.111000e-05	1.813923e-03	-9.417020e+00
2.112000e-05	2.978210e-03	-9.229606e+00
2.113000e-05	7.447030e-03	-9.141733e+00
2.114000e-05	8.808399e-03	-8.972813e+00
2.115000e-05	4.397110e-03	-8.796341e+00
2.116000e-05	1.451905e-03	-8.612417e+00
2.117000e-05	3.360885e-03	-8.398920e+00
2.118000e-05	4.841621e-03	-8.279651e+00
2.119000e-05	2.545635e-03	-8.101704e+00
2.120000e-05	-1.398242e-03	-7.933101e+00
2.121000e-05	-6.874089e-04	-7.732103e+00
2.122000e-05	2.488624e-03	-7.539633e+00
2.123000e-05	4.085760e-03	-7.309208e+00
2.124000e-05	1.214400e-03	-7.161631e+00
2.125000e-05	-1.873528e-03	-6.881607e+00
2.126000e-05	-5.325509e-04	-6.740152e+00
2.127000e-05	1.379017e-03	-6.522734e+00
2.128000e-05	5.059831e-04	-6.350735e+00
2.129000e-05	-4.220863e-03	-6.100682e+00
2.130000e-05	-3.716923e-03	-5.880057e+00
2.131000e-05	-2.007580e-03	-5.683657e+00
2.132000e-05	1.786780e-03	-5.531029e+00
2.133000e-05	-1.408671e-03	-5.277046e+00
2.134000e-05	-2.630487e-03	-5.025340e+00
2.135000e-05	-2.322117e-03	-4.632784e+00
2.136000e-05	-1.569195e-03	-4.523157e+00
2.137000e-05	-1.565851e-03	-4.345261e+00
2.138000e-05	-4.361045e-03	-4.151811e+00
2.139000e-05	-5.663909e-03	-3.974706e+00
2.140000e-05	-2.831827e-03	-3.660629e+00
2.141000e-05	-3.770924e-03	-3.509073e+00
2.142000e-05	-3.594738e-03	-3.280051e+00
2.143000e-05	-6.809546e-03	-3.106445e+00
2.144000e-05	-3.158513e-03	-2.786844e+00
2.145000e-05	-3.508604e-03	-2.565860e+00
2.146000e-05	-1.859847e-03	-2.383237e+00
2.147000e-05	-5.726620e-03	-2.071608e+00
2.148000e-05	-5.348285e-03	-1.881103e+00
2.149000e-05	-5.731521e-03	-1.670080e+00
2.150000e-05	-4.650966e-03	-1.425870e+00
2.151000e-05	-6.413349e-03	-1.155188e+00
2.152000e-05	-6.192400e-03	-9.406580e-01
2.153000e-05	-5.485337e-03	-7.236581e-01
2.154000e-05	-3.621779e-03	-4.185503e-01
2.155000e-05	-2.993117e-03	-2.089228e-01
2.156000e-05	-2.112701e-03	-1.799875e-02
2.157000e-05	4.291722e-03	2.551852e-01
2.158000e-05	-6.776326e-03	4.236565e-01
2.159000e-05	2.877358e-03	6.551578e-01
2.160000e-05	-7.085546e-03	8.532590e-01
2.161000e-05	-8.386822e-04	1.118241e+00
2.162000e-05	-6.841252e-03	1.367895e+00
2.163000e-05	4.132558e-03	1.559955e+00
2.164000e-05	2.875905e-02	1.823133e+00
2.165000e-05	8.299725e-02	2.013233e+00
2.166000e-05	-4.121790e-02	2.297289e+00
2.167000e-05	-4.236068e-02	2.567497e+00
2.168000e-05	-4.038186e-02	2.802628e+00
2.169000e-05	-4.069105e-02	3.019501e+00
2.170000e-05	-8.634622e-02	3.148874e+00
2.171000e-05	1.604808e-01	3.314814e+00
2.172000e-05	-1.064066e-01	3.600003e+00
2.173000e-05	-2.347673e-02	3.726892e+00
2.174000e-05	1.594691e-01	3.970525e+00
2.175000e-05	-1.121115e-01	4.263659e+00
2.176000e-05	6.080244e-02	4.421178e+00
2.177000e-05	-2.035079e-02	4.673214e+00
2.178000e-05	-9.270943e-02	4.852863e+00
2.179000e-05	6.301059e-02	5.178998e+00
2.180000e-05	-3.058422e-02	5.410656e+00
2.181000e-05	2.482827e-02	5.630550e+00
2.182000e-05	-1.371142e-02	5.882284e+00
2.183000e-05	-4.817331e-02	6.083183e+00
2.184000e-05	4.471468e-02	6.242082e+00
2.185000e-05	-4.187044e-02	6.420103e+00
2.186000e-05	3.626708e-02	6.651686e+00
2.187000e-05	-7.154229e-02	6.872705e+00
2.188000e-05	2.760814e-02	7.062259e+00
2.189000e-05	1.623602e-02	7.282604e+00
2.190000e-05	-3.836351e-02	7.482105e+00
2.191000e-05	1.219106e-02	7.652260e+00
2.192000e-05	-4.836001e-02	7.853707e+00
2.193000e-05	1.250892e-02	8.104839e+00
2.194000e-05	7.013119e-03	8.282733e+00
2.195000e-05	-1.085920e-02	8.419053e+00
2.196000e-05	-1.864466e-02	8.568497e+00
2.197000e-05	-2.396632e-02	8.745839e+00
2.198000e-05	1.247619e-02	8.851158e+00
2.199000e-05	-1.500627e-02	9.091635e+00
2.200000e-05	-1.660618e-02	9.220705e+00
2.201000e-05	-2.344089e-02	9.416975e+00
2.202000e-05	-7.798984e-03	9.543840e+00
2.203000e-05	1.098056e-02	9.672257e+00
2.204000e-05	-2.033859e-02	9.829648e+00
2.205000e-05	-1.953993e-02	9.967949e+00
2.206000e-05	-2.516004e-02	1.014332e+01
2.207000e-05	-2.201968e-03	1.026226e+01
2.208000e-05	-7.023860e-03	1.036852e+01
2.209000e-05	-2.128978e-02	1.053281e+01
2.210000e-05	-2.182897e-02	1.068960e+01
2.211000e-05	-1.291692e-02	1.076692e+01
2.212000e-05	8.282473e-04	1.090178e+01
2.213000e-05	-1.982378e-02	1.099742e+01
2.214000e-05	-2.704221e-02	1.110228e+01
2.215000e-05	-2.438813e-02	1.121700e+01
2.216000e-05	-9.928870e-03	1.136236e+01
2.217000e-05	-1.144945e-02	1.143665e+01
2.218000e-05	-2.390478e-02	1.157437e+01
2.219000e-05	-2.460509e-02	1.165058e+01
2.220000e-05	-1.939901e-02	1.179391e+01
2.221000e-05	-9.400360e-03	1.180802e+01
2.222000e-05	-2.223626e-02	1.188168e+01
2.223000e-05	-2.830115e-02	1.196491e+01
2.224000e-05	-2.788846e-02	1.202952e+01
2.225000e-05	-1.801498e-02	1.208121e+01
2.226000e-05	-1.582434e-02	1.217384e+01
2.227000e-05	-2.690111e-02	1.223454e+01
2.228000e-05	-3.014427e-02	1.228813e+01
2.229000e-05	-2.851361e-02	1.232383e+01
2.230000e-05	-2.059590e-02	1.236539e+01
2.231000e-05	-2.799570e-02	1.239700e+01
2.232000e-05	-3.368524e-02	1.244005e+01
2.233000e-05	-3.487879e-02	1.251016e+01
2.234000e-05	-2.541240e-02	1.251068e+01
2.235000e-05	-2.471619e-02	1.253323e+01
2.236000e-05	-3.360409e-02	1.254226e+01
2.237000e-05	-3.838843e-02	1.254236e+01
2.238000e-05	-3.842904e-02	1.258234e+01
2.239000e-05	-3.158396e-02	1.252179e+01
2.240000e-05	-3.674563e-02	1.257181e+01
2.241000e-05	-4.157708e-02	1.257226e+01
2.242000e-05	-4.482991e-02	1.252229e+01
2.243000e-05	-3.844902e-02	1.253073e+01
2.244000e-05	-3.752922e-02	1.252066e+01
2.245000e-05	-4.351400e-02	1.247005e+01
2.246000e-05	-4.873752e-02	1.244913e+01
2.247000e-05	-4.915399e-02	1.237794e+01
2.248000e-05	-4.338865e-02	1.233491e+01
2.249000e-05	-4.455924e-02	1.231123e+01
2.250000e-05	-4.800500e-02	1.225597e+01
2.251000e-05	-5.122775e-02	1.222239e+01
2.252000e-05	-4.555908e-02	1.220184e+01
2.253000e-05	-4.076010e-02	1.205805e+01
2.254000e-05	-4.198392e-02	1.198649e+01
2.255000e-05	-4.487561e-02	1.194376e+01
2.256000e-05	-4.293264e-02	1.188858e+01
2.257000e-05	-3.653482e-02	1.180641e+01
2.258000e-05	-3.539314e-02	1.173971e+01
2.259000e-05	-3.629315e-02	1.164452e+01
2.260000e-05	-3.714173e-02	1.154921e+01
2.261000e-05	-3.306065e-02	1.140291e+01
2.262000e-05	-2.772967e-02	1.127965e+01
2.263000e-05	-2.843677e-02	1.117589e+01
2.264000e-05	-2.894192e-02	1.108063e+01
2.265000e-05	-2.983402e-02	1.099489e+01
2.266000e-05	-2.093108e-02	1.088015e+01
2.267000e-05	-2.203752e-02	1.080191e+01
2.268000e-05	-2.120455e-02	1.065597e+01
2.269000e-05	-2.528437e-02	1.047861e+01
2.270000e-05	-2.130880e-02	1.037331e+01
2.271000e-05	-1.869485e-02	1.025594e+01
2.272000e-05	-1.710122e-02	1.010068e+01
2.273000e-05	-2.020662e-02	9.991464e+00
2.274000e-05	-1.922556e-02	9.845414e+00
2.275000e-05	-1.493193e-02	9.617545e+00
2.276000e-05	-1.411371e-02	9.501053e+00
2.277000e-05	-1.383988e-02	9.351237e+00
2.278000e-05	-1.830605e-02	9.248475e+00
2.279000e-05	-1.521874e-02	9.067970e+00
2.280000e-05	-1.519752e-02	8.879151e+00
2.281000e-05	-1.159000e-02	8.710632e+00
2.282000e-05	-1.496615e-02	8.532286e+00
2.283000e-05	-1.294149e-02	8.387340e+00
2.284000e-05	-1.117297e-02	8.265392e+00
2.285000e-05	-9.026515e-03	8.057471e+00
2.286000e-05	-9.976221e-03	7.827949e+00
2.287000e-05	-1.254100e-02	7.677074e+00
2.288000e-05	-1.290622e-02	7.436395e+00
2.289000e-05	-1.197168e-02	7.246972e+00
2.290000e-05	-9.841150e-03	7.058069e+00
2.291000e-05	-1.168541e-02	6.880126e+00
2.292000e-05	-1.088536e-02	6.628527e+00
2.293000e-05	-9.279345e-03	6.417480e+00
2.294000e-05	-6.671988e-03	6.257998e+00
2.295000e-05	-6.570129e-03	6.090579e+00
2.296000e-05	-9.262942e-03	5.889071e+00
2.297000e-05	-9.426813e-03	5.656976e+00
2.298000e-05	-9.781046e-03	5.467521e+00
2.299000e-05	-8.902911e-03	5.226371e+00
2.300000e-05	-1.003332e-02	4.930188e+00
2.301000e-05	-9.333162e-03	4.750712e+00
2.302000e-05	-7.629800e-03	4.530682e+00
2.303000e-05	-4.835139e-03	4.331680e+00
2.304000e-05	-4.785045e-03	4.019098e+00
2.305000e-05	-6.462387e-03	3.856474e+00
2.306000e-05	-7.750422e-03	3.649500e+00
2.307000e-05	-8.728491e-03	3.355445e+00
2.308000e-05	-8.085629e-03	3.184891e+00
2.309000e-05	-8.628680e-03	2.955262e+00
2.310000e-05	-7.879061e-03	2.764767e+00
2.311000e-05	-6.231428e-03	2.469632e+00
2.312000e-05	-4.231784e-03	2.290075e+00
2.313000e-05	-3.962509e-03	2.049531e+00
2.314000e-05	-5.690839e-03	1.807096e+00
2.315000e-05	-7.671455e-03	1.605817e+00
2.316000e-05	-7.284735e-03	1.344289e+00
2.317000e-05	-6.211154e-03	1.112003e+00
2.318000e-05	-6.753285e-03	8.089236e-01
2.319000e-05	-5.720548e-03	6.073474e-01
2.320000e-05	-5.289485e-03	3.673700e-01
2.321000e-05	-2.527833e-03	1.417122e-01
2.322000e-05	-2.368165e-03	-1.373368e-01
2.323000e-05	5.858222e-03	-3.167957e-01
2.324000e-05	-4.688143e-03	-5.178854e-01
2.325000e-05	1.548728e-03	-8.014709e-01
2.326000e-05	-4.546930e-03	-9.804235e-01
2.327000e-05	1.730825e-03	-1.161021e+00
2.328000e-05	-4.412714e-03	-1.414083e+00
2.329000e-05	7.532625e-03	-1.632686e+00
2.330000e-05	7.515918e-02	-1.832154e+00
2.331000e-05	4.473514e-02	-2.085887e+00
2.332000e-05	-7.250891e-02	-2.475235e+00
2.333000e-05	-1.097449e-02	-2.728447e+00
2.334000e-05	-7.334651e-02	-2.885310e+00
2.335000e-05	-7.420062e-02	-3.145758e+00
2.336000e-05	1.988089e-01	-3.220997e+00
2.337000e-05	-1.399625e-01	-3.445158e+00
2.338000e-05	1.321547e-02	-3.683632e+00
2.339000e-05	1.539942e-01	-3.791651e+00
2.340000e-05	-1.892554e-01	-4.107892e+00
2.341000e-05	1.782525e-01	-4.347417e+00
2.342000e-05	-4.912950e-02	-4.495888e+00
2.343000e-05	-1.541817e-01	-4.820500e+00
2.344000e-05	1.480052e-01	-4.937866e+00
2.345000e-05	-1.062586e-01	-5.202602e+00
2.346000e-05	1.308397e-01	-5.546263e+00
2.347000e-05	-2.030246e-02	-5.673735e+00
2.348000e-05	-9.964884e-02	-5.927841e+00
2.349000e-05	1.482461e-01	-6.042681e+00
2.350000e-05	-1.152611e-01	-6.347371e+00
2.351000e-05	1.019269e-01	-6.525814e+00
2.352000e-05	-9.468454e-02	-6.684864e+00
2.353000e-05	1.219014e-02	-6.975387e+00
2.354000e-05	1.114209e-01	-7.167913e+00
2.355000e-05	-1.080730e-01	-7.336495e+00
2.356000e-05	1.191271e-01	-7.525310e+00
2.357000e-05	-1.330527e-01	-7.756339e+00
2.358000e-05	7.331576e-02	-7.998991e+00
2.359000e-05	2.996932e-02	-8.124864e+00
2.360000e-05	-2.788503e-02	-8.325763e+00
2.361000e-05	5.256640e-02	-8.429682e+00
2.362000e-05	-9.216380e-02	-8.690182e+00
2.363000e-05	1.158985e-01	-8.871153e+00
2.364000e-05	-5.274108e-02	-9.007476e+00
2.365000e-05	3.819295e-02	-9.167419e+00
2.366000e-05	-3.902636e-02	-9.282705e+00
2.367000e-05	8.580882e-03	-9.483180e+00
2.368000e-05	6.326975e-02	-9.621204e+00
2.369000e-05	-2.714674e-02	-9.815948e+00
2.370000e-05	3.725102e-02	-9.904260e+00
2.371000e-05	-4.955279e-02	-1.006215e+01
2.372000e-05	5.596495e-02	-1.023857e+01
2.373000e-05	-6.943480e-03	-1.034740e+01
2.374000e-05	1.496317e-02	-1.053226e+01
2.375000e-05	-1.347702e-02	-1.058858e+01
2.376000e-05	9.246106e-03	-1.076534e+01
2.377000e-05	4.309748e-02	-1.079910e+01
2.378000e-05	3.432293e-03	-1.098494e+01
2.379000e-05	1.184357e-02	-1.109013e+01
2.380000e-05	-1.798283e-02	-1.121745e+01
2.381000e-05	3.292572e-02	-1.131078e+01
2.382000e-05	1.445270e-02	-1.140550e+01
2.383000e-05	1.605827e-02	-1.149123e+01
2.384000e-05	-7.309195e-03	-1.160855e+01
2.385000e-05	1.277904e-02	-1.175381e+01
2.386000e-05	3.205437e-02	-1.182558e+01
2.387000e-05	1.961267e-02	-1.193223e+01
2.388000e-05	6.739471e-03	-1.198897e+01
2.389000e-05	1.052903e-03	-1.213058e+01
2.390000e-05	2.493200e-02	-1.214338e+01
2.391000e-05	2.806129e-02	-1.218751e+01
2.392000e-05	1.568273e-02	-1.228115e+01
2.393000e-05	3.352044e-03	-1.227268e+01
2.394000e-05	1.405200e-02	-1.238536e+01
2.395000e-05	3.111810e-02	-1.238644e+01
2.396000e-05	2.805802e-02	-1.243807e+01
2.397000e-05	1.537271e-02	-1.247008e+01
2.398000e-05	1.267504e-02	-1.250968e+01
2.399000e-05	2.633989e-02	-1.255234e+01
2.400000e-05	3.579917e-02	-1.261394e+01
2.401000e-05	2.356624e-02	-1.260444e+01
2.402000e-05	1.606101e-02	-1.262492e+01
2.403000e-05	1.788889e-02	-1.263502e+01
2.404000e-05	3.485235e-02	-1.265594e+01
2.405000e-05	3.724220e-02	-1.265455e+01
2.406000e-05	2.867568e-02	-1.263384e+01
2.407000e-05	2.456103e-02	-1.261449e+01
2.408000e-05	3.297880e-02	-1.261397e+01
2.409000e-05	4.279206e-02	-1.260339e+01
2.410000e-05	3.649083e-02	-1.260394e+01
2.411000e-05	2.914181e-02	-1.254074e+01
2.412000e-05	3.009351e-02	-1.251971e+01
2.413000e-05	4.311188e-02	-1.244007e+01
2.414000e-05	4.649357e-02	-1.241653e+01
2.415000e-05	3.814997e-02	-1.236539e+01
2.416000e-05	3.220076e-02	-1.235176e+01
2.417000e-05	3.754400e-02	-1.231971e+01
2.418000e-05	4.504473e-02	-1.223644e+01
2.419000e-05	4.110968e-02	-1.218474e+01
2.420000e-05	3.072592e-02	-1.211968e+01
2.421000e-05	2.883125e-02	-1.207860e+01
2.422000e-05	3.494205e-02	-1.197436e+01
2.423000e-05	3.668579e-02	-1.189805e+01
2.424000e-05	2.919325e-02	-1.183246e+01
2.425000e-05	2.153817e-02	-1.168655e+01
2.426000e-05	2.456798e-02	-1.157388e+01
2.427000e-05	2.991279e-02	-1.146853e+01
2.428000e-05	2.666912e-02	-1.139223e+01
2.429000e-05	1.776020e-02	-1.125509e+01
2.430000e-05	1.266189e-02	-1.112171e+01
2.431000e-05	1.867467e-02	-1.097539e+01
2.432000e-05	2.207257e-02	-1.089070e+01
2.433000e-05	1.563097e-02	-1.080642e+01
2.434000e-05	8.252700e-03	-1.072063e+01
2.435000e-05	1.049463e-02	-1.058594e+01
2.436000e-05	1.643013e-02	-1.044855e+01
2.437000e-05	1.596490e-02	-1.029207e+01
2.438000e-05	8.412479e-03	-1.014181e+01
2.439000e-05	3.392533e-03	-1.003592e+01
2.440000e-05	7.693676e-03	-9.880150e+00
2.441000e-05	1.179792e-02	-9.734231e+00
2.442000e-05	8.383631e-03	-9.607420e+00
2.443000e-05	2.195696e-03	-9.456872e+00
2.444000e-05	2.030466e-03	-9.248704e+00
2.445000e-05	9.406820e-03	-9.120232e+00
2.446000e-05	8.034306e-03	-8.973314e+00
2.447000e-05	3.327006e-03	-8.848341e+00
2.448000e-05	2.706782e-04	-8.583942e+00
2.449000e-05	4.268026e-03	-8.438998e+00
2.450000e-05	4.218182e-03	-8.299172e+00
2.451000e-05	1.627726e-03	-8.162734e+00
2.452000e-05	-1.576540e-03	-7.950283e+00
2.453000e-05	-5.880832e-04	-7.740659e+00
2.454000e-05	3.028027e-03	-7.480153e+00
2.455000e-05	3.649401e-03	-7.351758e+00
2.456000e-05	9.534965e-04	-7.141257e+00
2.457000e-05	-1.899615e-03	-6.921230e+00
2.458000e-05	-8.911334e-05	-6.731759e+00
2.459000e-05	1.637489e-03	-6.540781e+00
2.460000e-05	6.537944e-04	-6.364215e+00
2.461000e-05	-3.147469e-03	-6.162128e+00
2.462000e-05	-2.897013e-03	-5.891128e+00
2.463000e-05	-2.101496e-03	-5.702630e+00
2.464000e-05	8.721064e-04	-5.512135e+00
2.465000e-05	-2.093731e-03	-5.298920e+00
2.466000e-05	-3.512108e-03	-5.024440e+00
2.467000e-05	-2.971924e-03	-4.722659e+00
2.468000e-05	-1.252029e-03	-4.534739e+00
2.469000e-05	-1.088051e-03	-4.366390e+00
2.470000e-05	-3.014042e-03	-4.152789e+00
2.471000e-05	-5.190067e-03	-3.974738e+00
2.472000e-05	-2.393293e-03	-3.681679e+00
2.473000e-05	-4.038231e-03	-3.483124e+00
2.474000e-05	-4.165673e-03	-3.271105e+00
2.475000e-05	-6.669777e-03	-3.048972e+00
2.476000e-05	-2.953940e-03	-2.778369e+00
2.477000e-05	-3.047560e-03	-2.587387e+00
2.478000e-05	-2.086862e-03	-2.385295e+00
2.479000e-05	-6.564045e-03	-2.111732e+00
2.480000e-05	-4.842155e-03	-1.880636e+00
2.481000e-05	-4.407813e-03	-1.670028e+00
2.482000e-05	-3.731772e-03	-1.416353e+00
2.483000e-05	-7.448401e-03	-1.145338e+00
2.484000e-05	-7.196968e-03	-9.236870e-01
2.485000e-05	-5.359345e-03	-7.417096e-01
2.486000e-05	-4.488569e-03	-4.200515e-01
2.487000e-05	-2.588658e-03	-2.505802e-01
2.488000e-05	-2.717805e-03	1.652639e-03
2.489000e-05	4.767524e-03	2.146604e-01
2.490000e-05	-5.422638e-03	4.531828e-01
2.491000e-05	3.040036e-03	6.636328e-01
2.492000e-05	-6.894163e-03	8.326863e-01
2.493000e-05	-2.708481e-03	1.107344e+00
2.494000e-05	-5.728006e-03	1.337322e+00
2.495000e-05	3.848651e-03	1.570597e+00
2.496000e-05	2.523004e-02	1.812001e+00
2.497000e-05	8.137947e-02	2.011578e+00
2.498000e-05	-3.156207e-02	2.295288e+00
2.499000e-05	-4.685884e-02	2.568951e+00
2.500000e-05	-3.760801e-02	2.790054e+00
2.501000e-05	-3.882940e-02	2.998502e+00
2.502000e-05	-9.148238e-02	3.147366e+00
2.503000e-05	1.517665e-01	3.284318e+00
2.504000e-05	-8.007300e-02	3.600000e+00
2.505000e-05	-5.399392e-02	3.727418e+00
2.506000e-05	1.758072e-01	4.002023e+00
2.507000e-05	-1.137480e-01	4.243136e+00
2.508000e-05	5.318226e-02	4.431680e+00
2.509000e-05	-6.238166e-03	4.675184e+00
2.510000e-05	-1.011342e-01	4.881734e+00
2.511000e-05	6.123805e-02	5.137920e+00
2.512000e-05	-2.709180e-02	5.439575e+00
2.513000e-05	2.053643e-02	5.650550e+00
2.514000e-05	-8.371571e-03	5.870635e+00
2.515000e-05	-5.284966e-02	6.062180e+00
2.516000e-05	4.476275e-02	6.241629e+00
2.517000e-05	-3.897546e-02	6.430626e+00
2.518000e-05	3.363925e-02	6.641681e+00
2.519000e-05	-6.485162e-02	6.881730e+00
2.520000e-05	1.806779e-02	7.093209e+00
2.521000e-05	2.557869e-02	7.211629e+00
2.522000e-05	-4.221167e-02	7.439127e+00
2.523000e-05	1.256807e-02	7.682711e+00
2.524000e-05	-4.924935e-02	7.900681e+00
2.525000e-05	8.277984e-03	8.083785e+00
2.526000e-05	1.160580e-02	8.261756e+00
2.527000e-05	-1.390768e-02	8.449551e+00
2.528000e-05	-1.368001e-02	8.623945e+00
2.529000e-05	-2.492895e-02	8.704789e+00
2.530000e-05	1.347248e-02	8.862159e+00
2.531000e-05	-1.514360e-02	9.049108e+00
2.532000e-05	-1.999737e-02	9.251577e+00
2.533000e-05	-2.424217e-02	9.387472e+00
2.534000e-05	-1.145938e-02	9.525315e+00
2.535000e-05	1.455779e-02	9.681134e+00
2.536000e-05	-2.031095e-02	9.870548e+00
2.537000e-05	-1.464118e-02	9.988421e+00
2.538000e-05	-2.525794e-02	1.011381e+01
2.539000e-05	-1.640885e-03	1.029116e+01
2.540000e-05	-8.872992e-03	1.038650e+01
2.541000e-05	-2.354327e-02	1.052176e+01
2.542000e-05	-2.387481e-02	1.066010e+01
2.543000e-05	-1.537029e-02	1.078742e+01
2.544000e-05	1.774928e-03	1.092124e+01
2.545000e-05	-1.746829e-02	1.101697e+01
2.546000e-05	-2.322539e-02	1.109221e+01
2.547000e-05	-2.518047e-02	1.118855e+01
2.548000e-05	-9.033723e-03	1.136179e+01
2.549000e-05	-1.093157e-02	1.149402e+01
2.550000e-05	-2.331775e-02	1.155531e+01
2.551000e-05	-2.719164e-02	1.166810e+01
2.552000e-05	-2.212768e-02	1.176427e+01
2.553000e-05	-8.596317e-03	1.185905e+01
2.554000e-05	-2.025377e-02	1.190223e+01
2.555000e-05	-2.652624e-02	1.197484e+01
2.556000e-05	-2.850105e-02	1.199900e+01
2.557000e-05	-1.737922e-02	1.213071e+01
2.558000e-05	-1.545379e-02	1.219236e+01
2.559000e-05	-2.739174e-02	1.224352e+01
2.560000e-05	-3.197179e-02	1.233865e+01
2.561000e-05	-2.967950e-02	1.236324e+01
2.562000e-05	-2.030637e-02	1.238479e+01
2.563000e-05	-2.513890e-02	1.239795e+01
2.564000e-05	-3.208316e-02	1.249058e+01
2.565000e-05	-3.548281e-02	1.251918e+01
2.566000e-05	-2.518549e-02	1.250166e+01
2.567000e-05	-2.459444e-02	1.253121e+01
2.568000e-05	-3.409472e-02	1.252076e+01
2.569000e-05	-3.997346e-02	1.255181e+01
2.570000e-05	-3.931057e-02	1.255331e+01
2.571000e-05	-3.112051e-02	1.256126e+01
2.572000e-05	-3.506076e-02	1.254289e+01
2.573000e-05	-3.985456e-02	1.253284e+01
2.574000e-05	-4.556947e-02	1.257124e+01
2.575000e-05	-3.992664e-02	1.255121e+01
2.576000e-05	-3.749243e-02	1.248113e+01
2.577000e-05	-4.237313e-02	1.245913e+01
2.578000e-05	-5.008624e-02	1.247803e+01
2.579000e-05	-5.022056e-02	1.241594e+01
2.580000e-05	-4.218367e-02	1.238124e+01
2.581000e-05	-4.246393e-02	1.230123e+01
2.582000e-05	-4.740169e-02	1.229617e+01
2.583000e-05	-5.308960e-02	1.222397e+01
2.584000e-05	-4.692679e-02	1.216126e+01
2.585000e-05	-4.148142e-02	1.208956e+01
2.586000e-05	-4.168300e-02	1.200642e+01
2.587000e-05	-4.506432e-02	1.194276e+01
2.588000e-05	-4.444362e-02	1.188016e+01
2.589000e-05	-3.715989e-02	1.181492e+01
2.590000e-05	-3.432705e-02	1.176971e+01
2.591000e-05	-3.488262e-02	1.164607e+01
2.592000e-05	-3.836922e-02	1.151783e+01
2.593000e-05	-3.369236e-02	1.142131e+01
2.594000e-05	-2.766448e-02	1.133916e+01
2.595000e-05	-2.731976e-02	1.122384e+01
2.596000e-05	-2.799355e-02	1.110165e+01
2.597000e-05	-3.048861e-02	1.100539e+01
2.598000e-05	-2.160787e-02	1.087961e+01
2.599000e-05	-2.154262e-02	1.075584e+01
2.600000e-05	-2.040475e-02	1.064550e+01
2.601000e-05	-2.634115e-02	1.055923e+01
2.602000e-05	-2.144157e-02	1.035489e+01
2.603000e-05	-1.934938e-02	1.023697e+01
2.604000e-05	-1.597666e-02	1.011123e+01
2.605000e-05	-2.033130e-02	1.001141e+01
2.606000e-05	-2.043606e-02	9.832897e+00
2.607000e-05	-1.667575e-02	9.647000e+00
2.608000e-05	-1.277827e-02	9.501679e+00
2.609000e-05	-1.304641e-02	9.374338e+00
2.610000e-05	-1.760556e-02	9.247570e+00
2.611000e-05	-1.573274e-02	9.066546e+00
2.612000e-05	-1.352347e-02	8.890105e+00
2.613000e-05	-1.146210e-02	8.700653e+00
2.614000e-05	-1.411011e-02	8.552785e+00
2.615000e-05	-1.354227e-02	8.415895e+00
2.616000e-05	-1.257521e-02	8.237895e+00
2.617000e-05	-1.130509e-02	8.057468e+00
2.618000e-05	-1.024695e-02	7.846975e+00
2.619000e-05	-1.237768e-02	7.689575e+00
2.620000e-05	-1.068785e-02	7.487000e+00
2.621000e-05	-1.129489e-02	7.228549e+00
2.622000e-05	-9.043064e-03	7.038528e+00
2.623000e-05	-1.066946e-02	6.869053e+00
2.624000e-05	-1.040990e-02	6.756452e+00
2.625000e-05	-1.009522e-02	6.468476e+00
2.626000e-05	-8.881302e-03	6.289548e+00
2.627000e-05	-8.368140e-03	6.071207e+00
2.628000e-05	-9.067048e-03	5.920130e+00
2.629000e-05	-8.200483e-03	5.669527e+00
2.630000e-05	-8.100188e-03	5.467050e+00
2.631000e-05	-7.328646e-03	5.236921e+00
2.632000e-05	-8.735772e-03	4.962337e+00
2.633000e-05	-9.968683e-03	4.731158e+00
2.634000e-05	-9.183699e-03	4.552209e+00
2.635000e-05	-7.525017e-03	4.351737e+00
2.636000e-05	-6.353845e-03	4.039051e+00
2.637000e-05	-6.929566e-03	3.829026e+00
2.638000e-05	-7.372599e-03	3.638549e+00
2.639000e-05	-6.532585e-03	3.447949e+00
2.640000e-05	-6.651737e-03	3.175945e+00
2.641000e-05	-6.810756e-03	2.965317e+00
2.642000e-05	-7.234777e-03	2.766341e+00
2.643000e-05	-7.197027e-03	2.470631e+00
2.644000e-05	-6.279234e-03	2.239052e+00
2.645000e-05	-5.817285e-03	2.041102e+00
2.646000e-05	-6.485803e-03	1.808104e+00
2.647000e-05	-6.749224e-03	1.595920e+00
2.648000e-05	-6.096129e-03	1.326342e+00
2.649000e-05	-4.789482e-03	1.130658e+00
2.650000e-05	-4.868091e-03	8.178978e-01
2.651000e-05	-5.294304e-03	6.369187e-01
2.652000e-05	-6.367541e-03	4.093487e-01
2.653000e-05	-5.042038e-03	1.452895e-01
2.654000e-05	-4.521779e-03	-7.628690e-02
2.655000e-05	6.183303e-03	-2.978643e-01
2.656000e-05	-2.674940e-03	-4.454357e-01
2.657000e-05	1.215909e-03	-7.604474e-01
2.658000e-05	-3.500094e-03	-9.603944e-01
2.659000e-05	2.506464e-03	-1.149020e+00
2.660000e-05	-4.464264e-03	-1.440579e+00
2.661000e-05	6.065296e-03	-1.613628e+00
2.662000e-05	6.795202e-02	-1.812051e+00
2.663000e-05	5.705579e-02	-2.035785e+00
2.664000e-05	-7.719912e-02	-2.426209e+00
2.665000e-05	-6.167987e-03	-2.717942e+00
2.666000e-05	-7.329967e-02	-2.875313e+00
2.667000e-05	-8.020837e-02	-3.116785e+00
2.668000e-05	1.914879e-01	-3.180522e+00
2.669000e-05	-1.134955e-01	-3.422156e+00
2.670000e-05	-2.398319e-02	-3.691605e+00
2.671000e-05	1.772736e-01	-3.839099e+00
2.672000e-05	-1.965361e-01	-4.093313e+00
2.673000e-05	1.683149e-01	-4.356919e+00
2.674000e-05	-2.452345e-02	-4.496288e+00
2.675000e-05	-1.693844e-01	-4.789551e+00
2.676000e-05	1.481911e-01	-4.917338e+00
2.677000e-05	-9.769088e-02	-5.202601e+00
2.678000e-05	1.106129e-01	-5.517367e+00
2.679000e-05	5.382566e-03	-5.621706e+00
2.680000e-05	-1.189329e-01	-5.914841e+00
2.681000e-05	1.550074e-01	-6.072181e+00
2.682000e-05	-1.103343e-01	-6.298319e+00
2.683000e-05	9.160960e-02	-6.546315e+00
2.684000e-05	-7.493518e-02	-6.684338e+00
2.685000e-05	-1.229041e-02	-6.926390e+00
2.686000e-05	1.273311e-01	-7.167366e+00
2.687000e-05	-1.183546e-01	-7.357921e+00
2.688000e-05	1.205851e-01	-7.525885e+00
2.689000e-05	-1.222100e-01	-7.706385e+00
2.690000e-05	5.675205e-02	-7.996471e+00
2.691000e-05	4.637444e-02	-8.125313e+00
2.692000e-05	-4.055117e-02	-8.326787e+00
2.693000e-05	6.427416e-02	-8.430678e+00
2.694000e-05	-9.857213e-02	-8.658605e+00
2.695000e-05	1.112509e-01	-8.822181e+00
2.696000e-05	-4.675388e-02	-9.020001e+00
2.697000e-05	2.983140e-02	-9.166369e+00
2.698000e-05	-2.766221e-02	-9.292308e+00
2.699000e-05	-4.080595e-03	-9.513739e+00
2.700000e-05	7.203593e-02	-9.650180e+00
2.701000e-05	-3.215522e-02	-9.797018e+00
2.702000e-05	4.153851e-02	-9.882884e+00
2.703000e-05	-5.040817e-02	-1.004963e+01
2.704000e-05	5.330190e-02	-1.021709e+01
2.705000e-05	-2.901037e-03	-1.038789e+01
2.706000e-05	1.240413e-02	-1.052271e+01
2.707000e-05	-8.545849e-03	-1.059900e+01
2.708000e-05	3.089061e-03	-1.074436e+01
2.709000e-05	4.459239e-02	-1.083907e+01
2.710000e-05	2.055569e-03	-1.098491e+01
2.711000e-05	1.489156e-02	-1.106115e+01
2.712000e-05	-1.943280e-02	-1.120605e+01
2.713000e-05	3.184842e-02	-1.132131e+01
2.714000e-05	1.422170e-02	-1.141797e+01
2.715000e-05	1.603500e-02	-1.153271e+01
2.716000e-05	-5.756660e-03	-1.159844e+01
2.717000e-05	1.120176e-02	-1.177339e+01
2.718000e-05	3.096013e-02	-1.185610e+01
2.719000e-05	1.995241e-02	-1.195223e+01
2.720000e-05	9.112282e-03	-1.196750e+01
2.721000e-05	2.022434e-03	-1.208113e+01
2.722000e-05	2.290867e-02	-1.214386e+01
2.723000e-05	2.764070e-02	-1.220752e+01
2.724000e-05	1.603298e-02	-1.225063e+01
2.725000e-05	3.956493e-03	-1.233171e+01
2.726000e-05	1.336649e-02	-1.232276e+01
2.727000e-05	2.910292e-02	-1.236547e+01
2.728000e-05	2.786738e-02	-1.240805e+01
2.729000e-05	1.709970e-02	-1.245065e+01
2.730000e-05	1.316564e-02	-1.253081e+01
2.731000e-05	2.468775e-02	-1.256176e+01
2.732000e-05	3.527641e-02	-1.260134e+01
2.733000e-05	2.449251e-02	-1.258447e+01
2.734000e-05	1.667879e-02	-1.262296e+01
2.735000e-05	1.851630e-02	-1.265692e+01
2.736000e-05	3.421220e-02	-1.263507e+01
2.737000e-05	3.661587e-02	-1.266442e+01
2.738000e-05	2.856794e-02	-1.262407e+01
2.739000e-05	2.446485e-02	-1.258549e+01
2.740000e-05	3.231585e-02	-1.264382e+01
2.741000e-05	4.178132e-02	-1.260237e+01
2.742000e-05	3.687505e-02	-1.258231e+01
2.743000e-05	2.965477e-02	-1.255031e+01
2.744000e-05	3.068307e-02	-1.252021e+01
2.745000e-05	4.300280e-02	-1.245955e+01
2.746000e-05	4.548447e-02	-1.242857e+01
2.747000e-05	3.816088e-02	-1.238634e+01
2.748000e-05	3.180976e-02	-1.235323e+01
2.749000e-05	3.781767e-02	-1.231010e+01
2.750000e-05	4.498319e-02	-1.222547e+01
2.751000e-05	4.141141e-02	-1.220344e+01
2.752000e-05	3.216065e-02	-1.215129e+01
2.753000e-05	2.952511e-02	-1.205007e+01
2.754000e-05	3.492188e-02	-1.193593e+01
2.755000e-05	3.589793e-02	-1.186960e+01
2.756000e-05	2.971387e-02	-1.184339e+01
2.757000e-05	2.137365e-02	-1.171971e+01
2.758000e-05	2.388564e-02	-1.159441e+01
2.759000e-05	2.790038e-02	-1.148060e+01
2.760000e-05	2.697104e-02	-1.140376e+01
2.761000e-05	1.901539e-02	-1.127495e+01
2.762000e-05	1.416169e-02	-1.115131e+01
2.763000e-05	1.780550e-02	-1.099697e+01
2.764000e-05	2.090785e-02	-1.094121e+01
2.765000e-05	1.661128e-02	-1.080642e+01
2.766000e-05	9.167916e-03	-1.069068e+01
2.767000e-05	1.020371e-02	-1.060442e+01
2.768000e-05	1.502674e-02	-1.045860e+01
2.769000e-05	1.512738e-02	-1.035963e+01
2.770000e-05	9.731977e-03	-1.017279e+01
2.771000e-05	4.550452e-03	-1.001847e+01
2.772000e-05	8.177204e-03	-9.911533e+00
2.773000e-05	1.098011e-02	-9.721767e+00
2.774000e-05	7.965474e-03	-9.647421e+00
2.775000e-05	3.034458e-03	-9.434392e+00
2.776000e-05	2.521283e-03	-9.300679e+00
2.777000e-05	7.581738e-03	-9.142259e+00
2.778000e-05	8.132612e-03	-9.004391e+00
2.779000e-05	4.243684e-03	-8.838465e+00
2.780000e-05	6.332316e-04	-8.606421e+00
2.781000e-05	2.301207e-03	-8.429022e+00
2.782000e-05	5.791268e-03	-8.259529e+00
2.783000e-05	3.954676e-03	-8.141733e+00
2.784000e-05	-5.329548e-04	-7.973260e+00
2.785000e-05	-1.657829e-03	-7.731203e+00
2.786000e-05	2.164619e-03	-7.491079e+00
2.787000e-05	3.596012e-03	-7.322159e+00
2.788000e-05	1.824420e-03	-7.174260e+00
2.789000e-05	-1.741127e-03	-6.889682e+00
2.790000e-05	-1.387305e-03	-6.734209e+00
2.791000e-05	2.506898e-03	-6.523212e+00
2.792000e-05	1.768807e-03	-6.324791e+00
2.793000e-05	-2.068635e-03	-6.114232e+00
2.794000e-05	-3.680834e-03	-5.903185e+00
2.795000e-05	-1.522964e-03	-5.670729e+00
2.796000e-05	1.581636e-03	-5.550208e+00
2.797000e-05	-2.077247e-03	-5.257578e+00
2.798000e-05	-4.645986e-03	-5.015821e+00
2.799000e-05	-2.960058e-03	-4.733709e+00
2.800000e-05	-9.826932e-04	-4.553788e+00
2.801000e-05	-6.205846e-04	-4.356316e+00
2.802000e-05	-3.161721e-03	-4.176817e+00
2.803000e-05	-4.952092e-03	-3.975265e+00
2.804000e-05	-3.094814e-03	-3.693153e+00
2.805000e-05	-3.468501e-03	-3.522154e+00
2.806000e-05	-3.289191e-03	-3.332130e+00
2.807000e-05	-7.306610e-03	-3.107999e+00
2.808000e-05	-3.416391e-03	-2.807421e+00
2.809000e-05	-2.853015e-03	-2.586440e+00
2.810000e-05	3.823147e-04	-2.384262e+00
2.811000e-05	-4.659475e-03	-2.103254e+00
2.812000e-05	-4.898483e-03	-1.902131e+00
2.813000e-05	-5.934308e-03	-1.670654e+00
2.814000e-05	-3.927099e-03	-1.498025e+00
2.815000e-05	-6.689014e-03	-1.146843e+00
2.816000e-05	-7.183838e-03	-9.442873e-01
2.817000e-05	-7.213591e-03	-7.342121e-01
2.818000e-05	-4.337623e-03	-4.315066e-01
2.819000e-05	-2.971554e-03	-2.690278e-01
2.820000e-05	-2.805921e-03	-3.052758e-02
2.821000e-05	4.694821e-03	2.026104e-01
2.822000e-05	-5.244851e-03	4.136301e-01
2.823000e-05	3.142710e-03	6.326826e-01
2.824000e-05	-5.132804e-03	8.021775e-01
2.825000e-05	-1.998386e-03	1.093767e+00
2.826000e-05	-6.573607e-03	1.305921e+00
2.827000e-05	2.858171e-03	1.528073e+00
2.828000e-05	2.252414e-02	1.800451e+00
2.829000e-05	8.071677e-02	1.991605e+00
2.830000e-05	-2.192108e-02	2.254811e+00
2.831000e-05	-5.239025e-02	2.496845e+00
2.832000e-05	-3.572981e-02	2.791026e+00
2.833000e-05	-3.694120e-02	2.988423e+00
2.834000e-05	-9.351638e-02	3.157944e+00
2.835000e-05	1.384094e-01	3.254233e+00
2.836000e-05	-5.466763e-02	3.568948e+00
2.837000e-05	-8.204107e-02	3.726892e+00
2.838000e-05	1.912748e-01	3.987922e+00
2.839000e-05	-1.124050e-01	4.211055e+00
2.840000e-05	4.262835e-02	4.401104e+00
2.841000e-05	6.514782e-03	4.664185e+00
2.842000e-05	-1.073414e-01	4.852133e+00
2.843000e-05	6.037581e-02	5.148346e+00
2.844000e-05	-2.377602e-02	5.410076e+00
2.845000e-05	1.456466e-02	5.578973e+00
2.846000e-05	-2.782499e-03	5.821101e+00
2.847000e-05	-5.528807e-02	6.041154e+00
2.848000e-05	4.391076e-02	6.211629e+00
2.849000e-05	-3.772045e-02	6.390655e+00
2.850000e-05	2.924875e-02	6.639152e+00
2.851000e-05	-5.768439e-02	6.852131e+00
2.852000e-05	8.156965e-03	7.051182e+00
2.853000e-05	3.425397e-02	7.211556e+00
2.854000e-05	-4.424562e-02	7.439048e+00
2.855000e-05	1.376626e-02	7.651581e+00
2.856000e-05	-4.645658e-02	7.851180e+00
2.857000e-05	2.442969e-03	8.081681e+00
2.858000e-05	1.600019e-02	8.241202e+00
2.859000e-05	-1.652146e-02	8.390051e+00
2.860000e-05	-1.092600e-02	8.565895e+00
2.861000e-05	-2.820120e-02	8.712237e+00
2.862000e-05	1.442879e-02	8.872306e+00
2.863000e-05	-1.345171e-02	9.069056e+00
2.864000e-05	-2.020985e-02	9.220081e+00
2.865000e-05	-2.396571e-02	9.367421e+00
2.866000e-05	-1.369042e-02	9.512309e+00
2.867000e-05	1.569935e-02	9.640607e+00
2.868000e-05	-2.012549e-02	9.898591e+00
2.869000e-05	-1.348945e-02	9.988976e+00
2.870000e-05	-2.638588e-02	1.011186e+01
2.871000e-05	-1.156604e-03	1.028210e+01
2.872000e-05	-7.916934e-03	1.038544e+01
2.873000e-05	-2.180120e-02	1.049066e+01
2.874000e-05	-2.320171e-02	1.061763e+01
2.875000e-05	-1.686403e-02	1.076540e+01
2.876000e-05	1.908408e-03	1.090226e+01
2.877000e-05	-1.703549e-02	1.100797e+01
2.878000e-05	-2.373770e-02	1.111131e+01
2.879000e-05	-2.668436e-02	1.118444e+01
2.880000e-05	-9.430660e-03	1.130276e+01
2.881000e-05	-1.037252e-02	1.145597e+01
2.882000e-05	-2.269800e-02	1.155181e+01
2.883000e-05	-2.772405e-02	1.165808e+01
2.884000e-05	-2.297347e-02	1.176334e+01
2.885000e-05	-8.143467e-03	1.183752e+01
2.886000e-05	-1.921261e-02	1.184111e+01
2.887000e-05	-2.567020e-02	1.194434e+01
2.888000e-05	-2.895294e-02	1.201753e+01
2.889000e-05	-1.824965e-02	1.210916e+01
2.890000e-05	-1.513920e-02	1.217281e+01
2.891000e-05	-2.641873e-02	1.222342e+01
2.892000e-05	-3.307078e-02	1.229710e+01
2.893000e-05	-2.928133e-02	1.235123e+01
2.894000e-05	-2.017014e-02	1.237336e+01
2.895000e-05	-2.531124e-02	1.240847e+01
2.896000e-05	-3.156442e-02	1.245010e+01
2.897000e-05	-3.588361e-02	1.247060e+01
2.898000e-05	-2.627200e-02	1.251121e+01
2.899000e-05	-2.486865e-02	1.252078e+01
2.900000e-05	-3.243266e-02	1.252221e+01
2.901000e-05	-3.914514e-02	1.253184e+01
2.902000e-05	-4.018262e-02	1.254326e+01
2.903000e-05	-3.086814e-02	1.253186e+01
2.904000e-05	-3.369365e-02	1.254284e+01
2.905000e-05	-3.985500e-02	1.255236e+01
2.906000e-05	-4.678505e-02	1.254126e+01
2.907000e-05	-4.009582e-02	1.252120e+01
2.908000e-05	-3.747500e-02	1.254071e+01
2.909000e-05	-4.256289e-02	1.247005e+01
2.910000e-05	-5.012536e-02	1.246807e+01
2.911000e-05	-4.960003e-02	1.237492e+01
2.912000e-05	-4.260211e-02	1.237279e+01
2.913000e-05	-4.235805e-02	1.232168e+01
2.914000e-05	-4.597564e-02	1.228812e+01
2.915000e-05	-5.306113e-02	1.223442e+01
2.916000e-05	-4.610674e-02	1.216123e+01
2.917000e-05	-4.123772e-02	1.210008e+01
2.918000e-05	-4.177541e-02	1.199452e+01
2.919000e-05	-4.530387e-02	1.195476e+01
2.920000e-05	-4.426277e-02	1.188966e+01
2.921000e-05	-3.705145e-02	1.181649e+01
2.922000e-05	-3.330472e-02	1.175278e+01
2.923000e-05	-3.437208e-02	1.161705e+01
2.924000e-05	-3.784565e-02	1.154075e+01
2.925000e-05	-3.279932e-02	1.144337e+01
2.926000e-05	-2.754202e-02	1.129973e+01
2.927000e-05	-2.775849e-02	1.121437e+01
2.928000e-05	-2.912278e-02	1.110918e+01
2.929000e-05	-3.072959e-02	1.101639e+01
2.930000e-05	-2.212788e-02	1.092021e+01
2.931000e-05	-2.145766e-02	1.079539e+01
2.932000e-05	-1.995957e-02	1.070552e+01
2.933000e-05	-2.535826e-02	1.051073e+01
2.934000e-05	-2.036053e-02	1.036334e+01
2.935000e-05	-1.909035e-02	1.026847e+01
2.936000e-05	-1.609275e-02	1.014069e+01
2.937000e-05	-2.091193e-02	1.000644e+01
2.938000e-05	-2.061598e-02	9.832990e+00
2.939000e-05	-1.643458e-02	9.697576e+00
2.940000e-05	-1.266489e-02	9.549786e+00
2.941000e-05	-1.309728e-02	9.362840e+00
2.942000e-05	-1.763469e-02	9.247526e+00
2.943000e-05	-1.572069e-02	9.126550e+00
2.944000e-05	-1.313274e-02	8.909129e+00
2.945000e-05	-1.056035e-02	8.721632e+00
2.946000e-05	-1.443225e-02	8.573816e+00
2.947000e-05	-1.464117e-02	8.426375e+00
2.948000e-05	-1.239877e-02	8.235974e+00
2.949000e-05	-9.565353e-03	8.047471e+00
2.950000e-05	-1.029862e-02	7.919054e+00
2.951000e-05	-1.278137e-02	7.700551e+00
2.952000e-05	-1.208888e-02	7.485624e+00
2.953000e-05	-9.734617e-03	7.246950e+00
2.954000e-05	-8.444583e-03	7.089048e+00
2.955000e-05	-1.061478e-02	6.869105e+00
2.956000e-05	-1.217911e-02	6.710005e+00
2.957000e-05	-1.091964e-02	6.478503e+00
2.958000e-05	-8.110715e-03	6.268656e+00
2.959000e-05	-7.602359e-03	6.120582e+00
2.960000e-05	-1.031553e-02	5.921057e+00
2.961000e-05	-9.768209e-03	5.639050e+00
2.962000e-05	-8.213164e-03	5.468603e+00
2.963000e-05	-6.073172e-03	5.247348e+00
2.964000e-05	-8.252869e-03	4.932262e+00
2.965000e-05	-9.883489e-03	4.753658e+00
2.966000e-05	-9.543859e-03	4.493737e+00
2.967000e-05	-7.197926e-03	4.352210e+00
2.968000e-05	-6.398330e-03	4.060630e+00
2.969000e-05	-7.971373e-03	3.879053e+00
2.970000e-05	-8.448913e-03	3.629576e+00
2.971000e-05	-6.246856e-03	3.456001e+00
2.972000e-05	-6.101640e-03	3.168394e+00
2.973000e-05	-6.746824e-03	2.974320e+00
2.974000e-05	-7.588962e-03	2.795847e+00
2.975000e-05	-8.011628e-03	2.514656e+00
2.976000e-05	-5.923724e-03	2.300578e+00
2.977000e-05	-5.858458e-03	2.051552e+00
2.978000e-05	-7.056955e-03	1.889029e+00
2.979000e-05	-6.712578e-03	1.607945e+00
2.980000e-05	-6.284140e-03	1.374692e+00
2.981000e-05	-3.728029e-03	1.165211e+00
2.982000e-05	-5.558023e-03	8.294228e-01
2.983000e-05	-5.589577e-03	6.079724e-01
2.984000e-05	-4.947366e-03	4.179238e-01
2.985000e-05	-3.750973e-03	1.653584e-01
2.986000e-05	-4.737634e-03	-5.531414e-02
2.987000e-05	5.259130e-03	-3.167655e-01
2.988000e-05	-1.511286e-03	-4.757353e-01
2.989000e-05	5.886266e-04	-7.699184e-01
2.990000e-05	-2.781544e-03	-9.488970e-01
2.991000e-05	8.871563e-04	-1.148520e+00
2.992000e-05	-3.733723e-03	-1.351500e+00
2.993000e-05	4.925075e-03	-1.602079e+00
2.994000e-05	6.319248e-02	-1.780025e+00
2.995000e-05	6.906765e-02	-2.023731e+00
2.996000e-05	-8.138672e-02	-2.444662e+00
2.997000e-05	-3.741787e-03	-2.738842e+00
2.998000e-05	-7.315957e-02	-2.885758e+00
2.999000e-05	-8.358571e-02	-3.093231e+00
3.000000e-05	1.801510e-01	-3.169973e+00
3.001000e-05	-8.501752e-02	-3.393155e+00
3.002000e-05	-5.921249e-02	-3.652629e+00
3.003000e-05	1.968541e-01	-3.759976e+00
3.004000e-05	-1.998514e-01	-4.075736e+00
3.005000e-05	1.549489e-01	-4.337346e+00
3.006000e-05	-2.930794e-04	-4.434189e+00
3.007000e-05	-1.825828e-01	-4.768423e+00
3.008000e-05	1.442894e-01	-4.907341e+00
3.009000e-05	-8.548055e-02	-5.190027e+00
3.010000e-05	8.935051e-02	-5.517313e+00
3.011000e-05	3.011795e-02	-5.642754e+00
3.012000e-05	-1.363682e-01	-5.916295e+00
3.013000e-05	1.579172e-01	-6.092676e+00
3.014000e-05	-1.018121e-01	-6.294313e+00
3.015000e-05	7.970512e-02	-6.515812e+00
3.016000e-05	-5.358437e-02	-6.694185e+00
3.017000e-05	-3.800463e-02	-6.935467e+00
3.018000e-05	1.431902e-01	-7.085913e+00
3.019000e-05	-1.235510e-01	-7.316317e+00
3.020000e-05	1.181398e-01	-7.492838e+00
3.021000e-05	-1.109358e-01	-7.701860e+00
3.022000e-05	3.719235e-02	-7.967348e+00
3.023000e-05	6.385659e-02	-8.122784e+00
3.024000e-05	-5.134431e-02	-8.323313e+00
3.025000e-05	7.482397e-02	-8.420627e+00
3.026000e-05	-1.025357e-01	-8.609154e+00
3.027000e-05	1.075177e-01	-8.840654e+00
3.028000e-05	-3.685449e-02	-8.977997e+00
3.029000e-05	1.856329e-02	-9.144868e+00
3.030000e-05	-1.891082e-02	-9.302731e+00
3.031000e-05	-1.722141e-02	-9.452714e+00
3.032000e-05	8.250884e-02	-9.648551e+00
3.033000e-05	-3.489294e-02	-9.787496e+00
3.034000e-05	4.451749e-02	-9.903734e+00
3.035000e-05	-5.128804e-02	-1.003957e+01
3.036000e-05	5.061508e-02	-1.024608e+01
3.037000e-05	1.823981e-03	-1.037542e+01
3.038000e-05	8.259274e-03	-1.050126e+01
3.039000e-05	-6.709340e-03	-1.059707e+01
3.040000e-05	-1.520527e-03	-1.073376e+01
3.041000e-05	4.880529e-02	-1.081957e+01
3.042000e-05	1.288220e-03	-1.095591e+01
3.043000e-05	1.684080e-02	-1.109118e+01
3.044000e-05	-2.030625e-02	-1.117550e+01
3.045000e-05	3.131561e-02	-1.128228e+01
3.046000e-05	1.598581e-02	-1.139802e+01
3.047000e-05	1.553589e-02	-1.148226e+01
3.048000e-05	-5.881443e-03	-1.159647e+01
3.049000e-05	8.738043e-03	-1.173068e+01
3.050000e-05	3.153280e-02	-1.183709e+01
3.051000e-05	2.050402e-02	-1.191181e+01
3.052000e-05	1.094213e-02	-1.198845e+01
3.053000e-05	3.418920e-04	-1.210066e+01
3.054000e-05	2.332922e-02	-1.217289e+01
3.055000e-05	2.890844e-02	-1.219697e+01
3.056000e-05	1.754834e-02	-1.222862e+01
3.057000e-05	3.091508e-03	-1.230223e+01
3.058000e-05	1.207463e-02	-1.236334e+01
3.059000e-05	2.823076e-02	-1.238537e+01
3.060000e-05	2.919680e-02	-1.240947e+01
3.061000e-05	1.591758e-02	-1.248060e+01
3.062000e-05	1.294436e-02	-1.254118e+01
3.063000e-05	2.439193e-02	-1.258129e+01
3.064000e-05	3.646054e-02	-1.263191e+01
3.065000e-05	2.545469e-02	-1.263444e+01
3.066000e-05	1.649644e-02	-1.264499e+01
3.067000e-05	1.765689e-02	-1.260504e+01
3.068000e-05	3.373467e-02	-1.264497e+01
3.069000e-05	3.687286e-02	-1.265447e+01
3.070000e-05	2.795510e-02	-1.262499e+01
3.071000e-05	2.404920e-02	-1.263290e+01
3.072000e-05	3.272354e-02	-1.261402e+01
3.073000e-05	4.345195e-02	-1.259241e+01
3.074000e-05	3.801447e-02	-1.260229e+01
3.075000e-05	2.855296e-02	-1.251118e+01
3.076000e-05	2.997401e-02	-1.252981e+01
3.077000e-05	4.103583e-02	-1.249063e+01
3.078000e-05	4.639487e-02	-1.243555e+01
3.079000e-05	3.774323e-02	-1.238386e+01
3.080000e-05	3.277243e-02	-1.233124e+01
3.081000e-05	3.731508e-02	-1.230015e+01
3.082000e-05	4.642034e-02	-1.222505e+01
3.083000e-05	4.200450e-02	-1.216339e+01
3.084000e-05	3.262545e-02	-1.216170e+01
3.085000e-05	2.913056e-02	-1.205008e+01
3.086000e-05	3.516781e-02	-1.198484e+01
3.087000e-05	3.716889e-02	-1.188917e+01
3.088000e-05	2.874277e-02	-1.183334e+01
3.089000e-05	2.124040e-02	-1.170013e+01
3.090000e-05	2.386750e-02	-1.159347e+01
3.091000e-05	2.882032e-02	-1.150961e+01
3.092000e-05	2.671271e-02	-1.139486e+01
3.093000e-05	1.877921e-02	-1.129547e+01
3.094000e-05	1.403315e-02	-1.112126e+01
3.095000e-05	1.845281e-02	-1.102642e+01
3.096000e-05	2.093671e-02	-1.091076e+01
3.097000e-05	1.568361e-02	-1.081849e+01
3.098000e-05	9.148653e-03	-1.074023e+01
3.099000e-05	1.115338e-02	-1.059687e+01
3.100000e-05	1.626164e-02	-1.047060e+01
3.101000e-05	1.572187e-02	-1.033170e+01
3.102000e-05	7.886325e-03	-1.016383e+01
3.103000e-05	5.255980e-03	-1.001842e+01
3.104000e-05	8.537321e-03	-9.890129e+00
3.105000e-05	1.037634e-02	-9.762838e+00
3.106000e-05	7.183482e-03	-9.618423e+00
3.107000e-05	3.550589e-03	-9.476992e+00
3.108000e-05	3.698088e-03	-9.289680e+00
3.109000e-05	7.399607e-03	-9.144259e+00
3.110000e-05	7.170455e-03	-8.994414e+00
3.111000e-05	4.193478e-03	-8.817496e+00
3.112000e-05	1.712107e-03	-8.675946e+00
3.113000e-05	3.547998e-03	-8.458054e+00
3.114000e-05	5.384715e-03	-8.301728e+00
3.115000e-05	3.404301e-03	-8.112787e+00
3.116000e-05	-6.798525e-04	-7.973310e+00
3.117000e-05	-4.414343e-04	-7.700730e+00
3.118000e-05	3.205874e-03	-7.501660e+00
3.119000e-05	3.268116e-03	-7.362259e+00
3.120000e-05	-3.485709e-04	-7.173761e+00
3.121000e-05	-1.731661e-03	-6.951204e+00
3.122000e-05	-3.584399e-05	-6.733236e+00
3.123000e-05	3.179411e-03	-6.553812e+00
3.124000e-05	1.732880e-04	-6.383761e+00
3.125000e-05	-4.232891e-03	-6.122187e+00
3.126000e-05	-2.862779e-03	-5.921735e+00
3.127000e-05	4.410126e-04	-5.703712e+00
3.128000e-05	1.298661e-03	-5.554264e+00
3.129000e-05	-2.145908e-03	-5.249003e+00
3.130000e-05	-5.710040e-03	-5.026976e+00
3.131000e-05	-1.683177e-03	-4.752737e+00
3.132000e-05	-4.116932e-04	-4.555338e+00
3.133000e-05	-2.281904e-04	-4.406919e+00
3.134000e-05	-4.483803e-03	-4.168314e+00
3.135000e-05	-5.167920e-03	-3.946841e+00
3.136000e-05	-1.336999e-03	-3.711258e+00
3.137000e-05	-2.707591e-03	-3.513634e+00
3.138000e-05	-4.113984e-03	-3.272581e+00
3.139000e-05	-8.194100e-03	-3.100505e+00
3.140000e-05	-3.483388e-03	-2.788447e+00
3.141000e-05	-3.034012e-03	-2.607397e+00
3.142000e-05	-6.181924e-04	-2.396920e+00
3.143000e-05	-6.715484e-03	-2.122785e+00
3.144000e-05	-4.979166e-03	-1.935236e+00
3.145000e-05	-4.096986e-03	-1.682184e+00
3.146000e-05	-3.000562e-03	-1.481529e+00
3.147000e-05	-6.549103e-03	-1.176817e+00
3.148000e-05	-8.309333e-03	-9.337897e-01
3.149000e-05	-7.117032e-03	-7.467871e-01
3.150000e-05	-3.418244e-03	-4.611018e-01
3.151000e-05	-1.850633e-03	-2.515516e-01
3.152000e-05	-4.564268e-03	-1.052414e-02
3.153000e-05	3.375292e-03	1.795774e-01
3.154000e-05	-3.499750e-03	4.315553e-01
3.155000e-05	3.543385e-03	6.026576e-01
3.156000e-05	-5.495119e-03	8.226548e-01
3.157000e-05	-4.254938e-03	1.086185e+00
3.158000e-05	-6.708172e-03	1.358766e+00
3.159000e-05	2.044126e-03	1.518470e+00
3.160000e-05	2.137403e-02	1.802025e+00
3.161000e-05	7.793284e-02	2.000551e+00
3.162000e-05	-1.104102e-02	2.236609e+00
3.163000e-05	-5.697354e-02	2.495364e+00
3.164000e-05	-3.230511e-02	2.821002e+00
3.165000e-05	-3.702943e-02	2.978972e+00
3.166000e-05	-9.600403e-02	3.125365e+00
3.167000e-05	1.253785e-01	3.234185e+00
3.168000e-05	-2.659654e-02	3.578452e+00
3.169000e-05	-1.084289e-01	3.694363e+00
3.170000e-05	2.010357e-01	3.936447e+00
3.171000e-05	-1.095372e-01	4.221052e+00
3.172000e-05	3.314393e-02	4.400529e+00
3.173000e-05	1.880668e-02	4.652731e+00
3.174000e-05	-1.132912e-01	4.831758e+00
3.175000e-05	5.617296e-02	5.144375e+00
3.176000e-05	-1.838490e-02	5.409475e+00
3.177000e-05	1.131361e-02	5.569051e+00
3.178000e-05	4.035410e-03	5.851097e+00
3.179000e-05	-5.797164e-02	6.061654e+00
3.180000e-05	4.078116e-02	6.210606e+00
3.181000e-05	-3.369362e-02	6.389077e+00
3.182000e-05	2.608840e-02	6.640551e+00
3.183000e-05	-4.988400e-02	6.833130e+00
3.184000e-05	-2.991434e-03	7.059203e+00
3.185000e-05	4.052992e-02	7.199650e+00
3.186000e-05	-4.589273e-02	7.438548e+00
3.187000e-05	1.473975e-02	7.650580e+00
3.188000e-05	-4.478700e-02	7.860653e+00
3.189000e-05	-3.908614e-03	8.083212e+00
3.190000e-05	1.960620e-02	8.231654e+00
3.191000e-05	-1.815433e-02	8.409001e+00
3.192000e-05	-5.958904e-03	8.546967e+00
3.193000e-05	-3.094381e-02	8.674813e+00
3.194000e-05	1.419189e-02	8.891704e+00
3.195000e-05	-1.285741e-02	9.059552e+00
3.196000e-05	-1.867073e-02	9.200153e+00
3.197000e-05	-2.122588e-02	9.375997e+00
3.198000e-05	-1.620600e-02	9.523765e+00
3.199000e-05	1.709501e-02	9.660653e+00
3.200000e-05	-1.940608e-02	9.795522e+00
3.201000e-05	-1.260732e-02	9.976998e+00
3.202000e-05	-2.839355e-02	1.013226e+01
3.203000e-05	-2.621610e-03	1.025016e+01
3.204000e-05	-7.793570e-03	1.039487e+01
3.205000e-05	-1.957662e-02	1.050128e+01
3.206000e-05	-2.302574e-02	1.066907e+01
3.207000e-05	-1.810477e-02	1.079439e+01
3.208000e-05	2.383901e-03	1.087978e+01
3.209000e-05	-1.473746e-02	1.101745e+01
3.210000e-05	-2.188368e-02	1.112223e+01
3.211000e-05	-2.903403e-02	1.119487e+01
3.212000e-05	-1.143863e-02	1.132073e+01
3.213000e-05	-1.038933e-02	1.146552e+01
3.214000e-05	-1.994584e-02	1.152184e+01
3.215000e-05	-2.762548e-02	1.165000e+01
3.216000e-05	-2.358558e-02	1.175292e+01
3.217000e-05	-8.419730e-03	1.181700e+01
3.218000e-05	-1.783450e-02	1.190066e+01
3.219000e-05	-2.495852e-02	1.193334e+01
3.220000e-05	-3.037795e-02	1.198894e+01
3.221000e-05	-1.939954e-02	1.214976e+01
3.222000e-05	-1.554581e-02	1.217236e+01
3.223000e-05	-2.465533e-02	1.221552e+01
3.224000e-05	-3.374998e-02	1.227965e+01
3.225000e-05	-3.108903e-02	1.232023e+01
3.226000e-05	-1.948023e-02	1.234337e+01
3.227000e-05	-2.255284e-02	1.240650e+01
3.228000e-05	-2.996124e-02	1.246715e+01
3.229000e-05	-3.742149e-02	1.250013e+01
3.230000e-05	-2.780674e-02	1.250071e+01
3.231000e-05	-2.504922e-02	1.248123e+01
3.232000e-05	-3.159735e-02	1.253128e+01
3.233000e-05	-3.961469e-02	1.256234e+01
3.234000e-05	-4.065409e-02	1.257281e+01
3.235000e-05	-3.165153e-02	1.256234e+01
3.236000e-05	-3.403551e-02	1.254278e+01
3.237000e-05	-3.835806e-02	1.254284e+01
3.238000e-05	-4.534604e-02	1.254076e+01
3.239000e-05	-4.066196e-02	1.254068e+01
3.240000e-05	-3.856969e-02	1.248111e+01
3.241000e-05	-4.264113e-02	1.248013e+01
3.242000e-05	-4.926862e-02	1.245857e+01
3.243000e-05	-4.985029e-02	1.237792e+01
3.244000e-05	-4.300363e-02	1.236437e+01
3.245000e-05	-4.282843e-02	1.230921e+01
3.246000e-05	-4.612269e-02	1.226560e+01
3.247000e-05	-5.123895e-02	1.222350e+01
3.248000e-05	-4.617685e-02	1.216276e+01
3.249000e-05	-4.326281e-02	1.210008e+01
3.250000e-05	-4.223313e-02	1.203695e+01
3.251000e-05	-4.495929e-02	1.197326e+01
3.252000e-05	-4.439855e-02	1.187913e+01
3.253000e-05	-3.874613e-02	1.183644e+01
3.254000e-05	-3.428486e-02	1.176176e+01
3.255000e-05	-3.353677e-02	1.163805e+01
3.256000e-05	-3.745094e-02	1.152971e+01
3.257000e-05	-3.273469e-02	1.146304e+01
3.258000e-05	-2.894788e-02	1.131171e+01
3.259000e-05	-2.705149e-02	1.120384e+01
3.260000e-05	-2.820096e-02	1.110015e+01
3.261000e-05	-3.006934e-02	1.100349e+01
3.262000e-05	-2.235989e-02	1.093113e+01
3.263000e-05	-2.237403e-02	1.079494e+01
3.264000e-05	-1.972492e-02	1.065655e+01
3.265000e-05	-2.571693e-02	1.051018e+01
3.266000e-05	-2.087131e-02	1.039289e+01
3.267000e-05	-1.869396e-02	1.026755e+01
3.268000e-05	-1.574828e-02	1.012021e+01
3.269000e-05	-2.029736e-02	1.001737e+01
3.270000e-05	-2.005573e-02	9.824966e+00
3.271000e-05	-1.748523e-02	9.668651e+00
3.272000e-05	-1.334474e-02	9.542186e+00
3.273000e-05	-1.316754e-02	9.383316e+00
3.274000e-05	-1.736858e-02	9.238074e+00
3.275000e-05	-1.503237e-02	9.097099e+00
3.276000e-05	-1.365570e-02	8.900206e+00
3.277000e-05	-1.071971e-02	8.741210e+00
3.278000e-05	-1.405242e-02	8.583840e+00
3.279000e-05	-1.343965e-02	8.427422e+00
3.280000e-05	-1.326059e-02	8.246478e+00
3.281000e-05	-1.021015e-02	8.068549e+00
3.282000e-05	-1.138740e-02	7.880073e+00
3.283000e-05	-1.296346e-02	7.700158e+00
3.284000e-05	-1.186585e-02	7.488678e+00
3.285000e-05	-1.035572e-02	7.259026e+00
3.286000e-05	-8.072322e-03	7.099053e+00
3.287000e-05	-1.080671e-02	6.881633e+00
3.288000e-05	-1.111823e-02	6.761154e+00
3.289000e-05	-1.087189e-02	6.469654e+00
3.290000e-05	-8.384727e-03	6.289582e+00
3.291000e-05	-9.153026e-03	6.102657e+00
3.292000e-05	-1.035403e-02	5.920681e+00
3.293000e-05	-1.053780e-02	5.659726e+00
3.294000e-05	-8.216929e-03	5.499551e+00
3.295000e-05	-6.923938e-03	5.239004e+00
3.296000e-05	-7.500829e-03	5.054836e+00
3.297000e-05	-8.939009e-03	4.783238e+00
3.298000e-05	-9.403515e-03	4.552188e+00
3.299000e-05	-6.840801e-03	4.373740e+00
3.300000e-05	-7.333801e-03	4.100554e+00
3.301000e-05	-7.515921e-03	3.898082e+00
3.302000e-05	-8.627657e-03	3.660130e+00
3.303000e-05	-6.863106e-03	3.518526e+00
3.304000e-05	-6.578177e-03	3.206344e+00
3.305000e-05	-7.128593e-03	2.987396e+00
3.306000e-05	-6.970175e-03	2.776926e+00
3.307000e-05	-6.961389e-03	2.545204e+00
3.308000e-05	-6.375840e-03	2.310156e+00
3.309000e-05	-5.648017e-03	2.101106e+00
3.310000e-05	-6.015317e-03	1.881133e+00
3.311000e-05	-6.864103e-03	1.569004e+00
3.312000e-05	-6.397531e-03	1.375319e+00
3.313000e-05	-4.853141e-03	1.142238e+00
3.314000e-05	-5.164664e-03	8.306004e-01
3.315000e-05	-5.592528e-03	6.484738e-01
3.316000e-05	-5.480149e-03	4.290264e-01
3.317000e-05	-3.774773e-03	1.863384e-01
3.318000e-05	-3.646690e-03	-6.578521e-02
3.319000e-05	5.017137e-03	-2.862855e-01
3.320000e-05	-1.976380e-03	-4.551590e-01
3.321000e-05	-4.225171e-04	-7.503691e-01
3.322000e-05	-2.096262e-03	-9.173457e-01
3.323000e-05	-3.580728e-04	-1.117416e+00
3.324000e-05	-3.153804e-03	-1.380400e+00
3.325000e-05	3.349237e-03	-1.613029e+00
3.326000e-05	5.651023e-02	-1.791001e+00
3.327000e-05	7.917533e-02	-1.985234e+00
3.328000e-05	-8.398243e-02	-2.422628e+00
3.329000e-05	-2.690297e-04	-2.696339e+00
3.330000e-05	-7.156747e-02	-2.863158e+00
3.331000e-05	-8.536687e-02	-3.064232e+00
3.332000e-05	1.661428e-01	-3.170421e+00
3.333000e-05	-5.620439e-02	-3.360553e+00
3.334000e-05	-9.272837e-02	-3.622101e+00
3.335000e-05	2.115183e-01	-3.757396e+00
3.336000e-05	-1.994530e-01	-4.087213e+00
3.337000e-05	1.398397e-01	-4.347841e+00
3.338000e-05	2.248155e-02	-4.453830e+00
3.339000e-05	-1.950238e-01	-4.790521e+00
3.340000e-05	1.362493e-01	-4.947308e+00
3.341000e-05	-6.940691e-02	-5.151024e+00
3.342000e-05	6.837862e-02	-5.506793e+00
3.343000e-05	5.680473e-02	-5.652159e+00
3.344000e-05	-1.510767e-01	-5.885283e+00
3.345000e-05	1.597445e-01	-6.041205e+00
3.346000e-05	-9.535750e-02	-6.245814e+00
3.347000e-05	6.158385e-02	-6.495787e+00
3.348000e-05	-3.297265e-02	-6.662810e+00
3.349000e-05	-5.869845e-02	-6.913312e+00
3.350000e-05	1.574658e-01	-7.082835e+00
3.351000e-05	-1.249063e-01	-7.335935e+00
3.352000e-05	1.135787e-01	-7.515261e+00
3.353000e-05	-9.500928e-02	-7.703310e+00
3.354000e-05	1.693516e-02	-7.977891e+00
3.355000e-05	7.728299e-02	-8.103809e+00
3.356000e-05	-6.471798e-02	-8.314283e+00
3.357000e-05	8.142633e-02	-8.430550e+00
3.358000e-05	-1.032503e-01	-8.587175e+00
3.359000e-05	1.005594e-01	-8.831580e+00
3.360000e-05	-2.558274e-02	-8.999494e+00
3.361000e-05	9.995094e-03	-9.124314e+00
3.362000e-05	-5.323200e-03	-9.262710e+00
3.363000e-05	-2.823365e-02	-9.489658e+00
3.364000e-05	8.637588e-02	-9.610076e+00
3.365000e-05	-3.974995e-02	-9.755292e+00
3.366000e-05	4.471287e-02	-9.913209e+00
3.367000e-05	-5.000072e-02	-1.000950e+01
3.368000e-05	4.588181e-02	-1.016552e+01
3.369000e-05	7.824147e-03	-1.035587e+01
3.370000e-05	5.621337e-03	-1.050068e+01
3.371000e-05	8.668351e-04	-1.057850e+01
3.372000e-05	-7.453149e-03	-1.072374e+01
3.373000e-05	4.992626e-02	-1.081000e+01
3.374000e-05	-2.144327e-03	-1.099394e+01
3.375000e-05	1.906568e-02	-1.105152e+01
3.376000e-05	-2.077625e-02	-1.119800e+01
3.377000e-05	2.973329e-02	-1.129073e+01
3.378000e-05	1.656886e-02	-1.142692e+01
3.379000e-05	1.679326e-02	-1.153026e+01
3.380000e-05	-2.867021e-03	-1.158490e+01
3.381000e-05	7.042778e-03	-1.174168e+01
3.382000e-05	3.003270e-02	-1.181597e+01
3.383000e-05	1.930856e-02	-1.192384e+01
3.384000e-05	1.118697e-02	-1.198837e+01
3.385000e-05	-5.148222e-04	-1.210103e+01
3.386000e-05	2.259019e-02	-1.215281e+01
3.387000e-05	2.728902e-02	-1.218600e+01
3.388000e-05	1.879839e-02	-1.226005e+01
3.389000e-05	5.381929e-03	-1.231166e+01
3.390000e-05	1.230830e-02	-1.234286e+01
3.391000e-05	2.726111e-02	-1.239699e+01
3.392000e-05	2.892664e-02	-1.243862e+01
3.393000e-05	1.687772e-02	-1.246966e+01
3.394000e-05	1.271687e-02	-1.248126e+01
3.395000e-05	2.352342e-02	-1.253134e+01
3.396000e-05	3.456375e-02	-1.257296e+01
3.397000e-05	2.619041e-02	-1.261391e+01
3.398000e-05	1.760040e-02	-1.262347e+01
3.399000e-05	1.929824e-02	-1.267499e+01
3.400000e-05	3.299782e-02	-1.263742e+01
3.401000e-05	3.730227e-02	-1.268797e+01
3.402000e-05	2.787757e-02	-1.263547e+01
3.403000e-05	2.404123e-02	-1.264547e+01
3.404000e-05	3.173464e-02	-1.264546e+01
3.405000e-05	4.264153e-02	-1.259339e+01
3.406000e-05	3.807531e-02	-1.258287e+01
3.407000e-05	3.051036e-02	-1.257031e+01
3.408000e-05	3.108699e-02	-1.247075e+01
3.409000e-05	4.147193e-02	-1.245955e+01
3.410000e-05	4.603435e-02	-1.242797e+01
3.411000e-05	3.881149e-02	-1.238539e+01
3.412000e-05	3.245718e-02	-1.230331e+01
3.413000e-05	3.477512e-02	-1.229905e+01
3.414000e-05	4.292475e-02	-1.225652e+01
3.415000e-05	4.221864e-02	-1.220529e+01
3.416000e-05	3.349684e-02	-1.216276e+01
3.417000e-05	2.940038e-02	-1.204962e+01
3.418000e-05	3.433183e-02	-1.197539e+01
3.419000e-05	3.784059e-02	-1.190018e+01
3.420000e-05	3.130679e-02	-1.182340e+01
3.421000e-05	2.183937e-02	-1.171965e+01
3.422000e-05	2.271852e-02	-1.161489e+01
3.423000e-05	2.661516e-02	-1.151968e+01
3.424000e-05	2.729323e-02	-1.139544e+01
3.425000e-05	1.969105e-02	-1.126500e+01
3.426000e-05	1.480105e-02	-1.115224e+01
3.427000e-05	1.772957e-02	-1.103704e+01
3.428000e-05	2.146661e-02	-1.091116e+01
3.429000e-05	1.850088e-02	-1.079745e+01
3.430000e-05	9.918535e-03	-1.072021e+01
3.431000e-05	9.047601e-03	-1.060589e+01
3.432000e-05	1.332907e-02	-1.051013e+01
3.433000e-05	1.565307e-02	-1.036329e+01
3.434000e-05	9.785657e-03	-1.018231e+01
3.435000e-05	5.705185e-03	-1.003850e+01
3.436000e-05	7.688564e-03	-9.891629e+00
3.437000e-05	1.124861e-02	-9.754912e+00
3.438000e-05	8.964050e-03	-9.648525e+00
3.439000e-05	3.907693e-03	-9.508523e+00
3.440000e-05	2.784573e-03	-9.310632e+00
3.441000e-05	5.940140e-03	-9.164234e+00
3.442000e-05	7.927401e-03	-9.003340e+00
3.443000e-05	4.627504e-03	-8.828024e+00
3.444000e-05	6.613966e-04	-8.655421e+00
3.445000e-05	2.629404e-03	-8.459147e+00
3.446000e-05	4.972783e-03	-8.299730e+00
3.447000e-05	4.464726e-03	-8.122758e+00
3.448000e-05	7.437356e-04	-7.993235e+00
3.449000e-05	-5.043214e-04	-7.741762e+00
3.450000e-05	1.582822e-03	-7.541708e+00
3.451000e-05	3.301437e-03	-7.361311e+00
3.452000e-05	1.760649e-03	-7.163740e+00
3.453000e-05	-1.949696e-03	-6.932333e+00
3.454000e-05	-1.285892e-03	-6.743237e+00
3.455000e-05	2.040636e-03	-6.544812e+00
3.456000e-05	1.089195e-03	-6.386336e+00
3.457000e-05	-1.176026e-03	-6.152311e+00
3.458000e-05	-2.959324e-03	-5.963762e+00
3.459000e-05	-6.548916e-04	-5.743236e+00
3.460000e-05	7.260087e-04	-5.563259e+00
3.461000e-05	-1.248209e-03	-5.250703e+00
3.462000e-05	-4.681954e-03	-5.059546e+00
3.463000e-05	-3.095719e-03	-4.814738e+00
3.464000e-05	-3.722416e-03	-4.555889e+00
3.465000e-05	1.024062e-03	-4.357370e+00
3.466000e-05	-4.293873e-03	-4.174245e+00
3.467000e-05	-2.077898e-03	-3.967867e+00
3.468000e-05	-1.511367e-03	-3.704234e+00
3.469000e-05	-2.927303e-03	-3.533682e+00
3.470000e-05	-1.760794e-03	-3.281283e+00
3.471000e-05	-8.692395e-03	-3.134527e+00
3.472000e-05	-5.636582e-03	-2.828999e+00
3.473000e-05	-7.152537e-03	-2.628971e+00
3.474000e-05	-1.278595e-03	-2.407395e+00
3.475000e-05	-4.663043e-03	-2.134838e+00
3.476000e-05	-2.097367e-03	-1.913713e+00
3.477000e-05	-2.866506e-03	-1.754213e+00
3.478000e-05	-1.950183e-03	-1.541155e+00
3.479000e-05	-6.512380e-03	-1.166894e+00
3.480000e-05	-8.684784e-03	-9.657647e-01
3.481000e-05	-9.123320e-03	-7.131447e-01
3.482000e-05	-6.605128e-03	-4.810843e-01
3.483000e-05	-3.631817e-03	-2.725793e-01
3.484000e-05	-2.644081e-03	-3.062909e-02
3.485000e-05	6.389544e-03	1.716037e-01
3.486000e-05	-2.206974e-03	4.220539e-01
3.487000e-05	2.658571e-03	6.026313e-01
3.488000e-05	-4.352080e-03	8.106811e-01
3.489000e-05	-4.542791e-03	1.054160e+00
3.490000e-05	-7.813848e-03	1.306818e+00
3.491000e-05	1.631550e-06	1.548166e+00
3.492000e-05	1.713639e-02	1.760456e+00
3.493000e-05	7.626882e-02	2.001029e+00
3.494000e-05	-1.180207e-04	2.243186e+00
3.495000e-05	-6.263370e-02	2.467870e+00
3.496000e-05	-3.014848e-02	2.779977e+00
3.497000e-05	-3.631642e-02	2.986873e+00
3.498000e-05	-9.433572e-02	3.135817e+00
3.499000e-05	1.095131e-01	3.272779e+00
3.500000e-05	-1.077632e-03	3.578924e+00
3.501000e-05	-1.337945e-01	3.726364e+00
3.502000e-05	2.082310e-01	3.916847e+00
3.503000e-05	-1.033561e-01	4.219579e+00
3.504000e-05	2.182789e-02	4.380479e+00
3.505000e-05	3.109400e-02	4.641129e+00
3.506000e-05	-1.162116e-01	4.833629e+00
3.507000e-05	5.279041e-02	5.104769e+00
3.508000e-05	-1.315394e-02	5.387973e+00
3.509000e-05	4.175107e-03	5.589423e+00
3.510000e-05	9.175964e-03	5.777446e+00
3.511000e-05	-5.861865e-02	6.011078e+00
3.512000e-05	3.864894e-02	6.220026e+00
3.513000e-05	-2.997732e-02	6.379598e+00
3.514000e-05	2.079689e-02	6.588599e+00
3.515000e-05	-3.987133e-02	6.821079e+00
3.516000e-05	-1.254080e-02	7.049654e+00
3.517000e-05	4.746051e-02	7.209501e+00
3.518000e-05	-4.782182e-02	7.438043e+00
3.519000e-05	1.267126e-02	7.619077e+00
3.520000e-05	-4.052946e-02	7.850609e+00
3.521000e-05	-9.538865e-03	8.070210e+00
3.522000e-05	2.283524e-02	8.241156e+00
3.523000e-05	-2.097053e-02	8.389024e+00
3.524000e-05	-2.940792e-03	8.536364e+00
3.525000e-05	-3.307068e-02	8.692287e+00
3.526000e-05	1.440866e-02	8.829634e+00
3.527000e-05	-1.129708e-02	8.997099e+00
3.528000e-05	-2.064374e-02	9.218500e+00
3.529000e-05	-2.158735e-02	9.365396e+00
3.530000e-05	-1.881586e-02	9.494311e+00
3.531000e-05	1.858293e-02	9.649074e+00
3.532000e-05	-1.928323e-02	9.824995e+00
3.533000e-05	-1.068706e-02	9.956421e+00
3.534000e-05	-2.870989e-02	1.012331e+01
3.535000e-05	-2.814167e-03	1.024961e+01
3.536000e-05	-8.721867e-03	1.037644e+01
3.537000e-05	-1.967795e-02	1.049028e+01
3.538000e-05	-2.375249e-02	1.065758e+01
3.539000e-05	-1.829303e-02	1.077695e+01
3.540000e-05	2.346480e-03	1.092121e+01
3.541000e-05	-1.550908e-02	1.100652e+01
3.542000e-05	-2.127724e-02	1.110068e+01
3.543000e-05	-2.807911e-02	1.119590e+01
3.544000e-05	-9.703325e-03	1.134133e+01
3.545000e-05	-1.116261e-02	1.143452e+01
3.546000e-05	-2.341271e-02	1.151131e+01
3.547000e-05	-2.892966e-02	1.163913e+01
3.548000e-05	-2.265119e-02	1.172289e+01
3.549000e-05	-8.137000e-03	1.182705e+01
3.550000e-05	-1.670064e-02	1.187165e+01
3.551000e-05	-2.462971e-02	1.195386e+01
3.552000e-05	-2.971577e-02	1.202702e+01
3.553000e-05	-1.930505e-02	1.209163e+01
3.554000e-05	-1.663651e-02	1.218334e+01
3.555000e-05	-2.819194e-02	1.223507e+01
3.556000e-05	-3.362060e-02	1.226715e+01
3.557000e-05	-2.840663e-02	1.231026e+01
3.558000e-05	-1.946279e-02	1.238382e+01
3.559000e-05	-2.325725e-02	1.239695e+01
3.560000e-05	-3.094511e-02	1.244805e+01
3.561000e-05	-3.585612e-02	1.247008e+01
3.562000e-05	-2.708221e-02	1.253071e+01
3.563000e-05	-2.758284e-02	1.248171e+01
3.564000e-05	-3.330045e-02	1.253428e+01
3.565000e-05	-3.977704e-02	1.254381e+01
3.566000e-05	-3.758418e-02	1.255286e+01
3.567000e-05	-3.113790e-02	1.255131e+01
3.568000e-05	-3.329473e-02	1.257131e+01
3.569000e-05	-3.930345e-02	1.253331e+01
3.570000e-05	-4.445253e-02	1.254283e+01
3.571000e-05	-3.931745e-02	1.254118e+01
3.572000e-05	-3.968268e-02	1.253968e+01
3.573000e-05	-4.362345e-02	1.249956e+01
3.574000e-05	-5.005850e-02	1.246853e+01
3.575000e-05	-4.850138e-02	1.239692e+01
3.576000e-05	-4.221255e-02	1.239639e+01
3.577000e-05	-4.263986e-02	1.235216e+01
3.578000e-05	-4.655982e-02	1.228712e+01
3.579000e-05	-5.176415e-02	1.223497e+01
3.580000e-05	-4.604475e-02	1.218084e+01
3.581000e-05	-4.325512e-02	1.210913e+01
3.582000e-05	-4.314657e-02	1.201750e+01
3.583000e-05	-4.608246e-02	1.196334e+01
3.584000e-05	-4.326928e-02	1.191016e+01
3.585000e-05	-3.772396e-02	1.179507e+01
3.586000e-05	-3.450579e-02	1.173223e+01
3.587000e-05	-3.508542e-02	1.165757e+01
3.588000e-05	-3.763769e-02	1.155869e+01
3.589000e-05	-3.170008e-02	1.141357e+01
3.590000e-05	-2.746540e-02	1.133168e+01
3.591000e-05	-2.750156e-02	1.118394e+01
3.592000e-05	-2.907905e-02	1.114164e+01
3.593000e-05	-3.029455e-02	1.101484e+01
3.594000e-05	-2.329641e-02	1.092171e+01
3.595000e-05	-2.274486e-02	1.081497e+01
3.596000e-05	-2.257316e-02	1.067855e+01
3.597000e-05	-2.426474e-02	1.056981e+01
3.598000e-05	-2.153213e-02	1.036487e+01
3.599000e-05	-1.580654e-02	1.024807e+01
3.600000e-05	-1.517716e-02	1.015124e+01
3.601000e-05	-2.097154e-02	1.001705e+01
3.602000e-05	-1.940626e-02	9.866940e+00
3.603000e-05	-2.002756e-02	9.668054e+00
3.604000e-05	-1.368116e-02	9.521212e+00
3.605000e-05	-1.555478e-02	9.384815e+00
3.606000e-05	-1.760254e-02	9.259100e+00
3.607000e-05	-1.395739e-02	9.139052e+00
3.608000e-05	-1.217366e-02	8.931108e+00
3.609000e-05	-9.170655e-03	8.752237e+00
3.610000e-05	-1.520527e-02	8.553866e+00
3.611000e-05	-1.579096e-02	8.458045e+00
3.612000e-05	-1.541851e-02	8.268970e+00
3.613000e-05	-1.012148e-02	8.059551e+00
3.614000e-05	-1.127235e-02	7.878101e+00
3.615000e-05	-1.106563e-02	7.730657e+00
3.616000e-05	-9.328721e-03	7.529177e+00
3.617000e-05	-9.415171e-03	7.260601e+00
3.618000e-05	-1.019810e-02	7.099029e+00
3.619000e-05	-1.332368e-02	6.870678e+00
3.620000e-05	-1.282526e-02	6.728682e+00
3.621000e-05	-1.043257e-02	6.480202e+00
3.622000e-05	-7.716288e-03	6.300653e+00
3.623000e-05	-8.124207e-03	6.121707e+00
3.624000e-05	-8.221001e-03	5.932736e+00
3.625000e-05	-8.753100e-03	5.660705e+00
3.626000e-05	-9.029771e-03	5.490079e+00
3.627000e-05	-1.072185e-02	5.249025e+00
3.628000e-05	-9.986113e-03	5.014291e+00
3.629000e-05	-1.109804e-02	4.752817e+00
3.630000e-05	-5.704082e-03	4.553262e+00
3.631000e-05	-7.619239e-03	4.363741e+00
3.632000e-05	-3.841488e-03	4.100083e+00
3.633000e-05	-8.064048e-03	3.910082e+00
3.634000e-05	-5.938587e-03	3.681554e+00
3.635000e-05	-8.708661e-03	3.489078e+00
3.636000e-05	-9.478261e-03	3.187002e+00
3.637000e-05	-9.361785e-03	3.006977e+00
3.638000e-05	-8.377563e-03	2.776996e+00
3.639000e-05	-5.419166e-03	2.563234e+00
3.640000e-05	-4.026180e-03	2.302758e+00
3.641000e-05	-4.682927e-03	2.111630e+00
3.642000e-05	-4.667789e-03	1.941562e+00
3.643000e-05	-6.701406e-03	1.628024e+00
3.644000e-05	-6.986035e-03	1.406942e+00
3.645000e-05	-8.456538e-03	1.144892e+00
3.646000e-05	-7.673209e-03	8.505516e-01
3.647000e-05	-5.063125e-03	6.585252e-01
3.648000e-05	-3.608612e-03	4.190028e-01
3.649000e-05	-1.600461e-03	1.749161e-01
3.650000e-05	-3.166600e-03	-3.425653e-02
3.651000e-05	4.733634e-03	-2.552130e-01
3.652000e-05	-3.883354e-06	-4.453090e-01
3.653000e-05	-1.798864e-03	-7.089194e-01
3.654000e-05	-2.785820e-03	-9.178145e-01
3.655000e-05	-2.585344e-03	-1.085916e+00
3.656000e-05	-2.351491e-03	-1.349341e+00
3.657000e-05	3.511355e-03	-1.610554e+00
3.658000e-05	5.173802e-02	-1.750500e+00
3.659000e-05	8.643549e-02	-2.022554e+00
3.660000e-05	-8.581575e-02	-2.402555e+00
3.661000e-05	9.360041e-04	-2.675289e+00
3.662000e-05	-6.993753e-02	-2.885209e+00
3.663000e-05	-8.626452e-02	-3.076340e+00
3.664000e-05	1.493031e-01	-3.158923e+00
3.665000e-05	-2.518587e-02	-3.370073e+00
3.666000e-05	-1.238448e-01	-3.621049e+00
3.667000e-05	2.212368e-01	-3.707593e+00
3.668000e-05	-1.960008e-01	-4.032759e+00
3.669000e-05	1.194944e-01	-4.325319e+00
3.670000e-05	4.704749e-02	-4.443306e+00
3.671000e-05	-2.016754e-01	-4.747472e+00
3.672000e-05	1.264040e-01	-4.903308e+00
3.673000e-05	-5.445581e-02	-5.150443e+00
3.674000e-05	4.462491e-02	-5.505290e+00
3.675000e-05	7.948465e-02	-5.642128e+00
3.676000e-05	-1.623984e-01	-5.904763e+00
3.677000e-05	1.537670e-01	-6.022678e+00
3.678000e-05	-8.151390e-02	-6.293233e+00
3.679000e-05	4.601240e-02	-6.473759e+00
3.680000e-05	-9.660112e-03	-6.642134e+00
3.681000e-05	-8.264203e-02	-6.922284e+00
3.682000e-05	1.664392e-01	-7.115764e+00
3.683000e-05	-1.241474e-01	-7.334838e+00
3.684000e-05	1.053992e-01	-7.492213e+00
3.685000e-05	-7.844073e-02	-7.682306e+00
3.686000e-05	-4.458495e-03	-7.968367e+00
3.687000e-05	9.210129e-02	-8.113209e+00
3.688000e-05	-7.369733e-02	-8.292663e+00
3.689000e-05	8.754420e-02	-8.431200e+00
3.690000e-05	-1.034583e-01	-8.618622e+00
3.691000e-05	9.138965e-02	-8.829477e+00
3.692000e-05	-1.417755e-02	-8.957420e+00
3.693000e-05	1.068968e-03	-9.105315e+00
3.694000e-05	6.274569e-03	-9.270205e+00
3.695000e-05	-3.917689e-02	-9.469634e+00
3.696000e-05	9.214772e-02	-9.611104e+00
3.697000e-05	-4.116731e-02	-9.725367e+00
3.698000e-05	4.551672e-02	-9.902705e+00
3.699000e-05	-5.002746e-02	-1.002910e+01
3.700000e-05	4.013780e-02	-1.020697e+01
3.701000e-05	1.211355e-02	-1.036481e+01
3.702000e-05	5.046591e-03	-1.048223e+01
3.703000e-05	5.375902e-03	-1.057697e+01
3.704000e-05	-1.128372e-02	-1.072376e+01
3.705000e-05	5.031386e-02	-1.080850e+01
3.706000e-05	-2.483161e-03	-1.091221e+01
3.707000e-05	1.873468e-02	-1.103903e+01
3.708000e-05	-2.204067e-02	-1.115694e+01
3.709000e-05	2.746703e-02	-1.129021e+01
3.710000e-05	1.788376e-02	-1.137597e+01
3.711000e-05	1.774789e-02	-1.152181e+01
3.712000e-05	-3.691686e-04	-1.160894e+01
3.713000e-05	4.853145e-03	-1.171071e+01
3.714000e-05	3.068949e-02	-1.185500e+01
3.715000e-05	1.830089e-02	-1.191273e+01
3.716000e-05	1.178954e-02	-1.197744e+01
3.717000e-05	-8.954155e-04	-1.206073e+01
3.718000e-05	2.232418e-02	-1.215333e+01
3.719000e-05	2.811359e-02	-1.218742e+01
3.720000e-05	2.045819e-02	-1.223960e+01
3.721000e-05	4.844306e-03	-1.229266e+01
3.722000e-05	1.084685e-02	-1.235339e+01
3.723000e-05	2.633358e-02	-1.234536e+01
3.724000e-05	2.930027e-02	-1.241750e+01
3.725000e-05	1.738801e-02	-1.249068e+01
3.726000e-05	1.257861e-02	-1.248173e+01
3.727000e-05	2.288602e-02	-1.257181e+01
3.728000e-05	3.467611e-02	-1.257337e+01
3.729000e-05	2.635536e-02	-1.261389e+01
3.730000e-05	1.693827e-02	-1.261392e+01
3.731000e-05	1.753214e-02	-1.266497e+01
3.732000e-05	3.211181e-02	-1.264552e+01
3.733000e-05	3.869089e-02	-1.261657e+01
3.734000e-05	2.882132e-02	-1.267494e+01
3.735000e-05	2.389075e-02	-1.259454e+01
3.736000e-05	3.133471e-02	-1.256289e+01
3.737000e-05	4.067275e-02	-1.259334e+01
3.738000e-05	3.796857e-02	-1.262141e+01
3.739000e-05	2.943913e-02	-1.254176e+01
3.740000e-05	3.012785e-02	-1.253073e+01
3.741000e-05	4.087826e-02	-1.247010e+01
3.742000e-05	4.715302e-02	-1.240900e+01
3.743000e-05	3.951022e-02	-1.237541e+01
3.744000e-05	3.193731e-02	-1.237186e+01
3.745000e-05	3.569718e-02	-1.229965e+01
3.746000e-05	4.306575e-02	-1.223852e+01
3.747000e-05	4.107394e-02	-1.218487e+01
3.748000e-05	3.180844e-02	-1.211229e+01
3.749000e-05	2.860482e-02	-1.208852e+01
3.750000e-05	3.565626e-02	-1.200496e+01
3.751000e-05	3.733507e-02	-1.190815e+01
3.752000e-05	3.109976e-02	-1.188449e+01
3.753000e-05	2.237869e-02	-1.176971e+01
3.754000e-05	2.365775e-02	-1.160602e+01
3.755000e-05	2.754962e-02	-1.151070e+01
3.756000e-05	2.667047e-02	-1.138279e+01
3.757000e-05	1.802680e-02	-1.128562e+01
3.758000e-05	1.417883e-02	-1.117221e+01
3.759000e-05	1.829664e-02	-1.101847e+01
3.760000e-05	2.139808e-02	-1.092231e+01
3.761000e-05	1.708681e-02	-1.081854e+01
3.762000e-05	1.007039e-02	-1.072918e+01
3.763000e-05	1.027658e-02	-1.060639e+01
3.764000e-05	1.416659e-02	-1.047970e+01
3.765000e-05	1.472833e-02	-1.033276e+01
3.766000e-05	8.568041e-03	-1.019339e+01
3.767000e-05	5.049889e-03	-1.004750e+01
3.768000e-05	7.269389e-03	-9.940705e+00
3.769000e-05	1.186859e-02	-9.784416e+00
3.770000e-05	8.734652e-03	-9.648047e+00
3.771000e-05	3.639587e-03	-9.519079e+00
3.772000e-05	3.347701e-03	-9.289235e+00
3.773000e-05	7.090465e-03	-9.132812e+00
3.774000e-05	8.004508e-03	-8.986295e+00
3.775000e-05	3.870945e-03	-8.838999e+00
3.776000e-05	1.500117e-03	-8.619124e+00
3.777000e-05	2.256873e-03	-8.500003e+00
3.778000e-05	6.073131e-03	-8.281283e+00
3.779000e-05	3.584980e-03	-8.152786e+00
3.780000e-05	6.821379e-04	-7.986436e+00
3.781000e-05	-9.225463e-04	-7.792336e+00
3.782000e-05	1.645124e-03	-7.541812e+00
3.783000e-05	2.891750e-03	-7.302863e+00
3.784000e-05	2.612613e-03	-7.193390e+00
3.785000e-05	-1.231457e-03	-6.953363e+00
3.786000e-05	-1.138269e-03	-6.744313e+00
3.787000e-05	5.091624e-04	-6.583866e+00
3.788000e-05	1.600200e-03	-6.415440e+00
3.789000e-05	-2.213647e-03	-6.184890e+00
3.790000e-05	-2.342050e-03	-5.934261e+00
3.791000e-05	-1.647115e-04	-5.725836e+00
3.792000e-05	7.507151e-04	-5.567261e+00
3.793000e-05	-1.294819e-04	-5.312783e+00
3.794000e-05	-4.335706e-03	-5.060577e+00
3.795000e-05	-3.858112e-03	-4.833887e+00
3.796000e-05	-2.259621e-03	-4.576317e+00
3.797000e-05	1.053804e-03	-4.417921e+00
3.798000e-05	-3.166193e-03	-4.206894e+00
3.799000e-05	-5.516468e-03	-4.007892e+00
3.800000e-05	-2.515538e-03	-3.743259e+00
3.801000e-05	-1.548565e-03	-3.555212e+00
3.802000e-05	-1.411670e-03	-3.331733e+00
3.803000e-05	-7.165374e-03	-3.151557e+00
3.804000e-05	-5.543008e-03	-2.868453e+00
3.805000e-05	-3.999410e-03	-2.648995e+00
3.806000e-05	-9.633438e-04	-2.427448e+00
3.807000e-05	-4.969388e-03	-2.165766e+00
3.808000e-05	-5.485968e-03	-1.943813e+00
3.809000e-05	-5.797658e-03	-1.744208e+00
3.810000e-05	-3.352592e-03	-1.491152e+00
3.811000e-05	-5.323489e-03	-1.205849e+00
3.812000e-05	-7.202390e-03	-9.668897e-01
3.813000e-05	-7.173805e-03	-7.748435e-01
3.814000e-05	-4.454266e-03	-4.611806e-01
3.815000e-05	-2.353568e-03	-2.435793e-01
3.816000e-05	-3.915314e-03	-6.955435e-02
3.817000e-05	2.402756e-03	1.095269e-01
3.818000e-05	-3.228576e-03	4.120812e-01
3.819000e-05	5.327618e-04	5.811025e-01
3.820000e-05	-2.640190e-03	7.909488e-01
3.821000e-05	-3.969415e-03	1.023686e+00
3.822000e-05	-6.123198e-03	1.286214e+00
3.823000e-05	8.985330e-04	1.504872e+00
3.824000e-05	1.587414e-02	1.769972e+00
3.825000e-05	7.213313e-02	2.002002e+00
3.826000e-05	8.681294e-03	2.242555e+00
3.827000e-05	-6.847047e-02	2.474313e+00
3.828000e-05	-2.843558e-02	2.759951e+00
3.829000e-05	-3.729991e-02	2.947895e+00
3.830000e-05	-9.204642e-02	3.104717e+00
3.831000e-05	9.472551e-02	3.221658e+00
3.832000e-05	2.610680e-02	3.540347e+00
3.833000e-05	-1.544588e-01	3.744817e+00
3.834000e-05	2.112753e-01	3.906344e+00
3.835000e-05	-9.604948e-02	4.228552e+00
3.836000e-05	1.223587e-02	4.390001e+00
3.837000e-05	4.114749e-02	4.580576e+00
3.838000e-05	-1.184407e-01	4.800228e+00
3.839000e-05	4.544784e-02	5.124810e+00
3.840000e-05	-6.319073e-03	5.348423e+00
3.841000e-05	-1.217507e-03	5.547946e+00
3.842000e-05	1.422548e-02	5.767521e+00
3.843000e-05	-5.901560e-02	6.020576e+00
3.844000e-05	3.501535e-02	6.177004e+00
3.845000e-05	-2.407614e-02	6.399475e+00
3.846000e-05	1.459499e-02	6.627019e+00
3.847000e-05	-3.309781e-02	6.831154e+00
3.848000e-05	-2.328468e-02	7.031055e+00
3.849000e-05	5.266671e-02	7.198502e+00
3.850000e-05	-4.743808e-02	7.405948e+00
3.851000e-05	1.190970e-02	7.631102e+00
3.852000e-05	-3.487673e-02	7.838105e+00
3.853000e-05	-1.402262e-02	8.091528e+00
3.854000e-05	2.665505e-02	8.241129e+00
3.855000e-05	-2.313205e-02	8.358501e+00
3.856000e-05	-1.294420e-03	8.543815e+00
3.857000e-05	-3.527372e-02	8.681762e+00
3.858000e-05	1.380177e-02	8.851552e+00
3.859000e-05	-9.856721e-03	9.039574e+00
3.860000e-05	-2.106563e-02	9.188498e+00
3.861000e-05	-1.998953e-02	9.366393e+00
3.862000e-05	-2.108999e-02	9.512334e+00
3.863000e-05	1.980025e-02	9.620151e+00
3.864000e-05	-1.831750e-02	9.814968e+00
3.865000e-05	-1.058735e-02	9.985394e+00
3.866000e-05	-3.058700e-02	1.013228e+01
3.867000e-05	-3.483447e-03	1.023905e+01
3.868000e-05	-8.212300e-03	1.035389e+01
3.869000e-05	-1.864648e-02	1.046073e+01
3.870000e-05	-2.375377e-02	1.061605e+01
3.871000e-05	-1.800252e-02	1.074540e+01
3.872000e-05	2.414229e-03	1.089073e+01
3.873000e-05	-1.429630e-02	1.100495e+01
3.874000e-05	-2.092416e-02	1.107118e+01
3.875000e-05	-2.912074e-02	1.115452e+01
3.876000e-05	-1.170910e-02	1.132124e+01
3.877000e-05	-1.190842e-02	1.140652e+01
3.878000e-05	-1.931208e-02	1.152124e+01
3.879000e-05	-2.854288e-02	1.164665e+01
3.880000e-05	-2.406352e-02	1.174434e+01
3.881000e-05	-9.695327e-03	1.180645e+01
3.882000e-05	-1.715461e-02	1.188118e+01
3.883000e-05	-2.376493e-02	1.194284e+01
3.884000e-05	-3.041261e-02	1.198694e+01
3.885000e-05	-1.936275e-02	1.204971e+01
3.886000e-05	-1.755595e-02	1.217176e+01
3.887000e-05	-2.426387e-02	1.223494e+01
3.888000e-05	-3.373586e-02	1.227713e+01
3.889000e-05	-3.049738e-02	1.232019e+01
3.890000e-05	-2.121567e-02	1.235489e+01
3.891000e-05	-2.365947e-02	1.234649e+01
3.892000e-05	-2.875985e-02	1.242755e+01
3.893000e-05	-3.662260e-02	1.249010e+01
3.894000e-05	-2.715738e-02	1.254063e+01
3.895000e-05	-2.597854e-02	1.255121e+01
3.896000e-05	-3.096831e-02	1.253126e+01
3.897000e-05	-4.040023e-02	1.254129e+01
3.898000e-05	-4.039401e-02	1.257281e+01
3.899000e-05	-3.326958e-02	1.258239e+01
3.900000e-05	-3.343266e-02	1.253383e+01
3.901000e-05	-3.782483e-02	1.256231e+01
3.902000e-05	-4.500105e-02	1.252328e+01
3.903000e-05	-4.020119e-02	1.252119e+01
3.904000e-05	-3.880095e-02	1.249965e+01
3.905000e-05	-4.225818e-02	1.248015e+01
3.906000e-05	-4.910939e-02	1.247903e+01
3.907000e-05	-4.997854e-02	1.242697e+01
3.908000e-05	-4.419126e-02	1.236596e+01
3.909000e-05	-4.268941e-02	1.231876e+01
3.910000e-05	-4.580620e-02	1.228960e+01
3.911000e-05	-5.143271e-02	1.224547e+01
3.912000e-05	-4.596617e-02	1.217181e+01
3.913000e-05	-4.238993e-02	1.210065e+01
3.914000e-05	-4.097905e-02	1.202702e+01
3.915000e-05	-4.573658e-02	1.197331e+01
3.916000e-05	-4.396563e-02	1.188868e+01
3.917000e-05	-3.921988e-02	1.182695e+01
3.918000e-05	-3.493945e-02	1.178174e+01
3.919000e-05	-3.422445e-02	1.167805e+01
3.920000e-05	-3.745265e-02	1.156183e+01
3.921000e-05	-3.215556e-02	1.142349e+01
3.922000e-05	-2.927769e-02	1.130971e+01
3.923000e-05	-2.664009e-02	1.119592e+01
3.924000e-05	-2.731094e-02	1.112176e+01
3.925000e-05	-2.809648e-02	1.098540e+01
3.926000e-05	-2.440035e-02	1.093071e+01
3.927000e-05	-2.467232e-02	1.080442e+01
3.928000e-05	-2.027414e-02	1.068758e+01
3.929000e-05	-2.427853e-02	1.058131e+01
3.930000e-05	-2.053702e-02	1.038396e+01
3.931000e-05	-2.004359e-02	1.028857e+01
3.932000e-05	-1.626308e-02	1.018279e+01
3.933000e-05	-1.902014e-02	1.000597e+01
3.934000e-05	-1.896519e-02	9.885526e+00
3.935000e-05	-1.781670e-02	9.699278e+00
3.936000e-05	-1.506834e-02	9.541736e+00
3.937000e-05	-1.404066e-02	9.374919e+00
3.938000e-05	-1.668773e-02	9.239128e+00
3.939000e-05	-1.645464e-02	9.129658e+00
3.940000e-05	-1.502326e-02	8.941706e+00
3.941000e-05	-1.095404e-02	8.741287e+00
3.942000e-05	-1.313696e-02	8.584319e+00
3.943000e-05	-1.281110e-02	8.427130e+00
3.944000e-05	-1.369681e-02	8.269301e+00
3.945000e-05	-1.099038e-02	8.117630e+00
3.946000e-05	-1.069141e-02	7.908605e+00
3.947000e-05	-1.250771e-02	7.711159e+00
3.948000e-05	-1.291716e-02	7.538129e+00
3.949000e-05	-1.198648e-02	7.270130e+00
3.950000e-05	-9.032248e-03	7.119708e+00
3.951000e-05	-9.843376e-03	6.930708e+00
3.952000e-05	-1.038263e-02	6.742682e+00
3.953000e-05	-1.088902e-02	6.520179e+00
3.954000e-05	-9.183828e-03	6.281182e+00
3.955000e-05	-8.460163e-03	6.082212e+00
3.956000e-05	-9.650219e-03	5.931208e+00
3.957000e-05	-1.048967e-02	5.710054e+00
3.958000e-05	-9.988844e-03	5.500683e+00
3.959000e-05	-7.620960e-03	5.289624e+00
3.960000e-05	-7.432111e-03	5.005991e+00
3.961000e-05	-8.966999e-03	4.784293e+00
3.962000e-05	-9.718548e-03	4.574288e+00
3.963000e-05	-7.412714e-03	4.364316e+00
3.964000e-05	-5.972406e-03	4.100681e+00
3.965000e-05	-6.519714e-03	3.941684e+00
3.966000e-05	-8.796645e-03	3.711159e+00
3.967000e-05	-7.949422e-03	3.490008e+00
3.968000e-05	-6.911823e-03	3.177999e+00
3.969000e-05	-6.042892e-03	2.987926e+00
3.970000e-05	-7.176890e-03	2.798449e+00
3.971000e-05	-7.506645e-03	2.614241e+00
3.972000e-05	-6.764303e-03	2.343707e+00
3.973000e-05	-6.316565e-03	2.121184e+00
3.974000e-05	-5.025610e-03	1.913162e+00
3.975000e-05	-5.648274e-03	1.638574e+00
3.976000e-05	-7.202272e-03	1.416948e+00
3.977000e-05	-5.759868e-03	1.174341e+00
3.978000e-05	-4.800158e-03	9.100531e-01
3.979000e-05	-5.348663e-03	6.605277e-01
3.980000e-05	-6.595896e-03	4.695564e-01
3.981000e-05	-4.669055e-03	1.868939e-01
3.982000e-05	-2.777269e-03	-3.465257e-02
3.983000e-05	4.925052e-03	-2.347343e-01
3.984000e-05	1.945795e-03	-4.436578e-01
3.985000e-05	-3.332914e-03	-7.182657e-01
3.986000e-05	-2.477855e-04	-9.372632e-01
3.987000e-05	-1.002945e-03	-1.106838e+00
3.988000e-05	-1.691922e-03	-1.318421e+00
3.989000e-05	-3.224482e-04	-1.601053e+00
3.990000e-05	4.417001e-02	-1.770023e+00
3.991000e-05	9.497985e-02	-1.982576e+00
3.992000e-05	-8.348998e-02	-2.341580e+00
3.993000e-05	2.113362e-03	-2.677292e+00
3.994000e-05	-6.966560e-02	-2.862155e+00
3.995000e-05	-8.590130e-02	-3.043179e+00
3.996000e-05	1.327652e-01	-3.178923e+00
3.997000e-05	6.138694e-03	-3.329497e+00
3.998000e-05	-1.522874e-01	-3.611025e+00
3.999000e-05	2.250812e-01	-3.718891e+00
4.000000e-05	-1.849565e-01	-4.042157e+00
4.001000e-05	9.920208e-02	-4.305787e+00
4.002000e-05	7.070667e-02	-4.432655e+00
4.003000e-05	-2.090904e-01	-4.767942e+00
4.004000e-05	1.134950e-01	-4.883362e+00
4.005000e-05	-3.444361e-02	-5.096945e+00
4.006000e-05	2.247054e-02	-5.482759e+00
4.007000e-05	9.989259e-02	-5.621101e+00
4.008000e-05	-1.713884e-01	-5.853160e+00
4.009000e-05	1.482455e-01	-6.041126e+00
4.010000e-05	-6.455880e-02	-6.241714e+00
4.011000e-05	2.784616e-02	-6.484284e+00
4.012000e-05	1.094755e-02	-6.642152e+00
4.013000e-05	-1.025012e-01	-6.882389e+00
4.014000e-05	1.746047e-01	-7.105705e+00
4.015000e-05	-1.200207e-01	-7.283787e+00
4.016000e-05	9.488233e-02	-7.474184e+00
4.017000e-05	-6.120576e-02	-7.651132e+00
4.018000e-05	-2.439842e-02	-7.936443e+00
4.019000e-05	1.055441e-01	-8.072256e+00
4.020000e-05	-7.945694e-02	-8.293659e+00
4.021000e-05	9.143803e-02	-8.429574e+00
4.022000e-05	-9.936810e-02	-8.586049e+00
4.023000e-05	8.111691e-02	-8.810102e+00
4.024000e-05	-2.479063e-03	-8.945417e+00
4.025000e-05	-1.069145e-02	-9.115786e+00
4.026000e-05	1.580134e-02	-9.210252e+00
4.027000e-05	-4.952992e-02	-9.470601e+00
4.028000e-05	9.618687e-02	-9.608602e+00
4.029000e-05	-3.948205e-02	-9.744394e+00
4.030000e-05	4.587728e-02	-9.893678e+00
4.031000e-05	-4.477703e-02	-9.979570e+00
4.032000e-05	3.420532e-02	-1.023704e+01
4.033000e-05	1.626287e-02	-1.032489e+01
4.034000e-05	-6.357804e-04	-1.049126e+01
4.035000e-05	9.758003e-03	-1.057599e+01
4.036000e-05	-1.526079e-02	-1.072271e+01
4.037000e-05	5.106115e-02	-1.076852e+01
4.038000e-05	-6.397047e-04	-1.091483e+01
4.039000e-05	2.047797e-02	-1.104868e+01
4.040000e-05	-1.991000e-02	-1.118595e+01
4.041000e-05	2.486558e-02	-1.127068e+01
4.042000e-05	1.885118e-02	-1.133496e+01
4.043000e-05	1.570408e-02	-1.151220e+01
4.044000e-05	1.699909e-03	-1.158544e+01
4.045000e-05	3.808124e-03	-1.172178e+01
4.046000e-05	3.078770e-02	-1.182554e+01
4.047000e-05	1.919753e-02	-1.192083e+01
4.048000e-05	1.431577e-02	-1.197689e+01
4.049000e-05	-1.186961e-03	-1.204915e+01
4.050000e-05	2.037798e-02	-1.211233e+01
4.051000e-05	2.657414e-02	-1.216649e+01
4.052000e-05	2.069080e-02	-1.223808e+01
4.053000e-05	6.543645e-03	-1.232318e+01
4.054000e-05	1.059935e-02	-1.235384e+01
4.055000e-05	2.549091e-02	-1.239541e+01
4.056000e-05	2.858954e-02	-1.242855e+01
4.057000e-05	1.940472e-02	-1.243955e+01
4.058000e-05	1.285066e-02	-1.251028e+01
4.059000e-05	2.209870e-02	-1.254236e+01
4.060000e-05	3.226853e-02	-1.257296e+01
4.061000e-05	2.804993e-02	-1.258294e+01
4.062000e-05	1.787666e-02	-1.262446e+01
4.063000e-05	1.797931e-02	-1.261592e+01
4.064000e-05	3.046337e-02	-1.263599e+01
4.065000e-05	3.787589e-02	-1.264462e+01
4.066000e-05	3.048781e-02	-1.264647e+01
4.067000e-05	2.440408e-02	-1.262447e+01
4.068000e-05	3.028424e-02	-1.263589e+01
4.069000e-05	3.922093e-02	-1.260292e+01
4.070000e-05	3.791542e-02	-1.259179e+01
4.071000e-05	2.948793e-02	-1.256186e+01
4.072000e-05	3.068520e-02	-1.250060e+01
4.073000e-05	3.988610e-02	-1.248018e+01
4.074000e-05	4.746102e-02	-1.242752e+01
4.075000e-05	3.965147e-02	-1.242689e+01
4.076000e-05	3.362854e-02	-1.236234e+01
4.077000e-05	3.591631e-02	-1.228870e+01
4.078000e-05	4.247760e-02	-1.223702e+01
4.079000e-05	4.164949e-02	-1.216644e+01
4.080000e-05	3.218910e-02	-1.214028e+01
4.081000e-05	2.932579e-02	-1.203912e+01
4.082000e-05	3.437261e-02	-1.201699e+01
4.083000e-05	3.732453e-02	-1.190128e+01
4.084000e-05	3.197421e-02	-1.185494e+01
4.085000e-05	2.309821e-02	-1.173018e+01
4.086000e-05	2.309343e-02	-1.162592e+01
4.087000e-05	2.709264e-02	-1.152815e+01
4.088000e-05	2.691101e-02	-1.140537e+01
4.089000e-05	1.861474e-02	-1.130813e+01
4.090000e-05	1.403415e-02	-1.114229e+01
4.091000e-05	1.655668e-02	-1.104800e+01
4.092000e-05	2.087498e-02	-1.094221e+01
4.093000e-05	1.823794e-02	-1.082858e+01
4.094000e-05	1.160909e-02	-1.073218e+01
4.095000e-05	1.062710e-02	-1.061697e+01
4.096000e-05	1.434773e-02	-1.050118e+01
4.097000e-05	1.554189e-02	-1.037378e+01
4.098000e-05	9.128320e-03	-1.019386e+01
4.099000e-05	3.780417e-03	-1.003752e+01
4.100000e-05	5.950695e-03	-9.910131e+00
4.101000e-05	9.952474e-03	-9.774340e+00
4.102000e-05	9.532592e-03	-9.659598e+00
4.103000e-05	4.586153e-03	-9.488149e+00
4.104000e-05	4.278389e-03	-9.330757e+00
4.105000e-05	7.361273e-03	-9.142783e+00
4.106000e-05	9.367516e-03	-9.035892e+00
4.107000e-05	3.761074e-03	-8.849628e+00
4.108000e-05	1.431371e-04	-8.719071e+00
4.109000e-05	1.486249e-03	-8.470630e+00
4.110000e-05	4.387026e-03	-8.341733e+00
4.111000e-05	4.926388e-03	-8.152313e+00
4.112000e-05	1.392916e-03	-7.976891e+00
4.113000e-05	9.978710e-04	-7.792386e+00
4.114000e-05	2.223472e-03	-7.532759e+00
4.115000e-05	3.897057e-03	-7.352362e+00
4.116000e-05	6.001839e-04	-7.216466e+00
4.117000e-05	-2.697743e-03	-6.963811e+00
4.118000e-05	-2.466387e-03	-6.754866e+00
4.119000e-05	2.283169e-03	-6.556839e+00
4.120000e-05	2.078950e-03	-6.425392e+00
4.121000e-05	-1.232644e-03	-6.213387e+00
4.122000e-05	-3.105612e-03	-5.945287e+00
4.123000e-05	-2.622125e-04	-5.803832e+00
4.124000e-05	7.142121e-04	-5.595316e+00
4.125000e-05	-6.187425e-04	-5.341233e+00
4.126000e-05	-4.713709e-03	-5.069099e+00
4.127000e-05	-3.164419e-03	-4.863762e+00
4.128000e-05	-2.376561e-03	-4.607393e+00
4.129000e-05	1.353947e-03	-4.407945e+00
4.130000e-05	-4.051829e-03	-4.236943e+00
4.131000e-05	-4.246101e-03	-4.028495e+00
4.132000e-05	-4.011048e-03	-3.765311e+00
4.133000e-05	-2.756559e-03	-3.554285e+00
4.134000e-05	-2.143223e-03	-3.332682e+00
4.135000e-05	-6.160138e-03	-3.156159e+00
4.136000e-05	-4.518807e-03	-2.839051e+00
4.137000e-05	-4.984963e-03	-2.630950e+00
4.138000e-05	-1.164315e-03	-2.448473e+00
4.139000e-05	-4.994854e-03	-2.196320e+00
4.140000e-05	-4.737153e-03	-1.955315e+00
4.141000e-05	-5.453929e-03	-1.774761e+00
4.142000e-05	-3.680740e-03	-1.532735e+00
4.143000e-05	-6.569215e-03	-1.218473e+00
4.144000e-05	-6.136901e-03	-9.789174e-01
4.145000e-05	-8.139443e-03	-7.878173e-01
4.146000e-05	-4.952575e-03	-5.142595e-01
4.147000e-05	-2.926991e-03	-2.711816e-01
4.148000e-05	-3.339449e-03	-5.205541e-02
4.149000e-05	2.774670e-03	1.474760e-01
4.150000e-05	-2.292015e-03	3.915274e-01
4.151000e-05	-5.802583e-04	5.815510e-01
4.152000e-05	-2.370219e-03	7.904746e-01
4.153000e-05	-4.375167e-03	9.711562e-01
4.154000e-05	-5.620600e-03	1.263739e+00
4.155000e-05	5.866765e-04	1.485318e+00
4.156000e-05	1.477012e-02	1.749422e+00
4.157000e-05	7.017789e-02	1.948926e+00
4.158000e-05	2.024199e-02	2.181105e+00
4.159000e-05	-7.132874e-02	2.494259e+00
4.160000e-05	-2.697682e-02	2.759422e+00
4.161000e-05	-3.949124e-02	2.929422e+00
4.162000e-05	-9.021707e-02	3.124285e+00
4.163000e-05	7.740552e-02	3.242653e+00
4.164000e-05	5.112777e-02	3.527847e+00
4.165000e-05	-1.721335e-01	3.675815e+00
4.166000e-05	2.101736e-01	3.894763e+00
4.167000e-05	-8.200948e-02	4.166522e+00
4.168000e-05	5.684411e-05	4.379996e+00
4.169000e-05	5.010303e-02	4.609577e+00
4.170000e-05	-1.188476e-01	4.809051e+00
4.171000e-05	3.763304e-02	5.074761e+00
4.172000e-05	4.424369e-05	5.357944e+00
4.173000e-05	-7.397094e-03	5.556870e+00
4.174000e-05	1.865806e-02	5.686472e+00
4.175000e-05	-5.764667e-02	5.989602e+00
4.176000e-05	3.131001e-02	6.218998e+00
4.177000e-05	-1.826210e-02	6.368575e+00
4.178000e-05	7.214812e-03	6.567478e+00
4.179000e-05	-2.340701e-02	6.810653e+00
4.180000e-05	-3.413178e-02	7.019576e+00
4.181000e-05	5.827775e-02	7.169027e+00
4.182000e-05	-4.744438e-02	7.397016e+00
4.183000e-05	9.396610e-03	7.609526e+00
4.184000e-05	-3.047673e-02	7.779051e+00
4.185000e-05	-1.851441e-02	8.029002e+00
4.186000e-05	2.953347e-02	8.250629e+00
4.187000e-05	-2.480476e-02	8.376468e+00
4.188000e-05	7.805351e-04	8.514261e+00
4.189000e-05	-3.653952e-02	8.692184e+00
4.190000e-05	1.289942e-02	8.830051e+00
4.191000e-05	-8.809127e-03	9.008123e+00
4.192000e-05	-2.129580e-02	9.188923e+00
4.193000e-05	-1.926568e-02	9.365394e+00
4.194000e-05	-2.264308e-02	9.532211e+00
4.195000e-05	1.848381e-02	9.638996e+00
4.196000e-05	-1.816777e-02	9.806448e+00
4.197000e-05	-1.096243e-02	9.913817e+00
4.198000e-05	-3.106682e-02	1.009221e+01
4.199000e-05	-2.457403e-03	1.023862e+01
4.200000e-05	-6.212801e-03	1.036499e+01
4.201000e-05	-1.669669e-02	1.049018e+01
4.202000e-05	-2.524315e-02	1.063700e+01
4.203000e-05	-2.027738e-02	1.075739e+01
4.204000e-05	-6.983890e-05	1.086066e+01
4.205000e-05	-1.361188e-02	1.097547e+01
4.206000e-05	-2.020103e-02	1.108166e+01
4.207000e-05	-2.905785e-02	1.118344e+01
4.208000e-05	-1.053040e-02	1.127021e+01
4.209000e-05	-1.126521e-02	1.141297e+01
4.210000e-05	-1.813497e-02	1.153073e+01
4.211000e-05	-2.999222e-02	1.162900e+01
4.212000e-05	-2.516881e-02	1.173184e+01
4.213000e-05	-1.151518e-02	1.180599e+01
4.214000e-05	-1.563429e-02	1.187918e+01
4.215000e-05	-2.309189e-02	1.194289e+01
4.216000e-05	-2.934794e-02	1.198694e+01
4.217000e-05	-1.838358e-02	1.206818e+01
4.218000e-05	-1.633199e-02	1.213184e+01
4.219000e-05	-2.315549e-02	1.220449e+01
4.220000e-05	-3.549268e-02	1.225563e+01
4.221000e-05	-3.186932e-02	1.230074e+01
4.222000e-05	-2.287981e-02	1.233286e+01
4.223000e-05	-2.279282e-02	1.239699e+01
4.224000e-05	-2.841182e-02	1.242750e+01
4.225000e-05	-3.709227e-02	1.248118e+01
4.226000e-05	-2.720401e-02	1.252076e+01
4.227000e-05	-2.539186e-02	1.250018e+01
4.228000e-05	-2.995702e-02	1.255131e+01
4.229000e-05	-4.112717e-02	1.253326e+01
4.230000e-05	-3.994615e-02	1.257281e+01
4.231000e-05	-3.355426e-02	1.255382e+01
4.232000e-05	-3.154876e-02	1.255086e+01
4.233000e-05	-3.824132e-02	1.252231e+01
4.234000e-05	-4.493839e-02	1.257129e+01
4.235000e-05	-3.976486e-02	1.253019e+01
4.236000e-05	-3.666604e-02	1.251976e+01
4.237000e-05	-4.093381e-02	1.248916e+01
4.238000e-05	-4.961411e-02	1.247907e+01
4.239000e-05	-5.144431e-02	1.242697e+01
4.240000e-05	-4.514965e-02	1.237342e+01
4.241000e-05	-4.198128e-02	1.235221e+01
4.242000e-05	-4.631903e-02	1.226667e+01
4.243000e-05	-5.149662e-02	1.225455e+01
4.244000e-05	-4.608850e-02	1.219034e+01
4.245000e-05	-4.107154e-02	1.212920e+01
4.246000e-05	-3.985573e-02	1.205802e+01
4.247000e-05	-4.590654e-02	1.196181e+01
4.248000e-05	-4.564301e-02	1.190015e+01
4.249000e-05	-4.029580e-02	1.184852e+01
4.250000e-05	-3.528153e-02	1.174031e+01
4.251000e-05	-3.455234e-02	1.167908e+01
4.252000e-05	-3.659681e-02	1.157976e+01
4.253000e-05	-3.274992e-02	1.143404e+01
4.254000e-05	-2.765951e-02	1.131023e+01
4.255000e-05	-2.582668e-02	1.122742e+01
4.256000e-05	-2.939105e-02	1.111971e+01
4.257000e-05	-3.110688e-02	1.103695e+01
4.258000e-05	-2.566382e-02	1.095066e+01
4.259000e-05	-2.213581e-02	1.081702e+01
4.260000e-05	-1.984567e-02	1.070663e+01
4.261000e-05	-2.406279e-02	1.059188e+01
4.262000e-05	-2.041581e-02	1.044594e+01
4.263000e-05	-1.832689e-02	1.025760e+01
4.264000e-05	-1.535139e-02	1.016226e+01
4.265000e-05	-2.035113e-02	1.003697e+01
4.266000e-05	-2.107015e-02	9.878646e+00
4.267000e-05	-1.819071e-02	9.688602e+00
4.268000e-05	-1.391281e-02	9.522262e+00
4.269000e-05	-1.402966e-02	9.414869e+00
4.270000e-05	-1.723485e-02	9.278578e+00
4.271000e-05	-1.696077e-02	9.128183e+00
4.272000e-05	-1.363992e-02	8.911235e+00
4.273000e-05	-1.119555e-02	8.763790e+00
4.274000e-05	-1.342331e-02	8.625891e+00
4.275000e-05	-1.444546e-02	8.478552e+00
4.276000e-05	-1.320476e-02	8.267071e+00
4.277000e-05	-1.058022e-02	8.067154e+00
4.278000e-05	-1.057038e-02	7.909654e+00
4.279000e-05	-1.309389e-02	7.712161e+00
4.280000e-05	-1.298655e-02	7.529130e+00
4.281000e-05	-1.090930e-02	7.260108e+00
4.282000e-05	-8.889554e-03	7.109679e+00
4.283000e-05	-9.635596e-03	6.922234e+00
4.284000e-05	-1.136021e-02	6.759755e+00
4.285000e-05	-1.108793e-02	6.451234e+00
4.286000e-05	-9.121179e-03	6.331208e+00
4.287000e-05	-8.496039e-03	6.143283e+00
4.288000e-05	-9.945781e-03	5.973736e+00
4.289000e-05	-1.020230e-02	5.720157e+00
4.290000e-05	-8.907247e-03	5.501233e+00
4.291000e-05	-7.264765e-03	5.310183e+00
4.292000e-05	-7.753729e-03	4.996366e+00
4.293000e-05	-9.379006e-03	4.784315e+00
4.294000e-05	-8.758973e-03	4.584843e+00
4.295000e-05	-6.901850e-03	4.396366e+00
4.296000e-05	-7.071807e-03	4.130312e+00
4.297000e-05	-7.631050e-03	3.922214e+00
4.298000e-05	-8.368385e-03	3.722209e+00
4.299000e-05	-7.796181e-03	3.502704e+00
4.300000e-05	-6.215393e-03	3.207600e+00
4.301000e-05	-6.485005e-03	3.027576e+00
4.302000e-05	-7.018131e-03	2.828953e+00
4.303000e-05	-7.927221e-03	2.594862e+00
4.304000e-05	-6.173986e-03	2.292762e+00
4.305000e-05	-4.977969e-03	2.072714e+00
4.306000e-05	-6.034029e-03	1.921631e+00
4.307000e-05	-6.644683e-03	1.680578e+00
4.308000e-05	-6.633578e-03	1.397920e+00
4.309000e-05	-5.043341e-03	1.227292e+00
4.310000e-05	-5.407902e-03	8.686579e-01
4.311000e-05	-5.290989e-03	6.906280e-01
4.312000e-05	-5.972248e-03	4.496090e-01
4.313000e-05	-3.983702e-03	2.373977e-01
4.314000e-05	-3.906397e-03	-2.231323e-03
4.315000e-05	2.171205e-03	-2.151603e-01
4.316000e-05	1.572817e-03	-4.341801e-01
4.317000e-05	-3.839632e-03	-6.987944e-01
4.318000e-05	1.650331e-03	-8.753156e-01
4.319000e-05	-1.453459e-03	-1.105363e+00
4.320000e-05	-6.420342e-04	-1.299844e+00
4.321000e-05	4.184117e-04	-1.581550e+00
4.322000e-05	3.996661e-02	-1.779475e+00
4.323000e-05	9.913031e-02	-1.952026e+00
4.324000e-05	-8.128673e-02	-2.362002e+00
4.325000e-05	-1.499817e-04	-2.675333e+00
4.326000e-05	-6.701027e-02	-2.843132e+00
4.327000e-05	-8.490206e-02	-3.052605e+00
4.328000e-05	1.140007e-01	-3.148446e+00
4.329000e-05	3.566145e-02	-3.338341e+00
4.330000e-05	-1.755699e-01	-3.630477e+00
4.331000e-05	2.270140e-01	-3.726934e+00
4.332000e-05	-1.725911e-01	-4.033131e+00
4.333000e-05	7.435764e-02	-4.305236e+00
4.334000e-05	9.086493e-02	-4.402180e+00
4.335000e-05	-2.100916e-01	-4.717867e+00
4.336000e-05	9.879972e-02	-4.901886e+00
4.337000e-05	-1.477826e-02	-5.106914e+00
4.338000e-05	-2.593987e-03	-5.462204e+00
4.339000e-05	1.212007e-01	-5.581574e+00
4.340000e-05	-1.758158e-01	-5.852681e+00
4.341000e-05	1.377471e-01	-6.022174e+00
4.342000e-05	-5.036111e-02	-6.210677e+00
4.343000e-05	9.217938e-03	-6.473731e+00
4.344000e-05	3.200573e-02	-6.661125e+00
4.345000e-05	-1.191460e-01	-6.892729e+00
4.346000e-05	1.770769e-01	-7.112757e+00
4.347000e-05	-1.125998e-01	-7.272284e+00
4.348000e-05	8.181258e-02	-7.501258e+00
4.349000e-05	-4.180972e-02	-7.692230e+00
4.350000e-05	-4.447071e-02	-7.926913e+00
4.351000e-05	1.168157e-01	-8.082284e+00
4.352000e-05	-8.390609e-02	-8.251703e+00
4.353000e-05	9.296702e-02	-8.419975e+00
4.354000e-05	-9.328180e-02	-8.618020e+00
4.355000e-05	6.882699e-02	-8.800052e+00
4.356000e-05	1.057352e-02	-8.965469e+00
4.357000e-05	-2.160191e-02	-9.134860e+00
4.358000e-05	2.573681e-02	-9.250577e+00
4.359000e-05	-5.766775e-02	-9.420599e+00
4.360000e-05	9.811678e-02	-9.617971e+00
4.361000e-05	-3.764943e-02	-9.733864e+00
4.362000e-05	4.300793e-02	-9.872179e+00
4.363000e-05	-4.204806e-02	-9.988472e+00
4.364000e-05	2.715566e-02	-1.018494e+01
4.365000e-05	2.314407e-02	-1.034524e+01
4.366000e-05	-2.967790e-03	-1.047220e+01
4.367000e-05	1.257343e-02	-1.061649e+01
4.368000e-05	-1.936587e-02	-1.071224e+01
4.369000e-05	5.230286e-02	-1.078809e+01
4.370000e-05	1.217965e-03	-1.093286e+01
4.371000e-05	2.134351e-02	-1.106008e+01
4.372000e-05	-1.993748e-02	-1.114547e+01
4.373000e-05	2.320497e-02	-1.128076e+01
4.374000e-05	1.963275e-02	-1.137539e+01
4.375000e-05	1.564153e-02	-1.147021e+01
4.376000e-05	1.965766e-03	-1.157644e+01
4.377000e-05	1.373006e-03	-1.173181e+01
4.378000e-05	2.986621e-02	-1.180507e+01
4.379000e-05	2.075256e-02	-1.191173e+01
4.380000e-05	1.571294e-02	-1.196742e+01
4.381000e-05	-5.094459e-04	-1.207058e+01
4.382000e-05	1.890646e-02	-1.215276e+01
4.383000e-05	2.673822e-02	-1.217639e+01
4.384000e-05	2.206618e-02	-1.227857e+01
4.385000e-05	6.215438e-03	-1.230226e+01
4.386000e-05	1.112351e-02	-1.233181e+01
4.387000e-05	2.494292e-02	-1.238452e+01
4.388000e-05	3.117404e-02	-1.240705e+01
4.389000e-05	1.983163e-02	-1.249113e+01
4.390000e-05	1.274756e-02	-1.249121e+01
4.391000e-05	2.027908e-02	-1.253173e+01
4.392000e-05	3.239484e-02	-1.255386e+01
4.393000e-05	2.790459e-02	-1.261494e+01
4.394000e-05	1.793086e-02	-1.262299e+01
4.395000e-05	1.782276e-02	-1.262394e+01
4.396000e-05	3.019174e-02	-1.264354e+01
4.397000e-05	3.756209e-02	-1.263655e+01
4.398000e-05	3.062536e-02	-1.264259e+01
4.399000e-05	2.412592e-02	-1.264400e+01
4.400000e-05	3.038347e-02	-1.260299e+01
4.401000e-05	3.943756e-02	-1.261346e+01
4.402000e-05	3.879340e-02	-1.258294e+01
4.403000e-05	3.012471e-02	-1.256184e+01
4.404000e-05	3.027816e-02	-1.251968e+01
4.405000e-05	3.927727e-02	-1.248963e+01
4.406000e-05	4.586852e-02	-1.243900e+01
4.407000e-05	3.968682e-02	-1.239789e+01
4.408000e-05	3.328608e-02	-1.233229e+01
4.409000e-05	3.542525e-02	-1.232060e+01
4.410000e-05	4.198389e-02	-1.225652e+01
4.411000e-05	4.218895e-02	-1.218542e+01
4.412000e-05	3.310666e-02	-1.212076e+01
4.413000e-05	2.921348e-02	-1.208963e+01
4.414000e-05	3.398058e-02	-1.197739e+01
4.415000e-05	3.745838e-02	-1.194073e+01
4.416000e-05	3.187237e-02	-1.181452e+01
4.417000e-05	2.288783e-02	-1.172921e+01
4.418000e-05	2.284887e-02	-1.161644e+01
4.419000e-05	2.725426e-02	-1.153220e+01
4.420000e-05	2.785127e-02	-1.141639e+01
4.421000e-05	1.900286e-02	-1.134760e+01
4.422000e-05	1.432573e-02	-1.115239e+01
4.423000e-05	1.725382e-02	-1.104797e+01
4.424000e-05	2.083796e-02	-1.092079e+01
4.425000e-05	1.700325e-02	-1.086950e+01
4.426000e-05	1.049717e-02	-1.074226e+01
4.427000e-05	1.071241e-02	-1.062597e+01
4.428000e-05	1.476721e-02	-1.048966e+01
4.429000e-05	1.554426e-02	-1.037275e+01
4.430000e-05	1.035277e-02	-1.020394e+01
4.431000e-05	5.773059e-03	-1.005860e+01
4.432000e-05	6.662991e-03	-9.942234e+00
4.433000e-05	9.717806e-03	-9.795891e+00
4.434000e-05	9.217552e-03	-9.649624e+00
4.435000e-05	5.457203e-03	-9.519128e+00
4.436000e-05	3.799852e-03	-9.330759e+00
4.437000e-05	5.586623e-03	-9.194838e+00
4.438000e-05	8.203991e-03	-9.026993e+00
4.439000e-05	4.905709e-03	-8.869625e+00
4.440000e-05	2.263519e-03	-8.700670e+00
4.441000e-05	1.399574e-03	-8.471654e+00
4.442000e-05	3.956989e-03	-8.382760e+00
4.443000e-05	4.196870e-03	-8.154863e+00
4.444000e-05	2.292907e-03	-8.017442e+00
4.445000e-05	-2.226323e-04	-7.762786e+00
4.446000e-05	2.111694e-03	-7.564289e+00
4.447000e-05	3.718304e-03	-7.415368e+00
4.448000e-05	2.412901e-03	-7.218943e+00
4.449000e-05	-8.797200e-04	-6.983439e+00
4.450000e-05	-2.044589e-03	-6.794917e+00
4.451000e-05	4.737107e-04	-6.616391e+00
4.452000e-05	1.578996e-03	-6.377499e+00
4.453000e-05	-9.148422e-04	-6.252914e+00
4.454000e-05	-2.982134e-03	-5.964813e+00
4.455000e-05	-2.087841e-03	-5.765338e+00
4.456000e-05	-4.533758e-04	-5.596369e+00
4.457000e-05	-7.101145e-05	-5.332762e+00
4.458000e-05	-3.971937e-03	-5.091679e+00
4.459000e-05	-2.620358e-03	-4.856014e+00
4.460000e-05	-3.255674e-03	-4.586370e+00
4.461000e-05	9.736621e-04	-4.429450e+00
4.462000e-05	-3.580714e-03	-4.237999e+00
4.463000e-05	-3.333838e-03	-4.008049e+00
4.464000e-05	-4.363838e-03	-3.775893e+00
4.465000e-05	-3.083617e-03	-3.575888e+00
4.466000e-05	-3.053541e-03	-3.344759e+00
4.467000e-05	-5.597040e-03	-3.133287e+00
4.468000e-05	-4.504770e-03	-2.850030e+00
4.469000e-05	-5.172847e-03	-2.680553e+00
4.470000e-05	-1.183691e-03	-2.460005e+00
4.471000e-05	-5.050778e-03	-2.247416e+00
4.472000e-05	-4.133131e-03	-1.966338e+00
4.473000e-05	-6.091935e-03	-1.745816e+00
4.474000e-05	-4.532377e-03	-1.575240e+00
4.475000e-05	-5.898237e-03	-1.219999e+00
4.476000e-05	-6.743044e-03	-9.964175e-01
4.477000e-05	-6.974582e-03	-7.894713e-01
4.478000e-05	-3.836192e-03	-5.027869e-01
4.479000e-05	-2.215495e-03	-2.932055e-01
4.480000e-05	-4.458109e-03	-9.218674e-02
4.481000e-05	1.593437e-03	1.299208e-01
4.482000e-05	-8.456538e-04	3.615499e-01
4.483000e-05	-1.105480e-03	5.629512e-01
4.484000e-05	-1.812140e-03	7.719460e-01
4.485000e-05	-6.963910e-03	1.040557e+00
4.486000e-05	-4.765935e-03	1.292710e+00
4.487000e-05	8.254613e-04	1.454767e+00
4.488000e-05	1.311638e-02	1.729347e+00
4.489000e-05	6.504619e-02	1.968900e+00
4.490000e-05	2.932917e-02	2.212075e+00
4.491000e-05	-7.463186e-02	2.435659e+00
4.492000e-05	-2.415198e-02	2.750894e+00
4.493000e-05	-4.017170e-02	2.946866e+00
4.494000e-05	-8.723512e-02	3.103733e+00
4.495000e-05	5.916484e-02	3.232179e+00
4.496000e-05	7.618673e-02	3.505271e+00
4.497000e-05	-1.853716e-01	3.713759e+00
4.498000e-05	2.060815e-01	3.895285e+00
4.499000e-05	-6.976447e-02	4.207941e+00
4.500000e-05	-1.102829e-02	4.358951e+00
4.501000e-05	6.009230e-02	4.579502e+00
4.502000e-05	-1.175958e-01	4.789001e+00
4.503000e-05	2.755349e-02	5.043161e+00
4.504000e-05	6.302996e-03	5.346819e+00
4.505000e-05	-1.230294e-02	5.536343e+00
4.506000e-05	2.419695e-02	5.756418e+00
4.507000e-05	-5.700118e-02	5.978073e+00
4.508000e-05	2.370132e-02	6.146947e+00
4.509000e-05	-1.113752e-02	6.367922e+00
4.510000e-05	3.557296e-03	6.544940e+00
4.511000e-05	-1.359178e-02	6.811052e+00
4.512000e-05	-4.397938e-02	6.978101e+00
4.513000e-05	6.142118e-02	7.168924e+00
4.514000e-05	-4.546296e-02	7.364967e+00
4.515000e-05	7.071135e-03	7.549397e+00
4.516000e-05	-2.797636e-02	7.809977e+00
4.517000e-05	-2.584571e-02	8.037521e+00
4.518000e-05	3.158541e-02	8.198002e+00
4.519000e-05	-2.531684e-02	8.376548e+00
4.520000e-05	3.949038e-03	8.494291e+00
4.521000e-05	-3.813654e-02	8.672235e+00
4.522000e-05	1.307013e-02	8.819525e+00
4.523000e-05	-4.557437e-03	9.004451e+00
4.524000e-05	-2.163825e-02	9.167473e+00
4.525000e-05	-1.866355e-02	9.303942e+00
4.526000e-05	-2.757210e-02	9.481758e+00
4.527000e-05	1.769049e-02	9.589603e+00
4.528000e-05	-1.642058e-02	9.765516e+00
4.529000e-05	-1.094543e-02	9.914917e+00
4.530000e-05	-2.965919e-02	1.008221e+01
4.531000e-05	-3.896274e-03	1.021057e+01
4.532000e-05	-4.965348e-03	1.032337e+01
4.533000e-05	-1.631577e-02	1.046113e+01
4.534000e-05	-2.569945e-02	1.057550e+01
4.535000e-05	-2.302397e-02	1.070687e+01
4.536000e-05	-1.499314e-03	1.087015e+01
4.537000e-05	-1.352743e-02	1.097542e+01
4.538000e-05	-1.929141e-02	1.106066e+01
4.539000e-05	-2.894133e-02	1.114544e+01
4.540000e-05	-9.465007e-03	1.129118e+01
4.541000e-05	-1.035456e-02	1.143402e+01
4.542000e-05	-1.720353e-02	1.151083e+01
4.543000e-05	-2.992514e-02	1.162900e+01
4.544000e-05	-2.625665e-02	1.173229e+01
4.545000e-05	-1.341577e-02	1.178744e+01
4.546000e-05	-1.615006e-02	1.187071e+01
4.547000e-05	-2.303707e-02	1.192382e+01
4.548000e-05	-3.037064e-02	1.198742e+01
4.549000e-05	-1.782859e-02	1.207008e+01
4.550000e-05	-1.574373e-02	1.212184e+01
4.551000e-05	-2.074402e-02	1.220504e+01
4.552000e-05	-3.440485e-02	1.228715e+01
4.553000e-05	-3.149960e-02	1.232268e+01
4.554000e-05	-2.283725e-02	1.234276e+01
4.555000e-05	-2.288984e-02	1.238599e+01
4.556000e-05	-2.946753e-02	1.243860e+01
4.557000e-05	-3.700628e-02	1.249006e+01
4.558000e-05	-2.732304e-02	1.249923e+01
4.559000e-05	-2.527575e-02	1.247066e+01
4.560000e-05	-2.804522e-02	1.248126e+01
4.561000e-05	-3.970579e-02	1.256181e+01
4.562000e-05	-3.886750e-02	1.255429e+01
4.563000e-05	-3.361601e-02	1.256231e+01
4.564000e-05	-3.293897e-02	1.254129e+01
4.565000e-05	-3.883530e-02	1.254229e+01
4.566000e-05	-4.675982e-02	1.257078e+01
4.567000e-05	-4.139462e-02	1.254234e+01
4.568000e-05	-3.819614e-02	1.250068e+01
4.569000e-05	-3.813687e-02	1.249018e+01
4.570000e-05	-4.746878e-02	1.247060e+01
4.571000e-05	-4.796907e-02	1.240847e+01
4.572000e-05	-4.549275e-02	1.235487e+01
4.573000e-05	-4.291577e-02	1.233179e+01
4.574000e-05	-4.673024e-02	1.224722e+01
4.575000e-05	-5.272663e-02	1.222357e+01
4.576000e-05	-4.916276e-02	1.218236e+01
4.577000e-05	-4.348975e-02	1.211021e+01
4.578000e-05	-3.873627e-02	1.203945e+01
4.579000e-05	-4.367385e-02	1.195386e+01
4.580000e-05	-4.311604e-02	1.192873e+01
4.581000e-05	-4.000571e-02	1.184649e+01
4.582000e-05	-3.407189e-02	1.179391e+01
4.583000e-05	-3.527552e-02	1.168657e+01
4.584000e-05	-3.932264e-02	1.157291e+01
4.585000e-05	-3.487254e-02	1.146397e+01
4.586000e-05	-2.894228e-02	1.130069e+01
4.587000e-05	-2.518926e-02	1.121750e+01
4.588000e-05	-2.775320e-02	1.112174e+01
4.589000e-05	-2.938704e-02	1.101644e+01
4.590000e-05	-2.439605e-02	1.093171e+01
4.591000e-05	-2.300599e-02	1.081797e+01
4.592000e-05	-2.140303e-02	1.069911e+01
4.593000e-05	-2.537272e-02	1.058131e+01
4.594000e-05	-2.207923e-02	1.039649e+01
4.595000e-05	-1.970252e-02	1.028021e+01
4.596000e-05	-1.603021e-02	1.016229e+01
4.597000e-05	-1.940689e-02	1.002747e+01
4.598000e-05	-1.927774e-02	9.857049e+00
4.599000e-05	-1.802337e-02	9.678657e+00
4.600000e-05	-1.319264e-02	9.553838e+00
4.601000e-05	-1.471741e-02	9.395395e+00
4.602000e-05	-1.657271e-02	9.259633e+00
4.603000e-05	-1.666073e-02	9.141209e+00
4.604000e-05	-1.467505e-02	8.980338e+00
4.605000e-05	-1.135314e-02	8.764316e+00
4.606000e-05	-1.442330e-02	8.605470e+00
4.607000e-05	-1.433257e-02	8.479102e+00
4.608000e-05	-1.385899e-02	8.299629e+00
4.609000e-05	-9.987201e-03	8.079680e+00
4.610000e-05	-1.075839e-02	7.921752e+00
4.611000e-05	-1.150435e-02	7.721735e+00
4.612000e-05	-1.285036e-02	7.510187e+00
4.613000e-05	-1.097408e-02	7.271634e+00
4.614000e-05	-9.179477e-03	7.111160e+00
4.615000e-05	-1.035041e-02	6.942711e+00
4.616000e-05	-1.057950e-02	6.742284e+00
4.617000e-05	-1.075791e-02	6.530703e+00
4.618000e-05	-8.523017e-03	6.323209e+00
4.619000e-05	-8.267031e-03	6.133267e+00
4.620000e-05	-8.604997e-03	5.973812e+00
4.621000e-05	-8.890414e-03	5.701189e+00
4.622000e-05	-9.767635e-03	5.532208e+00
4.623000e-05	-8.909775e-03	5.311133e+00
4.624000e-05	-8.409519e-03	5.056449e+00
4.625000e-05	-8.401950e-03	4.775867e+00
4.626000e-05	-7.909160e-03	4.576440e+00
4.627000e-05	-8.271341e-03	4.397895e+00
4.628000e-05	-7.111957e-03	4.143257e+00
4.629000e-05	-6.609499e-03	3.931734e+00
4.630000e-05	-6.758905e-03	3.722755e+00
4.631000e-05	-7.167929e-03	3.513130e+00
4.632000e-05	-7.868711e-03	3.218529e+00
4.633000e-05	-6.751804e-03	3.088499e+00
4.634000e-05	-5.937205e-03	2.819476e+00
4.635000e-05	-6.761621e-03	2.605417e+00
4.636000e-05	-7.243465e-03	2.356211e+00
4.637000e-05	-6.523815e-03	2.142262e+00
4.638000e-05	-5.421396e-03	1.944741e+00
4.639000e-05	-6.102115e-03	1.711605e+00
4.640000e-05	-6.012284e-03	1.429004e+00
4.641000e-05	-5.668757e-03	1.196796e+00
4.642000e-05	-5.163167e-03	9.101330e-01
4.643000e-05	-4.489449e-03	6.511093e-01
4.644000e-05	-5.270736e-03	4.710040e-01
4.645000e-05	-4.733892e-03	2.684754e-01
4.646000e-05	-4.413416e-03	-1.265138e-02
4.647000e-05	3.186978e-03	-2.032302e-01
4.648000e-05	4.116721e-03	-4.015562e-01
4.649000e-05	-3.929033e-03	-6.873653e-01
4.650000e-05	1.875619e-03	-8.953118e-01
4.651000e-05	-3.466615e-03	-1.106309e+00
4.652000e-05	1.441803e-04	-1.305858e+00
4.653000e-05	-1.148519e-03	-1.580474e+00
4.654000e-05	3.445463e-02	-1.749918e+00
4.655000e-05	1.024319e-01	-1.960475e+00
4.656000e-05	-7.762024e-02	-2.349995e+00
4.657000e-05	-2.184852e-03	-2.634735e+00
4.658000e-05	-6.328933e-02	-2.831628e+00
4.659000e-05	-8.431624e-02	-3.033654e+00
4.660000e-05	9.313841e-02	-3.186445e+00
4.661000e-05	6.401372e-02	-3.307992e+00
4.662000e-05	-1.928573e-01	-3.610526e+00
4.663000e-05	2.274723e-01	-3.696367e+00
4.664000e-05	-1.545080e-01	-4.021579e+00
4.665000e-05	5.141027e-02	-4.294837e+00
4.666000e-05	1.106947e-01	-4.420604e+00
4.667000e-05	-2.095439e-01	-4.694814e+00
4.668000e-05	7.929566e-02	-4.902732e+00
4.669000e-05	4.166503e-03	-5.065885e+00
4.670000e-05	-2.325401e-02	-5.451710e+00
4.671000e-05	1.393706e-01	-5.599026e+00
4.672000e-05	-1.785710e-01	-5.811680e+00
4.673000e-05	1.249502e-01	-6.030478e+00
4.674000e-05	-3.068910e-02	-6.220649e+00
4.675000e-05	-7.162293e-03	-6.472279e+00
4.676000e-05	4.995419e-02	-6.639652e+00
4.677000e-05	-1.348731e-01	-6.892683e+00
4.678000e-05	1.783840e-01	-7.083659e+00
4.679000e-05	-1.002995e-01	-7.282760e+00
4.680000e-05	6.680764e-02	-7.492206e+00
4.681000e-05	-2.364114e-02	-7.651077e+00
4.682000e-05	-6.402326e-02	-7.915239e+00
4.683000e-05	1.260082e-01	-8.072756e+00
4.684000e-05	-8.455911e-02	-8.260731e+00
4.685000e-05	8.976512e-02	-8.389001e+00
4.686000e-05	-8.606298e-02	-8.536993e+00
4.687000e-05	5.471959e-02	-8.799523e+00
4.688000e-05	2.461050e-02	-8.935364e+00
4.689000e-05	-3.231167e-02	-9.115338e+00
4.690000e-05	3.305534e-02	-9.230127e+00
4.691000e-05	-6.350994e-02	-9.408571e+00
4.692000e-05	1.005892e-01	-9.579053e+00
4.693000e-05	-3.426321e-02	-9.703838e+00
4.694000e-05	3.863608e-02	-9.851730e+00
4.695000e-05	-3.555184e-02	-9.988022e+00
4.696000e-05	2.153342e-02	-1.018341e+01
4.697000e-05	2.893443e-02	-1.032479e+01
4.698000e-05	-8.967925e-03	-1.044975e+01
4.699000e-05	1.447923e-02	-1.057644e+01
4.700000e-05	-2.117756e-02	-1.068228e+01
4.701000e-05	5.273755e-02	-1.081899e+01
4.702000e-05	2.148943e-03	-1.092081e+01
4.703000e-05	1.896370e-02	-1.105950e+01
4.704000e-05	-1.781767e-02	-1.111474e+01
4.705000e-05	2.079776e-02	-1.131065e+01
4.706000e-05	2.231021e-02	-1.135538e+01
4.707000e-05	1.434567e-02	-1.149166e+01
4.708000e-05	2.842725e-03	-1.156544e+01
4.709000e-05	2.473853e-04	-1.172173e+01
4.710000e-05	3.053196e-02	-1.180654e+01
4.711000e-05	2.180033e-02	-1.189028e+01
4.712000e-05	1.566095e-02	-1.194642e+01
4.713000e-05	-1.182137e-03	-1.205018e+01
4.714000e-05	1.787178e-02	-1.213326e+01
4.715000e-05	2.752847e-02	-1.220544e+01
4.716000e-05	2.176459e-02	-1.224907e+01
4.717000e-05	4.987257e-03	-1.227010e+01
4.718000e-05	9.827929e-03	-1.235376e+01
4.719000e-05	2.449505e-02	-1.237641e+01
4.720000e-05	3.137894e-02	-1.240750e+01
4.721000e-05	2.047878e-02	-1.246857e+01
4.722000e-05	1.020770e-02	-1.251080e+01
4.723000e-05	2.058395e-02	-1.255226e+01
4.724000e-05	3.438376e-02	-1.256279e+01
4.725000e-05	3.112443e-02	-1.261292e+01
4.726000e-05	1.630271e-02	-1.260606e+01
4.727000e-05	1.685712e-02	-1.262399e+01
4.728000e-05	2.882359e-02	-1.264505e+01
4.729000e-05	3.945057e-02	-1.266554e+01
4.730000e-05	2.963087e-02	-1.264502e+01
4.731000e-05	2.092335e-02	-1.263449e+01
4.732000e-05	2.746955e-02	-1.263597e+01
4.733000e-05	4.210022e-02	-1.261344e+01
4.734000e-05	4.148396e-02	-1.260134e+01
4.735000e-05	3.224708e-02	-1.256233e+01
4.736000e-05	2.850366e-02	-1.251021e+01
4.737000e-05	3.881563e-02	-1.248008e+01
4.738000e-05	4.605513e-02	-1.241702e+01
4.739000e-05	3.952966e-02	-1.240594e+01
4.740000e-05	3.044355e-02	-1.237284e+01
4.741000e-05	3.478142e-02	-1.232163e+01
4.742000e-05	4.525669e-02	-1.224660e+01
4.743000e-05	4.576574e-02	-1.222599e+01
4.744000e-05	3.492562e-02	-1.214231e+01
4.745000e-05	2.795557e-02	-1.210113e+01
4.746000e-05	3.227483e-02	-1.198745e+01
4.747000e-05	3.670951e-02	-1.193065e+01
4.748000e-05	3.076208e-02	-1.184700e+01
4.749000e-05	2.157175e-02	-1.180086e+01
4.750000e-05	2.167145e-02	-1.160694e+01
4.751000e-05	2.962649e-02	-1.151171e+01
4.752000e-05	2.994687e-02	-1.138341e+01
4.753000e-05	2.058874e-02	-1.133963e+01
4.754000e-05	1.375178e-02	-1.113224e+01
4.755000e-05	1.688688e-02	-1.107010e+01
4.756000e-05	2.131908e-02	-1.095281e+01
4.757000e-05	1.874626e-02	-1.085900e+01
4.758000e-05	1.041784e-02	-1.075229e+01
4.759000e-05	9.173946e-03	-1.062702e+01
4.760000e-05	1.487866e-02	-1.050075e+01
4.761000e-05	1.722949e-02	-1.037336e+01
4.762000e-05	1.098769e-02	-1.021242e+01
4.763000e-05	4.747866e-03	-1.004908e+01
4.764000e-05	6.684255e-03	-9.941756e+00
4.765000e-05	1.118505e-02	-9.796466e+00
4.766000e-05	9.601361e-03	-9.678026e+00
4.767000e-05	3.373745e-03	-9.501582e+00
4.768000e-05	2.360153e-03	-9.352283e+00
4.769000e-05	5.968214e-03	-9.174842e+00
4.770000e-05	1.025608e-02	-9.038470e+00
4.771000e-05	6.071939e-03	-8.849050e+00
4.772000e-05	2.483904e-04	-8.731154e+00
4.773000e-05	2.087865e-03	-8.530608e+00
4.774000e-05	5.624840e-03	-8.331761e+00
4.775000e-05	5.384461e-03	-8.185366e+00
4.776000e-05	-4.301273e-04	-8.047045e+00
4.777000e-05	-1.747781e-03	-7.813363e+00
4.778000e-05	1.775568e-03	-7.574913e+00
4.779000e-05	4.507198e-03	-7.404890e+00
4.780000e-05	3.280016e-03	-7.247469e+00
4.781000e-05	-1.990530e-03	-7.033845e+00
4.782000e-05	-7.377734e-04	-6.785846e+00
4.783000e-05	2.400168e-03	-6.567416e+00
4.784000e-05	2.653928e-03	-6.397451e+00
4.785000e-05	-2.094655e-03	-6.195889e+00
4.786000e-05	-4.777868e-03	-5.986421e+00
4.787000e-05	-1.213512e-03	-5.785418e+00
4.788000e-05	5.683260e-04	-5.606443e+00
4.789000e-05	1.178092e-04	-5.353314e+00
4.790000e-05	-5.606063e-03	-5.122631e+00
4.791000e-05	-2.031194e-03	-4.858475e+00
4.792000e-05	-1.838615e-03	-4.637995e+00
4.793000e-05	1.352792e-03	-4.428474e+00
4.794000e-05	-5.278390e-03	-4.247525e+00
4.795000e-05	-4.563734e-03	-4.048525e+00
4.796000e-05	-4.511467e-03	-3.765941e+00
4.797000e-05	-1.608127e-03	-3.565315e+00
4.798000e-05	-2.342630e-03	-3.325365e+00
4.799000e-05	-5.709662e-03	-3.175363e+00
4.800000e-05	-5.203618e-03	-2.891105e+00
4.801000e-05	-3.531705e-03	-2.681078e+00
4.802000e-05	-1.263312e-04	-2.429629e+00
4.803000e-05	-5.304608e-03	-2.227444e+00
4.804000e-05	-5.250862e-03	-1.976894e+00
4.805000e-05	-5.847517e-03	-1.756317e+00
4.806000e-05	-3.350816e-03	-1.534762e+00
4.807000e-05	-6.444995e-03	-1.229552e+00
4.808000e-05	-6.831295e-03	-9.979462e-01
4.809000e-05	-8.732069e-03	-8.099238e-01
4.810000e-05	-3.702704e-03	-5.642123e-01
4.811000e-05	-1.263850e-03	-3.337571e-01
4.812000e-05	-4.678628e-03	-9.361060e-02
4.813000e-05	1.421416e-03	7.589171e-02
4.814000e-05	4.657203e-04	3.894748e-01
4.815000e-05	5.441150e-05	5.799233e-01
4.816000e-05	-8.457998e-04	7.679236e-01
4.817000e-05	-6.565068e-03	9.900249e-01
4.818000e-05	-4.890695e-03	1.263160e+00
4.819000e-05	9.705072e-04	1.474236e+00
4.820000e-05	1.161829e-02	1.748370e+00
4.821000e-05	6.059657e-02	1.938848e+00
4.822000e-05	3.813808e-02	2.179978e+00
4.823000e-05	-7.648333e-02	2.422205e+00
4.824000e-05	-2.231483e-02	2.747297e+00
4.825000e-05	-4.069113e-02	2.947271e+00
4.826000e-05	-8.284939e-02	3.063184e+00
4.827000e-05	4.093667e-02	3.221629e+00
4.828000e-05	9.842294e-02	3.506265e+00
4.829000e-05	-1.971541e-01	3.673261e+00
4.830000e-05	1.987402e-01	3.823790e+00
4.831000e-05	-5.463325e-02	4.148967e+00
4.832000e-05	-2.187234e-02	4.337448e+00
4.833000e-05	6.779917e-02	4.557950e+00
4.834000e-05	-1.121100e-01	4.799101e+00
4.835000e-05	1.711655e-02	4.993559e+00
4.836000e-05	1.586992e-02	5.345319e+00
4.837000e-05	-1.899705e-02	5.514917e+00
4.838000e-05	2.643716e-02	5.734939e+00
4.839000e-05	-5.674685e-02	5.959923e+00
4.840000e-05	1.450810e-02	6.146818e+00
4.841000e-05	-5.123053e-03	6.346444e+00
4.842000e-05	-2.594006e-03	6.546395e+00
4.843000e-05	-3.265973e-03	6.749551e+00
4.844000e-05	-4.994896e-02	6.997570e+00
4.845000e-05	6.617230e-02	7.156921e+00
4.846000e-05	-4.235628e-02	7.336412e+00
4.847000e-05	1.621646e-03	7.547849e+00
4.848000e-05	-2.552969e-02	7.790572e+00
4.849000e-05	-3.187701e-02	8.006549e+00
4.850000e-05	3.238654e-02	8.199051e+00
4.851000e-05	-2.257673e-02	8.336344e+00
4.852000e-05	5.333836e-03	8.492312e+00
4.853000e-05	-3.611634e-02	8.649707e+00
4.854000e-05	1.015087e-02	8.810600e+00
4.855000e-05	-6.128215e-03	9.005967e+00
4.856000e-05	-2.353243e-02	9.185474e+00
4.857000e-05	-2.052765e-02	9.344841e+00
4.858000e-05	-2.622458e-02	9.482180e+00
4.859000e-05	1.875696e-02	9.588024e+00
4.860000e-05	-1.297604e-02	9.763918e+00
4.861000e-05	-9.711441e-03	9.934791e+00
4.862000e-05	-2.934022e-02	1.006058e+01
4.863000e-05	-5.620626e-03	1.021803e+01
4.864000e-05	-7.067211e-03	1.037434e+01
4.865000e-05	-1.608720e-02	1.043070e+01
4.866000e-05	-2.617304e-02	1.059652e+01
4.867000e-05	-2.085551e-02	1.071472e+01
4.868000e-05	-1.156320e-03	1.086060e+01
4.869000e-05	-1.068922e-02	1.098337e+01
4.870000e-05	-1.973865e-02	1.107018e+01
4.871000e-05	-3.017937e-02	1.117481e+01
4.872000e-05	-1.253883e-02	1.127965e+01
4.873000e-05	-1.172819e-02	1.141297e+01
4.874000e-05	-1.590422e-02	1.148267e+01
4.875000e-05	-2.883861e-02	1.161952e+01
4.876000e-05	-2.509295e-02	1.170036e+01
4.877000e-05	-1.244096e-02	1.179442e+01
4.878000e-05	-1.453931e-02	1.184908e+01
4.879000e-05	-2.268575e-02	1.193236e+01
4.880000e-05	-3.014955e-02	1.199704e+01
4.881000e-05	-1.972578e-02	1.203956e+01
4.882000e-05	-1.700851e-02	1.213174e+01
4.883000e-05	-2.080246e-02	1.220347e+01
4.884000e-05	-3.391436e-02	1.226465e+01
4.885000e-05	-3.121574e-02	1.232078e+01
4.886000e-05	-2.348393e-02	1.235126e+01
4.887000e-05	-2.196094e-02	1.238550e+01
4.888000e-05	-2.818263e-02	1.242852e+01
4.889000e-05	-3.614153e-02	1.248965e+01
4.890000e-05	-2.735685e-02	1.248120e+01
4.891000e-05	-2.528076e-02	1.252118e+01
4.892000e-05	-2.880953e-02	1.252131e+01
4.893000e-05	-4.049754e-02	1.258289e+01
4.894000e-05	-3.914548e-02	1.253239e+01
4.895000e-05	-3.410188e-02	1.256376e+01
4.896000e-05	-3.120728e-02	1.252286e+01
4.897000e-05	-3.752997e-02	1.258281e+01
4.898000e-05	-4.535748e-02	1.252181e+01
4.899000e-05	-4.011174e-02	1.252074e+01
4.900000e-05	-3.909628e-02	1.253071e+01
4.901000e-05	-3.997886e-02	1.248865e+01
4.902000e-05	-5.046215e-02	1.246058e+01
4.903000e-05	-4.943840e-02	1.242505e+01
4.904000e-05	-4.474322e-02	1.239642e+01
4.905000e-05	-3.997048e-02	1.234030e+01
4.906000e-05	-4.580368e-02	1.229870e+01
4.907000e-05	-5.152539e-02	1.228399e+01
4.908000e-05	-4.763434e-02	1.220126e+01
4.909000e-05	-4.302606e-02	1.210023e+01
4.910000e-05	-4.015763e-02	1.203707e+01
4.911000e-05	-4.629102e-02	1.198534e+01
4.912000e-05	-4.438006e-02	1.190116e+01
4.913000e-05	-4.019985e-02	1.185750e+01
4.914000e-05	-3.406697e-02	1.177231e+01
4.915000e-05	-3.385001e-02	1.167915e+01
4.916000e-05	-3.839171e-02	1.154174e+01
4.917000e-05	-3.341357e-02	1.148407e+01
4.918000e-05	-2.667506e-02	1.128031e+01
4.919000e-05	-2.583771e-02	1.124395e+01
4.920000e-05	-2.920097e-02	1.112133e+01
4.921000e-05	-3.243873e-02	1.100649e+01
4.922000e-05	-2.776506e-02	1.094278e+01
4.923000e-05	-2.336409e-02	1.082847e+01
4.924000e-05	-1.765381e-02	1.071915e+01
4.925000e-05	-2.315799e-02	1.057133e+01
4.926000e-05	-2.010070e-02	1.043644e+01
4.927000e-05	-1.897992e-02	1.028970e+01
4.928000e-05	-1.394479e-02	1.017281e+01
4.929000e-05	-2.152840e-02	1.000755e+01
4.930000e-05	-2.372076e-02	9.888042e+00
4.931000e-05	-2.180748e-02	9.718259e+00
4.932000e-05	-1.401890e-02	9.583341e+00
4.933000e-05	-1.208940e-02	9.436570e+00
4.934000e-05	-1.401906e-02	9.269603e+00
4.935000e-05	-1.459662e-02	9.109683e+00
4.936000e-05	-1.357471e-02	8.971835e+00
4.937000e-05	-1.055780e-02	8.795318e+00
4.938000e-05	-1.465065e-02	8.616441e+00
4.939000e-05	-1.694081e-02	8.459076e+00
4.940000e-05	-1.589088e-02	8.331250e+00
4.941000e-05	-9.661756e-03	8.101258e+00
4.942000e-05	-7.555143e-03	7.941233e+00
4.943000e-05	-1.040932e-02	7.740783e+00
4.944000e-05	-1.234594e-02	7.570236e+00
4.945000e-05	-1.129181e-02	7.300758e+00
4.946000e-05	-8.922245e-03	7.131712e+00
4.947000e-05	-1.125649e-02	6.923733e+00
4.948000e-05	-1.292451e-02	6.773840e+00
4.949000e-05	-1.275380e-02	6.530680e+00
4.950000e-05	-8.411742e-03	6.353264e+00
4.951000e-05	-5.776245e-03	6.152266e+00
4.952000e-05	-8.193052e-03	5.984338e+00
4.953000e-05	-1.047109e-02	5.700306e+00
4.954000e-05	-9.176361e-03	5.561236e+00
4.955000e-05	-5.922122e-03	5.310159e+00
4.956000e-05	-7.633276e-03	5.085945e+00
4.957000e-05	-9.522871e-03	4.796850e+00
4.958000e-05	-1.068362e-02	4.614847e+00
4.959000e-05	-5.774535e-03	4.397420e+00
4.960000e-05	-6.128116e-03	4.163387e+00
4.961000e-05	-7.060696e-03	3.932684e+00
4.962000e-05	-8.917267e-03	3.732812e+00
4.963000e-05	-8.238346e-03	3.543785e+00
4.964000e-05	-5.522523e-03	3.258179e+00
4.965000e-05	-4.712455e-03	3.069523e+00
4.966000e-05	-7.122306e-03	2.838951e+00
4.967000e-05	-7.920183e-03	2.636618e+00
4.968000e-05	-6.034621e-03	2.354218e+00
4.969000e-05	-4.131500e-03	2.113712e+00
4.970000e-05	-5.298266e-03	1.954238e+00
4.971000e-05	-7.950584e-03	1.690232e+00
4.972000e-05	-6.290278e-03	1.419000e+00
4.973000e-05	-4.545993e-03	1.216949e+00
4.974000e-05	-3.408415e-03	9.032094e-01
4.975000e-05	-5.555935e-03	7.026807e-01
4.976000e-05	-6.894148e-03	4.501056e-01
4.977000e-05	-4.363254e-03	2.390292e-01
4.978000e-05	-2.926427e-03	-1.028754e-03
4.979000e-05	1.189561e-03	-2.216538e-01
4.980000e-05	2.715696e-03	-4.310512e-01
4.981000e-05	-6.004868e-03	-6.567405e-01
4.982000e-05	3.832423e-03	-8.547080e-01
4.983000e-05	-2.733780e-03	-1.066263e+00
4.984000e-05	8.982748e-04	-1.275288e+00
4.985000e-05	-2.531934e-03	-1.559999e+00
4.986000e-05	3.234204e-02	-1.749393e+00
4.987000e-05	1.069291e-01	-1.939971e+00
4.988000e-05	-7.025470e-02	-2.329897e+00
4.989000e-05	-8.178202e-03	-2.652663e+00
4.990000e-05	-6.184239e-02	-2.820659e+00
4.991000e-05	-8.150162e-02	-3.050680e+00
4.992000e-05	7.399467e-02	-3.147969e+00
4.993000e-05	9.111639e-02	-3.305338e+00
4.994000e-05	-2.064801e-01	-3.570025e+00
4.995000e-05	2.249075e-01	-3.704862e+00
4.996000e-05	-1.321491e-01	-3.980026e+00
4.997000e-05	2.561182e-02	-4.274184e+00
4.998000e-05	1.286264e-01	-4.412104e+00
4.999000e-05	-2.065714e-01	-4.675344e+00
